sexo,edad,tasa_de_riesgo_de_pobreza_o_exclusion_social_y_sus_componentes,periodo,total
Ambos sexos,Total,Tasa de riesgo de pobreza o exclusión social (indicador AROPE),2023,"26,9"
Ambos sexos,Total,Tasa de riesgo de pobreza o exclusión social (indicador AROPE),2022,"26,3"
Ambos sexos,Total,Tasa de riesgo de pobreza o exclusión social (indicador AROPE),2021,"27,6"
Ambos sexos,Total,Tasa de riesgo de pobreza o exclusión social (indicador AROPE),2020,"26,4"
Ambos sexos,Total,Tasa de riesgo de pobreza o exclusión social (indicador AROPE),2019,"25,3"
Ambos sexos,Total,Tasa de riesgo de pobreza o exclusión social (indicador AROPE),2018,"26,1"
Ambos sexos,Total,Tasa de riesgo de pobreza o exclusión social (indicador AROPE),2017,"26,6"
Ambos sexos,Total,Tasa de riesgo de pobreza o exclusión social (indicador AROPE),2016,"27,9"
Ambos sexos,Total,Tasa de riesgo de pobreza o exclusión social (indicador AROPE),2015,"28,6"
Ambos sexos,Total,Tasa de riesgo de pobreza o exclusión social (indicador AROPE),2014,"29,2"
Ambos sexos,Total,Tasa de riesgo de pobreza o exclusión social (indicador AROPE),2013,"27,3"
Ambos sexos,Total,Tasa de riesgo de pobreza o exclusión social (indicador AROPE),2012,"27,2"
Ambos sexos,Total,Tasa de riesgo de pobreza o exclusión social (indicador AROPE),2011,"26,7"
Ambos sexos,Total,Tasa de riesgo de pobreza o exclusión social (indicador AROPE),2010,"26,1"
Ambos sexos,Total,En riesgo de pobreza (renta año anterior a la entrevista),2023,"20,2"
Ambos sexos,Total,En riesgo de pobreza (renta año anterior a la entrevista),2022,"20,4"
Ambos sexos,Total,En riesgo de pobreza (renta año anterior a la entrevista),2021,"21,7"
Ambos sexos,Total,En riesgo de pobreza (renta año anterior a la entrevista),2020,"21,0"
Ambos sexos,Total,En riesgo de pobreza (renta año anterior a la entrevista),2019,"20,7"
Ambos sexos,Total,En riesgo de pobreza (renta año anterior a la entrevista),2018,"21,5"
Ambos sexos,Total,En riesgo de pobreza (renta año anterior a la entrevista),2017,"21,6"
Ambos sexos,Total,En riesgo de pobreza (renta año anterior a la entrevista),2016,"22,3"
Ambos sexos,Total,En riesgo de pobreza (renta año anterior a la entrevista),2015,"22,1"
Ambos sexos,Total,En riesgo de pobreza (renta año anterior a la entrevista),2014,"22,2"
Ambos sexos,Total,En riesgo de pobreza (renta año anterior a la entrevista),2013,"20,4"
Ambos sexos,Total,En riesgo de pobreza (renta año anterior a la entrevista),2012,"20,8"
Ambos sexos,Total,En riesgo de pobreza (renta año anterior a la entrevista),2011,"20,6"
Ambos sexos,Total,En riesgo de pobreza (renta año anterior a la entrevista),2010,"20,7"
Ambos sexos,Total,Con carencia material severa,2023,"8,9"
Ambos sexos,Total,Con carencia material severa,2022,"8,1"
Ambos sexos,Total,Con carencia material severa,2021,"7,3"
Ambos sexos,Total,Con carencia material severa,2020,"7,0"
Ambos sexos,Total,Con carencia material severa,2019,"4,7"
Ambos sexos,Total,Con carencia material severa,2018,"5,4"
Ambos sexos,Total,Con carencia material severa,2017,"5,1"
Ambos sexos,Total,Con carencia material severa,2016,"5,8"
Ambos sexos,Total,Con carencia material severa,2015,"6,4"
Ambos sexos,Total,Con carencia material severa,2014,"7,1"
Ambos sexos,Total,Con carencia material severa,2013,"6,2"
Ambos sexos,Total,Con carencia material severa,2012,"5,8"
Ambos sexos,Total,Con carencia material severa,2011,"4,5"
Ambos sexos,Total,Con carencia material severa,2010,"4,9"
Ambos sexos,Total,Viviendo en hogares con baja intensidad en el trabajo (de 0 a 59 años),2023,"8,5"
Ambos sexos,Total,Viviendo en hogares con baja intensidad en el trabajo (de 0 a 59 años),2022,"8,7"
Ambos sexos,Total,Viviendo en hogares con baja intensidad en el trabajo (de 0 a 59 años),2021,"11,7"
Ambos sexos,Total,Viviendo en hogares con baja intensidad en el trabajo (de 0 a 59 años),2020,"9,9"
Ambos sexos,Total,Viviendo en hogares con baja intensidad en el trabajo (de 0 a 59 años),2019,"10,8"
Ambos sexos,Total,Viviendo en hogares con baja intensidad en el trabajo (de 0 a 59 años),2018,"10,7"
Ambos sexos,Total,Viviendo en hogares con baja intensidad en el trabajo (de 0 a 59 años),2017,"12,8"
Ambos sexos,Total,Viviendo en hogares con baja intensidad en el trabajo (de 0 a 59 años),2016,"14,9"
Ambos sexos,Total,Viviendo en hogares con baja intensidad en el trabajo (de 0 a 59 años),2015,"15,4"
Ambos sexos,Total,Viviendo en hogares con baja intensidad en el trabajo (de 0 a 59 años),2014,"17,1"
Ambos sexos,Total,Viviendo en hogares con baja intensidad en el trabajo (de 0 a 59 años),2013,"15,7"
Ambos sexos,Total,Viviendo en hogares con baja intensidad en el trabajo (de 0 a 59 años),2012,"14,3"
Ambos sexos,Total,Viviendo en hogares con baja intensidad en el trabajo (de 0 a 59 años),2011,"13,4"
Ambos sexos,Total,Viviendo en hogares con baja intensidad en el trabajo (de 0 a 59 años),2010,"10,8"
Ambos sexos,Menores de 16 años,Tasa de riesgo de pobreza o exclusión social (indicador AROPE),2023,"33,5"
Ambos sexos,Menores de 16 años,Tasa de riesgo de pobreza o exclusión social (indicador AROPE),2022,"31,9"
Ambos sexos,Menores de 16 años,Tasa de riesgo de pobreza o exclusión social (indicador AROPE),2021,"32,5"
Ambos sexos,Menores de 16 años,Tasa de riesgo de pobreza o exclusión social (indicador AROPE),2020,"31,2"
Ambos sexos,Menores de 16 años,Tasa de riesgo de pobreza o exclusión social (indicador AROPE),2019,"30,1"
Ambos sexos,Menores de 16 años,Tasa de riesgo de pobreza o exclusión social (indicador AROPE),2018,"28,8"
Ambos sexos,Menores de 16 años,Tasa de riesgo de pobreza o exclusión social (indicador AROPE),2017,"31,0"
Ambos sexos,Menores de 16 años,Tasa de riesgo de pobreza o exclusión social (indicador AROPE),2016,"31,7"
Ambos sexos,Menores de 16 años,Tasa de riesgo de pobreza o exclusión social (indicador AROPE),2015,"33,4"
Ambos sexos,Menores de 16 años,Tasa de riesgo de pobreza o exclusión social (indicador AROPE),2014,"35,4"
Ambos sexos,Menores de 16 años,Tasa de riesgo de pobreza o exclusión social (indicador AROPE),2013,"31,9"
Ambos sexos,Menores de 16 años,Tasa de riesgo de pobreza o exclusión social (indicador AROPE),2012,"31,4"
Ambos sexos,Menores de 16 años,Tasa de riesgo de pobreza o exclusión social (indicador AROPE),2011,"31,6"
Ambos sexos,Menores de 16 años,Tasa de riesgo de pobreza o exclusión social (indicador AROPE),2010,"32,6"
Ambos sexos,Menores de 16 años,En riesgo de pobreza (renta año anterior a la entrevista),2023,"28,5"
Ambos sexos,Menores de 16 años,En riesgo de pobreza (renta año anterior a la entrevista),2022,"27,7"
Ambos sexos,Menores de 16 años,En riesgo de pobreza (renta año anterior a la entrevista),2021,"28,7"
Ambos sexos,Menores de 16 años,En riesgo de pobreza (renta año anterior a la entrevista),2020,"27,6"
Ambos sexos,Menores de 16 años,En riesgo de pobreza (renta año anterior a la entrevista),2019,"27,1"
Ambos sexos,Menores de 16 años,En riesgo de pobreza (renta año anterior a la entrevista),2018,"26,2"
Ambos sexos,Menores de 16 años,En riesgo de pobreza (renta año anterior a la entrevista),2017,"28,1"
Ambos sexos,Menores de 16 años,En riesgo de pobreza (renta año anterior a la entrevista),2016,"28,9"
Ambos sexos,Menores de 16 años,En riesgo de pobreza (renta año anterior a la entrevista),2015,"28,8"
Ambos sexos,Menores de 16 años,En riesgo de pobreza (renta año anterior a la entrevista),2014,"30,1"
Ambos sexos,Menores de 16 años,En riesgo de pobreza (renta año anterior a la entrevista),2013,"26,7"
Ambos sexos,Menores de 16 años,En riesgo de pobreza (renta año anterior a la entrevista),2012,"26,9"
Ambos sexos,Menores de 16 años,En riesgo de pobreza (renta año anterior a la entrevista),2011,"27,2"
Ambos sexos,Menores de 16 años,En riesgo de pobreza (renta año anterior a la entrevista),2010,"28,8"
Ambos sexos,Menores de 16 años,Con carencia material severa,2023,"10,8"
Ambos sexos,Menores de 16 años,Con carencia material severa,2022,"10,1"
Ambos sexos,Menores de 16 años,Con carencia material severa,2021,"8,6"
Ambos sexos,Menores de 16 años,Con carencia material severa,2020,"9,1"
Ambos sexos,Menores de 16 años,Con carencia material severa,2019,"6,1"
Ambos sexos,Menores de 16 años,Con carencia material severa,2018,"6,2"
Ambos sexos,Menores de 16 años,Con carencia material severa,2017,"6,4"
Ambos sexos,Menores de 16 años,Con carencia material severa,2016,"6,8"
Ambos sexos,Menores de 16 años,Con carencia material severa,2015,"9,1"
Ambos sexos,Menores de 16 años,Con carencia material severa,2014,"9,6"
Ambos sexos,Menores de 16 años,Con carencia material severa,2013,"8,4"
Ambos sexos,Menores de 16 años,Con carencia material severa,2012,"7,4"
Ambos sexos,Menores de 16 años,Con carencia material severa,2011,"5,2"
Ambos sexos,Menores de 16 años,Con carencia material severa,2010,"7,2"
Ambos sexos,Menores de 16 años,Viviendo en hogares con baja intensidad en el trabajo (de 0 a 59 años),2023,"7,1"
Ambos sexos,Menores de 16 años,Viviendo en hogares con baja intensidad en el trabajo (de 0 a 59 años),2022,"6,8"
Ambos sexos,Menores de 16 años,Viviendo en hogares con baja intensidad en el trabajo (de 0 a 59 años),2021,"8,8"
Ambos sexos,Menores de 16 años,Viviendo en hogares con baja intensidad en el trabajo (de 0 a 59 años),2020,"7,0"
Ambos sexos,Menores de 16 años,Viviendo en hogares con baja intensidad en el trabajo (de 0 a 59 años),2019,"8,3"
Ambos sexos,Menores de 16 años,Viviendo en hogares con baja intensidad en el trabajo (de 0 a 59 años),2018,"7,3"
Ambos sexos,Menores de 16 años,Viviendo en hogares con baja intensidad en el trabajo (de 0 a 59 años),2017,"9,6"
Ambos sexos,Menores de 16 años,Viviendo en hogares con baja intensidad en el trabajo (de 0 a 59 años),2016,"11,1"
Ambos sexos,Menores de 16 años,Viviendo en hogares con baja intensidad en el trabajo (de 0 a 59 años),2015,"11,6"
Ambos sexos,Menores de 16 años,Viviendo en hogares con baja intensidad en el trabajo (de 0 a 59 años),2014,"14,2"
Ambos sexos,Menores de 16 años,Viviendo en hogares con baja intensidad en el trabajo (de 0 a 59 años),2013,"13,4"
Ambos sexos,Menores de 16 años,Viviendo en hogares con baja intensidad en el trabajo (de 0 a 59 años),2012,"11,8"
Ambos sexos,Menores de 16 años,Viviendo en hogares con baja intensidad en el trabajo (de 0 a 59 años),2011,"11,4"
Ambos sexos,Menores de 16 años,Viviendo en hogares con baja intensidad en el trabajo (de 0 a 59 años),2010,"9,1"
Ambos sexos,De 16 a 29 años,Tasa de riesgo de pobreza o exclusión social (indicador AROPE),2023,"31,2"
Ambos sexos,De 16 a 29 años,Tasa de riesgo de pobreza o exclusión social (indicador AROPE),2022,"30,2"
Ambos sexos,De 16 a 29 años,Tasa de riesgo de pobreza o exclusión social (indicador AROPE),2021,"33,5"
Ambos sexos,De 16 a 29 años,Tasa de riesgo de pobreza o exclusión social (indicador AROPE),2020,"30,3"
Ambos sexos,De 16 a 29 años,Tasa de riesgo de pobreza o exclusión social (indicador AROPE),2019,"31,7"
Ambos sexos,De 16 a 29 años,Tasa de riesgo de pobreza o exclusión social (indicador AROPE),2018,"33,8"
Ambos sexos,De 16 a 29 años,Tasa de riesgo de pobreza o exclusión social (indicador AROPE),2017,"34,8"
Ambos sexos,De 16 a 29 años,Tasa de riesgo de pobreza o exclusión social (indicador AROPE),2016,"37,6"
Ambos sexos,De 16 a 29 años,Tasa de riesgo de pobreza o exclusión social (indicador AROPE),2015,"38,2"
Ambos sexos,De 16 a 29 años,Tasa de riesgo de pobreza o exclusión social (indicador AROPE),2014,"36,4"
Ambos sexos,De 16 a 29 años,Tasa de riesgo de pobreza o exclusión social (indicador AROPE),2013,"33,0"
Ambos sexos,De 16 a 29 años,Tasa de riesgo de pobreza o exclusión social (indicador AROPE),2012,"33,5"
Ambos sexos,De 16 a 29 años,Tasa de riesgo de pobreza o exclusión social (indicador AROPE),2011,"30,4"
Ambos sexos,De 16 a 29 años,Tasa de riesgo de pobreza o exclusión social (indicador AROPE),2010,"27,8"
Ambos sexos,De 16 a 29 años,En riesgo de pobreza (renta año anterior a la entrevista),2023,"21,4"
Ambos sexos,De 16 a 29 años,En riesgo de pobreza (renta año anterior a la entrevista),2022,"22,3"
Ambos sexos,De 16 a 29 años,En riesgo de pobreza (renta año anterior a la entrevista),2021,"24,6"
Ambos sexos,De 16 a 29 años,En riesgo de pobreza (renta año anterior a la entrevista),2020,"22,7"
Ambos sexos,De 16 a 29 años,En riesgo de pobreza (renta año anterior a la entrevista),2019,"26,5"
Ambos sexos,De 16 a 29 años,En riesgo de pobreza (renta año anterior a la entrevista),2018,"28,3"
Ambos sexos,De 16 a 29 años,En riesgo de pobreza (renta año anterior a la entrevista),2017,"28,5"
Ambos sexos,De 16 a 29 años,En riesgo de pobreza (renta año anterior a la entrevista),2016,"29,6"
Ambos sexos,De 16 a 29 años,En riesgo de pobreza (renta año anterior a la entrevista),2015,"29,2"
Ambos sexos,De 16 a 29 años,En riesgo de pobreza (renta año anterior a la entrevista),2014,"27,6"
Ambos sexos,De 16 a 29 años,En riesgo de pobreza (renta año anterior a la entrevista),2013,"24,2"
Ambos sexos,De 16 a 29 años,En riesgo de pobreza (renta año anterior a la entrevista),2012,"25,3"
Ambos sexos,De 16 a 29 años,En riesgo de pobreza (renta año anterior a la entrevista),2011,"22,3"
Ambos sexos,De 16 a 29 años,En riesgo de pobreza (renta año anterior a la entrevista),2010,"21,4"
Ambos sexos,De 16 a 29 años,Con carencia material severa,2023,"11,5"
Ambos sexos,De 16 a 29 años,Con carencia material severa,2022,"10,1"
Ambos sexos,De 16 a 29 años,Con carencia material severa,2021,"9,9"
Ambos sexos,De 16 a 29 años,Con carencia material severa,2020,"9,3"
Ambos sexos,De 16 a 29 años,Con carencia material severa,2019,"5,8"
Ambos sexos,De 16 a 29 años,Con carencia material severa,2018,"7,0"
Ambos sexos,De 16 a 29 años,Con carencia material severa,2017,"6,7"
Ambos sexos,De 16 a 29 años,Con carencia material severa,2016,"8,4"
Ambos sexos,De 16 a 29 años,Con carencia material severa,2015,"8,4"
Ambos sexos,De 16 a 29 años,Con carencia material severa,2014,"8,7"
Ambos sexos,De 16 a 29 años,Con carencia material severa,2013,"7,4"
Ambos sexos,De 16 a 29 años,Con carencia material severa,2012,"7,7"
Ambos sexos,De 16 a 29 años,Con carencia material severa,2011,"5,9"
Ambos sexos,De 16 a 29 años,Con carencia material severa,2010,"6,3"
Ambos sexos,De 16 a 29 años,Viviendo en hogares con baja intensidad en el trabajo (de 0 a 59 años),2023,"9,5"
Ambos sexos,De 16 a 29 años,Viviendo en hogares con baja intensidad en el trabajo (de 0 a 59 años),2022,"9,2"
Ambos sexos,De 16 a 29 años,Viviendo en hogares con baja intensidad en el trabajo (de 0 a 59 años),2021,"13,7"
Ambos sexos,De 16 a 29 años,Viviendo en hogares con baja intensidad en el trabajo (de 0 a 59 años),2020,"10,5"
Ambos sexos,De 16 a 29 años,Viviendo en hogares con baja intensidad en el trabajo (de 0 a 59 años),2019,"11,1"
Ambos sexos,De 16 a 29 años,Viviendo en hogares con baja intensidad en el trabajo (de 0 a 59 años),2018,"11,6"
Ambos sexos,De 16 a 29 años,Viviendo en hogares con baja intensidad en el trabajo (de 0 a 59 años),2017,"14,7"
Ambos sexos,De 16 a 29 años,Viviendo en hogares con baja intensidad en el trabajo (de 0 a 59 años),2016,"17,6"
Ambos sexos,De 16 a 29 años,Viviendo en hogares con baja intensidad en el trabajo (de 0 a 59 años),2015,"18,4"
Ambos sexos,De 16 a 29 años,Viviendo en hogares con baja intensidad en el trabajo (de 0 a 59 años),2014,"18,3"
Ambos sexos,De 16 a 29 años,Viviendo en hogares con baja intensidad en el trabajo (de 0 a 59 años),2013,"16,9"
Ambos sexos,De 16 a 29 años,Viviendo en hogares con baja intensidad en el trabajo (de 0 a 59 años),2012,"15,5"
Ambos sexos,De 16 a 29 años,Viviendo en hogares con baja intensidad en el trabajo (de 0 a 59 años),2011,"14,2"
Ambos sexos,De 16 a 29 años,Viviendo en hogares con baja intensidad en el trabajo (de 0 a 59 años),2010,"10,3"
Ambos sexos,De 30 a 44 años,Tasa de riesgo de pobreza o exclusión social (indicador AROPE),2023,"25,9"
Ambos sexos,De 30 a 44 años,Tasa de riesgo de pobreza o exclusión social (indicador AROPE),2022,"25,7"
Ambos sexos,De 30 a 44 años,Tasa de riesgo de pobreza o exclusión social (indicador AROPE),2021,"27,3"
Ambos sexos,De 30 a 44 años,Tasa de riesgo de pobreza o exclusión social (indicador AROPE),2020,"25,6"
Ambos sexos,De 30 a 44 años,Tasa de riesgo de pobreza o exclusión social (indicador AROPE),2019,"24,7"
Ambos sexos,De 30 a 44 años,Tasa de riesgo de pobreza o exclusión social (indicador AROPE),2018,"24,4"
Ambos sexos,De 30 a 44 años,Tasa de riesgo de pobreza o exclusión social (indicador AROPE),2017,"25,0"
Ambos sexos,De 30 a 44 años,Tasa de riesgo de pobreza o exclusión social (indicador AROPE),2016,"27,1"
Ambos sexos,De 30 a 44 años,Tasa de riesgo de pobreza o exclusión social (indicador AROPE),2015,"28,5"
Ambos sexos,De 30 a 44 años,Tasa de riesgo de pobreza o exclusión social (indicador AROPE),2014,"30,4"
Ambos sexos,De 30 a 44 años,Tasa de riesgo de pobreza o exclusión social (indicador AROPE),2013,"28,0"
Ambos sexos,De 30 a 44 años,Tasa de riesgo de pobreza o exclusión social (indicador AROPE),2012,"28,0"
Ambos sexos,De 30 a 44 años,Tasa de riesgo de pobreza o exclusión social (indicador AROPE),2011,"26,0"
Ambos sexos,De 30 a 44 años,Tasa de riesgo de pobreza o exclusión social (indicador AROPE),2010,"24,9"
Ambos sexos,De 30 a 44 años,En riesgo de pobreza (renta año anterior a la entrevista),2023,"18,7"
Ambos sexos,De 30 a 44 años,En riesgo de pobreza (renta año anterior a la entrevista),2022,"19,2"
Ambos sexos,De 30 a 44 años,En riesgo de pobreza (renta año anterior a la entrevista),2021,"21,1"
Ambos sexos,De 30 a 44 años,En riesgo de pobreza (renta año anterior a la entrevista),2020,"19,4"
Ambos sexos,De 30 a 44 años,En riesgo de pobreza (renta año anterior a la entrevista),2019,"18,8"
Ambos sexos,De 30 a 44 años,En riesgo de pobreza (renta año anterior a la entrevista),2018,"19,3"
Ambos sexos,De 30 a 44 años,En riesgo de pobreza (renta año anterior a la entrevista),2017,"19,7"
Ambos sexos,De 30 a 44 años,En riesgo de pobreza (renta año anterior a la entrevista),2016,"21,3"
Ambos sexos,De 30 a 44 años,En riesgo de pobreza (renta año anterior a la entrevista),2015,"21,8"
Ambos sexos,De 30 a 44 años,En riesgo de pobreza (renta año anterior a la entrevista),2014,"22,9"
Ambos sexos,De 30 a 44 años,En riesgo de pobreza (renta año anterior a la entrevista),2013,"20,7"
Ambos sexos,De 30 a 44 años,En riesgo de pobreza (renta año anterior a la entrevista),2012,"21,2"
Ambos sexos,De 30 a 44 años,En riesgo de pobreza (renta año anterior a la entrevista),2011,"19,7"
Ambos sexos,De 30 a 44 años,En riesgo de pobreza (renta año anterior a la entrevista),2010,"18,8"
Ambos sexos,De 30 a 44 años,Con carencia material severa,2023,"9,7"
Ambos sexos,De 30 a 44 años,Con carencia material severa,2022,"9,5"
Ambos sexos,De 30 a 44 años,Con carencia material severa,2021,"7,5"
Ambos sexos,De 30 a 44 años,Con carencia material severa,2020,"7,5"
Ambos sexos,De 30 a 44 años,Con carencia material severa,2019,"5,1"
Ambos sexos,De 30 a 44 años,Con carencia material severa,2018,"5,0"
Ambos sexos,De 30 a 44 años,Con carencia material severa,2017,"4,8"
Ambos sexos,De 30 a 44 años,Con carencia material severa,2016,"5,5"
Ambos sexos,De 30 a 44 años,Con carencia material severa,2015,"6,7"
Ambos sexos,De 30 a 44 años,Con carencia material severa,2014,"7,9"
Ambos sexos,De 30 a 44 años,Con carencia material severa,2013,"7,6"
Ambos sexos,De 30 a 44 años,Con carencia material severa,2012,"7,0"
Ambos sexos,De 30 a 44 años,Con carencia material severa,2011,"4,9"
Ambos sexos,De 30 a 44 años,Con carencia material severa,2010,"5,2"
Ambos sexos,De 30 a 44 años,Viviendo en hogares con baja intensidad en el trabajo (de 0 a 59 años),2023,"7,1"
Ambos sexos,De 30 a 44 años,Viviendo en hogares con baja intensidad en el trabajo (de 0 a 59 años),2022,"7,1"
Ambos sexos,De 30 a 44 años,Viviendo en hogares con baja intensidad en el trabajo (de 0 a 59 años),2021,"9,6"
Ambos sexos,De 30 a 44 años,Viviendo en hogares con baja intensidad en el trabajo (de 0 a 59 años),2020,"8,0"
Ambos sexos,De 30 a 44 años,Viviendo en hogares con baja intensidad en el trabajo (de 0 a 59 años),2019,"8,7"
Ambos sexos,De 30 a 44 años,Viviendo en hogares con baja intensidad en el trabajo (de 0 a 59 años),2018,"8,6"
Ambos sexos,De 30 a 44 años,Viviendo en hogares con baja intensidad en el trabajo (de 0 a 59 años),2017,"9,8"
Ambos sexos,De 30 a 44 años,Viviendo en hogares con baja intensidad en el trabajo (de 0 a 59 años),2016,"10,9"
Ambos sexos,De 30 a 44 años,Viviendo en hogares con baja intensidad en el trabajo (de 0 a 59 años),2015,"11,9"
Ambos sexos,De 30 a 44 años,Viviendo en hogares con baja intensidad en el trabajo (de 0 a 59 años),2014,"14,4"
Ambos sexos,De 30 a 44 años,Viviendo en hogares con baja intensidad en el trabajo (de 0 a 59 años),2013,"13,2"
Ambos sexos,De 30 a 44 años,Viviendo en hogares con baja intensidad en el trabajo (de 0 a 59 años),2012,"12,1"
Ambos sexos,De 30 a 44 años,Viviendo en hogares con baja intensidad en el trabajo (de 0 a 59 años),2011,"11,7"
Ambos sexos,De 30 a 44 años,Viviendo en hogares con baja intensidad en el trabajo (de 0 a 59 años),2010,"9,1"
Ambos sexos,De 45 a 64 años,Tasa de riesgo de pobreza o exclusión social (indicador AROPE),2023,"26,1"
Ambos sexos,De 45 a 64 años,Tasa de riesgo de pobreza o exclusión social (indicador AROPE),2022,"25,3"
Ambos sexos,De 45 a 64 años,Tasa de riesgo de pobreza o exclusión social (indicador AROPE),2021,"27,6"
Ambos sexos,De 45 a 64 años,Tasa de riesgo de pobreza o exclusión social (indicador AROPE),2020,"26,4"
Ambos sexos,De 45 a 64 años,Tasa de riesgo de pobreza o exclusión social (indicador AROPE),2019,"26,2"
Ambos sexos,De 45 a 64 años,Tasa de riesgo de pobreza o exclusión social (indicador AROPE),2018,"27,6"
Ambos sexos,De 45 a 64 años,Tasa de riesgo de pobreza o exclusión social (indicador AROPE),2017,"28,0"
Ambos sexos,De 45 a 64 años,Tasa de riesgo de pobreza o exclusión social (indicador AROPE),2016,"30,5"
Ambos sexos,De 45 a 64 años,Tasa de riesgo de pobreza o exclusión social (indicador AROPE),2015,"31,0"
Ambos sexos,De 45 a 64 años,Tasa de riesgo de pobreza o exclusión social (indicador AROPE),2014,"31,0"
Ambos sexos,De 45 a 64 años,Tasa de riesgo de pobreza o exclusión social (indicador AROPE),2013,"28,9"
Ambos sexos,De 45 a 64 años,Tasa de riesgo de pobreza o exclusión social (indicador AROPE),2012,"27,2"
Ambos sexos,De 45 a 64 años,Tasa de riesgo de pobreza o exclusión social (indicador AROPE),2011,"25,8"
Ambos sexos,De 45 a 64 años,Tasa de riesgo de pobreza o exclusión social (indicador AROPE),2010,"24,2"
Ambos sexos,De 45 a 64 años,En riesgo de pobreza (renta año anterior a la entrevista),2023,"17,8"
Ambos sexos,De 45 a 64 años,En riesgo de pobreza (renta año anterior a la entrevista),2022,"18,0"
Ambos sexos,De 45 a 64 años,En riesgo de pobreza (renta año anterior a la entrevista),2021,"19,7"
Ambos sexos,De 45 a 64 años,En riesgo de pobreza (renta año anterior a la entrevista),2020,"19,2"
Ambos sexos,De 45 a 64 años,En riesgo de pobreza (renta año anterior a la entrevista),2019,"19,7"
Ambos sexos,De 45 a 64 años,En riesgo de pobreza (renta año anterior a la entrevista),2018,"21,3"
Ambos sexos,De 45 a 64 años,En riesgo de pobreza (renta año anterior a la entrevista),2017,"20,6"
Ambos sexos,De 45 a 64 años,En riesgo de pobreza (renta año anterior a la entrevista),2016,"21,9"
Ambos sexos,De 45 a 64 años,En riesgo de pobreza (renta año anterior a la entrevista),2015,"21,4"
Ambos sexos,De 45 a 64 años,En riesgo de pobreza (renta año anterior a la entrevista),2014,"21,0"
Ambos sexos,De 45 a 64 años,En riesgo de pobreza (renta año anterior a la entrevista),2013,"19,0"
Ambos sexos,De 45 a 64 años,En riesgo de pobreza (renta año anterior a la entrevista),2012,"18,0"
Ambos sexos,De 45 a 64 años,En riesgo de pobreza (renta año anterior a la entrevista),2011,"17,1"
Ambos sexos,De 45 a 64 años,En riesgo de pobreza (renta año anterior a la entrevista),2010,"16,4"
Ambos sexos,De 45 a 64 años,Con carencia material severa,2023,"8,8"
Ambos sexos,De 45 a 64 años,Con carencia material severa,2022,"7,5"
Ambos sexos,De 45 a 64 años,Con carencia material severa,2021,"7,2"
Ambos sexos,De 45 a 64 años,Con carencia material severa,2020,"6,7"
Ambos sexos,De 45 a 64 años,Con carencia material severa,2019,"4,7"
Ambos sexos,De 45 a 64 años,Con carencia material severa,2018,"5,8"
Ambos sexos,De 45 a 64 años,Con carencia material severa,2017,"5,7"
Ambos sexos,De 45 a 64 años,Con carencia material severa,2016,"6,3"
Ambos sexos,De 45 a 64 años,Con carencia material severa,2015,"6,4"
Ambos sexos,De 45 a 64 años,Con carencia material severa,2014,"6,9"
Ambos sexos,De 45 a 64 años,Con carencia material severa,2013,"5,0"
Ambos sexos,De 45 a 64 años,Con carencia material severa,2012,"4,6"
Ambos sexos,De 45 a 64 años,Con carencia material severa,2011,"4,1"
Ambos sexos,De 45 a 64 años,Con carencia material severa,2010,"4,0"
Ambos sexos,De 45 a 64 años,Viviendo en hogares con baja intensidad en el trabajo (de 0 a 59 años),2023,"9,9"
Ambos sexos,De 45 a 64 años,Viviendo en hogares con baja intensidad en el trabajo (de 0 a 59 años),2022,"11,0"
Ambos sexos,De 45 a 64 años,Viviendo en hogares con baja intensidad en el trabajo (de 0 a 59 años),2021,"14,2"
Ambos sexos,De 45 a 64 años,Viviendo en hogares con baja intensidad en el trabajo (de 0 a 59 años),2020,"13,3"
Ambos sexos,De 45 a 64 años,Viviendo en hogares con baja intensidad en el trabajo (de 0 a 59 años),2019,"14,5"
Ambos sexos,De 45 a 64 años,Viviendo en hogares con baja intensidad en el trabajo (de 0 a 59 años),2018,"14,4"
Ambos sexos,De 45 a 64 años,Viviendo en hogares con baja intensidad en el trabajo (de 0 a 59 años),2017,"17,0"
Ambos sexos,De 45 a 64 años,Viviendo en hogares con baja intensidad en el trabajo (de 0 a 59 años),2016,"20,1"
Ambos sexos,De 45 a 64 años,Viviendo en hogares con baja intensidad en el trabajo (de 0 a 59 años),2015,"20,4"
Ambos sexos,De 45 a 64 años,Viviendo en hogares con baja intensidad en el trabajo (de 0 a 59 años),2014,"21,6"
Ambos sexos,De 45 a 64 años,Viviendo en hogares con baja intensidad en el trabajo (de 0 a 59 años),2013,"19,6"
Ambos sexos,De 45 a 64 años,Viviendo en hogares con baja intensidad en el trabajo (de 0 a 59 años),2012,"18,0"
Ambos sexos,De 45 a 64 años,Viviendo en hogares con baja intensidad en el trabajo (de 0 a 59 años),2011,"16,4"
Ambos sexos,De 45 a 64 años,Viviendo en hogares con baja intensidad en el trabajo (de 0 a 59 años),2010,"14,9"
Ambos sexos,65 y más años,Tasa de riesgo de pobreza o exclusión social (indicador AROPE),2023,"21,1"
Ambos sexos,65 y más años,Tasa de riesgo de pobreza o exclusión social (indicador AROPE),2022,"21,3"
Ambos sexos,65 y más años,Tasa de riesgo de pobreza o exclusión social (indicador AROPE),2021,"19,8"
Ambos sexos,65 y más años,Tasa de riesgo de pobreza o exclusión social (indicador AROPE),2020,"20,5"
Ambos sexos,65 y más años,Tasa de riesgo de pobreza o exclusión social (indicador AROPE),2019,"15,7"
Ambos sexos,65 y más años,Tasa de riesgo de pobreza o exclusión social (indicador AROPE),2018,"17,6"
Ambos sexos,65 y más años,Tasa de riesgo de pobreza o exclusión social (indicador AROPE),2017,"16,4"
Ambos sexos,65 y más años,Tasa de riesgo de pobreza o exclusión social (indicador AROPE),2016,"14,4"
Ambos sexos,65 y más años,Tasa de riesgo de pobreza o exclusión social (indicador AROPE),2015,"13,7"
Ambos sexos,65 y más años,Tasa de riesgo de pobreza o exclusión social (indicador AROPE),2014,"12,9"
Ambos sexos,65 y más años,Tasa de riesgo de pobreza o exclusión social (indicador AROPE),2013,"14,5"
Ambos sexos,65 y más años,Tasa de riesgo de pobreza o exclusión social (indicador AROPE),2012,"16,5"
Ambos sexos,65 y más años,Tasa de riesgo de pobreza o exclusión social (indicador AROPE),2011,"21,2"
Ambos sexos,65 y más años,Tasa de riesgo de pobreza o exclusión social (indicador AROPE),2010,"22,9"
Ambos sexos,65 y más años,En riesgo de pobreza (renta año anterior a la entrevista),2023,"18,3"
Ambos sexos,65 y más años,En riesgo de pobreza (renta año anterior a la entrevista),2022,"18,7"
Ambos sexos,65 y más años,En riesgo de pobreza (renta año anterior a la entrevista),2021,"17,5"
Ambos sexos,65 y más años,En riesgo de pobreza (renta año anterior a la entrevista),2020,"18,8"
Ambos sexos,65 y más años,En riesgo de pobreza (renta año anterior a la entrevista),2019,"14,5"
Ambos sexos,65 y más años,En riesgo de pobreza (renta año anterior a la entrevista),2018,"15,6"
Ambos sexos,65 y más años,En riesgo de pobreza (renta año anterior a la entrevista),2017,"14,8"
Ambos sexos,65 y más años,En riesgo de pobreza (renta año anterior a la entrevista),2016,"13,0"
Ambos sexos,65 y más años,En riesgo de pobreza (renta año anterior a la entrevista),2015,"12,3"
Ambos sexos,65 y más años,En riesgo de pobreza (renta año anterior a la entrevista),2014,"11,4"
Ambos sexos,65 y más años,En riesgo de pobreza (renta año anterior a la entrevista),2013,"12,7"
Ambos sexos,65 y más años,En riesgo de pobreza (renta año anterior a la entrevista),2012,"14,8"
Ambos sexos,65 y más años,En riesgo de pobreza (renta año anterior a la entrevista),2011,"19,8"
Ambos sexos,65 y más años,En riesgo de pobreza (renta año anterior a la entrevista),2010,"21,8"
Ambos sexos,65 y más años,Con carencia material severa,2023,"5,1"
Ambos sexos,65 y más años,Con carencia material severa,2022,"4,3"
Ambos sexos,65 y más años,Con carencia material severa,2021,"4,4"
Ambos sexos,65 y más años,Con carencia material severa,2020,"3,2"
Ambos sexos,65 y más años,Con carencia material severa,2019,"2,3"
Ambos sexos,65 y más años,Con carencia material severa,2018,"3,4"
Ambos sexos,65 y más años,Con carencia material severa,2017,"2,4"
Ambos sexos,65 y más años,Con carencia material severa,2016,"2,5"
Ambos sexos,65 y más años,Con carencia material severa,2015,"2,2"
Ambos sexos,65 y más años,Con carencia material severa,2014,"2,4"
Ambos sexos,65 y más años,Con carencia material severa,2013,"2,7"
Ambos sexos,65 y más años,Con carencia material severa,2012,"2,9"
Ambos sexos,65 y más años,Con carencia material severa,2011,"2,7"
Ambos sexos,65 y más años,Con carencia material severa,2010,"2,2"
Ambos sexos,65 y más años,Viviendo en hogares con baja intensidad en el trabajo (de 0 a 59 años),2023,..
Ambos sexos,65 y más años,Viviendo en hogares con baja intensidad en el trabajo (de 0 a 59 años),2022,..
Ambos sexos,65 y más años,Viviendo en hogares con baja intensidad en el trabajo (de 0 a 59 años),2021,..
Ambos sexos,65 y más años,Viviendo en hogares con baja intensidad en el trabajo (de 0 a 59 años),2020,..
Ambos sexos,65 y más años,Viviendo en hogares con baja intensidad en el trabajo (de 0 a 59 años),2019,..
Ambos sexos,65 y más años,Viviendo en hogares con baja intensidad en el trabajo (de 0 a 59 años),2018,..
Ambos sexos,65 y más años,Viviendo en hogares con baja intensidad en el trabajo (de 0 a 59 años),2017,..
Ambos sexos,65 y más años,Viviendo en hogares con baja intensidad en el trabajo (de 0 a 59 años),2016,..
Ambos sexos,65 y más años,Viviendo en hogares con baja intensidad en el trabajo (de 0 a 59 años),2015,..
Ambos sexos,65 y más años,Viviendo en hogares con baja intensidad en el trabajo (de 0 a 59 años),2014,..
Ambos sexos,65 y más años,Viviendo en hogares con baja intensidad en el trabajo (de 0 a 59 años),2013,..
Ambos sexos,65 y más años,Viviendo en hogares con baja intensidad en el trabajo (de 0 a 59 años),2012,..
Ambos sexos,65 y más años,Viviendo en hogares con baja intensidad en el trabajo (de 0 a 59 años),2011,..
Ambos sexos,65 y más años,Viviendo en hogares con baja intensidad en el trabajo (de 0 a 59 años),2010,..
Ambos sexos,Menos de 18 años,Tasa de riesgo de pobreza o exclusión social (indicador AROPE),2023,"33,9"
Ambos sexos,Menos de 18 años,Tasa de riesgo de pobreza o exclusión social (indicador AROPE),2022,"32,2"
Ambos sexos,Menos de 18 años,Tasa de riesgo de pobreza o exclusión social (indicador AROPE),2021,"33,0"
Ambos sexos,Menos de 18 años,Tasa de riesgo de pobreza o exclusión social (indicador AROPE),2020,"31,1"
Ambos sexos,Menos de 18 años,Tasa de riesgo de pobreza o exclusión social (indicador AROPE),2019,"30,3"
Ambos sexos,Menos de 18 años,Tasa de riesgo de pobreza o exclusión social (indicador AROPE),2018,"29,5"
Ambos sexos,Menos de 18 años,Tasa de riesgo de pobreza o exclusión social (indicador AROPE),2017,"31,3"
Ambos sexos,Menos de 18 años,Tasa de riesgo de pobreza o exclusión social (indicador AROPE),2016,"32,9"
Ambos sexos,Menos de 18 años,Tasa de riesgo de pobreza o exclusión social (indicador AROPE),2015,"34,4"
Ambos sexos,Menos de 18 años,Tasa de riesgo de pobreza o exclusión social (indicador AROPE),2014,"35,8"
Ambos sexos,Menos de 18 años,Tasa de riesgo de pobreza o exclusión social (indicador AROPE),2013,"32,6"
Ambos sexos,Menos de 18 años,Tasa de riesgo de pobreza o exclusión social (indicador AROPE),2012,"32,4"
Ambos sexos,Menos de 18 años,Tasa de riesgo de pobreza o exclusión social (indicador AROPE),2011,"32,2"
Ambos sexos,Menos de 18 años,Tasa de riesgo de pobreza o exclusión social (indicador AROPE),2010,"33,3"
Ambos sexos,Menos de 18 años,En riesgo de pobreza (renta año anterior a la entrevista),2023,"28,9"
Ambos sexos,Menos de 18 años,En riesgo de pobreza (renta año anterior a la entrevista),2022,"27,8"
Ambos sexos,Menos de 18 años,En riesgo de pobreza (renta año anterior a la entrevista),2021,"28,9"
Ambos sexos,Menos de 18 años,En riesgo de pobreza (renta año anterior a la entrevista),2020,"27,4"
Ambos sexos,Menos de 18 años,En riesgo de pobreza (renta año anterior a la entrevista),2019,"27,4"
Ambos sexos,Menos de 18 años,En riesgo de pobreza (renta año anterior a la entrevista),2018,"26,8"
Ambos sexos,Menos de 18 años,En riesgo de pobreza (renta año anterior a la entrevista),2017,"28,3"
Ambos sexos,Menos de 18 años,En riesgo de pobreza (renta año anterior a la entrevista),2016,"29,7"
Ambos sexos,Menos de 18 años,En riesgo de pobreza (renta año anterior a la entrevista),2015,"29,6"
Ambos sexos,Menos de 18 años,En riesgo de pobreza (renta año anterior a la entrevista),2014,"30,5"
Ambos sexos,Menos de 18 años,En riesgo de pobreza (renta año anterior a la entrevista),2013,"27,5"
Ambos sexos,Menos de 18 años,En riesgo de pobreza (renta año anterior a la entrevista),2012,"27,9"
Ambos sexos,Menos de 18 años,En riesgo de pobreza (renta año anterior a la entrevista),2011,"27,5"
Ambos sexos,Menos de 18 años,En riesgo de pobreza (renta año anterior a la entrevista),2010,"29,3"
Ambos sexos,Menos de 18 años,Con carencia material severa,2023,"10,8"
Ambos sexos,Menos de 18 años,Con carencia material severa,2022,"10,1"
Ambos sexos,Menos de 18 años,Con carencia material severa,2021,"8,9"
Ambos sexos,Menos de 18 años,Con carencia material severa,2020,"9,0"
Ambos sexos,Menos de 18 años,Con carencia material severa,2019,"6,0"
Ambos sexos,Menos de 18 años,Con carencia material severa,2018,"6,5"
Ambos sexos,Menos de 18 años,Con carencia material severa,2017,"6,5"
Ambos sexos,Menos de 18 años,Con carencia material severa,2016,"7,1"
Ambos sexos,Menos de 18 años,Con carencia material severa,2015,"9,1"
Ambos sexos,Menos de 18 años,Con carencia material severa,2014,"9,5"
Ambos sexos,Menos de 18 años,Con carencia material severa,2013,"8,3"
Ambos sexos,Menos de 18 años,Con carencia material severa,2012,"7,6"
Ambos sexos,Menos de 18 años,Con carencia material severa,2011,"5,2"
Ambos sexos,Menos de 18 años,Con carencia material severa,2010,"7,4"
Ambos sexos,Menos de 18 años,Viviendo en hogares con baja intensidad en el trabajo (de 0 a 59 años),2023,"7,1"
Ambos sexos,Menos de 18 años,Viviendo en hogares con baja intensidad en el trabajo (de 0 a 59 años),2022,"6,8"
Ambos sexos,Menos de 18 años,Viviendo en hogares con baja intensidad en el trabajo (de 0 a 59 años),2021,"9,1"
Ambos sexos,Menos de 18 años,Viviendo en hogares con baja intensidad en el trabajo (de 0 a 59 años),2020,"7,2"
Ambos sexos,Menos de 18 años,Viviendo en hogares con baja intensidad en el trabajo (de 0 a 59 años),2019,"8,3"
Ambos sexos,Menos de 18 años,Viviendo en hogares con baja intensidad en el trabajo (de 0 a 59 años),2018,"7,6"
Ambos sexos,Menos de 18 años,Viviendo en hogares con baja intensidad en el trabajo (de 0 a 59 años),2017,"9,8"
Ambos sexos,Menos de 18 años,Viviendo en hogares con baja intensidad en el trabajo (de 0 a 59 años),2016,"11,6"
Ambos sexos,Menos de 18 años,Viviendo en hogares con baja intensidad en el trabajo (de 0 a 59 años),2015,"12,0"
Ambos sexos,Menos de 18 años,Viviendo en hogares con baja intensidad en el trabajo (de 0 a 59 años),2014,"14,2"
Ambos sexos,Menos de 18 años,Viviendo en hogares con baja intensidad en el trabajo (de 0 a 59 años),2013,"13,8"
Ambos sexos,Menos de 18 años,Viviendo en hogares con baja intensidad en el trabajo (de 0 a 59 años),2012,"12,3"
Ambos sexos,Menos de 18 años,Viviendo en hogares con baja intensidad en el trabajo (de 0 a 59 años),2011,"11,6"
Ambos sexos,Menos de 18 años,Viviendo en hogares con baja intensidad en el trabajo (de 0 a 59 años),2010,"9,5"
Ambos sexos,De 18 a 64 años,Tasa de riesgo de pobreza o exclusión social (indicador AROPE),2023,"26,9"
Ambos sexos,De 18 a 64 años,Tasa de riesgo de pobreza o exclusión social (indicador AROPE),2022,"26,2"
Ambos sexos,De 18 a 64 años,Tasa de riesgo de pobreza o exclusión social (indicador AROPE),2021,"28,5"
Ambos sexos,De 18 a 64 años,Tasa de riesgo de pobreza o exclusión social (indicador AROPE),2020,"26,9"
Ambos sexos,De 18 a 64 años,Tasa de riesgo de pobreza o exclusión social (indicador AROPE),2019,"26,7"
Ambos sexos,De 18 a 64 años,Tasa de riesgo de pobreza o exclusión social (indicador AROPE),2018,"27,6"
Ambos sexos,De 18 a 64 años,Tasa de riesgo de pobreza o exclusión social (indicador AROPE),2017,"28,2"
Ambos sexos,De 18 a 64 años,Tasa de riesgo de pobreza o exclusión social (indicador AROPE),2016,"30,4"
Ambos sexos,De 18 a 64 años,Tasa de riesgo de pobreza o exclusión social (indicador AROPE),2015,"31,2"
Ambos sexos,De 18 a 64 años,Tasa de riesgo de pobreza o exclusión social (indicador AROPE),2014,"31,8"
Ambos sexos,De 18 a 64 años,Tasa de riesgo de pobreza o exclusión social (indicador AROPE),2013,"29,2"
Ambos sexos,De 18 a 64 años,Tasa de riesgo de pobreza o exclusión social (indicador AROPE),2012,"28,6"
Ambos sexos,De 18 a 64 años,Tasa de riesgo de pobreza o exclusión social (indicador AROPE),2011,"26,7"
Ambos sexos,De 18 a 64 años,Tasa de riesgo de pobreza o exclusión social (indicador AROPE),2010,"24,9"
Ambos sexos,De 18 a 64 años,En riesgo de pobreza (renta año anterior a la entrevista),2023,"18,5"
Ambos sexos,De 18 a 64 años,En riesgo de pobreza (renta año anterior a la entrevista),2022,"19,0"
Ambos sexos,De 18 a 64 años,En riesgo de pobreza (renta año anterior a la entrevista),2021,"20,9"
Ambos sexos,De 18 a 64 años,En riesgo de pobreza (renta año anterior a la entrevista),2020,"19,8"
Ambos sexos,De 18 a 64 años,En riesgo de pobreza (renta año anterior a la entrevista),2019,"20,6"
Ambos sexos,De 18 a 64 años,En riesgo de pobreza (renta año anterior a la entrevista),2018,"21,8"
Ambos sexos,De 18 a 64 años,En riesgo de pobreza (renta año anterior a la entrevista),2017,"21,7"
Ambos sexos,De 18 a 64 años,En riesgo de pobreza (renta año anterior a la entrevista),2016,"22,9"
Ambos sexos,De 18 a 64 años,En riesgo de pobreza (renta año anterior a la entrevista),2015,"22,8"
Ambos sexos,De 18 a 64 años,En riesgo de pobreza (renta año anterior a la entrevista),2014,"22,9"
Ambos sexos,De 18 a 64 años,En riesgo de pobreza (renta año anterior a la entrevista),2013,"20,4"
Ambos sexos,De 18 a 64 años,En riesgo de pobreza (renta año anterior a la entrevista),2012,"20,4"
Ambos sexos,De 18 a 64 años,En riesgo de pobreza (renta año anterior a la entrevista),2011,"19,0"
Ambos sexos,De 18 a 64 años,En riesgo de pobreza (renta año anterior a la entrevista),2010,"18,1"
Ambos sexos,De 18 a 64 años,Con carencia material severa,2023,"9,7"
Ambos sexos,De 18 a 64 años,Con carencia material severa,2022,"8,7"
Ambos sexos,De 18 a 64 años,Con carencia material severa,2021,"7,8"
Ambos sexos,De 18 a 64 años,Con carencia material severa,2020,"7,5"
Ambos sexos,De 18 a 64 años,Con carencia material severa,2019,"5,1"
Ambos sexos,De 18 a 64 años,Con carencia material severa,2018,"5,7"
Ambos sexos,De 18 a 64 años,Con carencia material severa,2017,"5,6"
Ambos sexos,De 18 a 64 años,Con carencia material severa,2016,"6,4"
Ambos sexos,De 18 a 64 años,Con carencia material severa,2015,"6,9"
Ambos sexos,De 18 a 64 años,Con carencia material severa,2014,"7,6"
Ambos sexos,De 18 a 64 años,Con carencia material severa,2013,"6,5"
Ambos sexos,De 18 a 64 años,Con carencia material severa,2012,"6,1"
Ambos sexos,De 18 a 64 años,Con carencia material severa,2011,"4,8"
Ambos sexos,De 18 a 64 años,Con carencia material severa,2010,"4,9"
Ambos sexos,De 18 a 64 años,Viviendo en hogares con baja intensidad en el trabajo (de 0 a 59 años),2023,"8,9"
Ambos sexos,De 18 a 64 años,Viviendo en hogares con baja intensidad en el trabajo (de 0 a 59 años),2022,"9,3"
Ambos sexos,De 18 a 64 años,Viviendo en hogares con baja intensidad en el trabajo (de 0 a 59 años),2021,"12,5"
Ambos sexos,De 18 a 64 años,Viviendo en hogares con baja intensidad en el trabajo (de 0 a 59 años),2020,"10,8"
Ambos sexos,De 18 a 64 años,Viviendo en hogares con baja intensidad en el trabajo (de 0 a 59 años),2019,"11,6"
Ambos sexos,De 18 a 64 años,Viviendo en hogares con baja intensidad en el trabajo (de 0 a 59 años),2018,"11,6"
Ambos sexos,De 18 a 64 años,Viviendo en hogares con baja intensidad en el trabajo (de 0 a 59 años),2017,"13,7"
Ambos sexos,De 18 a 64 años,Viviendo en hogares con baja intensidad en el trabajo (de 0 a 59 años),2016,"15,9"
Ambos sexos,De 18 a 64 años,Viviendo en hogares con baja intensidad en el trabajo (de 0 a 59 años),2015,"16,5"
Ambos sexos,De 18 a 64 años,Viviendo en hogares con baja intensidad en el trabajo (de 0 a 59 años),2014,"18,0"
Ambos sexos,De 18 a 64 años,Viviendo en hogares con baja intensidad en el trabajo (de 0 a 59 años),2013,"16,3"
Ambos sexos,De 18 a 64 años,Viviendo en hogares con baja intensidad en el trabajo (de 0 a 59 años),2012,"14,9"
Ambos sexos,De 18 a 64 años,Viviendo en hogares con baja intensidad en el trabajo (de 0 a 59 años),2011,"13,9"
Ambos sexos,De 18 a 64 años,Viviendo en hogares con baja intensidad en el trabajo (de 0 a 59 años),2010,"11,2"
Hombres,Total,Tasa de riesgo de pobreza o exclusión social (indicador AROPE),2023,"26,3"
Hombres,Total,Tasa de riesgo de pobreza o exclusión social (indicador AROPE),2022,"25,4"
Hombres,Total,Tasa de riesgo de pobreza o exclusión social (indicador AROPE),2021,"27,0"
Hombres,Total,Tasa de riesgo de pobreza o exclusión social (indicador AROPE),2020,"25,6"
Hombres,Total,Tasa de riesgo de pobreza o exclusión social (indicador AROPE),2019,"24,6"
Hombres,Total,Tasa de riesgo de pobreza o exclusión social (indicador AROPE),2018,"25,1"
Hombres,Total,Tasa de riesgo de pobreza o exclusión social (indicador AROPE),2017,"26,0"
Hombres,Total,Tasa de riesgo de pobreza o exclusión social (indicador AROPE),2016,"28,0"
Hombres,Total,Tasa de riesgo de pobreza o exclusión social (indicador AROPE),2015,"29,0"
Hombres,Total,Tasa de riesgo de pobreza o exclusión social (indicador AROPE),2014,"29,4"
Hombres,Total,Tasa de riesgo de pobreza o exclusión social (indicador AROPE),2013,"27,9"
Hombres,Total,Tasa de riesgo de pobreza o exclusión social (indicador AROPE),2012,"27,3"
Hombres,Total,Tasa de riesgo de pobreza o exclusión social (indicador AROPE),2011,"26,1"
Hombres,Total,Tasa de riesgo de pobreza o exclusión social (indicador AROPE),2010,"25,5"
Hombres,Total,En riesgo de pobreza (renta año anterior a la entrevista),2023,"19,5"
Hombres,Total,En riesgo de pobreza (renta año anterior a la entrevista),2022,"19,8"
Hombres,Total,En riesgo de pobreza (renta año anterior a la entrevista),2021,"21,1"
Hombres,Total,En riesgo de pobreza (renta año anterior a la entrevista),2020,"20,2"
Hombres,Total,En riesgo de pobreza (renta año anterior a la entrevista),2019,"20,2"
Hombres,Total,En riesgo de pobreza (renta año anterior a la entrevista),2018,"20,9"
Hombres,Total,En riesgo de pobreza (renta año anterior a la entrevista),2017,"21,0"
Hombres,Total,En riesgo de pobreza (renta año anterior a la entrevista),2016,"22,6"
Hombres,Total,En riesgo de pobreza (renta año anterior a la entrevista),2015,"22,5"
Hombres,Total,En riesgo de pobreza (renta año anterior a la entrevista),2014,"22,4"
Hombres,Total,En riesgo de pobreza (renta año anterior a la entrevista),2013,"20,9"
Hombres,Total,En riesgo de pobreza (renta año anterior a la entrevista),2012,"20,7"
Hombres,Total,En riesgo de pobreza (renta año anterior a la entrevista),2011,"19,9"
Hombres,Total,En riesgo de pobreza (renta año anterior a la entrevista),2010,"20,1"
Hombres,Total,Con carencia material severa,2023,"8,9"
Hombres,Total,Con carencia material severa,2022,"7,8"
Hombres,Total,Con carencia material severa,2021,"7,2"
Hombres,Total,Con carencia material severa,2020,"6,9"
Hombres,Total,Con carencia material severa,2019,"4,6"
Hombres,Total,Con carencia material severa,2018,"5,3"
Hombres,Total,Con carencia material severa,2017,"4,9"
Hombres,Total,Con carencia material severa,2016,"5,3"
Hombres,Total,Con carencia material severa,2015,"6,6"
Hombres,Total,Con carencia material severa,2014,"7,0"
Hombres,Total,Con carencia material severa,2013,"6,3"
Hombres,Total,Con carencia material severa,2012,"6,2"
Hombres,Total,Con carencia material severa,2011,"4,5"
Hombres,Total,Con carencia material severa,2010,"4,7"
Hombres,Total,Viviendo en hogares con baja intensidad en el trabajo (de 0 a 59 años),2023,"8,3"
Hombres,Total,Viviendo en hogares con baja intensidad en el trabajo (de 0 a 59 años),2022,"8,1"
Hombres,Total,Viviendo en hogares con baja intensidad en el trabajo (de 0 a 59 años),2021,"11,3"
Hombres,Total,Viviendo en hogares con baja intensidad en el trabajo (de 0 a 59 años),2020,"9,7"
Hombres,Total,Viviendo en hogares con baja intensidad en el trabajo (de 0 a 59 años),2019,"10,0"
Hombres,Total,Viviendo en hogares con baja intensidad en el trabajo (de 0 a 59 años),2018,"10,1"
Hombres,Total,Viviendo en hogares con baja intensidad en el trabajo (de 0 a 59 años),2017,"12,4"
Hombres,Total,Viviendo en hogares con baja intensidad en el trabajo (de 0 a 59 años),2016,"14,9"
Hombres,Total,Viviendo en hogares con baja intensidad en el trabajo (de 0 a 59 años),2015,"15,8"
Hombres,Total,Viviendo en hogares con baja intensidad en el trabajo (de 0 a 59 años),2014,"17,0"
Hombres,Total,Viviendo en hogares con baja intensidad en el trabajo (de 0 a 59 años),2013,"15,9"
Hombres,Total,Viviendo en hogares con baja intensidad en el trabajo (de 0 a 59 años),2012,"13,8"
Hombres,Total,Viviendo en hogares con baja intensidad en el trabajo (de 0 a 59 años),2011,"12,9"
Hombres,Total,Viviendo en hogares con baja intensidad en el trabajo (de 0 a 59 años),2010,"10,6"
Hombres,Menores de 16 años,Tasa de riesgo de pobreza o exclusión social (indicador AROPE),2023,"34,1"
Hombres,Menores de 16 años,Tasa de riesgo de pobreza o exclusión social (indicador AROPE),2022,"32,4"
Hombres,Menores de 16 años,Tasa de riesgo de pobreza o exclusión social (indicador AROPE),2021,"32,7"
Hombres,Menores de 16 años,Tasa de riesgo de pobreza o exclusión social (indicador AROPE),2020,"31,3"
Hombres,Menores de 16 años,Tasa de riesgo de pobreza o exclusión social (indicador AROPE),2019,"28,2"
Hombres,Menores de 16 años,Tasa de riesgo de pobreza o exclusión social (indicador AROPE),2018,"27,7"
Hombres,Menores de 16 años,Tasa de riesgo de pobreza o exclusión social (indicador AROPE),2017,"30,6"
Hombres,Menores de 16 años,Tasa de riesgo de pobreza o exclusión social (indicador AROPE),2016,"32,3"
Hombres,Menores de 16 años,Tasa de riesgo de pobreza o exclusión social (indicador AROPE),2015,"34,0"
Hombres,Menores de 16 años,Tasa de riesgo de pobreza o exclusión social (indicador AROPE),2014,"35,4"
Hombres,Menores de 16 años,Tasa de riesgo de pobreza o exclusión social (indicador AROPE),2013,"33,4"
Hombres,Menores de 16 años,Tasa de riesgo de pobreza o exclusión social (indicador AROPE),2012,"30,9"
Hombres,Menores de 16 años,Tasa de riesgo de pobreza o exclusión social (indicador AROPE),2011,"30,4"
Hombres,Menores de 16 años,Tasa de riesgo de pobreza o exclusión social (indicador AROPE),2010,"31,7"
Hombres,Menores de 16 años,En riesgo de pobreza (renta año anterior a la entrevista),2023,"29,2"
Hombres,Menores de 16 años,En riesgo de pobreza (renta año anterior a la entrevista),2022,"28,4"
Hombres,Menores de 16 años,En riesgo de pobreza (renta año anterior a la entrevista),2021,"29,0"
Hombres,Menores de 16 años,En riesgo de pobreza (renta año anterior a la entrevista),2020,"27,4"
Hombres,Menores de 16 años,En riesgo de pobreza (renta año anterior a la entrevista),2019,"26,0"
Hombres,Menores de 16 años,En riesgo de pobreza (renta año anterior a la entrevista),2018,"25,5"
Hombres,Menores de 16 años,En riesgo de pobreza (renta año anterior a la entrevista),2017,"27,7"
Hombres,Menores de 16 años,En riesgo de pobreza (renta año anterior a la entrevista),2016,"29,2"
Hombres,Menores de 16 años,En riesgo de pobreza (renta año anterior a la entrevista),2015,"29,0"
Hombres,Menores de 16 años,En riesgo de pobreza (renta año anterior a la entrevista),2014,"30,5"
Hombres,Menores de 16 años,En riesgo de pobreza (renta año anterior a la entrevista),2013,"28,3"
Hombres,Menores de 16 años,En riesgo de pobreza (renta año anterior a la entrevista),2012,"26,1"
Hombres,Menores de 16 años,En riesgo de pobreza (renta año anterior a la entrevista),2011,"26,1"
Hombres,Menores de 16 años,En riesgo de pobreza (renta año anterior a la entrevista),2010,"28,0"
Hombres,Menores de 16 años,Con carencia material severa,2023,"10,5"
Hombres,Menores de 16 años,Con carencia material severa,2022,"9,7"
Hombres,Menores de 16 años,Con carencia material severa,2021,"8,4"
Hombres,Menores de 16 años,Con carencia material severa,2020,"9,0"
Hombres,Menores de 16 años,Con carencia material severa,2019,"5,8"
Hombres,Menores de 16 años,Con carencia material severa,2018,"5,8"
Hombres,Menores de 16 años,Con carencia material severa,2017,"5,6"
Hombres,Menores de 16 años,Con carencia material severa,2016,"5,8"
Hombres,Menores de 16 años,Con carencia material severa,2015,"10,0"
Hombres,Menores de 16 años,Con carencia material severa,2014,"9,9"
Hombres,Menores de 16 años,Con carencia material severa,2013,"8,7"
Hombres,Menores de 16 años,Con carencia material severa,2012,"7,6"
Hombres,Menores de 16 años,Con carencia material severa,2011,"5,3"
Hombres,Menores de 16 años,Con carencia material severa,2010,"6,8"
Hombres,Menores de 16 años,Viviendo en hogares con baja intensidad en el trabajo (de 0 a 59 años),2023,"7,5"
Hombres,Menores de 16 años,Viviendo en hogares con baja intensidad en el trabajo (de 0 a 59 años),2022,"7,1"
Hombres,Menores de 16 años,Viviendo en hogares con baja intensidad en el trabajo (de 0 a 59 años),2021,"8,8"
Hombres,Menores de 16 años,Viviendo en hogares con baja intensidad en el trabajo (de 0 a 59 años),2020,"7,5"
Hombres,Menores de 16 años,Viviendo en hogares con baja intensidad en el trabajo (de 0 a 59 años),2019,"7,2"
Hombres,Menores de 16 años,Viviendo en hogares con baja intensidad en el trabajo (de 0 a 59 años),2018,"7,2"
Hombres,Menores de 16 años,Viviendo en hogares con baja intensidad en el trabajo (de 0 a 59 años),2017,"9,3"
Hombres,Menores de 16 años,Viviendo en hogares con baja intensidad en el trabajo (de 0 a 59 años),2016,"11,8"
Hombres,Menores de 16 años,Viviendo en hogares con baja intensidad en el trabajo (de 0 a 59 años),2015,"11,4"
Hombres,Menores de 16 años,Viviendo en hogares con baja intensidad en el trabajo (de 0 a 59 años),2014,"14,1"
Hombres,Menores de 16 años,Viviendo en hogares con baja intensidad en el trabajo (de 0 a 59 años),2013,"14,0"
Hombres,Menores de 16 años,Viviendo en hogares con baja intensidad en el trabajo (de 0 a 59 años),2012,"10,9"
Hombres,Menores de 16 años,Viviendo en hogares con baja intensidad en el trabajo (de 0 a 59 años),2011,"10,7"
Hombres,Menores de 16 años,Viviendo en hogares con baja intensidad en el trabajo (de 0 a 59 años),2010,"7,9"
Hombres,De 16 a 29 años,Tasa de riesgo de pobreza o exclusión social (indicador AROPE),2023,"32,4"
Hombres,De 16 a 29 años,Tasa de riesgo de pobreza o exclusión social (indicador AROPE),2022,"30,0"
Hombres,De 16 a 29 años,Tasa de riesgo de pobreza o exclusión social (indicador AROPE),2021,"32,9"
Hombres,De 16 a 29 años,Tasa de riesgo de pobreza o exclusión social (indicador AROPE),2020,"31,2"
Hombres,De 16 a 29 años,Tasa de riesgo de pobreza o exclusión social (indicador AROPE),2019,"29,7"
Hombres,De 16 a 29 años,Tasa de riesgo de pobreza o exclusión social (indicador AROPE),2018,"30,5"
Hombres,De 16 a 29 años,Tasa de riesgo de pobreza o exclusión social (indicador AROPE),2017,"33,2"
Hombres,De 16 a 29 años,Tasa de riesgo de pobreza o exclusión social (indicador AROPE),2016,"37,1"
Hombres,De 16 a 29 años,Tasa de riesgo de pobreza o exclusión social (indicador AROPE),2015,"39,1"
Hombres,De 16 a 29 años,Tasa de riesgo de pobreza o exclusión social (indicador AROPE),2014,"36,8"
Hombres,De 16 a 29 años,Tasa de riesgo de pobreza o exclusión social (indicador AROPE),2013,"33,9"
Hombres,De 16 a 29 años,Tasa de riesgo de pobreza o exclusión social (indicador AROPE),2012,"33,2"
Hombres,De 16 a 29 años,Tasa de riesgo de pobreza o exclusión social (indicador AROPE),2011,"28,8"
Hombres,De 16 a 29 años,Tasa de riesgo de pobreza o exclusión social (indicador AROPE),2010,"26,4"
Hombres,De 16 a 29 años,En riesgo de pobreza (renta año anterior a la entrevista),2023,"21,9"
Hombres,De 16 a 29 años,En riesgo de pobreza (renta año anterior a la entrevista),2022,"22,7"
Hombres,De 16 a 29 años,En riesgo de pobreza (renta año anterior a la entrevista),2021,"24,3"
Hombres,De 16 a 29 años,En riesgo de pobreza (renta año anterior a la entrevista),2020,"22,6"
Hombres,De 16 a 29 años,En riesgo de pobreza (renta año anterior a la entrevista),2019,"24,6"
Hombres,De 16 a 29 años,En riesgo de pobreza (renta año anterior a la entrevista),2018,"25,5"
Hombres,De 16 a 29 años,En riesgo de pobreza (renta año anterior a la entrevista),2017,"26,5"
Hombres,De 16 a 29 años,En riesgo de pobreza (renta año anterior a la entrevista),2016,"29,1"
Hombres,De 16 a 29 años,En riesgo de pobreza (renta año anterior a la entrevista),2015,"29,6"
Hombres,De 16 a 29 años,En riesgo de pobreza (renta año anterior a la entrevista),2014,"26,9"
Hombres,De 16 a 29 años,En riesgo de pobreza (renta año anterior a la entrevista),2013,"24,5"
Hombres,De 16 a 29 años,En riesgo de pobreza (renta año anterior a la entrevista),2012,"24,3"
Hombres,De 16 a 29 años,En riesgo de pobreza (renta año anterior a la entrevista),2011,"20,5"
Hombres,De 16 a 29 años,En riesgo de pobreza (renta año anterior a la entrevista),2010,"19,6"
Hombres,De 16 a 29 años,Con carencia material severa,2023,"12,5"
Hombres,De 16 a 29 años,Con carencia material severa,2022,"10,7"
Hombres,De 16 a 29 años,Con carencia material severa,2021,"9,7"
Hombres,De 16 a 29 años,Con carencia material severa,2020,"9,8"
Hombres,De 16 a 29 años,Con carencia material severa,2019,"5,8"
Hombres,De 16 a 29 años,Con carencia material severa,2018,"6,4"
Hombres,De 16 a 29 años,Con carencia material severa,2017,"6,7"
Hombres,De 16 a 29 años,Con carencia material severa,2016,"7,9"
Hombres,De 16 a 29 años,Con carencia material severa,2015,"8,2"
Hombres,De 16 a 29 años,Con carencia material severa,2014,"7,7"
Hombres,De 16 a 29 años,Con carencia material severa,2013,"6,8"
Hombres,De 16 a 29 años,Con carencia material severa,2012,"8,4"
Hombres,De 16 a 29 años,Con carencia material severa,2011,"5,4"
Hombres,De 16 a 29 años,Con carencia material severa,2010,"5,9"
Hombres,De 16 a 29 años,Viviendo en hogares con baja intensidad en el trabajo (de 0 a 59 años),2023,"10,3"
Hombres,De 16 a 29 años,Viviendo en hogares con baja intensidad en el trabajo (de 0 a 59 años),2022,"8,6"
Hombres,De 16 a 29 años,Viviendo en hogares con baja intensidad en el trabajo (de 0 a 59 años),2021,"14,1"
Hombres,De 16 a 29 años,Viviendo en hogares con baja intensidad en el trabajo (de 0 a 59 años),2020,"11,4"
Hombres,De 16 a 29 años,Viviendo en hogares con baja intensidad en el trabajo (de 0 a 59 años),2019,"10,4"
Hombres,De 16 a 29 años,Viviendo en hogares con baja intensidad en el trabajo (de 0 a 59 años),2018,"10,5"
Hombres,De 16 a 29 años,Viviendo en hogares con baja intensidad en el trabajo (de 0 a 59 años),2017,"15,1"
Hombres,De 16 a 29 años,Viviendo en hogares con baja intensidad en el trabajo (de 0 a 59 años),2016,"18,2"
Hombres,De 16 a 29 años,Viviendo en hogares con baja intensidad en el trabajo (de 0 a 59 años),2015,"20,4"
Hombres,De 16 a 29 años,Viviendo en hogares con baja intensidad en el trabajo (de 0 a 59 años),2014,"18,3"
Hombres,De 16 a 29 años,Viviendo en hogares con baja intensidad en el trabajo (de 0 a 59 años),2013,"18,5"
Hombres,De 16 a 29 años,Viviendo en hogares con baja intensidad en el trabajo (de 0 a 59 años),2012,"15,6"
Hombres,De 16 a 29 años,Viviendo en hogares con baja intensidad en el trabajo (de 0 a 59 años),2011,"13,6"
Hombres,De 16 a 29 años,Viviendo en hogares con baja intensidad en el trabajo (de 0 a 59 años),2010,"10,4"
Hombres,De 30 a 44 años,Tasa de riesgo de pobreza o exclusión social (indicador AROPE),2023,"24,4"
Hombres,De 30 a 44 años,Tasa de riesgo de pobreza o exclusión social (indicador AROPE),2022,"24,4"
Hombres,De 30 a 44 años,Tasa de riesgo de pobreza o exclusión social (indicador AROPE),2021,"26,6"
Hombres,De 30 a 44 años,Tasa de riesgo de pobreza o exclusión social (indicador AROPE),2020,"23,6"
Hombres,De 30 a 44 años,Tasa de riesgo de pobreza o exclusión social (indicador AROPE),2019,"24,2"
Hombres,De 30 a 44 años,Tasa de riesgo de pobreza o exclusión social (indicador AROPE),2018,"23,3"
Hombres,De 30 a 44 años,Tasa de riesgo de pobreza o exclusión social (indicador AROPE),2017,"24,6"
Hombres,De 30 a 44 años,Tasa de riesgo de pobreza o exclusión social (indicador AROPE),2016,"26,7"
Hombres,De 30 a 44 años,Tasa de riesgo de pobreza o exclusión social (indicador AROPE),2015,"28,7"
Hombres,De 30 a 44 años,Tasa de riesgo de pobreza o exclusión social (indicador AROPE),2014,"30,5"
Hombres,De 30 a 44 años,Tasa de riesgo de pobreza o exclusión social (indicador AROPE),2013,"28,6"
Hombres,De 30 a 44 años,Tasa de riesgo de pobreza o exclusión social (indicador AROPE),2012,"28,0"
Hombres,De 30 a 44 años,Tasa de riesgo de pobreza o exclusión social (indicador AROPE),2011,"25,8"
Hombres,De 30 a 44 años,Tasa de riesgo de pobreza o exclusión social (indicador AROPE),2010,"25,6"
Hombres,De 30 a 44 años,En riesgo de pobreza (renta año anterior a la entrevista),2023,"16,5"
Hombres,De 30 a 44 años,En riesgo de pobreza (renta año anterior a la entrevista),2022,"17,2"
Hombres,De 30 a 44 años,En riesgo de pobreza (renta año anterior a la entrevista),2021,"20,0"
Hombres,De 30 a 44 años,En riesgo de pobreza (renta año anterior a la entrevista),2020,"17,6"
Hombres,De 30 a 44 años,En riesgo de pobreza (renta año anterior a la entrevista),2019,"18,1"
Hombres,De 30 a 44 años,En riesgo de pobreza (renta año anterior a la entrevista),2018,"17,7"
Hombres,De 30 a 44 años,En riesgo de pobreza (renta año anterior a la entrevista),2017,"18,4"
Hombres,De 30 a 44 años,En riesgo de pobreza (renta año anterior a la entrevista),2016,"21,0"
Hombres,De 30 a 44 años,En riesgo de pobreza (renta año anterior a la entrevista),2015,"21,7"
Hombres,De 30 a 44 años,En riesgo de pobreza (renta año anterior a la entrevista),2014,"22,6"
Hombres,De 30 a 44 años,En riesgo de pobreza (renta año anterior a la entrevista),2013,"20,4"
Hombres,De 30 a 44 años,En riesgo de pobreza (renta año anterior a la entrevista),2012,"20,5"
Hombres,De 30 a 44 años,En riesgo de pobreza (renta año anterior a la entrevista),2011,"18,8"
Hombres,De 30 a 44 años,En riesgo de pobreza (renta año anterior a la entrevista),2010,"18,7"
Hombres,De 30 a 44 años,Con carencia material severa,2023,"9,4"
Hombres,De 30 a 44 años,Con carencia material severa,2022,"8,8"
Hombres,De 30 a 44 años,Con carencia material severa,2021,"6,9"
Hombres,De 30 a 44 años,Con carencia material severa,2020,"6,8"
Hombres,De 30 a 44 años,Con carencia material severa,2019,"4,5"
Hombres,De 30 a 44 años,Con carencia material severa,2018,"4,6"
Hombres,De 30 a 44 años,Con carencia material severa,2017,"4,5"
Hombres,De 30 a 44 años,Con carencia material severa,2016,"4,9"
Hombres,De 30 a 44 años,Con carencia material severa,2015,"5,7"
Hombres,De 30 a 44 años,Con carencia material severa,2014,"8,0"
Hombres,De 30 a 44 años,Con carencia material severa,2013,"8,0"
Hombres,De 30 a 44 años,Con carencia material severa,2012,"7,5"
Hombres,De 30 a 44 años,Con carencia material severa,2011,"4,9"
Hombres,De 30 a 44 años,Con carencia material severa,2010,"5,0"
Hombres,De 30 a 44 años,Viviendo en hogares con baja intensidad en el trabajo (de 0 a 59 años),2023,"6,9"
Hombres,De 30 a 44 años,Viviendo en hogares con baja intensidad en el trabajo (de 0 a 59 años),2022,"7,3"
Hombres,De 30 a 44 años,Viviendo en hogares con baja intensidad en el trabajo (de 0 a 59 años),2021,"9,7"
Hombres,De 30 a 44 años,Viviendo en hogares con baja intensidad en el trabajo (de 0 a 59 años),2020,"8,0"
Hombres,De 30 a 44 años,Viviendo en hogares con baja intensidad en el trabajo (de 0 a 59 años),2019,"8,7"
Hombres,De 30 a 44 años,Viviendo en hogares con baja intensidad en el trabajo (de 0 a 59 años),2018,"8,9"
Hombres,De 30 a 44 años,Viviendo en hogares con baja intensidad en el trabajo (de 0 a 59 años),2017,"10,2"
Hombres,De 30 a 44 años,Viviendo en hogares con baja intensidad en el trabajo (de 0 a 59 años),2016,"11,1"
Hombres,De 30 a 44 años,Viviendo en hogares con baja intensidad en el trabajo (de 0 a 59 años),2015,"12,7"
Hombres,De 30 a 44 años,Viviendo en hogares con baja intensidad en el trabajo (de 0 a 59 años),2014,"15,1"
Hombres,De 30 a 44 años,Viviendo en hogares con baja intensidad en el trabajo (de 0 a 59 años),2013,"13,6"
Hombres,De 30 a 44 años,Viviendo en hogares con baja intensidad en el trabajo (de 0 a 59 años),2012,"12,5"
Hombres,De 30 a 44 años,Viviendo en hogares con baja intensidad en el trabajo (de 0 a 59 años),2011,"12,0"
Hombres,De 30 a 44 años,Viviendo en hogares con baja intensidad en el trabajo (de 0 a 59 años),2010,"10,4"
Hombres,De 45 a 64 años,Tasa de riesgo de pobreza o exclusión social (indicador AROPE),2023,"25,1"
Hombres,De 45 a 64 años,Tasa de riesgo de pobreza o exclusión social (indicador AROPE),2022,"24,1"
Hombres,De 45 a 64 años,Tasa de riesgo de pobreza o exclusión social (indicador AROPE),2021,"26,7"
Hombres,De 45 a 64 años,Tasa de riesgo de pobreza o exclusión social (indicador AROPE),2020,"25,5"
Hombres,De 45 a 64 años,Tasa de riesgo de pobreza o exclusión social (indicador AROPE),2019,"25,3"
Hombres,De 45 a 64 años,Tasa de riesgo de pobreza o exclusión social (indicador AROPE),2018,"27,5"
Hombres,De 45 a 64 años,Tasa de riesgo de pobreza o exclusión social (indicador AROPE),2017,"27,5"
Hombres,De 45 a 64 años,Tasa de riesgo de pobreza o exclusión social (indicador AROPE),2016,"29,9"
Hombres,De 45 a 64 años,Tasa de riesgo de pobreza o exclusión social (indicador AROPE),2015,"30,8"
Hombres,De 45 a 64 años,Tasa de riesgo de pobreza o exclusión social (indicador AROPE),2014,"30,7"
Hombres,De 45 a 64 años,Tasa de riesgo de pobreza o exclusión social (indicador AROPE),2013,"28,5"
Hombres,De 45 a 64 años,Tasa de riesgo de pobreza o exclusión social (indicador AROPE),2012,"27,0"
Hombres,De 45 a 64 años,Tasa de riesgo de pobreza o exclusión social (indicador AROPE),2011,"25,8"
Hombres,De 45 a 64 años,Tasa de riesgo de pobreza o exclusión social (indicador AROPE),2010,"23,4"
Hombres,De 45 a 64 años,En riesgo de pobreza (renta año anterior a la entrevista),2023,"17,6"
Hombres,De 45 a 64 años,En riesgo de pobreza (renta año anterior a la entrevista),2022,"17,6"
Hombres,De 45 a 64 años,En riesgo de pobreza (renta año anterior a la entrevista),2021,"19,7"
Hombres,De 45 a 64 años,En riesgo de pobreza (renta año anterior a la entrevista),2020,"19,1"
Hombres,De 45 a 64 años,En riesgo de pobreza (renta año anterior a la entrevista),2019,"19,5"
Hombres,De 45 a 64 años,En riesgo de pobreza (renta año anterior a la entrevista),2018,"21,9"
Hombres,De 45 a 64 años,En riesgo de pobreza (renta año anterior a la entrevista),2017,"20,8"
Hombres,De 45 a 64 años,En riesgo de pobreza (renta año anterior a la entrevista),2016,"22,3"
Hombres,De 45 a 64 años,En riesgo de pobreza (renta año anterior a la entrevista),2015,"22,2"
Hombres,De 45 a 64 años,En riesgo de pobreza (renta año anterior a la entrevista),2014,"21,6"
Hombres,De 45 a 64 años,En riesgo de pobreza (renta año anterior a la entrevista),2013,"19,4"
Hombres,De 45 a 64 años,En riesgo de pobreza (renta año anterior a la entrevista),2012,"18,8"
Hombres,De 45 a 64 años,En riesgo de pobreza (renta año anterior a la entrevista),2011,"17,8"
Hombres,De 45 a 64 años,En riesgo de pobreza (renta año anterior a la entrevista),2010,"17,0"
Hombres,De 45 a 64 años,Con carencia material severa,2023,"8,2"
Hombres,De 45 a 64 años,Con carencia material severa,2022,"7,0"
Hombres,De 45 a 64 años,Con carencia material severa,2021,"7,0"
Hombres,De 45 a 64 años,Con carencia material severa,2020,"6,3"
Hombres,De 45 a 64 años,Con carencia material severa,2019,"4,7"
Hombres,De 45 a 64 años,Con carencia material severa,2018,"6,0"
Hombres,De 45 a 64 años,Con carencia material severa,2017,"6,0"
Hombres,De 45 a 64 años,Con carencia material severa,2016,"6,0"
Hombres,De 45 a 64 años,Con carencia material severa,2015,"7,2"
Hombres,De 45 a 64 años,Con carencia material severa,2014,"7,0"
Hombres,De 45 a 64 años,Con carencia material severa,2013,"5,1"
Hombres,De 45 a 64 años,Con carencia material severa,2012,"4,5"
Hombres,De 45 a 64 años,Con carencia material severa,2011,"4,0"
Hombres,De 45 a 64 años,Con carencia material severa,2010,"4,0"
Hombres,De 45 a 64 años,Viviendo en hogares con baja intensidad en el trabajo (de 0 a 59 años),2023,"8,7"
Hombres,De 45 a 64 años,Viviendo en hogares con baja intensidad en el trabajo (de 0 a 59 años),2022,"9,1"
Hombres,De 45 a 64 años,Viviendo en hogares con baja intensidad en el trabajo (de 0 a 59 años),2021,"12,7"
Hombres,De 45 a 64 años,Viviendo en hogares con baja intensidad en el trabajo (de 0 a 59 años),2020,"11,9"
Hombres,De 45 a 64 años,Viviendo en hogares con baja intensidad en el trabajo (de 0 a 59 años),2019,"13,0"
Hombres,De 45 a 64 años,Viviendo en hogares con baja intensidad en el trabajo (de 0 a 59 años),2018,"13,2"
Hombres,De 45 a 64 años,Viviendo en hogares con baja intensidad en el trabajo (de 0 a 59 años),2017,"15,4"
Hombres,De 45 a 64 años,Viviendo en hogares con baja intensidad en el trabajo (de 0 a 59 años),2016,"19,3"
Hombres,De 45 a 64 años,Viviendo en hogares con baja intensidad en el trabajo (de 0 a 59 años),2015,"19,5"
Hombres,De 45 a 64 años,Viviendo en hogares con baja intensidad en el trabajo (de 0 a 59 años),2014,"20,7"
Hombres,De 45 a 64 años,Viviendo en hogares con baja intensidad en el trabajo (de 0 a 59 años),2013,"18,5"
Hombres,De 45 a 64 años,Viviendo en hogares con baja intensidad en el trabajo (de 0 a 59 años),2012,"16,4"
Hombres,De 45 a 64 años,Viviendo en hogares con baja intensidad en el trabajo (de 0 a 59 años),2011,"15,4"
Hombres,De 45 a 64 años,Viviendo en hogares con baja intensidad en el trabajo (de 0 a 59 años),2010,"13,5"
Hombres,65 y más años,Tasa de riesgo de pobreza o exclusión social (indicador AROPE),2023,"18,5"
Hombres,65 y más años,Tasa de riesgo de pobreza o exclusión social (indicador AROPE),2022,"18,7"
Hombres,65 y más años,Tasa de riesgo de pobreza o exclusión social (indicador AROPE),2021,"17,5"
Hombres,65 y más años,Tasa de riesgo de pobreza o exclusión social (indicador AROPE),2020,"18,4"
Hombres,65 y más años,Tasa de riesgo de pobreza o exclusión social (indicador AROPE),2019,"15,7"
Hombres,65 y más años,Tasa de riesgo de pobreza o exclusión social (indicador AROPE),2018,"16,3"
Hombres,65 y más años,Tasa de riesgo de pobreza o exclusión social (indicador AROPE),2017,"14,5"
Hombres,65 y más años,Tasa de riesgo de pobreza o exclusión social (indicador AROPE),2016,"13,8"
Hombres,65 y más años,Tasa de riesgo de pobreza o exclusión social (indicador AROPE),2015,"12,2"
Hombres,65 y más años,Tasa de riesgo de pobreza o exclusión social (indicador AROPE),2014,"11,4"
Hombres,65 y más años,Tasa de riesgo de pobreza o exclusión social (indicador AROPE),2013,"13,8"
Hombres,65 y más años,Tasa de riesgo de pobreza o exclusión social (indicador AROPE),2012,"16,1"
Hombres,65 y más años,Tasa de riesgo de pobreza o exclusión social (indicador AROPE),2011,"18,9"
Hombres,65 y más años,Tasa de riesgo de pobreza o exclusión social (indicador AROPE),2010,"20,2"
Hombres,65 y más años,En riesgo de pobreza (renta año anterior a la entrevista),2023,"15,8"
Hombres,65 y más años,En riesgo de pobreza (renta año anterior a la entrevista),2022,"16,3"
Hombres,65 y más años,En riesgo de pobreza (renta año anterior a la entrevista),2021,"14,8"
Hombres,65 y más años,En riesgo de pobreza (renta año anterior a la entrevista),2020,"16,4"
Hombres,65 y más años,En riesgo de pobreza (renta año anterior a la entrevista),2019,"14,5"
Hombres,65 y más años,En riesgo de pobreza (renta año anterior a la entrevista),2018,"14,7"
Hombres,65 y más años,En riesgo de pobreza (renta año anterior a la entrevista),2017,"13,5"
Hombres,65 y más años,En riesgo de pobreza (renta año anterior a la entrevista),2016,"12,7"
Hombres,65 y más años,En riesgo de pobreza (renta año anterior a la entrevista),2015,"11,1"
Hombres,65 y más años,En riesgo de pobreza (renta año anterior a la entrevista),2014,"10,0"
Hombres,65 y más años,En riesgo de pobreza (renta año anterior a la entrevista),2013,"12,1"
Hombres,65 y más años,En riesgo de pobreza (renta año anterior a la entrevista),2012,"14,7"
Hombres,65 y más años,En riesgo de pobreza (renta año anterior a la entrevista),2011,"17,5"
Hombres,65 y más años,En riesgo de pobreza (renta año anterior a la entrevista),2010,"19,4"
Hombres,65 y más años,Con carencia material severa,2023,"4,9"
Hombres,65 y más años,Con carencia material severa,2022,"3,9"
Hombres,65 y más años,Con carencia material severa,2021,"4,8"
Hombres,65 y más años,Con carencia material severa,2020,"3,5"
Hombres,65 y más años,Con carencia material severa,2019,"2,4"
Hombres,65 y más años,Con carencia material severa,2018,"3,2"
Hombres,65 y más años,Con carencia material severa,2017,"1,6"
Hombres,65 y más años,Con carencia material severa,2016,"1,9"
Hombres,65 y más años,Con carencia material severa,2015,"1,8"
Hombres,65 y más años,Con carencia material severa,2014,"1,9"
Hombres,65 y más años,Con carencia material severa,2013,"2,5"
Hombres,65 y más años,Con carencia material severa,2012,"2,5"
Hombres,65 y más años,Con carencia material severa,2011,"2,5"
Hombres,65 y más años,Con carencia material severa,2010,"1,7"
Hombres,65 y más años,Viviendo en hogares con baja intensidad en el trabajo (de 0 a 59 años),2023,..
Hombres,65 y más años,Viviendo en hogares con baja intensidad en el trabajo (de 0 a 59 años),2022,..
Hombres,65 y más años,Viviendo en hogares con baja intensidad en el trabajo (de 0 a 59 años),2021,..
Hombres,65 y más años,Viviendo en hogares con baja intensidad en el trabajo (de 0 a 59 años),2020,..
Hombres,65 y más años,Viviendo en hogares con baja intensidad en el trabajo (de 0 a 59 años),2019,..
Hombres,65 y más años,Viviendo en hogares con baja intensidad en el trabajo (de 0 a 59 años),2018,..
Hombres,65 y más años,Viviendo en hogares con baja intensidad en el trabajo (de 0 a 59 años),2017,..
Hombres,65 y más años,Viviendo en hogares con baja intensidad en el trabajo (de 0 a 59 años),2016,..
Hombres,65 y más años,Viviendo en hogares con baja intensidad en el trabajo (de 0 a 59 años),2015,..
Hombres,65 y más años,Viviendo en hogares con baja intensidad en el trabajo (de 0 a 59 años),2014,..
Hombres,65 y más años,Viviendo en hogares con baja intensidad en el trabajo (de 0 a 59 años),2013,..
Hombres,65 y más años,Viviendo en hogares con baja intensidad en el trabajo (de 0 a 59 años),2012,..
Hombres,65 y más años,Viviendo en hogares con baja intensidad en el trabajo (de 0 a 59 años),2011,..
Hombres,65 y más años,Viviendo en hogares con baja intensidad en el trabajo (de 0 a 59 años),2010,..
Hombres,Menos de 18 años,Tasa de riesgo de pobreza o exclusión social (indicador AROPE),2023,"34,7"
Hombres,Menos de 18 años,Tasa de riesgo de pobreza o exclusión social (indicador AROPE),2022,"32,7"
Hombres,Menos de 18 años,Tasa de riesgo de pobreza o exclusión social (indicador AROPE),2021,"32,8"
Hombres,Menos de 18 años,Tasa de riesgo de pobreza o exclusión social (indicador AROPE),2020,"31,3"
Hombres,Menos de 18 años,Tasa de riesgo de pobreza o exclusión social (indicador AROPE),2019,"28,6"
Hombres,Menos de 18 años,Tasa de riesgo de pobreza o exclusión social (indicador AROPE),2018,"28,4"
Hombres,Menos de 18 años,Tasa de riesgo de pobreza o exclusión social (indicador AROPE),2017,"30,8"
Hombres,Menos de 18 años,Tasa de riesgo de pobreza o exclusión social (indicador AROPE),2016,"33,5"
Hombres,Menos de 18 años,Tasa de riesgo de pobreza o exclusión social (indicador AROPE),2015,"35,0"
Hombres,Menos de 18 años,Tasa de riesgo de pobreza o exclusión social (indicador AROPE),2014,"36,2"
Hombres,Menos de 18 años,Tasa de riesgo de pobreza o exclusión social (indicador AROPE),2013,"34,1"
Hombres,Menos de 18 años,Tasa de riesgo de pobreza o exclusión social (indicador AROPE),2012,"31,8"
Hombres,Menos de 18 años,Tasa de riesgo de pobreza o exclusión social (indicador AROPE),2011,"31,0"
Hombres,Menos de 18 años,Tasa de riesgo de pobreza o exclusión social (indicador AROPE),2010,"32,7"
Hombres,Menos de 18 años,En riesgo de pobreza (renta año anterior a la entrevista),2023,"29,8"
Hombres,Menos de 18 años,En riesgo de pobreza (renta año anterior a la entrevista),2022,"28,7"
Hombres,Menos de 18 años,En riesgo de pobreza (renta año anterior a la entrevista),2021,"28,8"
Hombres,Menos de 18 años,En riesgo de pobreza (renta año anterior a la entrevista),2020,"27,2"
Hombres,Menos de 18 años,En riesgo de pobreza (renta año anterior a la entrevista),2019,"26,5"
Hombres,Menos de 18 años,En riesgo de pobreza (renta año anterior a la entrevista),2018,"26,0"
Hombres,Menos de 18 años,En riesgo de pobreza (renta año anterior a la entrevista),2017,"27,9"
Hombres,Menos de 18 años,En riesgo de pobreza (renta año anterior a la entrevista),2016,"30,2"
Hombres,Menos de 18 años,En riesgo de pobreza (renta año anterior a la entrevista),2015,"29,9"
Hombres,Menos de 18 años,En riesgo de pobreza (renta año anterior a la entrevista),2014,"31,1"
Hombres,Menos de 18 años,En riesgo de pobreza (renta año anterior a la entrevista),2013,"29,1"
Hombres,Menos de 18 años,En riesgo de pobreza (renta año anterior a la entrevista),2012,"27,2"
Hombres,Menos de 18 años,En riesgo de pobreza (renta año anterior a la entrevista),2011,"26,6"
Hombres,Menos de 18 años,En riesgo de pobreza (renta año anterior a la entrevista),2010,"28,7"
Hombres,Menos de 18 años,Con carencia material severa,2023,"10,8"
Hombres,Menos de 18 años,Con carencia material severa,2022,"9,7"
Hombres,Menos de 18 años,Con carencia material severa,2021,"8,9"
Hombres,Menos de 18 años,Con carencia material severa,2020,"9,0"
Hombres,Menos de 18 años,Con carencia material severa,2019,"5,9"
Hombres,Menos de 18 años,Con carencia material severa,2018,"6,1"
Hombres,Menos de 18 años,Con carencia material severa,2017,"5,7"
Hombres,Menos de 18 años,Con carencia material severa,2016,"6,3"
Hombres,Menos de 18 años,Con carencia material severa,2015,"9,8"
Hombres,Menos de 18 años,Con carencia material severa,2014,"9,8"
Hombres,Menos de 18 años,Con carencia material severa,2013,"8,5"
Hombres,Menos de 18 años,Con carencia material severa,2012,"7,9"
Hombres,Menos de 18 años,Con carencia material severa,2011,"5,1"
Hombres,Menos de 18 años,Con carencia material severa,2010,"7,0"
Hombres,Menos de 18 años,Viviendo en hogares con baja intensidad en el trabajo (de 0 a 59 años),2023,"7,6"
Hombres,Menos de 18 años,Viviendo en hogares con baja intensidad en el trabajo (de 0 a 59 años),2022,"7,0"
Hombres,Menos de 18 años,Viviendo en hogares con baja intensidad en el trabajo (de 0 a 59 años),2021,"8,9"
Hombres,Menos de 18 años,Viviendo en hogares con baja intensidad en el trabajo (de 0 a 59 años),2020,"7,5"
Hombres,Menos de 18 años,Viviendo en hogares con baja intensidad en el trabajo (de 0 a 59 años),2019,"7,6"
Hombres,Menos de 18 años,Viviendo en hogares con baja intensidad en el trabajo (de 0 a 59 años),2018,"7,3"
Hombres,Menos de 18 años,Viviendo en hogares con baja intensidad en el trabajo (de 0 a 59 años),2017,"9,4"
Hombres,Menos de 18 años,Viviendo en hogares con baja intensidad en el trabajo (de 0 a 59 años),2016,"12,3"
Hombres,Menos de 18 años,Viviendo en hogares con baja intensidad en el trabajo (de 0 a 59 años),2015,"11,9"
Hombres,Menos de 18 años,Viviendo en hogares con baja intensidad en el trabajo (de 0 a 59 años),2014,"14,3"
Hombres,Menos de 18 años,Viviendo en hogares con baja intensidad en el trabajo (de 0 a 59 años),2013,"14,8"
Hombres,Menos de 18 años,Viviendo en hogares con baja intensidad en el trabajo (de 0 a 59 años),2012,"11,4"
Hombres,Menos de 18 años,Viviendo en hogares con baja intensidad en el trabajo (de 0 a 59 años),2011,"11,0"
Hombres,Menos de 18 años,Viviendo en hogares con baja intensidad en el trabajo (de 0 a 59 años),2010,"8,4"
Hombres,De 18 a 64 años,Tasa de riesgo de pobreza o exclusión social (indicador AROPE),2023,"26,2"
Hombres,De 18 a 64 años,Tasa de riesgo de pobreza o exclusión social (indicador AROPE),2022,"25,2"
Hombres,De 18 a 64 años,Tasa de riesgo de pobreza o exclusión social (indicador AROPE),2021,"27,9"
Hombres,De 18 a 64 años,Tasa de riesgo de pobreza o exclusión social (indicador AROPE),2020,"26,0"
Hombres,De 18 a 64 años,Tasa de riesgo de pobreza o exclusión social (indicador AROPE),2019,"25,7"
Hombres,De 18 a 64 años,Tasa de riesgo de pobreza o exclusión social (indicador AROPE),2018,"26,5"
Hombres,De 18 a 64 años,Tasa de riesgo de pobreza o exclusión social (indicador AROPE),2017,"27,5"
Hombres,De 18 a 64 años,Tasa de riesgo de pobreza o exclusión social (indicador AROPE),2016,"29,9"
Hombres,De 18 a 64 años,Tasa de riesgo de pobreza o exclusión social (indicador AROPE),2015,"31,4"
Hombres,De 18 a 64 años,Tasa de riesgo de pobreza o exclusión social (indicador AROPE),2014,"31,7"
Hombres,De 18 a 64 años,Tasa de riesgo de pobreza o exclusión social (indicador AROPE),2013,"29,4"
Hombres,De 18 a 64 años,Tasa de riesgo de pobreza o exclusión social (indicador AROPE),2012,"28,5"
Hombres,De 18 a 64 años,Tasa de riesgo de pobreza o exclusión social (indicador AROPE),2011,"26,2"
Hombres,De 18 a 64 años,Tasa de riesgo de pobreza o exclusión social (indicador AROPE),2010,"24,5"
Hombres,De 18 a 64 años,En riesgo de pobreza (renta año anterior a la entrevista),2023,"17,7"
Hombres,De 18 a 64 años,En riesgo de pobreza (renta año anterior a la entrevista),2022,"18,2"
Hombres,De 18 a 64 años,En riesgo de pobreza (renta año anterior a la entrevista),2021,"20,6"
Hombres,De 18 a 64 años,En riesgo de pobreza (renta año anterior a la entrevista),2020,"19,2"
Hombres,De 18 a 64 años,En riesgo de pobreza (renta año anterior a la entrevista),2019,"19,9"
Hombres,De 18 a 64 años,En riesgo de pobreza (renta año anterior a la entrevista),2018,"21,0"
Hombres,De 18 a 64 años,En riesgo de pobreza (renta año anterior a la entrevista),2017,"21,0"
Hombres,De 18 a 64 años,En riesgo de pobreza (renta año anterior a la entrevista),2016,"22,8"
Hombres,De 18 a 64 años,En riesgo de pobreza (renta año anterior a la entrevista),2015,"23,1"
Hombres,De 18 a 64 años,En riesgo de pobreza (renta año anterior a la entrevista),2014,"22,8"
Hombres,De 18 a 64 años,En riesgo de pobreza (renta año anterior a la entrevista),2013,"20,5"
Hombres,De 18 a 64 años,En riesgo de pobreza (renta año anterior a la entrevista),2012,"20,3"
Hombres,De 18 a 64 años,En riesgo de pobreza (renta año anterior a la entrevista),2011,"18,5"
Hombres,De 18 a 64 años,En riesgo de pobreza (renta año anterior a la entrevista),2010,"17,8"
Hombres,De 18 a 64 años,Con carencia material severa,2023,"9,4"
Hombres,De 18 a 64 años,Con carencia material severa,2022,"8,3"
Hombres,De 18 a 64 años,Con carencia material severa,2021,"7,4"
Hombres,De 18 a 64 años,Con carencia material severa,2020,"7,2"
Hombres,De 18 a 64 años,Con carencia material severa,2019,"4,8"
Hombres,De 18 a 64 años,Con carencia material severa,2018,"5,5"
Hombres,De 18 a 64 años,Con carencia material severa,2017,"5,6"
Hombres,De 18 a 64 años,Con carencia material severa,2016,"5,9"
Hombres,De 18 a 64 años,Con carencia material severa,2015,"6,8"
Hombres,De 18 a 64 años,Con carencia material severa,2014,"7,5"
Hombres,De 18 a 64 años,Con carencia material severa,2013,"6,6"
Hombres,De 18 a 64 años,Con carencia material severa,2012,"6,5"
Hombres,De 18 a 64 años,Con carencia material severa,2011,"4,7"
Hombres,De 18 a 64 años,Con carencia material severa,2010,"4,7"
Hombres,De 18 a 64 años,Viviendo en hogares con baja intensidad en el trabajo (de 0 a 59 años),2023,"8,5"
Hombres,De 18 a 64 años,Viviendo en hogares con baja intensidad en el trabajo (de 0 a 59 años),2022,"8,4"
Hombres,De 18 a 64 años,Viviendo en hogares con baja intensidad en el trabajo (de 0 a 59 años),2021,"12,0"
Hombres,De 18 a 64 años,Viviendo en hogares con baja intensidad en el trabajo (de 0 a 59 años),2020,"10,4"
Hombres,De 18 a 64 años,Viviendo en hogares con baja intensidad en el trabajo (de 0 a 59 años),2019,"10,8"
Hombres,De 18 a 64 años,Viviendo en hogares con baja intensidad en el trabajo (de 0 a 59 años),2018,"11,0"
Hombres,De 18 a 64 años,Viviendo en hogares con baja intensidad en el trabajo (de 0 a 59 años),2017,"13,4"
Hombres,De 18 a 64 años,Viviendo en hogares con baja intensidad en el trabajo (de 0 a 59 años),2016,"15,7"
Hombres,De 18 a 64 años,Viviendo en hogares con baja intensidad en el trabajo (de 0 a 59 años),2015,"17,0"
Hombres,De 18 a 64 años,Viviendo en hogares con baja intensidad en el trabajo (de 0 a 59 años),2014,"17,9"
Hombres,De 18 a 64 años,Viviendo en hogares con baja intensidad en el trabajo (de 0 a 59 años),2013,"16,3"
Hombres,De 18 a 64 años,Viviendo en hogares con baja intensidad en el trabajo (de 0 a 59 años),2012,"14,5"
Hombres,De 18 a 64 años,Viviendo en hogares con baja intensidad en el trabajo (de 0 a 59 años),2011,"13,5"
Hombres,De 18 a 64 años,Viviendo en hogares con baja intensidad en el trabajo (de 0 a 59 años),2010,"11,3"
Mujeres,Total,Tasa de riesgo de pobreza o exclusión social (indicador AROPE),2023,"27,5"
Mujeres,Total,Tasa de riesgo de pobreza o exclusión social (indicador AROPE),2022,"27,1"
Mujeres,Total,Tasa de riesgo de pobreza o exclusión social (indicador AROPE),2021,"28,3"
Mujeres,Total,Tasa de riesgo de pobreza o exclusión social (indicador AROPE),2020,"27,2"
Mujeres,Total,Tasa de riesgo de pobreza o exclusión social (indicador AROPE),2019,"26,0"
Mujeres,Total,Tasa de riesgo de pobreza o exclusión social (indicador AROPE),2018,"27,0"
Mujeres,Total,Tasa de riesgo de pobreza o exclusión social (indicador AROPE),2017,"27,1"
Mujeres,Total,Tasa de riesgo de pobreza o exclusión social (indicador AROPE),2016,"27,9"
Mujeres,Total,Tasa de riesgo de pobreza o exclusión social (indicador AROPE),2015,"28,3"
Mujeres,Total,Tasa de riesgo de pobreza o exclusión social (indicador AROPE),2014,"28,9"
Mujeres,Total,Tasa de riesgo de pobreza o exclusión social (indicador AROPE),2013,"26,7"
Mujeres,Total,Tasa de riesgo de pobreza o exclusión social (indicador AROPE),2012,"27,2"
Mujeres,Total,Tasa de riesgo de pobreza o exclusión social (indicador AROPE),2011,"27,4"
Mujeres,Total,Tasa de riesgo de pobreza o exclusión social (indicador AROPE),2010,"26,7"
Mujeres,Total,En riesgo de pobreza (renta año anterior a la entrevista),2023,"20,8"
Mujeres,Total,En riesgo de pobreza (renta año anterior a la entrevista),2022,"21,1"
Mujeres,Total,En riesgo de pobreza (renta año anterior a la entrevista),2021,"22,2"
Mujeres,Total,En riesgo de pobreza (renta año anterior a la entrevista),2020,"21,7"
Mujeres,Total,En riesgo de pobreza (renta año anterior a la entrevista),2019,"21,1"
Mujeres,Total,En riesgo de pobreza (renta año anterior a la entrevista),2018,"22,2"
Mujeres,Total,En riesgo de pobreza (renta año anterior a la entrevista),2017,"22,2"
Mujeres,Total,En riesgo de pobreza (renta año anterior a la entrevista),2016,"22,1"
Mujeres,Total,En riesgo de pobreza (renta año anterior a la entrevista),2015,"21,8"
Mujeres,Total,En riesgo de pobreza (renta año anterior a la entrevista),2014,"22,1"
Mujeres,Total,En riesgo de pobreza (renta año anterior a la entrevista),2013,"19,9"
Mujeres,Total,En riesgo de pobreza (renta año anterior a la entrevista),2012,"20,9"
Mujeres,Total,En riesgo de pobreza (renta año anterior a la entrevista),2011,"21,4"
Mujeres,Total,En riesgo de pobreza (renta año anterior a la entrevista),2010,"21,3"
Mujeres,Total,Con carencia material severa,2023,"9,0"
Mujeres,Total,Con carencia material severa,2022,"8,3"
Mujeres,Total,Con carencia material severa,2021,"7,4"
Mujeres,Total,Con carencia material severa,2020,"7,0"
Mujeres,Total,Con carencia material severa,2019,"4,8"
Mujeres,Total,Con carencia material severa,2018,"5,5"
Mujeres,Total,Con carencia material severa,2017,"5,3"
Mujeres,Total,Con carencia material severa,2016,"6,2"
Mujeres,Total,Con carencia material severa,2015,"6,3"
Mujeres,Total,Con carencia material severa,2014,"7,1"
Mujeres,Total,Con carencia material severa,2013,"6,1"
Mujeres,Total,Con carencia material severa,2012,"5,5"
Mujeres,Total,Con carencia material severa,2011,"4,6"
Mujeres,Total,Con carencia material severa,2010,"5,1"
Mujeres,Total,Viviendo en hogares con baja intensidad en el trabajo (de 0 a 59 años),2023,"8,7"
Mujeres,Total,Viviendo en hogares con baja intensidad en el trabajo (de 0 a 59 años),2022,"9,3"
Mujeres,Total,Viviendo en hogares con baja intensidad en el trabajo (de 0 a 59 años),2021,"12,1"
Mujeres,Total,Viviendo en hogares con baja intensidad en el trabajo (de 0 a 59 años),2020,"10,1"
Mujeres,Total,Viviendo en hogares con baja intensidad en el trabajo (de 0 a 59 años),2019,"11,7"
Mujeres,Total,Viviendo en hogares con baja intensidad en el trabajo (de 0 a 59 años),2018,"11,2"
Mujeres,Total,Viviendo en hogares con baja intensidad en el trabajo (de 0 a 59 años),2017,"13,2"
Mujeres,Total,Viviendo en hogares con baja intensidad en el trabajo (de 0 a 59 años),2016,"14,8"
Mujeres,Total,Viviendo en hogares con baja intensidad en el trabajo (de 0 a 59 años),2015,"15,1"
Mujeres,Total,Viviendo en hogares con baja intensidad en el trabajo (de 0 a 59 años),2014,"17,2"
Mujeres,Total,Viviendo en hogares con baja intensidad en el trabajo (de 0 a 59 años),2013,"15,4"
Mujeres,Total,Viviendo en hogares con baja intensidad en el trabajo (de 0 a 59 años),2012,"14,8"
Mujeres,Total,Viviendo en hogares con baja intensidad en el trabajo (de 0 a 59 años),2011,"13,8"
Mujeres,Total,Viviendo en hogares con baja intensidad en el trabajo (de 0 a 59 años),2010,"11,0"
Mujeres,Menores de 16 años,Tasa de riesgo de pobreza o exclusión social (indicador AROPE),2023,"33,0"
Mujeres,Menores de 16 años,Tasa de riesgo de pobreza o exclusión social (indicador AROPE),2022,"31,4"
Mujeres,Menores de 16 años,Tasa de riesgo de pobreza o exclusión social (indicador AROPE),2021,"32,3"
Mujeres,Menores de 16 años,Tasa de riesgo de pobreza o exclusión social (indicador AROPE),2020,"31,1"
Mujeres,Menores de 16 años,Tasa de riesgo de pobreza o exclusión social (indicador AROPE),2019,"32,1"
Mujeres,Menores de 16 años,Tasa de riesgo de pobreza o exclusión social (indicador AROPE),2018,"29,9"
Mujeres,Menores de 16 años,Tasa de riesgo de pobreza o exclusión social (indicador AROPE),2017,"31,5"
Mujeres,Menores de 16 años,Tasa de riesgo de pobreza o exclusión social (indicador AROPE),2016,"31,0"
Mujeres,Menores de 16 años,Tasa de riesgo de pobreza o exclusión social (indicador AROPE),2015,"32,9"
Mujeres,Menores de 16 años,Tasa de riesgo de pobreza o exclusión social (indicador AROPE),2014,"35,3"
Mujeres,Menores de 16 años,Tasa de riesgo de pobreza o exclusión social (indicador AROPE),2013,"30,4"
Mujeres,Menores de 16 años,Tasa de riesgo de pobreza o exclusión social (indicador AROPE),2012,"32,0"
Mujeres,Menores de 16 años,Tasa de riesgo de pobreza o exclusión social (indicador AROPE),2011,"32,9"
Mujeres,Menores de 16 años,Tasa de riesgo de pobreza o exclusión social (indicador AROPE),2010,"33,5"
Mujeres,Menores de 16 años,En riesgo de pobreza (renta año anterior a la entrevista),2023,"27,8"
Mujeres,Menores de 16 años,En riesgo de pobreza (renta año anterior a la entrevista),2022,"27,0"
Mujeres,Menores de 16 años,En riesgo de pobreza (renta año anterior a la entrevista),2021,"28,4"
Mujeres,Menores de 16 años,En riesgo de pobreza (renta año anterior a la entrevista),2020,"27,7"
Mujeres,Menores de 16 años,En riesgo de pobreza (renta año anterior a la entrevista),2019,"28,2"
Mujeres,Menores de 16 años,En riesgo de pobreza (renta año anterior a la entrevista),2018,"26,9"
Mujeres,Menores de 16 años,En riesgo de pobreza (renta año anterior a la entrevista),2017,"28,6"
Mujeres,Menores de 16 años,En riesgo de pobreza (renta año anterior a la entrevista),2016,"28,6"
Mujeres,Menores de 16 años,En riesgo de pobreza (renta año anterior a la entrevista),2015,"28,6"
Mujeres,Menores de 16 años,En riesgo de pobreza (renta año anterior a la entrevista),2014,"29,8"
Mujeres,Menores de 16 años,En riesgo de pobreza (renta año anterior a la entrevista),2013,"25,0"
Mujeres,Menores de 16 años,En riesgo de pobreza (renta año anterior a la entrevista),2012,"27,8"
Mujeres,Menores de 16 años,En riesgo de pobreza (renta año anterior a la entrevista),2011,"28,2"
Mujeres,Menores de 16 años,En riesgo de pobreza (renta año anterior a la entrevista),2010,"29,6"
Mujeres,Menores de 16 años,Con carencia material severa,2023,"11,1"
Mujeres,Menores de 16 años,Con carencia material severa,2022,"10,7"
Mujeres,Menores de 16 años,Con carencia material severa,2021,"8,7"
Mujeres,Menores de 16 años,Con carencia material severa,2020,"9,1"
Mujeres,Menores de 16 años,Con carencia material severa,2019,"6,3"
Mujeres,Menores de 16 años,Con carencia material severa,2018,"6,6"
Mujeres,Menores de 16 años,Con carencia material severa,2017,"7,2"
Mujeres,Menores de 16 años,Con carencia material severa,2016,"7,8"
Mujeres,Menores de 16 años,Con carencia material severa,2015,"8,2"
Mujeres,Menores de 16 años,Con carencia material severa,2014,"9,3"
Mujeres,Menores de 16 años,Con carencia material severa,2013,"8,0"
Mujeres,Menores de 16 años,Con carencia material severa,2012,"7,2"
Mujeres,Menores de 16 años,Con carencia material severa,2011,"5,2"
Mujeres,Menores de 16 años,Con carencia material severa,2010,"7,6"
Mujeres,Menores de 16 años,Viviendo en hogares con baja intensidad en el trabajo (de 0 a 59 años),2023,"6,7"
Mujeres,Menores de 16 años,Viviendo en hogares con baja intensidad en el trabajo (de 0 a 59 años),2022,"6,5"
Mujeres,Menores de 16 años,Viviendo en hogares con baja intensidad en el trabajo (de 0 a 59 años),2021,"8,8"
Mujeres,Menores de 16 años,Viviendo en hogares con baja intensidad en el trabajo (de 0 a 59 años),2020,"6,6"
Mujeres,Menores de 16 años,Viviendo en hogares con baja intensidad en el trabajo (de 0 a 59 años),2019,"9,4"
Mujeres,Menores de 16 años,Viviendo en hogares con baja intensidad en el trabajo (de 0 a 59 años),2018,"7,4"
Mujeres,Menores de 16 años,Viviendo en hogares con baja intensidad en el trabajo (de 0 a 59 años),2017,"9,9"
Mujeres,Menores de 16 años,Viviendo en hogares con baja intensidad en el trabajo (de 0 a 59 años),2016,"10,4"
Mujeres,Menores de 16 años,Viviendo en hogares con baja intensidad en el trabajo (de 0 a 59 años),2015,"11,8"
Mujeres,Menores de 16 años,Viviendo en hogares con baja intensidad en el trabajo (de 0 a 59 años),2014,"14,3"
Mujeres,Menores de 16 años,Viviendo en hogares con baja intensidad en el trabajo (de 0 a 59 años),2013,"12,8"
Mujeres,Menores de 16 años,Viviendo en hogares con baja intensidad en el trabajo (de 0 a 59 años),2012,"12,7"
Mujeres,Menores de 16 años,Viviendo en hogares con baja intensidad en el trabajo (de 0 a 59 años),2011,"12,1"
Mujeres,Menores de 16 años,Viviendo en hogares con baja intensidad en el trabajo (de 0 a 59 años),2010,"10,4"
Mujeres,De 16 a 29 años,Tasa de riesgo de pobreza o exclusión social (indicador AROPE),2023,"30,0"
Mujeres,De 16 a 29 años,Tasa de riesgo de pobreza o exclusión social (indicador AROPE),2022,"30,4"
Mujeres,De 16 a 29 años,Tasa de riesgo de pobreza o exclusión social (indicador AROPE),2021,"34,2"
Mujeres,De 16 a 29 años,Tasa de riesgo de pobreza o exclusión social (indicador AROPE),2020,"29,3"
Mujeres,De 16 a 29 años,Tasa de riesgo de pobreza o exclusión social (indicador AROPE),2019,"33,8"
Mujeres,De 16 a 29 años,Tasa de riesgo de pobreza o exclusión social (indicador AROPE),2018,"37,2"
Mujeres,De 16 a 29 años,Tasa de riesgo de pobreza o exclusión social (indicador AROPE),2017,"36,5"
Mujeres,De 16 a 29 años,Tasa de riesgo de pobreza o exclusión social (indicador AROPE),2016,"38,1"
Mujeres,De 16 a 29 años,Tasa de riesgo de pobreza o exclusión social (indicador AROPE),2015,"37,2"
Mujeres,De 16 a 29 años,Tasa de riesgo de pobreza o exclusión social (indicador AROPE),2014,"36,0"
Mujeres,De 16 a 29 años,Tasa de riesgo de pobreza o exclusión social (indicador AROPE),2013,"32,2"
Mujeres,De 16 a 29 años,Tasa de riesgo de pobreza o exclusión social (indicador AROPE),2012,"33,9"
Mujeres,De 16 a 29 años,Tasa de riesgo de pobreza o exclusión social (indicador AROPE),2011,"32,0"
Mujeres,De 16 a 29 años,Tasa de riesgo de pobreza o exclusión social (indicador AROPE),2010,"29,1"
Mujeres,De 16 a 29 años,En riesgo de pobreza (renta año anterior a la entrevista),2023,"20,9"
Mujeres,De 16 a 29 años,En riesgo de pobreza (renta año anterior a la entrevista),2022,"21,8"
Mujeres,De 16 a 29 años,En riesgo de pobreza (renta año anterior a la entrevista),2021,"25,0"
Mujeres,De 16 a 29 años,En riesgo de pobreza (renta año anterior a la entrevista),2020,"22,8"
Mujeres,De 16 a 29 años,En riesgo de pobreza (renta año anterior a la entrevista),2019,"28,6"
Mujeres,De 16 a 29 años,En riesgo de pobreza (renta año anterior a la entrevista),2018,"31,2"
Mujeres,De 16 a 29 años,En riesgo de pobreza (renta año anterior a la entrevista),2017,"30,5"
Mujeres,De 16 a 29 años,En riesgo de pobreza (renta año anterior a la entrevista),2016,"30,0"
Mujeres,De 16 a 29 años,En riesgo de pobreza (renta año anterior a la entrevista),2015,"28,9"
Mujeres,De 16 a 29 años,En riesgo de pobreza (renta año anterior a la entrevista),2014,"28,3"
Mujeres,De 16 a 29 años,En riesgo de pobreza (renta año anterior a la entrevista),2013,"23,9"
Mujeres,De 16 a 29 años,En riesgo de pobreza (renta año anterior a la entrevista),2012,"26,3"
Mujeres,De 16 a 29 años,En riesgo de pobreza (renta año anterior a la entrevista),2011,"24,1"
Mujeres,De 16 a 29 años,En riesgo de pobreza (renta año anterior a la entrevista),2010,"23,2"
Mujeres,De 16 a 29 años,Con carencia material severa,2023,"10,5"
Mujeres,De 16 a 29 años,Con carencia material severa,2022,"9,6"
Mujeres,De 16 a 29 años,Con carencia material severa,2021,"10,1"
Mujeres,De 16 a 29 años,Con carencia material severa,2020,"8,8"
Mujeres,De 16 a 29 años,Con carencia material severa,2019,"5,9"
Mujeres,De 16 a 29 años,Con carencia material severa,2018,"7,7"
Mujeres,De 16 a 29 años,Con carencia material severa,2017,"6,7"
Mujeres,De 16 a 29 años,Con carencia material severa,2016,"8,9"
Mujeres,De 16 a 29 años,Con carencia material severa,2015,"8,5"
Mujeres,De 16 a 29 años,Con carencia material severa,2014,"9,8"
Mujeres,De 16 a 29 años,Con carencia material severa,2013,"8,1"
Mujeres,De 16 a 29 años,Con carencia material severa,2012,"6,9"
Mujeres,De 16 a 29 años,Con carencia material severa,2011,"6,5"
Mujeres,De 16 a 29 años,Con carencia material severa,2010,"6,8"
Mujeres,De 16 a 29 años,Viviendo en hogares con baja intensidad en el trabajo (de 0 a 59 años),2023,"8,6"
Mujeres,De 16 a 29 años,Viviendo en hogares con baja intensidad en el trabajo (de 0 a 59 años),2022,"9,8"
Mujeres,De 16 a 29 años,Viviendo en hogares con baja intensidad en el trabajo (de 0 a 59 años),2021,"13,2"
Mujeres,De 16 a 29 años,Viviendo en hogares con baja intensidad en el trabajo (de 0 a 59 años),2020,"9,7"
Mujeres,De 16 a 29 años,Viviendo en hogares con baja intensidad en el trabajo (de 0 a 59 años),2019,"11,8"
Mujeres,De 16 a 29 años,Viviendo en hogares con baja intensidad en el trabajo (de 0 a 59 años),2018,"12,8"
Mujeres,De 16 a 29 años,Viviendo en hogares con baja intensidad en el trabajo (de 0 a 59 años),2017,"14,3"
Mujeres,De 16 a 29 años,Viviendo en hogares con baja intensidad en el trabajo (de 0 a 59 años),2016,"17,0"
Mujeres,De 16 a 29 años,Viviendo en hogares con baja intensidad en el trabajo (de 0 a 59 años),2015,"16,3"
Mujeres,De 16 a 29 años,Viviendo en hogares con baja intensidad en el trabajo (de 0 a 59 años),2014,"18,3"
Mujeres,De 16 a 29 años,Viviendo en hogares con baja intensidad en el trabajo (de 0 a 59 años),2013,"15,3"
Mujeres,De 16 a 29 años,Viviendo en hogares con baja intensidad en el trabajo (de 0 a 59 años),2012,"15,4"
Mujeres,De 16 a 29 años,Viviendo en hogares con baja intensidad en el trabajo (de 0 a 59 años),2011,"14,8"
Mujeres,De 16 a 29 años,Viviendo en hogares con baja intensidad en el trabajo (de 0 a 59 años),2010,"10,2"
Mujeres,De 30 a 44 años,Tasa de riesgo de pobreza o exclusión social (indicador AROPE),2023,"27,4"
Mujeres,De 30 a 44 años,Tasa de riesgo de pobreza o exclusión social (indicador AROPE),2022,"27,0"
Mujeres,De 30 a 44 años,Tasa de riesgo de pobreza o exclusión social (indicador AROPE),2021,"28,0"
Mujeres,De 30 a 44 años,Tasa de riesgo de pobreza o exclusión social (indicador AROPE),2020,"27,7"
Mujeres,De 30 a 44 años,Tasa de riesgo de pobreza o exclusión social (indicador AROPE),2019,"25,2"
Mujeres,De 30 a 44 años,Tasa de riesgo de pobreza o exclusión social (indicador AROPE),2018,"25,5"
Mujeres,De 30 a 44 años,Tasa de riesgo de pobreza o exclusión social (indicador AROPE),2017,"25,5"
Mujeres,De 30 a 44 años,Tasa de riesgo de pobreza o exclusión social (indicador AROPE),2016,"27,4"
Mujeres,De 30 a 44 años,Tasa de riesgo de pobreza o exclusión social (indicador AROPE),2015,"28,3"
Mujeres,De 30 a 44 años,Tasa de riesgo de pobreza o exclusión social (indicador AROPE),2014,"30,2"
Mujeres,De 30 a 44 años,Tasa de riesgo de pobreza o exclusión social (indicador AROPE),2013,"27,5"
Mujeres,De 30 a 44 años,Tasa de riesgo de pobreza o exclusión social (indicador AROPE),2012,"28,0"
Mujeres,De 30 a 44 años,Tasa de riesgo de pobreza o exclusión social (indicador AROPE),2011,"26,2"
Mujeres,De 30 a 44 años,Tasa de riesgo de pobreza o exclusión social (indicador AROPE),2010,"24,2"
Mujeres,De 30 a 44 años,En riesgo de pobreza (renta año anterior a la entrevista),2023,"20,7"
Mujeres,De 30 a 44 años,En riesgo de pobreza (renta año anterior a la entrevista),2022,"21,1"
Mujeres,De 30 a 44 años,En riesgo de pobreza (renta año anterior a la entrevista),2021,"22,2"
Mujeres,De 30 a 44 años,En riesgo de pobreza (renta año anterior a la entrevista),2020,"21,3"
Mujeres,De 30 a 44 años,En riesgo de pobreza (renta año anterior a la entrevista),2019,"19,5"
Mujeres,De 30 a 44 años,En riesgo de pobreza (renta año anterior a la entrevista),2018,"20,9"
Mujeres,De 30 a 44 años,En riesgo de pobreza (renta año anterior a la entrevista),2017,"21,0"
Mujeres,De 30 a 44 años,En riesgo de pobreza (renta año anterior a la entrevista),2016,"21,7"
Mujeres,De 30 a 44 años,En riesgo de pobreza (renta año anterior a la entrevista),2015,"21,8"
Mujeres,De 30 a 44 años,En riesgo de pobreza (renta año anterior a la entrevista),2014,"23,2"
Mujeres,De 30 a 44 años,En riesgo de pobreza (renta año anterior a la entrevista),2013,"21,1"
Mujeres,De 30 a 44 años,En riesgo de pobreza (renta año anterior a la entrevista),2012,"21,9"
Mujeres,De 30 a 44 años,En riesgo de pobreza (renta año anterior a la entrevista),2011,"20,6"
Mujeres,De 30 a 44 años,En riesgo de pobreza (renta año anterior a la entrevista),2010,"18,9"
Mujeres,De 30 a 44 años,Con carencia material severa,2023,"10,0"
Mujeres,De 30 a 44 años,Con carencia material severa,2022,"10,1"
Mujeres,De 30 a 44 años,Con carencia material severa,2021,"8,1"
Mujeres,De 30 a 44 años,Con carencia material severa,2020,"8,1"
Mujeres,De 30 a 44 años,Con carencia material severa,2019,"5,7"
Mujeres,De 30 a 44 años,Con carencia material severa,2018,"5,3"
Mujeres,De 30 a 44 años,Con carencia material severa,2017,"5,1"
Mujeres,De 30 a 44 años,Con carencia material severa,2016,"6,1"
Mujeres,De 30 a 44 años,Con carencia material severa,2015,"7,8"
Mujeres,De 30 a 44 años,Con carencia material severa,2014,"7,8"
Mujeres,De 30 a 44 años,Con carencia material severa,2013,"7,3"
Mujeres,De 30 a 44 años,Con carencia material severa,2012,"6,4"
Mujeres,De 30 a 44 años,Con carencia material severa,2011,"4,9"
Mujeres,De 30 a 44 años,Con carencia material severa,2010,"5,4"
Mujeres,De 30 a 44 años,Viviendo en hogares con baja intensidad en el trabajo (de 0 a 59 años),2023,"7,2"
Mujeres,De 30 a 44 años,Viviendo en hogares con baja intensidad en el trabajo (de 0 a 59 años),2022,"6,9"
Mujeres,De 30 a 44 años,Viviendo en hogares con baja intensidad en el trabajo (de 0 a 59 años),2021,"9,6"
Mujeres,De 30 a 44 años,Viviendo en hogares con baja intensidad en el trabajo (de 0 a 59 años),2020,"8,0"
Mujeres,De 30 a 44 años,Viviendo en hogares con baja intensidad en el trabajo (de 0 a 59 años),2019,"8,7"
Mujeres,De 30 a 44 años,Viviendo en hogares con baja intensidad en el trabajo (de 0 a 59 años),2018,"8,3"
Mujeres,De 30 a 44 años,Viviendo en hogares con baja intensidad en el trabajo (de 0 a 59 años),2017,"9,4"
Mujeres,De 30 a 44 años,Viviendo en hogares con baja intensidad en el trabajo (de 0 a 59 años),2016,"10,7"
Mujeres,De 30 a 44 años,Viviendo en hogares con baja intensidad en el trabajo (de 0 a 59 años),2015,"11,0"
Mujeres,De 30 a 44 años,Viviendo en hogares con baja intensidad en el trabajo (de 0 a 59 años),2014,"13,8"
Mujeres,De 30 a 44 años,Viviendo en hogares con baja intensidad en el trabajo (de 0 a 59 años),2013,"12,7"
Mujeres,De 30 a 44 años,Viviendo en hogares con baja intensidad en el trabajo (de 0 a 59 años),2012,"11,8"
Mujeres,De 30 a 44 años,Viviendo en hogares con baja intensidad en el trabajo (de 0 a 59 años),2011,"11,3"
Mujeres,De 30 a 44 años,Viviendo en hogares con baja intensidad en el trabajo (de 0 a 59 años),2010,"7,8"
Mujeres,De 45 a 64 años,Tasa de riesgo de pobreza o exclusión social (indicador AROPE),2023,"27,0"
Mujeres,De 45 a 64 años,Tasa de riesgo de pobreza o exclusión social (indicador AROPE),2022,"26,4"
Mujeres,De 45 a 64 años,Tasa de riesgo de pobreza o exclusión social (indicador AROPE),2021,"28,5"
Mujeres,De 45 a 64 años,Tasa de riesgo de pobreza o exclusión social (indicador AROPE),2020,"27,3"
Mujeres,De 45 a 64 años,Tasa de riesgo de pobreza o exclusión social (indicador AROPE),2019,"27,0"
Mujeres,De 45 a 64 años,Tasa de riesgo de pobreza o exclusión social (indicador AROPE),2018,"27,8"
Mujeres,De 45 a 64 años,Tasa de riesgo de pobreza o exclusión social (indicador AROPE),2017,"28,6"
Mujeres,De 45 a 64 años,Tasa de riesgo de pobreza o exclusión social (indicador AROPE),2016,"31,1"
Mujeres,De 45 a 64 años,Tasa de riesgo de pobreza o exclusión social (indicador AROPE),2015,"31,1"
Mujeres,De 45 a 64 años,Tasa de riesgo de pobreza o exclusión social (indicador AROPE),2014,"31,3"
Mujeres,De 45 a 64 años,Tasa de riesgo de pobreza o exclusión social (indicador AROPE),2013,"29,3"
Mujeres,De 45 a 64 años,Tasa de riesgo de pobreza o exclusión social (indicador AROPE),2012,"27,4"
Mujeres,De 45 a 64 años,Tasa de riesgo de pobreza o exclusión social (indicador AROPE),2011,"25,7"
Mujeres,De 45 a 64 años,Tasa de riesgo de pobreza o exclusión social (indicador AROPE),2010,"24,9"
Mujeres,De 45 a 64 años,En riesgo de pobreza (renta año anterior a la entrevista),2023,"18,0"
Mujeres,De 45 a 64 años,En riesgo de pobreza (renta año anterior a la entrevista),2022,"18,3"
Mujeres,De 45 a 64 años,En riesgo de pobreza (renta año anterior a la entrevista),2021,"19,8"
Mujeres,De 45 a 64 años,En riesgo de pobreza (renta año anterior a la entrevista),2020,"19,3"
Mujeres,De 45 a 64 años,En riesgo de pobreza (renta año anterior a la entrevista),2019,"19,8"
Mujeres,De 45 a 64 años,En riesgo de pobreza (renta año anterior a la entrevista),2018,"20,7"
Mujeres,De 45 a 64 años,En riesgo de pobreza (renta año anterior a la entrevista),2017,"20,3"
Mujeres,De 45 a 64 años,En riesgo de pobreza (renta año anterior a la entrevista),2016,"21,6"
Mujeres,De 45 a 64 años,En riesgo de pobreza (renta año anterior a la entrevista),2015,"20,5"
Mujeres,De 45 a 64 años,En riesgo de pobreza (renta año anterior a la entrevista),2014,"20,3"
Mujeres,De 45 a 64 años,En riesgo de pobreza (renta año anterior a la entrevista),2013,"18,5"
Mujeres,De 45 a 64 años,En riesgo de pobreza (renta año anterior a la entrevista),2012,"17,2"
Mujeres,De 45 a 64 años,En riesgo de pobreza (renta año anterior a la entrevista),2011,"16,3"
Mujeres,De 45 a 64 años,En riesgo de pobreza (renta año anterior a la entrevista),2010,"15,7"
Mujeres,De 45 a 64 años,Con carencia material severa,2023,"9,5"
Mujeres,De 45 a 64 años,Con carencia material severa,2022,"8,1"
Mujeres,De 45 a 64 años,Con carencia material severa,2021,"7,5"
Mujeres,De 45 a 64 años,Con carencia material severa,2020,"7,1"
Mujeres,De 45 a 64 años,Con carencia material severa,2019,"4,6"
Mujeres,De 45 a 64 años,Con carencia material severa,2018,"5,6"
Mujeres,De 45 a 64 años,Con carencia material severa,2017,"5,5"
Mujeres,De 45 a 64 años,Con carencia material severa,2016,"6,6"
Mujeres,De 45 a 64 años,Con carencia material severa,2015,"5,7"
Mujeres,De 45 a 64 años,Con carencia material severa,2014,"6,8"
Mujeres,De 45 a 64 años,Con carencia material severa,2013,"4,9"
Mujeres,De 45 a 64 años,Con carencia material severa,2012,"4,6"
Mujeres,De 45 a 64 años,Con carencia material severa,2011,"4,2"
Mujeres,De 45 a 64 años,Con carencia material severa,2010,"4,0"
Mujeres,De 45 a 64 años,Viviendo en hogares con baja intensidad en el trabajo (de 0 a 59 años),2023,"11,2"
Mujeres,De 45 a 64 años,Viviendo en hogares con baja intensidad en el trabajo (de 0 a 59 años),2022,"12,9"
Mujeres,De 45 a 64 años,Viviendo en hogares con baja intensidad en el trabajo (de 0 a 59 años),2021,"15,8"
Mujeres,De 45 a 64 años,Viviendo en hogares con baja intensidad en el trabajo (de 0 a 59 años),2020,"14,6"
Mujeres,De 45 a 64 años,Viviendo en hogares con baja intensidad en el trabajo (de 0 a 59 años),2019,"15,9"
Mujeres,De 45 a 64 años,Viviendo en hogares con baja intensidad en el trabajo (de 0 a 59 años),2018,"15,7"
Mujeres,De 45 a 64 años,Viviendo en hogares con baja intensidad en el trabajo (de 0 a 59 años),2017,"18,7"
Mujeres,De 45 a 64 años,Viviendo en hogares con baja intensidad en el trabajo (de 0 a 59 años),2016,"21,0"
Mujeres,De 45 a 64 años,Viviendo en hogares con baja intensidad en el trabajo (de 0 a 59 años),2015,"21,2"
Mujeres,De 45 a 64 años,Viviendo en hogares con baja intensidad en el trabajo (de 0 a 59 años),2014,"22,5"
Mujeres,De 45 a 64 años,Viviendo en hogares con baja intensidad en el trabajo (de 0 a 59 años),2013,"20,8"
Mujeres,De 45 a 64 años,Viviendo en hogares con baja intensidad en el trabajo (de 0 a 59 años),2012,"19,6"
Mujeres,De 45 a 64 años,Viviendo en hogares con baja intensidad en el trabajo (de 0 a 59 años),2011,"17,4"
Mujeres,De 45 a 64 años,Viviendo en hogares con baja intensidad en el trabajo (de 0 a 59 años),2010,"16,3"
Mujeres,65 y más años,Tasa de riesgo de pobreza o exclusión social (indicador AROPE),2023,"23,1"
Mujeres,65 y más años,Tasa de riesgo de pobreza o exclusión social (indicador AROPE),2022,"23,3"
Mujeres,65 y más años,Tasa de riesgo de pobreza o exclusión social (indicador AROPE),2021,"21,7"
Mujeres,65 y más años,Tasa de riesgo de pobreza o exclusión social (indicador AROPE),2020,"22,2"
Mujeres,65 y más años,Tasa de riesgo de pobreza o exclusión social (indicador AROPE),2019,"15,8"
Mujeres,65 y más años,Tasa de riesgo de pobreza o exclusión social (indicador AROPE),2018,"18,7"
Mujeres,65 y más años,Tasa de riesgo de pobreza o exclusión social (indicador AROPE),2017,"17,8"
Mujeres,65 y más años,Tasa de riesgo de pobreza o exclusión social (indicador AROPE),2016,"14,9"
Mujeres,65 y más años,Tasa de riesgo de pobreza o exclusión social (indicador AROPE),2015,"14,8"
Mujeres,65 y más años,Tasa de riesgo de pobreza o exclusión social (indicador AROPE),2014,"14,0"
Mujeres,65 y más años,Tasa de riesgo de pobreza o exclusión social (indicador AROPE),2013,"15,0"
Mujeres,65 y más años,Tasa de riesgo de pobreza o exclusión social (indicador AROPE),2012,"16,8"
Mujeres,65 y más años,Tasa de riesgo de pobreza o exclusión social (indicador AROPE),2011,"22,9"
Mujeres,65 y más años,Tasa de riesgo de pobreza o exclusión social (indicador AROPE),2010,"24,9"
Mujeres,65 y más años,En riesgo de pobreza (renta año anterior a la entrevista),2023,"20,3"
Mujeres,65 y más años,En riesgo de pobreza (renta año anterior a la entrevista),2022,"20,6"
Mujeres,65 y más años,En riesgo de pobreza (renta año anterior a la entrevista),2021,"19,6"
Mujeres,65 y más años,En riesgo de pobreza (renta año anterior a la entrevista),2020,"20,6"
Mujeres,65 y más años,En riesgo de pobreza (renta año anterior a la entrevista),2019,"14,4"
Mujeres,65 y más años,En riesgo de pobreza (renta año anterior a la entrevista),2018,"16,3"
Mujeres,65 y más años,En riesgo de pobreza (renta año anterior a la entrevista),2017,"15,9"
Mujeres,65 y más años,En riesgo de pobreza (renta año anterior a la entrevista),2016,"13,2"
Mujeres,65 y más años,En riesgo de pobreza (renta año anterior a la entrevista),2015,"13,2"
Mujeres,65 y más años,En riesgo de pobreza (renta año anterior a la entrevista),2014,"12,5"
Mujeres,65 y más años,En riesgo de pobreza (renta año anterior a la entrevista),2013,"13,2"
Mujeres,65 y más años,En riesgo de pobreza (renta año anterior a la entrevista),2012,"14,8"
Mujeres,65 y más años,En riesgo de pobreza (renta año anterior a la entrevista),2011,"21,6"
Mujeres,65 y más años,En riesgo de pobreza (renta año anterior a la entrevista),2010,"23,6"
Mujeres,65 y más años,Con carencia material severa,2023,"5,2"
Mujeres,65 y más años,Con carencia material severa,2022,"4,6"
Mujeres,65 y más años,Con carencia material severa,2021,"4,0"
Mujeres,65 y más años,Con carencia material severa,2020,"3,0"
Mujeres,65 y más años,Con carencia material severa,2019,"2,2"
Mujeres,65 y más años,Con carencia material severa,2018,"3,5"
Mujeres,65 y más años,Con carencia material severa,2017,"3,0"
Mujeres,65 y más años,Con carencia material severa,2016,"2,9"
Mujeres,65 y más años,Con carencia material severa,2015,"2,5"
Mujeres,65 y más años,Con carencia material severa,2014,"2,8"
Mujeres,65 y más años,Con carencia material severa,2013,"3,0"
Mujeres,65 y más años,Con carencia material severa,2012,"3,1"
Mujeres,65 y más años,Con carencia material severa,2011,"2,8"
Mujeres,65 y más años,Con carencia material severa,2010,"2,7"
Mujeres,65 y más años,Viviendo en hogares con baja intensidad en el trabajo (de 0 a 59 años),2023,..
Mujeres,65 y más años,Viviendo en hogares con baja intensidad en el trabajo (de 0 a 59 años),2022,..
Mujeres,65 y más años,Viviendo en hogares con baja intensidad en el trabajo (de 0 a 59 años),2021,..
Mujeres,65 y más años,Viviendo en hogares con baja intensidad en el trabajo (de 0 a 59 años),2020,..
Mujeres,65 y más años,Viviendo en hogares con baja intensidad en el trabajo (de 0 a 59 años),2019,..
Mujeres,65 y más años,Viviendo en hogares con baja intensidad en el trabajo (de 0 a 59 años),2018,..
Mujeres,65 y más años,Viviendo en hogares con baja intensidad en el trabajo (de 0 a 59 años),2017,..
Mujeres,65 y más años,Viviendo en hogares con baja intensidad en el trabajo (de 0 a 59 años),2016,..
Mujeres,65 y más años,Viviendo en hogares con baja intensidad en el trabajo (de 0 a 59 años),2015,..
Mujeres,65 y más años,Viviendo en hogares con baja intensidad en el trabajo (de 0 a 59 años),2014,..
Mujeres,65 y más años,Viviendo en hogares con baja intensidad en el trabajo (de 0 a 59 años),2013,..
Mujeres,65 y más años,Viviendo en hogares con baja intensidad en el trabajo (de 0 a 59 años),2012,..
Mujeres,65 y más años,Viviendo en hogares con baja intensidad en el trabajo (de 0 a 59 años),2011,..
Mujeres,65 y más años,Viviendo en hogares con baja intensidad en el trabajo (de 0 a 59 años),2010,..
Mujeres,Menos de 18 años,Tasa de riesgo de pobreza o exclusión social (indicador AROPE),2023,"33,0"
Mujeres,Menos de 18 años,Tasa de riesgo de pobreza o exclusión social (indicador AROPE),2022,"31,6"
Mujeres,Menos de 18 años,Tasa de riesgo de pobreza o exclusión social (indicador AROPE),2021,"33,1"
Mujeres,Menos de 18 años,Tasa de riesgo de pobreza o exclusión social (indicador AROPE),2020,"30,9"
Mujeres,Menos de 18 años,Tasa de riesgo de pobreza o exclusión social (indicador AROPE),2019,"32,1"
Mujeres,Menos de 18 años,Tasa de riesgo de pobreza o exclusión social (indicador AROPE),2018,"30,8"
Mujeres,Menos de 18 años,Tasa de riesgo de pobreza o exclusión social (indicador AROPE),2017,"31,9"
Mujeres,Menos de 18 años,Tasa de riesgo de pobreza o exclusión social (indicador AROPE),2016,"32,3"
Mujeres,Menos de 18 años,Tasa de riesgo de pobreza o exclusión social (indicador AROPE),2015,"33,8"
Mujeres,Menos de 18 años,Tasa de riesgo de pobreza o exclusión social (indicador AROPE),2014,"35,2"
Mujeres,Menos de 18 años,Tasa de riesgo de pobreza o exclusión social (indicador AROPE),2013,"31,0"
Mujeres,Menos de 18 años,Tasa de riesgo de pobreza o exclusión social (indicador AROPE),2012,"33,1"
Mujeres,Menos de 18 años,Tasa de riesgo de pobreza o exclusión social (indicador AROPE),2011,"33,4"
Mujeres,Menos de 18 años,Tasa de riesgo de pobreza o exclusión social (indicador AROPE),2010,"34,0"
Mujeres,Menos de 18 años,En riesgo de pobreza (renta año anterior a la entrevista),2023,"27,9"
Mujeres,Menos de 18 años,En riesgo de pobreza (renta año anterior a la entrevista),2022,"26,9"
Mujeres,Menos de 18 años,En riesgo de pobreza (renta año anterior a la entrevista),2021,"29,0"
Mujeres,Menos de 18 años,En riesgo de pobreza (renta año anterior a la entrevista),2020,"27,6"
Mujeres,Menos de 18 años,En riesgo de pobreza (renta año anterior a la entrevista),2019,"28,5"
Mujeres,Menos de 18 años,En riesgo de pobreza (renta año anterior a la entrevista),2018,"27,5"
Mujeres,Menos de 18 años,En riesgo de pobreza (renta año anterior a la entrevista),2017,"28,8"
Mujeres,Menos de 18 años,En riesgo de pobreza (renta año anterior a la entrevista),2016,"29,3"
Mujeres,Menos de 18 años,En riesgo de pobreza (renta año anterior a la entrevista),2015,"29,3"
Mujeres,Menos de 18 años,En riesgo de pobreza (renta año anterior a la entrevista),2014,"29,9"
Mujeres,Menos de 18 años,En riesgo de pobreza (renta año anterior a la entrevista),2013,"25,8"
Mujeres,Menos de 18 años,En riesgo de pobreza (renta año anterior a la entrevista),2012,"28,7"
Mujeres,Menos de 18 años,En riesgo de pobreza (renta año anterior a la entrevista),2011,"28,5"
Mujeres,Menos de 18 años,En riesgo de pobreza (renta año anterior a la entrevista),2010,"29,9"
Mujeres,Menos de 18 años,Con carencia material severa,2023,"10,8"
Mujeres,Menos de 18 años,Con carencia material severa,2022,"10,6"
Mujeres,Menos de 18 años,Con carencia material severa,2021,"8,9"
Mujeres,Menos de 18 años,Con carencia material severa,2020,"9,0"
Mujeres,Menos de 18 años,Con carencia material severa,2019,"6,1"
Mujeres,Menos de 18 años,Con carencia material severa,2018,"6,9"
Mujeres,Menos de 18 años,Con carencia material severa,2017,"7,3"
Mujeres,Menos de 18 años,Con carencia material severa,2016,"8,0"
Mujeres,Menos de 18 años,Con carencia material severa,2015,"8,4"
Mujeres,Menos de 18 años,Con carencia material severa,2014,"9,2"
Mujeres,Menos de 18 años,Con carencia material severa,2013,"8,2"
Mujeres,Menos de 18 años,Con carencia material severa,2012,"7,2"
Mujeres,Menos de 18 años,Con carencia material severa,2011,"5,3"
Mujeres,Menos de 18 años,Con carencia material severa,2010,"7,8"
Mujeres,Menos de 18 años,Viviendo en hogares con baja intensidad en el trabajo (de 0 a 59 años),2023,"6,6"
Mujeres,Menos de 18 años,Viviendo en hogares con baja intensidad en el trabajo (de 0 a 59 años),2022,"6,6"
Mujeres,Menos de 18 años,Viviendo en hogares con baja intensidad en el trabajo (de 0 a 59 años),2021,"9,4"
Mujeres,Menos de 18 años,Viviendo en hogares con baja intensidad en el trabajo (de 0 a 59 años),2020,"6,9"
Mujeres,Menos de 18 años,Viviendo en hogares con baja intensidad en el trabajo (de 0 a 59 años),2019,"9,1"
Mujeres,Menos de 18 años,Viviendo en hogares con baja intensidad en el trabajo (de 0 a 59 años),2018,"8,0"
Mujeres,Menos de 18 años,Viviendo en hogares con baja intensidad en el trabajo (de 0 a 59 años),2017,"10,2"
Mujeres,Menos de 18 años,Viviendo en hogares con baja intensidad en el trabajo (de 0 a 59 años),2016,"10,9"
Mujeres,Menos de 18 años,Viviendo en hogares con baja intensidad en el trabajo (de 0 a 59 años),2015,"12,1"
Mujeres,Menos de 18 años,Viviendo en hogares con baja intensidad en el trabajo (de 0 a 59 años),2014,"14,2"
Mujeres,Menos de 18 años,Viviendo en hogares con baja intensidad en el trabajo (de 0 a 59 años),2013,"12,8"
Mujeres,Menos de 18 años,Viviendo en hogares con baja intensidad en el trabajo (de 0 a 59 años),2012,"13,3"
Mujeres,Menos de 18 años,Viviendo en hogares con baja intensidad en el trabajo (de 0 a 59 años),2011,"12,3"
Mujeres,Menos de 18 años,Viviendo en hogares con baja intensidad en el trabajo (de 0 a 59 años),2010,"10,5"
Mujeres,De 18 a 64 años,Tasa de riesgo de pobreza o exclusión social (indicador AROPE),2023,"27,6"
Mujeres,De 18 a 64 años,Tasa de riesgo de pobreza o exclusión social (indicador AROPE),2022,"27,3"
Mujeres,De 18 a 64 años,Tasa de riesgo de pobreza o exclusión social (indicador AROPE),2021,"29,2"
Mujeres,De 18 a 64 años,Tasa de riesgo de pobreza o exclusión social (indicador AROPE),2020,"27,8"
Mujeres,De 18 a 64 años,Tasa de riesgo de pobreza o exclusión social (indicador AROPE),2019,"27,7"
Mujeres,De 18 a 64 años,Tasa de riesgo de pobreza o exclusión social (indicador AROPE),2018,"28,7"
Mujeres,De 18 a 64 años,Tasa de riesgo de pobreza o exclusión social (indicador AROPE),2017,"28,9"
Mujeres,De 18 a 64 años,Tasa de riesgo de pobreza o exclusión social (indicador AROPE),2016,"30,9"
Mujeres,De 18 a 64 años,Tasa de riesgo de pobreza o exclusión social (indicador AROPE),2015,"31,1"
Mujeres,De 18 a 64 años,Tasa de riesgo de pobreza o exclusión social (indicador AROPE),2014,"31,9"
Mujeres,De 18 a 64 años,Tasa de riesgo de pobreza o exclusión social (indicador AROPE),2013,"29,1"
Mujeres,De 18 a 64 años,Tasa de riesgo de pobreza o exclusión social (indicador AROPE),2012,"28,7"
Mujeres,De 18 a 64 años,Tasa de riesgo de pobreza o exclusión social (indicador AROPE),2011,"27,1"
Mujeres,De 18 a 64 años,Tasa de riesgo de pobreza o exclusión social (indicador AROPE),2010,"25,3"
Mujeres,De 18 a 64 años,En riesgo de pobreza (renta año anterior a la entrevista),2023,"19,2"
Mujeres,De 18 a 64 años,En riesgo de pobreza (renta año anterior a la entrevista),2022,"19,7"
Mujeres,De 18 a 64 años,En riesgo de pobreza (renta año anterior a la entrevista),2021,"21,3"
Mujeres,De 18 a 64 años,En riesgo de pobreza (renta año anterior a la entrevista),2020,"20,5"
Mujeres,De 18 a 64 años,En riesgo de pobreza (renta año anterior a la entrevista),2019,"21,4"
Mujeres,De 18 a 64 años,En riesgo de pobreza (renta año anterior a la entrevista),2018,"22,7"
Mujeres,De 18 a 64 años,En riesgo de pobreza (renta año anterior a la entrevista),2017,"22,4"
Mujeres,De 18 a 64 años,En riesgo de pobreza (renta año anterior a la entrevista),2016,"23,0"
Mujeres,De 18 a 64 años,En riesgo de pobreza (renta año anterior a la entrevista),2015,"22,4"
Mujeres,De 18 a 64 años,En riesgo de pobreza (renta año anterior a la entrevista),2014,"22,9"
Mujeres,De 18 a 64 años,En riesgo de pobreza (renta año anterior a la entrevista),2013,"20,3"
Mujeres,De 18 a 64 años,En riesgo de pobreza (renta año anterior a la entrevista),2012,"20,6"
Mujeres,De 18 a 64 años,En riesgo de pobreza (renta año anterior a la entrevista),2011,"19,5"
Mujeres,De 18 a 64 años,En riesgo de pobreza (renta año anterior a la entrevista),2010,"18,3"
Mujeres,De 18 a 64 años,Con carencia material severa,2023,"9,9"
Mujeres,De 18 a 64 años,Con carencia material severa,2022,"9,0"
Mujeres,De 18 a 64 años,Con carencia material severa,2021,"8,2"
Mujeres,De 18 a 64 años,Con carencia material severa,2020,"7,8"
Mujeres,De 18 a 64 años,Con carencia material severa,2019,"5,3"
Mujeres,De 18 a 64 años,Con carencia material severa,2018,"5,9"
Mujeres,De 18 a 64 años,Con carencia material severa,2017,"5,5"
Mujeres,De 18 a 64 años,Con carencia material severa,2016,"6,8"
Mujeres,De 18 a 64 años,Con carencia material severa,2015,"6,9"
Mujeres,De 18 a 64 años,Con carencia material severa,2014,"7,8"
Mujeres,De 18 a 64 años,Con carencia material severa,2013,"6,4"
Mujeres,De 18 a 64 años,Con carencia material severa,2012,"5,8"
Mujeres,De 18 a 64 años,Con carencia material severa,2011,"4,9"
Mujeres,De 18 a 64 años,Con carencia material severa,2010,"5,1"
Mujeres,De 18 a 64 años,Viviendo en hogares con baja intensidad en el trabajo (de 0 a 59 años),2023,"9,3"
Mujeres,De 18 a 64 años,Viviendo en hogares con baja intensidad en el trabajo (de 0 a 59 años),2022,"10,1"
Mujeres,De 18 a 64 años,Viviendo en hogares con baja intensidad en el trabajo (de 0 a 59 años),2021,"12,9"
Mujeres,De 18 a 64 años,Viviendo en hogares con baja intensidad en el trabajo (de 0 a 59 años),2020,"11,1"
Mujeres,De 18 a 64 años,Viviendo en hogares con baja intensidad en el trabajo (de 0 a 59 años),2019,"12,5"
Mujeres,De 18 a 64 años,Viviendo en hogares con baja intensidad en el trabajo (de 0 a 59 años),2018,"12,2"
Mujeres,De 18 a 64 años,Viviendo en hogares con baja intensidad en el trabajo (de 0 a 59 años),2017,"14,1"
Mujeres,De 18 a 64 años,Viviendo en hogares con baja intensidad en el trabajo (de 0 a 59 años),2016,"16,0"
Mujeres,De 18 a 64 años,Viviendo en hogares con baja intensidad en el trabajo (de 0 a 59 años),2015,"16,0"
Mujeres,De 18 a 64 años,Viviendo en hogares con baja intensidad en el trabajo (de 0 a 59 años),2014,"18,2"
Mujeres,De 18 a 64 años,Viviendo en hogares con baja intensidad en el trabajo (de 0 a 59 años),2013,"16,3"
Mujeres,De 18 a 64 años,Viviendo en hogares con baja intensidad en el trabajo (de 0 a 59 años),2012,"15,3"
Mujeres,De 18 a 64 años,Viviendo en hogares con baja intensidad en el trabajo (de 0 a 59 años),2011,"14,2"
Mujeres,De 18 a 64 años,Viviendo en hogares con baja intensidad en el trabajo (de 0 a 59 años),2010,"11,2"
