ano,region,tipo,valor
2010,Andalucía,1. contra las personas,55826
2010,Andalucía,1.1.-homicidios dolosos/asesinatos,275
2010,Andalucía,1.1.1.-homicidios dolosos/asesinatos consumados,80
2010,Andalucía,1.2.-lesiones,19331
2010,Andalucía,1.3.-malos tratos ambito familiar,12865
2010,Andalucía,1.4.-otros contra las personas,23355
2010,Andalucía,10. orden publico,6068
2010,Andalucía,11. legislacion especial,75
2010,Andalucía,12. otras infracciones penales,1046
2010,Andalucía,2. contra la libertad,6084
2010,Andalucía,2.1.-malos tratos habituales en el ambito familiar,2488
2010,Andalucía,2.2.-otros contra la libertad,3596
2010,Andalucía,3. libertad sexual,1395
2010,Andalucía,3.1.-agresion sexual,769
2010,Andalucía,3.2.-agresion sexual con penetracion,247
2010,Andalucía,3.3.-corrupcion de menores o incapacitados,59
2010,Andalucía,3.4.-pornografia de menores,64
2010,Andalucía,3.5.-otros contra la libertad sexual,256
2010,Andalucía,4. relaciones familiares,1317
2010,Andalucía,5. patrimonio,52828
2010,Andalucía,5.1.-hurtos,18730
2010,Andalucía,5.2.-robos con fuerza en las cosas,12521
2010,Andalucía,5.2.1.-robos con fuerza en las cosas en el interior de vehiculos,2743
2010,Andalucía,5.2.2.-robos con fuerza en viviendas,3663
2010,Andalucía,5.2.3.-robos con fuerza en establecimientos,2326
2010,Andalucía,5.3.-robos con violencia o intimidacion,3699
2010,Andalucía,5.3.1.-robos con violencia en via publica,2187
2010,Andalucía,5.3.2.-robos con violencia en viviendas,276
2010,Andalucía,5.3.3.-robos con violencia en establecimientos,929
2010,Andalucía,5.4.-sustraccion de vehiculos,2918
2010,Andalucía,5.5.-estafas,5651
2010,Andalucía,5.5.1.-estafas informaticas,1199
2010,Andalucía,5.6.-danos,6008
2010,Andalucía,5.7.-contra la propiedad intelectual/industrial,767
2010,Andalucía,5.8.-blanqueo de capitales,44
2010,Andalucía,5.9.-otros contra el patrimonio,2490
2010,Andalucía,6. seguridad colectiva,15822
2010,Andalucía,6.1.-trafico de drogas,2948
2010,Andalucía,6.2.-contra la seguridad vial,12365
2010,Andalucía,6.3.-otros contra la seguridad colectiva,509
2010,Andalucía,7. falsedades,1871
2010,Andalucía,8. admon. publica,89
2010,Andalucía,9. admon. justicia,5912
2010,Andalucía,total infracciones penales,148333
2010,Aragón,1. contra las personas,5680
2010,Aragón,1.1.-homicidios dolosos/asesinatos,22
2010,Aragón,1.1.1.-homicidios dolosos/asesinatos consumados,10
2010,Aragón,1.2.-lesiones,2110
2010,Aragón,1.3.-malos tratos ambito familiar,1510
2010,Aragón,1.4.-otros contra las personas,2038
2010,Aragón,10. orden publico,755
2010,Aragón,11. legislacion especial,2
2010,Aragón,12. otras infracciones penales,107
2010,Aragón,2. contra la libertad,868
2010,Aragón,2.1.-malos tratos habituales en el ambito familiar,416
2010,Aragón,2.2.-otros contra la libertad,452
2010,Aragón,3. libertad sexual,233
2010,Aragón,3.1.-agresion sexual,121
2010,Aragón,3.2.-agresion sexual con penetracion,55
2010,Aragón,3.3.-corrupcion de menores o incapacitados,7
2010,Aragón,3.4.-pornografia de menores,17
2010,Aragón,3.5.-otros contra la libertad sexual,33
2010,Aragón,4. relaciones familiares,137
2010,Aragón,5. patrimonio,6812
2010,Aragón,5.1.-hurtos,2716
2010,Aragón,5.2.-robos con fuerza en las cosas,1228
2010,Aragón,5.2.1.-robos con fuerza en las cosas en el interior de vehiculos,145
2010,Aragón,5.2.2.-robos con fuerza en viviendas,295
2010,Aragón,5.2.3.-robos con fuerza en establecimientos,324
2010,Aragón,5.3.-robos con violencia o intimidacion,463
2010,Aragón,5.3.1.-robos con violencia en via publica,253
2010,Aragón,5.3.2.-robos con violencia en viviendas,29
2010,Aragón,5.3.3.-robos con violencia en establecimientos,140
2010,Aragón,5.4.-sustraccion de vehiculos,205
2010,Aragón,5.5.-estafas,747
2010,Aragón,5.5.1.-estafas informaticas,141
2010,Aragón,5.6.-danos,1020
2010,Aragón,5.7.-contra la propiedad intelectual/industrial,95
2010,Aragón,5.8.-blanqueo de capitales,1
2010,Aragón,5.9.-otros contra el patrimonio,337
2010,Aragón,6. seguridad colectiva,1263
2010,Aragón,6.1.-trafico de drogas,305
2010,Aragón,6.2.-contra la seguridad vial,906
2010,Aragón,6.3.-otros contra la seguridad colectiva,52
2010,Aragón,7. falsedades,193
2010,Aragón,8. admon. publica,9
2010,Aragón,9. admon. justicia,585
2010,Aragón,total infracciones penales,16644
2010,Canarias,1. contra las personas,19164
2010,Canarias,1.1.-homicidios dolosos/asesinatos,61
2010,Canarias,1.1.1.-homicidios dolosos/asesinatos consumados,18
2010,Canarias,1.2.-lesiones,6612
2010,Canarias,1.3.-malos tratos ambito familiar,3490
2010,Canarias,1.4.-otros contra las personas,9001
2010,Canarias,10. orden publico,1636
2010,Canarias,11. legislacion especial,5
2010,Canarias,12. otras infracciones penales,141
2010,Canarias,2. contra la libertad,1994
2010,Canarias,2.1.-malos tratos habituales en el ambito familiar,947
2010,Canarias,2.2.-otros contra la libertad,1047
2010,Canarias,3. libertad sexual,494
2010,Canarias,3.1.-agresion sexual,245
2010,Canarias,3.2.-agresion sexual con penetracion,144
2010,Canarias,3.3.-corrupcion de menores o incapacitados,22
2010,Canarias,3.4.-pornografia de menores,19
2010,Canarias,3.5.-otros contra la libertad sexual,64
2010,Canarias,4. relaciones familiares,817
2010,Canarias,5. patrimonio,13619
2010,Canarias,5.1.-hurtos,4773
2010,Canarias,5.2.-robos con fuerza en las cosas,2877
2010,Canarias,5.2.1.-robos con fuerza en las cosas en el interior de vehiculos,409
2010,Canarias,5.2.2.-robos con fuerza en viviendas,935
2010,Canarias,5.2.3.-robos con fuerza en establecimientos,559
2010,Canarias,5.3.-robos con violencia o intimidacion,836
2010,Canarias,5.3.1.-robos con violencia en via publica,530
2010,Canarias,5.3.2.-robos con violencia en viviendas,72
2010,Canarias,5.3.3.-robos con violencia en establecimientos,159
2010,Canarias,5.4.-sustraccion de vehiculos,634
2010,Canarias,5.5.-estafas,1354
2010,Canarias,5.5.1.-estafas informaticas,226
2010,Canarias,5.6.-danos,2460
2010,Canarias,5.7.-contra la propiedad intelectual/industrial,60
2010,Canarias,5.8.-blanqueo de capitales,1
2010,Canarias,5.9.-otros contra el patrimonio,624
2010,Canarias,6. seguridad colectiva,4153
2010,Canarias,6.1.-trafico de drogas,799
2010,Canarias,6.2.-contra la seguridad vial,3269
2010,Canarias,6.3.-otros contra la seguridad colectiva,85
2010,Canarias,7. falsedades,326
2010,Canarias,8. admon. publica,18
2010,Canarias,9. admon. justicia,1311
2010,Canarias,total infracciones penales,43678
2010,Cantabria,1. contra las personas,3222
2010,Cantabria,1.1.-homicidios dolosos/asesinatos,6
2010,Cantabria,1.1.1.-homicidios dolosos/asesinatos consumados,1
2010,Cantabria,1.2.-lesiones,1331
2010,Cantabria,1.3.-malos tratos ambito familiar,557
2010,Cantabria,1.4.-otros contra las personas,1328
2010,Cantabria,10. orden publico,408
2010,Cantabria,11. legislacion especial,1
2010,Cantabria,12. otras infracciones penales,48
2010,Cantabria,2. contra la libertad,337
2010,Cantabria,2.1.-malos tratos habituales en el ambito familiar,188
2010,Cantabria,2.2.-otros contra la libertad,149
2010,Cantabria,3. libertad sexual,81
2010,Cantabria,3.1.-agresion sexual,33
2010,Cantabria,3.2.-agresion sexual con penetracion,21
2010,Cantabria,3.3.-corrupcion de menores o incapacitados,2
2010,Cantabria,3.4.-pornografia de menores,9
2010,Cantabria,3.5.-otros contra la libertad sexual,16
2010,Cantabria,4. relaciones familiares,57
2010,Cantabria,5. patrimonio,3029
2010,Cantabria,5.1.-hurtos,1173
2010,Cantabria,5.2.-robos con fuerza en las cosas,580
2010,Cantabria,5.2.1.-robos con fuerza en las cosas en el interior de vehiculos,56
2010,Cantabria,5.2.2.-robos con fuerza en viviendas,147
2010,Cantabria,5.2.3.-robos con fuerza en establecimientos,192
2010,Cantabria,5.3.-robos con violencia o intimidacion,179
2010,Cantabria,5.3.1.-robos con violencia en via publica,125
2010,Cantabria,5.3.2.-robos con violencia en viviendas,15
2010,Cantabria,5.3.3.-robos con violencia en establecimientos,29
2010,Cantabria,5.4.-sustraccion de vehiculos,84
2010,Cantabria,5.5.-estafas,297
2010,Cantabria,5.5.1.-estafas informaticas,69
2010,Cantabria,5.6.-danos,544
2010,Cantabria,5.7.-contra la propiedad intelectual/industrial,30
2010,Cantabria,5.8.-blanqueo de capitales,14
2010,Cantabria,5.9.-otros contra el patrimonio,128
2010,Cantabria,6. seguridad colectiva,773
2010,Cantabria,6.1.-trafico de drogas,101
2010,Cantabria,6.2.-contra la seguridad vial,640
2010,Cantabria,6.3.-otros contra la seguridad colectiva,32
2010,Cantabria,7. falsedades,79
2010,Cantabria,8. admon. publica,3
2010,Cantabria,9. admon. justicia,242
2010,Cantabria,total infracciones penales,8280
2010,Castilla y León,1. contra las personas,12415
2010,Castilla y León,1.1.-homicidios dolosos/asesinatos,35
2010,Castilla y León,1.1.1.-homicidios dolosos/asesinatos consumados,9
2010,Castilla y León,1.2.-lesiones,4665
2010,Castilla y León,1.3.-malos tratos ambito familiar,2218
2010,Castilla y León,1.4.-otros contra las personas,5497
2010,Castilla y León,10. orden publico,1504
2010,Castilla y León,11. legislacion especial,1
2010,Castilla y León,12. otras infracciones penales,218
2010,Castilla y León,2. contra la libertad,1197
2010,Castilla y León,2.1.-malos tratos habituales en el ambito familiar,565
2010,Castilla y León,2.2.-otros contra la libertad,632
2010,Castilla y León,3. libertad sexual,231
2010,Castilla y León,3.1.-agresion sexual,126
2010,Castilla y León,3.2.-agresion sexual con penetracion,33
2010,Castilla y León,3.3.-corrupcion de menores o incapacitados,7
2010,Castilla y León,3.4.-pornografia de menores,21
2010,Castilla y León,3.5.-otros contra la libertad sexual,44
2010,Castilla y León,4. relaciones familiares,220
2010,Castilla y León,5. patrimonio,12960
2010,Castilla y León,5.1.-hurtos,4792
2010,Castilla y León,5.2.-robos con fuerza en las cosas,2857
2010,Castilla y León,5.2.1.-robos con fuerza en las cosas en el interior de vehiculos,757
2010,Castilla y León,5.2.2.-robos con fuerza en viviendas,608
2010,Castilla y León,5.2.3.-robos con fuerza en establecimientos,609
2010,Castilla y León,5.3.-robos con violencia o intimidacion,572
2010,Castilla y León,5.3.1.-robos con violencia en via publica,337
2010,Castilla y León,5.3.2.-robos con violencia en viviendas,42
2010,Castilla y León,5.3.3.-robos con violencia en establecimientos,141
2010,Castilla y León,5.4.-sustraccion de vehiculos,532
2010,Castilla y León,5.5.-estafas,1418
2010,Castilla y León,5.5.1.-estafas informaticas,301
2010,Castilla y León,5.6.-danos,2250
2010,Castilla y León,5.7.-contra la propiedad intelectual/industrial,77
2010,Castilla y León,5.8.-blanqueo de capitales,5
2010,Castilla y León,5.9.-otros contra el patrimonio,457
2010,Castilla y León,6. seguridad colectiva,3799
2010,Castilla y León,6.1.-trafico de drogas,340
2010,Castilla y León,6.2.-contra la seguridad vial,3361
2010,Castilla y León,6.3.-otros contra la seguridad colectiva,98
2010,Castilla y León,7. falsedades,332
2010,Castilla y León,8. admon. publica,12
2010,Castilla y León,9. admon. justicia,1129
2010,Castilla y León,total infracciones penales,34018
2010,Castilla-La Mancha,1. contra las personas,11015
2010,Castilla-La Mancha,1.1.-homicidios dolosos/asesinatos,41
2010,Castilla-La Mancha,1.1.1.-homicidios dolosos/asesinatos consumados,11
2010,Castilla-La Mancha,1.2.-lesiones,3918
2010,Castilla-La Mancha,1.3.-malos tratos ambito familiar,2658
2010,Castilla-La Mancha,1.4.-otros contra las personas,4398
2010,Castilla-La Mancha,10. orden publico,1260
2010,Castilla-La Mancha,11. legislacion especial,1
2010,Castilla-La Mancha,12. otras infracciones penales,169
2010,Castilla-La Mancha,2. contra la libertad,1055
2010,Castilla-La Mancha,2.1.-malos tratos habituales en el ambito familiar,492
2010,Castilla-La Mancha,2.2.-otros contra la libertad,563
2010,Castilla-La Mancha,3. libertad sexual,252
2010,Castilla-La Mancha,3.1.-agresion sexual,149
2010,Castilla-La Mancha,3.2.-agresion sexual con penetracion,40
2010,Castilla-La Mancha,3.3.-corrupcion de menores o incapacitados,6
2010,Castilla-La Mancha,3.4.-pornografia de menores,13
2010,Castilla-La Mancha,3.5.-otros contra la libertad sexual,44
2010,Castilla-La Mancha,4. relaciones familiares,216
2010,Castilla-La Mancha,5. patrimonio,11156
2010,Castilla-La Mancha,5.1.-hurtos,3429
2010,Castilla-La Mancha,5.2.-robos con fuerza en las cosas,3251
2010,Castilla-La Mancha,5.2.1.-robos con fuerza en las cosas en el interior de vehiculos,438
2010,Castilla-La Mancha,5.2.2.-robos con fuerza en viviendas,897
2010,Castilla-La Mancha,5.2.3.-robos con fuerza en establecimientos,639
2010,Castilla-La Mancha,5.3.-robos con violencia o intimidacion,549
2010,Castilla-La Mancha,5.3.1.-robos con violencia en via publica,337
2010,Castilla-La Mancha,5.3.2.-robos con violencia en viviendas,47
2010,Castilla-La Mancha,5.3.3.-robos con violencia en establecimientos,104
2010,Castilla-La Mancha,5.4.-sustraccion de vehiculos,570
2010,Castilla-La Mancha,5.5.-estafas,1215
2010,Castilla-La Mancha,5.5.1.-estafas informaticas,262
2010,Castilla-La Mancha,5.6.-danos,1520
2010,Castilla-La Mancha,5.7.-contra la propiedad intelectual/industrial,78
2010,Castilla-La Mancha,5.8.-blanqueo de capitales,6
2010,Castilla-La Mancha,5.9.-otros contra el patrimonio,538
2010,Castilla-La Mancha,6. seguridad colectiva,3735
2010,Castilla-La Mancha,6.1.-trafico de drogas,403
2010,Castilla-La Mancha,6.2.-contra la seguridad vial,3256
2010,Castilla-La Mancha,6.3.-otros contra la seguridad colectiva,76
2010,Castilla-La Mancha,7. falsedades,379
2010,Castilla-La Mancha,8. admon. publica,7
2010,Castilla-La Mancha,9. admon. justicia,1163
2010,Castilla-La Mancha,total infracciones penales,30408
2010,Cataluña,1. contra las personas,34057
2010,Cataluña,1.1.-homicidios dolosos/asesinatos,266
2010,Cataluña,1.1.1.-homicidios dolosos/asesinatos consumados,3
2010,Cataluña,1.2.-lesiones,13471
2010,Cataluña,1.3.-malos tratos ambito familiar,6613
2010,Cataluña,1.4.-otros contra las personas,13707
2010,Cataluña,10. orden publico,4687
2010,Cataluña,11. legislacion especial,89
2010,Cataluña,12. otras infracciones penales,1146
2010,Cataluña,2. contra la libertad,9824
2010,Cataluña,2.1.-malos tratos habituales en el ambito familiar,3867
2010,Cataluña,2.2.-otros contra la libertad,5957
2010,Cataluña,3. libertad sexual,1514
2010,Cataluña,3.1.-agresion sexual,669
2010,Cataluña,3.2.-agresion sexual con penetracion,442
2010,Cataluña,3.3.-corrupcion de menores o incapacitados,43
2010,Cataluña,3.4.-pornografia de menores,106
2010,Cataluña,3.5.-otros contra la libertad sexual,254
2010,Cataluña,4. relaciones familiares,1750
2010,Cataluña,5. patrimonio,62094
2010,Cataluña,5.1.-hurtos,19924
2010,Cataluña,5.2.-robos con fuerza en las cosas,12964
2010,Cataluña,5.2.1.-robos con fuerza en las cosas en el interior de vehiculos,3305
2010,Cataluña,5.2.2.-robos con fuerza en viviendas,39
2010,Cataluña,5.2.3.-robos con fuerza en establecimientos,38
2010,Cataluña,5.3.-robos con violencia o intimidacion,6280
2010,Cataluña,5.3.1.-robos con violencia en via publica,13
2010,Cataluña,5.3.2.-robos con violencia en viviendas,4
2010,Cataluña,5.3.3.-robos con violencia en establecimientos,14
2010,Cataluña,5.4.-sustraccion de vehiculos,6603
2010,Cataluña,5.5.-estafas,5276
2010,Cataluña,5.5.1.-estafas informaticas,320
2010,Cataluña,5.6.-danos,5576
2010,Cataluña,5.7.-contra la propiedad intelectual/industrial,553
2010,Cataluña,5.8.-blanqueo de capitales,18
2010,Cataluña,5.9.-otros contra el patrimonio,4900
2010,Cataluña,6. seguridad colectiva,10679
2010,Cataluña,6.1.-trafico de drogas,1782
2010,Cataluña,6.2.-contra la seguridad vial,8752
2010,Cataluña,6.3.-otros contra la seguridad colectiva,145
2010,Cataluña,7. falsedades,3156
2010,Cataluña,8. admon. publica,56
2010,Cataluña,9. admon. justicia,3772
2010,Cataluña,total infracciones penales,132824
2010,Ceuta,1. contra las personas,726
2010,Ceuta,1.1.-homicidios dolosos/asesinatos,5
2010,Ceuta,1.1.1.-homicidios dolosos/asesinatos consumados,1
2010,Ceuta,1.2.-lesiones,328
2010,Ceuta,1.3.-malos tratos ambito familiar,73
2010,Ceuta,1.4.-otros contra las personas,320
2010,Ceuta,10. orden publico,148
2010,Ceuta,11. legislacion especial,8
2010,Ceuta,12. otras infracciones penales,50
2010,Ceuta,2. contra la libertad,255
2010,Ceuta,2.1.-malos tratos habituales en el ambito familiar,218
2010,Ceuta,2.2.-otros contra la libertad,37
2010,Ceuta,3. libertad sexual,17
2010,Ceuta,3.1.-agresion sexual,9
2010,Ceuta,3.2.-agresion sexual con penetracion,0
2010,Ceuta,3.3.-corrupcion de menores o incapacitados,3
2010,Ceuta,3.4.-pornografia de menores,2
2010,Ceuta,3.5.-otros contra la libertad sexual,3
2010,Ceuta,4. relaciones familiares,28
2010,Ceuta,5. patrimonio,764
2010,Ceuta,5.1.-hurtos,213
2010,Ceuta,5.2.-robos con fuerza en las cosas,142
2010,Ceuta,5.2.1.-robos con fuerza en las cosas en el interior de vehiculos,64
2010,Ceuta,5.2.2.-robos con fuerza en viviendas,27
2010,Ceuta,5.2.3.-robos con fuerza en establecimientos,19
2010,Ceuta,5.3.-robos con violencia o intimidacion,92
2010,Ceuta,5.3.1.-robos con violencia en via publica,60
2010,Ceuta,5.3.2.-robos con violencia en viviendas,4
2010,Ceuta,5.3.3.-robos con violencia en establecimientos,10
2010,Ceuta,5.4.-sustraccion de vehiculos,108
2010,Ceuta,5.5.-estafas,55
2010,Ceuta,5.5.1.-estafas informaticas,35
2010,Ceuta,5.6.-danos,92
2010,Ceuta,5.7.-contra la propiedad intelectual/industrial,8
2010,Ceuta,5.8.-blanqueo de capitales,0
2010,Ceuta,5.9.-otros contra el patrimonio,54
2010,Ceuta,6. seguridad colectiva,1372
2010,Ceuta,6.1.-trafico de drogas,1108
2010,Ceuta,6.2.-contra la seguridad vial,261
2010,Ceuta,6.3.-otros contra la seguridad colectiva,3
2010,Ceuta,7. falsedades,41
2010,Ceuta,8. admon. publica,2
2010,Ceuta,9. admon. justicia,101
2010,Ceuta,total infracciones penales,3512
2010,Comunidad Foral de Navarra,1. contra las personas,1765
2010,Comunidad Foral de Navarra,1.1.-homicidios dolosos/asesinatos,10
2010,Comunidad Foral de Navarra,1.1.1.-homicidios dolosos/asesinatos consumados,3
2010,Comunidad Foral de Navarra,1.2.-lesiones,509
2010,Comunidad Foral de Navarra,1.3.-malos tratos ambito familiar,549
2010,Comunidad Foral de Navarra,1.4.-otros contra las personas,697
2010,Comunidad Foral de Navarra,10. orden publico,540
2010,Comunidad Foral de Navarra,11. legislacion especial,3
2010,Comunidad Foral de Navarra,12. otras infracciones penales,183
2010,Comunidad Foral de Navarra,2. contra la libertad,485
2010,Comunidad Foral de Navarra,2.1.-malos tratos habituales en el ambito familiar,184
2010,Comunidad Foral de Navarra,2.2.-otros contra la libertad,301
2010,Comunidad Foral de Navarra,3. libertad sexual,340
2010,Comunidad Foral de Navarra,3.1.-agresion sexual,318
2010,Comunidad Foral de Navarra,3.2.-agresion sexual con penetracion,8
2010,Comunidad Foral de Navarra,3.3.-corrupcion de menores o incapacitados,5
2010,Comunidad Foral de Navarra,3.4.-pornografia de menores,5
2010,Comunidad Foral de Navarra,3.5.-otros contra la libertad sexual,4
2010,Comunidad Foral de Navarra,4. relaciones familiares,53
2010,Comunidad Foral de Navarra,5. patrimonio,2093
2010,Comunidad Foral de Navarra,5.1.-hurtos,778
2010,Comunidad Foral de Navarra,5.2.-robos con fuerza en las cosas,470
2010,Comunidad Foral de Navarra,5.2.1.-robos con fuerza en las cosas en el interior de vehiculos,76
2010,Comunidad Foral de Navarra,5.2.2.-robos con fuerza en viviendas,111
2010,Comunidad Foral de Navarra,5.2.3.-robos con fuerza en establecimientos,84
2010,Comunidad Foral de Navarra,5.3.-robos con violencia o intimidacion,73
2010,Comunidad Foral de Navarra,5.3.1.-robos con violencia en via publica,40
2010,Comunidad Foral de Navarra,5.3.2.-robos con violencia en viviendas,2
2010,Comunidad Foral de Navarra,5.3.3.-robos con violencia en establecimientos,25
2010,Comunidad Foral de Navarra,5.4.-sustraccion de vehiculos,40
2010,Comunidad Foral de Navarra,5.5.-estafas,286
2010,Comunidad Foral de Navarra,5.5.1.-estafas informaticas,80
2010,Comunidad Foral de Navarra,5.6.-danos,341
2010,Comunidad Foral de Navarra,5.7.-contra la propiedad intelectual/industrial,9
2010,Comunidad Foral de Navarra,5.8.-blanqueo de capitales,1
2010,Comunidad Foral de Navarra,5.9.-otros contra el patrimonio,95
2010,Comunidad Foral de Navarra,6. seguridad colectiva,1436
2010,Comunidad Foral de Navarra,6.1.-trafico de drogas,142
2010,Comunidad Foral de Navarra,6.2.-contra la seguridad vial,1258
2010,Comunidad Foral de Navarra,6.3.-otros contra la seguridad colectiva,36
2010,Comunidad Foral de Navarra,7. falsedades,148
2010,Comunidad Foral de Navarra,8. admon. publica,12
2010,Comunidad Foral de Navarra,9. admon. justicia,305
2010,Comunidad Foral de Navarra,total infracciones penales,7363
2010,Comunidad Valenciana,1. contra las personas,28953
2010,Comunidad Valenciana,1.1.-homicidios dolosos/asesinatos,100
2010,Comunidad Valenciana,1.1.1.-homicidios dolosos/asesinatos consumados,42
2010,Comunidad Valenciana,1.2.-lesiones,9639
2010,Comunidad Valenciana,1.3.-malos tratos ambito familiar,8972
2010,Comunidad Valenciana,1.4.-otros contra las personas,10242
2010,Comunidad Valenciana,10. orden publico,4237
2010,Comunidad Valenciana,11. legislacion especial,14
2010,Comunidad Valenciana,12. otras infracciones penales,554
2010,Comunidad Valenciana,2. contra la libertad,3956
2010,Comunidad Valenciana,2.1.-malos tratos habituales en el ambito familiar,1546
2010,Comunidad Valenciana,2.2.-otros contra la libertad,2410
2010,Comunidad Valenciana,3. libertad sexual,980
2010,Comunidad Valenciana,3.1.-agresion sexual,491
2010,Comunidad Valenciana,3.2.-agresion sexual con penetracion,197
2010,Comunidad Valenciana,3.3.-corrupcion de menores o incapacitados,24
2010,Comunidad Valenciana,3.4.-pornografia de menores,82
2010,Comunidad Valenciana,3.5.-otros contra la libertad sexual,186
2010,Comunidad Valenciana,4. relaciones familiares,730
2010,Comunidad Valenciana,5. patrimonio,33786
2010,Comunidad Valenciana,5.1.-hurtos,12049
2010,Comunidad Valenciana,5.2.-robos con fuerza en las cosas,8520
2010,Comunidad Valenciana,5.2.1.-robos con fuerza en las cosas en el interior de vehiculos,1752
2010,Comunidad Valenciana,5.2.2.-robos con fuerza en viviendas,2567
2010,Comunidad Valenciana,5.2.3.-robos con fuerza en establecimientos,1598
2010,Comunidad Valenciana,5.3.-robos con violencia o intimidacion,2612
2010,Comunidad Valenciana,5.3.1.-robos con violencia en via publica,1600
2010,Comunidad Valenciana,5.3.2.-robos con violencia en viviendas,247
2010,Comunidad Valenciana,5.3.3.-robos con violencia en establecimientos,524
2010,Comunidad Valenciana,5.4.-sustraccion de vehiculos,1509
2010,Comunidad Valenciana,5.5.-estafas,3003
2010,Comunidad Valenciana,5.5.1.-estafas informaticas,565
2010,Comunidad Valenciana,5.6.-danos,3794
2010,Comunidad Valenciana,5.7.-contra la propiedad intelectual/industrial,476
2010,Comunidad Valenciana,5.8.-blanqueo de capitales,11
2010,Comunidad Valenciana,5.9.-otros contra el patrimonio,1812
2010,Comunidad Valenciana,6. seguridad colectiva,7757
2010,Comunidad Valenciana,6.1.-trafico de drogas,1375
2010,Comunidad Valenciana,6.2.-contra la seguridad vial,5992
2010,Comunidad Valenciana,6.3.-otros contra la seguridad colectiva,390
2010,Comunidad Valenciana,7. falsedades,1490
2010,Comunidad Valenciana,8. admon. publica,52
2010,Comunidad Valenciana,9. admon. justicia,4173
2010,Comunidad Valenciana,total infracciones penales,86682
2010,Comunidad de Madrid,1. contra las personas,29165
2010,Comunidad de Madrid,1.1.-homicidios dolosos/asesinatos,90
2010,Comunidad de Madrid,1.1.1.-homicidios dolosos/asesinatos consumados,45
2010,Comunidad de Madrid,1.2.-lesiones,9920
2010,Comunidad de Madrid,1.3.-malos tratos ambito familiar,10234
2010,Comunidad de Madrid,1.4.-otros contra las personas,8921
2010,Comunidad de Madrid,10. orden publico,4987
2010,Comunidad de Madrid,11. legislacion especial,3
2010,Comunidad de Madrid,12. otras infracciones penales,486
2010,Comunidad de Madrid,2. contra la libertad,3274
2010,Comunidad de Madrid,2.1.-malos tratos habituales en el ambito familiar,1148
2010,Comunidad de Madrid,2.2.-otros contra la libertad,2126
2010,Comunidad de Madrid,3. libertad sexual,900
2010,Comunidad de Madrid,3.1.-agresion sexual,472
2010,Comunidad de Madrid,3.2.-agresion sexual con penetracion,236
2010,Comunidad de Madrid,3.3.-corrupcion de menores o incapacitados,22
2010,Comunidad de Madrid,3.4.-pornografia de menores,33
2010,Comunidad de Madrid,3.5.-otros contra la libertad sexual,137
2010,Comunidad de Madrid,4. relaciones familiares,579
2010,Comunidad de Madrid,5. patrimonio,44370
2010,Comunidad de Madrid,5.1.-hurtos,21442
2010,Comunidad de Madrid,5.2.-robos con fuerza en las cosas,7014
2010,Comunidad de Madrid,5.2.1.-robos con fuerza en las cosas en el interior de vehiculos,2568
2010,Comunidad de Madrid,5.2.2.-robos con fuerza en viviendas,1321
2010,Comunidad de Madrid,5.2.3.-robos con fuerza en establecimientos,1321
2010,Comunidad de Madrid,5.3.-robos con violencia o intimidacion,3827
2010,Comunidad de Madrid,5.3.1.-robos con violencia en via publica,2393
2010,Comunidad de Madrid,5.3.2.-robos con violencia en viviendas,275
2010,Comunidad de Madrid,5.3.3.-robos con violencia en establecimientos,782
2010,Comunidad de Madrid,5.4.-sustraccion de vehiculos,1892
2010,Comunidad de Madrid,5.5.-estafas,4556
2010,Comunidad de Madrid,5.5.1.-estafas informaticas,569
2010,Comunidad de Madrid,5.6.-danos,3171
2010,Comunidad de Madrid,5.7.-contra la propiedad intelectual/industrial,779
2010,Comunidad de Madrid,5.8.-blanqueo de capitales,36
2010,Comunidad de Madrid,5.9.-otros contra el patrimonio,1653
2010,Comunidad de Madrid,6. seguridad colectiva,6709
2010,Comunidad de Madrid,6.1.-trafico de drogas,2076
2010,Comunidad de Madrid,6.2.-contra la seguridad vial,4448
2010,Comunidad de Madrid,6.3.-otros contra la seguridad colectiva,185
2010,Comunidad de Madrid,7. falsedades,1864
2010,Comunidad de Madrid,8. admon. publica,37
2010,Comunidad de Madrid,9. admon. justicia,3703
2010,Comunidad de Madrid,total infracciones penales,96077
2010,Extremadura,1. contra las personas,5279
2010,Extremadura,1.1.-homicidios dolosos/asesinatos,14
2010,Extremadura,1.1.1.-homicidios dolosos/asesinatos consumados,2
2010,Extremadura,1.2.-lesiones,2104
2010,Extremadura,1.3.-malos tratos ambito familiar,919
2010,Extremadura,1.4.-otros contra las personas,2242
2010,Extremadura,10. orden publico,562
2010,Extremadura,11. legislacion especial,0
2010,Extremadura,12. otras infracciones penales,144
2010,Extremadura,2. contra la libertad,517
2010,Extremadura,2.1.-malos tratos habituales en el ambito familiar,206
2010,Extremadura,2.2.-otros contra la libertad,311
2010,Extremadura,3. libertad sexual,130
2010,Extremadura,3.1.-agresion sexual,66
2010,Extremadura,3.2.-agresion sexual con penetracion,26
2010,Extremadura,3.3.-corrupcion de menores o incapacitados,10
2010,Extremadura,3.4.-pornografia de menores,13
2010,Extremadura,3.5.-otros contra la libertad sexual,15
2010,Extremadura,4. relaciones familiares,160
2010,Extremadura,5. patrimonio,4629
2010,Extremadura,5.1.-hurtos,1688
2010,Extremadura,5.2.-robos con fuerza en las cosas,1287
2010,Extremadura,5.2.1.-robos con fuerza en las cosas en el interior de vehiculos,342
2010,Extremadura,5.2.2.-robos con fuerza en viviendas,295
2010,Extremadura,5.2.3.-robos con fuerza en establecimientos,244
2010,Extremadura,5.3.-robos con violencia o intimidacion,192
2010,Extremadura,5.3.1.-robos con violencia en via publica,110
2010,Extremadura,5.3.2.-robos con violencia en viviendas,16
2010,Extremadura,5.3.3.-robos con violencia en establecimientos,52
2010,Extremadura,5.4.-sustraccion de vehiculos,157
2010,Extremadura,5.5.-estafas,453
2010,Extremadura,5.5.1.-estafas informaticas,131
2010,Extremadura,5.6.-danos,622
2010,Extremadura,5.7.-contra la propiedad intelectual/industrial,53
2010,Extremadura,5.8.-blanqueo de capitales,1
2010,Extremadura,5.9.-otros contra el patrimonio,176
2010,Extremadura,6. seguridad colectiva,1473
2010,Extremadura,6.1.-trafico de drogas,250
2010,Extremadura,6.2.-contra la seguridad vial,1190
2010,Extremadura,6.3.-otros contra la seguridad colectiva,33
2010,Extremadura,7. falsedades,146
2010,Extremadura,8. admon. publica,1
2010,Extremadura,9. admon. justicia,525
2010,Extremadura,total infracciones penales,13566
2010,Galicia,1. contra las personas,13248
2010,Galicia,1.1.-homicidios dolosos/asesinatos,49
2010,Galicia,1.1.1.-homicidios dolosos/asesinatos consumados,16
2010,Galicia,1.2.-lesiones,5218
2010,Galicia,1.3.-malos tratos ambito familiar,2471
2010,Galicia,1.4.-otros contra las personas,5510
2010,Galicia,10. orden publico,1489
2010,Galicia,11. legislacion especial,5
2010,Galicia,12. otras infracciones penales,152
2010,Galicia,2. contra la libertad,1664
2010,Galicia,2.1.-malos tratos habituales en el ambito familiar,854
2010,Galicia,2.2.-otros contra la libertad,810
2010,Galicia,3. libertad sexual,311
2010,Galicia,3.1.-agresion sexual,165
2010,Galicia,3.2.-agresion sexual con penetracion,74
2010,Galicia,3.3.-corrupcion de menores o incapacitados,7
2010,Galicia,3.4.-pornografia de menores,18
2010,Galicia,3.5.-otros contra la libertad sexual,47
2010,Galicia,4. relaciones familiares,158
2010,Galicia,5. patrimonio,13545
2010,Galicia,5.1.-hurtos,4817
2010,Galicia,5.2.-robos con fuerza en las cosas,2456
2010,Galicia,5.2.1.-robos con fuerza en las cosas en el interior de vehiculos,336
2010,Galicia,5.2.2.-robos con fuerza en viviendas,478
2010,Galicia,5.2.3.-robos con fuerza en establecimientos,773
2010,Galicia,5.3.-robos con violencia o intimidacion,706
2010,Galicia,5.3.1.-robos con violencia en via publica,386
2010,Galicia,5.3.2.-robos con violencia en viviendas,69
2010,Galicia,5.3.3.-robos con violencia en establecimientos,194
2010,Galicia,5.4.-sustraccion de vehiculos,660
2010,Galicia,5.5.-estafas,1448
2010,Galicia,5.5.1.-estafas informaticas,384
2010,Galicia,5.6.-danos,2774
2010,Galicia,5.7.-contra la propiedad intelectual/industrial,145
2010,Galicia,5.8.-blanqueo de capitales,3
2010,Galicia,5.9.-otros contra el patrimonio,536
2010,Galicia,6. seguridad colectiva,5156
2010,Galicia,6.1.-trafico de drogas,449
2010,Galicia,6.2.-contra la seguridad vial,4592
2010,Galicia,6.3.-otros contra la seguridad colectiva,115
2010,Galicia,7. falsedades,321
2010,Galicia,8. admon. publica,14
2010,Galicia,9. admon. justicia,1134
2010,Galicia,total infracciones penales,37197
2010,Illes Balears,1. contra las personas,7264
2010,Illes Balears,1.1.-homicidios dolosos/asesinatos,40
2010,Illes Balears,1.1.1.-homicidios dolosos/asesinatos consumados,6
2010,Illes Balears,1.2.-lesiones,2548
2010,Illes Balears,1.3.-malos tratos ambito familiar,2093
2010,Illes Balears,1.4.-otros contra las personas,2583
2010,Illes Balears,10. orden publico,819
2010,Illes Balears,11. legislacion especial,1
2010,Illes Balears,12. otras infracciones penales,141
2010,Illes Balears,2. contra la libertad,1279
2010,Illes Balears,2.1.-malos tratos habituales en el ambito familiar,568
2010,Illes Balears,2.2.-otros contra la libertad,711
2010,Illes Balears,3. libertad sexual,264
2010,Illes Balears,3.1.-agresion sexual,149
2010,Illes Balears,3.2.-agresion sexual con penetracion,37
2010,Illes Balears,3.3.-corrupcion de menores o incapacitados,6
2010,Illes Balears,3.4.-pornografia de menores,7
2010,Illes Balears,3.5.-otros contra la libertad sexual,65
2010,Illes Balears,4. relaciones familiares,147
2010,Illes Balears,5. patrimonio,8372
2010,Illes Balears,5.1.-hurtos,3021
2010,Illes Balears,5.2.-robos con fuerza en las cosas,1811
2010,Illes Balears,5.2.1.-robos con fuerza en las cosas en el interior de vehiculos,295
2010,Illes Balears,5.2.2.-robos con fuerza en viviendas,593
2010,Illes Balears,5.2.3.-robos con fuerza en establecimientos,391
2010,Illes Balears,5.3.-robos con violencia o intimidacion,481
2010,Illes Balears,5.3.1.-robos con violencia en via publica,287
2010,Illes Balears,5.3.2.-robos con violencia en viviendas,36
2010,Illes Balears,5.3.3.-robos con violencia en establecimientos,113
2010,Illes Balears,5.4.-sustraccion de vehiculos,459
2010,Illes Balears,5.5.-estafas,817
2010,Illes Balears,5.5.1.-estafas informaticas,119
2010,Illes Balears,5.6.-danos,1085
2010,Illes Balears,5.7.-contra la propiedad intelectual/industrial,87
2010,Illes Balears,5.8.-blanqueo de capitales,10
2010,Illes Balears,5.9.-otros contra el patrimonio,601
2010,Illes Balears,6. seguridad colectiva,2031
2010,Illes Balears,6.1.-trafico de drogas,307
2010,Illes Balears,6.2.-contra la seguridad vial,1626
2010,Illes Balears,6.3.-otros contra la seguridad colectiva,98
2010,Illes Balears,7. falsedades,255
2010,Illes Balears,8. admon. publica,18
2010,Illes Balears,9. admon. justicia,863
2010,Illes Balears,total infracciones penales,21454
2010,La Rioja,1. contra las personas,1527
2010,La Rioja,1.1.-homicidios dolosos/asesinatos,5
2010,La Rioja,1.1.1.-homicidios dolosos/asesinatos consumados,1
2010,La Rioja,1.2.-lesiones,759
2010,La Rioja,1.3.-malos tratos ambito familiar,328
2010,La Rioja,1.4.-otros contra las personas,435
2010,La Rioja,10. orden publico,210
2010,La Rioja,11. legislacion especial,0
2010,La Rioja,12. otras infracciones penales,21
2010,La Rioja,2. contra la libertad,158
2010,La Rioja,2.1.-malos tratos habituales en el ambito familiar,40
2010,La Rioja,2.2.-otros contra la libertad,118
2010,La Rioja,3. libertad sexual,39
2010,La Rioja,3.1.-agresion sexual,17
2010,La Rioja,3.2.-agresion sexual con penetracion,12
2010,La Rioja,3.3.-corrupcion de menores o incapacitados,2
2010,La Rioja,3.4.-pornografia de menores,4
2010,La Rioja,3.5.-otros contra la libertad sexual,4
2010,La Rioja,4. relaciones familiares,27
2010,La Rioja,5. patrimonio,1391
2010,La Rioja,5.1.-hurtos,715
2010,La Rioja,5.2.-robos con fuerza en las cosas,233
2010,La Rioja,5.2.1.-robos con fuerza en las cosas en el interior de vehiculos,46
2010,La Rioja,5.2.2.-robos con fuerza en viviendas,39
2010,La Rioja,5.2.3.-robos con fuerza en establecimientos,58
2010,La Rioja,5.3.-robos con violencia o intimidacion,82
2010,La Rioja,5.3.1.-robos con violencia en via publica,34
2010,La Rioja,5.3.2.-robos con violencia en viviendas,6
2010,La Rioja,5.3.3.-robos con violencia en establecimientos,35
2010,La Rioja,5.4.-sustraccion de vehiculos,38
2010,La Rioja,5.5.-estafas,107
2010,La Rioja,5.5.1.-estafas informaticas,23
2010,La Rioja,5.6.-danos,159
2010,La Rioja,5.7.-contra la propiedad intelectual/industrial,5
2010,La Rioja,5.8.-blanqueo de capitales,2
2010,La Rioja,5.9.-otros contra el patrimonio,50
2010,La Rioja,6. seguridad colectiva,517
2010,La Rioja,6.1.-trafico de drogas,63
2010,La Rioja,6.2.-contra la seguridad vial,437
2010,La Rioja,6.3.-otros contra la seguridad colectiva,17
2010,La Rioja,7. falsedades,43
2010,La Rioja,8. admon. publica,0
2010,La Rioja,9. admon. justicia,137
2010,La Rioja,total infracciones penales,4070
2010,Melilla,1. contra las personas,914
2010,Melilla,1.1.-homicidios dolosos/asesinatos,5
2010,Melilla,1.1.1.-homicidios dolosos/asesinatos consumados,0
2010,Melilla,1.2.-lesiones,440
2010,Melilla,1.3.-malos tratos ambito familiar,252
2010,Melilla,1.4.-otros contra las personas,217
2010,Melilla,10. orden publico,169
2010,Melilla,11. legislacion especial,0
2010,Melilla,12. otras infracciones penales,50
2010,Melilla,2. contra la libertad,124
2010,Melilla,2.1.-malos tratos habituales en el ambito familiar,24
2010,Melilla,2.2.-otros contra la libertad,100
2010,Melilla,3. libertad sexual,35
2010,Melilla,3.1.-agresion sexual,16
2010,Melilla,3.2.-agresion sexual con penetracion,11
2010,Melilla,3.3.-corrupcion de menores o incapacitados,0
2010,Melilla,3.4.-pornografia de menores,0
2010,Melilla,3.5.-otros contra la libertad sexual,8
2010,Melilla,4. relaciones familiares,31
2010,Melilla,5. patrimonio,745
2010,Melilla,5.1.-hurtos,165
2010,Melilla,5.2.-robos con fuerza en las cosas,233
2010,Melilla,5.2.1.-robos con fuerza en las cosas en el interior de vehiculos,106
2010,Melilla,5.2.2.-robos con fuerza en viviendas,47
2010,Melilla,5.2.3.-robos con fuerza en establecimientos,40
2010,Melilla,5.3.-robos con violencia o intimidacion,123
2010,Melilla,5.3.1.-robos con violencia en via publica,98
2010,Melilla,5.3.2.-robos con violencia en viviendas,4
2010,Melilla,5.3.3.-robos con violencia en establecimientos,8
2010,Melilla,5.4.-sustraccion de vehiculos,54
2010,Melilla,5.5.-estafas,31
2010,Melilla,5.5.1.-estafas informaticas,10
2010,Melilla,5.6.-danos,100
2010,Melilla,5.7.-contra la propiedad intelectual/industrial,15
2010,Melilla,5.8.-blanqueo de capitales,0
2010,Melilla,5.9.-otros contra el patrimonio,24
2010,Melilla,6. seguridad colectiva,309
2010,Melilla,6.1.-trafico de drogas,165
2010,Melilla,6.2.-contra la seguridad vial,137
2010,Melilla,6.3.-otros contra la seguridad colectiva,7
2010,Melilla,7. falsedades,37
2010,Melilla,8. admon. publica,1
2010,Melilla,9. admon. justicia,72
2010,Melilla,total infracciones penales,2487
2010,País Vasco,1. contra las personas,46
2010,País Vasco,1.1.-homicidios dolosos/asesinatos,0
2010,País Vasco,1.1.1.-homicidios dolosos/asesinatos consumados,0
2010,País Vasco,1.2.-lesiones,11
2010,País Vasco,1.3.-malos tratos ambito familiar,13
2010,País Vasco,1.4.-otros contra las personas,22
2010,País Vasco,10. orden publico,45
2010,País Vasco,11. legislacion especial,0
2010,País Vasco,12. otras infracciones penales,15
2010,País Vasco,2. contra la libertad,20
2010,País Vasco,2.1.-malos tratos habituales en el ambito familiar,2
2010,País Vasco,2.2.-otros contra la libertad,18
2010,País Vasco,3. libertad sexual,54
2010,País Vasco,3.1.-agresion sexual,3
2010,País Vasco,3.2.-agresion sexual con penetracion,0
2010,País Vasco,3.3.-corrupcion de menores o incapacitados,3
2010,País Vasco,3.4.-pornografia de menores,43
2010,País Vasco,3.5.-otros contra la libertad sexual,5
2010,País Vasco,4. relaciones familiares,4
2010,País Vasco,5. patrimonio,263
2010,País Vasco,5.1.-hurtos,40
2010,País Vasco,5.2.-robos con fuerza en las cosas,22
2010,País Vasco,5.2.1.-robos con fuerza en las cosas en el interior de vehiculos,2
2010,País Vasco,5.2.2.-robos con fuerza en viviendas,3
2010,País Vasco,5.2.3.-robos con fuerza en establecimientos,5
2010,País Vasco,5.3.-robos con violencia o intimidacion,7
2010,País Vasco,5.3.1.-robos con violencia en via publica,5
2010,País Vasco,5.3.2.-robos con violencia en viviendas,0
2010,País Vasco,5.3.3.-robos con violencia en establecimientos,1
2010,País Vasco,5.4.-sustraccion de vehiculos,25
2010,País Vasco,5.5.-estafas,124
2010,País Vasco,5.5.1.-estafas informaticas,55
2010,País Vasco,5.6.-danos,8
2010,País Vasco,5.7.-contra la propiedad intelectual/industrial,18
2010,País Vasco,5.8.-blanqueo de capitales,1
2010,País Vasco,5.9.-otros contra el patrimonio,18
2010,País Vasco,6. seguridad colectiva,88
2010,País Vasco,6.1.-trafico de drogas,77
2010,País Vasco,6.2.-contra la seguridad vial,5
2010,País Vasco,6.3.-otros contra la seguridad colectiva,6
2010,País Vasco,7. falsedades,104
2010,País Vasco,8. admon. publica,4
2010,País Vasco,9. admon. justicia,59
2010,País Vasco,total infracciones penales,702
2010,Principado de Asturias,1. contra las personas,5422
2010,Principado de Asturias,1.1.-homicidios dolosos/asesinatos,36
2010,Principado de Asturias,1.1.1.-homicidios dolosos/asesinatos consumados,18
2010,Principado de Asturias,1.2.-lesiones,1990
2010,Principado de Asturias,1.3.-malos tratos ambito familiar,1332
2010,Principado de Asturias,1.4.-otros contra las personas,2064
2010,Principado de Asturias,10. orden publico,700
2010,Principado de Asturias,11. legislacion especial,2
2010,Principado de Asturias,12. otras infracciones penales,84
2010,Principado de Asturias,2. contra la libertad,617
2010,Principado de Asturias,2.1.-malos tratos habituales en el ambito familiar,207
2010,Principado de Asturias,2.2.-otros contra la libertad,410
2010,Principado de Asturias,3. libertad sexual,114
2010,Principado de Asturias,3.1.-agresion sexual,57
2010,Principado de Asturias,3.2.-agresion sexual con penetracion,21
2010,Principado de Asturias,3.3.-corrupcion de menores o incapacitados,4
2010,Principado de Asturias,3.4.-pornografia de menores,18
2010,Principado de Asturias,3.5.-otros contra la libertad sexual,14
2010,Principado de Asturias,4. relaciones familiares,111
2010,Principado de Asturias,5. patrimonio,5200
2010,Principado de Asturias,5.1.-hurtos,1961
2010,Principado de Asturias,5.2.-robos con fuerza en las cosas,1117
2010,Principado de Asturias,5.2.1.-robos con fuerza en las cosas en el interior de vehiculos,184
2010,Principado de Asturias,5.2.2.-robos con fuerza en viviendas,225
2010,Principado de Asturias,5.2.3.-robos con fuerza en establecimientos,311
2010,Principado de Asturias,5.3.-robos con violencia o intimidacion,284
2010,Principado de Asturias,5.3.1.-robos con violencia en via publica,158
2010,Principado de Asturias,5.3.2.-robos con violencia en viviendas,22
2010,Principado de Asturias,5.3.3.-robos con violencia en establecimientos,79
2010,Principado de Asturias,5.4.-sustraccion de vehiculos,234
2010,Principado de Asturias,5.5.-estafas,576
2010,Principado de Asturias,5.5.1.-estafas informaticas,135
2010,Principado de Asturias,5.6.-danos,807
2010,Principado de Asturias,5.7.-contra la propiedad intelectual/industrial,30
2010,Principado de Asturias,5.8.-blanqueo de capitales,1
2010,Principado de Asturias,5.9.-otros contra el patrimonio,190
2010,Principado de Asturias,6. seguridad colectiva,1194
2010,Principado de Asturias,6.1.-trafico de drogas,156
2010,Principado de Asturias,6.2.-contra la seguridad vial,998
2010,Principado de Asturias,6.3.-otros contra la seguridad colectiva,40
2010,Principado de Asturias,7. falsedades,99
2010,Principado de Asturias,8. admon. publica,2
2010,Principado de Asturias,9. admon. justicia,512
2010,Principado de Asturias,total infracciones penales,14057
2010,Región de Murcia,1. contra las personas,8739
2010,Región de Murcia,1.1.-homicidios dolosos/asesinatos,42
2010,Región de Murcia,1.1.1.-homicidios dolosos/asesinatos consumados,14
2010,Región de Murcia,1.2.-lesiones,3321
2010,Región de Murcia,1.3.-malos tratos ambito familiar,2396
2010,Región de Murcia,1.4.-otros contra las personas,2980
2010,Región de Murcia,10. orden publico,811
2010,Región de Murcia,11. legislacion especial,2
2010,Región de Murcia,12. otras infracciones penales,132
2010,Región de Murcia,2. contra la libertad,1114
2010,Región de Murcia,2.1.-malos tratos habituales en el ambito familiar,424
2010,Región de Murcia,2.2.-otros contra la libertad,690
2010,Región de Murcia,3. libertad sexual,254
2010,Región de Murcia,3.1.-agresion sexual,122
2010,Región de Murcia,3.2.-agresion sexual con penetracion,62
2010,Región de Murcia,3.3.-corrupcion de menores o incapacitados,12
2010,Región de Murcia,3.4.-pornografia de menores,8
2010,Región de Murcia,3.5.-otros contra la libertad sexual,50
2010,Región de Murcia,4. relaciones familiares,490
2010,Región de Murcia,5. patrimonio,8437
2010,Región de Murcia,5.1.-hurtos,3003
2010,Región de Murcia,5.2.-robos con fuerza en las cosas,2203
2010,Región de Murcia,5.2.1.-robos con fuerza en las cosas en el interior de vehiculos,383
2010,Región de Murcia,5.2.2.-robos con fuerza en viviendas,656
2010,Región de Murcia,5.2.3.-robos con fuerza en establecimientos,297
2010,Región de Murcia,5.3.-robos con violencia o intimidacion,605
2010,Región de Murcia,5.3.1.-robos con violencia en via publica,375
2010,Región de Murcia,5.3.2.-robos con violencia en viviendas,44
2010,Región de Murcia,5.3.3.-robos con violencia en establecimientos,134
2010,Región de Murcia,5.4.-sustraccion de vehiculos,475
2010,Región de Murcia,5.5.-estafas,689
2010,Región de Murcia,5.5.1.-estafas informaticas,113
2010,Región de Murcia,5.6.-danos,968
2010,Región de Murcia,5.7.-contra la propiedad intelectual/industrial,135
2010,Región de Murcia,5.8.-blanqueo de capitales,7
2010,Región de Murcia,5.9.-otros contra el patrimonio,352
2010,Región de Murcia,6. seguridad colectiva,1569
2010,Región de Murcia,6.1.-trafico de drogas,305
2010,Región de Murcia,6.2.-contra la seguridad vial,1207
2010,Región de Murcia,6.3.-otros contra la seguridad colectiva,57
2010,Región de Murcia,7. falsedades,305
2010,Región de Murcia,8. admon. publica,8
2010,Región de Murcia,9. admon. justicia,880
2010,Región de Murcia,total infracciones penales,22741
2011,Andalucía,1. contra las personas,56170
2011,Andalucía,1.1.-homicidios dolosos/asesinatos,284
2011,Andalucía,1.1.1.-homicidios dolosos/asesinatos consumados,77
2011,Andalucía,1.2.-lesiones,18669
2011,Andalucía,1.3.-malos tratos ambito familiar,13787
2011,Andalucía,1.4.-otros contra las personas,23430
2011,Andalucía,10. orden publico,6282
2011,Andalucía,11. legislacion especial,98
2011,Andalucía,12. otras infracciones penales,902
2011,Andalucía,2. contra la libertad,6575
2011,Andalucía,2.1.-malos tratos habituales en el ambito familiar,2767
2011,Andalucía,2.2.-otros contra la libertad,3808
2011,Andalucía,3. libertad sexual,1352
2011,Andalucía,3.1.-agresion sexual,778
2011,Andalucía,3.2.-agresion sexual con penetracion,240
2011,Andalucía,3.3.-corrupcion de menores o incapacitados,51
2011,Andalucía,3.4.-pornografia de menores,44
2011,Andalucía,3.5.-otros contra la libertad sexual,239
2011,Andalucía,4. relaciones familiares,1400
2011,Andalucía,5. patrimonio,51414
2011,Andalucía,5.1.-hurtos,19394
2011,Andalucía,5.2.-robos con fuerza en las cosas,11047
2011,Andalucía,5.2.1.-robos con fuerza en las cosas en el interior de vehiculos,2994
2011,Andalucía,5.2.2.-robos con fuerza en viviendas,3001
2011,Andalucía,5.2.3.-robos con fuerza en establecimientos,1922
2011,Andalucía,5.3.-robos con violencia o intimidacion,3545
2011,Andalucía,5.3.1.-robos con violencia en via publica,2137
2011,Andalucía,5.3.2.-robos con violencia en viviendas,251
2011,Andalucía,5.3.3.-robos con violencia en establecimientos,657
2011,Andalucía,5.4.-sustraccion de vehiculos,2613
2011,Andalucía,5.5.-estafas,5849
2011,Andalucía,5.5.1.-estafas informaticas,1140
2011,Andalucía,5.6.-danos,5685
2011,Andalucía,5.7.-contra la propiedad intelectual/industrial,504
2011,Andalucía,5.8.-blanqueo de capitales,43
2011,Andalucía,5.9.-otros contra el patrimonio,2734
2011,Andalucía,6. seguridad colectiva,18764
2011,Andalucía,6.1.-trafico de drogas,3377
2011,Andalucía,6.2.-contra la seguridad vial,15072
2011,Andalucía,6.3.-otros contra la seguridad colectiva,315
2011,Andalucía,7. falsedades,2043
2011,Andalucía,8. admon. publica,62
2011,Andalucía,9. admon. justicia,6398
2011,Andalucía,total infracciones penales,151460
2011,Aragón,1. contra las personas,5938
2011,Aragón,1.1.-homicidios dolosos/asesinatos,14
2011,Aragón,1.1.1.-homicidios dolosos/asesinatos consumados,6
2011,Aragón,1.2.-lesiones,2125
2011,Aragón,1.3.-malos tratos ambito familiar,1905
2011,Aragón,1.4.-otros contra las personas,1894
2011,Aragón,10. orden publico,844
2011,Aragón,11. legislacion especial,5
2011,Aragón,12. otras infracciones penales,101
2011,Aragón,2. contra la libertad,953
2011,Aragón,2.1.-malos tratos habituales en el ambito familiar,464
2011,Aragón,2.2.-otros contra la libertad,489
2011,Aragón,3. libertad sexual,215
2011,Aragón,3.1.-agresion sexual,122
2011,Aragón,3.2.-agresion sexual con penetracion,45
2011,Aragón,3.3.-corrupcion de menores o incapacitados,11
2011,Aragón,3.4.-pornografia de menores,10
2011,Aragón,3.5.-otros contra la libertad sexual,27
2011,Aragón,4. relaciones familiares,134
2011,Aragón,5. patrimonio,6792
2011,Aragón,5.1.-hurtos,2601
2011,Aragón,5.2.-robos con fuerza en las cosas,1253
2011,Aragón,5.2.1.-robos con fuerza en las cosas en el interior de vehiculos,193
2011,Aragón,5.2.2.-robos con fuerza en viviendas,259
2011,Aragón,5.2.3.-robos con fuerza en establecimientos,298
2011,Aragón,5.3.-robos con violencia o intimidacion,491
2011,Aragón,5.3.1.-robos con violencia en via publica,237
2011,Aragón,5.3.2.-robos con violencia en viviendas,34
2011,Aragón,5.3.3.-robos con violencia en establecimientos,137
2011,Aragón,5.4.-sustraccion de vehiculos,206
2011,Aragón,5.5.-estafas,823
2011,Aragón,5.5.1.-estafas informaticas,152
2011,Aragón,5.6.-danos,994
2011,Aragón,5.7.-contra la propiedad intelectual/industrial,63
2011,Aragón,5.8.-blanqueo de capitales,6
2011,Aragón,5.9.-otros contra el patrimonio,355
2011,Aragón,6. seguridad colectiva,1525
2011,Aragón,6.1.-trafico de drogas,312
2011,Aragón,6.2.-contra la seguridad vial,1157
2011,Aragón,6.3.-otros contra la seguridad colectiva,56
2011,Aragón,7. falsedades,213
2011,Aragón,8. admon. publica,16
2011,Aragón,9. admon. justicia,625
2011,Aragón,total infracciones penales,17361
2011,Canarias,1. contra las personas,19055
2011,Canarias,1.1.-homicidios dolosos/asesinatos,58
2011,Canarias,1.1.1.-homicidios dolosos/asesinatos consumados,16
2011,Canarias,1.2.-lesiones,5883
2011,Canarias,1.3.-malos tratos ambito familiar,4090
2011,Canarias,1.4.-otros contra las personas,9024
2011,Canarias,10. orden publico,1543
2011,Canarias,11. legislacion especial,17
2011,Canarias,12. otras infracciones penales,155
2011,Canarias,2. contra la libertad,2081
2011,Canarias,2.1.-malos tratos habituales en el ambito familiar,815
2011,Canarias,2.2.-otros contra la libertad,1266
2011,Canarias,3. libertad sexual,430
2011,Canarias,3.1.-agresion sexual,262
2011,Canarias,3.2.-agresion sexual con penetracion,78
2011,Canarias,3.3.-corrupcion de menores o incapacitados,15
2011,Canarias,3.4.-pornografia de menores,12
2011,Canarias,3.5.-otros contra la libertad sexual,63
2011,Canarias,4. relaciones familiares,896
2011,Canarias,5. patrimonio,14291
2011,Canarias,5.1.-hurtos,5526
2011,Canarias,5.2.-robos con fuerza en las cosas,2640
2011,Canarias,5.2.1.-robos con fuerza en las cosas en el interior de vehiculos,554
2011,Canarias,5.2.2.-robos con fuerza en viviendas,737
2011,Canarias,5.2.3.-robos con fuerza en establecimientos,398
2011,Canarias,5.3.-robos con violencia o intimidacion,853
2011,Canarias,5.3.1.-robos con violencia en via publica,456
2011,Canarias,5.3.2.-robos con violencia en viviendas,66
2011,Canarias,5.3.3.-robos con violencia en establecimientos,161
2011,Canarias,5.4.-sustraccion de vehiculos,697
2011,Canarias,5.5.-estafas,1407
2011,Canarias,5.5.1.-estafas informaticas,222
2011,Canarias,5.6.-danos,2395
2011,Canarias,5.7.-contra la propiedad intelectual/industrial,39
2011,Canarias,5.8.-blanqueo de capitales,3
2011,Canarias,5.9.-otros contra el patrimonio,731
2011,Canarias,6. seguridad colectiva,4412
2011,Canarias,6.1.-trafico de drogas,764
2011,Canarias,6.2.-contra la seguridad vial,3583
2011,Canarias,6.3.-otros contra la seguridad colectiva,65
2011,Canarias,7. falsedades,437
2011,Canarias,8. admon. publica,14
2011,Canarias,9. admon. justicia,1410
2011,Canarias,total infracciones penales,44741
2011,Cantabria,1. contra las personas,3357
2011,Cantabria,1.1.-homicidios dolosos/asesinatos,3
2011,Cantabria,1.1.1.-homicidios dolosos/asesinatos consumados,2
2011,Cantabria,1.2.-lesiones,1408
2011,Cantabria,1.3.-malos tratos ambito familiar,565
2011,Cantabria,1.4.-otros contra las personas,1381
2011,Cantabria,10. orden publico,478
2011,Cantabria,11. legislacion especial,3
2011,Cantabria,12. otras infracciones penales,27
2011,Cantabria,2. contra la libertad,342
2011,Cantabria,2.1.-malos tratos habituales en el ambito familiar,158
2011,Cantabria,2.2.-otros contra la libertad,184
2011,Cantabria,3. libertad sexual,63
2011,Cantabria,3.1.-agresion sexual,37
2011,Cantabria,3.2.-agresion sexual con penetracion,14
2011,Cantabria,3.3.-corrupcion de menores o incapacitados,0
2011,Cantabria,3.4.-pornografia de menores,4
2011,Cantabria,3.5.-otros contra la libertad sexual,8
2011,Cantabria,4. relaciones familiares,44
2011,Cantabria,5. patrimonio,2960
2011,Cantabria,5.1.-hurtos,1212
2011,Cantabria,5.2.-robos con fuerza en las cosas,529
2011,Cantabria,5.2.1.-robos con fuerza en las cosas en el interior de vehiculos,96
2011,Cantabria,5.2.2.-robos con fuerza en viviendas,110
2011,Cantabria,5.2.3.-robos con fuerza en establecimientos,159
2011,Cantabria,5.3.-robos con violencia o intimidacion,146
2011,Cantabria,5.3.1.-robos con violencia en via publica,87
2011,Cantabria,5.3.2.-robos con violencia en viviendas,11
2011,Cantabria,5.3.3.-robos con violencia en establecimientos,32
2011,Cantabria,5.4.-sustraccion de vehiculos,84
2011,Cantabria,5.5.-estafas,348
2011,Cantabria,5.5.1.-estafas informaticas,75
2011,Cantabria,5.6.-danos,493
2011,Cantabria,5.7.-contra la propiedad intelectual/industrial,15
2011,Cantabria,5.8.-blanqueo de capitales,3
2011,Cantabria,5.9.-otros contra el patrimonio,130
2011,Cantabria,6. seguridad colectiva,1096
2011,Cantabria,6.1.-trafico de drogas,99
2011,Cantabria,6.2.-contra la seguridad vial,985
2011,Cantabria,6.3.-otros contra la seguridad colectiva,12
2011,Cantabria,7. falsedades,127
2011,Cantabria,8. admon. publica,1
2011,Cantabria,9. admon. justicia,320
2011,Cantabria,total infracciones penales,8818
2011,Castilla y León,1. contra las personas,12766
2011,Castilla y León,1.1.-homicidios dolosos/asesinatos,42
2011,Castilla y León,1.1.1.-homicidios dolosos/asesinatos consumados,17
2011,Castilla y León,1.2.-lesiones,4798
2011,Castilla y León,1.3.-malos tratos ambito familiar,2307
2011,Castilla y León,1.4.-otros contra las personas,5619
2011,Castilla y León,10. orden publico,1569
2011,Castilla y León,11. legislacion especial,4
2011,Castilla y León,12. otras infracciones penales,183
2011,Castilla y León,2. contra la libertad,1200
2011,Castilla y León,2.1.-malos tratos habituales en el ambito familiar,540
2011,Castilla y León,2.2.-otros contra la libertad,660
2011,Castilla y León,3. libertad sexual,215
2011,Castilla y León,3.1.-agresion sexual,119
2011,Castilla y León,3.2.-agresion sexual con penetracion,48
2011,Castilla y León,3.3.-corrupcion de menores o incapacitados,5
2011,Castilla y León,3.4.-pornografia de menores,8
2011,Castilla y León,3.5.-otros contra la libertad sexual,35
2011,Castilla y León,4. relaciones familiares,244
2011,Castilla y León,5. patrimonio,12387
2011,Castilla y León,5.1.-hurtos,4992
2011,Castilla y León,5.2.-robos con fuerza en las cosas,2384
2011,Castilla y León,5.2.1.-robos con fuerza en las cosas en el interior de vehiculos,694
2011,Castilla y León,5.2.2.-robos con fuerza en viviendas,414
2011,Castilla y León,5.2.3.-robos con fuerza en establecimientos,498
2011,Castilla y León,5.3.-robos con violencia o intimidacion,556
2011,Castilla y León,5.3.1.-robos con violencia en via publica,323
2011,Castilla y León,5.3.2.-robos con violencia en viviendas,42
2011,Castilla y León,5.3.3.-robos con violencia en establecimientos,133
2011,Castilla y León,5.4.-sustraccion de vehiculos,359
2011,Castilla y León,5.5.-estafas,1444
2011,Castilla y León,5.5.1.-estafas informaticas,287
2011,Castilla y León,5.6.-danos,2046
2011,Castilla y León,5.7.-contra la propiedad intelectual/industrial,83
2011,Castilla y León,5.8.-blanqueo de capitales,3
2011,Castilla y León,5.9.-otros contra el patrimonio,520
2011,Castilla y León,6. seguridad colectiva,4233
2011,Castilla y León,6.1.-trafico de drogas,391
2011,Castilla y León,6.2.-contra la seguridad vial,3769
2011,Castilla y León,6.3.-otros contra la seguridad colectiva,73
2011,Castilla y León,7. falsedades,340
2011,Castilla y León,8. admon. publica,4
2011,Castilla y León,9. admon. justicia,1100
2011,Castilla y León,total infracciones penales,34245
2011,Castilla-La Mancha,1. contra las personas,10872
2011,Castilla-La Mancha,1.1.-homicidios dolosos/asesinatos,27
2011,Castilla-La Mancha,1.1.1.-homicidios dolosos/asesinatos consumados,8
2011,Castilla-La Mancha,1.2.-lesiones,3926
2011,Castilla-La Mancha,1.3.-malos tratos ambito familiar,2520
2011,Castilla-La Mancha,1.4.-otros contra las personas,4399
2011,Castilla-La Mancha,10. orden publico,1337
2011,Castilla-La Mancha,11. legislacion especial,2
2011,Castilla-La Mancha,12. otras infracciones penales,185
2011,Castilla-La Mancha,2. contra la libertad,1305
2011,Castilla-La Mancha,2.1.-malos tratos habituales en el ambito familiar,570
2011,Castilla-La Mancha,2.2.-otros contra la libertad,735
2011,Castilla-La Mancha,3. libertad sexual,273
2011,Castilla-La Mancha,3.1.-agresion sexual,161
2011,Castilla-La Mancha,3.2.-agresion sexual con penetracion,56
2011,Castilla-La Mancha,3.3.-corrupcion de menores o incapacitados,12
2011,Castilla-La Mancha,3.4.-pornografia de menores,6
2011,Castilla-La Mancha,3.5.-otros contra la libertad sexual,38
2011,Castilla-La Mancha,4. relaciones familiares,228
2011,Castilla-La Mancha,5. patrimonio,10308
2011,Castilla-La Mancha,5.1.-hurtos,3344
2011,Castilla-La Mancha,5.2.-robos con fuerza en las cosas,2414
2011,Castilla-La Mancha,5.2.1.-robos con fuerza en las cosas en el interior de vehiculos,377
2011,Castilla-La Mancha,5.2.2.-robos con fuerza en viviendas,708
2011,Castilla-La Mancha,5.2.3.-robos con fuerza en establecimientos,437
2011,Castilla-La Mancha,5.3.-robos con violencia o intimidacion,561
2011,Castilla-La Mancha,5.3.1.-robos con violencia en via publica,326
2011,Castilla-La Mancha,5.3.2.-robos con violencia en viviendas,64
2011,Castilla-La Mancha,5.3.3.-robos con violencia en establecimientos,107
2011,Castilla-La Mancha,5.4.-sustraccion de vehiculos,438
2011,Castilla-La Mancha,5.5.-estafas,1474
2011,Castilla-La Mancha,5.5.1.-estafas informaticas,320
2011,Castilla-La Mancha,5.6.-danos,1419
2011,Castilla-La Mancha,5.7.-contra la propiedad intelectual/industrial,56
2011,Castilla-La Mancha,5.8.-blanqueo de capitales,4
2011,Castilla-La Mancha,5.9.-otros contra el patrimonio,598
2011,Castilla-La Mancha,6. seguridad colectiva,4274
2011,Castilla-La Mancha,6.1.-trafico de drogas,440
2011,Castilla-La Mancha,6.2.-contra la seguridad vial,3778
2011,Castilla-La Mancha,6.3.-otros contra la seguridad colectiva,56
2011,Castilla-La Mancha,7. falsedades,440
2011,Castilla-La Mancha,8. admon. publica,8
2011,Castilla-La Mancha,9. admon. justicia,1107
2011,Castilla-La Mancha,total infracciones penales,30339
2011,Cataluña,1. contra las personas,34716
2011,Cataluña,1.1.-homicidios dolosos/asesinatos,263
2011,Cataluña,1.1.1.-homicidios dolosos/asesinatos consumados,3
2011,Cataluña,1.2.-lesiones,13574
2011,Cataluña,1.3.-malos tratos ambito familiar,6479
2011,Cataluña,1.4.-otros contra las personas,14400
2011,Cataluña,10. orden publico,5165
2011,Cataluña,11. legislacion especial,84
2011,Cataluña,12. otras infracciones penales,1013
2011,Cataluña,2. contra la libertad,10244
2011,Cataluña,2.1.-malos tratos habituales en el ambito familiar,3357
2011,Cataluña,2.2.-otros contra la libertad,6887
2011,Cataluña,3. libertad sexual,1479
2011,Cataluña,3.1.-agresion sexual,723
2011,Cataluña,3.2.-agresion sexual con penetracion,413
2011,Cataluña,3.3.-corrupcion de menores o incapacitados,9
2011,Cataluña,3.4.-pornografia de menores,96
2011,Cataluña,3.5.-otros contra la libertad sexual,238
2011,Cataluña,4. relaciones familiares,2065
2011,Cataluña,5. patrimonio,63209
2011,Cataluña,5.1.-hurtos,21785
2011,Cataluña,5.2.-robos con fuerza en las cosas,12125
2011,Cataluña,5.2.1.-robos con fuerza en las cosas en el interior de vehiculos,2705
2011,Cataluña,5.2.2.-robos con fuerza en viviendas,31
2011,Cataluña,5.2.3.-robos con fuerza en establecimientos,20
2011,Cataluña,5.3.-robos con violencia o intimidacion,6347
2011,Cataluña,5.3.1.-robos con violencia en via publica,16
2011,Cataluña,5.3.2.-robos con violencia en viviendas,1
2011,Cataluña,5.3.3.-robos con violencia en establecimientos,2
2011,Cataluña,5.4.-sustraccion de vehiculos,5724
2011,Cataluña,5.5.-estafas,5915
2011,Cataluña,5.5.1.-estafas informaticas,246
2011,Cataluña,5.6.-danos,5315
2011,Cataluña,5.7.-contra la propiedad intelectual/industrial,618
2011,Cataluña,5.8.-blanqueo de capitales,26
2011,Cataluña,5.9.-otros contra el patrimonio,5354
2011,Cataluña,6. seguridad colectiva,11760
2011,Cataluña,6.1.-trafico de drogas,2248
2011,Cataluña,6.2.-contra la seguridad vial,9385
2011,Cataluña,6.3.-otros contra la seguridad colectiva,127
2011,Cataluña,7. falsedades,2903
2011,Cataluña,8. admon. publica,40
2011,Cataluña,9. admon. justicia,3767
2011,Cataluña,total infracciones penales,136445
2011,Ceuta,1. contra las personas,692
2011,Ceuta,1.1.-homicidios dolosos/asesinatos,8
2011,Ceuta,1.1.1.-homicidios dolosos/asesinatos consumados,3
2011,Ceuta,1.2.-lesiones,353
2011,Ceuta,1.3.-malos tratos ambito familiar,54
2011,Ceuta,1.4.-otros contra las personas,277
2011,Ceuta,10. orden publico,137
2011,Ceuta,11. legislacion especial,7
2011,Ceuta,12. otras infracciones penales,61
2011,Ceuta,2. contra la libertad,194
2011,Ceuta,2.1.-malos tratos habituales en el ambito familiar,162
2011,Ceuta,2.2.-otros contra la libertad,32
2011,Ceuta,3. libertad sexual,13
2011,Ceuta,3.1.-agresion sexual,10
2011,Ceuta,3.2.-agresion sexual con penetracion,1
2011,Ceuta,3.3.-corrupcion de menores o incapacitados,0
2011,Ceuta,3.4.-pornografia de menores,0
2011,Ceuta,3.5.-otros contra la libertad sexual,2
2011,Ceuta,4. relaciones familiares,39
2011,Ceuta,5. patrimonio,711
2011,Ceuta,5.1.-hurtos,247
2011,Ceuta,5.2.-robos con fuerza en las cosas,120
2011,Ceuta,5.2.1.-robos con fuerza en las cosas en el interior de vehiculos,64
2011,Ceuta,5.2.2.-robos con fuerza en viviendas,16
2011,Ceuta,5.2.3.-robos con fuerza en establecimientos,21
2011,Ceuta,5.3.-robos con violencia o intimidacion,82
2011,Ceuta,5.3.1.-robos con violencia en via publica,64
2011,Ceuta,5.3.2.-robos con violencia en viviendas,7
2011,Ceuta,5.3.3.-robos con violencia en establecimientos,2
2011,Ceuta,5.4.-sustraccion de vehiculos,69
2011,Ceuta,5.5.-estafas,61
2011,Ceuta,5.5.1.-estafas informaticas,34
2011,Ceuta,5.6.-danos,71
2011,Ceuta,5.7.-contra la propiedad intelectual/industrial,7
2011,Ceuta,5.8.-blanqueo de capitales,1
2011,Ceuta,5.9.-otros contra el patrimonio,53
2011,Ceuta,6. seguridad colectiva,1724
2011,Ceuta,6.1.-trafico de drogas,1400
2011,Ceuta,6.2.-contra la seguridad vial,322
2011,Ceuta,6.3.-otros contra la seguridad colectiva,2
2011,Ceuta,7. falsedades,331
2011,Ceuta,8. admon. publica,4
2011,Ceuta,9. admon. justicia,84
2011,Ceuta,total infracciones penales,3997
2011,Comunidad Foral de Navarra,1. contra las personas,1401
2011,Comunidad Foral de Navarra,1.1.-homicidios dolosos/asesinatos,14
2011,Comunidad Foral de Navarra,1.1.1.-homicidios dolosos/asesinatos consumados,5
2011,Comunidad Foral de Navarra,1.2.-lesiones,499
2011,Comunidad Foral de Navarra,1.3.-malos tratos ambito familiar,328
2011,Comunidad Foral de Navarra,1.4.-otros contra las personas,560
2011,Comunidad Foral de Navarra,10. orden publico,310
2011,Comunidad Foral de Navarra,11. legislacion especial,6
2011,Comunidad Foral de Navarra,12. otras infracciones penales,46
2011,Comunidad Foral de Navarra,2. contra la libertad,238
2011,Comunidad Foral de Navarra,2.1.-malos tratos habituales en el ambito familiar,73
2011,Comunidad Foral de Navarra,2.2.-otros contra la libertad,165
2011,Comunidad Foral de Navarra,3. libertad sexual,51
2011,Comunidad Foral de Navarra,3.1.-agresion sexual,32
2011,Comunidad Foral de Navarra,3.2.-agresion sexual con penetracion,10
2011,Comunidad Foral de Navarra,3.3.-corrupcion de menores o incapacitados,3
2011,Comunidad Foral de Navarra,3.4.-pornografia de menores,2
2011,Comunidad Foral de Navarra,3.5.-otros contra la libertad sexual,4
2011,Comunidad Foral de Navarra,4. relaciones familiares,53
2011,Comunidad Foral de Navarra,5. patrimonio,1866
2011,Comunidad Foral de Navarra,5.1.-hurtos,761
2011,Comunidad Foral de Navarra,5.2.-robos con fuerza en las cosas,464
2011,Comunidad Foral de Navarra,5.2.1.-robos con fuerza en las cosas en el interior de vehiculos,110
2011,Comunidad Foral de Navarra,5.2.2.-robos con fuerza en viviendas,151
2011,Comunidad Foral de Navarra,5.2.3.-robos con fuerza en establecimientos,106
2011,Comunidad Foral de Navarra,5.3.-robos con violencia o intimidacion,55
2011,Comunidad Foral de Navarra,5.3.1.-robos con violencia en via publica,26
2011,Comunidad Foral de Navarra,5.3.2.-robos con violencia en viviendas,2
2011,Comunidad Foral de Navarra,5.3.3.-robos con violencia en establecimientos,12
2011,Comunidad Foral de Navarra,5.4.-sustraccion de vehiculos,47
2011,Comunidad Foral de Navarra,5.5.-estafas,234
2011,Comunidad Foral de Navarra,5.5.1.-estafas informaticas,66
2011,Comunidad Foral de Navarra,5.6.-danos,231
2011,Comunidad Foral de Navarra,5.7.-contra la propiedad intelectual/industrial,3
2011,Comunidad Foral de Navarra,5.8.-blanqueo de capitales,0
2011,Comunidad Foral de Navarra,5.9.-otros contra el patrimonio,71
2011,Comunidad Foral de Navarra,6. seguridad colectiva,1168
2011,Comunidad Foral de Navarra,6.1.-trafico de drogas,146
2011,Comunidad Foral de Navarra,6.2.-contra la seguridad vial,1010
2011,Comunidad Foral de Navarra,6.3.-otros contra la seguridad colectiva,12
2011,Comunidad Foral de Navarra,7. falsedades,104
2011,Comunidad Foral de Navarra,8. admon. publica,13
2011,Comunidad Foral de Navarra,9. admon. justicia,170
2011,Comunidad Foral de Navarra,total infracciones penales,5426
2011,Comunidad Valenciana,1. contra las personas,28157
2011,Comunidad Valenciana,1.1.-homicidios dolosos/asesinatos,113
2011,Comunidad Valenciana,1.1.1.-homicidios dolosos/asesinatos consumados,38
2011,Comunidad Valenciana,1.2.-lesiones,9720
2011,Comunidad Valenciana,1.3.-malos tratos ambito familiar,8364
2011,Comunidad Valenciana,1.4.-otros contra las personas,9960
2011,Comunidad Valenciana,10. orden publico,4441
2011,Comunidad Valenciana,11. legislacion especial,6
2011,Comunidad Valenciana,12. otras infracciones penales,481
2011,Comunidad Valenciana,2. contra la libertad,4324
2011,Comunidad Valenciana,2.1.-malos tratos habituales en el ambito familiar,1931
2011,Comunidad Valenciana,2.2.-otros contra la libertad,2393
2011,Comunidad Valenciana,3. libertad sexual,913
2011,Comunidad Valenciana,3.1.-agresion sexual,476
2011,Comunidad Valenciana,3.2.-agresion sexual con penetracion,178
2011,Comunidad Valenciana,3.3.-corrupcion de menores o incapacitados,34
2011,Comunidad Valenciana,3.4.-pornografia de menores,46
2011,Comunidad Valenciana,3.5.-otros contra la libertad sexual,179
2011,Comunidad Valenciana,4. relaciones familiares,828
2011,Comunidad Valenciana,5. patrimonio,33089
2011,Comunidad Valenciana,5.1.-hurtos,12692
2011,Comunidad Valenciana,5.2.-robos con fuerza en las cosas,7200
2011,Comunidad Valenciana,5.2.1.-robos con fuerza en las cosas en el interior de vehiculos,2114
2011,Comunidad Valenciana,5.2.2.-robos con fuerza en viviendas,1873
2011,Comunidad Valenciana,5.2.3.-robos con fuerza en establecimientos,1268
2011,Comunidad Valenciana,5.3.-robos con violencia o intimidacion,2561
2011,Comunidad Valenciana,5.3.1.-robos con violencia en via publica,1401
2011,Comunidad Valenciana,5.3.2.-robos con violencia en viviendas,224
2011,Comunidad Valenciana,5.3.3.-robos con violencia en establecimientos,494
2011,Comunidad Valenciana,5.4.-sustraccion de vehiculos,1392
2011,Comunidad Valenciana,5.5.-estafas,3389
2011,Comunidad Valenciana,5.5.1.-estafas informaticas,524
2011,Comunidad Valenciana,5.6.-danos,3585
2011,Comunidad Valenciana,5.7.-contra la propiedad intelectual/industrial,253
2011,Comunidad Valenciana,5.8.-blanqueo de capitales,7
2011,Comunidad Valenciana,5.9.-otros contra el patrimonio,2010
2011,Comunidad Valenciana,6. seguridad colectiva,8132
2011,Comunidad Valenciana,6.1.-trafico de drogas,1340
2011,Comunidad Valenciana,6.2.-contra la seguridad vial,6347
2011,Comunidad Valenciana,6.3.-otros contra la seguridad colectiva,445
2011,Comunidad Valenciana,7. falsedades,1425
2011,Comunidad Valenciana,8. admon. publica,32
2011,Comunidad Valenciana,9. admon. justicia,4210
2011,Comunidad Valenciana,total infracciones penales,86038
2011,Comunidad de Madrid,1. contra las personas,28670
2011,Comunidad de Madrid,1.1.-homicidios dolosos/asesinatos,92
2011,Comunidad de Madrid,1.1.1.-homicidios dolosos/asesinatos consumados,46
2011,Comunidad de Madrid,1.2.-lesiones,9702
2011,Comunidad de Madrid,1.3.-malos tratos ambito familiar,10340
2011,Comunidad de Madrid,1.4.-otros contra las personas,8536
2011,Comunidad de Madrid,10. orden publico,5648
2011,Comunidad de Madrid,11. legislacion especial,12
2011,Comunidad de Madrid,12. otras infracciones penales,514
2011,Comunidad de Madrid,2. contra la libertad,3462
2011,Comunidad de Madrid,2.1.-malos tratos habituales en el ambito familiar,1314
2011,Comunidad de Madrid,2.2.-otros contra la libertad,2148
2011,Comunidad de Madrid,3. libertad sexual,961
2011,Comunidad de Madrid,3.1.-agresion sexual,526
2011,Comunidad de Madrid,3.2.-agresion sexual con penetracion,232
2011,Comunidad de Madrid,3.3.-corrupcion de menores o incapacitados,11
2011,Comunidad de Madrid,3.4.-pornografia de menores,51
2011,Comunidad de Madrid,3.5.-otros contra la libertad sexual,141
2011,Comunidad de Madrid,4. relaciones familiares,859
2011,Comunidad de Madrid,5. patrimonio,44468
2011,Comunidad de Madrid,5.1.-hurtos,21646
2011,Comunidad de Madrid,5.2.-robos con fuerza en las cosas,7142
2011,Comunidad de Madrid,5.2.1.-robos con fuerza en las cosas en el interior de vehiculos,2782
2011,Comunidad de Madrid,5.2.2.-robos con fuerza en viviendas,1449
2011,Comunidad de Madrid,5.2.3.-robos con fuerza en establecimientos,1505
2011,Comunidad de Madrid,5.3.-robos con violencia o intimidacion,3581
2011,Comunidad de Madrid,5.3.1.-robos con violencia en via publica,2153
2011,Comunidad de Madrid,5.3.2.-robos con violencia en viviendas,311
2011,Comunidad de Madrid,5.3.3.-robos con violencia en establecimientos,622
2011,Comunidad de Madrid,5.4.-sustraccion de vehiculos,2147
2011,Comunidad de Madrid,5.5.-estafas,4574
2011,Comunidad de Madrid,5.5.1.-estafas informaticas,545
2011,Comunidad de Madrid,5.6.-danos,3081
2011,Comunidad de Madrid,5.7.-contra la propiedad intelectual/industrial,418
2011,Comunidad de Madrid,5.8.-blanqueo de capitales,25
2011,Comunidad de Madrid,5.9.-otros contra el patrimonio,1854
2011,Comunidad de Madrid,6. seguridad colectiva,8164
2011,Comunidad de Madrid,6.1.-trafico de drogas,2044
2011,Comunidad de Madrid,6.2.-contra la seguridad vial,5911
2011,Comunidad de Madrid,6.3.-otros contra la seguridad colectiva,209
2011,Comunidad de Madrid,7. falsedades,1712
2011,Comunidad de Madrid,8. admon. publica,16
2011,Comunidad de Madrid,9. admon. justicia,4149
2011,Comunidad de Madrid,total infracciones penales,98635
2011,Extremadura,1. contra las personas,4794
2011,Extremadura,1.1.-homicidios dolosos/asesinatos,21
2011,Extremadura,1.1.1.-homicidios dolosos/asesinatos consumados,7
2011,Extremadura,1.2.-lesiones,1825
2011,Extremadura,1.3.-malos tratos ambito familiar,940
2011,Extremadura,1.4.-otros contra las personas,2008
2011,Extremadura,10. orden publico,620
2011,Extremadura,11. legislacion especial,2
2011,Extremadura,12. otras infracciones penales,128
2011,Extremadura,2. contra la libertad,616
2011,Extremadura,2.1.-malos tratos habituales en el ambito familiar,264
2011,Extremadura,2.2.-otros contra la libertad,352
2011,Extremadura,3. libertad sexual,145
2011,Extremadura,3.1.-agresion sexual,88
2011,Extremadura,3.2.-agresion sexual con penetracion,19
2011,Extremadura,3.3.-corrupcion de menores o incapacitados,3
2011,Extremadura,3.4.-pornografia de menores,9
2011,Extremadura,3.5.-otros contra la libertad sexual,26
2011,Extremadura,4. relaciones familiares,141
2011,Extremadura,5. patrimonio,4135
2011,Extremadura,5.1.-hurtos,1595
2011,Extremadura,5.2.-robos con fuerza en las cosas,991
2011,Extremadura,5.2.1.-robos con fuerza en las cosas en el interior de vehiculos,237
2011,Extremadura,5.2.2.-robos con fuerza en viviendas,218
2011,Extremadura,5.2.3.-robos con fuerza en establecimientos,208
2011,Extremadura,5.3.-robos con violencia o intimidacion,164
2011,Extremadura,5.3.1.-robos con violencia en via publica,83
2011,Extremadura,5.3.2.-robos con violencia en viviendas,17
2011,Extremadura,5.3.3.-robos con violencia en establecimientos,43
2011,Extremadura,5.4.-sustraccion de vehiculos,128
2011,Extremadura,5.5.-estafas,471
2011,Extremadura,5.5.1.-estafas informaticas,131
2011,Extremadura,5.6.-danos,546
2011,Extremadura,5.7.-contra la propiedad intelectual/industrial,42
2011,Extremadura,5.8.-blanqueo de capitales,0
2011,Extremadura,5.9.-otros contra el patrimonio,198
2011,Extremadura,6. seguridad colectiva,1597
2011,Extremadura,6.1.-trafico de drogas,297
2011,Extremadura,6.2.-contra la seguridad vial,1275
2011,Extremadura,6.3.-otros contra la seguridad colectiva,25
2011,Extremadura,7. falsedades,157
2011,Extremadura,8. admon. publica,5
2011,Extremadura,9. admon. justicia,542
2011,Extremadura,total infracciones penales,12882
2011,Galicia,1. contra las personas,13361
2011,Galicia,1.1.-homicidios dolosos/asesinatos,51
2011,Galicia,1.1.1.-homicidios dolosos/asesinatos consumados,14
2011,Galicia,1.2.-lesiones,5260
2011,Galicia,1.3.-malos tratos ambito familiar,2513
2011,Galicia,1.4.-otros contra las personas,5537
2011,Galicia,10. orden publico,1463
2011,Galicia,11. legislacion especial,9
2011,Galicia,12. otras infracciones penales,129
2011,Galicia,2. contra la libertad,1686
2011,Galicia,2.1.-malos tratos habituales en el ambito familiar,780
2011,Galicia,2.2.-otros contra la libertad,906
2011,Galicia,3. libertad sexual,314
2011,Galicia,3.1.-agresion sexual,188
2011,Galicia,3.2.-agresion sexual con penetracion,56
2011,Galicia,3.3.-corrupcion de menores o incapacitados,5
2011,Galicia,3.4.-pornografia de menores,14
2011,Galicia,3.5.-otros contra la libertad sexual,51
2011,Galicia,4. relaciones familiares,155
2011,Galicia,5. patrimonio,12357
2011,Galicia,5.1.-hurtos,4549
2011,Galicia,5.2.-robos con fuerza en las cosas,2140
2011,Galicia,5.2.1.-robos con fuerza en las cosas en el interior de vehiculos,542
2011,Galicia,5.2.2.-robos con fuerza en viviendas,465
2011,Galicia,5.2.3.-robos con fuerza en establecimientos,564
2011,Galicia,5.3.-robos con violencia o intimidacion,586
2011,Galicia,5.3.1.-robos con violencia en via publica,283
2011,Galicia,5.3.2.-robos con violencia en viviendas,49
2011,Galicia,5.3.3.-robos con violencia en establecimientos,186
2011,Galicia,5.4.-sustraccion de vehiculos,467
2011,Galicia,5.5.-estafas,1354
2011,Galicia,5.5.1.-estafas informaticas,350
2011,Galicia,5.6.-danos,2563
2011,Galicia,5.7.-contra la propiedad intelectual/industrial,98
2011,Galicia,5.8.-blanqueo de capitales,0
2011,Galicia,5.9.-otros contra el patrimonio,600
2011,Galicia,6. seguridad colectiva,6687
2011,Galicia,6.1.-trafico de drogas,443
2011,Galicia,6.2.-contra la seguridad vial,6122
2011,Galicia,6.3.-otros contra la seguridad colectiva,122
2011,Galicia,7. falsedades,309
2011,Galicia,8. admon. publica,19
2011,Galicia,9. admon. justicia,1099
2011,Galicia,total infracciones penales,37588
2011,Illes Balears,1. contra las personas,7539
2011,Illes Balears,1.1.-homicidios dolosos/asesinatos,47
2011,Illes Balears,1.1.1.-homicidios dolosos/asesinatos consumados,11
2011,Illes Balears,1.2.-lesiones,2735
2011,Illes Balears,1.3.-malos tratos ambito familiar,2214
2011,Illes Balears,1.4.-otros contra las personas,2543
2011,Illes Balears,10. orden publico,914
2011,Illes Balears,11. legislacion especial,0
2011,Illes Balears,12. otras infracciones penales,127
2011,Illes Balears,2. contra la libertad,1324
2011,Illes Balears,2.1.-malos tratos habituales en el ambito familiar,593
2011,Illes Balears,2.2.-otros contra la libertad,731
2011,Illes Balears,3. libertad sexual,251
2011,Illes Balears,3.1.-agresion sexual,148
2011,Illes Balears,3.2.-agresion sexual con penetracion,43
2011,Illes Balears,3.3.-corrupcion de menores o incapacitados,3
2011,Illes Balears,3.4.-pornografia de menores,5
2011,Illes Balears,3.5.-otros contra la libertad sexual,52
2011,Illes Balears,4. relaciones familiares,180
2011,Illes Balears,5. patrimonio,8369
2011,Illes Balears,5.1.-hurtos,3043
2011,Illes Balears,5.2.-robos con fuerza en las cosas,1873
2011,Illes Balears,5.2.1.-robos con fuerza en las cosas en el interior de vehiculos,424
2011,Illes Balears,5.2.2.-robos con fuerza en viviendas,524
2011,Illes Balears,5.2.3.-robos con fuerza en establecimientos,382
2011,Illes Balears,5.3.-robos con violencia o intimidacion,478
2011,Illes Balears,5.3.1.-robos con violencia en via publica,270
2011,Illes Balears,5.3.2.-robos con violencia en viviendas,42
2011,Illes Balears,5.3.3.-robos con violencia en establecimientos,83
2011,Illes Balears,5.4.-sustraccion de vehiculos,343
2011,Illes Balears,5.5.-estafas,880
2011,Illes Balears,5.5.1.-estafas informaticas,135
2011,Illes Balears,5.6.-danos,1110
2011,Illes Balears,5.7.-contra la propiedad intelectual/industrial,72
2011,Illes Balears,5.8.-blanqueo de capitales,9
2011,Illes Balears,5.9.-otros contra el patrimonio,561
2011,Illes Balears,6. seguridad colectiva,2435
2011,Illes Balears,6.1.-trafico de drogas,412
2011,Illes Balears,6.2.-contra la seguridad vial,1951
2011,Illes Balears,6.3.-otros contra la seguridad colectiva,72
2011,Illes Balears,7. falsedades,293
2011,Illes Balears,8. admon. publica,19
2011,Illes Balears,9. admon. justicia,785
2011,Illes Balears,total infracciones penales,22236
2011,La Rioja,1. contra las personas,1449
2011,La Rioja,1.1.-homicidios dolosos/asesinatos,7
2011,La Rioja,1.1.1.-homicidios dolosos/asesinatos consumados,2
2011,La Rioja,1.2.-lesiones,676
2011,La Rioja,1.3.-malos tratos ambito familiar,355
2011,La Rioja,1.4.-otros contra las personas,411
2011,La Rioja,10. orden publico,255
2011,La Rioja,11. legislacion especial,0
2011,La Rioja,12. otras infracciones penales,16
2011,La Rioja,2. contra la libertad,138
2011,La Rioja,2.1.-malos tratos habituales en el ambito familiar,30
2011,La Rioja,2.2.-otros contra la libertad,108
2011,La Rioja,3. libertad sexual,52
2011,La Rioja,3.1.-agresion sexual,37
2011,La Rioja,3.2.-agresion sexual con penetracion,9
2011,La Rioja,3.3.-corrupcion de menores o incapacitados,1
2011,La Rioja,3.4.-pornografia de menores,3
2011,La Rioja,3.5.-otros contra la libertad sexual,2
2011,La Rioja,4. relaciones familiares,17
2011,La Rioja,5. patrimonio,1354
2011,La Rioja,5.1.-hurtos,651
2011,La Rioja,5.2.-robos con fuerza en las cosas,219
2011,La Rioja,5.2.1.-robos con fuerza en las cosas en el interior de vehiculos,23
2011,La Rioja,5.2.2.-robos con fuerza en viviendas,32
2011,La Rioja,5.2.3.-robos con fuerza en establecimientos,39
2011,La Rioja,5.3.-robos con violencia o intimidacion,80
2011,La Rioja,5.3.1.-robos con violencia en via publica,33
2011,La Rioja,5.3.2.-robos con violencia en viviendas,8
2011,La Rioja,5.3.3.-robos con violencia en establecimientos,28
2011,La Rioja,5.4.-sustraccion de vehiculos,25
2011,La Rioja,5.5.-estafas,142
2011,La Rioja,5.5.1.-estafas informaticas,26
2011,La Rioja,5.6.-danos,161
2011,La Rioja,5.7.-contra la propiedad intelectual/industrial,7
2011,La Rioja,5.8.-blanqueo de capitales,1
2011,La Rioja,5.9.-otros contra el patrimonio,68
2011,La Rioja,6. seguridad colectiva,616
2011,La Rioja,6.1.-trafico de drogas,61
2011,La Rioja,6.2.-contra la seguridad vial,545
2011,La Rioja,6.3.-otros contra la seguridad colectiva,10
2011,La Rioja,7. falsedades,58
2011,La Rioja,8. admon. publica,0
2011,La Rioja,9. admon. justicia,134
2011,La Rioja,total infracciones penales,4089
2011,Melilla,1. contra las personas,869
2011,Melilla,1.1.-homicidios dolosos/asesinatos,7
2011,Melilla,1.1.1.-homicidios dolosos/asesinatos consumados,0
2011,Melilla,1.2.-lesiones,422
2011,Melilla,1.3.-malos tratos ambito familiar,259
2011,Melilla,1.4.-otros contra las personas,181
2011,Melilla,10. orden publico,175
2011,Melilla,11. legislacion especial,3
2011,Melilla,12. otras infracciones penales,65
2011,Melilla,2. contra la libertad,93
2011,Melilla,2.1.-malos tratos habituales en el ambito familiar,3
2011,Melilla,2.2.-otros contra la libertad,90
2011,Melilla,3. libertad sexual,28
2011,Melilla,3.1.-agresion sexual,20
2011,Melilla,3.2.-agresion sexual con penetracion,3
2011,Melilla,3.3.-corrupcion de menores o incapacitados,0
2011,Melilla,3.4.-pornografia de menores,0
2011,Melilla,3.5.-otros contra la libertad sexual,5
2011,Melilla,4. relaciones familiares,24
2011,Melilla,5. patrimonio,898
2011,Melilla,5.1.-hurtos,299
2011,Melilla,5.2.-robos con fuerza en las cosas,236
2011,Melilla,5.2.1.-robos con fuerza en las cosas en el interior de vehiculos,103
2011,Melilla,5.2.2.-robos con fuerza en viviendas,43
2011,Melilla,5.2.3.-robos con fuerza en establecimientos,48
2011,Melilla,5.3.-robos con violencia o intimidacion,147
2011,Melilla,5.3.1.-robos con violencia en via publica,113
2011,Melilla,5.3.2.-robos con violencia en viviendas,2
2011,Melilla,5.3.3.-robos con violencia en establecimientos,14
2011,Melilla,5.4.-sustraccion de vehiculos,77
2011,Melilla,5.5.-estafas,32
2011,Melilla,5.5.1.-estafas informaticas,10
2011,Melilla,5.6.-danos,54
2011,Melilla,5.7.-contra la propiedad intelectual/industrial,11
2011,Melilla,5.8.-blanqueo de capitales,3
2011,Melilla,5.9.-otros contra el patrimonio,39
2011,Melilla,6. seguridad colectiva,341
2011,Melilla,6.1.-trafico de drogas,194
2011,Melilla,6.2.-contra la seguridad vial,136
2011,Melilla,6.3.-otros contra la seguridad colectiva,11
2011,Melilla,7. falsedades,245
2011,Melilla,8. admon. publica,2
2011,Melilla,9. admon. justicia,65
2011,Melilla,total infracciones penales,2808
2011,País Vasco,1. contra las personas,42
2011,País Vasco,1.1.-homicidios dolosos/asesinatos,0
2011,País Vasco,1.1.1.-homicidios dolosos/asesinatos consumados,0
2011,País Vasco,1.2.-lesiones,15
2011,País Vasco,1.3.-malos tratos ambito familiar,10
2011,País Vasco,1.4.-otros contra las personas,17
2011,País Vasco,10. orden publico,45
2011,País Vasco,11. legislacion especial,1
2011,País Vasco,12. otras infracciones penales,29
2011,País Vasco,2. contra la libertad,14
2011,País Vasco,2.1.-malos tratos habituales en el ambito familiar,4
2011,País Vasco,2.2.-otros contra la libertad,10
2011,País Vasco,3. libertad sexual,31
2011,País Vasco,3.1.-agresion sexual,5
2011,País Vasco,3.2.-agresion sexual con penetracion,0
2011,País Vasco,3.3.-corrupcion de menores o incapacitados,1
2011,País Vasco,3.4.-pornografia de menores,18
2011,País Vasco,3.5.-otros contra la libertad sexual,7
2011,País Vasco,4. relaciones familiares,4
2011,País Vasco,5. patrimonio,255
2011,País Vasco,5.1.-hurtos,23
2011,País Vasco,5.2.-robos con fuerza en las cosas,58
2011,País Vasco,5.2.1.-robos con fuerza en las cosas en el interior de vehiculos,7
2011,País Vasco,5.2.2.-robos con fuerza en viviendas,25
2011,País Vasco,5.2.3.-robos con fuerza en establecimientos,17
2011,País Vasco,5.3.-robos con violencia o intimidacion,3
2011,País Vasco,5.3.1.-robos con violencia en via publica,2
2011,País Vasco,5.3.2.-robos con violencia en viviendas,0
2011,País Vasco,5.3.3.-robos con violencia en establecimientos,1
2011,País Vasco,5.4.-sustraccion de vehiculos,27
2011,País Vasco,5.5.-estafas,117
2011,País Vasco,5.5.1.-estafas informaticas,58
2011,País Vasco,5.6.-danos,4
2011,País Vasco,5.7.-contra la propiedad intelectual/industrial,6
2011,País Vasco,5.8.-blanqueo de capitales,2
2011,País Vasco,5.9.-otros contra el patrimonio,15
2011,País Vasco,6. seguridad colectiva,84
2011,País Vasco,6.1.-trafico de drogas,60
2011,País Vasco,6.2.-contra la seguridad vial,19
2011,País Vasco,6.3.-otros contra la seguridad colectiva,5
2011,País Vasco,7. falsedades,88
2011,País Vasco,8. admon. publica,1
2011,País Vasco,9. admon. justicia,62
2011,País Vasco,total infracciones penales,656
2011,Principado de Asturias,1. contra las personas,5650
2011,Principado de Asturias,1.1.-homicidios dolosos/asesinatos,22
2011,Principado de Asturias,1.1.1.-homicidios dolosos/asesinatos consumados,9
2011,Principado de Asturias,1.2.-lesiones,2091
2011,Principado de Asturias,1.3.-malos tratos ambito familiar,1473
2011,Principado de Asturias,1.4.-otros contra las personas,2064
2011,Principado de Asturias,10. orden publico,759
2011,Principado de Asturias,11. legislacion especial,0
2011,Principado de Asturias,12. otras infracciones penales,59
2011,Principado de Asturias,2. contra la libertad,492
2011,Principado de Asturias,2.1.-malos tratos habituales en el ambito familiar,99
2011,Principado de Asturias,2.2.-otros contra la libertad,393
2011,Principado de Asturias,3. libertad sexual,96
2011,Principado de Asturias,3.1.-agresion sexual,54
2011,Principado de Asturias,3.2.-agresion sexual con penetracion,18
2011,Principado de Asturias,3.3.-corrupcion de menores o incapacitados,7
2011,Principado de Asturias,3.4.-pornografia de menores,6
2011,Principado de Asturias,3.5.-otros contra la libertad sexual,11
2011,Principado de Asturias,4. relaciones familiares,152
2011,Principado de Asturias,5. patrimonio,5097
2011,Principado de Asturias,5.1.-hurtos,2016
2011,Principado de Asturias,5.2.-robos con fuerza en las cosas,913
2011,Principado de Asturias,5.2.1.-robos con fuerza en las cosas en el interior de vehiculos,154
2011,Principado de Asturias,5.2.2.-robos con fuerza en viviendas,172
2011,Principado de Asturias,5.2.3.-robos con fuerza en establecimientos,348
2011,Principado de Asturias,5.3.-robos con violencia o intimidacion,284
2011,Principado de Asturias,5.3.1.-robos con violencia en via publica,181
2011,Principado de Asturias,5.3.2.-robos con violencia en viviendas,22
2011,Principado de Asturias,5.3.3.-robos con violencia en establecimientos,49
2011,Principado de Asturias,5.4.-sustraccion de vehiculos,237
2011,Principado de Asturias,5.5.-estafas,606
2011,Principado de Asturias,5.5.1.-estafas informaticas,129
2011,Principado de Asturias,5.6.-danos,826
2011,Principado de Asturias,5.7.-contra la propiedad intelectual/industrial,18
2011,Principado de Asturias,5.8.-blanqueo de capitales,2
2011,Principado de Asturias,5.9.-otros contra el patrimonio,195
2011,Principado de Asturias,6. seguridad colectiva,1559
2011,Principado de Asturias,6.1.-trafico de drogas,238
2011,Principado de Asturias,6.2.-contra la seguridad vial,1283
2011,Principado de Asturias,6.3.-otros contra la seguridad colectiva,38
2011,Principado de Asturias,7. falsedades,131
2011,Principado de Asturias,8. admon. publica,7
2011,Principado de Asturias,9. admon. justicia,511
2011,Principado de Asturias,total infracciones penales,14513
2011,Región de Murcia,1. contra las personas,8844
2011,Región de Murcia,1.1.-homicidios dolosos/asesinatos,33
2011,Región de Murcia,1.1.1.-homicidios dolosos/asesinatos consumados,7
2011,Región de Murcia,1.2.-lesiones,3119
2011,Región de Murcia,1.3.-malos tratos ambito familiar,2470
2011,Región de Murcia,1.4.-otros contra las personas,3222
2011,Región de Murcia,10. orden publico,861
2011,Región de Murcia,11. legislacion especial,2
2011,Región de Murcia,12. otras infracciones penales,155
2011,Región de Murcia,2. contra la libertad,1195
2011,Región de Murcia,2.1.-malos tratos habituales en el ambito familiar,382
2011,Región de Murcia,2.2.-otros contra la libertad,813
2011,Región de Murcia,3. libertad sexual,252
2011,Región de Murcia,3.1.-agresion sexual,153
2011,Región de Murcia,3.2.-agresion sexual con penetracion,48
2011,Región de Murcia,3.3.-corrupcion de menores o incapacitados,1
2011,Región de Murcia,3.4.-pornografia de menores,9
2011,Región de Murcia,3.5.-otros contra la libertad sexual,41
2011,Región de Murcia,4. relaciones familiares,489
2011,Región de Murcia,5. patrimonio,8146
2011,Región de Murcia,5.1.-hurtos,2999
2011,Región de Murcia,5.2.-robos con fuerza en las cosas,1997
2011,Región de Murcia,5.2.1.-robos con fuerza en las cosas en el interior de vehiculos,612
2011,Región de Murcia,5.2.2.-robos con fuerza en viviendas,509
2011,Región de Murcia,5.2.3.-robos con fuerza en establecimientos,306
2011,Región de Murcia,5.3.-robos con violencia o intimidacion,623
2011,Región de Murcia,5.3.1.-robos con violencia en via publica,322
2011,Región de Murcia,5.3.2.-robos con violencia en viviendas,52
2011,Región de Murcia,5.3.3.-robos con violencia en establecimientos,135
2011,Región de Murcia,5.4.-sustraccion de vehiculos,314
2011,Región de Murcia,5.5.-estafas,821
2011,Región de Murcia,5.5.1.-estafas informaticas,91
2011,Región de Murcia,5.6.-danos,880
2011,Región de Murcia,5.7.-contra la propiedad intelectual/industrial,50
2011,Región de Murcia,5.8.-blanqueo de capitales,5
2011,Región de Murcia,5.9.-otros contra el patrimonio,457
2011,Región de Murcia,6. seguridad colectiva,1704
2011,Región de Murcia,6.1.-trafico de drogas,297
2011,Región de Murcia,6.2.-contra la seguridad vial,1360
2011,Región de Murcia,6.3.-otros contra la seguridad colectiva,47
2011,Región de Murcia,7. falsedades,374
2011,Región de Murcia,8. admon. publica,3
2011,Región de Murcia,9. admon. justicia,914
2011,Región de Murcia,total infracciones penales,22939
2012,Andalucía,1. contra las personas,53296
2012,Andalucía,1.1.-homicidios dolosos/asesinatos,240
2012,Andalucía,1.1.1.-homicidios dolosos/asesinatos consumados,66
2012,Andalucía,1.2.-lesiones,18117
2012,Andalucía,1.3.-malos tratos ambito familiar,12559
2012,Andalucía,1.4.-otros contra las personas,22380
2012,Andalucía,10. orden publico,5672
2012,Andalucía,11. legislacion especial,76
2012,Andalucía,12. otras infracciones penales,1022
2012,Andalucía,2. contra la libertad,7127
2012,Andalucía,2.1.-malos tratos habituales en el ambito familiar,3491
2012,Andalucía,2.2.-otros contra la libertad,3636
2012,Andalucía,3. libertad sexual,1272
2012,Andalucía,3.1.-agresion sexual,734
2012,Andalucía,3.2.-agresion sexual con penetracion,216
2012,Andalucía,3.3.-corrupcion de menores o incapacitados,36
2012,Andalucía,3.4.-pornografia de menores,52
2012,Andalucía,3.5.-otros contra la libertad sexual,234
2012,Andalucía,4. relaciones familiares,1520
2012,Andalucía,5. patrimonio,54704
2012,Andalucía,5.1.-hurtos,21658
2012,Andalucía,5.2.-robos con fuerza en las cosas,10744
2012,Andalucía,5.2.1.-robos con fuerza en las cosas en el interior de vehiculos,2741
2012,Andalucía,5.2.2.-robos con fuerza en viviendas,3571
2012,Andalucía,5.2.3.-robos con fuerza en establecimientos,1907
2012,Andalucía,5.3.-robos con violencia o intimidacion,3661
2012,Andalucía,5.3.1.-robos con violencia en via publica,2308
2012,Andalucía,5.3.2.-robos con violencia en viviendas,306
2012,Andalucía,5.3.3.-robos con violencia en establecimientos,722
2012,Andalucía,5.4.-sustraccion de vehiculos,2428
2012,Andalucía,5.5.-estafas,6480
2012,Andalucía,5.5.1.-estafas informaticas,1410
2012,Andalucía,5.6.-danos,5698
2012,Andalucía,5.7.-contra la propiedad intelectual/industrial,764
2012,Andalucía,5.8.-blanqueo de capitales,52
2012,Andalucía,5.9.-otros contra el patrimonio,3219
2012,Andalucía,6. seguridad colectiva,16997
2012,Andalucía,6.1.-trafico de drogas,3286
2012,Andalucía,6.2.-contra la seguridad vial,13349
2012,Andalucía,6.3.-otros contra la seguridad colectiva,362
2012,Andalucía,7. falsedades,2109
2012,Andalucía,8. admon. publica,57
2012,Andalucía,9. admon. justicia,6277
2012,Andalucía,total infracciones penales,150129
2012,Aragón,1. contra las personas,5302
2012,Aragón,1.1.-homicidios dolosos/asesinatos,17
2012,Aragón,1.1.1.-homicidios dolosos/asesinatos consumados,7
2012,Aragón,1.2.-lesiones,1930
2012,Aragón,1.3.-malos tratos ambito familiar,1556
2012,Aragón,1.4.-otros contra las personas,1799
2012,Aragón,10. orden publico,736
2012,Aragón,11. legislacion especial,3
2012,Aragón,12. otras infracciones penales,118
2012,Aragón,2. contra la libertad,840
2012,Aragón,2.1.-malos tratos habituales en el ambito familiar,379
2012,Aragón,2.2.-otros contra la libertad,461
2012,Aragón,3. libertad sexual,170
2012,Aragón,3.1.-agresion sexual,83
2012,Aragón,3.2.-agresion sexual con penetracion,45
2012,Aragón,3.3.-corrupcion de menores o incapacitados,8
2012,Aragón,3.4.-pornografia de menores,12
2012,Aragón,3.5.-otros contra la libertad sexual,22
2012,Aragón,4. relaciones familiares,138
2012,Aragón,5. patrimonio,6750
2012,Aragón,5.1.-hurtos,2773
2012,Aragón,5.2.-robos con fuerza en las cosas,1127
2012,Aragón,5.2.1.-robos con fuerza en las cosas en el interior de vehiculos,170
2012,Aragón,5.2.2.-robos con fuerza en viviendas,355
2012,Aragón,5.2.3.-robos con fuerza en establecimientos,280
2012,Aragón,5.3.-robos con violencia o intimidacion,507
2012,Aragón,5.3.1.-robos con violencia en via publica,286
2012,Aragón,5.3.2.-robos con violencia en viviendas,47
2012,Aragón,5.3.3.-robos con violencia en establecimientos,123
2012,Aragón,5.4.-sustraccion de vehiculos,166
2012,Aragón,5.5.-estafas,818
2012,Aragón,5.5.1.-estafas informaticas,185
2012,Aragón,5.6.-danos,917
2012,Aragón,5.7.-contra la propiedad intelectual/industrial,48
2012,Aragón,5.8.-blanqueo de capitales,4
2012,Aragón,5.9.-otros contra el patrimonio,390
2012,Aragón,6. seguridad colectiva,1330
2012,Aragón,6.1.-trafico de drogas,256
2012,Aragón,6.2.-contra la seguridad vial,987
2012,Aragón,6.3.-otros contra la seguridad colectiva,87
2012,Aragón,7. falsedades,223
2012,Aragón,8. admon. publica,3
2012,Aragón,9. admon. justicia,603
2012,Aragón,total infracciones penales,16216
2012,Canarias,1. contra las personas,18162
2012,Canarias,1.1.-homicidios dolosos/asesinatos,52
2012,Canarias,1.1.1.-homicidios dolosos/asesinatos consumados,12
2012,Canarias,1.2.-lesiones,5927
2012,Canarias,1.3.-malos tratos ambito familiar,3935
2012,Canarias,1.4.-otros contra las personas,8248
2012,Canarias,10. orden publico,1466
2012,Canarias,11. legislacion especial,5
2012,Canarias,12. otras infracciones penales,144
2012,Canarias,2. contra la libertad,1868
2012,Canarias,2.1.-malos tratos habituales en el ambito familiar,699
2012,Canarias,2.2.-otros contra la libertad,1169
2012,Canarias,3. libertad sexual,425
2012,Canarias,3.1.-agresion sexual,266
2012,Canarias,3.2.-agresion sexual con penetracion,60
2012,Canarias,3.3.-corrupcion de menores o incapacitados,22
2012,Canarias,3.4.-pornografia de menores,26
2012,Canarias,3.5.-otros contra la libertad sexual,51
2012,Canarias,4. relaciones familiares,999
2012,Canarias,5. patrimonio,15158
2012,Canarias,5.1.-hurtos,5965
2012,Canarias,5.2.-robos con fuerza en las cosas,3027
2012,Canarias,5.2.1.-robos con fuerza en las cosas en el interior de vehiculos,670
2012,Canarias,5.2.2.-robos con fuerza en viviendas,987
2012,Canarias,5.2.3.-robos con fuerza en establecimientos,486
2012,Canarias,5.3.-robos con violencia o intimidacion,903
2012,Canarias,5.3.1.-robos con violencia en via publica,540
2012,Canarias,5.3.2.-robos con violencia en viviendas,85
2012,Canarias,5.3.3.-robos con violencia en establecimientos,155
2012,Canarias,5.4.-sustraccion de vehiculos,556
2012,Canarias,5.5.-estafas,1614
2012,Canarias,5.5.1.-estafas informaticas,271
2012,Canarias,5.6.-danos,2210
2012,Canarias,5.7.-contra la propiedad intelectual/industrial,68
2012,Canarias,5.8.-blanqueo de capitales,10
2012,Canarias,5.9.-otros contra el patrimonio,805
2012,Canarias,6. seguridad colectiva,4020
2012,Canarias,6.1.-trafico de drogas,609
2012,Canarias,6.2.-contra la seguridad vial,3337
2012,Canarias,6.3.-otros contra la seguridad colectiva,74
2012,Canarias,7. falsedades,372
2012,Canarias,8. admon. publica,18
2012,Canarias,9. admon. justicia,1319
2012,Canarias,total infracciones penales,43956
2012,Cantabria,1. contra las personas,2987
2012,Cantabria,1.1.-homicidios dolosos/asesinatos,5
2012,Cantabria,1.1.1.-homicidios dolosos/asesinatos consumados,1
2012,Cantabria,1.2.-lesiones,1260
2012,Cantabria,1.3.-malos tratos ambito familiar,531
2012,Cantabria,1.4.-otros contra las personas,1191
2012,Cantabria,10. orden publico,424
2012,Cantabria,11. legislacion especial,0
2012,Cantabria,12. otras infracciones penales,14
2012,Cantabria,2. contra la libertad,338
2012,Cantabria,2.1.-malos tratos habituales en el ambito familiar,145
2012,Cantabria,2.2.-otros contra la libertad,193
2012,Cantabria,3. libertad sexual,38
2012,Cantabria,3.1.-agresion sexual,23
2012,Cantabria,3.2.-agresion sexual con penetracion,7
2012,Cantabria,3.3.-corrupcion de menores o incapacitados,2
2012,Cantabria,3.4.-pornografia de menores,3
2012,Cantabria,3.5.-otros contra la libertad sexual,3
2012,Cantabria,4. relaciones familiares,38
2012,Cantabria,5. patrimonio,3149
2012,Cantabria,5.1.-hurtos,1373
2012,Cantabria,5.2.-robos con fuerza en las cosas,546
2012,Cantabria,5.2.1.-robos con fuerza en las cosas en el interior de vehiculos,81
2012,Cantabria,5.2.2.-robos con fuerza en viviendas,187
2012,Cantabria,5.2.3.-robos con fuerza en establecimientos,151
2012,Cantabria,5.3.-robos con violencia o intimidacion,174
2012,Cantabria,5.3.1.-robos con violencia en via publica,93
2012,Cantabria,5.3.2.-robos con violencia en viviendas,14
2012,Cantabria,5.3.3.-robos con violencia en establecimientos,46
2012,Cantabria,5.4.-sustraccion de vehiculos,91
2012,Cantabria,5.5.-estafas,339
2012,Cantabria,5.5.1.-estafas informaticas,96
2012,Cantabria,5.6.-danos,429
2012,Cantabria,5.7.-contra la propiedad intelectual/industrial,23
2012,Cantabria,5.8.-blanqueo de capitales,2
2012,Cantabria,5.9.-otros contra el patrimonio,172
2012,Cantabria,6. seguridad colectiva,999
2012,Cantabria,6.1.-trafico de drogas,98
2012,Cantabria,6.2.-contra la seguridad vial,889
2012,Cantabria,6.3.-otros contra la seguridad colectiva,12
2012,Cantabria,7. falsedades,118
2012,Cantabria,8. admon. publica,2
2012,Cantabria,9. admon. justicia,305
2012,Cantabria,total infracciones penales,8412
2012,Castilla y León,1. contra las personas,12332
2012,Castilla y León,1.1.-homicidios dolosos/asesinatos,44
2012,Castilla y León,1.1.1.-homicidios dolosos/asesinatos consumados,12
2012,Castilla y León,1.2.-lesiones,4647
2012,Castilla y León,1.3.-malos tratos ambito familiar,2183
2012,Castilla y León,1.4.-otros contra las personas,5458
2012,Castilla y León,10. orden publico,1529
2012,Castilla y León,11. legislacion especial,2
2012,Castilla y León,12. otras infracciones penales,186
2012,Castilla y León,2. contra la libertad,1140
2012,Castilla y León,2.1.-malos tratos habituales en el ambito familiar,482
2012,Castilla y León,2.2.-otros contra la libertad,658
2012,Castilla y León,3. libertad sexual,257
2012,Castilla y León,3.1.-agresion sexual,149
2012,Castilla y León,3.2.-agresion sexual con penetracion,42
2012,Castilla y León,3.3.-corrupcion de menores o incapacitados,7
2012,Castilla y León,3.4.-pornografia de menores,19
2012,Castilla y León,3.5.-otros contra la libertad sexual,40
2012,Castilla y León,4. relaciones familiares,273
2012,Castilla y León,5. patrimonio,12467
2012,Castilla y León,5.1.-hurtos,5183
2012,Castilla y León,5.2.-robos con fuerza en las cosas,2154
2012,Castilla y León,5.2.1.-robos con fuerza en las cosas en el interior de vehiculos,356
2012,Castilla y León,5.2.2.-robos con fuerza en viviendas,526
2012,Castilla y León,5.2.3.-robos con fuerza en establecimientos,543
2012,Castilla y León,5.3.-robos con violencia o intimidacion,519
2012,Castilla y León,5.3.1.-robos con violencia en via publica,291
2012,Castilla y León,5.3.2.-robos con violencia en viviendas,77
2012,Castilla y León,5.3.3.-robos con violencia en establecimientos,91
2012,Castilla y León,5.4.-sustraccion de vehiculos,322
2012,Castilla y León,5.5.-estafas,1697
2012,Castilla y León,5.5.1.-estafas informaticas,413
2012,Castilla y León,5.6.-danos,1910
2012,Castilla y León,5.7.-contra la propiedad intelectual/industrial,65
2012,Castilla y León,5.8.-blanqueo de capitales,2
2012,Castilla y León,5.9.-otros contra el patrimonio,615
2012,Castilla y León,6. seguridad colectiva,3824
2012,Castilla y León,6.1.-trafico de drogas,340
2012,Castilla y León,6.2.-contra la seguridad vial,3403
2012,Castilla y León,6.3.-otros contra la seguridad colectiva,81
2012,Castilla y León,7. falsedades,344
2012,Castilla y León,8. admon. publica,10
2012,Castilla y León,9. admon. justicia,1006
2012,Castilla y León,total infracciones penales,33370
2012,Castilla-La Mancha,1. contra las personas,10760
2012,Castilla-La Mancha,1.1.-homicidios dolosos/asesinatos,36
2012,Castilla-La Mancha,1.1.1.-homicidios dolosos/asesinatos consumados,16
2012,Castilla-La Mancha,1.2.-lesiones,3764
2012,Castilla-La Mancha,1.3.-malos tratos ambito familiar,2497
2012,Castilla-La Mancha,1.4.-otros contra las personas,4463
2012,Castilla-La Mancha,10. orden publico,1212
2012,Castilla-La Mancha,11. legislacion especial,0
2012,Castilla-La Mancha,12. otras infracciones penales,190
2012,Castilla-La Mancha,2. contra la libertad,1215
2012,Castilla-La Mancha,2.1.-malos tratos habituales en el ambito familiar,517
2012,Castilla-La Mancha,2.2.-otros contra la libertad,698
2012,Castilla-La Mancha,3. libertad sexual,219
2012,Castilla-La Mancha,3.1.-agresion sexual,134
2012,Castilla-La Mancha,3.2.-agresion sexual con penetracion,38
2012,Castilla-La Mancha,3.3.-corrupcion de menores o incapacitados,8
2012,Castilla-La Mancha,3.4.-pornografia de menores,13
2012,Castilla-La Mancha,3.5.-otros contra la libertad sexual,26
2012,Castilla-La Mancha,4. relaciones familiares,313
2012,Castilla-La Mancha,5. patrimonio,11061
2012,Castilla-La Mancha,5.1.-hurtos,3525
2012,Castilla-La Mancha,5.2.-robos con fuerza en las cosas,2713
2012,Castilla-La Mancha,5.2.1.-robos con fuerza en las cosas en el interior de vehiculos,489
2012,Castilla-La Mancha,5.2.2.-robos con fuerza en viviendas,909
2012,Castilla-La Mancha,5.2.3.-robos con fuerza en establecimientos,434
2012,Castilla-La Mancha,5.3.-robos con violencia o intimidacion,556
2012,Castilla-La Mancha,5.3.1.-robos con violencia en via publica,325
2012,Castilla-La Mancha,5.3.2.-robos con violencia en viviendas,54
2012,Castilla-La Mancha,5.3.3.-robos con violencia en establecimientos,119
2012,Castilla-La Mancha,5.4.-sustraccion de vehiculos,397
2012,Castilla-La Mancha,5.5.-estafas,1706
2012,Castilla-La Mancha,5.5.1.-estafas informaticas,353
2012,Castilla-La Mancha,5.6.-danos,1412
2012,Castilla-La Mancha,5.7.-contra la propiedad intelectual/industrial,47
2012,Castilla-La Mancha,5.8.-blanqueo de capitales,4
2012,Castilla-La Mancha,5.9.-otros contra el patrimonio,701
2012,Castilla-La Mancha,6. seguridad colectiva,3724
2012,Castilla-La Mancha,6.1.-trafico de drogas,414
2012,Castilla-La Mancha,6.2.-contra la seguridad vial,3248
2012,Castilla-La Mancha,6.3.-otros contra la seguridad colectiva,62
2012,Castilla-La Mancha,7. falsedades,458
2012,Castilla-La Mancha,8. admon. publica,7
2012,Castilla-La Mancha,9. admon. justicia,1004
2012,Castilla-La Mancha,total infracciones penales,30163
2012,Cataluña,1. contra las personas,33874
2012,Cataluña,1.1.-homicidios dolosos/asesinatos,268
2012,Cataluña,1.1.1.-homicidios dolosos/asesinatos consumados,1
2012,Cataluña,1.2.-lesiones,12728
2012,Cataluña,1.3.-malos tratos ambito familiar,6343
2012,Cataluña,1.4.-otros contra las personas,14535
2012,Cataluña,10. orden publico,4605
2012,Cataluña,11. legislacion especial,151
2012,Cataluña,12. otras infracciones penales,960
2012,Cataluña,2. contra la libertad,10088
2012,Cataluña,2.1.-malos tratos habituales en el ambito familiar,3276
2012,Cataluña,2.2.-otros contra la libertad,6812
2012,Cataluña,3. libertad sexual,1300
2012,Cataluña,3.1.-agresion sexual,654
2012,Cataluña,3.2.-agresion sexual con penetracion,337
2012,Cataluña,3.3.-corrupcion de menores o incapacitados,4
2012,Cataluña,3.4.-pornografia de menores,88
2012,Cataluña,3.5.-otros contra la libertad sexual,217
2012,Cataluña,4. relaciones familiares,2385
2012,Cataluña,5. patrimonio,62178
2012,Cataluña,5.1.-hurtos,21800
2012,Cataluña,5.2.-robos con fuerza en las cosas,11328
2012,Cataluña,5.2.1.-robos con fuerza en las cosas en el interior de vehiculos,2201
2012,Cataluña,5.2.2.-robos con fuerza en viviendas,28
2012,Cataluña,5.2.3.-robos con fuerza en establecimientos,8
2012,Cataluña,5.3.-robos con violencia o intimidacion,6501
2012,Cataluña,5.3.1.-robos con violencia en via publica,9
2012,Cataluña,5.3.2.-robos con violencia en viviendas,3
2012,Cataluña,5.3.3.-robos con violencia en establecimientos,10
2012,Cataluña,5.4.-sustraccion de vehiculos,5006
2012,Cataluña,5.5.-estafas,6692
2012,Cataluña,5.5.1.-estafas informaticas,310
2012,Cataluña,5.6.-danos,4804
2012,Cataluña,5.7.-contra la propiedad intelectual/industrial,548
2012,Cataluña,5.8.-blanqueo de capitales,21
2012,Cataluña,5.9.-otros contra el patrimonio,5478
2012,Cataluña,6. seguridad colectiva,8362
2012,Cataluña,6.1.-trafico de drogas,2111
2012,Cataluña,6.2.-contra la seguridad vial,6128
2012,Cataluña,6.3.-otros contra la seguridad colectiva,123
2012,Cataluña,7. falsedades,2857
2012,Cataluña,8. admon. publica,23
2012,Cataluña,9. admon. justicia,3541
2012,Cataluña,total infracciones penales,130324
2012,Ceuta,1. contra las personas,699
2012,Ceuta,1.1.-homicidios dolosos/asesinatos,12
2012,Ceuta,1.1.1.-homicidios dolosos/asesinatos consumados,0
2012,Ceuta,1.2.-lesiones,313
2012,Ceuta,1.3.-malos tratos ambito familiar,115
2012,Ceuta,1.4.-otros contra las personas,259
2012,Ceuta,10. orden publico,170
2012,Ceuta,11. legislacion especial,0
2012,Ceuta,12. otras infracciones penales,78
2012,Ceuta,2. contra la libertad,160
2012,Ceuta,2.1.-malos tratos habituales en el ambito familiar,98
2012,Ceuta,2.2.-otros contra la libertad,62
2012,Ceuta,3. libertad sexual,13
2012,Ceuta,3.1.-agresion sexual,11
2012,Ceuta,3.2.-agresion sexual con penetracion,0
2012,Ceuta,3.3.-corrupcion de menores o incapacitados,0
2012,Ceuta,3.4.-pornografia de menores,1
2012,Ceuta,3.5.-otros contra la libertad sexual,1
2012,Ceuta,4. relaciones familiares,72
2012,Ceuta,5. patrimonio,807
2012,Ceuta,5.1.-hurtos,238
2012,Ceuta,5.2.-robos con fuerza en las cosas,144
2012,Ceuta,5.2.1.-robos con fuerza en las cosas en el interior de vehiculos,65
2012,Ceuta,5.2.2.-robos con fuerza en viviendas,32
2012,Ceuta,5.2.3.-robos con fuerza en establecimientos,18
2012,Ceuta,5.3.-robos con violencia o intimidacion,74
2012,Ceuta,5.3.1.-robos con violencia en via publica,58
2012,Ceuta,5.3.2.-robos con violencia en viviendas,4
2012,Ceuta,5.3.3.-robos con violencia en establecimientos,5
2012,Ceuta,5.4.-sustraccion de vehiculos,91
2012,Ceuta,5.5.-estafas,78
2012,Ceuta,5.5.1.-estafas informaticas,34
2012,Ceuta,5.6.-danos,114
2012,Ceuta,5.7.-contra la propiedad intelectual/industrial,14
2012,Ceuta,5.8.-blanqueo de capitales,0
2012,Ceuta,5.9.-otros contra el patrimonio,54
2012,Ceuta,6. seguridad colectiva,1794
2012,Ceuta,6.1.-trafico de drogas,1409
2012,Ceuta,6.2.-contra la seguridad vial,376
2012,Ceuta,6.3.-otros contra la seguridad colectiva,9
2012,Ceuta,7. falsedades,317
2012,Ceuta,8. admon. publica,2
2012,Ceuta,9. admon. justicia,157
2012,Ceuta,total infracciones penales,4269
2012,Comunidad Foral de Navarra,1. contra las personas,1338
2012,Comunidad Foral de Navarra,1.1.-homicidios dolosos/asesinatos,10
2012,Comunidad Foral de Navarra,1.1.1.-homicidios dolosos/asesinatos consumados,4
2012,Comunidad Foral de Navarra,1.2.-lesiones,451
2012,Comunidad Foral de Navarra,1.3.-malos tratos ambito familiar,266
2012,Comunidad Foral de Navarra,1.4.-otros contra las personas,611
2012,Comunidad Foral de Navarra,10. orden publico,378
2012,Comunidad Foral de Navarra,11. legislacion especial,0
2012,Comunidad Foral de Navarra,12. otras infracciones penales,41
2012,Comunidad Foral de Navarra,2. contra la libertad,262
2012,Comunidad Foral de Navarra,2.1.-malos tratos habituales en el ambito familiar,94
2012,Comunidad Foral de Navarra,2.2.-otros contra la libertad,168
2012,Comunidad Foral de Navarra,3. libertad sexual,32
2012,Comunidad Foral de Navarra,3.1.-agresion sexual,20
2012,Comunidad Foral de Navarra,3.2.-agresion sexual con penetracion,4
2012,Comunidad Foral de Navarra,3.3.-corrupcion de menores o incapacitados,4
2012,Comunidad Foral de Navarra,3.4.-pornografia de menores,2
2012,Comunidad Foral de Navarra,3.5.-otros contra la libertad sexual,2
2012,Comunidad Foral de Navarra,4. relaciones familiares,38
2012,Comunidad Foral de Navarra,5. patrimonio,2148
2012,Comunidad Foral de Navarra,5.1.-hurtos,953
2012,Comunidad Foral de Navarra,5.2.-robos con fuerza en las cosas,384
2012,Comunidad Foral de Navarra,5.2.1.-robos con fuerza en las cosas en el interior de vehiculos,70
2012,Comunidad Foral de Navarra,5.2.2.-robos con fuerza en viviendas,135
2012,Comunidad Foral de Navarra,5.2.3.-robos con fuerza en establecimientos,71
2012,Comunidad Foral de Navarra,5.3.-robos con violencia o intimidacion,79
2012,Comunidad Foral de Navarra,5.3.1.-robos con violencia en via publica,34
2012,Comunidad Foral de Navarra,5.3.2.-robos con violencia en viviendas,6
2012,Comunidad Foral de Navarra,5.3.3.-robos con violencia en establecimientos,25
2012,Comunidad Foral de Navarra,5.4.-sustraccion de vehiculos,44
2012,Comunidad Foral de Navarra,5.5.-estafas,287
2012,Comunidad Foral de Navarra,5.5.1.-estafas informaticas,82
2012,Comunidad Foral de Navarra,5.6.-danos,271
2012,Comunidad Foral de Navarra,5.7.-contra la propiedad intelectual/industrial,8
2012,Comunidad Foral de Navarra,5.8.-blanqueo de capitales,0
2012,Comunidad Foral de Navarra,5.9.-otros contra el patrimonio,122
2012,Comunidad Foral de Navarra,6. seguridad colectiva,1000
2012,Comunidad Foral de Navarra,6.1.-trafico de drogas,109
2012,Comunidad Foral de Navarra,6.2.-contra la seguridad vial,883
2012,Comunidad Foral de Navarra,6.3.-otros contra la seguridad colectiva,8
2012,Comunidad Foral de Navarra,7. falsedades,99
2012,Comunidad Foral de Navarra,8. admon. publica,3
2012,Comunidad Foral de Navarra,9. admon. justicia,153
2012,Comunidad Foral de Navarra,total infracciones penales,5492
2012,Comunidad Valenciana,1. contra las personas,28890
2012,Comunidad Valenciana,1.1.-homicidios dolosos/asesinatos,107
2012,Comunidad Valenciana,1.1.1.-homicidios dolosos/asesinatos consumados,47
2012,Comunidad Valenciana,1.2.-lesiones,9663
2012,Comunidad Valenciana,1.3.-malos tratos ambito familiar,8372
2012,Comunidad Valenciana,1.4.-otros contra las personas,10748
2012,Comunidad Valenciana,10. orden publico,4361
2012,Comunidad Valenciana,11. legislacion especial,3
2012,Comunidad Valenciana,12. otras infracciones penales,401
2012,Comunidad Valenciana,2. contra la libertad,4266
2012,Comunidad Valenciana,2.1.-malos tratos habituales en el ambito familiar,1905
2012,Comunidad Valenciana,2.2.-otros contra la libertad,2361
2012,Comunidad Valenciana,3. libertad sexual,962
2012,Comunidad Valenciana,3.1.-agresion sexual,536
2012,Comunidad Valenciana,3.2.-agresion sexual con penetracion,148
2012,Comunidad Valenciana,3.3.-corrupcion de menores o incapacitados,43
2012,Comunidad Valenciana,3.4.-pornografia de menores,45
2012,Comunidad Valenciana,3.5.-otros contra la libertad sexual,190
2012,Comunidad Valenciana,4. relaciones familiares,914
2012,Comunidad Valenciana,5. patrimonio,35523
2012,Comunidad Valenciana,5.1.-hurtos,13730
2012,Comunidad Valenciana,5.2.-robos con fuerza en las cosas,7427
2012,Comunidad Valenciana,5.2.1.-robos con fuerza en las cosas en el interior de vehiculos,1956
2012,Comunidad Valenciana,5.2.2.-robos con fuerza en viviendas,2739
2012,Comunidad Valenciana,5.2.3.-robos con fuerza en establecimientos,1215
2012,Comunidad Valenciana,5.3.-robos con violencia o intimidacion,2481
2012,Comunidad Valenciana,5.3.1.-robos con violencia en via publica,1459
2012,Comunidad Valenciana,5.3.2.-robos con violencia en viviendas,271
2012,Comunidad Valenciana,5.3.3.-robos con violencia en establecimientos,480
2012,Comunidad Valenciana,5.4.-sustraccion de vehiculos,1191
2012,Comunidad Valenciana,5.5.-estafas,3973
2012,Comunidad Valenciana,5.5.1.-estafas informaticas,712
2012,Comunidad Valenciana,5.6.-danos,3715
2012,Comunidad Valenciana,5.7.-contra la propiedad intelectual/industrial,288
2012,Comunidad Valenciana,5.8.-blanqueo de capitales,20
2012,Comunidad Valenciana,5.9.-otros contra el patrimonio,2698
2012,Comunidad Valenciana,6. seguridad colectiva,8305
2012,Comunidad Valenciana,6.1.-trafico de drogas,1432
2012,Comunidad Valenciana,6.2.-contra la seguridad vial,6439
2012,Comunidad Valenciana,6.3.-otros contra la seguridad colectiva,434
2012,Comunidad Valenciana,7. falsedades,1341
2012,Comunidad Valenciana,8. admon. publica,48
2012,Comunidad Valenciana,9. admon. justicia,4123
2012,Comunidad Valenciana,total infracciones penales,89137
2012,Comunidad de Madrid,1. contra las personas,28350
2012,Comunidad de Madrid,1.1.-homicidios dolosos/asesinatos,90
2012,Comunidad de Madrid,1.1.1.-homicidios dolosos/asesinatos consumados,38
2012,Comunidad de Madrid,1.2.-lesiones,9156
2012,Comunidad de Madrid,1.3.-malos tratos ambito familiar,10564
2012,Comunidad de Madrid,1.4.-otros contra las personas,8540
2012,Comunidad de Madrid,10. orden publico,5359
2012,Comunidad de Madrid,11. legislacion especial,10
2012,Comunidad de Madrid,12. otras infracciones penales,511
2012,Comunidad de Madrid,2. contra la libertad,3242
2012,Comunidad de Madrid,2.1.-malos tratos habituales en el ambito familiar,1158
2012,Comunidad de Madrid,2.2.-otros contra la libertad,2084
2012,Comunidad de Madrid,3. libertad sexual,907
2012,Comunidad de Madrid,3.1.-agresion sexual,494
2012,Comunidad de Madrid,3.2.-agresion sexual con penetracion,226
2012,Comunidad de Madrid,3.3.-corrupcion de menores o incapacitados,23
2012,Comunidad de Madrid,3.4.-pornografia de menores,51
2012,Comunidad de Madrid,3.5.-otros contra la libertad sexual,113
2012,Comunidad de Madrid,4. relaciones familiares,998
2012,Comunidad de Madrid,5. patrimonio,47186
2012,Comunidad de Madrid,5.1.-hurtos,23596
2012,Comunidad de Madrid,5.2.-robos con fuerza en las cosas,6910
2012,Comunidad de Madrid,5.2.1.-robos con fuerza en las cosas en el interior de vehiculos,2748
2012,Comunidad de Madrid,5.2.2.-robos con fuerza en viviendas,1537
2012,Comunidad de Madrid,5.2.3.-robos con fuerza en establecimientos,1351
2012,Comunidad de Madrid,5.3.-robos con violencia o intimidacion,3952
2012,Comunidad de Madrid,5.3.1.-robos con violencia en via publica,2484
2012,Comunidad de Madrid,5.3.2.-robos con violencia en viviendas,334
2012,Comunidad de Madrid,5.3.3.-robos con violencia en establecimientos,653
2012,Comunidad de Madrid,5.4.-sustraccion de vehiculos,1878
2012,Comunidad de Madrid,5.5.-estafas,4909
2012,Comunidad de Madrid,5.5.1.-estafas informaticas,684
2012,Comunidad de Madrid,5.6.-danos,3014
2012,Comunidad de Madrid,5.7.-contra la propiedad intelectual/industrial,517
2012,Comunidad de Madrid,5.8.-blanqueo de capitales,46
2012,Comunidad de Madrid,5.9.-otros contra el patrimonio,2364
2012,Comunidad de Madrid,6. seguridad colectiva,7616
2012,Comunidad de Madrid,6.1.-trafico de drogas,1903
2012,Comunidad de Madrid,6.2.-contra la seguridad vial,5504
2012,Comunidad de Madrid,6.3.-otros contra la seguridad colectiva,209
2012,Comunidad de Madrid,7. falsedades,1638
2012,Comunidad de Madrid,8. admon. publica,28
2012,Comunidad de Madrid,9. admon. justicia,3860
2012,Comunidad de Madrid,total infracciones penales,99705
2012,Extremadura,1. contra las personas,4607
2012,Extremadura,1.1.-homicidios dolosos/asesinatos,19
2012,Extremadura,1.1.1.-homicidios dolosos/asesinatos consumados,11
2012,Extremadura,1.2.-lesiones,1780
2012,Extremadura,1.3.-malos tratos ambito familiar,957
2012,Extremadura,1.4.-otros contra las personas,1851
2012,Extremadura,10. orden publico,555
2012,Extremadura,11. legislacion especial,1
2012,Extremadura,12. otras infracciones penales,117
2012,Extremadura,2. contra la libertad,569
2012,Extremadura,2.1.-malos tratos habituales en el ambito familiar,260
2012,Extremadura,2.2.-otros contra la libertad,309
2012,Extremadura,3. libertad sexual,118
2012,Extremadura,3.1.-agresion sexual,80
2012,Extremadura,3.2.-agresion sexual con penetracion,18
2012,Extremadura,3.3.-corrupcion de menores o incapacitados,4
2012,Extremadura,3.4.-pornografia de menores,3
2012,Extremadura,3.5.-otros contra la libertad sexual,13
2012,Extremadura,4. relaciones familiares,224
2012,Extremadura,5. patrimonio,4240
2012,Extremadura,5.1.-hurtos,1621
2012,Extremadura,5.2.-robos con fuerza en las cosas,982
2012,Extremadura,5.2.1.-robos con fuerza en las cosas en el interior de vehiculos,212
2012,Extremadura,5.2.2.-robos con fuerza en viviendas,251
2012,Extremadura,5.2.3.-robos con fuerza en establecimientos,233
2012,Extremadura,5.3.-robos con violencia o intimidacion,182
2012,Extremadura,5.3.1.-robos con violencia en via publica,105
2012,Extremadura,5.3.2.-robos con violencia en viviendas,16
2012,Extremadura,5.3.3.-robos con violencia en establecimientos,43
2012,Extremadura,5.4.-sustraccion de vehiculos,109
2012,Extremadura,5.5.-estafas,538
2012,Extremadura,5.5.1.-estafas informaticas,193
2012,Extremadura,5.6.-danos,497
2012,Extremadura,5.7.-contra la propiedad intelectual/industrial,34
2012,Extremadura,5.8.-blanqueo de capitales,0
2012,Extremadura,5.9.-otros contra el patrimonio,277
2012,Extremadura,6. seguridad colectiva,1450
2012,Extremadura,6.1.-trafico de drogas,280
2012,Extremadura,6.2.-contra la seguridad vial,1146
2012,Extremadura,6.3.-otros contra la seguridad colectiva,24
2012,Extremadura,7. falsedades,148
2012,Extremadura,8. admon. publica,4
2012,Extremadura,9. admon. justicia,508
2012,Extremadura,total infracciones penales,12541
2012,Galicia,1. contra las personas,13269
2012,Galicia,1.1.-homicidios dolosos/asesinatos,40
2012,Galicia,1.1.1.-homicidios dolosos/asesinatos consumados,14
2012,Galicia,1.2.-lesiones,5070
2012,Galicia,1.3.-malos tratos ambito familiar,2427
2012,Galicia,1.4.-otros contra las personas,5732
2012,Galicia,10. orden publico,1416
2012,Galicia,11. legislacion especial,2
2012,Galicia,12. otras infracciones penales,166
2012,Galicia,2. contra la libertad,1617
2012,Galicia,2.1.-malos tratos habituales en el ambito familiar,652
2012,Galicia,2.2.-otros contra la libertad,965
2012,Galicia,3. libertad sexual,283
2012,Galicia,3.1.-agresion sexual,177
2012,Galicia,3.2.-agresion sexual con penetracion,53
2012,Galicia,3.3.-corrupcion de menores o incapacitados,11
2012,Galicia,3.4.-pornografia de menores,12
2012,Galicia,3.5.-otros contra la libertad sexual,30
2012,Galicia,4. relaciones familiares,218
2012,Galicia,5. patrimonio,12808
2012,Galicia,5.1.-hurtos,4868
2012,Galicia,5.2.-robos con fuerza en las cosas,2153
2012,Galicia,5.2.1.-robos con fuerza en las cosas en el interior de vehiculos,511
2012,Galicia,5.2.2.-robos con fuerza en viviendas,615
2012,Galicia,5.2.3.-robos con fuerza en establecimientos,530
2012,Galicia,5.3.-robos con violencia o intimidacion,640
2012,Galicia,5.3.1.-robos con violencia en via publica,313
2012,Galicia,5.3.2.-robos con violencia en viviendas,67
2012,Galicia,5.3.3.-robos con violencia en establecimientos,182
2012,Galicia,5.4.-sustraccion de vehiculos,470
2012,Galicia,5.5.-estafas,1555
2012,Galicia,5.5.1.-estafas informaticas,433
2012,Galicia,5.6.-danos,2381
2012,Galicia,5.7.-contra la propiedad intelectual/industrial,96
2012,Galicia,5.8.-blanqueo de capitales,6
2012,Galicia,5.9.-otros contra el patrimonio,639
2012,Galicia,6. seguridad colectiva,5915
2012,Galicia,6.1.-trafico de drogas,417
2012,Galicia,6.2.-contra la seguridad vial,5351
2012,Galicia,6.3.-otros contra la seguridad colectiva,147
2012,Galicia,7. falsedades,350
2012,Galicia,8. admon. publica,7
2012,Galicia,9. admon. justicia,1024
2012,Galicia,total infracciones penales,37075
2012,Illes Balears,1. contra las personas,7224
2012,Illes Balears,1.1.-homicidios dolosos/asesinatos,26
2012,Illes Balears,1.1.1.-homicidios dolosos/asesinatos consumados,4
2012,Illes Balears,1.2.-lesiones,2526
2012,Illes Balears,1.3.-malos tratos ambito familiar,2188
2012,Illes Balears,1.4.-otros contra las personas,2484
2012,Illes Balears,10. orden publico,964
2012,Illes Balears,11. legislacion especial,0
2012,Illes Balears,12. otras infracciones penales,106
2012,Illes Balears,2. contra la libertad,1182
2012,Illes Balears,2.1.-malos tratos habituales en el ambito familiar,498
2012,Illes Balears,2.2.-otros contra la libertad,684
2012,Illes Balears,3. libertad sexual,253
2012,Illes Balears,3.1.-agresion sexual,150
2012,Illes Balears,3.2.-agresion sexual con penetracion,46
2012,Illes Balears,3.3.-corrupcion de menores o incapacitados,10
2012,Illes Balears,3.4.-pornografia de menores,4
2012,Illes Balears,3.5.-otros contra la libertad sexual,43
2012,Illes Balears,4. relaciones familiares,226
2012,Illes Balears,5. patrimonio,8678
2012,Illes Balears,5.1.-hurtos,3351
2012,Illes Balears,5.2.-robos con fuerza en las cosas,1770
2012,Illes Balears,5.2.1.-robos con fuerza en las cosas en el interior de vehiculos,307
2012,Illes Balears,5.2.2.-robos con fuerza en viviendas,767
2012,Illes Balears,5.2.3.-robos con fuerza en establecimientos,341
2012,Illes Balears,5.3.-robos con violencia o intimidacion,434
2012,Illes Balears,5.3.1.-robos con violencia en via publica,262
2012,Illes Balears,5.3.2.-robos con violencia en viviendas,39
2012,Illes Balears,5.3.3.-robos con violencia en establecimientos,88
2012,Illes Balears,5.4.-sustraccion de vehiculos,354
2012,Illes Balears,5.5.-estafas,975
2012,Illes Balears,5.5.1.-estafas informaticas,194
2012,Illes Balears,5.6.-danos,1063
2012,Illes Balears,5.7.-contra la propiedad intelectual/industrial,77
2012,Illes Balears,5.8.-blanqueo de capitales,4
2012,Illes Balears,5.9.-otros contra el patrimonio,650
2012,Illes Balears,6. seguridad colectiva,2886
2012,Illes Balears,6.1.-trafico de drogas,427
2012,Illes Balears,6.2.-contra la seguridad vial,2382
2012,Illes Balears,6.3.-otros contra la seguridad colectiva,77
2012,Illes Balears,7. falsedades,247
2012,Illes Balears,8. admon. publica,12
2012,Illes Balears,9. admon. justicia,757
2012,Illes Balears,total infracciones penales,22535
2012,La Rioja,1. contra las personas,1452
2012,La Rioja,1.1.-homicidios dolosos/asesinatos,5
2012,La Rioja,1.1.1.-homicidios dolosos/asesinatos consumados,0
2012,La Rioja,1.2.-lesiones,592
2012,La Rioja,1.3.-malos tratos ambito familiar,397
2012,La Rioja,1.4.-otros contra las personas,458
2012,La Rioja,10. orden publico,222
2012,La Rioja,11. legislacion especial,1
2012,La Rioja,12. otras infracciones penales,18
2012,La Rioja,2. contra la libertad,178
2012,La Rioja,2.1.-malos tratos habituales en el ambito familiar,41
2012,La Rioja,2.2.-otros contra la libertad,137
2012,La Rioja,3. libertad sexual,34
2012,La Rioja,3.1.-agresion sexual,17
2012,La Rioja,3.2.-agresion sexual con penetracion,9
2012,La Rioja,3.3.-corrupcion de menores o incapacitados,5
2012,La Rioja,3.4.-pornografia de menores,1
2012,La Rioja,3.5.-otros contra la libertad sexual,2
2012,La Rioja,4. relaciones familiares,21
2012,La Rioja,5. patrimonio,1322
2012,La Rioja,5.1.-hurtos,638
2012,La Rioja,5.2.-robos con fuerza en las cosas,184
2012,La Rioja,5.2.1.-robos con fuerza en las cosas en el interior de vehiculos,32
2012,La Rioja,5.2.2.-robos con fuerza en viviendas,66
2012,La Rioja,5.2.3.-robos con fuerza en establecimientos,39
2012,La Rioja,5.3.-robos con violencia o intimidacion,61
2012,La Rioja,5.3.1.-robos con violencia en via publica,35
2012,La Rioja,5.3.2.-robos con violencia en viviendas,8
2012,La Rioja,5.3.3.-robos con violencia en establecimientos,14
2012,La Rioja,5.4.-sustraccion de vehiculos,25
2012,La Rioja,5.5.-estafas,161
2012,La Rioja,5.5.1.-estafas informaticas,35
2012,La Rioja,5.6.-danos,186
2012,La Rioja,5.7.-contra la propiedad intelectual/industrial,4
2012,La Rioja,5.8.-blanqueo de capitales,1
2012,La Rioja,5.9.-otros contra el patrimonio,62
2012,La Rioja,6. seguridad colectiva,507
2012,La Rioja,6.1.-trafico de drogas,67
2012,La Rioja,6.2.-contra la seguridad vial,433
2012,La Rioja,6.3.-otros contra la seguridad colectiva,7
2012,La Rioja,7. falsedades,51
2012,La Rioja,8. admon. publica,0
2012,La Rioja,9. admon. justicia,147
2012,La Rioja,total infracciones penales,3953
2012,Melilla,1. contra las personas,796
2012,Melilla,1.1.-homicidios dolosos/asesinatos,7
2012,Melilla,1.1.1.-homicidios dolosos/asesinatos consumados,3
2012,Melilla,1.2.-lesiones,393
2012,Melilla,1.3.-malos tratos ambito familiar,242
2012,Melilla,1.4.-otros contra las personas,154
2012,Melilla,10. orden publico,143
2012,Melilla,11. legislacion especial,0
2012,Melilla,12. otras infracciones penales,68
2012,Melilla,2. contra la libertad,79
2012,Melilla,2.1.-malos tratos habituales en el ambito familiar,6
2012,Melilla,2.2.-otros contra la libertad,73
2012,Melilla,3. libertad sexual,23
2012,Melilla,3.1.-agresion sexual,17
2012,Melilla,3.2.-agresion sexual con penetracion,2
2012,Melilla,3.3.-corrupcion de menores o incapacitados,0
2012,Melilla,3.4.-pornografia de menores,0
2012,Melilla,3.5.-otros contra la libertad sexual,4
2012,Melilla,4. relaciones familiares,19
2012,Melilla,5. patrimonio,869
2012,Melilla,5.1.-hurtos,388
2012,Melilla,5.2.-robos con fuerza en las cosas,163
2012,Melilla,5.2.1.-robos con fuerza en las cosas en el interior de vehiculos,78
2012,Melilla,5.2.2.-robos con fuerza en viviendas,21
2012,Melilla,5.2.3.-robos con fuerza en establecimientos,24
2012,Melilla,5.3.-robos con violencia o intimidacion,133
2012,Melilla,5.3.1.-robos con violencia en via publica,109
2012,Melilla,5.3.2.-robos con violencia en viviendas,4
2012,Melilla,5.3.3.-robos con violencia en establecimientos,14
2012,Melilla,5.4.-sustraccion de vehiculos,45
2012,Melilla,5.5.-estafas,35
2012,Melilla,5.5.1.-estafas informaticas,11
2012,Melilla,5.6.-danos,65
2012,Melilla,5.7.-contra la propiedad intelectual/industrial,10
2012,Melilla,5.8.-blanqueo de capitales,1
2012,Melilla,5.9.-otros contra el patrimonio,29
2012,Melilla,6. seguridad colectiva,313
2012,Melilla,6.1.-trafico de drogas,169
2012,Melilla,6.2.-contra la seguridad vial,132
2012,Melilla,6.3.-otros contra la seguridad colectiva,12
2012,Melilla,7. falsedades,233
2012,Melilla,8. admon. publica,3
2012,Melilla,9. admon. justicia,69
2012,Melilla,total infracciones penales,2615
2012,País Vasco,1. contra las personas,62
2012,País Vasco,1.1.-homicidios dolosos/asesinatos,0
2012,País Vasco,1.1.1.-homicidios dolosos/asesinatos consumados,0
2012,País Vasco,1.2.-lesiones,18
2012,País Vasco,1.3.-malos tratos ambito familiar,13
2012,País Vasco,1.4.-otros contra las personas,31
2012,País Vasco,10. orden publico,47
2012,País Vasco,11. legislacion especial,0
2012,País Vasco,12. otras infracciones penales,25
2012,País Vasco,2. contra la libertad,18
2012,País Vasco,2.1.-malos tratos habituales en el ambito familiar,3
2012,País Vasco,2.2.-otros contra la libertad,15
2012,País Vasco,3. libertad sexual,21
2012,País Vasco,3.1.-agresion sexual,2
2012,País Vasco,3.2.-agresion sexual con penetracion,0
2012,País Vasco,3.3.-corrupcion de menores o incapacitados,1
2012,País Vasco,3.4.-pornografia de menores,15
2012,País Vasco,3.5.-otros contra la libertad sexual,3
2012,País Vasco,4. relaciones familiares,6
2012,País Vasco,5. patrimonio,239
2012,País Vasco,5.1.-hurtos,27
2012,País Vasco,5.2.-robos con fuerza en las cosas,29
2012,País Vasco,5.2.1.-robos con fuerza en las cosas en el interior de vehiculos,2
2012,País Vasco,5.2.2.-robos con fuerza en viviendas,18
2012,País Vasco,5.2.3.-robos con fuerza en establecimientos,7
2012,País Vasco,5.3.-robos con violencia o intimidacion,5
2012,País Vasco,5.3.1.-robos con violencia en via publica,3
2012,País Vasco,5.3.2.-robos con violencia en viviendas,0
2012,País Vasco,5.3.3.-robos con violencia en establecimientos,2
2012,País Vasco,5.4.-sustraccion de vehiculos,25
2012,País Vasco,5.5.-estafas,116
2012,País Vasco,5.5.1.-estafas informaticas,61
2012,País Vasco,5.6.-danos,6
2012,País Vasco,5.7.-contra la propiedad intelectual/industrial,12
2012,País Vasco,5.8.-blanqueo de capitales,2
2012,País Vasco,5.9.-otros contra el patrimonio,17
2012,País Vasco,6. seguridad colectiva,123
2012,País Vasco,6.1.-trafico de drogas,88
2012,País Vasco,6.2.-contra la seguridad vial,28
2012,País Vasco,6.3.-otros contra la seguridad colectiva,7
2012,País Vasco,7. falsedades,131
2012,País Vasco,8. admon. publica,2
2012,País Vasco,9. admon. justicia,58
2012,País Vasco,total infracciones penales,732
2012,Principado de Asturias,1. contra las personas,5125
2012,Principado de Asturias,1.1.-homicidios dolosos/asesinatos,15
2012,Principado de Asturias,1.1.1.-homicidios dolosos/asesinatos consumados,6
2012,Principado de Asturias,1.2.-lesiones,1901
2012,Principado de Asturias,1.3.-malos tratos ambito familiar,1281
2012,Principado de Asturias,1.4.-otros contra las personas,1928
2012,Principado de Asturias,10. orden publico,755
2012,Principado de Asturias,11. legislacion especial,1
2012,Principado de Asturias,12. otras infracciones penales,57
2012,Principado de Asturias,2. contra la libertad,510
2012,Principado de Asturias,2.1.-malos tratos habituales en el ambito familiar,81
2012,Principado de Asturias,2.2.-otros contra la libertad,429
2012,Principado de Asturias,3. libertad sexual,118
2012,Principado de Asturias,3.1.-agresion sexual,77
2012,Principado de Asturias,3.2.-agresion sexual con penetracion,16
2012,Principado de Asturias,3.3.-corrupcion de menores o incapacitados,2
2012,Principado de Asturias,3.4.-pornografia de menores,10
2012,Principado de Asturias,3.5.-otros contra la libertad sexual,13
2012,Principado de Asturias,4. relaciones familiares,159
2012,Principado de Asturias,5. patrimonio,5381
2012,Principado de Asturias,5.1.-hurtos,2407
2012,Principado de Asturias,5.2.-robos con fuerza en las cosas,758
2012,Principado de Asturias,5.2.1.-robos con fuerza en las cosas en el interior de vehiculos,97
2012,Principado de Asturias,5.2.2.-robos con fuerza en viviendas,213
2012,Principado de Asturias,5.2.3.-robos con fuerza en establecimientos,247
2012,Principado de Asturias,5.3.-robos con violencia o intimidacion,382
2012,Principado de Asturias,5.3.1.-robos con violencia en via publica,218
2012,Principado de Asturias,5.3.2.-robos con violencia en viviendas,30
2012,Principado de Asturias,5.3.3.-robos con violencia en establecimientos,83
2012,Principado de Asturias,5.4.-sustraccion de vehiculos,200
2012,Principado de Asturias,5.5.-estafas,672
2012,Principado de Asturias,5.5.1.-estafas informaticas,142
2012,Principado de Asturias,5.6.-danos,688
2012,Principado de Asturias,5.7.-contra la propiedad intelectual/industrial,28
2012,Principado de Asturias,5.8.-blanqueo de capitales,0
2012,Principado de Asturias,5.9.-otros contra el patrimonio,246
2012,Principado de Asturias,6. seguridad colectiva,1531
2012,Principado de Asturias,6.1.-trafico de drogas,204
2012,Principado de Asturias,6.2.-contra la seguridad vial,1290
2012,Principado de Asturias,6.3.-otros contra la seguridad colectiva,37
2012,Principado de Asturias,7. falsedades,147
2012,Principado de Asturias,8. admon. publica,4
2012,Principado de Asturias,9. admon. justicia,402
2012,Principado de Asturias,total infracciones penales,14190
2012,Región de Murcia,1. contra las personas,8631
2012,Región de Murcia,1.1.-homicidios dolosos/asesinatos,36
2012,Región de Murcia,1.1.1.-homicidios dolosos/asesinatos consumados,8
2012,Región de Murcia,1.2.-lesiones,3045
2012,Región de Murcia,1.3.-malos tratos ambito familiar,2415
2012,Región de Murcia,1.4.-otros contra las personas,3135
2012,Región de Murcia,10. orden publico,706
2012,Región de Murcia,11. legislacion especial,2
2012,Región de Murcia,12. otras infracciones penales,142
2012,Región de Murcia,2. contra la libertad,1118
2012,Región de Murcia,2.1.-malos tratos habituales en el ambito familiar,312
2012,Región de Murcia,2.2.-otros contra la libertad,806
2012,Región de Murcia,3. libertad sexual,239
2012,Región de Murcia,3.1.-agresion sexual,130
2012,Región de Murcia,3.2.-agresion sexual con penetracion,57
2012,Región de Murcia,3.3.-corrupcion de menores o incapacitados,6
2012,Región de Murcia,3.4.-pornografia de menores,5
2012,Región de Murcia,3.5.-otros contra la libertad sexual,41
2012,Región de Murcia,4. relaciones familiares,559
2012,Región de Murcia,5. patrimonio,8741
2012,Región de Murcia,5.1.-hurtos,3352
2012,Región de Murcia,5.2.-robos con fuerza en las cosas,2019
2012,Región de Murcia,5.2.1.-robos con fuerza en las cosas en el interior de vehiculos,568
2012,Región de Murcia,5.2.2.-robos con fuerza en viviendas,685
2012,Región de Murcia,5.2.3.-robos con fuerza en establecimientos,308
2012,Región de Murcia,5.3.-robos con violencia o intimidacion,576
2012,Región de Murcia,5.3.1.-robos con violencia en via publica,346
2012,Región de Murcia,5.3.2.-robos con violencia en viviendas,55
2012,Región de Murcia,5.3.3.-robos con violencia en establecimientos,110
2012,Región de Murcia,5.4.-sustraccion de vehiculos,382
2012,Región de Murcia,5.5.-estafas,1011
2012,Región de Murcia,5.5.1.-estafas informaticas,145
2012,Región de Murcia,5.6.-danos,824
2012,Región de Murcia,5.7.-contra la propiedad intelectual/industrial,45
2012,Región de Murcia,5.8.-blanqueo de capitales,4
2012,Región de Murcia,5.9.-otros contra el patrimonio,528
2012,Región de Murcia,6. seguridad colectiva,1675
2012,Región de Murcia,6.1.-trafico de drogas,298
2012,Región de Murcia,6.2.-contra la seguridad vial,1340
2012,Región de Murcia,6.3.-otros contra la seguridad colectiva,37
2012,Región de Murcia,7. falsedades,352
2012,Región de Murcia,8. admon. publica,5
2012,Región de Murcia,9. admon. justicia,957
2012,Región de Murcia,total infracciones penales,23127
2013,Andalucía,1. contra las personas,51311
2013,Andalucía,1.1.-homicidios dolosos/asesinatos,232
2013,Andalucía,1.1.1.-homicidios dolosos/asesinatos consumados,55
2013,Andalucía,1.2.-lesiones,17566
2013,Andalucía,1.3.-malos tratos ambito familiar,12288
2013,Andalucía,1.4.-otros contra las personas,21225
2013,Andalucía,10. orden publico,5588
2013,Andalucía,11. legislacion especial,76
2013,Andalucía,12. otras infracciones penales,1031
2013,Andalucía,2. contra la libertad,7259
2013,Andalucía,2.1.-malos tratos habituales en el ambito familiar,3589
2013,Andalucía,2.2.-otros contra la libertad,3670
2013,Andalucía,3. libertad sexual,1334
2013,Andalucía,3.1.-agresion sexual,729
2013,Andalucía,3.2.-agresion sexual con penetracion,213
2013,Andalucía,3.3.-corrupcion de menores o incapacitados,79
2013,Andalucía,3.4.-pornografia de menores,57
2013,Andalucía,3.5.-otros contra la libertad sexual,256
2013,Andalucía,4. relaciones familiares,1485
2013,Andalucía,5. patrimonio,57538
2013,Andalucía,5.1.-hurtos,22824
2013,Andalucía,5.2.-robos con fuerza en las cosas,11846
2013,Andalucía,5.2.1.-robos con fuerza en las cosas en el interior de vehiculos,2682
2013,Andalucía,5.2.2.-robos con fuerza en viviendas,4436
2013,Andalucía,5.2.3.-robos con fuerza en establecimientos,1933
2013,Andalucía,5.3.-robos con violencia o intimidacion,3613
2013,Andalucía,5.3.1.-robos con violencia en via publica,2188
2013,Andalucía,5.3.2.-robos con violencia en viviendas,308
2013,Andalucía,5.3.3.-robos con violencia en establecimientos,776
2013,Andalucía,5.4.-sustraccion de vehiculos,2154
2013,Andalucía,5.5.-estafas,6605
2013,Andalucía,5.5.1.-estafas informaticas,1615
2013,Andalucía,5.6.-danos,5187
2013,Andalucía,5.7.-contra la propiedad intelectual/industrial,930
2013,Andalucía,5.8.-blanqueo de capitales,70
2013,Andalucía,5.9.-otros contra el patrimonio,4309
2013,Andalucía,6. seguridad colectiva,15887
2013,Andalucía,6.1.-trafico de drogas,3167
2013,Andalucía,6.2.-contra la seguridad vial,12409
2013,Andalucía,6.3.-otros contra la seguridad colectiva,311
2013,Andalucía,7. falsedades,1996
2013,Andalucía,8. admon. publica,95
2013,Andalucía,9. admon. justicia,6567
2013,Andalucía,total infracciones penales,150167
2013,Aragón,1. contra las personas,5614
2013,Aragón,1.1.-homicidios dolosos/asesinatos,14
2013,Aragón,1.1.1.-homicidios dolosos/asesinatos consumados,7
2013,Aragón,1.2.-lesiones,2002
2013,Aragón,1.3.-malos tratos ambito familiar,1724
2013,Aragón,1.4.-otros contra las personas,1874
2013,Aragón,10. orden publico,726
2013,Aragón,11. legislacion especial,3
2013,Aragón,12. otras infracciones penales,118
2013,Aragón,2. contra la libertad,816
2013,Aragón,2.1.-malos tratos habituales en el ambito familiar,386
2013,Aragón,2.2.-otros contra la libertad,430
2013,Aragón,3. libertad sexual,177
2013,Aragón,3.1.-agresion sexual,83
2013,Aragón,3.2.-agresion sexual con penetracion,38
2013,Aragón,3.3.-corrupcion de menores o incapacitados,15
2013,Aragón,3.4.-pornografia de menores,10
2013,Aragón,3.5.-otros contra la libertad sexual,31
2013,Aragón,4. relaciones familiares,161
2013,Aragón,5. patrimonio,7228
2013,Aragón,5.1.-hurtos,3020
2013,Aragón,5.2.-robos con fuerza en las cosas,1327
2013,Aragón,5.2.1.-robos con fuerza en las cosas en el interior de vehiculos,211
2013,Aragón,5.2.2.-robos con fuerza en viviendas,470
2013,Aragón,5.2.3.-robos con fuerza en establecimientos,241
2013,Aragón,5.3.-robos con violencia o intimidacion,455
2013,Aragón,5.3.1.-robos con violencia en via publica,240
2013,Aragón,5.3.2.-robos con violencia en viviendas,30
2013,Aragón,5.3.3.-robos con violencia en establecimientos,139
2013,Aragón,5.4.-sustraccion de vehiculos,157
2013,Aragón,5.5.-estafas,871
2013,Aragón,5.5.1.-estafas informaticas,197
2013,Aragón,5.6.-danos,810
2013,Aragón,5.7.-contra la propiedad intelectual/industrial,61
2013,Aragón,5.8.-blanqueo de capitales,7
2013,Aragón,5.9.-otros contra el patrimonio,520
2013,Aragón,6. seguridad colectiva,1179
2013,Aragón,6.1.-trafico de drogas,341
2013,Aragón,6.2.-contra la seguridad vial,811
2013,Aragón,6.3.-otros contra la seguridad colectiva,27
2013,Aragón,7. falsedades,241
2013,Aragón,8. admon. publica,20
2013,Aragón,9. admon. justicia,648
2013,Aragón,total infracciones penales,16931
2013,Canarias,1. contra las personas,17710
2013,Canarias,1.1.-homicidios dolosos/asesinatos,51
2013,Canarias,1.1.1.-homicidios dolosos/asesinatos consumados,16
2013,Canarias,1.2.-lesiones,5681
2013,Canarias,1.3.-malos tratos ambito familiar,4016
2013,Canarias,1.4.-otros contra las personas,7962
2013,Canarias,10. orden publico,1271
2013,Canarias,11. legislacion especial,5
2013,Canarias,12. otras infracciones penales,134
2013,Canarias,2. contra la libertad,1980
2013,Canarias,2.1.-malos tratos habituales en el ambito familiar,707
2013,Canarias,2.2.-otros contra la libertad,1273
2013,Canarias,3. libertad sexual,384
2013,Canarias,3.1.-agresion sexual,243
2013,Canarias,3.2.-agresion sexual con penetracion,64
2013,Canarias,3.3.-corrupcion de menores o incapacitados,10
2013,Canarias,3.4.-pornografia de menores,18
2013,Canarias,3.5.-otros contra la libertad sexual,49
2013,Canarias,4. relaciones familiares,1105
2013,Canarias,5. patrimonio,16096
2013,Canarias,5.1.-hurtos,6432
2013,Canarias,5.2.-robos con fuerza en las cosas,3613
2013,Canarias,5.2.1.-robos con fuerza en las cosas en el interior de vehiculos,802
2013,Canarias,5.2.2.-robos con fuerza en viviendas,1263
2013,Canarias,5.2.3.-robos con fuerza en establecimientos,553
2013,Canarias,5.3.-robos con violencia o intimidacion,878
2013,Canarias,5.3.1.-robos con violencia en via publica,532
2013,Canarias,5.3.2.-robos con violencia en viviendas,91
2013,Canarias,5.3.3.-robos con violencia en establecimientos,141
2013,Canarias,5.4.-sustraccion de vehiculos,537
2013,Canarias,5.5.-estafas,1491
2013,Canarias,5.5.1.-estafas informaticas,282
2013,Canarias,5.6.-danos,2210
2013,Canarias,5.7.-contra la propiedad intelectual/industrial,78
2013,Canarias,5.8.-blanqueo de capitales,11
2013,Canarias,5.9.-otros contra el patrimonio,846
2013,Canarias,6. seguridad colectiva,4132
2013,Canarias,6.1.-trafico de drogas,615
2013,Canarias,6.2.-contra la seguridad vial,3447
2013,Canarias,6.3.-otros contra la seguridad colectiva,70
2013,Canarias,7. falsedades,358
2013,Canarias,8. admon. publica,12
2013,Canarias,9. admon. justicia,1318
2013,Canarias,total infracciones penales,44505
2013,Cantabria,1. contra las personas,2980
2013,Cantabria,1.1.-homicidios dolosos/asesinatos,5
2013,Cantabria,1.1.1.-homicidios dolosos/asesinatos consumados,4
2013,Cantabria,1.2.-lesiones,1283
2013,Cantabria,1.3.-malos tratos ambito familiar,546
2013,Cantabria,1.4.-otros contra las personas,1146
2013,Cantabria,10. orden publico,405
2013,Cantabria,11. legislacion especial,0
2013,Cantabria,12. otras infracciones penales,46
2013,Cantabria,2. contra la libertad,327
2013,Cantabria,2.1.-malos tratos habituales en el ambito familiar,141
2013,Cantabria,2.2.-otros contra la libertad,186
2013,Cantabria,3. libertad sexual,51
2013,Cantabria,3.1.-agresion sexual,34
2013,Cantabria,3.2.-agresion sexual con penetracion,7
2013,Cantabria,3.3.-corrupcion de menores o incapacitados,0
2013,Cantabria,3.4.-pornografia de menores,3
2013,Cantabria,3.5.-otros contra la libertad sexual,7
2013,Cantabria,4. relaciones familiares,54
2013,Cantabria,5. patrimonio,3459
2013,Cantabria,5.1.-hurtos,1565
2013,Cantabria,5.2.-robos con fuerza en las cosas,651
2013,Cantabria,5.2.1.-robos con fuerza en las cosas en el interior de vehiculos,89
2013,Cantabria,5.2.2.-robos con fuerza en viviendas,228
2013,Cantabria,5.2.3.-robos con fuerza en establecimientos,165
2013,Cantabria,5.3.-robos con violencia o intimidacion,167
2013,Cantabria,5.3.1.-robos con violencia en via publica,72
2013,Cantabria,5.3.2.-robos con violencia en viviendas,18
2013,Cantabria,5.3.3.-robos con violencia en establecimientos,53
2013,Cantabria,5.4.-sustraccion de vehiculos,78
2013,Cantabria,5.5.-estafas,382
2013,Cantabria,5.5.1.-estafas informaticas,110
2013,Cantabria,5.6.-danos,407
2013,Cantabria,5.7.-contra la propiedad intelectual/industrial,26
2013,Cantabria,5.8.-blanqueo de capitales,0
2013,Cantabria,5.9.-otros contra el patrimonio,183
2013,Cantabria,6. seguridad colectiva,878
2013,Cantabria,6.1.-trafico de drogas,92
2013,Cantabria,6.2.-contra la seguridad vial,774
2013,Cantabria,6.3.-otros contra la seguridad colectiva,12
2013,Cantabria,7. falsedades,93
2013,Cantabria,8. admon. publica,1
2013,Cantabria,9. admon. justicia,313
2013,Cantabria,total infracciones penales,8607
2013,Castilla y León,1. contra las personas,11815
2013,Castilla y León,1.1.-homicidios dolosos/asesinatos,45
2013,Castilla y León,1.1.1.-homicidios dolosos/asesinatos consumados,22
2013,Castilla y León,1.2.-lesiones,4125
2013,Castilla y León,1.3.-malos tratos ambito familiar,2137
2013,Castilla y León,1.4.-otros contra las personas,5508
2013,Castilla y León,10. orden publico,1312
2013,Castilla y León,11. legislacion especial,0
2013,Castilla y León,12. otras infracciones penales,159
2013,Castilla y León,2. contra la libertad,1182
2013,Castilla y León,2.1.-malos tratos habituales en el ambito familiar,491
2013,Castilla y León,2.2.-otros contra la libertad,691
2013,Castilla y León,3. libertad sexual,202
2013,Castilla y León,3.1.-agresion sexual,128
2013,Castilla y León,3.2.-agresion sexual con penetracion,31
2013,Castilla y León,3.3.-corrupcion de menores o incapacitados,5
2013,Castilla y León,3.4.-pornografia de menores,9
2013,Castilla y León,3.5.-otros contra la libertad sexual,29
2013,Castilla y León,4. relaciones familiares,271
2013,Castilla y León,5. patrimonio,13168
2013,Castilla y León,5.1.-hurtos,5536
2013,Castilla y León,5.2.-robos con fuerza en las cosas,2394
2013,Castilla y León,5.2.1.-robos con fuerza en las cosas en el interior de vehiculos,330
2013,Castilla y León,5.2.2.-robos con fuerza en viviendas,731
2013,Castilla y León,5.2.3.-robos con fuerza en establecimientos,574
2013,Castilla y León,5.3.-robos con violencia o intimidacion,483
2013,Castilla y León,5.3.1.-robos con violencia en via publica,280
2013,Castilla y León,5.3.2.-robos con violencia en viviendas,60
2013,Castilla y León,5.3.3.-robos con violencia en establecimientos,98
2013,Castilla y León,5.4.-sustraccion de vehiculos,305
2013,Castilla y León,5.5.-estafas,1760
2013,Castilla y León,5.5.1.-estafas informaticas,484
2013,Castilla y León,5.6.-danos,1797
2013,Castilla y León,5.7.-contra la propiedad intelectual/industrial,135
2013,Castilla y León,5.8.-blanqueo de capitales,6
2013,Castilla y León,5.9.-otros contra el patrimonio,752
2013,Castilla y León,6. seguridad colectiva,3297
2013,Castilla y León,6.1.-trafico de drogas,364
2013,Castilla y León,6.2.-contra la seguridad vial,2885
2013,Castilla y León,6.3.-otros contra la seguridad colectiva,48
2013,Castilla y León,7. falsedades,326
2013,Castilla y León,8. admon. publica,8
2013,Castilla y León,9. admon. justicia,967
2013,Castilla y León,total infracciones penales,32707
2013,Castilla-La Mancha,1. contra las personas,10131
2013,Castilla-La Mancha,1.1.-homicidios dolosos/asesinatos,32
2013,Castilla-La Mancha,1.1.1.-homicidios dolosos/asesinatos consumados,14
2013,Castilla-La Mancha,1.2.-lesiones,3542
2013,Castilla-La Mancha,1.3.-malos tratos ambito familiar,2346
2013,Castilla-La Mancha,1.4.-otros contra las personas,4211
2013,Castilla-La Mancha,10. orden publico,1094
2013,Castilla-La Mancha,11. legislacion especial,3
2013,Castilla-La Mancha,12. otras infracciones penales,191
2013,Castilla-La Mancha,2. contra la libertad,1267
2013,Castilla-La Mancha,2.1.-malos tratos habituales en el ambito familiar,559
2013,Castilla-La Mancha,2.2.-otros contra la libertad,708
2013,Castilla-La Mancha,3. libertad sexual,268
2013,Castilla-La Mancha,3.1.-agresion sexual,153
2013,Castilla-La Mancha,3.2.-agresion sexual con penetracion,50
2013,Castilla-La Mancha,3.3.-corrupcion de menores o incapacitados,7
2013,Castilla-La Mancha,3.4.-pornografia de menores,6
2013,Castilla-La Mancha,3.5.-otros contra la libertad sexual,52
2013,Castilla-La Mancha,4. relaciones familiares,368
2013,Castilla-La Mancha,5. patrimonio,12355
2013,Castilla-La Mancha,5.1.-hurtos,3875
2013,Castilla-La Mancha,5.2.-robos con fuerza en las cosas,3556
2013,Castilla-La Mancha,5.2.1.-robos con fuerza en las cosas en el interior de vehiculos,532
2013,Castilla-La Mancha,5.2.2.-robos con fuerza en viviendas,1288
2013,Castilla-La Mancha,5.2.3.-robos con fuerza en establecimientos,621
2013,Castilla-La Mancha,5.3.-robos con violencia o intimidacion,593
2013,Castilla-La Mancha,5.3.1.-robos con violencia en via publica,324
2013,Castilla-La Mancha,5.3.2.-robos con violencia en viviendas,69
2013,Castilla-La Mancha,5.3.3.-robos con violencia en establecimientos,122
2013,Castilla-La Mancha,5.4.-sustraccion de vehiculos,366
2013,Castilla-La Mancha,5.5.-estafas,1647
2013,Castilla-La Mancha,5.5.1.-estafas informaticas,524
2013,Castilla-La Mancha,5.6.-danos,1449
2013,Castilla-La Mancha,5.7.-contra la propiedad intelectual/industrial,53
2013,Castilla-La Mancha,5.8.-blanqueo de capitales,4
2013,Castilla-La Mancha,5.9.-otros contra el patrimonio,812
2013,Castilla-La Mancha,6. seguridad colectiva,3446
2013,Castilla-La Mancha,6.1.-trafico de drogas,473
2013,Castilla-La Mancha,6.2.-contra la seguridad vial,2890
2013,Castilla-La Mancha,6.3.-otros contra la seguridad colectiva,83
2013,Castilla-La Mancha,7. falsedades,439
2013,Castilla-La Mancha,8. admon. publica,12
2013,Castilla-La Mancha,9. admon. justicia,1070
2013,Castilla-La Mancha,total infracciones penales,30644
2013,Cataluña,1. contra las personas,32465
2013,Cataluña,1.1.-homicidios dolosos/asesinatos,179
2013,Cataluña,1.1.1.-homicidios dolosos/asesinatos consumados,1
2013,Cataluña,1.2.-lesiones,11794
2013,Cataluña,1.3.-malos tratos ambito familiar,6382
2013,Cataluña,1.4.-otros contra las personas,14110
2013,Cataluña,10. orden publico,4425
2013,Cataluña,11. legislacion especial,141
2013,Cataluña,12. otras infracciones penales,960
2013,Cataluña,2. contra la libertad,9487
2013,Cataluña,2.1.-malos tratos habituales en el ambito familiar,2593
2013,Cataluña,2.2.-otros contra la libertad,6894
2013,Cataluña,3. libertad sexual,1334
2013,Cataluña,3.1.-agresion sexual,622
2013,Cataluña,3.2.-agresion sexual con penetracion,371
2013,Cataluña,3.3.-corrupcion de menores o incapacitados,4
2013,Cataluña,3.4.-pornografia de menores,70
2013,Cataluña,3.5.-otros contra la libertad sexual,267
2013,Cataluña,4. relaciones familiares,2318
2013,Cataluña,5. patrimonio,63711
2013,Cataluña,5.1.-hurtos,22117
2013,Cataluña,5.2.-robos con fuerza en las cosas,11420
2013,Cataluña,5.2.1.-robos con fuerza en las cosas en el interior de vehiculos,2084
2013,Cataluña,5.2.2.-robos con fuerza en viviendas,28
2013,Cataluña,5.2.3.-robos con fuerza en establecimientos,9
2013,Cataluña,5.3.-robos con violencia o intimidacion,6580
2013,Cataluña,5.3.1.-robos con violencia en via publica,7
2013,Cataluña,5.3.2.-robos con violencia en viviendas,7
2013,Cataluña,5.3.3.-robos con violencia en establecimientos,4
2013,Cataluña,5.4.-sustraccion de vehiculos,4604
2013,Cataluña,5.5.-estafas,7191
2013,Cataluña,5.5.1.-estafas informaticas,366
2013,Cataluña,5.6.-danos,4528
2013,Cataluña,5.7.-contra la propiedad intelectual/industrial,481
2013,Cataluña,5.8.-blanqueo de capitales,27
2013,Cataluña,5.9.-otros contra el patrimonio,6763
2013,Cataluña,6. seguridad colectiva,8133
2013,Cataluña,6.1.-trafico de drogas,2115
2013,Cataluña,6.2.-contra la seguridad vial,5931
2013,Cataluña,6.3.-otros contra la seguridad colectiva,87
2013,Cataluña,7. falsedades,2604
2013,Cataluña,8. admon. publica,53
2013,Cataluña,9. admon. justicia,3533
2013,Cataluña,total infracciones penales,129164
2013,Ceuta,1. contra las personas,631
2013,Ceuta,1.1.-homicidios dolosos/asesinatos,11
2013,Ceuta,1.1.1.-homicidios dolosos/asesinatos consumados,2
2013,Ceuta,1.2.-lesiones,326
2013,Ceuta,1.3.-malos tratos ambito familiar,110
2013,Ceuta,1.4.-otros contra las personas,184
2013,Ceuta,10. orden publico,153
2013,Ceuta,11. legislacion especial,0
2013,Ceuta,12. otras infracciones penales,77
2013,Ceuta,2. contra la libertad,130
2013,Ceuta,2.1.-malos tratos habituales en el ambito familiar,79
2013,Ceuta,2.2.-otros contra la libertad,51
2013,Ceuta,3. libertad sexual,13
2013,Ceuta,3.1.-agresion sexual,8
2013,Ceuta,3.2.-agresion sexual con penetracion,1
2013,Ceuta,3.3.-corrupcion de menores o incapacitados,0
2013,Ceuta,3.4.-pornografia de menores,0
2013,Ceuta,3.5.-otros contra la libertad sexual,4
2013,Ceuta,4. relaciones familiares,52
2013,Ceuta,5. patrimonio,773
2013,Ceuta,5.1.-hurtos,263
2013,Ceuta,5.2.-robos con fuerza en las cosas,150
2013,Ceuta,5.2.1.-robos con fuerza en las cosas en el interior de vehiculos,61
2013,Ceuta,5.2.2.-robos con fuerza en viviendas,23
2013,Ceuta,5.2.3.-robos con fuerza en establecimientos,43
2013,Ceuta,5.3.-robos con violencia o intimidacion,106
2013,Ceuta,5.3.1.-robos con violencia en via publica,73
2013,Ceuta,5.3.2.-robos con violencia en viviendas,9
2013,Ceuta,5.3.3.-robos con violencia en establecimientos,11
2013,Ceuta,5.4.-sustraccion de vehiculos,71
2013,Ceuta,5.5.-estafas,65
2013,Ceuta,5.5.1.-estafas informaticas,26
2013,Ceuta,5.6.-danos,85
2013,Ceuta,5.7.-contra la propiedad intelectual/industrial,2
2013,Ceuta,5.8.-blanqueo de capitales,0
2013,Ceuta,5.9.-otros contra el patrimonio,31
2013,Ceuta,6. seguridad colectiva,1154
2013,Ceuta,6.1.-trafico de drogas,889
2013,Ceuta,6.2.-contra la seguridad vial,259
2013,Ceuta,6.3.-otros contra la seguridad colectiva,6
2013,Ceuta,7. falsedades,292
2013,Ceuta,8. admon. publica,4
2013,Ceuta,9. admon. justicia,128
2013,Ceuta,total infracciones penales,3407
2013,Comunidad Foral de Navarra,1. contra las personas,2286
2013,Comunidad Foral de Navarra,1.1.-homicidios dolosos/asesinatos,11
2013,Comunidad Foral de Navarra,1.1.1.-homicidios dolosos/asesinatos consumados,3
2013,Comunidad Foral de Navarra,1.2.-lesiones,731
2013,Comunidad Foral de Navarra,1.3.-malos tratos ambito familiar,469
2013,Comunidad Foral de Navarra,1.4.-otros contra las personas,1075
2013,Comunidad Foral de Navarra,10. orden publico,455
2013,Comunidad Foral de Navarra,11. legislacion especial,1
2013,Comunidad Foral de Navarra,12. otras infracciones penales,63
2013,Comunidad Foral de Navarra,2. contra la libertad,257
2013,Comunidad Foral de Navarra,2.1.-malos tratos habituales en el ambito familiar,83
2013,Comunidad Foral de Navarra,2.2.-otros contra la libertad,174
2013,Comunidad Foral de Navarra,3. libertad sexual,64
2013,Comunidad Foral de Navarra,3.1.-agresion sexual,38
2013,Comunidad Foral de Navarra,3.2.-agresion sexual con penetracion,9
2013,Comunidad Foral de Navarra,3.3.-corrupcion de menores o incapacitados,7
2013,Comunidad Foral de Navarra,3.4.-pornografia de menores,1
2013,Comunidad Foral de Navarra,3.5.-otros contra la libertad sexual,9
2013,Comunidad Foral de Navarra,4. relaciones familiares,66
2013,Comunidad Foral de Navarra,5. patrimonio,2549
2013,Comunidad Foral de Navarra,5.1.-hurtos,1034
2013,Comunidad Foral de Navarra,5.2.-robos con fuerza en las cosas,428
2013,Comunidad Foral de Navarra,5.2.1.-robos con fuerza en las cosas en el interior de vehiculos,78
2013,Comunidad Foral de Navarra,5.2.2.-robos con fuerza en viviendas,169
2013,Comunidad Foral de Navarra,5.2.3.-robos con fuerza en establecimientos,81
2013,Comunidad Foral de Navarra,5.3.-robos con violencia o intimidacion,83
2013,Comunidad Foral de Navarra,5.3.1.-robos con violencia en via publica,28
2013,Comunidad Foral de Navarra,5.3.2.-robos con violencia en viviendas,11
2013,Comunidad Foral de Navarra,5.3.3.-robos con violencia en establecimientos,31
2013,Comunidad Foral de Navarra,5.4.-sustraccion de vehiculos,75
2013,Comunidad Foral de Navarra,5.5.-estafas,378
2013,Comunidad Foral de Navarra,5.5.1.-estafas informaticas,157
2013,Comunidad Foral de Navarra,5.6.-danos,313
2013,Comunidad Foral de Navarra,5.7.-contra la propiedad intelectual/industrial,66
2013,Comunidad Foral de Navarra,5.8.-blanqueo de capitales,0
2013,Comunidad Foral de Navarra,5.9.-otros contra el patrimonio,172
2013,Comunidad Foral de Navarra,6. seguridad colectiva,607
2013,Comunidad Foral de Navarra,6.1.-trafico de drogas,133
2013,Comunidad Foral de Navarra,6.2.-contra la seguridad vial,462
2013,Comunidad Foral de Navarra,6.3.-otros contra la seguridad colectiva,12
2013,Comunidad Foral de Navarra,7. falsedades,116
2013,Comunidad Foral de Navarra,8. admon. publica,9
2013,Comunidad Foral de Navarra,9. admon. justicia,151
2013,Comunidad Foral de Navarra,total infracciones penales,6624
2013,Comunidad Valenciana,1. contra las personas,28197
2013,Comunidad Valenciana,1.1.-homicidios dolosos/asesinatos,70
2013,Comunidad Valenciana,1.1.1.-homicidios dolosos/asesinatos consumados,28
2013,Comunidad Valenciana,1.2.-lesiones,9546
2013,Comunidad Valenciana,1.3.-malos tratos ambito familiar,8409
2013,Comunidad Valenciana,1.4.-otros contra las personas,10172
2013,Comunidad Valenciana,10. orden publico,4257
2013,Comunidad Valenciana,11. legislacion especial,6
2013,Comunidad Valenciana,12. otras infracciones penales,695
2013,Comunidad Valenciana,2. contra la libertad,4147
2013,Comunidad Valenciana,2.1.-malos tratos habituales en el ambito familiar,1773
2013,Comunidad Valenciana,2.2.-otros contra la libertad,2374
2013,Comunidad Valenciana,3. libertad sexual,912
2013,Comunidad Valenciana,3.1.-agresion sexual,458
2013,Comunidad Valenciana,3.2.-agresion sexual con penetracion,189
2013,Comunidad Valenciana,3.3.-corrupcion de menores o incapacitados,48
2013,Comunidad Valenciana,3.4.-pornografia de menores,34
2013,Comunidad Valenciana,3.5.-otros contra la libertad sexual,183
2013,Comunidad Valenciana,4. relaciones familiares,907
2013,Comunidad Valenciana,5. patrimonio,40095
2013,Comunidad Valenciana,5.1.-hurtos,15283
2013,Comunidad Valenciana,5.2.-robos con fuerza en las cosas,9436
2013,Comunidad Valenciana,5.2.1.-robos con fuerza en las cosas en el interior de vehiculos,2036
2013,Comunidad Valenciana,5.2.2.-robos con fuerza en viviendas,4000
2013,Comunidad Valenciana,5.2.3.-robos con fuerza en establecimientos,1405
2013,Comunidad Valenciana,5.3.-robos con violencia o intimidacion,2802
2013,Comunidad Valenciana,5.3.1.-robos con violencia en via publica,1553
2013,Comunidad Valenciana,5.3.2.-robos con violencia en viviendas,350
2013,Comunidad Valenciana,5.3.3.-robos con violencia en establecimientos,565
2013,Comunidad Valenciana,5.4.-sustraccion de vehiculos,1222
2013,Comunidad Valenciana,5.5.-estafas,4131
2013,Comunidad Valenciana,5.5.1.-estafas informaticas,864
2013,Comunidad Valenciana,5.6.-danos,3822
2013,Comunidad Valenciana,5.7.-contra la propiedad intelectual/industrial,285
2013,Comunidad Valenciana,5.8.-blanqueo de capitales,51
2013,Comunidad Valenciana,5.9.-otros contra el patrimonio,3063
2013,Comunidad Valenciana,6. seguridad colectiva,8581
2013,Comunidad Valenciana,6.1.-trafico de drogas,1825
2013,Comunidad Valenciana,6.2.-contra la seguridad vial,6510
2013,Comunidad Valenciana,6.3.-otros contra la seguridad colectiva,246
2013,Comunidad Valenciana,7. falsedades,1365
2013,Comunidad Valenciana,8. admon. publica,26
2013,Comunidad Valenciana,9. admon. justicia,4143
2013,Comunidad Valenciana,total infracciones penales,93331
2013,Comunidad de Madrid,1. contra las personas,27035
2013,Comunidad de Madrid,1.1.-homicidios dolosos/asesinatos,88
2013,Comunidad de Madrid,1.1.1.-homicidios dolosos/asesinatos consumados,34
2013,Comunidad de Madrid,1.2.-lesiones,9002
2013,Comunidad de Madrid,1.3.-malos tratos ambito familiar,10343
2013,Comunidad de Madrid,1.4.-otros contra las personas,7602
2013,Comunidad de Madrid,10. orden publico,5075
2013,Comunidad de Madrid,11. legislacion especial,9
2013,Comunidad de Madrid,12. otras infracciones penales,601
2013,Comunidad de Madrid,2. contra la libertad,3216
2013,Comunidad de Madrid,2.1.-malos tratos habituales en el ambito familiar,1100
2013,Comunidad de Madrid,2.2.-otros contra la libertad,2116
2013,Comunidad de Madrid,3. libertad sexual,946
2013,Comunidad de Madrid,3.1.-agresion sexual,512
2013,Comunidad de Madrid,3.2.-agresion sexual con penetracion,206
2013,Comunidad de Madrid,3.3.-corrupcion de menores o incapacitados,28
2013,Comunidad de Madrid,3.4.-pornografia de menores,41
2013,Comunidad de Madrid,3.5.-otros contra la libertad sexual,159
2013,Comunidad de Madrid,4. relaciones familiares,917
2013,Comunidad de Madrid,5. patrimonio,49409
2013,Comunidad de Madrid,5.1.-hurtos,25364
2013,Comunidad de Madrid,5.2.-robos con fuerza en las cosas,7105
2013,Comunidad de Madrid,5.2.1.-robos con fuerza en las cosas en el interior de vehiculos,2571
2013,Comunidad de Madrid,5.2.2.-robos con fuerza en viviendas,2031
2013,Comunidad de Madrid,5.2.3.-robos con fuerza en establecimientos,1307
2013,Comunidad de Madrid,5.3.-robos con violencia o intimidacion,3697
2013,Comunidad de Madrid,5.3.1.-robos con violencia en via publica,2229
2013,Comunidad de Madrid,5.3.2.-robos con violencia en viviendas,406
2013,Comunidad de Madrid,5.3.3.-robos con violencia en establecimientos,678
2013,Comunidad de Madrid,5.4.-sustraccion de vehiculos,1895
2013,Comunidad de Madrid,5.5.-estafas,4775
2013,Comunidad de Madrid,5.5.1.-estafas informaticas,785
2013,Comunidad de Madrid,5.6.-danos,2809
2013,Comunidad de Madrid,5.7.-contra la propiedad intelectual/industrial,666
2013,Comunidad de Madrid,5.8.-blanqueo de capitales,34
2013,Comunidad de Madrid,5.9.-otros contra el patrimonio,3064
2013,Comunidad de Madrid,6. seguridad colectiva,7631
2013,Comunidad de Madrid,6.1.-trafico de drogas,1726
2013,Comunidad de Madrid,6.2.-contra la seguridad vial,5692
2013,Comunidad de Madrid,6.3.-otros contra la seguridad colectiva,213
2013,Comunidad de Madrid,7. falsedades,1459
2013,Comunidad de Madrid,8. admon. publica,20
2013,Comunidad de Madrid,9. admon. justicia,3641
2013,Comunidad de Madrid,total infracciones penales,99959
2013,Extremadura,1. contra las personas,4756
2013,Extremadura,1.1.-homicidios dolosos/asesinatos,17
2013,Extremadura,1.1.1.-homicidios dolosos/asesinatos consumados,7
2013,Extremadura,1.2.-lesiones,1739
2013,Extremadura,1.3.-malos tratos ambito familiar,981
2013,Extremadura,1.4.-otros contra las personas,2019
2013,Extremadura,10. orden publico,451
2013,Extremadura,11. legislacion especial,3
2013,Extremadura,12. otras infracciones penales,149
2013,Extremadura,2. contra la libertad,632
2013,Extremadura,2.1.-malos tratos habituales en el ambito familiar,322
2013,Extremadura,2.2.-otros contra la libertad,310
2013,Extremadura,3. libertad sexual,128
2013,Extremadura,3.1.-agresion sexual,82
2013,Extremadura,3.2.-agresion sexual con penetracion,23
2013,Extremadura,3.3.-corrupcion de menores o incapacitados,3
2013,Extremadura,3.4.-pornografia de menores,6
2013,Extremadura,3.5.-otros contra la libertad sexual,14
2013,Extremadura,4. relaciones familiares,237
2013,Extremadura,5. patrimonio,5033
2013,Extremadura,5.1.-hurtos,2212
2013,Extremadura,5.2.-robos con fuerza en las cosas,1065
2013,Extremadura,5.2.1.-robos con fuerza en las cosas en el interior de vehiculos,177
2013,Extremadura,5.2.2.-robos con fuerza en viviendas,350
2013,Extremadura,5.2.3.-robos con fuerza en establecimientos,242
2013,Extremadura,5.3.-robos con violencia o intimidacion,204
2013,Extremadura,5.3.1.-robos con violencia en via publica,98
2013,Extremadura,5.3.2.-robos con violencia en viviendas,28
2013,Extremadura,5.3.3.-robos con violencia en establecimientos,51
2013,Extremadura,5.4.-sustraccion de vehiculos,131
2013,Extremadura,5.5.-estafas,547
2013,Extremadura,5.5.1.-estafas informaticas,175
2013,Extremadura,5.6.-danos,473
2013,Extremadura,5.7.-contra la propiedad intelectual/industrial,51
2013,Extremadura,5.8.-blanqueo de capitales,0
2013,Extremadura,5.9.-otros contra el patrimonio,350
2013,Extremadura,6. seguridad colectiva,1209
2013,Extremadura,6.1.-trafico de drogas,294
2013,Extremadura,6.2.-contra la seguridad vial,890
2013,Extremadura,6.3.-otros contra la seguridad colectiva,25
2013,Extremadura,7. falsedades,153
2013,Extremadura,8. admon. publica,3
2013,Extremadura,9. admon. justicia,610
2013,Extremadura,total infracciones penales,13364
2013,Galicia,1. contra las personas,12866
2013,Galicia,1.1.-homicidios dolosos/asesinatos,46
2013,Galicia,1.1.1.-homicidios dolosos/asesinatos consumados,11
2013,Galicia,1.2.-lesiones,4814
2013,Galicia,1.3.-malos tratos ambito familiar,2632
2013,Galicia,1.4.-otros contra las personas,5374
2013,Galicia,10. orden publico,1297
2013,Galicia,11. legislacion especial,6
2013,Galicia,12. otras infracciones penales,188
2013,Galicia,2. contra la libertad,1538
2013,Galicia,2.1.-malos tratos habituales en el ambito familiar,629
2013,Galicia,2.2.-otros contra la libertad,909
2013,Galicia,3. libertad sexual,268
2013,Galicia,3.1.-agresion sexual,147
2013,Galicia,3.2.-agresion sexual con penetracion,59
2013,Galicia,3.3.-corrupcion de menores o incapacitados,15
2013,Galicia,3.4.-pornografia de menores,14
2013,Galicia,3.5.-otros contra la libertad sexual,33
2013,Galicia,4. relaciones familiares,213
2013,Galicia,5. patrimonio,13982
2013,Galicia,5.1.-hurtos,5385
2013,Galicia,5.2.-robos con fuerza en las cosas,2831
2013,Galicia,5.2.1.-robos con fuerza en las cosas en el interior de vehiculos,477
2013,Galicia,5.2.2.-robos con fuerza en viviendas,994
2013,Galicia,5.2.3.-robos con fuerza en establecimientos,704
2013,Galicia,5.3.-robos con violencia o intimidacion,658
2013,Galicia,5.3.1.-robos con violencia en via publica,284
2013,Galicia,5.3.2.-robos con violencia en viviendas,76
2013,Galicia,5.3.3.-robos con violencia en establecimientos,225
2013,Galicia,5.4.-sustraccion de vehiculos,432
2013,Galicia,5.5.-estafas,1602
2013,Galicia,5.5.1.-estafas informaticas,497
2013,Galicia,5.6.-danos,2236
2013,Galicia,5.7.-contra la propiedad intelectual/industrial,108
2013,Galicia,5.8.-blanqueo de capitales,2
2013,Galicia,5.9.-otros contra el patrimonio,728
2013,Galicia,6. seguridad colectiva,5069
2013,Galicia,6.1.-trafico de drogas,399
2013,Galicia,6.2.-contra la seguridad vial,4488
2013,Galicia,6.3.-otros contra la seguridad colectiva,182
2013,Galicia,7. falsedades,381
2013,Galicia,8. admon. publica,19
2013,Galicia,9. admon. justicia,1033
2013,Galicia,total infracciones penales,36860
2013,Illes Balears,1. contra las personas,7441
2013,Illes Balears,1.1.-homicidios dolosos/asesinatos,32
2013,Illes Balears,1.1.1.-homicidios dolosos/asesinatos consumados,8
2013,Illes Balears,1.2.-lesiones,2572
2013,Illes Balears,1.3.-malos tratos ambito familiar,2409
2013,Illes Balears,1.4.-otros contra las personas,2428
2013,Illes Balears,10. orden publico,972
2013,Illes Balears,11. legislacion especial,1
2013,Illes Balears,12. otras infracciones penales,146
2013,Illes Balears,2. contra la libertad,1126
2013,Illes Balears,2.1.-malos tratos habituales en el ambito familiar,459
2013,Illes Balears,2.2.-otros contra la libertad,667
2013,Illes Balears,3. libertad sexual,275
2013,Illes Balears,3.1.-agresion sexual,156
2013,Illes Balears,3.2.-agresion sexual con penetracion,52
2013,Illes Balears,3.3.-corrupcion de menores o incapacitados,16
2013,Illes Balears,3.4.-pornografia de menores,14
2013,Illes Balears,3.5.-otros contra la libertad sexual,37
2013,Illes Balears,4. relaciones familiares,240
2013,Illes Balears,5. patrimonio,10215
2013,Illes Balears,5.1.-hurtos,4380
2013,Illes Balears,5.2.-robos con fuerza en las cosas,2107
2013,Illes Balears,5.2.1.-robos con fuerza en las cosas en el interior de vehiculos,403
2013,Illes Balears,5.2.2.-robos con fuerza en viviendas,889
2013,Illes Balears,5.2.3.-robos con fuerza en establecimientos,383
2013,Illes Balears,5.3.-robos con violencia o intimidacion,494
2013,Illes Balears,5.3.1.-robos con violencia en via publica,295
2013,Illes Balears,5.3.2.-robos con violencia en viviendas,53
2013,Illes Balears,5.3.3.-robos con violencia en establecimientos,98
2013,Illes Balears,5.4.-sustraccion de vehiculos,405
2013,Illes Balears,5.5.-estafas,924
2013,Illes Balears,5.5.1.-estafas informaticas,211
2013,Illes Balears,5.6.-danos,955
2013,Illes Balears,5.7.-contra la propiedad intelectual/industrial,104
2013,Illes Balears,5.8.-blanqueo de capitales,4
2013,Illes Balears,5.9.-otros contra el patrimonio,842
2013,Illes Balears,6. seguridad colectiva,3028
2013,Illes Balears,6.1.-trafico de drogas,552
2013,Illes Balears,6.2.-contra la seguridad vial,2408
2013,Illes Balears,6.3.-otros contra la seguridad colectiva,68
2013,Illes Balears,7. falsedades,248
2013,Illes Balears,8. admon. publica,7
2013,Illes Balears,9. admon. justicia,774
2013,Illes Balears,total infracciones penales,24473
2013,La Rioja,1. contra las personas,1336
2013,La Rioja,1.1.-homicidios dolosos/asesinatos,7
2013,La Rioja,1.1.1.-homicidios dolosos/asesinatos consumados,0
2013,La Rioja,1.2.-lesiones,574
2013,La Rioja,1.3.-malos tratos ambito familiar,370
2013,La Rioja,1.4.-otros contra las personas,385
2013,La Rioja,10. orden publico,194
2013,La Rioja,11. legislacion especial,0
2013,La Rioja,12. otras infracciones penales,16
2013,La Rioja,2. contra la libertad,148
2013,La Rioja,2.1.-malos tratos habituales en el ambito familiar,38
2013,La Rioja,2.2.-otros contra la libertad,110
2013,La Rioja,3. libertad sexual,31
2013,La Rioja,3.1.-agresion sexual,19
2013,La Rioja,3.2.-agresion sexual con penetracion,4
2013,La Rioja,3.3.-corrupcion de menores o incapacitados,3
2013,La Rioja,3.4.-pornografia de menores,3
2013,La Rioja,3.5.-otros contra la libertad sexual,2
2013,La Rioja,4. relaciones familiares,31
2013,La Rioja,5. patrimonio,1452
2013,La Rioja,5.1.-hurtos,671
2013,La Rioja,5.2.-robos con fuerza en las cosas,299
2013,La Rioja,5.2.1.-robos con fuerza en las cosas en el interior de vehiculos,37
2013,La Rioja,5.2.2.-robos con fuerza en viviendas,119
2013,La Rioja,5.2.3.-robos con fuerza en establecimientos,56
2013,La Rioja,5.3.-robos con violencia o intimidacion,52
2013,La Rioja,5.3.1.-robos con violencia en via publica,25
2013,La Rioja,5.3.2.-robos con violencia en viviendas,5
2013,La Rioja,5.3.3.-robos con violencia en establecimientos,19
2013,La Rioja,5.4.-sustraccion de vehiculos,37
2013,La Rioja,5.5.-estafas,151
2013,La Rioja,5.5.1.-estafas informaticas,34
2013,La Rioja,5.6.-danos,136
2013,La Rioja,5.7.-contra la propiedad intelectual/industrial,4
2013,La Rioja,5.8.-blanqueo de capitales,0
2013,La Rioja,5.9.-otros contra el patrimonio,102
2013,La Rioja,6. seguridad colectiva,397
2013,La Rioja,6.1.-trafico de drogas,70
2013,La Rioja,6.2.-contra la seguridad vial,317
2013,La Rioja,6.3.-otros contra la seguridad colectiva,10
2013,La Rioja,7. falsedades,34
2013,La Rioja,8. admon. publica,0
2013,La Rioja,9. admon. justicia,114
2013,La Rioja,total infracciones penales,3753
2013,Melilla,1. contra las personas,806
2013,Melilla,1.1.-homicidios dolosos/asesinatos,6
2013,Melilla,1.1.1.-homicidios dolosos/asesinatos consumados,2
2013,Melilla,1.2.-lesiones,415
2013,Melilla,1.3.-malos tratos ambito familiar,226
2013,Melilla,1.4.-otros contra las personas,159
2013,Melilla,10. orden publico,125
2013,Melilla,11. legislacion especial,1
2013,Melilla,12. otras infracciones penales,123
2013,Melilla,2. contra la libertad,90
2013,Melilla,2.1.-malos tratos habituales en el ambito familiar,20
2013,Melilla,2.2.-otros contra la libertad,70
2013,Melilla,3. libertad sexual,37
2013,Melilla,3.1.-agresion sexual,25
2013,Melilla,3.2.-agresion sexual con penetracion,6
2013,Melilla,3.3.-corrupcion de menores o incapacitados,1
2013,Melilla,3.4.-pornografia de menores,0
2013,Melilla,3.5.-otros contra la libertad sexual,5
2013,Melilla,4. relaciones familiares,22
2013,Melilla,5. patrimonio,897
2013,Melilla,5.1.-hurtos,308
2013,Melilla,5.2.-robos con fuerza en las cosas,203
2013,Melilla,5.2.1.-robos con fuerza en las cosas en el interior de vehiculos,105
2013,Melilla,5.2.2.-robos con fuerza en viviendas,32
2013,Melilla,5.2.3.-robos con fuerza en establecimientos,27
2013,Melilla,5.3.-robos con violencia o intimidacion,171
2013,Melilla,5.3.1.-robos con violencia en via publica,138
2013,Melilla,5.3.2.-robos con violencia en viviendas,9
2013,Melilla,5.3.3.-robos con violencia en establecimientos,11
2013,Melilla,5.4.-sustraccion de vehiculos,59
2013,Melilla,5.5.-estafas,47
2013,Melilla,5.5.1.-estafas informaticas,12
2013,Melilla,5.6.-danos,80
2013,Melilla,5.7.-contra la propiedad intelectual/industrial,5
2013,Melilla,5.8.-blanqueo de capitales,2
2013,Melilla,5.9.-otros contra el patrimonio,22
2013,Melilla,6. seguridad colectiva,373
2013,Melilla,6.1.-trafico de drogas,203
2013,Melilla,6.2.-contra la seguridad vial,156
2013,Melilla,6.3.-otros contra la seguridad colectiva,14
2013,Melilla,7. falsedades,138
2013,Melilla,8. admon. publica,6
2013,Melilla,9. admon. justicia,40
2013,Melilla,total infracciones penales,2658
2013,País Vasco,1. contra las personas,45
2013,País Vasco,1.1.-homicidios dolosos/asesinatos,0
2013,País Vasco,1.1.1.-homicidios dolosos/asesinatos consumados,0
2013,País Vasco,1.2.-lesiones,8
2013,País Vasco,1.3.-malos tratos ambito familiar,12
2013,País Vasco,1.4.-otros contra las personas,25
2013,País Vasco,10. orden publico,35
2013,País Vasco,11. legislacion especial,4
2013,País Vasco,12. otras infracciones penales,16
2013,País Vasco,2. contra la libertad,12
2013,País Vasco,2.1.-malos tratos habituales en el ambito familiar,2
2013,País Vasco,2.2.-otros contra la libertad,10
2013,País Vasco,3. libertad sexual,10
2013,País Vasco,3.1.-agresion sexual,1
2013,País Vasco,3.2.-agresion sexual con penetracion,0
2013,País Vasco,3.3.-corrupcion de menores o incapacitados,2
2013,País Vasco,3.4.-pornografia de menores,5
2013,País Vasco,3.5.-otros contra la libertad sexual,2
2013,País Vasco,4. relaciones familiares,6
2013,País Vasco,5. patrimonio,347
2013,País Vasco,5.1.-hurtos,38
2013,País Vasco,5.2.-robos con fuerza en las cosas,49
2013,País Vasco,5.2.1.-robos con fuerza en las cosas en el interior de vehiculos,4
2013,País Vasco,5.2.2.-robos con fuerza en viviendas,13
2013,País Vasco,5.2.3.-robos con fuerza en establecimientos,15
2013,País Vasco,5.3.-robos con violencia o intimidacion,6
2013,País Vasco,5.3.1.-robos con violencia en via publica,2
2013,País Vasco,5.3.2.-robos con violencia en viviendas,0
2013,País Vasco,5.3.3.-robos con violencia en establecimientos,4
2013,País Vasco,5.4.-sustraccion de vehiculos,36
2013,País Vasco,5.5.-estafas,188
2013,País Vasco,5.5.1.-estafas informaticas,114
2013,País Vasco,5.6.-danos,1
2013,País Vasco,5.7.-contra la propiedad intelectual/industrial,4
2013,País Vasco,5.8.-blanqueo de capitales,1
2013,País Vasco,5.9.-otros contra el patrimonio,24
2013,País Vasco,6. seguridad colectiva,95
2013,País Vasco,6.1.-trafico de drogas,83
2013,País Vasco,6.2.-contra la seguridad vial,8
2013,País Vasco,6.3.-otros contra la seguridad colectiva,4
2013,País Vasco,7. falsedades,165
2013,País Vasco,8. admon. publica,1
2013,País Vasco,9. admon. justicia,61
2013,País Vasco,total infracciones penales,797
2013,Principado de Asturias,1. contra las personas,5161
2013,Principado de Asturias,1.1.-homicidios dolosos/asesinatos,17
2013,Principado de Asturias,1.1.1.-homicidios dolosos/asesinatos consumados,8
2013,Principado de Asturias,1.2.-lesiones,1888
2013,Principado de Asturias,1.3.-malos tratos ambito familiar,1215
2013,Principado de Asturias,1.4.-otros contra las personas,2041
2013,Principado de Asturias,10. orden publico,663
2013,Principado de Asturias,11. legislacion especial,1
2013,Principado de Asturias,12. otras infracciones penales,69
2013,Principado de Asturias,2. contra la libertad,485
2013,Principado de Asturias,2.1.-malos tratos habituales en el ambito familiar,70
2013,Principado de Asturias,2.2.-otros contra la libertad,415
2013,Principado de Asturias,3. libertad sexual,92
2013,Principado de Asturias,3.1.-agresion sexual,41
2013,Principado de Asturias,3.2.-agresion sexual con penetracion,19
2013,Principado de Asturias,3.3.-corrupcion de menores o incapacitados,7
2013,Principado de Asturias,3.4.-pornografia de menores,9
2013,Principado de Asturias,3.5.-otros contra la libertad sexual,16
2013,Principado de Asturias,4. relaciones familiares,142
2013,Principado de Asturias,5. patrimonio,5843
2013,Principado de Asturias,5.1.-hurtos,2496
2013,Principado de Asturias,5.2.-robos con fuerza en las cosas,1026
2013,Principado de Asturias,5.2.1.-robos con fuerza en las cosas en el interior de vehiculos,150
2013,Principado de Asturias,5.2.2.-robos con fuerza en viviendas,305
2013,Principado de Asturias,5.2.3.-robos con fuerza en establecimientos,311
2013,Principado de Asturias,5.3.-robos con violencia o intimidacion,368
2013,Principado de Asturias,5.3.1.-robos con violencia en via publica,188
2013,Principado de Asturias,5.3.2.-robos con violencia en viviendas,51
2013,Principado de Asturias,5.3.3.-robos con violencia en establecimientos,87
2013,Principado de Asturias,5.4.-sustraccion de vehiculos,181
2013,Principado de Asturias,5.5.-estafas,714
2013,Principado de Asturias,5.5.1.-estafas informaticas,188
2013,Principado de Asturias,5.6.-danos,653
2013,Principado de Asturias,5.7.-contra la propiedad intelectual/industrial,20
2013,Principado de Asturias,5.8.-blanqueo de capitales,4
2013,Principado de Asturias,5.9.-otros contra el patrimonio,381
2013,Principado de Asturias,6. seguridad colectiva,1468
2013,Principado de Asturias,6.1.-trafico de drogas,190
2013,Principado de Asturias,6.2.-contra la seguridad vial,1231
2013,Principado de Asturias,6.3.-otros contra la seguridad colectiva,47
2013,Principado de Asturias,7. falsedades,131
2013,Principado de Asturias,8. admon. publica,6
2013,Principado de Asturias,9. admon. justicia,460
2013,Principado de Asturias,total infracciones penales,14521
2013,Región de Murcia,1. contra las personas,7682
2013,Región de Murcia,1.1.-homicidios dolosos/asesinatos,25
2013,Región de Murcia,1.1.1.-homicidios dolosos/asesinatos consumados,5
2013,Región de Murcia,1.2.-lesiones,2775
2013,Región de Murcia,1.3.-malos tratos ambito familiar,2317
2013,Región de Murcia,1.4.-otros contra las personas,2565
2013,Región de Murcia,10. orden publico,656
2013,Región de Murcia,11. legislacion especial,1
2013,Región de Murcia,12. otras infracciones penales,105
2013,Región de Murcia,2. contra la libertad,1027
2013,Región de Murcia,2.1.-malos tratos habituales en el ambito familiar,296
2013,Región de Murcia,2.2.-otros contra la libertad,731
2013,Región de Murcia,3. libertad sexual,233
2013,Región de Murcia,3.1.-agresion sexual,124
2013,Región de Murcia,3.2.-agresion sexual con penetracion,50
2013,Región de Murcia,3.3.-corrupcion de menores o incapacitados,3
2013,Región de Murcia,3.4.-pornografia de menores,4
2013,Región de Murcia,3.5.-otros contra la libertad sexual,52
2013,Región de Murcia,4. relaciones familiares,483
2013,Región de Murcia,5. patrimonio,9740
2013,Región de Murcia,5.1.-hurtos,3699
2013,Región de Murcia,5.2.-robos con fuerza en las cosas,2639
2013,Región de Murcia,5.2.1.-robos con fuerza en las cosas en el interior de vehiculos,667
2013,Región de Murcia,5.2.2.-robos con fuerza en viviendas,1045
2013,Región de Murcia,5.2.3.-robos con fuerza en establecimientos,370
2013,Región de Murcia,5.3.-robos con violencia o intimidacion,651
2013,Región de Murcia,5.3.1.-robos con violencia en via publica,380
2013,Región de Murcia,5.3.2.-robos con violencia en viviendas,60
2013,Región de Murcia,5.3.3.-robos con violencia en establecimientos,132
2013,Región de Murcia,5.4.-sustraccion de vehiculos,328
2013,Región de Murcia,5.5.-estafas,852
2013,Región de Murcia,5.5.1.-estafas informaticas,155
2013,Región de Murcia,5.6.-danos,895
2013,Región de Murcia,5.7.-contra la propiedad intelectual/industrial,65
2013,Región de Murcia,5.8.-blanqueo de capitales,9
2013,Región de Murcia,5.9.-otros contra el patrimonio,602
2013,Región de Murcia,6. seguridad colectiva,1653
2013,Región de Murcia,6.1.-trafico de drogas,308
2013,Región de Murcia,6.2.-contra la seguridad vial,1301
2013,Región de Murcia,6.3.-otros contra la seguridad colectiva,44
2013,Región de Murcia,7. falsedades,296
2013,Región de Murcia,8. admon. publica,8
2013,Región de Murcia,9. admon. justicia,797
2013,Región de Murcia,total infracciones penales,22681
2014,Andalucía,1. contra las personas,52827
2014,Andalucía,1.1.-homicidios dolosos/asesinatos,210
2014,Andalucía,1.1.1.-homicidios dolosos/asesinatos consumados,63
2014,Andalucía,1.2.-lesiones,17083
2014,Andalucía,1.3.-malos tratos ambito familiar,13362
2014,Andalucía,1.4.-otros contra las personas,22172
2014,Andalucía,10. orden publico,5075
2014,Andalucía,11. legislacion especial,55
2014,Andalucía,12. otras infracciones penales,1058
2014,Andalucía,2. contra la libertad,6789
2014,Andalucía,2.1.-malos tratos habituales en el ambito familiar,2973
2014,Andalucía,2.2.-otros contra la libertad,3816
2014,Andalucía,3. libertad sexual,1342
2014,Andalucía,3.1.-agresion sexual,742
2014,Andalucía,3.2.-agresion sexual con penetracion,181
2014,Andalucía,3.3.-corrupcion de menores o incapacitados,75
2014,Andalucía,3.4.-pornografia de menores,63
2014,Andalucía,3.5.-otros contra la libertad sexual,281
2014,Andalucía,4. relaciones familiares,1568
2014,Andalucía,5. patrimonio,53849
2014,Andalucía,5.1.-hurtos,22250
2014,Andalucía,5.2.-robos con fuerza en las cosas,9639
2014,Andalucía,5.2.1.-robos con fuerza en las cosas en el interior de vehiculos,2220
2014,Andalucía,5.2.2.-robos con fuerza en viviendas,3582
2014,Andalucía,5.2.3.-robos con fuerza en establecimientos,1728
2014,Andalucía,5.3.-robos con violencia o intimidacion,3108
2014,Andalucía,5.3.1.-robos con violencia en via publica,1917
2014,Andalucía,5.3.2.-robos con violencia en viviendas,256
2014,Andalucía,5.3.3.-robos con violencia en establecimientos,663
2014,Andalucía,5.4.-sustraccion de vehiculos,1863
2014,Andalucía,5.5.-estafas,6692
2014,Andalucía,5.5.1.-estafas informaticas,1835
2014,Andalucía,5.6.-danos,4801
2014,Andalucía,5.7.-contra la propiedad intelectual/industrial,710
2014,Andalucía,5.8.-blanqueo de capitales,85
2014,Andalucía,5.9.-otros contra el patrimonio,4701
2014,Andalucía,6. seguridad colectiva,14673
2014,Andalucía,6.1.-trafico de drogas,3168
2014,Andalucía,6.2.-contra la seguridad vial,11175
2014,Andalucía,6.3.-otros contra la seguridad colectiva,330
2014,Andalucía,7. falsedades,1920
2014,Andalucía,8. admon. publica,201
2014,Andalucía,9. admon. justicia,6600
2014,Andalucía,total infracciones penales,145957
2014,Aragón,1. contra las personas,5248
2014,Aragón,1.1.-homicidios dolosos/asesinatos,18
2014,Aragón,1.1.1.-homicidios dolosos/asesinatos consumados,5
2014,Aragón,1.2.-lesiones,1886
2014,Aragón,1.3.-malos tratos ambito familiar,1723
2014,Aragón,1.4.-otros contra las personas,1621
2014,Aragón,10. orden publico,617
2014,Aragón,11. legislacion especial,3
2014,Aragón,12. otras infracciones penales,87
2014,Aragón,2. contra la libertad,826
2014,Aragón,2.1.-malos tratos habituales en el ambito familiar,363
2014,Aragón,2.2.-otros contra la libertad,463
2014,Aragón,3. libertad sexual,178
2014,Aragón,3.1.-agresion sexual,93
2014,Aragón,3.2.-agresion sexual con penetracion,35
2014,Aragón,3.3.-corrupcion de menores o incapacitados,13
2014,Aragón,3.4.-pornografia de menores,12
2014,Aragón,3.5.-otros contra la libertad sexual,25
2014,Aragón,4. relaciones familiares,203
2014,Aragón,5. patrimonio,6931
2014,Aragón,5.1.-hurtos,2833
2014,Aragón,5.2.-robos con fuerza en las cosas,1240
2014,Aragón,5.2.1.-robos con fuerza en las cosas en el interior de vehiculos,207
2014,Aragón,5.2.2.-robos con fuerza en viviendas,417
2014,Aragón,5.2.3.-robos con fuerza en establecimientos,202
2014,Aragón,5.3.-robos con violencia o intimidacion,372
2014,Aragón,5.3.1.-robos con violencia en via publica,198
2014,Aragón,5.3.2.-robos con violencia en viviendas,40
2014,Aragón,5.3.3.-robos con violencia en establecimientos,100
2014,Aragón,5.4.-sustraccion de vehiculos,137
2014,Aragón,5.5.-estafas,863
2014,Aragón,5.5.1.-estafas informaticas,238
2014,Aragón,5.6.-danos,849
2014,Aragón,5.7.-contra la propiedad intelectual/industrial,61
2014,Aragón,5.8.-blanqueo de capitales,4
2014,Aragón,5.9.-otros contra el patrimonio,572
2014,Aragón,6. seguridad colectiva,1121
2014,Aragón,6.1.-trafico de drogas,303
2014,Aragón,6.2.-contra la seguridad vial,758
2014,Aragón,6.3.-otros contra la seguridad colectiva,60
2014,Aragón,7. falsedades,197
2014,Aragón,8. admon. publica,9
2014,Aragón,9. admon. justicia,783
2014,Aragón,total infracciones penales,16203
2014,Canarias,1. contra las personas,17743
2014,Canarias,1.1.-homicidios dolosos/asesinatos,52
2014,Canarias,1.1.1.-homicidios dolosos/asesinatos consumados,10
2014,Canarias,1.2.-lesiones,5276
2014,Canarias,1.3.-malos tratos ambito familiar,3893
2014,Canarias,1.4.-otros contra las personas,8522
2014,Canarias,10. orden publico,1259
2014,Canarias,11. legislacion especial,3
2014,Canarias,12. otras infracciones penales,158
2014,Canarias,2. contra la libertad,1885
2014,Canarias,2.1.-malos tratos habituales en el ambito familiar,679
2014,Canarias,2.2.-otros contra la libertad,1206
2014,Canarias,3. libertad sexual,371
2014,Canarias,3.1.-agresion sexual,237
2014,Canarias,3.2.-agresion sexual con penetracion,57
2014,Canarias,3.3.-corrupcion de menores o incapacitados,8
2014,Canarias,3.4.-pornografia de menores,27
2014,Canarias,3.5.-otros contra la libertad sexual,42
2014,Canarias,4. relaciones familiares,1130
2014,Canarias,5. patrimonio,14976
2014,Canarias,5.1.-hurtos,6294
2014,Canarias,5.2.-robos con fuerza en las cosas,2778
2014,Canarias,5.2.1.-robos con fuerza en las cosas en el interior de vehiculos,664
2014,Canarias,5.2.2.-robos con fuerza en viviendas,965
2014,Canarias,5.2.3.-robos con fuerza en establecimientos,526
2014,Canarias,5.3.-robos con violencia o intimidacion,791
2014,Canarias,5.3.1.-robos con violencia en via publica,482
2014,Canarias,5.3.2.-robos con violencia en viviendas,54
2014,Canarias,5.3.3.-robos con violencia en establecimientos,161
2014,Canarias,5.4.-sustraccion de vehiculos,512
2014,Canarias,5.5.-estafas,1537
2014,Canarias,5.5.1.-estafas informaticas,297
2014,Canarias,5.6.-danos,1924
2014,Canarias,5.7.-contra la propiedad intelectual/industrial,58
2014,Canarias,5.8.-blanqueo de capitales,3
2014,Canarias,5.9.-otros contra el patrimonio,1079
2014,Canarias,6. seguridad colectiva,3545
2014,Canarias,6.1.-trafico de drogas,549
2014,Canarias,6.2.-contra la seguridad vial,2933
2014,Canarias,6.3.-otros contra la seguridad colectiva,63
2014,Canarias,7. falsedades,385
2014,Canarias,8. admon. publica,11
2014,Canarias,9. admon. justicia,1324
2014,Canarias,total infracciones penales,42790
2014,Cantabria,1. contra las personas,3062
2014,Cantabria,1.1.-homicidios dolosos/asesinatos,4
2014,Cantabria,1.1.1.-homicidios dolosos/asesinatos consumados,2
2014,Cantabria,1.2.-lesiones,1163
2014,Cantabria,1.3.-malos tratos ambito familiar,544
2014,Cantabria,1.4.-otros contra las personas,1351
2014,Cantabria,10. orden publico,368
2014,Cantabria,11. legislacion especial,0
2014,Cantabria,12. otras infracciones penales,32
2014,Cantabria,2. contra la libertad,332
2014,Cantabria,2.1.-malos tratos habituales en el ambito familiar,134
2014,Cantabria,2.2.-otros contra la libertad,198
2014,Cantabria,3. libertad sexual,61
2014,Cantabria,3.1.-agresion sexual,42
2014,Cantabria,3.2.-agresion sexual con penetracion,7
2014,Cantabria,3.3.-corrupcion de menores o incapacitados,1
2014,Cantabria,3.4.-pornografia de menores,5
2014,Cantabria,3.5.-otros contra la libertad sexual,6
2014,Cantabria,4. relaciones familiares,65
2014,Cantabria,5. patrimonio,3144
2014,Cantabria,5.1.-hurtos,1382
2014,Cantabria,5.2.-robos con fuerza en las cosas,622
2014,Cantabria,5.2.1.-robos con fuerza en las cosas en el interior de vehiculos,76
2014,Cantabria,5.2.2.-robos con fuerza en viviendas,236
2014,Cantabria,5.2.3.-robos con fuerza en establecimientos,142
2014,Cantabria,5.3.-robos con violencia o intimidacion,128
2014,Cantabria,5.3.1.-robos con violencia en via publica,66
2014,Cantabria,5.3.2.-robos con violencia en viviendas,13
2014,Cantabria,5.3.3.-robos con violencia en establecimientos,39
2014,Cantabria,5.4.-sustraccion de vehiculos,68
2014,Cantabria,5.5.-estafas,377
2014,Cantabria,5.5.1.-estafas informaticas,141
2014,Cantabria,5.6.-danos,366
2014,Cantabria,5.7.-contra la propiedad intelectual/industrial,23
2014,Cantabria,5.8.-blanqueo de capitales,0
2014,Cantabria,5.9.-otros contra el patrimonio,178
2014,Cantabria,6. seguridad colectiva,861
2014,Cantabria,6.1.-trafico de drogas,105
2014,Cantabria,6.2.-contra la seguridad vial,730
2014,Cantabria,6.3.-otros contra la seguridad colectiva,26
2014,Cantabria,7. falsedades,86
2014,Cantabria,8. admon. publica,1
2014,Cantabria,9. admon. justicia,285
2014,Cantabria,total infracciones penales,8297
2014,Castilla y León,1. contra las personas,11708
2014,Castilla y León,1.1.-homicidios dolosos/asesinatos,46
2014,Castilla y León,1.1.1.-homicidios dolosos/asesinatos consumados,16
2014,Castilla y León,1.2.-lesiones,4093
2014,Castilla y León,1.3.-malos tratos ambito familiar,2258
2014,Castilla y León,1.4.-otros contra las personas,5311
2014,Castilla y León,10. orden publico,1181
2014,Castilla y León,11. legislacion especial,3
2014,Castilla y León,12. otras infracciones penales,208
2014,Castilla y León,2. contra la libertad,1148
2014,Castilla y León,2.1.-malos tratos habituales en el ambito familiar,502
2014,Castilla y León,2.2.-otros contra la libertad,646
2014,Castilla y León,3. libertad sexual,241
2014,Castilla y León,3.1.-agresion sexual,125
2014,Castilla y León,3.2.-agresion sexual con penetracion,30
2014,Castilla y León,3.3.-corrupcion de menores o incapacitados,14
2014,Castilla y León,3.4.-pornografia de menores,18
2014,Castilla y León,3.5.-otros contra la libertad sexual,54
2014,Castilla y León,4. relaciones familiares,257
2014,Castilla y León,5. patrimonio,13522
2014,Castilla y León,5.1.-hurtos,5295
2014,Castilla y León,5.2.-robos con fuerza en las cosas,2746
2014,Castilla y León,5.2.1.-robos con fuerza en las cosas en el interior de vehiculos,518
2014,Castilla y León,5.2.2.-robos con fuerza en viviendas,863
2014,Castilla y León,5.2.3.-robos con fuerza en establecimientos,629
2014,Castilla y León,5.3.-robos con violencia o intimidacion,470
2014,Castilla y León,5.3.1.-robos con violencia en via publica,254
2014,Castilla y León,5.3.2.-robos con violencia en viviendas,58
2014,Castilla y León,5.3.3.-robos con violencia en establecimientos,106
2014,Castilla y León,5.4.-sustraccion de vehiculos,247
2014,Castilla y León,5.5.-estafas,1985
2014,Castilla y León,5.5.1.-estafas informaticas,594
2014,Castilla y León,5.6.-danos,1855
2014,Castilla y León,5.7.-contra la propiedad intelectual/industrial,110
2014,Castilla y León,5.8.-blanqueo de capitales,3
2014,Castilla y León,5.9.-otros contra el patrimonio,811
2014,Castilla y León,6. seguridad colectiva,2918
2014,Castilla y León,6.1.-trafico de drogas,366
2014,Castilla y León,6.2.-contra la seguridad vial,2499
2014,Castilla y León,6.3.-otros contra la seguridad colectiva,53
2014,Castilla y León,7. falsedades,356
2014,Castilla y León,8. admon. publica,5
2014,Castilla y León,9. admon. justicia,994
2014,Castilla y León,total infracciones penales,32541
2014,Castilla-La Mancha,1. contra las personas,9991
2014,Castilla-La Mancha,1.1.-homicidios dolosos/asesinatos,46
2014,Castilla-La Mancha,1.1.1.-homicidios dolosos/asesinatos consumados,15
2014,Castilla-La Mancha,1.2.-lesiones,3450
2014,Castilla-La Mancha,1.3.-malos tratos ambito familiar,2421
2014,Castilla-La Mancha,1.4.-otros contra las personas,4074
2014,Castilla-La Mancha,10. orden publico,910
2014,Castilla-La Mancha,11. legislacion especial,2
2014,Castilla-La Mancha,12. otras infracciones penales,221
2014,Castilla-La Mancha,2. contra la libertad,1212
2014,Castilla-La Mancha,2.1.-malos tratos habituales en el ambito familiar,527
2014,Castilla-La Mancha,2.2.-otros contra la libertad,685
2014,Castilla-La Mancha,3. libertad sexual,251
2014,Castilla-La Mancha,3.1.-agresion sexual,155
2014,Castilla-La Mancha,3.2.-agresion sexual con penetracion,32
2014,Castilla-La Mancha,3.3.-corrupcion de menores o incapacitados,14
2014,Castilla-La Mancha,3.4.-pornografia de menores,15
2014,Castilla-La Mancha,3.5.-otros contra la libertad sexual,35
2014,Castilla-La Mancha,4. relaciones familiares,370
2014,Castilla-La Mancha,5. patrimonio,11423
2014,Castilla-La Mancha,5.1.-hurtos,3699
2014,Castilla-La Mancha,5.2.-robos con fuerza en las cosas,3037
2014,Castilla-La Mancha,5.2.1.-robos con fuerza en las cosas en el interior de vehiculos,516
2014,Castilla-La Mancha,5.2.2.-robos con fuerza en viviendas,1016
2014,Castilla-La Mancha,5.2.3.-robos con fuerza en establecimientos,551
2014,Castilla-La Mancha,5.3.-robos con violencia o intimidacion,479
2014,Castilla-La Mancha,5.3.1.-robos con violencia en via publica,258
2014,Castilla-La Mancha,5.3.2.-robos con violencia en viviendas,59
2014,Castilla-La Mancha,5.3.3.-robos con violencia en establecimientos,101
2014,Castilla-La Mancha,5.4.-sustraccion de vehiculos,341
2014,Castilla-La Mancha,5.5.-estafas,1485
2014,Castilla-La Mancha,5.5.1.-estafas informaticas,501
2014,Castilla-La Mancha,5.6.-danos,1335
2014,Castilla-La Mancha,5.7.-contra la propiedad intelectual/industrial,36
2014,Castilla-La Mancha,5.8.-blanqueo de capitales,10
2014,Castilla-La Mancha,5.9.-otros contra el patrimonio,1001
2014,Castilla-La Mancha,6. seguridad colectiva,2866
2014,Castilla-La Mancha,6.1.-trafico de drogas,408
2014,Castilla-La Mancha,6.2.-contra la seguridad vial,2392
2014,Castilla-La Mancha,6.3.-otros contra la seguridad colectiva,66
2014,Castilla-La Mancha,7. falsedades,497
2014,Castilla-La Mancha,8. admon. publica,19
2014,Castilla-La Mancha,9. admon. justicia,1104
2014,Castilla-La Mancha,total infracciones penales,28866
2014,Cataluña,1. contra las personas,33217
2014,Cataluña,1.1.-homicidios dolosos/asesinatos,194
2014,Cataluña,1.1.1.-homicidios dolosos/asesinatos consumados,1
2014,Cataluña,1.2.-lesiones,11762
2014,Cataluña,1.3.-malos tratos ambito familiar,6346
2014,Cataluña,1.4.-otros contra las personas,14915
2014,Cataluña,10. orden publico,3967
2014,Cataluña,11. legislacion especial,93
2014,Cataluña,12. otras infracciones penales,1061
2014,Cataluña,2. contra la libertad,9380
2014,Cataluña,2.1.-malos tratos habituales en el ambito familiar,2542
2014,Cataluña,2.2.-otros contra la libertad,6838
2014,Cataluña,3. libertad sexual,1502
2014,Cataluña,3.1.-agresion sexual,697
2014,Cataluña,3.2.-agresion sexual con penetracion,408
2014,Cataluña,3.3.-corrupcion de menores o incapacitados,5
2014,Cataluña,3.4.-pornografia de menores,109
2014,Cataluña,3.5.-otros contra la libertad sexual,283
2014,Cataluña,4. relaciones familiares,2252
2014,Cataluña,5. patrimonio,61160
2014,Cataluña,5.1.-hurtos,21777
2014,Cataluña,5.2.-robos con fuerza en las cosas,9820
2014,Cataluña,5.2.1.-robos con fuerza en las cosas en el interior de vehiculos,1723
2014,Cataluña,5.2.2.-robos con fuerza en viviendas,13
2014,Cataluña,5.2.3.-robos con fuerza en establecimientos,15
2014,Cataluña,5.3.-robos con violencia o intimidacion,5489
2014,Cataluña,5.3.1.-robos con violencia en via publica,5
2014,Cataluña,5.3.2.-robos con violencia en viviendas,6
2014,Cataluña,5.3.3.-robos con violencia en establecimientos,6
2014,Cataluña,5.4.-sustraccion de vehiculos,4161
2014,Cataluña,5.5.-estafas,6908
2014,Cataluña,5.5.1.-estafas informaticas,346
2014,Cataluña,5.6.-danos,4613
2014,Cataluña,5.7.-contra la propiedad intelectual/industrial,413
2014,Cataluña,5.8.-blanqueo de capitales,32
2014,Cataluña,5.9.-otros contra el patrimonio,7947
2014,Cataluña,6. seguridad colectiva,7796
2014,Cataluña,6.1.-trafico de drogas,2039
2014,Cataluña,6.2.-contra la seguridad vial,5644
2014,Cataluña,6.3.-otros contra la seguridad colectiva,113
2014,Cataluña,7. falsedades,2409
2014,Cataluña,8. admon. publica,55
2014,Cataluña,9. admon. justicia,3607
2014,Cataluña,total infracciones penales,126499
2014,Ceuta,1. contra las personas,656
2014,Ceuta,1.1.-homicidios dolosos/asesinatos,13
2014,Ceuta,1.1.1.-homicidios dolosos/asesinatos consumados,4
2014,Ceuta,1.2.-lesiones,314
2014,Ceuta,1.3.-malos tratos ambito familiar,151
2014,Ceuta,1.4.-otros contra las personas,178
2014,Ceuta,10. orden publico,153
2014,Ceuta,11. legislacion especial,0
2014,Ceuta,12. otras infracciones penales,96
2014,Ceuta,2. contra la libertad,97
2014,Ceuta,2.1.-malos tratos habituales en el ambito familiar,51
2014,Ceuta,2.2.-otros contra la libertad,46
2014,Ceuta,3. libertad sexual,10
2014,Ceuta,3.1.-agresion sexual,6
2014,Ceuta,3.2.-agresion sexual con penetracion,0
2014,Ceuta,3.3.-corrupcion de menores o incapacitados,1
2014,Ceuta,3.4.-pornografia de menores,1
2014,Ceuta,3.5.-otros contra la libertad sexual,2
2014,Ceuta,4. relaciones familiares,54
2014,Ceuta,5. patrimonio,704
2014,Ceuta,5.1.-hurtos,239
2014,Ceuta,5.2.-robos con fuerza en las cosas,106
2014,Ceuta,5.2.1.-robos con fuerza en las cosas en el interior de vehiculos,59
2014,Ceuta,5.2.2.-robos con fuerza en viviendas,18
2014,Ceuta,5.2.3.-robos con fuerza en establecimientos,12
2014,Ceuta,5.3.-robos con violencia o intimidacion,79
2014,Ceuta,5.3.1.-robos con violencia en via publica,67
2014,Ceuta,5.3.2.-robos con violencia en viviendas,2
2014,Ceuta,5.3.3.-robos con violencia en establecimientos,3
2014,Ceuta,5.4.-sustraccion de vehiculos,68
2014,Ceuta,5.5.-estafas,94
2014,Ceuta,5.5.1.-estafas informaticas,45
2014,Ceuta,5.6.-danos,77
2014,Ceuta,5.7.-contra la propiedad intelectual/industrial,6
2014,Ceuta,5.8.-blanqueo de capitales,1
2014,Ceuta,5.9.-otros contra el patrimonio,34
2014,Ceuta,6. seguridad colectiva,809
2014,Ceuta,6.1.-trafico de drogas,552
2014,Ceuta,6.2.-contra la seguridad vial,254
2014,Ceuta,6.3.-otros contra la seguridad colectiva,3
2014,Ceuta,7. falsedades,397
2014,Ceuta,8. admon. publica,5
2014,Ceuta,9. admon. justicia,119
2014,Ceuta,total infracciones penales,3100
2014,Comunidad Foral de Navarra,1. contra las personas,3014
2014,Comunidad Foral de Navarra,1.1.-homicidios dolosos/asesinatos,14
2014,Comunidad Foral de Navarra,1.1.1.-homicidios dolosos/asesinatos consumados,2
2014,Comunidad Foral de Navarra,1.2.-lesiones,1077
2014,Comunidad Foral de Navarra,1.3.-malos tratos ambito familiar,622
2014,Comunidad Foral de Navarra,1.4.-otros contra las personas,1301
2014,Comunidad Foral de Navarra,10. orden publico,511
2014,Comunidad Foral de Navarra,11. legislacion especial,1
2014,Comunidad Foral de Navarra,12. otras infracciones penales,54
2014,Comunidad Foral de Navarra,2. contra la libertad,261
2014,Comunidad Foral de Navarra,2.1.-malos tratos habituales en el ambito familiar,56
2014,Comunidad Foral de Navarra,2.2.-otros contra la libertad,205
2014,Comunidad Foral de Navarra,3. libertad sexual,82
2014,Comunidad Foral de Navarra,3.1.-agresion sexual,56
2014,Comunidad Foral de Navarra,3.2.-agresion sexual con penetracion,9
2014,Comunidad Foral de Navarra,3.3.-corrupcion de menores o incapacitados,2
2014,Comunidad Foral de Navarra,3.4.-pornografia de menores,3
2014,Comunidad Foral de Navarra,3.5.-otros contra la libertad sexual,12
2014,Comunidad Foral de Navarra,4. relaciones familiares,72
2014,Comunidad Foral de Navarra,5. patrimonio,3163
2014,Comunidad Foral de Navarra,5.1.-hurtos,1246
2014,Comunidad Foral de Navarra,5.2.-robos con fuerza en las cosas,505
2014,Comunidad Foral de Navarra,5.2.1.-robos con fuerza en las cosas en el interior de vehiculos,76
2014,Comunidad Foral de Navarra,5.2.2.-robos con fuerza en viviendas,180
2014,Comunidad Foral de Navarra,5.2.3.-robos con fuerza en establecimientos,94
2014,Comunidad Foral de Navarra,5.3.-robos con violencia o intimidacion,75
2014,Comunidad Foral de Navarra,5.3.1.-robos con violencia en via publica,35
2014,Comunidad Foral de Navarra,5.3.2.-robos con violencia en viviendas,8
2014,Comunidad Foral de Navarra,5.3.3.-robos con violencia en establecimientos,22
2014,Comunidad Foral de Navarra,5.4.-sustraccion de vehiculos,57
2014,Comunidad Foral de Navarra,5.5.-estafas,495
2014,Comunidad Foral de Navarra,5.5.1.-estafas informaticas,174
2014,Comunidad Foral de Navarra,5.6.-danos,470
2014,Comunidad Foral de Navarra,5.7.-contra la propiedad intelectual/industrial,47
2014,Comunidad Foral de Navarra,5.8.-blanqueo de capitales,1
2014,Comunidad Foral de Navarra,5.9.-otros contra el patrimonio,267
2014,Comunidad Foral de Navarra,6. seguridad colectiva,692
2014,Comunidad Foral de Navarra,6.1.-trafico de drogas,178
2014,Comunidad Foral de Navarra,6.2.-contra la seguridad vial,488
2014,Comunidad Foral de Navarra,6.3.-otros contra la seguridad colectiva,26
2014,Comunidad Foral de Navarra,7. falsedades,167
2014,Comunidad Foral de Navarra,8. admon. publica,3
2014,Comunidad Foral de Navarra,9. admon. justicia,201
2014,Comunidad Foral de Navarra,total infracciones penales,8221
2014,Comunidad Valenciana,1. contra las personas,28693
2014,Comunidad Valenciana,1.1.-homicidios dolosos/asesinatos,91
2014,Comunidad Valenciana,1.1.1.-homicidios dolosos/asesinatos consumados,26
2014,Comunidad Valenciana,1.2.-lesiones,9115
2014,Comunidad Valenciana,1.3.-malos tratos ambito familiar,8761
2014,Comunidad Valenciana,1.4.-otros contra las personas,10726
2014,Comunidad Valenciana,10. orden publico,4041
2014,Comunidad Valenciana,11. legislacion especial,3
2014,Comunidad Valenciana,12. otras infracciones penales,556
2014,Comunidad Valenciana,2. contra la libertad,4015
2014,Comunidad Valenciana,2.1.-malos tratos habituales en el ambito familiar,1721
2014,Comunidad Valenciana,2.2.-otros contra la libertad,2294
2014,Comunidad Valenciana,3. libertad sexual,899
2014,Comunidad Valenciana,3.1.-agresion sexual,490
2014,Comunidad Valenciana,3.2.-agresion sexual con penetracion,127
2014,Comunidad Valenciana,3.3.-corrupcion de menores o incapacitados,48
2014,Comunidad Valenciana,3.4.-pornografia de menores,61
2014,Comunidad Valenciana,3.5.-otros contra la libertad sexual,173
2014,Comunidad Valenciana,4. relaciones familiares,968
2014,Comunidad Valenciana,5. patrimonio,36887
2014,Comunidad Valenciana,5.1.-hurtos,14029
2014,Comunidad Valenciana,5.2.-robos con fuerza en las cosas,8400
2014,Comunidad Valenciana,5.2.1.-robos con fuerza en las cosas en el interior de vehiculos,1737
2014,Comunidad Valenciana,5.2.2.-robos con fuerza en viviendas,3823
2014,Comunidad Valenciana,5.2.3.-robos con fuerza en establecimientos,1244
2014,Comunidad Valenciana,5.3.-robos con violencia o intimidacion,2172
2014,Comunidad Valenciana,5.3.1.-robos con violencia en via publica,1195
2014,Comunidad Valenciana,5.3.2.-robos con violencia en viviendas,258
2014,Comunidad Valenciana,5.3.3.-robos con violencia en establecimientos,496
2014,Comunidad Valenciana,5.4.-sustraccion de vehiculos,1153
2014,Comunidad Valenciana,5.5.-estafas,4250
2014,Comunidad Valenciana,5.5.1.-estafas informaticas,1101
2014,Comunidad Valenciana,5.6.-danos,3496
2014,Comunidad Valenciana,5.7.-contra la propiedad intelectual/industrial,224
2014,Comunidad Valenciana,5.8.-blanqueo de capitales,21
2014,Comunidad Valenciana,5.9.-otros contra el patrimonio,3142
2014,Comunidad Valenciana,6. seguridad colectiva,8012
2014,Comunidad Valenciana,6.1.-trafico de drogas,1587
2014,Comunidad Valenciana,6.2.-contra la seguridad vial,6209
2014,Comunidad Valenciana,6.3.-otros contra la seguridad colectiva,216
2014,Comunidad Valenciana,7. falsedades,1503
2014,Comunidad Valenciana,8. admon. publica,29
2014,Comunidad Valenciana,9. admon. justicia,4032
2014,Comunidad Valenciana,total infracciones penales,89638
2014,Comunidad de Madrid,1. contra las personas,27325
2014,Comunidad de Madrid,1.1.-homicidios dolosos/asesinatos,97
2014,Comunidad de Madrid,1.1.1.-homicidios dolosos/asesinatos consumados,33
2014,Comunidad de Madrid,1.2.-lesiones,8692
2014,Comunidad de Madrid,1.3.-malos tratos ambito familiar,10977
2014,Comunidad de Madrid,1.4.-otros contra las personas,7559
2014,Comunidad de Madrid,10. orden publico,4739
2014,Comunidad de Madrid,11. legislacion especial,8
2014,Comunidad de Madrid,12. otras infracciones penales,643
2014,Comunidad de Madrid,2. contra la libertad,3153
2014,Comunidad de Madrid,2.1.-malos tratos habituales en el ambito familiar,1062
2014,Comunidad de Madrid,2.2.-otros contra la libertad,2091
2014,Comunidad de Madrid,3. libertad sexual,953
2014,Comunidad de Madrid,3.1.-agresion sexual,502
2014,Comunidad de Madrid,3.2.-agresion sexual con penetracion,230
2014,Comunidad de Madrid,3.3.-corrupcion de menores o incapacitados,28
2014,Comunidad de Madrid,3.4.-pornografia de menores,49
2014,Comunidad de Madrid,3.5.-otros contra la libertad sexual,144
2014,Comunidad de Madrid,4. relaciones familiares,950
2014,Comunidad de Madrid,5. patrimonio,47581
2014,Comunidad de Madrid,5.1.-hurtos,24198
2014,Comunidad de Madrid,5.2.-robos con fuerza en las cosas,6535
2014,Comunidad de Madrid,5.2.1.-robos con fuerza en las cosas en el interior de vehiculos,1992
2014,Comunidad de Madrid,5.2.2.-robos con fuerza en viviendas,2185
2014,Comunidad de Madrid,5.2.3.-robos con fuerza en establecimientos,1243
2014,Comunidad de Madrid,5.3.-robos con violencia o intimidacion,3069
2014,Comunidad de Madrid,5.3.1.-robos con violencia en via publica,1806
2014,Comunidad de Madrid,5.3.2.-robos con violencia en viviendas,339
2014,Comunidad de Madrid,5.3.3.-robos con violencia en establecimientos,655
2014,Comunidad de Madrid,5.4.-sustraccion de vehiculos,1579
2014,Comunidad de Madrid,5.5.-estafas,5306
2014,Comunidad de Madrid,5.5.1.-estafas informaticas,1033
2014,Comunidad de Madrid,5.6.-danos,2758
2014,Comunidad de Madrid,5.7.-contra la propiedad intelectual/industrial,455
2014,Comunidad de Madrid,5.8.-blanqueo de capitales,37
2014,Comunidad de Madrid,5.9.-otros contra el patrimonio,3644
2014,Comunidad de Madrid,6. seguridad colectiva,6864
2014,Comunidad de Madrid,6.1.-trafico de drogas,1571
2014,Comunidad de Madrid,6.2.-contra la seguridad vial,5064
2014,Comunidad de Madrid,6.3.-otros contra la seguridad colectiva,229
2014,Comunidad de Madrid,7. falsedades,1706
2014,Comunidad de Madrid,8. admon. publica,24
2014,Comunidad de Madrid,9. admon. justicia,3350
2014,Comunidad de Madrid,total infracciones penales,97296
2014,Extremadura,1. contra las personas,4912
2014,Extremadura,1.1.-homicidios dolosos/asesinatos,14
2014,Extremadura,1.1.1.-homicidios dolosos/asesinatos consumados,6
2014,Extremadura,1.2.-lesiones,1749
2014,Extremadura,1.3.-malos tratos ambito familiar,984
2014,Extremadura,1.4.-otros contra las personas,2165
2014,Extremadura,10. orden publico,434
2014,Extremadura,11. legislacion especial,2
2014,Extremadura,12. otras infracciones penales,150
2014,Extremadura,2. contra la libertad,636
2014,Extremadura,2.1.-malos tratos habituales en el ambito familiar,305
2014,Extremadura,2.2.-otros contra la libertad,331
2014,Extremadura,3. libertad sexual,120
2014,Extremadura,3.1.-agresion sexual,62
2014,Extremadura,3.2.-agresion sexual con penetracion,13
2014,Extremadura,3.3.-corrupcion de menores o incapacitados,9
2014,Extremadura,3.4.-pornografia de menores,7
2014,Extremadura,3.5.-otros contra la libertad sexual,29
2014,Extremadura,4. relaciones familiares,229
2014,Extremadura,5. patrimonio,4691
2014,Extremadura,5.1.-hurtos,2086
2014,Extremadura,5.2.-robos con fuerza en las cosas,902
2014,Extremadura,5.2.1.-robos con fuerza en las cosas en el interior de vehiculos,130
2014,Extremadura,5.2.2.-robos con fuerza en viviendas,310
2014,Extremadura,5.2.3.-robos con fuerza en establecimientos,215
2014,Extremadura,5.3.-robos con violencia o intimidacion,143
2014,Extremadura,5.3.1.-robos con violencia en via publica,75
2014,Extremadura,5.3.2.-robos con violencia en viviendas,14
2014,Extremadura,5.3.3.-robos con violencia en establecimientos,40
2014,Extremadura,5.4.-sustraccion de vehiculos,93
2014,Extremadura,5.5.-estafas,557
2014,Extremadura,5.5.1.-estafas informaticas,187
2014,Extremadura,5.6.-danos,481
2014,Extremadura,5.7.-contra la propiedad intelectual/industrial,36
2014,Extremadura,5.8.-blanqueo de capitales,1
2014,Extremadura,5.9.-otros contra el patrimonio,392
2014,Extremadura,6. seguridad colectiva,1045
2014,Extremadura,6.1.-trafico de drogas,257
2014,Extremadura,6.2.-contra la seguridad vial,742
2014,Extremadura,6.3.-otros contra la seguridad colectiva,46
2014,Extremadura,7. falsedades,128
2014,Extremadura,8. admon. publica,2
2014,Extremadura,9. admon. justicia,528
2014,Extremadura,total infracciones penales,12877
2014,Galicia,1. contra las personas,12585
2014,Galicia,1.1.-homicidios dolosos/asesinatos,55
2014,Galicia,1.1.1.-homicidios dolosos/asesinatos consumados,18
2014,Galicia,1.2.-lesiones,4519
2014,Galicia,1.3.-malos tratos ambito familiar,2539
2014,Galicia,1.4.-otros contra las personas,5472
2014,Galicia,10. orden publico,1134
2014,Galicia,11. legislacion especial,3
2014,Galicia,12. otras infracciones penales,149
2014,Galicia,2. contra la libertad,1571
2014,Galicia,2.1.-malos tratos habituales en el ambito familiar,610
2014,Galicia,2.2.-otros contra la libertad,961
2014,Galicia,3. libertad sexual,301
2014,Galicia,3.1.-agresion sexual,182
2014,Galicia,3.2.-agresion sexual con penetracion,59
2014,Galicia,3.3.-corrupcion de menores o incapacitados,21
2014,Galicia,3.4.-pornografia de menores,11
2014,Galicia,3.5.-otros contra la libertad sexual,28
2014,Galicia,4. relaciones familiares,272
2014,Galicia,5. patrimonio,13375
2014,Galicia,5.1.-hurtos,5170
2014,Galicia,5.2.-robos con fuerza en las cosas,2778
2014,Galicia,5.2.1.-robos con fuerza en las cosas en el interior de vehiculos,596
2014,Galicia,5.2.2.-robos con fuerza en viviendas,1005
2014,Galicia,5.2.3.-robos con fuerza en establecimientos,650
2014,Galicia,5.3.-robos con violencia o intimidacion,527
2014,Galicia,5.3.1.-robos con violencia en via publica,269
2014,Galicia,5.3.2.-robos con violencia en viviendas,63
2014,Galicia,5.3.3.-robos con violencia en establecimientos,138
2014,Galicia,5.4.-sustraccion de vehiculos,407
2014,Galicia,5.5.-estafas,1642
2014,Galicia,5.5.1.-estafas informaticas,481
2014,Galicia,5.6.-danos,2023
2014,Galicia,5.7.-contra la propiedad intelectual/industrial,66
2014,Galicia,5.8.-blanqueo de capitales,1
2014,Galicia,5.9.-otros contra el patrimonio,761
2014,Galicia,6. seguridad colectiva,4660
2014,Galicia,6.1.-trafico de drogas,350
2014,Galicia,6.2.-contra la seguridad vial,4233
2014,Galicia,6.3.-otros contra la seguridad colectiva,77
2014,Galicia,7. falsedades,343
2014,Galicia,8. admon. publica,41
2014,Galicia,9. admon. justicia,1029
2014,Galicia,total infracciones penales,35463
2014,Illes Balears,1. contra las personas,7590
2014,Illes Balears,1.1.-homicidios dolosos/asesinatos,28
2014,Illes Balears,1.1.1.-homicidios dolosos/asesinatos consumados,10
2014,Illes Balears,1.2.-lesiones,2511
2014,Illes Balears,1.3.-malos tratos ambito familiar,2475
2014,Illes Balears,1.4.-otros contra las personas,2576
2014,Illes Balears,10. orden publico,918
2014,Illes Balears,11. legislacion especial,3
2014,Illes Balears,12. otras infracciones penales,149
2014,Illes Balears,2. contra la libertad,1128
2014,Illes Balears,2.1.-malos tratos habituales en el ambito familiar,415
2014,Illes Balears,2.2.-otros contra la libertad,713
2014,Illes Balears,3. libertad sexual,254
2014,Illes Balears,3.1.-agresion sexual,150
2014,Illes Balears,3.2.-agresion sexual con penetracion,49
2014,Illes Balears,3.3.-corrupcion de menores o incapacitados,11
2014,Illes Balears,3.4.-pornografia de menores,11
2014,Illes Balears,3.5.-otros contra la libertad sexual,33
2014,Illes Balears,4. relaciones familiares,221
2014,Illes Balears,5. patrimonio,9165
2014,Illes Balears,5.1.-hurtos,3540
2014,Illes Balears,5.2.-robos con fuerza en las cosas,2042
2014,Illes Balears,5.2.1.-robos con fuerza en las cosas en el interior de vehiculos,437
2014,Illes Balears,5.2.2.-robos con fuerza en viviendas,883
2014,Illes Balears,5.2.3.-robos con fuerza en establecimientos,339
2014,Illes Balears,5.3.-robos con violencia o intimidacion,351
2014,Illes Balears,5.3.1.-robos con violencia en via publica,205
2014,Illes Balears,5.3.2.-robos con violencia en viviendas,43
2014,Illes Balears,5.3.3.-robos con violencia en establecimientos,64
2014,Illes Balears,5.4.-sustraccion de vehiculos,343
2014,Illes Balears,5.5.-estafas,886
2014,Illes Balears,5.5.1.-estafas informaticas,180
2014,Illes Balears,5.6.-danos,1008
2014,Illes Balears,5.7.-contra la propiedad intelectual/industrial,131
2014,Illes Balears,5.8.-blanqueo de capitales,5
2014,Illes Balears,5.9.-otros contra el patrimonio,859
2014,Illes Balears,6. seguridad colectiva,2742
2014,Illes Balears,6.1.-trafico de drogas,539
2014,Illes Balears,6.2.-contra la seguridad vial,2117
2014,Illes Balears,6.3.-otros contra la seguridad colectiva,86
2014,Illes Balears,7. falsedades,219
2014,Illes Balears,8. admon. publica,13
2014,Illes Balears,9. admon. justicia,815
2014,Illes Balears,total infracciones penales,23217
2014,La Rioja,1. contra las personas,1337
2014,La Rioja,1.1.-homicidios dolosos/asesinatos,8
2014,La Rioja,1.1.1.-homicidios dolosos/asesinatos consumados,3
2014,La Rioja,1.2.-lesiones,518
2014,La Rioja,1.3.-malos tratos ambito familiar,387
2014,La Rioja,1.4.-otros contra las personas,424
2014,La Rioja,10. orden publico,150
2014,La Rioja,11. legislacion especial,1
2014,La Rioja,12. otras infracciones penales,19
2014,La Rioja,2. contra la libertad,175
2014,La Rioja,2.1.-malos tratos habituales en el ambito familiar,43
2014,La Rioja,2.2.-otros contra la libertad,132
2014,La Rioja,3. libertad sexual,35
2014,La Rioja,3.1.-agresion sexual,22
2014,La Rioja,3.2.-agresion sexual con penetracion,3
2014,La Rioja,3.3.-corrupcion de menores o incapacitados,6
2014,La Rioja,3.4.-pornografia de menores,3
2014,La Rioja,3.5.-otros contra la libertad sexual,1
2014,La Rioja,4. relaciones familiares,31
2014,La Rioja,5. patrimonio,1354
2014,La Rioja,5.1.-hurtos,603
2014,La Rioja,5.2.-robos con fuerza en las cosas,224
2014,La Rioja,5.2.1.-robos con fuerza en las cosas en el interior de vehiculos,63
2014,La Rioja,5.2.2.-robos con fuerza en viviendas,72
2014,La Rioja,5.2.3.-robos con fuerza en establecimientos,33
2014,La Rioja,5.3.-robos con violencia o intimidacion,78
2014,La Rioja,5.3.1.-robos con violencia en via publica,45
2014,La Rioja,5.3.2.-robos con violencia en viviendas,7
2014,La Rioja,5.3.3.-robos con violencia en establecimientos,20
2014,La Rioja,5.4.-sustraccion de vehiculos,13
2014,La Rioja,5.5.-estafas,162
2014,La Rioja,5.5.1.-estafas informaticas,31
2014,La Rioja,5.6.-danos,174
2014,La Rioja,5.7.-contra la propiedad intelectual/industrial,1
2014,La Rioja,5.8.-blanqueo de capitales,3
2014,La Rioja,5.9.-otros contra el patrimonio,96
2014,La Rioja,6. seguridad colectiva,367
2014,La Rioja,6.1.-trafico de drogas,56
2014,La Rioja,6.2.-contra la seguridad vial,303
2014,La Rioja,6.3.-otros contra la seguridad colectiva,8
2014,La Rioja,7. falsedades,52
2014,La Rioja,8. admon. publica,1
2014,La Rioja,9. admon. justicia,135
2014,La Rioja,total infracciones penales,3657
2014,Melilla,1. contra las personas,935
2014,Melilla,1.1.-homicidios dolosos/asesinatos,4
2014,Melilla,1.1.1.-homicidios dolosos/asesinatos consumados,3
2014,Melilla,1.2.-lesiones,434
2014,Melilla,1.3.-malos tratos ambito familiar,301
2014,Melilla,1.4.-otros contra las personas,196
2014,Melilla,10. orden publico,189
2014,Melilla,11. legislacion especial,3
2014,Melilla,12. otras infracciones penales,108
2014,Melilla,2. contra la libertad,75
2014,Melilla,2.1.-malos tratos habituales en el ambito familiar,10
2014,Melilla,2.2.-otros contra la libertad,65
2014,Melilla,3. libertad sexual,32
2014,Melilla,3.1.-agresion sexual,22
2014,Melilla,3.2.-agresion sexual con penetracion,4
2014,Melilla,3.3.-corrupcion de menores o incapacitados,0
2014,Melilla,3.4.-pornografia de menores,0
2014,Melilla,3.5.-otros contra la libertad sexual,6
2014,Melilla,4. relaciones familiares,33
2014,Melilla,5. patrimonio,762
2014,Melilla,5.1.-hurtos,233
2014,Melilla,5.2.-robos con fuerza en las cosas,154
2014,Melilla,5.2.1.-robos con fuerza en las cosas en el interior de vehiculos,78
2014,Melilla,5.2.2.-robos con fuerza en viviendas,19
2014,Melilla,5.2.3.-robos con fuerza en establecimientos,26
2014,Melilla,5.3.-robos con violencia o intimidacion,172
2014,Melilla,5.3.1.-robos con violencia en via publica,153
2014,Melilla,5.3.2.-robos con violencia en viviendas,4
2014,Melilla,5.3.3.-robos con violencia en establecimientos,3
2014,Melilla,5.4.-sustraccion de vehiculos,39
2014,Melilla,5.5.-estafas,49
2014,Melilla,5.5.1.-estafas informaticas,14
2014,Melilla,5.6.-danos,75
2014,Melilla,5.7.-contra la propiedad intelectual/industrial,4
2014,Melilla,5.8.-blanqueo de capitales,1
2014,Melilla,5.9.-otros contra el patrimonio,35
2014,Melilla,6. seguridad colectiva,293
2014,Melilla,6.1.-trafico de drogas,151
2014,Melilla,6.2.-contra la seguridad vial,133
2014,Melilla,6.3.-otros contra la seguridad colectiva,9
2014,Melilla,7. falsedades,64
2014,Melilla,8. admon. publica,3
2014,Melilla,9. admon. justicia,73
2014,Melilla,total infracciones penales,2570
2014,País Vasco,1. contra las personas,76
2014,País Vasco,1.1.-homicidios dolosos/asesinatos,1
2014,País Vasco,1.1.1.-homicidios dolosos/asesinatos consumados,1
2014,País Vasco,1.2.-lesiones,18
2014,País Vasco,1.3.-malos tratos ambito familiar,18
2014,País Vasco,1.4.-otros contra las personas,39
2014,País Vasco,10. orden publico,39
2014,País Vasco,11. legislacion especial,3
2014,País Vasco,12. otras infracciones penales,19
2014,País Vasco,2. contra la libertad,26
2014,País Vasco,2.1.-malos tratos habituales en el ambito familiar,4
2014,País Vasco,2.2.-otros contra la libertad,22
2014,País Vasco,3. libertad sexual,19
2014,País Vasco,3.1.-agresion sexual,1
2014,País Vasco,3.2.-agresion sexual con penetracion,4
2014,País Vasco,3.3.-corrupcion de menores o incapacitados,3
2014,País Vasco,3.4.-pornografia de menores,8
2014,País Vasco,3.5.-otros contra la libertad sexual,3
2014,País Vasco,4. relaciones familiares,8
2014,País Vasco,5. patrimonio,292
2014,País Vasco,5.1.-hurtos,34
2014,País Vasco,5.2.-robos con fuerza en las cosas,32
2014,País Vasco,5.2.1.-robos con fuerza en las cosas en el interior de vehiculos,1
2014,País Vasco,5.2.2.-robos con fuerza en viviendas,10
2014,País Vasco,5.2.3.-robos con fuerza en establecimientos,6
2014,País Vasco,5.3.-robos con violencia o intimidacion,6
2014,País Vasco,5.3.1.-robos con violencia en via publica,2
2014,País Vasco,5.3.2.-robos con violencia en viviendas,2
2014,País Vasco,5.3.3.-robos con violencia en establecimientos,1
2014,País Vasco,5.4.-sustraccion de vehiculos,26
2014,País Vasco,5.5.-estafas,161
2014,País Vasco,5.5.1.-estafas informaticas,95
2014,País Vasco,5.6.-danos,4
2014,País Vasco,5.7.-contra la propiedad intelectual/industrial,5
2014,País Vasco,5.8.-blanqueo de capitales,1
2014,País Vasco,5.9.-otros contra el patrimonio,23
2014,País Vasco,6. seguridad colectiva,81
2014,País Vasco,6.1.-trafico de drogas,67
2014,País Vasco,6.2.-contra la seguridad vial,9
2014,País Vasco,6.3.-otros contra la seguridad colectiva,5
2014,País Vasco,7. falsedades,113
2014,País Vasco,8. admon. publica,0
2014,País Vasco,9. admon. justicia,27
2014,País Vasco,total infracciones penales,703
2014,Principado de Asturias,1. contra las personas,4935
2014,Principado de Asturias,1.1.-homicidios dolosos/asesinatos,25
2014,Principado de Asturias,1.1.1.-homicidios dolosos/asesinatos consumados,7
2014,Principado de Asturias,1.2.-lesiones,1690
2014,Principado de Asturias,1.3.-malos tratos ambito familiar,1208
2014,Principado de Asturias,1.4.-otros contra las personas,2012
2014,Principado de Asturias,10. orden publico,608
2014,Principado de Asturias,11. legislacion especial,2
2014,Principado de Asturias,12. otras infracciones penales,63
2014,Principado de Asturias,2. contra la libertad,460
2014,Principado de Asturias,2.1.-malos tratos habituales en el ambito familiar,109
2014,Principado de Asturias,2.2.-otros contra la libertad,351
2014,Principado de Asturias,3. libertad sexual,101
2014,Principado de Asturias,3.1.-agresion sexual,54
2014,Principado de Asturias,3.2.-agresion sexual con penetracion,16
2014,Principado de Asturias,3.3.-corrupcion de menores o incapacitados,5
2014,Principado de Asturias,3.4.-pornografia de menores,7
2014,Principado de Asturias,3.5.-otros contra la libertad sexual,19
2014,Principado de Asturias,4. relaciones familiares,136
2014,Principado de Asturias,5. patrimonio,5699
2014,Principado de Asturias,5.1.-hurtos,2295
2014,Principado de Asturias,5.2.-robos con fuerza en las cosas,858
2014,Principado de Asturias,5.2.1.-robos con fuerza en las cosas en el interior de vehiculos,127
2014,Principado de Asturias,5.2.2.-robos con fuerza en viviendas,196
2014,Principado de Asturias,5.2.3.-robos con fuerza en establecimientos,310
2014,Principado de Asturias,5.3.-robos con violencia o intimidacion,317
2014,Principado de Asturias,5.3.1.-robos con violencia en via publica,168
2014,Principado de Asturias,5.3.2.-robos con violencia en viviendas,35
2014,Principado de Asturias,5.3.3.-robos con violencia en establecimientos,79
2014,Principado de Asturias,5.4.-sustraccion de vehiculos,232
2014,Principado de Asturias,5.5.-estafas,937
2014,Principado de Asturias,5.5.1.-estafas informaticas,197
2014,Principado de Asturias,5.6.-danos,653
2014,Principado de Asturias,5.7.-contra la propiedad intelectual/industrial,26
2014,Principado de Asturias,5.8.-blanqueo de capitales,1
2014,Principado de Asturias,5.9.-otros contra el patrimonio,380
2014,Principado de Asturias,6. seguridad colectiva,1290
2014,Principado de Asturias,6.1.-trafico de drogas,165
2014,Principado de Asturias,6.2.-contra la seguridad vial,1078
2014,Principado de Asturias,6.3.-otros contra la seguridad colectiva,47
2014,Principado de Asturias,7. falsedades,141
2014,Principado de Asturias,8. admon. publica,0
2014,Principado de Asturias,9. admon. justicia,498
2014,Principado de Asturias,total infracciones penales,13933
2014,Región de Murcia,1. contra las personas,7839
2014,Región de Murcia,1.1.-homicidios dolosos/asesinatos,30
2014,Región de Murcia,1.1.1.-homicidios dolosos/asesinatos consumados,7
2014,Región de Murcia,1.2.-lesiones,2752
2014,Región de Murcia,1.3.-malos tratos ambito familiar,2400
2014,Región de Murcia,1.4.-otros contra las personas,2657
2014,Región de Murcia,10. orden publico,659
2014,Región de Murcia,11. legislacion especial,0
2014,Región de Murcia,12. otras infracciones penales,153
2014,Región de Murcia,2. contra la libertad,1079
2014,Región de Murcia,2.1.-malos tratos habituales en el ambito familiar,297
2014,Región de Murcia,2.2.-otros contra la libertad,782
2014,Región de Murcia,3. libertad sexual,321
2014,Región de Murcia,3.1.-agresion sexual,163
2014,Región de Murcia,3.2.-agresion sexual con penetracion,57
2014,Región de Murcia,3.3.-corrupcion de menores o incapacitados,19
2014,Región de Murcia,3.4.-pornografia de menores,13
2014,Región de Murcia,3.5.-otros contra la libertad sexual,69
2014,Región de Murcia,4. relaciones familiares,542
2014,Región de Murcia,5. patrimonio,8993
2014,Región de Murcia,5.1.-hurtos,3551
2014,Región de Murcia,5.2.-robos con fuerza en las cosas,2196
2014,Región de Murcia,5.2.1.-robos con fuerza en las cosas en el interior de vehiculos,534
2014,Región de Murcia,5.2.2.-robos con fuerza en viviendas,958
2014,Región de Murcia,5.2.3.-robos con fuerza en establecimientos,270
2014,Región de Murcia,5.3.-robos con violencia o intimidacion,556
2014,Región de Murcia,5.3.1.-robos con violencia en via publica,358
2014,Región de Murcia,5.3.2.-robos con violencia en viviendas,72
2014,Región de Murcia,5.3.3.-robos con violencia en establecimientos,94
2014,Región de Murcia,5.4.-sustraccion de vehiculos,279
2014,Región de Murcia,5.5.-estafas,905
2014,Región de Murcia,5.5.1.-estafas informaticas,227
2014,Región de Murcia,5.6.-danos,812
2014,Región de Murcia,5.7.-contra la propiedad intelectual/industrial,43
2014,Región de Murcia,5.8.-blanqueo de capitales,1
2014,Región de Murcia,5.9.-otros contra el patrimonio,650
2014,Región de Murcia,6. seguridad colectiva,1526
2014,Región de Murcia,6.1.-trafico de drogas,228
2014,Región de Murcia,6.2.-contra la seguridad vial,1261
2014,Región de Murcia,6.3.-otros contra la seguridad colectiva,37
2014,Región de Murcia,7. falsedades,304
2014,Región de Murcia,8. admon. publica,4
2014,Región de Murcia,9. admon. justicia,875
2014,Región de Murcia,total infracciones penales,22295
2015,Andalucía,1. contra las personas,42430
2015,Andalucía,1.1.-homicidios dolosos/asesinatos,211
2015,Andalucía,1.1.1.-homicidios dolosos/asesinatos consumados,61
2015,Andalucía,1.2.-lesiones,16389
2015,Andalucía,1.3.-malos tratos ambito familiar,14056
2015,Andalucía,1.4.-otros contra las personas,11774
2015,Andalucía,10. orden publico,4132
2015,Andalucía,11. legislacion especial,64
2015,Andalucía,12. otras infracciones penales,1464
2015,Andalucía,2. contra la libertad,12241
2015,Andalucía,2.1.-malos tratos habituales en el ambito familiar,2685
2015,Andalucía,2.2.-otros contra la libertad,9556
2015,Andalucía,3. libertad sexual,1369
2015,Andalucía,3.1.-agresion sexual,734
2015,Andalucía,3.2.-agresion sexual con penetracion,207
2015,Andalucía,3.3.-corrupcion de menores o incapacitados,88
2015,Andalucía,3.4.-pornografia de menores,103
2015,Andalucía,3.5.-otros contra la libertad sexual,237
2015,Andalucía,4. relaciones familiares,1558
2015,Andalucía,5. patrimonio,50214
2015,Andalucía,5.1.-hurtos,20281
2015,Andalucía,5.2.-robos con fuerza en las cosas,8591
2015,Andalucía,5.2.1.-robos con fuerza en las cosas en el interior de vehiculos,2128
2015,Andalucía,5.2.2.-robos con fuerza en viviendas,3156
2015,Andalucía,5.2.3.-robos con fuerza en establecimientos,1757
2015,Andalucía,5.3.-robos con violencia o intimidacion,2744
2015,Andalucía,5.3.1.-robos con violencia en via publica,1652
2015,Andalucía,5.3.2.-robos con violencia en viviendas,270
2015,Andalucía,5.3.3.-robos con violencia en establecimientos,552
2015,Andalucía,5.4.-sustraccion de vehiculos,1815
2015,Andalucía,5.5.-estafas,6971
2015,Andalucía,5.5.1.-estafas informaticas,2269
2015,Andalucía,5.6.-danos,4684
2015,Andalucía,5.7.-contra la propiedad intelectual/industrial,489
2015,Andalucía,5.8.-blanqueo de capitales,68
2015,Andalucía,5.9.-otros contra el patrimonio,4571
2015,Andalucía,6. seguridad colectiva,12947
2015,Andalucía,6.1.-trafico de drogas,2854
2015,Andalucía,6.2.-contra la seguridad vial,9819
2015,Andalucía,6.3.-otros contra la seguridad colectiva,274
2015,Andalucía,7. falsedades,2077
2015,Andalucía,8. admon. publica,116
2015,Andalucía,9. admon. justicia,6266
2015,Andalucía,total infracciones penales,134878
2015,Aragón,1. contra las personas,4285
2015,Aragón,1.1.-homicidios dolosos/asesinatos,21
2015,Aragón,1.1.1.-homicidios dolosos/asesinatos consumados,7
2015,Aragón,1.2.-lesiones,1726
2015,Aragón,1.3.-malos tratos ambito familiar,1696
2015,Aragón,1.4.-otros contra las personas,842
2015,Aragón,10. orden publico,483
2015,Aragón,11. legislacion especial,2
2015,Aragón,12. otras infracciones penales,169
2015,Aragón,2. contra la libertad,1200
2015,Aragón,2.1.-malos tratos habituales en el ambito familiar,294
2015,Aragón,2.2.-otros contra la libertad,906
2015,Aragón,3. libertad sexual,198
2015,Aragón,3.1.-agresion sexual,108
2015,Aragón,3.2.-agresion sexual con penetracion,31
2015,Aragón,3.3.-corrupcion de menores o incapacitados,16
2015,Aragón,3.4.-pornografia de menores,18
2015,Aragón,3.5.-otros contra la libertad sexual,25
2015,Aragón,4. relaciones familiares,153
2015,Aragón,5. patrimonio,5888
2015,Aragón,5.1.-hurtos,2579
2015,Aragón,5.2.-robos con fuerza en las cosas,799
2015,Aragón,5.2.1.-robos con fuerza en las cosas en el interior de vehiculos,169
2015,Aragón,5.2.2.-robos con fuerza en viviendas,321
2015,Aragón,5.2.3.-robos con fuerza en establecimientos,118
2015,Aragón,5.3.-robos con violencia o intimidacion,321
2015,Aragón,5.3.1.-robos con violencia en via publica,162
2015,Aragón,5.3.2.-robos con violencia en viviendas,28
2015,Aragón,5.3.3.-robos con violencia en establecimientos,104
2015,Aragón,5.4.-sustraccion de vehiculos,106
2015,Aragón,5.5.-estafas,836
2015,Aragón,5.5.1.-estafas informaticas,245
2015,Aragón,5.6.-danos,687
2015,Aragón,5.7.-contra la propiedad intelectual/industrial,44
2015,Aragón,5.8.-blanqueo de capitales,4
2015,Aragón,5.9.-otros contra el patrimonio,512
2015,Aragón,6. seguridad colectiva,1000
2015,Aragón,6.1.-trafico de drogas,268
2015,Aragón,6.2.-contra la seguridad vial,683
2015,Aragón,6.3.-otros contra la seguridad colectiva,49
2015,Aragón,7. falsedades,181
2015,Aragón,8. admon. publica,10
2015,Aragón,9. admon. justicia,665
2015,Aragón,total infracciones penales,14234
2015,Canarias,1. contra las personas,14222
2015,Canarias,1.1.-homicidios dolosos/asesinatos,63
2015,Canarias,1.1.1.-homicidios dolosos/asesinatos consumados,20
2015,Canarias,1.2.-lesiones,5578
2015,Canarias,1.3.-malos tratos ambito familiar,4334
2015,Canarias,1.4.-otros contra las personas,4247
2015,Canarias,10. orden publico,960
2015,Canarias,11. legislacion especial,1
2015,Canarias,12. otras infracciones penales,276
2015,Canarias,2. contra la libertad,4659
2015,Canarias,2.1.-malos tratos habituales en el ambito familiar,679
2015,Canarias,2.2.-otros contra la libertad,3980
2015,Canarias,3. libertad sexual,421
2015,Canarias,3.1.-agresion sexual,231
2015,Canarias,3.2.-agresion sexual con penetracion,92
2015,Canarias,3.3.-corrupcion de menores o incapacitados,21
2015,Canarias,3.4.-pornografia de menores,22
2015,Canarias,3.5.-otros contra la libertad sexual,55
2015,Canarias,4. relaciones familiares,986
2015,Canarias,5. patrimonio,14751
2015,Canarias,5.1.-hurtos,6005
2015,Canarias,5.2.-robos con fuerza en las cosas,2758
2015,Canarias,5.2.1.-robos con fuerza en las cosas en el interior de vehiculos,710
2015,Canarias,5.2.2.-robos con fuerza en viviendas,867
2015,Canarias,5.2.3.-robos con fuerza en establecimientos,510
2015,Canarias,5.3.-robos con violencia o intimidacion,756
2015,Canarias,5.3.1.-robos con violencia en via publica,422
2015,Canarias,5.3.2.-robos con violencia en viviendas,71
2015,Canarias,5.3.3.-robos con violencia en establecimientos,166
2015,Canarias,5.4.-sustraccion de vehiculos,481
2015,Canarias,5.5.-estafas,1634
2015,Canarias,5.5.1.-estafas informaticas,334
2015,Canarias,5.6.-danos,1869
2015,Canarias,5.7.-contra la propiedad intelectual/industrial,81
2015,Canarias,5.8.-blanqueo de capitales,21
2015,Canarias,5.9.-otros contra el patrimonio,1146
2015,Canarias,6. seguridad colectiva,3006
2015,Canarias,6.1.-trafico de drogas,572
2015,Canarias,6.2.-contra la seguridad vial,2387
2015,Canarias,6.3.-otros contra la seguridad colectiva,47
2015,Canarias,7. falsedades,493
2015,Canarias,8. admon. publica,18
2015,Canarias,9. admon. justicia,1261
2015,Canarias,total infracciones penales,41054
2015,Cantabria,1. contra las personas,2424
2015,Cantabria,1.1.-homicidios dolosos/asesinatos,9
2015,Cantabria,1.1.1.-homicidios dolosos/asesinatos consumados,4
2015,Cantabria,1.2.-lesiones,1195
2015,Cantabria,1.3.-malos tratos ambito familiar,587
2015,Cantabria,1.4.-otros contra las personas,633
2015,Cantabria,10. orden publico,224
2015,Cantabria,11. legislacion especial,1
2015,Cantabria,12. otras infracciones penales,59
2015,Cantabria,2. contra la libertad,743
2015,Cantabria,2.1.-malos tratos habituales en el ambito familiar,126
2015,Cantabria,2.2.-otros contra la libertad,617
2015,Cantabria,3. libertad sexual,51
2015,Cantabria,3.1.-agresion sexual,26
2015,Cantabria,3.2.-agresion sexual con penetracion,11
2015,Cantabria,3.3.-corrupcion de menores o incapacitados,1
2015,Cantabria,3.4.-pornografia de menores,8
2015,Cantabria,3.5.-otros contra la libertad sexual,5
2015,Cantabria,4. relaciones familiares,51
2015,Cantabria,5. patrimonio,2943
2015,Cantabria,5.1.-hurtos,1238
2015,Cantabria,5.2.-robos con fuerza en las cosas,513
2015,Cantabria,5.2.1.-robos con fuerza en las cosas en el interior de vehiculos,75
2015,Cantabria,5.2.2.-robos con fuerza en viviendas,154
2015,Cantabria,5.2.3.-robos con fuerza en establecimientos,186
2015,Cantabria,5.3.-robos con violencia o intimidacion,93
2015,Cantabria,5.3.1.-robos con violencia en via publica,42
2015,Cantabria,5.3.2.-robos con violencia en viviendas,5
2015,Cantabria,5.3.3.-robos con violencia en establecimientos,31
2015,Cantabria,5.4.-sustraccion de vehiculos,70
2015,Cantabria,5.5.-estafas,385
2015,Cantabria,5.5.1.-estafas informaticas,153
2015,Cantabria,5.6.-danos,406
2015,Cantabria,5.7.-contra la propiedad intelectual/industrial,10
2015,Cantabria,5.8.-blanqueo de capitales,3
2015,Cantabria,5.9.-otros contra el patrimonio,225
2015,Cantabria,6. seguridad colectiva,744
2015,Cantabria,6.1.-trafico de drogas,106
2015,Cantabria,6.2.-contra la seguridad vial,627
2015,Cantabria,6.3.-otros contra la seguridad colectiva,11
2015,Cantabria,7. falsedades,94
2015,Cantabria,8. admon. publica,0
2015,Cantabria,9. admon. justicia,259
2015,Cantabria,total infracciones penales,7593
2015,Castilla y León,1. contra las personas,9166
2015,Castilla y León,1.1.-homicidios dolosos/asesinatos,25
2015,Castilla y León,1.1.1.-homicidios dolosos/asesinatos consumados,9
2015,Castilla y León,1.2.-lesiones,4071
2015,Castilla y León,1.3.-malos tratos ambito familiar,2255
2015,Castilla y León,1.4.-otros contra las personas,2815
2015,Castilla y León,10. orden publico,918
2015,Castilla y León,11. legislacion especial,2
2015,Castilla y León,12. otras infracciones penales,315
2015,Castilla y León,2. contra la libertad,2800
2015,Castilla y León,2.1.-malos tratos habituales en el ambito familiar,516
2015,Castilla y León,2.2.-otros contra la libertad,2284
2015,Castilla y León,3. libertad sexual,227
2015,Castilla y León,3.1.-agresion sexual,115
2015,Castilla y León,3.2.-agresion sexual con penetracion,36
2015,Castilla y León,3.3.-corrupcion de menores o incapacitados,19
2015,Castilla y León,3.4.-pornografia de menores,16
2015,Castilla y León,3.5.-otros contra la libertad sexual,41
2015,Castilla y León,4. relaciones familiares,245
2015,Castilla y León,5. patrimonio,11467
2015,Castilla y León,5.1.-hurtos,4629
2015,Castilla y León,5.2.-robos con fuerza en las cosas,1779
2015,Castilla y León,5.2.1.-robos con fuerza en las cosas en el interior de vehiculos,317
2015,Castilla y León,5.2.2.-robos con fuerza en viviendas,583
2015,Castilla y León,5.2.3.-robos con fuerza en establecimientos,401
2015,Castilla y León,5.3.-robos con violencia o intimidacion,412
2015,Castilla y León,5.3.1.-robos con violencia en via publica,233
2015,Castilla y León,5.3.2.-robos con violencia en viviendas,63
2015,Castilla y León,5.3.3.-robos con violencia en establecimientos,73
2015,Castilla y León,5.4.-sustraccion de vehiculos,296
2015,Castilla y León,5.5.-estafas,1985
2015,Castilla y León,5.5.1.-estafas informaticas,655
2015,Castilla y León,5.6.-danos,1495
2015,Castilla y León,5.7.-contra la propiedad intelectual/industrial,54
2015,Castilla y León,5.8.-blanqueo de capitales,6
2015,Castilla y León,5.9.-otros contra el patrimonio,811
2015,Castilla y León,6. seguridad colectiva,2549
2015,Castilla y León,6.1.-trafico de drogas,293
2015,Castilla y León,6.2.-contra la seguridad vial,2185
2015,Castilla y León,6.3.-otros contra la seguridad colectiva,71
2015,Castilla y León,7. falsedades,319
2015,Castilla y León,8. admon. publica,9
2015,Castilla y León,9. admon. justicia,1024
2015,Castilla y León,total infracciones penales,29041
2015,Castilla-La Mancha,1. contra las personas,7904
2015,Castilla-La Mancha,1.1.-homicidios dolosos/asesinatos,36
2015,Castilla-La Mancha,1.1.1.-homicidios dolosos/asesinatos consumados,14
2015,Castilla-La Mancha,1.2.-lesiones,3249
2015,Castilla-La Mancha,1.3.-malos tratos ambito familiar,2507
2015,Castilla-La Mancha,1.4.-otros contra las personas,2112
2015,Castilla-La Mancha,10. orden publico,667
2015,Castilla-La Mancha,11. legislacion especial,7
2015,Castilla-La Mancha,12. otras infracciones penales,385
2015,Castilla-La Mancha,2. contra la libertad,2350
2015,Castilla-La Mancha,2.1.-malos tratos habituales en el ambito familiar,568
2015,Castilla-La Mancha,2.2.-otros contra la libertad,1782
2015,Castilla-La Mancha,3. libertad sexual,253
2015,Castilla-La Mancha,3.1.-agresion sexual,164
2015,Castilla-La Mancha,3.2.-agresion sexual con penetracion,26
2015,Castilla-La Mancha,3.3.-corrupcion de menores o incapacitados,15
2015,Castilla-La Mancha,3.4.-pornografia de menores,14
2015,Castilla-La Mancha,3.5.-otros contra la libertad sexual,34
2015,Castilla-La Mancha,4. relaciones familiares,346
2015,Castilla-La Mancha,5. patrimonio,10649
2015,Castilla-La Mancha,5.1.-hurtos,3455
2015,Castilla-La Mancha,5.2.-robos con fuerza en las cosas,2607
2015,Castilla-La Mancha,5.2.1.-robos con fuerza en las cosas en el interior de vehiculos,450
2015,Castilla-La Mancha,5.2.2.-robos con fuerza en viviendas,886
2015,Castilla-La Mancha,5.2.3.-robos con fuerza en establecimientos,508
2015,Castilla-La Mancha,5.3.-robos con violencia o intimidacion,410
2015,Castilla-La Mancha,5.3.1.-robos con violencia en via publica,264
2015,Castilla-La Mancha,5.3.2.-robos con violencia en viviendas,33
2015,Castilla-La Mancha,5.3.3.-robos con violencia en establecimientos,74
2015,Castilla-La Mancha,5.4.-sustraccion de vehiculos,371
2015,Castilla-La Mancha,5.5.-estafas,1605
2015,Castilla-La Mancha,5.5.1.-estafas informaticas,654
2015,Castilla-La Mancha,5.6.-danos,1211
2015,Castilla-La Mancha,5.7.-contra la propiedad intelectual/industrial,18
2015,Castilla-La Mancha,5.8.-blanqueo de capitales,6
2015,Castilla-La Mancha,5.9.-otros contra el patrimonio,966
2015,Castilla-La Mancha,6. seguridad colectiva,2487
2015,Castilla-La Mancha,6.1.-trafico de drogas,343
2015,Castilla-La Mancha,6.2.-contra la seguridad vial,2072
2015,Castilla-La Mancha,6.3.-otros contra la seguridad colectiva,72
2015,Castilla-La Mancha,7. falsedades,431
2015,Castilla-La Mancha,8. admon. publica,9
2015,Castilla-La Mancha,9. admon. justicia,1100
2015,Castilla-La Mancha,total infracciones penales,26588
2015,Cataluña,1. contra las personas,24815
2015,Cataluña,1.1.-homicidios dolosos/asesinatos,161
2015,Cataluña,1.1.1.-homicidios dolosos/asesinatos consumados,2
2015,Cataluña,1.2.-lesiones,11440
2015,Cataluña,1.3.-malos tratos ambito familiar,5932
2015,Cataluña,1.4.-otros contra las personas,7282
2015,Cataluña,10. orden publico,3026
2015,Cataluña,11. legislacion especial,60
2015,Cataluña,12. otras infracciones penales,846
2015,Cataluña,2. contra la libertad,13503
2015,Cataluña,2.1.-malos tratos habituales en el ambito familiar,2748
2015,Cataluña,2.2.-otros contra la libertad,10755
2015,Cataluña,3. libertad sexual,1587
2015,Cataluña,3.1.-agresion sexual,806
2015,Cataluña,3.2.-agresion sexual con penetracion,396
2015,Cataluña,3.3.-corrupcion de menores o incapacitados,17
2015,Cataluña,3.4.-pornografia de menores,130
2015,Cataluña,3.5.-otros contra la libertad sexual,238
2015,Cataluña,4. relaciones familiares,1989
2015,Cataluña,5. patrimonio,56836
2015,Cataluña,5.1.-hurtos,20440
2015,Cataluña,5.2.-robos con fuerza en las cosas,8352
2015,Cataluña,5.2.1.-robos con fuerza en las cosas en el interior de vehiculos,1439
2015,Cataluña,5.2.2.-robos con fuerza en viviendas,18
2015,Cataluña,5.2.3.-robos con fuerza en establecimientos,5
2015,Cataluña,5.3.-robos con violencia o intimidacion,4784
2015,Cataluña,5.3.1.-robos con violencia en via publica,9
2015,Cataluña,5.3.2.-robos con violencia en viviendas,1
2015,Cataluña,5.3.3.-robos con violencia en establecimientos,3
2015,Cataluña,5.4.-sustraccion de vehiculos,4337
2015,Cataluña,5.5.-estafas,6885
2015,Cataluña,5.5.1.-estafas informaticas,1617
2015,Cataluña,5.6.-danos,4357
2015,Cataluña,5.7.-contra la propiedad intelectual/industrial,372
2015,Cataluña,5.8.-blanqueo de capitales,32
2015,Cataluña,5.9.-otros contra el patrimonio,7277
2015,Cataluña,6. seguridad colectiva,7740
2015,Cataluña,6.1.-trafico de drogas,1999
2015,Cataluña,6.2.-contra la seguridad vial,5655
2015,Cataluña,6.3.-otros contra la seguridad colectiva,86
2015,Cataluña,7. falsedades,2314
2015,Cataluña,8. admon. publica,33
2015,Cataluña,9. admon. justicia,3416
2015,Cataluña,total infracciones penales,116165
2015,Ceuta,1. contra las personas,638
2015,Ceuta,1.1.-homicidios dolosos/asesinatos,8
2015,Ceuta,1.1.1.-homicidios dolosos/asesinatos consumados,2
2015,Ceuta,1.2.-lesiones,357
2015,Ceuta,1.3.-malos tratos ambito familiar,185
2015,Ceuta,1.4.-otros contra las personas,88
2015,Ceuta,10. orden publico,113
2015,Ceuta,11. legislacion especial,0
2015,Ceuta,12. otras infracciones penales,95
2015,Ceuta,2. contra la libertad,157
2015,Ceuta,2.1.-malos tratos habituales en el ambito familiar,35
2015,Ceuta,2.2.-otros contra la libertad,122
2015,Ceuta,3. libertad sexual,15
2015,Ceuta,3.1.-agresion sexual,9
2015,Ceuta,3.2.-agresion sexual con penetracion,3
2015,Ceuta,3.3.-corrupcion de menores o incapacitados,0
2015,Ceuta,3.4.-pornografia de menores,0
2015,Ceuta,3.5.-otros contra la libertad sexual,3
2015,Ceuta,4. relaciones familiares,42
2015,Ceuta,5. patrimonio,725
2015,Ceuta,5.1.-hurtos,259
2015,Ceuta,5.2.-robos con fuerza en las cosas,115
2015,Ceuta,5.2.1.-robos con fuerza en las cosas en el interior de vehiculos,65
2015,Ceuta,5.2.2.-robos con fuerza en viviendas,20
2015,Ceuta,5.2.3.-robos con fuerza en establecimientos,3
2015,Ceuta,5.3.-robos con violencia o intimidacion,87
2015,Ceuta,5.3.1.-robos con violencia en via publica,69
2015,Ceuta,5.3.2.-robos con violencia en viviendas,1
2015,Ceuta,5.3.3.-robos con violencia en establecimientos,7
2015,Ceuta,5.4.-sustraccion de vehiculos,74
2015,Ceuta,5.5.-estafas,108
2015,Ceuta,5.5.1.-estafas informaticas,54
2015,Ceuta,5.6.-danos,54
2015,Ceuta,5.7.-contra la propiedad intelectual/industrial,2
2015,Ceuta,5.8.-blanqueo de capitales,0
2015,Ceuta,5.9.-otros contra el patrimonio,26
2015,Ceuta,6. seguridad colectiva,593
2015,Ceuta,6.1.-trafico de drogas,384
2015,Ceuta,6.2.-contra la seguridad vial,206
2015,Ceuta,6.3.-otros contra la seguridad colectiva,3
2015,Ceuta,7. falsedades,345
2015,Ceuta,8. admon. publica,4
2015,Ceuta,9. admon. justicia,130
2015,Ceuta,total infracciones penales,2857
2015,Comunidad Foral de Navarra,1. contra las personas,2181
2015,Comunidad Foral de Navarra,1.1.-homicidios dolosos/asesinatos,28
2015,Comunidad Foral de Navarra,1.1.1.-homicidios dolosos/asesinatos consumados,10
2015,Comunidad Foral de Navarra,1.2.-lesiones,977
2015,Comunidad Foral de Navarra,1.3.-malos tratos ambito familiar,590
2015,Comunidad Foral de Navarra,1.4.-otros contra las personas,586
2015,Comunidad Foral de Navarra,10. orden publico,361
2015,Comunidad Foral de Navarra,11. legislacion especial,2
2015,Comunidad Foral de Navarra,12. otras infracciones penales,106
2015,Comunidad Foral de Navarra,2. contra la libertad,605
2015,Comunidad Foral de Navarra,2.1.-malos tratos habituales en el ambito familiar,82
2015,Comunidad Foral de Navarra,2.2.-otros contra la libertad,523
2015,Comunidad Foral de Navarra,3. libertad sexual,84
2015,Comunidad Foral de Navarra,3.1.-agresion sexual,33
2015,Comunidad Foral de Navarra,3.2.-agresion sexual con penetracion,15
2015,Comunidad Foral de Navarra,3.3.-corrupcion de menores o incapacitados,11
2015,Comunidad Foral de Navarra,3.4.-pornografia de menores,7
2015,Comunidad Foral de Navarra,3.5.-otros contra la libertad sexual,18
2015,Comunidad Foral de Navarra,4. relaciones familiares,84
2015,Comunidad Foral de Navarra,5. patrimonio,2763
2015,Comunidad Foral de Navarra,5.1.-hurtos,1138
2015,Comunidad Foral de Navarra,5.2.-robos con fuerza en las cosas,399
2015,Comunidad Foral de Navarra,5.2.1.-robos con fuerza en las cosas en el interior de vehiculos,96
2015,Comunidad Foral de Navarra,5.2.2.-robos con fuerza en viviendas,105
2015,Comunidad Foral de Navarra,5.2.3.-robos con fuerza en establecimientos,82
2015,Comunidad Foral de Navarra,5.3.-robos con violencia o intimidacion,127
2015,Comunidad Foral de Navarra,5.3.1.-robos con violencia en via publica,58
2015,Comunidad Foral de Navarra,5.3.2.-robos con violencia en viviendas,7
2015,Comunidad Foral de Navarra,5.3.3.-robos con violencia en establecimientos,47
2015,Comunidad Foral de Navarra,5.4.-sustraccion de vehiculos,68
2015,Comunidad Foral de Navarra,5.5.-estafas,412
2015,Comunidad Foral de Navarra,5.5.1.-estafas informaticas,161
2015,Comunidad Foral de Navarra,5.6.-danos,390
2015,Comunidad Foral de Navarra,5.7.-contra la propiedad intelectual/industrial,29
2015,Comunidad Foral de Navarra,5.8.-blanqueo de capitales,2
2015,Comunidad Foral de Navarra,5.9.-otros contra el patrimonio,198
2015,Comunidad Foral de Navarra,6. seguridad colectiva,652
2015,Comunidad Foral de Navarra,6.1.-trafico de drogas,169
2015,Comunidad Foral de Navarra,6.2.-contra la seguridad vial,458
2015,Comunidad Foral de Navarra,6.3.-otros contra la seguridad colectiva,25
2015,Comunidad Foral de Navarra,7. falsedades,94
2015,Comunidad Foral de Navarra,8. admon. publica,4
2015,Comunidad Foral de Navarra,9. admon. justicia,284
2015,Comunidad Foral de Navarra,total infracciones penales,7220
2015,Comunidad Valenciana,1. contra las personas,23174
2015,Comunidad Valenciana,1.1.-homicidios dolosos/asesinatos,88
2015,Comunidad Valenciana,1.1.1.-homicidios dolosos/asesinatos consumados,43
2015,Comunidad Valenciana,1.2.-lesiones,8540
2015,Comunidad Valenciana,1.3.-malos tratos ambito familiar,9093
2015,Comunidad Valenciana,1.4.-otros contra las personas,5453
2015,Comunidad Valenciana,10. orden publico,2984
2015,Comunidad Valenciana,11. legislacion especial,15
2015,Comunidad Valenciana,12. otras infracciones penales,821
2015,Comunidad Valenciana,2. contra la libertad,6511
2015,Comunidad Valenciana,2.1.-malos tratos habituales en el ambito familiar,1505
2015,Comunidad Valenciana,2.2.-otros contra la libertad,5006
2015,Comunidad Valenciana,3. libertad sexual,993
2015,Comunidad Valenciana,3.1.-agresion sexual,533
2015,Comunidad Valenciana,3.2.-agresion sexual con penetracion,133
2015,Comunidad Valenciana,3.3.-corrupcion de menores o incapacitados,74
2015,Comunidad Valenciana,3.4.-pornografia de menores,76
2015,Comunidad Valenciana,3.5.-otros contra la libertad sexual,177
2015,Comunidad Valenciana,4. relaciones familiares,922
2015,Comunidad Valenciana,5. patrimonio,34073
2015,Comunidad Valenciana,5.1.-hurtos,13666
2015,Comunidad Valenciana,5.2.-robos con fuerza en las cosas,6435
2015,Comunidad Valenciana,5.2.1.-robos con fuerza en las cosas en el interior de vehiculos,1425
2015,Comunidad Valenciana,5.2.2.-robos con fuerza en viviendas,2725
2015,Comunidad Valenciana,5.2.3.-robos con fuerza en establecimientos,1198
2015,Comunidad Valenciana,5.3.-robos con violencia o intimidacion,1790
2015,Comunidad Valenciana,5.3.1.-robos con violencia en via publica,933
2015,Comunidad Valenciana,5.3.2.-robos con violencia en viviendas,240
2015,Comunidad Valenciana,5.3.3.-robos con violencia en establecimientos,416
2015,Comunidad Valenciana,5.4.-sustraccion de vehiculos,1115
2015,Comunidad Valenciana,5.5.-estafas,4411
2015,Comunidad Valenciana,5.5.1.-estafas informaticas,1264
2015,Comunidad Valenciana,5.6.-danos,3259
2015,Comunidad Valenciana,5.7.-contra la propiedad intelectual/industrial,236
2015,Comunidad Valenciana,5.8.-blanqueo de capitales,21
2015,Comunidad Valenciana,5.9.-otros contra el patrimonio,3140
2015,Comunidad Valenciana,6. seguridad colectiva,7152
2015,Comunidad Valenciana,6.1.-trafico de drogas,1440
2015,Comunidad Valenciana,6.2.-contra la seguridad vial,5488
2015,Comunidad Valenciana,6.3.-otros contra la seguridad colectiva,224
2015,Comunidad Valenciana,7. falsedades,1364
2015,Comunidad Valenciana,8. admon. publica,89
2015,Comunidad Valenciana,9. admon. justicia,4141
2015,Comunidad Valenciana,total infracciones penales,82239
2015,Comunidad de Madrid,1. contra las personas,24498
2015,Comunidad de Madrid,1.1.-homicidios dolosos/asesinatos,83
2015,Comunidad de Madrid,1.1.1.-homicidios dolosos/asesinatos consumados,27
2015,Comunidad de Madrid,1.2.-lesiones,8981
2015,Comunidad de Madrid,1.3.-malos tratos ambito familiar,11072
2015,Comunidad de Madrid,1.4.-otros contra las personas,4362
2015,Comunidad de Madrid,10. orden publico,4051
2015,Comunidad de Madrid,11. legislacion especial,16
2015,Comunidad de Madrid,12. otras infracciones penales,613
2015,Comunidad de Madrid,2. contra la libertad,6043
2015,Comunidad de Madrid,2.1.-malos tratos habituales en el ambito familiar,1104
2015,Comunidad de Madrid,2.2.-otros contra la libertad,4939
2015,Comunidad de Madrid,3. libertad sexual,1014
2015,Comunidad de Madrid,3.1.-agresion sexual,524
2015,Comunidad de Madrid,3.2.-agresion sexual con penetracion,241
2015,Comunidad de Madrid,3.3.-corrupcion de menores o incapacitados,45
2015,Comunidad de Madrid,3.4.-pornografia de menores,63
2015,Comunidad de Madrid,3.5.-otros contra la libertad sexual,141
2015,Comunidad de Madrid,4. relaciones familiares,888
2015,Comunidad de Madrid,5. patrimonio,41406
2015,Comunidad de Madrid,5.1.-hurtos,21567
2015,Comunidad de Madrid,5.2.-robos con fuerza en las cosas,4508
2015,Comunidad de Madrid,5.2.1.-robos con fuerza en las cosas en el interior de vehiculos,1281
2015,Comunidad de Madrid,5.2.2.-robos con fuerza en viviendas,1505
2015,Comunidad de Madrid,5.2.3.-robos con fuerza en establecimientos,869
2015,Comunidad de Madrid,5.3.-robos con violencia o intimidacion,2545
2015,Comunidad de Madrid,5.3.1.-robos con violencia en via publica,1478
2015,Comunidad de Madrid,5.3.2.-robos con violencia en viviendas,277
2015,Comunidad de Madrid,5.3.3.-robos con violencia en establecimientos,552
2015,Comunidad de Madrid,5.4.-sustraccion de vehiculos,1479
2015,Comunidad de Madrid,5.5.-estafas,5142
2015,Comunidad de Madrid,5.5.1.-estafas informaticas,1052
2015,Comunidad de Madrid,5.6.-danos,2708
2015,Comunidad de Madrid,5.7.-contra la propiedad intelectual/industrial,254
2015,Comunidad de Madrid,5.8.-blanqueo de capitales,66
2015,Comunidad de Madrid,5.9.-otros contra el patrimonio,3137
2015,Comunidad de Madrid,6. seguridad colectiva,5814
2015,Comunidad de Madrid,6.1.-trafico de drogas,1414
2015,Comunidad de Madrid,6.2.-contra la seguridad vial,4193
2015,Comunidad de Madrid,6.3.-otros contra la seguridad colectiva,207
2015,Comunidad de Madrid,7. falsedades,1855
2015,Comunidad de Madrid,8. admon. publica,45
2015,Comunidad de Madrid,9. admon. justicia,3444
2015,Comunidad de Madrid,total infracciones penales,89687
2015,Extremadura,1. contra las personas,3891
2015,Extremadura,1.1.-homicidios dolosos/asesinatos,7
2015,Extremadura,1.1.1.-homicidios dolosos/asesinatos consumados,1
2015,Extremadura,1.2.-lesiones,1700
2015,Extremadura,1.3.-malos tratos ambito familiar,1018
2015,Extremadura,1.4.-otros contra las personas,1166
2015,Extremadura,10. orden publico,335
2015,Extremadura,11. legislacion especial,0
2015,Extremadura,12. otras infracciones penales,142
2015,Extremadura,2. contra la libertad,1125
2015,Extremadura,2.1.-malos tratos habituales en el ambito familiar,268
2015,Extremadura,2.2.-otros contra la libertad,857
2015,Extremadura,3. libertad sexual,126
2015,Extremadura,3.1.-agresion sexual,70
2015,Extremadura,3.2.-agresion sexual con penetracion,17
2015,Extremadura,3.3.-corrupcion de menores o incapacitados,7
2015,Extremadura,3.4.-pornografia de menores,11
2015,Extremadura,3.5.-otros contra la libertad sexual,21
2015,Extremadura,4. relaciones familiares,203
2015,Extremadura,5. patrimonio,4374
2015,Extremadura,5.1.-hurtos,1821
2015,Extremadura,5.2.-robos con fuerza en las cosas,778
2015,Extremadura,5.2.1.-robos con fuerza en las cosas en el interior de vehiculos,181
2015,Extremadura,5.2.2.-robos con fuerza en viviendas,200
2015,Extremadura,5.2.3.-robos con fuerza en establecimientos,200
2015,Extremadura,5.3.-robos con violencia o intimidacion,158
2015,Extremadura,5.3.1.-robos con violencia en via publica,83
2015,Extremadura,5.3.2.-robos con violencia en viviendas,21
2015,Extremadura,5.3.3.-robos con violencia en establecimientos,37
2015,Extremadura,5.4.-sustraccion de vehiculos,91
2015,Extremadura,5.5.-estafas,616
2015,Extremadura,5.5.1.-estafas informaticas,239
2015,Extremadura,5.6.-danos,543
2015,Extremadura,5.7.-contra la propiedad intelectual/industrial,31
2015,Extremadura,5.8.-blanqueo de capitales,3
2015,Extremadura,5.9.-otros contra el patrimonio,333
2015,Extremadura,6. seguridad colectiva,927
2015,Extremadura,6.1.-trafico de drogas,192
2015,Extremadura,6.2.-contra la seguridad vial,689
2015,Extremadura,6.3.-otros contra la seguridad colectiva,46
2015,Extremadura,7. falsedades,158
2015,Extremadura,8. admon. publica,1
2015,Extremadura,9. admon. justicia,533
2015,Extremadura,total infracciones penales,11815
2015,Galicia,1. contra las personas,10241
2015,Galicia,1.1.-homicidios dolosos/asesinatos,55
2015,Galicia,1.1.1.-homicidios dolosos/asesinatos consumados,17
2015,Galicia,1.2.-lesiones,4474
2015,Galicia,1.3.-malos tratos ambito familiar,2625
2015,Galicia,1.4.-otros contra las personas,3087
2015,Galicia,10. orden publico,897
2015,Galicia,11. legislacion especial,8
2015,Galicia,12. otras infracciones penales,309
2015,Galicia,2. contra la libertad,3150
2015,Galicia,2.1.-malos tratos habituales en el ambito familiar,631
2015,Galicia,2.2.-otros contra la libertad,2519
2015,Galicia,3. libertad sexual,361
2015,Galicia,3.1.-agresion sexual,219
2015,Galicia,3.2.-agresion sexual con penetracion,62
2015,Galicia,3.3.-corrupcion de menores o incapacitados,9
2015,Galicia,3.4.-pornografia de menores,32
2015,Galicia,3.5.-otros contra la libertad sexual,39
2015,Galicia,4. relaciones familiares,269
2015,Galicia,5. patrimonio,12420
2015,Galicia,5.1.-hurtos,4972
2015,Galicia,5.2.-robos con fuerza en las cosas,2059
2015,Galicia,5.2.1.-robos con fuerza en las cosas en el interior de vehiculos,339
2015,Galicia,5.2.2.-robos con fuerza en viviendas,724
2015,Galicia,5.2.3.-robos con fuerza en establecimientos,572
2015,Galicia,5.3.-robos con violencia o intimidacion,517
2015,Galicia,5.3.1.-robos con violencia en via publica,247
2015,Galicia,5.3.2.-robos con violencia en viviendas,60
2015,Galicia,5.3.3.-robos con violencia en establecimientos,169
2015,Galicia,5.4.-sustraccion de vehiculos,309
2015,Galicia,5.5.-estafas,1778
2015,Galicia,5.5.1.-estafas informaticas,622
2015,Galicia,5.6.-danos,1961
2015,Galicia,5.7.-contra la propiedad intelectual/industrial,73
2015,Galicia,5.8.-blanqueo de capitales,6
2015,Galicia,5.9.-otros contra el patrimonio,745
2015,Galicia,6. seguridad colectiva,4311
2015,Galicia,6.1.-trafico de drogas,343
2015,Galicia,6.2.-contra la seguridad vial,3862
2015,Galicia,6.3.-otros contra la seguridad colectiva,106
2015,Galicia,7. falsedades,319
2015,Galicia,8. admon. publica,19
2015,Galicia,9. admon. justicia,1009
2015,Galicia,total infracciones penales,33313
2015,Illes Balears,1. contra las personas,6558
2015,Illes Balears,1.1.-homicidios dolosos/asesinatos,35
2015,Illes Balears,1.1.1.-homicidios dolosos/asesinatos consumados,9
2015,Illes Balears,1.2.-lesiones,2493
2015,Illes Balears,1.3.-malos tratos ambito familiar,2613
2015,Illes Balears,1.4.-otros contra las personas,1417
2015,Illes Balears,10. orden publico,766
2015,Illes Balears,11. legislacion especial,1
2015,Illes Balears,12. otras infracciones penales,162
2015,Illes Balears,2. contra la libertad,1953
2015,Illes Balears,2.1.-malos tratos habituales en el ambito familiar,463
2015,Illes Balears,2.2.-otros contra la libertad,1490
2015,Illes Balears,3. libertad sexual,285
2015,Illes Balears,3.1.-agresion sexual,168
2015,Illes Balears,3.2.-agresion sexual con penetracion,55
2015,Illes Balears,3.3.-corrupcion de menores o incapacitados,12
2015,Illes Balears,3.4.-pornografia de menores,3
2015,Illes Balears,3.5.-otros contra la libertad sexual,47
2015,Illes Balears,4. relaciones familiares,196
2015,Illes Balears,5. patrimonio,7799
2015,Illes Balears,5.1.-hurtos,3241
2015,Illes Balears,5.2.-robos con fuerza en las cosas,1319
2015,Illes Balears,5.2.1.-robos con fuerza en las cosas en el interior de vehiculos,265
2015,Illes Balears,5.2.2.-robos con fuerza en viviendas,491
2015,Illes Balears,5.2.3.-robos con fuerza en establecimientos,312
2015,Illes Balears,5.3.-robos con violencia o intimidacion,295
2015,Illes Balears,5.3.1.-robos con violencia en via publica,167
2015,Illes Balears,5.3.2.-robos con violencia en viviendas,28
2015,Illes Balears,5.3.3.-robos con violencia en establecimientos,57
2015,Illes Balears,5.4.-sustraccion de vehiculos,424
2015,Illes Balears,5.5.-estafas,820
2015,Illes Balears,5.5.1.-estafas informaticas,214
2015,Illes Balears,5.6.-danos,870
2015,Illes Balears,5.7.-contra la propiedad intelectual/industrial,79
2015,Illes Balears,5.8.-blanqueo de capitales,8
2015,Illes Balears,5.9.-otros contra el patrimonio,743
2015,Illes Balears,6. seguridad colectiva,2456
2015,Illes Balears,6.1.-trafico de drogas,408
2015,Illes Balears,6.2.-contra la seguridad vial,1980
2015,Illes Balears,6.3.-otros contra la seguridad colectiva,68
2015,Illes Balears,7. falsedades,242
2015,Illes Balears,8. admon. publica,6
2015,Illes Balears,9. admon. justicia,877
2015,Illes Balears,total infracciones penales,21301
2015,La Rioja,1. contra las personas,1082
2015,La Rioja,1.1.-homicidios dolosos/asesinatos,6
2015,La Rioja,1.1.1.-homicidios dolosos/asesinatos consumados,1
2015,La Rioja,1.2.-lesiones,477
2015,La Rioja,1.3.-malos tratos ambito familiar,414
2015,La Rioja,1.4.-otros contra las personas,185
2015,La Rioja,10. orden publico,120
2015,La Rioja,11. legislacion especial,0
2015,La Rioja,12. otras infracciones penales,23
2015,La Rioja,2. contra la libertad,280
2015,La Rioja,2.1.-malos tratos habituales en el ambito familiar,46
2015,La Rioja,2.2.-otros contra la libertad,234
2015,La Rioja,3. libertad sexual,42
2015,La Rioja,3.1.-agresion sexual,23
2015,La Rioja,3.2.-agresion sexual con penetracion,9
2015,La Rioja,3.3.-corrupcion de menores o incapacitados,3
2015,La Rioja,3.4.-pornografia de menores,1
2015,La Rioja,3.5.-otros contra la libertad sexual,6
2015,La Rioja,4. relaciones familiares,33
2015,La Rioja,5. patrimonio,1334
2015,La Rioja,5.1.-hurtos,609
2015,La Rioja,5.2.-robos con fuerza en las cosas,262
2015,La Rioja,5.2.1.-robos con fuerza en las cosas en el interior de vehiculos,36
2015,La Rioja,5.2.2.-robos con fuerza en viviendas,132
2015,La Rioja,5.2.3.-robos con fuerza en establecimientos,40
2015,La Rioja,5.3.-robos con violencia o intimidacion,52
2015,La Rioja,5.3.1.-robos con violencia en via publica,33
2015,La Rioja,5.3.2.-robos con violencia en viviendas,5
2015,La Rioja,5.3.3.-robos con violencia en establecimientos,8
2015,La Rioja,5.4.-sustraccion de vehiculos,37
2015,La Rioja,5.5.-estafas,146
2015,La Rioja,5.5.1.-estafas informaticas,32
2015,La Rioja,5.6.-danos,150
2015,La Rioja,5.7.-contra la propiedad intelectual/industrial,2
2015,La Rioja,5.8.-blanqueo de capitales,1
2015,La Rioja,5.9.-otros contra el patrimonio,75
2015,La Rioja,6. seguridad colectiva,336
2015,La Rioja,6.1.-trafico de drogas,61
2015,La Rioja,6.2.-contra la seguridad vial,269
2015,La Rioja,6.3.-otros contra la seguridad colectiva,6
2015,La Rioja,7. falsedades,33
2015,La Rioja,8. admon. publica,1
2015,La Rioja,9. admon. justicia,129
2015,La Rioja,total infracciones penales,3413
2015,Melilla,1. contra las personas,889
2015,Melilla,1.1.-homicidios dolosos/asesinatos,3
2015,Melilla,1.1.1.-homicidios dolosos/asesinatos consumados,1
2015,Melilla,1.2.-lesiones,414
2015,Melilla,1.3.-malos tratos ambito familiar,348
2015,Melilla,1.4.-otros contra las personas,124
2015,Melilla,10. orden publico,126
2015,Melilla,11. legislacion especial,0
2015,Melilla,12. otras infracciones penales,121
2015,Melilla,2. contra la libertad,153
2015,Melilla,2.1.-malos tratos habituales en el ambito familiar,16
2015,Melilla,2.2.-otros contra la libertad,137
2015,Melilla,3. libertad sexual,26
2015,Melilla,3.1.-agresion sexual,19
2015,Melilla,3.2.-agresion sexual con penetracion,2
2015,Melilla,3.3.-corrupcion de menores o incapacitados,1
2015,Melilla,3.4.-pornografia de menores,0
2015,Melilla,3.5.-otros contra la libertad sexual,4
2015,Melilla,4. relaciones familiares,33
2015,Melilla,5. patrimonio,872
2015,Melilla,5.1.-hurtos,283
2015,Melilla,5.2.-robos con fuerza en las cosas,216
2015,Melilla,5.2.1.-robos con fuerza en las cosas en el interior de vehiculos,115
2015,Melilla,5.2.2.-robos con fuerza en viviendas,27
2015,Melilla,5.2.3.-robos con fuerza en establecimientos,33
2015,Melilla,5.3.-robos con violencia o intimidacion,179
2015,Melilla,5.3.1.-robos con violencia en via publica,152
2015,Melilla,5.3.2.-robos con violencia en viviendas,3
2015,Melilla,5.3.3.-robos con violencia en establecimientos,4
2015,Melilla,5.4.-sustraccion de vehiculos,25
2015,Melilla,5.5.-estafas,50
2015,Melilla,5.5.1.-estafas informaticas,7
2015,Melilla,5.6.-danos,94
2015,Melilla,5.7.-contra la propiedad intelectual/industrial,3
2015,Melilla,5.8.-blanqueo de capitales,1
2015,Melilla,5.9.-otros contra el patrimonio,21
2015,Melilla,6. seguridad colectiva,270
2015,Melilla,6.1.-trafico de drogas,110
2015,Melilla,6.2.-contra la seguridad vial,124
2015,Melilla,6.3.-otros contra la seguridad colectiva,36
2015,Melilla,7. falsedades,84
2015,Melilla,8. admon. publica,12
2015,Melilla,9. admon. justicia,77
2015,Melilla,total infracciones penales,2663
2015,País Vasco,1. contra las personas,33
2015,País Vasco,1.1.-homicidios dolosos/asesinatos,1
2015,País Vasco,1.1.1.-homicidios dolosos/asesinatos consumados,0
2015,País Vasco,1.2.-lesiones,8
2015,País Vasco,1.3.-malos tratos ambito familiar,9
2015,País Vasco,1.4.-otros contra las personas,15
2015,País Vasco,10. orden publico,28
2015,País Vasco,11. legislacion especial,1
2015,País Vasco,12. otras infracciones penales,27
2015,País Vasco,2. contra la libertad,25
2015,País Vasco,2.1.-malos tratos habituales en el ambito familiar,2
2015,País Vasco,2.2.-otros contra la libertad,23
2015,País Vasco,3. libertad sexual,29
2015,País Vasco,3.1.-agresion sexual,2
2015,País Vasco,3.2.-agresion sexual con penetracion,2
2015,País Vasco,3.3.-corrupcion de menores o incapacitados,3
2015,País Vasco,3.4.-pornografia de menores,16
2015,País Vasco,3.5.-otros contra la libertad sexual,6
2015,País Vasco,4. relaciones familiares,9
2015,País Vasco,5. patrimonio,249
2015,País Vasco,5.1.-hurtos,28
2015,País Vasco,5.2.-robos con fuerza en las cosas,8
2015,País Vasco,5.2.1.-robos con fuerza en las cosas en el interior de vehiculos,1
2015,País Vasco,5.2.2.-robos con fuerza en viviendas,3
2015,País Vasco,5.2.3.-robos con fuerza en establecimientos,2
2015,País Vasco,5.3.-robos con violencia o intimidacion,0
2015,País Vasco,5.3.1.-robos con violencia en via publica,0
2015,País Vasco,5.3.2.-robos con violencia en viviendas,0
2015,País Vasco,5.3.3.-robos con violencia en establecimientos,0
2015,País Vasco,5.4.-sustraccion de vehiculos,18
2015,País Vasco,5.5.-estafas,153
2015,País Vasco,5.5.1.-estafas informaticas,84
2015,País Vasco,5.6.-danos,2
2015,País Vasco,5.7.-contra la propiedad intelectual/industrial,15
2015,País Vasco,5.8.-blanqueo de capitales,5
2015,País Vasco,5.9.-otros contra el patrimonio,20
2015,País Vasco,6. seguridad colectiva,48
2015,País Vasco,6.1.-trafico de drogas,43
2015,País Vasco,6.2.-contra la seguridad vial,3
2015,País Vasco,6.3.-otros contra la seguridad colectiva,2
2015,País Vasco,7. falsedades,189
2015,País Vasco,8. admon. publica,1
2015,País Vasco,9. admon. justicia,32
2015,País Vasco,total infracciones penales,671
2015,Principado de Asturias,1. contra las personas,3942
2015,Principado de Asturias,1.1.-homicidios dolosos/asesinatos,17
2015,Principado de Asturias,1.1.1.-homicidios dolosos/asesinatos consumados,4
2015,Principado de Asturias,1.2.-lesiones,1736
2015,Principado de Asturias,1.3.-malos tratos ambito familiar,1178
2015,Principado de Asturias,1.4.-otros contra las personas,1011
2015,Principado de Asturias,10. orden publico,440
2015,Principado de Asturias,11. legislacion especial,0
2015,Principado de Asturias,12. otras infracciones penales,114
2015,Principado de Asturias,2. contra la libertad,1029
2015,Principado de Asturias,2.1.-malos tratos habituales en el ambito familiar,130
2015,Principado de Asturias,2.2.-otros contra la libertad,899
2015,Principado de Asturias,3. libertad sexual,104
2015,Principado de Asturias,3.1.-agresion sexual,68
2015,Principado de Asturias,3.2.-agresion sexual con penetracion,15
2015,Principado de Asturias,3.3.-corrupcion de menores o incapacitados,3
2015,Principado de Asturias,3.4.-pornografia de menores,7
2015,Principado de Asturias,3.5.-otros contra la libertad sexual,11
2015,Principado de Asturias,4. relaciones familiares,145
2015,Principado de Asturias,5. patrimonio,4832
2015,Principado de Asturias,5.1.-hurtos,1897
2015,Principado de Asturias,5.2.-robos con fuerza en las cosas,799
2015,Principado de Asturias,5.2.1.-robos con fuerza en las cosas en el interior de vehiculos,111
2015,Principado de Asturias,5.2.2.-robos con fuerza en viviendas,216
2015,Principado de Asturias,5.2.3.-robos con fuerza en establecimientos,317
2015,Principado de Asturias,5.3.-robos con violencia o intimidacion,252
2015,Principado de Asturias,5.3.1.-robos con violencia en via publica,122
2015,Principado de Asturias,5.3.2.-robos con violencia en viviendas,26
2015,Principado de Asturias,5.3.3.-robos con violencia en establecimientos,93
2015,Principado de Asturias,5.4.-sustraccion de vehiculos,169
2015,Principado de Asturias,5.5.-estafas,765
2015,Principado de Asturias,5.5.1.-estafas informaticas,243
2015,Principado de Asturias,5.6.-danos,567
2015,Principado de Asturias,5.7.-contra la propiedad intelectual/industrial,15
2015,Principado de Asturias,5.8.-blanqueo de capitales,1
2015,Principado de Asturias,5.9.-otros contra el patrimonio,367
2015,Principado de Asturias,6. seguridad colectiva,1094
2015,Principado de Asturias,6.1.-trafico de drogas,152
2015,Principado de Asturias,6.2.-contra la seguridad vial,915
2015,Principado de Asturias,6.3.-otros contra la seguridad colectiva,27
2015,Principado de Asturias,7. falsedades,126
2015,Principado de Asturias,8. admon. publica,3
2015,Principado de Asturias,9. admon. justicia,444
2015,Principado de Asturias,total infracciones penales,12273
2015,Región de Murcia,1. contra las personas,6711
2015,Región de Murcia,1.1.-homicidios dolosos/asesinatos,35
2015,Región de Murcia,1.1.1.-homicidios dolosos/asesinatos consumados,11
2015,Región de Murcia,1.2.-lesiones,2668
2015,Región de Murcia,1.3.-malos tratos ambito familiar,2499
2015,Región de Murcia,1.4.-otros contra las personas,1509
2015,Región de Murcia,10. orden publico,483
2015,Región de Murcia,11. legislacion especial,0
2015,Región de Murcia,12. otras infracciones penales,187
2015,Región de Murcia,2. contra la libertad,1808
2015,Región de Murcia,2.1.-malos tratos habituales en el ambito familiar,324
2015,Región de Murcia,2.2.-otros contra la libertad,1484
2015,Región de Murcia,3. libertad sexual,306
2015,Región de Murcia,3.1.-agresion sexual,169
2015,Región de Murcia,3.2.-agresion sexual con penetracion,44
2015,Región de Murcia,3.3.-corrupcion de menores o incapacitados,13
2015,Región de Murcia,3.4.-pornografia de menores,12
2015,Región de Murcia,3.5.-otros contra la libertad sexual,68
2015,Región de Murcia,4. relaciones familiares,556
2015,Región de Murcia,5. patrimonio,8929
2015,Región de Murcia,5.1.-hurtos,3507
2015,Región de Murcia,5.2.-robos con fuerza en las cosas,2115
2015,Región de Murcia,5.2.1.-robos con fuerza en las cosas en el interior de vehiculos,550
2015,Región de Murcia,5.2.2.-robos con fuerza en viviendas,862
2015,Región de Murcia,5.2.3.-robos con fuerza en establecimientos,333
2015,Región de Murcia,5.3.-robos con violencia o intimidacion,506
2015,Región de Murcia,5.3.1.-robos con violencia en via publica,288
2015,Región de Murcia,5.3.2.-robos con violencia en viviendas,56
2015,Región de Murcia,5.3.3.-robos con violencia en establecimientos,107
2015,Región de Murcia,5.4.-sustraccion de vehiculos,298
2015,Región de Murcia,5.5.-estafas,960
2015,Región de Murcia,5.5.1.-estafas informaticas,263
2015,Región de Murcia,5.6.-danos,782
2015,Región de Murcia,5.7.-contra la propiedad intelectual/industrial,56
2015,Región de Murcia,5.8.-blanqueo de capitales,7
2015,Región de Murcia,5.9.-otros contra el patrimonio,698
2015,Región de Murcia,6. seguridad colectiva,1364
2015,Región de Murcia,6.1.-trafico de drogas,223
2015,Región de Murcia,6.2.-contra la seguridad vial,1103
2015,Región de Murcia,6.3.-otros contra la seguridad colectiva,38
2015,Región de Murcia,7. falsedades,342
2015,Región de Murcia,8. admon. publica,3
2015,Región de Murcia,9. admon. justicia,808
2015,Región de Murcia,total infracciones penales,21497
2016,Andalucía,1. contra las personas,30676
2016,Andalucía,1.1.-homicidios dolosos/asesinatos,274
2016,Andalucía,1.1.1.-homicidios dolosos/asesinatos consumados,62
2016,Andalucía,1.2.-lesiones,16117
2016,Andalucía,1.3.-malos tratos ambito familiar,13893
2016,Andalucía,1.4.-otros contra las personas,392
2016,Andalucía,10. orden publico,3371
2016,Andalucía,11. legislacion especial,82
2016,Andalucía,12. otras infracciones penales,1824
2016,Andalucía,2. contra la libertad,19222
2016,Andalucía,2.1.-malos tratos habituales en el ambito familiar,2699
2016,Andalucía,2.2.-otros contra la libertad,16523
2016,Andalucía,3. libertad sexual,1470
2016,Andalucía,3.1.-agresion sexual,866
2016,Andalucía,3.2.-agresion sexual con penetracion,226
2016,Andalucía,3.3.-corrupcion de menores o incapacitados,49
2016,Andalucía,3.4.-pornografia de menores,88
2016,Andalucía,3.5.-otros contra la libertad sexual,241
2016,Andalucía,4. relaciones familiares,1468
2016,Andalucía,5. patrimonio,49448
2016,Andalucía,5.1.-hurtos,19124
2016,Andalucía,5.2.-robos con fuerza en las cosas,8675
2016,Andalucía,5.2.1.-robos con fuerza en las cosas en el interior de vehiculos,2380
2016,Andalucía,5.2.2.-robos con fuerza en viviendas,3162
2016,Andalucía,5.2.3.-robos con fuerza en establecimientos,1783
2016,Andalucía,5.3.-robos con violencia o intimidacion,2731
2016,Andalucía,5.3.1.-robos con violencia en via publica,1613
2016,Andalucía,5.3.2.-robos con violencia en viviendas,300
2016,Andalucía,5.3.3.-robos con violencia en establecimientos,549
2016,Andalucía,5.4.-sustraccion de vehiculos,2098
2016,Andalucía,5.5.-estafas,7180
2016,Andalucía,5.5.1.-estafas informaticas,2468
2016,Andalucía,5.6.-danos,4817
2016,Andalucía,5.7.-contra la propiedad intelectual/industrial,494
2016,Andalucía,5.8.-blanqueo de capitales,55
2016,Andalucía,5.9.-otros contra el patrimonio,4274
2016,Andalucía,6. seguridad colectiva,12256
2016,Andalucía,6.1.-trafico de drogas,2875
2016,Andalucía,6.2.-contra la seguridad vial,9105
2016,Andalucía,6.3.-otros contra la seguridad colectiva,276
2016,Andalucía,7. falsedades,2171
2016,Andalucía,8. admon. publica,141
2016,Andalucía,9. admon. justicia,5850
2016,Andalucía,total infracciones penales,127979
2016,Aragón,1. contra las personas,3684
2016,Aragón,1.1.-homicidios dolosos/asesinatos,25
2016,Aragón,1.1.1.-homicidios dolosos/asesinatos consumados,9
2016,Aragón,1.2.-lesiones,1756
2016,Aragón,1.3.-malos tratos ambito familiar,1862
2016,Aragón,1.4.-otros contra las personas,41
2016,Aragón,10. orden publico,422
2016,Aragón,11. legislacion especial,1
2016,Aragón,12. otras infracciones penales,205
2016,Aragón,2. contra la libertad,1760
2016,Aragón,2.1.-malos tratos habituales en el ambito familiar,251
2016,Aragón,2.2.-otros contra la libertad,1509
2016,Aragón,3. libertad sexual,229
2016,Aragón,3.1.-agresion sexual,135
2016,Aragón,3.2.-agresion sexual con penetracion,47
2016,Aragón,3.3.-corrupcion de menores o incapacitados,14
2016,Aragón,3.4.-pornografia de menores,4
2016,Aragón,3.5.-otros contra la libertad sexual,29
2016,Aragón,4. relaciones familiares,153
2016,Aragón,5. patrimonio,6361
2016,Aragón,5.1.-hurtos,2555
2016,Aragón,5.2.-robos con fuerza en las cosas,1011
2016,Aragón,5.2.1.-robos con fuerza en las cosas en el interior de vehiculos,209
2016,Aragón,5.2.2.-robos con fuerza en viviendas,369
2016,Aragón,5.2.3.-robos con fuerza en establecimientos,182
2016,Aragón,5.3.-robos con violencia o intimidacion,376
2016,Aragón,5.3.1.-robos con violencia en via publica,222
2016,Aragón,5.3.2.-robos con violencia en viviendas,29
2016,Aragón,5.3.3.-robos con violencia en establecimientos,91
2016,Aragón,5.4.-sustraccion de vehiculos,108
2016,Aragón,5.5.-estafas,1017
2016,Aragón,5.5.1.-estafas informaticas,306
2016,Aragón,5.6.-danos,789
2016,Aragón,5.7.-contra la propiedad intelectual/industrial,26
2016,Aragón,5.8.-blanqueo de capitales,9
2016,Aragón,5.9.-otros contra el patrimonio,470
2016,Aragón,6. seguridad colectiva,1016
2016,Aragón,6.1.-trafico de drogas,240
2016,Aragón,6.2.-contra la seguridad vial,720
2016,Aragón,6.3.-otros contra la seguridad colectiva,56
2016,Aragón,7. falsedades,219
2016,Aragón,8. admon. publica,6
2016,Aragón,9. admon. justicia,582
2016,Aragón,total infracciones penales,14638
2016,Canarias,1. contra las personas,10178
2016,Canarias,1.1.-homicidios dolosos/asesinatos,63
2016,Canarias,1.1.1.-homicidios dolosos/asesinatos consumados,19
2016,Canarias,1.2.-lesiones,5513
2016,Canarias,1.3.-malos tratos ambito familiar,4507
2016,Canarias,1.4.-otros contra las personas,95
2016,Canarias,10. orden publico,844
2016,Canarias,11. legislacion especial,3
2016,Canarias,12. otras infracciones penales,296
2016,Canarias,2. contra la libertad,7444
2016,Canarias,2.1.-malos tratos habituales en el ambito familiar,700
2016,Canarias,2.2.-otros contra la libertad,6744
2016,Canarias,3. libertad sexual,440
2016,Canarias,3.1.-agresion sexual,265
2016,Canarias,3.2.-agresion sexual con penetracion,61
2016,Canarias,3.3.-corrupcion de menores o incapacitados,18
2016,Canarias,3.4.-pornografia de menores,25
2016,Canarias,3.5.-otros contra la libertad sexual,71
2016,Canarias,4. relaciones familiares,823
2016,Canarias,5. patrimonio,14401
2016,Canarias,5.1.-hurtos,5908
2016,Canarias,5.2.-robos con fuerza en las cosas,2521
2016,Canarias,5.2.1.-robos con fuerza en las cosas en el interior de vehiculos,548
2016,Canarias,5.2.2.-robos con fuerza en viviendas,875
2016,Canarias,5.2.3.-robos con fuerza en establecimientos,542
2016,Canarias,5.3.-robos con violencia o intimidacion,709
2016,Canarias,5.3.1.-robos con violencia en via publica,373
2016,Canarias,5.3.2.-robos con violencia en viviendas,88
2016,Canarias,5.3.3.-robos con violencia en establecimientos,158
2016,Canarias,5.4.-sustraccion de vehiculos,456
2016,Canarias,5.5.-estafas,1694
2016,Canarias,5.5.1.-estafas informaticas,386
2016,Canarias,5.6.-danos,1827
2016,Canarias,5.7.-contra la propiedad intelectual/industrial,80
2016,Canarias,5.8.-blanqueo de capitales,12
2016,Canarias,5.9.-otros contra el patrimonio,1194
2016,Canarias,6. seguridad colectiva,2906
2016,Canarias,6.1.-trafico de drogas,601
2016,Canarias,6.2.-contra la seguridad vial,2254
2016,Canarias,6.3.-otros contra la seguridad colectiva,51
2016,Canarias,7. falsedades,468
2016,Canarias,8. admon. publica,24
2016,Canarias,9. admon. justicia,1301
2016,Canarias,total infracciones penales,39128
2016,Cantabria,1. contra las personas,1811
2016,Cantabria,1.1.-homicidios dolosos/asesinatos,8
2016,Cantabria,1.1.1.-homicidios dolosos/asesinatos consumados,0
2016,Cantabria,1.2.-lesiones,1186
2016,Cantabria,1.3.-malos tratos ambito familiar,577
2016,Cantabria,1.4.-otros contra las personas,40
2016,Cantabria,10. orden publico,150
2016,Cantabria,11. legislacion especial,1
2016,Cantabria,12. otras infracciones penales,92
2016,Cantabria,2. contra la libertad,1084
2016,Cantabria,2.1.-malos tratos habituales en el ambito familiar,144
2016,Cantabria,2.2.-otros contra la libertad,940
2016,Cantabria,3. libertad sexual,58
2016,Cantabria,3.1.-agresion sexual,29
2016,Cantabria,3.2.-agresion sexual con penetracion,10
2016,Cantabria,3.3.-corrupcion de menores o incapacitados,0
2016,Cantabria,3.4.-pornografia de menores,7
2016,Cantabria,3.5.-otros contra la libertad sexual,12
2016,Cantabria,4. relaciones familiares,34
2016,Cantabria,5. patrimonio,2994
2016,Cantabria,5.1.-hurtos,1221
2016,Cantabria,5.2.-robos con fuerza en las cosas,579
2016,Cantabria,5.2.1.-robos con fuerza en las cosas en el interior de vehiculos,56
2016,Cantabria,5.2.2.-robos con fuerza en viviendas,252
2016,Cantabria,5.2.3.-robos con fuerza en establecimientos,181
2016,Cantabria,5.3.-robos con violencia o intimidacion,75
2016,Cantabria,5.3.1.-robos con violencia en via publica,32
2016,Cantabria,5.3.2.-robos con violencia en viviendas,6
2016,Cantabria,5.3.3.-robos con violencia en establecimientos,32
2016,Cantabria,5.4.-sustraccion de vehiculos,72
2016,Cantabria,5.5.-estafas,436
2016,Cantabria,5.5.1.-estafas informaticas,177
2016,Cantabria,5.6.-danos,442
2016,Cantabria,5.7.-contra la propiedad intelectual/industrial,11
2016,Cantabria,5.8.-blanqueo de capitales,1
2016,Cantabria,5.9.-otros contra el patrimonio,157
2016,Cantabria,6. seguridad colectiva,722
2016,Cantabria,6.1.-trafico de drogas,90
2016,Cantabria,6.2.-contra la seguridad vial,613
2016,Cantabria,6.3.-otros contra la seguridad colectiva,19
2016,Cantabria,7. falsedades,105
2016,Cantabria,8. admon. publica,1
2016,Cantabria,9. admon. justicia,226
2016,Cantabria,total infracciones penales,7278
2016,Castilla y León,1. contra las personas,6284
2016,Castilla y León,1.1.-homicidios dolosos/asesinatos,27
2016,Castilla y León,1.1.1.-homicidios dolosos/asesinatos consumados,10
2016,Castilla y León,1.2.-lesiones,3896
2016,Castilla y León,1.3.-malos tratos ambito familiar,2298
2016,Castilla y León,1.4.-otros contra las personas,63
2016,Castilla y León,10. orden publico,597
2016,Castilla y León,11. legislacion especial,1
2016,Castilla y León,12. otras infracciones penales,410
2016,Castilla y León,2. contra la libertad,4343
2016,Castilla y León,2.1.-malos tratos habituales en el ambito familiar,547
2016,Castilla y León,2.2.-otros contra la libertad,3796
2016,Castilla y León,3. libertad sexual,238
2016,Castilla y León,3.1.-agresion sexual,140
2016,Castilla y León,3.2.-agresion sexual con penetracion,35
2016,Castilla y León,3.3.-corrupcion de menores o incapacitados,6
2016,Castilla y León,3.4.-pornografia de menores,23
2016,Castilla y León,3.5.-otros contra la libertad sexual,34
2016,Castilla y León,4. relaciones familiares,193
2016,Castilla y León,5. patrimonio,11486
2016,Castilla y León,5.1.-hurtos,4485
2016,Castilla y León,5.2.-robos con fuerza en las cosas,1740
2016,Castilla y León,5.2.1.-robos con fuerza en las cosas en el interior de vehiculos,404
2016,Castilla y León,5.2.2.-robos con fuerza en viviendas,531
2016,Castilla y León,5.2.3.-robos con fuerza en establecimientos,433
2016,Castilla y León,5.3.-robos con violencia o intimidacion,416
2016,Castilla y León,5.3.1.-robos con violencia en via publica,220
2016,Castilla y León,5.3.2.-robos con violencia en viviendas,49
2016,Castilla y León,5.3.3.-robos con violencia en establecimientos,103
2016,Castilla y León,5.4.-sustraccion de vehiculos,290
2016,Castilla y León,5.5.-estafas,2202
2016,Castilla y León,5.5.1.-estafas informaticas,759
2016,Castilla y León,5.6.-danos,1612
2016,Castilla y León,5.7.-contra la propiedad intelectual/industrial,54
2016,Castilla y León,5.8.-blanqueo de capitales,6
2016,Castilla y León,5.9.-otros contra el patrimonio,681
2016,Castilla y León,6. seguridad colectiva,2302
2016,Castilla y León,6.1.-trafico de drogas,328
2016,Castilla y León,6.2.-contra la seguridad vial,1905
2016,Castilla y León,6.3.-otros contra la seguridad colectiva,69
2016,Castilla y León,7. falsedades,350
2016,Castilla y León,8. admon. publica,8
2016,Castilla y León,9. admon. justicia,1055
2016,Castilla y León,total infracciones penales,27267
2016,Castilla-La Mancha,1. contra las personas,5822
2016,Castilla-La Mancha,1.1.-homicidios dolosos/asesinatos,39
2016,Castilla-La Mancha,1.1.1.-homicidios dolosos/asesinatos consumados,12
2016,Castilla-La Mancha,1.2.-lesiones,3249
2016,Castilla-La Mancha,1.3.-malos tratos ambito familiar,2471
2016,Castilla-La Mancha,1.4.-otros contra las personas,63
2016,Castilla-La Mancha,10. orden publico,611
2016,Castilla-La Mancha,11. legislacion especial,4
2016,Castilla-La Mancha,12. otras infracciones penales,494
2016,Castilla-La Mancha,2. contra la libertad,3594
2016,Castilla-La Mancha,2.1.-malos tratos habituales en el ambito familiar,523
2016,Castilla-La Mancha,2.2.-otros contra la libertad,3071
2016,Castilla-La Mancha,3. libertad sexual,306
2016,Castilla-La Mancha,3.1.-agresion sexual,168
2016,Castilla-La Mancha,3.2.-agresion sexual con penetracion,44
2016,Castilla-La Mancha,3.3.-corrupcion de menores o incapacitados,28
2016,Castilla-La Mancha,3.4.-pornografia de menores,12
2016,Castilla-La Mancha,3.5.-otros contra la libertad sexual,54
2016,Castilla-La Mancha,4. relaciones familiares,334
2016,Castilla-La Mancha,5. patrimonio,10718
2016,Castilla-La Mancha,5.1.-hurtos,3324
2016,Castilla-La Mancha,5.2.-robos con fuerza en las cosas,2693
2016,Castilla-La Mancha,5.2.1.-robos con fuerza en las cosas en el interior de vehiculos,455
2016,Castilla-La Mancha,5.2.2.-robos con fuerza en viviendas,977
2016,Castilla-La Mancha,5.2.3.-robos con fuerza en establecimientos,550
2016,Castilla-La Mancha,5.3.-robos con violencia o intimidacion,385
2016,Castilla-La Mancha,5.3.1.-robos con violencia en via publica,207
2016,Castilla-La Mancha,5.3.2.-robos con violencia en viviendas,46
2016,Castilla-La Mancha,5.3.3.-robos con violencia en establecimientos,82
2016,Castilla-La Mancha,5.4.-sustraccion de vehiculos,431
2016,Castilla-La Mancha,5.5.-estafas,1699
2016,Castilla-La Mancha,5.5.1.-estafas informaticas,643
2016,Castilla-La Mancha,5.6.-danos,1217
2016,Castilla-La Mancha,5.7.-contra la propiedad intelectual/industrial,22
2016,Castilla-La Mancha,5.8.-blanqueo de capitales,8
2016,Castilla-La Mancha,5.9.-otros contra el patrimonio,939
2016,Castilla-La Mancha,6. seguridad colectiva,2545
2016,Castilla-La Mancha,6.1.-trafico de drogas,345
2016,Castilla-La Mancha,6.2.-contra la seguridad vial,2148
2016,Castilla-La Mancha,6.3.-otros contra la seguridad colectiva,52
2016,Castilla-La Mancha,7. falsedades,573
2016,Castilla-La Mancha,8. admon. publica,8
2016,Castilla-La Mancha,9. admon. justicia,1046
2016,Castilla-La Mancha,total infracciones penales,26055
2016,Cataluña,1. contra las personas,17981
2016,Cataluña,1.1.-homicidios dolosos/asesinatos,195
2016,Cataluña,1.1.1.-homicidios dolosos/asesinatos consumados,0
2016,Cataluña,1.2.-lesiones,11538
2016,Cataluña,1.3.-malos tratos ambito familiar,6217
2016,Cataluña,1.4.-otros contra las personas,31
2016,Cataluña,10. orden publico,2280
2016,Cataluña,11. legislacion especial,13
2016,Cataluña,12. otras infracciones penales,604
2016,Cataluña,2. contra la libertad,16190
2016,Cataluña,2.1.-malos tratos habituales en el ambito familiar,1971
2016,Cataluña,2.2.-otros contra la libertad,14219
2016,Cataluña,3. libertad sexual,1869
2016,Cataluña,3.1.-agresion sexual,1075
2016,Cataluña,3.2.-agresion sexual con penetracion,413
2016,Cataluña,3.3.-corrupcion de menores o incapacitados,6
2016,Cataluña,3.4.-pornografia de menores,119
2016,Cataluña,3.5.-otros contra la libertad sexual,256
2016,Cataluña,4. relaciones familiares,1389
2016,Cataluña,5. patrimonio,55849
2016,Cataluña,5.1.-hurtos,19723
2016,Cataluña,5.2.-robos con fuerza en las cosas,8468
2016,Cataluña,5.2.1.-robos con fuerza en las cosas en el interior de vehiculos,1585
2016,Cataluña,5.2.2.-robos con fuerza en viviendas,6
2016,Cataluña,5.2.3.-robos con fuerza en establecimientos,9
2016,Cataluña,5.3.-robos con violencia o intimidacion,4592
2016,Cataluña,5.3.1.-robos con violencia en via publica,7
2016,Cataluña,5.3.2.-robos con violencia en viviendas,0
2016,Cataluña,5.3.3.-robos con violencia en establecimientos,4
2016,Cataluña,5.4.-sustraccion de vehiculos,3895
2016,Cataluña,5.5.-estafas,7492
2016,Cataluña,5.5.1.-estafas informaticas,1822
2016,Cataluña,5.6.-danos,4080
2016,Cataluña,5.7.-contra la propiedad intelectual/industrial,305
2016,Cataluña,5.8.-blanqueo de capitales,35
2016,Cataluña,5.9.-otros contra el patrimonio,7259
2016,Cataluña,6. seguridad colectiva,7960
2016,Cataluña,6.1.-trafico de drogas,2162
2016,Cataluña,6.2.-contra la seguridad vial,5707
2016,Cataluña,6.3.-otros contra la seguridad colectiva,91
2016,Cataluña,7. falsedades,2564
2016,Cataluña,8. admon. publica,55
2016,Cataluña,9. admon. justicia,3384
2016,Cataluña,total infracciones penales,110138
2016,Ceuta,1. contra las personas,605
2016,Ceuta,1.1.-homicidios dolosos/asesinatos,15
2016,Ceuta,1.1.1.-homicidios dolosos/asesinatos consumados,4
2016,Ceuta,1.2.-lesiones,345
2016,Ceuta,1.3.-malos tratos ambito familiar,242
2016,Ceuta,1.4.-otros contra las personas,3
2016,Ceuta,10. orden publico,114
2016,Ceuta,11. legislacion especial,3
2016,Ceuta,12. otras infracciones penales,93
2016,Ceuta,2. contra la libertad,277
2016,Ceuta,2.1.-malos tratos habituales en el ambito familiar,40
2016,Ceuta,2.2.-otros contra la libertad,237
2016,Ceuta,3. libertad sexual,32
2016,Ceuta,3.1.-agresion sexual,17
2016,Ceuta,3.2.-agresion sexual con penetracion,5
2016,Ceuta,3.3.-corrupcion de menores o incapacitados,4
2016,Ceuta,3.4.-pornografia de menores,0
2016,Ceuta,3.5.-otros contra la libertad sexual,6
2016,Ceuta,4. relaciones familiares,40
2016,Ceuta,5. patrimonio,735
2016,Ceuta,5.1.-hurtos,276
2016,Ceuta,5.2.-robos con fuerza en las cosas,73
2016,Ceuta,5.2.1.-robos con fuerza en las cosas en el interior de vehiculos,40
2016,Ceuta,5.2.2.-robos con fuerza en viviendas,15
2016,Ceuta,5.2.3.-robos con fuerza en establecimientos,7
2016,Ceuta,5.3.-robos con violencia o intimidacion,95
2016,Ceuta,5.3.1.-robos con violencia en via publica,67
2016,Ceuta,5.3.2.-robos con violencia en viviendas,5
2016,Ceuta,5.3.3.-robos con violencia en establecimientos,1
2016,Ceuta,5.4.-sustraccion de vehiculos,95
2016,Ceuta,5.5.-estafas,100
2016,Ceuta,5.5.1.-estafas informaticas,50
2016,Ceuta,5.6.-danos,62
2016,Ceuta,5.7.-contra la propiedad intelectual/industrial,6
2016,Ceuta,5.8.-blanqueo de capitales,1
2016,Ceuta,5.9.-otros contra el patrimonio,27
2016,Ceuta,6. seguridad colectiva,436
2016,Ceuta,6.1.-trafico de drogas,248
2016,Ceuta,6.2.-contra la seguridad vial,185
2016,Ceuta,6.3.-otros contra la seguridad colectiva,3
2016,Ceuta,7. falsedades,359
2016,Ceuta,8. admon. publica,4
2016,Ceuta,9. admon. justicia,147
2016,Ceuta,total infracciones penales,2845
2016,Comunidad Foral de Navarra,1. contra las personas,2235
2016,Comunidad Foral de Navarra,1.1.-homicidios dolosos/asesinatos,10
2016,Comunidad Foral de Navarra,1.1.1.-homicidios dolosos/asesinatos consumados,1
2016,Comunidad Foral de Navarra,1.2.-lesiones,1303
2016,Comunidad Foral de Navarra,1.3.-malos tratos ambito familiar,888
2016,Comunidad Foral de Navarra,1.4.-otros contra las personas,34
2016,Comunidad Foral de Navarra,10. orden publico,307
2016,Comunidad Foral de Navarra,11. legislacion especial,1
2016,Comunidad Foral de Navarra,12. otras infracciones penales,176
2016,Comunidad Foral de Navarra,2. contra la libertad,1575
2016,Comunidad Foral de Navarra,2.1.-malos tratos habituales en el ambito familiar,136
2016,Comunidad Foral de Navarra,2.2.-otros contra la libertad,1439
2016,Comunidad Foral de Navarra,3. libertad sexual,179
2016,Comunidad Foral de Navarra,3.1.-agresion sexual,76
2016,Comunidad Foral de Navarra,3.2.-agresion sexual con penetracion,50
2016,Comunidad Foral de Navarra,3.3.-corrupcion de menores o incapacitados,20
2016,Comunidad Foral de Navarra,3.4.-pornografia de menores,7
2016,Comunidad Foral de Navarra,3.5.-otros contra la libertad sexual,26
2016,Comunidad Foral de Navarra,4. relaciones familiares,88
2016,Comunidad Foral de Navarra,5. patrimonio,3402
2016,Comunidad Foral de Navarra,5.1.-hurtos,1245
2016,Comunidad Foral de Navarra,5.2.-robos con fuerza en las cosas,572
2016,Comunidad Foral de Navarra,5.2.1.-robos con fuerza en las cosas en el interior de vehiculos,126
2016,Comunidad Foral de Navarra,5.2.2.-robos con fuerza en viviendas,172
2016,Comunidad Foral de Navarra,5.2.3.-robos con fuerza en establecimientos,109
2016,Comunidad Foral de Navarra,5.3.-robos con violencia o intimidacion,117
2016,Comunidad Foral de Navarra,5.3.1.-robos con violencia en via publica,64
2016,Comunidad Foral de Navarra,5.3.2.-robos con violencia en viviendas,10
2016,Comunidad Foral de Navarra,5.3.3.-robos con violencia en establecimientos,18
2016,Comunidad Foral de Navarra,5.4.-sustraccion de vehiculos,89
2016,Comunidad Foral de Navarra,5.5.-estafas,554
2016,Comunidad Foral de Navarra,5.5.1.-estafas informaticas,248
2016,Comunidad Foral de Navarra,5.6.-danos,530
2016,Comunidad Foral de Navarra,5.7.-contra la propiedad intelectual/industrial,27
2016,Comunidad Foral de Navarra,5.8.-blanqueo de capitales,2
2016,Comunidad Foral de Navarra,5.9.-otros contra el patrimonio,266
2016,Comunidad Foral de Navarra,6. seguridad colectiva,836
2016,Comunidad Foral de Navarra,6.1.-trafico de drogas,217
2016,Comunidad Foral de Navarra,6.2.-contra la seguridad vial,579
2016,Comunidad Foral de Navarra,6.3.-otros contra la seguridad colectiva,40
2016,Comunidad Foral de Navarra,7. falsedades,374
2016,Comunidad Foral de Navarra,8. admon. publica,2
2016,Comunidad Foral de Navarra,9. admon. justicia,356
2016,Comunidad Foral de Navarra,total infracciones penales,9531
2016,Comunidad Valenciana,1. contra las personas,18683
2016,Comunidad Valenciana,1.1.-homicidios dolosos/asesinatos,117
2016,Comunidad Valenciana,1.1.1.-homicidios dolosos/asesinatos consumados,25
2016,Comunidad Valenciana,1.2.-lesiones,9071
2016,Comunidad Valenciana,1.3.-malos tratos ambito familiar,9367
2016,Comunidad Valenciana,1.4.-otros contra las personas,128
2016,Comunidad Valenciana,10. orden publico,2400
2016,Comunidad Valenciana,11. legislacion especial,6
2016,Comunidad Valenciana,12. otras infracciones penales,1051
2016,Comunidad Valenciana,2. contra la libertad,9710
2016,Comunidad Valenciana,2.1.-malos tratos habituales en el ambito familiar,1499
2016,Comunidad Valenciana,2.2.-otros contra la libertad,8211
2016,Comunidad Valenciana,3. libertad sexual,1107
2016,Comunidad Valenciana,3.1.-agresion sexual,637
2016,Comunidad Valenciana,3.2.-agresion sexual con penetracion,168
2016,Comunidad Valenciana,3.3.-corrupcion de menores o incapacitados,43
2016,Comunidad Valenciana,3.4.-pornografia de menores,60
2016,Comunidad Valenciana,3.5.-otros contra la libertad sexual,199
2016,Comunidad Valenciana,4. relaciones familiares,837
2016,Comunidad Valenciana,5. patrimonio,34554
2016,Comunidad Valenciana,5.1.-hurtos,13637
2016,Comunidad Valenciana,5.2.-robos con fuerza en las cosas,6562
2016,Comunidad Valenciana,5.2.1.-robos con fuerza en las cosas en el interior de vehiculos,1407
2016,Comunidad Valenciana,5.2.2.-robos con fuerza en viviendas,2976
2016,Comunidad Valenciana,5.2.3.-robos con fuerza en establecimientos,1212
2016,Comunidad Valenciana,5.3.-robos con violencia o intimidacion,1921
2016,Comunidad Valenciana,5.3.1.-robos con violencia en via publica,1036
2016,Comunidad Valenciana,5.3.2.-robos con violencia en viviendas,194
2016,Comunidad Valenciana,5.3.3.-robos con violencia en establecimientos,495
2016,Comunidad Valenciana,5.4.-sustraccion de vehiculos,1241
2016,Comunidad Valenciana,5.5.-estafas,4658
2016,Comunidad Valenciana,5.5.1.-estafas informaticas,1412
2016,Comunidad Valenciana,5.6.-danos,3442
2016,Comunidad Valenciana,5.7.-contra la propiedad intelectual/industrial,225
2016,Comunidad Valenciana,5.8.-blanqueo de capitales,41
2016,Comunidad Valenciana,5.9.-otros contra el patrimonio,2827
2016,Comunidad Valenciana,6. seguridad colectiva,7146
2016,Comunidad Valenciana,6.1.-trafico de drogas,1588
2016,Comunidad Valenciana,6.2.-contra la seguridad vial,5341
2016,Comunidad Valenciana,6.3.-otros contra la seguridad colectiva,217
2016,Comunidad Valenciana,7. falsedades,1731
2016,Comunidad Valenciana,8. admon. publica,37
2016,Comunidad Valenciana,9. admon. justicia,4065
2016,Comunidad Valenciana,total infracciones penales,81327
2016,Comunidad de Madrid,1. contra las personas,21630
2016,Comunidad de Madrid,1.1.-homicidios dolosos/asesinatos,104
2016,Comunidad de Madrid,1.1.1.-homicidios dolosos/asesinatos consumados,24
2016,Comunidad de Madrid,1.2.-lesiones,9316
2016,Comunidad de Madrid,1.3.-malos tratos ambito familiar,11963
2016,Comunidad de Madrid,1.4.-otros contra las personas,247
2016,Comunidad de Madrid,10. orden publico,3745
2016,Comunidad de Madrid,11. legislacion especial,8
2016,Comunidad de Madrid,12. otras infracciones penales,700
2016,Comunidad de Madrid,2. contra la libertad,9387
2016,Comunidad de Madrid,2.1.-malos tratos habituales en el ambito familiar,1007
2016,Comunidad de Madrid,2.2.-otros contra la libertad,8380
2016,Comunidad de Madrid,3. libertad sexual,1129
2016,Comunidad de Madrid,3.1.-agresion sexual,624
2016,Comunidad de Madrid,3.2.-agresion sexual con penetracion,256
2016,Comunidad de Madrid,3.3.-corrupcion de menores o incapacitados,42
2016,Comunidad de Madrid,3.4.-pornografia de menores,43
2016,Comunidad de Madrid,3.5.-otros contra la libertad sexual,164
2016,Comunidad de Madrid,4. relaciones familiares,752
2016,Comunidad de Madrid,5. patrimonio,42585
2016,Comunidad de Madrid,5.1.-hurtos,22451
2016,Comunidad de Madrid,5.2.-robos con fuerza en las cosas,4840
2016,Comunidad de Madrid,5.2.1.-robos con fuerza en las cosas en el interior de vehiculos,1507
2016,Comunidad de Madrid,5.2.2.-robos con fuerza en viviendas,1579
2016,Comunidad de Madrid,5.2.3.-robos con fuerza en establecimientos,1109
2016,Comunidad de Madrid,5.3.-robos con violencia o intimidacion,2827
2016,Comunidad de Madrid,5.3.1.-robos con violencia en via publica,1721
2016,Comunidad de Madrid,5.3.2.-robos con violencia en viviendas,223
2016,Comunidad de Madrid,5.3.3.-robos con violencia en establecimientos,614
2016,Comunidad de Madrid,5.4.-sustraccion de vehiculos,1495
2016,Comunidad de Madrid,5.5.-estafas,5130
2016,Comunidad de Madrid,5.5.1.-estafas informaticas,1201
2016,Comunidad de Madrid,5.6.-danos,2723
2016,Comunidad de Madrid,5.7.-contra la propiedad intelectual/industrial,236
2016,Comunidad de Madrid,5.8.-blanqueo de capitales,36
2016,Comunidad de Madrid,5.9.-otros contra el patrimonio,2847
2016,Comunidad de Madrid,6. seguridad colectiva,5636
2016,Comunidad de Madrid,6.1.-trafico de drogas,1450
2016,Comunidad de Madrid,6.2.-contra la seguridad vial,4012
2016,Comunidad de Madrid,6.3.-otros contra la seguridad colectiva,174
2016,Comunidad de Madrid,7. falsedades,1599
2016,Comunidad de Madrid,8. admon. publica,72
2016,Comunidad de Madrid,9. admon. justicia,3857
2016,Comunidad de Madrid,total infracciones penales,91100
2016,Extremadura,1. contra las personas,2909
2016,Extremadura,1.1.-homicidios dolosos/asesinatos,17
2016,Extremadura,1.1.1.-homicidios dolosos/asesinatos consumados,7
2016,Extremadura,1.2.-lesiones,1842
2016,Extremadura,1.3.-malos tratos ambito familiar,1020
2016,Extremadura,1.4.-otros contra las personas,30
2016,Extremadura,10. orden publico,282
2016,Extremadura,11. legislacion especial,0
2016,Extremadura,12. otras infracciones penales,183
2016,Extremadura,2. contra la libertad,1778
2016,Extremadura,2.1.-malos tratos habituales en el ambito familiar,251
2016,Extremadura,2.2.-otros contra la libertad,1527
2016,Extremadura,3. libertad sexual,140
2016,Extremadura,3.1.-agresion sexual,83
2016,Extremadura,3.2.-agresion sexual con penetracion,20
2016,Extremadura,3.3.-corrupcion de menores o incapacitados,11
2016,Extremadura,3.4.-pornografia de menores,7
2016,Extremadura,3.5.-otros contra la libertad sexual,19
2016,Extremadura,4. relaciones familiares,195
2016,Extremadura,5. patrimonio,4089
2016,Extremadura,5.1.-hurtos,1633
2016,Extremadura,5.2.-robos con fuerza en las cosas,721
2016,Extremadura,5.2.1.-robos con fuerza en las cosas en el interior de vehiculos,171
2016,Extremadura,5.2.2.-robos con fuerza en viviendas,210
2016,Extremadura,5.2.3.-robos con fuerza en establecimientos,177
2016,Extremadura,5.3.-robos con violencia o intimidacion,150
2016,Extremadura,5.3.1.-robos con violencia en via publica,75
2016,Extremadura,5.3.2.-robos con violencia en viviendas,20
2016,Extremadura,5.3.3.-robos con violencia en establecimientos,39
2016,Extremadura,5.4.-sustraccion de vehiculos,101
2016,Extremadura,5.5.-estafas,667
2016,Extremadura,5.5.1.-estafas informaticas,268
2016,Extremadura,5.6.-danos,465
2016,Extremadura,5.7.-contra la propiedad intelectual/industrial,36
2016,Extremadura,5.8.-blanqueo de capitales,3
2016,Extremadura,5.9.-otros contra el patrimonio,313
2016,Extremadura,6. seguridad colectiva,872
2016,Extremadura,6.1.-trafico de drogas,193
2016,Extremadura,6.2.-contra la seguridad vial,644
2016,Extremadura,6.3.-otros contra la seguridad colectiva,35
2016,Extremadura,7. falsedades,170
2016,Extremadura,8. admon. publica,8
2016,Extremadura,9. admon. justicia,594
2016,Extremadura,total infracciones penales,11220
2016,Galicia,1. contra las personas,7165
2016,Galicia,1.1.-homicidios dolosos/asesinatos,30
2016,Galicia,1.1.1.-homicidios dolosos/asesinatos consumados,11
2016,Galicia,1.2.-lesiones,4347
2016,Galicia,1.3.-malos tratos ambito familiar,2690
2016,Galicia,1.4.-otros contra las personas,98
2016,Galicia,10. orden publico,731
2016,Galicia,11. legislacion especial,3
2016,Galicia,12. otras infracciones penales,497
2016,Galicia,2. contra la libertad,4905
2016,Galicia,2.1.-malos tratos habituales en el ambito familiar,695
2016,Galicia,2.2.-otros contra la libertad,4210
2016,Galicia,3. libertad sexual,339
2016,Galicia,3.1.-agresion sexual,194
2016,Galicia,3.2.-agresion sexual con penetracion,57
2016,Galicia,3.3.-corrupcion de menores o incapacitados,13
2016,Galicia,3.4.-pornografia de menores,26
2016,Galicia,3.5.-otros contra la libertad sexual,49
2016,Galicia,4. relaciones familiares,229
2016,Galicia,5. patrimonio,12049
2016,Galicia,5.1.-hurtos,4644
2016,Galicia,5.2.-robos con fuerza en las cosas,2265
2016,Galicia,5.2.1.-robos con fuerza en las cosas en el interior de vehiculos,478
2016,Galicia,5.2.2.-robos con fuerza en viviendas,831
2016,Galicia,5.2.3.-robos con fuerza en establecimientos,586
2016,Galicia,5.3.-robos con violencia o intimidacion,534
2016,Galicia,5.3.1.-robos con violencia en via publica,242
2016,Galicia,5.3.2.-robos con violencia en viviendas,74
2016,Galicia,5.3.3.-robos con violencia en establecimientos,156
2016,Galicia,5.4.-sustraccion de vehiculos,380
2016,Galicia,5.5.-estafas,1713
2016,Galicia,5.5.1.-estafas informaticas,646
2016,Galicia,5.6.-danos,1787
2016,Galicia,5.7.-contra la propiedad intelectual/industrial,46
2016,Galicia,5.8.-blanqueo de capitales,10
2016,Galicia,5.9.-otros contra el patrimonio,670
2016,Galicia,6. seguridad colectiva,3949
2016,Galicia,6.1.-trafico de drogas,339
2016,Galicia,6.2.-contra la seguridad vial,3514
2016,Galicia,6.3.-otros contra la seguridad colectiva,96
2016,Galicia,7. falsedades,345
2016,Galicia,8. admon. publica,9
2016,Galicia,9. admon. justicia,1060
2016,Galicia,total infracciones penales,31281
2016,Illes Balears,1. contra las personas,5570
2016,Illes Balears,1.1.-homicidios dolosos/asesinatos,30
2016,Illes Balears,1.1.1.-homicidios dolosos/asesinatos consumados,8
2016,Illes Balears,1.2.-lesiones,2501
2016,Illes Balears,1.3.-malos tratos ambito familiar,2994
2016,Illes Balears,1.4.-otros contra las personas,45
2016,Illes Balears,10. orden publico,631
2016,Illes Balears,11. legislacion especial,3
2016,Illes Balears,12. otras infracciones penales,218
2016,Illes Balears,2. contra la libertad,3148
2016,Illes Balears,2.1.-malos tratos habituales en el ambito familiar,506
2016,Illes Balears,2.2.-otros contra la libertad,2642
2016,Illes Balears,3. libertad sexual,296
2016,Illes Balears,3.1.-agresion sexual,173
2016,Illes Balears,3.2.-agresion sexual con penetracion,49
2016,Illes Balears,3.3.-corrupcion de menores o incapacitados,24
2016,Illes Balears,3.4.-pornografia de menores,5
2016,Illes Balears,3.5.-otros contra la libertad sexual,45
2016,Illes Balears,4. relaciones familiares,176
2016,Illes Balears,5. patrimonio,8527
2016,Illes Balears,5.1.-hurtos,3468
2016,Illes Balears,5.2.-robos con fuerza en las cosas,1633
2016,Illes Balears,5.2.1.-robos con fuerza en las cosas en el interior de vehiculos,333
2016,Illes Balears,5.2.2.-robos con fuerza en viviendas,664
2016,Illes Balears,5.2.3.-robos con fuerza en establecimientos,345
2016,Illes Balears,5.3.-robos con violencia o intimidacion,356
2016,Illes Balears,5.3.1.-robos con violencia en via publica,192
2016,Illes Balears,5.3.2.-robos con violencia en viviendas,37
2016,Illes Balears,5.3.3.-robos con violencia en establecimientos,81
2016,Illes Balears,5.4.-sustraccion de vehiculos,498
2016,Illes Balears,5.5.-estafas,914
2016,Illes Balears,5.5.1.-estafas informaticas,196
2016,Illes Balears,5.6.-danos,881
2016,Illes Balears,5.7.-contra la propiedad intelectual/industrial,76
2016,Illes Balears,5.8.-blanqueo de capitales,4
2016,Illes Balears,5.9.-otros contra el patrimonio,697
2016,Illes Balears,6. seguridad colectiva,2238
2016,Illes Balears,6.1.-trafico de drogas,469
2016,Illes Balears,6.2.-contra la seguridad vial,1720
2016,Illes Balears,6.3.-otros contra la seguridad colectiva,49
2016,Illes Balears,7. falsedades,309
2016,Illes Balears,8. admon. publica,22
2016,Illes Balears,9. admon. justicia,948
2016,Illes Balears,total infracciones penales,22086
2016,La Rioja,1. contra las personas,888
2016,La Rioja,1.1.-homicidios dolosos/asesinatos,3
2016,La Rioja,1.1.1.-homicidios dolosos/asesinatos consumados,0
2016,La Rioja,1.2.-lesiones,468
2016,La Rioja,1.3.-malos tratos ambito familiar,405
2016,La Rioja,1.4.-otros contra las personas,12
2016,La Rioja,10. orden publico,109
2016,La Rioja,11. legislacion especial,1
2016,La Rioja,12. otras infracciones penales,39
2016,La Rioja,2. contra la libertad,365
2016,La Rioja,2.1.-malos tratos habituales en el ambito familiar,42
2016,La Rioja,2.2.-otros contra la libertad,323
2016,La Rioja,3. libertad sexual,41
2016,La Rioja,3.1.-agresion sexual,29
2016,La Rioja,3.2.-agresion sexual con penetracion,7
2016,La Rioja,3.3.-corrupcion de menores o incapacitados,2
2016,La Rioja,3.4.-pornografia de menores,1
2016,La Rioja,3.5.-otros contra la libertad sexual,2
2016,La Rioja,4. relaciones familiares,18
2016,La Rioja,5. patrimonio,1149
2016,La Rioja,5.1.-hurtos,583
2016,La Rioja,5.2.-robos con fuerza en las cosas,175
2016,La Rioja,5.2.1.-robos con fuerza en las cosas en el interior de vehiculos,33
2016,La Rioja,5.2.2.-robos con fuerza en viviendas,60
2016,La Rioja,5.2.3.-robos con fuerza en establecimientos,44
2016,La Rioja,5.3.-robos con violencia o intimidacion,45
2016,La Rioja,5.3.1.-robos con violencia en via publica,25
2016,La Rioja,5.3.2.-robos con violencia en viviendas,3
2016,La Rioja,5.3.3.-robos con violencia en establecimientos,16
2016,La Rioja,5.4.-sustraccion de vehiculos,23
2016,La Rioja,5.5.-estafas,124
2016,La Rioja,5.5.1.-estafas informaticas,34
2016,La Rioja,5.6.-danos,128
2016,La Rioja,5.7.-contra la propiedad intelectual/industrial,8
2016,La Rioja,5.8.-blanqueo de capitales,2
2016,La Rioja,5.9.-otros contra el patrimonio,61
2016,La Rioja,6. seguridad colectiva,341
2016,La Rioja,6.1.-trafico de drogas,63
2016,La Rioja,6.2.-contra la seguridad vial,272
2016,La Rioja,6.3.-otros contra la seguridad colectiva,6
2016,La Rioja,7. falsedades,56
2016,La Rioja,8. admon. publica,2
2016,La Rioja,9. admon. justicia,160
2016,La Rioja,total infracciones penales,3169
2016,Melilla,1. contra las personas,788
2016,Melilla,1.1.-homicidios dolosos/asesinatos,9
2016,Melilla,1.1.1.-homicidios dolosos/asesinatos consumados,1
2016,Melilla,1.2.-lesiones,481
2016,Melilla,1.3.-malos tratos ambito familiar,292
2016,Melilla,1.4.-otros contra las personas,6
2016,Melilla,10. orden publico,126
2016,Melilla,11. legislacion especial,0
2016,Melilla,12. otras infracciones penales,111
2016,Melilla,2. contra la libertad,255
2016,Melilla,2.1.-malos tratos habituales en el ambito familiar,12
2016,Melilla,2.2.-otros contra la libertad,243
2016,Melilla,3. libertad sexual,43
2016,Melilla,3.1.-agresion sexual,39
2016,Melilla,3.2.-agresion sexual con penetracion,2
2016,Melilla,3.3.-corrupcion de menores o incapacitados,0
2016,Melilla,3.4.-pornografia de menores,0
2016,Melilla,3.5.-otros contra la libertad sexual,2
2016,Melilla,4. relaciones familiares,23
2016,Melilla,5. patrimonio,993
2016,Melilla,5.1.-hurtos,350
2016,Melilla,5.2.-robos con fuerza en las cosas,198
2016,Melilla,5.2.1.-robos con fuerza en las cosas en el interior de vehiculos,107
2016,Melilla,5.2.2.-robos con fuerza en viviendas,54
2016,Melilla,5.2.3.-robos con fuerza en establecimientos,17
2016,Melilla,5.3.-robos con violencia o intimidacion,221
2016,Melilla,5.3.1.-robos con violencia en via publica,186
2016,Melilla,5.3.2.-robos con violencia en viviendas,1
2016,Melilla,5.3.3.-robos con violencia en establecimientos,2
2016,Melilla,5.4.-sustraccion de vehiculos,23
2016,Melilla,5.5.-estafas,49
2016,Melilla,5.5.1.-estafas informaticas,12
2016,Melilla,5.6.-danos,94
2016,Melilla,5.7.-contra la propiedad intelectual/industrial,5
2016,Melilla,5.8.-blanqueo de capitales,1
2016,Melilla,5.9.-otros contra el patrimonio,52
2016,Melilla,6. seguridad colectiva,216
2016,Melilla,6.1.-trafico de drogas,80
2016,Melilla,6.2.-contra la seguridad vial,100
2016,Melilla,6.3.-otros contra la seguridad colectiva,36
2016,Melilla,7. falsedades,49
2016,Melilla,8. admon. publica,3
2016,Melilla,9. admon. justicia,76
2016,Melilla,total infracciones penales,2683
2016,País Vasco,1. contra las personas,27
2016,País Vasco,1.1.-homicidios dolosos/asesinatos,0
2016,País Vasco,1.1.1.-homicidios dolosos/asesinatos consumados,0
2016,País Vasco,1.2.-lesiones,12
2016,País Vasco,1.3.-malos tratos ambito familiar,15
2016,País Vasco,1.4.-otros contra las personas,0
2016,País Vasco,10. orden publico,27
2016,País Vasco,11. legislacion especial,1
2016,País Vasco,12. otras infracciones penales,25
2016,País Vasco,2. contra la libertad,38
2016,País Vasco,2.1.-malos tratos habituales en el ambito familiar,2
2016,País Vasco,2.2.-otros contra la libertad,36
2016,País Vasco,3. libertad sexual,36
2016,País Vasco,3.1.-agresion sexual,4
2016,País Vasco,3.2.-agresion sexual con penetracion,0
2016,País Vasco,3.3.-corrupcion de menores o incapacitados,0
2016,País Vasco,3.4.-pornografia de menores,27
2016,País Vasco,3.5.-otros contra la libertad sexual,5
2016,País Vasco,4. relaciones familiares,9
2016,País Vasco,5. patrimonio,303
2016,País Vasco,5.1.-hurtos,54
2016,País Vasco,5.2.-robos con fuerza en las cosas,19
2016,País Vasco,5.2.1.-robos con fuerza en las cosas en el interior de vehiculos,0
2016,País Vasco,5.2.2.-robos con fuerza en viviendas,13
2016,País Vasco,5.2.3.-robos con fuerza en establecimientos,1
2016,País Vasco,5.3.-robos con violencia o intimidacion,3
2016,País Vasco,5.3.1.-robos con violencia en via publica,0
2016,País Vasco,5.3.2.-robos con violencia en viviendas,2
2016,País Vasco,5.3.3.-robos con violencia en establecimientos,0
2016,País Vasco,5.4.-sustraccion de vehiculos,26
2016,País Vasco,5.5.-estafas,174
2016,País Vasco,5.5.1.-estafas informaticas,99
2016,País Vasco,5.6.-danos,4
2016,País Vasco,5.7.-contra la propiedad intelectual/industrial,2
2016,País Vasco,5.8.-blanqueo de capitales,3
2016,País Vasco,5.9.-otros contra el patrimonio,18
2016,País Vasco,6. seguridad colectiva,49
2016,País Vasco,6.1.-trafico de drogas,41
2016,País Vasco,6.2.-contra la seguridad vial,4
2016,País Vasco,6.3.-otros contra la seguridad colectiva,4
2016,País Vasco,7. falsedades,117
2016,País Vasco,8. admon. publica,3
2016,País Vasco,9. admon. justicia,32
2016,País Vasco,total infracciones penales,667
2016,Principado de Asturias,1. contra las personas,2990
2016,Principado de Asturias,1.1.-homicidios dolosos/asesinatos,21
2016,Principado de Asturias,1.1.1.-homicidios dolosos/asesinatos consumados,5
2016,Principado de Asturias,1.2.-lesiones,1741
2016,Principado de Asturias,1.3.-malos tratos ambito familiar,1182
2016,Principado de Asturias,1.4.-otros contra las personas,46
2016,Principado de Asturias,10. orden publico,362
2016,Principado de Asturias,11. legislacion especial,0
2016,Principado de Asturias,12. otras infracciones penales,176
2016,Principado de Asturias,2. contra la libertad,1617
2016,Principado de Asturias,2.1.-malos tratos habituales en el ambito familiar,133
2016,Principado de Asturias,2.2.-otros contra la libertad,1484
2016,Principado de Asturias,3. libertad sexual,116
2016,Principado de Asturias,3.1.-agresion sexual,65
2016,Principado de Asturias,3.2.-agresion sexual con penetracion,20
2016,Principado de Asturias,3.3.-corrupcion de menores o incapacitados,2
2016,Principado de Asturias,3.4.-pornografia de menores,8
2016,Principado de Asturias,3.5.-otros contra la libertad sexual,21
2016,Principado de Asturias,4. relaciones familiares,104
2016,Principado de Asturias,5. patrimonio,4709
2016,Principado de Asturias,5.1.-hurtos,1809
2016,Principado de Asturias,5.2.-robos con fuerza en las cosas,802
2016,Principado de Asturias,5.2.1.-robos con fuerza en las cosas en el interior de vehiculos,140
2016,Principado de Asturias,5.2.2.-robos con fuerza en viviendas,210
2016,Principado de Asturias,5.2.3.-robos con fuerza en establecimientos,284
2016,Principado de Asturias,5.3.-robos con violencia o intimidacion,267
2016,Principado de Asturias,5.3.1.-robos con violencia en via publica,138
2016,Principado de Asturias,5.3.2.-robos con violencia en viviendas,23
2016,Principado de Asturias,5.3.3.-robos con violencia en establecimientos,71
2016,Principado de Asturias,5.4.-sustraccion de vehiculos,169
2016,Principado de Asturias,5.5.-estafas,754
2016,Principado de Asturias,5.5.1.-estafas informaticas,288
2016,Principado de Asturias,5.6.-danos,570
2016,Principado de Asturias,5.7.-contra la propiedad intelectual/industrial,10
2016,Principado de Asturias,5.8.-blanqueo de capitales,0
2016,Principado de Asturias,5.9.-otros contra el patrimonio,328
2016,Principado de Asturias,6. seguridad colectiva,1101
2016,Principado de Asturias,6.1.-trafico de drogas,103
2016,Principado de Asturias,6.2.-contra la seguridad vial,942
2016,Principado de Asturias,6.3.-otros contra la seguridad colectiva,56
2016,Principado de Asturias,7. falsedades,138
2016,Principado de Asturias,8. admon. publica,0
2016,Principado de Asturias,9. admon. justicia,515
2016,Principado de Asturias,total infracciones penales,11828
2016,Región de Murcia,1. contra las personas,5172
2016,Región de Murcia,1.1.-homicidios dolosos/asesinatos,32
2016,Región de Murcia,1.1.1.-homicidios dolosos/asesinatos consumados,12
2016,Región de Murcia,1.2.-lesiones,2602
2016,Región de Murcia,1.3.-malos tratos ambito familiar,2505
2016,Región de Murcia,1.4.-otros contra las personas,33
2016,Región de Murcia,10. orden publico,529
2016,Región de Murcia,11. legislacion especial,0
2016,Región de Murcia,12. otras infracciones penales,237
2016,Región de Murcia,2. contra la libertad,2509
2016,Región de Murcia,2.1.-malos tratos habituales en el ambito familiar,315
2016,Región de Murcia,2.2.-otros contra la libertad,2194
2016,Región de Murcia,3. libertad sexual,299
2016,Región de Murcia,3.1.-agresion sexual,178
2016,Región de Murcia,3.2.-agresion sexual con penetracion,41
2016,Región de Murcia,3.3.-corrupcion de menores o incapacitados,10
2016,Región de Murcia,3.4.-pornografia de menores,14
2016,Región de Murcia,3.5.-otros contra la libertad sexual,56
2016,Región de Murcia,4. relaciones familiares,513
2016,Región de Murcia,5. patrimonio,8165
2016,Región de Murcia,5.1.-hurtos,3122
2016,Región de Murcia,5.2.-robos con fuerza en las cosas,1957
2016,Región de Murcia,5.2.1.-robos con fuerza en las cosas en el interior de vehiculos,595
2016,Región de Murcia,5.2.2.-robos con fuerza en viviendas,759
2016,Región de Murcia,5.2.3.-robos con fuerza en establecimientos,327
2016,Región de Murcia,5.3.-robos con violencia o intimidacion,535
2016,Región de Murcia,5.3.1.-robos con violencia en via publica,317
2016,Región de Murcia,5.3.2.-robos con violencia en viviendas,59
2016,Región de Murcia,5.3.3.-robos con violencia en establecimientos,113
2016,Región de Murcia,5.4.-sustraccion de vehiculos,305
2016,Región de Murcia,5.5.-estafas,983
2016,Región de Murcia,5.5.1.-estafas informaticas,287
2016,Región de Murcia,5.6.-danos,725
2016,Región de Murcia,5.7.-contra la propiedad intelectual/industrial,44
2016,Región de Murcia,5.8.-blanqueo de capitales,4
2016,Región de Murcia,5.9.-otros contra el patrimonio,490
2016,Región de Murcia,6. seguridad colectiva,1241
2016,Región de Murcia,6.1.-trafico de drogas,256
2016,Región de Murcia,6.2.-contra la seguridad vial,928
2016,Región de Murcia,6.3.-otros contra la seguridad colectiva,57
2016,Región de Murcia,7. falsedades,283
2016,Región de Murcia,8. admon. publica,9
2016,Región de Murcia,9. admon. justicia,901
2016,Región de Murcia,total infracciones penales,19858
2017,Andalucía,1. contra las personas,31647
2017,Andalucía,1.1.-homicidios dolosos/asesinatos,246
2017,Andalucía,1.1.1.-homicidios dolosos/asesinatos consumados,52
2017,Andalucía,1.2.-lesiones,16767
2017,Andalucía,1.3.-malos tratos ambito familiar,14166
2017,Andalucía,1.4.-otros contra las personas,468
2017,Andalucía,10. orden publico,3473
2017,Andalucía,11. legislacion especial,85
2017,Andalucía,12. otras infracciones penales,1845
2017,Andalucía,2. contra la libertad,20640
2017,Andalucía,2.1.-malos tratos habituales en el ambito familiar,2844
2017,Andalucía,2.2.-otros contra la libertad,17796
2017,Andalucía,3. libertad sexual,1642
2017,Andalucía,3.1.-agresion sexual,953
2017,Andalucía,3.2.-agresion sexual con penetracion,238
2017,Andalucía,3.3.-corrupcion de menores o incapacitados,85
2017,Andalucía,3.4.-pornografia de menores,109
2017,Andalucía,3.5.-otros contra la libertad sexual,257
2017,Andalucía,4. relaciones familiares,1506
2017,Andalucía,5. patrimonio,51251
2017,Andalucía,5.1.-hurtos,19097
2017,Andalucía,5.2.-robos con fuerza en las cosas,8975
2017,Andalucía,5.2.1.-robos con fuerza en las cosas en el interior de vehiculos,2515
2017,Andalucía,5.2.2.-robos con fuerza en viviendas,3204
2017,Andalucía,5.2.3.-robos con fuerza en establecimientos,1882
2017,Andalucía,5.3.-robos con violencia o intimidacion,2889
2017,Andalucía,5.3.1.-robos con violencia en via publica,1610
2017,Andalucía,5.3.2.-robos con violencia en viviendas,293
2017,Andalucía,5.3.3.-robos con violencia en establecimientos,697
2017,Andalucía,5.4.-sustraccion de vehiculos,2086
2017,Andalucía,5.5.-estafas,7377
2017,Andalucía,5.5.1.-estafas informaticas,2649
2017,Andalucía,5.6.-danos,5310
2017,Andalucía,5.7.-contra la propiedad intelectual/industrial,417
2017,Andalucía,5.8.-blanqueo de capitales,54
2017,Andalucía,5.9.-otros contra el patrimonio,5046
2017,Andalucía,6. seguridad colectiva,12384
2017,Andalucía,6.1.-trafico de drogas,3169
2017,Andalucía,6.2.-contra la seguridad vial,8864
2017,Andalucía,6.3.-otros contra la seguridad colectiva,351
2017,Andalucía,7. falsedades,2133
2017,Andalucía,8. admon. publica,98
2017,Andalucía,9. admon. justicia,6057
2017,Andalucía,total infracciones penales,132761
2017,Aragón,1. contra las personas,3806
2017,Aragón,1.1.-homicidios dolosos/asesinatos,24
2017,Aragón,1.1.1.-homicidios dolosos/asesinatos consumados,8
2017,Aragón,1.2.-lesiones,1804
2017,Aragón,1.3.-malos tratos ambito familiar,1929
2017,Aragón,1.4.-otros contra las personas,49
2017,Aragón,10. orden publico,445
2017,Aragón,11. legislacion especial,1
2017,Aragón,12. otras infracciones penales,186
2017,Aragón,2. contra la libertad,1768
2017,Aragón,2.1.-malos tratos habituales en el ambito familiar,249
2017,Aragón,2.2.-otros contra la libertad,1519
2017,Aragón,3. libertad sexual,226
2017,Aragón,3.1.-agresion sexual,126
2017,Aragón,3.2.-agresion sexual con penetracion,39
2017,Aragón,3.3.-corrupcion de menores o incapacitados,13
2017,Aragón,3.4.-pornografia de menores,18
2017,Aragón,3.5.-otros contra la libertad sexual,30
2017,Aragón,4. relaciones familiares,159
2017,Aragón,5. patrimonio,6140
2017,Aragón,5.1.-hurtos,2452
2017,Aragón,5.2.-robos con fuerza en las cosas,909
2017,Aragón,5.2.1.-robos con fuerza en las cosas en el interior de vehiculos,160
2017,Aragón,5.2.2.-robos con fuerza en viviendas,390
2017,Aragón,5.2.3.-robos con fuerza en establecimientos,178
2017,Aragón,5.3.-robos con violencia o intimidacion,347
2017,Aragón,5.3.1.-robos con violencia en via publica,191
2017,Aragón,5.3.2.-robos con violencia en viviendas,28
2017,Aragón,5.3.3.-robos con violencia en establecimientos,98
2017,Aragón,5.4.-sustraccion de vehiculos,126
2017,Aragón,5.5.-estafas,1056
2017,Aragón,5.5.1.-estafas informaticas,342
2017,Aragón,5.6.-danos,770
2017,Aragón,5.7.-contra la propiedad intelectual/industrial,16
2017,Aragón,5.8.-blanqueo de capitales,3
2017,Aragón,5.9.-otros contra el patrimonio,461
2017,Aragón,6. seguridad colectiva,1057
2017,Aragón,6.1.-trafico de drogas,262
2017,Aragón,6.2.-contra la seguridad vial,753
2017,Aragón,6.3.-otros contra la seguridad colectiva,42
2017,Aragón,7. falsedades,221
2017,Aragón,8. admon. publica,6
2017,Aragón,9. admon. justicia,606
2017,Aragón,total infracciones penales,14621
2017,Canarias,1. contra las personas,10869
2017,Canarias,1.1.-homicidios dolosos/asesinatos,54
2017,Canarias,1.1.1.-homicidios dolosos/asesinatos consumados,21
2017,Canarias,1.2.-lesiones,6016
2017,Canarias,1.3.-malos tratos ambito familiar,4668
2017,Canarias,1.4.-otros contra las personas,131
2017,Canarias,10. orden publico,871
2017,Canarias,11. legislacion especial,1
2017,Canarias,12. otras infracciones penales,269
2017,Canarias,2. contra la libertad,7969
2017,Canarias,2.1.-malos tratos habituales en el ambito familiar,759
2017,Canarias,2.2.-otros contra la libertad,7210
2017,Canarias,3. libertad sexual,526
2017,Canarias,3.1.-agresion sexual,297
2017,Canarias,3.2.-agresion sexual con penetracion,103
2017,Canarias,3.3.-corrupcion de menores o incapacitados,26
2017,Canarias,3.4.-pornografia de menores,34
2017,Canarias,3.5.-otros contra la libertad sexual,66
2017,Canarias,4. relaciones familiares,828
2017,Canarias,5. patrimonio,14962
2017,Canarias,5.1.-hurtos,5816
2017,Canarias,5.2.-robos con fuerza en las cosas,2586
2017,Canarias,5.2.1.-robos con fuerza en las cosas en el interior de vehiculos,619
2017,Canarias,5.2.2.-robos con fuerza en viviendas,768
2017,Canarias,5.2.3.-robos con fuerza en establecimientos,598
2017,Canarias,5.3.-robos con violencia o intimidacion,634
2017,Canarias,5.3.1.-robos con violencia en via publica,334
2017,Canarias,5.3.2.-robos con violencia en viviendas,70
2017,Canarias,5.3.3.-robos con violencia en establecimientos,150
2017,Canarias,5.4.-sustraccion de vehiculos,609
2017,Canarias,5.5.-estafas,1975
2017,Canarias,5.5.1.-estafas informaticas,535
2017,Canarias,5.6.-danos,1922
2017,Canarias,5.7.-contra la propiedad intelectual/industrial,68
2017,Canarias,5.8.-blanqueo de capitales,15
2017,Canarias,5.9.-otros contra el patrimonio,1337
2017,Canarias,6. seguridad colectiva,3153
2017,Canarias,6.1.-trafico de drogas,597
2017,Canarias,6.2.-contra la seguridad vial,2493
2017,Canarias,6.3.-otros contra la seguridad colectiva,63
2017,Canarias,7. falsedades,679
2017,Canarias,8. admon. publica,129
2017,Canarias,9. admon. justicia,1522
2017,Canarias,total infracciones penales,41778
2017,Cantabria,1. contra las personas,1779
2017,Cantabria,1.1.-homicidios dolosos/asesinatos,6
2017,Cantabria,1.1.1.-homicidios dolosos/asesinatos consumados,2
2017,Cantabria,1.2.-lesiones,1159
2017,Cantabria,1.3.-malos tratos ambito familiar,562
2017,Cantabria,1.4.-otros contra las personas,52
2017,Cantabria,10. orden publico,164
2017,Cantabria,11. legislacion especial,1
2017,Cantabria,12. otras infracciones penales,87
2017,Cantabria,2. contra la libertad,1156
2017,Cantabria,2.1.-malos tratos habituales en el ambito familiar,124
2017,Cantabria,2.2.-otros contra la libertad,1032
2017,Cantabria,3. libertad sexual,78
2017,Cantabria,3.1.-agresion sexual,48
2017,Cantabria,3.2.-agresion sexual con penetracion,16
2017,Cantabria,3.3.-corrupcion de menores o incapacitados,1
2017,Cantabria,3.4.-pornografia de menores,4
2017,Cantabria,3.5.-otros contra la libertad sexual,9
2017,Cantabria,4. relaciones familiares,50
2017,Cantabria,5. patrimonio,3014
2017,Cantabria,5.1.-hurtos,1224
2017,Cantabria,5.2.-robos con fuerza en las cosas,536
2017,Cantabria,5.2.1.-robos con fuerza en las cosas en el interior de vehiculos,52
2017,Cantabria,5.2.2.-robos con fuerza en viviendas,187
2017,Cantabria,5.2.3.-robos con fuerza en establecimientos,196
2017,Cantabria,5.3.-robos con violencia o intimidacion,80
2017,Cantabria,5.3.1.-robos con violencia en via publica,36
2017,Cantabria,5.3.2.-robos con violencia en viviendas,10
2017,Cantabria,5.3.3.-robos con violencia en establecimientos,22
2017,Cantabria,5.4.-sustraccion de vehiculos,72
2017,Cantabria,5.5.-estafas,443
2017,Cantabria,5.5.1.-estafas informaticas,191
2017,Cantabria,5.6.-danos,444
2017,Cantabria,5.7.-contra la propiedad intelectual/industrial,4
2017,Cantabria,5.8.-blanqueo de capitales,2
2017,Cantabria,5.9.-otros contra el patrimonio,209
2017,Cantabria,6. seguridad colectiva,682
2017,Cantabria,6.1.-trafico de drogas,61
2017,Cantabria,6.2.-contra la seguridad vial,594
2017,Cantabria,6.3.-otros contra la seguridad colectiva,27
2017,Cantabria,7. falsedades,65
2017,Cantabria,8. admon. publica,1
2017,Cantabria,9. admon. justicia,264
2017,Cantabria,total infracciones penales,7341
2017,Castilla y León,1. contra las personas,6480
2017,Castilla y León,1.1.-homicidios dolosos/asesinatos,29
2017,Castilla y León,1.1.1.-homicidios dolosos/asesinatos consumados,13
2017,Castilla y León,1.2.-lesiones,4001
2017,Castilla y León,1.3.-malos tratos ambito familiar,2347
2017,Castilla y León,1.4.-otros contra las personas,103
2017,Castilla y León,10. orden publico,674
2017,Castilla y León,11. legislacion especial,8
2017,Castilla y León,12. otras infracciones penales,413
2017,Castilla y León,2. contra la libertad,4338
2017,Castilla y León,2.1.-malos tratos habituales en el ambito familiar,527
2017,Castilla y León,2.2.-otros contra la libertad,3811
2017,Castilla y León,3. libertad sexual,314
2017,Castilla y León,3.1.-agresion sexual,184
2017,Castilla y León,3.2.-agresion sexual con penetracion,49
2017,Castilla y León,3.3.-corrupcion de menores o incapacitados,17
2017,Castilla y León,3.4.-pornografia de menores,21
2017,Castilla y León,3.5.-otros contra la libertad sexual,43
2017,Castilla y León,4. relaciones familiares,224
2017,Castilla y León,5. patrimonio,11678
2017,Castilla y León,5.1.-hurtos,4355
2017,Castilla y León,5.2.-robos con fuerza en las cosas,2160
2017,Castilla y León,5.2.1.-robos con fuerza en las cosas en el interior de vehiculos,502
2017,Castilla y León,5.2.2.-robos con fuerza en viviendas,614
2017,Castilla y León,5.2.3.-robos con fuerza en establecimientos,524
2017,Castilla y León,5.3.-robos con violencia o intimidacion,339
2017,Castilla y León,5.3.1.-robos con violencia en via publica,181
2017,Castilla y León,5.3.2.-robos con violencia en viviendas,28
2017,Castilla y León,5.3.3.-robos con violencia en establecimientos,91
2017,Castilla y León,5.4.-sustraccion de vehiculos,262
2017,Castilla y León,5.5.-estafas,2153
2017,Castilla y León,5.5.1.-estafas informaticas,914
2017,Castilla y León,5.6.-danos,1634
2017,Castilla y León,5.7.-contra la propiedad intelectual/industrial,59
2017,Castilla y León,5.8.-blanqueo de capitales,6
2017,Castilla y León,5.9.-otros contra el patrimonio,710
2017,Castilla y León,6. seguridad colectiva,2333
2017,Castilla y León,6.1.-trafico de drogas,308
2017,Castilla y León,6.2.-contra la seguridad vial,1933
2017,Castilla y León,6.3.-otros contra la seguridad colectiva,92
2017,Castilla y León,7. falsedades,380
2017,Castilla y León,8. admon. publica,22
2017,Castilla y León,9. admon. justicia,1055
2017,Castilla y León,total infracciones penales,27919
2017,Castilla-La Mancha,1. contra las personas,6003
2017,Castilla-La Mancha,1.1.-homicidios dolosos/asesinatos,41
2017,Castilla-La Mancha,1.1.1.-homicidios dolosos/asesinatos consumados,12
2017,Castilla-La Mancha,1.2.-lesiones,3266
2017,Castilla-La Mancha,1.3.-malos tratos ambito familiar,2606
2017,Castilla-La Mancha,1.4.-otros contra las personas,90
2017,Castilla-La Mancha,10. orden publico,638
2017,Castilla-La Mancha,11. legislacion especial,6
2017,Castilla-La Mancha,12. otras infracciones penales,417
2017,Castilla-La Mancha,2. contra la libertad,3790
2017,Castilla-La Mancha,2.1.-malos tratos habituales en el ambito familiar,593
2017,Castilla-La Mancha,2.2.-otros contra la libertad,3197
2017,Castilla-La Mancha,3. libertad sexual,321
2017,Castilla-La Mancha,3.1.-agresion sexual,183
2017,Castilla-La Mancha,3.2.-agresion sexual con penetracion,46
2017,Castilla-La Mancha,3.3.-corrupcion de menores o incapacitados,22
2017,Castilla-La Mancha,3.4.-pornografia de menores,18
2017,Castilla-La Mancha,3.5.-otros contra la libertad sexual,52
2017,Castilla-La Mancha,4. relaciones familiares,320
2017,Castilla-La Mancha,5. patrimonio,10396
2017,Castilla-La Mancha,5.1.-hurtos,3090
2017,Castilla-La Mancha,5.2.-robos con fuerza en las cosas,2631
2017,Castilla-La Mancha,5.2.1.-robos con fuerza en las cosas en el interior de vehiculos,396
2017,Castilla-La Mancha,5.2.2.-robos con fuerza en viviendas,1082
2017,Castilla-La Mancha,5.2.3.-robos con fuerza en establecimientos,617
2017,Castilla-La Mancha,5.3.-robos con violencia o intimidacion,402
2017,Castilla-La Mancha,5.3.1.-robos con violencia en via publica,199
2017,Castilla-La Mancha,5.3.2.-robos con violencia en viviendas,43
2017,Castilla-La Mancha,5.3.3.-robos con violencia en establecimientos,108
2017,Castilla-La Mancha,5.4.-sustraccion de vehiculos,311
2017,Castilla-La Mancha,5.5.-estafas,1658
2017,Castilla-La Mancha,5.5.1.-estafas informaticas,695
2017,Castilla-La Mancha,5.6.-danos,1257
2017,Castilla-La Mancha,5.7.-contra la propiedad intelectual/industrial,24
2017,Castilla-La Mancha,5.8.-blanqueo de capitales,8
2017,Castilla-La Mancha,5.9.-otros contra el patrimonio,1015
2017,Castilla-La Mancha,6. seguridad colectiva,2495
2017,Castilla-La Mancha,6.1.-trafico de drogas,408
2017,Castilla-La Mancha,6.2.-contra la seguridad vial,2031
2017,Castilla-La Mancha,6.3.-otros contra la seguridad colectiva,56
2017,Castilla-La Mancha,7. falsedades,528
2017,Castilla-La Mancha,8. admon. publica,41
2017,Castilla-La Mancha,9. admon. justicia,1043
2017,Castilla-La Mancha,total infracciones penales,25998
2017,Cataluña,1. contra las personas,18309
2017,Cataluña,1.1.-homicidios dolosos/asesinatos,208
2017,Cataluña,1.1.1.-homicidios dolosos/asesinatos consumados,0
2017,Cataluña,1.2.-lesiones,11337
2017,Cataluña,1.3.-malos tratos ambito familiar,6391
2017,Cataluña,1.4.-otros contra las personas,373
2017,Cataluña,10. orden publico,2460
2017,Cataluña,11. legislacion especial,8
2017,Cataluña,12. otras infracciones penales,532
2017,Cataluña,2. contra la libertad,16153
2017,Cataluña,2.1.-malos tratos habituales en el ambito familiar,1730
2017,Cataluña,2.2.-otros contra la libertad,14423
2017,Cataluña,3. libertad sexual,1799
2017,Cataluña,3.1.-agresion sexual,929
2017,Cataluña,3.2.-agresion sexual con penetracion,539
2017,Cataluña,3.3.-corrupcion de menores o incapacitados,5
2017,Cataluña,3.4.-pornografia de menores,104
2017,Cataluña,3.5.-otros contra la libertad sexual,222
2017,Cataluña,4. relaciones familiares,1296
2017,Cataluña,5. patrimonio,55775
2017,Cataluña,5.1.-hurtos,20793
2017,Cataluña,5.2.-robos con fuerza en las cosas,7363
2017,Cataluña,5.2.1.-robos con fuerza en las cosas en el interior de vehiculos,1231
2017,Cataluña,5.2.2.-robos con fuerza en viviendas,32
2017,Cataluña,5.2.3.-robos con fuerza en establecimientos,3
2017,Cataluña,5.3.-robos con violencia o intimidacion,4299
2017,Cataluña,5.3.1.-robos con violencia en via publica,2
2017,Cataluña,5.3.2.-robos con violencia en viviendas,3
2017,Cataluña,5.3.3.-robos con violencia en establecimientos,0
2017,Cataluña,5.4.-sustraccion de vehiculos,4014
2017,Cataluña,5.5.-estafas,7673
2017,Cataluña,5.5.1.-estafas informaticas,2270
2017,Cataluña,5.6.-danos,4174
2017,Cataluña,5.7.-contra la propiedad intelectual/industrial,199
2017,Cataluña,5.8.-blanqueo de capitales,25
2017,Cataluña,5.9.-otros contra el patrimonio,7235
2017,Cataluña,6. seguridad colectiva,8104
2017,Cataluña,6.1.-trafico de drogas,2279
2017,Cataluña,6.2.-contra la seguridad vial,5728
2017,Cataluña,6.3.-otros contra la seguridad colectiva,97
2017,Cataluña,7. falsedades,2362
2017,Cataluña,8. admon. publica,64
2017,Cataluña,9. admon. justicia,3448
2017,Cataluña,total infracciones penales,110310
2017,Ceuta,1. contra las personas,647
2017,Ceuta,1.1.-homicidios dolosos/asesinatos,7
2017,Ceuta,1.1.1.-homicidios dolosos/asesinatos consumados,1
2017,Ceuta,1.2.-lesiones,368
2017,Ceuta,1.3.-malos tratos ambito familiar,263
2017,Ceuta,1.4.-otros contra las personas,9
2017,Ceuta,10. orden publico,146
2017,Ceuta,11. legislacion especial,1
2017,Ceuta,12. otras infracciones penales,95
2017,Ceuta,2. contra la libertad,220
2017,Ceuta,2.1.-malos tratos habituales en el ambito familiar,20
2017,Ceuta,2.2.-otros contra la libertad,200
2017,Ceuta,3. libertad sexual,22
2017,Ceuta,3.1.-agresion sexual,12
2017,Ceuta,3.2.-agresion sexual con penetracion,5
2017,Ceuta,3.3.-corrupcion de menores o incapacitados,1
2017,Ceuta,3.4.-pornografia de menores,0
2017,Ceuta,3.5.-otros contra la libertad sexual,4
2017,Ceuta,4. relaciones familiares,28
2017,Ceuta,5. patrimonio,599
2017,Ceuta,5.1.-hurtos,230
2017,Ceuta,5.2.-robos con fuerza en las cosas,80
2017,Ceuta,5.2.1.-robos con fuerza en las cosas en el interior de vehiculos,35
2017,Ceuta,5.2.2.-robos con fuerza en viviendas,19
2017,Ceuta,5.2.3.-robos con fuerza en establecimientos,15
2017,Ceuta,5.3.-robos con violencia o intimidacion,60
2017,Ceuta,5.3.1.-robos con violencia en via publica,47
2017,Ceuta,5.3.2.-robos con violencia en viviendas,1
2017,Ceuta,5.3.3.-robos con violencia en establecimientos,4
2017,Ceuta,5.4.-sustraccion de vehiculos,39
2017,Ceuta,5.5.-estafas,88
2017,Ceuta,5.5.1.-estafas informaticas,39
2017,Ceuta,5.6.-danos,58
2017,Ceuta,5.7.-contra la propiedad intelectual/industrial,3
2017,Ceuta,5.8.-blanqueo de capitales,1
2017,Ceuta,5.9.-otros contra el patrimonio,40
2017,Ceuta,6. seguridad colectiva,428
2017,Ceuta,6.1.-trafico de drogas,220
2017,Ceuta,6.2.-contra la seguridad vial,206
2017,Ceuta,6.3.-otros contra la seguridad colectiva,2
2017,Ceuta,7. falsedades,468
2017,Ceuta,8. admon. publica,11
2017,Ceuta,9. admon. justicia,184
2017,Ceuta,total infracciones penales,2849
2017,Comunidad Foral de Navarra,1. contra las personas,2114
2017,Comunidad Foral de Navarra,1.1.-homicidios dolosos/asesinatos,22
2017,Comunidad Foral de Navarra,1.1.1.-homicidios dolosos/asesinatos consumados,7
2017,Comunidad Foral de Navarra,1.2.-lesiones,1131
2017,Comunidad Foral de Navarra,1.3.-malos tratos ambito familiar,930
2017,Comunidad Foral de Navarra,1.4.-otros contra las personas,31
2017,Comunidad Foral de Navarra,10. orden publico,282
2017,Comunidad Foral de Navarra,11. legislacion especial,0
2017,Comunidad Foral de Navarra,12. otras infracciones penales,106
2017,Comunidad Foral de Navarra,2. contra la libertad,1267
2017,Comunidad Foral de Navarra,2.1.-malos tratos habituales en el ambito familiar,128
2017,Comunidad Foral de Navarra,2.2.-otros contra la libertad,1139
2017,Comunidad Foral de Navarra,3. libertad sexual,180
2017,Comunidad Foral de Navarra,3.1.-agresion sexual,87
2017,Comunidad Foral de Navarra,3.2.-agresion sexual con penetracion,56
2017,Comunidad Foral de Navarra,3.3.-corrupcion de menores o incapacitados,18
2017,Comunidad Foral de Navarra,3.4.-pornografia de menores,5
2017,Comunidad Foral de Navarra,3.5.-otros contra la libertad sexual,14
2017,Comunidad Foral de Navarra,4. relaciones familiares,84
2017,Comunidad Foral de Navarra,5. patrimonio,2800
2017,Comunidad Foral de Navarra,5.1.-hurtos,948
2017,Comunidad Foral de Navarra,5.2.-robos con fuerza en las cosas,374
2017,Comunidad Foral de Navarra,5.2.1.-robos con fuerza en las cosas en el interior de vehiculos,57
2017,Comunidad Foral de Navarra,5.2.2.-robos con fuerza en viviendas,113
2017,Comunidad Foral de Navarra,5.2.3.-robos con fuerza en establecimientos,82
2017,Comunidad Foral de Navarra,5.3.-robos con violencia o intimidacion,128
2017,Comunidad Foral de Navarra,5.3.1.-robos con violencia en via publica,87
2017,Comunidad Foral de Navarra,5.3.2.-robos con violencia en viviendas,9
2017,Comunidad Foral de Navarra,5.3.3.-robos con violencia en establecimientos,27
2017,Comunidad Foral de Navarra,5.4.-sustraccion de vehiculos,73
2017,Comunidad Foral de Navarra,5.5.-estafas,547
2017,Comunidad Foral de Navarra,5.5.1.-estafas informaticas,222
2017,Comunidad Foral de Navarra,5.6.-danos,473
2017,Comunidad Foral de Navarra,5.7.-contra la propiedad intelectual/industrial,10
2017,Comunidad Foral de Navarra,5.8.-blanqueo de capitales,2
2017,Comunidad Foral de Navarra,5.9.-otros contra el patrimonio,245
2017,Comunidad Foral de Navarra,6. seguridad colectiva,842
2017,Comunidad Foral de Navarra,6.1.-trafico de drogas,145
2017,Comunidad Foral de Navarra,6.2.-contra la seguridad vial,656
2017,Comunidad Foral de Navarra,6.3.-otros contra la seguridad colectiva,41
2017,Comunidad Foral de Navarra,7. falsedades,140
2017,Comunidad Foral de Navarra,8. admon. publica,10
2017,Comunidad Foral de Navarra,9. admon. justicia,321
2017,Comunidad Foral de Navarra,total infracciones penales,8146
2017,Comunidad Valenciana,1. contra las personas,19302
2017,Comunidad Valenciana,1.1.-homicidios dolosos/asesinatos,107
2017,Comunidad Valenciana,1.1.1.-homicidios dolosos/asesinatos consumados,42
2017,Comunidad Valenciana,1.2.-lesiones,9163
2017,Comunidad Valenciana,1.3.-malos tratos ambito familiar,9820
2017,Comunidad Valenciana,1.4.-otros contra las personas,212
2017,Comunidad Valenciana,10. orden publico,2485
2017,Comunidad Valenciana,11. legislacion especial,5
2017,Comunidad Valenciana,12. otras infracciones penales,868
2017,Comunidad Valenciana,2. contra la libertad,10360
2017,Comunidad Valenciana,2.1.-malos tratos habituales en el ambito familiar,1511
2017,Comunidad Valenciana,2.2.-otros contra la libertad,8849
2017,Comunidad Valenciana,3. libertad sexual,1056
2017,Comunidad Valenciana,3.1.-agresion sexual,641
2017,Comunidad Valenciana,3.2.-agresion sexual con penetracion,148
2017,Comunidad Valenciana,3.3.-corrupcion de menores o incapacitados,62
2017,Comunidad Valenciana,3.4.-pornografia de menores,52
2017,Comunidad Valenciana,3.5.-otros contra la libertad sexual,153
2017,Comunidad Valenciana,4. relaciones familiares,858
2017,Comunidad Valenciana,5. patrimonio,34423
2017,Comunidad Valenciana,5.1.-hurtos,13472
2017,Comunidad Valenciana,5.2.-robos con fuerza en las cosas,6223
2017,Comunidad Valenciana,5.2.1.-robos con fuerza en las cosas en el interior de vehiculos,1600
2017,Comunidad Valenciana,5.2.2.-robos con fuerza en viviendas,2727
2017,Comunidad Valenciana,5.2.3.-robos con fuerza en establecimientos,1026
2017,Comunidad Valenciana,5.3.-robos con violencia o intimidacion,1888
2017,Comunidad Valenciana,5.3.1.-robos con violencia en via publica,956
2017,Comunidad Valenciana,5.3.2.-robos con violencia en viviendas,215
2017,Comunidad Valenciana,5.3.3.-robos con violencia en establecimientos,491
2017,Comunidad Valenciana,5.4.-sustraccion de vehiculos,1205
2017,Comunidad Valenciana,5.5.-estafas,5003
2017,Comunidad Valenciana,5.5.1.-estafas informaticas,1547
2017,Comunidad Valenciana,5.6.-danos,3505
2017,Comunidad Valenciana,5.7.-contra la propiedad intelectual/industrial,210
2017,Comunidad Valenciana,5.8.-blanqueo de capitales,46
2017,Comunidad Valenciana,5.9.-otros contra el patrimonio,2871
2017,Comunidad Valenciana,6. seguridad colectiva,7014
2017,Comunidad Valenciana,6.1.-trafico de drogas,1511
2017,Comunidad Valenciana,6.2.-contra la seguridad vial,5302
2017,Comunidad Valenciana,6.3.-otros contra la seguridad colectiva,201
2017,Comunidad Valenciana,7. falsedades,1855
2017,Comunidad Valenciana,8. admon. publica,56
2017,Comunidad Valenciana,9. admon. justicia,4264
2017,Comunidad Valenciana,total infracciones penales,82546
2017,Comunidad de Madrid,1. contra las personas,23043
2017,Comunidad de Madrid,1.1.-homicidios dolosos/asesinatos,116
2017,Comunidad de Madrid,1.1.1.-homicidios dolosos/asesinatos consumados,34
2017,Comunidad de Madrid,1.2.-lesiones,9434
2017,Comunidad de Madrid,1.3.-malos tratos ambito familiar,13237
2017,Comunidad de Madrid,1.4.-otros contra las personas,256
2017,Comunidad de Madrid,10. orden publico,3747
2017,Comunidad de Madrid,11. legislacion especial,14
2017,Comunidad de Madrid,12. otras infracciones penales,611
2017,Comunidad de Madrid,2. contra la libertad,9816
2017,Comunidad de Madrid,2.1.-malos tratos habituales en el ambito familiar,1086
2017,Comunidad de Madrid,2.2.-otros contra la libertad,8730
2017,Comunidad de Madrid,3. libertad sexual,1318
2017,Comunidad de Madrid,3.1.-agresion sexual,703
2017,Comunidad de Madrid,3.2.-agresion sexual con penetracion,315
2017,Comunidad de Madrid,3.3.-corrupcion de menores o incapacitados,50
2017,Comunidad de Madrid,3.4.-pornografia de menores,67
2017,Comunidad de Madrid,3.5.-otros contra la libertad sexual,183
2017,Comunidad de Madrid,4. relaciones familiares,672
2017,Comunidad de Madrid,5. patrimonio,42796
2017,Comunidad de Madrid,5.1.-hurtos,23153
2017,Comunidad de Madrid,5.2.-robos con fuerza en las cosas,4032
2017,Comunidad de Madrid,5.2.1.-robos con fuerza en las cosas en el interior de vehiculos,1295
2017,Comunidad de Madrid,5.2.2.-robos con fuerza en viviendas,1113
2017,Comunidad de Madrid,5.2.3.-robos con fuerza en establecimientos,917
2017,Comunidad de Madrid,5.3.-robos con violencia o intimidacion,2899
2017,Comunidad de Madrid,5.3.1.-robos con violencia en via publica,1648
2017,Comunidad de Madrid,5.3.2.-robos con violencia en viviendas,230
2017,Comunidad de Madrid,5.3.3.-robos con violencia en establecimientos,711
2017,Comunidad de Madrid,5.4.-sustraccion de vehiculos,1540
2017,Comunidad de Madrid,5.5.-estafas,5154
2017,Comunidad de Madrid,5.5.1.-estafas informaticas,1201
2017,Comunidad de Madrid,5.6.-danos,2847
2017,Comunidad de Madrid,5.7.-contra la propiedad intelectual/industrial,218
2017,Comunidad de Madrid,5.8.-blanqueo de capitales,36
2017,Comunidad de Madrid,5.9.-otros contra el patrimonio,2917
2017,Comunidad de Madrid,6. seguridad colectiva,5570
2017,Comunidad de Madrid,6.1.-trafico de drogas,1531
2017,Comunidad de Madrid,6.2.-contra la seguridad vial,3809
2017,Comunidad de Madrid,6.3.-otros contra la seguridad colectiva,230
2017,Comunidad de Madrid,7. falsedades,1889
2017,Comunidad de Madrid,8. admon. publica,27
2017,Comunidad de Madrid,9. admon. justicia,4128
2017,Comunidad de Madrid,total infracciones penales,93631
2017,Extremadura,1. contra las personas,2953
2017,Extremadura,1.1.-homicidios dolosos/asesinatos,23
2017,Extremadura,1.1.1.-homicidios dolosos/asesinatos consumados,8
2017,Extremadura,1.2.-lesiones,1860
2017,Extremadura,1.3.-malos tratos ambito familiar,1039
2017,Extremadura,1.4.-otros contra las personas,31
2017,Extremadura,10. orden publico,272
2017,Extremadura,11. legislacion especial,16
2017,Extremadura,12. otras infracciones penales,236
2017,Extremadura,2. contra la libertad,1905
2017,Extremadura,2.1.-malos tratos habituales en el ambito familiar,208
2017,Extremadura,2.2.-otros contra la libertad,1697
2017,Extremadura,3. libertad sexual,129
2017,Extremadura,3.1.-agresion sexual,81
2017,Extremadura,3.2.-agresion sexual con penetracion,16
2017,Extremadura,3.3.-corrupcion de menores o incapacitados,2
2017,Extremadura,3.4.-pornografia de menores,9
2017,Extremadura,3.5.-otros contra la libertad sexual,21
2017,Extremadura,4. relaciones familiares,196
2017,Extremadura,5. patrimonio,3899
2017,Extremadura,5.1.-hurtos,1495
2017,Extremadura,5.2.-robos con fuerza en las cosas,626
2017,Extremadura,5.2.1.-robos con fuerza en las cosas en el interior de vehiculos,105
2017,Extremadura,5.2.2.-robos con fuerza en viviendas,206
2017,Extremadura,5.2.3.-robos con fuerza en establecimientos,149
2017,Extremadura,5.3.-robos con violencia o intimidacion,150
2017,Extremadura,5.3.1.-robos con violencia en via publica,64
2017,Extremadura,5.3.2.-robos con violencia en viviendas,18
2017,Extremadura,5.3.3.-robos con violencia en establecimientos,46
2017,Extremadura,5.4.-sustraccion de vehiculos,87
2017,Extremadura,5.5.-estafas,681
2017,Extremadura,5.5.1.-estafas informaticas,287
2017,Extremadura,5.6.-danos,486
2017,Extremadura,5.7.-contra la propiedad intelectual/industrial,19
2017,Extremadura,5.8.-blanqueo de capitales,2
2017,Extremadura,5.9.-otros contra el patrimonio,353
2017,Extremadura,6. seguridad colectiva,935
2017,Extremadura,6.1.-trafico de drogas,198
2017,Extremadura,6.2.-contra la seguridad vial,670
2017,Extremadura,6.3.-otros contra la seguridad colectiva,67
2017,Extremadura,7. falsedades,189
2017,Extremadura,8. admon. publica,4
2017,Extremadura,9. admon. justicia,611
2017,Extremadura,total infracciones penales,11345
2017,Galicia,1. contra las personas,7236
2017,Galicia,1.1.-homicidios dolosos/asesinatos,40
2017,Galicia,1.1.1.-homicidios dolosos/asesinatos consumados,13
2017,Galicia,1.2.-lesiones,4274
2017,Galicia,1.3.-malos tratos ambito familiar,2792
2017,Galicia,1.4.-otros contra las personas,130
2017,Galicia,10. orden publico,704
2017,Galicia,11. legislacion especial,2
2017,Galicia,12. otras infracciones penales,484
2017,Galicia,2. contra la libertad,5006
2017,Galicia,2.1.-malos tratos habituales en el ambito familiar,638
2017,Galicia,2.2.-otros contra la libertad,4368
2017,Galicia,3. libertad sexual,354
2017,Galicia,3.1.-agresion sexual,217
2017,Galicia,3.2.-agresion sexual con penetracion,52
2017,Galicia,3.3.-corrupcion de menores o incapacitados,13
2017,Galicia,3.4.-pornografia de menores,20
2017,Galicia,3.5.-otros contra la libertad sexual,52
2017,Galicia,4. relaciones familiares,210
2017,Galicia,5. patrimonio,12149
2017,Galicia,5.1.-hurtos,4769
2017,Galicia,5.2.-robos con fuerza en las cosas,2114
2017,Galicia,5.2.1.-robos con fuerza en las cosas en el interior de vehiculos,465
2017,Galicia,5.2.2.-robos con fuerza en viviendas,673
2017,Galicia,5.2.3.-robos con fuerza en establecimientos,610
2017,Galicia,5.3.-robos con violencia o intimidacion,525
2017,Galicia,5.3.1.-robos con violencia en via publica,255
2017,Galicia,5.3.2.-robos con violencia en viviendas,61
2017,Galicia,5.3.3.-robos con violencia en establecimientos,149
2017,Galicia,5.4.-sustraccion de vehiculos,308
2017,Galicia,5.5.-estafas,1884
2017,Galicia,5.5.1.-estafas informaticas,763
2017,Galicia,5.6.-danos,1752
2017,Galicia,5.7.-contra la propiedad intelectual/industrial,51
2017,Galicia,5.8.-blanqueo de capitales,11
2017,Galicia,5.9.-otros contra el patrimonio,735
2017,Galicia,6. seguridad colectiva,4196
2017,Galicia,6.1.-trafico de drogas,362
2017,Galicia,6.2.-contra la seguridad vial,3704
2017,Galicia,6.3.-otros contra la seguridad colectiva,130
2017,Galicia,7. falsedades,408
2017,Galicia,8. admon. publica,18
2017,Galicia,9. admon. justicia,1221
2017,Galicia,total infracciones penales,31988
2017,Illes Balears,1. contra las personas,5935
2017,Illes Balears,1.1.-homicidios dolosos/asesinatos,32
2017,Illes Balears,1.1.1.-homicidios dolosos/asesinatos consumados,4
2017,Illes Balears,1.2.-lesiones,2603
2017,Illes Balears,1.3.-malos tratos ambito familiar,3214
2017,Illes Balears,1.4.-otros contra las personas,86
2017,Illes Balears,10. orden publico,615
2017,Illes Balears,11. legislacion especial,0
2017,Illes Balears,12. otras infracciones penales,160
2017,Illes Balears,2. contra la libertad,3310
2017,Illes Balears,2.1.-malos tratos habituales en el ambito familiar,480
2017,Illes Balears,2.2.-otros contra la libertad,2830
2017,Illes Balears,3. libertad sexual,348
2017,Illes Balears,3.1.-agresion sexual,248
2017,Illes Balears,3.2.-agresion sexual con penetracion,39
2017,Illes Balears,3.3.-corrupcion de menores o incapacitados,6
2017,Illes Balears,3.4.-pornografia de menores,8
2017,Illes Balears,3.5.-otros contra la libertad sexual,47
2017,Illes Balears,4. relaciones familiares,155
2017,Illes Balears,5. patrimonio,8370
2017,Illes Balears,5.1.-hurtos,3059
2017,Illes Balears,5.2.-robos con fuerza en las cosas,1551
2017,Illes Balears,5.2.1.-robos con fuerza en las cosas en el interior de vehiculos,314
2017,Illes Balears,5.2.2.-robos con fuerza en viviendas,555
2017,Illes Balears,5.2.3.-robos con fuerza en establecimientos,338
2017,Illes Balears,5.3.-robos con violencia o intimidacion,435
2017,Illes Balears,5.3.1.-robos con violencia en via publica,250
2017,Illes Balears,5.3.2.-robos con violencia en viviendas,35
2017,Illes Balears,5.3.3.-robos con violencia en establecimientos,111
2017,Illes Balears,5.4.-sustraccion de vehiculos,509
2017,Illes Balears,5.5.-estafas,1014
2017,Illes Balears,5.5.1.-estafas informaticas,241
2017,Illes Balears,5.6.-danos,955
2017,Illes Balears,5.7.-contra la propiedad intelectual/industrial,64
2017,Illes Balears,5.8.-blanqueo de capitales,4
2017,Illes Balears,5.9.-otros contra el patrimonio,779
2017,Illes Balears,6. seguridad colectiva,2479
2017,Illes Balears,6.1.-trafico de drogas,465
2017,Illes Balears,6.2.-contra la seguridad vial,1948
2017,Illes Balears,6.3.-otros contra la seguridad colectiva,66
2017,Illes Balears,7. falsedades,280
2017,Illes Balears,8. admon. publica,13
2017,Illes Balears,9. admon. justicia,927
2017,Illes Balears,total infracciones penales,22592
2017,La Rioja,1. contra las personas,905
2017,La Rioja,1.1.-homicidios dolosos/asesinatos,6
2017,La Rioja,1.1.1.-homicidios dolosos/asesinatos consumados,0
2017,La Rioja,1.2.-lesiones,451
2017,La Rioja,1.3.-malos tratos ambito familiar,437
2017,La Rioja,1.4.-otros contra las personas,11
2017,La Rioja,10. orden publico,119
2017,La Rioja,11. legislacion especial,0
2017,La Rioja,12. otras infracciones penales,30
2017,La Rioja,2. contra la libertad,378
2017,La Rioja,2.1.-malos tratos habituales en el ambito familiar,51
2017,La Rioja,2.2.-otros contra la libertad,327
2017,La Rioja,3. libertad sexual,46
2017,La Rioja,3.1.-agresion sexual,32
2017,La Rioja,3.2.-agresion sexual con penetracion,6
2017,La Rioja,3.3.-corrupcion de menores o incapacitados,2
2017,La Rioja,3.4.-pornografia de menores,1
2017,La Rioja,3.5.-otros contra la libertad sexual,5
2017,La Rioja,4. relaciones familiares,24
2017,La Rioja,5. patrimonio,1205
2017,La Rioja,5.1.-hurtos,600
2017,La Rioja,5.2.-robos con fuerza en las cosas,203
2017,La Rioja,5.2.1.-robos con fuerza en las cosas en el interior de vehiculos,20
2017,La Rioja,5.2.2.-robos con fuerza en viviendas,97
2017,La Rioja,5.2.3.-robos con fuerza en establecimientos,36
2017,La Rioja,5.3.-robos con violencia o intimidacion,37
2017,La Rioja,5.3.1.-robos con violencia en via publica,14
2017,La Rioja,5.3.2.-robos con violencia en viviendas,5
2017,La Rioja,5.3.3.-robos con violencia en establecimientos,14
2017,La Rioja,5.4.-sustraccion de vehiculos,21
2017,La Rioja,5.5.-estafas,126
2017,La Rioja,5.5.1.-estafas informaticas,33
2017,La Rioja,5.6.-danos,144
2017,La Rioja,5.7.-contra la propiedad intelectual/industrial,4
2017,La Rioja,5.8.-blanqueo de capitales,1
2017,La Rioja,5.9.-otros contra el patrimonio,69
2017,La Rioja,6. seguridad colectiva,285
2017,La Rioja,6.1.-trafico de drogas,80
2017,La Rioja,6.2.-contra la seguridad vial,197
2017,La Rioja,6.3.-otros contra la seguridad colectiva,8
2017,La Rioja,7. falsedades,28
2017,La Rioja,8. admon. publica,3
2017,La Rioja,9. admon. justicia,137
2017,La Rioja,total infracciones penales,3160
2017,Melilla,1. contra las personas,822
2017,Melilla,1.1.-homicidios dolosos/asesinatos,8
2017,Melilla,1.1.1.-homicidios dolosos/asesinatos consumados,0
2017,Melilla,1.2.-lesiones,504
2017,Melilla,1.3.-malos tratos ambito familiar,304
2017,Melilla,1.4.-otros contra las personas,6
2017,Melilla,10. orden publico,157
2017,Melilla,11. legislacion especial,0
2017,Melilla,12. otras infracciones penales,110
2017,Melilla,2. contra la libertad,323
2017,Melilla,2.1.-malos tratos habituales en el ambito familiar,13
2017,Melilla,2.2.-otros contra la libertad,310
2017,Melilla,3. libertad sexual,27
2017,Melilla,3.1.-agresion sexual,15
2017,Melilla,3.2.-agresion sexual con penetracion,4
2017,Melilla,3.3.-corrupcion de menores o incapacitados,0
2017,Melilla,3.4.-pornografia de menores,3
2017,Melilla,3.5.-otros contra la libertad sexual,5
2017,Melilla,4. relaciones familiares,30
2017,Melilla,5. patrimonio,974
2017,Melilla,5.1.-hurtos,321
2017,Melilla,5.2.-robos con fuerza en las cosas,173
2017,Melilla,5.2.1.-robos con fuerza en las cosas en el interior de vehiculos,109
2017,Melilla,5.2.2.-robos con fuerza en viviendas,29
2017,Melilla,5.2.3.-robos con fuerza en establecimientos,15
2017,Melilla,5.3.-robos con violencia o intimidacion,225
2017,Melilla,5.3.1.-robos con violencia en via publica,179
2017,Melilla,5.3.2.-robos con violencia en viviendas,2
2017,Melilla,5.3.3.-robos con violencia en establecimientos,11
2017,Melilla,5.4.-sustraccion de vehiculos,30
2017,Melilla,5.5.-estafas,54
2017,Melilla,5.5.1.-estafas informaticas,15
2017,Melilla,5.6.-danos,106
2017,Melilla,5.7.-contra la propiedad intelectual/industrial,21
2017,Melilla,5.8.-blanqueo de capitales,1
2017,Melilla,5.9.-otros contra el patrimonio,43
2017,Melilla,6. seguridad colectiva,202
2017,Melilla,6.1.-trafico de drogas,60
2017,Melilla,6.2.-contra la seguridad vial,113
2017,Melilla,6.3.-otros contra la seguridad colectiva,29
2017,Melilla,7. falsedades,34
2017,Melilla,8. admon. publica,2
2017,Melilla,9. admon. justicia,65
2017,Melilla,total infracciones penales,2746
2017,País Vasco,1. contra las personas,32
2017,País Vasco,1.1.-homicidios dolosos/asesinatos,1
2017,País Vasco,1.1.1.-homicidios dolosos/asesinatos consumados,1
2017,País Vasco,1.2.-lesiones,13
2017,País Vasco,1.3.-malos tratos ambito familiar,17
2017,País Vasco,1.4.-otros contra las personas,1
2017,País Vasco,10. orden publico,34
2017,País Vasco,11. legislacion especial,1
2017,País Vasco,12. otras infracciones penales,23
2017,País Vasco,2. contra la libertad,51
2017,País Vasco,2.1.-malos tratos habituales en el ambito familiar,5
2017,País Vasco,2.2.-otros contra la libertad,46
2017,País Vasco,3. libertad sexual,44
2017,País Vasco,3.1.-agresion sexual,5
2017,País Vasco,3.2.-agresion sexual con penetracion,3
2017,País Vasco,3.3.-corrupcion de menores o incapacitados,3
2017,País Vasco,3.4.-pornografia de menores,24
2017,País Vasco,3.5.-otros contra la libertad sexual,9
2017,País Vasco,4. relaciones familiares,10
2017,País Vasco,5. patrimonio,334
2017,País Vasco,5.1.-hurtos,16
2017,País Vasco,5.2.-robos con fuerza en las cosas,12
2017,País Vasco,5.2.1.-robos con fuerza en las cosas en el interior de vehiculos,2
2017,País Vasco,5.2.2.-robos con fuerza en viviendas,3
2017,País Vasco,5.2.3.-robos con fuerza en establecimientos,2
2017,País Vasco,5.3.-robos con violencia o intimidacion,3
2017,País Vasco,5.3.1.-robos con violencia en via publica,1
2017,País Vasco,5.3.2.-robos con violencia en viviendas,0
2017,País Vasco,5.3.3.-robos con violencia en establecimientos,1
2017,País Vasco,5.4.-sustraccion de vehiculos,37
2017,País Vasco,5.5.-estafas,213
2017,País Vasco,5.5.1.-estafas informaticas,132
2017,País Vasco,5.6.-danos,17
2017,País Vasco,5.7.-contra la propiedad intelectual/industrial,0
2017,País Vasco,5.8.-blanqueo de capitales,7
2017,País Vasco,5.9.-otros contra el patrimonio,29
2017,País Vasco,6. seguridad colectiva,56
2017,País Vasco,6.1.-trafico de drogas,52
2017,País Vasco,6.2.-contra la seguridad vial,2
2017,País Vasco,6.3.-otros contra la seguridad colectiva,2
2017,País Vasco,7. falsedades,105
2017,País Vasco,8. admon. publica,2
2017,País Vasco,9. admon. justicia,23
2017,País Vasco,total infracciones penales,715
2017,Principado de Asturias,1. contra las personas,2977
2017,Principado de Asturias,1.1.-homicidios dolosos/asesinatos,14
2017,Principado de Asturias,1.1.1.-homicidios dolosos/asesinatos consumados,4
2017,Principado de Asturias,1.2.-lesiones,1726
2017,Principado de Asturias,1.3.-malos tratos ambito familiar,1190
2017,Principado de Asturias,1.4.-otros contra las personas,47
2017,Principado de Asturias,10. orden publico,401
2017,Principado de Asturias,11. legislacion especial,1
2017,Principado de Asturias,12. otras infracciones penales,159
2017,Principado de Asturias,2. contra la libertad,1685
2017,Principado de Asturias,2.1.-malos tratos habituales en el ambito familiar,89
2017,Principado de Asturias,2.2.-otros contra la libertad,1596
2017,Principado de Asturias,3. libertad sexual,128
2017,Principado de Asturias,3.1.-agresion sexual,76
2017,Principado de Asturias,3.2.-agresion sexual con penetracion,27
2017,Principado de Asturias,3.3.-corrupcion de menores o incapacitados,1
2017,Principado de Asturias,3.4.-pornografia de menores,8
2017,Principado de Asturias,3.5.-otros contra la libertad sexual,16
2017,Principado de Asturias,4. relaciones familiares,118
2017,Principado de Asturias,5. patrimonio,4662
2017,Principado de Asturias,5.1.-hurtos,1911
2017,Principado de Asturias,5.2.-robos con fuerza en las cosas,776
2017,Principado de Asturias,5.2.1.-robos con fuerza en las cosas en el interior de vehiculos,130
2017,Principado de Asturias,5.2.2.-robos con fuerza en viviendas,284
2017,Principado de Asturias,5.2.3.-robos con fuerza en establecimientos,256
2017,Principado de Asturias,5.3.-robos con violencia o intimidacion,180
2017,Principado de Asturias,5.3.1.-robos con violencia en via publica,104
2017,Principado de Asturias,5.3.2.-robos con violencia en viviendas,23
2017,Principado de Asturias,5.3.3.-robos con violencia en establecimientos,42
2017,Principado de Asturias,5.4.-sustraccion de vehiculos,169
2017,Principado de Asturias,5.5.-estafas,762
2017,Principado de Asturias,5.5.1.-estafas informaticas,312
2017,Principado de Asturias,5.6.-danos,570
2017,Principado de Asturias,5.7.-contra la propiedad intelectual/industrial,7
2017,Principado de Asturias,5.8.-blanqueo de capitales,3
2017,Principado de Asturias,5.9.-otros contra el patrimonio,284
2017,Principado de Asturias,6. seguridad colectiva,1043
2017,Principado de Asturias,6.1.-trafico de drogas,127
2017,Principado de Asturias,6.2.-contra la seguridad vial,855
2017,Principado de Asturias,6.3.-otros contra la seguridad colectiva,61
2017,Principado de Asturias,7. falsedades,128
2017,Principado de Asturias,8. admon. publica,2
2017,Principado de Asturias,9. admon. justicia,579
2017,Principado de Asturias,total infracciones penales,11883
2017,Región de Murcia,1. contra las personas,5385
2017,Región de Murcia,1.1.-homicidios dolosos/asesinatos,44
2017,Región de Murcia,1.1.1.-homicidios dolosos/asesinatos consumados,13
2017,Región de Murcia,1.2.-lesiones,2735
2017,Región de Murcia,1.3.-malos tratos ambito familiar,2571
2017,Región de Murcia,1.4.-otros contra las personas,35
2017,Región de Murcia,10. orden publico,545
2017,Región de Murcia,11. legislacion especial,2
2017,Región de Murcia,12. otras infracciones penales,304
2017,Región de Murcia,2. contra la libertad,2792
2017,Región de Murcia,2.1.-malos tratos habituales en el ambito familiar,312
2017,Región de Murcia,2.2.-otros contra la libertad,2480
2017,Región de Murcia,3. libertad sexual,309
2017,Región de Murcia,3.1.-agresion sexual,189
2017,Región de Murcia,3.2.-agresion sexual con penetracion,48
2017,Región de Murcia,3.3.-corrupcion de menores o incapacitados,6
2017,Región de Murcia,3.4.-pornografia de menores,12
2017,Región de Murcia,3.5.-otros contra la libertad sexual,54
2017,Región de Murcia,4. relaciones familiares,570
2017,Región de Murcia,5. patrimonio,8521
2017,Región de Murcia,5.1.-hurtos,3075
2017,Región de Murcia,5.2.-robos con fuerza en las cosas,2199
2017,Región de Murcia,5.2.1.-robos con fuerza en las cosas en el interior de vehiculos,631
2017,Región de Murcia,5.2.2.-robos con fuerza en viviendas,933
2017,Región de Murcia,5.2.3.-robos con fuerza en establecimientos,343
2017,Región de Murcia,5.3.-robos con violencia o intimidacion,527
2017,Región de Murcia,5.3.1.-robos con violencia en via publica,303
2017,Región de Murcia,5.3.2.-robos con violencia en viviendas,45
2017,Región de Murcia,5.3.3.-robos con violencia en establecimientos,128
2017,Región de Murcia,5.4.-sustraccion de vehiculos,327
2017,Región de Murcia,5.5.-estafas,965
2017,Región de Murcia,5.5.1.-estafas informaticas,300
2017,Región de Murcia,5.6.-danos,856
2017,Región de Murcia,5.7.-contra la propiedad intelectual/industrial,52
2017,Región de Murcia,5.8.-blanqueo de capitales,5
2017,Región de Murcia,5.9.-otros contra el patrimonio,515
2017,Región de Murcia,6. seguridad colectiva,1351
2017,Región de Murcia,6.1.-trafico de drogas,281
2017,Región de Murcia,6.2.-contra la seguridad vial,1024
2017,Región de Murcia,6.3.-otros contra la seguridad colectiva,46
2017,Región de Murcia,7. falsedades,319
2017,Región de Murcia,8. admon. publica,22
2017,Región de Murcia,9. admon. justicia,874
2017,Región de Murcia,total infracciones penales,20994
2018,Andalucía,1. contra las personas,31872
2018,Andalucía,1.1.-homicidios dolosos/asesinatos,244
2018,Andalucía,1.1.1.-homicidios dolosos/asesinatos consumados,67
2018,Andalucía,1.2.-lesiones,16429
2018,Andalucía,1.3.-malos tratos ambito familiar,14542
2018,Andalucía,1.4.-otros contra las personas,657
2018,Andalucía,10. orden publico,3765
2018,Andalucía,11. legislacion especial,124
2018,Andalucía,12. otras infracciones penales,1708
2018,Andalucía,2. contra la libertad,20209
2018,Andalucía,2.1.-malos tratos habituales en el ambito familiar,2681
2018,Andalucía,2.2.-otros contra la libertad,17528
2018,Andalucía,3. libertad sexual,1909
2018,Andalucía,3.1.-agresion sexual,1181
2018,Andalucía,3.2.-agresion sexual con penetracion,284
2018,Andalucía,3.3.-corrupcion de menores o incapacitados,51
2018,Andalucía,3.4.-pornografia de menores,121
2018,Andalucía,3.5.-otros contra la libertad sexual,272
2018,Andalucía,4. relaciones familiares,1456
2018,Andalucía,5. patrimonio,51256
2018,Andalucía,5.1.-hurtos,18258
2018,Andalucía,5.2.-robos con fuerza en las cosas,8228
2018,Andalucía,5.2.1.-robos con fuerza en las cosas en el interior de vehiculos,2043
2018,Andalucía,5.2.2.-robos con fuerza en viviendas,2797
2018,Andalucía,5.2.3.-robos con fuerza en establecimientos,1958
2018,Andalucía,5.3.-robos con violencia o intimidacion,2811
2018,Andalucía,5.3.1.-robos con violencia en via publica,1454
2018,Andalucía,5.3.2.-robos con violencia en viviendas,332
2018,Andalucía,5.3.3.-robos con violencia en establecimientos,707
2018,Andalucía,5.4.-sustraccion de vehiculos,1699
2018,Andalucía,5.5.-estafas,8720
2018,Andalucía,5.5.1.-estafas informaticas,3064
2018,Andalucía,5.6.-danos,5141
2018,Andalucía,5.7.-contra la propiedad intelectual/industrial,543
2018,Andalucía,5.8.-blanqueo de capitales,80
2018,Andalucía,5.9.-otros contra el patrimonio,5776
2018,Andalucía,6. seguridad colectiva,13201
2018,Andalucía,6.1.-trafico de drogas,3422
2018,Andalucía,6.2.-contra la seguridad vial,9460
2018,Andalucía,6.3.-otros contra la seguridad colectiva,319
2018,Andalucía,7. falsedades,2333
2018,Andalucía,8. admon. publica,109
2018,Andalucía,9. admon. justicia,6422
2018,Andalucía,total infracciones penales,134364
2018,Aragón,1. contra las personas,4094
2018,Aragón,1.1.-homicidios dolosos/asesinatos,14
2018,Aragón,1.1.1.-homicidios dolosos/asesinatos consumados,7
2018,Aragón,1.2.-lesiones,1903
2018,Aragón,1.3.-malos tratos ambito familiar,2077
2018,Aragón,1.4.-otros contra las personas,100
2018,Aragón,10. orden publico,515
2018,Aragón,11. legislacion especial,2
2018,Aragón,12. otras infracciones penales,210
2018,Aragón,2. contra la libertad,1875
2018,Aragón,2.1.-malos tratos habituales en el ambito familiar,271
2018,Aragón,2.2.-otros contra la libertad,1604
2018,Aragón,3. libertad sexual,272
2018,Aragón,3.1.-agresion sexual,157
2018,Aragón,3.2.-agresion sexual con penetracion,51
2018,Aragón,3.3.-corrupcion de menores o incapacitados,6
2018,Aragón,3.4.-pornografia de menores,24
2018,Aragón,3.5.-otros contra la libertad sexual,34
2018,Aragón,4. relaciones familiares,172
2018,Aragón,5. patrimonio,6098
2018,Aragón,5.1.-hurtos,2504
2018,Aragón,5.2.-robos con fuerza en las cosas,732
2018,Aragón,5.2.1.-robos con fuerza en las cosas en el interior de vehiculos,99
2018,Aragón,5.2.2.-robos con fuerza en viviendas,318
2018,Aragón,5.2.3.-robos con fuerza en establecimientos,125
2018,Aragón,5.3.-robos con violencia o intimidacion,368
2018,Aragón,5.3.1.-robos con violencia en via publica,200
2018,Aragón,5.3.2.-robos con violencia en viviendas,23
2018,Aragón,5.3.3.-robos con violencia en establecimientos,105
2018,Aragón,5.4.-sustraccion de vehiculos,106
2018,Aragón,5.5.-estafas,1116
2018,Aragón,5.5.1.-estafas informaticas,442
2018,Aragón,5.6.-danos,686
2018,Aragón,5.7.-contra la propiedad intelectual/industrial,18
2018,Aragón,5.8.-blanqueo de capitales,2
2018,Aragón,5.9.-otros contra el patrimonio,566
2018,Aragón,6. seguridad colectiva,1218
2018,Aragón,6.1.-trafico de drogas,328
2018,Aragón,6.2.-contra la seguridad vial,846
2018,Aragón,6.3.-otros contra la seguridad colectiva,44
2018,Aragón,7. falsedades,258
2018,Aragón,8. admon. publica,7
2018,Aragón,9. admon. justicia,714
2018,Aragón,total infracciones penales,15435
2018,Canarias,1. contra las personas,10951
2018,Canarias,1.1.-homicidios dolosos/asesinatos,63
2018,Canarias,1.1.1.-homicidios dolosos/asesinatos consumados,23
2018,Canarias,1.2.-lesiones,5799
2018,Canarias,1.3.-malos tratos ambito familiar,4796
2018,Canarias,1.4.-otros contra las personas,293
2018,Canarias,10. orden publico,850
2018,Canarias,11. legislacion especial,0
2018,Canarias,12. otras infracciones penales,289
2018,Canarias,2. contra la libertad,7909
2018,Canarias,2.1.-malos tratos habituales en el ambito familiar,725
2018,Canarias,2.2.-otros contra la libertad,7184
2018,Canarias,3. libertad sexual,668
2018,Canarias,3.1.-agresion sexual,408
2018,Canarias,3.2.-agresion sexual con penetracion,141
2018,Canarias,3.3.-corrupcion de menores o incapacitados,7
2018,Canarias,3.4.-pornografia de menores,46
2018,Canarias,3.5.-otros contra la libertad sexual,66
2018,Canarias,4. relaciones familiares,738
2018,Canarias,5. patrimonio,14622
2018,Canarias,5.1.-hurtos,5486
2018,Canarias,5.2.-robos con fuerza en las cosas,2226
2018,Canarias,5.2.1.-robos con fuerza en las cosas en el interior de vehiculos,456
2018,Canarias,5.2.2.-robos con fuerza en viviendas,791
2018,Canarias,5.2.3.-robos con fuerza en establecimientos,498
2018,Canarias,5.3.-robos con violencia o intimidacion,735
2018,Canarias,5.3.1.-robos con violencia en via publica,371
2018,Canarias,5.3.2.-robos con violencia en viviendas,71
2018,Canarias,5.3.3.-robos con violencia en establecimientos,190
2018,Canarias,5.4.-sustraccion de vehiculos,461
2018,Canarias,5.5.-estafas,2283
2018,Canarias,5.5.1.-estafas informaticas,646
2018,Canarias,5.6.-danos,1924
2018,Canarias,5.7.-contra la propiedad intelectual/industrial,109
2018,Canarias,5.8.-blanqueo de capitales,12
2018,Canarias,5.9.-otros contra el patrimonio,1386
2018,Canarias,6. seguridad colectiva,3140
2018,Canarias,6.1.-trafico de drogas,615
2018,Canarias,6.2.-contra la seguridad vial,2465
2018,Canarias,6.3.-otros contra la seguridad colectiva,60
2018,Canarias,7. falsedades,527
2018,Canarias,8. admon. publica,9
2018,Canarias,9. admon. justicia,1492
2018,Canarias,total infracciones penales,41195
2018,Cantabria,1. contra las personas,1953
2018,Cantabria,1.1.-homicidios dolosos/asesinatos,4
2018,Cantabria,1.1.1.-homicidios dolosos/asesinatos consumados,1
2018,Cantabria,1.2.-lesiones,1279
2018,Cantabria,1.3.-malos tratos ambito familiar,598
2018,Cantabria,1.4.-otros contra las personas,72
2018,Cantabria,10. orden publico,162
2018,Cantabria,11. legislacion especial,1
2018,Cantabria,12. otras infracciones penales,114
2018,Cantabria,2. contra la libertad,1198
2018,Cantabria,2.1.-malos tratos habituales en el ambito familiar,121
2018,Cantabria,2.2.-otros contra la libertad,1077
2018,Cantabria,3. libertad sexual,86
2018,Cantabria,3.1.-agresion sexual,53
2018,Cantabria,3.2.-agresion sexual con penetracion,13
2018,Cantabria,3.3.-corrupcion de menores o incapacitados,1
2018,Cantabria,3.4.-pornografia de menores,8
2018,Cantabria,3.5.-otros contra la libertad sexual,11
2018,Cantabria,4. relaciones familiares,42
2018,Cantabria,5. patrimonio,2938
2018,Cantabria,5.1.-hurtos,1191
2018,Cantabria,5.2.-robos con fuerza en las cosas,461
2018,Cantabria,5.2.1.-robos con fuerza en las cosas en el interior de vehiculos,54
2018,Cantabria,5.2.2.-robos con fuerza en viviendas,178
2018,Cantabria,5.2.3.-robos con fuerza en establecimientos,134
2018,Cantabria,5.3.-robos con violencia o intimidacion,73
2018,Cantabria,5.3.1.-robos con violencia en via publica,28
2018,Cantabria,5.3.2.-robos con violencia en viviendas,6
2018,Cantabria,5.3.3.-robos con violencia en establecimientos,23
2018,Cantabria,5.4.-sustraccion de vehiculos,53
2018,Cantabria,5.5.-estafas,425
2018,Cantabria,5.5.1.-estafas informaticas,178
2018,Cantabria,5.6.-danos,425
2018,Cantabria,5.7.-contra la propiedad intelectual/industrial,17
2018,Cantabria,5.8.-blanqueo de capitales,2
2018,Cantabria,5.9.-otros contra el patrimonio,291
2018,Cantabria,6. seguridad colectiva,742
2018,Cantabria,6.1.-trafico de drogas,88
2018,Cantabria,6.2.-contra la seguridad vial,638
2018,Cantabria,6.3.-otros contra la seguridad colectiva,16
2018,Cantabria,7. falsedades,86
2018,Cantabria,8. admon. publica,0
2018,Cantabria,9. admon. justicia,318
2018,Cantabria,total infracciones penales,7640
2018,Castilla y León,1. contra las personas,6567
2018,Castilla y León,1.1.-homicidios dolosos/asesinatos,35
2018,Castilla y León,1.1.1.-homicidios dolosos/asesinatos consumados,11
2018,Castilla y León,1.2.-lesiones,3956
2018,Castilla y León,1.3.-malos tratos ambito familiar,2393
2018,Castilla y León,1.4.-otros contra las personas,183
2018,Castilla y León,10. orden publico,687
2018,Castilla y León,11. legislacion especial,0
2018,Castilla y León,12. otras infracciones penales,421
2018,Castilla y León,2. contra la libertad,4409
2018,Castilla y León,2.1.-malos tratos habituales en el ambito familiar,539
2018,Castilla y León,2.2.-otros contra la libertad,3870
2018,Castilla y León,3. libertad sexual,378
2018,Castilla y León,3.1.-agresion sexual,212
2018,Castilla y León,3.2.-agresion sexual con penetracion,74
2018,Castilla y León,3.3.-corrupcion de menores o incapacitados,10
2018,Castilla y León,3.4.-pornografia de menores,37
2018,Castilla y León,3.5.-otros contra la libertad sexual,45
2018,Castilla y León,4. relaciones familiares,177
2018,Castilla y León,5. patrimonio,11345
2018,Castilla y León,5.1.-hurtos,4287
2018,Castilla y León,5.2.-robos con fuerza en las cosas,1518
2018,Castilla y León,5.2.1.-robos con fuerza en las cosas en el interior de vehiculos,220
2018,Castilla y León,5.2.2.-robos con fuerza en viviendas,490
2018,Castilla y León,5.2.3.-robos con fuerza en establecimientos,345
2018,Castilla y León,5.3.-robos con violencia o intimidacion,390
2018,Castilla y León,5.3.1.-robos con violencia en via publica,191
2018,Castilla y León,5.3.2.-robos con violencia en viviendas,52
2018,Castilla y León,5.3.3.-robos con violencia en establecimientos,108
2018,Castilla y León,5.4.-sustraccion de vehiculos,189
2018,Castilla y León,5.5.-estafas,2464
2018,Castilla y León,5.5.1.-estafas informaticas,1032
2018,Castilla y León,5.6.-danos,1576
2018,Castilla y León,5.7.-contra la propiedad intelectual/industrial,79
2018,Castilla y León,5.8.-blanqueo de capitales,9
2018,Castilla y León,5.9.-otros contra el patrimonio,833
2018,Castilla y León,6. seguridad colectiva,2631
2018,Castilla y León,6.1.-trafico de drogas,386
2018,Castilla y León,6.2.-contra la seguridad vial,2161
2018,Castilla y León,6.3.-otros contra la seguridad colectiva,84
2018,Castilla y León,7. falsedades,448
2018,Castilla y León,8. admon. publica,11
2018,Castilla y León,9. admon. justicia,1113
2018,Castilla y León,total infracciones penales,28187
2018,Castilla-La Mancha,1. contra las personas,6309
2018,Castilla-La Mancha,1.1.-homicidios dolosos/asesinatos,35
2018,Castilla-La Mancha,1.1.1.-homicidios dolosos/asesinatos consumados,9
2018,Castilla-La Mancha,1.2.-lesiones,3284
2018,Castilla-La Mancha,1.3.-malos tratos ambito familiar,2895
2018,Castilla-La Mancha,1.4.-otros contra las personas,95
2018,Castilla-La Mancha,10. orden publico,680
2018,Castilla-La Mancha,11. legislacion especial,8
2018,Castilla-La Mancha,12. otras infracciones penales,355
2018,Castilla-La Mancha,2. contra la libertad,3869
2018,Castilla-La Mancha,2.1.-malos tratos habituales en el ambito familiar,590
2018,Castilla-La Mancha,2.2.-otros contra la libertad,3279
2018,Castilla-La Mancha,3. libertad sexual,406
2018,Castilla-La Mancha,3.1.-agresion sexual,247
2018,Castilla-La Mancha,3.2.-agresion sexual con penetracion,72
2018,Castilla-La Mancha,3.3.-corrupcion de menores o incapacitados,13
2018,Castilla-La Mancha,3.4.-pornografia de menores,26
2018,Castilla-La Mancha,3.5.-otros contra la libertad sexual,48
2018,Castilla-La Mancha,4. relaciones familiares,293
2018,Castilla-La Mancha,5. patrimonio,10131
2018,Castilla-La Mancha,5.1.-hurtos,2963
2018,Castilla-La Mancha,5.2.-robos con fuerza en las cosas,1930
2018,Castilla-La Mancha,5.2.1.-robos con fuerza en las cosas en el interior de vehiculos,419
2018,Castilla-La Mancha,5.2.2.-robos con fuerza en viviendas,695
2018,Castilla-La Mancha,5.2.3.-robos con fuerza en establecimientos,351
2018,Castilla-La Mancha,5.3.-robos con violencia o intimidacion,429
2018,Castilla-La Mancha,5.3.1.-robos con violencia en via publica,241
2018,Castilla-La Mancha,5.3.2.-robos con violencia en viviendas,53
2018,Castilla-La Mancha,5.3.3.-robos con violencia en establecimientos,87
2018,Castilla-La Mancha,5.4.-sustraccion de vehiculos,210
2018,Castilla-La Mancha,5.5.-estafas,2038
2018,Castilla-La Mancha,5.5.1.-estafas informaticas,873
2018,Castilla-La Mancha,5.6.-danos,1303
2018,Castilla-La Mancha,5.7.-contra la propiedad intelectual/industrial,82
2018,Castilla-La Mancha,5.8.-blanqueo de capitales,8
2018,Castilla-La Mancha,5.9.-otros contra el patrimonio,1168
2018,Castilla-La Mancha,6. seguridad colectiva,2725
2018,Castilla-La Mancha,6.1.-trafico de drogas,424
2018,Castilla-La Mancha,6.2.-contra la seguridad vial,2247
2018,Castilla-La Mancha,6.3.-otros contra la seguridad colectiva,54
2018,Castilla-La Mancha,7. falsedades,575
2018,Castilla-La Mancha,8. admon. publica,35
2018,Castilla-La Mancha,9. admon. justicia,1193
2018,Castilla-La Mancha,total infracciones penales,26579
2018,Cataluña,1. contra las personas,18536
2018,Cataluña,1.1.-homicidios dolosos/asesinatos,209
2018,Cataluña,1.1.1.-homicidios dolosos/asesinatos consumados,0
2018,Cataluña,1.2.-lesiones,11463
2018,Cataluña,1.3.-malos tratos ambito familiar,6512
2018,Cataluña,1.4.-otros contra las personas,352
2018,Cataluña,10. orden publico,2617
2018,Cataluña,11. legislacion especial,11
2018,Cataluña,12. otras infracciones penales,447
2018,Cataluña,2. contra la libertad,16220
2018,Cataluña,2.1.-malos tratos habituales en el ambito familiar,1720
2018,Cataluña,2.2.-otros contra la libertad,14500
2018,Cataluña,3. libertad sexual,2061
2018,Cataluña,3.1.-agresion sexual,969
2018,Cataluña,3.2.-agresion sexual con penetracion,758
2018,Cataluña,3.3.-corrupcion de menores o incapacitados,6
2018,Cataluña,3.4.-pornografia de menores,132
2018,Cataluña,3.5.-otros contra la libertad sexual,196
2018,Cataluña,4. relaciones familiares,1201
2018,Cataluña,5. patrimonio,60869
2018,Cataluña,5.1.-hurtos,22063
2018,Cataluña,5.2.-robos con fuerza en las cosas,8224
2018,Cataluña,5.2.1.-robos con fuerza en las cosas en el interior de vehiculos,1374
2018,Cataluña,5.2.2.-robos con fuerza en viviendas,11
2018,Cataluña,5.2.3.-robos con fuerza en establecimientos,6
2018,Cataluña,5.3.-robos con violencia o intimidacion,4585
2018,Cataluña,5.3.1.-robos con violencia en via publica,3
2018,Cataluña,5.3.2.-robos con violencia en viviendas,0
2018,Cataluña,5.3.3.-robos con violencia en establecimientos,3
2018,Cataluña,5.4.-sustraccion de vehiculos,4271
2018,Cataluña,5.5.-estafas,8852
2018,Cataluña,5.5.1.-estafas informaticas,2641
2018,Cataluña,5.6.-danos,4039
2018,Cataluña,5.7.-contra la propiedad intelectual/industrial,303
2018,Cataluña,5.8.-blanqueo de capitales,21
2018,Cataluña,5.9.-otros contra el patrimonio,8511
2018,Cataluña,6. seguridad colectiva,8465
2018,Cataluña,6.1.-trafico de drogas,2344
2018,Cataluña,6.2.-contra la seguridad vial,6017
2018,Cataluña,6.3.-otros contra la seguridad colectiva,104
2018,Cataluña,7. falsedades,2538
2018,Cataluña,8. admon. publica,57
2018,Cataluña,9. admon. justicia,3528
2018,Cataluña,total infracciones penales,116550
2018,Ceuta,1. contra las personas,620
2018,Ceuta,1.1.-homicidios dolosos/asesinatos,2
2018,Ceuta,1.1.1.-homicidios dolosos/asesinatos consumados,1
2018,Ceuta,1.2.-lesiones,349
2018,Ceuta,1.3.-malos tratos ambito familiar,268
2018,Ceuta,1.4.-otros contra las personas,1
2018,Ceuta,10. orden publico,128
2018,Ceuta,11. legislacion especial,3
2018,Ceuta,12. otras infracciones penales,134
2018,Ceuta,2. contra la libertad,212
2018,Ceuta,2.1.-malos tratos habituales en el ambito familiar,16
2018,Ceuta,2.2.-otros contra la libertad,196
2018,Ceuta,3. libertad sexual,40
2018,Ceuta,3.1.-agresion sexual,29
2018,Ceuta,3.2.-agresion sexual con penetracion,5
2018,Ceuta,3.3.-corrupcion de menores o incapacitados,0
2018,Ceuta,3.4.-pornografia de menores,3
2018,Ceuta,3.5.-otros contra la libertad sexual,3
2018,Ceuta,4. relaciones familiares,29
2018,Ceuta,5. patrimonio,601
2018,Ceuta,5.1.-hurtos,279
2018,Ceuta,5.2.-robos con fuerza en las cosas,69
2018,Ceuta,5.2.1.-robos con fuerza en las cosas en el interior de vehiculos,29
2018,Ceuta,5.2.2.-robos con fuerza en viviendas,14
2018,Ceuta,5.2.3.-robos con fuerza en establecimientos,10
2018,Ceuta,5.3.-robos con violencia o intimidacion,63
2018,Ceuta,5.3.1.-robos con violencia en via publica,45
2018,Ceuta,5.3.2.-robos con violencia en viviendas,4
2018,Ceuta,5.3.3.-robos con violencia en establecimientos,6
2018,Ceuta,5.4.-sustraccion de vehiculos,27
2018,Ceuta,5.5.-estafas,60
2018,Ceuta,5.5.1.-estafas informaticas,25
2018,Ceuta,5.6.-danos,48
2018,Ceuta,5.7.-contra la propiedad intelectual/industrial,0
2018,Ceuta,5.8.-blanqueo de capitales,4
2018,Ceuta,5.9.-otros contra el patrimonio,51
2018,Ceuta,6. seguridad colectiva,369
2018,Ceuta,6.1.-trafico de drogas,154
2018,Ceuta,6.2.-contra la seguridad vial,211
2018,Ceuta,6.3.-otros contra la seguridad colectiva,4
2018,Ceuta,7. falsedades,590
2018,Ceuta,8. admon. publica,9
2018,Ceuta,9. admon. justicia,175
2018,Ceuta,total infracciones penales,2910
2018,Comunidad Foral de Navarra,1. contra las personas,2140
2018,Comunidad Foral de Navarra,1.1.-homicidios dolosos/asesinatos,25
2018,Comunidad Foral de Navarra,1.1.1.-homicidios dolosos/asesinatos consumados,11
2018,Comunidad Foral de Navarra,1.2.-lesiones,1103
2018,Comunidad Foral de Navarra,1.3.-malos tratos ambito familiar,980
2018,Comunidad Foral de Navarra,1.4.-otros contra las personas,32
2018,Comunidad Foral de Navarra,10. orden publico,299
2018,Comunidad Foral de Navarra,11. legislacion especial,1
2018,Comunidad Foral de Navarra,12. otras infracciones penales,102
2018,Comunidad Foral de Navarra,2. contra la libertad,1113
2018,Comunidad Foral de Navarra,2.1.-malos tratos habituales en el ambito familiar,105
2018,Comunidad Foral de Navarra,2.2.-otros contra la libertad,1008
2018,Comunidad Foral de Navarra,3. libertad sexual,209
2018,Comunidad Foral de Navarra,3.1.-agresion sexual,118
2018,Comunidad Foral de Navarra,3.2.-agresion sexual con penetracion,53
2018,Comunidad Foral de Navarra,3.3.-corrupcion de menores o incapacitados,6
2018,Comunidad Foral de Navarra,3.4.-pornografia de menores,6
2018,Comunidad Foral de Navarra,3.5.-otros contra la libertad sexual,26
2018,Comunidad Foral de Navarra,4. relaciones familiares,63
2018,Comunidad Foral de Navarra,5. patrimonio,2741
2018,Comunidad Foral de Navarra,5.1.-hurtos,974
2018,Comunidad Foral de Navarra,5.2.-robos con fuerza en las cosas,332
2018,Comunidad Foral de Navarra,5.2.1.-robos con fuerza en las cosas en el interior de vehiculos,45
2018,Comunidad Foral de Navarra,5.2.2.-robos con fuerza en viviendas,109
2018,Comunidad Foral de Navarra,5.2.3.-robos con fuerza en establecimientos,87
2018,Comunidad Foral de Navarra,5.3.-robos con violencia o intimidacion,69
2018,Comunidad Foral de Navarra,5.3.1.-robos con violencia en via publica,38
2018,Comunidad Foral de Navarra,5.3.2.-robos con violencia en viviendas,5
2018,Comunidad Foral de Navarra,5.3.3.-robos con violencia en establecimientos,18
2018,Comunidad Foral de Navarra,5.4.-sustraccion de vehiculos,71
2018,Comunidad Foral de Navarra,5.5.-estafas,575
2018,Comunidad Foral de Navarra,5.5.1.-estafas informaticas,226
2018,Comunidad Foral de Navarra,5.6.-danos,416
2018,Comunidad Foral de Navarra,5.7.-contra la propiedad intelectual/industrial,29
2018,Comunidad Foral de Navarra,5.8.-blanqueo de capitales,2
2018,Comunidad Foral de Navarra,5.9.-otros contra el patrimonio,273
2018,Comunidad Foral de Navarra,6. seguridad colectiva,1438
2018,Comunidad Foral de Navarra,6.1.-trafico de drogas,136
2018,Comunidad Foral de Navarra,6.2.-contra la seguridad vial,1261
2018,Comunidad Foral de Navarra,6.3.-otros contra la seguridad colectiva,41
2018,Comunidad Foral de Navarra,7. falsedades,154
2018,Comunidad Foral de Navarra,8. admon. publica,4
2018,Comunidad Foral de Navarra,9. admon. justicia,378
2018,Comunidad Foral de Navarra,total infracciones penales,8642
2018,Comunidad Valenciana,1. contra las personas,20230
2018,Comunidad Valenciana,1.1.-homicidios dolosos/asesinatos,119
2018,Comunidad Valenciana,1.1.1.-homicidios dolosos/asesinatos consumados,26
2018,Comunidad Valenciana,1.2.-lesiones,9378
2018,Comunidad Valenciana,1.3.-malos tratos ambito familiar,10425
2018,Comunidad Valenciana,1.4.-otros contra las personas,308
2018,Comunidad Valenciana,10. orden publico,2553
2018,Comunidad Valenciana,11. legislacion especial,13
2018,Comunidad Valenciana,12. otras infracciones penales,805
2018,Comunidad Valenciana,2. contra la libertad,10652
2018,Comunidad Valenciana,2.1.-malos tratos habituales en el ambito familiar,1684
2018,Comunidad Valenciana,2.2.-otros contra la libertad,8968
2018,Comunidad Valenciana,3. libertad sexual,1338
2018,Comunidad Valenciana,3.1.-agresion sexual,849
2018,Comunidad Valenciana,3.2.-agresion sexual con penetracion,221
2018,Comunidad Valenciana,3.3.-corrupcion de menores o incapacitados,33
2018,Comunidad Valenciana,3.4.-pornografia de menores,70
2018,Comunidad Valenciana,3.5.-otros contra la libertad sexual,165
2018,Comunidad Valenciana,4. relaciones familiares,870
2018,Comunidad Valenciana,5. patrimonio,34486
2018,Comunidad Valenciana,5.1.-hurtos,13342
2018,Comunidad Valenciana,5.2.-robos con fuerza en las cosas,5580
2018,Comunidad Valenciana,5.2.1.-robos con fuerza en las cosas en el interior de vehiculos,1112
2018,Comunidad Valenciana,5.2.2.-robos con fuerza en viviendas,2584
2018,Comunidad Valenciana,5.2.3.-robos con fuerza en establecimientos,1020
2018,Comunidad Valenciana,5.3.-robos con violencia o intimidacion,1681
2018,Comunidad Valenciana,5.3.1.-robos con violencia en via publica,774
2018,Comunidad Valenciana,5.3.2.-robos con violencia en viviendas,192
2018,Comunidad Valenciana,5.3.3.-robos con violencia en establecimientos,493
2018,Comunidad Valenciana,5.4.-sustraccion de vehiculos,990
2018,Comunidad Valenciana,5.5.-estafas,5933
2018,Comunidad Valenciana,5.5.1.-estafas informaticas,2086
2018,Comunidad Valenciana,5.6.-danos,3532
2018,Comunidad Valenciana,5.7.-contra la propiedad intelectual/industrial,265
2018,Comunidad Valenciana,5.8.-blanqueo de capitales,53
2018,Comunidad Valenciana,5.9.-otros contra el patrimonio,3110
2018,Comunidad Valenciana,6. seguridad colectiva,7558
2018,Comunidad Valenciana,6.1.-trafico de drogas,1700
2018,Comunidad Valenciana,6.2.-contra la seguridad vial,5647
2018,Comunidad Valenciana,6.3.-otros contra la seguridad colectiva,211
2018,Comunidad Valenciana,7. falsedades,2241
2018,Comunidad Valenciana,8. admon. publica,101
2018,Comunidad Valenciana,9. admon. justicia,4415
2018,Comunidad Valenciana,total infracciones penales,85262
2018,Comunidad de Madrid,1. contra las personas,23392
2018,Comunidad de Madrid,1.1.-homicidios dolosos/asesinatos,108
2018,Comunidad de Madrid,1.1.1.-homicidios dolosos/asesinatos consumados,34
2018,Comunidad de Madrid,1.2.-lesiones,9326
2018,Comunidad de Madrid,1.3.-malos tratos ambito familiar,13647
2018,Comunidad de Madrid,1.4.-otros contra las personas,311
2018,Comunidad de Madrid,10. orden publico,3707
2018,Comunidad de Madrid,11. legislacion especial,8
2018,Comunidad de Madrid,12. otras infracciones penales,702
2018,Comunidad de Madrid,2. contra la libertad,10136
2018,Comunidad de Madrid,2.1.-malos tratos habituales en el ambito familiar,1025
2018,Comunidad de Madrid,2.2.-otros contra la libertad,9111
2018,Comunidad de Madrid,3. libertad sexual,1570
2018,Comunidad de Madrid,3.1.-agresion sexual,908
2018,Comunidad de Madrid,3.2.-agresion sexual con penetracion,350
2018,Comunidad de Madrid,3.3.-corrupcion de menores o incapacitados,32
2018,Comunidad de Madrid,3.4.-pornografia de menores,91
2018,Comunidad de Madrid,3.5.-otros contra la libertad sexual,189
2018,Comunidad de Madrid,4. relaciones familiares,713
2018,Comunidad de Madrid,5. patrimonio,44330
2018,Comunidad de Madrid,5.1.-hurtos,23169
2018,Comunidad de Madrid,5.2.-robos con fuerza en las cosas,3626
2018,Comunidad de Madrid,5.2.1.-robos con fuerza en las cosas en el interior de vehiculos,1054
2018,Comunidad de Madrid,5.2.2.-robos con fuerza en viviendas,1108
2018,Comunidad de Madrid,5.2.3.-robos con fuerza en establecimientos,791
2018,Comunidad de Madrid,5.3.-robos con violencia o intimidacion,2802
2018,Comunidad de Madrid,5.3.1.-robos con violencia en via publica,1571
2018,Comunidad de Madrid,5.3.2.-robos con violencia en viviendas,194
2018,Comunidad de Madrid,5.3.3.-robos con violencia en establecimientos,730
2018,Comunidad de Madrid,5.4.-sustraccion de vehiculos,1526
2018,Comunidad de Madrid,5.5.-estafas,6764
2018,Comunidad de Madrid,5.5.1.-estafas informaticas,1714
2018,Comunidad de Madrid,5.6.-danos,2913
2018,Comunidad de Madrid,5.7.-contra la propiedad intelectual/industrial,220
2018,Comunidad de Madrid,5.8.-blanqueo de capitales,30
2018,Comunidad de Madrid,5.9.-otros contra el patrimonio,3280
2018,Comunidad de Madrid,6. seguridad colectiva,6254
2018,Comunidad de Madrid,6.1.-trafico de drogas,1806
2018,Comunidad de Madrid,6.2.-contra la seguridad vial,4128
2018,Comunidad de Madrid,6.3.-otros contra la seguridad colectiva,320
2018,Comunidad de Madrid,7. falsedades,1969
2018,Comunidad de Madrid,8. admon. publica,60
2018,Comunidad de Madrid,9. admon. justicia,4355
2018,Comunidad de Madrid,total infracciones penales,97196
2018,Extremadura,1. contra las personas,2845
2018,Extremadura,1.1.-homicidios dolosos/asesinatos,17
2018,Extremadura,1.1.1.-homicidios dolosos/asesinatos consumados,4
2018,Extremadura,1.2.-lesiones,1696
2018,Extremadura,1.3.-malos tratos ambito familiar,1060
2018,Extremadura,1.4.-otros contra las personas,72
2018,Extremadura,10. orden publico,239
2018,Extremadura,11. legislacion especial,16
2018,Extremadura,12. otras infracciones penales,219
2018,Extremadura,2. contra la libertad,1829
2018,Extremadura,2.1.-malos tratos habituales en el ambito familiar,210
2018,Extremadura,2.2.-otros contra la libertad,1619
2018,Extremadura,3. libertad sexual,175
2018,Extremadura,3.1.-agresion sexual,115
2018,Extremadura,3.2.-agresion sexual con penetracion,31
2018,Extremadura,3.3.-corrupcion de menores o incapacitados,3
2018,Extremadura,3.4.-pornografia de menores,8
2018,Extremadura,3.5.-otros contra la libertad sexual,18
2018,Extremadura,4. relaciones familiares,194
2018,Extremadura,5. patrimonio,3995
2018,Extremadura,5.1.-hurtos,1512
2018,Extremadura,5.2.-robos con fuerza en las cosas,638
2018,Extremadura,5.2.1.-robos con fuerza en las cosas en el interior de vehiculos,101
2018,Extremadura,5.2.2.-robos con fuerza en viviendas,176
2018,Extremadura,5.2.3.-robos con fuerza en establecimientos,189
2018,Extremadura,5.3.-robos con violencia o intimidacion,139
2018,Extremadura,5.3.1.-robos con violencia en via publica,61
2018,Extremadura,5.3.2.-robos con violencia en viviendas,18
2018,Extremadura,5.3.3.-robos con violencia en establecimientos,46
2018,Extremadura,5.4.-sustraccion de vehiculos,65
2018,Extremadura,5.5.-estafas,684
2018,Extremadura,5.5.1.-estafas informaticas,281
2018,Extremadura,5.6.-danos,486
2018,Extremadura,5.7.-contra la propiedad intelectual/industrial,59
2018,Extremadura,5.8.-blanqueo de capitales,1
2018,Extremadura,5.9.-otros contra el patrimonio,411
2018,Extremadura,6. seguridad colectiva,1074
2018,Extremadura,6.1.-trafico de drogas,232
2018,Extremadura,6.2.-contra la seguridad vial,786
2018,Extremadura,6.3.-otros contra la seguridad colectiva,56
2018,Extremadura,7. falsedades,208
2018,Extremadura,8. admon. publica,7
2018,Extremadura,9. admon. justicia,612
2018,Extremadura,total infracciones penales,11413
2018,Galicia,1. contra las personas,7330
2018,Galicia,1.1.-homicidios dolosos/asesinatos,32
2018,Galicia,1.1.1.-homicidios dolosos/asesinatos consumados,7
2018,Galicia,1.2.-lesiones,4188
2018,Galicia,1.3.-malos tratos ambito familiar,2945
2018,Galicia,1.4.-otros contra las personas,165
2018,Galicia,10. orden publico,773
2018,Galicia,11. legislacion especial,1
2018,Galicia,12. otras infracciones penales,430
2018,Galicia,2. contra la libertad,4833
2018,Galicia,2.1.-malos tratos habituales en el ambito familiar,633
2018,Galicia,2.2.-otros contra la libertad,4200
2018,Galicia,3. libertad sexual,440
2018,Galicia,3.1.-agresion sexual,278
2018,Galicia,3.2.-agresion sexual con penetracion,82
2018,Galicia,3.3.-corrupcion de menores o incapacitados,4
2018,Galicia,3.4.-pornografia de menores,29
2018,Galicia,3.5.-otros contra la libertad sexual,47
2018,Galicia,4. relaciones familiares,184
2018,Galicia,5. patrimonio,12487
2018,Galicia,5.1.-hurtos,4700
2018,Galicia,5.2.-robos con fuerza en las cosas,2177
2018,Galicia,5.2.1.-robos con fuerza en las cosas en el interior de vehiculos,397
2018,Galicia,5.2.2.-robos con fuerza en viviendas,716
2018,Galicia,5.2.3.-robos con fuerza en establecimientos,616
2018,Galicia,5.3.-robos con violencia o intimidacion,527
2018,Galicia,5.3.1.-robos con violencia en via publica,209
2018,Galicia,5.3.2.-robos con violencia en viviendas,74
2018,Galicia,5.3.3.-robos con violencia en establecimientos,168
2018,Galicia,5.4.-sustraccion de vehiculos,280
2018,Galicia,5.5.-estafas,2051
2018,Galicia,5.5.1.-estafas informaticas,877
2018,Galicia,5.6.-danos,1831
2018,Galicia,5.7.-contra la propiedad intelectual/industrial,114
2018,Galicia,5.8.-blanqueo de capitales,11
2018,Galicia,5.9.-otros contra el patrimonio,796
2018,Galicia,6. seguridad colectiva,4611
2018,Galicia,6.1.-trafico de drogas,420
2018,Galicia,6.2.-contra la seguridad vial,4098
2018,Galicia,6.3.-otros contra la seguridad colectiva,93
2018,Galicia,7. falsedades,405
2018,Galicia,8. admon. publica,14
2018,Galicia,9. admon. justicia,1289
2018,Galicia,total infracciones penales,32797
2018,Illes Balears,1. contra las personas,6335
2018,Illes Balears,1.1.-homicidios dolosos/asesinatos,42
2018,Illes Balears,1.1.1.-homicidios dolosos/asesinatos consumados,7
2018,Illes Balears,1.2.-lesiones,2658
2018,Illes Balears,1.3.-malos tratos ambito familiar,3524
2018,Illes Balears,1.4.-otros contra las personas,111
2018,Illes Balears,10. orden publico,595
2018,Illes Balears,11. legislacion especial,2
2018,Illes Balears,12. otras infracciones penales,199
2018,Illes Balears,2. contra la libertad,3204
2018,Illes Balears,2.1.-malos tratos habituales en el ambito familiar,506
2018,Illes Balears,2.2.-otros contra la libertad,2698
2018,Illes Balears,3. libertad sexual,409
2018,Illes Balears,3.1.-agresion sexual,266
2018,Illes Balears,3.2.-agresion sexual con penetracion,75
2018,Illes Balears,3.3.-corrupcion de menores o incapacitados,12
2018,Illes Balears,3.4.-pornografia de menores,9
2018,Illes Balears,3.5.-otros contra la libertad sexual,47
2018,Illes Balears,4. relaciones familiares,151
2018,Illes Balears,5. patrimonio,8712
2018,Illes Balears,5.1.-hurtos,3292
2018,Illes Balears,5.2.-robos con fuerza en las cosas,1577
2018,Illes Balears,5.2.1.-robos con fuerza en las cosas en el interior de vehiculos,266
2018,Illes Balears,5.2.2.-robos con fuerza en viviendas,649
2018,Illes Balears,5.2.3.-robos con fuerza en establecimientos,358
2018,Illes Balears,5.3.-robos con violencia o intimidacion,419
2018,Illes Balears,5.3.1.-robos con violencia en via publica,218
2018,Illes Balears,5.3.2.-robos con violencia en viviendas,53
2018,Illes Balears,5.3.3.-robos con violencia en establecimientos,101
2018,Illes Balears,5.4.-sustraccion de vehiculos,483
2018,Illes Balears,5.5.-estafas,1104
2018,Illes Balears,5.5.1.-estafas informaticas,308
2018,Illes Balears,5.6.-danos,941
2018,Illes Balears,5.7.-contra la propiedad intelectual/industrial,67
2018,Illes Balears,5.8.-blanqueo de capitales,6
2018,Illes Balears,5.9.-otros contra el patrimonio,823
2018,Illes Balears,6. seguridad colectiva,2576
2018,Illes Balears,6.1.-trafico de drogas,487
2018,Illes Balears,6.2.-contra la seguridad vial,1942
2018,Illes Balears,6.3.-otros contra la seguridad colectiva,147
2018,Illes Balears,7. falsedades,423
2018,Illes Balears,8. admon. publica,4
2018,Illes Balears,9. admon. justicia,939
2018,Illes Balears,total infracciones penales,23549
2018,La Rioja,1. contra las personas,960
2018,La Rioja,1.1.-homicidios dolosos/asesinatos,2
2018,La Rioja,1.1.1.-homicidios dolosos/asesinatos consumados,0
2018,La Rioja,1.2.-lesiones,468
2018,La Rioja,1.3.-malos tratos ambito familiar,480
2018,La Rioja,1.4.-otros contra las personas,10
2018,La Rioja,10. orden publico,85
2018,La Rioja,11. legislacion especial,0
2018,La Rioja,12. otras infracciones penales,34
2018,La Rioja,2. contra la libertad,418
2018,La Rioja,2.1.-malos tratos habituales en el ambito familiar,49
2018,La Rioja,2.2.-otros contra la libertad,369
2018,La Rioja,3. libertad sexual,50
2018,La Rioja,3.1.-agresion sexual,30
2018,La Rioja,3.2.-agresion sexual con penetracion,7
2018,La Rioja,3.3.-corrupcion de menores o incapacitados,1
2018,La Rioja,3.4.-pornografia de menores,6
2018,La Rioja,3.5.-otros contra la libertad sexual,6
2018,La Rioja,4. relaciones familiares,19
2018,La Rioja,5. patrimonio,1314
2018,La Rioja,5.1.-hurtos,608
2018,La Rioja,5.2.-robos con fuerza en las cosas,177
2018,La Rioja,5.2.1.-robos con fuerza en las cosas en el interior de vehiculos,38
2018,La Rioja,5.2.2.-robos con fuerza en viviendas,58
2018,La Rioja,5.2.3.-robos con fuerza en establecimientos,37
2018,La Rioja,5.3.-robos con violencia o intimidacion,39
2018,La Rioja,5.3.1.-robos con violencia en via publica,19
2018,La Rioja,5.3.2.-robos con violencia en viviendas,5
2018,La Rioja,5.3.3.-robos con violencia en establecimientos,8
2018,La Rioja,5.4.-sustraccion de vehiculos,40
2018,La Rioja,5.5.-estafas,192
2018,La Rioja,5.5.1.-estafas informaticas,87
2018,La Rioja,5.6.-danos,159
2018,La Rioja,5.7.-contra la propiedad intelectual/industrial,16
2018,La Rioja,5.8.-blanqueo de capitales,1
2018,La Rioja,5.9.-otros contra el patrimonio,82
2018,La Rioja,6. seguridad colectiva,338
2018,La Rioja,6.1.-trafico de drogas,72
2018,La Rioja,6.2.-contra la seguridad vial,257
2018,La Rioja,6.3.-otros contra la seguridad colectiva,9
2018,La Rioja,7. falsedades,45
2018,La Rioja,8. admon. publica,3
2018,La Rioja,9. admon. justicia,184
2018,La Rioja,total infracciones penales,3450
2018,Melilla,1. contra las personas,813
2018,Melilla,1.1.-homicidios dolosos/asesinatos,2
2018,Melilla,1.1.1.-homicidios dolosos/asesinatos consumados,0
2018,Melilla,1.2.-lesiones,506
2018,Melilla,1.3.-malos tratos ambito familiar,282
2018,Melilla,1.4.-otros contra las personas,23
2018,Melilla,10. orden publico,154
2018,Melilla,11. legislacion especial,1
2018,Melilla,12. otras infracciones penales,123
2018,Melilla,2. contra la libertad,298
2018,Melilla,2.1.-malos tratos habituales en el ambito familiar,3
2018,Melilla,2.2.-otros contra la libertad,295
2018,Melilla,3. libertad sexual,22
2018,Melilla,3.1.-agresion sexual,14
2018,Melilla,3.2.-agresion sexual con penetracion,2
2018,Melilla,3.3.-corrupcion de menores o incapacitados,1
2018,Melilla,3.4.-pornografia de menores,1
2018,Melilla,3.5.-otros contra la libertad sexual,4
2018,Melilla,4. relaciones familiares,19
2018,Melilla,5. patrimonio,1079
2018,Melilla,5.1.-hurtos,350
2018,Melilla,5.2.-robos con fuerza en las cosas,192
2018,Melilla,5.2.1.-robos con fuerza en las cosas en el interior de vehiculos,123
2018,Melilla,5.2.2.-robos con fuerza en viviendas,28
2018,Melilla,5.2.3.-robos con fuerza en establecimientos,13
2018,Melilla,5.3.-robos con violencia o intimidacion,223
2018,Melilla,5.3.1.-robos con violencia en via publica,177
2018,Melilla,5.3.2.-robos con violencia en viviendas,3
2018,Melilla,5.3.3.-robos con violencia en establecimientos,5
2018,Melilla,5.4.-sustraccion de vehiculos,18
2018,Melilla,5.5.-estafas,153
2018,Melilla,5.5.1.-estafas informaticas,58
2018,Melilla,5.6.-danos,96
2018,Melilla,5.7.-contra la propiedad intelectual/industrial,10
2018,Melilla,5.8.-blanqueo de capitales,0
2018,Melilla,5.9.-otros contra el patrimonio,37
2018,Melilla,6. seguridad colectiva,306
2018,Melilla,6.1.-trafico de drogas,43
2018,Melilla,6.2.-contra la seguridad vial,230
2018,Melilla,6.3.-otros contra la seguridad colectiva,33
2018,Melilla,7. falsedades,188
2018,Melilla,8. admon. publica,0
2018,Melilla,9. admon. justicia,78
2018,Melilla,total infracciones penales,3081
2018,País Vasco,1. contra las personas,21
2018,País Vasco,1.1.-homicidios dolosos/asesinatos,0
2018,País Vasco,1.1.1.-homicidios dolosos/asesinatos consumados,0
2018,País Vasco,1.2.-lesiones,5
2018,País Vasco,1.3.-malos tratos ambito familiar,14
2018,País Vasco,1.4.-otros contra las personas,2
2018,País Vasco,10. orden publico,33
2018,País Vasco,11. legislacion especial,0
2018,País Vasco,12. otras infracciones penales,33
2018,País Vasco,2. contra la libertad,38
2018,País Vasco,2.1.-malos tratos habituales en el ambito familiar,1
2018,País Vasco,2.2.-otros contra la libertad,37
2018,País Vasco,3. libertad sexual,33
2018,País Vasco,3.1.-agresion sexual,6
2018,País Vasco,3.2.-agresion sexual con penetracion,4
2018,País Vasco,3.3.-corrupcion de menores o incapacitados,0
2018,País Vasco,3.4.-pornografia de menores,22
2018,País Vasco,3.5.-otros contra la libertad sexual,1
2018,País Vasco,4. relaciones familiares,13
2018,País Vasco,5. patrimonio,279
2018,País Vasco,5.1.-hurtos,11
2018,País Vasco,5.2.-robos con fuerza en las cosas,5
2018,País Vasco,5.2.1.-robos con fuerza en las cosas en el interior de vehiculos,0
2018,País Vasco,5.2.2.-robos con fuerza en viviendas,0
2018,País Vasco,5.2.3.-robos con fuerza en establecimientos,3
2018,País Vasco,5.3.-robos con violencia o intimidacion,1
2018,País Vasco,5.3.1.-robos con violencia en via publica,1
2018,País Vasco,5.3.2.-robos con violencia en viviendas,0
2018,País Vasco,5.3.3.-robos con violencia en establecimientos,0
2018,País Vasco,5.4.-sustraccion de vehiculos,44
2018,País Vasco,5.5.-estafas,185
2018,País Vasco,5.5.1.-estafas informaticas,123
2018,País Vasco,5.6.-danos,4
2018,País Vasco,5.7.-contra la propiedad intelectual/industrial,3
2018,País Vasco,5.8.-blanqueo de capitales,2
2018,País Vasco,5.9.-otros contra el patrimonio,24
2018,País Vasco,6. seguridad colectiva,63
2018,País Vasco,6.1.-trafico de drogas,55
2018,País Vasco,6.2.-contra la seguridad vial,2
2018,País Vasco,6.3.-otros contra la seguridad colectiva,6
2018,País Vasco,7. falsedades,158
2018,País Vasco,8. admon. publica,3
2018,País Vasco,9. admon. justicia,34
2018,País Vasco,total infracciones penales,708
2018,Principado de Asturias,1. contra las personas,2971
2018,Principado de Asturias,1.1.-homicidios dolosos/asesinatos,18
2018,Principado de Asturias,1.1.1.-homicidios dolosos/asesinatos consumados,8
2018,Principado de Asturias,1.2.-lesiones,1654
2018,Principado de Asturias,1.3.-malos tratos ambito familiar,1252
2018,Principado de Asturias,1.4.-otros contra las personas,47
2018,Principado de Asturias,10. orden publico,373
2018,Principado de Asturias,11. legislacion especial,0
2018,Principado de Asturias,12. otras infracciones penales,183
2018,Principado de Asturias,2. contra la libertad,1551
2018,Principado de Asturias,2.1.-malos tratos habituales en el ambito familiar,116
2018,Principado de Asturias,2.2.-otros contra la libertad,1435
2018,Principado de Asturias,3. libertad sexual,177
2018,Principado de Asturias,3.1.-agresion sexual,101
2018,Principado de Asturias,3.2.-agresion sexual con penetracion,26
2018,Principado de Asturias,3.3.-corrupcion de menores o incapacitados,9
2018,Principado de Asturias,3.4.-pornografia de menores,11
2018,Principado de Asturias,3.5.-otros contra la libertad sexual,30
2018,Principado de Asturias,4. relaciones familiares,101
2018,Principado de Asturias,5. patrimonio,4682
2018,Principado de Asturias,5.1.-hurtos,2030
2018,Principado de Asturias,5.2.-robos con fuerza en las cosas,648
2018,Principado de Asturias,5.2.1.-robos con fuerza en las cosas en el interior de vehiculos,87
2018,Principado de Asturias,5.2.2.-robos con fuerza en viviendas,185
2018,Principado de Asturias,5.2.3.-robos con fuerza en establecimientos,234
2018,Principado de Asturias,5.3.-robos con violencia o intimidacion,177
2018,Principado de Asturias,5.3.1.-robos con violencia en via publica,82
2018,Principado de Asturias,5.3.2.-robos con violencia en viviendas,22
2018,Principado de Asturias,5.3.3.-robos con violencia en establecimientos,57
2018,Principado de Asturias,5.4.-sustraccion de vehiculos,94
2018,Principado de Asturias,5.5.-estafas,840
2018,Principado de Asturias,5.5.1.-estafas informaticas,316
2018,Principado de Asturias,5.6.-danos,510
2018,Principado de Asturias,5.7.-contra la propiedad intelectual/industrial,37
2018,Principado de Asturias,5.8.-blanqueo de capitales,3
2018,Principado de Asturias,5.9.-otros contra el patrimonio,343
2018,Principado de Asturias,6. seguridad colectiva,1035
2018,Principado de Asturias,6.1.-trafico de drogas,137
2018,Principado de Asturias,6.2.-contra la seguridad vial,854
2018,Principado de Asturias,6.3.-otros contra la seguridad colectiva,44
2018,Principado de Asturias,7. falsedades,130
2018,Principado de Asturias,8. admon. publica,3
2018,Principado de Asturias,9. admon. justicia,569
2018,Principado de Asturias,total infracciones penales,11775
2018,Región de Murcia,1. contra las personas,5459
2018,Región de Murcia,1.1.-homicidios dolosos/asesinatos,36
2018,Región de Murcia,1.1.1.-homicidios dolosos/asesinatos consumados,10
2018,Región de Murcia,1.2.-lesiones,2762
2018,Región de Murcia,1.3.-malos tratos ambito familiar,2607
2018,Región de Murcia,1.4.-otros contra las personas,54
2018,Región de Murcia,10. orden publico,564
2018,Región de Murcia,11. legislacion especial,2
2018,Región de Murcia,12. otras infracciones penales,258
2018,Región de Murcia,2. contra la libertad,2931
2018,Región de Murcia,2.1.-malos tratos habituales en el ambito familiar,342
2018,Región de Murcia,2.2.-otros contra la libertad,2589
2018,Región de Murcia,3. libertad sexual,406
2018,Región de Murcia,3.1.-agresion sexual,270
2018,Región de Murcia,3.2.-agresion sexual con penetracion,62
2018,Región de Murcia,3.3.-corrupcion de menores o incapacitados,11
2018,Región de Murcia,3.4.-pornografia de menores,14
2018,Región de Murcia,3.5.-otros contra la libertad sexual,49
2018,Región de Murcia,4. relaciones familiares,594
2018,Región de Murcia,5. patrimonio,8602
2018,Región de Murcia,5.1.-hurtos,2878
2018,Región de Murcia,5.2.-robos con fuerza en las cosas,2022
2018,Región de Murcia,5.2.1.-robos con fuerza en las cosas en el interior de vehiculos,355
2018,Región de Murcia,5.2.2.-robos con fuerza en viviendas,1121
2018,Región de Murcia,5.2.3.-robos con fuerza en establecimientos,229
2018,Región de Murcia,5.3.-robos con violencia o intimidacion,508
2018,Región de Murcia,5.3.1.-robos con violencia en via publica,310
2018,Región de Murcia,5.3.2.-robos con violencia en viviendas,46
2018,Región de Murcia,5.3.3.-robos con violencia en establecimientos,99
2018,Región de Murcia,5.4.-sustraccion de vehiculos,291
2018,Región de Murcia,5.5.-estafas,1341
2018,Región de Murcia,5.5.1.-estafas informaticas,400
2018,Región de Murcia,5.6.-danos,815
2018,Región de Murcia,5.7.-contra la propiedad intelectual/industrial,49
2018,Región de Murcia,5.8.-blanqueo de capitales,4
2018,Región de Murcia,5.9.-otros contra el patrimonio,694
2018,Región de Murcia,6. seguridad colectiva,1469
2018,Región de Murcia,6.1.-trafico de drogas,281
2018,Región de Murcia,6.2.-contra la seguridad vial,1132
2018,Región de Murcia,6.3.-otros contra la seguridad colectiva,56
2018,Región de Murcia,7. falsedades,468
2018,Región de Murcia,8. admon. publica,10
2018,Región de Murcia,9. admon. justicia,1016
2018,Región de Murcia,total infracciones penales,21779
2019,Andalucía,1. contra las personas,33503
2019,Andalucía,1.1.-homicidios dolosos/asesinatos,225
2019,Andalucía,1.1.1.-homicidios dolosos/asesinatos consumados,75
2019,Andalucía,1.2.-lesiones,17105
2019,Andalucía,1.3.-malos tratos ambito familiar,15524
2019,Andalucía,1.4.-otros contra las personas,649
2019,Andalucía,10. orden publico,4057
2019,Andalucía,11. legislacion especial,169
2019,Andalucía,12. otras infracciones penales,1858
2019,Andalucía,2. contra la libertad,21205
2019,Andalucía,2.1.-malos tratos habituales en el ambito familiar,2758
2019,Andalucía,2.2.-otros contra la libertad,18447
2019,Andalucía,3. libertad sexual,2068
2019,Andalucía,3.1.-agresion sexual,1244
2019,Andalucía,3.2.-agresion sexual con penetracion,354
2019,Andalucía,3.3.-corrupcion de menores o incapacitados,66
2019,Andalucía,3.4.-pornografia de menores,100
2019,Andalucía,3.5.-otros contra la libertad sexual,304
2019,Andalucía,4. relaciones familiares,1451
2019,Andalucía,5. patrimonio,51761
2019,Andalucía,5.1.-hurtos,18160
2019,Andalucía,5.2.-robos con fuerza en las cosas,7476
2019,Andalucía,5.2.1.-robos con fuerza en las cosas en el interior de vehiculos,1701
2019,Andalucía,5.2.2.-robos con fuerza en viviendas,2551
2019,Andalucía,5.2.3.-robos con fuerza en establecimientos,1814
2019,Andalucía,5.3.-robos con violencia o intimidacion,3013
2019,Andalucía,5.3.1.-robos con violencia en via publica,1647
2019,Andalucía,5.3.2.-robos con violencia en viviendas,309
2019,Andalucía,5.3.3.-robos con violencia en establecimientos,755
2019,Andalucía,5.4.-sustraccion de vehiculos,1758
2019,Andalucía,5.5.-estafas,9422
2019,Andalucía,5.5.1.-estafas informaticas,3958
2019,Andalucía,5.6.-danos,5468
2019,Andalucía,5.7.-contra la propiedad intelectual/industrial,418
2019,Andalucía,5.8.-blanqueo de capitales,81
2019,Andalucía,5.9.-otros contra el patrimonio,5965
2019,Andalucía,6. seguridad colectiva,14283
2019,Andalucía,6.1.-trafico de drogas,3983
2019,Andalucía,6.2.-contra la seguridad vial,9988
2019,Andalucía,6.3.-otros contra la seguridad colectiva,312
2019,Andalucía,7. falsedades,2303
2019,Andalucía,8. admon. publica,84
2019,Andalucía,9. admon. justicia,6708
2019,Andalucía,total infracciones penales,139450
2019,Aragón,1. contra las personas,4264
2019,Aragón,1.1.-homicidios dolosos/asesinatos,16
2019,Aragón,1.1.1.-homicidios dolosos/asesinatos consumados,7
2019,Aragón,1.2.-lesiones,1938
2019,Aragón,1.3.-malos tratos ambito familiar,2229
2019,Aragón,1.4.-otros contra las personas,81
2019,Aragón,10. orden publico,562
2019,Aragón,11. legislacion especial,2
2019,Aragón,12. otras infracciones penales,191
2019,Aragón,2. contra la libertad,1928
2019,Aragón,2.1.-malos tratos habituales en el ambito familiar,281
2019,Aragón,2.2.-otros contra la libertad,1647
2019,Aragón,3. libertad sexual,267
2019,Aragón,3.1.-agresion sexual,176
2019,Aragón,3.2.-agresion sexual con penetracion,39
2019,Aragón,3.3.-corrupcion de menores o incapacitados,9
2019,Aragón,3.4.-pornografia de menores,15
2019,Aragón,3.5.-otros contra la libertad sexual,28
2019,Aragón,4. relaciones familiares,152
2019,Aragón,5. patrimonio,6140
2019,Aragón,5.1.-hurtos,2387
2019,Aragón,5.2.-robos con fuerza en las cosas,825
2019,Aragón,5.2.1.-robos con fuerza en las cosas en el interior de vehiculos,123
2019,Aragón,5.2.2.-robos con fuerza en viviendas,272
2019,Aragón,5.2.3.-robos con fuerza en establecimientos,188
2019,Aragón,5.3.-robos con violencia o intimidacion,397
2019,Aragón,5.3.1.-robos con violencia en via publica,219
2019,Aragón,5.3.2.-robos con violencia en viviendas,20
2019,Aragón,5.3.3.-robos con violencia en establecimientos,127
2019,Aragón,5.4.-sustraccion de vehiculos,67
2019,Aragón,5.5.-estafas,1182
2019,Aragón,5.5.1.-estafas informaticas,505
2019,Aragón,5.6.-danos,701
2019,Aragón,5.7.-contra la propiedad intelectual/industrial,28
2019,Aragón,5.8.-blanqueo de capitales,2
2019,Aragón,5.9.-otros contra el patrimonio,551
2019,Aragón,6. seguridad colectiva,1326
2019,Aragón,6.1.-trafico de drogas,343
2019,Aragón,6.2.-contra la seguridad vial,960
2019,Aragón,6.3.-otros contra la seguridad colectiva,23
2019,Aragón,7. falsedades,258
2019,Aragón,8. admon. publica,3
2019,Aragón,9. admon. justicia,785
2019,Aragón,total infracciones penales,15878
2019,Canarias,1. contra las personas,11427
2019,Canarias,1.1.-homicidios dolosos/asesinatos,67
2019,Canarias,1.1.1.-homicidios dolosos/asesinatos consumados,22
2019,Canarias,1.2.-lesiones,5950
2019,Canarias,1.3.-malos tratos ambito familiar,5078
2019,Canarias,1.4.-otros contra las personas,332
2019,Canarias,10. orden publico,911
2019,Canarias,11. legislacion especial,12
2019,Canarias,12. otras infracciones penales,330
2019,Canarias,2. contra la libertad,8243
2019,Canarias,2.1.-malos tratos habituales en el ambito familiar,858
2019,Canarias,2.2.-otros contra la libertad,7385
2019,Canarias,3. libertad sexual,756
2019,Canarias,3.1.-agresion sexual,499
2019,Canarias,3.2.-agresion sexual con penetracion,109
2019,Canarias,3.3.-corrupcion de menores o incapacitados,22
2019,Canarias,3.4.-pornografia de menores,55
2019,Canarias,3.5.-otros contra la libertad sexual,71
2019,Canarias,4. relaciones familiares,627
2019,Canarias,5. patrimonio,15485
2019,Canarias,5.1.-hurtos,5499
2019,Canarias,5.2.-robos con fuerza en las cosas,2122
2019,Canarias,5.2.1.-robos con fuerza en las cosas en el interior de vehiculos,522
2019,Canarias,5.2.2.-robos con fuerza en viviendas,674
2019,Canarias,5.2.3.-robos con fuerza en establecimientos,439
2019,Canarias,5.3.-robos con violencia o intimidacion,783
2019,Canarias,5.3.1.-robos con violencia en via publica,409
2019,Canarias,5.3.2.-robos con violencia en viviendas,89
2019,Canarias,5.3.3.-robos con violencia en establecimientos,178
2019,Canarias,5.4.-sustraccion de vehiculos,516
2019,Canarias,5.5.-estafas,2896
2019,Canarias,5.5.1.-estafas informaticas,985
2019,Canarias,5.6.-danos,2153
2019,Canarias,5.7.-contra la propiedad intelectual/industrial,152
2019,Canarias,5.8.-blanqueo de capitales,12
2019,Canarias,5.9.-otros contra el patrimonio,1352
2019,Canarias,6. seguridad colectiva,3285
2019,Canarias,6.1.-trafico de drogas,597
2019,Canarias,6.2.-contra la seguridad vial,2649
2019,Canarias,6.3.-otros contra la seguridad colectiva,39
2019,Canarias,7. falsedades,703
2019,Canarias,8. admon. publica,14
2019,Canarias,9. admon. justicia,1732
2019,Canarias,total infracciones penales,43525
2019,Cantabria,1. contra las personas,1829
2019,Cantabria,1.1.-homicidios dolosos/asesinatos,15
2019,Cantabria,1.1.1.-homicidios dolosos/asesinatos consumados,6
2019,Cantabria,1.2.-lesiones,1107
2019,Cantabria,1.3.-malos tratos ambito familiar,618
2019,Cantabria,1.4.-otros contra las personas,89
2019,Cantabria,10. orden publico,164
2019,Cantabria,11. legislacion especial,0
2019,Cantabria,12. otras infracciones penales,94
2019,Cantabria,2. contra la libertad,1196
2019,Cantabria,2.1.-malos tratos habituales en el ambito familiar,133
2019,Cantabria,2.2.-otros contra la libertad,1063
2019,Cantabria,3. libertad sexual,90
2019,Cantabria,3.1.-agresion sexual,55
2019,Cantabria,3.2.-agresion sexual con penetracion,15
2019,Cantabria,3.3.-corrupcion de menores o incapacitados,0
2019,Cantabria,3.4.-pornografia de menores,7
2019,Cantabria,3.5.-otros contra la libertad sexual,13
2019,Cantabria,4. relaciones familiares,43
2019,Cantabria,5. patrimonio,3160
2019,Cantabria,5.1.-hurtos,1239
2019,Cantabria,5.2.-robos con fuerza en las cosas,510
2019,Cantabria,5.2.1.-robos con fuerza en las cosas en el interior de vehiculos,50
2019,Cantabria,5.2.2.-robos con fuerza en viviendas,161
2019,Cantabria,5.2.3.-robos con fuerza en establecimientos,191
2019,Cantabria,5.3.-robos con violencia o intimidacion,99
2019,Cantabria,5.3.1.-robos con violencia en via publica,37
2019,Cantabria,5.3.2.-robos con violencia en viviendas,13
2019,Cantabria,5.3.3.-robos con violencia en establecimientos,35
2019,Cantabria,5.4.-sustraccion de vehiculos,53
2019,Cantabria,5.5.-estafas,536
2019,Cantabria,5.5.1.-estafas informaticas,230
2019,Cantabria,5.6.-danos,438
2019,Cantabria,5.7.-contra la propiedad intelectual/industrial,10
2019,Cantabria,5.8.-blanqueo de capitales,0
2019,Cantabria,5.9.-otros contra el patrimonio,275
2019,Cantabria,6. seguridad colectiva,707
2019,Cantabria,6.1.-trafico de drogas,85
2019,Cantabria,6.2.-contra la seguridad vial,614
2019,Cantabria,6.3.-otros contra la seguridad colectiva,8
2019,Cantabria,7. falsedades,133
2019,Cantabria,8. admon. publica,3
2019,Cantabria,9. admon. justicia,286
2019,Cantabria,total infracciones penales,7705
2019,Castilla y León,1. contra las personas,6626
2019,Castilla y León,1.1.-homicidios dolosos/asesinatos,42
2019,Castilla y León,1.1.1.-homicidios dolosos/asesinatos consumados,10
2019,Castilla y León,1.2.-lesiones,3851
2019,Castilla y León,1.3.-malos tratos ambito familiar,2474
2019,Castilla y León,1.4.-otros contra las personas,259
2019,Castilla y León,10. orden publico,735
2019,Castilla y León,11. legislacion especial,7
2019,Castilla y León,12. otras infracciones penales,380
2019,Castilla y León,2. contra la libertad,4578
2019,Castilla y León,2.1.-malos tratos habituales en el ambito familiar,533
2019,Castilla y León,2.2.-otros contra la libertad,4045
2019,Castilla y León,3. libertad sexual,434
2019,Castilla y León,3.1.-agresion sexual,241
2019,Castilla y León,3.2.-agresion sexual con penetracion,77
2019,Castilla y León,3.3.-corrupcion de menores o incapacitados,11
2019,Castilla y León,3.4.-pornografia de menores,27
2019,Castilla y León,3.5.-otros contra la libertad sexual,78
2019,Castilla y León,4. relaciones familiares,189
2019,Castilla y León,5. patrimonio,11978
2019,Castilla y León,5.1.-hurtos,4701
2019,Castilla y León,5.2.-robos con fuerza en las cosas,1687
2019,Castilla y León,5.2.1.-robos con fuerza en las cosas en el interior de vehiculos,193
2019,Castilla y León,5.2.2.-robos con fuerza en viviendas,511
2019,Castilla y León,5.2.3.-robos con fuerza en establecimientos,447
2019,Castilla y León,5.3.-robos con violencia o intimidacion,413
2019,Castilla y León,5.3.1.-robos con violencia en via publica,214
2019,Castilla y León,5.3.2.-robos con violencia en viviendas,42
2019,Castilla y León,5.3.3.-robos con violencia en establecimientos,116
2019,Castilla y León,5.4.-sustraccion de vehiculos,216
2019,Castilla y León,5.5.-estafas,2547
2019,Castilla y León,5.5.1.-estafas informaticas,1239
2019,Castilla y León,5.6.-danos,1507
2019,Castilla y León,5.7.-contra la propiedad intelectual/industrial,43
2019,Castilla y León,5.8.-blanqueo de capitales,8
2019,Castilla y León,5.9.-otros contra el patrimonio,856
2019,Castilla y León,6. seguridad colectiva,2809
2019,Castilla y León,6.1.-trafico de drogas,425
2019,Castilla y León,6.2.-contra la seguridad vial,2313
2019,Castilla y León,6.3.-otros contra la seguridad colectiva,71
2019,Castilla y León,7. falsedades,489
2019,Castilla y León,8. admon. publica,12
2019,Castilla y León,9. admon. justicia,1200
2019,Castilla y León,total infracciones penales,29437
2019,Castilla-La Mancha,1. contra las personas,6686
2019,Castilla-La Mancha,1.1.-homicidios dolosos/asesinatos,37
2019,Castilla-La Mancha,1.1.1.-homicidios dolosos/asesinatos consumados,12
2019,Castilla-La Mancha,1.2.-lesiones,3428
2019,Castilla-La Mancha,1.3.-malos tratos ambito familiar,3071
2019,Castilla-La Mancha,1.4.-otros contra las personas,150
2019,Castilla-La Mancha,10. orden publico,734
2019,Castilla-La Mancha,11. legislacion especial,6
2019,Castilla-La Mancha,12. otras infracciones penales,393
2019,Castilla-La Mancha,2. contra la libertad,3911
2019,Castilla-La Mancha,2.1.-malos tratos habituales en el ambito familiar,594
2019,Castilla-La Mancha,2.2.-otros contra la libertad,3317
2019,Castilla-La Mancha,3. libertad sexual,453
2019,Castilla-La Mancha,3.1.-agresion sexual,285
2019,Castilla-La Mancha,3.2.-agresion sexual con penetracion,69
2019,Castilla-La Mancha,3.3.-corrupcion de menores o incapacitados,13
2019,Castilla-La Mancha,3.4.-pornografia de menores,32
2019,Castilla-La Mancha,3.5.-otros contra la libertad sexual,54
2019,Castilla-La Mancha,4. relaciones familiares,310
2019,Castilla-La Mancha,5. patrimonio,10926
2019,Castilla-La Mancha,5.1.-hurtos,3003
2019,Castilla-La Mancha,5.2.-robos con fuerza en las cosas,2271
2019,Castilla-La Mancha,5.2.1.-robos con fuerza en las cosas en el interior de vehiculos,344
2019,Castilla-La Mancha,5.2.2.-robos con fuerza en viviendas,750
2019,Castilla-La Mancha,5.2.3.-robos con fuerza en establecimientos,624
2019,Castilla-La Mancha,5.3.-robos con violencia o intimidacion,459
2019,Castilla-La Mancha,5.3.1.-robos con violencia en via publica,237
2019,Castilla-La Mancha,5.3.2.-robos con violencia en viviendas,50
2019,Castilla-La Mancha,5.3.3.-robos con violencia en establecimientos,105
2019,Castilla-La Mancha,5.4.-sustraccion de vehiculos,233
2019,Castilla-La Mancha,5.5.-estafas,2252
2019,Castilla-La Mancha,5.5.1.-estafas informaticas,1045
2019,Castilla-La Mancha,5.6.-danos,1346
2019,Castilla-La Mancha,5.7.-contra la propiedad intelectual/industrial,37
2019,Castilla-La Mancha,5.8.-blanqueo de capitales,18
2019,Castilla-La Mancha,5.9.-otros contra el patrimonio,1307
2019,Castilla-La Mancha,6. seguridad colectiva,3101
2019,Castilla-La Mancha,6.1.-trafico de drogas,445
2019,Castilla-La Mancha,6.2.-contra la seguridad vial,2592
2019,Castilla-La Mancha,6.3.-otros contra la seguridad colectiva,64
2019,Castilla-La Mancha,7. falsedades,666
2019,Castilla-La Mancha,8. admon. publica,23
2019,Castilla-La Mancha,9. admon. justicia,1283
2019,Castilla-La Mancha,total infracciones penales,28492
2019,Cataluña,1. contra las personas,18514
2019,Cataluña,1.1.-homicidios dolosos/asesinatos,247
2019,Cataluña,1.1.1.-homicidios dolosos/asesinatos consumados,1
2019,Cataluña,1.2.-lesiones,11306
2019,Cataluña,1.3.-malos tratos ambito familiar,6636
2019,Cataluña,1.4.-otros contra las personas,325
2019,Cataluña,10. orden publico,2862
2019,Cataluña,11. legislacion especial,10
2019,Cataluña,12. otras infracciones penales,582
2019,Cataluña,2. contra la libertad,16040
2019,Cataluña,2.1.-malos tratos habituales en el ambito familiar,1497
2019,Cataluña,2.2.-otros contra la libertad,14543
2019,Cataluña,3. libertad sexual,2420
2019,Cataluña,3.1.-agresion sexual,1224
2019,Cataluña,3.2.-agresion sexual con penetracion,861
2019,Cataluña,3.3.-corrupcion de menores o incapacitados,5
2019,Cataluña,3.4.-pornografia de menores,109
2019,Cataluña,3.5.-otros contra la libertad sexual,221
2019,Cataluña,4. relaciones familiares,1087
2019,Cataluña,5. patrimonio,62878
2019,Cataluña,5.1.-hurtos,22373
2019,Cataluña,5.2.-robos con fuerza en las cosas,7987
2019,Cataluña,5.2.1.-robos con fuerza en las cosas en el interior de vehiculos,1544
2019,Cataluña,5.2.2.-robos con fuerza en viviendas,7
2019,Cataluña,5.2.3.-robos con fuerza en establecimientos,8
2019,Cataluña,5.3.-robos con violencia o intimidacion,5422
2019,Cataluña,5.3.1.-robos con violencia en via publica,2
2019,Cataluña,5.3.2.-robos con violencia en viviendas,2
2019,Cataluña,5.3.3.-robos con violencia en establecimientos,7
2019,Cataluña,5.4.-sustraccion de vehiculos,4252
2019,Cataluña,5.5.-estafas,8433
2019,Cataluña,5.5.1.-estafas informaticas,2298
2019,Cataluña,5.6.-danos,4230
2019,Cataluña,5.7.-contra la propiedad intelectual/industrial,212
2019,Cataluña,5.8.-blanqueo de capitales,17
2019,Cataluña,5.9.-otros contra el patrimonio,9952
2019,Cataluña,6. seguridad colectiva,8600
2019,Cataluña,6.1.-trafico de drogas,2366
2019,Cataluña,6.2.-contra la seguridad vial,6081
2019,Cataluña,6.3.-otros contra la seguridad colectiva,153
2019,Cataluña,7. falsedades,2710
2019,Cataluña,8. admon. publica,40
2019,Cataluña,9. admon. justicia,3506
2019,Cataluña,total infracciones penales,119249
2019,Ceuta,1. contra las personas,622
2019,Ceuta,1.1.-homicidios dolosos/asesinatos,16
2019,Ceuta,1.1.1.-homicidios dolosos/asesinatos consumados,4
2019,Ceuta,1.2.-lesiones,354
2019,Ceuta,1.3.-malos tratos ambito familiar,250
2019,Ceuta,1.4.-otros contra las personas,2
2019,Ceuta,10. orden publico,157
2019,Ceuta,11. legislacion especial,5
2019,Ceuta,12. otras infracciones penales,157
2019,Ceuta,2. contra la libertad,214
2019,Ceuta,2.1.-malos tratos habituales en el ambito familiar,4
2019,Ceuta,2.2.-otros contra la libertad,210
2019,Ceuta,3. libertad sexual,19
2019,Ceuta,3.1.-agresion sexual,13
2019,Ceuta,3.2.-agresion sexual con penetracion,2
2019,Ceuta,3.3.-corrupcion de menores o incapacitados,0
2019,Ceuta,3.4.-pornografia de menores,0
2019,Ceuta,3.5.-otros contra la libertad sexual,4
2019,Ceuta,4. relaciones familiares,29
2019,Ceuta,5. patrimonio,596
2019,Ceuta,5.1.-hurtos,240
2019,Ceuta,5.2.-robos con fuerza en las cosas,62
2019,Ceuta,5.2.1.-robos con fuerza en las cosas en el interior de vehiculos,26
2019,Ceuta,5.2.2.-robos con fuerza en viviendas,17
2019,Ceuta,5.2.3.-robos con fuerza en establecimientos,10
2019,Ceuta,5.3.-robos con violencia o intimidacion,88
2019,Ceuta,5.3.1.-robos con violencia en via publica,61
2019,Ceuta,5.3.2.-robos con violencia en viviendas,5
2019,Ceuta,5.3.3.-robos con violencia en establecimientos,10
2019,Ceuta,5.4.-sustraccion de vehiculos,27
2019,Ceuta,5.5.-estafas,69
2019,Ceuta,5.5.1.-estafas informaticas,26
2019,Ceuta,5.6.-danos,62
2019,Ceuta,5.7.-contra la propiedad intelectual/industrial,2
2019,Ceuta,5.8.-blanqueo de capitales,1
2019,Ceuta,5.9.-otros contra el patrimonio,45
2019,Ceuta,6. seguridad colectiva,486
2019,Ceuta,6.1.-trafico de drogas,284
2019,Ceuta,6.2.-contra la seguridad vial,199
2019,Ceuta,6.3.-otros contra la seguridad colectiva,3
2019,Ceuta,7. falsedades,531
2019,Ceuta,8. admon. publica,8
2019,Ceuta,9. admon. justicia,148
2019,Ceuta,total infracciones penales,2972
2019,Comunidad Foral de Navarra,1. contra las personas,2239
2019,Comunidad Foral de Navarra,1.1.-homicidios dolosos/asesinatos,17
2019,Comunidad Foral de Navarra,1.1.1.-homicidios dolosos/asesinatos consumados,6
2019,Comunidad Foral de Navarra,1.2.-lesiones,1211
2019,Comunidad Foral de Navarra,1.3.-malos tratos ambito familiar,981
2019,Comunidad Foral de Navarra,1.4.-otros contra las personas,30
2019,Comunidad Foral de Navarra,10. orden publico,353
2019,Comunidad Foral de Navarra,11. legislacion especial,0
2019,Comunidad Foral de Navarra,12. otras infracciones penales,87
2019,Comunidad Foral de Navarra,2. contra la libertad,1254
2019,Comunidad Foral de Navarra,2.1.-malos tratos habituales en el ambito familiar,141
2019,Comunidad Foral de Navarra,2.2.-otros contra la libertad,1113
2019,Comunidad Foral de Navarra,3. libertad sexual,166
2019,Comunidad Foral de Navarra,3.1.-agresion sexual,99
2019,Comunidad Foral de Navarra,3.2.-agresion sexual con penetracion,40
2019,Comunidad Foral de Navarra,3.3.-corrupcion de menores o incapacitados,4
2019,Comunidad Foral de Navarra,3.4.-pornografia de menores,6
2019,Comunidad Foral de Navarra,3.5.-otros contra la libertad sexual,17
2019,Comunidad Foral de Navarra,4. relaciones familiares,65
2019,Comunidad Foral de Navarra,5. patrimonio,2997
2019,Comunidad Foral de Navarra,5.1.-hurtos,1047
2019,Comunidad Foral de Navarra,5.2.-robos con fuerza en las cosas,459
2019,Comunidad Foral de Navarra,5.2.1.-robos con fuerza en las cosas en el interior de vehiculos,67
2019,Comunidad Foral de Navarra,5.2.2.-robos con fuerza en viviendas,118
2019,Comunidad Foral de Navarra,5.2.3.-robos con fuerza en establecimientos,131
2019,Comunidad Foral de Navarra,5.3.-robos con violencia o intimidacion,98
2019,Comunidad Foral de Navarra,5.3.1.-robos con violencia en via publica,51
2019,Comunidad Foral de Navarra,5.3.2.-robos con violencia en viviendas,13
2019,Comunidad Foral de Navarra,5.3.3.-robos con violencia en establecimientos,24
2019,Comunidad Foral de Navarra,5.4.-sustraccion de vehiculos,77
2019,Comunidad Foral de Navarra,5.5.-estafas,625
2019,Comunidad Foral de Navarra,5.5.1.-estafas informaticas,238
2019,Comunidad Foral de Navarra,5.6.-danos,393
2019,Comunidad Foral de Navarra,5.7.-contra la propiedad intelectual/industrial,20
2019,Comunidad Foral de Navarra,5.8.-blanqueo de capitales,2
2019,Comunidad Foral de Navarra,5.9.-otros contra el patrimonio,276
2019,Comunidad Foral de Navarra,6. seguridad colectiva,1513
2019,Comunidad Foral de Navarra,6.1.-trafico de drogas,147
2019,Comunidad Foral de Navarra,6.2.-contra la seguridad vial,1326
2019,Comunidad Foral de Navarra,6.3.-otros contra la seguridad colectiva,40
2019,Comunidad Foral de Navarra,7. falsedades,161
2019,Comunidad Foral de Navarra,8. admon. publica,4
2019,Comunidad Foral de Navarra,9. admon. justicia,393
2019,Comunidad Foral de Navarra,total infracciones penales,9232
2019,Comunidad Valenciana,1. contra las personas,21232
2019,Comunidad Valenciana,1.1.-homicidios dolosos/asesinatos,139
2019,Comunidad Valenciana,1.1.1.-homicidios dolosos/asesinatos consumados,38
2019,Comunidad Valenciana,1.2.-lesiones,9563
2019,Comunidad Valenciana,1.3.-malos tratos ambito familiar,11215
2019,Comunidad Valenciana,1.4.-otros contra las personas,315
2019,Comunidad Valenciana,10. orden publico,2666
2019,Comunidad Valenciana,11. legislacion especial,8
2019,Comunidad Valenciana,12. otras infracciones penales,838
2019,Comunidad Valenciana,2. contra la libertad,10953
2019,Comunidad Valenciana,2.1.-malos tratos habituales en el ambito familiar,1799
2019,Comunidad Valenciana,2.2.-otros contra la libertad,9154
2019,Comunidad Valenciana,3. libertad sexual,1441
2019,Comunidad Valenciana,3.1.-agresion sexual,878
2019,Comunidad Valenciana,3.2.-agresion sexual con penetracion,256
2019,Comunidad Valenciana,3.3.-corrupcion de menores o incapacitados,48
2019,Comunidad Valenciana,3.4.-pornografia de menores,81
2019,Comunidad Valenciana,3.5.-otros contra la libertad sexual,178
2019,Comunidad Valenciana,4. relaciones familiares,852
2019,Comunidad Valenciana,5. patrimonio,35109
2019,Comunidad Valenciana,5.1.-hurtos,12945
2019,Comunidad Valenciana,5.2.-robos con fuerza en las cosas,5481
2019,Comunidad Valenciana,5.2.1.-robos con fuerza en las cosas en el interior de vehiculos,1208
2019,Comunidad Valenciana,5.2.2.-robos con fuerza en viviendas,2279
2019,Comunidad Valenciana,5.2.3.-robos con fuerza en establecimientos,1085
2019,Comunidad Valenciana,5.3.-robos con violencia o intimidacion,1836
2019,Comunidad Valenciana,5.3.1.-robos con violencia en via publica,915
2019,Comunidad Valenciana,5.3.2.-robos con violencia en viviendas,225
2019,Comunidad Valenciana,5.3.3.-robos con violencia en establecimientos,480
2019,Comunidad Valenciana,5.4.-sustraccion de vehiculos,954
2019,Comunidad Valenciana,5.5.-estafas,6398
2019,Comunidad Valenciana,5.5.1.-estafas informaticas,2430
2019,Comunidad Valenciana,5.6.-danos,3840
2019,Comunidad Valenciana,5.7.-contra la propiedad intelectual/industrial,157
2019,Comunidad Valenciana,5.8.-blanqueo de capitales,50
2019,Comunidad Valenciana,5.9.-otros contra el patrimonio,3448
2019,Comunidad Valenciana,6. seguridad colectiva,7577
2019,Comunidad Valenciana,6.1.-trafico de drogas,1923
2019,Comunidad Valenciana,6.2.-contra la seguridad vial,5494
2019,Comunidad Valenciana,6.3.-otros contra la seguridad colectiva,160
2019,Comunidad Valenciana,7. falsedades,2137
2019,Comunidad Valenciana,8. admon. publica,43
2019,Comunidad Valenciana,9. admon. justicia,4728
2019,Comunidad Valenciana,total infracciones penales,87584
2019,Comunidad de Madrid,1. contra las personas,25043
2019,Comunidad de Madrid,1.1.-homicidios dolosos/asesinatos,97
2019,Comunidad de Madrid,1.1.1.-homicidios dolosos/asesinatos consumados,24
2019,Comunidad de Madrid,1.2.-lesiones,9687
2019,Comunidad de Madrid,1.3.-malos tratos ambito familiar,14847
2019,Comunidad de Madrid,1.4.-otros contra las personas,412
2019,Comunidad de Madrid,10. orden publico,4349
2019,Comunidad de Madrid,11. legislacion especial,19
2019,Comunidad de Madrid,12. otras infracciones penales,670
2019,Comunidad de Madrid,2. contra la libertad,10821
2019,Comunidad de Madrid,2.1.-malos tratos habituales en el ambito familiar,1216
2019,Comunidad de Madrid,2.2.-otros contra la libertad,9605
2019,Comunidad de Madrid,3. libertad sexual,1714
2019,Comunidad de Madrid,3.1.-agresion sexual,1007
2019,Comunidad de Madrid,3.2.-agresion sexual con penetracion,380
2019,Comunidad de Madrid,3.3.-corrupcion de menores o incapacitados,50
2019,Comunidad de Madrid,3.4.-pornografia de menores,79
2019,Comunidad de Madrid,3.5.-otros contra la libertad sexual,198
2019,Comunidad de Madrid,4. relaciones familiares,718
2019,Comunidad de Madrid,5. patrimonio,47093
2019,Comunidad de Madrid,5.1.-hurtos,23999
2019,Comunidad de Madrid,5.2.-robos con fuerza en las cosas,4016
2019,Comunidad de Madrid,5.2.1.-robos con fuerza en las cosas en el interior de vehiculos,1247
2019,Comunidad de Madrid,5.2.2.-robos con fuerza en viviendas,1097
2019,Comunidad de Madrid,5.2.3.-robos con fuerza en establecimientos,967
2019,Comunidad de Madrid,5.3.-robos con violencia o intimidacion,3360
2019,Comunidad de Madrid,5.3.1.-robos con violencia en via publica,2071
2019,Comunidad de Madrid,5.3.2.-robos con violencia en viviendas,184
2019,Comunidad de Madrid,5.3.3.-robos con violencia en establecimientos,702
2019,Comunidad de Madrid,5.4.-sustraccion de vehiculos,1500
2019,Comunidad de Madrid,5.5.-estafas,7349
2019,Comunidad de Madrid,5.5.1.-estafas informaticas,2432
2019,Comunidad de Madrid,5.6.-danos,3106
2019,Comunidad de Madrid,5.7.-contra la propiedad intelectual/industrial,181
2019,Comunidad de Madrid,5.8.-blanqueo de capitales,32
2019,Comunidad de Madrid,5.9.-otros contra el patrimonio,3550
2019,Comunidad de Madrid,6. seguridad colectiva,7279
2019,Comunidad de Madrid,6.1.-trafico de drogas,2376
2019,Comunidad de Madrid,6.2.-contra la seguridad vial,4709
2019,Comunidad de Madrid,6.3.-otros contra la seguridad colectiva,194
2019,Comunidad de Madrid,7. falsedades,2183
2019,Comunidad de Madrid,8. admon. publica,38
2019,Comunidad de Madrid,9. admon. justicia,4534
2019,Comunidad de Madrid,total infracciones penales,104461
2019,Extremadura,1. contra las personas,2929
2019,Extremadura,1.1.-homicidios dolosos/asesinatos,12
2019,Extremadura,1.1.1.-homicidios dolosos/asesinatos consumados,5
2019,Extremadura,1.2.-lesiones,1691
2019,Extremadura,1.3.-malos tratos ambito familiar,1163
2019,Extremadura,1.4.-otros contra las personas,63
2019,Extremadura,10. orden publico,280
2019,Extremadura,11. legislacion especial,4
2019,Extremadura,12. otras infracciones penales,201
2019,Extremadura,2. contra la libertad,2013
2019,Extremadura,2.1.-malos tratos habituales en el ambito familiar,266
2019,Extremadura,2.2.-otros contra la libertad,1747
2019,Extremadura,3. libertad sexual,179
2019,Extremadura,3.1.-agresion sexual,117
2019,Extremadura,3.2.-agresion sexual con penetracion,27
2019,Extremadura,3.3.-corrupcion de menores o incapacitados,8
2019,Extremadura,3.4.-pornografia de menores,7
2019,Extremadura,3.5.-otros contra la libertad sexual,20
2019,Extremadura,4. relaciones familiares,211
2019,Extremadura,5. patrimonio,4191
2019,Extremadura,5.1.-hurtos,1538
2019,Extremadura,5.2.-robos con fuerza en las cosas,613
2019,Extremadura,5.2.1.-robos con fuerza en las cosas en el interior de vehiculos,105
2019,Extremadura,5.2.2.-robos con fuerza en viviendas,199
2019,Extremadura,5.2.3.-robos con fuerza en establecimientos,145
2019,Extremadura,5.3.-robos con violencia o intimidacion,177
2019,Extremadura,5.3.1.-robos con violencia en via publica,83
2019,Extremadura,5.3.2.-robos con violencia en viviendas,22
2019,Extremadura,5.3.3.-robos con violencia en establecimientos,51
2019,Extremadura,5.4.-sustraccion de vehiculos,60
2019,Extremadura,5.5.-estafas,776
2019,Extremadura,5.5.1.-estafas informaticas,345
2019,Extremadura,5.6.-danos,562
2019,Extremadura,5.7.-contra la propiedad intelectual/industrial,40
2019,Extremadura,5.8.-blanqueo de capitales,2
2019,Extremadura,5.9.-otros contra el patrimonio,423
2019,Extremadura,6. seguridad colectiva,1192
2019,Extremadura,6.1.-trafico de drogas,315
2019,Extremadura,6.2.-contra la seguridad vial,813
2019,Extremadura,6.3.-otros contra la seguridad colectiva,64
2019,Extremadura,7. falsedades,184
2019,Extremadura,8. admon. publica,6
2019,Extremadura,9. admon. justicia,686
2019,Extremadura,total infracciones penales,12076
2019,Galicia,1. contra las personas,7376
2019,Galicia,1.1.-homicidios dolosos/asesinatos,41
2019,Galicia,1.1.1.-homicidios dolosos/asesinatos consumados,15
2019,Galicia,1.2.-lesiones,4156
2019,Galicia,1.3.-malos tratos ambito familiar,3025
2019,Galicia,1.4.-otros contra las personas,154
2019,Galicia,10. orden publico,704
2019,Galicia,11. legislacion especial,3
2019,Galicia,12. otras infracciones penales,401
2019,Galicia,2. contra la libertad,4746
2019,Galicia,2.1.-malos tratos habituales en el ambito familiar,698
2019,Galicia,2.2.-otros contra la libertad,4048
2019,Galicia,3. libertad sexual,538
2019,Galicia,3.1.-agresion sexual,322
2019,Galicia,3.2.-agresion sexual con penetracion,115
2019,Galicia,3.3.-corrupcion de menores o incapacitados,6
2019,Galicia,3.4.-pornografia de menores,32
2019,Galicia,3.5.-otros contra la libertad sexual,63
2019,Galicia,4. relaciones familiares,163
2019,Galicia,5. patrimonio,12643
2019,Galicia,5.1.-hurtos,4927
2019,Galicia,5.2.-robos con fuerza en las cosas,2050
2019,Galicia,5.2.1.-robos con fuerza en las cosas en el interior de vehiculos,452
2019,Galicia,5.2.2.-robos con fuerza en viviendas,655
2019,Galicia,5.2.3.-robos con fuerza en establecimientos,554
2019,Galicia,5.3.-robos con violencia o intimidacion,501
2019,Galicia,5.3.1.-robos con violencia en via publica,210
2019,Galicia,5.3.2.-robos con violencia en viviendas,57
2019,Galicia,5.3.3.-robos con violencia en establecimientos,169
2019,Galicia,5.4.-sustraccion de vehiculos,285
2019,Galicia,5.5.-estafas,2292
2019,Galicia,5.5.1.-estafas informaticas,1053
2019,Galicia,5.6.-danos,1707
2019,Galicia,5.7.-contra la propiedad intelectual/industrial,76
2019,Galicia,5.8.-blanqueo de capitales,7
2019,Galicia,5.9.-otros contra el patrimonio,798
2019,Galicia,6. seguridad colectiva,4776
2019,Galicia,6.1.-trafico de drogas,505
2019,Galicia,6.2.-contra la seguridad vial,4169
2019,Galicia,6.3.-otros contra la seguridad colectiva,102
2019,Galicia,7. falsedades,422
2019,Galicia,8. admon. publica,16
2019,Galicia,9. admon. justicia,1432
2019,Galicia,total infracciones penales,33220
2019,Illes Balears,1. contra las personas,6797
2019,Illes Balears,1.1.-homicidios dolosos/asesinatos,44
2019,Illes Balears,1.1.1.-homicidios dolosos/asesinatos consumados,6
2019,Illes Balears,1.2.-lesiones,2578
2019,Illes Balears,1.3.-malos tratos ambito familiar,4052
2019,Illes Balears,1.4.-otros contra las personas,123
2019,Illes Balears,10. orden publico,631
2019,Illes Balears,11. legislacion especial,0
2019,Illes Balears,12. otras infracciones penales,182
2019,Illes Balears,2. contra la libertad,3406
2019,Illes Balears,2.1.-malos tratos habituales en el ambito familiar,512
2019,Illes Balears,2.2.-otros contra la libertad,2894
2019,Illes Balears,3. libertad sexual,513
2019,Illes Balears,3.1.-agresion sexual,354
2019,Illes Balears,3.2.-agresion sexual con penetracion,81
2019,Illes Balears,3.3.-corrupcion de menores o incapacitados,13
2019,Illes Balears,3.4.-pornografia de menores,8
2019,Illes Balears,3.5.-otros contra la libertad sexual,57
2019,Illes Balears,4. relaciones familiares,161
2019,Illes Balears,5. patrimonio,9263
2019,Illes Balears,5.1.-hurtos,3155
2019,Illes Balears,5.2.-robos con fuerza en las cosas,1518
2019,Illes Balears,5.2.1.-robos con fuerza en las cosas en el interior de vehiculos,419
2019,Illes Balears,5.2.2.-robos con fuerza en viviendas,574
2019,Illes Balears,5.2.3.-robos con fuerza en establecimientos,292
2019,Illes Balears,5.3.-robos con violencia o intimidacion,414
2019,Illes Balears,5.3.1.-robos con violencia en via publica,222
2019,Illes Balears,5.3.2.-robos con violencia en viviendas,48
2019,Illes Balears,5.3.3.-robos con violencia en establecimientos,83
2019,Illes Balears,5.4.-sustraccion de vehiculos,406
2019,Illes Balears,5.5.-estafas,1746
2019,Illes Balears,5.5.1.-estafas informaticas,521
2019,Illes Balears,5.6.-danos,1074
2019,Illes Balears,5.7.-contra la propiedad intelectual/industrial,92
2019,Illes Balears,5.8.-blanqueo de capitales,6
2019,Illes Balears,5.9.-otros contra el patrimonio,852
2019,Illes Balears,6. seguridad colectiva,2760
2019,Illes Balears,6.1.-trafico de drogas,623
2019,Illes Balears,6.2.-contra la seguridad vial,2008
2019,Illes Balears,6.3.-otros contra la seguridad colectiva,129
2019,Illes Balears,7. falsedades,472
2019,Illes Balears,8. admon. publica,6
2019,Illes Balears,9. admon. justicia,1045
2019,Illes Balears,total infracciones penales,25236
2019,La Rioja,1. contra las personas,949
2019,La Rioja,1.1.-homicidios dolosos/asesinatos,6
2019,La Rioja,1.1.1.-homicidios dolosos/asesinatos consumados,1
2019,La Rioja,1.2.-lesiones,482
2019,La Rioja,1.3.-malos tratos ambito familiar,449
2019,La Rioja,1.4.-otros contra las personas,12
2019,La Rioja,10. orden publico,116
2019,La Rioja,11. legislacion especial,0
2019,La Rioja,12. otras infracciones penales,38
2019,La Rioja,2. contra la libertad,421
2019,La Rioja,2.1.-malos tratos habituales en el ambito familiar,66
2019,La Rioja,2.2.-otros contra la libertad,355
2019,La Rioja,3. libertad sexual,78
2019,La Rioja,3.1.-agresion sexual,56
2019,La Rioja,3.2.-agresion sexual con penetracion,14
2019,La Rioja,3.3.-corrupcion de menores o incapacitados,4
2019,La Rioja,3.4.-pornografia de menores,2
2019,La Rioja,3.5.-otros contra la libertad sexual,2
2019,La Rioja,4. relaciones familiares,31
2019,La Rioja,5. patrimonio,1461
2019,La Rioja,5.1.-hurtos,642
2019,La Rioja,5.2.-robos con fuerza en las cosas,200
2019,La Rioja,5.2.1.-robos con fuerza en las cosas en el interior de vehiculos,37
2019,La Rioja,5.2.2.-robos con fuerza en viviendas,51
2019,La Rioja,5.2.3.-robos con fuerza en establecimientos,38
2019,La Rioja,5.3.-robos con violencia o intimidacion,36
2019,La Rioja,5.3.1.-robos con violencia en via publica,15
2019,La Rioja,5.3.2.-robos con violencia en viviendas,3
2019,La Rioja,5.3.3.-robos con violencia en establecimientos,16
2019,La Rioja,5.4.-sustraccion de vehiculos,25
2019,La Rioja,5.5.-estafas,179
2019,La Rioja,5.5.1.-estafas informaticas,66
2019,La Rioja,5.6.-danos,175
2019,La Rioja,5.7.-contra la propiedad intelectual/industrial,41
2019,La Rioja,5.8.-blanqueo de capitales,2
2019,La Rioja,5.9.-otros contra el patrimonio,161
2019,La Rioja,6. seguridad colectiva,405
2019,La Rioja,6.1.-trafico de drogas,100
2019,La Rioja,6.2.-contra la seguridad vial,297
2019,La Rioja,6.3.-otros contra la seguridad colectiva,8
2019,La Rioja,7. falsedades,49
2019,La Rioja,8. admon. publica,5
2019,La Rioja,9. admon. justicia,227
2019,La Rioja,total infracciones penales,3780
2019,Melilla,1. contra las personas,855
2019,Melilla,1.1.-homicidios dolosos/asesinatos,9
2019,Melilla,1.1.1.-homicidios dolosos/asesinatos consumados,1
2019,Melilla,1.2.-lesiones,518
2019,Melilla,1.3.-malos tratos ambito familiar,319
2019,Melilla,1.4.-otros contra las personas,9
2019,Melilla,10. orden publico,134
2019,Melilla,11. legislacion especial,8
2019,Melilla,12. otras infracciones penales,127
2019,Melilla,2. contra la libertad,253
2019,Melilla,2.1.-malos tratos habituales en el ambito familiar,11
2019,Melilla,2.2.-otros contra la libertad,242
2019,Melilla,3. libertad sexual,27
2019,Melilla,3.1.-agresion sexual,19
2019,Melilla,3.2.-agresion sexual con penetracion,3
2019,Melilla,3.3.-corrupcion de menores o incapacitados,0
2019,Melilla,3.4.-pornografia de menores,0
2019,Melilla,3.5.-otros contra la libertad sexual,5
2019,Melilla,4. relaciones familiares,25
2019,Melilla,5. patrimonio,1171
2019,Melilla,5.1.-hurtos,482
2019,Melilla,5.2.-robos con fuerza en las cosas,151
2019,Melilla,5.2.1.-robos con fuerza en las cosas en el interior de vehiculos,86
2019,Melilla,5.2.2.-robos con fuerza en viviendas,25
2019,Melilla,5.2.3.-robos con fuerza en establecimientos,17
2019,Melilla,5.3.-robos con violencia o intimidacion,251
2019,Melilla,5.3.1.-robos con violencia en via publica,155
2019,Melilla,5.3.2.-robos con violencia en viviendas,5
2019,Melilla,5.3.3.-robos con violencia en establecimientos,7
2019,Melilla,5.4.-sustraccion de vehiculos,11
2019,Melilla,5.5.-estafas,118
2019,Melilla,5.5.1.-estafas informaticas,51
2019,Melilla,5.6.-danos,93
2019,Melilla,5.7.-contra la propiedad intelectual/industrial,5
2019,Melilla,5.8.-blanqueo de capitales,5
2019,Melilla,5.9.-otros contra el patrimonio,55
2019,Melilla,6. seguridad colectiva,338
2019,Melilla,6.1.-trafico de drogas,70
2019,Melilla,6.2.-contra la seguridad vial,251
2019,Melilla,6.3.-otros contra la seguridad colectiva,17
2019,Melilla,7. falsedades,284
2019,Melilla,8. admon. publica,1
2019,Melilla,9. admon. justicia,95
2019,Melilla,total infracciones penales,3318
2019,País Vasco,1. contra las personas,29
2019,País Vasco,1.1.-homicidios dolosos/asesinatos,1
2019,País Vasco,1.1.1.-homicidios dolosos/asesinatos consumados,0
2019,País Vasco,1.2.-lesiones,1
2019,País Vasco,1.3.-malos tratos ambito familiar,27
2019,País Vasco,1.4.-otros contra las personas,0
2019,País Vasco,10. orden publico,19
2019,País Vasco,11. legislacion especial,1
2019,País Vasco,12. otras infracciones penales,42
2019,País Vasco,2. contra la libertad,72
2019,País Vasco,2.1.-malos tratos habituales en el ambito familiar,4
2019,País Vasco,2.2.-otros contra la libertad,68
2019,País Vasco,3. libertad sexual,46
2019,País Vasco,3.1.-agresion sexual,5
2019,País Vasco,3.2.-agresion sexual con penetracion,1
2019,País Vasco,3.3.-corrupcion de menores o incapacitados,1
2019,País Vasco,3.4.-pornografia de menores,22
2019,País Vasco,3.5.-otros contra la libertad sexual,17
2019,País Vasco,4. relaciones familiares,12
2019,País Vasco,5. patrimonio,329
2019,País Vasco,5.1.-hurtos,41
2019,País Vasco,5.2.-robos con fuerza en las cosas,9
2019,País Vasco,5.2.1.-robos con fuerza en las cosas en el interior de vehiculos,1
2019,País Vasco,5.2.2.-robos con fuerza en viviendas,1
2019,País Vasco,5.2.3.-robos con fuerza en establecimientos,3
2019,País Vasco,5.3.-robos con violencia o intimidacion,5
2019,País Vasco,5.3.1.-robos con violencia en via publica,1
2019,País Vasco,5.3.2.-robos con violencia en viviendas,0
2019,País Vasco,5.3.3.-robos con violencia en establecimientos,1
2019,País Vasco,5.4.-sustraccion de vehiculos,38
2019,País Vasco,5.5.-estafas,200
2019,País Vasco,5.5.1.-estafas informaticas,133
2019,País Vasco,5.6.-danos,4
2019,País Vasco,5.7.-contra la propiedad intelectual/industrial,4
2019,País Vasco,5.8.-blanqueo de capitales,2
2019,País Vasco,5.9.-otros contra el patrimonio,26
2019,País Vasco,6. seguridad colectiva,53
2019,País Vasco,6.1.-trafico de drogas,49
2019,País Vasco,6.2.-contra la seguridad vial,3
2019,País Vasco,6.3.-otros contra la seguridad colectiva,1
2019,País Vasco,7. falsedades,189
2019,País Vasco,8. admon. publica,2
2019,País Vasco,9. admon. justicia,31
2019,País Vasco,total infracciones penales,825
2019,Principado de Asturias,1. contra las personas,3174
2019,Principado de Asturias,1.1.-homicidios dolosos/asesinatos,19
2019,Principado de Asturias,1.1.1.-homicidios dolosos/asesinatos consumados,7
2019,Principado de Asturias,1.2.-lesiones,1748
2019,Principado de Asturias,1.3.-malos tratos ambito familiar,1355
2019,Principado de Asturias,1.4.-otros contra las personas,52
2019,Principado de Asturias,10. orden publico,359
2019,Principado de Asturias,11. legislacion especial,2
2019,Principado de Asturias,12. otras infracciones penales,171
2019,Principado de Asturias,2. contra la libertad,1658
2019,Principado de Asturias,2.1.-malos tratos habituales en el ambito familiar,109
2019,Principado de Asturias,2.2.-otros contra la libertad,1549
2019,Principado de Asturias,3. libertad sexual,174
2019,Principado de Asturias,3.1.-agresion sexual,116
2019,Principado de Asturias,3.2.-agresion sexual con penetracion,25
2019,Principado de Asturias,3.3.-corrupcion de menores o incapacitados,2
2019,Principado de Asturias,3.4.-pornografia de menores,9
2019,Principado de Asturias,3.5.-otros contra la libertad sexual,22
2019,Principado de Asturias,4. relaciones familiares,97
2019,Principado de Asturias,5. patrimonio,5016
2019,Principado de Asturias,5.1.-hurtos,2088
2019,Principado de Asturias,5.2.-robos con fuerza en las cosas,706
2019,Principado de Asturias,5.2.1.-robos con fuerza en las cosas en el interior de vehiculos,109
2019,Principado de Asturias,5.2.2.-robos con fuerza en viviendas,177
2019,Principado de Asturias,5.2.3.-robos con fuerza en establecimientos,246
2019,Principado de Asturias,5.3.-robos con violencia o intimidacion,203
2019,Principado de Asturias,5.3.1.-robos con violencia en via publica,91
2019,Principado de Asturias,5.3.2.-robos con violencia en viviendas,23
2019,Principado de Asturias,5.3.3.-robos con violencia en establecimientos,72
2019,Principado de Asturias,5.4.-sustraccion de vehiculos,88
2019,Principado de Asturias,5.5.-estafas,931
2019,Principado de Asturias,5.5.1.-estafas informaticas,401
2019,Principado de Asturias,5.6.-danos,640
2019,Principado de Asturias,5.7.-contra la propiedad intelectual/industrial,16
2019,Principado de Asturias,5.8.-blanqueo de capitales,2
2019,Principado de Asturias,5.9.-otros contra el patrimonio,342
2019,Principado de Asturias,6. seguridad colectiva,1177
2019,Principado de Asturias,6.1.-trafico de drogas,202
2019,Principado de Asturias,6.2.-contra la seguridad vial,933
2019,Principado de Asturias,6.3.-otros contra la seguridad colectiva,42
2019,Principado de Asturias,7. falsedades,152
2019,Principado de Asturias,8. admon. publica,5
2019,Principado de Asturias,9. admon. justicia,565
2019,Principado de Asturias,total infracciones penales,12550
2019,Región de Murcia,1. contra las personas,5659
2019,Región de Murcia,1.1.-homicidios dolosos/asesinatos,38
2019,Región de Murcia,1.1.1.-homicidios dolosos/asesinatos consumados,13
2019,Región de Murcia,1.2.-lesiones,2847
2019,Región de Murcia,1.3.-malos tratos ambito familiar,2709
2019,Región de Murcia,1.4.-otros contra las personas,65
2019,Región de Murcia,10. orden publico,553
2019,Región de Murcia,11. legislacion especial,1
2019,Región de Murcia,12. otras infracciones penales,302
2019,Región de Murcia,2. contra la libertad,3240
2019,Región de Murcia,2.1.-malos tratos habituales en el ambito familiar,370
2019,Región de Murcia,2.2.-otros contra la libertad,2870
2019,Región de Murcia,3. libertad sexual,456
2019,Región de Murcia,3.1.-agresion sexual,293
2019,Región de Murcia,3.2.-agresion sexual con penetracion,68
2019,Región de Murcia,3.3.-corrupcion de menores o incapacitados,14
2019,Región de Murcia,3.4.-pornografia de menores,21
2019,Región de Murcia,3.5.-otros contra la libertad sexual,60
2019,Región de Murcia,4. relaciones familiares,558
2019,Región de Murcia,5. patrimonio,8466
2019,Región de Murcia,5.1.-hurtos,2841
2019,Región de Murcia,5.2.-robos con fuerza en las cosas,1559
2019,Región de Murcia,5.2.1.-robos con fuerza en las cosas en el interior de vehiculos,332
2019,Región de Murcia,5.2.2.-robos con fuerza en viviendas,655
2019,Región de Murcia,5.2.3.-robos con fuerza en establecimientos,262
2019,Región de Murcia,5.3.-robos con violencia o intimidacion,640
2019,Región de Murcia,5.3.1.-robos con violencia en via publica,287
2019,Región de Murcia,5.3.2.-robos con violencia en viviendas,71
2019,Región de Murcia,5.3.3.-robos con violencia en establecimientos,191
2019,Región de Murcia,5.4.-sustraccion de vehiculos,330
2019,Región de Murcia,5.5.-estafas,1427
2019,Región de Murcia,5.5.1.-estafas informaticas,472
2019,Región de Murcia,5.6.-danos,809
2019,Región de Murcia,5.7.-contra la propiedad intelectual/industrial,39
2019,Región de Murcia,5.8.-blanqueo de capitales,8
2019,Región de Murcia,5.9.-otros contra el patrimonio,813
2019,Región de Murcia,6. seguridad colectiva,1612
2019,Región de Murcia,6.1.-trafico de drogas,341
2019,Región de Murcia,6.2.-contra la seguridad vial,1223
2019,Región de Murcia,6.3.-otros contra la seguridad colectiva,48
2019,Región de Murcia,7. falsedades,444
2019,Región de Murcia,8. admon. publica,14
2019,Región de Murcia,9. admon. justicia,1057
2019,Región de Murcia,total infracciones penales,22362
2020,Andalucía,1. contra las personas,30706
2020,Andalucía,1.1.-homicidios dolosos/asesinatos,297
2020,Andalucía,1.1.1.-homicidios dolosos/asesinatos consumados,67
2020,Andalucía,1.2.-lesiones,14592
2020,Andalucía,1.3.-malos tratos ambito familiar,15269
2020,Andalucía,1.4.-otros contra las personas,548
2020,Andalucía,10. orden publico,5675
2020,Andalucía,11. legislacion especial,196
2020,Andalucía,12. otras infracciones penales,1909
2020,Andalucía,2. contra la libertad,21092
2020,Andalucía,2.1.-malos tratos habituales en el ambito familiar,2724
2020,Andalucía,2.2.-otros contra la libertad,18368
2020,Andalucía,3. libertad sexual,1824
2020,Andalucía,3.1.-agresion sexual,1083
2020,Andalucía,3.2.-agresion sexual con penetracion,332
2020,Andalucía,3.3.-corrupcion de menores o incapacitados,53
2020,Andalucía,3.4.-pornografia de menores,105
2020,Andalucía,3.5.-otros contra la libertad sexual,251
2020,Andalucía,4. relaciones familiares,1428
2020,Andalucía,5. patrimonio,43658
2020,Andalucía,5.1.-hurtos,12869
2020,Andalucía,5.2.-robos con fuerza en las cosas,6465
2020,Andalucía,5.2.1.-robos con fuerza en las cosas en el interior de vehiculos,1543
2020,Andalucía,5.2.2.-robos con fuerza en viviendas,2162
2020,Andalucía,5.2.3.-robos con fuerza en establecimientos,1556
2020,Andalucía,5.3.-robos con violencia o intimidacion,2462
2020,Andalucía,5.3.1.-robos con violencia en via publica,1303
2020,Andalucía,5.3.2.-robos con violencia en viviendas,267
2020,Andalucía,5.3.3.-robos con violencia en establecimientos,663
2020,Andalucía,5.4.-sustraccion de vehiculos,1433
2020,Andalucía,5.5.-estafas,9318
2020,Andalucía,5.5.1.-estafas informaticas,5180
2020,Andalucía,5.6.-danos,5174
2020,Andalucía,5.7.-contra la propiedad intelectual/industrial,224
2020,Andalucía,5.8.-blanqueo de capitales,66
2020,Andalucía,5.9.-otros contra el patrimonio,5647
2020,Andalucía,6. seguridad colectiva,13322
2020,Andalucía,6.1.-trafico de drogas,4183
2020,Andalucía,6.2.-contra la seguridad vial,8826
2020,Andalucía,6.3.-otros contra la seguridad colectiva,313
2020,Andalucía,7. falsedades,2122
2020,Andalucía,8. admon. publica,54
2020,Andalucía,9. admon. justicia,6625
2020,Andalucía,total infracciones penales,128611
2020,Aragón,1. contra las personas,3780
2020,Aragón,1.1.-homicidios dolosos/asesinatos,40
2020,Aragón,1.1.1.-homicidios dolosos/asesinatos consumados,4
2020,Aragón,1.2.-lesiones,1524
2020,Aragón,1.3.-malos tratos ambito familiar,2146
2020,Aragón,1.4.-otros contra las personas,70
2020,Aragón,10. orden publico,806
2020,Aragón,11. legislacion especial,1
2020,Aragón,12. otras infracciones penales,199
2020,Aragón,2. contra la libertad,1966
2020,Aragón,2.1.-malos tratos habituales en el ambito familiar,302
2020,Aragón,2.2.-otros contra la libertad,1664
2020,Aragón,3. libertad sexual,272
2020,Aragón,3.1.-agresion sexual,148
2020,Aragón,3.2.-agresion sexual con penetracion,60
2020,Aragón,3.3.-corrupcion de menores o incapacitados,7
2020,Aragón,3.4.-pornografia de menores,12
2020,Aragón,3.5.-otros contra la libertad sexual,45
2020,Aragón,4. relaciones familiares,147
2020,Aragón,5. patrimonio,5265
2020,Aragón,5.1.-hurtos,1731
2020,Aragón,5.2.-robos con fuerza en las cosas,795
2020,Aragón,5.2.1.-robos con fuerza en las cosas en el interior de vehiculos,123
2020,Aragón,5.2.2.-robos con fuerza en viviendas,251
2020,Aragón,5.2.3.-robos con fuerza en establecimientos,274
2020,Aragón,5.3.-robos con violencia o intimidacion,369
2020,Aragón,5.3.1.-robos con violencia en via publica,212
2020,Aragón,5.3.2.-robos con violencia en viviendas,16
2020,Aragón,5.3.3.-robos con violencia en establecimientos,112
2020,Aragón,5.4.-sustraccion de vehiculos,81
2020,Aragón,5.5.-estafas,1048
2020,Aragón,5.5.1.-estafas informaticas,645
2020,Aragón,5.6.-danos,727
2020,Aragón,5.7.-contra la propiedad intelectual/industrial,15
2020,Aragón,5.8.-blanqueo de capitales,9
2020,Aragón,5.9.-otros contra el patrimonio,490
2020,Aragón,6. seguridad colectiva,1107
2020,Aragón,6.1.-trafico de drogas,316
2020,Aragón,6.2.-contra la seguridad vial,771
2020,Aragón,6.3.-otros contra la seguridad colectiva,20
2020,Aragón,7. falsedades,278
2020,Aragón,8. admon. publica,12
2020,Aragón,9. admon. justicia,679
2020,Aragón,total infracciones penales,14512
2020,Canarias,1. contra las personas,10812
2020,Canarias,1.1.-homicidios dolosos/asesinatos,50
2020,Canarias,1.1.1.-homicidios dolosos/asesinatos consumados,11
2020,Canarias,1.2.-lesiones,5137
2020,Canarias,1.3.-malos tratos ambito familiar,5346
2020,Canarias,1.4.-otros contra las personas,279
2020,Canarias,10. orden publico,1385
2020,Canarias,11. legislacion especial,1
2020,Canarias,12. otras infracciones penales,379
2020,Canarias,2. contra la libertad,8669
2020,Canarias,2.1.-malos tratos habituales en el ambito familiar,863
2020,Canarias,2.2.-otros contra la libertad,7806
2020,Canarias,3. libertad sexual,740
2020,Canarias,3.1.-agresion sexual,445
2020,Canarias,3.2.-agresion sexual con penetracion,161
2020,Canarias,3.3.-corrupcion de menores o incapacitados,28
2020,Canarias,3.4.-pornografia de menores,39
2020,Canarias,3.5.-otros contra la libertad sexual,67
2020,Canarias,4. relaciones familiares,631
2020,Canarias,5. patrimonio,13719
2020,Canarias,5.1.-hurtos,4081
2020,Canarias,5.2.-robos con fuerza en las cosas,1744
2020,Canarias,5.2.1.-robos con fuerza en las cosas en el interior de vehiculos,437
2020,Canarias,5.2.2.-robos con fuerza en viviendas,600
2020,Canarias,5.2.3.-robos con fuerza en establecimientos,354
2020,Canarias,5.3.-robos con violencia o intimidacion,708
2020,Canarias,5.3.1.-robos con violencia en via publica,329
2020,Canarias,5.3.2.-robos con violencia en viviendas,109
2020,Canarias,5.3.3.-robos con violencia en establecimientos,178
2020,Canarias,5.4.-sustraccion de vehiculos,466
2020,Canarias,5.5.-estafas,3306
2020,Canarias,5.5.1.-estafas informaticas,1474
2020,Canarias,5.6.-danos,2058
2020,Canarias,5.7.-contra la propiedad intelectual/industrial,31
2020,Canarias,5.8.-blanqueo de capitales,8
2020,Canarias,5.9.-otros contra el patrimonio,1317
2020,Canarias,6. seguridad colectiva,2812
2020,Canarias,6.1.-trafico de drogas,543
2020,Canarias,6.2.-contra la seguridad vial,2221
2020,Canarias,6.3.-otros contra la seguridad colectiva,48
2020,Canarias,7. falsedades,600
2020,Canarias,8. admon. publica,16
2020,Canarias,9. admon. justicia,1735
2020,Canarias,total infracciones penales,41499
2020,Cantabria,1. contra las personas,1589
2020,Cantabria,1.1.-homicidios dolosos/asesinatos,4
2020,Cantabria,1.1.1.-homicidios dolosos/asesinatos consumados,1
2020,Cantabria,1.2.-lesiones,899
2020,Cantabria,1.3.-malos tratos ambito familiar,601
2020,Cantabria,1.4.-otros contra las personas,85
2020,Cantabria,10. orden publico,431
2020,Cantabria,11. legislacion especial,0
2020,Cantabria,12. otras infracciones penales,108
2020,Cantabria,2. contra la libertad,1144
2020,Cantabria,2.1.-malos tratos habituales en el ambito familiar,126
2020,Cantabria,2.2.-otros contra la libertad,1018
2020,Cantabria,3. libertad sexual,74
2020,Cantabria,3.1.-agresion sexual,45
2020,Cantabria,3.2.-agresion sexual con penetracion,14
2020,Cantabria,3.3.-corrupcion de menores o incapacitados,0
2020,Cantabria,3.4.-pornografia de menores,4
2020,Cantabria,3.5.-otros contra la libertad sexual,11
2020,Cantabria,4. relaciones familiares,38
2020,Cantabria,5. patrimonio,2779
2020,Cantabria,5.1.-hurtos,1012
2020,Cantabria,5.2.-robos con fuerza en las cosas,443
2020,Cantabria,5.2.1.-robos con fuerza en las cosas en el interior de vehiculos,93
2020,Cantabria,5.2.2.-robos con fuerza en viviendas,134
2020,Cantabria,5.2.3.-robos con fuerza en establecimientos,135
2020,Cantabria,5.3.-robos con violencia o intimidacion,119
2020,Cantabria,5.3.1.-robos con violencia en via publica,47
2020,Cantabria,5.3.2.-robos con violencia en viviendas,12
2020,Cantabria,5.3.3.-robos con violencia en establecimientos,35
2020,Cantabria,5.4.-sustraccion de vehiculos,46
2020,Cantabria,5.5.-estafas,536
2020,Cantabria,5.5.1.-estafas informaticas,312
2020,Cantabria,5.6.-danos,416
2020,Cantabria,5.7.-contra la propiedad intelectual/industrial,11
2020,Cantabria,5.8.-blanqueo de capitales,0
2020,Cantabria,5.9.-otros contra el patrimonio,196
2020,Cantabria,6. seguridad colectiva,663
2020,Cantabria,6.1.-trafico de drogas,93
2020,Cantabria,6.2.-contra la seguridad vial,556
2020,Cantabria,6.3.-otros contra la seguridad colectiva,14
2020,Cantabria,7. falsedades,78
2020,Cantabria,8. admon. publica,2
2020,Cantabria,9. admon. justicia,273
2020,Cantabria,total infracciones penales,7179
2020,Castilla y León,1. contra las personas,5787
2020,Castilla y León,1.1.-homicidios dolosos/asesinatos,42
2020,Castilla y León,1.1.1.-homicidios dolosos/asesinatos consumados,14
2020,Castilla y León,1.2.-lesiones,3027
2020,Castilla y León,1.3.-malos tratos ambito familiar,2535
2020,Castilla y León,1.4.-otros contra las personas,183
2020,Castilla y León,10. orden publico,1049
2020,Castilla y León,11. legislacion especial,2
2020,Castilla y León,12. otras infracciones penales,413
2020,Castilla y León,2. contra la libertad,4378
2020,Castilla y León,2.1.-malos tratos habituales en el ambito familiar,516
2020,Castilla y León,2.2.-otros contra la libertad,3862
2020,Castilla y León,3. libertad sexual,320
2020,Castilla y León,3.1.-agresion sexual,183
2020,Castilla y León,3.2.-agresion sexual con penetracion,61
2020,Castilla y León,3.3.-corrupcion de menores o incapacitados,6
2020,Castilla y León,3.4.-pornografia de menores,18
2020,Castilla y León,3.5.-otros contra la libertad sexual,52
2020,Castilla y León,4. relaciones familiares,136
2020,Castilla y León,5. patrimonio,9685
2020,Castilla y León,5.1.-hurtos,3039
2020,Castilla y León,5.2.-robos con fuerza en las cosas,1248
2020,Castilla y León,5.2.1.-robos con fuerza en las cosas en el interior de vehiculos,225
2020,Castilla y León,5.2.2.-robos con fuerza en viviendas,368
2020,Castilla y León,5.2.3.-robos con fuerza en establecimientos,330
2020,Castilla y León,5.3.-robos con violencia o intimidacion,327
2020,Castilla y León,5.3.1.-robos con violencia en via publica,175
2020,Castilla y León,5.3.2.-robos con violencia en viviendas,35
2020,Castilla y León,5.3.3.-robos con violencia en establecimientos,77
2020,Castilla y León,5.4.-sustraccion de vehiculos,155
2020,Castilla y León,5.5.-estafas,2598
2020,Castilla y León,5.5.1.-estafas informaticas,1608
2020,Castilla y León,5.6.-danos,1453
2020,Castilla y León,5.7.-contra la propiedad intelectual/industrial,33
2020,Castilla y León,5.8.-blanqueo de capitales,4
2020,Castilla y León,5.9.-otros contra el patrimonio,828
2020,Castilla y León,6. seguridad colectiva,2281
2020,Castilla y León,6.1.-trafico de drogas,472
2020,Castilla y León,6.2.-contra la seguridad vial,1765
2020,Castilla y León,6.3.-otros contra la seguridad colectiva,44
2020,Castilla y León,7. falsedades,489
2020,Castilla y León,8. admon. publica,13
2020,Castilla y León,9. admon. justicia,1083
2020,Castilla y León,total infracciones penales,25636
2020,Castilla-La Mancha,1. contra las personas,5869
2020,Castilla-La Mancha,1.1.-homicidios dolosos/asesinatos,42
2020,Castilla-La Mancha,1.1.1.-homicidios dolosos/asesinatos consumados,15
2020,Castilla-La Mancha,1.2.-lesiones,2766
2020,Castilla-La Mancha,1.3.-malos tratos ambito familiar,2926
2020,Castilla-La Mancha,1.4.-otros contra las personas,135
2020,Castilla-La Mancha,10. orden publico,1192
2020,Castilla-La Mancha,11. legislacion especial,4
2020,Castilla-La Mancha,12. otras infracciones penales,371
2020,Castilla-La Mancha,2. contra la libertad,3924
2020,Castilla-La Mancha,2.1.-malos tratos habituales en el ambito familiar,573
2020,Castilla-La Mancha,2.2.-otros contra la libertad,3351
2020,Castilla-La Mancha,3. libertad sexual,393
2020,Castilla-La Mancha,3.1.-agresion sexual,256
2020,Castilla-La Mancha,3.2.-agresion sexual con penetracion,64
2020,Castilla-La Mancha,3.3.-corrupcion de menores o incapacitados,15
2020,Castilla-La Mancha,3.4.-pornografia de menores,13
2020,Castilla-La Mancha,3.5.-otros contra la libertad sexual,45
2020,Castilla-La Mancha,4. relaciones familiares,318
2020,Castilla-La Mancha,5. patrimonio,9367
2020,Castilla-La Mancha,5.1.-hurtos,2440
2020,Castilla-La Mancha,5.2.-robos con fuerza en las cosas,1654
2020,Castilla-La Mancha,5.2.1.-robos con fuerza en las cosas en el interior de vehiculos,332
2020,Castilla-La Mancha,5.2.2.-robos con fuerza en viviendas,601
2020,Castilla-La Mancha,5.2.3.-robos con fuerza en establecimientos,344
2020,Castilla-La Mancha,5.3.-robos con violencia o intimidacion,426
2020,Castilla-La Mancha,5.3.1.-robos con violencia en via publica,199
2020,Castilla-La Mancha,5.3.2.-robos con violencia en viviendas,56
2020,Castilla-La Mancha,5.3.3.-robos con violencia en establecimientos,125
2020,Castilla-La Mancha,5.4.-sustraccion de vehiculos,183
2020,Castilla-La Mancha,5.5.-estafas,2188
2020,Castilla-La Mancha,5.5.1.-estafas informaticas,1234
2020,Castilla-La Mancha,5.6.-danos,1186
2020,Castilla-La Mancha,5.7.-contra la propiedad intelectual/industrial,12
2020,Castilla-La Mancha,5.8.-blanqueo de capitales,13
2020,Castilla-La Mancha,5.9.-otros contra el patrimonio,1265
2020,Castilla-La Mancha,6. seguridad colectiva,2804
2020,Castilla-La Mancha,6.1.-trafico de drogas,530
2020,Castilla-La Mancha,6.2.-contra la seguridad vial,2209
2020,Castilla-La Mancha,6.3.-otros contra la seguridad colectiva,65
2020,Castilla-La Mancha,7. falsedades,594
2020,Castilla-La Mancha,8. admon. publica,11
2020,Castilla-La Mancha,9. admon. justicia,1228
2020,Castilla-La Mancha,total infracciones penales,26075
2020,Cataluña,1. contra las personas,14074
2020,Cataluña,1.1.-homicidios dolosos/asesinatos,170
2020,Cataluña,1.1.1.-homicidios dolosos/asesinatos consumados,45
2020,Cataluña,1.2.-lesiones,7770
2020,Cataluña,1.3.-malos tratos ambito familiar,5849
2020,Cataluña,1.4.-otros contra las personas,285
2020,Cataluña,10. orden publico,2788
2020,Cataluña,11. legislacion especial,9
2020,Cataluña,12. otras infracciones penales,365
2020,Cataluña,2. contra la libertad,13002
2020,Cataluña,2.1.-malos tratos habituales en el ambito familiar,1313
2020,Cataluña,2.2.-otros contra la libertad,11689
2020,Cataluña,3. libertad sexual,1744
2020,Cataluña,3.1.-agresion sexual,913
2020,Cataluña,3.2.-agresion sexual con penetracion,586
2020,Cataluña,3.3.-corrupcion de menores o incapacitados,7
2020,Cataluña,3.4.-pornografia de menores,78
2020,Cataluña,3.5.-otros contra la libertad sexual,160
2020,Cataluña,4. relaciones familiares,914
2020,Cataluña,5. patrimonio,40553
2020,Cataluña,5.1.-hurtos,13363
2020,Cataluña,5.2.-robos con fuerza en las cosas,4466
2020,Cataluña,5.2.1.-robos con fuerza en las cosas en el interior de vehiculos,0
2020,Cataluña,5.2.2.-robos con fuerza en viviendas,1587
2020,Cataluña,5.2.3.-robos con fuerza en establecimientos,1029
2020,Cataluña,5.3.-robos con violencia o intimidacion,3170
2020,Cataluña,5.3.1.-robos con violencia en via publica,1883
2020,Cataluña,5.3.2.-robos con violencia en viviendas,235
2020,Cataluña,5.3.3.-robos con violencia en establecimientos,680
2020,Cataluña,5.4.-sustraccion de vehiculos,2395
2020,Cataluña,5.5.-estafas,5137
2020,Cataluña,5.5.1.-estafas informaticas,3379
2020,Cataluña,5.6.-danos,3267
2020,Cataluña,5.7.-contra la propiedad intelectual/industrial,156
2020,Cataluña,5.8.-blanqueo de capitales,24
2020,Cataluña,5.9.-otros contra el patrimonio,8575
2020,Cataluña,6. seguridad colectiva,7002
2020,Cataluña,6.1.-trafico de drogas,2329
2020,Cataluña,6.2.-contra la seguridad vial,4562
2020,Cataluña,6.3.-otros contra la seguridad colectiva,111
2020,Cataluña,7. falsedades,1572
2020,Cataluña,8. admon. publica,14
2020,Cataluña,9. admon. justicia,3105
2020,Cataluña,total infracciones penales,85142
2020,Ceuta,1. contra las personas,577
2020,Ceuta,1.1.-homicidios dolosos/asesinatos,7
2020,Ceuta,1.1.1.-homicidios dolosos/asesinatos consumados,2
2020,Ceuta,1.2.-lesiones,342
2020,Ceuta,1.3.-malos tratos ambito familiar,225
2020,Ceuta,1.4.-otros contra las personas,3
2020,Ceuta,10. orden publico,147
2020,Ceuta,11. legislacion especial,3
2020,Ceuta,12. otras infracciones penales,56
2020,Ceuta,2. contra la libertad,263
2020,Ceuta,2.1.-malos tratos habituales en el ambito familiar,5
2020,Ceuta,2.2.-otros contra la libertad,258
2020,Ceuta,3. libertad sexual,30
2020,Ceuta,3.1.-agresion sexual,20
2020,Ceuta,3.2.-agresion sexual con penetracion,3
2020,Ceuta,3.3.-corrupcion de menores o incapacitados,0
2020,Ceuta,3.4.-pornografia de menores,0
2020,Ceuta,3.5.-otros contra la libertad sexual,7
2020,Ceuta,4. relaciones familiares,16
2020,Ceuta,5. patrimonio,462
2020,Ceuta,5.1.-hurtos,139
2020,Ceuta,5.2.-robos con fuerza en las cosas,72
2020,Ceuta,5.2.1.-robos con fuerza en las cosas en el interior de vehiculos,17
2020,Ceuta,5.2.2.-robos con fuerza en viviendas,20
2020,Ceuta,5.2.3.-robos con fuerza en establecimientos,15
2020,Ceuta,5.3.-robos con violencia o intimidacion,79
2020,Ceuta,5.3.1.-robos con violencia en via publica,59
2020,Ceuta,5.3.2.-robos con violencia en viviendas,2
2020,Ceuta,5.3.3.-robos con violencia en establecimientos,7
2020,Ceuta,5.4.-sustraccion de vehiculos,11
2020,Ceuta,5.5.-estafas,50
2020,Ceuta,5.5.1.-estafas informaticas,34
2020,Ceuta,5.6.-danos,72
2020,Ceuta,5.7.-contra la propiedad intelectual/industrial,1
2020,Ceuta,5.8.-blanqueo de capitales,0
2020,Ceuta,5.9.-otros contra el patrimonio,38
2020,Ceuta,6. seguridad colectiva,326
2020,Ceuta,6.1.-trafico de drogas,192
2020,Ceuta,6.2.-contra la seguridad vial,131
2020,Ceuta,6.3.-otros contra la seguridad colectiva,3
2020,Ceuta,7. falsedades,161
2020,Ceuta,8. admon. publica,1
2020,Ceuta,9. admon. justicia,115
2020,Ceuta,total infracciones penales,2157
2020,Comunidad Foral de Navarra,1. contra las personas,1807
2020,Comunidad Foral de Navarra,1.1.-homicidios dolosos/asesinatos,17
2020,Comunidad Foral de Navarra,1.1.1.-homicidios dolosos/asesinatos consumados,1
2020,Comunidad Foral de Navarra,1.2.-lesiones,858
2020,Comunidad Foral de Navarra,1.3.-malos tratos ambito familiar,902
2020,Comunidad Foral de Navarra,1.4.-otros contra las personas,30
2020,Comunidad Foral de Navarra,10. orden publico,417
2020,Comunidad Foral de Navarra,11. legislacion especial,0
2020,Comunidad Foral de Navarra,12. otras infracciones penales,86
2020,Comunidad Foral de Navarra,2. contra la libertad,1169
2020,Comunidad Foral de Navarra,2.1.-malos tratos habituales en el ambito familiar,139
2020,Comunidad Foral de Navarra,2.2.-otros contra la libertad,1030
2020,Comunidad Foral de Navarra,3. libertad sexual,175
2020,Comunidad Foral de Navarra,3.1.-agresion sexual,103
2020,Comunidad Foral de Navarra,3.2.-agresion sexual con penetracion,31
2020,Comunidad Foral de Navarra,3.3.-corrupcion de menores o incapacitados,8
2020,Comunidad Foral de Navarra,3.4.-pornografia de menores,7
2020,Comunidad Foral de Navarra,3.5.-otros contra la libertad sexual,26
2020,Comunidad Foral de Navarra,4. relaciones familiares,75
2020,Comunidad Foral de Navarra,5. patrimonio,2728
2020,Comunidad Foral de Navarra,5.1.-hurtos,768
2020,Comunidad Foral de Navarra,5.2.-robos con fuerza en las cosas,324
2020,Comunidad Foral de Navarra,5.2.1.-robos con fuerza en las cosas en el interior de vehiculos,56
2020,Comunidad Foral de Navarra,5.2.2.-robos con fuerza en viviendas,80
2020,Comunidad Foral de Navarra,5.2.3.-robos con fuerza en establecimientos,105
2020,Comunidad Foral de Navarra,5.3.-robos con violencia o intimidacion,102
2020,Comunidad Foral de Navarra,5.3.1.-robos con violencia en via publica,62
2020,Comunidad Foral de Navarra,5.3.2.-robos con violencia en viviendas,9
2020,Comunidad Foral de Navarra,5.3.3.-robos con violencia en establecimientos,20
2020,Comunidad Foral de Navarra,5.4.-sustraccion de vehiculos,51
2020,Comunidad Foral de Navarra,5.5.-estafas,825
2020,Comunidad Foral de Navarra,5.5.1.-estafas informaticas,442
2020,Comunidad Foral de Navarra,5.6.-danos,398
2020,Comunidad Foral de Navarra,5.7.-contra la propiedad intelectual/industrial,6
2020,Comunidad Foral de Navarra,5.8.-blanqueo de capitales,2
2020,Comunidad Foral de Navarra,5.9.-otros contra el patrimonio,252
2020,Comunidad Foral de Navarra,6. seguridad colectiva,1122
2020,Comunidad Foral de Navarra,6.1.-trafico de drogas,147
2020,Comunidad Foral de Navarra,6.2.-contra la seguridad vial,946
2020,Comunidad Foral de Navarra,6.3.-otros contra la seguridad colectiva,29
2020,Comunidad Foral de Navarra,7. falsedades,167
2020,Comunidad Foral de Navarra,8. admon. publica,2
2020,Comunidad Foral de Navarra,9. admon. justicia,381
2020,Comunidad Foral de Navarra,total infracciones penales,8129
2020,Comunidad Valenciana,1. contra las personas,18731
2020,Comunidad Valenciana,1.1.-homicidios dolosos/asesinatos,123
2020,Comunidad Valenciana,1.1.1.-homicidios dolosos/asesinatos consumados,36
2020,Comunidad Valenciana,1.2.-lesiones,7534
2020,Comunidad Valenciana,1.3.-malos tratos ambito familiar,10827
2020,Comunidad Valenciana,1.4.-otros contra las personas,247
2020,Comunidad Valenciana,10. orden publico,4123
2020,Comunidad Valenciana,11. legislacion especial,18
2020,Comunidad Valenciana,12. otras infracciones penales,861
2020,Comunidad Valenciana,2. contra la libertad,10899
2020,Comunidad Valenciana,2.1.-malos tratos habituales en el ambito familiar,1663
2020,Comunidad Valenciana,2.2.-otros contra la libertad,9236
2020,Comunidad Valenciana,3. libertad sexual,1242
2020,Comunidad Valenciana,3.1.-agresion sexual,751
2020,Comunidad Valenciana,3.2.-agresion sexual con penetracion,258
2020,Comunidad Valenciana,3.3.-corrupcion de menores o incapacitados,28
2020,Comunidad Valenciana,3.4.-pornografia de menores,42
2020,Comunidad Valenciana,3.5.-otros contra la libertad sexual,163
2020,Comunidad Valenciana,4. relaciones familiares,784
2020,Comunidad Valenciana,5. patrimonio,28810
2020,Comunidad Valenciana,5.1.-hurtos,9128
2020,Comunidad Valenciana,5.2.-robos con fuerza en las cosas,4675
2020,Comunidad Valenciana,5.2.1.-robos con fuerza en las cosas en el interior de vehiculos,979
2020,Comunidad Valenciana,5.2.2.-robos con fuerza en viviendas,2012
2020,Comunidad Valenciana,5.2.3.-robos con fuerza en establecimientos,1025
2020,Comunidad Valenciana,5.3.-robos con violencia o intimidacion,1545
2020,Comunidad Valenciana,5.3.1.-robos con violencia en via publica,784
2020,Comunidad Valenciana,5.3.2.-robos con violencia en viviendas,199
2020,Comunidad Valenciana,5.3.3.-robos con violencia en establecimientos,406
2020,Comunidad Valenciana,5.4.-sustraccion de vehiculos,847
2020,Comunidad Valenciana,5.5.-estafas,5781
2020,Comunidad Valenciana,5.5.1.-estafas informaticas,2925
2020,Comunidad Valenciana,5.6.-danos,3415
2020,Comunidad Valenciana,5.7.-contra la propiedad intelectual/industrial,130
2020,Comunidad Valenciana,5.8.-blanqueo de capitales,74
2020,Comunidad Valenciana,5.9.-otros contra el patrimonio,3215
2020,Comunidad Valenciana,6. seguridad colectiva,6422
2020,Comunidad Valenciana,6.1.-trafico de drogas,1793
2020,Comunidad Valenciana,6.2.-contra la seguridad vial,4479
2020,Comunidad Valenciana,6.3.-otros contra la seguridad colectiva,150
2020,Comunidad Valenciana,7. falsedades,1719
2020,Comunidad Valenciana,8. admon. publica,35
2020,Comunidad Valenciana,9. admon. justicia,4832
2020,Comunidad Valenciana,total infracciones penales,78476
2020,Comunidad de Madrid,1. contra las personas,23204
2020,Comunidad de Madrid,1.1.-homicidios dolosos/asesinatos,136
2020,Comunidad de Madrid,1.1.1.-homicidios dolosos/asesinatos consumados,37
2020,Comunidad de Madrid,1.2.-lesiones,7986
2020,Comunidad de Madrid,1.3.-malos tratos ambito familiar,14735
2020,Comunidad de Madrid,1.4.-otros contra las personas,347
2020,Comunidad de Madrid,10. orden publico,5599
2020,Comunidad de Madrid,11. legislacion especial,9
2020,Comunidad de Madrid,12. otras infracciones penales,586
2020,Comunidad de Madrid,2. contra la libertad,11238
2020,Comunidad de Madrid,2.1.-malos tratos habituales en el ambito familiar,1099
2020,Comunidad de Madrid,2.2.-otros contra la libertad,10139
2020,Comunidad de Madrid,3. libertad sexual,1641
2020,Comunidad de Madrid,3.1.-agresion sexual,938
2020,Comunidad de Madrid,3.2.-agresion sexual con penetracion,433
2020,Comunidad de Madrid,3.3.-corrupcion de menores o incapacitados,33
2020,Comunidad de Madrid,3.4.-pornografia de menores,57
2020,Comunidad de Madrid,3.5.-otros contra la libertad sexual,180
2020,Comunidad de Madrid,4. relaciones familiares,668
2020,Comunidad de Madrid,5. patrimonio,38932
2020,Comunidad de Madrid,5.1.-hurtos,17530
2020,Comunidad de Madrid,5.2.-robos con fuerza en las cosas,3815
2020,Comunidad de Madrid,5.2.1.-robos con fuerza en las cosas en el interior de vehiculos,1106
2020,Comunidad de Madrid,5.2.2.-robos con fuerza en viviendas,1028
2020,Comunidad de Madrid,5.2.3.-robos con fuerza en establecimientos,1007
2020,Comunidad de Madrid,5.3.-robos con violencia o intimidacion,3305
2020,Comunidad de Madrid,5.3.1.-robos con violencia en via publica,1948
2020,Comunidad de Madrid,5.3.2.-robos con violencia en viviendas,200
2020,Comunidad de Madrid,5.3.3.-robos con violencia en establecimientos,756
2020,Comunidad de Madrid,5.4.-sustraccion de vehiculos,1426
2020,Comunidad de Madrid,5.5.-estafas,6470
2020,Comunidad de Madrid,5.5.1.-estafas informaticas,2992
2020,Comunidad de Madrid,5.6.-danos,3002
2020,Comunidad de Madrid,5.7.-contra la propiedad intelectual/industrial,56
2020,Comunidad de Madrid,5.8.-blanqueo de capitales,35
2020,Comunidad de Madrid,5.9.-otros contra el patrimonio,3293
2020,Comunidad de Madrid,6. seguridad colectiva,6337
2020,Comunidad de Madrid,6.1.-trafico de drogas,2101
2020,Comunidad de Madrid,6.2.-contra la seguridad vial,4087
2020,Comunidad de Madrid,6.3.-otros contra la seguridad colectiva,149
2020,Comunidad de Madrid,7. falsedades,1885
2020,Comunidad de Madrid,8. admon. publica,20
2020,Comunidad de Madrid,9. admon. justicia,4366
2020,Comunidad de Madrid,total infracciones penales,94485
2020,Extremadura,1. contra las personas,2555
2020,Extremadura,1.1.-homicidios dolosos/asesinatos,21
2020,Extremadura,1.1.1.-homicidios dolosos/asesinatos consumados,9
2020,Extremadura,1.2.-lesiones,1399
2020,Extremadura,1.3.-malos tratos ambito familiar,1084
2020,Extremadura,1.4.-otros contra las personas,51
2020,Extremadura,10. orden publico,467
2020,Extremadura,11. legislacion especial,7
2020,Extremadura,12. otras infracciones penales,210
2020,Extremadura,2. contra la libertad,1997
2020,Extremadura,2.1.-malos tratos habituales en el ambito familiar,267
2020,Extremadura,2.2.-otros contra la libertad,1730
2020,Extremadura,3. libertad sexual,154
2020,Extremadura,3.1.-agresion sexual,101
2020,Extremadura,3.2.-agresion sexual con penetracion,24
2020,Extremadura,3.3.-corrupcion de menores o incapacitados,4
2020,Extremadura,3.4.-pornografia de menores,2
2020,Extremadura,3.5.-otros contra la libertad sexual,23
2020,Extremadura,4. relaciones familiares,181
2020,Extremadura,5. patrimonio,3864
2020,Extremadura,5.1.-hurtos,1110
2020,Extremadura,5.2.-robos con fuerza en las cosas,655
2020,Extremadura,5.2.1.-robos con fuerza en las cosas en el interior de vehiculos,116
2020,Extremadura,5.2.2.-robos con fuerza en viviendas,235
2020,Extremadura,5.2.3.-robos con fuerza en establecimientos,130
2020,Extremadura,5.3.-robos con violencia o intimidacion,137
2020,Extremadura,5.3.1.-robos con violencia en via publica,60
2020,Extremadura,5.3.2.-robos con violencia en viviendas,22
2020,Extremadura,5.3.3.-robos con violencia en establecimientos,41
2020,Extremadura,5.4.-sustraccion de vehiculos,61
2020,Extremadura,5.5.-estafas,979
2020,Extremadura,5.5.1.-estafas informaticas,613
2020,Extremadura,5.6.-danos,527
2020,Extremadura,5.7.-contra la propiedad intelectual/industrial,19
2020,Extremadura,5.8.-blanqueo de capitales,5
2020,Extremadura,5.9.-otros contra el patrimonio,371
2020,Extremadura,6. seguridad colectiva,994
2020,Extremadura,6.1.-trafico de drogas,293
2020,Extremadura,6.2.-contra la seguridad vial,665
2020,Extremadura,6.3.-otros contra la seguridad colectiva,36
2020,Extremadura,7. falsedades,199
2020,Extremadura,8. admon. publica,1
2020,Extremadura,9. admon. justicia,660
2020,Extremadura,total infracciones penales,11289
2020,Galicia,1. contra las personas,6807
2020,Galicia,1.1.-homicidios dolosos/asesinatos,44
2020,Galicia,1.1.1.-homicidios dolosos/asesinatos consumados,11
2020,Galicia,1.2.-lesiones,3599
2020,Galicia,1.3.-malos tratos ambito familiar,3028
2020,Galicia,1.4.-otros contra las personas,136
2020,Galicia,10. orden publico,1078
2020,Galicia,11. legislacion especial,5
2020,Galicia,12. otras infracciones penales,357
2020,Galicia,2. contra la libertad,4982
2020,Galicia,2.1.-malos tratos habituales en el ambito familiar,617
2020,Galicia,2.2.-otros contra la libertad,4365
2020,Galicia,3. libertad sexual,477
2020,Galicia,3.1.-agresion sexual,277
2020,Galicia,3.2.-agresion sexual con penetracion,103
2020,Galicia,3.3.-corrupcion de menores o incapacitados,6
2020,Galicia,3.4.-pornografia de menores,28
2020,Galicia,3.5.-otros contra la libertad sexual,63
2020,Galicia,4. relaciones familiares,172
2020,Galicia,5. patrimonio,11032
2020,Galicia,5.1.-hurtos,3527
2020,Galicia,5.2.-robos con fuerza en las cosas,1690
2020,Galicia,5.2.1.-robos con fuerza en las cosas en el interior de vehiculos,330
2020,Galicia,5.2.2.-robos con fuerza en viviendas,473
2020,Galicia,5.2.3.-robos con fuerza en establecimientos,576
2020,Galicia,5.3.-robos con violencia o intimidacion,490
2020,Galicia,5.3.1.-robos con violencia en via publica,189
2020,Galicia,5.3.2.-robos con violencia en viviendas,64
2020,Galicia,5.3.3.-robos con violencia en establecimientos,162
2020,Galicia,5.4.-sustraccion de vehiculos,247
2020,Galicia,5.5.-estafas,2699
2020,Galicia,5.5.1.-estafas informaticas,1595
2020,Galicia,5.6.-danos,1459
2020,Galicia,5.7.-contra la propiedad intelectual/industrial,22
2020,Galicia,5.8.-blanqueo de capitales,16
2020,Galicia,5.9.-otros contra el patrimonio,882
2020,Galicia,6. seguridad colectiva,4125
2020,Galicia,6.1.-trafico de drogas,532
2020,Galicia,6.2.-contra la seguridad vial,3487
2020,Galicia,6.3.-otros contra la seguridad colectiva,106
2020,Galicia,7. falsedades,452
2020,Galicia,8. admon. publica,11
2020,Galicia,9. admon. justicia,1418
2020,Galicia,total infracciones penales,30916
2020,Illes Balears,1. contra las personas,5741
2020,Illes Balears,1.1.-homicidios dolosos/asesinatos,37
2020,Illes Balears,1.1.1.-homicidios dolosos/asesinatos consumados,6
2020,Illes Balears,1.2.-lesiones,2146
2020,Illes Balears,1.3.-malos tratos ambito familiar,3464
2020,Illes Balears,1.4.-otros contra las personas,94
2020,Illes Balears,10. orden publico,1048
2020,Illes Balears,11. legislacion especial,1
2020,Illes Balears,12. otras infracciones penales,187
2020,Illes Balears,2. contra la libertad,3802
2020,Illes Balears,2.1.-malos tratos habituales en el ambito familiar,569
2020,Illes Balears,2.2.-otros contra la libertad,3233
2020,Illes Balears,3. libertad sexual,398
2020,Illes Balears,3.1.-agresion sexual,241
2020,Illes Balears,3.2.-agresion sexual con penetracion,75
2020,Illes Balears,3.3.-corrupcion de menores o incapacitados,19
2020,Illes Balears,3.4.-pornografia de menores,6
2020,Illes Balears,3.5.-otros contra la libertad sexual,57
2020,Illes Balears,4. relaciones familiares,166
2020,Illes Balears,5. patrimonio,7620
2020,Illes Balears,5.1.-hurtos,2328
2020,Illes Balears,5.2.-robos con fuerza en las cosas,1072
2020,Illes Balears,5.2.1.-robos con fuerza en las cosas en el interior de vehiculos,275
2020,Illes Balears,5.2.2.-robos con fuerza en viviendas,391
2020,Illes Balears,5.2.3.-robos con fuerza en establecimientos,224
2020,Illes Balears,5.3.-robos con violencia o intimidacion,349
2020,Illes Balears,5.3.1.-robos con violencia en via publica,178
2020,Illes Balears,5.3.2.-robos con violencia en viviendas,41
2020,Illes Balears,5.3.3.-robos con violencia en establecimientos,87
2020,Illes Balears,5.4.-sustraccion de vehiculos,277
2020,Illes Balears,5.5.-estafas,1944
2020,Illes Balears,5.5.1.-estafas informaticas,968
2020,Illes Balears,5.6.-danos,849
2020,Illes Balears,5.7.-contra la propiedad intelectual/industrial,21
2020,Illes Balears,5.8.-blanqueo de capitales,7
2020,Illes Balears,5.9.-otros contra el patrimonio,773
2020,Illes Balears,6. seguridad colectiva,2003
2020,Illes Balears,6.1.-trafico de drogas,379
2020,Illes Balears,6.2.-contra la seguridad vial,1586
2020,Illes Balears,6.3.-otros contra la seguridad colectiva,38
2020,Illes Balears,7. falsedades,285
2020,Illes Balears,8. admon. publica,10
2020,Illes Balears,9. admon. justicia,1179
2020,Illes Balears,total infracciones penales,22440
2020,La Rioja,1. contra las personas,864
2020,La Rioja,1.1.-homicidios dolosos/asesinatos,5
2020,La Rioja,1.1.1.-homicidios dolosos/asesinatos consumados,3
2020,La Rioja,1.2.-lesiones,426
2020,La Rioja,1.3.-malos tratos ambito familiar,414
2020,La Rioja,1.4.-otros contra las personas,19
2020,La Rioja,10. orden publico,207
2020,La Rioja,11. legislacion especial,0
2020,La Rioja,12. otras infracciones penales,35
2020,La Rioja,2. contra la libertad,419
2020,La Rioja,2.1.-malos tratos habituales en el ambito familiar,73
2020,La Rioja,2.2.-otros contra la libertad,346
2020,La Rioja,3. libertad sexual,95
2020,La Rioja,3.1.-agresion sexual,44
2020,La Rioja,3.2.-agresion sexual con penetracion,11
2020,La Rioja,3.3.-corrupcion de menores o incapacitados,7
2020,La Rioja,3.4.-pornografia de menores,3
2020,La Rioja,3.5.-otros contra la libertad sexual,30
2020,La Rioja,4. relaciones familiares,26
2020,La Rioja,5. patrimonio,1095
2020,La Rioja,5.1.-hurtos,431
2020,La Rioja,5.2.-robos con fuerza en las cosas,149
2020,La Rioja,5.2.1.-robos con fuerza en las cosas en el interior de vehiculos,16
2020,La Rioja,5.2.2.-robos con fuerza en viviendas,72
2020,La Rioja,5.2.3.-robos con fuerza en establecimientos,29
2020,La Rioja,5.3.-robos con violencia o intimidacion,40
2020,La Rioja,5.3.1.-robos con violencia en via publica,19
2020,La Rioja,5.3.2.-robos con violencia en viviendas,1
2020,La Rioja,5.3.3.-robos con violencia en establecimientos,16
2020,La Rioja,5.4.-sustraccion de vehiculos,15
2020,La Rioja,5.5.-estafas,189
2020,La Rioja,5.5.1.-estafas informaticas,112
2020,La Rioja,5.6.-danos,168
2020,La Rioja,5.7.-contra la propiedad intelectual/industrial,1
2020,La Rioja,5.8.-blanqueo de capitales,1
2020,La Rioja,5.9.-otros contra el patrimonio,101
2020,La Rioja,6. seguridad colectiva,278
2020,La Rioja,6.1.-trafico de drogas,71
2020,La Rioja,6.2.-contra la seguridad vial,197
2020,La Rioja,6.3.-otros contra la seguridad colectiva,10
2020,La Rioja,7. falsedades,29
2020,La Rioja,8. admon. publica,0
2020,La Rioja,9. admon. justicia,136
2020,La Rioja,total infracciones penales,3184
2020,Melilla,1. contra las personas,806
2020,Melilla,1.1.-homicidios dolosos/asesinatos,2
2020,Melilla,1.1.1.-homicidios dolosos/asesinatos consumados,0
2020,Melilla,1.2.-lesiones,461
2020,Melilla,1.3.-malos tratos ambito familiar,320
2020,Melilla,1.4.-otros contra las personas,23
2020,Melilla,10. orden publico,169
2020,Melilla,11. legislacion especial,0
2020,Melilla,12. otras infracciones penales,37
2020,Melilla,2. contra la libertad,302
2020,Melilla,2.1.-malos tratos habituales en el ambito familiar,6
2020,Melilla,2.2.-otros contra la libertad,296
2020,Melilla,3. libertad sexual,24
2020,Melilla,3.1.-agresion sexual,14
2020,Melilla,3.2.-agresion sexual con penetracion,6
2020,Melilla,3.3.-corrupcion de menores o incapacitados,2
2020,Melilla,3.4.-pornografia de menores,0
2020,Melilla,3.5.-otros contra la libertad sexual,2
2020,Melilla,4. relaciones familiares,23
2020,Melilla,5. patrimonio,935
2020,Melilla,5.1.-hurtos,355
2020,Melilla,5.2.-robos con fuerza en las cosas,85
2020,Melilla,5.2.1.-robos con fuerza en las cosas en el interior de vehiculos,51
2020,Melilla,5.2.2.-robos con fuerza en viviendas,17
2020,Melilla,5.2.3.-robos con fuerza en establecimientos,8
2020,Melilla,5.3.-robos con violencia o intimidacion,222
2020,Melilla,5.3.1.-robos con violencia en via publica,165
2020,Melilla,5.3.2.-robos con violencia en viviendas,2
2020,Melilla,5.3.3.-robos con violencia en establecimientos,15
2020,Melilla,5.4.-sustraccion de vehiculos,10
2020,Melilla,5.5.-estafas,128
2020,Melilla,5.5.1.-estafas informaticas,77
2020,Melilla,5.6.-danos,85
2020,Melilla,5.7.-contra la propiedad intelectual/industrial,1
2020,Melilla,5.8.-blanqueo de capitales,0
2020,Melilla,5.9.-otros contra el patrimonio,49
2020,Melilla,6. seguridad colectiva,310
2020,Melilla,6.1.-trafico de drogas,125
2020,Melilla,6.2.-contra la seguridad vial,180
2020,Melilla,6.3.-otros contra la seguridad colectiva,5
2020,Melilla,7. falsedades,84
2020,Melilla,8. admon. publica,0
2020,Melilla,9. admon. justicia,94
2020,Melilla,total infracciones penales,2784
2020,País Vasco,1. contra las personas,21
2020,País Vasco,1.1.-homicidios dolosos/asesinatos,0
2020,País Vasco,1.1.1.-homicidios dolosos/asesinatos consumados,0
2020,País Vasco,1.2.-lesiones,5
2020,País Vasco,1.3.-malos tratos ambito familiar,16
2020,País Vasco,1.4.-otros contra las personas,0
2020,País Vasco,10. orden publico,24
2020,País Vasco,11. legislacion especial,0
2020,País Vasco,12. otras infracciones penales,25
2020,País Vasco,2. contra la libertad,36
2020,País Vasco,2.1.-malos tratos habituales en el ambito familiar,6
2020,País Vasco,2.2.-otros contra la libertad,30
2020,País Vasco,3. libertad sexual,69
2020,País Vasco,3.1.-agresion sexual,22
2020,País Vasco,3.2.-agresion sexual con penetracion,1
2020,País Vasco,3.3.-corrupcion de menores o incapacitados,13
2020,País Vasco,3.4.-pornografia de menores,12
2020,País Vasco,3.5.-otros contra la libertad sexual,21
2020,País Vasco,4. relaciones familiares,6
2020,País Vasco,5. patrimonio,450
2020,País Vasco,5.1.-hurtos,12
2020,País Vasco,5.2.-robos con fuerza en las cosas,23
2020,País Vasco,5.2.1.-robos con fuerza en las cosas en el interior de vehiculos,0
2020,País Vasco,5.2.2.-robos con fuerza en viviendas,18
2020,País Vasco,5.2.3.-robos con fuerza en establecimientos,1
2020,País Vasco,5.3.-robos con violencia o intimidacion,2
2020,País Vasco,5.3.1.-robos con violencia en via publica,0
2020,País Vasco,5.3.2.-robos con violencia en viviendas,0
2020,País Vasco,5.3.3.-robos con violencia en establecimientos,0
2020,País Vasco,5.4.-sustraccion de vehiculos,33
2020,País Vasco,5.5.-estafas,342
2020,País Vasco,5.5.1.-estafas informaticas,273
2020,País Vasco,5.6.-danos,6
2020,País Vasco,5.7.-contra la propiedad intelectual/industrial,1
2020,País Vasco,5.8.-blanqueo de capitales,6
2020,País Vasco,5.9.-otros contra el patrimonio,25
2020,País Vasco,6. seguridad colectiva,61
2020,País Vasco,6.1.-trafico de drogas,53
2020,País Vasco,6.2.-contra la seguridad vial,5
2020,País Vasco,6.3.-otros contra la seguridad colectiva,3
2020,País Vasco,7. falsedades,132
2020,País Vasco,8. admon. publica,2
2020,País Vasco,9. admon. justicia,19
2020,País Vasco,total infracciones penales,845
2020,Principado de Asturias,1. contra las personas,2908
2020,Principado de Asturias,1.1.-homicidios dolosos/asesinatos,15
2020,Principado de Asturias,1.1.1.-homicidios dolosos/asesinatos consumados,6
2020,Principado de Asturias,1.2.-lesiones,1453
2020,Principado de Asturias,1.3.-malos tratos ambito familiar,1390
2020,Principado de Asturias,1.4.-otros contra las personas,50
2020,Principado de Asturias,10. orden publico,538
2020,Principado de Asturias,11. legislacion especial,1
2020,Principado de Asturias,12. otras infracciones penales,129
2020,Principado de Asturias,2. contra la libertad,1622
2020,Principado de Asturias,2.1.-malos tratos habituales en el ambito familiar,72
2020,Principado de Asturias,2.2.-otros contra la libertad,1550
2020,Principado de Asturias,3. libertad sexual,177
2020,Principado de Asturias,3.1.-agresion sexual,106
2020,Principado de Asturias,3.2.-agresion sexual con penetracion,45
2020,Principado de Asturias,3.3.-corrupcion de menores o incapacitados,0
2020,Principado de Asturias,3.4.-pornografia de menores,8
2020,Principado de Asturias,3.5.-otros contra la libertad sexual,18
2020,Principado de Asturias,4. relaciones familiares,78
2020,Principado de Asturias,5. patrimonio,4235
2020,Principado de Asturias,5.1.-hurtos,1372
2020,Principado de Asturias,5.2.-robos con fuerza en las cosas,537
2020,Principado de Asturias,5.2.1.-robos con fuerza en las cosas en el interior de vehiculos,86
2020,Principado de Asturias,5.2.2.-robos con fuerza en viviendas,127
2020,Principado de Asturias,5.2.3.-robos con fuerza en establecimientos,197
2020,Principado de Asturias,5.3.-robos con violencia o intimidacion,217
2020,Principado de Asturias,5.3.1.-robos con violencia en via publica,110
2020,Principado de Asturias,5.3.2.-robos con violencia en viviendas,21
2020,Principado de Asturias,5.3.3.-robos con violencia en establecimientos,66
2020,Principado de Asturias,5.4.-sustraccion de vehiculos,107
2020,Principado de Asturias,5.5.-estafas,1103
2020,Principado de Asturias,5.5.1.-estafas informaticas,710
2020,Principado de Asturias,5.6.-danos,532
2020,Principado de Asturias,5.7.-contra la propiedad intelectual/industrial,4
2020,Principado de Asturias,5.8.-blanqueo de capitales,1
2020,Principado de Asturias,5.9.-otros contra el patrimonio,362
2020,Principado de Asturias,6. seguridad colectiva,908
2020,Principado de Asturias,6.1.-trafico de drogas,175
2020,Principado de Asturias,6.2.-contra la seguridad vial,682
2020,Principado de Asturias,6.3.-otros contra la seguridad colectiva,51
2020,Principado de Asturias,7. falsedades,158
2020,Principado de Asturias,8. admon. publica,1
2020,Principado de Asturias,9. admon. justicia,570
2020,Principado de Asturias,total infracciones penales,11325
2020,Región de Murcia,1. contra las personas,5135
2020,Región de Murcia,1.1.-homicidios dolosos/asesinatos,49
2020,Región de Murcia,1.1.1.-homicidios dolosos/asesinatos consumados,11
2020,Región de Murcia,1.2.-lesiones,2480
2020,Región de Murcia,1.3.-malos tratos ambito familiar,2538
2020,Región de Murcia,1.4.-otros contra las personas,68
2020,Región de Murcia,10. orden publico,891
2020,Región de Murcia,11. legislacion especial,13
2020,Región de Murcia,12. otras infracciones penales,364
2020,Región de Murcia,2. contra la libertad,3346
2020,Región de Murcia,2.1.-malos tratos habituales en el ambito familiar,380
2020,Región de Murcia,2.2.-otros contra la libertad,2966
2020,Región de Murcia,3. libertad sexual,423
2020,Región de Murcia,3.1.-agresion sexual,263
2020,Región de Murcia,3.2.-agresion sexual con penetracion,89
2020,Región de Murcia,3.3.-corrupcion de menores o incapacitados,6
2020,Región de Murcia,3.4.-pornografia de menores,15
2020,Región de Murcia,3.5.-otros contra la libertad sexual,50
2020,Región de Murcia,4. relaciones familiares,551
2020,Región de Murcia,5. patrimonio,7572
2020,Región de Murcia,5.1.-hurtos,2018
2020,Región de Murcia,5.2.-robos con fuerza en las cosas,1369
2020,Región de Murcia,5.2.1.-robos con fuerza en las cosas en el interior de vehiculos,318
2020,Región de Murcia,5.2.2.-robos con fuerza en viviendas,577
2020,Región de Murcia,5.2.3.-robos con fuerza en establecimientos,230
2020,Región de Murcia,5.3.-robos con violencia o intimidacion,499
2020,Región de Murcia,5.3.1.-robos con violencia en via publica,275
2020,Región de Murcia,5.3.2.-robos con violencia en viviendas,60
2020,Región de Murcia,5.3.3.-robos con violencia en establecimientos,112
2020,Región de Murcia,5.4.-sustraccion de vehiculos,240
2020,Región de Murcia,5.5.-estafas,1620
2020,Región de Murcia,5.5.1.-estafas informaticas,757
2020,Región de Murcia,5.6.-danos,913
2020,Región de Murcia,5.7.-contra la propiedad intelectual/industrial,47
2020,Región de Murcia,5.8.-blanqueo de capitales,13
2020,Región de Murcia,5.9.-otros contra el patrimonio,853
2020,Región de Murcia,6. seguridad colectiva,1262
2020,Región de Murcia,6.1.-trafico de drogas,368
2020,Región de Murcia,6.2.-contra la seguridad vial,855
2020,Región de Murcia,6.3.-otros contra la seguridad colectiva,39
2020,Región de Murcia,7. falsedades,437
2020,Región de Murcia,8. admon. publica,23
2020,Región de Murcia,9. admon. justicia,1163
2020,Región de Murcia,total infracciones penales,21180
2021,Andalucía,1. contra las personas,33685
2021,Andalucía,1.1.-homicidios dolosos/asesinatos,264
2021,Andalucía,1.1.1.-homicidios dolosos/asesinatos consumados,50
2021,Andalucía,1.2.-lesiones,16477
2021,Andalucía,1.3.-malos tratos ambito familiar,16350
2021,Andalucía,1.4.-otros contra las personas,594
2021,Andalucía,10. orden publico,4776
2021,Andalucía,11. legislacion especial,201
2021,Andalucía,12. otras infracciones penales,2068
2021,Andalucía,2. contra la libertad,21927
2021,Andalucía,2.1.-malos tratos habituales en el ambito familiar,2816
2021,Andalucía,2.2.-otros contra la libertad,19111
2021,Andalucía,3. libertad sexual,2202
2021,Andalucía,3.1.-agresion sexual,1386
2021,Andalucía,3.2.-agresion sexual con penetracion,394
2021,Andalucía,3.3.-corrupcion de menores o incapacitados,42
2021,Andalucía,3.4.-pornografia de menores,94
2021,Andalucía,3.5.-otros contra la libertad sexual,286
2021,Andalucía,4. relaciones familiares,1529
2021,Andalucía,5. patrimonio,49028
2021,Andalucía,5.1.-hurtos,15117
2021,Andalucía,5.2.-robos con fuerza en las cosas,6969
2021,Andalucía,5.2.1.-robos con fuerza en las cosas en el interior de vehiculos,1797
2021,Andalucía,5.2.2.-robos con fuerza en viviendas,2297
2021,Andalucía,5.2.3.-robos con fuerza en establecimientos,1565
2021,Andalucía,5.3.-robos con violencia o intimidacion,2631
2021,Andalucía,5.3.1.-robos con violencia en via publica,1542
2021,Andalucía,5.3.2.-robos con violencia en viviendas,319
2021,Andalucía,5.3.3.-robos con violencia en establecimientos,552
2021,Andalucía,5.4.-sustraccion de vehiculos,1532
2021,Andalucía,5.5.-estafas,10664
2021,Andalucía,5.5.1.-estafas informaticas,6171
2021,Andalucía,5.6.-danos,5803
2021,Andalucía,5.7.-contra la propiedad intelectual/industrial,199
2021,Andalucía,5.8.-blanqueo de capitales,80
2021,Andalucía,5.9.-otros contra el patrimonio,6033
2021,Andalucía,6. seguridad colectiva,14422
2021,Andalucía,6.1.-trafico de drogas,4238
2021,Andalucía,6.2.-contra la seguridad vial,9858
2021,Andalucía,6.3.-otros contra la seguridad colectiva,326
2021,Andalucía,7. falsedades,2614
2021,Andalucía,8. admon. publica,62
2021,Andalucía,9. admon. justicia,6697
2021,Andalucía,total infracciones penales,139211
2021,Aragón,1. contra las personas,4071
2021,Aragón,1.1.-homicidios dolosos/asesinatos,17
2021,Aragón,1.1.1.-homicidios dolosos/asesinatos consumados,5
2021,Aragón,1.2.-lesiones,1798
2021,Aragón,1.3.-malos tratos ambito familiar,2164
2021,Aragón,1.4.-otros contra las personas,92
2021,Aragón,10. orden publico,656
2021,Aragón,11. legislacion especial,0
2021,Aragón,12. otras infracciones penales,174
2021,Aragón,2. contra la libertad,2140
2021,Aragón,2.1.-malos tratos habituales en el ambito familiar,305
2021,Aragón,2.2.-otros contra la libertad,1835
2021,Aragón,3. libertad sexual,384
2021,Aragón,3.1.-agresion sexual,221
2021,Aragón,3.2.-agresion sexual con penetracion,95
2021,Aragón,3.3.-corrupcion de menores o incapacitados,8
2021,Aragón,3.4.-pornografia de menores,21
2021,Aragón,3.5.-otros contra la libertad sexual,39
2021,Aragón,4. relaciones familiares,151
2021,Aragón,5. patrimonio,6273
2021,Aragón,5.1.-hurtos,2150
2021,Aragón,5.2.-robos con fuerza en las cosas,788
2021,Aragón,5.2.1.-robos con fuerza en las cosas en el interior de vehiculos,127
2021,Aragón,5.2.2.-robos con fuerza en viviendas,228
2021,Aragón,5.2.3.-robos con fuerza en establecimientos,212
2021,Aragón,5.3.-robos con violencia o intimidacion,458
2021,Aragón,5.3.1.-robos con violencia en via publica,249
2021,Aragón,5.3.2.-robos con violencia en viviendas,31
2021,Aragón,5.3.3.-robos con violencia en establecimientos,129
2021,Aragón,5.4.-sustraccion de vehiculos,93
2021,Aragón,5.5.-estafas,1376
2021,Aragón,5.5.1.-estafas informaticas,827
2021,Aragón,5.6.-danos,860
2021,Aragón,5.7.-contra la propiedad intelectual/industrial,24
2021,Aragón,5.8.-blanqueo de capitales,7
2021,Aragón,5.9.-otros contra el patrimonio,517
2021,Aragón,6. seguridad colectiva,1368
2021,Aragón,6.1.-trafico de drogas,403
2021,Aragón,6.2.-contra la seguridad vial,944
2021,Aragón,6.3.-otros contra la seguridad colectiva,21
2021,Aragón,7. falsedades,318
2021,Aragón,8. admon. publica,1
2021,Aragón,9. admon. justicia,683
2021,Aragón,total infracciones penales,16219
2021,Canarias,1. contra las personas,11520
2021,Canarias,1.1.-homicidios dolosos/asesinatos,48
2021,Canarias,1.1.1.-homicidios dolosos/asesinatos consumados,12
2021,Canarias,1.2.-lesiones,5597
2021,Canarias,1.3.-malos tratos ambito familiar,5533
2021,Canarias,1.4.-otros contra las personas,342
2021,Canarias,10. orden publico,1066
2021,Canarias,11. legislacion especial,2
2021,Canarias,12. otras infracciones penales,428
2021,Canarias,2. contra la libertad,8687
2021,Canarias,2.1.-malos tratos habituales en el ambito familiar,912
2021,Canarias,2.2.-otros contra la libertad,7775
2021,Canarias,3. libertad sexual,815
2021,Canarias,3.1.-agresion sexual,537
2021,Canarias,3.2.-agresion sexual con penetracion,151
2021,Canarias,3.3.-corrupcion de menores o incapacitados,11
2021,Canarias,3.4.-pornografia de menores,44
2021,Canarias,3.5.-otros contra la libertad sexual,72
2021,Canarias,4. relaciones familiares,625
2021,Canarias,5. patrimonio,14330
2021,Canarias,5.1.-hurtos,4913
2021,Canarias,5.2.-robos con fuerza en las cosas,1825
2021,Canarias,5.2.1.-robos con fuerza en las cosas en el interior de vehiculos,413
2021,Canarias,5.2.2.-robos con fuerza en viviendas,642
2021,Canarias,5.2.3.-robos con fuerza en establecimientos,376
2021,Canarias,5.3.-robos con violencia o intimidacion,733
2021,Canarias,5.3.1.-robos con violencia en via publica,363
2021,Canarias,5.3.2.-robos con violencia en viviendas,88
2021,Canarias,5.3.3.-robos con violencia en establecimientos,174
2021,Canarias,5.4.-sustraccion de vehiculos,382
2021,Canarias,5.5.-estafas,3127
2021,Canarias,5.5.1.-estafas informaticas,1641
2021,Canarias,5.6.-danos,2228
2021,Canarias,5.7.-contra la propiedad intelectual/industrial,45
2021,Canarias,5.8.-blanqueo de capitales,18
2021,Canarias,5.9.-otros contra el patrimonio,1059
2021,Canarias,6. seguridad colectiva,2964
2021,Canarias,6.1.-trafico de drogas,527
2021,Canarias,6.2.-contra la seguridad vial,2390
2021,Canarias,6.3.-otros contra la seguridad colectiva,47
2021,Canarias,7. falsedades,618
2021,Canarias,8. admon. publica,19
2021,Canarias,9. admon. justicia,1836
2021,Canarias,total infracciones penales,42910
2021,Cantabria,1. contra las personas,1881
2021,Cantabria,1.1.-homicidios dolosos/asesinatos,14
2021,Cantabria,1.1.1.-homicidios dolosos/asesinatos consumados,4
2021,Cantabria,1.2.-lesiones,1072
2021,Cantabria,1.3.-malos tratos ambito familiar,702
2021,Cantabria,1.4.-otros contra las personas,93
2021,Cantabria,10. orden publico,272
2021,Cantabria,11. legislacion especial,2
2021,Cantabria,12. otras infracciones penales,137
2021,Cantabria,2. contra la libertad,1385
2021,Cantabria,2.1.-malos tratos habituales en el ambito familiar,148
2021,Cantabria,2.2.-otros contra la libertad,1237
2021,Cantabria,3. libertad sexual,121
2021,Cantabria,3.1.-agresion sexual,75
2021,Cantabria,3.2.-agresion sexual con penetracion,28
2021,Cantabria,3.3.-corrupcion de menores o incapacitados,1
2021,Cantabria,3.4.-pornografia de menores,5
2021,Cantabria,3.5.-otros contra la libertad sexual,12
2021,Cantabria,4. relaciones familiares,38
2021,Cantabria,5. patrimonio,3310
2021,Cantabria,5.1.-hurtos,1190
2021,Cantabria,5.2.-robos con fuerza en las cosas,423
2021,Cantabria,5.2.1.-robos con fuerza en las cosas en el interior de vehiculos,83
2021,Cantabria,5.2.2.-robos con fuerza en viviendas,101
2021,Cantabria,5.2.3.-robos con fuerza en establecimientos,151
2021,Cantabria,5.3.-robos con violencia o intimidacion,110
2021,Cantabria,5.3.1.-robos con violencia en via publica,53
2021,Cantabria,5.3.2.-robos con violencia en viviendas,22
2021,Cantabria,5.3.3.-robos con violencia en establecimientos,22
2021,Cantabria,5.4.-sustraccion de vehiculos,63
2021,Cantabria,5.5.-estafas,758
2021,Cantabria,5.5.1.-estafas informaticas,475
2021,Cantabria,5.6.-danos,495
2021,Cantabria,5.7.-contra la propiedad intelectual/industrial,22
2021,Cantabria,5.8.-blanqueo de capitales,2
2021,Cantabria,5.9.-otros contra el patrimonio,247
2021,Cantabria,6. seguridad colectiva,754
2021,Cantabria,6.1.-trafico de drogas,91
2021,Cantabria,6.2.-contra la seguridad vial,646
2021,Cantabria,6.3.-otros contra la seguridad colectiva,17
2021,Cantabria,7. falsedades,123
2021,Cantabria,8. admon. publica,1
2021,Cantabria,9. admon. justicia,278
2021,Cantabria,total infracciones penales,8302
2021,Castilla y León,1. contra las personas,6702
2021,Castilla y León,1.1.-homicidios dolosos/asesinatos,37
2021,Castilla y León,1.1.1.-homicidios dolosos/asesinatos consumados,13
2021,Castilla y León,1.2.-lesiones,3662
2021,Castilla y León,1.3.-malos tratos ambito familiar,2816
2021,Castilla y León,1.4.-otros contra las personas,187
2021,Castilla y León,10. orden publico,949
2021,Castilla y León,11. legislacion especial,3
2021,Castilla y León,12. otras infracciones penales,407
2021,Castilla y León,2. contra la libertad,4985
2021,Castilla y León,2.1.-malos tratos habituales en el ambito familiar,603
2021,Castilla y León,2.2.-otros contra la libertad,4382
2021,Castilla y León,3. libertad sexual,476
2021,Castilla y León,3.1.-agresion sexual,280
2021,Castilla y León,3.2.-agresion sexual con penetracion,111
2021,Castilla y León,3.3.-corrupcion de menores o incapacitados,16
2021,Castilla y León,3.4.-pornografia de menores,19
2021,Castilla y León,3.5.-otros contra la libertad sexual,50
2021,Castilla y León,4. relaciones familiares,161
2021,Castilla y León,5. patrimonio,11407
2021,Castilla y León,5.1.-hurtos,3737
2021,Castilla y León,5.2.-robos con fuerza en las cosas,1188
2021,Castilla y León,5.2.1.-robos con fuerza en las cosas en el interior de vehiculos,210
2021,Castilla y León,5.2.2.-robos con fuerza en viviendas,366
2021,Castilla y León,5.2.3.-robos con fuerza en establecimientos,338
2021,Castilla y León,5.3.-robos con violencia o intimidacion,379
2021,Castilla y León,5.3.1.-robos con violencia en via publica,174
2021,Castilla y León,5.3.2.-robos con violencia en viviendas,50
2021,Castilla y León,5.3.3.-robos con violencia en establecimientos,110
2021,Castilla y León,5.4.-sustraccion de vehiculos,197
2021,Castilla y León,5.5.-estafas,3221
2021,Castilla y León,5.5.1.-estafas informaticas,2092
2021,Castilla y León,5.6.-danos,1711
2021,Castilla y León,5.7.-contra la propiedad intelectual/industrial,60
2021,Castilla y León,5.8.-blanqueo de capitales,4
2021,Castilla y León,5.9.-otros contra el patrimonio,910
2021,Castilla y León,6. seguridad colectiva,2812
2021,Castilla y León,6.1.-trafico de drogas,463
2021,Castilla y León,6.2.-contra la seguridad vial,2279
2021,Castilla y León,6.3.-otros contra la seguridad colectiva,70
2021,Castilla y León,7. falsedades,636
2021,Castilla y León,8. admon. publica,14
2021,Castilla y León,9. admon. justicia,1246
2021,Castilla y León,total infracciones penales,29798
2021,Castilla-La Mancha,1. contra las personas,6760
2021,Castilla-La Mancha,1.1.-homicidios dolosos/asesinatos,75
2021,Castilla-La Mancha,1.1.1.-homicidios dolosos/asesinatos consumados,11
2021,Castilla-La Mancha,1.2.-lesiones,3409
2021,Castilla-La Mancha,1.3.-malos tratos ambito familiar,3139
2021,Castilla-La Mancha,1.4.-otros contra las personas,137
2021,Castilla-La Mancha,10. orden publico,921
2021,Castilla-La Mancha,11. legislacion especial,2
2021,Castilla-La Mancha,12. otras infracciones penales,382
2021,Castilla-La Mancha,2. contra la libertad,4505
2021,Castilla-La Mancha,2.1.-malos tratos habituales en el ambito familiar,675
2021,Castilla-La Mancha,2.2.-otros contra la libertad,3830
2021,Castilla-La Mancha,3. libertad sexual,490
2021,Castilla-La Mancha,3.1.-agresion sexual,317
2021,Castilla-La Mancha,3.2.-agresion sexual con penetracion,95
2021,Castilla-La Mancha,3.3.-corrupcion de menores o incapacitados,14
2021,Castilla-La Mancha,3.4.-pornografia de menores,17
2021,Castilla-La Mancha,3.5.-otros contra la libertad sexual,47
2021,Castilla-La Mancha,4. relaciones familiares,323
2021,Castilla-La Mancha,5. patrimonio,10647
2021,Castilla-La Mancha,5.1.-hurtos,2556
2021,Castilla-La Mancha,5.2.-robos con fuerza en las cosas,1593
2021,Castilla-La Mancha,5.2.1.-robos con fuerza en las cosas en el interior de vehiculos,249
2021,Castilla-La Mancha,5.2.2.-robos con fuerza en viviendas,501
2021,Castilla-La Mancha,5.2.3.-robos con fuerza en establecimientos,399
2021,Castilla-La Mancha,5.3.-robos con violencia o intimidacion,453
2021,Castilla-La Mancha,5.3.1.-robos con violencia en via publica,225
2021,Castilla-La Mancha,5.3.2.-robos con violencia en viviendas,45
2021,Castilla-La Mancha,5.3.3.-robos con violencia en establecimientos,119
2021,Castilla-La Mancha,5.4.-sustraccion de vehiculos,214
2021,Castilla-La Mancha,5.5.-estafas,2922
2021,Castilla-La Mancha,5.5.1.-estafas informaticas,1784
2021,Castilla-La Mancha,5.6.-danos,1443
2021,Castilla-La Mancha,5.7.-contra la propiedad intelectual/industrial,19
2021,Castilla-La Mancha,5.8.-blanqueo de capitales,22
2021,Castilla-La Mancha,5.9.-otros contra el patrimonio,1425
2021,Castilla-La Mancha,6. seguridad colectiva,3046
2021,Castilla-La Mancha,6.1.-trafico de drogas,553
2021,Castilla-La Mancha,6.2.-contra la seguridad vial,2417
2021,Castilla-La Mancha,6.3.-otros contra la seguridad colectiva,76
2021,Castilla-La Mancha,7. falsedades,823
2021,Castilla-La Mancha,8. admon. publica,30
2021,Castilla-La Mancha,9. admon. justicia,1386
2021,Castilla-La Mancha,total infracciones penales,29315
2021,Cataluña,1. contra las personas,17094
2021,Cataluña,1.1.-homicidios dolosos/asesinatos,227
2021,Cataluña,1.1.1.-homicidios dolosos/asesinatos consumados,55
2021,Cataluña,1.2.-lesiones,9910
2021,Cataluña,1.3.-malos tratos ambito familiar,6647
2021,Cataluña,1.4.-otros contra las personas,310
2021,Cataluña,10. orden publico,3542
2021,Cataluña,11. legislacion especial,9
2021,Cataluña,12. otras infracciones penales,499
2021,Cataluña,2. contra la libertad,16548
2021,Cataluña,2.1.-malos tratos habituales en el ambito familiar,1683
2021,Cataluña,2.2.-otros contra la libertad,14865
2021,Cataluña,3. libertad sexual,2494
2021,Cataluña,3.1.-agresion sexual,1357
2021,Cataluña,3.2.-agresion sexual con penetracion,917
2021,Cataluña,3.3.-corrupcion de menores o incapacitados,3
2021,Cataluña,3.4.-pornografia de menores,57
2021,Cataluña,3.5.-otros contra la libertad sexual,160
2021,Cataluña,4. relaciones familiares,980
2021,Cataluña,5. patrimonio,43258
2021,Cataluña,5.1.-hurtos,14384
2021,Cataluña,5.2.-robos con fuerza en las cosas,4284
2021,Cataluña,5.2.1.-robos con fuerza en las cosas en el interior de vehiculos,1268
2021,Cataluña,5.2.2.-robos con fuerza en viviendas,1320
2021,Cataluña,5.2.3.-robos con fuerza en establecimientos,843
2021,Cataluña,5.3.-robos con violencia o intimidacion,3679
2021,Cataluña,5.3.1.-robos con violencia en via publica,2189
2021,Cataluña,5.3.2.-robos con violencia en viviendas,277
2021,Cataluña,5.3.3.-robos con violencia en establecimientos,771
2021,Cataluña,5.4.-sustraccion de vehiculos,2062
2021,Cataluña,5.5.-estafas,5281
2021,Cataluña,5.5.1.-estafas informaticas,4013
2021,Cataluña,5.6.-danos,4080
2021,Cataluña,5.7.-contra la propiedad intelectual/industrial,242
2021,Cataluña,5.8.-blanqueo de capitales,27
2021,Cataluña,5.9.-otros contra el patrimonio,9219
2021,Cataluña,6. seguridad colectiva,9307
2021,Cataluña,6.1.-trafico de drogas,3006
2021,Cataluña,6.2.-contra la seguridad vial,6183
2021,Cataluña,6.3.-otros contra la seguridad colectiva,118
2021,Cataluña,7. falsedades,2119
2021,Cataluña,8. admon. publica,94
2021,Cataluña,9. admon. justicia,3593
2021,Cataluña,total infracciones penales,99537
2021,Ceuta,1. contra las personas,748
2021,Ceuta,1.1.-homicidios dolosos/asesinatos,10
2021,Ceuta,1.1.1.-homicidios dolosos/asesinatos consumados,2
2021,Ceuta,1.2.-lesiones,419
2021,Ceuta,1.3.-malos tratos ambito familiar,315
2021,Ceuta,1.4.-otros contra las personas,4
2021,Ceuta,10. orden publico,152
2021,Ceuta,11. legislacion especial,1
2021,Ceuta,12. otras infracciones penales,42
2021,Ceuta,2. contra la libertad,296
2021,Ceuta,2.1.-malos tratos habituales en el ambito familiar,11
2021,Ceuta,2.2.-otros contra la libertad,285
2021,Ceuta,3. libertad sexual,42
2021,Ceuta,3.1.-agresion sexual,27
2021,Ceuta,3.2.-agresion sexual con penetracion,4
2021,Ceuta,3.3.-corrupcion de menores o incapacitados,0
2021,Ceuta,3.4.-pornografia de menores,1
2021,Ceuta,3.5.-otros contra la libertad sexual,10
2021,Ceuta,4. relaciones familiares,16
2021,Ceuta,5. patrimonio,499
2021,Ceuta,5.1.-hurtos,139
2021,Ceuta,5.2.-robos con fuerza en las cosas,43
2021,Ceuta,5.2.1.-robos con fuerza en las cosas en el interior de vehiculos,13
2021,Ceuta,5.2.2.-robos con fuerza en viviendas,11
2021,Ceuta,5.2.3.-robos con fuerza en establecimientos,10
2021,Ceuta,5.3.-robos con violencia o intimidacion,108
2021,Ceuta,5.3.1.-robos con violencia en via publica,75
2021,Ceuta,5.3.2.-robos con violencia en viviendas,4
2021,Ceuta,5.3.3.-robos con violencia en establecimientos,8
2021,Ceuta,5.4.-sustraccion de vehiculos,17
2021,Ceuta,5.5.-estafas,62
2021,Ceuta,5.5.1.-estafas informaticas,48
2021,Ceuta,5.6.-danos,88
2021,Ceuta,5.7.-contra la propiedad intelectual/industrial,1
2021,Ceuta,5.8.-blanqueo de capitales,0
2021,Ceuta,5.9.-otros contra el patrimonio,41
2021,Ceuta,6. seguridad colectiva,325
2021,Ceuta,6.1.-trafico de drogas,141
2021,Ceuta,6.2.-contra la seguridad vial,179
2021,Ceuta,6.3.-otros contra la seguridad colectiva,5
2021,Ceuta,7. falsedades,79
2021,Ceuta,8. admon. publica,0
2021,Ceuta,9. admon. justicia,99
2021,Ceuta,total infracciones penales,2299
2021,Comunidad Foral de Navarra,1. contra las personas,2085
2021,Comunidad Foral de Navarra,1.1.-homicidios dolosos/asesinatos,18
2021,Comunidad Foral de Navarra,1.1.1.-homicidios dolosos/asesinatos consumados,1
2021,Comunidad Foral de Navarra,1.2.-lesiones,1101
2021,Comunidad Foral de Navarra,1.3.-malos tratos ambito familiar,917
2021,Comunidad Foral de Navarra,1.4.-otros contra las personas,49
2021,Comunidad Foral de Navarra,10. orden publico,432
2021,Comunidad Foral de Navarra,11. legislacion especial,0
2021,Comunidad Foral de Navarra,12. otras infracciones penales,107
2021,Comunidad Foral de Navarra,2. contra la libertad,1387
2021,Comunidad Foral de Navarra,2.1.-malos tratos habituales en el ambito familiar,132
2021,Comunidad Foral de Navarra,2.2.-otros contra la libertad,1255
2021,Comunidad Foral de Navarra,3. libertad sexual,208
2021,Comunidad Foral de Navarra,3.1.-agresion sexual,118
2021,Comunidad Foral de Navarra,3.2.-agresion sexual con penetracion,59
2021,Comunidad Foral de Navarra,3.3.-corrupcion de menores o incapacitados,11
2021,Comunidad Foral de Navarra,3.4.-pornografia de menores,4
2021,Comunidad Foral de Navarra,3.5.-otros contra la libertad sexual,16
2021,Comunidad Foral de Navarra,4. relaciones familiares,89
2021,Comunidad Foral de Navarra,5. patrimonio,2968
2021,Comunidad Foral de Navarra,5.1.-hurtos,942
2021,Comunidad Foral de Navarra,5.2.-robos con fuerza en las cosas,265
2021,Comunidad Foral de Navarra,5.2.1.-robos con fuerza en las cosas en el interior de vehiculos,48
2021,Comunidad Foral de Navarra,5.2.2.-robos con fuerza en viviendas,67
2021,Comunidad Foral de Navarra,5.2.3.-robos con fuerza en establecimientos,66
2021,Comunidad Foral de Navarra,5.3.-robos con violencia o intimidacion,136
2021,Comunidad Foral de Navarra,5.3.1.-robos con violencia en via publica,86
2021,Comunidad Foral de Navarra,5.3.2.-robos con violencia en viviendas,9
2021,Comunidad Foral de Navarra,5.3.3.-robos con violencia en establecimientos,30
2021,Comunidad Foral de Navarra,5.4.-sustraccion de vehiculos,43
2021,Comunidad Foral de Navarra,5.5.-estafas,837
2021,Comunidad Foral de Navarra,5.5.1.-estafas informaticas,452
2021,Comunidad Foral de Navarra,5.6.-danos,468
2021,Comunidad Foral de Navarra,5.7.-contra la propiedad intelectual/industrial,8
2021,Comunidad Foral de Navarra,5.8.-blanqueo de capitales,8
2021,Comunidad Foral de Navarra,5.9.-otros contra el patrimonio,261
2021,Comunidad Foral de Navarra,6. seguridad colectiva,1304
2021,Comunidad Foral de Navarra,6.1.-trafico de drogas,142
2021,Comunidad Foral de Navarra,6.2.-contra la seguridad vial,1143
2021,Comunidad Foral de Navarra,6.3.-otros contra la seguridad colectiva,19
2021,Comunidad Foral de Navarra,7. falsedades,256
2021,Comunidad Foral de Navarra,8. admon. publica,6
2021,Comunidad Foral de Navarra,9. admon. justicia,376
2021,Comunidad Foral de Navarra,total infracciones penales,9218
2021,Comunidad Valenciana,1. contra las personas,21181
2021,Comunidad Valenciana,1.1.-homicidios dolosos/asesinatos,141
2021,Comunidad Valenciana,1.1.1.-homicidios dolosos/asesinatos consumados,32
2021,Comunidad Valenciana,1.2.-lesiones,9037
2021,Comunidad Valenciana,1.3.-malos tratos ambito familiar,11658
2021,Comunidad Valenciana,1.4.-otros contra las personas,345
2021,Comunidad Valenciana,10. orden publico,3497
2021,Comunidad Valenciana,11. legislacion especial,25
2021,Comunidad Valenciana,12. otras infracciones penales,763
2021,Comunidad Valenciana,2. contra la libertad,12230
2021,Comunidad Valenciana,2.1.-malos tratos habituales en el ambito familiar,1884
2021,Comunidad Valenciana,2.2.-otros contra la libertad,10346
2021,Comunidad Valenciana,3. libertad sexual,1775
2021,Comunidad Valenciana,3.1.-agresion sexual,1159
2021,Comunidad Valenciana,3.2.-agresion sexual con penetracion,341
2021,Comunidad Valenciana,3.3.-corrupcion de menores o incapacitados,50
2021,Comunidad Valenciana,3.4.-pornografia de menores,49
2021,Comunidad Valenciana,3.5.-otros contra la libertad sexual,176
2021,Comunidad Valenciana,4. relaciones familiares,837
2021,Comunidad Valenciana,5. patrimonio,33426
2021,Comunidad Valenciana,5.1.-hurtos,11689
2021,Comunidad Valenciana,5.2.-robos con fuerza en las cosas,4538
2021,Comunidad Valenciana,5.2.1.-robos con fuerza en las cosas en el interior de vehiculos,1083
2021,Comunidad Valenciana,5.2.2.-robos con fuerza en viviendas,1762
2021,Comunidad Valenciana,5.2.3.-robos con fuerza en establecimientos,878
2021,Comunidad Valenciana,5.3.-robos con violencia o intimidacion,1796
2021,Comunidad Valenciana,5.3.1.-robos con violencia en via publica,878
2021,Comunidad Valenciana,5.3.2.-robos con violencia en viviendas,219
2021,Comunidad Valenciana,5.3.3.-robos con violencia en establecimientos,489
2021,Comunidad Valenciana,5.4.-sustraccion de vehiculos,897
2021,Comunidad Valenciana,5.5.-estafas,7035
2021,Comunidad Valenciana,5.5.1.-estafas informaticas,3864
2021,Comunidad Valenciana,5.6.-danos,3952
2021,Comunidad Valenciana,5.7.-contra la propiedad intelectual/industrial,179
2021,Comunidad Valenciana,5.8.-blanqueo de capitales,73
2021,Comunidad Valenciana,5.9.-otros contra el patrimonio,3267
2021,Comunidad Valenciana,6. seguridad colectiva,7677
2021,Comunidad Valenciana,6.1.-trafico de drogas,1813
2021,Comunidad Valenciana,6.2.-contra la seguridad vial,5690
2021,Comunidad Valenciana,6.3.-otros contra la seguridad colectiva,174
2021,Comunidad Valenciana,7. falsedades,2016
2021,Comunidad Valenciana,8. admon. publica,76
2021,Comunidad Valenciana,9. admon. justicia,5010
2021,Comunidad Valenciana,total infracciones penales,88513
2021,Comunidad de Madrid,1. contra las personas,26001
2021,Comunidad de Madrid,1.1.-homicidios dolosos/asesinatos,129
2021,Comunidad de Madrid,1.1.1.-homicidios dolosos/asesinatos consumados,36
2021,Comunidad de Madrid,1.2.-lesiones,8871
2021,Comunidad de Madrid,1.3.-malos tratos ambito familiar,16560
2021,Comunidad de Madrid,1.4.-otros contra las personas,441
2021,Comunidad de Madrid,10. orden publico,5691
2021,Comunidad de Madrid,11. legislacion especial,18
2021,Comunidad de Madrid,12. otras infracciones penales,550
2021,Comunidad de Madrid,2. contra la libertad,12402
2021,Comunidad de Madrid,2.1.-malos tratos habituales en el ambito familiar,1280
2021,Comunidad de Madrid,2.2.-otros contra la libertad,11122
2021,Comunidad de Madrid,3. libertad sexual,1918
2021,Comunidad de Madrid,3.1.-agresion sexual,1109
2021,Comunidad de Madrid,3.2.-agresion sexual con penetracion,484
2021,Comunidad de Madrid,3.3.-corrupcion de menores o incapacitados,31
2021,Comunidad de Madrid,3.4.-pornografia de menores,76
2021,Comunidad de Madrid,3.5.-otros contra la libertad sexual,218
2021,Comunidad de Madrid,4. relaciones familiares,809
2021,Comunidad de Madrid,5. patrimonio,43272
2021,Comunidad de Madrid,5.1.-hurtos,19862
2021,Comunidad de Madrid,5.2.-robos con fuerza en las cosas,3631
2021,Comunidad de Madrid,5.2.1.-robos con fuerza en las cosas en el interior de vehiculos,1088
2021,Comunidad de Madrid,5.2.2.-robos con fuerza en viviendas,882
2021,Comunidad de Madrid,5.2.3.-robos con fuerza en establecimientos,949
2021,Comunidad de Madrid,5.3.-robos con violencia o intimidacion,3554
2021,Comunidad de Madrid,5.3.1.-robos con violencia en via publica,2122
2021,Comunidad de Madrid,5.3.2.-robos con violencia en viviendas,204
2021,Comunidad de Madrid,5.3.3.-robos con violencia en establecimientos,737
2021,Comunidad de Madrid,5.4.-sustraccion de vehiculos,1364
2021,Comunidad de Madrid,5.5.-estafas,7786
2021,Comunidad de Madrid,5.5.1.-estafas informaticas,3952
2021,Comunidad de Madrid,5.6.-danos,3450
2021,Comunidad de Madrid,5.7.-contra la propiedad intelectual/industrial,70
2021,Comunidad de Madrid,5.8.-blanqueo de capitales,36
2021,Comunidad de Madrid,5.9.-otros contra el patrimonio,3519
2021,Comunidad de Madrid,6. seguridad colectiva,6947
2021,Comunidad de Madrid,6.1.-trafico de drogas,2196
2021,Comunidad de Madrid,6.2.-contra la seguridad vial,4612
2021,Comunidad de Madrid,6.3.-otros contra la seguridad colectiva,139
2021,Comunidad de Madrid,7. falsedades,2193
2021,Comunidad de Madrid,8. admon. publica,39
2021,Comunidad de Madrid,9. admon. justicia,4935
2021,Comunidad de Madrid,total infracciones penales,104775
2021,Extremadura,1. contra las personas,2877
2021,Extremadura,1.1.-homicidios dolosos/asesinatos,24
2021,Extremadura,1.1.1.-homicidios dolosos/asesinatos consumados,3
2021,Extremadura,1.2.-lesiones,1644
2021,Extremadura,1.3.-malos tratos ambito familiar,1148
2021,Extremadura,1.4.-otros contra las personas,61
2021,Extremadura,10. orden publico,323
2021,Extremadura,11. legislacion especial,8
2021,Extremadura,12. otras infracciones penales,179
2021,Extremadura,2. contra la libertad,2133
2021,Extremadura,2.1.-malos tratos habituales en el ambito familiar,313
2021,Extremadura,2.2.-otros contra la libertad,1820
2021,Extremadura,3. libertad sexual,192
2021,Extremadura,3.1.-agresion sexual,120
2021,Extremadura,3.2.-agresion sexual con penetracion,33
2021,Extremadura,3.3.-corrupcion de menores o incapacitados,7
2021,Extremadura,3.4.-pornografia de menores,9
2021,Extremadura,3.5.-otros contra la libertad sexual,23
2021,Extremadura,4. relaciones familiares,193
2021,Extremadura,5. patrimonio,4759
2021,Extremadura,5.1.-hurtos,1279
2021,Extremadura,5.2.-robos con fuerza en las cosas,679
2021,Extremadura,5.2.1.-robos con fuerza en las cosas en el interior de vehiculos,148
2021,Extremadura,5.2.2.-robos con fuerza en viviendas,200
2021,Extremadura,5.2.3.-robos con fuerza en establecimientos,129
2021,Extremadura,5.3.-robos con violencia o intimidacion,138
2021,Extremadura,5.3.1.-robos con violencia en via publica,72
2021,Extremadura,5.3.2.-robos con violencia en viviendas,20
2021,Extremadura,5.3.3.-robos con violencia en establecimientos,35
2021,Extremadura,5.4.-sustraccion de vehiculos,57
2021,Extremadura,5.5.-estafas,1622
2021,Extremadura,5.5.1.-estafas informaticas,1259
2021,Extremadura,5.6.-danos,565
2021,Extremadura,5.7.-contra la propiedad intelectual/industrial,10
2021,Extremadura,5.8.-blanqueo de capitales,6
2021,Extremadura,5.9.-otros contra el patrimonio,403
2021,Extremadura,6. seguridad colectiva,1193
2021,Extremadura,6.1.-trafico de drogas,318
2021,Extremadura,6.2.-contra la seguridad vial,831
2021,Extremadura,6.3.-otros contra la seguridad colectiva,44
2021,Extremadura,7. falsedades,213
2021,Extremadura,8. admon. publica,12
2021,Extremadura,9. admon. justicia,708
2021,Extremadura,total infracciones penales,12790
2021,Galicia,1. contra las personas,7268
2021,Galicia,1.1.-homicidios dolosos/asesinatos,47
2021,Galicia,1.1.1.-homicidios dolosos/asesinatos consumados,14
2021,Galicia,1.2.-lesiones,4057
2021,Galicia,1.3.-malos tratos ambito familiar,2984
2021,Galicia,1.4.-otros contra las personas,180
2021,Galicia,10. orden publico,892
2021,Galicia,11. legislacion especial,2
2021,Galicia,12. otras infracciones penales,409
2021,Galicia,2. contra la libertad,5472
2021,Galicia,2.1.-malos tratos habituales en el ambito familiar,608
2021,Galicia,2.2.-otros contra la libertad,4864
2021,Galicia,3. libertad sexual,615
2021,Galicia,3.1.-agresion sexual,366
2021,Galicia,3.2.-agresion sexual con penetracion,133
2021,Galicia,3.3.-corrupcion de menores o incapacitados,6
2021,Galicia,3.4.-pornografia de menores,36
2021,Galicia,3.5.-otros contra la libertad sexual,74
2021,Galicia,4. relaciones familiares,159
2021,Galicia,5. patrimonio,12337
2021,Galicia,5.1.-hurtos,4342
2021,Galicia,5.2.-robos con fuerza en las cosas,1486
2021,Galicia,5.2.1.-robos con fuerza en las cosas en el interior de vehiculos,378
2021,Galicia,5.2.2.-robos con fuerza en viviendas,389
2021,Galicia,5.2.3.-robos con fuerza en establecimientos,424
2021,Galicia,5.3.-robos con violencia o intimidacion,508
2021,Galicia,5.3.1.-robos con violencia en via publica,242
2021,Galicia,5.3.2.-robos con violencia en viviendas,56
2021,Galicia,5.3.3.-robos con violencia en establecimientos,154
2021,Galicia,5.4.-sustraccion de vehiculos,208
2021,Galicia,5.5.-estafas,3062
2021,Galicia,5.5.1.-estafas informaticas,1887
2021,Galicia,5.6.-danos,1877
2021,Galicia,5.7.-contra la propiedad intelectual/industrial,22
2021,Galicia,5.8.-blanqueo de capitales,4
2021,Galicia,5.9.-otros contra el patrimonio,828
2021,Galicia,6. seguridad colectiva,4235
2021,Galicia,6.1.-trafico de drogas,448
2021,Galicia,6.2.-contra la seguridad vial,3679
2021,Galicia,6.3.-otros contra la seguridad colectiva,108
2021,Galicia,7. falsedades,809
2021,Galicia,8. admon. publica,10
2021,Galicia,9. admon. justicia,1463
2021,Galicia,total infracciones penales,33671
2021,Illes Balears,1. contra las personas,6632
2021,Illes Balears,1.1.-homicidios dolosos/asesinatos,38
2021,Illes Balears,1.1.1.-homicidios dolosos/asesinatos consumados,6
2021,Illes Balears,1.2.-lesiones,2339
2021,Illes Balears,1.3.-malos tratos ambito familiar,4122
2021,Illes Balears,1.4.-otros contra las personas,133
2021,Illes Balears,10. orden publico,713
2021,Illes Balears,11. legislacion especial,0
2021,Illes Balears,12. otras infracciones penales,185
2021,Illes Balears,2. contra la libertad,4068
2021,Illes Balears,2.1.-malos tratos habituales en el ambito familiar,684
2021,Illes Balears,2.2.-otros contra la libertad,3384
2021,Illes Balears,3. libertad sexual,557
2021,Illes Balears,3.1.-agresion sexual,385
2021,Illes Balears,3.2.-agresion sexual con penetracion,93
2021,Illes Balears,3.3.-corrupcion de menores o incapacitados,15
2021,Illes Balears,3.4.-pornografia de menores,11
2021,Illes Balears,3.5.-otros contra la libertad sexual,53
2021,Illes Balears,4. relaciones familiares,232
2021,Illes Balears,5. patrimonio,7969
2021,Illes Balears,5.1.-hurtos,2729
2021,Illes Balears,5.2.-robos con fuerza en las cosas,1171
2021,Illes Balears,5.2.1.-robos con fuerza en las cosas en el interior de vehiculos,247
2021,Illes Balears,5.2.2.-robos con fuerza en viviendas,413
2021,Illes Balears,5.2.3.-robos con fuerza en establecimientos,306
2021,Illes Balears,5.3.-robos con violencia o intimidacion,374
2021,Illes Balears,5.3.1.-robos con violencia en via publica,205
2021,Illes Balears,5.3.2.-robos con violencia en viviendas,53
2021,Illes Balears,5.3.3.-robos con violencia en establecimientos,82
2021,Illes Balears,5.4.-sustraccion de vehiculos,291
2021,Illes Balears,5.5.-estafas,1535
2021,Illes Balears,5.5.1.-estafas informaticas,750
2021,Illes Balears,5.6.-danos,973
2021,Illes Balears,5.7.-contra la propiedad intelectual/industrial,61
2021,Illes Balears,5.8.-blanqueo de capitales,2
2021,Illes Balears,5.9.-otros contra el patrimonio,833
2021,Illes Balears,6. seguridad colectiva,1873
2021,Illes Balears,6.1.-trafico de drogas,349
2021,Illes Balears,6.2.-contra la seguridad vial,1475
2021,Illes Balears,6.3.-otros contra la seguridad colectiva,49
2021,Illes Balears,7. falsedades,406
2021,Illes Balears,8. admon. publica,6
2021,Illes Balears,9. admon. justicia,1352
2021,Illes Balears,total infracciones penales,23993
2021,La Rioja,1. contra las personas,1064
2021,La Rioja,1.1.-homicidios dolosos/asesinatos,9
2021,La Rioja,1.1.1.-homicidios dolosos/asesinatos consumados,5
2021,La Rioja,1.2.-lesiones,556
2021,La Rioja,1.3.-malos tratos ambito familiar,483
2021,La Rioja,1.4.-otros contra las personas,16
2021,La Rioja,10. orden publico,176
2021,La Rioja,11. legislacion especial,0
2021,La Rioja,12. otras infracciones penales,43
2021,La Rioja,2. contra la libertad,577
2021,La Rioja,2.1.-malos tratos habituales en el ambito familiar,91
2021,La Rioja,2.2.-otros contra la libertad,486
2021,La Rioja,3. libertad sexual,91
2021,La Rioja,3.1.-agresion sexual,63
2021,La Rioja,3.2.-agresion sexual con penetracion,12
2021,La Rioja,3.3.-corrupcion de menores o incapacitados,2
2021,La Rioja,3.4.-pornografia de menores,3
2021,La Rioja,3.5.-otros contra la libertad sexual,11
2021,La Rioja,4. relaciones familiares,20
2021,La Rioja,5. patrimonio,1321
2021,La Rioja,5.1.-hurtos,487
2021,La Rioja,5.2.-robos con fuerza en las cosas,150
2021,La Rioja,5.2.1.-robos con fuerza en las cosas en el interior de vehiculos,31
2021,La Rioja,5.2.2.-robos con fuerza en viviendas,57
2021,La Rioja,5.2.3.-robos con fuerza en establecimientos,35
2021,La Rioja,5.3.-robos con violencia o intimidacion,60
2021,La Rioja,5.3.1.-robos con violencia en via publica,26
2021,La Rioja,5.3.2.-robos con violencia en viviendas,5
2021,La Rioja,5.3.3.-robos con violencia en establecimientos,21
2021,La Rioja,5.4.-sustraccion de vehiculos,26
2021,La Rioja,5.5.-estafas,306
2021,La Rioja,5.5.1.-estafas informaticas,231
2021,La Rioja,5.6.-danos,180
2021,La Rioja,5.7.-contra la propiedad intelectual/industrial,0
2021,La Rioja,5.8.-blanqueo de capitales,0
2021,La Rioja,5.9.-otros contra el patrimonio,112
2021,La Rioja,6. seguridad colectiva,397
2021,La Rioja,6.1.-trafico de drogas,74
2021,La Rioja,6.2.-contra la seguridad vial,309
2021,La Rioja,6.3.-otros contra la seguridad colectiva,14
2021,La Rioja,7. falsedades,135
2021,La Rioja,8. admon. publica,4
2021,La Rioja,9. admon. justicia,226
2021,La Rioja,total infracciones penales,4054
2021,Melilla,1. contra las personas,799
2021,Melilla,1.1.-homicidios dolosos/asesinatos,4
2021,Melilla,1.1.1.-homicidios dolosos/asesinatos consumados,0
2021,Melilla,1.2.-lesiones,451
2021,Melilla,1.3.-malos tratos ambito familiar,323
2021,Melilla,1.4.-otros contra las personas,21
2021,Melilla,10. orden publico,129
2021,Melilla,11. legislacion especial,2
2021,Melilla,12. otras infracciones penales,38
2021,Melilla,2. contra la libertad,346
2021,Melilla,2.1.-malos tratos habituales en el ambito familiar,5
2021,Melilla,2.2.-otros contra la libertad,341
2021,Melilla,3. libertad sexual,32
2021,Melilla,3.1.-agresion sexual,23
2021,Melilla,3.2.-agresion sexual con penetracion,5
2021,Melilla,3.3.-corrupcion de menores o incapacitados,1
2021,Melilla,3.4.-pornografia de menores,1
2021,Melilla,3.5.-otros contra la libertad sexual,2
2021,Melilla,4. relaciones familiares,22
2021,Melilla,5. patrimonio,698
2021,Melilla,5.1.-hurtos,236
2021,Melilla,5.2.-robos con fuerza en las cosas,65
2021,Melilla,5.2.1.-robos con fuerza en las cosas en el interior de vehiculos,24
2021,Melilla,5.2.2.-robos con fuerza en viviendas,23
2021,Melilla,5.2.3.-robos con fuerza en establecimientos,9
2021,Melilla,5.3.-robos con violencia o intimidacion,130
2021,Melilla,5.3.1.-robos con violencia en via publica,86
2021,Melilla,5.3.2.-robos con violencia en viviendas,2
2021,Melilla,5.3.3.-robos con violencia en establecimientos,13
2021,Melilla,5.4.-sustraccion de vehiculos,12
2021,Melilla,5.5.-estafas,92
2021,Melilla,5.5.1.-estafas informaticas,54
2021,Melilla,5.6.-danos,123
2021,Melilla,5.7.-contra la propiedad intelectual/industrial,1
2021,Melilla,5.8.-blanqueo de capitales,1
2021,Melilla,5.9.-otros contra el patrimonio,38
2021,Melilla,6. seguridad colectiva,312
2021,Melilla,6.1.-trafico de drogas,151
2021,Melilla,6.2.-contra la seguridad vial,155
2021,Melilla,6.3.-otros contra la seguridad colectiva,6
2021,Melilla,7. falsedades,36
2021,Melilla,8. admon. publica,0
2021,Melilla,9. admon. justicia,78
2021,Melilla,total infracciones penales,2492
2021,País Vasco,1. contra las personas,21
2021,País Vasco,1.1.-homicidios dolosos/asesinatos,0
2021,País Vasco,1.1.1.-homicidios dolosos/asesinatos consumados,0
2021,País Vasco,1.2.-lesiones,6
2021,País Vasco,1.3.-malos tratos ambito familiar,15
2021,País Vasco,1.4.-otros contra las personas,0
2021,País Vasco,10. orden publico,38
2021,País Vasco,11. legislacion especial,2
2021,País Vasco,12. otras infracciones penales,39
2021,País Vasco,2. contra la libertad,41
2021,País Vasco,2.1.-malos tratos habituales en el ambito familiar,9
2021,País Vasco,2.2.-otros contra la libertad,32
2021,País Vasco,3. libertad sexual,27
2021,País Vasco,3.1.-agresion sexual,5
2021,País Vasco,3.2.-agresion sexual con penetracion,2
2021,País Vasco,3.3.-corrupcion de menores o incapacitados,2
2021,País Vasco,3.4.-pornografia de menores,18
2021,País Vasco,3.5.-otros contra la libertad sexual,0
2021,País Vasco,4. relaciones familiares,3
2021,País Vasco,5. patrimonio,504
2021,País Vasco,5.1.-hurtos,8
2021,País Vasco,5.2.-robos con fuerza en las cosas,4
2021,País Vasco,5.2.1.-robos con fuerza en las cosas en el interior de vehiculos,2
2021,País Vasco,5.2.2.-robos con fuerza en viviendas,0
2021,País Vasco,5.2.3.-robos con fuerza en establecimientos,1
2021,País Vasco,5.3.-robos con violencia o intimidacion,1
2021,País Vasco,5.3.1.-robos con violencia en via publica,1
2021,País Vasco,5.3.2.-robos con violencia en viviendas,0
2021,País Vasco,5.3.3.-robos con violencia en establecimientos,0
2021,País Vasco,5.4.-sustraccion de vehiculos,45
2021,País Vasco,5.5.-estafas,394
2021,País Vasco,5.5.1.-estafas informaticas,322
2021,País Vasco,5.6.-danos,8
2021,País Vasco,5.7.-contra la propiedad intelectual/industrial,7
2021,País Vasco,5.8.-blanqueo de capitales,4
2021,País Vasco,5.9.-otros contra el patrimonio,33
2021,País Vasco,6. seguridad colectiva,71
2021,País Vasco,6.1.-trafico de drogas,58
2021,País Vasco,6.2.-contra la seguridad vial,7
2021,País Vasco,6.3.-otros contra la seguridad colectiva,6
2021,País Vasco,7. falsedades,162
2021,País Vasco,8. admon. publica,1
2021,País Vasco,9. admon. justicia,32
2021,País Vasco,total infracciones penales,941
2021,Principado de Asturias,1. contra las personas,3060
2021,Principado de Asturias,1.1.-homicidios dolosos/asesinatos,9
2021,Principado de Asturias,1.1.1.-homicidios dolosos/asesinatos consumados,1
2021,Principado de Asturias,1.2.-lesiones,1587
2021,Principado de Asturias,1.3.-malos tratos ambito familiar,1406
2021,Principado de Asturias,1.4.-otros contra las personas,58
2021,Principado de Asturias,10. orden publico,479
2021,Principado de Asturias,11. legislacion especial,1
2021,Principado de Asturias,12. otras infracciones penales,178
2021,Principado de Asturias,2. contra la libertad,1641
2021,Principado de Asturias,2.1.-malos tratos habituales en el ambito familiar,88
2021,Principado de Asturias,2.2.-otros contra la libertad,1553
2021,Principado de Asturias,3. libertad sexual,238
2021,Principado de Asturias,3.1.-agresion sexual,123
2021,Principado de Asturias,3.2.-agresion sexual con penetracion,63
2021,Principado de Asturias,3.3.-corrupcion de menores o incapacitados,7
2021,Principado de Asturias,3.4.-pornografia de menores,17
2021,Principado de Asturias,3.5.-otros contra la libertad sexual,28
2021,Principado de Asturias,4. relaciones familiares,88
2021,Principado de Asturias,5. patrimonio,4908
2021,Principado de Asturias,5.1.-hurtos,1600
2021,Principado de Asturias,5.2.-robos con fuerza en las cosas,565
2021,Principado de Asturias,5.2.1.-robos con fuerza en las cosas en el interior de vehiculos,92
2021,Principado de Asturias,5.2.2.-robos con fuerza en viviendas,181
2021,Principado de Asturias,5.2.3.-robos con fuerza en establecimientos,170
2021,Principado de Asturias,5.3.-robos con violencia o intimidacion,203
2021,Principado de Asturias,5.3.1.-robos con violencia en via publica,94
2021,Principado de Asturias,5.3.2.-robos con violencia en viviendas,24
2021,Principado de Asturias,5.3.3.-robos con violencia en establecimientos,58
2021,Principado de Asturias,5.4.-sustraccion de vehiculos,112
2021,Principado de Asturias,5.5.-estafas,1378
2021,Principado de Asturias,5.5.1.-estafas informaticas,934
2021,Principado de Asturias,5.6.-danos,680
2021,Principado de Asturias,5.7.-contra la propiedad intelectual/industrial,6
2021,Principado de Asturias,5.8.-blanqueo de capitales,1
2021,Principado de Asturias,5.9.-otros contra el patrimonio,363
2021,Principado de Asturias,6. seguridad colectiva,1062
2021,Principado de Asturias,6.1.-trafico de drogas,164
2021,Principado de Asturias,6.2.-contra la seguridad vial,833
2021,Principado de Asturias,6.3.-otros contra la seguridad colectiva,65
2021,Principado de Asturias,7. falsedades,196
2021,Principado de Asturias,8. admon. publica,6
2021,Principado de Asturias,9. admon. justicia,569
2021,Principado de Asturias,total infracciones penales,12426
2021,Región de Murcia,1. contra las personas,5995
2021,Región de Murcia,1.1.-homicidios dolosos/asesinatos,54
2021,Región de Murcia,1.1.1.-homicidios dolosos/asesinatos consumados,11
2021,Región de Murcia,1.2.-lesiones,2813
2021,Región de Murcia,1.3.-malos tratos ambito familiar,3056
2021,Región de Murcia,1.4.-otros contra las personas,72
2021,Región de Murcia,10. orden publico,806
2021,Región de Murcia,11. legislacion especial,10
2021,Región de Murcia,12. otras infracciones penales,484
2021,Región de Murcia,2. contra la libertad,3568
2021,Región de Murcia,2.1.-malos tratos habituales en el ambito familiar,357
2021,Región de Murcia,2.2.-otros contra la libertad,3211
2021,Región de Murcia,3. libertad sexual,545
2021,Región de Murcia,3.1.-agresion sexual,359
2021,Región de Murcia,3.2.-agresion sexual con penetracion,100
2021,Región de Murcia,3.3.-corrupcion de menores o incapacitados,11
2021,Región de Murcia,3.4.-pornografia de menores,20
2021,Región de Murcia,3.5.-otros contra la libertad sexual,55
2021,Región de Murcia,4. relaciones familiares,621
2021,Región de Murcia,5. patrimonio,8778
2021,Región de Murcia,5.1.-hurtos,2431
2021,Región de Murcia,5.2.-robos con fuerza en las cosas,1530
2021,Región de Murcia,5.2.1.-robos con fuerza en las cosas en el interior de vehiculos,439
2021,Región de Murcia,5.2.2.-robos con fuerza en viviendas,564
2021,Región de Murcia,5.2.3.-robos con fuerza en establecimientos,284
2021,Región de Murcia,5.3.-robos con violencia o intimidacion,586
2021,Región de Murcia,5.3.1.-robos con violencia en via publica,317
2021,Región de Murcia,5.3.2.-robos con violencia en viviendas,51
2021,Región de Murcia,5.3.3.-robos con violencia en establecimientos,140
2021,Región de Murcia,5.4.-sustraccion de vehiculos,224
2021,Región de Murcia,5.5.-estafas,1996
2021,Región de Murcia,5.5.1.-estafas informaticas,1094
2021,Región de Murcia,5.6.-danos,957
2021,Región de Murcia,5.7.-contra la propiedad intelectual/industrial,42
2021,Región de Murcia,5.8.-blanqueo de capitales,16
2021,Región de Murcia,5.9.-otros contra el patrimonio,996
2021,Región de Murcia,6. seguridad colectiva,1437
2021,Región de Murcia,6.1.-trafico de drogas,473
2021,Región de Murcia,6.2.-contra la seguridad vial,923
2021,Región de Murcia,6.3.-otros contra la seguridad colectiva,41
2021,Región de Murcia,7. falsedades,651
2021,Región de Murcia,8. admon. publica,26
2021,Región de Murcia,9. admon. justicia,1257
2021,Región de Murcia,total infracciones penales,24178
2022,Andalucía,1. contra las personas,38080
2022,Andalucía,1.1.-homicidios dolosos/asesinatos,329
2022,Andalucía,1.1.1.-homicidios dolosos/asesinatos consumados,74
2022,Andalucía,1.2.-lesiones,18851
2022,Andalucía,1.3.-malos tratos ambito familiar,18153
2022,Andalucía,1.4.-otros contra las personas,747
2022,Andalucía,10. orden publico,4964
2022,Andalucía,11. legislacion especial,184
2022,Andalucía,12. otras infracciones penales,1829
2022,Andalucía,2. contra la libertad,22674
2022,Andalucía,2.1.-malos tratos habituales en el ambito familiar,2850
2022,Andalucía,2.2.-otros contra la libertad,19824
2022,Andalucía,3. libertad sexual,2457
2022,Andalucía,3.1.-agresion sexual,1589
2022,Andalucía,3.2.-agresion sexual con penetracion,439
2022,Andalucía,3.3.-corrupcion de menores o incapacitados,51
2022,Andalucía,3.4.-pornografia de menores,82
2022,Andalucía,3.5.-otros contra la libertad sexual,296
2022,Andalucía,4. relaciones familiares,1488
2022,Andalucía,5. patrimonio,56923
2022,Andalucía,5.1.-hurtos,18910
2022,Andalucía,5.2.-robos con fuerza en las cosas,7755
2022,Andalucía,5.2.1.-robos con fuerza en las cosas en el interior de vehiculos,2033
2022,Andalucía,5.2.2.-robos con fuerza en viviendas,2518
2022,Andalucía,5.2.3.-robos con fuerza en establecimientos,1731
2022,Andalucía,5.3.-robos con violencia o intimidacion,3169
2022,Andalucía,5.3.1.-robos con violencia en via publica,1849
2022,Andalucía,5.3.2.-robos con violencia en viviendas,323
2022,Andalucía,5.3.3.-robos con violencia en establecimientos,703
2022,Andalucía,5.4.-sustraccion de vehiculos,1678
2022,Andalucía,5.5.-estafas,12370
2022,Andalucía,5.5.1.-estafas informaticas,7213
2022,Andalucía,5.6.-danos,6038
2022,Andalucía,5.7.-contra la propiedad intelectual/industrial,162
2022,Andalucía,5.8.-blanqueo de capitales,95
2022,Andalucía,5.9.-otros contra el patrimonio,6746
2022,Andalucía,6. seguridad colectiva,15101
2022,Andalucía,6.1.-trafico de drogas,4087
2022,Andalucía,6.2.-contra la seguridad vial,10654
2022,Andalucía,6.3.-otros contra la seguridad colectiva,360
2022,Andalucía,7. falsedades,2799
2022,Andalucía,8. admon. publica,68
2022,Andalucía,9. admon. justicia,7544
2022,Andalucía,total infracciones penales,154111
2022,Aragón,1. contra las personas,5087
2022,Aragón,1.1.-homicidios dolosos/asesinatos,37
2022,Aragón,1.1.1.-homicidios dolosos/asesinatos consumados,10
2022,Aragón,1.2.-lesiones,2335
2022,Aragón,1.3.-malos tratos ambito familiar,2628
2022,Aragón,1.4.-otros contra las personas,87
2022,Aragón,10. orden publico,862
2022,Aragón,11. legislacion especial,3
2022,Aragón,12. otras infracciones penales,167
2022,Aragón,2. contra la libertad,2179
2022,Aragón,2.1.-malos tratos habituales en el ambito familiar,278
2022,Aragón,2.2.-otros contra la libertad,1901
2022,Aragón,3. libertad sexual,369
2022,Aragón,3.1.-agresion sexual,215
2022,Aragón,3.2.-agresion sexual con penetracion,82
2022,Aragón,3.3.-corrupcion de menores o incapacitados,10
2022,Aragón,3.4.-pornografia de menores,16
2022,Aragón,3.5.-otros contra la libertad sexual,46
2022,Aragón,4. relaciones familiares,182
2022,Aragón,5. patrimonio,7171
2022,Aragón,5.1.-hurtos,2564
2022,Aragón,5.2.-robos con fuerza en las cosas,900
2022,Aragón,5.2.1.-robos con fuerza en las cosas en el interior de vehiculos,125
2022,Aragón,5.2.2.-robos con fuerza en viviendas,240
2022,Aragón,5.2.3.-robos con fuerza en establecimientos,305
2022,Aragón,5.3.-robos con violencia o intimidacion,569
2022,Aragón,5.3.1.-robos con violencia en via publica,354
2022,Aragón,5.3.2.-robos con violencia en viviendas,30
2022,Aragón,5.3.3.-robos con violencia en establecimientos,156
2022,Aragón,5.4.-sustraccion de vehiculos,97
2022,Aragón,5.5.-estafas,1619
2022,Aragón,5.5.1.-estafas informaticas,944
2022,Aragón,5.6.-danos,871
2022,Aragón,5.7.-contra la propiedad intelectual/industrial,17
2022,Aragón,5.8.-blanqueo de capitales,11
2022,Aragón,5.9.-otros contra el patrimonio,523
2022,Aragón,6. seguridad colectiva,1629
2022,Aragón,6.1.-trafico de drogas,411
2022,Aragón,6.2.-contra la seguridad vial,1183
2022,Aragón,6.3.-otros contra la seguridad colectiva,35
2022,Aragón,7. falsedades,324
2022,Aragón,8. admon. publica,12
2022,Aragón,9. admon. justicia,861
2022,Aragón,total infracciones penales,18846
2022,Canarias,1. contra las personas,12580
2022,Canarias,1.1.-homicidios dolosos/asesinatos,55
2022,Canarias,1.1.1.-homicidios dolosos/asesinatos consumados,13
2022,Canarias,1.2.-lesiones,6023
2022,Canarias,1.3.-malos tratos ambito familiar,6103
2022,Canarias,1.4.-otros contra las personas,399
2022,Canarias,10. orden publico,913
2022,Canarias,11. legislacion especial,1
2022,Canarias,12. otras infracciones penales,535
2022,Canarias,2. contra la libertad,8568
2022,Canarias,2.1.-malos tratos habituales en el ambito familiar,846
2022,Canarias,2.2.-otros contra la libertad,7722
2022,Canarias,3. libertad sexual,933
2022,Canarias,3.1.-agresion sexual,628
2022,Canarias,3.2.-agresion sexual con penetracion,190
2022,Canarias,3.3.-corrupcion de menores o incapacitados,13
2022,Canarias,3.4.-pornografia de menores,22
2022,Canarias,3.5.-otros contra la libertad sexual,80
2022,Canarias,4. relaciones familiares,597
2022,Canarias,5. patrimonio,16244
2022,Canarias,5.1.-hurtos,5899
2022,Canarias,5.2.-robos con fuerza en las cosas,1883
2022,Canarias,5.2.1.-robos con fuerza en las cosas en el interior de vehiculos,447
2022,Canarias,5.2.2.-robos con fuerza en viviendas,608
2022,Canarias,5.2.3.-robos con fuerza en establecimientos,406
2022,Canarias,5.3.-robos con violencia o intimidacion,824
2022,Canarias,5.3.1.-robos con violencia en via publica,415
2022,Canarias,5.3.2.-robos con violencia en viviendas,84
2022,Canarias,5.3.3.-robos con violencia en establecimientos,214
2022,Canarias,5.4.-sustraccion de vehiculos,467
2022,Canarias,5.5.-estafas,3489
2022,Canarias,5.5.1.-estafas informaticas,1922
2022,Canarias,5.6.-danos,2390
2022,Canarias,5.7.-contra la propiedad intelectual/industrial,84
2022,Canarias,5.8.-blanqueo de capitales,9
2022,Canarias,5.9.-otros contra el patrimonio,1199
2022,Canarias,6. seguridad colectiva,3401
2022,Canarias,6.1.-trafico de drogas,669
2022,Canarias,6.2.-contra la seguridad vial,2645
2022,Canarias,6.3.-otros contra la seguridad colectiva,87
2022,Canarias,7. falsedades,552
2022,Canarias,8. admon. publica,19
2022,Canarias,9. admon. justicia,1976
2022,Canarias,total infracciones penales,46319
2022,Cantabria,1. contra las personas,2188
2022,Cantabria,1.1.-homicidios dolosos/asesinatos,12
2022,Cantabria,1.1.1.-homicidios dolosos/asesinatos consumados,1
2022,Cantabria,1.2.-lesiones,1231
2022,Cantabria,1.3.-malos tratos ambito familiar,864
2022,Cantabria,1.4.-otros contra las personas,81
2022,Cantabria,10. orden publico,354
2022,Cantabria,11. legislacion especial,1
2022,Cantabria,12. otras infracciones penales,102
2022,Cantabria,2. contra la libertad,1383
2022,Cantabria,2.1.-malos tratos habituales en el ambito familiar,168
2022,Cantabria,2.2.-otros contra la libertad,1215
2022,Cantabria,3. libertad sexual,147
2022,Cantabria,3.1.-agresion sexual,82
2022,Cantabria,3.2.-agresion sexual con penetracion,40
2022,Cantabria,3.3.-corrupcion de menores o incapacitados,3
2022,Cantabria,3.4.-pornografia de menores,7
2022,Cantabria,3.5.-otros contra la libertad sexual,15
2022,Cantabria,4. relaciones familiares,51
2022,Cantabria,5. patrimonio,3714
2022,Cantabria,5.1.-hurtos,1438
2022,Cantabria,5.2.-robos con fuerza en las cosas,391
2022,Cantabria,5.2.1.-robos con fuerza en las cosas en el interior de vehiculos,92
2022,Cantabria,5.2.2.-robos con fuerza en viviendas,105
2022,Cantabria,5.2.3.-robos con fuerza en establecimientos,121
2022,Cantabria,5.3.-robos con violencia o intimidacion,121
2022,Cantabria,5.3.1.-robos con violencia en via publica,44
2022,Cantabria,5.3.2.-robos con violencia en viviendas,13
2022,Cantabria,5.3.3.-robos con violencia en establecimientos,51
2022,Cantabria,5.4.-sustraccion de vehiculos,37
2022,Cantabria,5.5.-estafas,959
2022,Cantabria,5.5.1.-estafas informaticas,540
2022,Cantabria,5.6.-danos,504
2022,Cantabria,5.7.-contra la propiedad intelectual/industrial,22
2022,Cantabria,5.8.-blanqueo de capitales,2
2022,Cantabria,5.9.-otros contra el patrimonio,240
2022,Cantabria,6. seguridad colectiva,870
2022,Cantabria,6.1.-trafico de drogas,81
2022,Cantabria,6.2.-contra la seguridad vial,755
2022,Cantabria,6.3.-otros contra la seguridad colectiva,34
2022,Cantabria,7. falsedades,113
2022,Cantabria,8. admon. publica,1
2022,Cantabria,9. admon. justicia,380
2022,Cantabria,total infracciones penales,9304
2022,Castilla y León,1. contra las personas,7688
2022,Castilla y León,1.1.-homicidios dolosos/asesinatos,55
2022,Castilla y León,1.1.1.-homicidios dolosos/asesinatos consumados,17
2022,Castilla y León,1.2.-lesiones,4347
2022,Castilla y León,1.3.-malos tratos ambito familiar,3070
2022,Castilla y León,1.4.-otros contra las personas,216
2022,Castilla y León,10. orden publico,989
2022,Castilla y León,11. legislacion especial,2
2022,Castilla y León,12. otras infracciones penales,459
2022,Castilla y León,2. contra la libertad,4861
2022,Castilla y León,2.1.-malos tratos habituales en el ambito familiar,593
2022,Castilla y León,2.2.-otros contra la libertad,4268
2022,Castilla y León,3. libertad sexual,536
2022,Castilla y León,3.1.-agresion sexual,320
2022,Castilla y León,3.2.-agresion sexual con penetracion,100
2022,Castilla y León,3.3.-corrupcion de menores o incapacitados,17
2022,Castilla y León,3.4.-pornografia de menores,36
2022,Castilla y León,3.5.-otros contra la libertad sexual,63
2022,Castilla y León,4. relaciones familiares,161
2022,Castilla y León,5. patrimonio,13998
2022,Castilla y León,5.1.-hurtos,4807
2022,Castilla y León,5.2.-robos con fuerza en las cosas,1439
2022,Castilla y León,5.2.1.-robos con fuerza en las cosas en el interior de vehiculos,204
2022,Castilla y León,5.2.2.-robos con fuerza en viviendas,407
2022,Castilla y León,5.2.3.-robos con fuerza en establecimientos,413
2022,Castilla y León,5.3.-robos con violencia o intimidacion,435
2022,Castilla y León,5.3.1.-robos con violencia en via publica,195
2022,Castilla y León,5.3.2.-robos con violencia en viviendas,50
2022,Castilla y León,5.3.3.-robos con violencia en establecimientos,145
2022,Castilla y León,5.4.-sustraccion de vehiculos,236
2022,Castilla y León,5.5.-estafas,4372
2022,Castilla y León,5.5.1.-estafas informaticas,2833
2022,Castilla y León,5.6.-danos,1734
2022,Castilla y León,5.7.-contra la propiedad intelectual/industrial,41
2022,Castilla y León,5.8.-blanqueo de capitales,9
2022,Castilla y León,5.9.-otros contra el patrimonio,925
2022,Castilla y León,6. seguridad colectiva,2937
2022,Castilla y León,6.1.-trafico de drogas,447
2022,Castilla y León,6.2.-contra la seguridad vial,2399
2022,Castilla y León,6.3.-otros contra la seguridad colectiva,91
2022,Castilla y León,7. falsedades,693
2022,Castilla y León,8. admon. publica,9
2022,Castilla y León,9. admon. justicia,1526
2022,Castilla y León,total infracciones penales,33859
2022,Castilla-La Mancha,1. contra las personas,7596
2022,Castilla-La Mancha,1.1.-homicidios dolosos/asesinatos,64
2022,Castilla-La Mancha,1.1.1.-homicidios dolosos/asesinatos consumados,17
2022,Castilla-La Mancha,1.2.-lesiones,3921
2022,Castilla-La Mancha,1.3.-malos tratos ambito familiar,3459
2022,Castilla-La Mancha,1.4.-otros contra las personas,152
2022,Castilla-La Mancha,10. orden publico,973
2022,Castilla-La Mancha,11. legislacion especial,11
2022,Castilla-La Mancha,12. otras infracciones penales,405
2022,Castilla-La Mancha,2. contra la libertad,4774
2022,Castilla-La Mancha,2.1.-malos tratos habituales en el ambito familiar,806
2022,Castilla-La Mancha,2.2.-otros contra la libertad,3968
2022,Castilla-La Mancha,3. libertad sexual,528
2022,Castilla-La Mancha,3.1.-agresion sexual,347
2022,Castilla-La Mancha,3.2.-agresion sexual con penetracion,104
2022,Castilla-La Mancha,3.3.-corrupcion de menores o incapacitados,9
2022,Castilla-La Mancha,3.4.-pornografia de menores,9
2022,Castilla-La Mancha,3.5.-otros contra la libertad sexual,59
2022,Castilla-La Mancha,4. relaciones familiares,386
2022,Castilla-La Mancha,5. patrimonio,12281
2022,Castilla-La Mancha,5.1.-hurtos,3234
2022,Castilla-La Mancha,5.2.-robos con fuerza en las cosas,1868
2022,Castilla-La Mancha,5.2.1.-robos con fuerza en las cosas en el interior de vehiculos,379
2022,Castilla-La Mancha,5.2.2.-robos con fuerza en viviendas,572
2022,Castilla-La Mancha,5.2.3.-robos con fuerza en establecimientos,414
2022,Castilla-La Mancha,5.3.-robos con violencia o intimidacion,469
2022,Castilla-La Mancha,5.3.1.-robos con violencia en via publica,242
2022,Castilla-La Mancha,5.3.2.-robos con violencia en viviendas,52
2022,Castilla-La Mancha,5.3.3.-robos con violencia en establecimientos,124
2022,Castilla-La Mancha,5.4.-sustraccion de vehiculos,263
2022,Castilla-La Mancha,5.5.-estafas,3378
2022,Castilla-La Mancha,5.5.1.-estafas informaticas,2142
2022,Castilla-La Mancha,5.6.-danos,1529
2022,Castilla-La Mancha,5.7.-contra la propiedad intelectual/industrial,14
2022,Castilla-La Mancha,5.8.-blanqueo de capitales,28
2022,Castilla-La Mancha,5.9.-otros contra el patrimonio,1498
2022,Castilla-La Mancha,6. seguridad colectiva,3304
2022,Castilla-La Mancha,6.1.-trafico de drogas,546
2022,Castilla-La Mancha,6.2.-contra la seguridad vial,2663
2022,Castilla-La Mancha,6.3.-otros contra la seguridad colectiva,95
2022,Castilla-La Mancha,7. falsedades,719
2022,Castilla-La Mancha,8. admon. publica,7
2022,Castilla-La Mancha,9. admon. justicia,1661
2022,Castilla-La Mancha,total infracciones penales,32645
2022,Cataluña,1. contra las personas,19442
2022,Cataluña,1.1.-homicidios dolosos/asesinatos,232
2022,Cataluña,1.1.1.-homicidios dolosos/asesinatos consumados,62
2022,Cataluña,1.2.-lesiones,11384
2022,Cataluña,1.3.-malos tratos ambito familiar,7472
2022,Cataluña,1.4.-otros contra las personas,354
2022,Cataluña,10. orden publico,3885
2022,Cataluña,11. legislacion especial,13
2022,Cataluña,12. otras infracciones penales,518
2022,Cataluña,2. contra la libertad,17043
2022,Cataluña,2.1.-malos tratos habituales en el ambito familiar,1682
2022,Cataluña,2.2.-otros contra la libertad,15361
2022,Cataluña,3. libertad sexual,2712
2022,Cataluña,3.1.-agresion sexual,1496
2022,Cataluña,3.2.-agresion sexual con penetracion,962
2022,Cataluña,3.3.-corrupcion de menores o incapacitados,13
2022,Cataluña,3.4.-pornografia de menores,75
2022,Cataluña,3.5.-otros contra la libertad sexual,166
2022,Cataluña,4. relaciones familiares,1031
2022,Cataluña,5. patrimonio,52430
2022,Cataluña,5.1.-hurtos,19799
2022,Cataluña,5.2.-robos con fuerza en las cosas,4969
2022,Cataluña,5.2.1.-robos con fuerza en las cosas en el interior de vehiculos,1393
2022,Cataluña,5.2.2.-robos con fuerza en viviendas,1375
2022,Cataluña,5.2.3.-robos con fuerza en establecimientos,1094
2022,Cataluña,5.3.-robos con violencia o intimidacion,4606
2022,Cataluña,5.3.1.-robos con violencia en via publica,2964
2022,Cataluña,5.3.2.-robos con violencia en viviendas,281
2022,Cataluña,5.3.3.-robos con violencia en establecimientos,889
2022,Cataluña,5.4.-sustraccion de vehiculos,2530
2022,Cataluña,5.5.-estafas,6299
2022,Cataluña,5.5.1.-estafas informaticas,4453
2022,Cataluña,5.6.-danos,4219
2022,Cataluña,5.7.-contra la propiedad intelectual/industrial,203
2022,Cataluña,5.8.-blanqueo de capitales,35
2022,Cataluña,5.9.-otros contra el patrimonio,9770
2022,Cataluña,6. seguridad colectiva,10321
2022,Cataluña,6.1.-trafico de drogas,3181
2022,Cataluña,6.2.-contra la seguridad vial,7014
2022,Cataluña,6.3.-otros contra la seguridad colectiva,126
2022,Cataluña,7. falsedades,2403
2022,Cataluña,8. admon. publica,126
2022,Cataluña,9. admon. justicia,3909
2022,Cataluña,total infracciones penales,113833
2022,Ceuta,1. contra las personas,659
2022,Ceuta,1.1.-homicidios dolosos/asesinatos,31
2022,Ceuta,1.1.1.-homicidios dolosos/asesinatos consumados,3
2022,Ceuta,1.2.-lesiones,361
2022,Ceuta,1.3.-malos tratos ambito familiar,266
2022,Ceuta,1.4.-otros contra las personas,1
2022,Ceuta,10. orden publico,137
2022,Ceuta,11. legislacion especial,2
2022,Ceuta,12. otras infracciones penales,49
2022,Ceuta,2. contra la libertad,244
2022,Ceuta,2.1.-malos tratos habituales en el ambito familiar,12
2022,Ceuta,2.2.-otros contra la libertad,232
2022,Ceuta,3. libertad sexual,41
2022,Ceuta,3.1.-agresion sexual,33
2022,Ceuta,3.2.-agresion sexual con penetracion,5
2022,Ceuta,3.3.-corrupcion de menores o incapacitados,0
2022,Ceuta,3.4.-pornografia de menores,2
2022,Ceuta,3.5.-otros contra la libertad sexual,1
2022,Ceuta,4. relaciones familiares,28
2022,Ceuta,5. patrimonio,439
2022,Ceuta,5.1.-hurtos,131
2022,Ceuta,5.2.-robos con fuerza en las cosas,30
2022,Ceuta,5.2.1.-robos con fuerza en las cosas en el interior de vehiculos,5
2022,Ceuta,5.2.2.-robos con fuerza en viviendas,4
2022,Ceuta,5.2.3.-robos con fuerza en establecimientos,7
2022,Ceuta,5.3.-robos con violencia o intimidacion,70
2022,Ceuta,5.3.1.-robos con violencia en via publica,49
2022,Ceuta,5.3.2.-robos con violencia en viviendas,2
2022,Ceuta,5.3.3.-robos con violencia en establecimientos,4
2022,Ceuta,5.4.-sustraccion de vehiculos,13
2022,Ceuta,5.5.-estafas,66
2022,Ceuta,5.5.1.-estafas informaticas,45
2022,Ceuta,5.6.-danos,93
2022,Ceuta,5.7.-contra la propiedad intelectual/industrial,2
2022,Ceuta,5.8.-blanqueo de capitales,1
2022,Ceuta,5.9.-otros contra el patrimonio,33
2022,Ceuta,6. seguridad colectiva,237
2022,Ceuta,6.1.-trafico de drogas,80
2022,Ceuta,6.2.-contra la seguridad vial,153
2022,Ceuta,6.3.-otros contra la seguridad colectiva,4
2022,Ceuta,7. falsedades,37
2022,Ceuta,8. admon. publica,0
2022,Ceuta,9. admon. justicia,101
2022,Ceuta,total infracciones penales,1974
2022,Comunidad Foral de Navarra,1. contra las personas,2591
2022,Comunidad Foral de Navarra,1.1.-homicidios dolosos/asesinatos,29
2022,Comunidad Foral de Navarra,1.1.1.-homicidios dolosos/asesinatos consumados,3
2022,Comunidad Foral de Navarra,1.2.-lesiones,1376
2022,Comunidad Foral de Navarra,1.3.-malos tratos ambito familiar,1084
2022,Comunidad Foral de Navarra,1.4.-otros contra las personas,102
2022,Comunidad Foral de Navarra,10. orden publico,520
2022,Comunidad Foral de Navarra,11. legislacion especial,5
2022,Comunidad Foral de Navarra,12. otras infracciones penales,102
2022,Comunidad Foral de Navarra,2. contra la libertad,1667
2022,Comunidad Foral de Navarra,2.1.-malos tratos habituales en el ambito familiar,223
2022,Comunidad Foral de Navarra,2.2.-otros contra la libertad,1444
2022,Comunidad Foral de Navarra,3. libertad sexual,283
2022,Comunidad Foral de Navarra,3.1.-agresion sexual,179
2022,Comunidad Foral de Navarra,3.2.-agresion sexual con penetracion,71
2022,Comunidad Foral de Navarra,3.3.-corrupcion de menores o incapacitados,11
2022,Comunidad Foral de Navarra,3.4.-pornografia de menores,4
2022,Comunidad Foral de Navarra,3.5.-otros contra la libertad sexual,18
2022,Comunidad Foral de Navarra,4. relaciones familiares,83
2022,Comunidad Foral de Navarra,5. patrimonio,3399
2022,Comunidad Foral de Navarra,5.1.-hurtos,1199
2022,Comunidad Foral de Navarra,5.2.-robos con fuerza en las cosas,349
2022,Comunidad Foral de Navarra,5.2.1.-robos con fuerza en las cosas en el interior de vehiculos,51
2022,Comunidad Foral de Navarra,5.2.2.-robos con fuerza en viviendas,97
2022,Comunidad Foral de Navarra,5.2.3.-robos con fuerza en establecimientos,85
2022,Comunidad Foral de Navarra,5.3.-robos con violencia o intimidacion,177
2022,Comunidad Foral de Navarra,5.3.1.-robos con violencia en via publica,119
2022,Comunidad Foral de Navarra,5.3.2.-robos con violencia en viviendas,14
2022,Comunidad Foral de Navarra,5.3.3.-robos con violencia en establecimientos,30
2022,Comunidad Foral de Navarra,5.4.-sustraccion de vehiculos,38
2022,Comunidad Foral de Navarra,5.5.-estafas,742
2022,Comunidad Foral de Navarra,5.5.1.-estafas informaticas,420
2022,Comunidad Foral de Navarra,5.6.-danos,541
2022,Comunidad Foral de Navarra,5.7.-contra la propiedad intelectual/industrial,12
2022,Comunidad Foral de Navarra,5.8.-blanqueo de capitales,7
2022,Comunidad Foral de Navarra,5.9.-otros contra el patrimonio,334
2022,Comunidad Foral de Navarra,6. seguridad colectiva,1671
2022,Comunidad Foral de Navarra,6.1.-trafico de drogas,142
2022,Comunidad Foral de Navarra,6.2.-contra la seguridad vial,1498
2022,Comunidad Foral de Navarra,6.3.-otros contra la seguridad colectiva,31
2022,Comunidad Foral de Navarra,7. falsedades,168
2022,Comunidad Foral de Navarra,8. admon. publica,4
2022,Comunidad Foral de Navarra,9. admon. justicia,483
2022,Comunidad Foral de Navarra,total infracciones penales,10976
2022,Comunidad Valenciana,1. contra las personas,24535
2022,Comunidad Valenciana,1.1.-homicidios dolosos/asesinatos,170
2022,Comunidad Valenciana,1.1.1.-homicidios dolosos/asesinatos consumados,38
2022,Comunidad Valenciana,1.2.-lesiones,11103
2022,Comunidad Valenciana,1.3.-malos tratos ambito familiar,12854
2022,Comunidad Valenciana,1.4.-otros contra las personas,408
2022,Comunidad Valenciana,10. orden publico,3681
2022,Comunidad Valenciana,11. legislacion especial,23
2022,Comunidad Valenciana,12. otras infracciones penales,855
2022,Comunidad Valenciana,2. contra la libertad,12992
2022,Comunidad Valenciana,2.1.-malos tratos habituales en el ambito familiar,2444
2022,Comunidad Valenciana,2.2.-otros contra la libertad,10548
2022,Comunidad Valenciana,3. libertad sexual,2004
2022,Comunidad Valenciana,3.1.-agresion sexual,1254
2022,Comunidad Valenciana,3.2.-agresion sexual con penetracion,430
2022,Comunidad Valenciana,3.3.-corrupcion de menores o incapacitados,59
2022,Comunidad Valenciana,3.4.-pornografia de menores,65
2022,Comunidad Valenciana,3.5.-otros contra la libertad sexual,196
2022,Comunidad Valenciana,4. relaciones familiares,889
2022,Comunidad Valenciana,5. patrimonio,39897
2022,Comunidad Valenciana,5.1.-hurtos,14614
2022,Comunidad Valenciana,5.2.-robos con fuerza en las cosas,5284
2022,Comunidad Valenciana,5.2.1.-robos con fuerza en las cosas en el interior de vehiculos,1234
2022,Comunidad Valenciana,5.2.2.-robos con fuerza en viviendas,1916
2022,Comunidad Valenciana,5.2.3.-robos con fuerza en establecimientos,1038
2022,Comunidad Valenciana,5.3.-robos con violencia o intimidacion,2289
2022,Comunidad Valenciana,5.3.1.-robos con violencia en via publica,1197
2022,Comunidad Valenciana,5.3.2.-robos con violencia en viviendas,220
2022,Comunidad Valenciana,5.3.3.-robos con violencia en establecimientos,580
2022,Comunidad Valenciana,5.4.-sustraccion de vehiculos,1055
2022,Comunidad Valenciana,5.5.-estafas,8056
2022,Comunidad Valenciana,5.5.1.-estafas informaticas,4268
2022,Comunidad Valenciana,5.6.-danos,4399
2022,Comunidad Valenciana,5.7.-contra la propiedad intelectual/industrial,184
2022,Comunidad Valenciana,5.8.-blanqueo de capitales,58
2022,Comunidad Valenciana,5.9.-otros contra el patrimonio,3958
2022,Comunidad Valenciana,6. seguridad colectiva,8800
2022,Comunidad Valenciana,6.1.-trafico de drogas,1940
2022,Comunidad Valenciana,6.2.-contra la seguridad vial,6651
2022,Comunidad Valenciana,6.3.-otros contra la seguridad colectiva,209
2022,Comunidad Valenciana,7. falsedades,2338
2022,Comunidad Valenciana,8. admon. publica,35
2022,Comunidad Valenciana,9. admon. justicia,5617
2022,Comunidad Valenciana,total infracciones penales,101666
2022,Comunidad de Madrid,1. contra las personas,29207
2022,Comunidad de Madrid,1.1.-homicidios dolosos/asesinatos,180
2022,Comunidad de Madrid,1.1.1.-homicidios dolosos/asesinatos consumados,52
2022,Comunidad de Madrid,1.2.-lesiones,9766
2022,Comunidad de Madrid,1.3.-malos tratos ambito familiar,18761
2022,Comunidad de Madrid,1.4.-otros contra las personas,500
2022,Comunidad de Madrid,10. orden publico,5444
2022,Comunidad de Madrid,11. legislacion especial,9
2022,Comunidad de Madrid,12. otras infracciones penales,666
2022,Comunidad de Madrid,2. contra la libertad,12460
2022,Comunidad de Madrid,2.1.-malos tratos habituales en el ambito familiar,1189
2022,Comunidad de Madrid,2.2.-otros contra la libertad,11271
2022,Comunidad de Madrid,3. libertad sexual,2113
2022,Comunidad de Madrid,3.1.-agresion sexual,1243
2022,Comunidad de Madrid,3.2.-agresion sexual con penetracion,522
2022,Comunidad de Madrid,3.3.-corrupcion de menores o incapacitados,33
2022,Comunidad de Madrid,3.4.-pornografia de menores,73
2022,Comunidad de Madrid,3.5.-otros contra la libertad sexual,242
2022,Comunidad de Madrid,4. relaciones familiares,759
2022,Comunidad de Madrid,5. patrimonio,49712
2022,Comunidad de Madrid,5.1.-hurtos,23288
2022,Comunidad de Madrid,5.2.-robos con fuerza en las cosas,4379
2022,Comunidad de Madrid,5.2.1.-robos con fuerza en las cosas en el interior de vehiculos,1500
2022,Comunidad de Madrid,5.2.2.-robos con fuerza en viviendas,1031
2022,Comunidad de Madrid,5.2.3.-robos con fuerza en establecimientos,1008
2022,Comunidad de Madrid,5.3.-robos con violencia o intimidacion,3918
2022,Comunidad de Madrid,5.3.1.-robos con violencia en via publica,2253
2022,Comunidad de Madrid,5.3.2.-robos con violencia en viviendas,179
2022,Comunidad de Madrid,5.3.3.-robos con violencia en establecimientos,980
2022,Comunidad de Madrid,5.4.-sustraccion de vehiculos,1611
2022,Comunidad de Madrid,5.5.-estafas,9240
2022,Comunidad de Madrid,5.5.1.-estafas informaticas,4987
2022,Comunidad de Madrid,5.6.-danos,3450
2022,Comunidad de Madrid,5.7.-contra la propiedad intelectual/industrial,154
2022,Comunidad de Madrid,5.8.-blanqueo de capitales,63
2022,Comunidad de Madrid,5.9.-otros contra el patrimonio,3609
2022,Comunidad de Madrid,6. seguridad colectiva,8281
2022,Comunidad de Madrid,6.1.-trafico de drogas,2823
2022,Comunidad de Madrid,6.2.-contra la seguridad vial,5298
2022,Comunidad de Madrid,6.3.-otros contra la seguridad colectiva,160
2022,Comunidad de Madrid,7. falsedades,2826
2022,Comunidad de Madrid,8. admon. publica,35
2022,Comunidad de Madrid,9. admon. justicia,5284
2022,Comunidad de Madrid,total infracciones penales,116796
2022,Extremadura,1. contra las personas,3070
2022,Extremadura,1.1.-homicidios dolosos/asesinatos,10
2022,Extremadura,1.1.1.-homicidios dolosos/asesinatos consumados,3
2022,Extremadura,1.2.-lesiones,1738
2022,Extremadura,1.3.-malos tratos ambito familiar,1272
2022,Extremadura,1.4.-otros contra las personas,50
2022,Extremadura,10. orden publico,323
2022,Extremadura,11. legislacion especial,9
2022,Extremadura,12. otras infracciones penales,225
2022,Extremadura,2. contra la libertad,2183
2022,Extremadura,2.1.-malos tratos habituales en el ambito familiar,273
2022,Extremadura,2.2.-otros contra la libertad,1910
2022,Extremadura,3. libertad sexual,247
2022,Extremadura,3.1.-agresion sexual,171
2022,Extremadura,3.2.-agresion sexual con penetracion,47
2022,Extremadura,3.3.-corrupcion de menores o incapacitados,5
2022,Extremadura,3.4.-pornografia de menores,5
2022,Extremadura,3.5.-otros contra la libertad sexual,19
2022,Extremadura,4. relaciones familiares,213
2022,Extremadura,5. patrimonio,5334
2022,Extremadura,5.1.-hurtos,1806
2022,Extremadura,5.2.-robos con fuerza en las cosas,615
2022,Extremadura,5.2.1.-robos con fuerza en las cosas en el interior de vehiculos,101
2022,Extremadura,5.2.2.-robos con fuerza en viviendas,159
2022,Extremadura,5.2.3.-robos con fuerza en establecimientos,157
2022,Extremadura,5.3.-robos con violencia o intimidacion,179
2022,Extremadura,5.3.1.-robos con violencia en via publica,84
2022,Extremadura,5.3.2.-robos con violencia en viviendas,36
2022,Extremadura,5.3.3.-robos con violencia en establecimientos,41
2022,Extremadura,5.4.-sustraccion de vehiculos,61
2022,Extremadura,5.5.-estafas,1665
2022,Extremadura,5.5.1.-estafas informaticas,1268
2022,Extremadura,5.6.-danos,590
2022,Extremadura,5.7.-contra la propiedad intelectual/industrial,11
2022,Extremadura,5.8.-blanqueo de capitales,4
2022,Extremadura,5.9.-otros contra el patrimonio,403
2022,Extremadura,6. seguridad colectiva,1197
2022,Extremadura,6.1.-trafico de drogas,261
2022,Extremadura,6.2.-contra la seguridad vial,852
2022,Extremadura,6.3.-otros contra la seguridad colectiva,84
2022,Extremadura,7. falsedades,226
2022,Extremadura,8. admon. publica,3
2022,Extremadura,9. admon. justicia,793
2022,Extremadura,total infracciones penales,13823
2022,Galicia,1. contra las personas,8449
2022,Galicia,1.1.-homicidios dolosos/asesinatos,52
2022,Galicia,1.1.1.-homicidios dolosos/asesinatos consumados,8
2022,Galicia,1.2.-lesiones,4724
2022,Galicia,1.3.-malos tratos ambito familiar,3486
2022,Galicia,1.4.-otros contra las personas,187
2022,Galicia,10. orden publico,946
2022,Galicia,11. legislacion especial,7
2022,Galicia,12. otras infracciones penales,436
2022,Galicia,2. contra la libertad,5628
2022,Galicia,2.1.-malos tratos habituales en el ambito familiar,695
2022,Galicia,2.2.-otros contra la libertad,4933
2022,Galicia,3. libertad sexual,611
2022,Galicia,3.1.-agresion sexual,374
2022,Galicia,3.2.-agresion sexual con penetracion,137
2022,Galicia,3.3.-corrupcion de menores o incapacitados,12
2022,Galicia,3.4.-pornografia de menores,24
2022,Galicia,3.5.-otros contra la libertad sexual,64
2022,Galicia,4. relaciones familiares,188
2022,Galicia,5. patrimonio,13991
2022,Galicia,5.1.-hurtos,5222
2022,Galicia,5.2.-robos con fuerza en las cosas,1744
2022,Galicia,5.2.1.-robos con fuerza en las cosas en el interior de vehiculos,466
2022,Galicia,5.2.2.-robos con fuerza en viviendas,500
2022,Galicia,5.2.3.-robos con fuerza en establecimientos,456
2022,Galicia,5.3.-robos con violencia o intimidacion,490
2022,Galicia,5.3.1.-robos con violencia en via publica,238
2022,Galicia,5.3.2.-robos con violencia en viviendas,49
2022,Galicia,5.3.3.-robos con violencia en establecimientos,142
2022,Galicia,5.4.-sustraccion de vehiculos,292
2022,Galicia,5.5.-estafas,3316
2022,Galicia,5.5.1.-estafas informaticas,1930
2022,Galicia,5.6.-danos,1974
2022,Galicia,5.7.-contra la propiedad intelectual/industrial,33
2022,Galicia,5.8.-blanqueo de capitales,14
2022,Galicia,5.9.-otros contra el patrimonio,906
2022,Galicia,6. seguridad colectiva,4911
2022,Galicia,6.1.-trafico de drogas,489
2022,Galicia,6.2.-contra la seguridad vial,4280
2022,Galicia,6.3.-otros contra la seguridad colectiva,142
2022,Galicia,7. falsedades,475
2022,Galicia,8. admon. publica,18
2022,Galicia,9. admon. justicia,1589
2022,Galicia,total infracciones penales,37249
2022,Illes Balears,1. contra las personas,8018
2022,Illes Balears,1.1.-homicidios dolosos/asesinatos,32
2022,Illes Balears,1.1.1.-homicidios dolosos/asesinatos consumados,0
2022,Illes Balears,1.2.-lesiones,3010
2022,Illes Balears,1.3.-malos tratos ambito familiar,4806
2022,Illes Balears,1.4.-otros contra las personas,170
2022,Illes Balears,10. orden publico,875
2022,Illes Balears,11. legislacion especial,1
2022,Illes Balears,12. otras infracciones penales,231
2022,Illes Balears,2. contra la libertad,4205
2022,Illes Balears,2.1.-malos tratos habituales en el ambito familiar,642
2022,Illes Balears,2.2.-otros contra la libertad,3563
2022,Illes Balears,3. libertad sexual,622
2022,Illes Balears,3.1.-agresion sexual,413
2022,Illes Balears,3.2.-agresion sexual con penetracion,114
2022,Illes Balears,3.3.-corrupcion de menores o incapacitados,11
2022,Illes Balears,3.4.-pornografia de menores,9
2022,Illes Balears,3.5.-otros contra la libertad sexual,75
2022,Illes Balears,4. relaciones familiares,240
2022,Illes Balears,5. patrimonio,9725
2022,Illes Balears,5.1.-hurtos,3979
2022,Illes Balears,5.2.-robos con fuerza en las cosas,1363
2022,Illes Balears,5.2.1.-robos con fuerza en las cosas en el interior de vehiculos,433
2022,Illes Balears,5.2.2.-robos con fuerza en viviendas,457
2022,Illes Balears,5.2.3.-robos con fuerza en establecimientos,280
2022,Illes Balears,5.3.-robos con violencia o intimidacion,477
2022,Illes Balears,5.3.1.-robos con violencia en via publica,266
2022,Illes Balears,5.3.2.-robos con violencia en viviendas,49
2022,Illes Balears,5.3.3.-robos con violencia en establecimientos,103
2022,Illes Balears,5.4.-sustraccion de vehiculos,362
2022,Illes Balears,5.5.-estafas,1671
2022,Illes Balears,5.5.1.-estafas informaticas,740
2022,Illes Balears,5.6.-danos,962
2022,Illes Balears,5.7.-contra la propiedad intelectual/industrial,50
2022,Illes Balears,5.8.-blanqueo de capitales,9
2022,Illes Balears,5.9.-otros contra el patrimonio,852
2022,Illes Balears,6. seguridad colectiva,2313
2022,Illes Balears,6.1.-trafico de drogas,588
2022,Illes Balears,6.2.-contra la seguridad vial,1622
2022,Illes Balears,6.3.-otros contra la seguridad colectiva,103
2022,Illes Balears,7. falsedades,388
2022,Illes Balears,8. admon. publica,12
2022,Illes Balears,9. admon. justicia,1461
2022,Illes Balears,total infracciones penales,28091
2022,La Rioja,1. contra las personas,1250
2022,La Rioja,1.1.-homicidios dolosos/asesinatos,9
2022,La Rioja,1.1.1.-homicidios dolosos/asesinatos consumados,1
2022,La Rioja,1.2.-lesiones,647
2022,La Rioja,1.3.-malos tratos ambito familiar,559
2022,La Rioja,1.4.-otros contra las personas,35
2022,La Rioja,10. orden publico,144
2022,La Rioja,11. legislacion especial,0
2022,La Rioja,12. otras infracciones penales,34
2022,La Rioja,2. contra la libertad,604
2022,La Rioja,2.1.-malos tratos habituales en el ambito familiar,95
2022,La Rioja,2.2.-otros contra la libertad,509
2022,La Rioja,3. libertad sexual,96
2022,La Rioja,3.1.-agresion sexual,68
2022,La Rioja,3.2.-agresion sexual con penetracion,18
2022,La Rioja,3.3.-corrupcion de menores o incapacitados,5
2022,La Rioja,3.4.-pornografia de menores,2
2022,La Rioja,3.5.-otros contra la libertad sexual,3
2022,La Rioja,4. relaciones familiares,32
2022,La Rioja,5. patrimonio,1727
2022,La Rioja,5.1.-hurtos,773
2022,La Rioja,5.2.-robos con fuerza en las cosas,184
2022,La Rioja,5.2.1.-robos con fuerza en las cosas en el interior de vehiculos,33
2022,La Rioja,5.2.2.-robos con fuerza en viviendas,59
2022,La Rioja,5.2.3.-robos con fuerza en establecimientos,40
2022,La Rioja,5.3.-robos con violencia o intimidacion,65
2022,La Rioja,5.3.1.-robos con violencia en via publica,30
2022,La Rioja,5.3.2.-robos con violencia en viviendas,5
2022,La Rioja,5.3.3.-robos con violencia en establecimientos,23
2022,La Rioja,5.4.-sustraccion de vehiculos,33
2022,La Rioja,5.5.-estafas,310
2022,La Rioja,5.5.1.-estafas informaticas,196
2022,La Rioja,5.6.-danos,237
2022,La Rioja,5.7.-contra la propiedad intelectual/industrial,1
2022,La Rioja,5.8.-blanqueo de capitales,1
2022,La Rioja,5.9.-otros contra el patrimonio,123
2022,La Rioja,6. seguridad colectiva,460
2022,La Rioja,6.1.-trafico de drogas,91
2022,La Rioja,6.2.-contra la seguridad vial,357
2022,La Rioja,6.3.-otros contra la seguridad colectiva,12
2022,La Rioja,7. falsedades,118
2022,La Rioja,8. admon. publica,1
2022,La Rioja,9. admon. justicia,262
2022,La Rioja,total infracciones penales,4728
2022,Melilla,1. contra las personas,843
2022,Melilla,1.1.-homicidios dolosos/asesinatos,6
2022,Melilla,1.1.1.-homicidios dolosos/asesinatos consumados,2
2022,Melilla,1.2.-lesiones,456
2022,Melilla,1.3.-malos tratos ambito familiar,363
2022,Melilla,1.4.-otros contra las personas,18
2022,Melilla,10. orden publico,103
2022,Melilla,11. legislacion especial,0
2022,Melilla,12. otras infracciones penales,52
2022,Melilla,2. contra la libertad,341
2022,Melilla,2.1.-malos tratos habituales en el ambito familiar,14
2022,Melilla,2.2.-otros contra la libertad,327
2022,Melilla,3. libertad sexual,19
2022,Melilla,3.1.-agresion sexual,14
2022,Melilla,3.2.-agresion sexual con penetracion,3
2022,Melilla,3.3.-corrupcion de menores o incapacitados,0
2022,Melilla,3.4.-pornografia de menores,0
2022,Melilla,3.5.-otros contra la libertad sexual,2
2022,Melilla,4. relaciones familiares,10
2022,Melilla,5. patrimonio,776
2022,Melilla,5.1.-hurtos,284
2022,Melilla,5.2.-robos con fuerza en las cosas,89
2022,Melilla,5.2.1.-robos con fuerza en las cosas en el interior de vehiculos,41
2022,Melilla,5.2.2.-robos con fuerza en viviendas,20
2022,Melilla,5.2.3.-robos con fuerza en establecimientos,18
2022,Melilla,5.3.-robos con violencia o intimidacion,91
2022,Melilla,5.3.1.-robos con violencia en via publica,72
2022,Melilla,5.3.2.-robos con violencia en viviendas,6
2022,Melilla,5.3.3.-robos con violencia en establecimientos,9
2022,Melilla,5.4.-sustraccion de vehiculos,19
2022,Melilla,5.5.-estafas,152
2022,Melilla,5.5.1.-estafas informaticas,95
2022,Melilla,5.6.-danos,92
2022,Melilla,5.7.-contra la propiedad intelectual/industrial,0
2022,Melilla,5.8.-blanqueo de capitales,1
2022,Melilla,5.9.-otros contra el patrimonio,48
2022,Melilla,6. seguridad colectiva,296
2022,Melilla,6.1.-trafico de drogas,64
2022,Melilla,6.2.-contra la seguridad vial,230
2022,Melilla,6.3.-otros contra la seguridad colectiva,2
2022,Melilla,7. falsedades,38
2022,Melilla,8. admon. publica,1
2022,Melilla,9. admon. justicia,99
2022,Melilla,total infracciones penales,2578
2022,País Vasco,1. contra las personas,33
2022,País Vasco,1.1.-homicidios dolosos/asesinatos,0
2022,País Vasco,1.1.1.-homicidios dolosos/asesinatos consumados,0
2022,País Vasco,1.2.-lesiones,12
2022,País Vasco,1.3.-malos tratos ambito familiar,21
2022,País Vasco,1.4.-otros contra las personas,0
2022,País Vasco,10. orden publico,25
2022,País Vasco,11. legislacion especial,1
2022,País Vasco,12. otras infracciones penales,34
2022,País Vasco,2. contra la libertad,42
2022,País Vasco,2.1.-malos tratos habituales en el ambito familiar,6
2022,País Vasco,2.2.-otros contra la libertad,36
2022,País Vasco,3. libertad sexual,26
2022,País Vasco,3.1.-agresion sexual,8
2022,País Vasco,3.2.-agresion sexual con penetracion,6
2022,País Vasco,3.3.-corrupcion de menores o incapacitados,0
2022,País Vasco,3.4.-pornografia de menores,9
2022,País Vasco,3.5.-otros contra la libertad sexual,3
2022,País Vasco,4. relaciones familiares,4
2022,País Vasco,5. patrimonio,753
2022,País Vasco,5.1.-hurtos,38
2022,País Vasco,5.2.-robos con fuerza en las cosas,1
2022,País Vasco,5.2.1.-robos con fuerza en las cosas en el interior de vehiculos,0
2022,País Vasco,5.2.2.-robos con fuerza en viviendas,0
2022,País Vasco,5.2.3.-robos con fuerza en establecimientos,0
2022,País Vasco,5.3.-robos con violencia o intimidacion,3
2022,País Vasco,5.3.1.-robos con violencia en via publica,1
2022,País Vasco,5.3.2.-robos con violencia en viviendas,0
2022,País Vasco,5.3.3.-robos con violencia en establecimientos,1
2022,País Vasco,5.4.-sustraccion de vehiculos,48
2022,País Vasco,5.5.-estafas,367
2022,País Vasco,5.5.1.-estafas informaticas,302
2022,País Vasco,5.6.-danos,240
2022,País Vasco,5.7.-contra la propiedad intelectual/industrial,27
2022,País Vasco,5.8.-blanqueo de capitales,4
2022,País Vasco,5.9.-otros contra el patrimonio,25
2022,País Vasco,6. seguridad colectiva,73
2022,País Vasco,6.1.-trafico de drogas,60
2022,País Vasco,6.2.-contra la seguridad vial,3
2022,País Vasco,6.3.-otros contra la seguridad colectiva,10
2022,País Vasco,7. falsedades,164
2022,País Vasco,8. admon. publica,3
2022,País Vasco,9. admon. justicia,29
2022,País Vasco,total infracciones penales,1187
2022,Principado de Asturias,1. contra las personas,3651
2022,Principado de Asturias,1.1.-homicidios dolosos/asesinatos,22
2022,Principado de Asturias,1.1.1.-homicidios dolosos/asesinatos consumados,6
2022,Principado de Asturias,1.2.-lesiones,1968
2022,Principado de Asturias,1.3.-malos tratos ambito familiar,1601
2022,Principado de Asturias,1.4.-otros contra las personas,60
2022,Principado de Asturias,10. orden publico,503
2022,Principado de Asturias,11. legislacion especial,0
2022,Principado de Asturias,12. otras infracciones penales,188
2022,Principado de Asturias,2. contra la libertad,1876
2022,Principado de Asturias,2.1.-malos tratos habituales en el ambito familiar,108
2022,Principado de Asturias,2.2.-otros contra la libertad,1768
2022,Principado de Asturias,3. libertad sexual,246
2022,Principado de Asturias,3.1.-agresion sexual,158
2022,Principado de Asturias,3.2.-agresion sexual con penetracion,46
2022,Principado de Asturias,3.3.-corrupcion de menores o incapacitados,8
2022,Principado de Asturias,3.4.-pornografia de menores,8
2022,Principado de Asturias,3.5.-otros contra la libertad sexual,26
2022,Principado de Asturias,4. relaciones familiares,69
2022,Principado de Asturias,5. patrimonio,6150
2022,Principado de Asturias,5.1.-hurtos,2175
2022,Principado de Asturias,5.2.-robos con fuerza en las cosas,596
2022,Principado de Asturias,5.2.1.-robos con fuerza en las cosas en el interior de vehiculos,116
2022,Principado de Asturias,5.2.2.-robos con fuerza en viviendas,183
2022,Principado de Asturias,5.2.3.-robos con fuerza en establecimientos,147
2022,Principado de Asturias,5.3.-robos con violencia o intimidacion,236
2022,Principado de Asturias,5.3.1.-robos con violencia en via publica,107
2022,Principado de Asturias,5.3.2.-robos con violencia en viviendas,21
2022,Principado de Asturias,5.3.3.-robos con violencia en establecimientos,79
2022,Principado de Asturias,5.4.-sustraccion de vehiculos,133
2022,Principado de Asturias,5.5.-estafas,1921
2022,Principado de Asturias,5.5.1.-estafas informaticas,1330
2022,Principado de Asturias,5.6.-danos,661
2022,Principado de Asturias,5.7.-contra la propiedad intelectual/industrial,11
2022,Principado de Asturias,5.8.-blanqueo de capitales,1
2022,Principado de Asturias,5.9.-otros contra el patrimonio,416
2022,Principado de Asturias,6. seguridad colectiva,1044
2022,Principado de Asturias,6.1.-trafico de drogas,169
2022,Principado de Asturias,6.2.-contra la seguridad vial,836
2022,Principado de Asturias,6.3.-otros contra la seguridad colectiva,39
2022,Principado de Asturias,7. falsedades,202
2022,Principado de Asturias,8. admon. publica,0
2022,Principado de Asturias,9. admon. justicia,742
2022,Principado de Asturias,total infracciones penales,14671
2022,Región de Murcia,1. contra las personas,6775
2022,Región de Murcia,1.1.-homicidios dolosos/asesinatos,58
2022,Región de Murcia,1.1.1.-homicidios dolosos/asesinatos consumados,8
2022,Región de Murcia,1.2.-lesiones,3310
2022,Región de Murcia,1.3.-malos tratos ambito familiar,3309
2022,Región de Murcia,1.4.-otros contra las personas,98
2022,Región de Murcia,10. orden publico,869
2022,Región de Murcia,11. legislacion especial,14
2022,Región de Murcia,12. otras infracciones penales,384
2022,Región de Murcia,2. contra la libertad,3903
2022,Región de Murcia,2.1.-malos tratos habituales en el ambito familiar,345
2022,Región de Murcia,2.2.-otros contra la libertad,3558
2022,Región de Murcia,3. libertad sexual,522
2022,Región de Murcia,3.1.-agresion sexual,358
2022,Región de Murcia,3.2.-agresion sexual con penetracion,83
2022,Región de Murcia,3.3.-corrupcion de menores o incapacitados,9
2022,Región de Murcia,3.4.-pornografia de menores,15
2022,Región de Murcia,3.5.-otros contra la libertad sexual,57
2022,Región de Murcia,4. relaciones familiares,598
2022,Región de Murcia,5. patrimonio,10554
2022,Región de Murcia,5.1.-hurtos,3052
2022,Región de Murcia,5.2.-robos con fuerza en las cosas,1823
2022,Región de Murcia,5.2.1.-robos con fuerza en las cosas en el interior de vehiculos,403
2022,Región de Murcia,5.2.2.-robos con fuerza en viviendas,676
2022,Región de Murcia,5.2.3.-robos con fuerza en establecimientos,366
2022,Región de Murcia,5.3.-robos con violencia o intimidacion,849
2022,Región de Murcia,5.3.1.-robos con violencia en via publica,431
2022,Región de Murcia,5.3.2.-robos con violencia en viviendas,78
2022,Región de Murcia,5.3.3.-robos con violencia en establecimientos,234
2022,Región de Murcia,5.4.-sustraccion de vehiculos,304
2022,Región de Murcia,5.5.-estafas,2455
2022,Región de Murcia,5.5.1.-estafas informaticas,1479
2022,Región de Murcia,5.6.-danos,1031
2022,Región de Murcia,5.7.-contra la propiedad intelectual/industrial,39
2022,Región de Murcia,5.8.-blanqueo de capitales,9
2022,Región de Murcia,5.9.-otros contra el patrimonio,992
2022,Región de Murcia,6. seguridad colectiva,1690
2022,Región de Murcia,6.1.-trafico de drogas,478
2022,Región de Murcia,6.2.-contra la seguridad vial,1158
2022,Región de Murcia,6.3.-otros contra la seguridad colectiva,54
2022,Región de Murcia,7. falsedades,593
2022,Región de Murcia,8. admon. publica,8
2022,Región de Murcia,9. admon. justicia,1634
2022,Región de Murcia,total infracciones penales,27544
2023,Andalucía,1. contra las personas,40910
2023,Andalucía,1.1.-homicidios dolosos/asesinatos,337
2023,Andalucía,1.1.1.-homicidios dolosos/asesinatos consumados,61
2023,Andalucía,1.2.-lesiones,20241
2023,Andalucía,1.3.-malos tratos ambito familiar,19378
2023,Andalucía,1.4.-otros contra las personas,954
2023,Andalucía,10. orden publico,5321
2023,Andalucía,11. legislacion especial,119
2023,Andalucía,12. otras infracciones penales,2138
2023,Andalucía,2. contra la libertad,26310
2023,Andalucía,2.1.-malos tratos habituales en el ambito familiar,3008
2023,Andalucía,2.2.-otros contra la libertad,23302
2023,Andalucía,3. libertad sexual,2890
2023,Andalucía,3.1.-agresion sexual,1713
2023,Andalucía,3.2.-agresion sexual con penetracion,537
2023,Andalucía,3.3.-corrupcion de menores o incapacitados,59
2023,Andalucía,3.4.-pornografia de menores,111
2023,Andalucía,3.5.-otros contra la libertad sexual,470
2023,Andalucía,4. relaciones familiares,1609
2023,Andalucía,5. patrimonio,64297
2023,Andalucía,5.1.-hurtos,22455
2023,Andalucía,5.2.-robos con fuerza en las cosas,8774
2023,Andalucía,5.2.1.-robos con fuerza en las cosas en el interior de vehiculos,2331
2023,Andalucía,5.2.2.-robos con fuerza en viviendas,2641
2023,Andalucía,5.2.3.-robos con fuerza en establecimientos,2089
2023,Andalucía,5.3.-robos con violencia o intimidacion,3367
2023,Andalucía,5.3.1.-robos con violencia en via publica,1862
2023,Andalucía,5.3.2.-robos con violencia en viviendas,345
2023,Andalucía,5.3.3.-robos con violencia en establecimientos,831
2023,Andalucía,5.4.-sustraccion de vehiculos,1870
2023,Andalucía,5.5.-estafas,14457
2023,Andalucía,5.5.1.-estafas informaticas,9841
2023,Andalucía,5.6.-danos,6394
2023,Andalucía,5.7.-contra la propiedad intelectual/industrial,316
2023,Andalucía,5.8.-blanqueo de capitales,107
2023,Andalucía,5.9.-otros contra el patrimonio,6557
2023,Andalucía,6. seguridad colectiva,15349
2023,Andalucía,6.1.-trafico de drogas,4314
2023,Andalucía,6.2.-contra la seguridad vial,10708
2023,Andalucía,6.3.-otros contra la seguridad colectiva,327
2023,Andalucía,7. falsedades,3035
2023,Andalucía,8. admon. publica,79
2023,Andalucía,9. admon. justicia,8706
2023,Andalucía,total infracciones penales,170763
2023,Aragón,1. contra las personas,5500
2023,Aragón,1.1.-homicidios dolosos/asesinatos,46
2023,Aragón,1.1.1.-homicidios dolosos/asesinatos consumados,8
2023,Aragón,1.2.-lesiones,2397
2023,Aragón,1.3.-malos tratos ambito familiar,2958
2023,Aragón,1.4.-otros contra las personas,99
2023,Aragón,10. orden publico,952
2023,Aragón,11. legislacion especial,4
2023,Aragón,12. otras infracciones penales,185
2023,Aragón,2. contra la libertad,2519
2023,Aragón,2.1.-malos tratos habituales en el ambito familiar,300
2023,Aragón,2.2.-otros contra la libertad,2219
2023,Aragón,3. libertad sexual,409
2023,Aragón,3.1.-agresion sexual,263
2023,Aragón,3.2.-agresion sexual con penetracion,82
2023,Aragón,3.3.-corrupcion de menores o incapacitados,6
2023,Aragón,3.4.-pornografia de menores,19
2023,Aragón,3.5.-otros contra la libertad sexual,39
2023,Aragón,4. relaciones familiares,161
2023,Aragón,5. patrimonio,7686
2023,Aragón,5.1.-hurtos,2848
2023,Aragón,5.2.-robos con fuerza en las cosas,909
2023,Aragón,5.2.1.-robos con fuerza en las cosas en el interior de vehiculos,152
2023,Aragón,5.2.2.-robos con fuerza en viviendas,299
2023,Aragón,5.2.3.-robos con fuerza en establecimientos,206
2023,Aragón,5.3.-robos con violencia o intimidacion,514
2023,Aragón,5.3.1.-robos con violencia en via publica,301
2023,Aragón,5.3.2.-robos con violencia en viviendas,29
2023,Aragón,5.3.3.-robos con violencia en establecimientos,149
2023,Aragón,5.4.-sustraccion de vehiculos,133
2023,Aragón,5.5.-estafas,1874
2023,Aragón,5.5.1.-estafas informaticas,1274
2023,Aragón,5.6.-danos,851
2023,Aragón,5.7.-contra la propiedad intelectual/industrial,21
2023,Aragón,5.8.-blanqueo de capitales,5
2023,Aragón,5.9.-otros contra el patrimonio,531
2023,Aragón,6. seguridad colectiva,1599
2023,Aragón,6.1.-trafico de drogas,548
2023,Aragón,6.2.-contra la seguridad vial,1012
2023,Aragón,6.3.-otros contra la seguridad colectiva,39
2023,Aragón,7. falsedades,296
2023,Aragón,8. admon. publica,7
2023,Aragón,9. admon. justicia,1056
2023,Aragón,total infracciones penales,20374
2023,Canarias,1. contra las personas,13755
2023,Canarias,1.1.-homicidios dolosos/asesinatos,75
2023,Canarias,1.1.1.-homicidios dolosos/asesinatos consumados,19
2023,Canarias,1.2.-lesiones,6473
2023,Canarias,1.3.-malos tratos ambito familiar,6765
2023,Canarias,1.4.-otros contra las personas,442
2023,Canarias,10. orden publico,1079
2023,Canarias,11. legislacion especial,3
2023,Canarias,12. otras infracciones penales,555
2023,Canarias,2. contra la libertad,9484
2023,Canarias,2.1.-malos tratos habituales en el ambito familiar,1082
2023,Canarias,2.2.-otros contra la libertad,8402
2023,Canarias,3. libertad sexual,977
2023,Canarias,3.1.-agresion sexual,632
2023,Canarias,3.2.-agresion sexual con penetracion,191
2023,Canarias,3.3.-corrupcion de menores o incapacitados,24
2023,Canarias,3.4.-pornografia de menores,41
2023,Canarias,3.5.-otros contra la libertad sexual,89
2023,Canarias,4. relaciones familiares,551
2023,Canarias,5. patrimonio,17871
2023,Canarias,5.1.-hurtos,6681
2023,Canarias,5.2.-robos con fuerza en las cosas,1814
2023,Canarias,5.2.1.-robos con fuerza en las cosas en el interior de vehiculos,402
2023,Canarias,5.2.2.-robos con fuerza en viviendas,539
2023,Canarias,5.2.3.-robos con fuerza en establecimientos,450
2023,Canarias,5.3.-robos con violencia o intimidacion,973
2023,Canarias,5.3.1.-robos con violencia en via publica,515
2023,Canarias,5.3.2.-robos con violencia en viviendas,105
2023,Canarias,5.3.3.-robos con violencia en establecimientos,225
2023,Canarias,5.4.-sustraccion de vehiculos,688
2023,Canarias,5.5.-estafas,4006
2023,Canarias,5.5.1.-estafas informaticas,2432
2023,Canarias,5.6.-danos,2313
2023,Canarias,5.7.-contra la propiedad intelectual/industrial,84
2023,Canarias,5.8.-blanqueo de capitales,13
2023,Canarias,5.9.-otros contra el patrimonio,1299
2023,Canarias,6. seguridad colectiva,3557
2023,Canarias,6.1.-trafico de drogas,739
2023,Canarias,6.2.-contra la seguridad vial,2695
2023,Canarias,6.3.-otros contra la seguridad colectiva,123
2023,Canarias,7. falsedades,515
2023,Canarias,8. admon. publica,16
2023,Canarias,9. admon. justicia,2309
2023,Canarias,total infracciones penales,50672
2023,Cantabria,1. contra las personas,2602
2023,Cantabria,1.1.-homicidios dolosos/asesinatos,10
2023,Cantabria,1.1.1.-homicidios dolosos/asesinatos consumados,0
2023,Cantabria,1.2.-lesiones,1449
2023,Cantabria,1.3.-malos tratos ambito familiar,1040
2023,Cantabria,1.4.-otros contra las personas,103
2023,Cantabria,10. orden publico,280
2023,Cantabria,11. legislacion especial,4
2023,Cantabria,12. otras infracciones penales,112
2023,Cantabria,2. contra la libertad,1581
2023,Cantabria,2.1.-malos tratos habituales en el ambito familiar,188
2023,Cantabria,2.2.-otros contra la libertad,1393
2023,Cantabria,3. libertad sexual,155
2023,Cantabria,3.1.-agresion sexual,94
2023,Cantabria,3.2.-agresion sexual con penetracion,35
2023,Cantabria,3.3.-corrupcion de menores o incapacitados,4
2023,Cantabria,3.4.-pornografia de menores,7
2023,Cantabria,3.5.-otros contra la libertad sexual,15
2023,Cantabria,4. relaciones familiares,53
2023,Cantabria,5. patrimonio,4105
2023,Cantabria,5.1.-hurtos,1554
2023,Cantabria,5.2.-robos con fuerza en las cosas,497
2023,Cantabria,5.2.1.-robos con fuerza en las cosas en el interior de vehiculos,68
2023,Cantabria,5.2.2.-robos con fuerza en viviendas,138
2023,Cantabria,5.2.3.-robos con fuerza en establecimientos,147
2023,Cantabria,5.3.-robos con violencia o intimidacion,124
2023,Cantabria,5.3.1.-robos con violencia en via publica,49
2023,Cantabria,5.3.2.-robos con violencia en viviendas,12
2023,Cantabria,5.3.3.-robos con violencia en establecimientos,51
2023,Cantabria,5.4.-sustraccion de vehiculos,48
2023,Cantabria,5.5.-estafas,1057
2023,Cantabria,5.5.1.-estafas informaticas,686
2023,Cantabria,5.6.-danos,525
2023,Cantabria,5.7.-contra la propiedad intelectual/industrial,17
2023,Cantabria,5.8.-blanqueo de capitales,6
2023,Cantabria,5.9.-otros contra el patrimonio,277
2023,Cantabria,6. seguridad colectiva,841
2023,Cantabria,6.1.-trafico de drogas,114
2023,Cantabria,6.2.-contra la seguridad vial,698
2023,Cantabria,6.3.-otros contra la seguridad colectiva,29
2023,Cantabria,7. falsedades,141
2023,Cantabria,8. admon. publica,9
2023,Cantabria,9. admon. justicia,448
2023,Cantabria,total infracciones penales,10331
2023,Castilla y León,1. contra las personas,8269
2023,Castilla y León,1.1.-homicidios dolosos/asesinatos,57
2023,Castilla y León,1.1.1.-homicidios dolosos/asesinatos consumados,11
2023,Castilla y León,1.2.-lesiones,4430
2023,Castilla y León,1.3.-malos tratos ambito familiar,3520
2023,Castilla y León,1.4.-otros contra las personas,262
2023,Castilla y León,10. orden publico,1003
2023,Castilla y León,11. legislacion especial,9
2023,Castilla y León,12. otras infracciones penales,544
2023,Castilla y León,2. contra la libertad,5287
2023,Castilla y León,2.1.-malos tratos habituales en el ambito familiar,710
2023,Castilla y León,2.2.-otros contra la libertad,4577
2023,Castilla y León,3. libertad sexual,621
2023,Castilla y León,3.1.-agresion sexual,374
2023,Castilla y León,3.2.-agresion sexual con penetracion,136
2023,Castilla y León,3.3.-corrupcion de menores o incapacitados,11
2023,Castilla y León,3.4.-pornografia de menores,27
2023,Castilla y León,3.5.-otros contra la libertad sexual,73
2023,Castilla y León,4. relaciones familiares,187
2023,Castilla y León,5. patrimonio,15179
2023,Castilla y León,5.1.-hurtos,5543
2023,Castilla y León,5.2.-robos con fuerza en las cosas,1503
2023,Castilla y León,5.2.1.-robos con fuerza en las cosas en el interior de vehiculos,315
2023,Castilla y León,5.2.2.-robos con fuerza en viviendas,420
2023,Castilla y León,5.2.3.-robos con fuerza en establecimientos,372
2023,Castilla y León,5.3.-robos con violencia o intimidacion,480
2023,Castilla y León,5.3.1.-robos con violencia en via publica,229
2023,Castilla y León,5.3.2.-robos con violencia en viviendas,52
2023,Castilla y León,5.3.3.-robos con violencia en establecimientos,156
2023,Castilla y León,5.4.-sustraccion de vehiculos,220
2023,Castilla y León,5.5.-estafas,4719
2023,Castilla y León,5.5.1.-estafas informaticas,3496
2023,Castilla y León,5.6.-danos,1688
2023,Castilla y León,5.7.-contra la propiedad intelectual/industrial,51
2023,Castilla y León,5.8.-blanqueo de capitales,15
2023,Castilla y León,5.9.-otros contra el patrimonio,960
2023,Castilla y León,6. seguridad colectiva,2945
2023,Castilla y León,6.1.-trafico de drogas,484
2023,Castilla y León,6.2.-contra la seguridad vial,2371
2023,Castilla y León,6.3.-otros contra la seguridad colectiva,90
2023,Castilla y León,7. falsedades,723
2023,Castilla y León,8. admon. publica,23
2023,Castilla y León,9. admon. justicia,1571
2023,Castilla y León,total infracciones penales,36361
2023,Castilla-La Mancha,1. contra las personas,8059
2023,Castilla-La Mancha,1.1.-homicidios dolosos/asesinatos,61
2023,Castilla-La Mancha,1.1.1.-homicidios dolosos/asesinatos consumados,16
2023,Castilla-La Mancha,1.2.-lesiones,4136
2023,Castilla-La Mancha,1.3.-malos tratos ambito familiar,3691
2023,Castilla-La Mancha,1.4.-otros contra las personas,171
2023,Castilla-La Mancha,10. orden publico,1062
2023,Castilla-La Mancha,11. legislacion especial,5
2023,Castilla-La Mancha,12. otras infracciones penales,437
2023,Castilla-La Mancha,2. contra la libertad,5133
2023,Castilla-La Mancha,2.1.-malos tratos habituales en el ambito familiar,983
2023,Castilla-La Mancha,2.2.-otros contra la libertad,4150
2023,Castilla-La Mancha,3. libertad sexual,641
2023,Castilla-La Mancha,3.1.-agresion sexual,415
2023,Castilla-La Mancha,3.2.-agresion sexual con penetracion,118
2023,Castilla-La Mancha,3.3.-corrupcion de menores o incapacitados,15
2023,Castilla-La Mancha,3.4.-pornografia de menores,23
2023,Castilla-La Mancha,3.5.-otros contra la libertad sexual,70
2023,Castilla-La Mancha,4. relaciones familiares,325
2023,Castilla-La Mancha,5. patrimonio,14121
2023,Castilla-La Mancha,5.1.-hurtos,3859
2023,Castilla-La Mancha,5.2.-robos con fuerza en las cosas,2357
2023,Castilla-La Mancha,5.2.1.-robos con fuerza en las cosas en el interior de vehiculos,511
2023,Castilla-La Mancha,5.2.2.-robos con fuerza en viviendas,629
2023,Castilla-La Mancha,5.2.3.-robos con fuerza en establecimientos,452
2023,Castilla-La Mancha,5.3.-robos con violencia o intimidacion,560
2023,Castilla-La Mancha,5.3.1.-robos con violencia en via publica,289
2023,Castilla-La Mancha,5.3.2.-robos con violencia en viviendas,91
2023,Castilla-La Mancha,5.3.3.-robos con violencia en establecimientos,133
2023,Castilla-La Mancha,5.4.-sustraccion de vehiculos,308
2023,Castilla-La Mancha,5.5.-estafas,3973
2023,Castilla-La Mancha,5.5.1.-estafas informaticas,2850
2023,Castilla-La Mancha,5.6.-danos,1551
2023,Castilla-La Mancha,5.7.-contra la propiedad intelectual/industrial,28
2023,Castilla-La Mancha,5.8.-blanqueo de capitales,46
2023,Castilla-La Mancha,5.9.-otros contra el patrimonio,1439
2023,Castilla-La Mancha,6. seguridad colectiva,3444
2023,Castilla-La Mancha,6.1.-trafico de drogas,576
2023,Castilla-La Mancha,6.2.-contra la seguridad vial,2797
2023,Castilla-La Mancha,6.3.-otros contra la seguridad colectiva,71
2023,Castilla-La Mancha,7. falsedades,734
2023,Castilla-La Mancha,8. admon. publica,19
2023,Castilla-La Mancha,9. admon. justicia,1802
2023,Castilla-La Mancha,total infracciones penales,35782
2023,Cataluña,1. contra las personas,20184
2023,Cataluña,1.1.-homicidios dolosos/asesinatos,260
2023,Cataluña,1.1.1.-homicidios dolosos/asesinatos consumados,64
2023,Cataluña,1.2.-lesiones,11585
2023,Cataluña,1.3.-malos tratos ambito familiar,7910
2023,Cataluña,1.4.-otros contra las personas,429
2023,Cataluña,10. orden publico,3878
2023,Cataluña,11. legislacion especial,137
2023,Cataluña,12. otras infracciones penales,655
2023,Cataluña,2. contra la libertad,18544
2023,Cataluña,2.1.-malos tratos habituales en el ambito familiar,1767
2023,Cataluña,2.2.-otros contra la libertad,16777
2023,Cataluña,3. libertad sexual,3314
2023,Cataluña,3.1.-agresion sexual,1618
2023,Cataluña,3.2.-agresion sexual con penetracion,1278
2023,Cataluña,3.3.-corrupcion de menores o incapacitados,5
2023,Cataluña,3.4.-pornografia de menores,95
2023,Cataluña,3.5.-otros contra la libertad sexual,318
2023,Cataluña,4. relaciones familiares,1046
2023,Cataluña,5. patrimonio,59498
2023,Cataluña,5.1.-hurtos,24259
2023,Cataluña,5.2.-robos con fuerza en las cosas,5369
2023,Cataluña,5.2.1.-robos con fuerza en las cosas en el interior de vehiculos,1486
2023,Cataluña,5.2.2.-robos con fuerza en viviendas,1419
2023,Cataluña,5.2.3.-robos con fuerza en establecimientos,1249
2023,Cataluña,5.3.-robos con violencia o intimidacion,5392
2023,Cataluña,5.3.1.-robos con violencia en via publica,3620
2023,Cataluña,5.3.2.-robos con violencia en viviendas,290
2023,Cataluña,5.3.3.-robos con violencia en establecimientos,1017
2023,Cataluña,5.4.-sustraccion de vehiculos,2814
2023,Cataluña,5.5.-estafas,7060
2023,Cataluña,5.5.1.-estafas informaticas,4971
2023,Cataluña,5.6.-danos,4378
2023,Cataluña,5.7.-contra la propiedad intelectual/industrial,174
2023,Cataluña,5.8.-blanqueo de capitales,70
2023,Cataluña,5.9.-otros contra el patrimonio,9982
2023,Cataluña,6. seguridad colectiva,10620
2023,Cataluña,6.1.-trafico de drogas,3664
2023,Cataluña,6.2.-contra la seguridad vial,6820
2023,Cataluña,6.3.-otros contra la seguridad colectiva,136
2023,Cataluña,7. falsedades,2113
2023,Cataluña,8. admon. publica,46
2023,Cataluña,9. admon. justicia,4581
2023,Cataluña,total infracciones penales,124616
2023,Ceuta,1. contra las personas,609
2023,Ceuta,1.1.-homicidios dolosos/asesinatos,12
2023,Ceuta,1.1.1.-homicidios dolosos/asesinatos consumados,6
2023,Ceuta,1.2.-lesiones,311
2023,Ceuta,1.3.-malos tratos ambito familiar,284
2023,Ceuta,1.4.-otros contra las personas,2
2023,Ceuta,10. orden publico,108
2023,Ceuta,11. legislacion especial,0
2023,Ceuta,12. otras infracciones penales,29
2023,Ceuta,2. contra la libertad,266
2023,Ceuta,2.1.-malos tratos habituales en el ambito familiar,11
2023,Ceuta,2.2.-otros contra la libertad,255
2023,Ceuta,3. libertad sexual,41
2023,Ceuta,3.1.-agresion sexual,29
2023,Ceuta,3.2.-agresion sexual con penetracion,8
2023,Ceuta,3.3.-corrupcion de menores o incapacitados,1
2023,Ceuta,3.4.-pornografia de menores,2
2023,Ceuta,3.5.-otros contra la libertad sexual,1
2023,Ceuta,4. relaciones familiares,19
2023,Ceuta,5. patrimonio,554
2023,Ceuta,5.1.-hurtos,221
2023,Ceuta,5.2.-robos con fuerza en las cosas,63
2023,Ceuta,5.2.1.-robos con fuerza en las cosas en el interior de vehiculos,23
2023,Ceuta,5.2.2.-robos con fuerza en viviendas,16
2023,Ceuta,5.2.3.-robos con fuerza en establecimientos,12
2023,Ceuta,5.3.-robos con violencia o intimidacion,56
2023,Ceuta,5.3.1.-robos con violencia en via publica,42
2023,Ceuta,5.3.2.-robos con violencia en viviendas,2
2023,Ceuta,5.3.3.-robos con violencia en establecimientos,10
2023,Ceuta,5.4.-sustraccion de vehiculos,16
2023,Ceuta,5.5.-estafas,92
2023,Ceuta,5.5.1.-estafas informaticas,57
2023,Ceuta,5.6.-danos,57
2023,Ceuta,5.7.-contra la propiedad intelectual/industrial,1
2023,Ceuta,5.8.-blanqueo de capitales,0
2023,Ceuta,5.9.-otros contra el patrimonio,48
2023,Ceuta,6. seguridad colectiva,248
2023,Ceuta,6.1.-trafico de drogas,86
2023,Ceuta,6.2.-contra la seguridad vial,159
2023,Ceuta,6.3.-otros contra la seguridad colectiva,3
2023,Ceuta,7. falsedades,49
2023,Ceuta,8. admon. publica,1
2023,Ceuta,9. admon. justicia,97
2023,Ceuta,total infracciones penales,2021
2023,Comunidad Foral de Navarra,1. contra las personas,2505
2023,Comunidad Foral de Navarra,1.1.-homicidios dolosos/asesinatos,38
2023,Comunidad Foral de Navarra,1.1.1.-homicidios dolosos/asesinatos consumados,8
2023,Comunidad Foral de Navarra,1.2.-lesiones,1311
2023,Comunidad Foral de Navarra,1.3.-malos tratos ambito familiar,1075
2023,Comunidad Foral de Navarra,1.4.-otros contra las personas,81
2023,Comunidad Foral de Navarra,10. orden publico,519
2023,Comunidad Foral de Navarra,11. legislacion especial,0
2023,Comunidad Foral de Navarra,12. otras infracciones penales,98
2023,Comunidad Foral de Navarra,2. contra la libertad,1754
2023,Comunidad Foral de Navarra,2.1.-malos tratos habituales en el ambito familiar,297
2023,Comunidad Foral de Navarra,2.2.-otros contra la libertad,1457
2023,Comunidad Foral de Navarra,3. libertad sexual,349
2023,Comunidad Foral de Navarra,3.1.-agresion sexual,213
2023,Comunidad Foral de Navarra,3.2.-agresion sexual con penetracion,77
2023,Comunidad Foral de Navarra,3.3.-corrupcion de menores o incapacitados,11
2023,Comunidad Foral de Navarra,3.4.-pornografia de menores,15
2023,Comunidad Foral de Navarra,3.5.-otros contra la libertad sexual,33
2023,Comunidad Foral de Navarra,4. relaciones familiares,76
2023,Comunidad Foral de Navarra,5. patrimonio,3772
2023,Comunidad Foral de Navarra,5.1.-hurtos,1522
2023,Comunidad Foral de Navarra,5.2.-robos con fuerza en las cosas,353
2023,Comunidad Foral de Navarra,5.2.1.-robos con fuerza en las cosas en el interior de vehiculos,48
2023,Comunidad Foral de Navarra,5.2.2.-robos con fuerza en viviendas,83
2023,Comunidad Foral de Navarra,5.2.3.-robos con fuerza en establecimientos,100
2023,Comunidad Foral de Navarra,5.3.-robos con violencia o intimidacion,183
2023,Comunidad Foral de Navarra,5.3.1.-robos con violencia en via publica,124
2023,Comunidad Foral de Navarra,5.3.2.-robos con violencia en viviendas,12
2023,Comunidad Foral de Navarra,5.3.3.-robos con violencia en establecimientos,31
2023,Comunidad Foral de Navarra,5.4.-sustraccion de vehiculos,58
2023,Comunidad Foral de Navarra,5.5.-estafas,834
2023,Comunidad Foral de Navarra,5.5.1.-estafas informaticas,573
2023,Comunidad Foral de Navarra,5.6.-danos,445
2023,Comunidad Foral de Navarra,5.7.-contra la propiedad intelectual/industrial,40
2023,Comunidad Foral de Navarra,5.8.-blanqueo de capitales,22
2023,Comunidad Foral de Navarra,5.9.-otros contra el patrimonio,315
2023,Comunidad Foral de Navarra,6. seguridad colectiva,1512
2023,Comunidad Foral de Navarra,6.1.-trafico de drogas,154
2023,Comunidad Foral de Navarra,6.2.-contra la seguridad vial,1324
2023,Comunidad Foral de Navarra,6.3.-otros contra la seguridad colectiva,34
2023,Comunidad Foral de Navarra,7. falsedades,207
2023,Comunidad Foral de Navarra,8. admon. publica,9
2023,Comunidad Foral de Navarra,9. admon. justicia,463
2023,Comunidad Foral de Navarra,total infracciones penales,11264
2023,Comunidad Valenciana,1. contra las personas,26207
2023,Comunidad Valenciana,1.1.-homicidios dolosos/asesinatos,196
2023,Comunidad Valenciana,1.1.1.-homicidios dolosos/asesinatos consumados,34
2023,Comunidad Valenciana,1.2.-lesiones,11273
2023,Comunidad Valenciana,1.3.-malos tratos ambito familiar,14281
2023,Comunidad Valenciana,1.4.-otros contra las personas,457
2023,Comunidad Valenciana,10. orden publico,3988
2023,Comunidad Valenciana,11. legislacion especial,36
2023,Comunidad Valenciana,12. otras infracciones penales,876
2023,Comunidad Valenciana,2. contra la libertad,14302
2023,Comunidad Valenciana,2.1.-malos tratos habituales en el ambito familiar,2527
2023,Comunidad Valenciana,2.2.-otros contra la libertad,11775
2023,Comunidad Valenciana,3. libertad sexual,2172
2023,Comunidad Valenciana,3.1.-agresion sexual,1402
2023,Comunidad Valenciana,3.2.-agresion sexual con penetracion,427
2023,Comunidad Valenciana,3.3.-corrupcion de menores o incapacitados,38
2023,Comunidad Valenciana,3.4.-pornografia de menores,78
2023,Comunidad Valenciana,3.5.-otros contra la libertad sexual,227
2023,Comunidad Valenciana,4. relaciones familiares,880
2023,Comunidad Valenciana,5. patrimonio,45841
2023,Comunidad Valenciana,5.1.-hurtos,17101
2023,Comunidad Valenciana,5.2.-robos con fuerza en las cosas,6720
2023,Comunidad Valenciana,5.2.1.-robos con fuerza en las cosas en el interior de vehiculos,1945
2023,Comunidad Valenciana,5.2.2.-robos con fuerza en viviendas,2396
2023,Comunidad Valenciana,5.2.3.-robos con fuerza en establecimientos,1183
2023,Comunidad Valenciana,5.3.-robos con violencia o intimidacion,2707
2023,Comunidad Valenciana,5.3.1.-robos con violencia en via publica,1448
2023,Comunidad Valenciana,5.3.2.-robos con violencia en viviendas,239
2023,Comunidad Valenciana,5.3.3.-robos con violencia en establecimientos,699
2023,Comunidad Valenciana,5.4.-sustraccion de vehiculos,1218
2023,Comunidad Valenciana,5.5.-estafas,9728
2023,Comunidad Valenciana,5.5.1.-estafas informaticas,6011
2023,Comunidad Valenciana,5.6.-danos,4296
2023,Comunidad Valenciana,5.7.-contra la propiedad intelectual/industrial,210
2023,Comunidad Valenciana,5.8.-blanqueo de capitales,77
2023,Comunidad Valenciana,5.9.-otros contra el patrimonio,3784
2023,Comunidad Valenciana,6. seguridad colectiva,9410
2023,Comunidad Valenciana,6.1.-trafico de drogas,2447
2023,Comunidad Valenciana,6.2.-contra la seguridad vial,6715
2023,Comunidad Valenciana,6.3.-otros contra la seguridad colectiva,248
2023,Comunidad Valenciana,7. falsedades,2648
2023,Comunidad Valenciana,8. admon. publica,45
2023,Comunidad Valenciana,9. admon. justicia,6047
2023,Comunidad Valenciana,total infracciones penales,112452
2023,Comunidad de Madrid,1. contra las personas,31088
2023,Comunidad de Madrid,1.1.-homicidios dolosos/asesinatos,199
2023,Comunidad de Madrid,1.1.1.-homicidios dolosos/asesinatos consumados,33
2023,Comunidad de Madrid,1.2.-lesiones,10028
2023,Comunidad de Madrid,1.3.-malos tratos ambito familiar,20277
2023,Comunidad de Madrid,1.4.-otros contra las personas,584
2023,Comunidad de Madrid,10. orden publico,5695
2023,Comunidad de Madrid,11. legislacion especial,25
2023,Comunidad de Madrid,12. otras infracciones penales,761
2023,Comunidad de Madrid,2. contra la libertad,13599
2023,Comunidad de Madrid,2.1.-malos tratos habituales en el ambito familiar,1383
2023,Comunidad de Madrid,2.2.-otros contra la libertad,12216
2023,Comunidad de Madrid,3. libertad sexual,2495
2023,Comunidad de Madrid,3.1.-agresion sexual,1461
2023,Comunidad de Madrid,3.2.-agresion sexual con penetracion,591
2023,Comunidad de Madrid,3.3.-corrupcion de menores o incapacitados,35
2023,Comunidad de Madrid,3.4.-pornografia de menores,113
2023,Comunidad de Madrid,3.5.-otros contra la libertad sexual,295
2023,Comunidad de Madrid,4. relaciones familiares,669
2023,Comunidad de Madrid,5. patrimonio,55654
2023,Comunidad de Madrid,5.1.-hurtos,26686
2023,Comunidad de Madrid,5.2.-robos con fuerza en las cosas,4811
2023,Comunidad de Madrid,5.2.1.-robos con fuerza en las cosas en el interior de vehiculos,1522
2023,Comunidad de Madrid,5.2.2.-robos con fuerza en viviendas,1105
2023,Comunidad de Madrid,5.2.3.-robos con fuerza en establecimientos,1324
2023,Comunidad de Madrid,5.3.-robos con violencia o intimidacion,4269
2023,Comunidad de Madrid,5.3.1.-robos con violencia en via publica,2526
2023,Comunidad de Madrid,5.3.2.-robos con violencia en viviendas,214
2023,Comunidad de Madrid,5.3.3.-robos con violencia en establecimientos,1020
2023,Comunidad de Madrid,5.4.-sustraccion de vehiculos,1929
2023,Comunidad de Madrid,5.5.-estafas,10272
2023,Comunidad de Madrid,5.5.1.-estafas informaticas,5966
2023,Comunidad de Madrid,5.6.-danos,3447
2023,Comunidad de Madrid,5.7.-contra la propiedad intelectual/industrial,105
2023,Comunidad de Madrid,5.8.-blanqueo de capitales,82
2023,Comunidad de Madrid,5.9.-otros contra el patrimonio,4053
2023,Comunidad de Madrid,6. seguridad colectiva,8745
2023,Comunidad de Madrid,6.1.-trafico de drogas,3302
2023,Comunidad de Madrid,6.2.-contra la seguridad vial,5283
2023,Comunidad de Madrid,6.3.-otros contra la seguridad colectiva,160
2023,Comunidad de Madrid,7. falsedades,2967
2023,Comunidad de Madrid,8. admon. publica,35
2023,Comunidad de Madrid,9. admon. justicia,5577
2023,Comunidad de Madrid,total infracciones penales,127310
2023,Extremadura,1. contra las personas,3499
2023,Extremadura,1.1.-homicidios dolosos/asesinatos,18
2023,Extremadura,1.1.1.-homicidios dolosos/asesinatos consumados,4
2023,Extremadura,1.2.-lesiones,2070
2023,Extremadura,1.3.-malos tratos ambito familiar,1358
2023,Extremadura,1.4.-otros contra las personas,53
2023,Extremadura,10. orden publico,407
2023,Extremadura,11. legislacion especial,10
2023,Extremadura,12. otras infracciones penales,226
2023,Extremadura,2. contra la libertad,2571
2023,Extremadura,2.1.-malos tratos habituales en el ambito familiar,314
2023,Extremadura,2.2.-otros contra la libertad,2257
2023,Extremadura,3. libertad sexual,261
2023,Extremadura,3.1.-agresion sexual,170
2023,Extremadura,3.2.-agresion sexual con penetracion,43
2023,Extremadura,3.3.-corrupcion de menores o incapacitados,7
2023,Extremadura,3.4.-pornografia de menores,8
2023,Extremadura,3.5.-otros contra la libertad sexual,33
2023,Extremadura,4. relaciones familiares,209
2023,Extremadura,5. patrimonio,5983
2023,Extremadura,5.1.-hurtos,2027
2023,Extremadura,5.2.-robos con fuerza en las cosas,685
2023,Extremadura,5.2.1.-robos con fuerza en las cosas en el interior de vehiculos,111
2023,Extremadura,5.2.2.-robos con fuerza en viviendas,205
2023,Extremadura,5.2.3.-robos con fuerza en establecimientos,177
2023,Extremadura,5.3.-robos con violencia o intimidacion,205
2023,Extremadura,5.3.1.-robos con violencia en via publica,83
2023,Extremadura,5.3.2.-robos con violencia en viviendas,36
2023,Extremadura,5.3.3.-robos con violencia en establecimientos,64
2023,Extremadura,5.4.-sustraccion de vehiculos,84
2023,Extremadura,5.5.-estafas,1833
2023,Extremadura,5.5.1.-estafas informaticas,1395
2023,Extremadura,5.6.-danos,661
2023,Extremadura,5.7.-contra la propiedad intelectual/industrial,19
2023,Extremadura,5.8.-blanqueo de capitales,7
2023,Extremadura,5.9.-otros contra el patrimonio,462
2023,Extremadura,6. seguridad colectiva,1218
2023,Extremadura,6.1.-trafico de drogas,311
2023,Extremadura,6.2.-contra la seguridad vial,866
2023,Extremadura,6.3.-otros contra la seguridad colectiva,41
2023,Extremadura,7. falsedades,396
2023,Extremadura,8. admon. publica,3
2023,Extremadura,9. admon. justicia,867
2023,Extremadura,total infracciones penales,15650
2023,Galicia,1. contra las personas,9152
2023,Galicia,1.1.-homicidios dolosos/asesinatos,69
2023,Galicia,1.1.1.-homicidios dolosos/asesinatos consumados,16
2023,Galicia,1.2.-lesiones,4958
2023,Galicia,1.3.-malos tratos ambito familiar,3832
2023,Galicia,1.4.-otros contra las personas,293
2023,Galicia,10. orden publico,958
2023,Galicia,11. legislacion especial,4
2023,Galicia,12. otras infracciones penales,520
2023,Galicia,2. contra la libertad,6355
2023,Galicia,2.1.-malos tratos habituales en el ambito familiar,859
2023,Galicia,2.2.-otros contra la libertad,5496
2023,Galicia,3. libertad sexual,799
2023,Galicia,3.1.-agresion sexual,441
2023,Galicia,3.2.-agresion sexual con penetracion,186
2023,Galicia,3.3.-corrupcion de menores o incapacitados,8
2023,Galicia,3.4.-pornografia de menores,38
2023,Galicia,3.5.-otros contra la libertad sexual,126
2023,Galicia,4. relaciones familiares,201
2023,Galicia,5. patrimonio,15291
2023,Galicia,5.1.-hurtos,5740
2023,Galicia,5.2.-robos con fuerza en las cosas,1847
2023,Galicia,5.2.1.-robos con fuerza en las cosas en el interior de vehiculos,457
2023,Galicia,5.2.2.-robos con fuerza en viviendas,431
2023,Galicia,5.2.3.-robos con fuerza en establecimientos,629
2023,Galicia,5.3.-robos con violencia o intimidacion,606
2023,Galicia,5.3.1.-robos con violencia en via publica,258
2023,Galicia,5.3.2.-robos con violencia en viviendas,62
2023,Galicia,5.3.3.-robos con violencia en establecimientos,220
2023,Galicia,5.4.-sustraccion de vehiculos,310
2023,Galicia,5.5.-estafas,3634
2023,Galicia,5.5.1.-estafas informaticas,2338
2023,Galicia,5.6.-danos,2107
2023,Galicia,5.7.-contra la propiedad intelectual/industrial,35
2023,Galicia,5.8.-blanqueo de capitales,11
2023,Galicia,5.9.-otros contra el patrimonio,1001
2023,Galicia,6. seguridad colectiva,4598
2023,Galicia,6.1.-trafico de drogas,479
2023,Galicia,6.2.-contra la seguridad vial,3998
2023,Galicia,6.3.-otros contra la seguridad colectiva,121
2023,Galicia,7. falsedades,503
2023,Galicia,8. admon. publica,21
2023,Galicia,9. admon. justicia,1789
2023,Galicia,total infracciones penales,40191
2023,Illes Balears,1. contra las personas,8860
2023,Illes Balears,1.1.-homicidios dolosos/asesinatos,47
2023,Illes Balears,1.1.1.-homicidios dolosos/asesinatos consumados,9
2023,Illes Balears,1.2.-lesiones,3215
2023,Illes Balears,1.3.-malos tratos ambito familiar,5381
2023,Illes Balears,1.4.-otros contra las personas,217
2023,Illes Balears,10. orden publico,900
2023,Illes Balears,11. legislacion especial,1
2023,Illes Balears,12. otras infracciones penales,244
2023,Illes Balears,2. contra la libertad,4657
2023,Illes Balears,2.1.-malos tratos habituales en el ambito familiar,680
2023,Illes Balears,2.2.-otros contra la libertad,3977
2023,Illes Balears,3. libertad sexual,774
2023,Illes Balears,3.1.-agresion sexual,521
2023,Illes Balears,3.2.-agresion sexual con penetracion,131
2023,Illes Balears,3.3.-corrupcion de menores o incapacitados,16
2023,Illes Balears,3.4.-pornografia de menores,22
2023,Illes Balears,3.5.-otros contra la libertad sexual,84
2023,Illes Balears,4. relaciones familiares,219
2023,Illes Balears,5. patrimonio,10580
2023,Illes Balears,5.1.-hurtos,4322
2023,Illes Balears,5.2.-robos con fuerza en las cosas,1378
2023,Illes Balears,5.2.1.-robos con fuerza en las cosas en el interior de vehiculos,355
2023,Illes Balears,5.2.2.-robos con fuerza en viviendas,494
2023,Illes Balears,5.2.3.-robos con fuerza en establecimientos,294
2023,Illes Balears,5.3.-robos con violencia o intimidacion,595
2023,Illes Balears,5.3.1.-robos con violencia en via publica,330
2023,Illes Balears,5.3.2.-robos con violencia en viviendas,47
2023,Illes Balears,5.3.3.-robos con violencia en establecimientos,138
2023,Illes Balears,5.4.-sustraccion de vehiculos,485
2023,Illes Balears,5.5.-estafas,1774
2023,Illes Balears,5.5.1.-estafas informaticas,918
2023,Illes Balears,5.6.-danos,1062
2023,Illes Balears,5.7.-contra la propiedad intelectual/industrial,69
2023,Illes Balears,5.8.-blanqueo de capitales,6
2023,Illes Balears,5.9.-otros contra el patrimonio,889
2023,Illes Balears,6. seguridad colectiva,2718
2023,Illes Balears,6.1.-trafico de drogas,728
2023,Illes Balears,6.2.-contra la seguridad vial,1836
2023,Illes Balears,6.3.-otros contra la seguridad colectiva,154
2023,Illes Balears,7. falsedades,359
2023,Illes Balears,8. admon. publica,10
2023,Illes Balears,9. admon. justicia,1683
2023,Illes Balears,total infracciones penales,31005
2023,La Rioja,1. contra las personas,1381
2023,La Rioja,1.1.-homicidios dolosos/asesinatos,15
2023,La Rioja,1.1.1.-homicidios dolosos/asesinatos consumados,3
2023,La Rioja,1.2.-lesiones,637
2023,La Rioja,1.3.-malos tratos ambito familiar,688
2023,La Rioja,1.4.-otros contra las personas,41
2023,La Rioja,10. orden publico,147
2023,La Rioja,11. legislacion especial,3
2023,La Rioja,12. otras infracciones penales,40
2023,La Rioja,2. contra la libertad,645
2023,La Rioja,2.1.-malos tratos habituales en el ambito familiar,93
2023,La Rioja,2.2.-otros contra la libertad,552
2023,La Rioja,3. libertad sexual,110
2023,La Rioja,3.1.-agresion sexual,73
2023,La Rioja,3.2.-agresion sexual con penetracion,17
2023,La Rioja,3.3.-corrupcion de menores o incapacitados,5
2023,La Rioja,3.4.-pornografia de menores,7
2023,La Rioja,3.5.-otros contra la libertad sexual,8
2023,La Rioja,4. relaciones familiares,28
2023,La Rioja,5. patrimonio,2095
2023,La Rioja,5.1.-hurtos,857
2023,La Rioja,5.2.-robos con fuerza en las cosas,291
2023,La Rioja,5.2.1.-robos con fuerza en las cosas en el interior de vehiculos,43
2023,La Rioja,5.2.2.-robos con fuerza en viviendas,93
2023,La Rioja,5.2.3.-robos con fuerza en establecimientos,62
2023,La Rioja,5.3.-robos con violencia o intimidacion,78
2023,La Rioja,5.3.1.-robos con violencia en via publica,39
2023,La Rioja,5.3.2.-robos con violencia en viviendas,8
2023,La Rioja,5.3.3.-robos con violencia en establecimientos,20
2023,La Rioja,5.4.-sustraccion de vehiculos,29
2023,La Rioja,5.5.-estafas,419
2023,La Rioja,5.5.1.-estafas informaticas,255
2023,La Rioja,5.6.-danos,235
2023,La Rioja,5.7.-contra la propiedad intelectual/industrial,2
2023,La Rioja,5.8.-blanqueo de capitales,0
2023,La Rioja,5.9.-otros contra el patrimonio,184
2023,La Rioja,6. seguridad colectiva,429
2023,La Rioja,6.1.-trafico de drogas,90
2023,La Rioja,6.2.-contra la seguridad vial,332
2023,La Rioja,6.3.-otros contra la seguridad colectiva,7
2023,La Rioja,7. falsedades,67
2023,La Rioja,8. admon. publica,4
2023,La Rioja,9. admon. justicia,288
2023,La Rioja,total infracciones penales,5237
2023,Melilla,1. contra las personas,839
2023,Melilla,1.1.-homicidios dolosos/asesinatos,3
2023,Melilla,1.1.1.-homicidios dolosos/asesinatos consumados,0
2023,Melilla,1.2.-lesiones,424
2023,Melilla,1.3.-malos tratos ambito familiar,399
2023,Melilla,1.4.-otros contra las personas,13
2023,Melilla,10. orden publico,100
2023,Melilla,11. legislacion especial,4
2023,Melilla,12. otras infracciones penales,41
2023,Melilla,2. contra la libertad,384
2023,Melilla,2.1.-malos tratos habituales en el ambito familiar,4
2023,Melilla,2.2.-otros contra la libertad,380
2023,Melilla,3. libertad sexual,37
2023,Melilla,3.1.-agresion sexual,30
2023,Melilla,3.2.-agresion sexual con penetracion,3
2023,Melilla,3.3.-corrupcion de menores o incapacitados,0
2023,Melilla,3.4.-pornografia de menores,2
2023,Melilla,3.5.-otros contra la libertad sexual,2
2023,Melilla,4. relaciones familiares,12
2023,Melilla,5. patrimonio,827
2023,Melilla,5.1.-hurtos,311
2023,Melilla,5.2.-robos con fuerza en las cosas,93
2023,Melilla,5.2.1.-robos con fuerza en las cosas en el interior de vehiculos,23
2023,Melilla,5.2.2.-robos con fuerza en viviendas,28
2023,Melilla,5.2.3.-robos con fuerza en establecimientos,30
2023,Melilla,5.3.-robos con violencia o intimidacion,92
2023,Melilla,5.3.1.-robos con violencia en via publica,66
2023,Melilla,5.3.2.-robos con violencia en viviendas,9
2023,Melilla,5.3.3.-robos con violencia en establecimientos,10
2023,Melilla,5.4.-sustraccion de vehiculos,15
2023,Melilla,5.5.-estafas,143
2023,Melilla,5.5.1.-estafas informaticas,94
2023,Melilla,5.6.-danos,125
2023,Melilla,5.7.-contra la propiedad intelectual/industrial,1
2023,Melilla,5.8.-blanqueo de capitales,0
2023,Melilla,5.9.-otros contra el patrimonio,47
2023,Melilla,6. seguridad colectiva,317
2023,Melilla,6.1.-trafico de drogas,59
2023,Melilla,6.2.-contra la seguridad vial,253
2023,Melilla,6.3.-otros contra la seguridad colectiva,5
2023,Melilla,7. falsedades,44
2023,Melilla,8. admon. publica,4
2023,Melilla,9. admon. justicia,134
2023,Melilla,total infracciones penales,2743
2023,País Vasco,1. contra las personas,37
2023,País Vasco,1.1.-homicidios dolosos/asesinatos,1
2023,País Vasco,1.1.1.-homicidios dolosos/asesinatos consumados,1
2023,País Vasco,1.2.-lesiones,9
2023,País Vasco,1.3.-malos tratos ambito familiar,25
2023,País Vasco,1.4.-otros contra las personas,2
2023,País Vasco,10. orden publico,31
2023,País Vasco,11. legislacion especial,7
2023,País Vasco,12. otras infracciones penales,44
2023,País Vasco,2. contra la libertad,41
2023,País Vasco,2.1.-malos tratos habituales en el ambito familiar,3
2023,País Vasco,2.2.-otros contra la libertad,38
2023,País Vasco,3. libertad sexual,55
2023,País Vasco,3.1.-agresion sexual,23
2023,País Vasco,3.2.-agresion sexual con penetracion,3
2023,País Vasco,3.3.-corrupcion de menores o incapacitados,1
2023,País Vasco,3.4.-pornografia de menores,23
2023,País Vasco,3.5.-otros contra la libertad sexual,5
2023,País Vasco,4. relaciones familiares,8
2023,País Vasco,5. patrimonio,475
2023,País Vasco,5.1.-hurtos,25
2023,País Vasco,5.2.-robos con fuerza en las cosas,18
2023,País Vasco,5.2.1.-robos con fuerza en las cosas en el interior de vehiculos,2
2023,País Vasco,5.2.2.-robos con fuerza en viviendas,3
2023,País Vasco,5.2.3.-robos con fuerza en establecimientos,6
2023,País Vasco,5.3.-robos con violencia o intimidacion,6
2023,País Vasco,5.3.1.-robos con violencia en via publica,3
2023,País Vasco,5.3.2.-robos con violencia en viviendas,0
2023,País Vasco,5.3.3.-robos con violencia en establecimientos,1
2023,País Vasco,5.4.-sustraccion de vehiculos,62
2023,País Vasco,5.5.-estafas,277
2023,País Vasco,5.5.1.-estafas informaticas,235
2023,País Vasco,5.6.-danos,12
2023,País Vasco,5.7.-contra la propiedad intelectual/industrial,33
2023,País Vasco,5.8.-blanqueo de capitales,11
2023,País Vasco,5.9.-otros contra el patrimonio,31
2023,País Vasco,6. seguridad colectiva,69
2023,País Vasco,6.1.-trafico de drogas,53
2023,País Vasco,6.2.-contra la seguridad vial,8
2023,País Vasco,6.3.-otros contra la seguridad colectiva,8
2023,País Vasco,7. falsedades,115
2023,País Vasco,8. admon. publica,4
2023,País Vasco,9. admon. justicia,32
2023,País Vasco,total infracciones penales,918
2023,Principado de Asturias,1. contra las personas,3933
2023,Principado de Asturias,1.1.-homicidios dolosos/asesinatos,21
2023,Principado de Asturias,1.1.1.-homicidios dolosos/asesinatos consumados,6
2023,Principado de Asturias,1.2.-lesiones,1973
2023,Principado de Asturias,1.3.-malos tratos ambito familiar,1875
2023,Principado de Asturias,1.4.-otros contra las personas,64
2023,Principado de Asturias,10. orden publico,507
2023,Principado de Asturias,11. legislacion especial,5
2023,Principado de Asturias,12. otras infracciones penales,224
2023,Principado de Asturias,2. contra la libertad,2075
2023,Principado de Asturias,2.1.-malos tratos habituales en el ambito familiar,94
2023,Principado de Asturias,2.2.-otros contra la libertad,1981
2023,Principado de Asturias,3. libertad sexual,291
2023,Principado de Asturias,3.1.-agresion sexual,183
2023,Principado de Asturias,3.2.-agresion sexual con penetracion,61
2023,Principado de Asturias,3.3.-corrupcion de menores o incapacitados,6
2023,Principado de Asturias,3.4.-pornografia de menores,14
2023,Principado de Asturias,3.5.-otros contra la libertad sexual,27
2023,Principado de Asturias,4. relaciones familiares,92
2023,Principado de Asturias,5. patrimonio,7338
2023,Principado de Asturias,5.1.-hurtos,3132
2023,Principado de Asturias,5.2.-robos con fuerza en las cosas,691
2023,Principado de Asturias,5.2.1.-robos con fuerza en las cosas en el interior de vehiculos,138
2023,Principado de Asturias,5.2.2.-robos con fuerza en viviendas,233
2023,Principado de Asturias,5.2.3.-robos con fuerza en establecimientos,200
2023,Principado de Asturias,5.3.-robos con violencia o intimidacion,273
2023,Principado de Asturias,5.3.1.-robos con violencia en via publica,133
2023,Principado de Asturias,5.3.2.-robos con violencia en viviendas,28
2023,Principado de Asturias,5.3.3.-robos con violencia en establecimientos,80
2023,Principado de Asturias,5.4.-sustraccion de vehiculos,133
2023,Principado de Asturias,5.5.-estafas,1981
2023,Principado de Asturias,5.5.1.-estafas informaticas,1394
2023,Principado de Asturias,5.6.-danos,720
2023,Principado de Asturias,5.7.-contra la propiedad intelectual/industrial,8
2023,Principado de Asturias,5.8.-blanqueo de capitales,2
2023,Principado de Asturias,5.9.-otros contra el patrimonio,398
2023,Principado de Asturias,6. seguridad colectiva,1023
2023,Principado de Asturias,6.1.-trafico de drogas,189
2023,Principado de Asturias,6.2.-contra la seguridad vial,768
2023,Principado de Asturias,6.3.-otros contra la seguridad colectiva,66
2023,Principado de Asturias,7. falsedades,191
2023,Principado de Asturias,8. admon. publica,3
2023,Principado de Asturias,9. admon. justicia,846
2023,Principado de Asturias,total infracciones penales,16528
2023,Región de Murcia,1. contra las personas,7748
2023,Región de Murcia,1.1.-homicidios dolosos/asesinatos,78
2023,Región de Murcia,1.1.1.-homicidios dolosos/asesinatos consumados,15
2023,Región de Murcia,1.2.-lesiones,3517
2023,Región de Murcia,1.3.-malos tratos ambito familiar,4008
2023,Región de Murcia,1.4.-otros contra las personas,145
2023,Región de Murcia,10. orden publico,1024
2023,Región de Murcia,11. legislacion especial,16
2023,Región de Murcia,12. otras infracciones penales,438
2023,Región de Murcia,2. contra la libertad,4422
2023,Región de Murcia,2.1.-malos tratos habituales en el ambito familiar,388
2023,Región de Murcia,2.2.-otros contra la libertad,4034
2023,Región de Murcia,3. libertad sexual,626
2023,Región de Murcia,3.1.-agresion sexual,417
2023,Región de Murcia,3.2.-agresion sexual con penetracion,107
2023,Región de Murcia,3.3.-corrupcion de menores o incapacitados,17
2023,Región de Murcia,3.4.-pornografia de menores,24
2023,Región de Murcia,3.5.-otros contra la libertad sexual,61
2023,Región de Murcia,4. relaciones familiares,649
2023,Región de Murcia,5. patrimonio,11473
2023,Región de Murcia,5.1.-hurtos,3603
2023,Región de Murcia,5.2.-robos con fuerza en las cosas,1875
2023,Región de Murcia,5.2.1.-robos con fuerza en las cosas en el interior de vehiculos,506
2023,Región de Murcia,5.2.2.-robos con fuerza en viviendas,590
2023,Región de Murcia,5.2.3.-robos con fuerza en establecimientos,429
2023,Región de Murcia,5.3.-robos con violencia o intimidacion,899
2023,Región de Murcia,5.3.1.-robos con violencia en via publica,487
2023,Región de Murcia,5.3.2.-robos con violencia en viviendas,65
2023,Región de Murcia,5.3.3.-robos con violencia en establecimientos,245
2023,Región de Murcia,5.4.-sustraccion de vehiculos,332
2023,Región de Murcia,5.5.-estafas,2679
2023,Región de Murcia,5.5.1.-estafas informaticas,1842
2023,Región de Murcia,5.6.-danos,1029
2023,Región de Murcia,5.7.-contra la propiedad intelectual/industrial,37
2023,Región de Murcia,5.8.-blanqueo de capitales,12
2023,Región de Murcia,5.9.-otros contra el patrimonio,1007
2023,Región de Murcia,6. seguridad colectiva,1659
2023,Región de Murcia,6.1.-trafico de drogas,569
2023,Región de Murcia,6.2.-contra la seguridad vial,1034
2023,Región de Murcia,6.3.-otros contra la seguridad colectiva,56
2023,Región de Murcia,7. falsedades,655
2023,Región de Murcia,8. admon. publica,15
2023,Región de Murcia,9. admon. justicia,1789
2023,Región de Murcia,total infracciones penales,30514
