ano,region,tipo,valor
2010,ANDALUCIA,1. contra las personas,63795
2010,ANDALUCIA,1.1.-homicidios dolosos/asesinatos,276
2010,ANDALUCIA,1.1.1.-homicidios dolosos/asesinatos consumados,78
2010,ANDALUCIA,1.2.-lesiones,22742
2010,ANDALUCIA,1.3.-malos tratos ambito familiar,12849
2010,ANDALUCIA,1.4.-otros contra las personas,27928
2010,ANDALUCIA,10. orden publico,6181
2010,ANDALUCIA,11. legislacion especial,78
2010,ANDALUCIA,12. otras infracciones penales,1378
2010,ANDALUCIA,2. contra la libertad,6570
2010,ANDALUCIA,2.1.-malos tratos habituales en el ambito familiar,2488
2010,ANDALUCIA,2.2.-otros contra la libertad,4082
2010,ANDALUCIA,3. libertad sexual,1768
2010,ANDALUCIA,3.1.-agresion sexual,959
2010,ANDALUCIA,3.2.-agresion sexual con penetracion,279
2010,ANDALUCIA,3.3.-corrupcion de menores o incapacitados,75
2010,ANDALUCIA,3.4.-pornografia de menores,138
2010,ANDALUCIA,3.5.-otros contra la libertad sexual,317
2010,ANDALUCIA,4. relaciones familiares,1405
2010,ANDALUCIA,5. patrimonio,303476
2010,ANDALUCIA,5.1.-hurtos,136528
2010,ANDALUCIA,5.2.-robos con fuerza en las cosas,79070
2010,ANDALUCIA,5.2.1.-robos con fuerza en las cosas en el interior de vehiculos,25045
2010,ANDALUCIA,5.2.2.-robos con fuerza en viviendas,20541
2010,ANDALUCIA,5.2.3.-robos con fuerza en establecimientos,10205
2010,ANDALUCIA,5.3.-robos con violencia o intimidacion,12194
2010,ANDALUCIA,5.3.1.-robos con violencia en via publica,8925
2010,ANDALUCIA,5.3.2.-robos con violencia en viviendas,670
2010,ANDALUCIA,5.3.3.-robos con violencia en establecimientos,1699
2010,ANDALUCIA,5.4.-sustraccion de vehiculos,14065
2010,ANDALUCIA,5.5.-estafas,12900
2010,ANDALUCIA,5.5.1.-estafas informaticas,3433
2010,ANDALUCIA,5.6.-danos,44486
2010,ANDALUCIA,5.7.-contra la propiedad intelectual/industrial,809
2010,ANDALUCIA,5.8.-blanqueo de capitales,49
2010,ANDALUCIA,5.9.-otros contra el patrimonio,3375
2010,ANDALUCIA,6. seguridad colectiva,16049
2010,ANDALUCIA,6.1.-trafico de drogas,3019
2010,ANDALUCIA,6.2.-contra la seguridad vial,12409
2010,ANDALUCIA,6.3.-otros contra la seguridad colectiva,621
2010,ANDALUCIA,7. falsedades,2638
2010,ANDALUCIA,8. admon. publica,101
2010,ANDALUCIA,9. admon. justicia,5957
2010,ANDALUCIA,total infracciones penales,409396
2010,ARAGON,1. contra las personas,6752
2010,ARAGON,1.1.-homicidios dolosos/asesinatos,23
2010,ARAGON,1.1.1.-homicidios dolosos/asesinatos consumados,10
2010,ARAGON,1.2.-lesiones,2658
2010,ARAGON,1.3.-malos tratos ambito familiar,1513
2010,ARAGON,1.4.-otros contra las personas,2558
2010,ARAGON,10. orden publico,772
2010,ARAGON,11. legislacion especial,3
2010,ARAGON,12. otras infracciones penales,150
2010,ARAGON,2. contra la libertad,966
2010,ARAGON,2.1.-malos tratos habituales en el ambito familiar,418
2010,ARAGON,2.2.-otros contra la libertad,548
2010,ARAGON,3. libertad sexual,310
2010,ARAGON,3.1.-agresion sexual,168
2010,ARAGON,3.2.-agresion sexual con penetracion,65
2010,ARAGON,3.3.-corrupcion de menores o incapacitados,7
2010,ARAGON,3.4.-pornografia de menores,29
2010,ARAGON,3.5.-otros contra la libertad sexual,41
2010,ARAGON,4. relaciones familiares,140
2010,ARAGON,5. patrimonio,39806
2010,ARAGON,5.1.-hurtos,17195
2010,ARAGON,5.2.-robos con fuerza en las cosas,9835
2010,ARAGON,5.2.1.-robos con fuerza en las cosas en el interior de vehiculos,2003
2010,ARAGON,5.2.2.-robos con fuerza en viviendas,2184
2010,ARAGON,5.2.3.-robos con fuerza en establecimientos,1686
2010,ARAGON,5.3.-robos con violencia o intimidacion,1620
2010,ARAGON,5.3.1.-robos con violencia en via publica,1102
2010,ARAGON,5.3.2.-robos con violencia en viviendas,102
2010,ARAGON,5.3.3.-robos con violencia en establecimientos,256
2010,ARAGON,5.4.-sustraccion de vehiculos,1017
2010,ARAGON,5.5.-estafas,1862
2010,ARAGON,5.5.1.-estafas informaticas,536
2010,ARAGON,5.6.-danos,7686
2010,ARAGON,5.7.-contra la propiedad intelectual/industrial,101
2010,ARAGON,5.8.-blanqueo de capitales,3
2010,ARAGON,5.9.-otros contra el patrimonio,487
2010,ARAGON,6. seguridad colectiva,1380
2010,ARAGON,6.1.-trafico de drogas,311
2010,ARAGON,6.2.-contra la seguridad vial,907
2010,ARAGON,6.3.-otros contra la seguridad colectiva,162
2010,ARAGON,7. falsedades,331
2010,ARAGON,8. admon. publica,11
2010,ARAGON,9. admon. justicia,593
2010,ARAGON,total infracciones penales,51214
2010,ASTURIAS (PRINCIPADO DE),1. contra las personas,6171
2010,ASTURIAS (PRINCIPADO DE),1.1.-homicidios dolosos/asesinatos,37
2010,ASTURIAS (PRINCIPADO DE),1.1.1.-homicidios dolosos/asesinatos consumados,19
2010,ASTURIAS (PRINCIPADO DE),1.2.-lesiones,2315
2010,ASTURIAS (PRINCIPADO DE),1.3.-malos tratos ambito familiar,1342
2010,ASTURIAS (PRINCIPADO DE),1.4.-otros contra las personas,2477
2010,ASTURIAS (PRINCIPADO DE),10. orden publico,708
2010,ASTURIAS (PRINCIPADO DE),11. legislacion especial,2
2010,ASTURIAS (PRINCIPADO DE),12. otras infracciones penales,102
2010,ASTURIAS (PRINCIPADO DE),2. contra la libertad,660
2010,ASTURIAS (PRINCIPADO DE),2.1.-malos tratos habituales en el ambito familiar,208
2010,ASTURIAS (PRINCIPADO DE),2.2.-otros contra la libertad,452
2010,ASTURIAS (PRINCIPADO DE),3. libertad sexual,153
2010,ASTURIAS (PRINCIPADO DE),3.1.-agresion sexual,76
2010,ASTURIAS (PRINCIPADO DE),3.2.-agresion sexual con penetracion,25
2010,ASTURIAS (PRINCIPADO DE),3.3.-corrupcion de menores o incapacitados,6
2010,ASTURIAS (PRINCIPADO DE),3.4.-pornografia de menores,25
2010,ASTURIAS (PRINCIPADO DE),3.5.-otros contra la libertad sexual,21
2010,ASTURIAS (PRINCIPADO DE),4. relaciones familiares,117
2010,ASTURIAS (PRINCIPADO DE),5. patrimonio,18724
2010,ASTURIAS (PRINCIPADO DE),5.1.-hurtos,8721
2010,ASTURIAS (PRINCIPADO DE),5.2.-robos con fuerza en las cosas,4028
2010,ASTURIAS (PRINCIPADO DE),5.2.1.-robos con fuerza en las cosas en el interior de vehiculos,797
2010,ASTURIAS (PRINCIPADO DE),5.2.2.-robos con fuerza en viviendas,770
2010,ASTURIAS (PRINCIPADO DE),5.2.3.-robos con fuerza en establecimientos,1122
2010,ASTURIAS (PRINCIPADO DE),5.3.-robos con violencia o intimidacion,612
2010,ASTURIAS (PRINCIPADO DE),5.3.1.-robos con violencia en via publica,396
2010,ASTURIAS (PRINCIPADO DE),5.3.2.-robos con violencia en viviendas,46
2010,ASTURIAS (PRINCIPADO DE),5.3.3.-robos con violencia en establecimientos,114
2010,ASTURIAS (PRINCIPADO DE),5.4.-sustraccion de vehiculos,665
2010,ASTURIAS (PRINCIPADO DE),5.5.-estafas,1125
2010,ASTURIAS (PRINCIPADO DE),5.5.1.-estafas informaticas,320
2010,ASTURIAS (PRINCIPADO DE),5.6.-danos,3294
2010,ASTURIAS (PRINCIPADO DE),5.7.-contra la propiedad intelectual/industrial,32
2010,ASTURIAS (PRINCIPADO DE),5.8.-blanqueo de capitales,1
2010,ASTURIAS (PRINCIPADO DE),5.9.-otros contra el patrimonio,246
2010,ASTURIAS (PRINCIPADO DE),6. seguridad colectiva,1194
2010,ASTURIAS (PRINCIPADO DE),6.1.-trafico de drogas,154
2010,ASTURIAS (PRINCIPADO DE),6.2.-contra la seguridad vial,994
2010,ASTURIAS (PRINCIPADO DE),6.3.-otros contra la seguridad colectiva,46
2010,ASTURIAS (PRINCIPADO DE),7. falsedades,129
2010,ASTURIAS (PRINCIPADO DE),8. admon. publica,2
2010,ASTURIAS (PRINCIPADO DE),9. admon. justicia,519
2010,ASTURIAS (PRINCIPADO DE),total infracciones penales,28481
2010,BALEARS (ILLES),1. contra las personas,8938
2010,BALEARS (ILLES),1.1.-homicidios dolosos/asesinatos,41
2010,BALEARS (ILLES),1.1.1.-homicidios dolosos/asesinatos consumados,6
2010,BALEARS (ILLES),1.2.-lesiones,3358
2010,BALEARS (ILLES),1.3.-malos tratos ambito familiar,2137
2010,BALEARS (ILLES),1.4.-otros contra las personas,3402
2010,BALEARS (ILLES),10. orden publico,854
2010,BALEARS (ILLES),11. legislacion especial,1
2010,BALEARS (ILLES),12. otras infracciones penales,200
2010,BALEARS (ILLES),2. contra la libertad,1515
2010,BALEARS (ILLES),2.1.-malos tratos habituales en el ambito familiar,592
2010,BALEARS (ILLES),2.2.-otros contra la libertad,923
2010,BALEARS (ILLES),3. libertad sexual,426
2010,BALEARS (ILLES),3.1.-agresion sexual,213
2010,BALEARS (ILLES),3.2.-agresion sexual con penetracion,65
2010,BALEARS (ILLES),3.3.-corrupcion de menores o incapacitados,16
2010,BALEARS (ILLES),3.4.-pornografia de menores,43
2010,BALEARS (ILLES),3.5.-otros contra la libertad sexual,89
2010,BALEARS (ILLES),4. relaciones familiares,161
2010,BALEARS (ILLES),5. patrimonio,54693
2010,BALEARS (ILLES),5.1.-hurtos,28551
2010,BALEARS (ILLES),5.2.-robos con fuerza en las cosas,13221
2010,BALEARS (ILLES),5.2.1.-robos con fuerza en las cosas en el interior de vehiculos,2774
2010,BALEARS (ILLES),5.2.2.-robos con fuerza en viviendas,3476
2010,BALEARS (ILLES),5.2.3.-robos con fuerza en establecimientos,2468
2010,BALEARS (ILLES),5.3.-robos con violencia o intimidacion,1476
2010,BALEARS (ILLES),5.3.1.-robos con violencia en via publica,1031
2010,BALEARS (ILLES),5.3.2.-robos con violencia en viviendas,73
2010,BALEARS (ILLES),5.3.3.-robos con violencia en establecimientos,189
2010,BALEARS (ILLES),5.4.-sustraccion de vehiculos,1970
2010,BALEARS (ILLES),5.5.-estafas,2634
2010,BALEARS (ILLES),5.5.1.-estafas informaticas,546
2010,BALEARS (ILLES),5.6.-danos,5763
2010,BALEARS (ILLES),5.7.-contra la propiedad intelectual/industrial,89
2010,BALEARS (ILLES),5.8.-blanqueo de capitales,10
2010,BALEARS (ILLES),5.9.-otros contra el patrimonio,979
2010,BALEARS (ILLES),6. seguridad colectiva,2078
2010,BALEARS (ILLES),6.1.-trafico de drogas,320
2010,BALEARS (ILLES),6.2.-contra la seguridad vial,1638
2010,BALEARS (ILLES),6.3.-otros contra la seguridad colectiva,120
2010,BALEARS (ILLES),7. falsedades,388
2010,BALEARS (ILLES),8. admon. publica,20
2010,BALEARS (ILLES),9. admon. justicia,888
2010,BALEARS (ILLES),total infracciones penales,70162
2010,CANARIAS,1. contra las personas,21268
2010,CANARIAS,1.1.-homicidios dolosos/asesinatos,61
2010,CANARIAS,1.1.1.-homicidios dolosos/asesinatos consumados,17
2010,CANARIAS,1.2.-lesiones,7562
2010,CANARIAS,1.3.-malos tratos ambito familiar,3512
2010,CANARIAS,1.4.-otros contra las personas,10133
2010,CANARIAS,10. orden publico,1643
2010,CANARIAS,11. legislacion especial,5
2010,CANARIAS,12. otras infracciones penales,171
2010,CANARIAS,2. contra la libertad,2133
2010,CANARIAS,2.1.-malos tratos habituales en el ambito familiar,967
2010,CANARIAS,2.2.-otros contra la libertad,1166
2010,CANARIAS,3. libertad sexual,598
2010,CANARIAS,3.1.-agresion sexual,283
2010,CANARIAS,3.2.-agresion sexual con penetracion,165
2010,CANARIAS,3.3.-corrupcion de menores o incapacitados,29
2010,CANARIAS,3.4.-pornografia de menores,51
2010,CANARIAS,3.5.-otros contra la libertad sexual,70
2010,CANARIAS,4. relaciones familiares,836
2010,CANARIAS,5. patrimonio,61351
2010,CANARIAS,5.1.-hurtos,29107
2010,CANARIAS,5.2.-robos con fuerza en las cosas,13784
2010,CANARIAS,5.2.1.-robos con fuerza en las cosas en el interior de vehiculos,3573
2010,CANARIAS,5.2.2.-robos con fuerza en viviendas,3750
2010,CANARIAS,5.2.3.-robos con fuerza en establecimientos,2204
2010,CANARIAS,5.3.-robos con violencia o intimidacion,1944
2010,CANARIAS,5.3.1.-robos con violencia en via publica,1321
2010,CANARIAS,5.3.2.-robos con violencia en viviendas,124
2010,CANARIAS,5.3.3.-robos con violencia en establecimientos,281
2010,CANARIAS,5.4.-sustraccion de vehiculos,2929
2010,CANARIAS,5.5.-estafas,3335
2010,CANARIAS,5.5.1.-estafas informaticas,978
2010,CANARIAS,5.6.-danos,9348
2010,CANARIAS,5.7.-contra la propiedad intelectual/industrial,61
2010,CANARIAS,5.8.-blanqueo de capitales,2
2010,CANARIAS,5.9.-otros contra el patrimonio,841
2010,CANARIAS,6. seguridad colectiva,4187
2010,CANARIAS,6.1.-trafico de drogas,799
2010,CANARIAS,6.2.-contra la seguridad vial,3267
2010,CANARIAS,6.3.-otros contra la seguridad colectiva,121
2010,CANARIAS,7. falsedades,439
2010,CANARIAS,8. admon. publica,22
2010,CANARIAS,9. admon. justicia,1312
2010,CANARIAS,total infracciones penales,93965
2010,CANTABRIA,1. contra las personas,3564
2010,CANTABRIA,1.1.-homicidios dolosos/asesinatos,7
2010,CANTABRIA,1.1.1.-homicidios dolosos/asesinatos consumados,2
2010,CANTABRIA,1.2.-lesiones,1519
2010,CANTABRIA,1.3.-malos tratos ambito familiar,562
2010,CANTABRIA,1.4.-otros contra las personas,1476
2010,CANTABRIA,10. orden publico,412
2010,CANTABRIA,11. legislacion especial,1
2010,CANTABRIA,12. otras infracciones penales,73
2010,CANTABRIA,2. contra la libertad,375
2010,CANTABRIA,2.1.-malos tratos habituales en el ambito familiar,188
2010,CANTABRIA,2.2.-otros contra la libertad,187
2010,CANTABRIA,3. libertad sexual,106
2010,CANTABRIA,3.1.-agresion sexual,44
2010,CANTABRIA,3.2.-agresion sexual con penetracion,22
2010,CANTABRIA,3.3.-corrupcion de menores o incapacitados,5
2010,CANTABRIA,3.4.-pornografia de menores,16
2010,CANTABRIA,3.5.-otros contra la libertad sexual,19
2010,CANTABRIA,4. relaciones familiares,56
2010,CANTABRIA,5. patrimonio,11770
2010,CANTABRIA,5.1.-hurtos,5194
2010,CANTABRIA,5.2.-robos con fuerza en las cosas,2547
2010,CANTABRIA,5.2.1.-robos con fuerza en las cosas en el interior de vehiculos,383
2010,CANTABRIA,5.2.2.-robos con fuerza en viviendas,604
2010,CANTABRIA,5.2.3.-robos con fuerza en establecimientos,641
2010,CANTABRIA,5.3.-robos con violencia o intimidacion,397
2010,CANTABRIA,5.3.1.-robos con violencia en via publica,277
2010,CANTABRIA,5.3.2.-robos con violencia en viviendas,27
2010,CANTABRIA,5.3.3.-robos con violencia en establecimientos,70
2010,CANTABRIA,5.4.-sustraccion de vehiculos,396
2010,CANTABRIA,5.5.-estafas,681
2010,CANTABRIA,5.5.1.-estafas informaticas,210
2010,CANTABRIA,5.6.-danos,2286
2010,CANTABRIA,5.7.-contra la propiedad intelectual/industrial,31
2010,CANTABRIA,5.8.-blanqueo de capitales,16
2010,CANTABRIA,5.9.-otros contra el patrimonio,222
2010,CANTABRIA,6. seguridad colectiva,777
2010,CANTABRIA,6.1.-trafico de drogas,102
2010,CANTABRIA,6.2.-contra la seguridad vial,637
2010,CANTABRIA,6.3.-otros contra la seguridad colectiva,38
2010,CANTABRIA,7. falsedades,104
2010,CANTABRIA,8. admon. publica,3
2010,CANTABRIA,9. admon. justicia,246
2010,CANTABRIA,total infracciones penales,17487
2010,CASTILLA - LA MANCHA,1. contra las personas,12305
2010,CASTILLA - LA MANCHA,1.1.-homicidios dolosos/asesinatos,44
2010,CASTILLA - LA MANCHA,1.1.1.-homicidios dolosos/asesinatos consumados,12
2010,CASTILLA - LA MANCHA,1.2.-lesiones,4506
2010,CASTILLA - LA MANCHA,1.3.-malos tratos ambito familiar,2635
2010,CASTILLA - LA MANCHA,1.4.-otros contra las personas,5120
2010,CASTILLA - LA MANCHA,10. orden publico,1275
2010,CASTILLA - LA MANCHA,11. legislacion especial,1
2010,CASTILLA - LA MANCHA,12. otras infracciones penales,211
2010,CASTILLA - LA MANCHA,2. contra la libertad,1099
2010,CASTILLA - LA MANCHA,2.1.-malos tratos habituales en el ambito familiar,494
2010,CASTILLA - LA MANCHA,2.2.-otros contra la libertad,605
2010,CASTILLA - LA MANCHA,3. libertad sexual,307
2010,CASTILLA - LA MANCHA,3.1.-agresion sexual,174
2010,CASTILLA - LA MANCHA,3.2.-agresion sexual con penetracion,47
2010,CASTILLA - LA MANCHA,3.3.-corrupcion de menores o incapacitados,10
2010,CASTILLA - LA MANCHA,3.4.-pornografia de menores,24
2010,CASTILLA - LA MANCHA,3.5.-otros contra la libertad sexual,52
2010,CASTILLA - LA MANCHA,4. relaciones familiares,222
2010,CASTILLA - LA MANCHA,5. patrimonio,50702
2010,CASTILLA - LA MANCHA,5.1.-hurtos,17432
2010,CASTILLA - LA MANCHA,5.2.-robos con fuerza en las cosas,17045
2010,CASTILLA - LA MANCHA,5.2.1.-robos con fuerza en las cosas en el interior de vehiculos,2249
2010,CASTILLA - LA MANCHA,5.2.2.-robos con fuerza en viviendas,5049
2010,CASTILLA - LA MANCHA,5.2.3.-robos con fuerza en establecimientos,2867
2010,CASTILLA - LA MANCHA,5.3.-robos con violencia o intimidacion,1220
2010,CASTILLA - LA MANCHA,5.3.1.-robos con violencia en via publica,772
2010,CASTILLA - LA MANCHA,5.3.2.-robos con violencia en viviendas,95
2010,CASTILLA - LA MANCHA,5.3.3.-robos con violencia en establecimientos,226
2010,CASTILLA - LA MANCHA,5.4.-sustraccion de vehiculos,1876
2010,CASTILLA - LA MANCHA,5.5.-estafas,2754
2010,CASTILLA - LA MANCHA,5.5.1.-estafas informaticas,689
2010,CASTILLA - LA MANCHA,5.6.-danos,9568
2010,CASTILLA - LA MANCHA,5.7.-contra la propiedad intelectual/industrial,81
2010,CASTILLA - LA MANCHA,5.8.-blanqueo de capitales,6
2010,CASTILLA - LA MANCHA,5.9.-otros contra el patrimonio,720
2010,CASTILLA - LA MANCHA,6. seguridad colectiva,3775
2010,CASTILLA - LA MANCHA,6.1.-trafico de drogas,409
2010,CASTILLA - LA MANCHA,6.2.-contra la seguridad vial,3269
2010,CASTILLA - LA MANCHA,6.3.-otros contra la seguridad colectiva,97
2010,CASTILLA - LA MANCHA,7. falsedades,550
2010,CASTILLA - LA MANCHA,8. admon. publica,7
2010,CASTILLA - LA MANCHA,9. admon. justicia,1149
2010,CASTILLA - LA MANCHA,total infracciones penales,71603
2010,CASTILLA Y LEON,1. contra las personas,14241
2010,CASTILLA Y LEON,1.1.-homicidios dolosos/asesinatos,38
2010,CASTILLA Y LEON,1.1.1.-homicidios dolosos/asesinatos consumados,10
2010,CASTILLA Y LEON,1.2.-lesiones,5484
2010,CASTILLA Y LEON,1.3.-malos tratos ambito familiar,2214
2010,CASTILLA Y LEON,1.4.-otros contra las personas,6505
2010,CASTILLA Y LEON,10. orden publico,1539
2010,CASTILLA Y LEON,11. legislacion especial,2
2010,CASTILLA Y LEON,12. otras infracciones penales,294
2010,CASTILLA Y LEON,2. contra la libertad,1260
2010,CASTILLA Y LEON,2.1.-malos tratos habituales en el ambito familiar,569
2010,CASTILLA Y LEON,2.2.-otros contra la libertad,691
2010,CASTILLA Y LEON,3. libertad sexual,295
2010,CASTILLA Y LEON,3.1.-agresion sexual,155
2010,CASTILLA Y LEON,3.2.-agresion sexual con penetracion,41
2010,CASTILLA Y LEON,3.3.-corrupcion de menores o incapacitados,7
2010,CASTILLA Y LEON,3.4.-pornografia de menores,34
2010,CASTILLA Y LEON,3.5.-otros contra la libertad sexual,58
2010,CASTILLA Y LEON,4. relaciones familiares,229
2010,CASTILLA Y LEON,5. patrimonio,61232
2010,CASTILLA Y LEON,5.1.-hurtos,28537
2010,CASTILLA Y LEON,5.2.-robos con fuerza en las cosas,13339
2010,CASTILLA Y LEON,5.2.1.-robos con fuerza en las cosas en el interior de vehiculos,2862
2010,CASTILLA Y LEON,5.2.2.-robos con fuerza en viviendas,2802
2010,CASTILLA Y LEON,5.2.3.-robos con fuerza en establecimientos,2865
2010,CASTILLA Y LEON,5.3.-robos con violencia o intimidacion,1321
2010,CASTILLA Y LEON,5.3.1.-robos con violencia en via publica,818
2010,CASTILLA Y LEON,5.3.2.-robos con violencia en viviendas,110
2010,CASTILLA Y LEON,5.3.3.-robos con violencia en establecimientos,273
2010,CASTILLA Y LEON,5.4.-sustraccion de vehiculos,1410
2010,CASTILLA Y LEON,5.5.-estafas,3173
2010,CASTILLA Y LEON,5.5.1.-estafas informaticas,845
2010,CASTILLA Y LEON,5.6.-danos,12712
2010,CASTILLA Y LEON,5.7.-contra la propiedad intelectual/industrial,78
2010,CASTILLA Y LEON,5.8.-blanqueo de capitales,5
2010,CASTILLA Y LEON,5.9.-otros contra el patrimonio,657
2010,CASTILLA Y LEON,6. seguridad colectiva,3843
2010,CASTILLA Y LEON,6.1.-trafico de drogas,339
2010,CASTILLA Y LEON,6.2.-contra la seguridad vial,3375
2010,CASTILLA Y LEON,6.3.-otros contra la seguridad colectiva,129
2010,CASTILLA Y LEON,7. falsedades,432
2010,CASTILLA Y LEON,8. admon. publica,12
2010,CASTILLA Y LEON,9. admon. justicia,1130
2010,CASTILLA Y LEON,total infracciones penales,84509
2010,CATALUNA,1. contra las personas,37650
2010,CATALUNA,1.1.-homicidios dolosos/asesinatos,270
2010,CATALUNA,1.1.1.-homicidios dolosos/asesinatos consumados,97
2010,CATALUNA,1.2.-lesiones,15552
2010,CATALUNA,1.3.-malos tratos ambito familiar,6481
2010,CATALUNA,1.4.-otros contra las personas,15347
2010,CATALUNA,10. orden publico,4677
2010,CATALUNA,11. legislacion especial,97
2010,CATALUNA,12. otras infracciones penales,1446
2010,CATALUNA,2. contra la libertad,10503
2010,CATALUNA,2.1.-malos tratos habituales en el ambito familiar,3878
2010,CATALUNA,2.2.-otros contra la libertad,6625
2010,CATALUNA,3. libertad sexual,1825
2010,CATALUNA,3.1.-agresion sexual,823
2010,CATALUNA,3.2.-agresion sexual con penetracion,495
2010,CATALUNA,3.3.-corrupcion de menores o incapacitados,59
2010,CATALUNA,3.4.-pornografia de menores,157
2010,CATALUNA,3.5.-otros contra la libertad sexual,291
2010,CATALUNA,4. relaciones familiares,1800
2010,CATALUNA,5. patrimonio,388023
2010,CATALUNA,5.1.-hurtos,181198
2010,CATALUNA,5.2.-robos con fuerza en las cosas,93702
2010,CATALUNA,5.2.1.-robos con fuerza en las cosas en el interior de vehiculos,44719
2010,CATALUNA,5.2.2.-robos con fuerza en viviendas,21337
2010,CATALUNA,5.2.3.-robos con fuerza en establecimientos,26
2010,CATALUNA,5.3.-robos con violencia o intimidacion,25154
2010,CATALUNA,5.3.1.-robos con violencia en via publica,63
2010,CATALUNA,5.3.2.-robos con violencia en viviendas,1344
2010,CATALUNA,5.3.3.-robos con violencia en establecimientos,10
2010,CATALUNA,5.4.-sustraccion de vehiculos,12538
2010,CATALUNA,5.5.-estafas,16275
2010,CATALUNA,5.5.1.-estafas informaticas,552
2010,CATALUNA,5.6.-danos,47961
2010,CATALUNA,5.7.-contra la propiedad intelectual/industrial,596
2010,CATALUNA,5.8.-blanqueo de capitales,21
2010,CATALUNA,5.9.-otros contra el patrimonio,10578
2010,CATALUNA,6. seguridad colectiva,10534
2010,CATALUNA,6.1.-trafico de drogas,1715
2010,CATALUNA,6.2.-contra la seguridad vial,8624
2010,CATALUNA,6.3.-otros contra la seguridad colectiva,195
2010,CATALUNA,7. falsedades,4550
2010,CATALUNA,8. admon. publica,52
2010,CATALUNA,9. admon. justicia,3766
2010,CATALUNA,total infracciones penales,464923
2010,CIUDAD AUTONOMA DE CEUTA,1. contra las personas,833
2010,CIUDAD AUTONOMA DE CEUTA,1.1.-homicidios dolosos/asesinatos,5
2010,CIUDAD AUTONOMA DE CEUTA,1.1.1.-homicidios dolosos/asesinatos consumados,1
2010,CIUDAD AUTONOMA DE CEUTA,1.2.-lesiones,393
2010,CIUDAD AUTONOMA DE CEUTA,1.3.-malos tratos ambito familiar,71
2010,CIUDAD AUTONOMA DE CEUTA,1.4.-otros contra las personas,364
2010,CIUDAD AUTONOMA DE CEUTA,10. orden publico,160
2010,CIUDAD AUTONOMA DE CEUTA,11. legislacion especial,13
2010,CIUDAD AUTONOMA DE CEUTA,12. otras infracciones penales,52
2010,CIUDAD AUTONOMA DE CEUTA,2. contra la libertad,277
2010,CIUDAD AUTONOMA DE CEUTA,2.1.-malos tratos habituales en el ambito familiar,221
2010,CIUDAD AUTONOMA DE CEUTA,2.2.-otros contra la libertad,56
2010,CIUDAD AUTONOMA DE CEUTA,3. libertad sexual,18
2010,CIUDAD AUTONOMA DE CEUTA,3.1.-agresion sexual,9
2010,CIUDAD AUTONOMA DE CEUTA,3.2.-agresion sexual con penetracion,0
2010,CIUDAD AUTONOMA DE CEUTA,3.3.-corrupcion de menores o incapacitados,3
2010,CIUDAD AUTONOMA DE CEUTA,3.4.-pornografia de menores,3
2010,CIUDAD AUTONOMA DE CEUTA,3.5.-otros contra la libertad sexual,3
2010,CIUDAD AUTONOMA DE CEUTA,4. relaciones familiares,31
2010,CIUDAD AUTONOMA DE CEUTA,5. patrimonio,3053
2010,CIUDAD AUTONOMA DE CEUTA,5.1.-hurtos,983
2010,CIUDAD AUTONOMA DE CEUTA,5.2.-robos con fuerza en las cosas,723
2010,CIUDAD AUTONOMA DE CEUTA,5.2.1.-robos con fuerza en las cosas en el interior de vehiculos,497
2010,CIUDAD AUTONOMA DE CEUTA,5.2.2.-robos con fuerza en viviendas,93
2010,CIUDAD AUTONOMA DE CEUTA,5.2.3.-robos con fuerza en establecimientos,49
2010,CIUDAD AUTONOMA DE CEUTA,5.3.-robos con violencia o intimidacion,189
2010,CIUDAD AUTONOMA DE CEUTA,5.3.1.-robos con violencia en via publica,141
2010,CIUDAD AUTONOMA DE CEUTA,5.3.2.-robos con violencia en viviendas,8
2010,CIUDAD AUTONOMA DE CEUTA,5.3.3.-robos con violencia en establecimientos,13
2010,CIUDAD AUTONOMA DE CEUTA,5.4.-sustraccion de vehiculos,436
2010,CIUDAD AUTONOMA DE CEUTA,5.5.-estafas,96
2010,CIUDAD AUTONOMA DE CEUTA,5.5.1.-estafas informaticas,60
2010,CIUDAD AUTONOMA DE CEUTA,5.6.-danos,553
2010,CIUDAD AUTONOMA DE CEUTA,5.7.-contra la propiedad intelectual/industrial,9
2010,CIUDAD AUTONOMA DE CEUTA,5.8.-blanqueo de capitales,0
2010,CIUDAD AUTONOMA DE CEUTA,5.9.-otros contra el patrimonio,64
2010,CIUDAD AUTONOMA DE CEUTA,6. seguridad colectiva,1381
2010,CIUDAD AUTONOMA DE CEUTA,6.1.-trafico de drogas,1116
2010,CIUDAD AUTONOMA DE CEUTA,6.2.-contra la seguridad vial,263
2010,CIUDAD AUTONOMA DE CEUTA,6.3.-otros contra la seguridad colectiva,2
2010,CIUDAD AUTONOMA DE CEUTA,7. falsedades,53
2010,CIUDAD AUTONOMA DE CEUTA,8. admon. publica,2
2010,CIUDAD AUTONOMA DE CEUTA,9. admon. justicia,101
2010,CIUDAD AUTONOMA DE CEUTA,total infracciones penales,5974
2010,CIUDAD AUTONOMA DE MELILLA,1. contra las personas,1011
2010,CIUDAD AUTONOMA DE MELILLA,1.1.-homicidios dolosos/asesinatos,4
2010,CIUDAD AUTONOMA DE MELILLA,1.1.1.-homicidios dolosos/asesinatos consumados,0
2010,CIUDAD AUTONOMA DE MELILLA,1.2.-lesiones,501
2010,CIUDAD AUTONOMA DE MELILLA,1.3.-malos tratos ambito familiar,252
2010,CIUDAD AUTONOMA DE MELILLA,1.4.-otros contra las personas,254
2010,CIUDAD AUTONOMA DE MELILLA,10. orden publico,170
2010,CIUDAD AUTONOMA DE MELILLA,11. legislacion especial,0
2010,CIUDAD AUTONOMA DE MELILLA,12. otras infracciones penales,50
2010,CIUDAD AUTONOMA DE MELILLA,2. contra la libertad,126
2010,CIUDAD AUTONOMA DE MELILLA,2.1.-malos tratos habituales en el ambito familiar,23
2010,CIUDAD AUTONOMA DE MELILLA,2.2.-otros contra la libertad,103
2010,CIUDAD AUTONOMA DE MELILLA,3. libertad sexual,38
2010,CIUDAD AUTONOMA DE MELILLA,3.1.-agresion sexual,16
2010,CIUDAD AUTONOMA DE MELILLA,3.2.-agresion sexual con penetracion,10
2010,CIUDAD AUTONOMA DE MELILLA,3.3.-corrupcion de menores o incapacitados,1
2010,CIUDAD AUTONOMA DE MELILLA,3.4.-pornografia de menores,3
2010,CIUDAD AUTONOMA DE MELILLA,3.5.-otros contra la libertad sexual,8
2010,CIUDAD AUTONOMA DE MELILLA,4. relaciones familiares,30
2010,CIUDAD AUTONOMA DE MELILLA,5. patrimonio,2810
2010,CIUDAD AUTONOMA DE MELILLA,5.1.-hurtos,1043
2010,CIUDAD AUTONOMA DE MELILLA,5.2.-robos con fuerza en las cosas,774
2010,CIUDAD AUTONOMA DE MELILLA,5.2.1.-robos con fuerza en las cosas en el interior de vehiculos,427
2010,CIUDAD AUTONOMA DE MELILLA,5.2.2.-robos con fuerza en viviendas,156
2010,CIUDAD AUTONOMA DE MELILLA,5.2.3.-robos con fuerza en establecimientos,79
2010,CIUDAD AUTONOMA DE MELILLA,5.3.-robos con violencia o intimidacion,194
2010,CIUDAD AUTONOMA DE MELILLA,5.3.1.-robos con violencia en via publica,171
2010,CIUDAD AUTONOMA DE MELILLA,5.3.2.-robos con violencia en viviendas,1
2010,CIUDAD AUTONOMA DE MELILLA,5.3.3.-robos con violencia en establecimientos,8
2010,CIUDAD AUTONOMA DE MELILLA,5.4.-sustraccion de vehiculos,250
2010,CIUDAD AUTONOMA DE MELILLA,5.5.-estafas,68
2010,CIUDAD AUTONOMA DE MELILLA,5.5.1.-estafas informaticas,23
2010,CIUDAD AUTONOMA DE MELILLA,5.6.-danos,438
2010,CIUDAD AUTONOMA DE MELILLA,5.7.-contra la propiedad intelectual/industrial,14
2010,CIUDAD AUTONOMA DE MELILLA,5.8.-blanqueo de capitales,0
2010,CIUDAD AUTONOMA DE MELILLA,5.9.-otros contra el patrimonio,29
2010,CIUDAD AUTONOMA DE MELILLA,6. seguridad colectiva,304
2010,CIUDAD AUTONOMA DE MELILLA,6.1.-trafico de drogas,174
2010,CIUDAD AUTONOMA DE MELILLA,6.2.-contra la seguridad vial,121
2010,CIUDAD AUTONOMA DE MELILLA,6.3.-otros contra la seguridad colectiva,9
2010,CIUDAD AUTONOMA DE MELILLA,7. falsedades,42
2010,CIUDAD AUTONOMA DE MELILLA,8. admon. publica,1
2010,CIUDAD AUTONOMA DE MELILLA,9. admon. justicia,70
2010,CIUDAD AUTONOMA DE MELILLA,total infracciones penales,4652
2010,COMUNITAT VALENCIANA,1. contra las personas,34995
2010,COMUNITAT VALENCIANA,1.1.-homicidios dolosos/asesinatos,106
2010,COMUNITAT VALENCIANA,1.1.1.-homicidios dolosos/asesinatos consumados,46
2010,COMUNITAT VALENCIANA,1.2.-lesiones,12694
2010,COMUNITAT VALENCIANA,1.3.-malos tratos ambito familiar,9012
2010,COMUNITAT VALENCIANA,1.4.-otros contra las personas,13183
2010,COMUNITAT VALENCIANA,10. orden publico,4383
2010,COMUNITAT VALENCIANA,11. legislacion especial,19
2010,COMUNITAT VALENCIANA,12. otras infracciones penales,733
2010,COMUNITAT VALENCIANA,2. contra la libertad,4431
2010,COMUNITAT VALENCIANA,2.1.-malos tratos habituales en el ambito familiar,1573
2010,COMUNITAT VALENCIANA,2.2.-otros contra la libertad,2858
2010,COMUNITAT VALENCIANA,3. libertad sexual,1303
2010,COMUNITAT VALENCIANA,3.1.-agresion sexual,636
2010,COMUNITAT VALENCIANA,3.2.-agresion sexual con penetracion,230
2010,COMUNITAT VALENCIANA,3.3.-corrupcion de menores o incapacitados,39
2010,COMUNITAT VALENCIANA,3.4.-pornografia de menores,167
2010,COMUNITAT VALENCIANA,3.5.-otros contra la libertad sexual,231
2010,COMUNITAT VALENCIANA,4. relaciones familiares,802
2010,COMUNITAT VALENCIANA,5. patrimonio,225991
2010,COMUNITAT VALENCIANA,5.1.-hurtos,90667
2010,COMUNITAT VALENCIANA,5.2.-robos con fuerza en las cosas,67089
2010,COMUNITAT VALENCIANA,5.2.1.-robos con fuerza en las cosas en el interior de vehiculos,15266
2010,COMUNITAT VALENCIANA,5.2.2.-robos con fuerza en viviendas,23268
2010,COMUNITAT VALENCIANA,5.2.3.-robos con fuerza en establecimientos,7526
2010,COMUNITAT VALENCIANA,5.3.-robos con violencia o intimidacion,10385
2010,COMUNITAT VALENCIANA,5.3.1.-robos con violencia en via publica,7295
2010,COMUNITAT VALENCIANA,5.3.2.-robos con violencia en viviendas,646
2010,COMUNITAT VALENCIANA,5.3.3.-robos con violencia en establecimientos,1288
2010,COMUNITAT VALENCIANA,5.4.-sustraccion de vehiculos,8033
2010,COMUNITAT VALENCIANA,5.5.-estafas,9050
2010,COMUNITAT VALENCIANA,5.5.1.-estafas informaticas,2269
2010,COMUNITAT VALENCIANA,5.6.-danos,37604
2010,COMUNITAT VALENCIANA,5.7.-contra la propiedad intelectual/industrial,494
2010,COMUNITAT VALENCIANA,5.8.-blanqueo de capitales,11
2010,COMUNITAT VALENCIANA,5.9.-otros contra el patrimonio,2658
2010,COMUNITAT VALENCIANA,6. seguridad colectiva,7933
2010,COMUNITAT VALENCIANA,6.1.-trafico de drogas,1409
2010,COMUNITAT VALENCIANA,6.2.-contra la seguridad vial,6011
2010,COMUNITAT VALENCIANA,6.3.-otros contra la seguridad colectiva,513
2010,COMUNITAT VALENCIANA,7. falsedades,2259
2010,COMUNITAT VALENCIANA,8. admon. publica,60
2010,COMUNITAT VALENCIANA,9. admon. justicia,4249
2010,COMUNITAT VALENCIANA,total infracciones penales,287158
2010,EXTREMADURA,1. contra las personas,6059
2010,EXTREMADURA,1.1.-homicidios dolosos/asesinatos,15
2010,EXTREMADURA,1.1.1.-homicidios dolosos/asesinatos consumados,3
2010,EXTREMADURA,1.2.-lesiones,2380
2010,EXTREMADURA,1.3.-malos tratos ambito familiar,924
2010,EXTREMADURA,1.4.-otros contra las personas,2740
2010,EXTREMADURA,10. orden publico,573
2010,EXTREMADURA,11. legislacion especial,0
2010,EXTREMADURA,12. otras infracciones penales,188
2010,EXTREMADURA,2. contra la libertad,570
2010,EXTREMADURA,2.1.-malos tratos habituales en el ambito familiar,206
2010,EXTREMADURA,2.2.-otros contra la libertad,364
2010,EXTREMADURA,3. libertad sexual,159
2010,EXTREMADURA,3.1.-agresion sexual,85
2010,EXTREMADURA,3.2.-agresion sexual con penetracion,27
2010,EXTREMADURA,3.3.-corrupcion de menores o incapacitados,8
2010,EXTREMADURA,3.4.-pornografia de menores,18
2010,EXTREMADURA,3.5.-otros contra la libertad sexual,21
2010,EXTREMADURA,4. relaciones familiares,182
2010,EXTREMADURA,5. patrimonio,20060
2010,EXTREMADURA,5.1.-hurtos,8710
2010,EXTREMADURA,5.2.-robos con fuerza en las cosas,5273
2010,EXTREMADURA,5.2.1.-robos con fuerza en las cosas en el interior de vehiculos,1224
2010,EXTREMADURA,5.2.2.-robos con fuerza en viviendas,1187
2010,EXTREMADURA,5.2.3.-robos con fuerza en establecimientos,1080
2010,EXTREMADURA,5.3.-robos con violencia o intimidacion,441
2010,EXTREMADURA,5.3.1.-robos con violencia en via publica,275
2010,EXTREMADURA,5.3.2.-robos con violencia en viviendas,29
2010,EXTREMADURA,5.3.3.-robos con violencia en establecimientos,100
2010,EXTREMADURA,5.4.-sustraccion de vehiculos,610
2010,EXTREMADURA,5.5.-estafas,907
2010,EXTREMADURA,5.5.1.-estafas informaticas,279
2010,EXTREMADURA,5.6.-danos,3816
2010,EXTREMADURA,5.7.-contra la propiedad intelectual/industrial,58
2010,EXTREMADURA,5.8.-blanqueo de capitales,0
2010,EXTREMADURA,5.9.-otros contra el patrimonio,245
2010,EXTREMADURA,6. seguridad colectiva,1489
2010,EXTREMADURA,6.1.-trafico de drogas,253
2010,EXTREMADURA,6.2.-contra la seguridad vial,1197
2010,EXTREMADURA,6.3.-otros contra la seguridad colectiva,39
2010,EXTREMADURA,7. falsedades,197
2010,EXTREMADURA,8. admon. publica,3
2010,EXTREMADURA,9. admon. justicia,536
2010,EXTREMADURA,total infracciones penales,30016
2010,GALICIA,1. contra las personas,14617
2010,GALICIA,1.1.-homicidios dolosos/asesinatos,50
2010,GALICIA,1.1.1.-homicidios dolosos/asesinatos consumados,17
2010,GALICIA,1.2.-lesiones,5876
2010,GALICIA,1.3.-malos tratos ambito familiar,2477
2010,GALICIA,1.4.-otros contra las personas,6214
2010,GALICIA,10. orden publico,1518
2010,GALICIA,11. legislacion especial,5
2010,GALICIA,12. otras infracciones penales,233
2010,GALICIA,2. contra la libertad,1750
2010,GALICIA,2.1.-malos tratos habituales en el ambito familiar,851
2010,GALICIA,2.2.-otros contra la libertad,899
2010,GALICIA,3. libertad sexual,389
2010,GALICIA,3.1.-agresion sexual,213
2010,GALICIA,3.2.-agresion sexual con penetracion,75
2010,GALICIA,3.3.-corrupcion de menores o incapacitados,10
2010,GALICIA,3.4.-pornografia de menores,37
2010,GALICIA,3.5.-otros contra la libertad sexual,54
2010,GALICIA,4. relaciones familiares,169
2010,GALICIA,5. patrimonio,51987
2010,GALICIA,5.1.-hurtos,21461
2010,GALICIA,5.2.-robos con fuerza en las cosas,11989
2010,GALICIA,5.2.1.-robos con fuerza en las cosas en el interior de vehiculos,2213
2010,GALICIA,5.2.2.-robos con fuerza en viviendas,2731
2010,GALICIA,5.2.3.-robos con fuerza en establecimientos,2756
2010,GALICIA,5.3.-robos con violencia o intimidacion,1440
2010,GALICIA,5.3.1.-robos con violencia en via publica,895
2010,GALICIA,5.3.2.-robos con violencia en viviendas,119
2010,GALICIA,5.3.3.-robos con violencia en establecimientos,305
2010,GALICIA,5.4.-sustraccion de vehiculos,1934
2010,GALICIA,5.5.-estafas,2934
2010,GALICIA,5.5.1.-estafas informaticas,946
2010,GALICIA,5.6.-danos,11332
2010,GALICIA,5.7.-contra la propiedad intelectual/industrial,159
2010,GALICIA,5.8.-blanqueo de capitales,2
2010,GALICIA,5.9.-otros contra el patrimonio,736
2010,GALICIA,6. seguridad colectiva,5266
2010,GALICIA,6.1.-trafico de drogas,459
2010,GALICIA,6.2.-contra la seguridad vial,4611
2010,GALICIA,6.3.-otros contra la seguridad colectiva,196
2010,GALICIA,7. falsedades,447
2010,GALICIA,8. admon. publica,17
2010,GALICIA,9. admon. justicia,1150
2010,GALICIA,total infracciones penales,77548
2010,MADRID (COMUNIDAD DE),1. contra las personas,39030
2010,MADRID (COMUNIDAD DE),1.1.-homicidios dolosos/asesinatos,98
2010,MADRID (COMUNIDAD DE),1.1.1.-homicidios dolosos/asesinatos consumados,51
2010,MADRID (COMUNIDAD DE),1.2.-lesiones,14764
2010,MADRID (COMUNIDAD DE),1.3.-malos tratos ambito familiar,10360
2010,MADRID (COMUNIDAD DE),1.4.-otros contra las personas,13808
2010,MADRID (COMUNIDAD DE),10. orden publico,5136
2010,MADRID (COMUNIDAD DE),11. legislacion especial,2
2010,MADRID (COMUNIDAD DE),12. otras infracciones penales,673
2010,MADRID (COMUNIDAD DE),2. contra la libertad,3796
2010,MADRID (COMUNIDAD DE),2.1.-malos tratos habituales en el ambito familiar,1173
2010,MADRID (COMUNIDAD DE),2.2.-otros contra la libertad,2623
2010,MADRID (COMUNIDAD DE),3. libertad sexual,1339
2010,MADRID (COMUNIDAD DE),3.1.-agresion sexual,708
2010,MADRID (COMUNIDAD DE),3.2.-agresion sexual con penetracion,298
2010,MADRID (COMUNIDAD DE),3.3.-corrupcion de menores o incapacitados,29
2010,MADRID (COMUNIDAD DE),3.4.-pornografia de menores,90
2010,MADRID (COMUNIDAD DE),3.5.-otros contra la libertad sexual,214
2010,MADRID (COMUNIDAD DE),4. relaciones familiares,726
2010,MADRID (COMUNIDAD DE),5. patrimonio,336388
2010,MADRID (COMUNIDAD DE),5.1.-hurtos,156514
2010,MADRID (COMUNIDAD DE),5.2.-robos con fuerza en las cosas,70721
2010,MADRID (COMUNIDAD DE),5.2.1.-robos con fuerza en las cosas en el interior de vehiculos,34265
2010,MADRID (COMUNIDAD DE),5.2.2.-robos con fuerza en viviendas,13005
2010,MADRID (COMUNIDAD DE),5.2.3.-robos con fuerza en establecimientos,7890
2010,MADRID (COMUNIDAD DE),5.3.-robos con violencia o intimidacion,20832
2010,MADRID (COMUNIDAD DE),5.3.1.-robos con violencia en via publica,15318
2010,MADRID (COMUNIDAD DE),5.3.2.-robos con violencia en viviendas,1213
2010,MADRID (COMUNIDAD DE),5.3.3.-robos con violencia en establecimientos,2205
2010,MADRID (COMUNIDAD DE),5.4.-sustraccion de vehiculos,13739
2010,MADRID (COMUNIDAD DE),5.5.-estafas,21502
2010,MADRID (COMUNIDAD DE),5.5.1.-estafas informaticas,3226
2010,MADRID (COMUNIDAD DE),5.6.-danos,49311
2010,MADRID (COMUNIDAD DE),5.7.-contra la propiedad intelectual/industrial,819
2010,MADRID (COMUNIDAD DE),5.8.-blanqueo de capitales,37
2010,MADRID (COMUNIDAD DE),5.9.-otros contra el patrimonio,2913
2010,MADRID (COMUNIDAD DE),6. seguridad colectiva,7563
2010,MADRID (COMUNIDAD DE),6.1.-trafico de drogas,2876
2010,MADRID (COMUNIDAD DE),6.2.-contra la seguridad vial,4473
2010,MADRID (COMUNIDAD DE),6.3.-otros contra la seguridad colectiva,214
2010,MADRID (COMUNIDAD DE),7. falsedades,3370
2010,MADRID (COMUNIDAD DE),8. admon. publica,46
2010,MADRID (COMUNIDAD DE),9. admon. justicia,3802
2010,MADRID (COMUNIDAD DE),total infracciones penales,401871
2010,MURCIA (REGION DE),1. contra las personas,9882
2010,MURCIA (REGION DE),1.1.-homicidios dolosos/asesinatos,43
2010,MURCIA (REGION DE),1.1.1.-homicidios dolosos/asesinatos consumados,15
2010,MURCIA (REGION DE),1.2.-lesiones,3953
2010,MURCIA (REGION DE),1.3.-malos tratos ambito familiar,2391
2010,MURCIA (REGION DE),1.4.-otros contra las personas,3495
2010,MURCIA (REGION DE),10. orden publico,822
2010,MURCIA (REGION DE),11. legislacion especial,1
2010,MURCIA (REGION DE),12. otras infracciones penales,173
2010,MURCIA (REGION DE),2. contra la libertad,1169
2010,MURCIA (REGION DE),2.1.-malos tratos habituales en el ambito familiar,428
2010,MURCIA (REGION DE),2.2.-otros contra la libertad,741
2010,MURCIA (REGION DE),3. libertad sexual,288
2010,MURCIA (REGION DE),3.1.-agresion sexual,146
2010,MURCIA (REGION DE),3.2.-agresion sexual con penetracion,63
2010,MURCIA (REGION DE),3.3.-corrupcion de menores o incapacitados,14
2010,MURCIA (REGION DE),3.4.-pornografia de menores,9
2010,MURCIA (REGION DE),3.5.-otros contra la libertad sexual,56
2010,MURCIA (REGION DE),4. relaciones familiares,490
2010,MURCIA (REGION DE),5. patrimonio,41988
2010,MURCIA (REGION DE),5.1.-hurtos,16128
2010,MURCIA (REGION DE),5.2.-robos con fuerza en las cosas,13907
2010,MURCIA (REGION DE),5.2.1.-robos con fuerza en las cosas en el interior de vehiculos,2365
2010,MURCIA (REGION DE),5.2.2.-robos con fuerza en viviendas,4972
2010,MURCIA (REGION DE),5.2.3.-robos con fuerza en establecimientos,1433
2010,MURCIA (REGION DE),5.3.-robos con violencia o intimidacion,1581
2010,MURCIA (REGION DE),5.3.1.-robos con violencia en via publica,1079
2010,MURCIA (REGION DE),5.3.2.-robos con violencia en viviendas,101
2010,MURCIA (REGION DE),5.3.3.-robos con violencia en establecimientos,250
2010,MURCIA (REGION DE),5.4.-sustraccion de vehiculos,2393
2010,MURCIA (REGION DE),5.5.-estafas,1483
2010,MURCIA (REGION DE),5.5.1.-estafas informaticas,297
2010,MURCIA (REGION DE),5.6.-danos,5869
2010,MURCIA (REGION DE),5.7.-contra la propiedad intelectual/industrial,143
2010,MURCIA (REGION DE),5.8.-blanqueo de capitales,7
2010,MURCIA (REGION DE),5.9.-otros contra el patrimonio,477
2010,MURCIA (REGION DE),6. seguridad colectiva,1579
2010,MURCIA (REGION DE),6.1.-trafico de drogas,314
2010,MURCIA (REGION DE),6.2.-contra la seguridad vial,1201
2010,MURCIA (REGION DE),6.3.-otros contra la seguridad colectiva,64
2010,MURCIA (REGION DE),7. falsedades,485
2010,MURCIA (REGION DE),8. admon. publica,10
2010,MURCIA (REGION DE),9. admon. justicia,882
2010,MURCIA (REGION DE),total infracciones penales,57769
2010,NAVARRA (COMUNIDAD FORAL DE),1. contra las personas,2726
2010,NAVARRA (COMUNIDAD FORAL DE),1.1.-homicidios dolosos/asesinatos,13
2010,NAVARRA (COMUNIDAD FORAL DE),1.1.1.-homicidios dolosos/asesinatos consumados,3
2010,NAVARRA (COMUNIDAD FORAL DE),1.2.-lesiones,973
2010,NAVARRA (COMUNIDAD FORAL DE),1.3.-malos tratos ambito familiar,541
2010,NAVARRA (COMUNIDAD FORAL DE),1.4.-otros contra las personas,1199
2010,NAVARRA (COMUNIDAD FORAL DE),10. orden publico,324
2010,NAVARRA (COMUNIDAD FORAL DE),11. legislacion especial,3
2010,NAVARRA (COMUNIDAD FORAL DE),12. otras infracciones penales,190
2010,NAVARRA (COMUNIDAD FORAL DE),2. contra la libertad,675
2010,NAVARRA (COMUNIDAD FORAL DE),2.1.-malos tratos habituales en el ambito familiar,119
2010,NAVARRA (COMUNIDAD FORAL DE),2.2.-otros contra la libertad,556
2010,NAVARRA (COMUNIDAD FORAL DE),3. libertad sexual,130
2010,NAVARRA (COMUNIDAD FORAL DE),3.1.-agresion sexual,95
2010,NAVARRA (COMUNIDAD FORAL DE),3.2.-agresion sexual con penetracion,14
2010,NAVARRA (COMUNIDAD FORAL DE),3.3.-corrupcion de menores o incapacitados,6
2010,NAVARRA (COMUNIDAD FORAL DE),3.4.-pornografia de menores,8
2010,NAVARRA (COMUNIDAD FORAL DE),3.5.-otros contra la libertad sexual,7
2010,NAVARRA (COMUNIDAD FORAL DE),4. relaciones familiares,82
2010,NAVARRA (COMUNIDAD FORAL DE),5. patrimonio,13770
2010,NAVARRA (COMUNIDAD FORAL DE),5.1.-hurtos,5834
2010,NAVARRA (COMUNIDAD FORAL DE),5.2.-robos con fuerza en las cosas,3570
2010,NAVARRA (COMUNIDAD FORAL DE),5.2.1.-robos con fuerza en las cosas en el interior de vehiculos,492
2010,NAVARRA (COMUNIDAD FORAL DE),5.2.2.-robos con fuerza en viviendas,854
2010,NAVARRA (COMUNIDAD FORAL DE),5.2.3.-robos con fuerza en establecimientos,626
2010,NAVARRA (COMUNIDAD FORAL DE),5.3.-robos con violencia o intimidacion,218
2010,NAVARRA (COMUNIDAD FORAL DE),5.3.1.-robos con violencia en via publica,117
2010,NAVARRA (COMUNIDAD FORAL DE),5.3.2.-robos con violencia en viviendas,15
2010,NAVARRA (COMUNIDAD FORAL DE),5.3.3.-robos con violencia en establecimientos,46
2010,NAVARRA (COMUNIDAD FORAL DE),5.4.-sustraccion de vehiculos,207
2010,NAVARRA (COMUNIDAD FORAL DE),5.5.-estafas,1138
2010,NAVARRA (COMUNIDAD FORAL DE),5.5.1.-estafas informaticas,280
2010,NAVARRA (COMUNIDAD FORAL DE),5.6.-danos,2537
2010,NAVARRA (COMUNIDAD FORAL DE),5.7.-contra la propiedad intelectual/industrial,10
2010,NAVARRA (COMUNIDAD FORAL DE),5.8.-blanqueo de capitales,1
2010,NAVARRA (COMUNIDAD FORAL DE),5.9.-otros contra el patrimonio,255
2010,NAVARRA (COMUNIDAD FORAL DE),6. seguridad colectiva,1059
2010,NAVARRA (COMUNIDAD FORAL DE),6.1.-trafico de drogas,131
2010,NAVARRA (COMUNIDAD FORAL DE),6.2.-contra la seguridad vial,878
2010,NAVARRA (COMUNIDAD FORAL DE),6.3.-otros contra la seguridad colectiva,50
2010,NAVARRA (COMUNIDAD FORAL DE),7. falsedades,259
2010,NAVARRA (COMUNIDAD FORAL DE),8. admon. publica,21
2010,NAVARRA (COMUNIDAD FORAL DE),9. admon. justicia,235
2010,NAVARRA (COMUNIDAD FORAL DE),total infracciones penales,19474
2010,PAIS VASCO,1. contra las personas,11792
2010,PAIS VASCO,1.1.-homicidios dolosos/asesinatos,38
2010,PAIS VASCO,1.1.1.-homicidios dolosos/asesinatos consumados,10
2010,PAIS VASCO,1.2.-lesiones,4968
2010,PAIS VASCO,1.3.-malos tratos ambito familiar,653
2010,PAIS VASCO,1.4.-otros contra las personas,6133
2010,PAIS VASCO,10. orden publico,2405
2010,PAIS VASCO,11. legislacion especial,1
2010,PAIS VASCO,12. otras infracciones penales,432
2010,PAIS VASCO,2. contra la libertad,4257
2010,PAIS VASCO,2.1.-malos tratos habituales en el ambito familiar,2818
2010,PAIS VASCO,2.2.-otros contra la libertad,1439
2010,PAIS VASCO,3. libertad sexual,417
2010,PAIS VASCO,3.1.-agresion sexual,240
2010,PAIS VASCO,3.2.-agresion sexual con penetracion,47
2010,PAIS VASCO,3.3.-corrupcion de menores o incapacitados,12
2010,PAIS VASCO,3.4.-pornografia de menores,77
2010,PAIS VASCO,3.5.-otros contra la libertad sexual,41
2010,PAIS VASCO,4. relaciones familiares,337
2010,PAIS VASCO,5. patrimonio,65555
2010,PAIS VASCO,5.1.-hurtos,26549
2010,PAIS VASCO,5.2.-robos con fuerza en las cosas,20220
2010,PAIS VASCO,5.2.1.-robos con fuerza en las cosas en el interior de vehiculos,51
2010,PAIS VASCO,5.2.2.-robos con fuerza en viviendas,4366
2010,PAIS VASCO,5.2.3.-robos con fuerza en establecimientos,2991
2010,PAIS VASCO,5.3.-robos con violencia o intimidacion,2791
2010,PAIS VASCO,5.3.1.-robos con violencia en via publica,1967
2010,PAIS VASCO,5.3.2.-robos con violencia en viviendas,204
2010,PAIS VASCO,5.3.3.-robos con violencia en establecimientos,385
2010,PAIS VASCO,5.4.-sustraccion de vehiculos,1179
2010,PAIS VASCO,5.5.-estafas,3208
2010,PAIS VASCO,5.5.1.-estafas informaticas,173
2010,PAIS VASCO,5.6.-danos,10629
2010,PAIS VASCO,5.7.-contra la propiedad intelectual/industrial,26
2010,PAIS VASCO,5.8.-blanqueo de capitales,4
2010,PAIS VASCO,5.9.-otros contra el patrimonio,949
2010,PAIS VASCO,6. seguridad colectiva,3241
2010,PAIS VASCO,6.1.-trafico de drogas,420
2010,PAIS VASCO,6.2.-contra la seguridad vial,2777
2010,PAIS VASCO,6.3.-otros contra la seguridad colectiva,44
2010,PAIS VASCO,7. falsedades,543
2010,PAIS VASCO,8. admon. publica,25
2010,PAIS VASCO,9. admon. justicia,1170
2010,PAIS VASCO,total infracciones penales,90175
2010,RIOJA (LA),1. contra las personas,1695
2010,RIOJA (LA),1.1.-homicidios dolosos/asesinatos,6
2010,RIOJA (LA),1.1.1.-homicidios dolosos/asesinatos consumados,2
2010,RIOJA (LA),1.2.-lesiones,847
2010,RIOJA (LA),1.3.-malos tratos ambito familiar,327
2010,RIOJA (LA),1.4.-otros contra las personas,515
2010,RIOJA (LA),10. orden publico,212
2010,RIOJA (LA),11. legislacion especial,0
2010,RIOJA (LA),12. otras infracciones penales,26
2010,RIOJA (LA),2. contra la libertad,170
2010,RIOJA (LA),2.1.-malos tratos habituales en el ambito familiar,37
2010,RIOJA (LA),2.2.-otros contra la libertad,133
2010,RIOJA (LA),3. libertad sexual,49
2010,RIOJA (LA),3.1.-agresion sexual,20
2010,RIOJA (LA),3.2.-agresion sexual con penetracion,14
2010,RIOJA (LA),3.3.-corrupcion de menores o incapacitados,3
2010,RIOJA (LA),3.4.-pornografia de menores,7
2010,RIOJA (LA),3.5.-otros contra la libertad sexual,5
2010,RIOJA (LA),4. relaciones familiares,31
2010,RIOJA (LA),5. patrimonio,6555
2010,RIOJA (LA),5.1.-hurtos,2668
2010,RIOJA (LA),5.2.-robos con fuerza en las cosas,2043
2010,RIOJA (LA),5.2.1.-robos con fuerza en las cosas en el interior de vehiculos,327
2010,RIOJA (LA),5.2.2.-robos con fuerza en viviendas,489
2010,RIOJA (LA),5.2.3.-robos con fuerza en establecimientos,363
2010,RIOJA (LA),5.3.-robos con violencia o intimidacion,220
2010,RIOJA (LA),5.3.1.-robos con violencia en via publica,135
2010,RIOJA (LA),5.3.2.-robos con violencia en viviendas,17
2010,RIOJA (LA),5.3.3.-robos con violencia en establecimientos,48
2010,RIOJA (LA),5.4.-sustraccion de vehiculos,165
2010,RIOJA (LA),5.5.-estafas,308
2010,RIOJA (LA),5.5.1.-estafas informaticas,86
2010,RIOJA (LA),5.6.-danos,1066
2010,RIOJA (LA),5.7.-contra la propiedad intelectual/industrial,7
2010,RIOJA (LA),5.8.-blanqueo de capitales,2
2010,RIOJA (LA),5.9.-otros contra el patrimonio,76
2010,RIOJA (LA),6. seguridad colectiva,519
2010,RIOJA (LA),6.1.-trafico de drogas,64
2010,RIOJA (LA),6.2.-contra la seguridad vial,436
2010,RIOJA (LA),6.3.-otros contra la seguridad colectiva,19
2010,RIOJA (LA),7. falsedades,54
2010,RIOJA (LA),8. admon. publica,0
2010,RIOJA (LA),9. admon. justicia,137
2010,RIOJA (LA),total infracciones penales,9448
2011,ANDALUCIA,1. contra las personas,64275
2011,ANDALUCIA,1.1.-homicidios dolosos/asesinatos,305
2011,ANDALUCIA,1.1.1.-homicidios dolosos/asesinatos consumados,85
2011,ANDALUCIA,1.2.-lesiones,22084
2011,ANDALUCIA,1.3.-malos tratos ambito familiar,13802
2011,ANDALUCIA,1.4.-otros contra las personas,28084
2011,ANDALUCIA,10. orden publico,6492
2011,ANDALUCIA,11. legislacion especial,106
2011,ANDALUCIA,12. otras infracciones penales,1298
2011,ANDALUCIA,2. contra la libertad,7145
2011,ANDALUCIA,2.1.-malos tratos habituales en el ambito familiar,2776
2011,ANDALUCIA,2.2.-otros contra la libertad,4369
2011,ANDALUCIA,3. libertad sexual,1725
2011,ANDALUCIA,3.1.-agresion sexual,991
2011,ANDALUCIA,3.2.-agresion sexual con penetracion,288
2011,ANDALUCIA,3.3.-corrupcion de menores o incapacitados,64
2011,ANDALUCIA,3.4.-pornografia de menores,97
2011,ANDALUCIA,3.5.-otros contra la libertad sexual,285
2011,ANDALUCIA,4. relaciones familiares,1480
2011,ANDALUCIA,5. patrimonio,295431
2011,ANDALUCIA,5.1.-hurtos,134955
2011,ANDALUCIA,5.2.-robos con fuerza en las cosas,74161
2011,ANDALUCIA,5.2.1.-robos con fuerza en las cosas en el interior de vehiculos,28610
2011,ANDALUCIA,5.2.2.-robos con fuerza en viviendas,17972
2011,ANDALUCIA,5.2.3.-robos con fuerza en establecimientos,8025
2011,ANDALUCIA,5.3.-robos con violencia o intimidacion,11867
2011,ANDALUCIA,5.3.1.-robos con violencia en via publica,8216
2011,ANDALUCIA,5.3.2.-robos con violencia en viviendas,602
2011,ANDALUCIA,5.3.3.-robos con violencia en establecimientos,1296
2011,ANDALUCIA,5.4.-sustraccion de vehiculos,12037
2011,ANDALUCIA,5.5.-estafas,15119
2011,ANDALUCIA,5.5.1.-estafas informaticas,3609
2011,ANDALUCIA,5.6.-danos,42657
2011,ANDALUCIA,5.7.-contra la propiedad intelectual/industrial,579
2011,ANDALUCIA,5.8.-blanqueo de capitales,46
2011,ANDALUCIA,5.9.-otros contra el patrimonio,4010
2011,ANDALUCIA,6. seguridad colectiva,19296
2011,ANDALUCIA,6.1.-trafico de drogas,3513
2011,ANDALUCIA,6.2.-contra la seguridad vial,15360
2011,ANDALUCIA,6.3.-otros contra la seguridad colectiva,423
2011,ANDALUCIA,7. falsedades,3265
2011,ANDALUCIA,8. admon. publica,70
2011,ANDALUCIA,9. admon. justicia,6537
2011,ANDALUCIA,total infracciones penales,407120
2011,ARAGON,1. contra las personas,6848
2011,ARAGON,1.1.-homicidios dolosos/asesinatos,14
2011,ARAGON,1.1.1.-homicidios dolosos/asesinatos consumados,6
2011,ARAGON,1.2.-lesiones,2584
2011,ARAGON,1.3.-malos tratos ambito familiar,1913
2011,ARAGON,1.4.-otros contra las personas,2337
2011,ARAGON,10. orden publico,868
2011,ARAGON,11. legislacion especial,6
2011,ARAGON,12. otras infracciones penales,144
2011,ARAGON,2. contra la libertad,1038
2011,ARAGON,2.1.-malos tratos habituales en el ambito familiar,463
2011,ARAGON,2.2.-otros contra la libertad,575
2011,ARAGON,3. libertad sexual,271
2011,ARAGON,3.1.-agresion sexual,142
2011,ARAGON,3.2.-agresion sexual con penetracion,55
2011,ARAGON,3.3.-corrupcion de menores o incapacitados,15
2011,ARAGON,3.4.-pornografia de menores,24
2011,ARAGON,3.5.-otros contra la libertad sexual,35
2011,ARAGON,4. relaciones familiares,139
2011,ARAGON,5. patrimonio,38211
2011,ARAGON,5.1.-hurtos,17216
2011,ARAGON,5.2.-robos con fuerza en las cosas,8712
2011,ARAGON,5.2.1.-robos con fuerza en las cosas en el interior de vehiculos,2546
2011,ARAGON,5.2.2.-robos con fuerza en viviendas,1618
2011,ARAGON,5.2.3.-robos con fuerza en establecimientos,1040
2011,ARAGON,5.3.-robos con violencia o intimidacion,1566
2011,ARAGON,5.3.1.-robos con violencia en via publica,981
2011,ARAGON,5.3.2.-robos con violencia en viviendas,112
2011,ARAGON,5.3.3.-robos con violencia en establecimientos,255
2011,ARAGON,5.4.-sustraccion de vehiculos,811
2011,ARAGON,5.5.-estafas,2222
2011,ARAGON,5.5.1.-estafas informaticas,631
2011,ARAGON,5.6.-danos,7121
2011,ARAGON,5.7.-contra la propiedad intelectual/industrial,64
2011,ARAGON,5.8.-blanqueo de capitales,6
2011,ARAGON,5.9.-otros contra el patrimonio,493
2011,ARAGON,6. seguridad colectiva,1640
2011,ARAGON,6.1.-trafico de drogas,318
2011,ARAGON,6.2.-contra la seguridad vial,1159
2011,ARAGON,6.3.-otros contra la seguridad colectiva,163
2011,ARAGON,7. falsedades,401
2011,ARAGON,8. admon. publica,17
2011,ARAGON,9. admon. justicia,627
2011,ARAGON,total infracciones penales,50210
2011,ASTURIAS (PRINCIPADO DE),1. contra las personas,6256
2011,ASTURIAS (PRINCIPADO DE),1.1.-homicidios dolosos/asesinatos,22
2011,ASTURIAS (PRINCIPADO DE),1.1.1.-homicidios dolosos/asesinatos consumados,9
2011,ASTURIAS (PRINCIPADO DE),1.2.-lesiones,2416
2011,ASTURIAS (PRINCIPADO DE),1.3.-malos tratos ambito familiar,1469
2011,ASTURIAS (PRINCIPADO DE),1.4.-otros contra las personas,2349
2011,ASTURIAS (PRINCIPADO DE),10. orden publico,766
2011,ASTURIAS (PRINCIPADO DE),11. legislacion especial,0
2011,ASTURIAS (PRINCIPADO DE),12. otras infracciones penales,75
2011,ASTURIAS (PRINCIPADO DE),2. contra la libertad,532
2011,ASTURIAS (PRINCIPADO DE),2.1.-malos tratos habituales en el ambito familiar,99
2011,ASTURIAS (PRINCIPADO DE),2.2.-otros contra la libertad,433
2011,ASTURIAS (PRINCIPADO DE),3. libertad sexual,125
2011,ASTURIAS (PRINCIPADO DE),3.1.-agresion sexual,71
2011,ASTURIAS (PRINCIPADO DE),3.2.-agresion sexual con penetracion,19
2011,ASTURIAS (PRINCIPADO DE),3.3.-corrupcion de menores o incapacitados,8
2011,ASTURIAS (PRINCIPADO DE),3.4.-pornografia de menores,8
2011,ASTURIAS (PRINCIPADO DE),3.5.-otros contra la libertad sexual,19
2011,ASTURIAS (PRINCIPADO DE),4. relaciones familiares,160
2011,ASTURIAS (PRINCIPADO DE),5. patrimonio,18959
2011,ASTURIAS (PRINCIPADO DE),5.1.-hurtos,9322
2011,ASTURIAS (PRINCIPADO DE),5.2.-robos con fuerza en las cosas,3489
2011,ASTURIAS (PRINCIPADO DE),5.2.1.-robos con fuerza en las cosas en el interior de vehiculos,736
2011,ASTURIAS (PRINCIPADO DE),5.2.2.-robos con fuerza en viviendas,683
2011,ASTURIAS (PRINCIPADO DE),5.2.3.-robos con fuerza en establecimientos,1038
2011,ASTURIAS (PRINCIPADO DE),5.3.-robos con violencia o intimidacion,643
2011,ASTURIAS (PRINCIPADO DE),5.3.1.-robos con violencia en via publica,429
2011,ASTURIAS (PRINCIPADO DE),5.3.2.-robos con violencia en viviendas,57
2011,ASTURIAS (PRINCIPADO DE),5.3.3.-robos con violencia en establecimientos,84
2011,ASTURIAS (PRINCIPADO DE),5.4.-sustraccion de vehiculos,664
2011,ASTURIAS (PRINCIPADO DE),5.5.-estafas,1353
2011,ASTURIAS (PRINCIPADO DE),5.5.1.-estafas informaticas,376
2011,ASTURIAS (PRINCIPADO DE),5.6.-danos,3195
2011,ASTURIAS (PRINCIPADO DE),5.7.-contra la propiedad intelectual/industrial,19
2011,ASTURIAS (PRINCIPADO DE),5.8.-blanqueo de capitales,2
2011,ASTURIAS (PRINCIPADO DE),5.9.-otros contra el patrimonio,272
2011,ASTURIAS (PRINCIPADO DE),6. seguridad colectiva,1583
2011,ASTURIAS (PRINCIPADO DE),6.1.-trafico de drogas,240
2011,ASTURIAS (PRINCIPADO DE),6.2.-contra la seguridad vial,1300
2011,ASTURIAS (PRINCIPADO DE),6.3.-otros contra la seguridad colectiva,43
2011,ASTURIAS (PRINCIPADO DE),7. falsedades,179
2011,ASTURIAS (PRINCIPADO DE),8. admon. publica,7
2011,ASTURIAS (PRINCIPADO DE),9. admon. justicia,516
2011,ASTURIAS (PRINCIPADO DE),total infracciones penales,29158
2011,BALEARS (ILLES),1. contra las personas,9608
2011,BALEARS (ILLES),1.1.-homicidios dolosos/asesinatos,60
2011,BALEARS (ILLES),1.1.1.-homicidios dolosos/asesinatos consumados,12
2011,BALEARS (ILLES),1.2.-lesiones,3702
2011,BALEARS (ILLES),1.3.-malos tratos ambito familiar,2347
2011,BALEARS (ILLES),1.4.-otros contra las personas,3499
2011,BALEARS (ILLES),10. orden publico,1000
2011,BALEARS (ILLES),11. legislacion especial,0
2011,BALEARS (ILLES),12. otras infracciones penales,224
2011,BALEARS (ILLES),2. contra la libertad,1590
2011,BALEARS (ILLES),2.1.-malos tratos habituales en el ambito familiar,619
2011,BALEARS (ILLES),2.2.-otros contra la libertad,971
2011,BALEARS (ILLES),3. libertad sexual,419
2011,BALEARS (ILLES),3.1.-agresion sexual,238
2011,BALEARS (ILLES),3.2.-agresion sexual con penetracion,68
2011,BALEARS (ILLES),3.3.-corrupcion de menores o incapacitados,15
2011,BALEARS (ILLES),3.4.-pornografia de menores,24
2011,BALEARS (ILLES),3.5.-otros contra la libertad sexual,74
2011,BALEARS (ILLES),4. relaciones familiares,212
2011,BALEARS (ILLES),5. patrimonio,57572
2011,BALEARS (ILLES),5.1.-hurtos,31650
2011,BALEARS (ILLES),5.2.-robos con fuerza en las cosas,13000
2011,BALEARS (ILLES),5.2.1.-robos con fuerza en las cosas en el interior de vehiculos,4211
2011,BALEARS (ILLES),5.2.2.-robos con fuerza en viviendas,2921
2011,BALEARS (ILLES),5.2.3.-robos con fuerza en establecimientos,1945
2011,BALEARS (ILLES),5.3.-robos con violencia o intimidacion,1608
2011,BALEARS (ILLES),5.3.1.-robos con violencia en via publica,939
2011,BALEARS (ILLES),5.3.2.-robos con violencia en viviendas,82
2011,BALEARS (ILLES),5.3.3.-robos con violencia en establecimientos,156
2011,BALEARS (ILLES),5.4.-sustraccion de vehiculos,1861
2011,BALEARS (ILLES),5.5.-estafas,2826
2011,BALEARS (ILLES),5.5.1.-estafas informaticas,749
2011,BALEARS (ILLES),5.6.-danos,5573
2011,BALEARS (ILLES),5.7.-contra la propiedad intelectual/industrial,79
2011,BALEARS (ILLES),5.8.-blanqueo de capitales,10
2011,BALEARS (ILLES),5.9.-otros contra el patrimonio,965
2011,BALEARS (ILLES),6. seguridad colectiva,2524
2011,BALEARS (ILLES),6.1.-trafico de drogas,436
2011,BALEARS (ILLES),6.2.-contra la seguridad vial,1988
2011,BALEARS (ILLES),6.3.-otros contra la seguridad colectiva,100
2011,BALEARS (ILLES),7. falsedades,450
2011,BALEARS (ILLES),8. admon. publica,24
2011,BALEARS (ILLES),9. admon. justicia,832
2011,BALEARS (ILLES),total infracciones penales,74455
2011,CANARIAS,1. contra las personas,21243
2011,CANARIAS,1.1.-homicidios dolosos/asesinatos,58
2011,CANARIAS,1.1.1.-homicidios dolosos/asesinatos consumados,17
2011,CANARIAS,1.2.-lesiones,6839
2011,CANARIAS,1.3.-malos tratos ambito familiar,4109
2011,CANARIAS,1.4.-otros contra las personas,10237
2011,CANARIAS,10. orden publico,1586
2011,CANARIAS,11. legislacion especial,19
2011,CANARIAS,12. otras infracciones penales,212
2011,CANARIAS,2. contra la libertad,2228
2011,CANARIAS,2.1.-malos tratos habituales en el ambito familiar,811
2011,CANARIAS,2.2.-otros contra la libertad,1417
2011,CANARIAS,3. libertad sexual,529
2011,CANARIAS,3.1.-agresion sexual,306
2011,CANARIAS,3.2.-agresion sexual con penetracion,93
2011,CANARIAS,3.3.-corrupcion de menores o incapacitados,24
2011,CANARIAS,3.4.-pornografia de menores,27
2011,CANARIAS,3.5.-otros contra la libertad sexual,79
2011,CANARIAS,4. relaciones familiares,919
2011,CANARIAS,5. patrimonio,65378
2011,CANARIAS,5.1.-hurtos,31825
2011,CANARIAS,5.2.-robos con fuerza en las cosas,14378
2011,CANARIAS,5.2.1.-robos con fuerza en las cosas en el interior de vehiculos,4939
2011,CANARIAS,5.2.2.-robos con fuerza en viviendas,3109
2011,CANARIAS,5.2.3.-robos con fuerza en establecimientos,1600
2011,CANARIAS,5.3.-robos con violencia o intimidacion,2017
2011,CANARIAS,5.3.1.-robos con violencia en via publica,1226
2011,CANARIAS,5.3.2.-robos con violencia en viviendas,112
2011,CANARIAS,5.3.3.-robos con violencia en establecimientos,264
2011,CANARIAS,5.4.-sustraccion de vehiculos,2789
2011,CANARIAS,5.5.-estafas,4207
2011,CANARIAS,5.5.1.-estafas informaticas,1384
2011,CANARIAS,5.6.-danos,9131
2011,CANARIAS,5.7.-contra la propiedad intelectual/industrial,44
2011,CANARIAS,5.8.-blanqueo de capitales,4
2011,CANARIAS,5.9.-otros contra el patrimonio,983
2011,CANARIAS,6. seguridad colectiva,4722
2011,CANARIAS,6.1.-trafico de drogas,777
2011,CANARIAS,6.2.-contra la seguridad vial,3854
2011,CANARIAS,6.3.-otros contra la seguridad colectiva,91
2011,CANARIAS,7. falsedades,662
2011,CANARIAS,8. admon. publica,16
2011,CANARIAS,9. admon. justicia,1428
2011,CANARIAS,total infracciones penales,98942
2011,CANTABRIA,1. contra las personas,3711
2011,CANTABRIA,1.1.-homicidios dolosos/asesinatos,4
2011,CANTABRIA,1.1.1.-homicidios dolosos/asesinatos consumados,2
2011,CANTABRIA,1.2.-lesiones,1603
2011,CANTABRIA,1.3.-malos tratos ambito familiar,572
2011,CANTABRIA,1.4.-otros contra las personas,1532
2011,CANTABRIA,10. orden publico,481
2011,CANTABRIA,11. legislacion especial,3
2011,CANTABRIA,12. otras infracciones penales,53
2011,CANTABRIA,2. contra la libertad,384
2011,CANTABRIA,2.1.-malos tratos habituales en el ambito familiar,157
2011,CANTABRIA,2.2.-otros contra la libertad,227
2011,CANTABRIA,3. libertad sexual,81
2011,CANTABRIA,3.1.-agresion sexual,49
2011,CANTABRIA,3.2.-agresion sexual con penetracion,16
2011,CANTABRIA,3.3.-corrupcion de menores o incapacitados,0
2011,CANTABRIA,3.4.-pornografia de menores,6
2011,CANTABRIA,3.5.-otros contra la libertad sexual,10
2011,CANTABRIA,4. relaciones familiares,50
2011,CANTABRIA,5. patrimonio,11901
2011,CANTABRIA,5.1.-hurtos,5391
2011,CANTABRIA,5.2.-robos con fuerza en las cosas,2560
2011,CANTABRIA,5.2.1.-robos con fuerza en las cosas en el interior de vehiculos,675
2011,CANTABRIA,5.2.2.-robos con fuerza en viviendas,543
2011,CANTABRIA,5.2.3.-robos con fuerza en establecimientos,507
2011,CANTABRIA,5.3.-robos con violencia o intimidacion,323
2011,CANTABRIA,5.3.1.-robos con violencia en via publica,185
2011,CANTABRIA,5.3.2.-robos con violencia en viviendas,24
2011,CANTABRIA,5.3.3.-robos con violencia en establecimientos,49
2011,CANTABRIA,5.4.-sustraccion de vehiculos,330
2011,CANTABRIA,5.5.-estafas,795
2011,CANTABRIA,5.5.1.-estafas informaticas,231
2011,CANTABRIA,5.6.-danos,2207
2011,CANTABRIA,5.7.-contra la propiedad intelectual/industrial,18
2011,CANTABRIA,5.8.-blanqueo de capitales,3
2011,CANTABRIA,5.9.-otros contra el patrimonio,274
2011,CANTABRIA,6. seguridad colectiva,1098
2011,CANTABRIA,6.1.-trafico de drogas,101
2011,CANTABRIA,6.2.-contra la seguridad vial,981
2011,CANTABRIA,6.3.-otros contra la seguridad colectiva,16
2011,CANTABRIA,7. falsedades,159
2011,CANTABRIA,8. admon. publica,1
2011,CANTABRIA,9. admon. justicia,327
2011,CANTABRIA,total infracciones penales,18249
2011,CASTILLA - LA MANCHA,1. contra las personas,12264
2011,CASTILLA - LA MANCHA,1.1.-homicidios dolosos/asesinatos,27
2011,CASTILLA - LA MANCHA,1.1.1.-homicidios dolosos/asesinatos consumados,8
2011,CASTILLA - LA MANCHA,1.2.-lesiones,4581
2011,CASTILLA - LA MANCHA,1.3.-malos tratos ambito familiar,2503
2011,CASTILLA - LA MANCHA,1.4.-otros contra las personas,5153
2011,CASTILLA - LA MANCHA,10. orden publico,1389
2011,CASTILLA - LA MANCHA,11. legislacion especial,3
2011,CASTILLA - LA MANCHA,12. otras infracciones penales,238
2011,CASTILLA - LA MANCHA,2. contra la libertad,1358
2011,CASTILLA - LA MANCHA,2.1.-malos tratos habituales en el ambito familiar,561
2011,CASTILLA - LA MANCHA,2.2.-otros contra la libertad,797
2011,CASTILLA - LA MANCHA,3. libertad sexual,327
2011,CASTILLA - LA MANCHA,3.1.-agresion sexual,198
2011,CASTILLA - LA MANCHA,3.2.-agresion sexual con penetracion,55
2011,CASTILLA - LA MANCHA,3.3.-corrupcion de menores o incapacitados,14
2011,CASTILLA - LA MANCHA,3.4.-pornografia de menores,12
2011,CASTILLA - LA MANCHA,3.5.-otros contra la libertad sexual,48
2011,CASTILLA - LA MANCHA,4. relaciones familiares,241
2011,CASTILLA - LA MANCHA,5. patrimonio,52494
2011,CASTILLA - LA MANCHA,5.1.-hurtos,18555
2011,CASTILLA - LA MANCHA,5.2.-robos con fuerza en las cosas,17690
2011,CASTILLA - LA MANCHA,5.2.1.-robos con fuerza en las cosas en el interior de vehiculos,3261
2011,CASTILLA - LA MANCHA,5.2.2.-robos con fuerza en viviendas,5728
2011,CASTILLA - LA MANCHA,5.2.3.-robos con fuerza en establecimientos,2572
2011,CASTILLA - LA MANCHA,5.3.-robos con violencia o intimidacion,1346
2011,CASTILLA - LA MANCHA,5.3.1.-robos con violencia en via publica,804
2011,CASTILLA - LA MANCHA,5.3.2.-robos con violencia en viviendas,130
2011,CASTILLA - LA MANCHA,5.3.3.-robos con violencia en establecimientos,191
2011,CASTILLA - LA MANCHA,5.4.-sustraccion de vehiculos,1661
2011,CASTILLA - LA MANCHA,5.5.-estafas,3306
2011,CASTILLA - LA MANCHA,5.5.1.-estafas informaticas,861
2011,CASTILLA - LA MANCHA,5.6.-danos,8962
2011,CASTILLA - LA MANCHA,5.7.-contra la propiedad intelectual/industrial,57
2011,CASTILLA - LA MANCHA,5.8.-blanqueo de capitales,6
2011,CASTILLA - LA MANCHA,5.9.-otros contra el patrimonio,911
2011,CASTILLA - LA MANCHA,6. seguridad colectiva,4315
2011,CASTILLA - LA MANCHA,6.1.-trafico de drogas,444
2011,CASTILLA - LA MANCHA,6.2.-contra la seguridad vial,3805
2011,CASTILLA - LA MANCHA,6.3.-otros contra la seguridad colectiva,66
2011,CASTILLA - LA MANCHA,7. falsedades,713
2011,CASTILLA - LA MANCHA,8. admon. publica,9
2011,CASTILLA - LA MANCHA,9. admon. justicia,1109
2011,CASTILLA - LA MANCHA,total infracciones penales,74460
2011,CASTILLA Y LEON,1. contra las personas,14733
2011,CASTILLA Y LEON,1.1.-homicidios dolosos/asesinatos,47
2011,CASTILLA Y LEON,1.1.1.-homicidios dolosos/asesinatos consumados,20
2011,CASTILLA Y LEON,1.2.-lesiones,5702
2011,CASTILLA Y LEON,1.3.-malos tratos ambito familiar,2310
2011,CASTILLA Y LEON,1.4.-otros contra las personas,6674
2011,CASTILLA Y LEON,10. orden publico,1612
2011,CASTILLA Y LEON,11. legislacion especial,4
2011,CASTILLA Y LEON,12. otras infracciones penales,253
2011,CASTILLA Y LEON,2. contra la libertad,1266
2011,CASTILLA Y LEON,2.1.-malos tratos habituales en el ambito familiar,539
2011,CASTILLA Y LEON,2.2.-otros contra la libertad,727
2011,CASTILLA Y LEON,3. libertad sexual,278
2011,CASTILLA Y LEON,3.1.-agresion sexual,164
2011,CASTILLA Y LEON,3.2.-agresion sexual con penetracion,51
2011,CASTILLA Y LEON,3.3.-corrupcion de menores o incapacitados,6
2011,CASTILLA Y LEON,3.4.-pornografia de menores,16
2011,CASTILLA Y LEON,3.5.-otros contra la libertad sexual,41
2011,CASTILLA Y LEON,4. relaciones familiares,248
2011,CASTILLA Y LEON,5. patrimonio,59573
2011,CASTILLA Y LEON,5.1.-hurtos,27745
2011,CASTILLA Y LEON,5.2.-robos con fuerza en las cosas,12460
2011,CASTILLA Y LEON,5.2.1.-robos con fuerza en las cosas en el interior de vehiculos,2850
2011,CASTILLA Y LEON,5.2.2.-robos con fuerza en viviendas,2390
2011,CASTILLA Y LEON,5.2.3.-robos con fuerza en establecimientos,2451
2011,CASTILLA Y LEON,5.3.-robos con violencia o intimidacion,1276
2011,CASTILLA Y LEON,5.3.1.-robos con violencia en via publica,783
2011,CASTILLA Y LEON,5.3.2.-robos con violencia en viviendas,106
2011,CASTILLA Y LEON,5.3.3.-robos con violencia en establecimientos,215
2011,CASTILLA Y LEON,5.4.-sustraccion de vehiculos,1120
2011,CASTILLA Y LEON,5.5.-estafas,3618
2011,CASTILLA Y LEON,5.5.1.-estafas informaticas,849
2011,CASTILLA Y LEON,5.6.-danos,12354
2011,CASTILLA Y LEON,5.7.-contra la propiedad intelectual/industrial,91
2011,CASTILLA Y LEON,5.8.-blanqueo de capitales,3
2011,CASTILLA Y LEON,5.9.-otros contra el patrimonio,906
2011,CASTILLA Y LEON,6. seguridad colectiva,4280
2011,CASTILLA Y LEON,6.1.-trafico de drogas,407
2011,CASTILLA Y LEON,6.2.-contra la seguridad vial,3770
2011,CASTILLA Y LEON,6.3.-otros contra la seguridad colectiva,103
2011,CASTILLA Y LEON,7. falsedades,453
2011,CASTILLA Y LEON,8. admon. publica,4
2011,CASTILLA Y LEON,9. admon. justicia,1105
2011,CASTILLA Y LEON,total infracciones penales,83809
2011,CATALUNA,1. contra las personas,38159
2011,CATALUNA,1.1.-homicidios dolosos/asesinatos,242
2011,CATALUNA,1.1.1.-homicidios dolosos/asesinatos consumados,76
2011,CATALUNA,1.2.-lesiones,15687
2011,CATALUNA,1.3.-malos tratos ambito familiar,6365
2011,CATALUNA,1.4.-otros contra las personas,15865
2011,CATALUNA,10. orden publico,5258
2011,CATALUNA,11. legislacion especial,79
2011,CATALUNA,12. otras infracciones penales,1247
2011,CATALUNA,2. contra la libertad,10904
2011,CATALUNA,2.1.-malos tratos habituales en el ambito familiar,3370
2011,CATALUNA,2.2.-otros contra la libertad,7534
2011,CATALUNA,3. libertad sexual,1862
2011,CATALUNA,3.1.-agresion sexual,931
2011,CATALUNA,3.2.-agresion sexual con penetracion,469
2011,CATALUNA,3.3.-corrupcion de menores o incapacitados,11
2011,CATALUNA,3.4.-pornografia de menores,173
2011,CATALUNA,3.5.-otros contra la libertad sexual,278
2011,CATALUNA,4. relaciones familiares,2087
2011,CATALUNA,5. patrimonio,375452
2011,CATALUNA,5.1.-hurtos,179788
2011,CATALUNA,5.2.-robos con fuerza en las cosas,83564
2011,CATALUNA,5.2.1.-robos con fuerza en las cosas en el interior de vehiculos,37019
2011,CATALUNA,5.2.2.-robos con fuerza en viviendas,21249
2011,CATALUNA,5.2.3.-robos con fuerza en establecimientos,19
2011,CATALUNA,5.3.-robos con violencia o intimidacion,27961
2011,CATALUNA,5.3.1.-robos con violencia en via publica,54
2011,CATALUNA,5.3.2.-robos con violencia en viviendas,1325
2011,CATALUNA,5.3.3.-robos con violencia en establecimientos,8
2011,CATALUNA,5.4.-sustraccion de vehiculos,11887
2011,CATALUNA,5.5.-estafas,17427
2011,CATALUNA,5.5.1.-estafas informaticas,491
2011,CATALUNA,5.6.-danos,43557
2011,CATALUNA,5.7.-contra la propiedad intelectual/industrial,670
2011,CATALUNA,5.8.-blanqueo de capitales,28
2011,CATALUNA,5.9.-otros contra el patrimonio,10570
2011,CATALUNA,6. seguridad colectiva,11715
2011,CATALUNA,6.1.-trafico de drogas,2169
2011,CATALUNA,6.2.-contra la seguridad vial,9349
2011,CATALUNA,6.3.-otros contra la seguridad colectiva,197
2011,CATALUNA,7. falsedades,4339
2011,CATALUNA,8. admon. publica,45
2011,CATALUNA,9. admon. justicia,3724
2011,CATALUNA,total infracciones penales,454871
2011,CIUDAD AUTONOMA DE CEUTA,1. contra las personas,783
2011,CIUDAD AUTONOMA DE CEUTA,1.1.-homicidios dolosos/asesinatos,11
2011,CIUDAD AUTONOMA DE CEUTA,1.1.1.-homicidios dolosos/asesinatos consumados,4
2011,CIUDAD AUTONOMA DE CEUTA,1.2.-lesiones,395
2011,CIUDAD AUTONOMA DE CEUTA,1.3.-malos tratos ambito familiar,54
2011,CIUDAD AUTONOMA DE CEUTA,1.4.-otros contra las personas,323
2011,CIUDAD AUTONOMA DE CEUTA,10. orden publico,155
2011,CIUDAD AUTONOMA DE CEUTA,11. legislacion especial,10
2011,CIUDAD AUTONOMA DE CEUTA,12. otras infracciones penales,63
2011,CIUDAD AUTONOMA DE CEUTA,2. contra la libertad,203
2011,CIUDAD AUTONOMA DE CEUTA,2.1.-malos tratos habituales en el ambito familiar,162
2011,CIUDAD AUTONOMA DE CEUTA,2.2.-otros contra la libertad,41
2011,CIUDAD AUTONOMA DE CEUTA,3. libertad sexual,13
2011,CIUDAD AUTONOMA DE CEUTA,3.1.-agresion sexual,10
2011,CIUDAD AUTONOMA DE CEUTA,3.2.-agresion sexual con penetracion,1
2011,CIUDAD AUTONOMA DE CEUTA,3.3.-corrupcion de menores o incapacitados,0
2011,CIUDAD AUTONOMA DE CEUTA,3.4.-pornografia de menores,0
2011,CIUDAD AUTONOMA DE CEUTA,3.5.-otros contra la libertad sexual,2
2011,CIUDAD AUTONOMA DE CEUTA,4. relaciones familiares,39
2011,CIUDAD AUTONOMA DE CEUTA,5. patrimonio,2860
2011,CIUDAD AUTONOMA DE CEUTA,5.1.-hurtos,1081
2011,CIUDAD AUTONOMA DE CEUTA,5.2.-robos con fuerza en las cosas,479
2011,CIUDAD AUTONOMA DE CEUTA,5.2.1.-robos con fuerza en las cosas en el interior de vehiculos,281
2011,CIUDAD AUTONOMA DE CEUTA,5.2.2.-robos con fuerza en viviendas,79
2011,CIUDAD AUTONOMA DE CEUTA,5.2.3.-robos con fuerza en establecimientos,62
2011,CIUDAD AUTONOMA DE CEUTA,5.3.-robos con violencia o intimidacion,168
2011,CIUDAD AUTONOMA DE CEUTA,5.3.1.-robos con violencia en via publica,125
2011,CIUDAD AUTONOMA DE CEUTA,5.3.2.-robos con violencia en viviendas,16
2011,CIUDAD AUTONOMA DE CEUTA,5.3.3.-robos con violencia en establecimientos,6
2011,CIUDAD AUTONOMA DE CEUTA,5.4.-sustraccion de vehiculos,463
2011,CIUDAD AUTONOMA DE CEUTA,5.5.-estafas,117
2011,CIUDAD AUTONOMA DE CEUTA,5.5.1.-estafas informaticas,63
2011,CIUDAD AUTONOMA DE CEUTA,5.6.-danos,485
2011,CIUDAD AUTONOMA DE CEUTA,5.7.-contra la propiedad intelectual/industrial,6
2011,CIUDAD AUTONOMA DE CEUTA,5.8.-blanqueo de capitales,1
2011,CIUDAD AUTONOMA DE CEUTA,5.9.-otros contra el patrimonio,60
2011,CIUDAD AUTONOMA DE CEUTA,6. seguridad colectiva,1741
2011,CIUDAD AUTONOMA DE CEUTA,6.1.-trafico de drogas,1413
2011,CIUDAD AUTONOMA DE CEUTA,6.2.-contra la seguridad vial,326
2011,CIUDAD AUTONOMA DE CEUTA,6.3.-otros contra la seguridad colectiva,2
2011,CIUDAD AUTONOMA DE CEUTA,7. falsedades,339
2011,CIUDAD AUTONOMA DE CEUTA,8. admon. publica,4
2011,CIUDAD AUTONOMA DE CEUTA,9. admon. justicia,84
2011,CIUDAD AUTONOMA DE CEUTA,total infracciones penales,6294
2011,CIUDAD AUTONOMA DE MELILLA,1. contra las personas,948
2011,CIUDAD AUTONOMA DE MELILLA,1.1.-homicidios dolosos/asesinatos,7
2011,CIUDAD AUTONOMA DE MELILLA,1.1.1.-homicidios dolosos/asesinatos consumados,0
2011,CIUDAD AUTONOMA DE MELILLA,1.2.-lesiones,478
2011,CIUDAD AUTONOMA DE MELILLA,1.3.-malos tratos ambito familiar,259
2011,CIUDAD AUTONOMA DE MELILLA,1.4.-otros contra las personas,204
2011,CIUDAD AUTONOMA DE MELILLA,10. orden publico,187
2011,CIUDAD AUTONOMA DE MELILLA,11. legislacion especial,3
2011,CIUDAD AUTONOMA DE MELILLA,12. otras infracciones penales,67
2011,CIUDAD AUTONOMA DE MELILLA,2. contra la libertad,95
2011,CIUDAD AUTONOMA DE MELILLA,2.1.-malos tratos habituales en el ambito familiar,3
2011,CIUDAD AUTONOMA DE MELILLA,2.2.-otros contra la libertad,92
2011,CIUDAD AUTONOMA DE MELILLA,3. libertad sexual,34
2011,CIUDAD AUTONOMA DE MELILLA,3.1.-agresion sexual,25
2011,CIUDAD AUTONOMA DE MELILLA,3.2.-agresion sexual con penetracion,2
2011,CIUDAD AUTONOMA DE MELILLA,3.3.-corrupcion de menores o incapacitados,1
2011,CIUDAD AUTONOMA DE MELILLA,3.4.-pornografia de menores,0
2011,CIUDAD AUTONOMA DE MELILLA,3.5.-otros contra la libertad sexual,6
2011,CIUDAD AUTONOMA DE MELILLA,4. relaciones familiares,27
2011,CIUDAD AUTONOMA DE MELILLA,5. patrimonio,2917
2011,CIUDAD AUTONOMA DE MELILLA,5.1.-hurtos,1181
2011,CIUDAD AUTONOMA DE MELILLA,5.2.-robos con fuerza en las cosas,774
2011,CIUDAD AUTONOMA DE MELILLA,5.2.1.-robos con fuerza en las cosas en el interior de vehiculos,474
2011,CIUDAD AUTONOMA DE MELILLA,5.2.2.-robos con fuerza en viviendas,90
2011,CIUDAD AUTONOMA DE MELILLA,5.2.3.-robos con fuerza en establecimientos,91
2011,CIUDAD AUTONOMA DE MELILLA,5.3.-robos con violencia o intimidacion,240
2011,CIUDAD AUTONOMA DE MELILLA,5.3.1.-robos con violencia en via publica,182
2011,CIUDAD AUTONOMA DE MELILLA,5.3.2.-robos con violencia en viviendas,3
2011,CIUDAD AUTONOMA DE MELILLA,5.3.3.-robos con violencia en establecimientos,15
2011,CIUDAD AUTONOMA DE MELILLA,5.4.-sustraccion de vehiculos,260
2011,CIUDAD AUTONOMA DE MELILLA,5.5.-estafas,67
2011,CIUDAD AUTONOMA DE MELILLA,5.5.1.-estafas informaticas,22
2011,CIUDAD AUTONOMA DE MELILLA,5.6.-danos,336
2011,CIUDAD AUTONOMA DE MELILLA,5.7.-contra la propiedad intelectual/industrial,11
2011,CIUDAD AUTONOMA DE MELILLA,5.8.-blanqueo de capitales,3
2011,CIUDAD AUTONOMA DE MELILLA,5.9.-otros contra el patrimonio,45
2011,CIUDAD AUTONOMA DE MELILLA,6. seguridad colectiva,347
2011,CIUDAD AUTONOMA DE MELILLA,6.1.-trafico de drogas,198
2011,CIUDAD AUTONOMA DE MELILLA,6.2.-contra la seguridad vial,137
2011,CIUDAD AUTONOMA DE MELILLA,6.3.-otros contra la seguridad colectiva,12
2011,CIUDAD AUTONOMA DE MELILLA,7. falsedades,248
2011,CIUDAD AUTONOMA DE MELILLA,8. admon. publica,2
2011,CIUDAD AUTONOMA DE MELILLA,9. admon. justicia,67
2011,CIUDAD AUTONOMA DE MELILLA,total infracciones penales,4942
2011,COMUNITAT VALENCIANA,1. contra las personas,34817
2011,COMUNITAT VALENCIANA,1.1.-homicidios dolosos/asesinatos,125
2011,COMUNITAT VALENCIANA,1.1.1.-homicidios dolosos/asesinatos consumados,46
2011,COMUNITAT VALENCIANA,1.2.-lesiones,12963
2011,COMUNITAT VALENCIANA,1.3.-malos tratos ambito familiar,8416
2011,COMUNITAT VALENCIANA,1.4.-otros contra las personas,13313
2011,COMUNITAT VALENCIANA,10. orden publico,4733
2011,COMUNITAT VALENCIANA,11. legislacion especial,12
2011,COMUNITAT VALENCIANA,12. otras infracciones penales,690
2011,COMUNITAT VALENCIANA,2. contra la libertad,4863
2011,COMUNITAT VALENCIANA,2.1.-malos tratos habituales en el ambito familiar,1973
2011,COMUNITAT VALENCIANA,2.2.-otros contra la libertad,2890
2011,COMUNITAT VALENCIANA,3. libertad sexual,1244
2011,COMUNITAT VALENCIANA,3.1.-agresion sexual,640
2011,COMUNITAT VALENCIANA,3.2.-agresion sexual con penetracion,226
2011,COMUNITAT VALENCIANA,3.3.-corrupcion de menores o incapacitados,45
2011,COMUNITAT VALENCIANA,3.4.-pornografia de menores,109
2011,COMUNITAT VALENCIANA,3.5.-otros contra la libertad sexual,224
2011,COMUNITAT VALENCIANA,4. relaciones familiares,941
2011,COMUNITAT VALENCIANA,5. patrimonio,221719
2011,COMUNITAT VALENCIANA,5.1.-hurtos,89452
2011,COMUNITAT VALENCIANA,5.2.-robos con fuerza en las cosas,63936
2011,COMUNITAT VALENCIANA,5.2.1.-robos con fuerza en las cosas en el interior de vehiculos,21679
2011,COMUNITAT VALENCIANA,5.2.2.-robos con fuerza en viviendas,18988
2011,COMUNITAT VALENCIANA,5.2.3.-robos con fuerza en establecimientos,6155
2011,COMUNITAT VALENCIANA,5.3.-robos con violencia o intimidacion,10166
2011,COMUNITAT VALENCIANA,5.3.1.-robos con violencia en via publica,5767
2011,COMUNITAT VALENCIANA,5.3.2.-robos con violencia en viviendas,670
2011,COMUNITAT VALENCIANA,5.3.3.-robos con violencia en establecimientos,1048
2011,COMUNITAT VALENCIANA,5.4.-sustraccion de vehiculos,7072
2011,COMUNITAT VALENCIANA,5.5.-estafas,11011
2011,COMUNITAT VALENCIANA,5.5.1.-estafas informaticas,2451
2011,COMUNITAT VALENCIANA,5.6.-danos,36589
2011,COMUNITAT VALENCIANA,5.7.-contra la propiedad intelectual/industrial,283
2011,COMUNITAT VALENCIANA,5.8.-blanqueo de capitales,7
2011,COMUNITAT VALENCIANA,5.9.-otros contra el patrimonio,3203
2011,COMUNITAT VALENCIANA,6. seguridad colectiva,8729
2011,COMUNITAT VALENCIANA,6.1.-trafico de drogas,1399
2011,COMUNITAT VALENCIANA,6.2.-contra la seguridad vial,6734
2011,COMUNITAT VALENCIANA,6.3.-otros contra la seguridad colectiva,596
2011,COMUNITAT VALENCIANA,7. falsedades,2569
2011,COMUNITAT VALENCIANA,8. admon. publica,42
2011,COMUNITAT VALENCIANA,9. admon. justicia,4337
2011,COMUNITAT VALENCIANA,total infracciones penales,284696
2011,EXTREMADURA,1. contra las personas,5655
2011,EXTREMADURA,1.1.-homicidios dolosos/asesinatos,26
2011,EXTREMADURA,1.1.1.-homicidios dolosos/asesinatos consumados,10
2011,EXTREMADURA,1.2.-lesiones,2150
2011,EXTREMADURA,1.3.-malos tratos ambito familiar,948
2011,EXTREMADURA,1.4.-otros contra las personas,2531
2011,EXTREMADURA,10. orden publico,635
2011,EXTREMADURA,11. legislacion especial,2
2011,EXTREMADURA,12. otras infracciones penales,168
2011,EXTREMADURA,2. contra la libertad,683
2011,EXTREMADURA,2.1.-malos tratos habituales en el ambito familiar,267
2011,EXTREMADURA,2.2.-otros contra la libertad,416
2011,EXTREMADURA,3. libertad sexual,178
2011,EXTREMADURA,3.1.-agresion sexual,105
2011,EXTREMADURA,3.2.-agresion sexual con penetracion,24
2011,EXTREMADURA,3.3.-corrupcion de menores o incapacitados,5
2011,EXTREMADURA,3.4.-pornografia de menores,16
2011,EXTREMADURA,3.5.-otros contra la libertad sexual,28
2011,EXTREMADURA,4. relaciones familiares,159
2011,EXTREMADURA,5. patrimonio,19568
2011,EXTREMADURA,5.1.-hurtos,8411
2011,EXTREMADURA,5.2.-robos con fuerza en las cosas,5313
2011,EXTREMADURA,5.2.1.-robos con fuerza en las cosas en el interior de vehiculos,1260
2011,EXTREMADURA,5.2.2.-robos con fuerza en viviendas,1030
2011,EXTREMADURA,5.2.3.-robos con fuerza en establecimientos,1033
2011,EXTREMADURA,5.3.-robos con violencia o intimidacion,378
2011,EXTREMADURA,5.3.1.-robos con violencia en via publica,222
2011,EXTREMADURA,5.3.2.-robos con violencia en viviendas,42
2011,EXTREMADURA,5.3.3.-robos con violencia en establecimientos,71
2011,EXTREMADURA,5.4.-sustraccion de vehiculos,560
2011,EXTREMADURA,5.5.-estafas,1005
2011,EXTREMADURA,5.5.1.-estafas informaticas,287
2011,EXTREMADURA,5.6.-danos,3560
2011,EXTREMADURA,5.7.-contra la propiedad intelectual/industrial,43
2011,EXTREMADURA,5.8.-blanqueo de capitales,0
2011,EXTREMADURA,5.9.-otros contra el patrimonio,298
2011,EXTREMADURA,6. seguridad colectiva,1638
2011,EXTREMADURA,6.1.-trafico de drogas,313
2011,EXTREMADURA,6.2.-contra la seguridad vial,1297
2011,EXTREMADURA,6.3.-otros contra la seguridad colectiva,28
2011,EXTREMADURA,7. falsedades,246
2011,EXTREMADURA,8. admon. publica,5
2011,EXTREMADURA,9. admon. justicia,542
2011,EXTREMADURA,total infracciones penales,29479
2011,GALICIA,1. contra las personas,14957
2011,GALICIA,1.1.-homicidios dolosos/asesinatos,53
2011,GALICIA,1.1.1.-homicidios dolosos/asesinatos consumados,14
2011,GALICIA,1.2.-lesiones,5977
2011,GALICIA,1.3.-malos tratos ambito familiar,2525
2011,GALICIA,1.4.-otros contra las personas,6402
2011,GALICIA,10. orden publico,1523
2011,GALICIA,11. legislacion especial,9
2011,GALICIA,12. otras infracciones penales,197
2011,GALICIA,2. contra la libertad,1807
2011,GALICIA,2.1.-malos tratos habituales en el ambito familiar,784
2011,GALICIA,2.2.-otros contra la libertad,1023
2011,GALICIA,3. libertad sexual,398
2011,GALICIA,3.1.-agresion sexual,240
2011,GALICIA,3.2.-agresion sexual con penetracion,63
2011,GALICIA,3.3.-corrupcion de menores o incapacitados,6
2011,GALICIA,3.4.-pornografia de menores,26
2011,GALICIA,3.5.-otros contra la libertad sexual,63
2011,GALICIA,4. relaciones familiares,169
2011,GALICIA,5. patrimonio,54185
2011,GALICIA,5.1.-hurtos,22464
2011,GALICIA,5.2.-robos con fuerza en las cosas,12513
2011,GALICIA,5.2.1.-robos con fuerza en las cosas en el interior de vehiculos,3384
2011,GALICIA,5.2.2.-robos con fuerza en viviendas,2875
2011,GALICIA,5.2.3.-robos con fuerza en establecimientos,2582
2011,GALICIA,5.3.-robos con violencia o intimidacion,1364
2011,GALICIA,5.3.1.-robos con violencia en via publica,692
2011,GALICIA,5.3.2.-robos con violencia en viviendas,120
2011,GALICIA,5.3.3.-robos con violencia en establecimientos,299
2011,GALICIA,5.4.-sustraccion de vehiculos,1750
2011,GALICIA,5.5.-estafas,3383
2011,GALICIA,5.5.1.-estafas informaticas,1070
2011,GALICIA,5.6.-danos,11670
2011,GALICIA,5.7.-contra la propiedad intelectual/industrial,116
2011,GALICIA,5.8.-blanqueo de capitales,0
2011,GALICIA,5.9.-otros contra el patrimonio,925
2011,GALICIA,6. seguridad colectiva,6888
2011,GALICIA,6.1.-trafico de drogas,460
2011,GALICIA,6.2.-contra la seguridad vial,6256
2011,GALICIA,6.3.-otros contra la seguridad colectiva,172
2011,GALICIA,7. falsedades,540
2011,GALICIA,8. admon. publica,22
2011,GALICIA,9. admon. justicia,1120
2011,GALICIA,total infracciones penales,81815
2011,MADRID (COMUNIDAD DE),1. contra las personas,38965
2011,MADRID (COMUNIDAD DE),1.1.-homicidios dolosos/asesinatos,95
2011,MADRID (COMUNIDAD DE),1.1.1.-homicidios dolosos/asesinatos consumados,46
2011,MADRID (COMUNIDAD DE),1.2.-lesiones,14689
2011,MADRID (COMUNIDAD DE),1.3.-malos tratos ambito familiar,10587
2011,MADRID (COMUNIDAD DE),1.4.-otros contra las personas,13594
2011,MADRID (COMUNIDAD DE),10. orden publico,5948
2011,MADRID (COMUNIDAD DE),11. legislacion especial,15
2011,MADRID (COMUNIDAD DE),12. otras infracciones penales,729
2011,MADRID (COMUNIDAD DE),2. contra la libertad,4105
2011,MADRID (COMUNIDAD DE),2.1.-malos tratos habituales en el ambito familiar,1384
2011,MADRID (COMUNIDAD DE),2.2.-otros contra la libertad,2721
2011,MADRID (COMUNIDAD DE),3. libertad sexual,1443
2011,MADRID (COMUNIDAD DE),3.1.-agresion sexual,799
2011,MADRID (COMUNIDAD DE),3.2.-agresion sexual con penetracion,306
2011,MADRID (COMUNIDAD DE),3.3.-corrupcion de menores o incapacitados,16
2011,MADRID (COMUNIDAD DE),3.4.-pornografia de menores,91
2011,MADRID (COMUNIDAD DE),3.5.-otros contra la libertad sexual,231
2011,MADRID (COMUNIDAD DE),4. relaciones familiares,1174
2011,MADRID (COMUNIDAD DE),5. patrimonio,325156
2011,MADRID (COMUNIDAD DE),5.1.-hurtos,153109
2011,MADRID (COMUNIDAD DE),5.2.-robos con fuerza en las cosas,65192
2011,MADRID (COMUNIDAD DE),5.2.1.-robos con fuerza en las cosas en el interior de vehiculos,36153
2011,MADRID (COMUNIDAD DE),5.2.2.-robos con fuerza en viviendas,11279
2011,MADRID (COMUNIDAD DE),5.2.3.-robos con fuerza en establecimientos,7016
2011,MADRID (COMUNIDAD DE),5.3.-robos con violencia o intimidacion,21619
2011,MADRID (COMUNIDAD DE),5.3.1.-robos con violencia en via publica,15033
2011,MADRID (COMUNIDAD DE),5.3.2.-robos con violencia en viviendas,1576
2011,MADRID (COMUNIDAD DE),5.3.3.-robos con violencia en establecimientos,1776
2011,MADRID (COMUNIDAD DE),5.4.-sustraccion de vehiculos,13571
2011,MADRID (COMUNIDAD DE),5.5.-estafas,20151
2011,MADRID (COMUNIDAD DE),5.5.1.-estafas informaticas,3665
2011,MADRID (COMUNIDAD DE),5.6.-danos,47421
2011,MADRID (COMUNIDAD DE),5.7.-contra la propiedad intelectual/industrial,470
2011,MADRID (COMUNIDAD DE),5.8.-blanqueo de capitales,30
2011,MADRID (COMUNIDAD DE),5.9.-otros contra el patrimonio,3593
2011,MADRID (COMUNIDAD DE),6. seguridad colectiva,7342
2011,MADRID (COMUNIDAD DE),6.1.-trafico de drogas,2112
2011,MADRID (COMUNIDAD DE),6.2.-contra la seguridad vial,4976
2011,MADRID (COMUNIDAD DE),6.3.-otros contra la seguridad colectiva,254
2011,MADRID (COMUNIDAD DE),7. falsedades,3737
2011,MADRID (COMUNIDAD DE),8. admon. publica,28
2011,MADRID (COMUNIDAD DE),9. admon. justicia,4387
2011,MADRID (COMUNIDAD DE),total infracciones penales,393029
2011,MURCIA (REGION DE),1. contra las personas,10017
2011,MURCIA (REGION DE),1.1.-homicidios dolosos/asesinatos,39
2011,MURCIA (REGION DE),1.1.1.-homicidios dolosos/asesinatos consumados,10
2011,MURCIA (REGION DE),1.2.-lesiones,3727
2011,MURCIA (REGION DE),1.3.-malos tratos ambito familiar,2478
2011,MURCIA (REGION DE),1.4.-otros contra las personas,3773
2011,MURCIA (REGION DE),10. orden publico,898
2011,MURCIA (REGION DE),11. legislacion especial,1
2011,MURCIA (REGION DE),12. otras infracciones penales,245
2011,MURCIA (REGION DE),2. contra la libertad,1294
2011,MURCIA (REGION DE),2.1.-malos tratos habituales en el ambito familiar,389
2011,MURCIA (REGION DE),2.2.-otros contra la libertad,905
2011,MURCIA (REGION DE),3. libertad sexual,316
2011,MURCIA (REGION DE),3.1.-agresion sexual,186
2011,MURCIA (REGION DE),3.2.-agresion sexual con penetracion,62
2011,MURCIA (REGION DE),3.3.-corrupcion de menores o incapacitados,3
2011,MURCIA (REGION DE),3.4.-pornografia de menores,14
2011,MURCIA (REGION DE),3.5.-otros contra la libertad sexual,51
2011,MURCIA (REGION DE),4. relaciones familiares,505
2011,MURCIA (REGION DE),5. patrimonio,41304
2011,MURCIA (REGION DE),5.1.-hurtos,16390
2011,MURCIA (REGION DE),5.2.-robos con fuerza en las cosas,13165
2011,MURCIA (REGION DE),5.2.1.-robos con fuerza en las cosas en el interior de vehiculos,3883
2011,MURCIA (REGION DE),5.2.2.-robos con fuerza en viviendas,4228
2011,MURCIA (REGION DE),5.2.3.-robos con fuerza en establecimientos,1454
2011,MURCIA (REGION DE),5.3.-robos con violencia o intimidacion,1723
2011,MURCIA (REGION DE),5.3.1.-robos con violencia en via publica,946
2011,MURCIA (REGION DE),5.3.2.-robos con violencia en viviendas,121
2011,MURCIA (REGION DE),5.3.3.-robos con violencia en establecimientos,248
2011,MURCIA (REGION DE),5.4.-sustraccion de vehiculos,1747
2011,MURCIA (REGION DE),5.5.-estafas,1914
2011,MURCIA (REGION DE),5.5.1.-estafas informaticas,306
2011,MURCIA (REGION DE),5.6.-danos,5622
2011,MURCIA (REGION DE),5.7.-contra la propiedad intelectual/industrial,58
2011,MURCIA (REGION DE),5.8.-blanqueo de capitales,5
2011,MURCIA (REGION DE),5.9.-otros contra el patrimonio,680
2011,MURCIA (REGION DE),6. seguridad colectiva,1748
2011,MURCIA (REGION DE),6.1.-trafico de drogas,305
2011,MURCIA (REGION DE),6.2.-contra la seguridad vial,1375
2011,MURCIA (REGION DE),6.3.-otros contra la seguridad colectiva,68
2011,MURCIA (REGION DE),7. falsedades,620
2011,MURCIA (REGION DE),8. admon. publica,3
2011,MURCIA (REGION DE),9. admon. justicia,931
2011,MURCIA (REGION DE),total infracciones penales,57882
2011,NAVARRA (COMUNIDAD FORAL DE),1. contra las personas,2961
2011,NAVARRA (COMUNIDAD FORAL DE),1.1.-homicidios dolosos/asesinatos,16
2011,NAVARRA (COMUNIDAD FORAL DE),1.1.1.-homicidios dolosos/asesinatos consumados,5
2011,NAVARRA (COMUNIDAD FORAL DE),1.2.-lesiones,1040
2011,NAVARRA (COMUNIDAD FORAL DE),1.3.-malos tratos ambito familiar,456
2011,NAVARRA (COMUNIDAD FORAL DE),1.4.-otros contra las personas,1449
2011,NAVARRA (COMUNIDAD FORAL DE),10. orden publico,357
2011,NAVARRA (COMUNIDAD FORAL DE),11. legislacion especial,8
2011,NAVARRA (COMUNIDAD FORAL DE),12. otras infracciones penales,240
2011,NAVARRA (COMUNIDAD FORAL DE),2. contra la libertad,711
2011,NAVARRA (COMUNIDAD FORAL DE),2.1.-malos tratos habituales en el ambito familiar,146
2011,NAVARRA (COMUNIDAD FORAL DE),2.2.-otros contra la libertad,565
2011,NAVARRA (COMUNIDAD FORAL DE),3. libertad sexual,113
2011,NAVARRA (COMUNIDAD FORAL DE),3.1.-agresion sexual,67
2011,NAVARRA (COMUNIDAD FORAL DE),3.2.-agresion sexual con penetracion,18
2011,NAVARRA (COMUNIDAD FORAL DE),3.3.-corrupcion de menores o incapacitados,6
2011,NAVARRA (COMUNIDAD FORAL DE),3.4.-pornografia de menores,7
2011,NAVARRA (COMUNIDAD FORAL DE),3.5.-otros contra la libertad sexual,15
2011,NAVARRA (COMUNIDAD FORAL DE),4. relaciones familiares,105
2011,NAVARRA (COMUNIDAD FORAL DE),5. patrimonio,14576
2011,NAVARRA (COMUNIDAD FORAL DE),5.1.-hurtos,6124
2011,NAVARRA (COMUNIDAD FORAL DE),5.2.-robos con fuerza en las cosas,3667
2011,NAVARRA (COMUNIDAD FORAL DE),5.2.1.-robos con fuerza en las cosas en el interior de vehiculos,690
2011,NAVARRA (COMUNIDAD FORAL DE),5.2.2.-robos con fuerza en viviendas,868
2011,NAVARRA (COMUNIDAD FORAL DE),5.2.3.-robos con fuerza en establecimientos,601
2011,NAVARRA (COMUNIDAD FORAL DE),5.3.-robos con violencia o intimidacion,175
2011,NAVARRA (COMUNIDAD FORAL DE),5.3.1.-robos con violencia en via publica,95
2011,NAVARRA (COMUNIDAD FORAL DE),5.3.2.-robos con violencia en viviendas,10
2011,NAVARRA (COMUNIDAD FORAL DE),5.3.3.-robos con violencia en establecimientos,32
2011,NAVARRA (COMUNIDAD FORAL DE),5.4.-sustraccion de vehiculos,216
2011,NAVARRA (COMUNIDAD FORAL DE),5.5.-estafas,1262
2011,NAVARRA (COMUNIDAD FORAL DE),5.5.1.-estafas informaticas,310
2011,NAVARRA (COMUNIDAD FORAL DE),5.6.-danos,2874
2011,NAVARRA (COMUNIDAD FORAL DE),5.7.-contra la propiedad intelectual/industrial,4
2011,NAVARRA (COMUNIDAD FORAL DE),5.8.-blanqueo de capitales,0
2011,NAVARRA (COMUNIDAD FORAL DE),5.9.-otros contra el patrimonio,254
2011,NAVARRA (COMUNIDAD FORAL DE),6. seguridad colectiva,1194
2011,NAVARRA (COMUNIDAD FORAL DE),6.1.-trafico de drogas,146
2011,NAVARRA (COMUNIDAD FORAL DE),6.2.-contra la seguridad vial,1025
2011,NAVARRA (COMUNIDAD FORAL DE),6.3.-otros contra la seguridad colectiva,23
2011,NAVARRA (COMUNIDAD FORAL DE),7. falsedades,264
2011,NAVARRA (COMUNIDAD FORAL DE),8. admon. publica,21
2011,NAVARRA (COMUNIDAD FORAL DE),9. admon. justicia,230
2011,NAVARRA (COMUNIDAD FORAL DE),total infracciones penales,20780
2011,PAIS VASCO,1. contra las personas,12633
2011,PAIS VASCO,1.1.-homicidios dolosos/asesinatos,50
2011,PAIS VASCO,1.1.1.-homicidios dolosos/asesinatos consumados,12
2011,PAIS VASCO,1.2.-lesiones,5419
2011,PAIS VASCO,1.3.-malos tratos ambito familiar,707
2011,PAIS VASCO,1.4.-otros contra las personas,6457
2011,PAIS VASCO,10. orden publico,2161
2011,PAIS VASCO,11. legislacion especial,2
2011,PAIS VASCO,12. otras infracciones penales,417
2011,PAIS VASCO,2. contra la libertad,4679
2011,PAIS VASCO,2.1.-malos tratos habituales en el ambito familiar,3144
2011,PAIS VASCO,2.2.-otros contra la libertad,1535
2011,PAIS VASCO,3. libertad sexual,435
2011,PAIS VASCO,3.1.-agresion sexual,265
2011,PAIS VASCO,3.2.-agresion sexual con penetracion,50
2011,PAIS VASCO,3.3.-corrupcion de menores o incapacitados,10
2011,PAIS VASCO,3.4.-pornografia de menores,46
2011,PAIS VASCO,3.5.-otros contra la libertad sexual,64
2011,PAIS VASCO,4. relaciones familiares,380
2011,PAIS VASCO,5. patrimonio,63215
2011,PAIS VASCO,5.1.-hurtos,26242
2011,PAIS VASCO,5.2.-robos con fuerza en las cosas,17473
2011,PAIS VASCO,5.2.1.-robos con fuerza en las cosas en el interior de vehiculos,49
2011,PAIS VASCO,5.2.2.-robos con fuerza en viviendas,4787
2011,PAIS VASCO,5.2.3.-robos con fuerza en establecimientos,2781
2011,PAIS VASCO,5.3.-robos con violencia o intimidacion,2888
2011,PAIS VASCO,5.3.1.-robos con violencia en via publica,1940
2011,PAIS VASCO,5.3.2.-robos con violencia en viviendas,322
2011,PAIS VASCO,5.3.3.-robos con violencia en establecimientos,392
2011,PAIS VASCO,5.4.-sustraccion de vehiculos,974
2011,PAIS VASCO,5.5.-estafas,4755
2011,PAIS VASCO,5.5.1.-estafas informaticas,141
2011,PAIS VASCO,5.6.-danos,9779
2011,PAIS VASCO,5.7.-contra la propiedad intelectual/industrial,17
2011,PAIS VASCO,5.8.-blanqueo de capitales,8
2011,PAIS VASCO,5.9.-otros contra el patrimonio,1079
2011,PAIS VASCO,6. seguridad colectiva,3568
2011,PAIS VASCO,6.1.-trafico de drogas,384
2011,PAIS VASCO,6.2.-contra la seguridad vial,3135
2011,PAIS VASCO,6.3.-otros contra la seguridad colectiva,49
2011,PAIS VASCO,7. falsedades,702
2011,PAIS VASCO,8. admon. publica,18
2011,PAIS VASCO,9. admon. justicia,1357
2011,PAIS VASCO,total infracciones penales,89567
2011,RIOJA (LA),1. contra las personas,1625
2011,RIOJA (LA),1.1.-homicidios dolosos/asesinatos,7
2011,RIOJA (LA),1.1.1.-homicidios dolosos/asesinatos consumados,2
2011,RIOJA (LA),1.2.-lesiones,760
2011,RIOJA (LA),1.3.-malos tratos ambito familiar,362
2011,RIOJA (LA),1.4.-otros contra las personas,496
2011,RIOJA (LA),10. orden publico,263
2011,RIOJA (LA),11. legislacion especial,0
2011,RIOJA (LA),12. otras infracciones penales,21
2011,RIOJA (LA),2. contra la libertad,150
2011,RIOJA (LA),2.1.-malos tratos habituales en el ambito familiar,31
2011,RIOJA (LA),2.2.-otros contra la libertad,119
2011,RIOJA (LA),3. libertad sexual,62
2011,RIOJA (LA),3.1.-agresion sexual,41
2011,RIOJA (LA),3.2.-agresion sexual con penetracion,11
2011,RIOJA (LA),3.3.-corrupcion de menores o incapacitados,2
2011,RIOJA (LA),3.4.-pornografia de menores,5
2011,RIOJA (LA),3.5.-otros contra la libertad sexual,3
2011,RIOJA (LA),4. relaciones familiares,18
2011,RIOJA (LA),5. patrimonio,7007
2011,RIOJA (LA),5.1.-hurtos,2855
2011,RIOJA (LA),5.2.-robos con fuerza en las cosas,1967
2011,RIOJA (LA),5.2.1.-robos con fuerza en las cosas en el interior de vehiculos,405
2011,RIOJA (LA),5.2.2.-robos con fuerza en viviendas,327
2011,RIOJA (LA),5.2.3.-robos con fuerza en establecimientos,261
2011,RIOJA (LA),5.3.-robos con violencia o intimidacion,224
2011,RIOJA (LA),5.3.1.-robos con violencia en via publica,111
2011,RIOJA (LA),5.3.2.-robos con violencia en viviendas,20
2011,RIOJA (LA),5.3.3.-robos con violencia en establecimientos,51
2011,RIOJA (LA),5.4.-sustraccion de vehiculos,149
2011,RIOJA (LA),5.5.-estafas,475
2011,RIOJA (LA),5.5.1.-estafas informaticas,64
2011,RIOJA (LA),5.6.-danos,1214
2011,RIOJA (LA),5.7.-contra la propiedad intelectual/industrial,10
2011,RIOJA (LA),5.8.-blanqueo de capitales,1
2011,RIOJA (LA),5.9.-otros contra el patrimonio,112
2011,RIOJA (LA),6. seguridad colectiva,618
2011,RIOJA (LA),6.1.-trafico de drogas,62
2011,RIOJA (LA),6.2.-contra la seguridad vial,546
2011,RIOJA (LA),6.3.-otros contra la seguridad colectiva,10
2011,RIOJA (LA),7. falsedades,93
2011,RIOJA (LA),8. admon. publica,0
2011,RIOJA (LA),9. admon. justicia,141
2011,RIOJA (LA),total infracciones penales,9998
2012,ANDALUCIA,1. contra las personas,59894
2012,ANDALUCIA,1.1.-homicidios dolosos/asesinatos,247
2012,ANDALUCIA,1.1.1.-homicidios dolosos/asesinatos consumados,68
2012,ANDALUCIA,1.2.-lesiones,20923
2012,ANDALUCIA,1.3.-malos tratos ambito familiar,12522
2012,ANDALUCIA,1.4.-otros contra las personas,26202
2012,ANDALUCIA,10. orden publico,5800
2012,ANDALUCIA,11. legislacion especial,82
2012,ANDALUCIA,12. otras infracciones penales,1376
2012,ANDALUCIA,2. contra la libertad,7671
2012,ANDALUCIA,2.1.-malos tratos habituales en el ambito familiar,3477
2012,ANDALUCIA,2.2.-otros contra la libertad,4194
2012,ANDALUCIA,3. libertad sexual,1632
2012,ANDALUCIA,3.1.-agresion sexual,926
2012,ANDALUCIA,3.2.-agresion sexual con penetracion,265
2012,ANDALUCIA,3.3.-corrupcion de menores o incapacitados,47
2012,ANDALUCIA,3.4.-pornografia de menores,85
2012,ANDALUCIA,3.5.-otros contra la libertad sexual,309
2012,ANDALUCIA,4. relaciones familiares,1691
2012,ANDALUCIA,5. patrimonio,289754
2012,ANDALUCIA,5.1.-hurtos,133759
2012,ANDALUCIA,5.2.-robos con fuerza en las cosas,70769
2012,ANDALUCIA,5.2.1.-robos con fuerza en las cosas en el interior de vehiculos,26001
2012,ANDALUCIA,5.2.2.-robos con fuerza en viviendas,21963
2012,ANDALUCIA,5.2.3.-robos con fuerza en establecimientos,8092
2012,ANDALUCIA,5.3.-robos con violencia o intimidacion,11673
2012,ANDALUCIA,5.3.1.-robos con violencia en via publica,8411
2012,ANDALUCIA,5.3.2.-robos con violencia en viviendas,715
2012,ANDALUCIA,5.3.3.-robos con violencia en establecimientos,1382
2012,ANDALUCIA,5.4.-sustraccion de vehiculos,11294
2012,ANDALUCIA,5.5.-estafas,15579
2012,ANDALUCIA,5.5.1.-estafas informaticas,4378
2012,ANDALUCIA,5.6.-danos,41013
2012,ANDALUCIA,5.7.-contra la propiedad intelectual/industrial,830
2012,ANDALUCIA,5.8.-blanqueo de capitales,53
2012,ANDALUCIA,5.9.-otros contra el patrimonio,4784
2012,ANDALUCIA,6. seguridad colectiva,17340
2012,ANDALUCIA,6.1.-trafico de drogas,3407
2012,ANDALUCIA,6.2.-contra la seguridad vial,13440
2012,ANDALUCIA,6.3.-otros contra la seguridad colectiva,493
2012,ANDALUCIA,7. falsedades,3211
2012,ANDALUCIA,8. admon. publica,67
2012,ANDALUCIA,9. admon. justicia,6422
2012,ANDALUCIA,total infracciones penales,394940
2012,ARAGON,1. contra las personas,5987
2012,ARAGON,1.1.-homicidios dolosos/asesinatos,16
2012,ARAGON,1.1.1.-homicidios dolosos/asesinatos consumados,6
2012,ARAGON,1.2.-lesiones,2294
2012,ARAGON,1.3.-malos tratos ambito familiar,1558
2012,ARAGON,1.4.-otros contra las personas,2119
2012,ARAGON,10. orden publico,759
2012,ARAGON,11. legislacion especial,3
2012,ARAGON,12. otras infracciones penales,151
2012,ARAGON,2. contra la libertad,914
2012,ARAGON,2.1.-malos tratos habituales en el ambito familiar,379
2012,ARAGON,2.2.-otros contra la libertad,535
2012,ARAGON,3. libertad sexual,215
2012,ARAGON,3.1.-agresion sexual,114
2012,ARAGON,3.2.-agresion sexual con penetracion,46
2012,ARAGON,3.3.-corrupcion de menores o incapacitados,8
2012,ARAGON,3.4.-pornografia de menores,17
2012,ARAGON,3.5.-otros contra la libertad sexual,30
2012,ARAGON,4. relaciones familiares,148
2012,ARAGON,5. patrimonio,35860
2012,ARAGON,5.1.-hurtos,16318
2012,ARAGON,5.2.-robos con fuerza en las cosas,7806
2012,ARAGON,5.2.1.-robos con fuerza en las cosas en el interior de vehiculos,1857
2012,ARAGON,5.2.2.-robos con fuerza en viviendas,2229
2012,ARAGON,5.2.3.-robos con fuerza en establecimientos,1305
2012,ARAGON,5.3.-robos con violencia o intimidacion,1460
2012,ARAGON,5.3.1.-robos con violencia en via publica,965
2012,ARAGON,5.3.2.-robos con violencia en viviendas,122
2012,ARAGON,5.3.3.-robos con violencia en establecimientos,223
2012,ARAGON,5.4.-sustraccion de vehiculos,573
2012,ARAGON,5.5.-estafas,2559
2012,ARAGON,5.5.1.-estafas informaticas,984
2012,ARAGON,5.6.-danos,6545
2012,ARAGON,5.7.-contra la propiedad intelectual/industrial,52
2012,ARAGON,5.8.-blanqueo de capitales,5
2012,ARAGON,5.9.-otros contra el patrimonio,542
2012,ARAGON,6. seguridad colectiva,1411
2012,ARAGON,6.1.-trafico de drogas,262
2012,ARAGON,6.2.-contra la seguridad vial,993
2012,ARAGON,6.3.-otros contra la seguridad colectiva,156
2012,ARAGON,7. falsedades,329
2012,ARAGON,8. admon. publica,6
2012,ARAGON,9. admon. justicia,618
2012,ARAGON,total infracciones penales,46401
2012,ASTURIAS (PRINCIPADO DE),1. contra las personas,5677
2012,ASTURIAS (PRINCIPADO DE),1.1.-homicidios dolosos/asesinatos,15
2012,ASTURIAS (PRINCIPADO DE),1.1.1.-homicidios dolosos/asesinatos consumados,6
2012,ASTURIAS (PRINCIPADO DE),1.2.-lesiones,2200
2012,ASTURIAS (PRINCIPADO DE),1.3.-malos tratos ambito familiar,1280
2012,ASTURIAS (PRINCIPADO DE),1.4.-otros contra las personas,2182
2012,ASTURIAS (PRINCIPADO DE),10. orden publico,781
2012,ASTURIAS (PRINCIPADO DE),11. legislacion especial,1
2012,ASTURIAS (PRINCIPADO DE),12. otras infracciones penales,82
2012,ASTURIAS (PRINCIPADO DE),2. contra la libertad,539
2012,ASTURIAS (PRINCIPADO DE),2.1.-malos tratos habituales en el ambito familiar,81
2012,ASTURIAS (PRINCIPADO DE),2.2.-otros contra la libertad,458
2012,ASTURIAS (PRINCIPADO DE),3. libertad sexual,149
2012,ASTURIAS (PRINCIPADO DE),3.1.-agresion sexual,100
2012,ASTURIAS (PRINCIPADO DE),3.2.-agresion sexual con penetracion,19
2012,ASTURIAS (PRINCIPADO DE),3.3.-corrupcion de menores o incapacitados,2
2012,ASTURIAS (PRINCIPADO DE),3.4.-pornografia de menores,11
2012,ASTURIAS (PRINCIPADO DE),3.5.-otros contra la libertad sexual,17
2012,ASTURIAS (PRINCIPADO DE),4. relaciones familiares,160
2012,ASTURIAS (PRINCIPADO DE),5. patrimonio,20612
2012,ASTURIAS (PRINCIPADO DE),5.1.-hurtos,10381
2012,ASTURIAS (PRINCIPADO DE),5.2.-robos con fuerza en las cosas,3553
2012,ASTURIAS (PRINCIPADO DE),5.2.1.-robos con fuerza en las cosas en el interior de vehiculos,677
2012,ASTURIAS (PRINCIPADO DE),5.2.2.-robos con fuerza en viviendas,1130
2012,ASTURIAS (PRINCIPADO DE),5.2.3.-robos con fuerza en establecimientos,867
2012,ASTURIAS (PRINCIPADO DE),5.3.-robos con violencia o intimidacion,836
2012,ASTURIAS (PRINCIPADO DE),5.3.1.-robos con violencia en via publica,540
2012,ASTURIAS (PRINCIPADO DE),5.3.2.-robos con violencia en viviendas,71
2012,ASTURIAS (PRINCIPADO DE),5.3.3.-robos con violencia en establecimientos,117
2012,ASTURIAS (PRINCIPADO DE),5.4.-sustraccion de vehiculos,480
2012,ASTURIAS (PRINCIPADO DE),5.5.-estafas,1545
2012,ASTURIAS (PRINCIPADO DE),5.5.1.-estafas informaticas,475
2012,ASTURIAS (PRINCIPADO DE),5.6.-danos,3429
2012,ASTURIAS (PRINCIPADO DE),5.7.-contra la propiedad intelectual/industrial,32
2012,ASTURIAS (PRINCIPADO DE),5.8.-blanqueo de capitales,0
2012,ASTURIAS (PRINCIPADO DE),5.9.-otros contra el patrimonio,356
2012,ASTURIAS (PRINCIPADO DE),6. seguridad colectiva,1545
2012,ASTURIAS (PRINCIPADO DE),6.1.-trafico de drogas,206
2012,ASTURIAS (PRINCIPADO DE),6.2.-contra la seguridad vial,1295
2012,ASTURIAS (PRINCIPADO DE),6.3.-otros contra la seguridad colectiva,44
2012,ASTURIAS (PRINCIPADO DE),7. falsedades,204
2012,ASTURIAS (PRINCIPADO DE),8. admon. publica,6
2012,ASTURIAS (PRINCIPADO DE),9. admon. justicia,408
2012,ASTURIAS (PRINCIPADO DE),total infracciones penales,30164
2012,BALEARS (ILLES),1. contra las personas,8966
2012,BALEARS (ILLES),1.1.-homicidios dolosos/asesinatos,30
2012,BALEARS (ILLES),1.1.1.-homicidios dolosos/asesinatos consumados,5
2012,BALEARS (ILLES),1.2.-lesiones,3387
2012,BALEARS (ILLES),1.3.-malos tratos ambito familiar,2232
2012,BALEARS (ILLES),1.4.-otros contra las personas,3317
2012,BALEARS (ILLES),10. orden publico,1003
2012,BALEARS (ILLES),11. legislacion especial,0
2012,BALEARS (ILLES),12. otras infracciones penales,199
2012,BALEARS (ILLES),2. contra la libertad,1384
2012,BALEARS (ILLES),2.1.-malos tratos habituales en el ambito familiar,506
2012,BALEARS (ILLES),2.2.-otros contra la libertad,878
2012,BALEARS (ILLES),3. libertad sexual,383
2012,BALEARS (ILLES),3.1.-agresion sexual,211
2012,BALEARS (ILLES),3.2.-agresion sexual con penetracion,78
2012,BALEARS (ILLES),3.3.-corrupcion de menores o incapacitados,20
2012,BALEARS (ILLES),3.4.-pornografia de menores,13
2012,BALEARS (ILLES),3.5.-otros contra la libertad sexual,61
2012,BALEARS (ILLES),4. relaciones familiares,258
2012,BALEARS (ILLES),5. patrimonio,58202
2012,BALEARS (ILLES),5.1.-hurtos,33392
2012,BALEARS (ILLES),5.2.-robos con fuerza en las cosas,11756
2012,BALEARS (ILLES),5.2.1.-robos con fuerza en las cosas en el interior de vehiculos,3694
2012,BALEARS (ILLES),5.2.2.-robos con fuerza en viviendas,4337
2012,BALEARS (ILLES),5.2.3.-robos con fuerza en establecimientos,1346
2012,BALEARS (ILLES),5.3.-robos con violencia o intimidacion,1585
2012,BALEARS (ILLES),5.3.1.-robos con violencia en via publica,1031
2012,BALEARS (ILLES),5.3.2.-robos con violencia en viviendas,101
2012,BALEARS (ILLES),5.3.3.-robos con violencia en establecimientos,190
2012,BALEARS (ILLES),5.4.-sustraccion de vehiculos,1650
2012,BALEARS (ILLES),5.5.-estafas,3177
2012,BALEARS (ILLES),5.5.1.-estafas informaticas,956
2012,BALEARS (ILLES),5.6.-danos,5391
2012,BALEARS (ILLES),5.7.-contra la propiedad intelectual/industrial,83
2012,BALEARS (ILLES),5.8.-blanqueo de capitales,4
2012,BALEARS (ILLES),5.9.-otros contra el patrimonio,1164
2012,BALEARS (ILLES),6. seguridad colectiva,2948
2012,BALEARS (ILLES),6.1.-trafico de drogas,435
2012,BALEARS (ILLES),6.2.-contra la seguridad vial,2421
2012,BALEARS (ILLES),6.3.-otros contra la seguridad colectiva,92
2012,BALEARS (ILLES),7. falsedades,419
2012,BALEARS (ILLES),8. admon. publica,15
2012,BALEARS (ILLES),9. admon. justicia,781
2012,BALEARS (ILLES),total infracciones penales,74558
2012,CANARIAS,1. contra las personas,19993
2012,CANARIAS,1.1.-homicidios dolosos/asesinatos,55
2012,CANARIAS,1.1.1.-homicidios dolosos/asesinatos consumados,15
2012,CANARIAS,1.2.-lesiones,6839
2012,CANARIAS,1.3.-malos tratos ambito familiar,3935
2012,CANARIAS,1.4.-otros contra las personas,9164
2012,CANARIAS,10. orden publico,1497
2012,CANARIAS,11. legislacion especial,5
2012,CANARIAS,12. otras infracciones penales,192
2012,CANARIAS,2. contra la libertad,1983
2012,CANARIAS,2.1.-malos tratos habituales en el ambito familiar,700
2012,CANARIAS,2.2.-otros contra la libertad,1283
2012,CANARIAS,3. libertad sexual,525
2012,CANARIAS,3.1.-agresion sexual,325
2012,CANARIAS,3.2.-agresion sexual con penetracion,73
2012,CANARIAS,3.3.-corrupcion de menores o incapacitados,30
2012,CANARIAS,3.4.-pornografia de menores,38
2012,CANARIAS,3.5.-otros contra la libertad sexual,59
2012,CANARIAS,4. relaciones familiares,1016
2012,CANARIAS,5. patrimonio,66731
2012,CANARIAS,5.1.-hurtos,32454
2012,CANARIAS,5.2.-robos con fuerza en las cosas,14956
2012,CANARIAS,5.2.1.-robos con fuerza en las cosas en el interior de vehiculos,4838
2012,CANARIAS,5.2.2.-robos con fuerza en viviendas,4294
2012,CANARIAS,5.2.3.-robos con fuerza en establecimientos,1901
2012,CANARIAS,5.3.-robos con violencia o intimidacion,2011
2012,CANARIAS,5.3.1.-robos con violencia en via publica,1346
2012,CANARIAS,5.3.2.-robos con violencia en viviendas,134
2012,CANARIAS,5.3.3.-robos con violencia en establecimientos,248
2012,CANARIAS,5.4.-sustraccion de vehiculos,2168
2012,CANARIAS,5.5.-estafas,5267
2012,CANARIAS,5.5.1.-estafas informaticas,2118
2012,CANARIAS,5.6.-danos,8721
2012,CANARIAS,5.7.-contra la propiedad intelectual/industrial,73
2012,CANARIAS,5.8.-blanqueo de capitales,10
2012,CANARIAS,5.9.-otros contra el patrimonio,1071
2012,CANARIAS,6. seguridad colectiva,4127
2012,CANARIAS,6.1.-trafico de drogas,614
2012,CANARIAS,6.2.-contra la seguridad vial,3406
2012,CANARIAS,6.3.-otros contra la seguridad colectiva,107
2012,CANARIAS,7. falsedades,554
2012,CANARIAS,8. admon. publica,21
2012,CANARIAS,9. admon. justicia,1329
2012,CANARIAS,total infracciones penales,97973
2012,CANTABRIA,1. contra las personas,3292
2012,CANTABRIA,1.1.-homicidios dolosos/asesinatos,6
2012,CANTABRIA,1.1.1.-homicidios dolosos/asesinatos consumados,1
2012,CANTABRIA,1.2.-lesiones,1448
2012,CANTABRIA,1.3.-malos tratos ambito familiar,534
2012,CANTABRIA,1.4.-otros contra las personas,1304
2012,CANTABRIA,10. orden publico,433
2012,CANTABRIA,11. legislacion especial,0
2012,CANTABRIA,12. otras infracciones penales,23
2012,CANTABRIA,2. contra la libertad,359
2012,CANTABRIA,2.1.-malos tratos habituales en el ambito familiar,146
2012,CANTABRIA,2.2.-otros contra la libertad,213
2012,CANTABRIA,3. libertad sexual,48
2012,CANTABRIA,3.1.-agresion sexual,27
2012,CANTABRIA,3.2.-agresion sexual con penetracion,9
2012,CANTABRIA,3.3.-corrupcion de menores o incapacitados,2
2012,CANTABRIA,3.4.-pornografia de menores,4
2012,CANTABRIA,3.5.-otros contra la libertad sexual,6
2012,CANTABRIA,4. relaciones familiares,40
2012,CANTABRIA,5. patrimonio,12651
2012,CANTABRIA,5.1.-hurtos,6011
2012,CANTABRIA,5.2.-robos con fuerza en las cosas,2859
2012,CANTABRIA,5.2.1.-robos con fuerza en las cosas en el interior de vehiculos,672
2012,CANTABRIA,5.2.2.-robos con fuerza en viviendas,1004
2012,CANTABRIA,5.2.3.-robos con fuerza en establecimientos,603
2012,CANTABRIA,5.3.-robos con violencia o intimidacion,419
2012,CANTABRIA,5.3.1.-robos con violencia en via publica,242
2012,CANTABRIA,5.3.2.-robos con violencia en viviendas,43
2012,CANTABRIA,5.3.3.-robos con violencia en establecimientos,79
2012,CANTABRIA,5.4.-sustraccion de vehiculos,344
2012,CANTABRIA,5.5.-estafas,708
2012,CANTABRIA,5.5.1.-estafas informaticas,233
2012,CANTABRIA,5.6.-danos,1935
2012,CANTABRIA,5.7.-contra la propiedad intelectual/industrial,26
2012,CANTABRIA,5.8.-blanqueo de capitales,2
2012,CANTABRIA,5.9.-otros contra el patrimonio,347
2012,CANTABRIA,6. seguridad colectiva,1005
2012,CANTABRIA,6.1.-trafico de drogas,103
2012,CANTABRIA,6.2.-contra la seguridad vial,887
2012,CANTABRIA,6.3.-otros contra la seguridad colectiva,15
2012,CANTABRIA,7. falsedades,138
2012,CANTABRIA,8. admon. publica,2
2012,CANTABRIA,9. admon. justicia,306
2012,CANTABRIA,total infracciones penales,18297
2012,CASTILLA - LA MANCHA,1. contra las personas,11949
2012,CASTILLA - LA MANCHA,1.1.-homicidios dolosos/asesinatos,37
2012,CASTILLA - LA MANCHA,1.1.1.-homicidios dolosos/asesinatos consumados,17
2012,CASTILLA - LA MANCHA,1.2.-lesiones,4281
2012,CASTILLA - LA MANCHA,1.3.-malos tratos ambito familiar,2474
2012,CASTILLA - LA MANCHA,1.4.-otros contra las personas,5157
2012,CASTILLA - LA MANCHA,10. orden publico,1237
2012,CASTILLA - LA MANCHA,11. legislacion especial,0
2012,CASTILLA - LA MANCHA,12. otras infracciones penales,277
2012,CASTILLA - LA MANCHA,2. contra la libertad,1286
2012,CASTILLA - LA MANCHA,2.1.-malos tratos habituales en el ambito familiar,516
2012,CASTILLA - LA MANCHA,2.2.-otros contra la libertad,770
2012,CASTILLA - LA MANCHA,3. libertad sexual,258
2012,CASTILLA - LA MANCHA,3.1.-agresion sexual,160
2012,CASTILLA - LA MANCHA,3.2.-agresion sexual con penetracion,43
2012,CASTILLA - LA MANCHA,3.3.-corrupcion de menores o incapacitados,10
2012,CASTILLA - LA MANCHA,3.4.-pornografia de menores,15
2012,CASTILLA - LA MANCHA,3.5.-otros contra la libertad sexual,30
2012,CASTILLA - LA MANCHA,4. relaciones familiares,340
2012,CASTILLA - LA MANCHA,5. patrimonio,53616
2012,CASTILLA - LA MANCHA,5.1.-hurtos,18808
2012,CASTILLA - LA MANCHA,5.2.-robos con fuerza en las cosas,18255
2012,CASTILLA - LA MANCHA,5.2.1.-robos con fuerza en las cosas en el interior de vehiculos,3357
2012,CASTILLA - LA MANCHA,5.2.2.-robos con fuerza en viviendas,6711
2012,CASTILLA - LA MANCHA,5.2.3.-robos con fuerza en establecimientos,2215
2012,CASTILLA - LA MANCHA,5.3.-robos con violencia o intimidacion,1419
2012,CASTILLA - LA MANCHA,5.3.1.-robos con violencia en via publica,873
2012,CASTILLA - LA MANCHA,5.3.2.-robos con violencia en viviendas,127
2012,CASTILLA - LA MANCHA,5.3.3.-robos con violencia en establecimientos,205
2012,CASTILLA - LA MANCHA,5.4.-sustraccion de vehiculos,1450
2012,CASTILLA - LA MANCHA,5.5.-estafas,3751
2012,CASTILLA - LA MANCHA,5.5.1.-estafas informaticas,1092
2012,CASTILLA - LA MANCHA,5.6.-danos,8840
2012,CASTILLA - LA MANCHA,5.7.-contra la propiedad intelectual/industrial,48
2012,CASTILLA - LA MANCHA,5.8.-blanqueo de capitales,3
2012,CASTILLA - LA MANCHA,5.9.-otros contra el patrimonio,1042
2012,CASTILLA - LA MANCHA,6. seguridad colectiva,3749
2012,CASTILLA - LA MANCHA,6.1.-trafico de drogas,418
2012,CASTILLA - LA MANCHA,6.2.-contra la seguridad vial,3246
2012,CASTILLA - LA MANCHA,6.3.-otros contra la seguridad colectiva,85
2012,CASTILLA - LA MANCHA,7. falsedades,663
2012,CASTILLA - LA MANCHA,8. admon. publica,7
2012,CASTILLA - LA MANCHA,9. admon. justicia,1021
2012,CASTILLA - LA MANCHA,total infracciones penales,74403
2012,CASTILLA Y LEON,1. contra las personas,13943
2012,CASTILLA Y LEON,1.1.-homicidios dolosos/asesinatos,48
2012,CASTILLA Y LEON,1.1.1.-homicidios dolosos/asesinatos consumados,15
2012,CASTILLA Y LEON,1.2.-lesiones,5410
2012,CASTILLA Y LEON,1.3.-malos tratos ambito familiar,2171
2012,CASTILLA Y LEON,1.4.-otros contra las personas,6314
2012,CASTILLA Y LEON,10. orden publico,1559
2012,CASTILLA Y LEON,11. legislacion especial,2
2012,CASTILLA Y LEON,12. otras infracciones penales,250
2012,CASTILLA Y LEON,2. contra la libertad,1220
2012,CASTILLA Y LEON,2.1.-malos tratos habituales en el ambito familiar,480
2012,CASTILLA Y LEON,2.2.-otros contra la libertad,740
2012,CASTILLA Y LEON,3. libertad sexual,309
2012,CASTILLA Y LEON,3.1.-agresion sexual,181
2012,CASTILLA Y LEON,3.2.-agresion sexual con penetracion,46
2012,CASTILLA Y LEON,3.3.-corrupcion de menores o incapacitados,7
2012,CASTILLA Y LEON,3.4.-pornografia de menores,26
2012,CASTILLA Y LEON,3.5.-otros contra la libertad sexual,49
2012,CASTILLA Y LEON,4. relaciones familiares,290
2012,CASTILLA Y LEON,5. patrimonio,61485
2012,CASTILLA Y LEON,5.1.-hurtos,28694
2012,CASTILLA Y LEON,5.2.-robos con fuerza en las cosas,13456
2012,CASTILLA Y LEON,5.2.1.-robos con fuerza en las cosas en el interior de vehiculos,2333
2012,CASTILLA Y LEON,5.2.2.-robos con fuerza en viviendas,3940
2012,CASTILLA Y LEON,5.2.3.-robos con fuerza en establecimientos,2480
2012,CASTILLA Y LEON,5.3.-robos con violencia o intimidacion,1199
2012,CASTILLA Y LEON,5.3.1.-robos con violencia en via publica,738
2012,CASTILLA Y LEON,5.3.2.-robos con violencia en viviendas,131
2012,CASTILLA Y LEON,5.3.3.-robos con violencia en establecimientos,179
2012,CASTILLA Y LEON,5.4.-sustraccion de vehiculos,976
2012,CASTILLA Y LEON,5.5.-estafas,4130
2012,CASTILLA Y LEON,5.5.1.-estafas informaticas,1172
2012,CASTILLA Y LEON,5.6.-danos,11887
2012,CASTILLA Y LEON,5.7.-contra la propiedad intelectual/industrial,69
2012,CASTILLA Y LEON,5.8.-blanqueo de capitales,3
2012,CASTILLA Y LEON,5.9.-otros contra el patrimonio,1071
2012,CASTILLA Y LEON,6. seguridad colectiva,3882
2012,CASTILLA Y LEON,6.1.-trafico de drogas,364
2012,CASTILLA Y LEON,6.2.-contra la seguridad vial,3402
2012,CASTILLA Y LEON,6.3.-otros contra la seguridad colectiva,116
2012,CASTILLA Y LEON,7. falsedades,441
2012,CASTILLA Y LEON,8. admon. publica,10
2012,CASTILLA Y LEON,9. admon. justicia,1009
2012,CASTILLA Y LEON,total infracciones penales,84400
2012,CATALUNA,1. contra las personas,37270
2012,CATALUNA,1.1.-homicidios dolosos/asesinatos,275
2012,CATALUNA,1.1.1.-homicidios dolosos/asesinatos consumados,74
2012,CATALUNA,1.2.-lesiones,14751
2012,CATALUNA,1.3.-malos tratos ambito familiar,6266
2012,CATALUNA,1.4.-otros contra las personas,15978
2012,CATALUNA,10. orden publico,4634
2012,CATALUNA,11. legislacion especial,116
2012,CATALUNA,12. otras infracciones penales,1300
2012,CATALUNA,2. contra la libertad,10819
2012,CATALUNA,2.1.-malos tratos habituales en el ambito familiar,3301
2012,CATALUNA,2.2.-otros contra la libertad,7518
2012,CATALUNA,3. libertad sexual,1633
2012,CATALUNA,3.1.-agresion sexual,844
2012,CATALUNA,3.2.-agresion sexual con penetracion,388
2012,CATALUNA,3.3.-corrupcion de menores o incapacitados,6
2012,CATALUNA,3.4.-pornografia de menores,138
2012,CATALUNA,3.5.-otros contra la libertad sexual,257
2012,CATALUNA,4. relaciones familiares,2416
2012,CATALUNA,5. patrimonio,379323
2012,CATALUNA,5.1.-hurtos,177583
2012,CATALUNA,5.2.-robos con fuerza en las cosas,83150
2012,CATALUNA,5.2.1.-robos con fuerza en las cosas en el interior de vehiculos,33772
2012,CATALUNA,5.2.2.-robos con fuerza en viviendas,23319
2012,CATALUNA,5.2.3.-robos con fuerza en establecimientos,8
2012,CATALUNA,5.3.-robos con violencia o intimidacion,31792
2012,CATALUNA,5.3.1.-robos con violencia en via publica,77
2012,CATALUNA,5.3.2.-robos con violencia en viviendas,1595
2012,CATALUNA,5.3.3.-robos con violencia en establecimientos,7
2012,CATALUNA,5.4.-sustraccion de vehiculos,11227
2012,CATALUNA,5.5.-estafas,24758
2012,CATALUNA,5.5.1.-estafas informaticas,583
2012,CATALUNA,5.6.-danos,40860
2012,CATALUNA,5.7.-contra la propiedad intelectual/industrial,553
2012,CATALUNA,5.8.-blanqueo de capitales,28
2012,CATALUNA,5.9.-otros contra el patrimonio,9372
2012,CATALUNA,6. seguridad colectiva,8282
2012,CATALUNA,6.1.-trafico de drogas,2074
2012,CATALUNA,6.2.-contra la seguridad vial,6033
2012,CATALUNA,6.3.-otros contra la seguridad colectiva,175
2012,CATALUNA,7. falsedades,3855
2012,CATALUNA,8. admon. publica,30
2012,CATALUNA,9. admon. justicia,3478
2012,CATALUNA,total infracciones penales,453156
2012,CIUDAD AUTONOMA DE CEUTA,1. contra las personas,812
2012,CIUDAD AUTONOMA DE CEUTA,1.1.-homicidios dolosos/asesinatos,11
2012,CIUDAD AUTONOMA DE CEUTA,1.1.1.-homicidios dolosos/asesinatos consumados,0
2012,CIUDAD AUTONOMA DE CEUTA,1.2.-lesiones,370
2012,CIUDAD AUTONOMA DE CEUTA,1.3.-malos tratos ambito familiar,118
2012,CIUDAD AUTONOMA DE CEUTA,1.4.-otros contra las personas,313
2012,CIUDAD AUTONOMA DE CEUTA,10. orden publico,174
2012,CIUDAD AUTONOMA DE CEUTA,11. legislacion especial,0
2012,CIUDAD AUTONOMA DE CEUTA,12. otras infracciones penales,79
2012,CIUDAD AUTONOMA DE CEUTA,2. contra la libertad,175
2012,CIUDAD AUTONOMA DE CEUTA,2.1.-malos tratos habituales en el ambito familiar,98
2012,CIUDAD AUTONOMA DE CEUTA,2.2.-otros contra la libertad,77
2012,CIUDAD AUTONOMA DE CEUTA,3. libertad sexual,15
2012,CIUDAD AUTONOMA DE CEUTA,3.1.-agresion sexual,14
2012,CIUDAD AUTONOMA DE CEUTA,3.2.-agresion sexual con penetracion,0
2012,CIUDAD AUTONOMA DE CEUTA,3.3.-corrupcion de menores o incapacitados,0
2012,CIUDAD AUTONOMA DE CEUTA,3.4.-pornografia de menores,0
2012,CIUDAD AUTONOMA DE CEUTA,3.5.-otros contra la libertad sexual,1
2012,CIUDAD AUTONOMA DE CEUTA,4. relaciones familiares,74
2012,CIUDAD AUTONOMA DE CEUTA,5. patrimonio,3433
2012,CIUDAD AUTONOMA DE CEUTA,5.1.-hurtos,1243
2012,CIUDAD AUTONOMA DE CEUTA,5.2.-robos con fuerza en las cosas,667
2012,CIUDAD AUTONOMA DE CEUTA,5.2.1.-robos con fuerza en las cosas en el interior de vehiculos,385
2012,CIUDAD AUTONOMA DE CEUTA,5.2.2.-robos con fuerza en viviendas,115
2012,CIUDAD AUTONOMA DE CEUTA,5.2.3.-robos con fuerza en establecimientos,87
2012,CIUDAD AUTONOMA DE CEUTA,5.3.-robos con violencia o intimidacion,165
2012,CIUDAD AUTONOMA DE CEUTA,5.3.1.-robos con violencia en via publica,141
2012,CIUDAD AUTONOMA DE CEUTA,5.3.2.-robos con violencia en viviendas,5
2012,CIUDAD AUTONOMA DE CEUTA,5.3.3.-robos con violencia en establecimientos,5
2012,CIUDAD AUTONOMA DE CEUTA,5.4.-sustraccion de vehiculos,653
2012,CIUDAD AUTONOMA DE CEUTA,5.5.-estafas,137
2012,CIUDAD AUTONOMA DE CEUTA,5.5.1.-estafas informaticas,66
2012,CIUDAD AUTONOMA DE CEUTA,5.6.-danos,486
2012,CIUDAD AUTONOMA DE CEUTA,5.7.-contra la propiedad intelectual/industrial,14
2012,CIUDAD AUTONOMA DE CEUTA,5.8.-blanqueo de capitales,0
2012,CIUDAD AUTONOMA DE CEUTA,5.9.-otros contra el patrimonio,68
2012,CIUDAD AUTONOMA DE CEUTA,6. seguridad colectiva,1806
2012,CIUDAD AUTONOMA DE CEUTA,6.1.-trafico de drogas,1417
2012,CIUDAD AUTONOMA DE CEUTA,6.2.-contra la seguridad vial,378
2012,CIUDAD AUTONOMA DE CEUTA,6.3.-otros contra la seguridad colectiva,11
2012,CIUDAD AUTONOMA DE CEUTA,7. falsedades,325
2012,CIUDAD AUTONOMA DE CEUTA,8. admon. publica,2
2012,CIUDAD AUTONOMA DE CEUTA,9. admon. justicia,157
2012,CIUDAD AUTONOMA DE CEUTA,total infracciones penales,7052
2012,CIUDAD AUTONOMA DE MELILLA,1. contra las personas,887
2012,CIUDAD AUTONOMA DE MELILLA,1.1.-homicidios dolosos/asesinatos,9
2012,CIUDAD AUTONOMA DE MELILLA,1.1.1.-homicidios dolosos/asesinatos consumados,4
2012,CIUDAD AUTONOMA DE MELILLA,1.2.-lesiones,452
2012,CIUDAD AUTONOMA DE MELILLA,1.3.-malos tratos ambito familiar,242
2012,CIUDAD AUTONOMA DE MELILLA,1.4.-otros contra las personas,184
2012,CIUDAD AUTONOMA DE MELILLA,10. orden publico,147
2012,CIUDAD AUTONOMA DE MELILLA,11. legislacion especial,0
2012,CIUDAD AUTONOMA DE MELILLA,12. otras infracciones penales,71
2012,CIUDAD AUTONOMA DE MELILLA,2. contra la libertad,87
2012,CIUDAD AUTONOMA DE MELILLA,2.1.-malos tratos habituales en el ambito familiar,5
2012,CIUDAD AUTONOMA DE MELILLA,2.2.-otros contra la libertad,82
2012,CIUDAD AUTONOMA DE MELILLA,3. libertad sexual,26
2012,CIUDAD AUTONOMA DE MELILLA,3.1.-agresion sexual,21
2012,CIUDAD AUTONOMA DE MELILLA,3.2.-agresion sexual con penetracion,2
2012,CIUDAD AUTONOMA DE MELILLA,3.3.-corrupcion de menores o incapacitados,0
2012,CIUDAD AUTONOMA DE MELILLA,3.4.-pornografia de menores,0
2012,CIUDAD AUTONOMA DE MELILLA,3.5.-otros contra la libertad sexual,3
2012,CIUDAD AUTONOMA DE MELILLA,4. relaciones familiares,21
2012,CIUDAD AUTONOMA DE MELILLA,5. patrimonio,2770
2012,CIUDAD AUTONOMA DE MELILLA,5.1.-hurtos,1250
2012,CIUDAD AUTONOMA DE MELILLA,5.2.-robos con fuerza en las cosas,592
2012,CIUDAD AUTONOMA DE MELILLA,5.2.1.-robos con fuerza en las cosas en el interior de vehiculos,328
2012,CIUDAD AUTONOMA DE MELILLA,5.2.2.-robos con fuerza en viviendas,103
2012,CIUDAD AUTONOMA DE MELILLA,5.2.3.-robos con fuerza en establecimientos,54
2012,CIUDAD AUTONOMA DE MELILLA,5.3.-robos con violencia o intimidacion,256
2012,CIUDAD AUTONOMA DE MELILLA,5.3.1.-robos con violencia en via publica,210
2012,CIUDAD AUTONOMA DE MELILLA,5.3.2.-robos con violencia en viviendas,6
2012,CIUDAD AUTONOMA DE MELILLA,5.3.3.-robos con violencia en establecimientos,16
2012,CIUDAD AUTONOMA DE MELILLA,5.4.-sustraccion de vehiculos,191
2012,CIUDAD AUTONOMA DE MELILLA,5.5.-estafas,69
2012,CIUDAD AUTONOMA DE MELILLA,5.5.1.-estafas informaticas,12
2012,CIUDAD AUTONOMA DE MELILLA,5.6.-danos,363
2012,CIUDAD AUTONOMA DE MELILLA,5.7.-contra la propiedad intelectual/industrial,12
2012,CIUDAD AUTONOMA DE MELILLA,5.8.-blanqueo de capitales,1
2012,CIUDAD AUTONOMA DE MELILLA,5.9.-otros contra el patrimonio,36
2012,CIUDAD AUTONOMA DE MELILLA,6. seguridad colectiva,314
2012,CIUDAD AUTONOMA DE MELILLA,6.1.-trafico de drogas,167
2012,CIUDAD AUTONOMA DE MELILLA,6.2.-contra la seguridad vial,132
2012,CIUDAD AUTONOMA DE MELILLA,6.3.-otros contra la seguridad colectiva,15
2012,CIUDAD AUTONOMA DE MELILLA,7. falsedades,244
2012,CIUDAD AUTONOMA DE MELILLA,8. admon. publica,3
2012,CIUDAD AUTONOMA DE MELILLA,9. admon. justicia,69
2012,CIUDAD AUTONOMA DE MELILLA,total infracciones penales,4639
2012,COMUNITAT VALENCIANA,1. contra las personas,33893
2012,COMUNITAT VALENCIANA,1.1.-homicidios dolosos/asesinatos,114
2012,COMUNITAT VALENCIANA,1.1.1.-homicidios dolosos/asesinatos consumados,51
2012,COMUNITAT VALENCIANA,1.2.-lesiones,12168
2012,COMUNITAT VALENCIANA,1.3.-malos tratos ambito familiar,8319
2012,COMUNITAT VALENCIANA,1.4.-otros contra las personas,13292
2012,COMUNITAT VALENCIANA,10. orden publico,4478
2012,COMUNITAT VALENCIANA,11. legislacion especial,5
2012,COMUNITAT VALENCIANA,12. otras infracciones penales,555
2012,COMUNITAT VALENCIANA,2. contra la libertad,4640
2012,COMUNITAT VALENCIANA,2.1.-malos tratos habituales en el ambito familiar,1908
2012,COMUNITAT VALENCIANA,2.2.-otros contra la libertad,2732
2012,COMUNITAT VALENCIANA,3. libertad sexual,1175
2012,COMUNITAT VALENCIANA,3.1.-agresion sexual,653
2012,COMUNITAT VALENCIANA,3.2.-agresion sexual con penetracion,163
2012,COMUNITAT VALENCIANA,3.3.-corrupcion de menores o incapacitados,55
2012,COMUNITAT VALENCIANA,3.4.-pornografia de menores,73
2012,COMUNITAT VALENCIANA,3.5.-otros contra la libertad sexual,231
2012,COMUNITAT VALENCIANA,4. relaciones familiares,1018
2012,COMUNITAT VALENCIANA,5. patrimonio,217131
2012,COMUNITAT VALENCIANA,5.1.-hurtos,88359
2012,COMUNITAT VALENCIANA,5.2.-robos con fuerza en las cosas,59885
2012,COMUNITAT VALENCIANA,5.2.1.-robos con fuerza en las cosas en el interior de vehiculos,18383
2012,COMUNITAT VALENCIANA,5.2.2.-robos con fuerza en viviendas,25388
2012,COMUNITAT VALENCIANA,5.2.3.-robos con fuerza en establecimientos,6056
2012,COMUNITAT VALENCIANA,5.3.-robos con violencia o intimidacion,10643
2012,COMUNITAT VALENCIANA,5.3.1.-robos con violencia en via publica,7154
2012,COMUNITAT VALENCIANA,5.3.2.-robos con violencia en viviendas,848
2012,COMUNITAT VALENCIANA,5.3.3.-robos con violencia en establecimientos,1163
2012,COMUNITAT VALENCIANA,5.4.-sustraccion de vehiculos,5986
2012,COMUNITAT VALENCIANA,5.5.-estafas,12604
2012,COMUNITAT VALENCIANA,5.5.1.-estafas informaticas,3193
2012,COMUNITAT VALENCIANA,5.6.-danos,35361
2012,COMUNITAT VALENCIANA,5.7.-contra la propiedad intelectual/industrial,316
2012,COMUNITAT VALENCIANA,5.8.-blanqueo de capitales,21
2012,COMUNITAT VALENCIANA,5.9.-otros contra el patrimonio,3956
2012,COMUNITAT VALENCIANA,6. seguridad colectiva,8518
2012,COMUNITAT VALENCIANA,6.1.-trafico de drogas,1494
2012,COMUNITAT VALENCIANA,6.2.-contra la seguridad vial,6460
2012,COMUNITAT VALENCIANA,6.3.-otros contra la seguridad colectiva,564
2012,COMUNITAT VALENCIANA,7. falsedades,2234
2012,COMUNITAT VALENCIANA,8. admon. publica,55
2012,COMUNITAT VALENCIANA,9. admon. justicia,4215
2012,COMUNITAT VALENCIANA,total infracciones penales,277917
2012,EXTREMADURA,1. contra las personas,5312
2012,EXTREMADURA,1.1.-homicidios dolosos/asesinatos,21
2012,EXTREMADURA,1.1.1.-homicidios dolosos/asesinatos consumados,13
2012,EXTREMADURA,1.2.-lesiones,2057
2012,EXTREMADURA,1.3.-malos tratos ambito familiar,961
2012,EXTREMADURA,1.4.-otros contra las personas,2273
2012,EXTREMADURA,10. orden publico,575
2012,EXTREMADURA,11. legislacion especial,1
2012,EXTREMADURA,12. otras infracciones penales,160
2012,EXTREMADURA,2. contra la libertad,629
2012,EXTREMADURA,2.1.-malos tratos habituales en el ambito familiar,262
2012,EXTREMADURA,2.2.-otros contra la libertad,367
2012,EXTREMADURA,3. libertad sexual,134
2012,EXTREMADURA,3.1.-agresion sexual,89
2012,EXTREMADURA,3.2.-agresion sexual con penetracion,20
2012,EXTREMADURA,3.3.-corrupcion de menores o incapacitados,3
2012,EXTREMADURA,3.4.-pornografia de menores,5
2012,EXTREMADURA,3.5.-otros contra la libertad sexual,17
2012,EXTREMADURA,4. relaciones familiares,248
2012,EXTREMADURA,5. patrimonio,20166
2012,EXTREMADURA,5.1.-hurtos,9014
2012,EXTREMADURA,5.2.-robos con fuerza en las cosas,5207
2012,EXTREMADURA,5.2.1.-robos con fuerza en las cosas en el interior de vehiculos,1129
2012,EXTREMADURA,5.2.2.-robos con fuerza en viviendas,1398
2012,EXTREMADURA,5.2.3.-robos con fuerza en establecimientos,918
2012,EXTREMADURA,5.3.-robos con violencia o intimidacion,388
2012,EXTREMADURA,5.3.1.-robos con violencia en via publica,239
2012,EXTREMADURA,5.3.2.-robos con violencia en viviendas,37
2012,EXTREMADURA,5.3.3.-robos con violencia en establecimientos,73
2012,EXTREMADURA,5.4.-sustraccion de vehiculos,418
2012,EXTREMADURA,5.5.-estafas,1124
2012,EXTREMADURA,5.5.1.-estafas informaticas,400
2012,EXTREMADURA,5.6.-danos,3510
2012,EXTREMADURA,5.7.-contra la propiedad intelectual/industrial,36
2012,EXTREMADURA,5.8.-blanqueo de capitales,0
2012,EXTREMADURA,5.9.-otros contra el patrimonio,469
2012,EXTREMADURA,6. seguridad colectiva,1480
2012,EXTREMADURA,6.1.-trafico de drogas,291
2012,EXTREMADURA,6.2.-contra la seguridad vial,1153
2012,EXTREMADURA,6.3.-otros contra la seguridad colectiva,36
2012,EXTREMADURA,7. falsedades,246
2012,EXTREMADURA,8. admon. publica,5
2012,EXTREMADURA,9. admon. justicia,514
2012,EXTREMADURA,total infracciones penales,29470
2012,GALICIA,1. contra las personas,14814
2012,GALICIA,1.1.-homicidios dolosos/asesinatos,46
2012,GALICIA,1.1.1.-homicidios dolosos/asesinatos consumados,16
2012,GALICIA,1.2.-lesiones,5765
2012,GALICIA,1.3.-malos tratos ambito familiar,2435
2012,GALICIA,1.4.-otros contra las personas,6568
2012,GALICIA,10. orden publico,1452
2012,GALICIA,11. legislacion especial,2
2012,GALICIA,12. otras infracciones penales,228
2012,GALICIA,2. contra la libertad,1761
2012,GALICIA,2.1.-malos tratos habituales en el ambito familiar,658
2012,GALICIA,2.2.-otros contra la libertad,1103
2012,GALICIA,3. libertad sexual,358
2012,GALICIA,3.1.-agresion sexual,222
2012,GALICIA,3.2.-agresion sexual con penetracion,60
2012,GALICIA,3.3.-corrupcion de menores o incapacitados,14
2012,GALICIA,3.4.-pornografia de menores,19
2012,GALICIA,3.5.-otros contra la libertad sexual,43
2012,GALICIA,4. relaciones familiares,236
2012,GALICIA,5. patrimonio,56690
2012,GALICIA,5.1.-hurtos,23606
2012,GALICIA,5.2.-robos con fuerza en las cosas,13300
2012,GALICIA,5.2.1.-robos con fuerza en las cosas en el interior de vehiculos,3667
2012,GALICIA,5.2.2.-robos con fuerza en viviendas,3845
2012,GALICIA,5.2.3.-robos con fuerza en establecimientos,2810
2012,GALICIA,5.3.-robos con violencia o intimidacion,1558
2012,GALICIA,5.3.1.-robos con violencia en via publica,877
2012,GALICIA,5.3.2.-robos con violencia en viviendas,142
2012,GALICIA,5.3.3.-robos con violencia en establecimientos,340
2012,GALICIA,5.4.-sustraccion de vehiculos,1696
2012,GALICIA,5.5.-estafas,3983
2012,GALICIA,5.5.1.-estafas informaticas,1456
2012,GALICIA,5.6.-danos,11394
2012,GALICIA,5.7.-contra la propiedad intelectual/industrial,98
2012,GALICIA,5.8.-blanqueo de capitales,7
2012,GALICIA,5.9.-otros contra el patrimonio,1048
2012,GALICIA,6. seguridad colectiva,6032
2012,GALICIA,6.1.-trafico de drogas,432
2012,GALICIA,6.2.-contra la seguridad vial,5412
2012,GALICIA,6.3.-otros contra la seguridad colectiva,188
2012,GALICIA,7. falsedades,549
2012,GALICIA,8. admon. publica,10
2012,GALICIA,9. admon. justicia,1048
2012,GALICIA,total infracciones penales,83180
2012,MADRID (COMUNIDAD DE),1. contra las personas,37374
2012,MADRID (COMUNIDAD DE),1.1.-homicidios dolosos/asesinatos,107
2012,MADRID (COMUNIDAD DE),1.1.1.-homicidios dolosos/asesinatos consumados,48
2012,MADRID (COMUNIDAD DE),1.2.-lesiones,13361
2012,MADRID (COMUNIDAD DE),1.3.-malos tratos ambito familiar,10683
2012,MADRID (COMUNIDAD DE),1.4.-otros contra las personas,13223
2012,MADRID (COMUNIDAD DE),10. orden publico,5528
2012,MADRID (COMUNIDAD DE),11. legislacion especial,17
2012,MADRID (COMUNIDAD DE),12. otras infracciones penales,754
2012,MADRID (COMUNIDAD DE),2. contra la libertad,3846
2012,MADRID (COMUNIDAD DE),2.1.-malos tratos habituales en el ambito familiar,1184
2012,MADRID (COMUNIDAD DE),2.2.-otros contra la libertad,2662
2012,MADRID (COMUNIDAD DE),3. libertad sexual,1310
2012,MADRID (COMUNIDAD DE),3.1.-agresion sexual,750
2012,MADRID (COMUNIDAD DE),3.2.-agresion sexual con penetracion,273
2012,MADRID (COMUNIDAD DE),3.3.-corrupcion de menores o incapacitados,29
2012,MADRID (COMUNIDAD DE),3.4.-pornografia de menores,67
2012,MADRID (COMUNIDAD DE),3.5.-otros contra la libertad sexual,191
2012,MADRID (COMUNIDAD DE),4. relaciones familiares,1302
2012,MADRID (COMUNIDAD DE),5. patrimonio,329046
2012,MADRID (COMUNIDAD DE),5.1.-hurtos,152503
2012,MADRID (COMUNIDAD DE),5.2.-robos con fuerza en las cosas,63266
2012,MADRID (COMUNIDAD DE),5.2.1.-robos con fuerza en las cosas en el interior de vehiculos,34034
2012,MADRID (COMUNIDAD DE),5.2.2.-robos con fuerza en viviendas,14341
2012,MADRID (COMUNIDAD DE),5.2.3.-robos con fuerza en establecimientos,7457
2012,MADRID (COMUNIDAD DE),5.3.-robos con violencia o intimidacion,24795
2012,MADRID (COMUNIDAD DE),5.3.1.-robos con violencia en via publica,18007
2012,MADRID (COMUNIDAD DE),5.3.2.-robos con violencia en viviendas,2116
2012,MADRID (COMUNIDAD DE),5.3.3.-robos con violencia en establecimientos,1929
2012,MADRID (COMUNIDAD DE),5.4.-sustraccion de vehiculos,13236
2012,MADRID (COMUNIDAD DE),5.5.-estafas,22223
2012,MADRID (COMUNIDAD DE),5.5.1.-estafas informaticas,4826
2012,MADRID (COMUNIDAD DE),5.6.-danos,47782
2012,MADRID (COMUNIDAD DE),5.7.-contra la propiedad intelectual/industrial,543
2012,MADRID (COMUNIDAD DE),5.8.-blanqueo de capitales,49
2012,MADRID (COMUNIDAD DE),5.9.-otros contra el patrimonio,4649
2012,MADRID (COMUNIDAD DE),6. seguridad colectiva,7649
2012,MADRID (COMUNIDAD DE),6.1.-trafico de drogas,1943
2012,MADRID (COMUNIDAD DE),6.2.-contra la seguridad vial,5448
2012,MADRID (COMUNIDAD DE),6.3.-otros contra la seguridad colectiva,258
2012,MADRID (COMUNIDAD DE),7. falsedades,2996
2012,MADRID (COMUNIDAD DE),8. admon. publica,37
2012,MADRID (COMUNIDAD DE),9. admon. justicia,4013
2012,MADRID (COMUNIDAD DE),total infracciones penales,393872
2012,MURCIA (REGION DE),1. contra las personas,9550
2012,MURCIA (REGION DE),1.1.-homicidios dolosos/asesinatos,36
2012,MURCIA (REGION DE),1.1.1.-homicidios dolosos/asesinatos consumados,10
2012,MURCIA (REGION DE),1.2.-lesiones,3545
2012,MURCIA (REGION DE),1.3.-malos tratos ambito familiar,2415
2012,MURCIA (REGION DE),1.4.-otros contra las personas,3554
2012,MURCIA (REGION DE),10. orden publico,722
2012,MURCIA (REGION DE),11. legislacion especial,2
2012,MURCIA (REGION DE),12. otras infracciones penales,188
2012,MURCIA (REGION DE),2. contra la libertad,1191
2012,MURCIA (REGION DE),2.1.-malos tratos habituales en el ambito familiar,313
2012,MURCIA (REGION DE),2.2.-otros contra la libertad,878
2012,MURCIA (REGION DE),3. libertad sexual,285
2012,MURCIA (REGION DE),3.1.-agresion sexual,160
2012,MURCIA (REGION DE),3.2.-agresion sexual con penetracion,59
2012,MURCIA (REGION DE),3.3.-corrupcion de menores o incapacitados,7
2012,MURCIA (REGION DE),3.4.-pornografia de menores,10
2012,MURCIA (REGION DE),3.5.-otros contra la libertad sexual,49
2012,MURCIA (REGION DE),4. relaciones familiares,571
2012,MURCIA (REGION DE),5. patrimonio,41734
2012,MURCIA (REGION DE),5.1.-hurtos,17034
2012,MURCIA (REGION DE),5.2.-robos con fuerza en las cosas,12954
2012,MURCIA (REGION DE),5.2.1.-robos con fuerza en las cosas en el interior de vehiculos,3030
2012,MURCIA (REGION DE),5.2.2.-robos con fuerza en viviendas,5534
2012,MURCIA (REGION DE),5.2.3.-robos con fuerza en establecimientos,1668
2012,MURCIA (REGION DE),5.3.-robos con violencia o intimidacion,1787
2012,MURCIA (REGION DE),5.3.1.-robos con violencia en via publica,1181
2012,MURCIA (REGION DE),5.3.2.-robos con violencia en viviendas,148
2012,MURCIA (REGION DE),5.3.3.-robos con violencia en establecimientos,210
2012,MURCIA (REGION DE),5.4.-sustraccion de vehiculos,1582
2012,MURCIA (REGION DE),5.5.-estafas,2315
2012,MURCIA (REGION DE),5.5.1.-estafas informaticas,482
2012,MURCIA (REGION DE),5.6.-danos,5202
2012,MURCIA (REGION DE),5.7.-contra la propiedad intelectual/industrial,50
2012,MURCIA (REGION DE),5.8.-blanqueo de capitales,3
2012,MURCIA (REGION DE),5.9.-otros contra el patrimonio,807
2012,MURCIA (REGION DE),6. seguridad colectiva,1684
2012,MURCIA (REGION DE),6.1.-trafico de drogas,312
2012,MURCIA (REGION DE),6.2.-contra la seguridad vial,1330
2012,MURCIA (REGION DE),6.3.-otros contra la seguridad colectiva,42
2012,MURCIA (REGION DE),7. falsedades,542
2012,MURCIA (REGION DE),8. admon. publica,9
2012,MURCIA (REGION DE),9. admon. justicia,971
2012,MURCIA (REGION DE),total infracciones penales,57449
2012,NAVARRA (COMUNIDAD FORAL DE),1. contra las personas,2563
2012,NAVARRA (COMUNIDAD FORAL DE),1.1.-homicidios dolosos/asesinatos,10
2012,NAVARRA (COMUNIDAD FORAL DE),1.1.1.-homicidios dolosos/asesinatos consumados,2
2012,NAVARRA (COMUNIDAD FORAL DE),1.2.-lesiones,928
2012,NAVARRA (COMUNIDAD FORAL DE),1.3.-malos tratos ambito familiar,444
2012,NAVARRA (COMUNIDAD FORAL DE),1.4.-otros contra las personas,1181
2012,NAVARRA (COMUNIDAD FORAL DE),10. orden publico,431
2012,NAVARRA (COMUNIDAD FORAL DE),11. legislacion especial,0
2012,NAVARRA (COMUNIDAD FORAL DE),12. otras infracciones penales,235
2012,NAVARRA (COMUNIDAD FORAL DE),2. contra la libertad,974
2012,NAVARRA (COMUNIDAD FORAL DE),2.1.-malos tratos habituales en el ambito familiar,176
2012,NAVARRA (COMUNIDAD FORAL DE),2.2.-otros contra la libertad,798
2012,NAVARRA (COMUNIDAD FORAL DE),3. libertad sexual,111
2012,NAVARRA (COMUNIDAD FORAL DE),3.1.-agresion sexual,58
2012,NAVARRA (COMUNIDAD FORAL DE),3.2.-agresion sexual con penetracion,14
2012,NAVARRA (COMUNIDAD FORAL DE),3.3.-corrupcion de menores o incapacitados,14
2012,NAVARRA (COMUNIDAD FORAL DE),3.4.-pornografia de menores,3
2012,NAVARRA (COMUNIDAD FORAL DE),3.5.-otros contra la libertad sexual,22
2012,NAVARRA (COMUNIDAD FORAL DE),4. relaciones familiares,87
2012,NAVARRA (COMUNIDAD FORAL DE),5. patrimonio,15739
2012,NAVARRA (COMUNIDAD FORAL DE),5.1.-hurtos,6661
2012,NAVARRA (COMUNIDAD FORAL DE),5.2.-robos con fuerza en las cosas,3733
2012,NAVARRA (COMUNIDAD FORAL DE),5.2.1.-robos con fuerza en las cosas en el interior de vehiculos,719
2012,NAVARRA (COMUNIDAD FORAL DE),5.2.2.-robos con fuerza en viviendas,1176
2012,NAVARRA (COMUNIDAD FORAL DE),5.2.3.-robos con fuerza en establecimientos,545
2012,NAVARRA (COMUNIDAD FORAL DE),5.3.-robos con violencia o intimidacion,313
2012,NAVARRA (COMUNIDAD FORAL DE),5.3.1.-robos con violencia en via publica,178
2012,NAVARRA (COMUNIDAD FORAL DE),5.3.2.-robos con violencia en viviendas,31
2012,NAVARRA (COMUNIDAD FORAL DE),5.3.3.-robos con violencia en establecimientos,56
2012,NAVARRA (COMUNIDAD FORAL DE),5.4.-sustraccion de vehiculos,187
2012,NAVARRA (COMUNIDAD FORAL DE),5.5.-estafas,1565
2012,NAVARRA (COMUNIDAD FORAL DE),5.5.1.-estafas informaticas,512
2012,NAVARRA (COMUNIDAD FORAL DE),5.6.-danos,2920
2012,NAVARRA (COMUNIDAD FORAL DE),5.7.-contra la propiedad intelectual/industrial,8
2012,NAVARRA (COMUNIDAD FORAL DE),5.8.-blanqueo de capitales,0
2012,NAVARRA (COMUNIDAD FORAL DE),5.9.-otros contra el patrimonio,352
2012,NAVARRA (COMUNIDAD FORAL DE),6. seguridad colectiva,1022
2012,NAVARRA (COMUNIDAD FORAL DE),6.1.-trafico de drogas,105
2012,NAVARRA (COMUNIDAD FORAL DE),6.2.-contra la seguridad vial,894
2012,NAVARRA (COMUNIDAD FORAL DE),6.3.-otros contra la seguridad colectiva,23
2012,NAVARRA (COMUNIDAD FORAL DE),7. falsedades,226
2012,NAVARRA (COMUNIDAD FORAL DE),8. admon. publica,13
2012,NAVARRA (COMUNIDAD FORAL DE),9. admon. justicia,234
2012,NAVARRA (COMUNIDAD FORAL DE),total infracciones penales,21635
2012,PAIS VASCO,1. contra las personas,12425
2012,PAIS VASCO,1.1.-homicidios dolosos/asesinatos,35
2012,PAIS VASCO,1.1.1.-homicidios dolosos/asesinatos consumados,12
2012,PAIS VASCO,1.2.-lesiones,5024
2012,PAIS VASCO,1.3.-malos tratos ambito familiar,651
2012,PAIS VASCO,1.4.-otros contra las personas,6715
2012,PAIS VASCO,10. orden publico,2143
2012,PAIS VASCO,11. legislacion especial,0
2012,PAIS VASCO,12. otras infracciones penales,499
2012,PAIS VASCO,2. contra la libertad,4713
2012,PAIS VASCO,2.1.-malos tratos habituales en el ambito familiar,3276
2012,PAIS VASCO,2.2.-otros contra la libertad,1437
2012,PAIS VASCO,3. libertad sexual,371
2012,PAIS VASCO,3.1.-agresion sexual,207
2012,PAIS VASCO,3.2.-agresion sexual con penetracion,61
2012,PAIS VASCO,3.3.-corrupcion de menores o incapacitados,17
2012,PAIS VASCO,3.4.-pornografia de menores,38
2012,PAIS VASCO,3.5.-otros contra la libertad sexual,48
2012,PAIS VASCO,4. relaciones familiares,435
2012,PAIS VASCO,5. patrimonio,66523
2012,PAIS VASCO,5.1.-hurtos,27500
2012,PAIS VASCO,5.2.-robos con fuerza en las cosas,17519
2012,PAIS VASCO,5.2.1.-robos con fuerza en las cosas en el interior de vehiculos,41
2012,PAIS VASCO,5.2.2.-robos con fuerza en viviendas,4948
2012,PAIS VASCO,5.2.3.-robos con fuerza en establecimientos,2823
2012,PAIS VASCO,5.3.-robos con violencia o intimidacion,3861
2012,PAIS VASCO,5.3.1.-robos con violencia en via publica,2619
2012,PAIS VASCO,5.3.2.-robos con violencia en viviendas,515
2012,PAIS VASCO,5.3.3.-robos con violencia en establecimientos,362
2012,PAIS VASCO,5.4.-sustraccion de vehiculos,811
2012,PAIS VASCO,5.5.-estafas,6108
2012,PAIS VASCO,5.5.1.-estafas informaticas,207
2012,PAIS VASCO,5.6.-danos,9493
2012,PAIS VASCO,5.7.-contra la propiedad intelectual/industrial,33
2012,PAIS VASCO,5.8.-blanqueo de capitales,3
2012,PAIS VASCO,5.9.-otros contra el patrimonio,1195
2012,PAIS VASCO,6. seguridad colectiva,3335
2012,PAIS VASCO,6.1.-trafico de drogas,394
2012,PAIS VASCO,6.2.-contra la seguridad vial,2863
2012,PAIS VASCO,6.3.-otros contra la seguridad colectiva,78
2012,PAIS VASCO,7. falsedades,680
2012,PAIS VASCO,8. admon. publica,26
2012,PAIS VASCO,9. admon. justicia,1458
2012,PAIS VASCO,total infracciones penales,92608
2012,RIOJA (LA),1. contra las personas,1623
2012,RIOJA (LA),1.1.-homicidios dolosos/asesinatos,6
2012,RIOJA (LA),1.1.1.-homicidios dolosos/asesinatos consumados,1
2012,RIOJA (LA),1.2.-lesiones,666
2012,RIOJA (LA),1.3.-malos tratos ambito familiar,398
2012,RIOJA (LA),1.4.-otros contra las personas,553
2012,RIOJA (LA),10. orden publico,224
2012,RIOJA (LA),11. legislacion especial,1
2012,RIOJA (LA),12. otras infracciones penales,26
2012,RIOJA (LA),2. contra la libertad,195
2012,RIOJA (LA),2.1.-malos tratos habituales en el ambito familiar,41
2012,RIOJA (LA),2.2.-otros contra la libertad,154
2012,RIOJA (LA),3. libertad sexual,47
2012,RIOJA (LA),3.1.-agresion sexual,27
2012,RIOJA (LA),3.2.-agresion sexual con penetracion,10
2012,RIOJA (LA),3.3.-corrupcion de menores o incapacitados,5
2012,RIOJA (LA),3.4.-pornografia de menores,2
2012,RIOJA (LA),3.5.-otros contra la libertad sexual,3
2012,RIOJA (LA),4. relaciones familiares,26
2012,RIOJA (LA),5. patrimonio,7267
2012,RIOJA (LA),5.1.-hurtos,3144
2012,RIOJA (LA),5.2.-robos con fuerza en las cosas,1931
2012,RIOJA (LA),5.2.1.-robos con fuerza en las cosas en el interior de vehiculos,435
2012,RIOJA (LA),5.2.2.-robos con fuerza en viviendas,628
2012,RIOJA (LA),5.2.3.-robos con fuerza en establecimientos,311
2012,RIOJA (LA),5.3.-robos con violencia o intimidacion,242
2012,RIOJA (LA),5.3.1.-robos con violencia en via publica,171
2012,RIOJA (LA),5.3.2.-robos con violencia en viviendas,22
2012,RIOJA (LA),5.3.3.-robos con violencia en establecimientos,28
2012,RIOJA (LA),5.4.-sustraccion de vehiculos,126
2012,RIOJA (LA),5.5.-estafas,532
2012,RIOJA (LA),5.5.1.-estafas informaticas,123
2012,RIOJA (LA),5.6.-danos,1182
2012,RIOJA (LA),5.7.-contra la propiedad intelectual/industrial,6
2012,RIOJA (LA),5.8.-blanqueo de capitales,1
2012,RIOJA (LA),5.9.-otros contra el patrimonio,103
2012,RIOJA (LA),6. seguridad colectiva,516
2012,RIOJA (LA),6.1.-trafico de drogas,69
2012,RIOJA (LA),6.2.-contra la seguridad vial,434
2012,RIOJA (LA),6.3.-otros contra la seguridad colectiva,13
2012,RIOJA (LA),7. falsedades,81
2012,RIOJA (LA),8. admon. publica,1
2012,RIOJA (LA),9. admon. justicia,147
2012,RIOJA (LA),total infracciones penales,10154
2013,ANDALUCIA,1. contra las personas,56840
2013,ANDALUCIA,1.1.-homicidios dolosos/asesinatos,247
2013,ANDALUCIA,1.1.1.-homicidios dolosos/asesinatos consumados,65
2013,ANDALUCIA,1.2.-lesiones,19956
2013,ANDALUCIA,1.3.-malos tratos ambito familiar,12241
2013,ANDALUCIA,1.4.-otros contra las personas,24396
2013,ANDALUCIA,10. orden publico,5666
2013,ANDALUCIA,11. legislacion especial,76
2013,ANDALUCIA,12. otras infracciones penales,1401
2013,ANDALUCIA,2. contra la libertad,7773
2013,ANDALUCIA,2.1.-malos tratos habituales en el ambito familiar,3579
2013,ANDALUCIA,2.2.-otros contra la libertad,4194
2013,ANDALUCIA,3. libertad sexual,1624
2013,ANDALUCIA,3.1.-agresion sexual,907
2013,ANDALUCIA,3.2.-agresion sexual con penetracion,235
2013,ANDALUCIA,3.3.-corrupcion de menores o incapacitados,87
2013,ANDALUCIA,3.4.-pornografia de menores,86
2013,ANDALUCIA,3.5.-otros contra la libertad sexual,309
2013,ANDALUCIA,4. relaciones familiares,1559
2013,ANDALUCIA,5. patrimonio,273325
2013,ANDALUCIA,5.1.-hurtos,127933
2013,ANDALUCIA,5.2.-robos con fuerza en las cosas,67166
2013,ANDALUCIA,5.2.1.-robos con fuerza en las cosas en el interior de vehiculos,23407
2013,ANDALUCIA,5.2.2.-robos con fuerza en viviendas,22031
2013,ANDALUCIA,5.2.3.-robos con fuerza en establecimientos,7951
2013,ANDALUCIA,5.3.-robos con violencia o intimidacion,10531
2013,ANDALUCIA,5.3.1.-robos con violencia en via publica,7437
2013,ANDALUCIA,5.3.2.-robos con violencia en viviendas,695
2013,ANDALUCIA,5.3.3.-robos con violencia en establecimientos,1410
2013,ANDALUCIA,5.4.-sustraccion de vehiculos,9125
2013,ANDALUCIA,5.5.-estafas,15064
2013,ANDALUCIA,5.5.1.-estafas informaticas,4481
2013,ANDALUCIA,5.6.-danos,36487
2013,ANDALUCIA,5.7.-contra la propiedad intelectual/industrial,971
2013,ANDALUCIA,5.8.-blanqueo de capitales,71
2013,ANDALUCIA,5.9.-otros contra el patrimonio,5977
2013,ANDALUCIA,6. seguridad colectiva,16119
2013,ANDALUCIA,6.1.-trafico de drogas,3274
2013,ANDALUCIA,6.2.-contra la seguridad vial,12422
2013,ANDALUCIA,6.3.-otros contra la seguridad colectiva,423
2013,ANDALUCIA,7. falsedades,3013
2013,ANDALUCIA,8. admon. publica,103
2013,ANDALUCIA,9. admon. justicia,6347
2013,ANDALUCIA,total infracciones penales,373846
2013,ARAGON,1. contra las personas,6330
2013,ARAGON,1.1.-homicidios dolosos/asesinatos,14
2013,ARAGON,1.1.1.-homicidios dolosos/asesinatos consumados,7
2013,ARAGON,1.2.-lesiones,2329
2013,ARAGON,1.3.-malos tratos ambito familiar,1719
2013,ARAGON,1.4.-otros contra las personas,2268
2013,ARAGON,10. orden publico,733
2013,ARAGON,11. legislacion especial,3
2013,ARAGON,12. otras infracciones penales,128
2013,ARAGON,2. contra la libertad,909
2013,ARAGON,2.1.-malos tratos habituales en el ambito familiar,387
2013,ARAGON,2.2.-otros contra la libertad,522
2013,ARAGON,3. libertad sexual,232
2013,ARAGON,3.1.-agresion sexual,116
2013,ARAGON,3.2.-agresion sexual con penetracion,44
2013,ARAGON,3.3.-corrupcion de menores o incapacitados,18
2013,ARAGON,3.4.-pornografia de menores,14
2013,ARAGON,3.5.-otros contra la libertad sexual,40
2013,ARAGON,4. relaciones familiares,168
2013,ARAGON,5. patrimonio,32032
2013,ARAGON,5.1.-hurtos,14058
2013,ARAGON,5.2.-robos con fuerza en las cosas,6993
2013,ARAGON,5.2.1.-robos con fuerza en las cosas en el interior de vehiculos,1374
2013,ARAGON,5.2.2.-robos con fuerza en viviendas,2179
2013,ARAGON,5.2.3.-robos con fuerza en establecimientos,1033
2013,ARAGON,5.3.-robos con violencia o intimidacion,1240
2013,ARAGON,5.3.1.-robos con violencia en via publica,790
2013,ARAGON,5.3.2.-robos con violencia en viviendas,86
2013,ARAGON,5.3.3.-robos con violencia en establecimientos,217
2013,ARAGON,5.4.-sustraccion de vehiculos,504
2013,ARAGON,5.5.-estafas,2397
2013,ARAGON,5.5.1.-estafas informaticas,927
2013,ARAGON,5.6.-danos,5993
2013,ARAGON,5.7.-contra la propiedad intelectual/industrial,67
2013,ARAGON,5.8.-blanqueo de capitales,7
2013,ARAGON,5.9.-otros contra el patrimonio,773
2013,ARAGON,6. seguridad colectiva,1225
2013,ARAGON,6.1.-trafico de drogas,343
2013,ARAGON,6.2.-contra la seguridad vial,803
2013,ARAGON,6.3.-otros contra la seguridad colectiva,79
2013,ARAGON,7. falsedades,339
2013,ARAGON,8. admon. publica,20
2013,ARAGON,9. admon. justicia,616
2013,ARAGON,total infracciones penales,42735
2013,ASTURIAS (PRINCIPADO DE),1. contra las personas,5617
2013,ASTURIAS (PRINCIPADO DE),1.1.-homicidios dolosos/asesinatos,17
2013,ASTURIAS (PRINCIPADO DE),1.1.1.-homicidios dolosos/asesinatos consumados,8
2013,ASTURIAS (PRINCIPADO DE),1.2.-lesiones,2102
2013,ASTURIAS (PRINCIPADO DE),1.3.-malos tratos ambito familiar,1215
2013,ASTURIAS (PRINCIPADO DE),1.4.-otros contra las personas,2283
2013,ASTURIAS (PRINCIPADO DE),10. orden publico,664
2013,ASTURIAS (PRINCIPADO DE),11. legislacion especial,1
2013,ASTURIAS (PRINCIPADO DE),12. otras infracciones penales,87
2013,ASTURIAS (PRINCIPADO DE),2. contra la libertad,513
2013,ASTURIAS (PRINCIPADO DE),2.1.-malos tratos habituales en el ambito familiar,69
2013,ASTURIAS (PRINCIPADO DE),2.2.-otros contra la libertad,444
2013,ASTURIAS (PRINCIPADO DE),3. libertad sexual,119
2013,ASTURIAS (PRINCIPADO DE),3.1.-agresion sexual,59
2013,ASTURIAS (PRINCIPADO DE),3.2.-agresion sexual con penetracion,22
2013,ASTURIAS (PRINCIPADO DE),3.3.-corrupcion de menores o incapacitados,7
2013,ASTURIAS (PRINCIPADO DE),3.4.-pornografia de menores,9
2013,ASTURIAS (PRINCIPADO DE),3.5.-otros contra la libertad sexual,22
2013,ASTURIAS (PRINCIPADO DE),4. relaciones familiares,144
2013,ASTURIAS (PRINCIPADO DE),5. patrimonio,20834
2013,ASTURIAS (PRINCIPADO DE),5.1.-hurtos,10060
2013,ASTURIAS (PRINCIPADO DE),5.2.-robos con fuerza en las cosas,3348
2013,ASTURIAS (PRINCIPADO DE),5.2.1.-robos con fuerza en las cosas en el interior de vehiculos,568
2013,ASTURIAS (PRINCIPADO DE),5.2.2.-robos con fuerza en viviendas,1029
2013,ASTURIAS (PRINCIPADO DE),5.2.3.-robos con fuerza en establecimientos,896
2013,ASTURIAS (PRINCIPADO DE),5.3.-robos con violencia o intimidacion,766
2013,ASTURIAS (PRINCIPADO DE),5.3.1.-robos con violencia en via publica,458
2013,ASTURIAS (PRINCIPADO DE),5.3.2.-robos con violencia en viviendas,81
2013,ASTURIAS (PRINCIPADO DE),5.3.3.-robos con violencia en establecimientos,130
2013,ASTURIAS (PRINCIPADO DE),5.4.-sustraccion de vehiculos,451
2013,ASTURIAS (PRINCIPADO DE),5.5.-estafas,1646
2013,ASTURIAS (PRINCIPADO DE),5.5.1.-estafas informaticas,585
2013,ASTURIAS (PRINCIPADO DE),5.6.-danos,3718
2013,ASTURIAS (PRINCIPADO DE),5.7.-contra la propiedad intelectual/industrial,23
2013,ASTURIAS (PRINCIPADO DE),5.8.-blanqueo de capitales,3
2013,ASTURIAS (PRINCIPADO DE),5.9.-otros contra el patrimonio,819
2013,ASTURIAS (PRINCIPADO DE),6. seguridad colectiva,1458
2013,ASTURIAS (PRINCIPADO DE),6.1.-trafico de drogas,189
2013,ASTURIAS (PRINCIPADO DE),6.2.-contra la seguridad vial,1219
2013,ASTURIAS (PRINCIPADO DE),6.3.-otros contra la seguridad colectiva,50
2013,ASTURIAS (PRINCIPADO DE),7. falsedades,157
2013,ASTURIAS (PRINCIPADO DE),8. admon. publica,8
2013,ASTURIAS (PRINCIPADO DE),9. admon. justicia,447
2013,ASTURIAS (PRINCIPADO DE),total infracciones penales,30049
2013,BALEARS (ILLES),1. contra las personas,9030
2013,BALEARS (ILLES),1.1.-homicidios dolosos/asesinatos,33
2013,BALEARS (ILLES),1.1.1.-homicidios dolosos/asesinatos consumados,10
2013,BALEARS (ILLES),1.2.-lesiones,3325
2013,BALEARS (ILLES),1.3.-malos tratos ambito familiar,2425
2013,BALEARS (ILLES),1.4.-otros contra las personas,3247
2013,BALEARS (ILLES),10. orden publico,1009
2013,BALEARS (ILLES),11. legislacion especial,1
2013,BALEARS (ILLES),12. otras infracciones penales,242
2013,BALEARS (ILLES),2. contra la libertad,1327
2013,BALEARS (ILLES),2.1.-malos tratos habituales en el ambito familiar,474
2013,BALEARS (ILLES),2.2.-otros contra la libertad,853
2013,BALEARS (ILLES),3. libertad sexual,406
2013,BALEARS (ILLES),3.1.-agresion sexual,225
2013,BALEARS (ILLES),3.2.-agresion sexual con penetracion,87
2013,BALEARS (ILLES),3.3.-corrupcion de menores o incapacitados,18
2013,BALEARS (ILLES),3.4.-pornografia de menores,27
2013,BALEARS (ILLES),3.5.-otros contra la libertad sexual,49
2013,BALEARS (ILLES),4. relaciones familiares,274
2013,BALEARS (ILLES),5. patrimonio,57282
2013,BALEARS (ILLES),5.1.-hurtos,34526
2013,BALEARS (ILLES),5.2.-robos con fuerza en las cosas,10050
2013,BALEARS (ILLES),5.2.1.-robos con fuerza en las cosas en el interior de vehiculos,3037
2013,BALEARS (ILLES),5.2.2.-robos con fuerza en viviendas,3540
2013,BALEARS (ILLES),5.2.3.-robos con fuerza en establecimientos,1300
2013,BALEARS (ILLES),5.3.-robos con violencia o intimidacion,1319
2013,BALEARS (ILLES),5.3.1.-robos con violencia en via publica,851
2013,BALEARS (ILLES),5.3.2.-robos con violencia en viviendas,78
2013,BALEARS (ILLES),5.3.3.-robos con violencia en establecimientos,169
2013,BALEARS (ILLES),5.4.-sustraccion de vehiculos,1582
2013,BALEARS (ILLES),5.5.-estafas,3221
2013,BALEARS (ILLES),5.5.1.-estafas informaticas,1049
2013,BALEARS (ILLES),5.6.-danos,4821
2013,BALEARS (ILLES),5.7.-contra la propiedad intelectual/industrial,113
2013,BALEARS (ILLES),5.8.-blanqueo de capitales,4
2013,BALEARS (ILLES),5.9.-otros contra el patrimonio,1646
2013,BALEARS (ILLES),6. seguridad colectiva,3052
2013,BALEARS (ILLES),6.1.-trafico de drogas,561
2013,BALEARS (ILLES),6.2.-contra la seguridad vial,2413
2013,BALEARS (ILLES),6.3.-otros contra la seguridad colectiva,78
2013,BALEARS (ILLES),7. falsedades,405
2013,BALEARS (ILLES),8. admon. publica,7
2013,BALEARS (ILLES),9. admon. justicia,798
2013,BALEARS (ILLES),total infracciones penales,73833
2013,CANARIAS,1. contra las personas,19224
2013,CANARIAS,1.1.-homicidios dolosos/asesinatos,50
2013,CANARIAS,1.1.1.-homicidios dolosos/asesinatos consumados,13
2013,CANARIAS,1.2.-lesiones,6408
2013,CANARIAS,1.3.-malos tratos ambito familiar,4024
2013,CANARIAS,1.4.-otros contra las personas,8742
2013,CANARIAS,10. orden publico,1293
2013,CANARIAS,11. legislacion especial,4
2013,CANARIAS,12. otras infracciones penales,176
2013,CANARIAS,2. contra la libertad,2103
2013,CANARIAS,2.1.-malos tratos habituales en el ambito familiar,708
2013,CANARIAS,2.2.-otros contra la libertad,1395
2013,CANARIAS,3. libertad sexual,469
2013,CANARIAS,3.1.-agresion sexual,285
2013,CANARIAS,3.2.-agresion sexual con penetracion,78
2013,CANARIAS,3.3.-corrupcion de menores o incapacitados,14
2013,CANARIAS,3.4.-pornografia de menores,32
2013,CANARIAS,3.5.-otros contra la libertad sexual,60
2013,CANARIAS,4. relaciones familiares,1117
2013,CANARIAS,5. patrimonio,62970
2013,CANARIAS,5.1.-hurtos,32519
2013,CANARIAS,5.2.-robos con fuerza en las cosas,13661
2013,CANARIAS,5.2.1.-robos con fuerza en las cosas en el interior de vehiculos,4598
2013,CANARIAS,5.2.2.-robos con fuerza en viviendas,4001
2013,CANARIAS,5.2.3.-robos con fuerza en establecimientos,1809
2013,CANARIAS,5.3.-robos con violencia o intimidacion,1818
2013,CANARIAS,5.3.1.-robos con violencia en via publica,1208
2013,CANARIAS,5.3.2.-robos con violencia en viviendas,138
2013,CANARIAS,5.3.3.-robos con violencia en establecimientos,222
2013,CANARIAS,5.4.-sustraccion de vehiculos,1893
2013,CANARIAS,5.5.-estafas,3736
2013,CANARIAS,5.5.1.-estafas informaticas,1161
2013,CANARIAS,5.6.-danos,8060
2013,CANARIAS,5.7.-contra la propiedad intelectual/industrial,82
2013,CANARIAS,5.8.-blanqueo de capitales,5
2013,CANARIAS,5.9.-otros contra el patrimonio,1196
2013,CANARIAS,6. seguridad colectiva,4159
2013,CANARIAS,6.1.-trafico de drogas,615
2013,CANARIAS,6.2.-contra la seguridad vial,3443
2013,CANARIAS,6.3.-otros contra la seguridad colectiva,101
2013,CANARIAS,7. falsedades,516
2013,CANARIAS,8. admon. publica,12
2013,CANARIAS,9. admon. justicia,1298
2013,CANARIAS,total infracciones penales,93341
2013,CANTABRIA,1. contra las personas,3180
2013,CANTABRIA,1.1.-homicidios dolosos/asesinatos,5
2013,CANTABRIA,1.1.1.-homicidios dolosos/asesinatos consumados,4
2013,CANTABRIA,1.2.-lesiones,1405
2013,CANTABRIA,1.3.-malos tratos ambito familiar,547
2013,CANTABRIA,1.4.-otros contra las personas,1223
2013,CANTABRIA,10. orden publico,410
2013,CANTABRIA,11. legislacion especial,0
2013,CANTABRIA,12. otras infracciones penales,61
2013,CANTABRIA,2. contra la libertad,331
2013,CANTABRIA,2.1.-malos tratos habituales en el ambito familiar,138
2013,CANTABRIA,2.2.-otros contra la libertad,193
2013,CANTABRIA,3. libertad sexual,55
2013,CANTABRIA,3.1.-agresion sexual,36
2013,CANTABRIA,3.2.-agresion sexual con penetracion,7
2013,CANTABRIA,3.3.-corrupcion de menores o incapacitados,0
2013,CANTABRIA,3.4.-pornografia de menores,4
2013,CANTABRIA,3.5.-otros contra la libertad sexual,8
2013,CANTABRIA,4. relaciones familiares,54
2013,CANTABRIA,5. patrimonio,11875
2013,CANTABRIA,5.1.-hurtos,5940
2013,CANTABRIA,5.2.-robos con fuerza en las cosas,2432
2013,CANTABRIA,5.2.1.-robos con fuerza en las cosas en el interior de vehiculos,450
2013,CANTABRIA,5.2.2.-robos con fuerza en viviendas,905
2013,CANTABRIA,5.2.3.-robos con fuerza en establecimientos,543
2013,CANTABRIA,5.3.-robos con violencia o intimidacion,371
2013,CANTABRIA,5.3.1.-robos con violencia en via publica,199
2013,CANTABRIA,5.3.2.-robos con violencia en viviendas,45
2013,CANTABRIA,5.3.3.-robos con violencia en establecimientos,79
2013,CANTABRIA,5.4.-sustraccion de vehiculos,264
2013,CANTABRIA,5.5.-estafas,803
2013,CANTABRIA,5.5.1.-estafas informaticas,281
2013,CANTABRIA,5.6.-danos,1672
2013,CANTABRIA,5.7.-contra la propiedad intelectual/industrial,25
2013,CANTABRIA,5.8.-blanqueo de capitales,0
2013,CANTABRIA,5.9.-otros contra el patrimonio,368
2013,CANTABRIA,6. seguridad colectiva,873
2013,CANTABRIA,6.1.-trafico de drogas,92
2013,CANTABRIA,6.2.-contra la seguridad vial,769
2013,CANTABRIA,6.3.-otros contra la seguridad colectiva,12
2013,CANTABRIA,7. falsedades,99
2013,CANTABRIA,8. admon. publica,1
2013,CANTABRIA,9. admon. justicia,300
2013,CANTABRIA,total infracciones penales,17239
2013,CASTILLA - LA MANCHA,1. contra las personas,11134
2013,CASTILLA - LA MANCHA,1.1.-homicidios dolosos/asesinatos,34
2013,CASTILLA - LA MANCHA,1.1.1.-homicidios dolosos/asesinatos consumados,15
2013,CASTILLA - LA MANCHA,1.2.-lesiones,3960
2013,CASTILLA - LA MANCHA,1.3.-malos tratos ambito familiar,2334
2013,CASTILLA - LA MANCHA,1.4.-otros contra las personas,4806
2013,CASTILLA - LA MANCHA,10. orden publico,1106
2013,CASTILLA - LA MANCHA,11. legislacion especial,2
2013,CASTILLA - LA MANCHA,12. otras infracciones penales,275
2013,CASTILLA - LA MANCHA,2. contra la libertad,1343
2013,CASTILLA - LA MANCHA,2.1.-malos tratos habituales en el ambito familiar,563
2013,CASTILLA - LA MANCHA,2.2.-otros contra la libertad,780
2013,CASTILLA - LA MANCHA,3. libertad sexual,309
2013,CASTILLA - LA MANCHA,3.1.-agresion sexual,177
2013,CASTILLA - LA MANCHA,3.2.-agresion sexual con penetracion,47
2013,CASTILLA - LA MANCHA,3.3.-corrupcion de menores o incapacitados,6
2013,CASTILLA - LA MANCHA,3.4.-pornografia de menores,11
2013,CASTILLA - LA MANCHA,3.5.-otros contra la libertad sexual,68
2013,CASTILLA - LA MANCHA,4. relaciones familiares,392
2013,CASTILLA - LA MANCHA,5. patrimonio,53668
2013,CASTILLA - LA MANCHA,5.1.-hurtos,18960
2013,CASTILLA - LA MANCHA,5.2.-robos con fuerza en las cosas,18593
2013,CASTILLA - LA MANCHA,5.2.1.-robos con fuerza en las cosas en el interior de vehiculos,3126
2013,CASTILLA - LA MANCHA,5.2.2.-robos con fuerza en viviendas,7025
2013,CASTILLA - LA MANCHA,5.2.3.-robos con fuerza en establecimientos,2197
2013,CASTILLA - LA MANCHA,5.3.-robos con violencia o intimidacion,1388
2013,CASTILLA - LA MANCHA,5.3.1.-robos con violencia en via publica,849
2013,CASTILLA - LA MANCHA,5.3.2.-robos con violencia en viviendas,137
2013,CASTILLA - LA MANCHA,5.3.3.-robos con violencia en establecimientos,188
2013,CASTILLA - LA MANCHA,5.4.-sustraccion de vehiculos,1261
2013,CASTILLA - LA MANCHA,5.5.-estafas,3674
2013,CASTILLA - LA MANCHA,5.5.1.-estafas informaticas,1255
2013,CASTILLA - LA MANCHA,5.6.-danos,8434
2013,CASTILLA - LA MANCHA,5.7.-contra la propiedad intelectual/industrial,55
2013,CASTILLA - LA MANCHA,5.8.-blanqueo de capitales,4
2013,CASTILLA - LA MANCHA,5.9.-otros contra el patrimonio,1299
2013,CASTILLA - LA MANCHA,6. seguridad colectiva,3463
2013,CASTILLA - LA MANCHA,6.1.-trafico de drogas,482
2013,CASTILLA - LA MANCHA,6.2.-contra la seguridad vial,2878
2013,CASTILLA - LA MANCHA,6.3.-otros contra la seguridad colectiva,103
2013,CASTILLA - LA MANCHA,7. falsedades,706
2013,CASTILLA - LA MANCHA,8. admon. publica,15
2013,CASTILLA - LA MANCHA,9. admon. justicia,1050
2013,CASTILLA - LA MANCHA,total infracciones penales,73463
2013,CASTILLA Y LEON,1. contra las personas,13015
2013,CASTILLA Y LEON,1.1.-homicidios dolosos/asesinatos,41
2013,CASTILLA Y LEON,1.1.1.-homicidios dolosos/asesinatos consumados,19
2013,CASTILLA Y LEON,1.2.-lesiones,4668
2013,CASTILLA Y LEON,1.3.-malos tratos ambito familiar,2135
2013,CASTILLA Y LEON,1.4.-otros contra las personas,6171
2013,CASTILLA Y LEON,10. orden publico,1332
2013,CASTILLA Y LEON,11. legislacion especial,0
2013,CASTILLA Y LEON,12. otras infracciones penales,215
2013,CASTILLA Y LEON,2. contra la libertad,1221
2013,CASTILLA Y LEON,2.1.-malos tratos habituales en el ambito familiar,484
2013,CASTILLA Y LEON,2.2.-otros contra la libertad,737
2013,CASTILLA Y LEON,3. libertad sexual,238
2013,CASTILLA Y LEON,3.1.-agresion sexual,150
2013,CASTILLA Y LEON,3.2.-agresion sexual con penetracion,35
2013,CASTILLA Y LEON,3.3.-corrupcion de menores o incapacitados,7
2013,CASTILLA Y LEON,3.4.-pornografia de menores,15
2013,CASTILLA Y LEON,3.5.-otros contra la libertad sexual,31
2013,CASTILLA Y LEON,4. relaciones familiares,282
2013,CASTILLA Y LEON,5. patrimonio,58837
2013,CASTILLA Y LEON,5.1.-hurtos,28107
2013,CASTILLA Y LEON,5.2.-robos con fuerza en las cosas,12317
2013,CASTILLA Y LEON,5.2.1.-robos con fuerza en las cosas en el interior de vehiculos,2203
2013,CASTILLA Y LEON,5.2.2.-robos con fuerza en viviendas,3818
2013,CASTILLA Y LEON,5.2.3.-robos con fuerza en establecimientos,2402
2013,CASTILLA Y LEON,5.3.-robos con violencia o intimidacion,1121
2013,CASTILLA Y LEON,5.3.1.-robos con violencia en via publica,709
2013,CASTILLA Y LEON,5.3.2.-robos con violencia en viviendas,128
2013,CASTILLA Y LEON,5.3.3.-robos con violencia en establecimientos,168
2013,CASTILLA Y LEON,5.4.-sustraccion de vehiculos,790
2013,CASTILLA Y LEON,5.5.-estafas,4138
2013,CASTILLA Y LEON,5.5.1.-estafas informaticas,1403
2013,CASTILLA Y LEON,5.6.-danos,10914
2013,CASTILLA Y LEON,5.7.-contra la propiedad intelectual/industrial,140
2013,CASTILLA Y LEON,5.8.-blanqueo de capitales,8
2013,CASTILLA Y LEON,5.9.-otros contra el patrimonio,1302
2013,CASTILLA Y LEON,6. seguridad colectiva,3329
2013,CASTILLA Y LEON,6.1.-trafico de drogas,380
2013,CASTILLA Y LEON,6.2.-contra la seguridad vial,2886
2013,CASTILLA Y LEON,6.3.-otros contra la seguridad colectiva,63
2013,CASTILLA Y LEON,7. falsedades,474
2013,CASTILLA Y LEON,8. admon. publica,8
2013,CASTILLA Y LEON,9. admon. justicia,953
2013,CASTILLA Y LEON,total infracciones penales,79904
2013,CATALUNA,1. contra las personas,35622
2013,CATALUNA,1.1.-homicidios dolosos/asesinatos,178
2013,CATALUNA,1.1.1.-homicidios dolosos/asesinatos consumados,43
2013,CATALUNA,1.2.-lesiones,13579
2013,CATALUNA,1.3.-malos tratos ambito familiar,6311
2013,CATALUNA,1.4.-otros contra las personas,15554
2013,CATALUNA,10. orden publico,4467
2013,CATALUNA,11. legislacion especial,83
2013,CATALUNA,12. otras infracciones penales,1291
2013,CATALUNA,2. contra la libertad,10144
2013,CATALUNA,2.1.-malos tratos habituales en el ambito familiar,2621
2013,CATALUNA,2.2.-otros contra la libertad,7523
2013,CATALUNA,3. libertad sexual,1647
2013,CATALUNA,3.1.-agresion sexual,795
2013,CATALUNA,3.2.-agresion sexual con penetracion,415
2013,CATALUNA,3.3.-corrupcion de menores o incapacitados,5
2013,CATALUNA,3.4.-pornografia de menores,122
2013,CATALUNA,3.5.-otros contra la libertad sexual,310
2013,CATALUNA,4. relaciones familiares,2358
2013,CATALUNA,5. patrimonio,361187
2013,CATALUNA,5.1.-hurtos,166537
2013,CATALUNA,5.2.-robos con fuerza en las cosas,78187
2013,CATALUNA,5.2.1.-robos con fuerza en las cosas en el interior de vehiculos,30795
2013,CATALUNA,5.2.2.-robos con fuerza en viviendas,23636
2013,CATALUNA,5.2.3.-robos con fuerza en establecimientos,8
2013,CATALUNA,5.3.-robos con violencia o intimidacion,28950
2013,CATALUNA,5.3.1.-robos con violencia en via publica,64
2013,CATALUNA,5.3.2.-robos con violencia en viviendas,1408
2013,CATALUNA,5.3.3.-robos con violencia en establecimientos,6
2013,CATALUNA,5.4.-sustraccion de vehiculos,10426
2013,CATALUNA,5.5.-estafas,25363
2013,CATALUNA,5.5.1.-estafas informaticas,585
2013,CATALUNA,5.6.-danos,39097
2013,CATALUNA,5.7.-contra la propiedad intelectual/industrial,444
2013,CATALUNA,5.8.-blanqueo de capitales,34
2013,CATALUNA,5.9.-otros contra el patrimonio,12149
2013,CATALUNA,6. seguridad colectiva,8111
2013,CATALUNA,6.1.-trafico de drogas,2064
2013,CATALUNA,6.2.-contra la seguridad vial,5928
2013,CATALUNA,6.3.-otros contra la seguridad colectiva,119
2013,CATALUNA,7. falsedades,3486
2013,CATALUNA,8. admon. publica,68
2013,CATALUNA,9. admon. justicia,3450
2013,CATALUNA,total infracciones penales,431914
2013,CIUDAD AUTONOMA DE CEUTA,1. contra las personas,743
2013,CIUDAD AUTONOMA DE CEUTA,1.1.-homicidios dolosos/asesinatos,17
2013,CIUDAD AUTONOMA DE CEUTA,1.1.1.-homicidios dolosos/asesinatos consumados,2
2013,CIUDAD AUTONOMA DE CEUTA,1.2.-lesiones,404
2013,CIUDAD AUTONOMA DE CEUTA,1.3.-malos tratos ambito familiar,110
2013,CIUDAD AUTONOMA DE CEUTA,1.4.-otros contra las personas,212
2013,CIUDAD AUTONOMA DE CEUTA,10. orden publico,168
2013,CIUDAD AUTONOMA DE CEUTA,11. legislacion especial,0
2013,CIUDAD AUTONOMA DE CEUTA,12. otras infracciones penales,85
2013,CIUDAD AUTONOMA DE CEUTA,2. contra la libertad,143
2013,CIUDAD AUTONOMA DE CEUTA,2.1.-malos tratos habituales en el ambito familiar,81
2013,CIUDAD AUTONOMA DE CEUTA,2.2.-otros contra la libertad,62
2013,CIUDAD AUTONOMA DE CEUTA,3. libertad sexual,16
2013,CIUDAD AUTONOMA DE CEUTA,3.1.-agresion sexual,10
2013,CIUDAD AUTONOMA DE CEUTA,3.2.-agresion sexual con penetracion,1
2013,CIUDAD AUTONOMA DE CEUTA,3.3.-corrupcion de menores o incapacitados,1
2013,CIUDAD AUTONOMA DE CEUTA,3.4.-pornografia de menores,0
2013,CIUDAD AUTONOMA DE CEUTA,3.5.-otros contra la libertad sexual,4
2013,CIUDAD AUTONOMA DE CEUTA,4. relaciones familiares,55
2013,CIUDAD AUTONOMA DE CEUTA,5. patrimonio,3046
2013,CIUDAD AUTONOMA DE CEUTA,5.1.-hurtos,1260
2013,CIUDAD AUTONOMA DE CEUTA,5.2.-robos con fuerza en las cosas,615
2013,CIUDAD AUTONOMA DE CEUTA,5.2.1.-robos con fuerza en las cosas en el interior de vehiculos,397
2013,CIUDAD AUTONOMA DE CEUTA,5.2.2.-robos con fuerza en viviendas,80
2013,CIUDAD AUTONOMA DE CEUTA,5.2.3.-robos con fuerza en establecimientos,83
2013,CIUDAD AUTONOMA DE CEUTA,5.3.-robos con violencia o intimidacion,223
2013,CIUDAD AUTONOMA DE CEUTA,5.3.1.-robos con violencia en via publica,169
2013,CIUDAD AUTONOMA DE CEUTA,5.3.2.-robos con violencia en viviendas,13
2013,CIUDAD AUTONOMA DE CEUTA,5.3.3.-robos con violencia en establecimientos,25
2013,CIUDAD AUTONOMA DE CEUTA,5.4.-sustraccion de vehiculos,403
2013,CIUDAD AUTONOMA DE CEUTA,5.5.-estafas,94
2013,CIUDAD AUTONOMA DE CEUTA,5.5.1.-estafas informaticas,32
2013,CIUDAD AUTONOMA DE CEUTA,5.6.-danos,416
2013,CIUDAD AUTONOMA DE CEUTA,5.7.-contra la propiedad intelectual/industrial,2
2013,CIUDAD AUTONOMA DE CEUTA,5.8.-blanqueo de capitales,0
2013,CIUDAD AUTONOMA DE CEUTA,5.9.-otros contra el patrimonio,33
2013,CIUDAD AUTONOMA DE CEUTA,6. seguridad colectiva,1163
2013,CIUDAD AUTONOMA DE CEUTA,6.1.-trafico de drogas,894
2013,CIUDAD AUTONOMA DE CEUTA,6.2.-contra la seguridad vial,261
2013,CIUDAD AUTONOMA DE CEUTA,6.3.-otros contra la seguridad colectiva,8
2013,CIUDAD AUTONOMA DE CEUTA,7. falsedades,301
2013,CIUDAD AUTONOMA DE CEUTA,8. admon. publica,5
2013,CIUDAD AUTONOMA DE CEUTA,9. admon. justicia,125
2013,CIUDAD AUTONOMA DE CEUTA,total infracciones penales,5850
2013,CIUDAD AUTONOMA DE MELILLA,1. contra las personas,879
2013,CIUDAD AUTONOMA DE MELILLA,1.1.-homicidios dolosos/asesinatos,4
2013,CIUDAD AUTONOMA DE MELILLA,1.1.1.-homicidios dolosos/asesinatos consumados,1
2013,CIUDAD AUTONOMA DE MELILLA,1.2.-lesiones,474
2013,CIUDAD AUTONOMA DE MELILLA,1.3.-malos tratos ambito familiar,226
2013,CIUDAD AUTONOMA DE MELILLA,1.4.-otros contra las personas,175
2013,CIUDAD AUTONOMA DE MELILLA,10. orden publico,130
2013,CIUDAD AUTONOMA DE MELILLA,11. legislacion especial,1
2013,CIUDAD AUTONOMA DE MELILLA,12. otras infracciones penales,130
2013,CIUDAD AUTONOMA DE MELILLA,2. contra la libertad,89
2013,CIUDAD AUTONOMA DE MELILLA,2.1.-malos tratos habituales en el ambito familiar,20
2013,CIUDAD AUTONOMA DE MELILLA,2.2.-otros contra la libertad,69
2013,CIUDAD AUTONOMA DE MELILLA,3. libertad sexual,38
2013,CIUDAD AUTONOMA DE MELILLA,3.1.-agresion sexual,25
2013,CIUDAD AUTONOMA DE MELILLA,3.2.-agresion sexual con penetracion,6
2013,CIUDAD AUTONOMA DE MELILLA,3.3.-corrupcion de menores o incapacitados,2
2013,CIUDAD AUTONOMA DE MELILLA,3.4.-pornografia de menores,0
2013,CIUDAD AUTONOMA DE MELILLA,3.5.-otros contra la libertad sexual,5
2013,CIUDAD AUTONOMA DE MELILLA,4. relaciones familiares,22
2013,CIUDAD AUTONOMA DE MELILLA,5. patrimonio,2834
2013,CIUDAD AUTONOMA DE MELILLA,5.1.-hurtos,1192
2013,CIUDAD AUTONOMA DE MELILLA,5.2.-robos con fuerza en las cosas,668
2013,CIUDAD AUTONOMA DE MELILLA,5.2.1.-robos con fuerza en las cosas en el interior de vehiculos,424
2013,CIUDAD AUTONOMA DE MELILLA,5.2.2.-robos con fuerza en viviendas,82
2013,CIUDAD AUTONOMA DE MELILLA,5.2.3.-robos con fuerza en establecimientos,64
2013,CIUDAD AUTONOMA DE MELILLA,5.3.-robos con violencia o intimidacion,295
2013,CIUDAD AUTONOMA DE MELILLA,5.3.1.-robos con violencia en via publica,251
2013,CIUDAD AUTONOMA DE MELILLA,5.3.2.-robos con violencia en viviendas,10
2013,CIUDAD AUTONOMA DE MELILLA,5.3.3.-robos con violencia en establecimientos,12
2013,CIUDAD AUTONOMA DE MELILLA,5.4.-sustraccion de vehiculos,221
2013,CIUDAD AUTONOMA DE MELILLA,5.5.-estafas,94
2013,CIUDAD AUTONOMA DE MELILLA,5.5.1.-estafas informaticas,20
2013,CIUDAD AUTONOMA DE MELILLA,5.6.-danos,327
2013,CIUDAD AUTONOMA DE MELILLA,5.7.-contra la propiedad intelectual/industrial,5
2013,CIUDAD AUTONOMA DE MELILLA,5.8.-blanqueo de capitales,1
2013,CIUDAD AUTONOMA DE MELILLA,5.9.-otros contra el patrimonio,31
2013,CIUDAD AUTONOMA DE MELILLA,6. seguridad colectiva,379
2013,CIUDAD AUTONOMA DE MELILLA,6.1.-trafico de drogas,206
2013,CIUDAD AUTONOMA DE MELILLA,6.2.-contra la seguridad vial,158
2013,CIUDAD AUTONOMA DE MELILLA,6.3.-otros contra la seguridad colectiva,15
2013,CIUDAD AUTONOMA DE MELILLA,7. falsedades,145
2013,CIUDAD AUTONOMA DE MELILLA,8. admon. publica,6
2013,CIUDAD AUTONOMA DE MELILLA,9. admon. justicia,43
2013,CIUDAD AUTONOMA DE MELILLA,total infracciones penales,4696
2013,COMUNITAT VALENCIANA,1. contra las personas,32380
2013,COMUNITAT VALENCIANA,1.1.-homicidios dolosos/asesinatos,76
2013,COMUNITAT VALENCIANA,1.1.1.-homicidios dolosos/asesinatos consumados,32
2013,COMUNITAT VALENCIANA,1.2.-lesiones,11626
2013,COMUNITAT VALENCIANA,1.3.-malos tratos ambito familiar,8356
2013,COMUNITAT VALENCIANA,1.4.-otros contra las personas,12322
2013,COMUNITAT VALENCIANA,10. orden publico,4333
2013,COMUNITAT VALENCIANA,11. legislacion especial,8
2013,COMUNITAT VALENCIANA,12. otras infracciones penales,864
2013,COMUNITAT VALENCIANA,2. contra la libertad,4454
2013,COMUNITAT VALENCIANA,2.1.-malos tratos habituales en el ambito familiar,1762
2013,COMUNITAT VALENCIANA,2.2.-otros contra la libertad,2692
2013,COMUNITAT VALENCIANA,3. libertad sexual,1102
2013,COMUNITAT VALENCIANA,3.1.-agresion sexual,567
2013,COMUNITAT VALENCIANA,3.2.-agresion sexual con penetracion,202
2013,COMUNITAT VALENCIANA,3.3.-corrupcion de menores o incapacitados,57
2013,COMUNITAT VALENCIANA,3.4.-pornografia de menores,59
2013,COMUNITAT VALENCIANA,3.5.-otros contra la libertad sexual,217
2013,COMUNITAT VALENCIANA,4. relaciones familiares,967
2013,COMUNITAT VALENCIANA,5. patrimonio,201297
2013,COMUNITAT VALENCIANA,5.1.-hurtos,84869
2013,COMUNITAT VALENCIANA,5.2.-robos con fuerza en las cosas,53803
2013,COMUNITAT VALENCIANA,5.2.1.-robos con fuerza en las cosas en el interior de vehiculos,15308
2013,COMUNITAT VALENCIANA,5.2.2.-robos con fuerza en viviendas,23665
2013,COMUNITAT VALENCIANA,5.2.3.-robos con fuerza en establecimientos,5681
2013,COMUNITAT VALENCIANA,5.3.-robos con violencia o intimidacion,9141
2013,COMUNITAT VALENCIANA,5.3.1.-robos con violencia en via publica,5974
2013,COMUNITAT VALENCIANA,5.3.2.-robos con violencia en viviendas,770
2013,COMUNITAT VALENCIANA,5.3.3.-robos con violencia en establecimientos,1138
2013,COMUNITAT VALENCIANA,5.4.-sustraccion de vehiculos,5119
2013,COMUNITAT VALENCIANA,5.5.-estafas,12428
2013,COMUNITAT VALENCIANA,5.5.1.-estafas informaticas,3133
2013,COMUNITAT VALENCIANA,5.6.-danos,31442
2013,COMUNITAT VALENCIANA,5.7.-contra la propiedad intelectual/industrial,302
2013,COMUNITAT VALENCIANA,5.8.-blanqueo de capitales,50
2013,COMUNITAT VALENCIANA,5.9.-otros contra el patrimonio,4143
2013,COMUNITAT VALENCIANA,6. seguridad colectiva,8696
2013,COMUNITAT VALENCIANA,6.1.-trafico de drogas,1872
2013,COMUNITAT VALENCIANA,6.2.-contra la seguridad vial,6460
2013,COMUNITAT VALENCIANA,6.3.-otros contra la seguridad colectiva,364
2013,COMUNITAT VALENCIANA,7. falsedades,2102
2013,COMUNITAT VALENCIANA,8. admon. publica,31
2013,COMUNITAT VALENCIANA,9. admon. justicia,4054
2013,COMUNITAT VALENCIANA,total infracciones penales,260288
2013,EXTREMADURA,1. contra las personas,5210
2013,EXTREMADURA,1.1.-homicidios dolosos/asesinatos,17
2013,EXTREMADURA,1.1.1.-homicidios dolosos/asesinatos consumados,7
2013,EXTREMADURA,1.2.-lesiones,1926
2013,EXTREMADURA,1.3.-malos tratos ambito familiar,980
2013,EXTREMADURA,1.4.-otros contra las personas,2287
2013,EXTREMADURA,10. orden publico,463
2013,EXTREMADURA,11. legislacion especial,3
2013,EXTREMADURA,12. otras infracciones penales,189
2013,EXTREMADURA,2. contra la libertad,663
2013,EXTREMADURA,2.1.-malos tratos habituales en el ambito familiar,320
2013,EXTREMADURA,2.2.-otros contra la libertad,343
2013,EXTREMADURA,3. libertad sexual,147
2013,EXTREMADURA,3.1.-agresion sexual,88
2013,EXTREMADURA,3.2.-agresion sexual con penetracion,27
2013,EXTREMADURA,3.3.-corrupcion de menores o incapacitados,6
2013,EXTREMADURA,3.4.-pornografia de menores,8
2013,EXTREMADURA,3.5.-otros contra la libertad sexual,18
2013,EXTREMADURA,4. relaciones familiares,251
2013,EXTREMADURA,5. patrimonio,20336
2013,EXTREMADURA,5.1.-hurtos,9523
2013,EXTREMADURA,5.2.-robos con fuerza en las cosas,5079
2013,EXTREMADURA,5.2.1.-robos con fuerza en las cosas en el interior de vehiculos,971
2013,EXTREMADURA,5.2.2.-robos con fuerza en viviendas,1439
2013,EXTREMADURA,5.2.3.-robos con fuerza en establecimientos,965
2013,EXTREMADURA,5.3.-robos con violencia o intimidacion,390
2013,EXTREMADURA,5.3.1.-robos con violencia en via publica,206
2013,EXTREMADURA,5.3.2.-robos con violencia en viviendas,48
2013,EXTREMADURA,5.3.3.-robos con violencia en establecimientos,81
2013,EXTREMADURA,5.4.-sustraccion de vehiculos,402
2013,EXTREMADURA,5.5.-estafas,1048
2013,EXTREMADURA,5.5.1.-estafas informaticas,330
2013,EXTREMADURA,5.6.-danos,3269
2013,EXTREMADURA,5.7.-contra la propiedad intelectual/industrial,48
2013,EXTREMADURA,5.8.-blanqueo de capitales,0
2013,EXTREMADURA,5.9.-otros contra el patrimonio,577
2013,EXTREMADURA,6. seguridad colectiva,1233
2013,EXTREMADURA,6.1.-trafico de drogas,306
2013,EXTREMADURA,6.2.-contra la seguridad vial,889
2013,EXTREMADURA,6.3.-otros contra la seguridad colectiva,38
2013,EXTREMADURA,7. falsedades,237
2013,EXTREMADURA,8. admon. publica,3
2013,EXTREMADURA,9. admon. justicia,603
2013,EXTREMADURA,total infracciones penales,29338
2013,GALICIA,1. contra las personas,14182
2013,GALICIA,1.1.-homicidios dolosos/asesinatos,50
2013,GALICIA,1.1.1.-homicidios dolosos/asesinatos consumados,15
2013,GALICIA,1.2.-lesiones,5337
2013,GALICIA,1.3.-malos tratos ambito familiar,2645
2013,GALICIA,1.4.-otros contra las personas,6150
2013,GALICIA,10. orden publico,1323
2013,GALICIA,11. legislacion especial,6
2013,GALICIA,12. otras infracciones penales,236
2013,GALICIA,2. contra la libertad,1667
2013,GALICIA,2.1.-malos tratos habituales en el ambito familiar,635
2013,GALICIA,2.2.-otros contra la libertad,1032
2013,GALICIA,3. libertad sexual,340
2013,GALICIA,3.1.-agresion sexual,196
2013,GALICIA,3.2.-agresion sexual con penetracion,69
2013,GALICIA,3.3.-corrupcion de menores o incapacitados,18
2013,GALICIA,3.4.-pornografia de menores,17
2013,GALICIA,3.5.-otros contra la libertad sexual,40
2013,GALICIA,4. relaciones familiares,236
2013,GALICIA,5. patrimonio,56486
2013,GALICIA,5.1.-hurtos,24200
2013,GALICIA,5.2.-robos con fuerza en las cosas,13303
2013,GALICIA,5.2.1.-robos con fuerza en las cosas en el interior de vehiculos,3302
2013,GALICIA,5.2.2.-robos con fuerza en viviendas,4563
2013,GALICIA,5.2.3.-robos con fuerza en establecimientos,2696
2013,GALICIA,5.3.-robos con violencia o intimidacion,1338
2013,GALICIA,5.3.1.-robos con violencia en via publica,668
2013,GALICIA,5.3.2.-robos con violencia en viviendas,150
2013,GALICIA,5.3.3.-robos con violencia en establecimientos,346
2013,GALICIA,5.4.-sustraccion de vehiculos,1435
2013,GALICIA,5.5.-estafas,4168
2013,GALICIA,5.5.1.-estafas informaticas,1518
2013,GALICIA,5.6.-danos,10771
2013,GALICIA,5.7.-contra la propiedad intelectual/industrial,112
2013,GALICIA,5.8.-blanqueo de capitales,3
2013,GALICIA,5.9.-otros contra el patrimonio,1156
2013,GALICIA,6. seguridad colectiva,5145
2013,GALICIA,6.1.-trafico de drogas,409
2013,GALICIA,6.2.-contra la seguridad vial,4497
2013,GALICIA,6.3.-otros contra la seguridad colectiva,239
2013,GALICIA,7. falsedades,573
2013,GALICIA,8. admon. publica,21
2013,GALICIA,9. admon. justicia,1022
2013,GALICIA,total infracciones penales,81237
2013,MADRID (COMUNIDAD DE),1. contra las personas,35149
2013,MADRID (COMUNIDAD DE),1.1.-homicidios dolosos/asesinatos,90
2013,MADRID (COMUNIDAD DE),1.1.1.-homicidios dolosos/asesinatos consumados,37
2013,MADRID (COMUNIDAD DE),1.2.-lesiones,12860
2013,MADRID (COMUNIDAD DE),1.3.-malos tratos ambito familiar,10396
2013,MADRID (COMUNIDAD DE),1.4.-otros contra las personas,11803
2013,MADRID (COMUNIDAD DE),10. orden publico,5168
2013,MADRID (COMUNIDAD DE),11. legislacion especial,10
2013,MADRID (COMUNIDAD DE),12. otras infracciones penales,985
2013,MADRID (COMUNIDAD DE),2. contra la libertad,3797
2013,MADRID (COMUNIDAD DE),2.1.-malos tratos habituales en el ambito familiar,1114
2013,MADRID (COMUNIDAD DE),2.2.-otros contra la libertad,2683
2013,MADRID (COMUNIDAD DE),3. libertad sexual,1320
2013,MADRID (COMUNIDAD DE),3.1.-agresion sexual,710
2013,MADRID (COMUNIDAD DE),3.2.-agresion sexual con penetracion,267
2013,MADRID (COMUNIDAD DE),3.3.-corrupcion de menores o incapacitados,46
2013,MADRID (COMUNIDAD DE),3.4.-pornografia de menores,67
2013,MADRID (COMUNIDAD DE),3.5.-otros contra la libertad sexual,230
2013,MADRID (COMUNIDAD DE),4. relaciones familiares,1232
2013,MADRID (COMUNIDAD DE),5. patrimonio,317363
2013,MADRID (COMUNIDAD DE),5.1.-hurtos,151459
2013,MADRID (COMUNIDAD DE),5.2.-robos con fuerza en las cosas,59488
2013,MADRID (COMUNIDAD DE),5.2.1.-robos con fuerza en las cosas en el interior de vehiculos,29116
2013,MADRID (COMUNIDAD DE),5.2.2.-robos con fuerza en viviendas,15924
2013,MADRID (COMUNIDAD DE),5.2.3.-robos con fuerza en establecimientos,7347
2013,MADRID (COMUNIDAD DE),5.3.-robos con violencia o intimidacion,21921
2013,MADRID (COMUNIDAD DE),5.3.1.-robos con violencia en via publica,15807
2013,MADRID (COMUNIDAD DE),5.3.2.-robos con violencia en viviendas,2013
2013,MADRID (COMUNIDAD DE),5.3.3.-robos con violencia en establecimientos,1829
2013,MADRID (COMUNIDAD DE),5.4.-sustraccion de vehiculos,12333
2013,MADRID (COMUNIDAD DE),5.5.-estafas,21601
2013,MADRID (COMUNIDAD DE),5.5.1.-estafas informaticas,4625
2013,MADRID (COMUNIDAD DE),5.6.-danos,44149
2013,MADRID (COMUNIDAD DE),5.7.-contra la propiedad intelectual/industrial,709
2013,MADRID (COMUNIDAD DE),5.8.-blanqueo de capitales,34
2013,MADRID (COMUNIDAD DE),5.9.-otros contra el patrimonio,5669
2013,MADRID (COMUNIDAD DE),6. seguridad colectiva,7690
2013,MADRID (COMUNIDAD DE),6.1.-trafico de drogas,1737
2013,MADRID (COMUNIDAD DE),6.2.-contra la seguridad vial,5688
2013,MADRID (COMUNIDAD DE),6.3.-otros contra la seguridad colectiva,265
2013,MADRID (COMUNIDAD DE),7. falsedades,2823
2013,MADRID (COMUNIDAD DE),8. admon. publica,24
2013,MADRID (COMUNIDAD DE),9. admon. justicia,3553
2013,MADRID (COMUNIDAD DE),total infracciones penales,379114
2013,MURCIA (REGION DE),1. contra las personas,8457
2013,MURCIA (REGION DE),1.1.-homicidios dolosos/asesinatos,26
2013,MURCIA (REGION DE),1.1.1.-homicidios dolosos/asesinatos consumados,5
2013,MURCIA (REGION DE),1.2.-lesiones,3209
2013,MURCIA (REGION DE),1.3.-malos tratos ambito familiar,2319
2013,MURCIA (REGION DE),1.4.-otros contra las personas,2903
2013,MURCIA (REGION DE),10. orden publico,673
2013,MURCIA (REGION DE),11. legislacion especial,1
2013,MURCIA (REGION DE),12. otras infracciones penales,158
2013,MURCIA (REGION DE),2. contra la libertad,1128
2013,MURCIA (REGION DE),2.1.-malos tratos habituales en el ambito familiar,306
2013,MURCIA (REGION DE),2.2.-otros contra la libertad,822
2013,MURCIA (REGION DE),3. libertad sexual,288
2013,MURCIA (REGION DE),3.1.-agresion sexual,152
2013,MURCIA (REGION DE),3.2.-agresion sexual con penetracion,55
2013,MURCIA (REGION DE),3.3.-corrupcion de menores o incapacitados,4
2013,MURCIA (REGION DE),3.4.-pornografia de menores,10
2013,MURCIA (REGION DE),3.5.-otros contra la libertad sexual,67
2013,MURCIA (REGION DE),4. relaciones familiares,493
2013,MURCIA (REGION DE),5. patrimonio,40564
2013,MURCIA (REGION DE),5.1.-hurtos,17166
2013,MURCIA (REGION DE),5.2.-robos con fuerza en las cosas,12637
2013,MURCIA (REGION DE),5.2.1.-robos con fuerza en las cosas en el interior de vehiculos,2898
2013,MURCIA (REGION DE),5.2.2.-robos con fuerza en viviendas,5878
2013,MURCIA (REGION DE),5.2.3.-robos con fuerza en establecimientos,1372
2013,MURCIA (REGION DE),5.3.-robos con violencia o intimidacion,1690
2013,MURCIA (REGION DE),5.3.1.-robos con violencia en via publica,1073
2013,MURCIA (REGION DE),5.3.2.-robos con violencia en viviendas,150
2013,MURCIA (REGION DE),5.3.3.-robos con violencia en establecimientos,246
2013,MURCIA (REGION DE),5.4.-sustraccion de vehiculos,1422
2013,MURCIA (REGION DE),5.5.-estafas,2047
2013,MURCIA (REGION DE),5.5.1.-estafas informaticas,428
2013,MURCIA (REGION DE),5.6.-danos,4730
2013,MURCIA (REGION DE),5.7.-contra la propiedad intelectual/industrial,69
2013,MURCIA (REGION DE),5.8.-blanqueo de capitales,8
2013,MURCIA (REGION DE),5.9.-otros contra el patrimonio,795
2013,MURCIA (REGION DE),6. seguridad colectiva,1666
2013,MURCIA (REGION DE),6.1.-trafico de drogas,317
2013,MURCIA (REGION DE),6.2.-contra la seguridad vial,1301
2013,MURCIA (REGION DE),6.3.-otros contra la seguridad colectiva,48
2013,MURCIA (REGION DE),7. falsedades,405
2013,MURCIA (REGION DE),8. admon. publica,8
2013,MURCIA (REGION DE),9. admon. justicia,783
2013,MURCIA (REGION DE),total infracciones penales,54624
2013,NAVARRA (COMUNIDAD FORAL DE),1. contra las personas,3712
2013,NAVARRA (COMUNIDAD FORAL DE),1.1.-homicidios dolosos/asesinatos,15
2013,NAVARRA (COMUNIDAD FORAL DE),1.1.1.-homicidios dolosos/asesinatos consumados,4
2013,NAVARRA (COMUNIDAD FORAL DE),1.2.-lesiones,1321
2013,NAVARRA (COMUNIDAD FORAL DE),1.3.-malos tratos ambito familiar,660
2013,NAVARRA (COMUNIDAD FORAL DE),1.4.-otros contra las personas,1716
2013,NAVARRA (COMUNIDAD FORAL DE),10. orden publico,510
2013,NAVARRA (COMUNIDAD FORAL DE),11. legislacion especial,1
2013,NAVARRA (COMUNIDAD FORAL DE),12. otras infracciones penales,160
2013,NAVARRA (COMUNIDAD FORAL DE),2. contra la libertad,748
2013,NAVARRA (COMUNIDAD FORAL DE),2.1.-malos tratos habituales en el ambito familiar,118
2013,NAVARRA (COMUNIDAD FORAL DE),2.2.-otros contra la libertad,630
2013,NAVARRA (COMUNIDAD FORAL DE),3. libertad sexual,119
2013,NAVARRA (COMUNIDAD FORAL DE),3.1.-agresion sexual,76
2013,NAVARRA (COMUNIDAD FORAL DE),3.2.-agresion sexual con penetracion,14
2013,NAVARRA (COMUNIDAD FORAL DE),3.3.-corrupcion de menores o incapacitados,13
2013,NAVARRA (COMUNIDAD FORAL DE),3.4.-pornografia de menores,1
2013,NAVARRA (COMUNIDAD FORAL DE),3.5.-otros contra la libertad sexual,15
2013,NAVARRA (COMUNIDAD FORAL DE),4. relaciones familiares,119
2013,NAVARRA (COMUNIDAD FORAL DE),5. patrimonio,17447
2013,NAVARRA (COMUNIDAD FORAL DE),5.1.-hurtos,8231
2013,NAVARRA (COMUNIDAD FORAL DE),5.2.-robos con fuerza en las cosas,3310
2013,NAVARRA (COMUNIDAD FORAL DE),5.2.1.-robos con fuerza en las cosas en el interior de vehiculos,741
2013,NAVARRA (COMUNIDAD FORAL DE),5.2.2.-robos con fuerza en viviendas,1058
2013,NAVARRA (COMUNIDAD FORAL DE),5.2.3.-robos con fuerza en establecimientos,473
2013,NAVARRA (COMUNIDAD FORAL DE),5.3.-robos con violencia o intimidacion,354
2013,NAVARRA (COMUNIDAD FORAL DE),5.3.1.-robos con violencia en via publica,219
2013,NAVARRA (COMUNIDAD FORAL DE),5.3.2.-robos con violencia en viviendas,23
2013,NAVARRA (COMUNIDAD FORAL DE),5.3.3.-robos con violencia en establecimientos,60
2013,NAVARRA (COMUNIDAD FORAL DE),5.4.-sustraccion de vehiculos,268
2013,NAVARRA (COMUNIDAD FORAL DE),5.5.-estafas,1540
2013,NAVARRA (COMUNIDAD FORAL DE),5.5.1.-estafas informaticas,612
2013,NAVARRA (COMUNIDAD FORAL DE),5.6.-danos,3218
2013,NAVARRA (COMUNIDAD FORAL DE),5.7.-contra la propiedad intelectual/industrial,70
2013,NAVARRA (COMUNIDAD FORAL DE),5.8.-blanqueo de capitales,0
2013,NAVARRA (COMUNIDAD FORAL DE),5.9.-otros contra el patrimonio,456
2013,NAVARRA (COMUNIDAD FORAL DE),6. seguridad colectiva,647
2013,NAVARRA (COMUNIDAD FORAL DE),6.1.-trafico de drogas,137
2013,NAVARRA (COMUNIDAD FORAL DE),6.2.-contra la seguridad vial,489
2013,NAVARRA (COMUNIDAD FORAL DE),6.3.-otros contra la seguridad colectiva,21
2013,NAVARRA (COMUNIDAD FORAL DE),7. falsedades,227
2013,NAVARRA (COMUNIDAD FORAL DE),8. admon. publica,23
2013,NAVARRA (COMUNIDAD FORAL DE),9. admon. justicia,198
2013,NAVARRA (COMUNIDAD FORAL DE),total infracciones penales,23911
2013,PAIS VASCO,1. contra las personas,12268
2013,PAIS VASCO,1.1.-homicidios dolosos/asesinatos,41
2013,PAIS VASCO,1.1.1.-homicidios dolosos/asesinatos consumados,13
2013,PAIS VASCO,1.2.-lesiones,4643
2013,PAIS VASCO,1.3.-malos tratos ambito familiar,743
2013,PAIS VASCO,1.4.-otros contra las personas,6841
2013,PAIS VASCO,10. orden publico,1839
2013,PAIS VASCO,11. legislacion especial,5
2013,PAIS VASCO,12. otras infracciones penales,413
2013,PAIS VASCO,2. contra la libertad,4680
2013,PAIS VASCO,2.1.-malos tratos habituales en el ambito familiar,3251
2013,PAIS VASCO,2.2.-otros contra la libertad,1429
2013,PAIS VASCO,3. libertad sexual,397
2013,PAIS VASCO,3.1.-agresion sexual,258
2013,PAIS VASCO,3.2.-agresion sexual con penetracion,62
2013,PAIS VASCO,3.3.-corrupcion de menores o incapacitados,7
2013,PAIS VASCO,3.4.-pornografia de menores,19
2013,PAIS VASCO,3.5.-otros contra la libertad sexual,51
2013,PAIS VASCO,4. relaciones familiares,498
2013,PAIS VASCO,5. patrimonio,65419
2013,PAIS VASCO,5.1.-hurtos,28484
2013,PAIS VASCO,5.2.-robos con fuerza en las cosas,17789
2013,PAIS VASCO,5.2.1.-robos con fuerza en las cosas en el interior de vehiculos,41
2013,PAIS VASCO,5.2.2.-robos con fuerza en viviendas,5753
2013,PAIS VASCO,5.2.3.-robos con fuerza en establecimientos,2848
2013,PAIS VASCO,5.3.-robos con violencia o intimidacion,2733
2013,PAIS VASCO,5.3.1.-robos con violencia en via publica,1743
2013,PAIS VASCO,5.3.2.-robos con violencia en viviendas,314
2013,PAIS VASCO,5.3.3.-robos con violencia en establecimientos,364
2013,PAIS VASCO,5.4.-sustraccion de vehiculos,733
2013,PAIS VASCO,5.5.-estafas,6312
2013,PAIS VASCO,5.5.1.-estafas informaticas,195
2013,PAIS VASCO,5.6.-danos,7967
2013,PAIS VASCO,5.7.-contra la propiedad intelectual/industrial,15
2013,PAIS VASCO,5.8.-blanqueo de capitales,1
2013,PAIS VASCO,5.9.-otros contra el patrimonio,1385
2013,PAIS VASCO,6. seguridad colectiva,2787
2013,PAIS VASCO,6.1.-trafico de drogas,345
2013,PAIS VASCO,6.2.-contra la seguridad vial,2405
2013,PAIS VASCO,6.3.-otros contra la seguridad colectiva,37
2013,PAIS VASCO,7. falsedades,799
2013,PAIS VASCO,8. admon. publica,24
2013,PAIS VASCO,9. admon. justicia,1470
2013,PAIS VASCO,total infracciones penales,90599
2013,RIOJA (LA),1. contra las personas,1462
2013,RIOJA (LA),1.1.-homicidios dolosos/asesinatos,7
2013,RIOJA (LA),1.1.1.-homicidios dolosos/asesinatos consumados,0
2013,RIOJA (LA),1.2.-lesiones,632
2013,RIOJA (LA),1.3.-malos tratos ambito familiar,369
2013,RIOJA (LA),1.4.-otros contra las personas,454
2013,RIOJA (LA),10. orden publico,196
2013,RIOJA (LA),11. legislacion especial,0
2013,RIOJA (LA),12. otras infracciones penales,23
2013,RIOJA (LA),2. contra la libertad,165
2013,RIOJA (LA),2.1.-malos tratos habituales en el ambito familiar,38
2013,RIOJA (LA),2.2.-otros contra la libertad,127
2013,RIOJA (LA),3. libertad sexual,37
2013,RIOJA (LA),3.1.-agresion sexual,22
2013,RIOJA (LA),3.2.-agresion sexual con penetracion,6
2013,RIOJA (LA),3.3.-corrupcion de menores o incapacitados,4
2013,RIOJA (LA),3.4.-pornografia de menores,3
2013,RIOJA (LA),3.5.-otros contra la libertad sexual,2
2013,RIOJA (LA),4. relaciones familiares,32
2013,RIOJA (LA),5. patrimonio,7086
2013,RIOJA (LA),5.1.-hurtos,2943
2013,RIOJA (LA),5.2.-robos con fuerza en las cosas,2066
2013,RIOJA (LA),5.2.1.-robos con fuerza en las cosas en el interior de vehiculos,446
2013,RIOJA (LA),5.2.2.-robos con fuerza en viviendas,823
2013,RIOJA (LA),5.2.3.-robos con fuerza en establecimientos,262
2013,RIOJA (LA),5.3.-robos con violencia o intimidacion,211
2013,RIOJA (LA),5.3.1.-robos con violencia en via publica,137
2013,RIOJA (LA),5.3.2.-robos con violencia en viviendas,17
2013,RIOJA (LA),5.3.3.-robos con violencia en establecimientos,43
2013,RIOJA (LA),5.4.-sustraccion de vehiculos,134
2013,RIOJA (LA),5.5.-estafas,482
2013,RIOJA (LA),5.5.1.-estafas informaticas,122
2013,RIOJA (LA),5.6.-danos,1089
2013,RIOJA (LA),5.7.-contra la propiedad intelectual/industrial,3
2013,RIOJA (LA),5.8.-blanqueo de capitales,0
2013,RIOJA (LA),5.9.-otros contra el patrimonio,158
2013,RIOJA (LA),6. seguridad colectiva,396
2013,RIOJA (LA),6.1.-trafico de drogas,69
2013,RIOJA (LA),6.2.-contra la seguridad vial,317
2013,RIOJA (LA),6.3.-otros contra la seguridad colectiva,10
2013,RIOJA (LA),7. falsedades,52
2013,RIOJA (LA),8. admon. publica,0
2013,RIOJA (LA),9. admon. justicia,115
2013,RIOJA (LA),total infracciones penales,9564
2014,ANDALUCIA,1. contra las personas,59774
2014,ANDALUCIA,1.1.-homicidios dolosos/asesinatos,224
2014,ANDALUCIA,1.1.1.-homicidios dolosos/asesinatos consumados,69
2014,ANDALUCIA,1.2.-lesiones,20038
2014,ANDALUCIA,1.3.-malos tratos ambito familiar,13308
2014,ANDALUCIA,1.4.-otros contra las personas,26204
2014,ANDALUCIA,10. orden publico,5224
2014,ANDALUCIA,11. legislacion especial,56
2014,ANDALUCIA,12. otras infracciones penales,1613
2014,ANDALUCIA,2. contra la libertad,7364
2014,ANDALUCIA,2.1.-malos tratos habituales en el ambito familiar,2981
2014,ANDALUCIA,2.2.-otros contra la libertad,4383
2014,ANDALUCIA,3. libertad sexual,1653
2014,ANDALUCIA,3.1.-agresion sexual,918
2014,ANDALUCIA,3.2.-agresion sexual con penetracion,203
2014,ANDALUCIA,3.3.-corrupcion de menores o incapacitados,95
2014,ANDALUCIA,3.4.-pornografia de menores,85
2014,ANDALUCIA,3.5.-otros contra la libertad sexual,352
2014,ANDALUCIA,4. relaciones familiares,1633
2014,ANDALUCIA,5. patrimonio,249797
2014,ANDALUCIA,5.1.-hurtos,115850
2014,ANDALUCIA,5.2.-robos con fuerza en las cosas,58021
2014,ANDALUCIA,5.2.1.-robos con fuerza en las cosas en el interior de vehiculos,19519
2014,ANDALUCIA,5.2.2.-robos con fuerza en viviendas,19372
2014,ANDALUCIA,5.2.3.-robos con fuerza en establecimientos,7599
2014,ANDALUCIA,5.3.-robos con violencia o intimidacion,8291
2014,ANDALUCIA,5.3.1.-robos con violencia en via publica,5829
2014,ANDALUCIA,5.3.2.-robos con violencia en viviendas,560
2014,ANDALUCIA,5.3.3.-robos con violencia en establecimientos,1091
2014,ANDALUCIA,5.4.-sustraccion de vehiculos,8312
2014,ANDALUCIA,5.5.-estafas,16982
2014,ANDALUCIA,5.5.1.-estafas informaticas,5666
2014,ANDALUCIA,5.6.-danos,34646
2014,ANDALUCIA,5.7.-contra la propiedad intelectual/industrial,763
2014,ANDALUCIA,5.8.-blanqueo de capitales,88
2014,ANDALUCIA,5.9.-otros contra el patrimonio,6844
2014,ANDALUCIA,6. seguridad colectiva,15092
2014,ANDALUCIA,6.1.-trafico de drogas,3336
2014,ANDALUCIA,6.2.-contra la seguridad vial,11335
2014,ANDALUCIA,6.3.-otros contra la seguridad colectiva,421
2014,ANDALUCIA,7. falsedades,3150
2014,ANDALUCIA,8. admon. publica,215
2014,ANDALUCIA,9. admon. justicia,6650
2014,ANDALUCIA,total infracciones penales,352221
2014,ARAGON,1. contra las personas,5975
2014,ARAGON,1.1.-homicidios dolosos/asesinatos,18
2014,ARAGON,1.1.1.-homicidios dolosos/asesinatos consumados,5
2014,ARAGON,1.2.-lesiones,2219
2014,ARAGON,1.3.-malos tratos ambito familiar,1718
2014,ARAGON,1.4.-otros contra las personas,2020
2014,ARAGON,10. orden publico,636
2014,ARAGON,11. legislacion especial,4
2014,ARAGON,12. otras infracciones penales,122
2014,ARAGON,2. contra la libertad,909
2014,ARAGON,2.1.-malos tratos habituales en el ambito familiar,363
2014,ARAGON,2.2.-otros contra la libertad,546
2014,ARAGON,3. libertad sexual,227
2014,ARAGON,3.1.-agresion sexual,118
2014,ARAGON,3.2.-agresion sexual con penetracion,42
2014,ARAGON,3.3.-corrupcion de menores o incapacitados,17
2014,ARAGON,3.4.-pornografia de menores,16
2014,ARAGON,3.5.-otros contra la libertad sexual,34
2014,ARAGON,4. relaciones familiares,210
2014,ARAGON,5. patrimonio,30042
2014,ARAGON,5.1.-hurtos,12775
2014,ARAGON,5.2.-robos con fuerza en las cosas,5958
2014,ARAGON,5.2.1.-robos con fuerza en las cosas en el interior de vehiculos,1255
2014,ARAGON,5.2.2.-robos con fuerza en viviendas,1894
2014,ARAGON,5.2.3.-robos con fuerza en establecimientos,791
2014,ARAGON,5.3.-robos con violencia o intimidacion,915
2014,ARAGON,5.3.1.-robos con violencia en via publica,589
2014,ARAGON,5.3.2.-robos con violencia en viviendas,86
2014,ARAGON,5.3.3.-robos con violencia en establecimientos,147
2014,ARAGON,5.4.-sustraccion de vehiculos,406
2014,ARAGON,5.5.-estafas,3174
2014,ARAGON,5.5.1.-estafas informaticas,1426
2014,ARAGON,5.6.-danos,5754
2014,ARAGON,5.7.-contra la propiedad intelectual/industrial,62
2014,ARAGON,5.8.-blanqueo de capitales,4
2014,ARAGON,5.9.-otros contra el patrimonio,994
2014,ARAGON,6. seguridad colectiva,1212
2014,ARAGON,6.1.-trafico de drogas,313
2014,ARAGON,6.2.-contra la seguridad vial,768
2014,ARAGON,6.3.-otros contra la seguridad colectiva,131
2014,ARAGON,7. falsedades,306
2014,ARAGON,8. admon. publica,9
2014,ARAGON,9. admon. justicia,808
2014,ARAGON,total infracciones penales,40460
2014,ASTURIAS (PRINCIPADO DE),1. contra las personas,5429
2014,ASTURIAS (PRINCIPADO DE),1.1.-homicidios dolosos/asesinatos,27
2014,ASTURIAS (PRINCIPADO DE),1.1.1.-homicidios dolosos/asesinatos consumados,7
2014,ASTURIAS (PRINCIPADO DE),1.2.-lesiones,1951
2014,ASTURIAS (PRINCIPADO DE),1.3.-malos tratos ambito familiar,1213
2014,ASTURIAS (PRINCIPADO DE),1.4.-otros contra las personas,2238
2014,ASTURIAS (PRINCIPADO DE),10. orden publico,626
2014,ASTURIAS (PRINCIPADO DE),11. legislacion especial,2
2014,ASTURIAS (PRINCIPADO DE),12. otras infracciones penales,80
2014,ASTURIAS (PRINCIPADO DE),2. contra la libertad,494
2014,ASTURIAS (PRINCIPADO DE),2.1.-malos tratos habituales en el ambito familiar,113
2014,ASTURIAS (PRINCIPADO DE),2.2.-otros contra la libertad,381
2014,ASTURIAS (PRINCIPADO DE),3. libertad sexual,125
2014,ASTURIAS (PRINCIPADO DE),3.1.-agresion sexual,73
2014,ASTURIAS (PRINCIPADO DE),3.2.-agresion sexual con penetracion,19
2014,ASTURIAS (PRINCIPADO DE),3.3.-corrupcion de menores o incapacitados,8
2014,ASTURIAS (PRINCIPADO DE),3.4.-pornografia de menores,7
2014,ASTURIAS (PRINCIPADO DE),3.5.-otros contra la libertad sexual,18
2014,ASTURIAS (PRINCIPADO DE),4. relaciones familiares,137
2014,ASTURIAS (PRINCIPADO DE),5. patrimonio,19530
2014,ASTURIAS (PRINCIPADO DE),5.1.-hurtos,8715
2014,ASTURIAS (PRINCIPADO DE),5.2.-robos con fuerza en las cosas,3222
2014,ASTURIAS (PRINCIPADO DE),5.2.1.-robos con fuerza en las cosas en el interior de vehiculos,568
2014,ASTURIAS (PRINCIPADO DE),5.2.2.-robos con fuerza en viviendas,931
2014,ASTURIAS (PRINCIPADO DE),5.2.3.-robos con fuerza en establecimientos,944
2014,ASTURIAS (PRINCIPADO DE),5.3.-robos con violencia o intimidacion,683
2014,ASTURIAS (PRINCIPADO DE),5.3.1.-robos con violencia en via publica,408
2014,ASTURIAS (PRINCIPADO DE),5.3.2.-robos con violencia en viviendas,85
2014,ASTURIAS (PRINCIPADO DE),5.3.3.-robos con violencia en establecimientos,116
2014,ASTURIAS (PRINCIPADO DE),5.4.-sustraccion de vehiculos,484
2014,ASTURIAS (PRINCIPADO DE),5.5.-estafas,2033
2014,ASTURIAS (PRINCIPADO DE),5.5.1.-estafas informaticas,690
2014,ASTURIAS (PRINCIPADO DE),5.6.-danos,3265
2014,ASTURIAS (PRINCIPADO DE),5.7.-contra la propiedad intelectual/industrial,26
2014,ASTURIAS (PRINCIPADO DE),5.8.-blanqueo de capitales,1
2014,ASTURIAS (PRINCIPADO DE),5.9.-otros contra el patrimonio,1101
2014,ASTURIAS (PRINCIPADO DE),6. seguridad colectiva,1320
2014,ASTURIAS (PRINCIPADO DE),6.1.-trafico de drogas,167
2014,ASTURIAS (PRINCIPADO DE),6.2.-contra la seguridad vial,1105
2014,ASTURIAS (PRINCIPADO DE),6.3.-otros contra la seguridad colectiva,48
2014,ASTURIAS (PRINCIPADO DE),7. falsedades,185
2014,ASTURIAS (PRINCIPADO DE),8. admon. publica,0
2014,ASTURIAS (PRINCIPADO DE),9. admon. justicia,502
2014,ASTURIAS (PRINCIPADO DE),total infracciones penales,28430
2014,BALEARS (ILLES),1. contra las personas,9299
2014,BALEARS (ILLES),1.1.-homicidios dolosos/asesinatos,33
2014,BALEARS (ILLES),1.1.1.-homicidios dolosos/asesinatos consumados,12
2014,BALEARS (ILLES),1.2.-lesiones,3325
2014,BALEARS (ILLES),1.3.-malos tratos ambito familiar,2502
2014,BALEARS (ILLES),1.4.-otros contra las personas,3439
2014,BALEARS (ILLES),10. orden publico,947
2014,BALEARS (ILLES),11. legislacion especial,3
2014,BALEARS (ILLES),12. otras infracciones penales,237
2014,BALEARS (ILLES),2. contra la libertad,1350
2014,BALEARS (ILLES),2.1.-malos tratos habituales en el ambito familiar,428
2014,BALEARS (ILLES),2.2.-otros contra la libertad,922
2014,BALEARS (ILLES),3. libertad sexual,394
2014,BALEARS (ILLES),3.1.-agresion sexual,219
2014,BALEARS (ILLES),3.2.-agresion sexual con penetracion,77
2014,BALEARS (ILLES),3.3.-corrupcion de menores o incapacitados,19
2014,BALEARS (ILLES),3.4.-pornografia de menores,23
2014,BALEARS (ILLES),3.5.-otros contra la libertad sexual,56
2014,BALEARS (ILLES),4. relaciones familiares,255
2014,BALEARS (ILLES),5. patrimonio,52211
2014,BALEARS (ILLES),5.1.-hurtos,29784
2014,BALEARS (ILLES),5.2.-robos con fuerza en las cosas,9219
2014,BALEARS (ILLES),5.2.1.-robos con fuerza en las cosas en el interior de vehiculos,2878
2014,BALEARS (ILLES),5.2.2.-robos con fuerza en viviendas,3608
2014,BALEARS (ILLES),5.2.3.-robos con fuerza en establecimientos,1027
2014,BALEARS (ILLES),5.3.-robos con violencia o intimidacion,1217
2014,BALEARS (ILLES),5.3.1.-robos con violencia en via publica,769
2014,BALEARS (ILLES),5.3.2.-robos con violencia en viviendas,89
2014,BALEARS (ILLES),5.3.3.-robos con violencia en establecimientos,150
2014,BALEARS (ILLES),5.4.-sustraccion de vehiculos,1445
2014,BALEARS (ILLES),5.5.-estafas,3651
2014,BALEARS (ILLES),5.5.1.-estafas informaticas,1304
2014,BALEARS (ILLES),5.6.-danos,4949
2014,BALEARS (ILLES),5.7.-contra la propiedad intelectual/industrial,140
2014,BALEARS (ILLES),5.8.-blanqueo de capitales,6
2014,BALEARS (ILLES),5.9.-otros contra el patrimonio,1800
2014,BALEARS (ILLES),6. seguridad colectiva,2810
2014,BALEARS (ILLES),6.1.-trafico de drogas,560
2014,BALEARS (ILLES),6.2.-contra la seguridad vial,2154
2014,BALEARS (ILLES),6.3.-otros contra la seguridad colectiva,96
2014,BALEARS (ILLES),7. falsedades,380
2014,BALEARS (ILLES),8. admon. publica,15
2014,BALEARS (ILLES),9. admon. justicia,846
2014,BALEARS (ILLES),total infracciones penales,68747
2014,CANARIAS,1. contra las personas,19560
2014,CANARIAS,1.1.-homicidios dolosos/asesinatos,55
2014,CANARIAS,1.1.1.-homicidios dolosos/asesinatos consumados,12
2014,CANARIAS,1.2.-lesiones,6075
2014,CANARIAS,1.3.-malos tratos ambito familiar,3927
2014,CANARIAS,1.4.-otros contra las personas,9503
2014,CANARIAS,10. orden publico,1309
2014,CANARIAS,11. legislacion especial,3
2014,CANARIAS,12. otras infracciones penales,300
2014,CANARIAS,2. contra la libertad,2014
2014,CANARIAS,2.1.-malos tratos habituales en el ambito familiar,681
2014,CANARIAS,2.2.-otros contra la libertad,1333
2014,CANARIAS,3. libertad sexual,446
2014,CANARIAS,3.1.-agresion sexual,282
2014,CANARIAS,3.2.-agresion sexual con penetracion,63
2014,CANARIAS,3.3.-corrupcion de menores o incapacitados,15
2014,CANARIAS,3.4.-pornografia de menores,34
2014,CANARIAS,3.5.-otros contra la libertad sexual,52
2014,CANARIAS,4. relaciones familiares,1153
2014,CANARIAS,5. patrimonio,59759
2014,CANARIAS,5.1.-hurtos,30658
2014,CANARIAS,5.2.-robos con fuerza en las cosas,12614
2014,CANARIAS,5.2.1.-robos con fuerza en las cosas en el interior de vehiculos,4614
2014,CANARIAS,5.2.2.-robos con fuerza en viviendas,3609
2014,CANARIAS,5.2.3.-robos con fuerza en establecimientos,1743
2014,CANARIAS,5.3.-robos con violencia o intimidacion,1628
2014,CANARIAS,5.3.1.-robos con violencia en via publica,1061
2014,CANARIAS,5.3.2.-robos con violencia en viviendas,108
2014,CANARIAS,5.3.3.-robos con violencia en establecimientos,243
2014,CANARIAS,5.4.-sustraccion de vehiculos,1822
2014,CANARIAS,5.5.-estafas,4198
2014,CANARIAS,5.5.1.-estafas informaticas,1371
2014,CANARIAS,5.6.-danos,7170
2014,CANARIAS,5.7.-contra la propiedad intelectual/industrial,68
2014,CANARIAS,5.8.-blanqueo de capitales,5
2014,CANARIAS,5.9.-otros contra el patrimonio,1596
2014,CANARIAS,6. seguridad colectiva,3681
2014,CANARIAS,6.1.-trafico de drogas,557
2014,CANARIAS,6.2.-contra la seguridad vial,3022
2014,CANARIAS,6.3.-otros contra la seguridad colectiva,102
2014,CANARIAS,7. falsedades,552
2014,CANARIAS,8. admon. publica,17
2014,CANARIAS,9. admon. justicia,1339
2014,CANARIAS,total infracciones penales,90133
2014,CANTABRIA,1. contra las personas,3312
2014,CANTABRIA,1.1.-homicidios dolosos/asesinatos,4
2014,CANTABRIA,1.1.1.-homicidios dolosos/asesinatos consumados,3
2014,CANTABRIA,1.2.-lesiones,1304
2014,CANTABRIA,1.3.-malos tratos ambito familiar,548
2014,CANTABRIA,1.4.-otros contra las personas,1456
2014,CANTABRIA,10. orden publico,377
2014,CANTABRIA,11. legislacion especial,0
2014,CANTABRIA,12. otras infracciones penales,46
2014,CANTABRIA,2. contra la libertad,356
2014,CANTABRIA,2.1.-malos tratos habituales en el ambito familiar,133
2014,CANTABRIA,2.2.-otros contra la libertad,223
2014,CANTABRIA,3. libertad sexual,74
2014,CANTABRIA,3.1.-agresion sexual,47
2014,CANTABRIA,3.2.-agresion sexual con penetracion,8
2014,CANTABRIA,3.3.-corrupcion de menores o incapacitados,4
2014,CANTABRIA,3.4.-pornografia de menores,8
2014,CANTABRIA,3.5.-otros contra la libertad sexual,7
2014,CANTABRIA,4. relaciones familiares,64
2014,CANTABRIA,5. patrimonio,11701
2014,CANTABRIA,5.1.-hurtos,5436
2014,CANTABRIA,5.2.-robos con fuerza en las cosas,2550
2014,CANTABRIA,5.2.1.-robos con fuerza en las cosas en el interior de vehiculos,615
2014,CANTABRIA,5.2.2.-robos con fuerza en viviendas,860
2014,CANTABRIA,5.2.3.-robos con fuerza en establecimientos,532
2014,CANTABRIA,5.3.-robos con violencia o intimidacion,296
2014,CANTABRIA,5.3.1.-robos con violencia en via publica,166
2014,CANTABRIA,5.3.2.-robos con violencia en viviendas,27
2014,CANTABRIA,5.3.3.-robos con violencia en establecimientos,58
2014,CANTABRIA,5.4.-sustraccion de vehiculos,245
2014,CANTABRIA,5.5.-estafas,1046
2014,CANTABRIA,5.5.1.-estafas informaticas,589
2014,CANTABRIA,5.6.-danos,1672
2014,CANTABRIA,5.7.-contra la propiedad intelectual/industrial,28
2014,CANTABRIA,5.8.-blanqueo de capitales,0
2014,CANTABRIA,5.9.-otros contra el patrimonio,428
2014,CANTABRIA,6. seguridad colectiva,880
2014,CANTABRIA,6.1.-trafico de drogas,110
2014,CANTABRIA,6.2.-contra la seguridad vial,740
2014,CANTABRIA,6.3.-otros contra la seguridad colectiva,30
2014,CANTABRIA,7. falsedades,99
2014,CANTABRIA,8. admon. publica,1
2014,CANTABRIA,9. admon. justicia,277
2014,CANTABRIA,total infracciones penales,17187
2014,CASTILLA - LA MANCHA,1. contra las personas,11389
2014,CASTILLA - LA MANCHA,1.1.-homicidios dolosos/asesinatos,47
2014,CASTILLA - LA MANCHA,1.1.1.-homicidios dolosos/asesinatos consumados,16
2014,CASTILLA - LA MANCHA,1.2.-lesiones,4036
2014,CASTILLA - LA MANCHA,1.3.-malos tratos ambito familiar,2431
2014,CASTILLA - LA MANCHA,1.4.-otros contra las personas,4875
2014,CASTILLA - LA MANCHA,10. orden publico,961
2014,CASTILLA - LA MANCHA,11. legislacion especial,2
2014,CASTILLA - LA MANCHA,12. otras infracciones penales,315
2014,CASTILLA - LA MANCHA,2. contra la libertad,1303
2014,CASTILLA - LA MANCHA,2.1.-malos tratos habituales en el ambito familiar,539
2014,CASTILLA - LA MANCHA,2.2.-otros contra la libertad,764
2014,CASTILLA - LA MANCHA,3. libertad sexual,285
2014,CASTILLA - LA MANCHA,3.1.-agresion sexual,172
2014,CASTILLA - LA MANCHA,3.2.-agresion sexual con penetracion,35
2014,CASTILLA - LA MANCHA,3.3.-corrupcion de menores o incapacitados,14
2014,CASTILLA - LA MANCHA,3.4.-pornografia de menores,18
2014,CASTILLA - LA MANCHA,3.5.-otros contra la libertad sexual,46
2014,CASTILLA - LA MANCHA,4. relaciones familiares,382
2014,CASTILLA - LA MANCHA,5. patrimonio,50648
2014,CASTILLA - LA MANCHA,5.1.-hurtos,17463
2014,CASTILLA - LA MANCHA,5.2.-robos con fuerza en las cosas,16892
2014,CASTILLA - LA MANCHA,5.2.1.-robos con fuerza en las cosas en el interior de vehiculos,2767
2014,CASTILLA - LA MANCHA,5.2.2.-robos con fuerza en viviendas,6627
2014,CASTILLA - LA MANCHA,5.2.3.-robos con fuerza en establecimientos,2073
2014,CASTILLA - LA MANCHA,5.3.-robos con violencia o intimidacion,1091
2014,CASTILLA - LA MANCHA,5.3.1.-robos con violencia en via publica,690
2014,CASTILLA - LA MANCHA,5.3.2.-robos con violencia en viviendas,95
2014,CASTILLA - LA MANCHA,5.3.3.-robos con violencia en establecimientos,159
2014,CASTILLA - LA MANCHA,5.4.-sustraccion de vehiculos,1197
2014,CASTILLA - LA MANCHA,5.5.-estafas,3957
2014,CASTILLA - LA MANCHA,5.5.1.-estafas informaticas,1509
2014,CASTILLA - LA MANCHA,5.6.-danos,8177
2014,CASTILLA - LA MANCHA,5.7.-contra la propiedad intelectual/industrial,37
2014,CASTILLA - LA MANCHA,5.8.-blanqueo de capitales,4
2014,CASTILLA - LA MANCHA,5.9.-otros contra el patrimonio,1830
2014,CASTILLA - LA MANCHA,6. seguridad colectiva,2975
2014,CASTILLA - LA MANCHA,6.1.-trafico de drogas,438
2014,CASTILLA - LA MANCHA,6.2.-contra la seguridad vial,2447
2014,CASTILLA - LA MANCHA,6.3.-otros contra la seguridad colectiva,90
2014,CASTILLA - LA MANCHA,7. falsedades,804
2014,CASTILLA - LA MANCHA,8. admon. publica,15
2014,CASTILLA - LA MANCHA,9. admon. justicia,1119
2014,CASTILLA - LA MANCHA,total infracciones penales,70198
2014,CASTILLA Y LEON,1. contra las personas,13110
2014,CASTILLA Y LEON,1.1.-homicidios dolosos/asesinatos,44
2014,CASTILLA Y LEON,1.1.1.-homicidios dolosos/asesinatos consumados,14
2014,CASTILLA Y LEON,1.2.-lesiones,4708
2014,CASTILLA Y LEON,1.3.-malos tratos ambito familiar,2257
2014,CASTILLA Y LEON,1.4.-otros contra las personas,6101
2014,CASTILLA Y LEON,10. orden publico,1228
2014,CASTILLA Y LEON,11. legislacion especial,3
2014,CASTILLA Y LEON,12. otras infracciones penales,298
2014,CASTILLA Y LEON,2. contra la libertad,1242
2014,CASTILLA Y LEON,2.1.-malos tratos habituales en el ambito familiar,500
2014,CASTILLA Y LEON,2.2.-otros contra la libertad,742
2014,CASTILLA Y LEON,3. libertad sexual,281
2014,CASTILLA Y LEON,3.1.-agresion sexual,143
2014,CASTILLA Y LEON,3.2.-agresion sexual con penetracion,33
2014,CASTILLA Y LEON,3.3.-corrupcion de menores o incapacitados,18
2014,CASTILLA Y LEON,3.4.-pornografia de menores,20
2014,CASTILLA Y LEON,3.5.-otros contra la libertad sexual,67
2014,CASTILLA Y LEON,4. relaciones familiares,270
2014,CASTILLA Y LEON,5. patrimonio,55997
2014,CASTILLA Y LEON,5.1.-hurtos,25336
2014,CASTILLA Y LEON,5.2.-robos con fuerza en las cosas,11363
2014,CASTILLA Y LEON,5.2.1.-robos con fuerza en las cosas en el interior de vehiculos,1954
2014,CASTILLA Y LEON,5.2.2.-robos con fuerza en viviendas,3847
2014,CASTILLA Y LEON,5.2.3.-robos con fuerza en establecimientos,2217
2014,CASTILLA Y LEON,5.3.-robos con violencia o intimidacion,948
2014,CASTILLA Y LEON,5.3.1.-robos con violencia en via publica,568
2014,CASTILLA Y LEON,5.3.2.-robos con violencia en viviendas,111
2014,CASTILLA Y LEON,5.3.3.-robos con violencia en establecimientos,153
2014,CASTILLA Y LEON,5.4.-sustraccion de vehiculos,757
2014,CASTILLA Y LEON,5.5.-estafas,5092
2014,CASTILLA Y LEON,5.5.1.-estafas informaticas,1874
2014,CASTILLA Y LEON,5.6.-danos,10879
2014,CASTILLA Y LEON,5.7.-contra la propiedad intelectual/industrial,101
2014,CASTILLA Y LEON,5.8.-blanqueo de capitales,3
2014,CASTILLA Y LEON,5.9.-otros contra el patrimonio,1518
2014,CASTILLA Y LEON,6. seguridad colectiva,3050
2014,CASTILLA Y LEON,6.1.-trafico de drogas,380
2014,CASTILLA Y LEON,6.2.-contra la seguridad vial,2589
2014,CASTILLA Y LEON,6.3.-otros contra la seguridad colectiva,81
2014,CASTILLA Y LEON,7. falsedades,521
2014,CASTILLA Y LEON,8. admon. publica,9
2014,CASTILLA Y LEON,9. admon. justicia,1004
2014,CASTILLA Y LEON,total infracciones penales,77013
2014,CATALUNA,1. contra las personas,36313
2014,CATALUNA,1.1.-homicidios dolosos/asesinatos,197
2014,CATALUNA,1.1.1.-homicidios dolosos/asesinatos consumados,57
2014,CATALUNA,1.2.-lesiones,13505
2014,CATALUNA,1.3.-malos tratos ambito familiar,6230
2014,CATALUNA,1.4.-otros contra las personas,16381
2014,CATALUNA,10. orden publico,3908
2014,CATALUNA,11. legislacion especial,78
2014,CATALUNA,12. otras infracciones penales,1543
2014,CATALUNA,2. contra la libertad,10222
2014,CATALUNA,2.1.-malos tratos habituales en el ambito familiar,2574
2014,CATALUNA,2.2.-otros contra la libertad,7648
2014,CATALUNA,3. libertad sexual,1877
2014,CATALUNA,3.1.-agresion sexual,904
2014,CATALUNA,3.2.-agresion sexual con penetracion,457
2014,CATALUNA,3.3.-corrupcion de menores o incapacitados,8
2014,CATALUNA,3.4.-pornografia de menores,182
2014,CATALUNA,3.5.-otros contra la libertad sexual,326
2014,CATALUNA,4. relaciones familiares,2294
2014,CATALUNA,5. patrimonio,351985
2014,CATALUNA,5.1.-hurtos,164413
2014,CATALUNA,5.2.-robos con fuerza en las cosas,71452
2014,CATALUNA,5.2.1.-robos con fuerza en las cosas en el interior de vehiculos,25644
2014,CATALUNA,5.2.2.-robos con fuerza en viviendas,22825
2014,CATALUNA,5.2.3.-robos con fuerza en establecimientos,11
2014,CATALUNA,5.3.-robos con violencia o intimidacion,24213
2014,CATALUNA,5.3.1.-robos con violencia en via publica,57
2014,CATALUNA,5.3.2.-robos con violencia en viviendas,642
2014,CATALUNA,5.3.3.-robos con violencia en establecimientos,4
2014,CATALUNA,5.4.-sustraccion de vehiculos,9102
2014,CATALUNA,5.5.-estafas,29703
2014,CATALUNA,5.5.1.-estafas informaticas,593
2014,CATALUNA,5.6.-danos,37739
2014,CATALUNA,5.7.-contra la propiedad intelectual/industrial,421
2014,CATALUNA,5.8.-blanqueo de capitales,34
2014,CATALUNA,5.9.-otros contra el patrimonio,14908
2014,CATALUNA,6. seguridad colectiva,7804
2014,CATALUNA,6.1.-trafico de drogas,2051
2014,CATALUNA,6.2.-contra la seguridad vial,5607
2014,CATALUNA,6.3.-otros contra la seguridad colectiva,146
2014,CATALUNA,7. falsedades,3368
2014,CATALUNA,8. admon. publica,67
2014,CATALUNA,9. admon. justicia,3405
2014,CATALUNA,total infracciones penales,422864
2014,CIUDAD AUTONOMA DE CEUTA,1. contra las personas,736
2014,CIUDAD AUTONOMA DE CEUTA,1.1.-homicidios dolosos/asesinatos,15
2014,CIUDAD AUTONOMA DE CEUTA,1.1.1.-homicidios dolosos/asesinatos consumados,6
2014,CIUDAD AUTONOMA DE CEUTA,1.2.-lesiones,362
2014,CIUDAD AUTONOMA DE CEUTA,1.3.-malos tratos ambito familiar,153
2014,CIUDAD AUTONOMA DE CEUTA,1.4.-otros contra las personas,206
2014,CIUDAD AUTONOMA DE CEUTA,10. orden publico,168
2014,CIUDAD AUTONOMA DE CEUTA,11. legislacion especial,0
2014,CIUDAD AUTONOMA DE CEUTA,12. otras infracciones penales,103
2014,CIUDAD AUTONOMA DE CEUTA,2. contra la libertad,109
2014,CIUDAD AUTONOMA DE CEUTA,2.1.-malos tratos habituales en el ambito familiar,51
2014,CIUDAD AUTONOMA DE CEUTA,2.2.-otros contra la libertad,58
2014,CIUDAD AUTONOMA DE CEUTA,3. libertad sexual,10
2014,CIUDAD AUTONOMA DE CEUTA,3.1.-agresion sexual,6
2014,CIUDAD AUTONOMA DE CEUTA,3.2.-agresion sexual con penetracion,0
2014,CIUDAD AUTONOMA DE CEUTA,3.3.-corrupcion de menores o incapacitados,0
2014,CIUDAD AUTONOMA DE CEUTA,3.4.-pornografia de menores,1
2014,CIUDAD AUTONOMA DE CEUTA,3.5.-otros contra la libertad sexual,3
2014,CIUDAD AUTONOMA DE CEUTA,4. relaciones familiares,57
2014,CIUDAD AUTONOMA DE CEUTA,5. patrimonio,2767
2014,CIUDAD AUTONOMA DE CEUTA,5.1.-hurtos,1193
2014,CIUDAD AUTONOMA DE CEUTA,5.2.-robos con fuerza en las cosas,455
2014,CIUDAD AUTONOMA DE CEUTA,5.2.1.-robos con fuerza en las cosas en el interior de vehiculos,315
2014,CIUDAD AUTONOMA DE CEUTA,5.2.2.-robos con fuerza en viviendas,77
2014,CIUDAD AUTONOMA DE CEUTA,5.2.3.-robos con fuerza en establecimientos,30
2014,CIUDAD AUTONOMA DE CEUTA,5.3.-robos con violencia o intimidacion,189
2014,CIUDAD AUTONOMA DE CEUTA,5.3.1.-robos con violencia en via publica,156
2014,CIUDAD AUTONOMA DE CEUTA,5.3.2.-robos con violencia en viviendas,13
2014,CIUDAD AUTONOMA DE CEUTA,5.3.3.-robos con violencia en establecimientos,8
2014,CIUDAD AUTONOMA DE CEUTA,5.4.-sustraccion de vehiculos,319
2014,CIUDAD AUTONOMA DE CEUTA,5.5.-estafas,156
2014,CIUDAD AUTONOMA DE CEUTA,5.5.1.-estafas informaticas,64
2014,CIUDAD AUTONOMA DE CEUTA,5.6.-danos,411
2014,CIUDAD AUTONOMA DE CEUTA,5.7.-contra la propiedad intelectual/industrial,6
2014,CIUDAD AUTONOMA DE CEUTA,5.8.-blanqueo de capitales,1
2014,CIUDAD AUTONOMA DE CEUTA,5.9.-otros contra el patrimonio,37
2014,CIUDAD AUTONOMA DE CEUTA,6. seguridad colectiva,829
2014,CIUDAD AUTONOMA DE CEUTA,6.1.-trafico de drogas,567
2014,CIUDAD AUTONOMA DE CEUTA,6.2.-contra la seguridad vial,256
2014,CIUDAD AUTONOMA DE CEUTA,6.3.-otros contra la seguridad colectiva,6
2014,CIUDAD AUTONOMA DE CEUTA,7. falsedades,399
2014,CIUDAD AUTONOMA DE CEUTA,8. admon. publica,5
2014,CIUDAD AUTONOMA DE CEUTA,9. admon. justicia,119
2014,CIUDAD AUTONOMA DE CEUTA,total infracciones penales,5302
2014,CIUDAD AUTONOMA DE MELILLA,1. contra las personas,1057
2014,CIUDAD AUTONOMA DE MELILLA,1.1.-homicidios dolosos/asesinatos,4
2014,CIUDAD AUTONOMA DE MELILLA,1.1.1.-homicidios dolosos/asesinatos consumados,3
2014,CIUDAD AUTONOMA DE MELILLA,1.2.-lesiones,523
2014,CIUDAD AUTONOMA DE MELILLA,1.3.-malos tratos ambito familiar,302
2014,CIUDAD AUTONOMA DE MELILLA,1.4.-otros contra las personas,228
2014,CIUDAD AUTONOMA DE MELILLA,10. orden publico,200
2014,CIUDAD AUTONOMA DE MELILLA,11. legislacion especial,4
2014,CIUDAD AUTONOMA DE MELILLA,12. otras infracciones penales,124
2014,CIUDAD AUTONOMA DE MELILLA,2. contra la libertad,82
2014,CIUDAD AUTONOMA DE MELILLA,2.1.-malos tratos habituales en el ambito familiar,11
2014,CIUDAD AUTONOMA DE MELILLA,2.2.-otros contra la libertad,71
2014,CIUDAD AUTONOMA DE MELILLA,3. libertad sexual,31
2014,CIUDAD AUTONOMA DE MELILLA,3.1.-agresion sexual,21
2014,CIUDAD AUTONOMA DE MELILLA,3.2.-agresion sexual con penetracion,4
2014,CIUDAD AUTONOMA DE MELILLA,3.3.-corrupcion de menores o incapacitados,0
2014,CIUDAD AUTONOMA DE MELILLA,3.4.-pornografia de menores,0
2014,CIUDAD AUTONOMA DE MELILLA,3.5.-otros contra la libertad sexual,6
2014,CIUDAD AUTONOMA DE MELILLA,4. relaciones familiares,34
2014,CIUDAD AUTONOMA DE MELILLA,5. patrimonio,2627
2014,CIUDAD AUTONOMA DE MELILLA,5.1.-hurtos,1116
2014,CIUDAD AUTONOMA DE MELILLA,5.2.-robos con fuerza en las cosas,566
2014,CIUDAD AUTONOMA DE MELILLA,5.2.1.-robos con fuerza en las cosas en el interior de vehiculos,342
2014,CIUDAD AUTONOMA DE MELILLA,5.2.2.-robos con fuerza en viviendas,87
2014,CIUDAD AUTONOMA DE MELILLA,5.2.3.-robos con fuerza en establecimientos,49
2014,CIUDAD AUTONOMA DE MELILLA,5.3.-robos con violencia o intimidacion,265
2014,CIUDAD AUTONOMA DE MELILLA,5.3.1.-robos con violencia en via publica,233
2014,CIUDAD AUTONOMA DE MELILLA,5.3.2.-robos con violencia en viviendas,6
2014,CIUDAD AUTONOMA DE MELILLA,5.3.3.-robos con violencia en establecimientos,4
2014,CIUDAD AUTONOMA DE MELILLA,5.4.-sustraccion de vehiculos,179
2014,CIUDAD AUTONOMA DE MELILLA,5.5.-estafas,127
2014,CIUDAD AUTONOMA DE MELILLA,5.5.1.-estafas informaticas,37
2014,CIUDAD AUTONOMA DE MELILLA,5.6.-danos,321
2014,CIUDAD AUTONOMA DE MELILLA,5.7.-contra la propiedad intelectual/industrial,7
2014,CIUDAD AUTONOMA DE MELILLA,5.8.-blanqueo de capitales,1
2014,CIUDAD AUTONOMA DE MELILLA,5.9.-otros contra el patrimonio,45
2014,CIUDAD AUTONOMA DE MELILLA,6. seguridad colectiva,302
2014,CIUDAD AUTONOMA DE MELILLA,6.1.-trafico de drogas,158
2014,CIUDAD AUTONOMA DE MELILLA,6.2.-contra la seguridad vial,134
2014,CIUDAD AUTONOMA DE MELILLA,6.3.-otros contra la seguridad colectiva,10
2014,CIUDAD AUTONOMA DE MELILLA,7. falsedades,77
2014,CIUDAD AUTONOMA DE MELILLA,8. admon. publica,3
2014,CIUDAD AUTONOMA DE MELILLA,9. admon. justicia,77
2014,CIUDAD AUTONOMA DE MELILLA,total infracciones penales,4618
2014,COMUNITAT VALENCIANA,1. contra las personas,33506
2014,COMUNITAT VALENCIANA,1.1.-homicidios dolosos/asesinatos,100
2014,COMUNITAT VALENCIANA,1.1.1.-homicidios dolosos/asesinatos consumados,32
2014,COMUNITAT VALENCIANA,1.2.-lesiones,11396
2014,COMUNITAT VALENCIANA,1.3.-malos tratos ambito familiar,8763
2014,COMUNITAT VALENCIANA,1.4.-otros contra las personas,13247
2014,COMUNITAT VALENCIANA,10. orden publico,4201
2014,COMUNITAT VALENCIANA,11. legislacion especial,6
2014,COMUNITAT VALENCIANA,12. otras infracciones penales,779
2014,COMUNITAT VALENCIANA,2. contra la libertad,4413
2014,COMUNITAT VALENCIANA,2.1.-malos tratos habituales en el ambito familiar,1721
2014,COMUNITAT VALENCIANA,2.2.-otros contra la libertad,2692
2014,COMUNITAT VALENCIANA,3. libertad sexual,1143
2014,COMUNITAT VALENCIANA,3.1.-agresion sexual,625
2014,COMUNITAT VALENCIANA,3.2.-agresion sexual con penetracion,154
2014,COMUNITAT VALENCIANA,3.3.-corrupcion de menores o incapacitados,63
2014,COMUNITAT VALENCIANA,3.4.-pornografia de menores,71
2014,COMUNITAT VALENCIANA,3.5.-otros contra la libertad sexual,230
2014,COMUNITAT VALENCIANA,4. relaciones familiares,1056
2014,COMUNITAT VALENCIANA,5. patrimonio,187271
2014,COMUNITAT VALENCIANA,5.1.-hurtos,80030
2014,COMUNITAT VALENCIANA,5.2.-robos con fuerza en las cosas,47121
2014,COMUNITAT VALENCIANA,5.2.1.-robos con fuerza en las cosas en el interior de vehiculos,12860
2014,COMUNITAT VALENCIANA,5.2.2.-robos con fuerza en viviendas,21449
2014,COMUNITAT VALENCIANA,5.2.3.-robos con fuerza en establecimientos,5424
2014,COMUNITAT VALENCIANA,5.3.-robos con violencia o intimidacion,6988
2014,COMUNITAT VALENCIANA,5.3.1.-robos con violencia en via publica,4542
2014,COMUNITAT VALENCIANA,5.3.2.-robos con violencia en viviendas,569
2014,COMUNITAT VALENCIANA,5.3.3.-robos con violencia en establecimientos,911
2014,COMUNITAT VALENCIANA,5.4.-sustraccion de vehiculos,4660
2014,COMUNITAT VALENCIANA,5.5.-estafas,13978
2014,COMUNITAT VALENCIANA,5.5.1.-estafas informaticas,3898
2014,COMUNITAT VALENCIANA,5.6.-danos,29589
2014,COMUNITAT VALENCIANA,5.7.-contra la propiedad intelectual/industrial,243
2014,COMUNITAT VALENCIANA,5.8.-blanqueo de capitales,30
2014,COMUNITAT VALENCIANA,5.9.-otros contra el patrimonio,4632
2014,COMUNITAT VALENCIANA,6. seguridad colectiva,8470
2014,COMUNITAT VALENCIANA,6.1.-trafico de drogas,1651
2014,COMUNITAT VALENCIANA,6.2.-contra la seguridad vial,6469
2014,COMUNITAT VALENCIANA,6.3.-otros contra la seguridad colectiva,350
2014,COMUNITAT VALENCIANA,7. falsedades,2403
2014,COMUNITAT VALENCIANA,8. admon. publica,37
2014,COMUNITAT VALENCIANA,9. admon. justicia,4086
2014,COMUNITAT VALENCIANA,total infracciones penales,247371
2014,EXTREMADURA,1. contra las personas,5421
2014,EXTREMADURA,1.1.-homicidios dolosos/asesinatos,13
2014,EXTREMADURA,1.1.1.-homicidios dolosos/asesinatos consumados,4
2014,EXTREMADURA,1.2.-lesiones,1936
2014,EXTREMADURA,1.3.-malos tratos ambito familiar,986
2014,EXTREMADURA,1.4.-otros contra las personas,2486
2014,EXTREMADURA,10. orden publico,452
2014,EXTREMADURA,11. legislacion especial,2
2014,EXTREMADURA,12. otras infracciones penales,211
2014,EXTREMADURA,2. contra la libertad,706
2014,EXTREMADURA,2.1.-malos tratos habituales en el ambito familiar,305
2014,EXTREMADURA,2.2.-otros contra la libertad,401
2014,EXTREMADURA,3. libertad sexual,143
2014,EXTREMADURA,3.1.-agresion sexual,72
2014,EXTREMADURA,3.2.-agresion sexual con penetracion,13
2014,EXTREMADURA,3.3.-corrupcion de menores o incapacitados,12
2014,EXTREMADURA,3.4.-pornografia de menores,9
2014,EXTREMADURA,3.5.-otros contra la libertad sexual,37
2014,EXTREMADURA,4. relaciones familiares,252
2014,EXTREMADURA,5. patrimonio,19164
2014,EXTREMADURA,5.1.-hurtos,8619
2014,EXTREMADURA,5.2.-robos con fuerza en las cosas,4687
2014,EXTREMADURA,5.2.1.-robos con fuerza en las cosas en el interior de vehiculos,877
2014,EXTREMADURA,5.2.2.-robos con fuerza en viviendas,1407
2014,EXTREMADURA,5.2.3.-robos con fuerza en establecimientos,931
2014,EXTREMADURA,5.3.-robos con violencia o intimidacion,297
2014,EXTREMADURA,5.3.1.-robos con violencia en via publica,174
2014,EXTREMADURA,5.3.2.-robos con violencia en viviendas,27
2014,EXTREMADURA,5.3.3.-robos con violencia en establecimientos,55
2014,EXTREMADURA,5.4.-sustraccion de vehiculos,379
2014,EXTREMADURA,5.5.-estafas,1344
2014,EXTREMADURA,5.5.1.-estafas informaticas,517
2014,EXTREMADURA,5.6.-danos,3173
2014,EXTREMADURA,5.7.-contra la propiedad intelectual/industrial,37
2014,EXTREMADURA,5.8.-blanqueo de capitales,1
2014,EXTREMADURA,5.9.-otros contra el patrimonio,627
2014,EXTREMADURA,6. seguridad colectiva,1076
2014,EXTREMADURA,6.1.-trafico de drogas,270
2014,EXTREMADURA,6.2.-contra la seguridad vial,753
2014,EXTREMADURA,6.3.-otros contra la seguridad colectiva,53
2014,EXTREMADURA,7. falsedades,269
2014,EXTREMADURA,8. admon. publica,2
2014,EXTREMADURA,9. admon. justicia,523
2014,EXTREMADURA,total infracciones penales,28221
2014,GALICIA,1. contra las personas,14264
2014,GALICIA,1.1.-homicidios dolosos/asesinatos,62
2014,GALICIA,1.1.1.-homicidios dolosos/asesinatos consumados,20
2014,GALICIA,1.2.-lesiones,5147
2014,GALICIA,1.3.-malos tratos ambito familiar,2559
2014,GALICIA,1.4.-otros contra las personas,6496
2014,GALICIA,10. orden publico,1189
2014,GALICIA,11. legislacion especial,8
2014,GALICIA,12. otras infracciones penales,238
2014,GALICIA,2. contra la libertad,1761
2014,GALICIA,2.1.-malos tratos habituales en el ambito familiar,635
2014,GALICIA,2.2.-otros contra la libertad,1126
2014,GALICIA,3. libertad sexual,377
2014,GALICIA,3.1.-agresion sexual,227
2014,GALICIA,3.2.-agresion sexual con penetracion,64
2014,GALICIA,3.3.-corrupcion de menores o incapacitados,25
2014,GALICIA,3.4.-pornografia de menores,18
2014,GALICIA,3.5.-otros contra la libertad sexual,43
2014,GALICIA,4. relaciones familiares,298
2014,GALICIA,5. patrimonio,53652
2014,GALICIA,5.1.-hurtos,23027
2014,GALICIA,5.2.-robos con fuerza en las cosas,12017
2014,GALICIA,5.2.1.-robos con fuerza en las cosas en el interior de vehiculos,2909
2014,GALICIA,5.2.2.-robos con fuerza en viviendas,4314
2014,GALICIA,5.2.3.-robos con fuerza en establecimientos,2468
2014,GALICIA,5.3.-robos con violencia o intimidacion,1116
2014,GALICIA,5.3.1.-robos con violencia en via publica,632
2014,GALICIA,5.3.2.-robos con violencia en viviendas,137
2014,GALICIA,5.3.3.-robos con violencia en establecimientos,220
2014,GALICIA,5.4.-sustraccion de vehiculos,1258
2014,GALICIA,5.5.-estafas,4866
2014,GALICIA,5.5.1.-estafas informaticas,1882
2014,GALICIA,5.6.-danos,9934
2014,GALICIA,5.7.-contra la propiedad intelectual/industrial,73
2014,GALICIA,5.8.-blanqueo de capitales,2
2014,GALICIA,5.9.-otros contra el patrimonio,1359
2014,GALICIA,6. seguridad colectiva,4801
2014,GALICIA,6.1.-trafico de drogas,374
2014,GALICIA,6.2.-contra la seguridad vial,4332
2014,GALICIA,6.3.-otros contra la seguridad colectiva,95
2014,GALICIA,7. falsedades,573
2014,GALICIA,8. admon. publica,38
2014,GALICIA,9. admon. justicia,1054
2014,GALICIA,total infracciones penales,78253
2014,MADRID (COMUNIDAD DE),1. contra las personas,35230
2014,MADRID (COMUNIDAD DE),1.1.-homicidios dolosos/asesinatos,110
2014,MADRID (COMUNIDAD DE),1.1.1.-homicidios dolosos/asesinatos consumados,41
2014,MADRID (COMUNIDAD DE),1.2.-lesiones,12354
2014,MADRID (COMUNIDAD DE),1.3.-malos tratos ambito familiar,11061
2014,MADRID (COMUNIDAD DE),1.4.-otros contra las personas,11705
2014,MADRID (COMUNIDAD DE),10. orden publico,4930
2014,MADRID (COMUNIDAD DE),11. legislacion especial,9
2014,MADRID (COMUNIDAD DE),12. otras infracciones penales,1038
2014,MADRID (COMUNIDAD DE),2. contra la libertad,3784
2014,MADRID (COMUNIDAD DE),2.1.-malos tratos habituales en el ambito familiar,1096
2014,MADRID (COMUNIDAD DE),2.2.-otros contra la libertad,2688
2014,MADRID (COMUNIDAD DE),3. libertad sexual,1401
2014,MADRID (COMUNIDAD DE),3.1.-agresion sexual,752
2014,MADRID (COMUNIDAD DE),3.2.-agresion sexual con penetracion,296
2014,MADRID (COMUNIDAD DE),3.3.-corrupcion de menores o incapacitados,41
2014,MADRID (COMUNIDAD DE),3.4.-pornografia de menores,73
2014,MADRID (COMUNIDAD DE),3.5.-otros contra la libertad sexual,239
2014,MADRID (COMUNIDAD DE),4. relaciones familiares,1241
2014,MADRID (COMUNIDAD DE),5. patrimonio,304167
2014,MADRID (COMUNIDAD DE),5.1.-hurtos,145386
2014,MADRID (COMUNIDAD DE),5.2.-robos con fuerza en las cosas,55553
2014,MADRID (COMUNIDAD DE),5.2.1.-robos con fuerza en las cosas en el interior de vehiculos,25162
2014,MADRID (COMUNIDAD DE),5.2.2.-robos con fuerza en viviendas,16656
2014,MADRID (COMUNIDAD DE),5.2.3.-robos con fuerza en establecimientos,7154
2014,MADRID (COMUNIDAD DE),5.3.-robos con violencia o intimidacion,18466
2014,MADRID (COMUNIDAD DE),5.3.1.-robos con violencia en via publica,13157
2014,MADRID (COMUNIDAD DE),5.3.2.-robos con violencia en viviendas,1754
2014,MADRID (COMUNIDAD DE),5.3.3.-robos con violencia en establecimientos,1610
2014,MADRID (COMUNIDAD DE),5.4.-sustraccion de vehiculos,10352
2014,MADRID (COMUNIDAD DE),5.5.-estafas,23698
2014,MADRID (COMUNIDAD DE),5.5.1.-estafas informaticas,5128
2014,MADRID (COMUNIDAD DE),5.6.-danos,43351
2014,MADRID (COMUNIDAD DE),5.7.-contra la propiedad intelectual/industrial,472
2014,MADRID (COMUNIDAD DE),5.8.-blanqueo de capitales,36
2014,MADRID (COMUNIDAD DE),5.9.-otros contra el patrimonio,6853
2014,MADRID (COMUNIDAD DE),6. seguridad colectiva,7092
2014,MADRID (COMUNIDAD DE),6.1.-trafico de drogas,1599
2014,MADRID (COMUNIDAD DE),6.2.-contra la seguridad vial,5207
2014,MADRID (COMUNIDAD DE),6.3.-otros contra la seguridad colectiva,286
2014,MADRID (COMUNIDAD DE),7. falsedades,3170
2014,MADRID (COMUNIDAD DE),8. admon. publica,32
2014,MADRID (COMUNIDAD DE),9. admon. justicia,3505
2014,MADRID (COMUNIDAD DE),total infracciones penales,365599
2014,MURCIA (REGION DE),1. contra las personas,8920
2014,MURCIA (REGION DE),1.1.-homicidios dolosos/asesinatos,33
2014,MURCIA (REGION DE),1.1.1.-homicidios dolosos/asesinatos consumados,8
2014,MURCIA (REGION DE),1.2.-lesiones,3289
2014,MURCIA (REGION DE),1.3.-malos tratos ambito familiar,2400
2014,MURCIA (REGION DE),1.4.-otros contra las personas,3198
2014,MURCIA (REGION DE),10. orden publico,677
2014,MURCIA (REGION DE),11. legislacion especial,0
2014,MURCIA (REGION DE),12. otras infracciones penales,222
2014,MURCIA (REGION DE),2. contra la libertad,1169
2014,MURCIA (REGION DE),2.1.-malos tratos habituales en el ambito familiar,301
2014,MURCIA (REGION DE),2.2.-otros contra la libertad,868
2014,MURCIA (REGION DE),3. libertad sexual,377
2014,MURCIA (REGION DE),3.1.-agresion sexual,207
2014,MURCIA (REGION DE),3.2.-agresion sexual con penetracion,59
2014,MURCIA (REGION DE),3.3.-corrupcion de menores o incapacitados,18
2014,MURCIA (REGION DE),3.4.-pornografia de menores,14
2014,MURCIA (REGION DE),3.5.-otros contra la libertad sexual,79
2014,MURCIA (REGION DE),4. relaciones familiares,573
2014,MURCIA (REGION DE),5. patrimonio,37824
2014,MURCIA (REGION DE),5.1.-hurtos,15551
2014,MURCIA (REGION DE),5.2.-robos con fuerza en las cosas,11745
2014,MURCIA (REGION DE),5.2.1.-robos con fuerza en las cosas en el interior de vehiculos,2635
2014,MURCIA (REGION DE),5.2.2.-robos con fuerza en viviendas,5429
2014,MURCIA (REGION DE),5.2.3.-robos con fuerza en establecimientos,1616
2014,MURCIA (REGION DE),5.3.-robos con violencia o intimidacion,1433
2014,MURCIA (REGION DE),5.3.1.-robos con violencia en via publica,930
2014,MURCIA (REGION DE),5.3.2.-robos con violencia en viviendas,157
2014,MURCIA (REGION DE),5.3.3.-robos con violencia en establecimientos,193
2014,MURCIA (REGION DE),5.4.-sustraccion de vehiculos,1224
2014,MURCIA (REGION DE),5.5.-estafas,2236
2014,MURCIA (REGION DE),5.5.1.-estafas informaticas,581
2014,MURCIA (REGION DE),5.6.-danos,4668
2014,MURCIA (REGION DE),5.7.-contra la propiedad intelectual/industrial,44
2014,MURCIA (REGION DE),5.8.-blanqueo de capitales,1
2014,MURCIA (REGION DE),5.9.-otros contra el patrimonio,922
2014,MURCIA (REGION DE),6. seguridad colectiva,1534
2014,MURCIA (REGION DE),6.1.-trafico de drogas,239
2014,MURCIA (REGION DE),6.2.-contra la seguridad vial,1255
2014,MURCIA (REGION DE),6.3.-otros contra la seguridad colectiva,40
2014,MURCIA (REGION DE),7. falsedades,469
2014,MURCIA (REGION DE),8. admon. publica,6
2014,MURCIA (REGION DE),9. admon. justicia,884
2014,MURCIA (REGION DE),total infracciones penales,52655
2014,NAVARRA (COMUNIDAD FORAL DE),1. contra las personas,4294
2014,NAVARRA (COMUNIDAD FORAL DE),1.1.-homicidios dolosos/asesinatos,15
2014,NAVARRA (COMUNIDAD FORAL DE),1.1.1.-homicidios dolosos/asesinatos consumados,1
2014,NAVARRA (COMUNIDAD FORAL DE),1.2.-lesiones,1484
2014,NAVARRA (COMUNIDAD FORAL DE),1.3.-malos tratos ambito familiar,823
2014,NAVARRA (COMUNIDAD FORAL DE),1.4.-otros contra las personas,1972
2014,NAVARRA (COMUNIDAD FORAL DE),10. orden publico,627
2014,NAVARRA (COMUNIDAD FORAL DE),11. legislacion especial,1
2014,NAVARRA (COMUNIDAD FORAL DE),12. otras infracciones penales,109
2014,NAVARRA (COMUNIDAD FORAL DE),2. contra la libertad,523
2014,NAVARRA (COMUNIDAD FORAL DE),2.1.-malos tratos habituales en el ambito familiar,113
2014,NAVARRA (COMUNIDAD FORAL DE),2.2.-otros contra la libertad,410
2014,NAVARRA (COMUNIDAD FORAL DE),3. libertad sexual,160
2014,NAVARRA (COMUNIDAD FORAL DE),3.1.-agresion sexual,107
2014,NAVARRA (COMUNIDAD FORAL DE),3.2.-agresion sexual con penetracion,28
2014,NAVARRA (COMUNIDAD FORAL DE),3.3.-corrupcion de menores o incapacitados,4
2014,NAVARRA (COMUNIDAD FORAL DE),3.4.-pornografia de menores,5
2014,NAVARRA (COMUNIDAD FORAL DE),3.5.-otros contra la libertad sexual,16
2014,NAVARRA (COMUNIDAD FORAL DE),4. relaciones familiares,97
2014,NAVARRA (COMUNIDAD FORAL DE),5. patrimonio,19231
2014,NAVARRA (COMUNIDAD FORAL DE),5.1.-hurtos,8954
2014,NAVARRA (COMUNIDAD FORAL DE),5.2.-robos con fuerza en las cosas,3505
2014,NAVARRA (COMUNIDAD FORAL DE),5.2.1.-robos con fuerza en las cosas en el interior de vehiculos,691
2014,NAVARRA (COMUNIDAD FORAL DE),5.2.2.-robos con fuerza en viviendas,1133
2014,NAVARRA (COMUNIDAD FORAL DE),5.2.3.-robos con fuerza en establecimientos,520
2014,NAVARRA (COMUNIDAD FORAL DE),5.3.-robos con violencia o intimidacion,309
2014,NAVARRA (COMUNIDAD FORAL DE),5.3.1.-robos con violencia en via publica,203
2014,NAVARRA (COMUNIDAD FORAL DE),5.3.2.-robos con violencia en viviendas,23
2014,NAVARRA (COMUNIDAD FORAL DE),5.3.3.-robos con violencia en establecimientos,48
2014,NAVARRA (COMUNIDAD FORAL DE),5.4.-sustraccion de vehiculos,244
2014,NAVARRA (COMUNIDAD FORAL DE),5.5.-estafas,2064
2014,NAVARRA (COMUNIDAD FORAL DE),5.5.1.-estafas informaticas,792
2014,NAVARRA (COMUNIDAD FORAL DE),5.6.-danos,3532
2014,NAVARRA (COMUNIDAD FORAL DE),5.7.-contra la propiedad intelectual/industrial,54
2014,NAVARRA (COMUNIDAD FORAL DE),5.8.-blanqueo de capitales,1
2014,NAVARRA (COMUNIDAD FORAL DE),5.9.-otros contra el patrimonio,568
2014,NAVARRA (COMUNIDAD FORAL DE),6. seguridad colectiva,949
2014,NAVARRA (COMUNIDAD FORAL DE),6.1.-trafico de drogas,196
2014,NAVARRA (COMUNIDAD FORAL DE),6.2.-contra la seguridad vial,711
2014,NAVARRA (COMUNIDAD FORAL DE),6.3.-otros contra la seguridad colectiva,42
2014,NAVARRA (COMUNIDAD FORAL DE),7. falsedades,294
2014,NAVARRA (COMUNIDAD FORAL DE),8. admon. publica,12
2014,NAVARRA (COMUNIDAD FORAL DE),9. admon. justicia,261
2014,NAVARRA (COMUNIDAD FORAL DE),total infracciones penales,26558
2014,PAIS VASCO,1. contra las personas,12313
2014,PAIS VASCO,1.1.-homicidios dolosos/asesinatos,37
2014,PAIS VASCO,1.1.1.-homicidios dolosos/asesinatos consumados,10
2014,PAIS VASCO,1.2.-lesiones,4537
2014,PAIS VASCO,1.3.-malos tratos ambito familiar,732
2014,PAIS VASCO,1.4.-otros contra las personas,7007
2014,PAIS VASCO,10. orden publico,1636
2014,PAIS VASCO,11. legislacion especial,3
2014,PAIS VASCO,12. otras infracciones penales,454
2014,PAIS VASCO,2. contra la libertad,4788
2014,PAIS VASCO,2.1.-malos tratos habituales en el ambito familiar,3362
2014,PAIS VASCO,2.2.-otros contra la libertad,1426
2014,PAIS VASCO,3. libertad sexual,391
2014,PAIS VASCO,3.1.-agresion sexual,218
2014,PAIS VASCO,3.2.-agresion sexual con penetracion,59
2014,PAIS VASCO,3.3.-corrupcion de menores o incapacitados,17
2014,PAIS VASCO,3.4.-pornografia de menores,28
2014,PAIS VASCO,3.5.-otros contra la libertad sexual,69
2014,PAIS VASCO,4. relaciones familiares,375
2014,PAIS VASCO,5. patrimonio,63332
2014,PAIS VASCO,5.1.-hurtos,28217
2014,PAIS VASCO,5.2.-robos con fuerza en las cosas,16002
2014,PAIS VASCO,5.2.1.-robos con fuerza en las cosas en el interior de vehiculos,37
2014,PAIS VASCO,5.2.2.-robos con fuerza en viviendas,6007
2014,PAIS VASCO,5.2.3.-robos con fuerza en establecimientos,2615
2014,PAIS VASCO,5.3.-robos con violencia o intimidacion,2136
2014,PAIS VASCO,5.3.1.-robos con violencia en via publica,1415
2014,PAIS VASCO,5.3.2.-robos con violencia en viviendas,188
2014,PAIS VASCO,5.3.3.-robos con violencia en establecimientos,283
2014,PAIS VASCO,5.4.-sustraccion de vehiculos,667
2014,PAIS VASCO,5.5.-estafas,6994
2014,PAIS VASCO,5.5.1.-estafas informaticas,163
2014,PAIS VASCO,5.6.-danos,7825
2014,PAIS VASCO,5.7.-contra la propiedad intelectual/industrial,19
2014,PAIS VASCO,5.8.-blanqueo de capitales,3
2014,PAIS VASCO,5.9.-otros contra el patrimonio,1469
2014,PAIS VASCO,6. seguridad colectiva,2656
2014,PAIS VASCO,6.1.-trafico de drogas,367
2014,PAIS VASCO,6.2.-contra la seguridad vial,2218
2014,PAIS VASCO,6.3.-otros contra la seguridad colectiva,71
2014,PAIS VASCO,7. falsedades,829
2014,PAIS VASCO,8. admon. publica,36
2014,PAIS VASCO,9. admon. justicia,1418
2014,PAIS VASCO,total infracciones penales,88231
2014,RIOJA (LA),1. contra las personas,1527
2014,RIOJA (LA),1.1.-homicidios dolosos/asesinatos,9
2014,RIOJA (LA),1.1.1.-homicidios dolosos/asesinatos consumados,3
2014,RIOJA (LA),1.2.-lesiones,603
2014,RIOJA (LA),1.3.-malos tratos ambito familiar,399
2014,RIOJA (LA),1.4.-otros contra las personas,516
2014,RIOJA (LA),10. orden publico,163
2014,RIOJA (LA),11. legislacion especial,1
2014,RIOJA (LA),12. otras infracciones penales,22
2014,RIOJA (LA),2. contra la libertad,194
2014,RIOJA (LA),2.1.-malos tratos habituales en el ambito familiar,43
2014,RIOJA (LA),2.2.-otros contra la libertad,151
2014,RIOJA (LA),3. libertad sexual,40
2014,RIOJA (LA),3.1.-agresion sexual,28
2014,RIOJA (LA),3.2.-agresion sexual con penetracion,3
2014,RIOJA (LA),3.3.-corrupcion de menores o incapacitados,5
2014,RIOJA (LA),3.4.-pornografia de menores,3
2014,RIOJA (LA),3.5.-otros contra la libertad sexual,1
2014,RIOJA (LA),4. relaciones familiares,36
2014,RIOJA (LA),5. patrimonio,6352
2014,RIOJA (LA),5.1.-hurtos,2725
2014,RIOJA (LA),5.2.-robos con fuerza en las cosas,1676
2014,RIOJA (LA),5.2.1.-robos con fuerza en las cosas en el interior de vehiculos,387
2014,RIOJA (LA),5.2.2.-robos con fuerza en viviendas,629
2014,RIOJA (LA),5.2.3.-robos con fuerza en establecimientos,210
2014,RIOJA (LA),5.3.-robos con violencia o intimidacion,172
2014,RIOJA (LA),5.3.1.-robos con violencia en via publica,106
2014,RIOJA (LA),5.3.2.-robos con violencia en viviendas,17
2014,RIOJA (LA),5.3.3.-robos con violencia en establecimientos,26
2014,RIOJA (LA),5.4.-sustraccion de vehiculos,78
2014,RIOJA (LA),5.5.-estafas,444
2014,RIOJA (LA),5.5.1.-estafas informaticas,133
2014,RIOJA (LA),5.6.-danos,1092
2014,RIOJA (LA),5.7.-contra la propiedad intelectual/industrial,1
2014,RIOJA (LA),5.8.-blanqueo de capitales,2
2014,RIOJA (LA),5.9.-otros contra el patrimonio,162
2014,RIOJA (LA),6. seguridad colectiva,384
2014,RIOJA (LA),6.1.-trafico de drogas,62
2014,RIOJA (LA),6.2.-contra la seguridad vial,313
2014,RIOJA (LA),6.3.-otros contra la seguridad colectiva,9
2014,RIOJA (LA),7. falsedades,73
2014,RIOJA (LA),8. admon. publica,2
2014,RIOJA (LA),9. admon. justicia,131
2014,RIOJA (LA),total infracciones penales,8925
2015,ANDALUCIA,1. contra las personas,47420
2015,ANDALUCIA,1.1.-homicidios dolosos/asesinatos,218
2015,ANDALUCIA,1.1.1.-homicidios dolosos/asesinatos consumados,65
2015,ANDALUCIA,1.2.-lesiones,19400
2015,ANDALUCIA,1.3.-malos tratos ambito familiar,14031
2015,ANDALUCIA,1.4.-otros contra las personas,13771
2015,ANDALUCIA,10. orden publico,4252
2015,ANDALUCIA,11. legislacion especial,72
2015,ANDALUCIA,12. otras infracciones penales,1943
2015,ANDALUCIA,2. contra la libertad,14587
2015,ANDALUCIA,2.1.-malos tratos habituales en el ambito familiar,2708
2015,ANDALUCIA,2.2.-otros contra la libertad,11879
2015,ANDALUCIA,3. libertad sexual,1701
2015,ANDALUCIA,3.1.-agresion sexual,904
2015,ANDALUCIA,3.2.-agresion sexual con penetracion,242
2015,ANDALUCIA,3.3.-corrupcion de menores o incapacitados,98
2015,ANDALUCIA,3.4.-pornografia de menores,136
2015,ANDALUCIA,3.5.-otros contra la libertad sexual,321
2015,ANDALUCIA,4. relaciones familiares,1641
2015,ANDALUCIA,5. patrimonio,241975
2015,ANDALUCIA,5.1.-hurtos,110768
2015,ANDALUCIA,5.2.-robos con fuerza en las cosas,54298
2015,ANDALUCIA,5.2.1.-robos con fuerza en las cosas en el interior de vehiculos,19160
2015,ANDALUCIA,5.2.2.-robos con fuerza en viviendas,17798
2015,ANDALUCIA,5.2.3.-robos con fuerza en establecimientos,7348
2015,ANDALUCIA,5.3.-robos con violencia o intimidacion,7283
2015,ANDALUCIA,5.3.1.-robos con violencia en via publica,5016
2015,ANDALUCIA,5.3.2.-robos con violencia en viviendas,524
2015,ANDALUCIA,5.3.3.-robos con violencia en establecimientos,931
2015,ANDALUCIA,5.4.-sustraccion de vehiculos,9008
2015,ANDALUCIA,5.5.-estafas,19406
2015,ANDALUCIA,5.5.1.-estafas informaticas,6536
2015,ANDALUCIA,5.6.-danos,33579
2015,ANDALUCIA,5.7.-contra la propiedad intelectual/industrial,526
2015,ANDALUCIA,5.8.-blanqueo de capitales,71
2015,ANDALUCIA,5.9.-otros contra el patrimonio,7036
2015,ANDALUCIA,6. seguridad colectiva,13484
2015,ANDALUCIA,6.1.-trafico de drogas,3086
2015,ANDALUCIA,6.2.-contra la seguridad vial,9997
2015,ANDALUCIA,6.3.-otros contra la seguridad colectiva,401
2015,ANDALUCIA,7. falsedades,3524
2015,ANDALUCIA,8. admon. publica,146
2015,ANDALUCIA,9. admon. justicia,6379
2015,ANDALUCIA,total infracciones penales,337124
2015,ARAGON,1. contra las personas,4735
2015,ARAGON,1.1.-homicidios dolosos/asesinatos,23
2015,ARAGON,1.1.1.-homicidios dolosos/asesinatos consumados,9
2015,ARAGON,1.2.-lesiones,2016
2015,ARAGON,1.3.-malos tratos ambito familiar,1690
2015,ARAGON,1.4.-otros contra las personas,1006
2015,ARAGON,10. orden publico,494
2015,ARAGON,11. legislacion especial,2
2015,ARAGON,12. otras infracciones penales,217
2015,ARAGON,2. contra la libertad,1384
2015,ARAGON,2.1.-malos tratos habituales en el ambito familiar,304
2015,ARAGON,2.2.-otros contra la libertad,1080
2015,ARAGON,3. libertad sexual,251
2015,ARAGON,3.1.-agresion sexual,137
2015,ARAGON,3.2.-agresion sexual con penetracion,41
2015,ARAGON,3.3.-corrupcion de menores o incapacitados,21
2015,ARAGON,3.4.-pornografia de menores,19
2015,ARAGON,3.5.-otros contra la libertad sexual,33
2015,ARAGON,4. relaciones familiares,159
2015,ARAGON,5. patrimonio,29101
2015,ARAGON,5.1.-hurtos,12155
2015,ARAGON,5.2.-robos con fuerza en las cosas,5636
2015,ARAGON,5.2.1.-robos con fuerza en las cosas en el interior de vehiculos,1348
2015,ARAGON,5.2.2.-robos con fuerza en viviendas,1883
2015,ARAGON,5.2.3.-robos con fuerza en establecimientos,690
2015,ARAGON,5.3.-robos con violencia o intimidacion,820
2015,ARAGON,5.3.1.-robos con violencia en via publica,530
2015,ARAGON,5.3.2.-robos con violencia en viviendas,63
2015,ARAGON,5.3.3.-robos con violencia en establecimientos,142
2015,ARAGON,5.4.-sustraccion de vehiculos,373
2015,ARAGON,5.5.-estafas,3685
2015,ARAGON,5.5.1.-estafas informaticas,1470
2015,ARAGON,5.6.-danos,5355
2015,ARAGON,5.7.-contra la propiedad intelectual/industrial,47
2015,ARAGON,5.8.-blanqueo de capitales,5
2015,ARAGON,5.9.-otros contra el patrimonio,1025
2015,ARAGON,6. seguridad colectiva,1054
2015,ARAGON,6.1.-trafico de drogas,285
2015,ARAGON,6.2.-contra la seguridad vial,693
2015,ARAGON,6.3.-otros contra la seguridad colectiva,76
2015,ARAGON,7. falsedades,303
2015,ARAGON,8. admon. publica,10
2015,ARAGON,9. admon. justicia,674
2015,ARAGON,total infracciones penales,38384
2015,ASTURIAS (PRINCIPADO DE),1. contra las personas,4238
2015,ASTURIAS (PRINCIPADO DE),1.1.-homicidios dolosos/asesinatos,18
2015,ASTURIAS (PRINCIPADO DE),1.1.1.-homicidios dolosos/asesinatos consumados,4
2015,ASTURIAS (PRINCIPADO DE),1.2.-lesiones,1935
2015,ASTURIAS (PRINCIPADO DE),1.3.-malos tratos ambito familiar,1175
2015,ASTURIAS (PRINCIPADO DE),1.4.-otros contra las personas,1110
2015,ASTURIAS (PRINCIPADO DE),10. orden publico,449
2015,ASTURIAS (PRINCIPADO DE),11. legislacion especial,0
2015,ASTURIAS (PRINCIPADO DE),12. otras infracciones penales,149
2015,ASTURIAS (PRINCIPADO DE),2. contra la libertad,1155
2015,ASTURIAS (PRINCIPADO DE),2.1.-malos tratos habituales en el ambito familiar,128
2015,ASTURIAS (PRINCIPADO DE),2.2.-otros contra la libertad,1027
2015,ASTURIAS (PRINCIPADO DE),3. libertad sexual,147
2015,ASTURIAS (PRINCIPADO DE),3.1.-agresion sexual,90
2015,ASTURIAS (PRINCIPADO DE),3.2.-agresion sexual con penetracion,17
2015,ASTURIAS (PRINCIPADO DE),3.3.-corrupcion de menores o incapacitados,7
2015,ASTURIAS (PRINCIPADO DE),3.4.-pornografia de menores,10
2015,ASTURIAS (PRINCIPADO DE),3.5.-otros contra la libertad sexual,23
2015,ASTURIAS (PRINCIPADO DE),4. relaciones familiares,149
2015,ASTURIAS (PRINCIPADO DE),5. patrimonio,18946
2015,ASTURIAS (PRINCIPADO DE),5.1.-hurtos,8275
2015,ASTURIAS (PRINCIPADO DE),5.2.-robos con fuerza en las cosas,3075
2015,ASTURIAS (PRINCIPADO DE),5.2.1.-robos con fuerza en las cosas en el interior de vehiculos,467
2015,ASTURIAS (PRINCIPADO DE),5.2.2.-robos con fuerza en viviendas,956
2015,ASTURIAS (PRINCIPADO DE),5.2.3.-robos con fuerza en establecimientos,1000
2015,ASTURIAS (PRINCIPADO DE),5.3.-robos con violencia o intimidacion,603
2015,ASTURIAS (PRINCIPADO DE),5.3.1.-robos con violencia en via publica,360
2015,ASTURIAS (PRINCIPADO DE),5.3.2.-robos con violencia en viviendas,64
2015,ASTURIAS (PRINCIPADO DE),5.3.3.-robos con violencia en establecimientos,130
2015,ASTURIAS (PRINCIPADO DE),5.4.-sustraccion de vehiculos,449
2015,ASTURIAS (PRINCIPADO DE),5.5.-estafas,2446
2015,ASTURIAS (PRINCIPADO DE),5.5.1.-estafas informaticas,1002
2015,ASTURIAS (PRINCIPADO DE),5.6.-danos,3112
2015,ASTURIAS (PRINCIPADO DE),5.7.-contra la propiedad intelectual/industrial,16
2015,ASTURIAS (PRINCIPADO DE),5.8.-blanqueo de capitales,1
2015,ASTURIAS (PRINCIPADO DE),5.9.-otros contra el patrimonio,969
2015,ASTURIAS (PRINCIPADO DE),6. seguridad colectiva,1111
2015,ASTURIAS (PRINCIPADO DE),6.1.-trafico de drogas,154
2015,ASTURIAS (PRINCIPADO DE),6.2.-contra la seguridad vial,924
2015,ASTURIAS (PRINCIPADO DE),6.3.-otros contra la seguridad colectiva,33
2015,ASTURIAS (PRINCIPADO DE),7. falsedades,188
2015,ASTURIAS (PRINCIPADO DE),8. admon. publica,4
2015,ASTURIAS (PRINCIPADO DE),9. admon. justicia,446
2015,ASTURIAS (PRINCIPADO DE),total infracciones penales,26982
2015,BALEARS (ILLES),1. contra las personas,7774
2015,BALEARS (ILLES),1.1.-homicidios dolosos/asesinatos,35
2015,BALEARS (ILLES),1.1.1.-homicidios dolosos/asesinatos consumados,8
2015,BALEARS (ILLES),1.2.-lesiones,3301
2015,BALEARS (ILLES),1.3.-malos tratos ambito familiar,2647
2015,BALEARS (ILLES),1.4.-otros contra las personas,1791
2015,BALEARS (ILLES),10. orden publico,791
2015,BALEARS (ILLES),11. legislacion especial,2
2015,BALEARS (ILLES),12. otras infracciones penales,283
2015,BALEARS (ILLES),2. contra la libertad,2685
2015,BALEARS (ILLES),2.1.-malos tratos habituales en el ambito familiar,472
2015,BALEARS (ILLES),2.2.-otros contra la libertad,2213
2015,BALEARS (ILLES),3. libertad sexual,411
2015,BALEARS (ILLES),3.1.-agresion sexual,238
2015,BALEARS (ILLES),3.2.-agresion sexual con penetracion,69
2015,BALEARS (ILLES),3.3.-corrupcion de menores o incapacitados,17
2015,BALEARS (ILLES),3.4.-pornografia de menores,11
2015,BALEARS (ILLES),3.5.-otros contra la libertad sexual,76
2015,BALEARS (ILLES),4. relaciones familiares,234
2015,BALEARS (ILLES),5. patrimonio,50642
2015,BALEARS (ILLES),5.1.-hurtos,27662
2015,BALEARS (ILLES),5.2.-robos con fuerza en las cosas,8506
2015,BALEARS (ILLES),5.2.1.-robos con fuerza en las cosas en el interior de vehiculos,2528
2015,BALEARS (ILLES),5.2.2.-robos con fuerza en viviendas,3323
2015,BALEARS (ILLES),5.2.3.-robos con fuerza en establecimientos,1042
2015,BALEARS (ILLES),5.3.-robos con violencia o intimidacion,1069
2015,BALEARS (ILLES),5.3.1.-robos con violencia en via publica,652
2015,BALEARS (ILLES),5.3.2.-robos con violencia en viviendas,61
2015,BALEARS (ILLES),5.3.3.-robos con violencia en establecimientos,141
2015,BALEARS (ILLES),5.4.-sustraccion de vehiculos,1770
2015,BALEARS (ILLES),5.5.-estafas,4744
2015,BALEARS (ILLES),5.5.1.-estafas informaticas,2264
2015,BALEARS (ILLES),5.6.-danos,4994
2015,BALEARS (ILLES),5.7.-contra la propiedad intelectual/industrial,116
2015,BALEARS (ILLES),5.8.-blanqueo de capitales,8
2015,BALEARS (ILLES),5.9.-otros contra el patrimonio,1773
2015,BALEARS (ILLES),6. seguridad colectiva,2517
2015,BALEARS (ILLES),6.1.-trafico de drogas,419
2015,BALEARS (ILLES),6.2.-contra la seguridad vial,2017
2015,BALEARS (ILLES),6.3.-otros contra la seguridad colectiva,81
2015,BALEARS (ILLES),7. falsedades,417
2015,BALEARS (ILLES),8. admon. publica,8
2015,BALEARS (ILLES),9. admon. justicia,916
2015,BALEARS (ILLES),total infracciones penales,66680
2015,CANARIAS,1. contra las personas,15540
2015,CANARIAS,1.1.-homicidios dolosos/asesinatos,64
2015,CANARIAS,1.1.1.-homicidios dolosos/asesinatos consumados,20
2015,CANARIAS,1.2.-lesiones,6409
2015,CANARIAS,1.3.-malos tratos ambito familiar,4346
2015,CANARIAS,1.4.-otros contra las personas,4721
2015,CANARIAS,10. orden publico,1001
2015,CANARIAS,11. legislacion especial,5
2015,CANARIAS,12. otras infracciones penales,368
2015,CANARIAS,2. contra la libertad,5244
2015,CANARIAS,2.1.-malos tratos habituales en el ambito familiar,681
2015,CANARIAS,2.2.-otros contra la libertad,4563
2015,CANARIAS,3. libertad sexual,506
2015,CANARIAS,3.1.-agresion sexual,286
2015,CANARIAS,3.2.-agresion sexual con penetracion,101
2015,CANARIAS,3.3.-corrupcion de menores o incapacitados,31
2015,CANARIAS,3.4.-pornografia de menores,27
2015,CANARIAS,3.5.-otros contra la libertad sexual,61
2015,CANARIAS,4. relaciones familiares,1010
2015,CANARIAS,5. patrimonio,60740
2015,CANARIAS,5.1.-hurtos,30242
2015,CANARIAS,5.2.-robos con fuerza en las cosas,12752
2015,CANARIAS,5.2.1.-robos con fuerza en las cosas en el interior de vehiculos,4766
2015,CANARIAS,5.2.2.-robos con fuerza en viviendas,3398
2015,CANARIAS,5.2.3.-robos con fuerza en establecimientos,2011
2015,CANARIAS,5.3.-robos con violencia o intimidacion,1530
2015,CANARIAS,5.3.1.-robos con violencia en via publica,940
2015,CANARIAS,5.3.2.-robos con violencia en viviendas,130
2015,CANARIAS,5.3.3.-robos con violencia en establecimientos,246
2015,CANARIAS,5.4.-sustraccion de vehiculos,1677
2015,CANARIAS,5.5.-estafas,5290
2015,CANARIAS,5.5.1.-estafas informaticas,1838
2015,CANARIAS,5.6.-danos,7168
2015,CANARIAS,5.7.-contra la propiedad intelectual/industrial,86
2015,CANARIAS,5.8.-blanqueo de capitales,21
2015,CANARIAS,5.9.-otros contra el patrimonio,1974
2015,CANARIAS,6. seguridad colectiva,3140
2015,CANARIAS,6.1.-trafico de drogas,569
2015,CANARIAS,6.2.-contra la seguridad vial,2489
2015,CANARIAS,6.3.-otros contra la seguridad colectiva,82
2015,CANARIAS,7. falsedades,701
2015,CANARIAS,8. admon. publica,18
2015,CANARIAS,9. admon. justicia,1266
2015,CANARIAS,total infracciones penales,89539
2015,CANTABRIA,1. contra las personas,2656
2015,CANTABRIA,1.1.-homicidios dolosos/asesinatos,8
2015,CANTABRIA,1.1.1.-homicidios dolosos/asesinatos consumados,3
2015,CANTABRIA,1.2.-lesiones,1366
2015,CANTABRIA,1.3.-malos tratos ambito familiar,582
2015,CANTABRIA,1.4.-otros contra las personas,700
2015,CANTABRIA,10. orden publico,230
2015,CANTABRIA,11. legislacion especial,1
2015,CANTABRIA,12. otras infracciones penales,81
2015,CANTABRIA,2. contra la libertad,864
2015,CANTABRIA,2.1.-malos tratos habituales en el ambito familiar,126
2015,CANTABRIA,2.2.-otros contra la libertad,738
2015,CANTABRIA,3. libertad sexual,70
2015,CANTABRIA,3.1.-agresion sexual,36
2015,CANTABRIA,3.2.-agresion sexual con penetracion,13
2015,CANTABRIA,3.3.-corrupcion de menores o incapacitados,1
2015,CANTABRIA,3.4.-pornografia de menores,12
2015,CANTABRIA,3.5.-otros contra la libertad sexual,8
2015,CANTABRIA,4. relaciones familiares,51
2015,CANTABRIA,5. patrimonio,11661
2015,CANTABRIA,5.1.-hurtos,5097
2015,CANTABRIA,5.2.-robos con fuerza en las cosas,2279
2015,CANTABRIA,5.2.1.-robos con fuerza en las cosas en el interior de vehiculos,499
2015,CANTABRIA,5.2.2.-robos con fuerza en viviendas,733
2015,CANTABRIA,5.2.3.-robos con fuerza en establecimientos,528
2015,CANTABRIA,5.3.-robos con violencia o intimidacion,261
2015,CANTABRIA,5.3.1.-robos con violencia en via publica,149
2015,CANTABRIA,5.3.2.-robos con violencia en viviendas,19
2015,CANTABRIA,5.3.3.-robos con violencia en establecimientos,45
2015,CANTABRIA,5.4.-sustraccion de vehiculos,250
2015,CANTABRIA,5.5.-estafas,1371
2015,CANTABRIA,5.5.1.-estafas informaticas,776
2015,CANTABRIA,5.6.-danos,1735
2015,CANTABRIA,5.7.-contra la propiedad intelectual/industrial,10
2015,CANTABRIA,5.8.-blanqueo de capitales,3
2015,CANTABRIA,5.9.-otros contra el patrimonio,655
2015,CANTABRIA,6. seguridad colectiva,768
2015,CANTABRIA,6.1.-trafico de drogas,115
2015,CANTABRIA,6.2.-contra la seguridad vial,628
2015,CANTABRIA,6.3.-otros contra la seguridad colectiva,25
2015,CANTABRIA,7. falsedades,113
2015,CANTABRIA,8. admon. publica,3
2015,CANTABRIA,9. admon. justicia,256
2015,CANTABRIA,total infracciones penales,16754
2015,CASTILLA - LA MANCHA,1. contra las personas,8877
2015,CASTILLA - LA MANCHA,1.1.-homicidios dolosos/asesinatos,38
2015,CASTILLA - LA MANCHA,1.1.1.-homicidios dolosos/asesinatos consumados,13
2015,CASTILLA - LA MANCHA,1.2.-lesiones,3793
2015,CASTILLA - LA MANCHA,1.3.-malos tratos ambito familiar,2493
2015,CASTILLA - LA MANCHA,1.4.-otros contra las personas,2553
2015,CASTILLA - LA MANCHA,10. orden publico,693
2015,CASTILLA - LA MANCHA,11. legislacion especial,7
2015,CASTILLA - LA MANCHA,12. otras infracciones penales,505
2015,CASTILLA - LA MANCHA,2. contra la libertad,2707
2015,CASTILLA - LA MANCHA,2.1.-malos tratos habituales en el ambito familiar,577
2015,CASTILLA - LA MANCHA,2.2.-otros contra la libertad,2130
2015,CASTILLA - LA MANCHA,3. libertad sexual,309
2015,CASTILLA - LA MANCHA,3.1.-agresion sexual,189
2015,CASTILLA - LA MANCHA,3.2.-agresion sexual con penetracion,31
2015,CASTILLA - LA MANCHA,3.3.-corrupcion de menores o incapacitados,17
2015,CASTILLA - LA MANCHA,3.4.-pornografia de menores,21
2015,CASTILLA - LA MANCHA,3.5.-otros contra la libertad sexual,51
2015,CASTILLA - LA MANCHA,4. relaciones familiares,355
2015,CASTILLA - LA MANCHA,5. patrimonio,49126
2015,CASTILLA - LA MANCHA,5.1.-hurtos,17080
2015,CASTILLA - LA MANCHA,5.2.-robos con fuerza en las cosas,15750
2015,CASTILLA - LA MANCHA,5.2.1.-robos con fuerza en las cosas en el interior de vehiculos,2760
2015,CASTILLA - LA MANCHA,5.2.2.-robos con fuerza en viviendas,6248
2015,CASTILLA - LA MANCHA,5.2.3.-robos con fuerza en establecimientos,2127
2015,CASTILLA - LA MANCHA,5.3.-robos con violencia o intimidacion,1010
2015,CASTILLA - LA MANCHA,5.3.1.-robos con violencia en via publica,644
2015,CASTILLA - LA MANCHA,5.3.2.-robos con violencia en viviendas,83
2015,CASTILLA - LA MANCHA,5.3.3.-robos con violencia en establecimientos,123
2015,CASTILLA - LA MANCHA,5.4.-sustraccion de vehiculos,1283
2015,CASTILLA - LA MANCHA,5.5.-estafas,4457
2015,CASTILLA - LA MANCHA,5.5.1.-estafas informaticas,2012
2015,CASTILLA - LA MANCHA,5.6.-danos,7897
2015,CASTILLA - LA MANCHA,5.7.-contra la propiedad intelectual/industrial,22
2015,CASTILLA - LA MANCHA,5.8.-blanqueo de capitales,5
2015,CASTILLA - LA MANCHA,5.9.-otros contra el patrimonio,1622
2015,CASTILLA - LA MANCHA,6. seguridad colectiva,2548
2015,CASTILLA - LA MANCHA,6.1.-trafico de drogas,352
2015,CASTILLA - LA MANCHA,6.2.-contra la seguridad vial,2105
2015,CASTILLA - LA MANCHA,6.3.-otros contra la seguridad colectiva,91
2015,CASTILLA - LA MANCHA,7. falsedades,752
2015,CASTILLA - LA MANCHA,8. admon. publica,13
2015,CASTILLA - LA MANCHA,9. admon. justicia,1086
2015,CASTILLA - LA MANCHA,total infracciones penales,66978
2015,CASTILLA Y LEON,1. contra las personas,10203
2015,CASTILLA Y LEON,1.1.-homicidios dolosos/asesinatos,27
2015,CASTILLA Y LEON,1.1.1.-homicidios dolosos/asesinatos consumados,9
2015,CASTILLA Y LEON,1.2.-lesiones,4725
2015,CASTILLA Y LEON,1.3.-malos tratos ambito familiar,2240
2015,CASTILLA Y LEON,1.4.-otros contra las personas,3211
2015,CASTILLA Y LEON,10. orden publico,951
2015,CASTILLA Y LEON,11. legislacion especial,2
2015,CASTILLA Y LEON,12. otras infracciones penales,433
2015,CASTILLA Y LEON,2. contra la libertad,3208
2015,CASTILLA Y LEON,2.1.-malos tratos habituales en el ambito familiar,523
2015,CASTILLA Y LEON,2.2.-otros contra la libertad,2685
2015,CASTILLA Y LEON,3. libertad sexual,282
2015,CASTILLA Y LEON,3.1.-agresion sexual,140
2015,CASTILLA Y LEON,3.2.-agresion sexual con penetracion,41
2015,CASTILLA Y LEON,3.3.-corrupcion de menores o incapacitados,23
2015,CASTILLA Y LEON,3.4.-pornografia de menores,21
2015,CASTILLA Y LEON,3.5.-otros contra la libertad sexual,57
2015,CASTILLA Y LEON,4. relaciones familiares,251
2015,CASTILLA Y LEON,5. patrimonio,54991
2015,CASTILLA Y LEON,5.1.-hurtos,24474
2015,CASTILLA Y LEON,5.2.-robos con fuerza en las cosas,10304
2015,CASTILLA Y LEON,5.2.1.-robos con fuerza en las cosas en el interior de vehiculos,1667
2015,CASTILLA Y LEON,5.2.2.-robos con fuerza en viviendas,3547
2015,CASTILLA Y LEON,5.2.3.-robos con fuerza en establecimientos,1993
2015,CASTILLA Y LEON,5.3.-robos con violencia o intimidacion,914
2015,CASTILLA Y LEON,5.3.1.-robos con violencia en via publica,571
2015,CASTILLA Y LEON,5.3.2.-robos con violencia en viviendas,98
2015,CASTILLA Y LEON,5.3.3.-robos con violencia en establecimientos,130
2015,CASTILLA Y LEON,5.4.-sustraccion de vehiculos,789
2015,CASTILLA Y LEON,5.5.-estafas,6319
2015,CASTILLA Y LEON,5.5.1.-estafas informaticas,2411
2015,CASTILLA Y LEON,5.6.-danos,10672
2015,CASTILLA Y LEON,5.7.-contra la propiedad intelectual/industrial,64
2015,CASTILLA Y LEON,5.8.-blanqueo de capitales,6
2015,CASTILLA Y LEON,5.9.-otros contra el patrimonio,1449
2015,CASTILLA Y LEON,6. seguridad colectiva,2626
2015,CASTILLA Y LEON,6.1.-trafico de drogas,313
2015,CASTILLA Y LEON,6.2.-contra la seguridad vial,2216
2015,CASTILLA Y LEON,6.3.-otros contra la seguridad colectiva,97
2015,CASTILLA Y LEON,7. falsedades,541
2015,CASTILLA Y LEON,8. admon. publica,10
2015,CASTILLA Y LEON,9. admon. justicia,1005
2015,CASTILLA Y LEON,total infracciones penales,74503
2015,CATALUNA,1. contra las personas,27269
2015,CATALUNA,1.1.-homicidios dolosos/asesinatos,151
2015,CATALUNA,1.1.1.-homicidios dolosos/asesinatos consumados,42
2015,CATALUNA,1.2.-lesiones,13296
2015,CATALUNA,1.3.-malos tratos ambito familiar,5828
2015,CATALUNA,1.4.-otros contra las personas,7994
2015,CATALUNA,10. orden publico,3236
2015,CATALUNA,11. legislacion especial,46
2015,CATALUNA,12. otras infracciones penales,1174
2015,CATALUNA,2. contra la libertad,15034
2015,CATALUNA,2.1.-malos tratos habituales en el ambito familiar,2771
2015,CATALUNA,2.2.-otros contra la libertad,12263
2015,CATALUNA,3. libertad sexual,1928
2015,CATALUNA,3.1.-agresion sexual,970
2015,CATALUNA,3.2.-agresion sexual con penetracion,439
2015,CATALUNA,3.3.-corrupcion de menores o incapacitados,16
2015,CATALUNA,3.4.-pornografia de menores,195
2015,CATALUNA,3.5.-otros contra la libertad sexual,308
2015,CATALUNA,4. relaciones familiares,2012
2015,CATALUNA,5. patrimonio,350445
2015,CATALUNA,5.1.-hurtos,165519
2015,CATALUNA,5.2.-robos con fuerza en las cosas,68484
2015,CATALUNA,5.2.1.-robos con fuerza en las cosas en el interior de vehiculos,23665
2015,CATALUNA,5.2.2.-robos con fuerza en viviendas,24592
2015,CATALUNA,5.2.3.-robos con fuerza en establecimientos,18
2015,CATALUNA,5.3.-robos con violencia o intimidacion,21514
2015,CATALUNA,5.3.1.-robos con violencia en via publica,81
2015,CATALUNA,5.3.2.-robos con violencia en viviendas,343
2015,CATALUNA,5.3.3.-robos con violencia en establecimientos,7
2015,CATALUNA,5.4.-sustraccion de vehiculos,8651
2015,CATALUNA,5.5.-estafas,35532
2015,CATALUNA,5.5.1.-estafas informaticas,15791
2015,CATALUNA,5.6.-danos,38961
2015,CATALUNA,5.7.-contra la propiedad intelectual/industrial,376
2015,CATALUNA,5.8.-blanqueo de capitales,29
2015,CATALUNA,5.9.-otros contra el patrimonio,11379
2015,CATALUNA,6. seguridad colectiva,7760
2015,CATALUNA,6.1.-trafico de drogas,1953
2015,CATALUNA,6.2.-contra la seguridad vial,5672
2015,CATALUNA,6.3.-otros contra la seguridad colectiva,135
2015,CATALUNA,7. falsedades,3241
2015,CATALUNA,8. admon. publica,58
2015,CATALUNA,9. admon. justicia,3261
2015,CATALUNA,total infracciones penales,415464
2015,CIUDAD AUTONOMA DE CEUTA,1. contra las personas,697
2015,CIUDAD AUTONOMA DE CEUTA,1.1.-homicidios dolosos/asesinatos,7
2015,CIUDAD AUTONOMA DE CEUTA,1.1.1.-homicidios dolosos/asesinatos consumados,1
2015,CIUDAD AUTONOMA DE CEUTA,1.2.-lesiones,400
2015,CIUDAD AUTONOMA DE CEUTA,1.3.-malos tratos ambito familiar,190
2015,CIUDAD AUTONOMA DE CEUTA,1.4.-otros contra las personas,100
2015,CIUDAD AUTONOMA DE CEUTA,10. orden publico,120
2015,CIUDAD AUTONOMA DE CEUTA,11. legislacion especial,0
2015,CIUDAD AUTONOMA DE CEUTA,12. otras infracciones penales,102
2015,CIUDAD AUTONOMA DE CEUTA,2. contra la libertad,182
2015,CIUDAD AUTONOMA DE CEUTA,2.1.-malos tratos habituales en el ambito familiar,35
2015,CIUDAD AUTONOMA DE CEUTA,2.2.-otros contra la libertad,147
2015,CIUDAD AUTONOMA DE CEUTA,3. libertad sexual,17
2015,CIUDAD AUTONOMA DE CEUTA,3.1.-agresion sexual,10
2015,CIUDAD AUTONOMA DE CEUTA,3.2.-agresion sexual con penetracion,4
2015,CIUDAD AUTONOMA DE CEUTA,3.3.-corrupcion de menores o incapacitados,0
2015,CIUDAD AUTONOMA DE CEUTA,3.4.-pornografia de menores,0
2015,CIUDAD AUTONOMA DE CEUTA,3.5.-otros contra la libertad sexual,3
2015,CIUDAD AUTONOMA DE CEUTA,4. relaciones familiares,42
2015,CIUDAD AUTONOMA DE CEUTA,5. patrimonio,2723
2015,CIUDAD AUTONOMA DE CEUTA,5.1.-hurtos,1067
2015,CIUDAD AUTONOMA DE CEUTA,5.2.-robos con fuerza en las cosas,621
2015,CIUDAD AUTONOMA DE CEUTA,5.2.1.-robos con fuerza en las cosas en el interior de vehiculos,465
2015,CIUDAD AUTONOMA DE CEUTA,5.2.2.-robos con fuerza en viviendas,88
2015,CIUDAD AUTONOMA DE CEUTA,5.2.3.-robos con fuerza en establecimientos,21
2015,CIUDAD AUTONOMA DE CEUTA,5.3.-robos con violencia o intimidacion,174
2015,CIUDAD AUTONOMA DE CEUTA,5.3.1.-robos con violencia en via publica,141
2015,CIUDAD AUTONOMA DE CEUTA,5.3.2.-robos con violencia en viviendas,8
2015,CIUDAD AUTONOMA DE CEUTA,5.3.3.-robos con violencia en establecimientos,7
2015,CIUDAD AUTONOMA DE CEUTA,5.4.-sustraccion de vehiculos,350
2015,CIUDAD AUTONOMA DE CEUTA,5.5.-estafas,152
2015,CIUDAD AUTONOMA DE CEUTA,5.5.1.-estafas informaticas,62
2015,CIUDAD AUTONOMA DE CEUTA,5.6.-danos,327
2015,CIUDAD AUTONOMA DE CEUTA,5.7.-contra la propiedad intelectual/industrial,2
2015,CIUDAD AUTONOMA DE CEUTA,5.8.-blanqueo de capitales,0
2015,CIUDAD AUTONOMA DE CEUTA,5.9.-otros contra el patrimonio,30
2015,CIUDAD AUTONOMA DE CEUTA,6. seguridad colectiva,601
2015,CIUDAD AUTONOMA DE CEUTA,6.1.-trafico de drogas,388
2015,CIUDAD AUTONOMA DE CEUTA,6.2.-contra la seguridad vial,209
2015,CIUDAD AUTONOMA DE CEUTA,6.3.-otros contra la seguridad colectiva,4
2015,CIUDAD AUTONOMA DE CEUTA,7. falsedades,343
2015,CIUDAD AUTONOMA DE CEUTA,8. admon. publica,5
2015,CIUDAD AUTONOMA DE CEUTA,9. admon. justicia,129
2015,CIUDAD AUTONOMA DE CEUTA,total infracciones penales,4961
2015,CIUDAD AUTONOMA DE MELILLA,1. contra las personas,979
2015,CIUDAD AUTONOMA DE MELILLA,1.1.-homicidios dolosos/asesinatos,5
2015,CIUDAD AUTONOMA DE MELILLA,1.1.1.-homicidios dolosos/asesinatos consumados,1
2015,CIUDAD AUTONOMA DE MELILLA,1.2.-lesiones,491
2015,CIUDAD AUTONOMA DE MELILLA,1.3.-malos tratos ambito familiar,350
2015,CIUDAD AUTONOMA DE MELILLA,1.4.-otros contra las personas,133
2015,CIUDAD AUTONOMA DE MELILLA,10. orden publico,135
2015,CIUDAD AUTONOMA DE MELILLA,11. legislacion especial,1
2015,CIUDAD AUTONOMA DE MELILLA,12. otras infracciones penales,134
2015,CIUDAD AUTONOMA DE MELILLA,2. contra la libertad,172
2015,CIUDAD AUTONOMA DE MELILLA,2.1.-malos tratos habituales en el ambito familiar,15
2015,CIUDAD AUTONOMA DE MELILLA,2.2.-otros contra la libertad,157
2015,CIUDAD AUTONOMA DE MELILLA,3. libertad sexual,30
2015,CIUDAD AUTONOMA DE MELILLA,3.1.-agresion sexual,21
2015,CIUDAD AUTONOMA DE MELILLA,3.2.-agresion sexual con penetracion,2
2015,CIUDAD AUTONOMA DE MELILLA,3.3.-corrupcion de menores o incapacitados,1
2015,CIUDAD AUTONOMA DE MELILLA,3.4.-pornografia de menores,1
2015,CIUDAD AUTONOMA DE MELILLA,3.5.-otros contra la libertad sexual,5
2015,CIUDAD AUTONOMA DE MELILLA,4. relaciones familiares,35
2015,CIUDAD AUTONOMA DE MELILLA,5. patrimonio,2955
2015,CIUDAD AUTONOMA DE MELILLA,5.1.-hurtos,1328
2015,CIUDAD AUTONOMA DE MELILLA,5.2.-robos con fuerza en las cosas,686
2015,CIUDAD AUTONOMA DE MELILLA,5.2.1.-robos con fuerza en las cosas en el interior de vehiculos,417
2015,CIUDAD AUTONOMA DE MELILLA,5.2.2.-robos con fuerza en viviendas,97
2015,CIUDAD AUTONOMA DE MELILLA,5.2.3.-robos con fuerza en establecimientos,58
2015,CIUDAD AUTONOMA DE MELILLA,5.3.-robos con violencia o intimidacion,320
2015,CIUDAD AUTONOMA DE MELILLA,5.3.1.-robos con violencia en via publica,270
2015,CIUDAD AUTONOMA DE MELILLA,5.3.2.-robos con violencia en viviendas,4
2015,CIUDAD AUTONOMA DE MELILLA,5.3.3.-robos con violencia en establecimientos,4
2015,CIUDAD AUTONOMA DE MELILLA,5.4.-sustraccion de vehiculos,120
2015,CIUDAD AUTONOMA DE MELILLA,5.5.-estafas,119
2015,CIUDAD AUTONOMA DE MELILLA,5.5.1.-estafas informaticas,30
2015,CIUDAD AUTONOMA DE MELILLA,5.6.-danos,348
2015,CIUDAD AUTONOMA DE MELILLA,5.7.-contra la propiedad intelectual/industrial,4
2015,CIUDAD AUTONOMA DE MELILLA,5.8.-blanqueo de capitales,1
2015,CIUDAD AUTONOMA DE MELILLA,5.9.-otros contra el patrimonio,29
2015,CIUDAD AUTONOMA DE MELILLA,6. seguridad colectiva,272
2015,CIUDAD AUTONOMA DE MELILLA,6.1.-trafico de drogas,112
2015,CIUDAD AUTONOMA DE MELILLA,6.2.-contra la seguridad vial,124
2015,CIUDAD AUTONOMA DE MELILLA,6.3.-otros contra la seguridad colectiva,36
2015,CIUDAD AUTONOMA DE MELILLA,7. falsedades,91
2015,CIUDAD AUTONOMA DE MELILLA,8. admon. publica,12
2015,CIUDAD AUTONOMA DE MELILLA,9. admon. justicia,80
2015,CIUDAD AUTONOMA DE MELILLA,total infracciones penales,4896
2015,COMUNITAT VALENCIANA,1. contra las personas,26573
2015,COMUNITAT VALENCIANA,1.1.-homicidios dolosos/asesinatos,100
2015,COMUNITAT VALENCIANA,1.1.1.-homicidios dolosos/asesinatos consumados,48
2015,COMUNITAT VALENCIANA,1.2.-lesiones,10833
2015,COMUNITAT VALENCIANA,1.3.-malos tratos ambito familiar,9032
2015,COMUNITAT VALENCIANA,1.4.-otros contra las personas,6608
2015,COMUNITAT VALENCIANA,10. orden publico,3100
2015,COMUNITAT VALENCIANA,11. legislacion especial,17
2015,COMUNITAT VALENCIANA,12. otras infracciones penales,1107
2015,COMUNITAT VALENCIANA,2. contra la libertad,7906
2015,COMUNITAT VALENCIANA,2.1.-malos tratos habituales en el ambito familiar,1518
2015,COMUNITAT VALENCIANA,2.2.-otros contra la libertad,6388
2015,COMUNITAT VALENCIANA,3. libertad sexual,1216
2015,COMUNITAT VALENCIANA,3.1.-agresion sexual,658
2015,COMUNITAT VALENCIANA,3.2.-agresion sexual con penetracion,156
2015,COMUNITAT VALENCIANA,3.3.-corrupcion de menores o incapacitados,86
2015,COMUNITAT VALENCIANA,3.4.-pornografia de menores,88
2015,COMUNITAT VALENCIANA,3.5.-otros contra la libertad sexual,228
2015,COMUNITAT VALENCIANA,4. relaciones familiares,988
2015,COMUNITAT VALENCIANA,5. patrimonio,179704
2015,COMUNITAT VALENCIANA,5.1.-hurtos,78850
2015,COMUNITAT VALENCIANA,5.2.-robos con fuerza en las cosas,41473
2015,COMUNITAT VALENCIANA,5.2.1.-robos con fuerza en las cosas en el interior de vehiculos,10618
2015,COMUNITAT VALENCIANA,5.2.2.-robos con fuerza en viviendas,19712
2015,COMUNITAT VALENCIANA,5.2.3.-robos con fuerza en establecimientos,4850
2015,COMUNITAT VALENCIANA,5.3.-robos con violencia o intimidacion,6152
2015,COMUNITAT VALENCIANA,5.3.1.-robos con violencia en via publica,3925
2015,COMUNITAT VALENCIANA,5.3.2.-robos con violencia en viviendas,535
2015,COMUNITAT VALENCIANA,5.3.3.-robos con violencia en establecimientos,782
2015,COMUNITAT VALENCIANA,5.4.-sustraccion de vehiculos,4358
2015,COMUNITAT VALENCIANA,5.5.-estafas,15845
2015,COMUNITAT VALENCIANA,5.5.1.-estafas informaticas,5004
2015,COMUNITAT VALENCIANA,5.6.-danos,27949
2015,COMUNITAT VALENCIANA,5.7.-contra la propiedad intelectual/industrial,254
2015,COMUNITAT VALENCIANA,5.8.-blanqueo de capitales,24
2015,COMUNITAT VALENCIANA,5.9.-otros contra el patrimonio,4799
2015,COMUNITAT VALENCIANA,6. seguridad colectiva,7501
2015,COMUNITAT VALENCIANA,6.1.-trafico de drogas,1506
2015,COMUNITAT VALENCIANA,6.2.-contra la seguridad vial,5658
2015,COMUNITAT VALENCIANA,6.3.-otros contra la seguridad colectiva,337
2015,COMUNITAT VALENCIANA,7. falsedades,2379
2015,COMUNITAT VALENCIANA,8. admon. publica,97
2015,COMUNITAT VALENCIANA,9. admon. justicia,4137
2015,COMUNITAT VALENCIANA,total infracciones penales,234725
2015,EXTREMADURA,1. contra las personas,4245
2015,EXTREMADURA,1.1.-homicidios dolosos/asesinatos,9
2015,EXTREMADURA,1.1.1.-homicidios dolosos/asesinatos consumados,1
2015,EXTREMADURA,1.2.-lesiones,1902
2015,EXTREMADURA,1.3.-malos tratos ambito familiar,1013
2015,EXTREMADURA,1.4.-otros contra las personas,1321
2015,EXTREMADURA,10. orden publico,354
2015,EXTREMADURA,11. legislacion especial,1
2015,EXTREMADURA,12. otras infracciones penales,206
2015,EXTREMADURA,2. contra la libertad,1312
2015,EXTREMADURA,2.1.-malos tratos habituales en el ambito familiar,277
2015,EXTREMADURA,2.2.-otros contra la libertad,1035
2015,EXTREMADURA,3. libertad sexual,164
2015,EXTREMADURA,3.1.-agresion sexual,91
2015,EXTREMADURA,3.2.-agresion sexual con penetracion,20
2015,EXTREMADURA,3.3.-corrupcion de menores o incapacitados,10
2015,EXTREMADURA,3.4.-pornografia de menores,15
2015,EXTREMADURA,3.5.-otros contra la libertad sexual,28
2015,EXTREMADURA,4. relaciones familiares,231
2015,EXTREMADURA,5. patrimonio,18942
2015,EXTREMADURA,5.1.-hurtos,8083
2015,EXTREMADURA,5.2.-robos con fuerza en las cosas,4585
2015,EXTREMADURA,5.2.1.-robos con fuerza en las cosas en el interior de vehiculos,878
2015,EXTREMADURA,5.2.2.-robos con fuerza en viviendas,1334
2015,EXTREMADURA,5.2.3.-robos con fuerza en establecimientos,904
2015,EXTREMADURA,5.3.-robos con violencia o intimidacion,308
2015,EXTREMADURA,5.3.1.-robos con violencia en via publica,187
2015,EXTREMADURA,5.3.2.-robos con violencia en viviendas,38
2015,EXTREMADURA,5.3.3.-robos con violencia en establecimientos,52
2015,EXTREMADURA,5.4.-sustraccion de vehiculos,382
2015,EXTREMADURA,5.5.-estafas,1748
2015,EXTREMADURA,5.5.1.-estafas informaticas,602
2015,EXTREMADURA,5.6.-danos,3196
2015,EXTREMADURA,5.7.-contra la propiedad intelectual/industrial,34
2015,EXTREMADURA,5.8.-blanqueo de capitales,3
2015,EXTREMADURA,5.9.-otros contra el patrimonio,603
2015,EXTREMADURA,6. seguridad colectiva,966
2015,EXTREMADURA,6.1.-trafico de drogas,201
2015,EXTREMADURA,6.2.-contra la seguridad vial,711
2015,EXTREMADURA,6.3.-otros contra la seguridad colectiva,54
2015,EXTREMADURA,7. falsedades,299
2015,EXTREMADURA,8. admon. publica,1
2015,EXTREMADURA,9. admon. justicia,530
2015,EXTREMADURA,total infracciones penales,27251
2015,GALICIA,1. contra las personas,11296
2015,GALICIA,1.1.-homicidios dolosos/asesinatos,56
2015,GALICIA,1.1.1.-homicidios dolosos/asesinatos consumados,19
2015,GALICIA,1.2.-lesiones,5114
2015,GALICIA,1.3.-malos tratos ambito familiar,2651
2015,GALICIA,1.4.-otros contra las personas,3475
2015,GALICIA,10. orden publico,937
2015,GALICIA,11. legislacion especial,9
2015,GALICIA,12. otras infracciones penales,424
2015,GALICIA,2. contra la libertad,3736
2015,GALICIA,2.1.-malos tratos habituales en el ambito familiar,651
2015,GALICIA,2.2.-otros contra la libertad,3085
2015,GALICIA,3. libertad sexual,434
2015,GALICIA,3.1.-agresion sexual,263
2015,GALICIA,3.2.-agresion sexual con penetracion,70
2015,GALICIA,3.3.-corrupcion de menores o incapacitados,11
2015,GALICIA,3.4.-pornografia de menores,37
2015,GALICIA,3.5.-otros contra la libertad sexual,53
2015,GALICIA,4. relaciones familiares,286
2015,GALICIA,5. patrimonio,53286
2015,GALICIA,5.1.-hurtos,22032
2015,GALICIA,5.2.-robos con fuerza en las cosas,11616
2015,GALICIA,5.2.1.-robos con fuerza en las cosas en el interior de vehiculos,2827
2015,GALICIA,5.2.2.-robos con fuerza en viviendas,4235
2015,GALICIA,5.2.3.-robos con fuerza en establecimientos,2264
2015,GALICIA,5.3.-robos con violencia o intimidacion,1070
2015,GALICIA,5.3.1.-robos con violencia en via publica,567
2015,GALICIA,5.3.2.-robos con violencia en viviendas,113
2015,GALICIA,5.3.3.-robos con violencia en establecimientos,253
2015,GALICIA,5.4.-sustraccion de vehiculos,980
2015,GALICIA,5.5.-estafas,6171
2015,GALICIA,5.5.1.-estafas informaticas,2628
2015,GALICIA,5.6.-danos,9924
2015,GALICIA,5.7.-contra la propiedad intelectual/industrial,77
2015,GALICIA,5.8.-blanqueo de capitales,8
2015,GALICIA,5.9.-otros contra el patrimonio,1408
2015,GALICIA,6. seguridad colectiva,4513
2015,GALICIA,6.1.-trafico de drogas,348
2015,GALICIA,6.2.-contra la seguridad vial,4020
2015,GALICIA,6.3.-otros contra la seguridad colectiva,145
2015,GALICIA,7. falsedades,630
2015,GALICIA,8. admon. publica,37
2015,GALICIA,9. admon. justicia,1032
2015,GALICIA,total infracciones penales,76620
2015,MADRID (COMUNIDAD DE),1. contra las personas,30615
2015,MADRID (COMUNIDAD DE),1.1.-homicidios dolosos/asesinatos,90
2015,MADRID (COMUNIDAD DE),1.1.1.-homicidios dolosos/asesinatos consumados,30
2015,MADRID (COMUNIDAD DE),1.2.-lesiones,12700
2015,MADRID (COMUNIDAD DE),1.3.-malos tratos ambito familiar,11249
2015,MADRID (COMUNIDAD DE),1.4.-otros contra las personas,6576
2015,MADRID (COMUNIDAD DE),10. orden publico,4178
2015,MADRID (COMUNIDAD DE),11. legislacion especial,19
2015,MADRID (COMUNIDAD DE),12. otras infracciones penales,1469
2015,MADRID (COMUNIDAD DE),2. contra la libertad,8609
2015,MADRID (COMUNIDAD DE),2.1.-malos tratos habituales en el ambito familiar,1145
2015,MADRID (COMUNIDAD DE),2.2.-otros contra la libertad,7464
2015,MADRID (COMUNIDAD DE),3. libertad sexual,1415
2015,MADRID (COMUNIDAD DE),3.1.-agresion sexual,770
2015,MADRID (COMUNIDAD DE),3.2.-agresion sexual con penetracion,284
2015,MADRID (COMUNIDAD DE),3.3.-corrupcion de menores o incapacitados,47
2015,MADRID (COMUNIDAD DE),3.4.-pornografia de menores,87
2015,MADRID (COMUNIDAD DE),3.5.-otros contra la libertad sexual,227
2015,MADRID (COMUNIDAD DE),4. relaciones familiares,1228
2015,MADRID (COMUNIDAD DE),5. patrimonio,304377
2015,MADRID (COMUNIDAD DE),5.1.-hurtos,144569
2015,MADRID (COMUNIDAD DE),5.2.-robos con fuerza en las cosas,52667
2015,MADRID (COMUNIDAD DE),5.2.1.-robos con fuerza en las cosas en el interior de vehiculos,24021
2015,MADRID (COMUNIDAD DE),5.2.2.-robos con fuerza en viviendas,15915
2015,MADRID (COMUNIDAD DE),5.2.3.-robos con fuerza en establecimientos,6488
2015,MADRID (COMUNIDAD DE),5.3.-robos con violencia o intimidacion,17454
2015,MADRID (COMUNIDAD DE),5.3.1.-robos con violencia en via publica,12307
2015,MADRID (COMUNIDAD DE),5.3.2.-robos con violencia en viviendas,1463
2015,MADRID (COMUNIDAD DE),5.3.3.-robos con violencia en establecimientos,1607
2015,MADRID (COMUNIDAD DE),5.4.-sustraccion de vehiculos,10113
2015,MADRID (COMUNIDAD DE),5.5.-estafas,28952
2015,MADRID (COMUNIDAD DE),5.5.1.-estafas informaticas,7001
2015,MADRID (COMUNIDAD DE),5.6.-danos,43823
2015,MADRID (COMUNIDAD DE),5.7.-contra la propiedad intelectual/industrial,285
2015,MADRID (COMUNIDAD DE),5.8.-blanqueo de capitales,74
2015,MADRID (COMUNIDAD DE),5.9.-otros contra el patrimonio,6440
2015,MADRID (COMUNIDAD DE),6. seguridad colectiva,6081
2015,MADRID (COMUNIDAD DE),6.1.-trafico de drogas,1441
2015,MADRID (COMUNIDAD DE),6.2.-contra la seguridad vial,4373
2015,MADRID (COMUNIDAD DE),6.3.-otros contra la seguridad colectiva,267
2015,MADRID (COMUNIDAD DE),7. falsedades,3371
2015,MADRID (COMUNIDAD DE),8. admon. publica,57
2015,MADRID (COMUNIDAD DE),9. admon. justicia,3587
2015,MADRID (COMUNIDAD DE),total infracciones penales,365006
2015,MURCIA (REGION DE),1. contra las personas,7534
2015,MURCIA (REGION DE),1.1.-homicidios dolosos/asesinatos,37
2015,MURCIA (REGION DE),1.1.1.-homicidios dolosos/asesinatos consumados,12
2015,MURCIA (REGION DE),1.2.-lesiones,3241
2015,MURCIA (REGION DE),1.3.-malos tratos ambito familiar,2516
2015,MURCIA (REGION DE),1.4.-otros contra las personas,1740
2015,MURCIA (REGION DE),10. orden publico,492
2015,MURCIA (REGION DE),11. legislacion especial,1
2015,MURCIA (REGION DE),12. otras infracciones penales,242
2015,MURCIA (REGION DE),2. contra la libertad,2122
2015,MURCIA (REGION DE),2.1.-malos tratos habituales en el ambito familiar,329
2015,MURCIA (REGION DE),2.2.-otros contra la libertad,1793
2015,MURCIA (REGION DE),3. libertad sexual,368
2015,MURCIA (REGION DE),3.1.-agresion sexual,197
2015,MURCIA (REGION DE),3.2.-agresion sexual con penetracion,53
2015,MURCIA (REGION DE),3.3.-corrupcion de menores o incapacitados,17
2015,MURCIA (REGION DE),3.4.-pornografia de menores,22
2015,MURCIA (REGION DE),3.5.-otros contra la libertad sexual,79
2015,MURCIA (REGION DE),4. relaciones familiares,581
2015,MURCIA (REGION DE),5. patrimonio,39276
2015,MURCIA (REGION DE),5.1.-hurtos,16697
2015,MURCIA (REGION DE),5.2.-robos con fuerza en las cosas,11376
2015,MURCIA (REGION DE),5.2.1.-robos con fuerza en las cosas en el interior de vehiculos,2885
2015,MURCIA (REGION DE),5.2.2.-robos con fuerza en viviendas,5068
2015,MURCIA (REGION DE),5.2.3.-robos con fuerza en establecimientos,1319
2015,MURCIA (REGION DE),5.3.-robos con violencia o intimidacion,1480
2015,MURCIA (REGION DE),5.3.1.-robos con violencia en via publica,925
2015,MURCIA (REGION DE),5.3.2.-robos con violencia en viviendas,139
2015,MURCIA (REGION DE),5.3.3.-robos con violencia en establecimientos,204
2015,MURCIA (REGION DE),5.4.-sustraccion de vehiculos,1332
2015,MURCIA (REGION DE),5.5.-estafas,2543
2015,MURCIA (REGION DE),5.5.1.-estafas informaticas,718
2015,MURCIA (REGION DE),5.6.-danos,4661
2015,MURCIA (REGION DE),5.7.-contra la propiedad intelectual/industrial,61
2015,MURCIA (REGION DE),5.8.-blanqueo de capitales,7
2015,MURCIA (REGION DE),5.9.-otros contra el patrimonio,1119
2015,MURCIA (REGION DE),6. seguridad colectiva,1411
2015,MURCIA (REGION DE),6.1.-trafico de drogas,248
2015,MURCIA (REGION DE),6.2.-contra la seguridad vial,1116
2015,MURCIA (REGION DE),6.3.-otros contra la seguridad colectiva,47
2015,MURCIA (REGION DE),7. falsedades,532
2015,MURCIA (REGION DE),8. admon. publica,5
2015,MURCIA (REGION DE),9. admon. justicia,810
2015,MURCIA (REGION DE),total infracciones penales,53374
2015,NAVARRA (COMUNIDAD FORAL DE),1. contra las personas,2945
2015,NAVARRA (COMUNIDAD FORAL DE),1.1.-homicidios dolosos/asesinatos,15
2015,NAVARRA (COMUNIDAD FORAL DE),1.1.1.-homicidios dolosos/asesinatos consumados,3
2015,NAVARRA (COMUNIDAD FORAL DE),1.2.-lesiones,1299
2015,NAVARRA (COMUNIDAD FORAL DE),1.3.-malos tratos ambito familiar,759
2015,NAVARRA (COMUNIDAD FORAL DE),1.4.-otros contra las personas,872
2015,NAVARRA (COMUNIDAD FORAL DE),10. orden publico,453
2015,NAVARRA (COMUNIDAD FORAL DE),11. legislacion especial,3
2015,NAVARRA (COMUNIDAD FORAL DE),12. otras infracciones penales,211
2015,NAVARRA (COMUNIDAD FORAL DE),2. contra la libertad,977
2015,NAVARRA (COMUNIDAD FORAL DE),2.1.-malos tratos habituales en el ambito familiar,137
2015,NAVARRA (COMUNIDAD FORAL DE),2.2.-otros contra la libertad,840
2015,NAVARRA (COMUNIDAD FORAL DE),3. libertad sexual,139
2015,NAVARRA (COMUNIDAD FORAL DE),3.1.-agresion sexual,60
2015,NAVARRA (COMUNIDAD FORAL DE),3.2.-agresion sexual con penetracion,26
2015,NAVARRA (COMUNIDAD FORAL DE),3.3.-corrupcion de menores o incapacitados,9
2015,NAVARRA (COMUNIDAD FORAL DE),3.4.-pornografia de menores,8
2015,NAVARRA (COMUNIDAD FORAL DE),3.5.-otros contra la libertad sexual,36
2015,NAVARRA (COMUNIDAD FORAL DE),4. relaciones familiares,122
2015,NAVARRA (COMUNIDAD FORAL DE),5. patrimonio,17511
2015,NAVARRA (COMUNIDAD FORAL DE),5.1.-hurtos,7845
2015,NAVARRA (COMUNIDAD FORAL DE),5.2.-robos con fuerza en las cosas,2833
2015,NAVARRA (COMUNIDAD FORAL DE),5.2.1.-robos con fuerza en las cosas en el interior de vehiculos,617
2015,NAVARRA (COMUNIDAD FORAL DE),5.2.2.-robos con fuerza en viviendas,967
2015,NAVARRA (COMUNIDAD FORAL DE),5.2.3.-robos con fuerza en establecimientos,342
2015,NAVARRA (COMUNIDAD FORAL DE),5.3.-robos con violencia o intimidacion,351
2015,NAVARRA (COMUNIDAD FORAL DE),5.3.1.-robos con violencia en via publica,203
2015,NAVARRA (COMUNIDAD FORAL DE),5.3.2.-robos con violencia en viviendas,27
2015,NAVARRA (COMUNIDAD FORAL DE),5.3.3.-robos con violencia en establecimientos,68
2015,NAVARRA (COMUNIDAD FORAL DE),5.4.-sustraccion de vehiculos,186
2015,NAVARRA (COMUNIDAD FORAL DE),5.5.-estafas,2633
2015,NAVARRA (COMUNIDAD FORAL DE),5.5.1.-estafas informaticas,1285
2015,NAVARRA (COMUNIDAD FORAL DE),5.6.-danos,3158
2015,NAVARRA (COMUNIDAD FORAL DE),5.7.-contra la propiedad intelectual/industrial,33
2015,NAVARRA (COMUNIDAD FORAL DE),5.8.-blanqueo de capitales,3
2015,NAVARRA (COMUNIDAD FORAL DE),5.9.-otros contra el patrimonio,469
2015,NAVARRA (COMUNIDAD FORAL DE),6. seguridad colectiva,990
2015,NAVARRA (COMUNIDAD FORAL DE),6.1.-trafico de drogas,146
2015,NAVARRA (COMUNIDAD FORAL DE),6.2.-contra la seguridad vial,791
2015,NAVARRA (COMUNIDAD FORAL DE),6.3.-otros contra la seguridad colectiva,53
2015,NAVARRA (COMUNIDAD FORAL DE),7. falsedades,245
2015,NAVARRA (COMUNIDAD FORAL DE),8. admon. publica,15
2015,NAVARRA (COMUNIDAD FORAL DE),9. admon. justicia,321
2015,NAVARRA (COMUNIDAD FORAL DE),total infracciones penales,23932
2015,PAIS VASCO,1. contra las personas,8881
2015,PAIS VASCO,1.1.-homicidios dolosos/asesinatos,54
2015,PAIS VASCO,1.1.1.-homicidios dolosos/asesinatos consumados,11
2015,PAIS VASCO,1.2.-lesiones,4223
2015,PAIS VASCO,1.3.-malos tratos ambito familiar,796
2015,PAIS VASCO,1.4.-otros contra las personas,3808
2015,PAIS VASCO,10. orden publico,1165
2015,PAIS VASCO,11. legislacion especial,3
2015,PAIS VASCO,12. otras infracciones penales,600
2015,PAIS VASCO,2. contra la libertad,6342
2015,PAIS VASCO,2.1.-malos tratos habituales en el ambito familiar,3223
2015,PAIS VASCO,2.2.-otros contra la libertad,3119
2015,PAIS VASCO,3. libertad sexual,411
2015,PAIS VASCO,3.1.-agresion sexual,238
2015,PAIS VASCO,3.2.-agresion sexual con penetracion,47
2015,PAIS VASCO,3.3.-corrupcion de menores o incapacitados,16
2015,PAIS VASCO,3.4.-pornografia de menores,34
2015,PAIS VASCO,3.5.-otros contra la libertad sexual,76
2015,PAIS VASCO,4. relaciones familiares,302
2015,PAIS VASCO,5. patrimonio,62875
2015,PAIS VASCO,5.1.-hurtos,28194
2015,PAIS VASCO,5.2.-robos con fuerza en las cosas,14029
2015,PAIS VASCO,5.2.1.-robos con fuerza en las cosas en el interior de vehiculos,26
2015,PAIS VASCO,5.2.2.-robos con fuerza en viviendas,4739
2015,PAIS VASCO,5.2.3.-robos con fuerza en establecimientos,2773
2015,PAIS VASCO,5.3.-robos con violencia o intimidacion,1908
2015,PAIS VASCO,5.3.1.-robos con violencia en via publica,1238
2015,PAIS VASCO,5.3.2.-robos con violencia en viviendas,205
2015,PAIS VASCO,5.3.3.-robos con violencia en establecimientos,258
2015,PAIS VASCO,5.4.-sustraccion de vehiculos,879
2015,PAIS VASCO,5.5.-estafas,8465
2015,PAIS VASCO,5.5.1.-estafas informaticas,6133
2015,PAIS VASCO,5.6.-danos,7588
2015,PAIS VASCO,5.7.-contra la propiedad intelectual/industrial,24
2015,PAIS VASCO,5.8.-blanqueo de capitales,5
2015,PAIS VASCO,5.9.-otros contra el patrimonio,1783
2015,PAIS VASCO,6. seguridad colectiva,2392
2015,PAIS VASCO,6.1.-trafico de drogas,356
2015,PAIS VASCO,6.2.-contra la seguridad vial,1978
2015,PAIS VASCO,6.3.-otros contra la seguridad colectiva,58
2015,PAIS VASCO,7. falsedades,1017
2015,PAIS VASCO,8. admon. publica,34
2015,PAIS VASCO,9. admon. justicia,1479
2015,PAIS VASCO,total infracciones penales,85501
2015,RIOJA (LA),1. contra las personas,1176
2015,RIOJA (LA),1.1.-homicidios dolosos/asesinatos,6
2015,RIOJA (LA),1.1.1.-homicidios dolosos/asesinatos consumados,1
2015,RIOJA (LA),1.2.-lesiones,543
2015,RIOJA (LA),1.3.-malos tratos ambito familiar,414
2015,RIOJA (LA),1.4.-otros contra las personas,213
2015,RIOJA (LA),10. orden publico,123
2015,RIOJA (LA),11. legislacion especial,0
2015,RIOJA (LA),12. otras infracciones penales,30
2015,RIOJA (LA),2. contra la libertad,327
2015,RIOJA (LA),2.1.-malos tratos habituales en el ambito familiar,46
2015,RIOJA (LA),2.2.-otros contra la libertad,281
2015,RIOJA (LA),3. libertad sexual,49
2015,RIOJA (LA),3.1.-agresion sexual,30
2015,RIOJA (LA),3.2.-agresion sexual con penetracion,9
2015,RIOJA (LA),3.3.-corrupcion de menores o incapacitados,3
2015,RIOJA (LA),3.4.-pornografia de menores,1
2015,RIOJA (LA),3.5.-otros contra la libertad sexual,6
2015,RIOJA (LA),4. relaciones familiares,34
2015,RIOJA (LA),5. patrimonio,6260
2015,RIOJA (LA),5.1.-hurtos,2877
2015,RIOJA (LA),5.2.-robos con fuerza en las cosas,1438
2015,RIOJA (LA),5.2.1.-robos con fuerza en las cosas en el interior de vehiculos,229
2015,RIOJA (LA),5.2.2.-robos con fuerza en viviendas,647
2015,RIOJA (LA),5.2.3.-robos con fuerza en establecimientos,170
2015,RIOJA (LA),5.3.-robos con violencia o intimidacion,136
2015,RIOJA (LA),5.3.1.-robos con violencia en via publica,92
2015,RIOJA (LA),5.3.2.-robos con violencia en viviendas,11
2015,RIOJA (LA),5.3.3.-robos con violencia en establecimientos,17
2015,RIOJA (LA),5.4.-sustraccion de vehiculos,132
2015,RIOJA (LA),5.5.-estafas,449
2015,RIOJA (LA),5.5.1.-estafas informaticas,159
2015,RIOJA (LA),5.6.-danos,1042
2015,RIOJA (LA),5.7.-contra la propiedad intelectual/industrial,2
2015,RIOJA (LA),5.8.-blanqueo de capitales,1
2015,RIOJA (LA),5.9.-otros contra el patrimonio,183
2015,RIOJA (LA),6. seguridad colectiva,339
2015,RIOJA (LA),6.1.-trafico de drogas,61
2015,RIOJA (LA),6.2.-contra la seguridad vial,270
2015,RIOJA (LA),6.3.-otros contra la seguridad colectiva,8
2015,RIOJA (LA),7. falsedades,62
2015,RIOJA (LA),8. admon. publica,1
2015,RIOJA (LA),9. admon. justicia,126
2015,RIOJA (LA),total infracciones penales,8527
2016,ANDALUCIA,1. contra las personas,33661
2016,ANDALUCIA,1.1.-homicidios dolosos/asesinatos,295
2016,ANDALUCIA,1.1.1.-homicidios dolosos/asesinatos consumados,68
2016,ANDALUCIA,1.2.-lesiones,19149
2016,ANDALUCIA,1.3.-malos tratos ambito familiar,13747
2016,ANDALUCIA,1.4.-otros contra las personas,470
2016,ANDALUCIA,10. orden publico,3450
2016,ANDALUCIA,11. legislacion especial,86
2016,ANDALUCIA,12. otras infracciones penales,2382
2016,ANDALUCIA,2. contra la libertad,23184
2016,ANDALUCIA,2.1.-malos tratos habituales en el ambito familiar,2703
2016,ANDALUCIA,2.2.-otros contra la libertad,20481
2016,ANDALUCIA,3. libertad sexual,1837
2016,ANDALUCIA,3.1.-agresion sexual,1043
2016,ANDALUCIA,3.2.-agresion sexual con penetracion,263
2016,ANDALUCIA,3.3.-corrupcion de menores o incapacitados,64
2016,ANDALUCIA,3.4.-pornografia de menores,111
2016,ANDALUCIA,3.5.-otros contra la libertad sexual,356
2016,ANDALUCIA,4. relaciones familiares,1527
2016,ANDALUCIA,5. patrimonio,243163
2016,ANDALUCIA,5.1.-hurtos,109491
2016,ANDALUCIA,5.2.-robos con fuerza en las cosas,54283
2016,ANDALUCIA,5.2.1.-robos con fuerza en las cosas en el interior de vehiculos,19022
2016,ANDALUCIA,5.2.2.-robos con fuerza en viviendas,18367
2016,ANDALUCIA,5.2.3.-robos con fuerza en establecimientos,7772
2016,ANDALUCIA,5.3.-robos con violencia o intimidacion,7431
2016,ANDALUCIA,5.3.1.-robos con violencia en via publica,5051
2016,ANDALUCIA,5.3.2.-robos con violencia en viviendas,591
2016,ANDALUCIA,5.3.3.-robos con violencia en establecimientos,956
2016,ANDALUCIA,5.4.-sustraccion de vehiculos,8835
2016,ANDALUCIA,5.5.-estafas,21551
2016,ANDALUCIA,5.5.1.-estafas informaticas,8165
2016,ANDALUCIA,5.6.-danos,34528
2016,ANDALUCIA,5.7.-contra la propiedad intelectual/industrial,523
2016,ANDALUCIA,5.8.-blanqueo de capitales,57
2016,ANDALUCIA,5.9.-otros contra el patrimonio,6464
2016,ANDALUCIA,6. seguridad colectiva,12880
2016,ANDALUCIA,6.1.-trafico de drogas,3143
2016,ANDALUCIA,6.2.-contra la seguridad vial,9318
2016,ANDALUCIA,6.3.-otros contra la seguridad colectiva,419
2016,ANDALUCIA,7. falsedades,3606
2016,ANDALUCIA,8. admon. publica,190
2016,ANDALUCIA,9. admon. justicia,5870
2016,ANDALUCIA,total infracciones penales,331836
2016,ARAGON,1. contra las personas,4005
2016,ARAGON,1.1.-homicidios dolosos/asesinatos,25
2016,ARAGON,1.1.1.-homicidios dolosos/asesinatos consumados,8
2016,ARAGON,1.2.-lesiones,2073
2016,ARAGON,1.3.-malos tratos ambito familiar,1864
2016,ARAGON,1.4.-otros contra las personas,43
2016,ARAGON,10. orden publico,438
2016,ARAGON,11. legislacion especial,1
2016,ARAGON,12. otras infracciones penales,276
2016,ARAGON,2. contra la libertad,2134
2016,ARAGON,2.1.-malos tratos habituales en el ambito familiar,251
2016,ARAGON,2.2.-otros contra la libertad,1883
2016,ARAGON,3. libertad sexual,287
2016,ARAGON,3.1.-agresion sexual,169
2016,ARAGON,3.2.-agresion sexual con penetracion,51
2016,ARAGON,3.3.-corrupcion de menores o incapacitados,20
2016,ARAGON,3.4.-pornografia de menores,8
2016,ARAGON,3.5.-otros contra la libertad sexual,39
2016,ARAGON,4. relaciones familiares,155
2016,ARAGON,5. patrimonio,28874
2016,ARAGON,5.1.-hurtos,11936
2016,ARAGON,5.2.-robos con fuerza en las cosas,5615
2016,ARAGON,5.2.1.-robos con fuerza en las cosas en el interior de vehiculos,1371
2016,ARAGON,5.2.2.-robos con fuerza en viviendas,1898
2016,ARAGON,5.2.3.-robos con fuerza en establecimientos,713
2016,ARAGON,5.3.-robos con violencia o intimidacion,910
2016,ARAGON,5.3.1.-robos con violencia en via publica,613
2016,ARAGON,5.3.2.-robos con violencia en viviendas,65
2016,ARAGON,5.3.3.-robos con violencia en establecimientos,128
2016,ARAGON,5.4.-sustraccion de vehiculos,388
2016,ARAGON,5.5.-estafas,3813
2016,ARAGON,5.5.1.-estafas informaticas,1437
2016,ARAGON,5.6.-danos,5222
2016,ARAGON,5.7.-contra la propiedad intelectual/industrial,28
2016,ARAGON,5.8.-blanqueo de capitales,8
2016,ARAGON,5.9.-otros contra el patrimonio,954
2016,ARAGON,6. seguridad colectiva,1043
2016,ARAGON,6.1.-trafico de drogas,252
2016,ARAGON,6.2.-contra la seguridad vial,719
2016,ARAGON,6.3.-otros contra la seguridad colectiva,72
2016,ARAGON,7. falsedades,330
2016,ARAGON,8. admon. publica,9
2016,ARAGON,9. admon. justicia,594
2016,ARAGON,total infracciones penales,38146
2016,ASTURIAS (PRINCIPADO DE),1. contra las personas,3239
2016,ASTURIAS (PRINCIPADO DE),1.1.-homicidios dolosos/asesinatos,22
2016,ASTURIAS (PRINCIPADO DE),1.1.1.-homicidios dolosos/asesinatos consumados,6
2016,ASTURIAS (PRINCIPADO DE),1.2.-lesiones,1989
2016,ASTURIAS (PRINCIPADO DE),1.3.-malos tratos ambito familiar,1179
2016,ASTURIAS (PRINCIPADO DE),1.4.-otros contra las personas,49
2016,ASTURIAS (PRINCIPADO DE),10. orden publico,368
2016,ASTURIAS (PRINCIPADO DE),11. legislacion especial,0
2016,ASTURIAS (PRINCIPADO DE),12. otras infracciones penales,230
2016,ASTURIAS (PRINCIPADO DE),2. contra la libertad,1824
2016,ASTURIAS (PRINCIPADO DE),2.1.-malos tratos habituales en el ambito familiar,130
2016,ASTURIAS (PRINCIPADO DE),2.2.-otros contra la libertad,1694
2016,ASTURIAS (PRINCIPADO DE),3. libertad sexual,146
2016,ASTURIAS (PRINCIPADO DE),3.1.-agresion sexual,84
2016,ASTURIAS (PRINCIPADO DE),3.2.-agresion sexual con penetracion,26
2016,ASTURIAS (PRINCIPADO DE),3.3.-corrupcion de menores o incapacitados,2
2016,ASTURIAS (PRINCIPADO DE),3.4.-pornografia de menores,10
2016,ASTURIAS (PRINCIPADO DE),3.5.-otros contra la libertad sexual,24
2016,ASTURIAS (PRINCIPADO DE),4. relaciones familiares,106
2016,ASTURIAS (PRINCIPADO DE),5. patrimonio,18359
2016,ASTURIAS (PRINCIPADO DE),5.1.-hurtos,7638
2016,ASTURIAS (PRINCIPADO DE),5.2.-robos con fuerza en las cosas,3043
2016,ASTURIAS (PRINCIPADO DE),5.2.1.-robos con fuerza en las cosas en el interior de vehiculos,565
2016,ASTURIAS (PRINCIPADO DE),5.2.2.-robos con fuerza en viviendas,1101
2016,ASTURIAS (PRINCIPADO DE),5.2.3.-robos con fuerza en establecimientos,832
2016,ASTURIAS (PRINCIPADO DE),5.3.-robos con violencia o intimidacion,531
2016,ASTURIAS (PRINCIPADO DE),5.3.1.-robos con violencia en via publica,321
2016,ASTURIAS (PRINCIPADO DE),5.3.2.-robos con violencia en viviendas,44
2016,ASTURIAS (PRINCIPADO DE),5.3.3.-robos con violencia en establecimientos,103
2016,ASTURIAS (PRINCIPADO DE),5.4.-sustraccion de vehiculos,371
2016,ASTURIAS (PRINCIPADO DE),5.5.-estafas,2955
2016,ASTURIAS (PRINCIPADO DE),5.5.1.-estafas informaticas,1277
2016,ASTURIAS (PRINCIPADO DE),5.6.-danos,3025
2016,ASTURIAS (PRINCIPADO DE),5.7.-contra la propiedad intelectual/industrial,12
2016,ASTURIAS (PRINCIPADO DE),5.8.-blanqueo de capitales,0
2016,ASTURIAS (PRINCIPADO DE),5.9.-otros contra el patrimonio,784
2016,ASTURIAS (PRINCIPADO DE),6. seguridad colectiva,1108
2016,ASTURIAS (PRINCIPADO DE),6.1.-trafico de drogas,103
2016,ASTURIAS (PRINCIPADO DE),6.2.-contra la seguridad vial,946
2016,ASTURIAS (PRINCIPADO DE),6.3.-otros contra la seguridad colectiva,59
2016,ASTURIAS (PRINCIPADO DE),7. falsedades,201
2016,ASTURIAS (PRINCIPADO DE),8. admon. publica,0
2016,ASTURIAS (PRINCIPADO DE),9. admon. justicia,512
2016,ASTURIAS (PRINCIPADO DE),total infracciones penales,26093
2016,BALEARS (ILLES),1. contra las personas,6609
2016,BALEARS (ILLES),1.1.-homicidios dolosos/asesinatos,32
2016,BALEARS (ILLES),1.1.1.-homicidios dolosos/asesinatos consumados,9
2016,BALEARS (ILLES),1.2.-lesiones,3456
2016,BALEARS (ILLES),1.3.-malos tratos ambito familiar,3045
2016,BALEARS (ILLES),1.4.-otros contra las personas,76
2016,BALEARS (ILLES),10. orden publico,643
2016,BALEARS (ILLES),11. legislacion especial,3
2016,BALEARS (ILLES),12. otras infracciones penales,316
2016,BALEARS (ILLES),2. contra la libertad,4258
2016,BALEARS (ILLES),2.1.-malos tratos habituales en el ambito familiar,514
2016,BALEARS (ILLES),2.2.-otros contra la libertad,3744
2016,BALEARS (ILLES),3. libertad sexual,442
2016,BALEARS (ILLES),3.1.-agresion sexual,256
2016,BALEARS (ILLES),3.2.-agresion sexual con penetracion,69
2016,BALEARS (ILLES),3.3.-corrupcion de menores o incapacitados,27
2016,BALEARS (ILLES),3.4.-pornografia de menores,17
2016,BALEARS (ILLES),3.5.-otros contra la libertad sexual,73
2016,BALEARS (ILLES),4. relaciones familiares,212
2016,BALEARS (ILLES),5. patrimonio,51859
2016,BALEARS (ILLES),5.1.-hurtos,27962
2016,BALEARS (ILLES),5.2.-robos con fuerza en las cosas,8737
2016,BALEARS (ILLES),5.2.1.-robos con fuerza en las cosas en el interior de vehiculos,2965
2016,BALEARS (ILLES),5.2.2.-robos con fuerza en viviendas,3104
2016,BALEARS (ILLES),5.2.3.-robos con fuerza en establecimientos,1138
2016,BALEARS (ILLES),5.3.-robos con violencia o intimidacion,1186
2016,BALEARS (ILLES),5.3.1.-robos con violencia en via publica,721
2016,BALEARS (ILLES),5.3.2.-robos con violencia en viviendas,78
2016,BALEARS (ILLES),5.3.3.-robos con violencia en establecimientos,175
2016,BALEARS (ILLES),5.4.-sustraccion de vehiculos,1925
2016,BALEARS (ILLES),5.5.-estafas,5028
2016,BALEARS (ILLES),5.5.1.-estafas informaticas,2113
2016,BALEARS (ILLES),5.6.-danos,5064
2016,BALEARS (ILLES),5.7.-contra la propiedad intelectual/industrial,91
2016,BALEARS (ILLES),5.8.-blanqueo de capitales,4
2016,BALEARS (ILLES),5.9.-otros contra el patrimonio,1862
2016,BALEARS (ILLES),6. seguridad colectiva,2332
2016,BALEARS (ILLES),6.1.-trafico de drogas,500
2016,BALEARS (ILLES),6.2.-contra la seguridad vial,1764
2016,BALEARS (ILLES),6.3.-otros contra la seguridad colectiva,68
2016,BALEARS (ILLES),7. falsedades,479
2016,BALEARS (ILLES),8. admon. publica,27
2016,BALEARS (ILLES),9. admon. justicia,980
2016,BALEARS (ILLES),total infracciones penales,68160
2016,CANARIAS,1. contra las personas,11021
2016,CANARIAS,1.1.-homicidios dolosos/asesinatos,65
2016,CANARIAS,1.1.1.-homicidios dolosos/asesinatos consumados,21
2016,CANARIAS,1.2.-lesiones,6370
2016,CANARIAS,1.3.-malos tratos ambito familiar,4487
2016,CANARIAS,1.4.-otros contra las personas,99
2016,CANARIAS,10. orden publico,863
2016,CANARIAS,11. legislacion especial,3
2016,CANARIAS,12. otras infracciones penales,407
2016,CANARIAS,2. contra la libertad,8344
2016,CANARIAS,2.1.-malos tratos habituales en el ambito familiar,695
2016,CANARIAS,2.2.-otros contra la libertad,7649
2016,CANARIAS,3. libertad sexual,530
2016,CANARIAS,3.1.-agresion sexual,318
2016,CANARIAS,3.2.-agresion sexual con penetracion,76
2016,CANARIAS,3.3.-corrupcion de menores o incapacitados,23
2016,CANARIAS,3.4.-pornografia de menores,26
2016,CANARIAS,3.5.-otros contra la libertad sexual,87
2016,CANARIAS,4. relaciones familiares,837
2016,CANARIAS,5. patrimonio,61781
2016,CANARIAS,5.1.-hurtos,30971
2016,CANARIAS,5.2.-robos con fuerza en las cosas,12658
2016,CANARIAS,5.2.1.-robos con fuerza en las cosas en el interior de vehiculos,4507
2016,CANARIAS,5.2.2.-robos con fuerza en viviendas,3572
2016,CANARIAS,5.2.3.-robos con fuerza en establecimientos,2053
2016,CANARIAS,5.3.-robos con violencia o intimidacion,1537
2016,CANARIAS,5.3.1.-robos con violencia en via publica,962
2016,CANARIAS,5.3.2.-robos con violencia en viviendas,132
2016,CANARIAS,5.3.3.-robos con violencia en establecimientos,249
2016,CANARIAS,5.4.-sustraccion de vehiculos,1606
2016,CANARIAS,5.5.-estafas,5481
2016,CANARIAS,5.5.1.-estafas informaticas,1696
2016,CANARIAS,5.6.-danos,7240
2016,CANARIAS,5.7.-contra la propiedad intelectual/industrial,87
2016,CANARIAS,5.8.-blanqueo de capitales,15
2016,CANARIAS,5.9.-otros contra el patrimonio,2186
2016,CANARIAS,6. seguridad colectiva,3029
2016,CANARIAS,6.1.-trafico de drogas,601
2016,CANARIAS,6.2.-contra la seguridad vial,2363
2016,CANARIAS,6.3.-otros contra la seguridad colectiva,65
2016,CANARIAS,7. falsedades,643
2016,CANARIAS,8. admon. publica,26
2016,CANARIAS,9. admon. justicia,1298
2016,CANARIAS,total infracciones penales,88782
2016,CANTABRIA,1. contra las personas,1971
2016,CANTABRIA,1.1.-homicidios dolosos/asesinatos,8
2016,CANTABRIA,1.1.1.-homicidios dolosos/asesinatos consumados,0
2016,CANTABRIA,1.2.-lesiones,1341
2016,CANTABRIA,1.3.-malos tratos ambito familiar,572
2016,CANTABRIA,1.4.-otros contra las personas,50
2016,CANTABRIA,10. orden publico,154
2016,CANTABRIA,11. legislacion especial,1
2016,CANTABRIA,12. otras infracciones penales,110
2016,CANTABRIA,2. contra la libertad,1261
2016,CANTABRIA,2.1.-malos tratos habituales en el ambito familiar,145
2016,CANTABRIA,2.2.-otros contra la libertad,1116
2016,CANTABRIA,3. libertad sexual,69
2016,CANTABRIA,3.1.-agresion sexual,36
2016,CANTABRIA,3.2.-agresion sexual con penetracion,8
2016,CANTABRIA,3.3.-corrupcion de menores o incapacitados,0
2016,CANTABRIA,3.4.-pornografia de menores,8
2016,CANTABRIA,3.5.-otros contra la libertad sexual,17
2016,CANTABRIA,4. relaciones familiares,37
2016,CANTABRIA,5. patrimonio,12290
2016,CANTABRIA,5.1.-hurtos,5108
2016,CANTABRIA,5.2.-robos con fuerza en las cosas,2562
2016,CANTABRIA,5.2.1.-robos con fuerza en las cosas en el interior de vehiculos,407
2016,CANTABRIA,5.2.2.-robos con fuerza en viviendas,982
2016,CANTABRIA,5.2.3.-robos con fuerza en establecimientos,664
2016,CANTABRIA,5.3.-robos con violencia o intimidacion,214
2016,CANTABRIA,5.3.1.-robos con violencia en via publica,109
2016,CANTABRIA,5.3.2.-robos con violencia en viviendas,23
2016,CANTABRIA,5.3.3.-robos con violencia en establecimientos,55
2016,CANTABRIA,5.4.-sustraccion de vehiculos,245
2016,CANTABRIA,5.5.-estafas,1666
2016,CANTABRIA,5.5.1.-estafas informaticas,1028
2016,CANTABRIA,5.6.-danos,1956
2016,CANTABRIA,5.7.-contra la propiedad intelectual/industrial,11
2016,CANTABRIA,5.8.-blanqueo de capitales,1
2016,CANTABRIA,5.9.-otros contra el patrimonio,527
2016,CANTABRIA,6. seguridad colectiva,733
2016,CANTABRIA,6.1.-trafico de drogas,92
2016,CANTABRIA,6.2.-contra la seguridad vial,618
2016,CANTABRIA,6.3.-otros contra la seguridad colectiva,23
2016,CANTABRIA,7. falsedades,145
2016,CANTABRIA,8. admon. publica,2
2016,CANTABRIA,9. admon. justicia,229
2016,CANTABRIA,total infracciones penales,17002
2016,CASTILLA - LA MANCHA,1. contra las personas,6383
2016,CASTILLA - LA MANCHA,1.1.-homicidios dolosos/asesinatos,38
2016,CASTILLA - LA MANCHA,1.1.1.-homicidios dolosos/asesinatos consumados,11
2016,CASTILLA - LA MANCHA,1.2.-lesiones,3821
2016,CASTILLA - LA MANCHA,1.3.-malos tratos ambito familiar,2457
2016,CASTILLA - LA MANCHA,1.4.-otros contra las personas,67
2016,CASTILLA - LA MANCHA,10. orden publico,613
2016,CASTILLA - LA MANCHA,11. legislacion especial,4
2016,CASTILLA - LA MANCHA,12. otras infracciones penales,641
2016,CASTILLA - LA MANCHA,2. contra la libertad,4160
2016,CASTILLA - LA MANCHA,2.1.-malos tratos habituales en el ambito familiar,516
2016,CASTILLA - LA MANCHA,2.2.-otros contra la libertad,3644
2016,CASTILLA - LA MANCHA,3. libertad sexual,348
2016,CASTILLA - LA MANCHA,3.1.-agresion sexual,189
2016,CASTILLA - LA MANCHA,3.2.-agresion sexual con penetracion,55
2016,CASTILLA - LA MANCHA,3.3.-corrupcion de menores o incapacitados,24
2016,CASTILLA - LA MANCHA,3.4.-pornografia de menores,15
2016,CASTILLA - LA MANCHA,3.5.-otros contra la libertad sexual,65
2016,CASTILLA - LA MANCHA,4. relaciones familiares,336
2016,CASTILLA - LA MANCHA,5. patrimonio,46605
2016,CASTILLA - LA MANCHA,5.1.-hurtos,15746
2016,CASTILLA - LA MANCHA,5.2.-robos con fuerza en las cosas,14383
2016,CASTILLA - LA MANCHA,5.2.1.-robos con fuerza en las cosas en el interior de vehiculos,2651
2016,CASTILLA - LA MANCHA,5.2.2.-robos con fuerza en viviendas,5937
2016,CASTILLA - LA MANCHA,5.2.3.-robos con fuerza en establecimientos,2215
2016,CASTILLA - LA MANCHA,5.3.-robos con violencia o intimidacion,1006
2016,CASTILLA - LA MANCHA,5.3.1.-robos con violencia en via publica,608
2016,CASTILLA - LA MANCHA,5.3.2.-robos con violencia en viviendas,82
2016,CASTILLA - LA MANCHA,5.3.3.-robos con violencia en establecimientos,150
2016,CASTILLA - LA MANCHA,5.4.-sustraccion de vehiculos,1511
2016,CASTILLA - LA MANCHA,5.5.-estafas,4945
2016,CASTILLA - LA MANCHA,5.5.1.-estafas informaticas,2075
2016,CASTILLA - LA MANCHA,5.6.-danos,7335
2016,CASTILLA - LA MANCHA,5.7.-contra la propiedad intelectual/industrial,23
2016,CASTILLA - LA MANCHA,5.8.-blanqueo de capitales,8
2016,CASTILLA - LA MANCHA,5.9.-otros contra el patrimonio,1648
2016,CASTILLA - LA MANCHA,6. seguridad colectiva,2612
2016,CASTILLA - LA MANCHA,6.1.-trafico de drogas,361
2016,CASTILLA - LA MANCHA,6.2.-contra la seguridad vial,2177
2016,CASTILLA - LA MANCHA,6.3.-otros contra la seguridad colectiva,74
2016,CASTILLA - LA MANCHA,7. falsedades,840
2016,CASTILLA - LA MANCHA,8. admon. publica,10
2016,CASTILLA - LA MANCHA,9. admon. justicia,1027
2016,CASTILLA - LA MANCHA,total infracciones penales,63579
2016,CASTILLA Y LEON,1. contra las personas,6922
2016,CASTILLA Y LEON,1.1.-homicidios dolosos/asesinatos,28
2016,CASTILLA Y LEON,1.1.1.-homicidios dolosos/asesinatos consumados,11
2016,CASTILLA Y LEON,1.2.-lesiones,4523
2016,CASTILLA Y LEON,1.3.-malos tratos ambito familiar,2298
2016,CASTILLA Y LEON,1.4.-otros contra las personas,73
2016,CASTILLA Y LEON,10. orden publico,622
2016,CASTILLA Y LEON,11. legislacion especial,2
2016,CASTILLA Y LEON,12. otras infracciones penales,543
2016,CASTILLA Y LEON,2. contra la libertad,5110
2016,CASTILLA Y LEON,2.1.-malos tratos habituales en el ambito familiar,545
2016,CASTILLA Y LEON,2.2.-otros contra la libertad,4565
2016,CASTILLA Y LEON,3. libertad sexual,289
2016,CASTILLA Y LEON,3.1.-agresion sexual,167
2016,CASTILLA Y LEON,3.2.-agresion sexual con penetracion,39
2016,CASTILLA Y LEON,3.3.-corrupcion de menores o incapacitados,10
2016,CASTILLA Y LEON,3.4.-pornografia de menores,28
2016,CASTILLA Y LEON,3.5.-otros contra la libertad sexual,45
2016,CASTILLA Y LEON,4. relaciones familiares,203
2016,CASTILLA Y LEON,5. patrimonio,54234
2016,CASTILLA Y LEON,5.1.-hurtos,22480
2016,CASTILLA Y LEON,5.2.-robos con fuerza en las cosas,10186
2016,CASTILLA Y LEON,5.2.1.-robos con fuerza en las cosas en el interior de vehiculos,1637
2016,CASTILLA Y LEON,5.2.2.-robos con fuerza en viviendas,3521
2016,CASTILLA Y LEON,5.2.3.-robos con fuerza en establecimientos,2165
2016,CASTILLA Y LEON,5.3.-robos con violencia o intimidacion,847
2016,CASTILLA Y LEON,5.3.1.-robos con violencia en via publica,512
2016,CASTILLA Y LEON,5.3.2.-robos con violencia en viviendas,90
2016,CASTILLA Y LEON,5.3.3.-robos con violencia en establecimientos,130
2016,CASTILLA Y LEON,5.4.-sustraccion de vehiculos,901
2016,CASTILLA Y LEON,5.5.-estafas,7852
2016,CASTILLA Y LEON,5.5.1.-estafas informaticas,3370
2016,CASTILLA Y LEON,5.6.-danos,10667
2016,CASTILLA Y LEON,5.7.-contra la propiedad intelectual/industrial,61
2016,CASTILLA Y LEON,5.8.-blanqueo de capitales,6
2016,CASTILLA Y LEON,5.9.-otros contra el patrimonio,1234
2016,CASTILLA Y LEON,6. seguridad colectiva,2404
2016,CASTILLA Y LEON,6.1.-trafico de drogas,352
2016,CASTILLA Y LEON,6.2.-contra la seguridad vial,1949
2016,CASTILLA Y LEON,6.3.-otros contra la seguridad colectiva,103
2016,CASTILLA Y LEON,7. falsedades,643
2016,CASTILLA Y LEON,8. admon. publica,8
2016,CASTILLA Y LEON,9. admon. justicia,1057
2016,CASTILLA Y LEON,total infracciones penales,72037
2016,CATALUNA,1. contra las personas,19569
2016,CATALUNA,1.1.-homicidios dolosos/asesinatos,196
2016,CATALUNA,1.1.1.-homicidios dolosos/asesinatos consumados,54
2016,CATALUNA,1.2.-lesiones,13227
2016,CATALUNA,1.3.-malos tratos ambito familiar,6112
2016,CATALUNA,1.4.-otros contra las personas,34
2016,CATALUNA,10. orden publico,2304
2016,CATALUNA,11. legislacion especial,19
2016,CATALUNA,12. otras infracciones penales,785
2016,CATALUNA,2. contra la libertad,18226
2016,CATALUNA,2.1.-malos tratos habituales en el ambito familiar,1962
2016,CATALUNA,2.2.-otros contra la libertad,16264
2016,CATALUNA,3. libertad sexual,2249
2016,CATALUNA,3.1.-agresion sexual,1301
2016,CATALUNA,3.2.-agresion sexual con penetracion,455
2016,CATALUNA,3.3.-corrupcion de menores o incapacitados,4
2016,CATALUNA,3.4.-pornografia de menores,157
2016,CATALUNA,3.5.-otros contra la libertad sexual,332
2016,CATALUNA,4. relaciones familiares,1417
2016,CATALUNA,5. patrimonio,344365
2016,CATALUNA,5.1.-hurtos,162942
2016,CATALUNA,5.2.-robos con fuerza en las cosas,66104
2016,CATALUNA,5.2.1.-robos con fuerza en las cosas en el interior de vehiculos,24579
2016,CATALUNA,5.2.2.-robos con fuerza en viviendas,23655
2016,CATALUNA,5.2.3.-robos con fuerza en establecimientos,21
2016,CATALUNA,5.3.-robos con violencia o intimidacion,20152
2016,CATALUNA,5.3.1.-robos con violencia en via publica,66
2016,CATALUNA,5.3.2.-robos con violencia en viviendas,344
2016,CATALUNA,5.3.3.-robos con violencia en establecimientos,6
2016,CATALUNA,5.4.-sustraccion de vehiculos,7976
2016,CATALUNA,5.5.-estafas,38526
2016,CATALUNA,5.5.1.-estafas informaticas,18077
2016,CATALUNA,5.6.-danos,38365
2016,CATALUNA,5.7.-contra la propiedad intelectual/industrial,352
2016,CATALUNA,5.8.-blanqueo de capitales,42
2016,CATALUNA,5.9.-otros contra el patrimonio,9906
2016,CATALUNA,6. seguridad colectiva,8126
2016,CATALUNA,6.1.-trafico de drogas,2183
2016,CATALUNA,6.2.-contra la seguridad vial,5805
2016,CATALUNA,6.3.-otros contra la seguridad colectiva,138
2016,CATALUNA,7. falsedades,3563
2016,CATALUNA,8. admon. publica,65
2016,CATALUNA,9. admon. justicia,3240
2016,CATALUNA,total infracciones penales,403928
2016,CIUDAD AUTONOMA DE CEUTA,1. contra las personas,680
2016,CIUDAD AUTONOMA DE CEUTA,1.1.-homicidios dolosos/asesinatos,14
2016,CIUDAD AUTONOMA DE CEUTA,1.1.1.-homicidios dolosos/asesinatos consumados,4
2016,CIUDAD AUTONOMA DE CEUTA,1.2.-lesiones,421
2016,CIUDAD AUTONOMA DE CEUTA,1.3.-malos tratos ambito familiar,242
2016,CIUDAD AUTONOMA DE CEUTA,1.4.-otros contra las personas,3
2016,CIUDAD AUTONOMA DE CEUTA,10. orden publico,120
2016,CIUDAD AUTONOMA DE CEUTA,11. legislacion especial,3
2016,CIUDAD AUTONOMA DE CEUTA,12. otras infracciones penales,100
2016,CIUDAD AUTONOMA DE CEUTA,2. contra la libertad,322
2016,CIUDAD AUTONOMA DE CEUTA,2.1.-malos tratos habituales en el ambito familiar,40
2016,CIUDAD AUTONOMA DE CEUTA,2.2.-otros contra la libertad,282
2016,CIUDAD AUTONOMA DE CEUTA,3. libertad sexual,39
2016,CIUDAD AUTONOMA DE CEUTA,3.1.-agresion sexual,24
2016,CIUDAD AUTONOMA DE CEUTA,3.2.-agresion sexual con penetracion,4
2016,CIUDAD AUTONOMA DE CEUTA,3.3.-corrupcion de menores o incapacitados,4
2016,CIUDAD AUTONOMA DE CEUTA,3.4.-pornografia de menores,0
2016,CIUDAD AUTONOMA DE CEUTA,3.5.-otros contra la libertad sexual,7
2016,CIUDAD AUTONOMA DE CEUTA,4. relaciones familiares,43
2016,CIUDAD AUTONOMA DE CEUTA,5. patrimonio,2361
2016,CIUDAD AUTONOMA DE CEUTA,5.1.-hurtos,950
2016,CIUDAD AUTONOMA DE CEUTA,5.2.-robos con fuerza en las cosas,346
2016,CIUDAD AUTONOMA DE CEUTA,5.2.1.-robos con fuerza en las cosas en el interior de vehiculos,223
2016,CIUDAD AUTONOMA DE CEUTA,5.2.2.-robos con fuerza en viviendas,67
2016,CIUDAD AUTONOMA DE CEUTA,5.2.3.-robos con fuerza en establecimientos,32
2016,CIUDAD AUTONOMA DE CEUTA,5.3.-robos con violencia o intimidacion,197
2016,CIUDAD AUTONOMA DE CEUTA,5.3.1.-robos con violencia en via publica,156
2016,CIUDAD AUTONOMA DE CEUTA,5.3.2.-robos con violencia en viviendas,8
2016,CIUDAD AUTONOMA DE CEUTA,5.3.3.-robos con violencia en establecimientos,4
2016,CIUDAD AUTONOMA DE CEUTA,5.4.-sustraccion de vehiculos,387
2016,CIUDAD AUTONOMA DE CEUTA,5.5.-estafas,142
2016,CIUDAD AUTONOMA DE CEUTA,5.5.1.-estafas informaticas,64
2016,CIUDAD AUTONOMA DE CEUTA,5.6.-danos,296
2016,CIUDAD AUTONOMA DE CEUTA,5.7.-contra la propiedad intelectual/industrial,6
2016,CIUDAD AUTONOMA DE CEUTA,5.8.-blanqueo de capitales,1
2016,CIUDAD AUTONOMA DE CEUTA,5.9.-otros contra el patrimonio,36
2016,CIUDAD AUTONOMA DE CEUTA,6. seguridad colectiva,451
2016,CIUDAD AUTONOMA DE CEUTA,6.1.-trafico de drogas,257
2016,CIUDAD AUTONOMA DE CEUTA,6.2.-contra la seguridad vial,189
2016,CIUDAD AUTONOMA DE CEUTA,6.3.-otros contra la seguridad colectiva,5
2016,CIUDAD AUTONOMA DE CEUTA,7. falsedades,362
2016,CIUDAD AUTONOMA DE CEUTA,8. admon. publica,4
2016,CIUDAD AUTONOMA DE CEUTA,9. admon. justicia,148
2016,CIUDAD AUTONOMA DE CEUTA,total infracciones penales,4633
2016,CIUDAD AUTONOMA DE MELILLA,1. contra las personas,888
2016,CIUDAD AUTONOMA DE MELILLA,1.1.-homicidios dolosos/asesinatos,9
2016,CIUDAD AUTONOMA DE MELILLA,1.1.1.-homicidios dolosos/asesinatos consumados,1
2016,CIUDAD AUTONOMA DE MELILLA,1.2.-lesiones,578
2016,CIUDAD AUTONOMA DE MELILLA,1.3.-malos tratos ambito familiar,293
2016,CIUDAD AUTONOMA DE MELILLA,1.4.-otros contra las personas,8
2016,CIUDAD AUTONOMA DE MELILLA,10. orden publico,134
2016,CIUDAD AUTONOMA DE MELILLA,11. legislacion especial,0
2016,CIUDAD AUTONOMA DE MELILLA,12. otras infracciones penales,135
2016,CIUDAD AUTONOMA DE MELILLA,2. contra la libertad,290
2016,CIUDAD AUTONOMA DE MELILLA,2.1.-malos tratos habituales en el ambito familiar,12
2016,CIUDAD AUTONOMA DE MELILLA,2.2.-otros contra la libertad,278
2016,CIUDAD AUTONOMA DE MELILLA,3. libertad sexual,51
2016,CIUDAD AUTONOMA DE MELILLA,3.1.-agresion sexual,45
2016,CIUDAD AUTONOMA DE MELILLA,3.2.-agresion sexual con penetracion,3
2016,CIUDAD AUTONOMA DE MELILLA,3.3.-corrupcion de menores o incapacitados,0
2016,CIUDAD AUTONOMA DE MELILLA,3.4.-pornografia de menores,0
2016,CIUDAD AUTONOMA DE MELILLA,3.5.-otros contra la libertad sexual,3
2016,CIUDAD AUTONOMA DE MELILLA,4. relaciones familiares,25
2016,CIUDAD AUTONOMA DE MELILLA,5. patrimonio,2953
2016,CIUDAD AUTONOMA DE MELILLA,5.1.-hurtos,1312
2016,CIUDAD AUTONOMA DE MELILLA,5.2.-robos con fuerza en las cosas,620
2016,CIUDAD AUTONOMA DE MELILLA,5.2.1.-robos con fuerza en las cosas en el interior de vehiculos,368
2016,CIUDAD AUTONOMA DE MELILLA,5.2.2.-robos con fuerza en viviendas,159
2016,CIUDAD AUTONOMA DE MELILLA,5.2.3.-robos con fuerza en establecimientos,36
2016,CIUDAD AUTONOMA DE MELILLA,5.3.-robos con violencia o intimidacion,377
2016,CIUDAD AUTONOMA DE MELILLA,5.3.1.-robos con violencia en via publica,316
2016,CIUDAD AUTONOMA DE MELILLA,5.3.2.-robos con violencia en viviendas,1
2016,CIUDAD AUTONOMA DE MELILLA,5.3.3.-robos con violencia en establecimientos,3
2016,CIUDAD AUTONOMA DE MELILLA,5.4.-sustraccion de vehiculos,105
2016,CIUDAD AUTONOMA DE MELILLA,5.5.-estafas,100
2016,CIUDAD AUTONOMA DE MELILLA,5.5.1.-estafas informaticas,29
2016,CIUDAD AUTONOMA DE MELILLA,5.6.-danos,375
2016,CIUDAD AUTONOMA DE MELILLA,5.7.-contra la propiedad intelectual/industrial,7
2016,CIUDAD AUTONOMA DE MELILLA,5.8.-blanqueo de capitales,1
2016,CIUDAD AUTONOMA DE MELILLA,5.9.-otros contra el patrimonio,56
2016,CIUDAD AUTONOMA DE MELILLA,6. seguridad colectiva,223
2016,CIUDAD AUTONOMA DE MELILLA,6.1.-trafico de drogas,82
2016,CIUDAD AUTONOMA DE MELILLA,6.2.-contra la seguridad vial,105
2016,CIUDAD AUTONOMA DE MELILLA,6.3.-otros contra la seguridad colectiva,36
2016,CIUDAD AUTONOMA DE MELILLA,7. falsedades,52
2016,CIUDAD AUTONOMA DE MELILLA,8. admon. publica,3
2016,CIUDAD AUTONOMA DE MELILLA,9. admon. justicia,78
2016,CIUDAD AUTONOMA DE MELILLA,total infracciones penales,4832
2016,COMUNITAT VALENCIANA,1. contra las personas,20598
2016,COMUNITAT VALENCIANA,1.1.-homicidios dolosos/asesinatos,125
2016,COMUNITAT VALENCIANA,1.1.1.-homicidios dolosos/asesinatos consumados,30
2016,COMUNITAT VALENCIANA,1.2.-lesiones,11061
2016,COMUNITAT VALENCIANA,1.3.-malos tratos ambito familiar,9254
2016,COMUNITAT VALENCIANA,1.4.-otros contra las personas,158
2016,COMUNITAT VALENCIANA,10. orden publico,2450
2016,COMUNITAT VALENCIANA,11. legislacion especial,6
2016,COMUNITAT VALENCIANA,12. otras infracciones penales,1343
2016,COMUNITAT VALENCIANA,2. contra la libertad,11726
2016,COMUNITAT VALENCIANA,2.1.-malos tratos habituales en el ambito familiar,1488
2016,COMUNITAT VALENCIANA,2.2.-otros contra la libertad,10238
2016,COMUNITAT VALENCIANA,3. libertad sexual,1343
2016,COMUNITAT VALENCIANA,3.1.-agresion sexual,775
2016,COMUNITAT VALENCIANA,3.2.-agresion sexual con penetracion,186
2016,COMUNITAT VALENCIANA,3.3.-corrupcion de menores o incapacitados,52
2016,COMUNITAT VALENCIANA,3.4.-pornografia de menores,78
2016,COMUNITAT VALENCIANA,3.5.-otros contra la libertad sexual,252
2016,COMUNITAT VALENCIANA,4. relaciones familiares,880
2016,COMUNITAT VALENCIANA,5. patrimonio,177644
2016,COMUNITAT VALENCIANA,5.1.-hurtos,77169
2016,COMUNITAT VALENCIANA,5.2.-robos con fuerza en las cosas,40730
2016,COMUNITAT VALENCIANA,5.2.1.-robos con fuerza en las cosas en el interior de vehiculos,11346
2016,COMUNITAT VALENCIANA,5.2.2.-robos con fuerza en viviendas,19096
2016,COMUNITAT VALENCIANA,5.2.3.-robos con fuerza en establecimientos,4919
2016,COMUNITAT VALENCIANA,5.3.-robos con violencia o intimidacion,5917
2016,COMUNITAT VALENCIANA,5.3.1.-robos con violencia en via publica,3725
2016,COMUNITAT VALENCIANA,5.3.2.-robos con violencia en viviendas,462
2016,COMUNITAT VALENCIANA,5.3.3.-robos con violencia en establecimientos,851
2016,COMUNITAT VALENCIANA,5.4.-sustraccion de vehiculos,4390
2016,COMUNITAT VALENCIANA,5.5.-estafas,17631
2016,COMUNITAT VALENCIANA,5.5.1.-estafas informaticas,6246
2016,COMUNITAT VALENCIANA,5.6.-danos,27228
2016,COMUNITAT VALENCIANA,5.7.-contra la propiedad intelectual/industrial,245
2016,COMUNITAT VALENCIANA,5.8.-blanqueo de capitales,44
2016,COMUNITAT VALENCIANA,5.9.-otros contra el patrimonio,4290
2016,COMUNITAT VALENCIANA,6. seguridad colectiva,7465
2016,COMUNITAT VALENCIANA,6.1.-trafico de drogas,1654
2016,COMUNITAT VALENCIANA,6.2.-contra la seguridad vial,5525
2016,COMUNITAT VALENCIANA,6.3.-otros contra la seguridad colectiva,286
2016,COMUNITAT VALENCIANA,7. falsedades,2687
2016,COMUNITAT VALENCIANA,8. admon. publica,48
2016,COMUNITAT VALENCIANA,9. admon. justicia,4019
2016,COMUNITAT VALENCIANA,total infracciones penales,230209
2016,EXTREMADURA,1. contra las personas,3130
2016,EXTREMADURA,1.1.-homicidios dolosos/asesinatos,17
2016,EXTREMADURA,1.1.1.-homicidios dolosos/asesinatos consumados,7
2016,EXTREMADURA,1.2.-lesiones,2059
2016,EXTREMADURA,1.3.-malos tratos ambito familiar,1019
2016,EXTREMADURA,1.4.-otros contra las personas,35
2016,EXTREMADURA,10. orden publico,288
2016,EXTREMADURA,11. legislacion especial,0
2016,EXTREMADURA,12. otras infracciones penales,277
2016,EXTREMADURA,2. contra la libertad,2092
2016,EXTREMADURA,2.1.-malos tratos habituales en el ambito familiar,246
2016,EXTREMADURA,2.2.-otros contra la libertad,1846
2016,EXTREMADURA,3. libertad sexual,157
2016,EXTREMADURA,3.1.-agresion sexual,96
2016,EXTREMADURA,3.2.-agresion sexual con penetracion,20
2016,EXTREMADURA,3.3.-corrupcion de menores o incapacitados,11
2016,EXTREMADURA,3.4.-pornografia de menores,7
2016,EXTREMADURA,3.5.-otros contra la libertad sexual,23
2016,EXTREMADURA,4. relaciones familiares,207
2016,EXTREMADURA,5. patrimonio,18274
2016,EXTREMADURA,5.1.-hurtos,7456
2016,EXTREMADURA,5.2.-robos con fuerza en las cosas,4414
2016,EXTREMADURA,5.2.1.-robos con fuerza en las cosas en el interior de vehiculos,880
2016,EXTREMADURA,5.2.2.-robos con fuerza en viviendas,1337
2016,EXTREMADURA,5.2.3.-robos con fuerza en establecimientos,962
2016,EXTREMADURA,5.3.-robos con violencia o intimidacion,302
2016,EXTREMADURA,5.3.1.-robos con violencia en via publica,175
2016,EXTREMADURA,5.3.2.-robos con violencia en viviendas,30
2016,EXTREMADURA,5.3.3.-robos con violencia en establecimientos,56
2016,EXTREMADURA,5.4.-sustraccion de vehiculos,416
2016,EXTREMADURA,5.5.-estafas,1953
2016,EXTREMADURA,5.5.1.-estafas informaticas,852
2016,EXTREMADURA,5.6.-danos,3171
2016,EXTREMADURA,5.7.-contra la propiedad intelectual/industrial,37
2016,EXTREMADURA,5.8.-blanqueo de capitales,3
2016,EXTREMADURA,5.9.-otros contra el patrimonio,522
2016,EXTREMADURA,6. seguridad colectiva,904
2016,EXTREMADURA,6.1.-trafico de drogas,198
2016,EXTREMADURA,6.2.-contra la seguridad vial,660
2016,EXTREMADURA,6.3.-otros contra la seguridad colectiva,46
2016,EXTREMADURA,7. falsedades,347
2016,EXTREMADURA,8. admon. publica,11
2016,EXTREMADURA,9. admon. justicia,599
2016,EXTREMADURA,total infracciones penales,26286
2016,GALICIA,1. contra las personas,7854
2016,GALICIA,1.1.-homicidios dolosos/asesinatos,35
2016,GALICIA,1.1.1.-homicidios dolosos/asesinatos consumados,12
2016,GALICIA,1.2.-lesiones,4989
2016,GALICIA,1.3.-malos tratos ambito familiar,2714
2016,GALICIA,1.4.-otros contra las personas,116
2016,GALICIA,10. orden publico,746
2016,GALICIA,11. legislacion especial,3
2016,GALICIA,12. otras infracciones penales,669
2016,GALICIA,2. contra la libertad,5838
2016,GALICIA,2.1.-malos tratos habituales en el ambito familiar,703
2016,GALICIA,2.2.-otros contra la libertad,5135
2016,GALICIA,3. libertad sexual,434
2016,GALICIA,3.1.-agresion sexual,241
2016,GALICIA,3.2.-agresion sexual con penetracion,65
2016,GALICIA,3.3.-corrupcion de menores o incapacitados,19
2016,GALICIA,3.4.-pornografia de menores,33
2016,GALICIA,3.5.-otros contra la libertad sexual,76
2016,GALICIA,4. relaciones familiares,242
2016,GALICIA,5. patrimonio,52691
2016,GALICIA,5.1.-hurtos,21326
2016,GALICIA,5.2.-robos con fuerza en las cosas,10893
2016,GALICIA,5.2.1.-robos con fuerza en las cosas en el interior de vehiculos,3040
2016,GALICIA,5.2.2.-robos con fuerza en viviendas,3684
2016,GALICIA,5.2.3.-robos con fuerza en establecimientos,2320
2016,GALICIA,5.3.-robos con violencia o intimidacion,1086
2016,GALICIA,5.3.1.-robos con violencia en via publica,565
2016,GALICIA,5.3.2.-robos con violencia en viviendas,122
2016,GALICIA,5.3.3.-robos con violencia en establecimientos,243
2016,GALICIA,5.4.-sustraccion de vehiculos,1032
2016,GALICIA,5.5.-estafas,7197
2016,GALICIA,5.5.1.-estafas informaticas,3070
2016,GALICIA,5.6.-danos,9760
2016,GALICIA,5.7.-contra la propiedad intelectual/industrial,53
2016,GALICIA,5.8.-blanqueo de capitales,11
2016,GALICIA,5.9.-otros contra el patrimonio,1333
2016,GALICIA,6. seguridad colectiva,4197
2016,GALICIA,6.1.-trafico de drogas,345
2016,GALICIA,6.2.-contra la seguridad vial,3716
2016,GALICIA,6.3.-otros contra la seguridad colectiva,136
2016,GALICIA,7. falsedades,652
2016,GALICIA,8. admon. publica,18
2016,GALICIA,9. admon. justicia,1061
2016,GALICIA,total infracciones penales,74405
2016,MADRID (COMUNIDAD DE),1. contra las personas,25275
2016,MADRID (COMUNIDAD DE),1.1.-homicidios dolosos/asesinatos,117
2016,MADRID (COMUNIDAD DE),1.1.1.-homicidios dolosos/asesinatos consumados,33
2016,MADRID (COMUNIDAD DE),1.2.-lesiones,12717
2016,MADRID (COMUNIDAD DE),1.3.-malos tratos ambito familiar,12111
2016,MADRID (COMUNIDAD DE),1.4.-otros contra las personas,330
2016,MADRID (COMUNIDAD DE),10. orden publico,3793
2016,MADRID (COMUNIDAD DE),11. legislacion especial,10
2016,MADRID (COMUNIDAD DE),12. otras infracciones penales,1010
2016,MADRID (COMUNIDAD DE),2. contra la libertad,13350
2016,MADRID (COMUNIDAD DE),2.1.-malos tratos habituales en el ambito familiar,1025
2016,MADRID (COMUNIDAD DE),2.2.-otros contra la libertad,12325
2016,MADRID (COMUNIDAD DE),3. libertad sexual,1551
2016,MADRID (COMUNIDAD DE),3.1.-agresion sexual,864
2016,MADRID (COMUNIDAD DE),3.2.-agresion sexual con penetracion,302
2016,MADRID (COMUNIDAD DE),3.3.-corrupcion de menores o incapacitados,63
2016,MADRID (COMUNIDAD DE),3.4.-pornografia de menores,55
2016,MADRID (COMUNIDAD DE),3.5.-otros contra la libertad sexual,267
2016,MADRID (COMUNIDAD DE),4. relaciones familiares,893
2016,MADRID (COMUNIDAD DE),5. patrimonio,314569
2016,MADRID (COMUNIDAD DE),5.1.-hurtos,150409
2016,MADRID (COMUNIDAD DE),5.2.-robos con fuerza en las cosas,54586
2016,MADRID (COMUNIDAD DE),5.2.1.-robos con fuerza en las cosas en el interior de vehiculos,26262
2016,MADRID (COMUNIDAD DE),5.2.2.-robos con fuerza en viviendas,15783
2016,MADRID (COMUNIDAD DE),5.2.3.-robos con fuerza en establecimientos,7175
2016,MADRID (COMUNIDAD DE),5.3.-robos con violencia o intimidacion,16992
2016,MADRID (COMUNIDAD DE),5.3.1.-robos con violencia en via publica,12130
2016,MADRID (COMUNIDAD DE),5.3.2.-robos con violencia en viviendas,1134
2016,MADRID (COMUNIDAD DE),5.3.3.-robos con violencia en establecimientos,1547
2016,MADRID (COMUNIDAD DE),5.4.-sustraccion de vehiculos,10504
2016,MADRID (COMUNIDAD DE),5.5.-estafas,32206
2016,MADRID (COMUNIDAD DE),5.5.1.-estafas informaticas,7210
2016,MADRID (COMUNIDAD DE),5.6.-danos,44007
2016,MADRID (COMUNIDAD DE),5.7.-contra la propiedad intelectual/industrial,255
2016,MADRID (COMUNIDAD DE),5.8.-blanqueo de capitales,37
2016,MADRID (COMUNIDAD DE),5.9.-otros contra el patrimonio,5573
2016,MADRID (COMUNIDAD DE),6. seguridad colectiva,5913
2016,MADRID (COMUNIDAD DE),6.1.-trafico de drogas,1463
2016,MADRID (COMUNIDAD DE),6.2.-contra la seguridad vial,4227
2016,MADRID (COMUNIDAD DE),6.3.-otros contra la seguridad colectiva,223
2016,MADRID (COMUNIDAD DE),7. falsedades,2931
2016,MADRID (COMUNIDAD DE),8. admon. publica,78
2016,MADRID (COMUNIDAD DE),9. admon. justicia,4029
2016,MADRID (COMUNIDAD DE),total infracciones penales,373402
2016,MURCIA (REGION DE),1. contra las personas,5768
2016,MURCIA (REGION DE),1.1.-homicidios dolosos/asesinatos,34
2016,MURCIA (REGION DE),1.1.1.-homicidios dolosos/asesinatos consumados,12
2016,MURCIA (REGION DE),1.2.-lesiones,3185
2016,MURCIA (REGION DE),1.3.-malos tratos ambito familiar,2510
2016,MURCIA (REGION DE),1.4.-otros contra las personas,39
2016,MURCIA (REGION DE),10. orden publico,534
2016,MURCIA (REGION DE),11. legislacion especial,0
2016,MURCIA (REGION DE),12. otras infracciones penales,302
2016,MURCIA (REGION DE),2. contra la libertad,3032
2016,MURCIA (REGION DE),2.1.-malos tratos habituales en el ambito familiar,318
2016,MURCIA (REGION DE),2.2.-otros contra la libertad,2714
2016,MURCIA (REGION DE),3. libertad sexual,379
2016,MURCIA (REGION DE),3.1.-agresion sexual,229
2016,MURCIA (REGION DE),3.2.-agresion sexual con penetracion,51
2016,MURCIA (REGION DE),3.3.-corrupcion de menores o incapacitados,14
2016,MURCIA (REGION DE),3.4.-pornografia de menores,16
2016,MURCIA (REGION DE),3.5.-otros contra la libertad sexual,69
2016,MURCIA (REGION DE),4. relaciones familiares,535
2016,MURCIA (REGION DE),5. patrimonio,38128
2016,MURCIA (REGION DE),5.1.-hurtos,15735
2016,MURCIA (REGION DE),5.2.-robos con fuerza en las cosas,11120
2016,MURCIA (REGION DE),5.2.1.-robos con fuerza en las cosas en el interior de vehiculos,3099
2016,MURCIA (REGION DE),5.2.2.-robos con fuerza en viviendas,5370
2016,MURCIA (REGION DE),5.2.3.-robos con fuerza en establecimientos,1173
2016,MURCIA (REGION DE),5.3.-robos con violencia o intimidacion,1495
2016,MURCIA (REGION DE),5.3.1.-robos con violencia en via publica,962
2016,MURCIA (REGION DE),5.3.2.-robos con violencia en viviendas,123
2016,MURCIA (REGION DE),5.3.3.-robos con violencia en establecimientos,189
2016,MURCIA (REGION DE),5.4.-sustraccion de vehiculos,1352
2016,MURCIA (REGION DE),5.5.-estafas,2846
2016,MURCIA (REGION DE),5.5.1.-estafas informaticas,885
2016,MURCIA (REGION DE),5.6.-danos,4715
2016,MURCIA (REGION DE),5.7.-contra la propiedad intelectual/industrial,46
2016,MURCIA (REGION DE),5.8.-blanqueo de capitales,6
2016,MURCIA (REGION DE),5.9.-otros contra el patrimonio,813
2016,MURCIA (REGION DE),6. seguridad colectiva,1261
2016,MURCIA (REGION DE),6.1.-trafico de drogas,264
2016,MURCIA (REGION DE),6.2.-contra la seguridad vial,930
2016,MURCIA (REGION DE),6.3.-otros contra la seguridad colectiva,67
2016,MURCIA (REGION DE),7. falsedades,466
2016,MURCIA (REGION DE),8. admon. publica,10
2016,MURCIA (REGION DE),9. admon. justicia,894
2016,MURCIA (REGION DE),total infracciones penales,51309
2016,NAVARRA (COMUNIDAD FORAL DE),1. contra las personas,2352
2016,NAVARRA (COMUNIDAD FORAL DE),1.1.-homicidios dolosos/asesinatos,7
2016,NAVARRA (COMUNIDAD FORAL DE),1.1.1.-homicidios dolosos/asesinatos consumados,1
2016,NAVARRA (COMUNIDAD FORAL DE),1.2.-lesiones,1382
2016,NAVARRA (COMUNIDAD FORAL DE),1.3.-malos tratos ambito familiar,929
2016,NAVARRA (COMUNIDAD FORAL DE),1.4.-otros contra las personas,34
2016,NAVARRA (COMUNIDAD FORAL DE),10. orden publico,340
2016,NAVARRA (COMUNIDAD FORAL DE),11. legislacion especial,0
2016,NAVARRA (COMUNIDAD FORAL DE),12. otras infracciones penales,230
2016,NAVARRA (COMUNIDAD FORAL DE),2. contra la libertad,1812
2016,NAVARRA (COMUNIDAD FORAL DE),2.1.-malos tratos habituales en el ambito familiar,119
2016,NAVARRA (COMUNIDAD FORAL DE),2.2.-otros contra la libertad,1693
2016,NAVARRA (COMUNIDAD FORAL DE),3. libertad sexual,219
2016,NAVARRA (COMUNIDAD FORAL DE),3.1.-agresion sexual,109
2016,NAVARRA (COMUNIDAD FORAL DE),3.2.-agresion sexual con penetracion,51
2016,NAVARRA (COMUNIDAD FORAL DE),3.3.-corrupcion de menores o incapacitados,18
2016,NAVARRA (COMUNIDAD FORAL DE),3.4.-pornografia de menores,6
2016,NAVARRA (COMUNIDAD FORAL DE),3.5.-otros contra la libertad sexual,35
2016,NAVARRA (COMUNIDAD FORAL DE),4. relaciones familiares,89
2016,NAVARRA (COMUNIDAD FORAL DE),5. patrimonio,18875
2016,NAVARRA (COMUNIDAD FORAL DE),5.1.-hurtos,8259
2016,NAVARRA (COMUNIDAD FORAL DE),5.2.-robos con fuerza en las cosas,3253
2016,NAVARRA (COMUNIDAD FORAL DE),5.2.1.-robos con fuerza en las cosas en el interior de vehiculos,927
2016,NAVARRA (COMUNIDAD FORAL DE),5.2.2.-robos con fuerza en viviendas,1029
2016,NAVARRA (COMUNIDAD FORAL DE),5.2.3.-robos con fuerza en establecimientos,440
2016,NAVARRA (COMUNIDAD FORAL DE),5.3.-robos con violencia o intimidacion,424
2016,NAVARRA (COMUNIDAD FORAL DE),5.3.1.-robos con violencia en via publica,302
2016,NAVARRA (COMUNIDAD FORAL DE),5.3.2.-robos con violencia en viviendas,23
2016,NAVARRA (COMUNIDAD FORAL DE),5.3.3.-robos con violencia en establecimientos,44
2016,NAVARRA (COMUNIDAD FORAL DE),5.4.-sustraccion de vehiculos,214
2016,NAVARRA (COMUNIDAD FORAL DE),5.5.-estafas,2935
2016,NAVARRA (COMUNIDAD FORAL DE),5.5.1.-estafas informaticas,1424
2016,NAVARRA (COMUNIDAD FORAL DE),5.6.-danos,3238
2016,NAVARRA (COMUNIDAD FORAL DE),5.7.-contra la propiedad intelectual/industrial,29
2016,NAVARRA (COMUNIDAD FORAL DE),5.8.-blanqueo de capitales,3
2016,NAVARRA (COMUNIDAD FORAL DE),5.9.-otros contra el patrimonio,520
2016,NAVARRA (COMUNIDAD FORAL DE),6. seguridad colectiva,921
2016,NAVARRA (COMUNIDAD FORAL DE),6.1.-trafico de drogas,200
2016,NAVARRA (COMUNIDAD FORAL DE),6.2.-contra la seguridad vial,691
2016,NAVARRA (COMUNIDAD FORAL DE),6.3.-otros contra la seguridad colectiva,30
2016,NAVARRA (COMUNIDAD FORAL DE),7. falsedades,515
2016,NAVARRA (COMUNIDAD FORAL DE),8. admon. publica,10
2016,NAVARRA (COMUNIDAD FORAL DE),9. admon. justicia,341
2016,NAVARRA (COMUNIDAD FORAL DE),total infracciones penales,25704
2016,PAIS VASCO,1. contra las personas,5393
2016,PAIS VASCO,1.1.-homicidios dolosos/asesinatos,37
2016,PAIS VASCO,1.1.1.-homicidios dolosos/asesinatos consumados,6
2016,PAIS VASCO,1.2.-lesiones,4191
2016,PAIS VASCO,1.3.-malos tratos ambito familiar,750
2016,PAIS VASCO,1.4.-otros contra las personas,415
2016,PAIS VASCO,10. orden publico,892
2016,PAIS VASCO,11. legislacion especial,1
2016,PAIS VASCO,12. otras infracciones penales,570
2016,PAIS VASCO,2. contra la libertad,7684
2016,PAIS VASCO,2.1.-malos tratos habituales en el ambito familiar,3084
2016,PAIS VASCO,2.2.-otros contra la libertad,4600
2016,PAIS VASCO,3. libertad sexual,394
2016,PAIS VASCO,3.1.-agresion sexual,241
2016,PAIS VASCO,3.2.-agresion sexual con penetracion,52
2016,PAIS VASCO,3.3.-corrupcion de menores o incapacitados,9
2016,PAIS VASCO,3.4.-pornografia de menores,39
2016,PAIS VASCO,3.5.-otros contra la libertad sexual,53
2016,PAIS VASCO,4. relaciones familiares,181
2016,PAIS VASCO,5. patrimonio,62837
2016,PAIS VASCO,5.1.-hurtos,28944
2016,PAIS VASCO,5.2.-robos con fuerza en las cosas,13167
2016,PAIS VASCO,5.2.1.-robos con fuerza en las cosas en el interior de vehiculos,34
2016,PAIS VASCO,5.2.2.-robos con fuerza en viviendas,4117
2016,PAIS VASCO,5.2.3.-robos con fuerza en establecimientos,2829
2016,PAIS VASCO,5.3.-robos con violencia o intimidacion,1993
2016,PAIS VASCO,5.3.1.-robos con violencia en via publica,1372
2016,PAIS VASCO,5.3.2.-robos con violencia en viviendas,164
2016,PAIS VASCO,5.3.3.-robos con violencia en establecimientos,236
2016,PAIS VASCO,5.4.-sustraccion de vehiculos,985
2016,PAIS VASCO,5.5.-estafas,8997
2016,PAIS VASCO,5.5.1.-estafas informaticas,6954
2016,PAIS VASCO,5.6.-danos,7481
2016,PAIS VASCO,5.7.-contra la propiedad intelectual/industrial,10
2016,PAIS VASCO,5.8.-blanqueo de capitales,2
2016,PAIS VASCO,5.9.-otros contra el patrimonio,1258
2016,PAIS VASCO,6. seguridad colectiva,2386
2016,PAIS VASCO,6.1.-trafico de drogas,321
2016,PAIS VASCO,6.2.-contra la seguridad vial,1936
2016,PAIS VASCO,6.3.-otros contra la seguridad colectiva,129
2016,PAIS VASCO,7. falsedades,952
2016,PAIS VASCO,8. admon. publica,27
2016,PAIS VASCO,9. admon. justicia,1492
2016,PAIS VASCO,total infracciones penales,82809
2016,RIOJA (LA),1. contra las personas,979
2016,RIOJA (LA),1.1.-homicidios dolosos/asesinatos,3
2016,RIOJA (LA),1.1.1.-homicidios dolosos/asesinatos consumados,0
2016,RIOJA (LA),1.2.-lesiones,557
2016,RIOJA (LA),1.3.-malos tratos ambito familiar,406
2016,RIOJA (LA),1.4.-otros contra las personas,13
2016,RIOJA (LA),10. orden publico,111
2016,RIOJA (LA),11. legislacion especial,1
2016,RIOJA (LA),12. otras infracciones penales,57
2016,RIOJA (LA),2. contra la libertad,444
2016,RIOJA (LA),2.1.-malos tratos habituales en el ambito familiar,42
2016,RIOJA (LA),2.2.-otros contra la libertad,402
2016,RIOJA (LA),3. libertad sexual,48
2016,RIOJA (LA),3.1.-agresion sexual,34
2016,RIOJA (LA),3.2.-agresion sexual con penetracion,7
2016,RIOJA (LA),3.3.-corrupcion de menores o incapacitados,3
2016,RIOJA (LA),3.4.-pornografia de menores,1
2016,RIOJA (LA),3.5.-otros contra la libertad sexual,3
2016,RIOJA (LA),4. relaciones familiares,20
2016,RIOJA (LA),5. patrimonio,5764
2016,RIOJA (LA),5.1.-hurtos,2791
2016,RIOJA (LA),5.2.-robos con fuerza en las cosas,1187
2016,RIOJA (LA),5.2.1.-robos con fuerza en las cosas en el interior de vehiculos,223
2016,RIOJA (LA),5.2.2.-robos con fuerza en viviendas,494
2016,RIOJA (LA),5.2.3.-robos con fuerza en establecimientos,148
2016,RIOJA (LA),5.3.-robos con violencia o intimidacion,119
2016,RIOJA (LA),5.3.1.-robos con violencia en via publica,75
2016,RIOJA (LA),5.3.2.-robos con violencia en viviendas,4
2016,RIOJA (LA),5.3.3.-robos con violencia en establecimientos,27
2016,RIOJA (LA),5.4.-sustraccion de vehiculos,99
2016,RIOJA (LA),5.5.-estafas,397
2016,RIOJA (LA),5.5.1.-estafas informaticas,142
2016,RIOJA (LA),5.6.-danos,1004
2016,RIOJA (LA),5.7.-contra la propiedad intelectual/industrial,8
2016,RIOJA (LA),5.8.-blanqueo de capitales,2
2016,RIOJA (LA),5.9.-otros contra el patrimonio,157
2016,RIOJA (LA),6. seguridad colectiva,347
2016,RIOJA (LA),6.1.-trafico de drogas,63
2016,RIOJA (LA),6.2.-contra la seguridad vial,274
2016,RIOJA (LA),6.3.-otros contra la seguridad colectiva,10
2016,RIOJA (LA),7. falsedades,66
2016,RIOJA (LA),8. admon. publica,3
2016,RIOJA (LA),9. admon. justicia,157
2016,RIOJA (LA),total infracciones penales,7997
2017,ANDALUCIA,1. contra las personas,35087
2017,ANDALUCIA,1.1.-homicidios dolosos/asesinatos,256
2017,ANDALUCIA,1.1.1.-homicidios dolosos/asesinatos consumados,49
2017,ANDALUCIA,1.2.-lesiones,20068
2017,ANDALUCIA,1.3.-malos tratos ambito familiar,14179
2017,ANDALUCIA,1.4.-otros contra las personas,584
2017,ANDALUCIA,10. orden publico,3573
2017,ANDALUCIA,11. legislacion especial,91
2017,ANDALUCIA,12. otras infracciones penales,2415
2017,ANDALUCIA,2. contra la libertad,24427
2017,ANDALUCIA,2.1.-malos tratos habituales en el ambito familiar,2857
2017,ANDALUCIA,2.2.-otros contra la libertad,21570
2017,ANDALUCIA,3. libertad sexual,2064
2017,ANDALUCIA,3.1.-agresion sexual,1157
2017,ANDALUCIA,3.2.-agresion sexual con penetracion,273
2017,ANDALUCIA,3.3.-corrupcion de menores o incapacitados,104
2017,ANDALUCIA,3.4.-pornografia de menores,153
2017,ANDALUCIA,3.5.-otros contra la libertad sexual,377
2017,ANDALUCIA,4. relaciones familiares,1561
2017,ANDALUCIA,5. patrimonio,242164
2017,ANDALUCIA,5.1.-hurtos,103746
2017,ANDALUCIA,5.2.-robos con fuerza en las cosas,52435
2017,ANDALUCIA,5.2.1.-robos con fuerza en las cosas en el interior de vehiculos,19447
2017,ANDALUCIA,5.2.2.-robos con fuerza en viviendas,17276
2017,ANDALUCIA,5.2.3.-robos con fuerza en establecimientos,7303
2017,ANDALUCIA,5.3.-robos con violencia o intimidacion,7668
2017,ANDALUCIA,5.3.1.-robos con violencia en via publica,5116
2017,ANDALUCIA,5.3.2.-robos con violencia en viviendas,568
2017,ANDALUCIA,5.3.3.-robos con violencia en establecimientos,1146
2017,ANDALUCIA,5.4.-sustraccion de vehiculos,8755
2017,ANDALUCIA,5.5.-estafas,25204
2017,ANDALUCIA,5.5.1.-estafas informaticas,10366
2017,ANDALUCIA,5.6.-danos,35372
2017,ANDALUCIA,5.7.-contra la propiedad intelectual/industrial,445
2017,ANDALUCIA,5.8.-blanqueo de capitales,61
2017,ANDALUCIA,5.9.-otros contra el patrimonio,8478
2017,ANDALUCIA,6. seguridad colectiva,13039
2017,ANDALUCIA,6.1.-trafico de drogas,3472
2017,ANDALUCIA,6.2.-contra la seguridad vial,9122
2017,ANDALUCIA,6.3.-otros contra la seguridad colectiva,445
2017,ANDALUCIA,7. falsedades,3594
2017,ANDALUCIA,8. admon. publica,120
2017,ANDALUCIA,9. admon. justicia,6196
2017,ANDALUCIA,total infracciones penales,334331
2017,ARAGON,1. contra las personas,4146
2017,ARAGON,1.1.-homicidios dolosos/asesinatos,23
2017,ARAGON,1.1.1.-homicidios dolosos/asesinatos consumados,8
2017,ARAGON,1.2.-lesiones,2137
2017,ARAGON,1.3.-malos tratos ambito familiar,1929
2017,ARAGON,1.4.-otros contra las personas,57
2017,ARAGON,10. orden publico,473
2017,ARAGON,11. legislacion especial,1
2017,ARAGON,12. otras infracciones penales,247
2017,ARAGON,2. contra la libertad,2071
2017,ARAGON,2.1.-malos tratos habituales en el ambito familiar,249
2017,ARAGON,2.2.-otros contra la libertad,1822
2017,ARAGON,3. libertad sexual,274
2017,ARAGON,3.1.-agresion sexual,159
2017,ARAGON,3.2.-agresion sexual con penetracion,46
2017,ARAGON,3.3.-corrupcion de menores o incapacitados,11
2017,ARAGON,3.4.-pornografia de menores,18
2017,ARAGON,3.5.-otros contra la libertad sexual,40
2017,ARAGON,4. relaciones familiares,161
2017,ARAGON,5. patrimonio,28437
2017,ARAGON,5.1.-hurtos,11004
2017,ARAGON,5.2.-robos con fuerza en las cosas,5167
2017,ARAGON,5.2.1.-robos con fuerza en las cosas en el interior de vehiculos,1306
2017,ARAGON,5.2.2.-robos con fuerza en viviendas,1787
2017,ARAGON,5.2.3.-robos con fuerza en establecimientos,743
2017,ARAGON,5.3.-robos con violencia o intimidacion,798
2017,ARAGON,5.3.1.-robos con violencia en via publica,518
2017,ARAGON,5.3.2.-robos con violencia en viviendas,54
2017,ARAGON,5.3.3.-robos con violencia en establecimientos,148
2017,ARAGON,5.4.-sustraccion de vehiculos,392
2017,ARAGON,5.5.-estafas,4805
2017,ARAGON,5.5.1.-estafas informaticas,1860
2017,ARAGON,5.6.-danos,5165
2017,ARAGON,5.7.-contra la propiedad intelectual/industrial,21
2017,ARAGON,5.8.-blanqueo de capitales,3
2017,ARAGON,5.9.-otros contra el patrimonio,1082
2017,ARAGON,6. seguridad colectiva,1093
2017,ARAGON,6.1.-trafico de drogas,270
2017,ARAGON,6.2.-contra la seguridad vial,763
2017,ARAGON,6.3.-otros contra la seguridad colectiva,60
2017,ARAGON,7. falsedades,357
2017,ARAGON,8. admon. publica,6
2017,ARAGON,9. admon. justicia,612
2017,ARAGON,total infracciones penales,37878
2017,ASTURIAS (PRINCIPADO DE),1. contra las personas,3160
2017,ASTURIAS (PRINCIPADO DE),1.1.-homicidios dolosos/asesinatos,16
2017,ASTURIAS (PRINCIPADO DE),1.1.1.-homicidios dolosos/asesinatos consumados,5
2017,ASTURIAS (PRINCIPADO DE),1.2.-lesiones,1906
2017,ASTURIAS (PRINCIPADO DE),1.3.-malos tratos ambito familiar,1189
2017,ASTURIAS (PRINCIPADO DE),1.4.-otros contra las personas,49
2017,ASTURIAS (PRINCIPADO DE),10. orden publico,409
2017,ASTURIAS (PRINCIPADO DE),11. legislacion especial,1
2017,ASTURIAS (PRINCIPADO DE),12. otras infracciones penales,205
2017,ASTURIAS (PRINCIPADO DE),2. contra la libertad,1842
2017,ASTURIAS (PRINCIPADO DE),2.1.-malos tratos habituales en el ambito familiar,88
2017,ASTURIAS (PRINCIPADO DE),2.2.-otros contra la libertad,1754
2017,ASTURIAS (PRINCIPADO DE),3. libertad sexual,146
2017,ASTURIAS (PRINCIPADO DE),3.1.-agresion sexual,84
2017,ASTURIAS (PRINCIPADO DE),3.2.-agresion sexual con penetracion,30
2017,ASTURIAS (PRINCIPADO DE),3.3.-corrupcion de menores o incapacitados,1
2017,ASTURIAS (PRINCIPADO DE),3.4.-pornografia de menores,8
2017,ASTURIAS (PRINCIPADO DE),3.5.-otros contra la libertad sexual,23
2017,ASTURIAS (PRINCIPADO DE),4. relaciones familiares,117
2017,ASTURIAS (PRINCIPADO DE),5. patrimonio,17964
2017,ASTURIAS (PRINCIPADO DE),5.1.-hurtos,7261
2017,ASTURIAS (PRINCIPADO DE),5.2.-robos con fuerza en las cosas,2650
2017,ASTURIAS (PRINCIPADO DE),5.2.1.-robos con fuerza en las cosas en el interior de vehiculos,485
2017,ASTURIAS (PRINCIPADO DE),5.2.2.-robos con fuerza en viviendas,956
2017,ASTURIAS (PRINCIPADO DE),5.2.3.-robos con fuerza en establecimientos,762
2017,ASTURIAS (PRINCIPADO DE),5.3.-robos con violencia o intimidacion,371
2017,ASTURIAS (PRINCIPADO DE),5.3.1.-robos con violencia en via publica,218
2017,ASTURIAS (PRINCIPADO DE),5.3.2.-robos con violencia en viviendas,35
2017,ASTURIAS (PRINCIPADO DE),5.3.3.-robos con violencia en establecimientos,70
2017,ASTURIAS (PRINCIPADO DE),5.4.-sustraccion de vehiculos,394
2017,ASTURIAS (PRINCIPADO DE),5.5.-estafas,3553
2017,ASTURIAS (PRINCIPADO DE),5.5.1.-estafas informaticas,1677
2017,ASTURIAS (PRINCIPADO DE),5.6.-danos,3008
2017,ASTURIAS (PRINCIPADO DE),5.7.-contra la propiedad intelectual/industrial,7
2017,ASTURIAS (PRINCIPADO DE),5.8.-blanqueo de capitales,3
2017,ASTURIAS (PRINCIPADO DE),5.9.-otros contra el patrimonio,717
2017,ASTURIAS (PRINCIPADO DE),6. seguridad colectiva,1052
2017,ASTURIAS (PRINCIPADO DE),6.1.-trafico de drogas,130
2017,ASTURIAS (PRINCIPADO DE),6.2.-contra la seguridad vial,860
2017,ASTURIAS (PRINCIPADO DE),6.3.-otros contra la seguridad colectiva,62
2017,ASTURIAS (PRINCIPADO DE),7. falsedades,178
2017,ASTURIAS (PRINCIPADO DE),8. admon. publica,3
2017,ASTURIAS (PRINCIPADO DE),9. admon. justicia,575
2017,ASTURIAS (PRINCIPADO DE),total infracciones penales,25652
2017,BALEARS (ILLES),1. contra las personas,7096
2017,BALEARS (ILLES),1.1.-homicidios dolosos/asesinatos,32
2017,BALEARS (ILLES),1.1.1.-homicidios dolosos/asesinatos consumados,4
2017,BALEARS (ILLES),1.2.-lesiones,3679
2017,BALEARS (ILLES),1.3.-malos tratos ambito familiar,3253
2017,BALEARS (ILLES),1.4.-otros contra las personas,132
2017,BALEARS (ILLES),10. orden publico,634
2017,BALEARS (ILLES),11. legislacion especial,0
2017,BALEARS (ILLES),12. otras infracciones penales,246
2017,BALEARS (ILLES),2. contra la libertad,4377
2017,BALEARS (ILLES),2.1.-malos tratos habituales en el ambito familiar,484
2017,BALEARS (ILLES),2.2.-otros contra la libertad,3893
2017,BALEARS (ILLES),3. libertad sexual,517
2017,BALEARS (ILLES),3.1.-agresion sexual,336
2017,BALEARS (ILLES),3.2.-agresion sexual con penetracion,67
2017,BALEARS (ILLES),3.3.-corrupcion de menores o incapacitados,9
2017,BALEARS (ILLES),3.4.-pornografia de menores,19
2017,BALEARS (ILLES),3.5.-otros contra la libertad sexual,86
2017,BALEARS (ILLES),4. relaciones familiares,180
2017,BALEARS (ILLES),5. patrimonio,55129
2017,BALEARS (ILLES),5.1.-hurtos,29183
2017,BALEARS (ILLES),5.2.-robos con fuerza en las cosas,8666
2017,BALEARS (ILLES),5.2.1.-robos con fuerza en las cosas en el interior de vehiculos,2895
2017,BALEARS (ILLES),5.2.2.-robos con fuerza en viviendas,3125
2017,BALEARS (ILLES),5.2.3.-robos con fuerza en establecimientos,1145
2017,BALEARS (ILLES),5.3.-robos con violencia o intimidacion,1354
2017,BALEARS (ILLES),5.3.1.-robos con violencia en via publica,899
2017,BALEARS (ILLES),5.3.2.-robos con violencia en viviendas,68
2017,BALEARS (ILLES),5.3.3.-robos con violencia en establecimientos,186
2017,BALEARS (ILLES),5.4.-sustraccion de vehiculos,1717
2017,BALEARS (ILLES),5.5.-estafas,6699
2017,BALEARS (ILLES),5.5.1.-estafas informaticas,3156
2017,BALEARS (ILLES),5.6.-danos,5290
2017,BALEARS (ILLES),5.7.-contra la propiedad intelectual/industrial,77
2017,BALEARS (ILLES),5.8.-blanqueo de capitales,4
2017,BALEARS (ILLES),5.9.-otros contra el patrimonio,2139
2017,BALEARS (ILLES),6. seguridad colectiva,2534
2017,BALEARS (ILLES),6.1.-trafico de drogas,483
2017,BALEARS (ILLES),6.2.-contra la seguridad vial,1973
2017,BALEARS (ILLES),6.3.-otros contra la seguridad colectiva,78
2017,BALEARS (ILLES),7. falsedades,476
2017,BALEARS (ILLES),8. admon. publica,18
2017,BALEARS (ILLES),9. admon. justicia,950
2017,BALEARS (ILLES),total infracciones penales,72157
2017,CANARIAS,1. contra las personas,11744
2017,CANARIAS,1.1.-homicidios dolosos/asesinatos,56
2017,CANARIAS,1.1.1.-homicidios dolosos/asesinatos consumados,20
2017,CANARIAS,1.2.-lesiones,6892
2017,CANARIAS,1.3.-malos tratos ambito familiar,4650
2017,CANARIAS,1.4.-otros contra las personas,146
2017,CANARIAS,10. orden publico,886
2017,CANARIAS,11. legislacion especial,1
2017,CANARIAS,12. otras infracciones penales,372
2017,CANARIAS,2. contra la libertad,8825
2017,CANARIAS,2.1.-malos tratos habituales en el ambito familiar,751
2017,CANARIAS,2.2.-otros contra la libertad,8074
2017,CANARIAS,3. libertad sexual,625
2017,CANARIAS,3.1.-agresion sexual,350
2017,CANARIAS,3.2.-agresion sexual con penetracion,122
2017,CANARIAS,3.3.-corrupcion de menores o incapacitados,25
2017,CANARIAS,3.4.-pornografia de menores,45
2017,CANARIAS,3.5.-otros contra la libertad sexual,83
2017,CANARIAS,4. relaciones familiares,833
2017,CANARIAS,5. patrimonio,62255
2017,CANARIAS,5.1.-hurtos,30127
2017,CANARIAS,5.2.-robos con fuerza en las cosas,12638
2017,CANARIAS,5.2.1.-robos con fuerza en las cosas en el interior de vehiculos,4674
2017,CANARIAS,5.2.2.-robos con fuerza en viviendas,3263
2017,CANARIAS,5.2.3.-robos con fuerza en establecimientos,2028
2017,CANARIAS,5.3.-robos con violencia o intimidacion,1436
2017,CANARIAS,5.3.1.-robos con violencia en via publica,878
2017,CANARIAS,5.3.2.-robos con violencia en viviendas,116
2017,CANARIAS,5.3.3.-robos con violencia en establecimientos,245
2017,CANARIAS,5.4.-sustraccion de vehiculos,1797
2017,CANARIAS,5.5.-estafas,6448
2017,CANARIAS,5.5.1.-estafas informaticas,2172
2017,CANARIAS,5.6.-danos,7324
2017,CANARIAS,5.7.-contra la propiedad intelectual/industrial,75
2017,CANARIAS,5.8.-blanqueo de capitales,13
2017,CANARIAS,5.9.-otros contra el patrimonio,2397
2017,CANARIAS,6. seguridad colectiva,3287
2017,CANARIAS,6.1.-trafico de drogas,597
2017,CANARIAS,6.2.-contra la seguridad vial,2612
2017,CANARIAS,6.3.-otros contra la seguridad colectiva,78
2017,CANARIAS,7. falsedades,875
2017,CANARIAS,8. admon. publica,135
2017,CANARIAS,9. admon. justicia,1521
2017,CANARIAS,total infracciones penales,91359
2017,CANTABRIA,1. contra las personas,1941
2017,CANTABRIA,1.1.-homicidios dolosos/asesinatos,7
2017,CANTABRIA,1.1.1.-homicidios dolosos/asesinatos consumados,3
2017,CANTABRIA,1.2.-lesiones,1323
2017,CANTABRIA,1.3.-malos tratos ambito familiar,556
2017,CANTABRIA,1.4.-otros contra las personas,55
2017,CANTABRIA,10. orden publico,165
2017,CANTABRIA,11. legislacion especial,1
2017,CANTABRIA,12. otras infracciones penales,108
2017,CANTABRIA,2. contra la libertad,1344
2017,CANTABRIA,2.1.-malos tratos habituales en el ambito familiar,125
2017,CANTABRIA,2.2.-otros contra la libertad,1219
2017,CANTABRIA,3. libertad sexual,84
2017,CANTABRIA,3.1.-agresion sexual,52
2017,CANTABRIA,3.2.-agresion sexual con penetracion,16
2017,CANTABRIA,3.3.-corrupcion de menores o incapacitados,0
2017,CANTABRIA,3.4.-pornografia de menores,4
2017,CANTABRIA,3.5.-otros contra la libertad sexual,12
2017,CANTABRIA,4. relaciones familiares,46
2017,CANTABRIA,5. patrimonio,12678
2017,CANTABRIA,5.1.-hurtos,4983
2017,CANTABRIA,5.2.-robos con fuerza en las cosas,2600
2017,CANTABRIA,5.2.1.-robos con fuerza en las cosas en el interior de vehiculos,486
2017,CANTABRIA,5.2.2.-robos con fuerza en viviendas,939
2017,CANTABRIA,5.2.3.-robos con fuerza en establecimientos,686
2017,CANTABRIA,5.3.-robos con violencia o intimidacion,214
2017,CANTABRIA,5.3.1.-robos con violencia en via publica,127
2017,CANTABRIA,5.3.2.-robos con violencia en viviendas,25
2017,CANTABRIA,5.3.3.-robos con violencia en establecimientos,29
2017,CANTABRIA,5.4.-sustraccion de vehiculos,207
2017,CANTABRIA,5.5.-estafas,2140
2017,CANTABRIA,5.5.1.-estafas informaticas,1419
2017,CANTABRIA,5.6.-danos,2024
2017,CANTABRIA,5.7.-contra la propiedad intelectual/industrial,6
2017,CANTABRIA,5.8.-blanqueo de capitales,1
2017,CANTABRIA,5.9.-otros contra el patrimonio,503
2017,CANTABRIA,6. seguridad colectiva,695
2017,CANTABRIA,6.1.-trafico de drogas,63
2017,CANTABRIA,6.2.-contra la seguridad vial,602
2017,CANTABRIA,6.3.-otros contra la seguridad colectiva,30
2017,CANTABRIA,7. falsedades,106
2017,CANTABRIA,8. admon. publica,3
2017,CANTABRIA,9. admon. justicia,269
2017,CANTABRIA,total infracciones penales,17440
2017,CASTILLA - LA MANCHA,1. contra las personas,6583
2017,CASTILLA - LA MANCHA,1.1.-homicidios dolosos/asesinatos,46
2017,CASTILLA - LA MANCHA,1.1.1.-homicidios dolosos/asesinatos consumados,12
2017,CASTILLA - LA MANCHA,1.2.-lesiones,3836
2017,CASTILLA - LA MANCHA,1.3.-malos tratos ambito familiar,2607
2017,CASTILLA - LA MANCHA,1.4.-otros contra las personas,94
2017,CASTILLA - LA MANCHA,10. orden publico,649
2017,CASTILLA - LA MANCHA,11. legislacion especial,9
2017,CASTILLA - LA MANCHA,12. otras infracciones penales,548
2017,CASTILLA - LA MANCHA,2. contra la libertad,4362
2017,CASTILLA - LA MANCHA,2.1.-malos tratos habituales en el ambito familiar,593
2017,CASTILLA - LA MANCHA,2.2.-otros contra la libertad,3769
2017,CASTILLA - LA MANCHA,3. libertad sexual,371
2017,CASTILLA - LA MANCHA,3.1.-agresion sexual,211
2017,CASTILLA - LA MANCHA,3.2.-agresion sexual con penetracion,51
2017,CASTILLA - LA MANCHA,3.3.-corrupcion de menores o incapacitados,27
2017,CASTILLA - LA MANCHA,3.4.-pornografia de menores,18
2017,CASTILLA - LA MANCHA,3.5.-otros contra la libertad sexual,64
2017,CASTILLA - LA MANCHA,4. relaciones familiares,335
2017,CASTILLA - LA MANCHA,5. patrimonio,46528
2017,CASTILLA - LA MANCHA,5.1.-hurtos,15200
2017,CASTILLA - LA MANCHA,5.2.-robos con fuerza en las cosas,13183
2017,CASTILLA - LA MANCHA,5.2.1.-robos con fuerza en las cosas en el interior de vehiculos,2583
2017,CASTILLA - LA MANCHA,5.2.2.-robos con fuerza en viviendas,5500
2017,CASTILLA - LA MANCHA,5.2.3.-robos con fuerza en establecimientos,2159
2017,CASTILLA - LA MANCHA,5.3.-robos con violencia o intimidacion,1026
2017,CASTILLA - LA MANCHA,5.3.1.-robos con violencia en via publica,614
2017,CASTILLA - LA MANCHA,5.3.2.-robos con violencia en viviendas,80
2017,CASTILLA - LA MANCHA,5.3.3.-robos con violencia en establecimientos,166
2017,CASTILLA - LA MANCHA,5.4.-sustraccion de vehiculos,1105
2017,CASTILLA - LA MANCHA,5.5.-estafas,6232
2017,CASTILLA - LA MANCHA,5.5.1.-estafas informaticas,2796
2017,CASTILLA - LA MANCHA,5.6.-danos,7785
2017,CASTILLA - LA MANCHA,5.7.-contra la propiedad intelectual/industrial,29
2017,CASTILLA - LA MANCHA,5.8.-blanqueo de capitales,8
2017,CASTILLA - LA MANCHA,5.9.-otros contra el patrimonio,1960
2017,CASTILLA - LA MANCHA,6. seguridad colectiva,2598
2017,CASTILLA - LA MANCHA,6.1.-trafico de drogas,426
2017,CASTILLA - LA MANCHA,6.2.-contra la seguridad vial,2083
2017,CASTILLA - LA MANCHA,6.3.-otros contra la seguridad colectiva,89
2017,CASTILLA - LA MANCHA,7. falsedades,942
2017,CASTILLA - LA MANCHA,8. admon. publica,65
2017,CASTILLA - LA MANCHA,9. admon. justicia,1016
2017,CASTILLA - LA MANCHA,total infracciones penales,64006
2017,CASTILLA Y LEON,1. contra las personas,7127
2017,CASTILLA Y LEON,1.1.-homicidios dolosos/asesinatos,30
2017,CASTILLA Y LEON,1.1.1.-homicidios dolosos/asesinatos consumados,13
2017,CASTILLA Y LEON,1.2.-lesiones,4650
2017,CASTILLA Y LEON,1.3.-malos tratos ambito familiar,2332
2017,CASTILLA Y LEON,1.4.-otros contra las personas,115
2017,CASTILLA Y LEON,10. orden publico,699
2017,CASTILLA Y LEON,11. legislacion especial,8
2017,CASTILLA Y LEON,12. otras infracciones penales,577
2017,CASTILLA Y LEON,2. contra la libertad,5083
2017,CASTILLA Y LEON,2.1.-malos tratos habituales en el ambito familiar,526
2017,CASTILLA Y LEON,2.2.-otros contra la libertad,4557
2017,CASTILLA Y LEON,3. libertad sexual,368
2017,CASTILLA Y LEON,3.1.-agresion sexual,207
2017,CASTILLA Y LEON,3.2.-agresion sexual con penetracion,50
2017,CASTILLA Y LEON,3.3.-corrupcion de menores o incapacitados,21
2017,CASTILLA Y LEON,3.4.-pornografia de menores,23
2017,CASTILLA Y LEON,3.5.-otros contra la libertad sexual,67
2017,CASTILLA Y LEON,4. relaciones familiares,226
2017,CASTILLA Y LEON,5. patrimonio,53459
2017,CASTILLA Y LEON,5.1.-hurtos,21070
2017,CASTILLA Y LEON,5.2.-robos con fuerza en las cosas,9684
2017,CASTILLA Y LEON,5.2.1.-robos con fuerza en las cosas en el interior de vehiculos,1679
2017,CASTILLA Y LEON,5.2.2.-robos con fuerza en viviendas,3154
2017,CASTILLA Y LEON,5.2.3.-robos con fuerza en establecimientos,1960
2017,CASTILLA Y LEON,5.3.-robos con violencia o intimidacion,726
2017,CASTILLA Y LEON,5.3.1.-robos con violencia en via publica,430
2017,CASTILLA Y LEON,5.3.2.-robos con violencia en viviendas,69
2017,CASTILLA Y LEON,5.3.3.-robos con violencia en establecimientos,130
2017,CASTILLA Y LEON,5.4.-sustraccion de vehiculos,659
2017,CASTILLA Y LEON,5.5.-estafas,9555
2017,CASTILLA Y LEON,5.5.1.-estafas informaticas,4606
2017,CASTILLA Y LEON,5.6.-danos,10399
2017,CASTILLA Y LEON,5.7.-contra la propiedad intelectual/industrial,63
2017,CASTILLA Y LEON,5.8.-blanqueo de capitales,6
2017,CASTILLA Y LEON,5.9.-otros contra el patrimonio,1297
2017,CASTILLA Y LEON,6. seguridad colectiva,2473
2017,CASTILLA Y LEON,6.1.-trafico de drogas,334
2017,CASTILLA Y LEON,6.2.-contra la seguridad vial,1971
2017,CASTILLA Y LEON,6.3.-otros contra la seguridad colectiva,168
2017,CASTILLA Y LEON,7. falsedades,774
2017,CASTILLA Y LEON,8. admon. publica,26
2017,CASTILLA Y LEON,9. admon. justicia,1054
2017,CASTILLA Y LEON,total infracciones penales,71874
2017,CATALUNA,1. contra las personas,20582
2017,CATALUNA,1.1.-homicidios dolosos/asesinatos,209
2017,CATALUNA,1.1.1.-homicidios dolosos/asesinatos consumados,65
2017,CATALUNA,1.2.-lesiones,13698
2017,CATALUNA,1.3.-malos tratos ambito familiar,6251
2017,CATALUNA,1.4.-otros contra las personas,424
2017,CATALUNA,10. orden publico,2539
2017,CATALUNA,11. legislacion especial,10
2017,CATALUNA,12. otras infracciones penales,751
2017,CATALUNA,2. contra la libertad,18110
2017,CATALUNA,2.1.-malos tratos habituales en el ambito familiar,1740
2017,CATALUNA,2.2.-otros contra la libertad,16370
2017,CATALUNA,3. libertad sexual,2212
2017,CATALUNA,3.1.-agresion sexual,1151
2017,CATALUNA,3.2.-agresion sexual con penetracion,600
2017,CATALUNA,3.3.-corrupcion de menores o incapacitados,5
2017,CATALUNA,3.4.-pornografia de menores,168
2017,CATALUNA,3.5.-otros contra la libertad sexual,288
2017,CATALUNA,4. relaciones familiares,1320
2017,CATALUNA,5. patrimonio,361790
2017,CATALUNA,5.1.-hurtos,173684
2017,CATALUNA,5.2.-robos con fuerza en las cosas,65020
2017,CATALUNA,5.2.1.-robos con fuerza en las cosas en el interior de vehiculos,24940
2017,CATALUNA,5.2.2.-robos con fuerza en viviendas,23313
2017,CATALUNA,5.2.3.-robos con fuerza en establecimientos,7
2017,CATALUNA,5.3.-robos con violencia o intimidacion,20615
2017,CATALUNA,5.3.1.-robos con violencia en via publica,61
2017,CATALUNA,5.3.2.-robos con violencia en viviendas,386
2017,CATALUNA,5.3.3.-robos con violencia en establecimientos,6
2017,CATALUNA,5.4.-sustraccion de vehiculos,8855
2017,CATALUNA,5.5.-estafas,45006
2017,CATALUNA,5.5.1.-estafas informaticas,26574
2017,CATALUNA,5.6.-danos,38529
2017,CATALUNA,5.7.-contra la propiedad intelectual/industrial,233
2017,CATALUNA,5.8.-blanqueo de capitales,27
2017,CATALUNA,5.9.-otros contra el patrimonio,9821
2017,CATALUNA,6. seguridad colectiva,8273
2017,CATALUNA,6.1.-trafico de drogas,2269
2017,CATALUNA,6.2.-contra la seguridad vial,5860
2017,CATALUNA,6.3.-otros contra la seguridad colectiva,144
2017,CATALUNA,7. falsedades,3235
2017,CATALUNA,8. admon. publica,81
2017,CATALUNA,9. admon. justicia,3383
2017,CATALUNA,total infracciones penales,422286
2017,CIUDAD AUTONOMA DE CEUTA,1. contra las personas,700
2017,CIUDAD AUTONOMA DE CEUTA,1.1.-homicidios dolosos/asesinatos,8
2017,CIUDAD AUTONOMA DE CEUTA,1.1.1.-homicidios dolosos/asesinatos consumados,1
2017,CIUDAD AUTONOMA DE CEUTA,1.2.-lesiones,418
2017,CIUDAD AUTONOMA DE CEUTA,1.3.-malos tratos ambito familiar,263
2017,CIUDAD AUTONOMA DE CEUTA,1.4.-otros contra las personas,11
2017,CIUDAD AUTONOMA DE CEUTA,10. orden publico,159
2017,CIUDAD AUTONOMA DE CEUTA,11. legislacion especial,1
2017,CIUDAD AUTONOMA DE CEUTA,12. otras infracciones penales,102
2017,CIUDAD AUTONOMA DE CEUTA,2. contra la libertad,252
2017,CIUDAD AUTONOMA DE CEUTA,2.1.-malos tratos habituales en el ambito familiar,21
2017,CIUDAD AUTONOMA DE CEUTA,2.2.-otros contra la libertad,231
2017,CIUDAD AUTONOMA DE CEUTA,3. libertad sexual,25
2017,CIUDAD AUTONOMA DE CEUTA,3.1.-agresion sexual,14
2017,CIUDAD AUTONOMA DE CEUTA,3.2.-agresion sexual con penetracion,5
2017,CIUDAD AUTONOMA DE CEUTA,3.3.-corrupcion de menores o incapacitados,1
2017,CIUDAD AUTONOMA DE CEUTA,3.4.-pornografia de menores,0
2017,CIUDAD AUTONOMA DE CEUTA,3.5.-otros contra la libertad sexual,5
2017,CIUDAD AUTONOMA DE CEUTA,4. relaciones familiares,28
2017,CIUDAD AUTONOMA DE CEUTA,5. patrimonio,2132
2017,CIUDAD AUTONOMA DE CEUTA,5.1.-hurtos,810
2017,CIUDAD AUTONOMA DE CEUTA,5.2.-robos con fuerza en las cosas,455
2017,CIUDAD AUTONOMA DE CEUTA,5.2.1.-robos con fuerza en las cosas en el interior de vehiculos,347
2017,CIUDAD AUTONOMA DE CEUTA,5.2.2.-robos con fuerza en viviendas,57
2017,CIUDAD AUTONOMA DE CEUTA,5.2.3.-robos con fuerza en establecimientos,26
2017,CIUDAD AUTONOMA DE CEUTA,5.3.-robos con violencia o intimidacion,131
2017,CIUDAD AUTONOMA DE CEUTA,5.3.1.-robos con violencia en via publica,110
2017,CIUDAD AUTONOMA DE CEUTA,5.3.2.-robos con violencia en viviendas,2
2017,CIUDAD AUTONOMA DE CEUTA,5.3.3.-robos con violencia en establecimientos,5
2017,CIUDAD AUTONOMA DE CEUTA,5.4.-sustraccion de vehiculos,216
2017,CIUDAD AUTONOMA DE CEUTA,5.5.-estafas,166
2017,CIUDAD AUTONOMA DE CEUTA,5.5.1.-estafas informaticas,72
2017,CIUDAD AUTONOMA DE CEUTA,5.6.-danos,313
2017,CIUDAD AUTONOMA DE CEUTA,5.7.-contra la propiedad intelectual/industrial,3
2017,CIUDAD AUTONOMA DE CEUTA,5.8.-blanqueo de capitales,1
2017,CIUDAD AUTONOMA DE CEUTA,5.9.-otros contra el patrimonio,37
2017,CIUDAD AUTONOMA DE CEUTA,6. seguridad colectiva,434
2017,CIUDAD AUTONOMA DE CEUTA,6.1.-trafico de drogas,227
2017,CIUDAD AUTONOMA DE CEUTA,6.2.-contra la seguridad vial,205
2017,CIUDAD AUTONOMA DE CEUTA,6.3.-otros contra la seguridad colectiva,2
2017,CIUDAD AUTONOMA DE CEUTA,7. falsedades,474
2017,CIUDAD AUTONOMA DE CEUTA,8. admon. publica,11
2017,CIUDAD AUTONOMA DE CEUTA,9. admon. justicia,185
2017,CIUDAD AUTONOMA DE CEUTA,total infracciones penales,4503
2017,CIUDAD AUTONOMA DE MELILLA,1. contra las personas,889
2017,CIUDAD AUTONOMA DE MELILLA,1.1.-homicidios dolosos/asesinatos,8
2017,CIUDAD AUTONOMA DE MELILLA,1.1.1.-homicidios dolosos/asesinatos consumados,0
2017,CIUDAD AUTONOMA DE MELILLA,1.2.-lesiones,569
2017,CIUDAD AUTONOMA DE MELILLA,1.3.-malos tratos ambito familiar,304
2017,CIUDAD AUTONOMA DE MELILLA,1.4.-otros contra las personas,8
2017,CIUDAD AUTONOMA DE MELILLA,10. orden publico,166
2017,CIUDAD AUTONOMA DE MELILLA,11. legislacion especial,0
2017,CIUDAD AUTONOMA DE MELILLA,12. otras infracciones penales,124
2017,CIUDAD AUTONOMA DE MELILLA,2. contra la libertad,356
2017,CIUDAD AUTONOMA DE MELILLA,2.1.-malos tratos habituales en el ambito familiar,12
2017,CIUDAD AUTONOMA DE MELILLA,2.2.-otros contra la libertad,344
2017,CIUDAD AUTONOMA DE MELILLA,3. libertad sexual,29
2017,CIUDAD AUTONOMA DE MELILLA,3.1.-agresion sexual,19
2017,CIUDAD AUTONOMA DE MELILLA,3.2.-agresion sexual con penetracion,3
2017,CIUDAD AUTONOMA DE MELILLA,3.3.-corrupcion de menores o incapacitados,0
2017,CIUDAD AUTONOMA DE MELILLA,3.4.-pornografia de menores,3
2017,CIUDAD AUTONOMA DE MELILLA,3.5.-otros contra la libertad sexual,4
2017,CIUDAD AUTONOMA DE MELILLA,4. relaciones familiares,31
2017,CIUDAD AUTONOMA DE MELILLA,5. patrimonio,2826
2017,CIUDAD AUTONOMA DE MELILLA,5.1.-hurtos,1154
2017,CIUDAD AUTONOMA DE MELILLA,5.2.-robos con fuerza en las cosas,587
2017,CIUDAD AUTONOMA DE MELILLA,5.2.1.-robos con fuerza en las cosas en el interior de vehiculos,375
2017,CIUDAD AUTONOMA DE MELILLA,5.2.2.-robos con fuerza en viviendas,99
2017,CIUDAD AUTONOMA DE MELILLA,5.2.3.-robos con fuerza en establecimientos,39
2017,CIUDAD AUTONOMA DE MELILLA,5.3.-robos con violencia o intimidacion,356
2017,CIUDAD AUTONOMA DE MELILLA,5.3.1.-robos con violencia en via publica,277
2017,CIUDAD AUTONOMA DE MELILLA,5.3.2.-robos con violencia en viviendas,4
2017,CIUDAD AUTONOMA DE MELILLA,5.3.3.-robos con violencia en establecimientos,16
2017,CIUDAD AUTONOMA DE MELILLA,5.4.-sustraccion de vehiculos,113
2017,CIUDAD AUTONOMA DE MELILLA,5.5.-estafas,98
2017,CIUDAD AUTONOMA DE MELILLA,5.5.1.-estafas informaticas,32
2017,CIUDAD AUTONOMA DE MELILLA,5.6.-danos,421
2017,CIUDAD AUTONOMA DE MELILLA,5.7.-contra la propiedad intelectual/industrial,31
2017,CIUDAD AUTONOMA DE MELILLA,5.8.-blanqueo de capitales,1
2017,CIUDAD AUTONOMA DE MELILLA,5.9.-otros contra el patrimonio,65
2017,CIUDAD AUTONOMA DE MELILLA,6. seguridad colectiva,212
2017,CIUDAD AUTONOMA DE MELILLA,6.1.-trafico de drogas,64
2017,CIUDAD AUTONOMA DE MELILLA,6.2.-contra la seguridad vial,116
2017,CIUDAD AUTONOMA DE MELILLA,6.3.-otros contra la seguridad colectiva,32
2017,CIUDAD AUTONOMA DE MELILLA,7. falsedades,42
2017,CIUDAD AUTONOMA DE MELILLA,8. admon. publica,2
2017,CIUDAD AUTONOMA DE MELILLA,9. admon. justicia,67
2017,CIUDAD AUTONOMA DE MELILLA,total infracciones penales,4744
2017,COMUNITAT VALENCIANA,1. contra las personas,21164
2017,COMUNITAT VALENCIANA,1.1.-homicidios dolosos/asesinatos,106
2017,COMUNITAT VALENCIANA,1.1.1.-homicidios dolosos/asesinatos consumados,41
2017,COMUNITAT VALENCIANA,1.2.-lesiones,11154
2017,COMUNITAT VALENCIANA,1.3.-malos tratos ambito familiar,9653
2017,COMUNITAT VALENCIANA,1.4.-otros contra las personas,251
2017,COMUNITAT VALENCIANA,10. orden publico,2532
2017,COMUNITAT VALENCIANA,11. legislacion especial,6
2017,COMUNITAT VALENCIANA,12. otras infracciones penales,1171
2017,COMUNITAT VALENCIANA,2. contra la libertad,12282
2017,COMUNITAT VALENCIANA,2.1.-malos tratos habituales en el ambito familiar,1500
2017,COMUNITAT VALENCIANA,2.2.-otros contra la libertad,10782
2017,COMUNITAT VALENCIANA,3. libertad sexual,1348
2017,COMUNITAT VALENCIANA,3.1.-agresion sexual,797
2017,COMUNITAT VALENCIANA,3.2.-agresion sexual con penetracion,179
2017,COMUNITAT VALENCIANA,3.3.-corrupcion de menores o incapacitados,76
2017,COMUNITAT VALENCIANA,3.4.-pornografia de menores,85
2017,COMUNITAT VALENCIANA,3.5.-otros contra la libertad sexual,211
2017,COMUNITAT VALENCIANA,4. relaciones familiares,889
2017,COMUNITAT VALENCIANA,5. patrimonio,173357
2017,COMUNITAT VALENCIANA,5.1.-hurtos,73922
2017,COMUNITAT VALENCIANA,5.2.-robos con fuerza en las cosas,37439
2017,COMUNITAT VALENCIANA,5.2.1.-robos con fuerza en las cosas en el interior de vehiculos,11287
2017,COMUNITAT VALENCIANA,5.2.2.-robos con fuerza en viviendas,16928
2017,COMUNITAT VALENCIANA,5.2.3.-robos con fuerza en establecimientos,4472
2017,COMUNITAT VALENCIANA,5.3.-robos con violencia o intimidacion,5393
2017,COMUNITAT VALENCIANA,5.3.1.-robos con violencia en via publica,3341
2017,COMUNITAT VALENCIANA,5.3.2.-robos con violencia en viviendas,456
2017,COMUNITAT VALENCIANA,5.3.3.-robos con violencia en establecimientos,805
2017,COMUNITAT VALENCIANA,5.4.-sustraccion de vehiculos,3918
2017,COMUNITAT VALENCIANA,5.5.-estafas,20851
2017,COMUNITAT VALENCIANA,5.5.1.-estafas informaticas,7989
2017,COMUNITAT VALENCIANA,5.6.-danos,26863
2017,COMUNITAT VALENCIANA,5.7.-contra la propiedad intelectual/industrial,235
2017,COMUNITAT VALENCIANA,5.8.-blanqueo de capitales,46
2017,COMUNITAT VALENCIANA,5.9.-otros contra el patrimonio,4690
2017,COMUNITAT VALENCIANA,6. seguridad colectiva,7273
2017,COMUNITAT VALENCIANA,6.1.-trafico de drogas,1592
2017,COMUNITAT VALENCIANA,6.2.-contra la seguridad vial,5415
2017,COMUNITAT VALENCIANA,6.3.-otros contra la seguridad colectiva,266
2017,COMUNITAT VALENCIANA,7. falsedades,2794
2017,COMUNITAT VALENCIANA,8. admon. publica,72
2017,COMUNITAT VALENCIANA,9. admon. justicia,4214
2017,COMUNITAT VALENCIANA,total infracciones penales,227102
2017,EXTREMADURA,1. contra las personas,3184
2017,EXTREMADURA,1.1.-homicidios dolosos/asesinatos,24
2017,EXTREMADURA,1.1.1.-homicidios dolosos/asesinatos consumados,8
2017,EXTREMADURA,1.2.-lesiones,2087
2017,EXTREMADURA,1.3.-malos tratos ambito familiar,1034
2017,EXTREMADURA,1.4.-otros contra las personas,39
2017,EXTREMADURA,10. orden publico,281
2017,EXTREMADURA,11. legislacion especial,16
2017,EXTREMADURA,12. otras infracciones penales,302
2017,EXTREMADURA,2. contra la libertad,2233
2017,EXTREMADURA,2.1.-malos tratos habituales en el ambito familiar,208
2017,EXTREMADURA,2.2.-otros contra la libertad,2025
2017,EXTREMADURA,3. libertad sexual,153
2017,EXTREMADURA,3.1.-agresion sexual,90
2017,EXTREMADURA,3.2.-agresion sexual con penetracion,16
2017,EXTREMADURA,3.3.-corrupcion de menores o incapacitados,5
2017,EXTREMADURA,3.4.-pornografia de menores,12
2017,EXTREMADURA,3.5.-otros contra la libertad sexual,30
2017,EXTREMADURA,4. relaciones familiares,216
2017,EXTREMADURA,5. patrimonio,18059
2017,EXTREMADURA,5.1.-hurtos,7245
2017,EXTREMADURA,5.2.-robos con fuerza en las cosas,3994
2017,EXTREMADURA,5.2.1.-robos con fuerza en las cosas en el interior de vehiculos,745
2017,EXTREMADURA,5.2.2.-robos con fuerza en viviendas,1288
2017,EXTREMADURA,5.2.3.-robos con fuerza en establecimientos,862
2017,EXTREMADURA,5.3.-robos con violencia o intimidacion,277
2017,EXTREMADURA,5.3.1.-robos con violencia en via publica,152
2017,EXTREMADURA,5.3.2.-robos con violencia en viviendas,23
2017,EXTREMADURA,5.3.3.-robos con violencia en establecimientos,66
2017,EXTREMADURA,5.4.-sustraccion de vehiculos,336
2017,EXTREMADURA,5.5.-estafas,2268
2017,EXTREMADURA,5.5.1.-estafas informaticas,1031
2017,EXTREMADURA,5.6.-danos,3326
2017,EXTREMADURA,5.7.-contra la propiedad intelectual/industrial,23
2017,EXTREMADURA,5.8.-blanqueo de capitales,2
2017,EXTREMADURA,5.9.-otros contra el patrimonio,588
2017,EXTREMADURA,6. seguridad colectiva,976
2017,EXTREMADURA,6.1.-trafico de drogas,201
2017,EXTREMADURA,6.2.-contra la seguridad vial,687
2017,EXTREMADURA,6.3.-otros contra la seguridad colectiva,88
2017,EXTREMADURA,7. falsedades,373
2017,EXTREMADURA,8. admon. publica,4
2017,EXTREMADURA,9. admon. justicia,614
2017,EXTREMADURA,total infracciones penales,26411
2017,GALICIA,1. contra las personas,7927
2017,GALICIA,1.1.-homicidios dolosos/asesinatos,40
2017,GALICIA,1.1.1.-homicidios dolosos/asesinatos consumados,13
2017,GALICIA,1.2.-lesiones,4905
2017,GALICIA,1.3.-malos tratos ambito familiar,2832
2017,GALICIA,1.4.-otros contra las personas,150
2017,GALICIA,10. orden publico,732
2017,GALICIA,11. legislacion especial,2
2017,GALICIA,12. otras infracciones penales,654
2017,GALICIA,2. contra la libertad,5935
2017,GALICIA,2.1.-malos tratos habituales en el ambito familiar,658
2017,GALICIA,2.2.-otros contra la libertad,5277
2017,GALICIA,3. libertad sexual,459
2017,GALICIA,3.1.-agresion sexual,281
2017,GALICIA,3.2.-agresion sexual con penetracion,60
2017,GALICIA,3.3.-corrupcion de menores o incapacitados,15
2017,GALICIA,3.4.-pornografia de menores,30
2017,GALICIA,3.5.-otros contra la libertad sexual,73
2017,GALICIA,4. relaciones familiares,224
2017,GALICIA,5. patrimonio,51864
2017,GALICIA,5.1.-hurtos,20320
2017,GALICIA,5.2.-robos con fuerza en las cosas,10055
2017,GALICIA,5.2.1.-robos con fuerza en las cosas en el interior de vehiculos,3022
2017,GALICIA,5.2.2.-robos con fuerza en viviendas,3402
2017,GALICIA,5.2.3.-robos con fuerza en establecimientos,1979
2017,GALICIA,5.3.-robos con violencia o intimidacion,1057
2017,GALICIA,5.3.1.-robos con violencia en via publica,572
2017,GALICIA,5.3.2.-robos con violencia en viviendas,117
2017,GALICIA,5.3.3.-robos con violencia en establecimientos,217
2017,GALICIA,5.4.-sustraccion de vehiculos,794
2017,GALICIA,5.5.-estafas,8590
2017,GALICIA,5.5.1.-estafas informaticas,4428
2017,GALICIA,5.6.-danos,9537
2017,GALICIA,5.7.-contra la propiedad intelectual/industrial,54
2017,GALICIA,5.8.-blanqueo de capitales,11
2017,GALICIA,5.9.-otros contra el patrimonio,1446
2017,GALICIA,6. seguridad colectiva,4424
2017,GALICIA,6.1.-trafico de drogas,371
2017,GALICIA,6.2.-contra la seguridad vial,3888
2017,GALICIA,6.3.-otros contra la seguridad colectiva,165
2017,GALICIA,7. falsedades,708
2017,GALICIA,8. admon. publica,17
2017,GALICIA,9. admon. justicia,1228
2017,GALICIA,total infracciones penales,74174
2017,MADRID (COMUNIDAD DE),1. contra las personas,27093
2017,MADRID (COMUNIDAD DE),1.1.-homicidios dolosos/asesinatos,125
2017,MADRID (COMUNIDAD DE),1.1.1.-homicidios dolosos/asesinatos consumados,39
2017,MADRID (COMUNIDAD DE),1.2.-lesiones,13088
2017,MADRID (COMUNIDAD DE),1.3.-malos tratos ambito familiar,13546
2017,MADRID (COMUNIDAD DE),1.4.-otros contra las personas,334
2017,MADRID (COMUNIDAD DE),10. orden publico,3824
2017,MADRID (COMUNIDAD DE),11. legislacion especial,15
2017,MADRID (COMUNIDAD DE),12. otras infracciones penales,852
2017,MADRID (COMUNIDAD DE),2. contra la libertad,14066
2017,MADRID (COMUNIDAD DE),2.1.-malos tratos habituales en el ambito familiar,1137
2017,MADRID (COMUNIDAD DE),2.2.-otros contra la libertad,12929
2017,MADRID (COMUNIDAD DE),3. libertad sexual,1776
2017,MADRID (COMUNIDAD DE),3.1.-agresion sexual,977
2017,MADRID (COMUNIDAD DE),3.2.-agresion sexual con penetracion,368
2017,MADRID (COMUNIDAD DE),3.3.-corrupcion de menores o incapacitados,57
2017,MADRID (COMUNIDAD DE),3.4.-pornografia de menores,94
2017,MADRID (COMUNIDAD DE),3.5.-otros contra la libertad sexual,280
2017,MADRID (COMUNIDAD DE),4. relaciones familiares,804
2017,MADRID (COMUNIDAD DE),5. patrimonio,319369
2017,MADRID (COMUNIDAD DE),5.1.-hurtos,156329
2017,MADRID (COMUNIDAD DE),5.2.-robos con fuerza en las cosas,48650
2017,MADRID (COMUNIDAD DE),5.2.1.-robos con fuerza en las cosas en el interior de vehiculos,24412
2017,MADRID (COMUNIDAD DE),5.2.2.-robos con fuerza en viviendas,12562
2017,MADRID (COMUNIDAD DE),5.2.3.-robos con fuerza en establecimientos,6457
2017,MADRID (COMUNIDAD DE),5.3.-robos con violencia o intimidacion,16314
2017,MADRID (COMUNIDAD DE),5.3.1.-robos con violencia en via publica,11551
2017,MADRID (COMUNIDAD DE),5.3.2.-robos con violencia en viviendas,1093
2017,MADRID (COMUNIDAD DE),5.3.3.-robos con violencia en establecimientos,1616
2017,MADRID (COMUNIDAD DE),5.4.-sustraccion de vehiculos,10715
2017,MADRID (COMUNIDAD DE),5.5.-estafas,38712
2017,MADRID (COMUNIDAD DE),5.5.1.-estafas informaticas,8887
2017,MADRID (COMUNIDAD DE),5.6.-danos,41989
2017,MADRID (COMUNIDAD DE),5.7.-contra la propiedad intelectual/industrial,235
2017,MADRID (COMUNIDAD DE),5.8.-blanqueo de capitales,43
2017,MADRID (COMUNIDAD DE),5.9.-otros contra el patrimonio,6382
2017,MADRID (COMUNIDAD DE),6. seguridad colectiva,5830
2017,MADRID (COMUNIDAD DE),6.1.-trafico de drogas,1608
2017,MADRID (COMUNIDAD DE),6.2.-contra la seguridad vial,3966
2017,MADRID (COMUNIDAD DE),6.3.-otros contra la seguridad colectiva,256
2017,MADRID (COMUNIDAD DE),7. falsedades,3257
2017,MADRID (COMUNIDAD DE),8. admon. publica,37
2017,MADRID (COMUNIDAD DE),9. admon. justicia,4319
2017,MADRID (COMUNIDAD DE),total infracciones penales,381242
2017,MURCIA (REGION DE),1. contra las personas,6033
2017,MURCIA (REGION DE),1.1.-homicidios dolosos/asesinatos,45
2017,MURCIA (REGION DE),1.1.1.-homicidios dolosos/asesinatos consumados,14
2017,MURCIA (REGION DE),1.2.-lesiones,3379
2017,MURCIA (REGION DE),1.3.-malos tratos ambito familiar,2566
2017,MURCIA (REGION DE),1.4.-otros contra las personas,43
2017,MURCIA (REGION DE),10. orden publico,550
2017,MURCIA (REGION DE),11. legislacion especial,2
2017,MURCIA (REGION DE),12. otras infracciones penales,373
2017,MURCIA (REGION DE),2. contra la libertad,3312
2017,MURCIA (REGION DE),2.1.-malos tratos habituales en el ambito familiar,317
2017,MURCIA (REGION DE),2.2.-otros contra la libertad,2995
2017,MURCIA (REGION DE),3. libertad sexual,391
2017,MURCIA (REGION DE),3.1.-agresion sexual,240
2017,MURCIA (REGION DE),3.2.-agresion sexual con penetracion,59
2017,MURCIA (REGION DE),3.3.-corrupcion de menores o incapacitados,7
2017,MURCIA (REGION DE),3.4.-pornografia de menores,18
2017,MURCIA (REGION DE),3.5.-otros contra la libertad sexual,67
2017,MURCIA (REGION DE),4. relaciones familiares,570
2017,MURCIA (REGION DE),5. patrimonio,38611
2017,MURCIA (REGION DE),5.1.-hurtos,15261
2017,MURCIA (REGION DE),5.2.-robos con fuerza en las cosas,11571
2017,MURCIA (REGION DE),5.2.1.-robos con fuerza en las cosas en el interior de vehiculos,3223
2017,MURCIA (REGION DE),5.2.2.-robos con fuerza en viviendas,5826
2017,MURCIA (REGION DE),5.2.3.-robos con fuerza en establecimientos,1105
2017,MURCIA (REGION DE),5.3.-robos con violencia o intimidacion,1458
2017,MURCIA (REGION DE),5.3.1.-robos con violencia en via publica,938
2017,MURCIA (REGION DE),5.3.2.-robos con violencia en viviendas,131
2017,MURCIA (REGION DE),5.3.3.-robos con violencia en establecimientos,197
2017,MURCIA (REGION DE),5.4.-sustraccion de vehiculos,1293
2017,MURCIA (REGION DE),5.5.-estafas,3246
2017,MURCIA (REGION DE),5.5.1.-estafas informaticas,1183
2017,MURCIA (REGION DE),5.6.-danos,4783
2017,MURCIA (REGION DE),5.7.-contra la propiedad intelectual/industrial,55
2017,MURCIA (REGION DE),5.8.-blanqueo de capitales,5
2017,MURCIA (REGION DE),5.9.-otros contra el patrimonio,939
2017,MURCIA (REGION DE),6. seguridad colectiva,1392
2017,MURCIA (REGION DE),6.1.-trafico de drogas,293
2017,MURCIA (REGION DE),6.2.-contra la seguridad vial,1036
2017,MURCIA (REGION DE),6.3.-otros contra la seguridad colectiva,63
2017,MURCIA (REGION DE),7. falsedades,540
2017,MURCIA (REGION DE),8. admon. publica,23
2017,MURCIA (REGION DE),9. admon. justicia,893
2017,MURCIA (REGION DE),total infracciones penales,52690
2017,NAVARRA (COMUNIDAD FORAL DE),1. contra las personas,2427
2017,NAVARRA (COMUNIDAD FORAL DE),1.1.-homicidios dolosos/asesinatos,28
2017,NAVARRA (COMUNIDAD FORAL DE),1.1.1.-homicidios dolosos/asesinatos consumados,7
2017,NAVARRA (COMUNIDAD FORAL DE),1.2.-lesiones,1409
2017,NAVARRA (COMUNIDAD FORAL DE),1.3.-malos tratos ambito familiar,956
2017,NAVARRA (COMUNIDAD FORAL DE),1.4.-otros contra las personas,34
2017,NAVARRA (COMUNIDAD FORAL DE),10. orden publico,294
2017,NAVARRA (COMUNIDAD FORAL DE),11. legislacion especial,0
2017,NAVARRA (COMUNIDAD FORAL DE),12. otras infracciones penales,174
2017,NAVARRA (COMUNIDAD FORAL DE),2. contra la libertad,1677
2017,NAVARRA (COMUNIDAD FORAL DE),2.1.-malos tratos habituales en el ambito familiar,128
2017,NAVARRA (COMUNIDAD FORAL DE),2.2.-otros contra la libertad,1549
2017,NAVARRA (COMUNIDAD FORAL DE),3. libertad sexual,232
2017,NAVARRA (COMUNIDAD FORAL DE),3.1.-agresion sexual,127
2017,NAVARRA (COMUNIDAD FORAL DE),3.2.-agresion sexual con penetracion,49
2017,NAVARRA (COMUNIDAD FORAL DE),3.3.-corrupcion de menores o incapacitados,19
2017,NAVARRA (COMUNIDAD FORAL DE),3.4.-pornografia de menores,10
2017,NAVARRA (COMUNIDAD FORAL DE),3.5.-otros contra la libertad sexual,27
2017,NAVARRA (COMUNIDAD FORAL DE),4. relaciones familiares,94
2017,NAVARRA (COMUNIDAD FORAL DE),5. patrimonio,18463
2017,NAVARRA (COMUNIDAD FORAL DE),5.1.-hurtos,7572
2017,NAVARRA (COMUNIDAD FORAL DE),5.2.-robos con fuerza en las cosas,2877
2017,NAVARRA (COMUNIDAD FORAL DE),5.2.1.-robos con fuerza en las cosas en el interior de vehiculos,664
2017,NAVARRA (COMUNIDAD FORAL DE),5.2.2.-robos con fuerza en viviendas,955
2017,NAVARRA (COMUNIDAD FORAL DE),5.2.3.-robos con fuerza en establecimientos,504
2017,NAVARRA (COMUNIDAD FORAL DE),5.3.-robos con violencia o intimidacion,432
2017,NAVARRA (COMUNIDAD FORAL DE),5.3.1.-robos con violencia en via publica,299
2017,NAVARRA (COMUNIDAD FORAL DE),5.3.2.-robos con violencia en viviendas,24
2017,NAVARRA (COMUNIDAD FORAL DE),5.3.3.-robos con violencia en establecimientos,57
2017,NAVARRA (COMUNIDAD FORAL DE),5.4.-sustraccion de vehiculos,169
2017,NAVARRA (COMUNIDAD FORAL DE),5.5.-estafas,3526
2017,NAVARRA (COMUNIDAD FORAL DE),5.5.1.-estafas informaticas,1728
2017,NAVARRA (COMUNIDAD FORAL DE),5.6.-danos,3321
2017,NAVARRA (COMUNIDAD FORAL DE),5.7.-contra la propiedad intelectual/industrial,13
2017,NAVARRA (COMUNIDAD FORAL DE),5.8.-blanqueo de capitales,3
2017,NAVARRA (COMUNIDAD FORAL DE),5.9.-otros contra el patrimonio,550
2017,NAVARRA (COMUNIDAD FORAL DE),6. seguridad colectiva,845
2017,NAVARRA (COMUNIDAD FORAL DE),6.1.-trafico de drogas,134
2017,NAVARRA (COMUNIDAD FORAL DE),6.2.-contra la seguridad vial,669
2017,NAVARRA (COMUNIDAD FORAL DE),6.3.-otros contra la seguridad colectiva,42
2017,NAVARRA (COMUNIDAD FORAL DE),7. falsedades,269
2017,NAVARRA (COMUNIDAD FORAL DE),8. admon. publica,25
2017,NAVARRA (COMUNIDAD FORAL DE),9. admon. justicia,327
2017,NAVARRA (COMUNIDAD FORAL DE),total infracciones penales,24827
2017,PAIS VASCO,1. contra las personas,6193
2017,PAIS VASCO,1.1.-homicidios dolosos/asesinatos,41
2017,PAIS VASCO,1.1.1.-homicidios dolosos/asesinatos consumados,5
2017,PAIS VASCO,1.2.-lesiones,4588
2017,PAIS VASCO,1.3.-malos tratos ambito familiar,1159
2017,PAIS VASCO,1.4.-otros contra las personas,405
2017,PAIS VASCO,10. orden publico,897
2017,PAIS VASCO,11. legislacion especial,1
2017,PAIS VASCO,12. otras infracciones penales,494
2017,PAIS VASCO,2. contra la libertad,7722
2017,PAIS VASCO,2.1.-malos tratos habituales en el ambito familiar,2782
2017,PAIS VASCO,2.2.-otros contra la libertad,4940
2017,PAIS VASCO,3. libertad sexual,500
2017,PAIS VASCO,3.1.-agresion sexual,268
2017,PAIS VASCO,3.2.-agresion sexual con penetracion,118
2017,PAIS VASCO,3.3.-corrupcion de menores o incapacitados,11
2017,PAIS VASCO,3.4.-pornografia de menores,42
2017,PAIS VASCO,3.5.-otros contra la libertad sexual,61
2017,PAIS VASCO,4. relaciones familiares,188
2017,PAIS VASCO,5. patrimonio,62871
2017,PAIS VASCO,5.1.-hurtos,27873
2017,PAIS VASCO,5.2.-robos con fuerza en las cosas,12539
2017,PAIS VASCO,5.2.1.-robos con fuerza en las cosas en el interior de vehiculos,27
2017,PAIS VASCO,5.2.2.-robos con fuerza en viviendas,4058
2017,PAIS VASCO,5.2.3.-robos con fuerza en establecimientos,2687
2017,PAIS VASCO,5.3.-robos con violencia o intimidacion,1787
2017,PAIS VASCO,5.3.1.-robos con violencia en via publica,1224
2017,PAIS VASCO,5.3.2.-robos con violencia en viviendas,123
2017,PAIS VASCO,5.3.3.-robos con violencia en establecimientos,241
2017,PAIS VASCO,5.4.-sustraccion de vehiculos,900
2017,PAIS VASCO,5.5.-estafas,10724
2017,PAIS VASCO,5.5.1.-estafas informaticas,8546
2017,PAIS VASCO,5.6.-danos,7729
2017,PAIS VASCO,5.7.-contra la propiedad intelectual/industrial,7
2017,PAIS VASCO,5.8.-blanqueo de capitales,10
2017,PAIS VASCO,5.9.-otros contra el patrimonio,1302
2017,PAIS VASCO,6. seguridad colectiva,2424
2017,PAIS VASCO,6.1.-trafico de drogas,332
2017,PAIS VASCO,6.2.-contra la seguridad vial,1916
2017,PAIS VASCO,6.3.-otros contra la seguridad colectiva,176
2017,PAIS VASCO,7. falsedades,963
2017,PAIS VASCO,8. admon. publica,17
2017,PAIS VASCO,9. admon. justicia,1417
2017,PAIS VASCO,total infracciones penales,83687
2017,RIOJA (LA),1. contra las personas,1006
2017,RIOJA (LA),1.1.-homicidios dolosos/asesinatos,6
2017,RIOJA (LA),1.1.1.-homicidios dolosos/asesinatos consumados,0
2017,RIOJA (LA),1.2.-lesiones,549
2017,RIOJA (LA),1.3.-malos tratos ambito familiar,438
2017,RIOJA (LA),1.4.-otros contra las personas,13
2017,RIOJA (LA),10. orden publico,126
2017,RIOJA (LA),11. legislacion especial,0
2017,RIOJA (LA),12. otras infracciones penales,43
2017,RIOJA (LA),2. contra la libertad,461
2017,RIOJA (LA),2.1.-malos tratos habituales en el ambito familiar,51
2017,RIOJA (LA),2.2.-otros contra la libertad,410
2017,RIOJA (LA),3. libertad sexual,57
2017,RIOJA (LA),3.1.-agresion sexual,40
2017,RIOJA (LA),3.2.-agresion sexual con penetracion,7
2017,RIOJA (LA),3.3.-corrupcion de menores o incapacitados,3
2017,RIOJA (LA),3.4.-pornografia de menores,1
2017,RIOJA (LA),3.5.-otros contra la libertad sexual,6
2017,RIOJA (LA),4. relaciones familiares,23
2017,RIOJA (LA),5. patrimonio,5676
2017,RIOJA (LA),5.1.-hurtos,2563
2017,RIOJA (LA),5.2.-robos con fuerza en las cosas,1271
2017,RIOJA (LA),5.2.1.-robos con fuerza en las cosas en el interior de vehiculos,222
2017,RIOJA (LA),5.2.2.-robos con fuerza en viviendas,587
2017,RIOJA (LA),5.2.3.-robos con fuerza en establecimientos,124
2017,RIOJA (LA),5.3.-robos con violencia o intimidacion,104
2017,RIOJA (LA),5.3.1.-robos con violencia en via publica,54
2017,RIOJA (LA),5.3.2.-robos con violencia en viviendas,11
2017,RIOJA (LA),5.3.3.-robos con violencia en establecimientos,24
2017,RIOJA (LA),5.4.-sustraccion de vehiculos,89
2017,RIOJA (LA),5.5.-estafas,458
2017,RIOJA (LA),5.5.1.-estafas informaticas,168
2017,RIOJA (LA),5.6.-danos,1013
2017,RIOJA (LA),5.7.-contra la propiedad intelectual/industrial,4
2017,RIOJA (LA),5.8.-blanqueo de capitales,1
2017,RIOJA (LA),5.9.-otros contra el patrimonio,173
2017,RIOJA (LA),6. seguridad colectiva,294
2017,RIOJA (LA),6.1.-trafico de drogas,80
2017,RIOJA (LA),6.2.-contra la seguridad vial,198
2017,RIOJA (LA),6.3.-otros contra la seguridad colectiva,16
2017,RIOJA (LA),7. falsedades,52
2017,RIOJA (LA),8. admon. publica,3
2017,RIOJA (LA),9. admon. justicia,136
2017,RIOJA (LA),total infracciones penales,7877
2018,ANDALUCIA,1. contra las personas,35043
2018,ANDALUCIA,1.1.-homicidios dolosos/asesinatos,262
2018,ANDALUCIA,1.1.1.-homicidios dolosos/asesinatos consumados,72
2018,ANDALUCIA,1.2.-lesiones,19547
2018,ANDALUCIA,1.3.-malos tratos ambito familiar,14441
2018,ANDALUCIA,1.4.-otros contra las personas,793
2018,ANDALUCIA,10. orden publico,3889
2018,ANDALUCIA,11. legislacion especial,129
2018,ANDALUCIA,12. otras infracciones penales,2271
2018,ANDALUCIA,2. contra la libertad,24513
2018,ANDALUCIA,2.1.-malos tratos habituales en el ambito familiar,2671
2018,ANDALUCIA,2.2.-otros contra la libertad,21842
2018,ANDALUCIA,3. libertad sexual,2339
2018,ANDALUCIA,3.1.-agresion sexual,1428
2018,ANDALUCIA,3.2.-agresion sexual con penetracion,314
2018,ANDALUCIA,3.3.-corrupcion de menores o incapacitados,63
2018,ANDALUCIA,3.4.-pornografia de menores,154
2018,ANDALUCIA,3.5.-otros contra la libertad sexual,380
2018,ANDALUCIA,4. relaciones familiares,1529
2018,ANDALUCIA,5. patrimonio,240939
2018,ANDALUCIA,5.1.-hurtos,93459
2018,ANDALUCIA,5.2.-robos con fuerza en las cosas,50084
2018,ANDALUCIA,5.2.1.-robos con fuerza en las cosas en el interior de vehiculos,18696
2018,ANDALUCIA,5.2.2.-robos con fuerza en viviendas,15779
2018,ANDALUCIA,5.2.3.-robos con fuerza en establecimientos,7192
2018,ANDALUCIA,5.3.-robos con violencia o intimidacion,7093
2018,ANDALUCIA,5.3.1.-robos con violencia en via publica,4592
2018,ANDALUCIA,5.3.2.-robos con violencia en viviendas,571
2018,ANDALUCIA,5.3.3.-robos con violencia en establecimientos,1128
2018,ANDALUCIA,5.4.-sustraccion de vehiculos,6872
2018,ANDALUCIA,5.5.-estafas,37843
2018,ANDALUCIA,5.5.1.-estafas informaticas,15081
2018,ANDALUCIA,5.6.-danos,34236
2018,ANDALUCIA,5.7.-contra la propiedad intelectual/industrial,564
2018,ANDALUCIA,5.8.-blanqueo de capitales,82
2018,ANDALUCIA,5.9.-otros contra el patrimonio,10706
2018,ANDALUCIA,6. seguridad colectiva,13862
2018,ANDALUCIA,6.1.-trafico de drogas,3663
2018,ANDALUCIA,6.2.-contra la seguridad vial,9767
2018,ANDALUCIA,6.3.-otros contra la seguridad colectiva,432
2018,ANDALUCIA,7. falsedades,3740
2018,ANDALUCIA,8. admon. publica,123
2018,ANDALUCIA,9. admon. justicia,6464
2018,ANDALUCIA,total infracciones penales,334841
2018,ARAGON,1. contra las personas,4474
2018,ARAGON,1.1.-homicidios dolosos/asesinatos,17
2018,ARAGON,1.1.1.-homicidios dolosos/asesinatos consumados,9
2018,ARAGON,1.2.-lesiones,2249
2018,ARAGON,1.3.-malos tratos ambito familiar,2093
2018,ARAGON,1.4.-otros contra las personas,115
2018,ARAGON,10. orden publico,526
2018,ARAGON,11. legislacion especial,2
2018,ARAGON,12. otras infracciones penales,261
2018,ARAGON,2. contra la libertad,2233
2018,ARAGON,2.1.-malos tratos habituales en el ambito familiar,273
2018,ARAGON,2.2.-otros contra la libertad,1960
2018,ARAGON,3. libertad sexual,346
2018,ARAGON,3.1.-agresion sexual,206
2018,ARAGON,3.2.-agresion sexual con penetracion,53
2018,ARAGON,3.3.-corrupcion de menores o incapacitados,11
2018,ARAGON,3.4.-pornografia de menores,26
2018,ARAGON,3.5.-otros contra la libertad sexual,50
2018,ARAGON,4. relaciones familiares,177
2018,ARAGON,5. patrimonio,29952
2018,ARAGON,5.1.-hurtos,10710
2018,ARAGON,5.2.-robos con fuerza en las cosas,5200
2018,ARAGON,5.2.1.-robos con fuerza en las cosas en el interior de vehiculos,1268
2018,ARAGON,5.2.2.-robos con fuerza en viviendas,1751
2018,ARAGON,5.2.3.-robos con fuerza en establecimientos,709
2018,ARAGON,5.3.-robos con violencia o intimidacion,919
2018,ARAGON,5.3.1.-robos con violencia en via publica,630
2018,ARAGON,5.3.2.-robos con violencia en viviendas,48
2018,ARAGON,5.3.3.-robos con violencia en establecimientos,149
2018,ARAGON,5.4.-sustraccion de vehiculos,279
2018,ARAGON,5.5.-estafas,6751
2018,ARAGON,5.5.1.-estafas informaticas,3131
2018,ARAGON,5.6.-danos,4804
2018,ARAGON,5.7.-contra la propiedad intelectual/industrial,19
2018,ARAGON,5.8.-blanqueo de capitales,2
2018,ARAGON,5.9.-otros contra el patrimonio,1268
2018,ARAGON,6. seguridad colectiva,1244
2018,ARAGON,6.1.-trafico de drogas,336
2018,ARAGON,6.2.-contra la seguridad vial,857
2018,ARAGON,6.3.-otros contra la seguridad colectiva,51
2018,ARAGON,7. falsedades,433
2018,ARAGON,8. admon. publica,9
2018,ARAGON,9. admon. justicia,710
2018,ARAGON,total infracciones penales,40367
2018,ASTURIAS (PRINCIPADO DE),1. contra las personas,3159
2018,ASTURIAS (PRINCIPADO DE),1.1.-homicidios dolosos/asesinatos,18
2018,ASTURIAS (PRINCIPADO DE),1.1.1.-homicidios dolosos/asesinatos consumados,7
2018,ASTURIAS (PRINCIPADO DE),1.2.-lesiones,1844
2018,ASTURIAS (PRINCIPADO DE),1.3.-malos tratos ambito familiar,1246
2018,ASTURIAS (PRINCIPADO DE),1.4.-otros contra las personas,51
2018,ASTURIAS (PRINCIPADO DE),10. orden publico,376
2018,ASTURIAS (PRINCIPADO DE),11. legislacion especial,0
2018,ASTURIAS (PRINCIPADO DE),12. otras infracciones penales,233
2018,ASTURIAS (PRINCIPADO DE),2. contra la libertad,1751
2018,ASTURIAS (PRINCIPADO DE),2.1.-malos tratos habituales en el ambito familiar,112
2018,ASTURIAS (PRINCIPADO DE),2.2.-otros contra la libertad,1639
2018,ASTURIAS (PRINCIPADO DE),3. libertad sexual,207
2018,ASTURIAS (PRINCIPADO DE),3.1.-agresion sexual,122
2018,ASTURIAS (PRINCIPADO DE),3.2.-agresion sexual con penetracion,27
2018,ASTURIAS (PRINCIPADO DE),3.3.-corrupcion de menores o incapacitados,11
2018,ASTURIAS (PRINCIPADO DE),3.4.-pornografia de menores,11
2018,ASTURIAS (PRINCIPADO DE),3.5.-otros contra la libertad sexual,36
2018,ASTURIAS (PRINCIPADO DE),4. relaciones familiares,104
2018,ASTURIAS (PRINCIPADO DE),5. patrimonio,18807
2018,ASTURIAS (PRINCIPADO DE),5.1.-hurtos,7223
2018,ASTURIAS (PRINCIPADO DE),5.2.-robos con fuerza en las cosas,2359
2018,ASTURIAS (PRINCIPADO DE),5.2.1.-robos con fuerza en las cosas en el interior de vehiculos,466
2018,ASTURIAS (PRINCIPADO DE),5.2.2.-robos con fuerza en viviendas,871
2018,ASTURIAS (PRINCIPADO DE),5.2.3.-robos con fuerza en establecimientos,594
2018,ASTURIAS (PRINCIPADO DE),5.3.-robos con violencia o intimidacion,355
2018,ASTURIAS (PRINCIPADO DE),5.3.1.-robos con violencia en via publica,207
2018,ASTURIAS (PRINCIPADO DE),5.3.2.-robos con violencia en viviendas,35
2018,ASTURIAS (PRINCIPADO DE),5.3.3.-robos con violencia en establecimientos,76
2018,ASTURIAS (PRINCIPADO DE),5.4.-sustraccion de vehiculos,211
2018,ASTURIAS (PRINCIPADO DE),5.5.-estafas,4817
2018,ASTURIAS (PRINCIPADO DE),5.5.1.-estafas informaticas,2371
2018,ASTURIAS (PRINCIPADO DE),5.6.-danos,2994
2018,ASTURIAS (PRINCIPADO DE),5.7.-contra la propiedad intelectual/industrial,37
2018,ASTURIAS (PRINCIPADO DE),5.8.-blanqueo de capitales,4
2018,ASTURIAS (PRINCIPADO DE),5.9.-otros contra el patrimonio,807
2018,ASTURIAS (PRINCIPADO DE),6. seguridad colectiva,1051
2018,ASTURIAS (PRINCIPADO DE),6.1.-trafico de drogas,140
2018,ASTURIAS (PRINCIPADO DE),6.2.-contra la seguridad vial,865
2018,ASTURIAS (PRINCIPADO DE),6.3.-otros contra la seguridad colectiva,46
2018,ASTURIAS (PRINCIPADO DE),7. falsedades,185
2018,ASTURIAS (PRINCIPADO DE),8. admon. publica,3
2018,ASTURIAS (PRINCIPADO DE),9. admon. justicia,557
2018,ASTURIAS (PRINCIPADO DE),total infracciones penales,26433
2018,BALEARS (ILLES),1. contra las personas,7545
2018,BALEARS (ILLES),1.1.-homicidios dolosos/asesinatos,44
2018,BALEARS (ILLES),1.1.1.-homicidios dolosos/asesinatos consumados,8
2018,BALEARS (ILLES),1.2.-lesiones,3806
2018,BALEARS (ILLES),1.3.-malos tratos ambito familiar,3558
2018,BALEARS (ILLES),1.4.-otros contra las personas,137
2018,BALEARS (ILLES),10. orden publico,599
2018,BALEARS (ILLES),11. legislacion especial,2
2018,BALEARS (ILLES),12. otras infracciones penales,306
2018,BALEARS (ILLES),2. contra la libertad,4373
2018,BALEARS (ILLES),2.1.-malos tratos habituales en el ambito familiar,509
2018,BALEARS (ILLES),2.2.-otros contra la libertad,3864
2018,BALEARS (ILLES),3. libertad sexual,584
2018,BALEARS (ILLES),3.1.-agresion sexual,371
2018,BALEARS (ILLES),3.2.-agresion sexual con penetracion,108
2018,BALEARS (ILLES),3.3.-corrupcion de menores o incapacitados,16
2018,BALEARS (ILLES),3.4.-pornografia de menores,17
2018,BALEARS (ILLES),3.5.-otros contra la libertad sexual,72
2018,BALEARS (ILLES),4. relaciones familiares,168
2018,BALEARS (ILLES),5. patrimonio,55800
2018,BALEARS (ILLES),5.1.-hurtos,27629
2018,BALEARS (ILLES),5.2.-robos con fuerza en las cosas,7967
2018,BALEARS (ILLES),5.2.1.-robos con fuerza en las cosas en el interior de vehiculos,2455
2018,BALEARS (ILLES),5.2.2.-robos con fuerza en viviendas,3067
2018,BALEARS (ILLES),5.2.3.-robos con fuerza en establecimientos,1030
2018,BALEARS (ILLES),5.3.-robos con violencia o intimidacion,1230
2018,BALEARS (ILLES),5.3.1.-robos con violencia en via publica,771
2018,BALEARS (ILLES),5.3.2.-robos con violencia en viviendas,89
2018,BALEARS (ILLES),5.3.3.-robos con violencia en establecimientos,157
2018,BALEARS (ILLES),5.4.-sustraccion de vehiculos,1432
2018,BALEARS (ILLES),5.5.-estafas,9821
2018,BALEARS (ILLES),5.5.1.-estafas informaticas,5491
2018,BALEARS (ILLES),5.6.-danos,5479
2018,BALEARS (ILLES),5.7.-contra la propiedad intelectual/industrial,109
2018,BALEARS (ILLES),5.8.-blanqueo de capitales,5
2018,BALEARS (ILLES),5.9.-otros contra el patrimonio,2128
2018,BALEARS (ILLES),6. seguridad colectiva,2676
2018,BALEARS (ILLES),6.1.-trafico de drogas,514
2018,BALEARS (ILLES),6.2.-contra la seguridad vial,1997
2018,BALEARS (ILLES),6.3.-otros contra la seguridad colectiva,165
2018,BALEARS (ILLES),7. falsedades,639
2018,BALEARS (ILLES),8. admon. publica,6
2018,BALEARS (ILLES),9. admon. justicia,963
2018,BALEARS (ILLES),total infracciones penales,73661
2018,CANARIAS,1. contra las personas,11805
2018,CANARIAS,1.1.-homicidios dolosos/asesinatos,66
2018,CANARIAS,1.1.1.-homicidios dolosos/asesinatos consumados,25
2018,CANARIAS,1.2.-lesiones,6629
2018,CANARIAS,1.3.-malos tratos ambito familiar,4775
2018,CANARIAS,1.4.-otros contra las personas,335
2018,CANARIAS,10. orden publico,855
2018,CANARIAS,11. legislacion especial,0
2018,CANARIAS,12. otras infracciones penales,383
2018,CANARIAS,2. contra la libertad,8955
2018,CANARIAS,2.1.-malos tratos habituales en el ambito familiar,713
2018,CANARIAS,2.2.-otros contra la libertad,8242
2018,CANARIAS,3. libertad sexual,750
2018,CANARIAS,3.1.-agresion sexual,462
2018,CANARIAS,3.2.-agresion sexual con penetracion,149
2018,CANARIAS,3.3.-corrupcion de menores o incapacitados,8
2018,CANARIAS,3.4.-pornografia de menores,52
2018,CANARIAS,3.5.-otros contra la libertad sexual,79
2018,CANARIAS,4. relaciones familiares,754
2018,CANARIAS,5. patrimonio,61599
2018,CANARIAS,5.1.-hurtos,27229
2018,CANARIAS,5.2.-robos con fuerza en las cosas,11598
2018,CANARIAS,5.2.1.-robos con fuerza en las cosas en el interior de vehiculos,4250
2018,CANARIAS,5.2.2.-robos con fuerza en viviendas,3229
2018,CANARIAS,5.2.3.-robos con fuerza en establecimientos,1739
2018,CANARIAS,5.3.-robos con violencia o intimidacion,1490
2018,CANARIAS,5.3.1.-robos con violencia en via publica,870
2018,CANARIAS,5.3.2.-robos con violencia en viviendas,124
2018,CANARIAS,5.3.3.-robos con violencia en establecimientos,288
2018,CANARIAS,5.4.-sustraccion de vehiculos,1354
2018,CANARIAS,5.5.-estafas,9983
2018,CANARIAS,5.5.1.-estafas informaticas,3097
2018,CANARIAS,5.6.-danos,7217
2018,CANARIAS,5.7.-contra la propiedad intelectual/industrial,112
2018,CANARIAS,5.8.-blanqueo de capitales,14
2018,CANARIAS,5.9.-otros contra el patrimonio,2602
2018,CANARIAS,6. seguridad colectiva,3296
2018,CANARIAS,6.1.-trafico de drogas,620
2018,CANARIAS,6.2.-contra la seguridad vial,2590
2018,CANARIAS,6.3.-otros contra la seguridad colectiva,86
2018,CANARIAS,7. falsedades,754
2018,CANARIAS,8. admon. publica,13
2018,CANARIAS,9. admon. justicia,1485
2018,CANARIAS,total infracciones penales,90649
2018,CANTABRIA,1. contra las personas,2110
2018,CANTABRIA,1.1.-homicidios dolosos/asesinatos,5
2018,CANTABRIA,1.1.1.-homicidios dolosos/asesinatos consumados,2
2018,CANTABRIA,1.2.-lesiones,1424
2018,CANTABRIA,1.3.-malos tratos ambito familiar,599
2018,CANTABRIA,1.4.-otros contra las personas,82
2018,CANTABRIA,10. orden publico,166
2018,CANTABRIA,11. legislacion especial,2
2018,CANTABRIA,12. otras infracciones penales,143
2018,CANTABRIA,2. contra la libertad,1366
2018,CANTABRIA,2.1.-malos tratos habituales en el ambito familiar,121
2018,CANTABRIA,2.2.-otros contra la libertad,1245
2018,CANTABRIA,3. libertad sexual,102
2018,CANTABRIA,3.1.-agresion sexual,60
2018,CANTABRIA,3.2.-agresion sexual con penetracion,15
2018,CANTABRIA,3.3.-corrupcion de menores o incapacitados,1
2018,CANTABRIA,3.4.-pornografia de menores,8
2018,CANTABRIA,3.5.-otros contra la libertad sexual,18
2018,CANTABRIA,4. relaciones familiares,43
2018,CANTABRIA,5. patrimonio,12552
2018,CANTABRIA,5.1.-hurtos,4669
2018,CANTABRIA,5.2.-robos con fuerza en las cosas,2559
2018,CANTABRIA,5.2.1.-robos con fuerza en las cosas en el interior de vehiculos,519
2018,CANTABRIA,5.2.2.-robos con fuerza en viviendas,979
2018,CANTABRIA,5.2.3.-robos con fuerza en establecimientos,581
2018,CANTABRIA,5.3.-robos con violencia o intimidacion,177
2018,CANTABRIA,5.3.1.-robos con violencia en via publica,88
2018,CANTABRIA,5.3.2.-robos con violencia en viviendas,16
2018,CANTABRIA,5.3.3.-robos con violencia en establecimientos,40
2018,CANTABRIA,5.4.-sustraccion de vehiculos,123
2018,CANTABRIA,5.5.-estafas,2241
2018,CANTABRIA,5.5.1.-estafas informaticas,1704
2018,CANTABRIA,5.6.-danos,2052
2018,CANTABRIA,5.7.-contra la propiedad intelectual/industrial,19
2018,CANTABRIA,5.8.-blanqueo de capitales,2
2018,CANTABRIA,5.9.-otros contra el patrimonio,710
2018,CANTABRIA,6. seguridad colectiva,748
2018,CANTABRIA,6.1.-trafico de drogas,87
2018,CANTABRIA,6.2.-contra la seguridad vial,644
2018,CANTABRIA,6.3.-otros contra la seguridad colectiva,17
2018,CANTABRIA,7. falsedades,124
2018,CANTABRIA,8. admon. publica,0
2018,CANTABRIA,9. admon. justicia,318
2018,CANTABRIA,total infracciones penales,17674
2018,CASTILLA - LA MANCHA,1. contra las personas,6828
2018,CASTILLA - LA MANCHA,1.1.-homicidios dolosos/asesinatos,37
2018,CASTILLA - LA MANCHA,1.1.1.-homicidios dolosos/asesinatos consumados,8
2018,CASTILLA - LA MANCHA,1.2.-lesiones,3822
2018,CASTILLA - LA MANCHA,1.3.-malos tratos ambito familiar,2858
2018,CASTILLA - LA MANCHA,1.4.-otros contra las personas,111
2018,CASTILLA - LA MANCHA,10. orden publico,702
2018,CASTILLA - LA MANCHA,11. legislacion especial,9
2018,CASTILLA - LA MANCHA,12. otras infracciones penales,506
2018,CASTILLA - LA MANCHA,2. contra la libertad,4566
2018,CASTILLA - LA MANCHA,2.1.-malos tratos habituales en el ambito familiar,590
2018,CASTILLA - LA MANCHA,2.2.-otros contra la libertad,3976
2018,CASTILLA - LA MANCHA,3. libertad sexual,489
2018,CASTILLA - LA MANCHA,3.1.-agresion sexual,287
2018,CASTILLA - LA MANCHA,3.2.-agresion sexual con penetracion,77
2018,CASTILLA - LA MANCHA,3.3.-corrupcion de menores o incapacitados,17
2018,CASTILLA - LA MANCHA,3.4.-pornografia de menores,34
2018,CASTILLA - LA MANCHA,3.5.-otros contra la libertad sexual,74
2018,CASTILLA - LA MANCHA,4. relaciones familiares,298
2018,CASTILLA - LA MANCHA,5. patrimonio,49886
2018,CASTILLA - LA MANCHA,5.1.-hurtos,14490
2018,CASTILLA - LA MANCHA,5.2.-robos con fuerza en las cosas,13287
2018,CASTILLA - LA MANCHA,5.2.1.-robos con fuerza en las cosas en el interior de vehiculos,2917
2018,CASTILLA - LA MANCHA,5.2.2.-robos con fuerza en viviendas,5509
2018,CASTILLA - LA MANCHA,5.2.3.-robos con fuerza en establecimientos,1804
2018,CASTILLA - LA MANCHA,5.3.-robos con violencia o intimidacion,968
2018,CASTILLA - LA MANCHA,5.3.1.-robos con violencia en via publica,570
2018,CASTILLA - LA MANCHA,5.3.2.-robos con violencia en viviendas,98
2018,CASTILLA - LA MANCHA,5.3.3.-robos con violencia en establecimientos,150
2018,CASTILLA - LA MANCHA,5.4.-sustraccion de vehiculos,668
2018,CASTILLA - LA MANCHA,5.5.-estafas,9482
2018,CASTILLA - LA MANCHA,5.5.1.-estafas informaticas,4789
2018,CASTILLA - LA MANCHA,5.6.-danos,8469
2018,CASTILLA - LA MANCHA,5.7.-contra la propiedad intelectual/industrial,86
2018,CASTILLA - LA MANCHA,5.8.-blanqueo de capitales,8
2018,CASTILLA - LA MANCHA,5.9.-otros contra el patrimonio,2428
2018,CASTILLA - LA MANCHA,6. seguridad colectiva,2798
2018,CASTILLA - LA MANCHA,6.1.-trafico de drogas,439
2018,CASTILLA - LA MANCHA,6.2.-contra la seguridad vial,2287
2018,CASTILLA - LA MANCHA,6.3.-otros contra la seguridad colectiva,72
2018,CASTILLA - LA MANCHA,7. falsedades,1061
2018,CASTILLA - LA MANCHA,8. admon. publica,37
2018,CASTILLA - LA MANCHA,9. admon. justicia,1152
2018,CASTILLA - LA MANCHA,total infracciones penales,68332
2018,CASTILLA Y LEON,1. contra las personas,7213
2018,CASTILLA Y LEON,1.1.-homicidios dolosos/asesinatos,34
2018,CASTILLA Y LEON,1.1.1.-homicidios dolosos/asesinatos consumados,11
2018,CASTILLA Y LEON,1.2.-lesiones,4594
2018,CASTILLA Y LEON,1.3.-malos tratos ambito familiar,2376
2018,CASTILLA Y LEON,1.4.-otros contra las personas,209
2018,CASTILLA Y LEON,10. orden publico,700
2018,CASTILLA Y LEON,11. legislacion especial,0
2018,CASTILLA Y LEON,12. otras infracciones penales,584
2018,CASTILLA Y LEON,2. contra la libertad,5270
2018,CASTILLA Y LEON,2.1.-malos tratos habituales en el ambito familiar,539
2018,CASTILLA Y LEON,2.2.-otros contra la libertad,4731
2018,CASTILLA Y LEON,3. libertad sexual,439
2018,CASTILLA Y LEON,3.1.-agresion sexual,246
2018,CASTILLA Y LEON,3.2.-agresion sexual con penetracion,79
2018,CASTILLA Y LEON,3.3.-corrupcion de menores o incapacitados,10
2018,CASTILLA Y LEON,3.4.-pornografia de menores,44
2018,CASTILLA Y LEON,3.5.-otros contra la libertad sexual,60
2018,CASTILLA Y LEON,4. relaciones familiares,180
2018,CASTILLA Y LEON,5. patrimonio,55843
2018,CASTILLA Y LEON,5.1.-hurtos,19715
2018,CASTILLA Y LEON,5.2.-robos con fuerza en las cosas,9513
2018,CASTILLA Y LEON,5.2.1.-robos con fuerza en las cosas en el interior de vehiculos,1650
2018,CASTILLA Y LEON,5.2.2.-robos con fuerza en viviendas,3569
2018,CASTILLA Y LEON,5.2.3.-robos con fuerza en establecimientos,1701
2018,CASTILLA Y LEON,5.3.-robos con violencia o intimidacion,708
2018,CASTILLA Y LEON,5.3.1.-robos con violencia en via publica,388
2018,CASTILLA Y LEON,5.3.2.-robos con violencia en viviendas,96
2018,CASTILLA Y LEON,5.3.3.-robos con violencia en establecimientos,141
2018,CASTILLA Y LEON,5.4.-sustraccion de vehiculos,572
2018,CASTILLA Y LEON,5.5.-estafas,13157
2018,CASTILLA Y LEON,5.5.1.-estafas informaticas,6511
2018,CASTILLA Y LEON,5.6.-danos,10388
2018,CASTILLA Y LEON,5.7.-contra la propiedad intelectual/industrial,80
2018,CASTILLA Y LEON,5.8.-blanqueo de capitales,9
2018,CASTILLA Y LEON,5.9.-otros contra el patrimonio,1701
2018,CASTILLA Y LEON,6. seguridad colectiva,2709
2018,CASTILLA Y LEON,6.1.-trafico de drogas,408
2018,CASTILLA Y LEON,6.2.-contra la seguridad vial,2192
2018,CASTILLA Y LEON,6.3.-otros contra la seguridad colectiva,109
2018,CASTILLA Y LEON,7. falsedades,811
2018,CASTILLA Y LEON,8. admon. publica,17
2018,CASTILLA Y LEON,9. admon. justicia,1097
2018,CASTILLA Y LEON,total infracciones penales,74863
2018,CATALUNA,1. contra las personas,20684
2018,CATALUNA,1.1.-homicidios dolosos/asesinatos,213
2018,CATALUNA,1.1.1.-homicidios dolosos/asesinatos consumados,45
2018,CATALUNA,1.2.-lesiones,13726
2018,CATALUNA,1.3.-malos tratos ambito familiar,6358
2018,CATALUNA,1.4.-otros contra las personas,387
2018,CATALUNA,10. orden publico,2775
2018,CATALUNA,11. legislacion especial,17
2018,CATALUNA,12. otras infracciones penales,667
2018,CATALUNA,2. contra la libertad,18562
2018,CATALUNA,2.1.-malos tratos habituales en el ambito familiar,1730
2018,CATALUNA,2.2.-otros contra la libertad,16832
2018,CATALUNA,3. libertad sexual,2598
2018,CATALUNA,3.1.-agresion sexual,1277
2018,CATALUNA,3.2.-agresion sexual con penetracion,821
2018,CATALUNA,3.3.-corrupcion de menores o incapacitados,6
2018,CATALUNA,3.4.-pornografia de menores,225
2018,CATALUNA,3.5.-otros contra la libertad sexual,269
2018,CATALUNA,4. relaciones familiares,1216
2018,CATALUNA,5. patrimonio,409295
2018,CATALUNA,5.1.-hurtos,192054
2018,CATALUNA,5.2.-robos con fuerza en las cosas,71069
2018,CATALUNA,5.2.1.-robos con fuerza en las cosas en el interior de vehiculos,27340
2018,CATALUNA,5.2.2.-robos con fuerza en viviendas,25792
2018,CATALUNA,5.2.3.-robos con fuerza en establecimientos,9
2018,CATALUNA,5.3.-robos con violencia o intimidacion,22506
2018,CATALUNA,5.3.1.-robos con violencia en via publica,69
2018,CATALUNA,5.3.2.-robos con violencia en viviendas,387
2018,CATALUNA,5.3.3.-robos con violencia en establecimientos,8
2018,CATALUNA,5.4.-sustraccion de vehiculos,9193
2018,CATALUNA,5.5.-estafas,62522
2018,CATALUNA,5.5.1.-estafas informaticas,36808
2018,CATALUNA,5.6.-danos,40176
2018,CATALUNA,5.7.-contra la propiedad intelectual/industrial,346
2018,CATALUNA,5.8.-blanqueo de capitales,23
2018,CATALUNA,5.9.-otros contra el patrimonio,11406
2018,CATALUNA,6. seguridad colectiva,8724
2018,CATALUNA,6.1.-trafico de drogas,2452
2018,CATALUNA,6.2.-contra la seguridad vial,6130
2018,CATALUNA,6.3.-otros contra la seguridad colectiva,142
2018,CATALUNA,7. falsedades,3456
2018,CATALUNA,8. admon. publica,52
2018,CATALUNA,9. admon. justicia,3464
2018,CATALUNA,total infracciones penales,471510
2018,CIUDAD AUTONOMA DE CEUTA,1. contra las personas,707
2018,CIUDAD AUTONOMA DE CEUTA,1.1.-homicidios dolosos/asesinatos,2
2018,CIUDAD AUTONOMA DE CEUTA,1.1.1.-homicidios dolosos/asesinatos consumados,1
2018,CIUDAD AUTONOMA DE CEUTA,1.2.-lesiones,439
2018,CIUDAD AUTONOMA DE CEUTA,1.3.-malos tratos ambito familiar,264
2018,CIUDAD AUTONOMA DE CEUTA,1.4.-otros contra las personas,2
2018,CIUDAD AUTONOMA DE CEUTA,10. orden publico,134
2018,CIUDAD AUTONOMA DE CEUTA,11. legislacion especial,3
2018,CIUDAD AUTONOMA DE CEUTA,12. otras infracciones penales,136
2018,CIUDAD AUTONOMA DE CEUTA,2. contra la libertad,248
2018,CIUDAD AUTONOMA DE CEUTA,2.1.-malos tratos habituales en el ambito familiar,16
2018,CIUDAD AUTONOMA DE CEUTA,2.2.-otros contra la libertad,232
2018,CIUDAD AUTONOMA DE CEUTA,3. libertad sexual,50
2018,CIUDAD AUTONOMA DE CEUTA,3.1.-agresion sexual,36
2018,CIUDAD AUTONOMA DE CEUTA,3.2.-agresion sexual con penetracion,6
2018,CIUDAD AUTONOMA DE CEUTA,3.3.-corrupcion de menores o incapacitados,0
2018,CIUDAD AUTONOMA DE CEUTA,3.4.-pornografia de menores,2
2018,CIUDAD AUTONOMA DE CEUTA,3.5.-otros contra la libertad sexual,6
2018,CIUDAD AUTONOMA DE CEUTA,4. relaciones familiares,28
2018,CIUDAD AUTONOMA DE CEUTA,5. patrimonio,2243
2018,CIUDAD AUTONOMA DE CEUTA,5.1.-hurtos,864
2018,CIUDAD AUTONOMA DE CEUTA,5.2.-robos con fuerza en las cosas,313
2018,CIUDAD AUTONOMA DE CEUTA,5.2.1.-robos con fuerza en las cosas en el interior de vehiculos,186
2018,CIUDAD AUTONOMA DE CEUTA,5.2.2.-robos con fuerza en viviendas,60
2018,CIUDAD AUTONOMA DE CEUTA,5.2.3.-robos con fuerza en establecimientos,25
2018,CIUDAD AUTONOMA DE CEUTA,5.3.-robos con violencia o intimidacion,150
2018,CIUDAD AUTONOMA DE CEUTA,5.3.1.-robos con violencia en via publica,115
2018,CIUDAD AUTONOMA DE CEUTA,5.3.2.-robos con violencia en viviendas,7
2018,CIUDAD AUTONOMA DE CEUTA,5.3.3.-robos con violencia en establecimientos,7
2018,CIUDAD AUTONOMA DE CEUTA,5.4.-sustraccion de vehiculos,247
2018,CIUDAD AUTONOMA DE CEUTA,5.5.-estafas,291
2018,CIUDAD AUTONOMA DE CEUTA,5.5.1.-estafas informaticas,182
2018,CIUDAD AUTONOMA DE CEUTA,5.6.-danos,324
2018,CIUDAD AUTONOMA DE CEUTA,5.7.-contra la propiedad intelectual/industrial,0
2018,CIUDAD AUTONOMA DE CEUTA,5.8.-blanqueo de capitales,4
2018,CIUDAD AUTONOMA DE CEUTA,5.9.-otros contra el patrimonio,50
2018,CIUDAD AUTONOMA DE CEUTA,6. seguridad colectiva,385
2018,CIUDAD AUTONOMA DE CEUTA,6.1.-trafico de drogas,166
2018,CIUDAD AUTONOMA DE CEUTA,6.2.-contra la seguridad vial,215
2018,CIUDAD AUTONOMA DE CEUTA,6.3.-otros contra la seguridad colectiva,4
2018,CIUDAD AUTONOMA DE CEUTA,7. falsedades,602
2018,CIUDAD AUTONOMA DE CEUTA,8. admon. publica,8
2018,CIUDAD AUTONOMA DE CEUTA,9. admon. justicia,178
2018,CIUDAD AUTONOMA DE CEUTA,total infracciones penales,4722
2018,CIUDAD AUTONOMA DE MELILLA,1. contra las personas,874
2018,CIUDAD AUTONOMA DE MELILLA,1.1.-homicidios dolosos/asesinatos,1
2018,CIUDAD AUTONOMA DE MELILLA,1.1.1.-homicidios dolosos/asesinatos consumados,0
2018,CIUDAD AUTONOMA DE MELILLA,1.2.-lesiones,574
2018,CIUDAD AUTONOMA DE MELILLA,1.3.-malos tratos ambito familiar,275
2018,CIUDAD AUTONOMA DE MELILLA,1.4.-otros contra las personas,24
2018,CIUDAD AUTONOMA DE MELILLA,10. orden publico,165
2018,CIUDAD AUTONOMA DE MELILLA,11. legislacion especial,1
2018,CIUDAD AUTONOMA DE MELILLA,12. otras infracciones penales,141
2018,CIUDAD AUTONOMA DE MELILLA,2. contra la libertad,340
2018,CIUDAD AUTONOMA DE MELILLA,2.1.-malos tratos habituales en el ambito familiar,3
2018,CIUDAD AUTONOMA DE MELILLA,2.2.-otros contra la libertad,337
2018,CIUDAD AUTONOMA DE MELILLA,3. libertad sexual,27
2018,CIUDAD AUTONOMA DE MELILLA,3.1.-agresion sexual,18
2018,CIUDAD AUTONOMA DE MELILLA,3.2.-agresion sexual con penetracion,2
2018,CIUDAD AUTONOMA DE MELILLA,3.3.-corrupcion de menores o incapacitados,1
2018,CIUDAD AUTONOMA DE MELILLA,3.4.-pornografia de menores,2
2018,CIUDAD AUTONOMA DE MELILLA,3.5.-otros contra la libertad sexual,4
2018,CIUDAD AUTONOMA DE MELILLA,4. relaciones familiares,22
2018,CIUDAD AUTONOMA DE MELILLA,5. patrimonio,3329
2018,CIUDAD AUTONOMA DE MELILLA,5.1.-hurtos,1237
2018,CIUDAD AUTONOMA DE MELILLA,5.2.-robos con fuerza en las cosas,787
2018,CIUDAD AUTONOMA DE MELILLA,5.2.1.-robos con fuerza en las cosas en el interior de vehiculos,589
2018,CIUDAD AUTONOMA DE MELILLA,5.2.2.-robos con fuerza en viviendas,91
2018,CIUDAD AUTONOMA DE MELILLA,5.2.3.-robos con fuerza en establecimientos,35
2018,CIUDAD AUTONOMA DE MELILLA,5.3.-robos con violencia o intimidacion,332
2018,CIUDAD AUTONOMA DE MELILLA,5.3.1.-robos con violencia en via publica,260
2018,CIUDAD AUTONOMA DE MELILLA,5.3.2.-robos con violencia en viviendas,6
2018,CIUDAD AUTONOMA DE MELILLA,5.3.3.-robos con violencia en establecimientos,8
2018,CIUDAD AUTONOMA DE MELILLA,5.4.-sustraccion de vehiculos,88
2018,CIUDAD AUTONOMA DE MELILLA,5.5.-estafas,373
2018,CIUDAD AUTONOMA DE MELILLA,5.5.1.-estafas informaticas,176
2018,CIUDAD AUTONOMA DE MELILLA,5.6.-danos,445
2018,CIUDAD AUTONOMA DE MELILLA,5.7.-contra la propiedad intelectual/industrial,11
2018,CIUDAD AUTONOMA DE MELILLA,5.8.-blanqueo de capitales,0
2018,CIUDAD AUTONOMA DE MELILLA,5.9.-otros contra el patrimonio,56
2018,CIUDAD AUTONOMA DE MELILLA,6. seguridad colectiva,314
2018,CIUDAD AUTONOMA DE MELILLA,6.1.-trafico de drogas,48
2018,CIUDAD AUTONOMA DE MELILLA,6.2.-contra la seguridad vial,232
2018,CIUDAD AUTONOMA DE MELILLA,6.3.-otros contra la seguridad colectiva,34
2018,CIUDAD AUTONOMA DE MELILLA,7. falsedades,196
2018,CIUDAD AUTONOMA DE MELILLA,8. admon. publica,1
2018,CIUDAD AUTONOMA DE MELILLA,9. admon. justicia,78
2018,CIUDAD AUTONOMA DE MELILLA,total infracciones penales,5488
2018,COMUNITAT VALENCIANA,1. contra las personas,22039
2018,COMUNITAT VALENCIANA,1.1.-homicidios dolosos/asesinatos,118
2018,COMUNITAT VALENCIANA,1.1.1.-homicidios dolosos/asesinatos consumados,25
2018,COMUNITAT VALENCIANA,1.2.-lesiones,11366
2018,COMUNITAT VALENCIANA,1.3.-malos tratos ambito familiar,10209
2018,COMUNITAT VALENCIANA,1.4.-otros contra las personas,346
2018,COMUNITAT VALENCIANA,10. orden publico,2577
2018,COMUNITAT VALENCIANA,11. legislacion especial,13
2018,COMUNITAT VALENCIANA,12. otras infracciones penales,1065
2018,COMUNITAT VALENCIANA,2. contra la libertad,12488
2018,COMUNITAT VALENCIANA,2.1.-malos tratos habituales en el ambito familiar,1670
2018,COMUNITAT VALENCIANA,2.2.-otros contra la libertad,10818
2018,COMUNITAT VALENCIANA,3. libertad sexual,1580
2018,COMUNITAT VALENCIANA,3.1.-agresion sexual,988
2018,COMUNITAT VALENCIANA,3.2.-agresion sexual con penetracion,252
2018,COMUNITAT VALENCIANA,3.3.-corrupcion de menores o incapacitados,35
2018,COMUNITAT VALENCIANA,3.4.-pornografia de menores,87
2018,COMUNITAT VALENCIANA,3.5.-otros contra la libertad sexual,218
2018,COMUNITAT VALENCIANA,4. relaciones familiares,890
2018,COMUNITAT VALENCIANA,5. patrimonio,175524
2018,COMUNITAT VALENCIANA,5.1.-hurtos,70169
2018,COMUNITAT VALENCIANA,5.2.-robos con fuerza en las cosas,36312
2018,COMUNITAT VALENCIANA,5.2.1.-robos con fuerza en las cosas en el interior de vehiculos,9906
2018,COMUNITAT VALENCIANA,5.2.2.-robos con fuerza en viviendas,17440
2018,COMUNITAT VALENCIANA,5.2.3.-robos con fuerza en establecimientos,4222
2018,COMUNITAT VALENCIANA,5.3.-robos con violencia o intimidacion,5065
2018,COMUNITAT VALENCIANA,5.3.1.-robos con violencia en via publica,2976
2018,COMUNITAT VALENCIANA,5.3.2.-robos con violencia en viviendas,442
2018,COMUNITAT VALENCIANA,5.3.3.-robos con violencia en establecimientos,818
2018,COMUNITAT VALENCIANA,5.4.-sustraccion de vehiculos,3282
2018,COMUNITAT VALENCIANA,5.5.-estafas,27937
2018,COMUNITAT VALENCIANA,5.5.1.-estafas informaticas,11283
2018,COMUNITAT VALENCIANA,5.6.-danos,26842
2018,COMUNITAT VALENCIANA,5.7.-contra la propiedad intelectual/industrial,285
2018,COMUNITAT VALENCIANA,5.8.-blanqueo de capitales,55
2018,COMUNITAT VALENCIANA,5.9.-otros contra el patrimonio,5577
2018,COMUNITAT VALENCIANA,6. seguridad colectiva,7805
2018,COMUNITAT VALENCIANA,6.1.-trafico de drogas,1759
2018,COMUNITAT VALENCIANA,6.2.-contra la seguridad vial,5741
2018,COMUNITAT VALENCIANA,6.3.-otros contra la seguridad colectiva,305
2018,COMUNITAT VALENCIANA,7. falsedades,3206
2018,COMUNITAT VALENCIANA,8. admon. publica,79
2018,COMUNITAT VALENCIANA,9. admon. justicia,4361
2018,COMUNITAT VALENCIANA,total infracciones penales,231627
2018,EXTREMADURA,1. contra las personas,3097
2018,EXTREMADURA,1.1.-homicidios dolosos/asesinatos,17
2018,EXTREMADURA,1.1.1.-homicidios dolosos/asesinatos consumados,4
2018,EXTREMADURA,1.2.-lesiones,1955
2018,EXTREMADURA,1.3.-malos tratos ambito familiar,1050
2018,EXTREMADURA,1.4.-otros contra las personas,75
2018,EXTREMADURA,10. orden publico,246
2018,EXTREMADURA,11. legislacion especial,17
2018,EXTREMADURA,12. otras infracciones penales,309
2018,EXTREMADURA,2. contra la libertad,2198
2018,EXTREMADURA,2.1.-malos tratos habituales en el ambito familiar,208
2018,EXTREMADURA,2.2.-otros contra la libertad,1990
2018,EXTREMADURA,3. libertad sexual,209
2018,EXTREMADURA,3.1.-agresion sexual,131
2018,EXTREMADURA,3.2.-agresion sexual con penetracion,33
2018,EXTREMADURA,3.3.-corrupcion de menores o incapacitados,5
2018,EXTREMADURA,3.4.-pornografia de menores,11
2018,EXTREMADURA,3.5.-otros contra la libertad sexual,29
2018,EXTREMADURA,4. relaciones familiares,209
2018,EXTREMADURA,5. patrimonio,18333
2018,EXTREMADURA,5.1.-hurtos,6616
2018,EXTREMADURA,5.2.-robos con fuerza en las cosas,3747
2018,EXTREMADURA,5.2.1.-robos con fuerza en las cosas en el interior de vehiculos,685
2018,EXTREMADURA,5.2.2.-robos con fuerza en viviendas,1178
2018,EXTREMADURA,5.2.3.-robos con fuerza en establecimientos,818
2018,EXTREMADURA,5.3.-robos con violencia o intimidacion,252
2018,EXTREMADURA,5.3.1.-robos con violencia en via publica,138
2018,EXTREMADURA,5.3.2.-robos con violencia en viviendas,27
2018,EXTREMADURA,5.3.3.-robos con violencia en establecimientos,57
2018,EXTREMADURA,5.4.-sustraccion de vehiculos,160
2018,EXTREMADURA,5.5.-estafas,3454
2018,EXTREMADURA,5.5.1.-estafas informaticas,1879
2018,EXTREMADURA,5.6.-danos,3225
2018,EXTREMADURA,5.7.-contra la propiedad intelectual/industrial,63
2018,EXTREMADURA,5.8.-blanqueo de capitales,1
2018,EXTREMADURA,5.9.-otros contra el patrimonio,815
2018,EXTREMADURA,6. seguridad colectiva,1138
2018,EXTREMADURA,6.1.-trafico de drogas,233
2018,EXTREMADURA,6.2.-contra la seguridad vial,834
2018,EXTREMADURA,6.3.-otros contra la seguridad colectiva,71
2018,EXTREMADURA,7. falsedades,445
2018,EXTREMADURA,8. admon. publica,10
2018,EXTREMADURA,9. admon. justicia,602
2018,EXTREMADURA,total infracciones penales,26813
2018,GALICIA,1. contra las personas,8039
2018,GALICIA,1.1.-homicidios dolosos/asesinatos,33
2018,GALICIA,1.1.1.-homicidios dolosos/asesinatos consumados,8
2018,GALICIA,1.2.-lesiones,4876
2018,GALICIA,1.3.-malos tratos ambito familiar,2939
2018,GALICIA,1.4.-otros contra las personas,191
2018,GALICIA,10. orden publico,795
2018,GALICIA,11. legislacion especial,1
2018,GALICIA,12. otras infracciones penales,591
2018,GALICIA,2. contra la libertad,5819
2018,GALICIA,2.1.-malos tratos habituales en el ambito familiar,631
2018,GALICIA,2.2.-otros contra la libertad,5188
2018,GALICIA,3. libertad sexual,536
2018,GALICIA,3.1.-agresion sexual,341
2018,GALICIA,3.2.-agresion sexual con penetracion,88
2018,GALICIA,3.3.-corrupcion de menores o incapacitados,4
2018,GALICIA,3.4.-pornografia de menores,36
2018,GALICIA,3.5.-otros contra la libertad sexual,67
2018,GALICIA,4. relaciones familiares,190
2018,GALICIA,5. patrimonio,55664
2018,GALICIA,5.1.-hurtos,19903
2018,GALICIA,5.2.-robos con fuerza en las cosas,9990
2018,GALICIA,5.2.1.-robos con fuerza en las cosas en el interior de vehiculos,2945
2018,GALICIA,5.2.2.-robos con fuerza en viviendas,3395
2018,GALICIA,5.2.3.-robos con fuerza en establecimientos,1933
2018,GALICIA,5.3.-robos con violencia o intimidacion,951
2018,GALICIA,5.3.1.-robos con violencia en via publica,497
2018,GALICIA,5.3.2.-robos con violencia en viviendas,119
2018,GALICIA,5.3.3.-robos con violencia en establecimientos,212
2018,GALICIA,5.4.-sustraccion de vehiculos,584
2018,GALICIA,5.5.-estafas,12961
2018,GALICIA,5.5.1.-estafas informaticas,6836
2018,GALICIA,5.6.-danos,9413
2018,GALICIA,5.7.-contra la propiedad intelectual/industrial,117
2018,GALICIA,5.8.-blanqueo de capitales,13
2018,GALICIA,5.9.-otros contra el patrimonio,1732
2018,GALICIA,6. seguridad colectiva,4806
2018,GALICIA,6.1.-trafico de drogas,433
2018,GALICIA,6.2.-contra la seguridad vial,4246
2018,GALICIA,6.3.-otros contra la seguridad colectiva,127
2018,GALICIA,7. falsedades,803
2018,GALICIA,8. admon. publica,16
2018,GALICIA,9. admon. justicia,1266
2018,GALICIA,total infracciones penales,78526
2018,MADRID (COMUNIDAD DE),1. contra las personas,27360
2018,MADRID (COMUNIDAD DE),1.1.-homicidios dolosos/asesinatos,114
2018,MADRID (COMUNIDAD DE),1.1.1.-homicidios dolosos/asesinatos consumados,36
2018,MADRID (COMUNIDAD DE),1.2.-lesiones,13078
2018,MADRID (COMUNIDAD DE),1.3.-malos tratos ambito familiar,13753
2018,MADRID (COMUNIDAD DE),1.4.-otros contra las personas,415
2018,MADRID (COMUNIDAD DE),10. orden publico,3754
2018,MADRID (COMUNIDAD DE),11. legislacion especial,10
2018,MADRID (COMUNIDAD DE),12. otras infracciones penales,1012
2018,MADRID (COMUNIDAD DE),2. contra la libertad,14497
2018,MADRID (COMUNIDAD DE),2.1.-malos tratos habituales en el ambito familiar,1038
2018,MADRID (COMUNIDAD DE),2.2.-otros contra la libertad,13459
2018,MADRID (COMUNIDAD DE),3. libertad sexual,2014
2018,MADRID (COMUNIDAD DE),3.1.-agresion sexual,1172
2018,MADRID (COMUNIDAD DE),3.2.-agresion sexual con penetracion,408
2018,MADRID (COMUNIDAD DE),3.3.-corrupcion de menores o incapacitados,45
2018,MADRID (COMUNIDAD DE),3.4.-pornografia de menores,99
2018,MADRID (COMUNIDAD DE),3.5.-otros contra la libertad sexual,290
2018,MADRID (COMUNIDAD DE),4. relaciones familiares,862
2018,MADRID (COMUNIDAD DE),5. patrimonio,325802
2018,MADRID (COMUNIDAD DE),5.1.-hurtos,152704
2018,MADRID (COMUNIDAD DE),5.2.-robos con fuerza en las cosas,49133
2018,MADRID (COMUNIDAD DE),5.2.1.-robos con fuerza en las cosas en el interior de vehiculos,24583
2018,MADRID (COMUNIDAD DE),5.2.2.-robos con fuerza en viviendas,12781
2018,MADRID (COMUNIDAD DE),5.2.3.-robos con fuerza en establecimientos,6282
2018,MADRID (COMUNIDAD DE),5.3.-robos con violencia o intimidacion,14268
2018,MADRID (COMUNIDAD DE),5.3.1.-robos con violencia en via publica,9938
2018,MADRID (COMUNIDAD DE),5.3.2.-robos con violencia en viviendas,881
2018,MADRID (COMUNIDAD DE),5.3.3.-robos con violencia en establecimientos,1572
2018,MADRID (COMUNIDAD DE),5.4.-sustraccion de vehiculos,8620
2018,MADRID (COMUNIDAD DE),5.5.-estafas,51869
2018,MADRID (COMUNIDAD DE),5.5.1.-estafas informaticas,16509
2018,MADRID (COMUNIDAD DE),5.6.-danos,40852
2018,MADRID (COMUNIDAD DE),5.7.-contra la propiedad intelectual/industrial,234
2018,MADRID (COMUNIDAD DE),5.8.-blanqueo de capitales,32
2018,MADRID (COMUNIDAD DE),5.9.-otros contra el patrimonio,8090
2018,MADRID (COMUNIDAD DE),6. seguridad colectiva,6607
2018,MADRID (COMUNIDAD DE),6.1.-trafico de drogas,1955
2018,MADRID (COMUNIDAD DE),6.2.-contra la seguridad vial,4278
2018,MADRID (COMUNIDAD DE),6.3.-otros contra la seguridad colectiva,374
2018,MADRID (COMUNIDAD DE),7. falsedades,3445
2018,MADRID (COMUNIDAD DE),8. admon. publica,87
2018,MADRID (COMUNIDAD DE),9. admon. justicia,4464
2018,MADRID (COMUNIDAD DE),total infracciones penales,389914
2018,MURCIA (REGION DE),1. contra las personas,6010
2018,MURCIA (REGION DE),1.1.-homicidios dolosos/asesinatos,36
2018,MURCIA (REGION DE),1.1.1.-homicidios dolosos/asesinatos consumados,11
2018,MURCIA (REGION DE),1.2.-lesiones,3333
2018,MURCIA (REGION DE),1.3.-malos tratos ambito familiar,2580
2018,MURCIA (REGION DE),1.4.-otros contra las personas,61
2018,MURCIA (REGION DE),10. orden publico,570
2018,MURCIA (REGION DE),11. legislacion especial,2
2018,MURCIA (REGION DE),12. otras infracciones penales,318
2018,MURCIA (REGION DE),2. contra la libertad,3414
2018,MURCIA (REGION DE),2.1.-malos tratos habituales en el ambito familiar,337
2018,MURCIA (REGION DE),2.2.-otros contra la libertad,3077
2018,MURCIA (REGION DE),3. libertad sexual,478
2018,MURCIA (REGION DE),3.1.-agresion sexual,312
2018,MURCIA (REGION DE),3.2.-agresion sexual con penetracion,68
2018,MURCIA (REGION DE),3.3.-corrupcion de menores o incapacitados,15
2018,MURCIA (REGION DE),3.4.-pornografia de menores,14
2018,MURCIA (REGION DE),3.5.-otros contra la libertad sexual,69
2018,MURCIA (REGION DE),4. relaciones familiares,588
2018,MURCIA (REGION DE),5. patrimonio,40812
2018,MURCIA (REGION DE),5.1.-hurtos,14888
2018,MURCIA (REGION DE),5.2.-robos con fuerza en las cosas,11206
2018,MURCIA (REGION DE),5.2.1.-robos con fuerza en las cosas en el interior de vehiculos,2805
2018,MURCIA (REGION DE),5.2.2.-robos con fuerza en viviendas,5662
2018,MURCIA (REGION DE),5.2.3.-robos con fuerza en establecimientos,1073
2018,MURCIA (REGION DE),5.3.-robos con violencia o intimidacion,1444
2018,MURCIA (REGION DE),5.3.1.-robos con violencia en via publica,968
2018,MURCIA (REGION DE),5.3.2.-robos con violencia en viviendas,109
2018,MURCIA (REGION DE),5.3.3.-robos con violencia en establecimientos,191
2018,MURCIA (REGION DE),5.4.-sustraccion de vehiculos,951
2018,MURCIA (REGION DE),5.5.-estafas,5948
2018,MURCIA (REGION DE),5.5.1.-estafas informaticas,2034
2018,MURCIA (REGION DE),5.6.-danos,4848
2018,MURCIA (REGION DE),5.7.-contra la propiedad intelectual/industrial,52
2018,MURCIA (REGION DE),5.8.-blanqueo de capitales,4
2018,MURCIA (REGION DE),5.9.-otros contra el patrimonio,1471
2018,MURCIA (REGION DE),6. seguridad colectiva,1502
2018,MURCIA (REGION DE),6.1.-trafico de drogas,287
2018,MURCIA (REGION DE),6.2.-contra la seguridad vial,1143
2018,MURCIA (REGION DE),6.3.-otros contra la seguridad colectiva,72
2018,MURCIA (REGION DE),7. falsedades,679
2018,MURCIA (REGION DE),8. admon. publica,16
2018,MURCIA (REGION DE),9. admon. justicia,1009
2018,MURCIA (REGION DE),total infracciones penales,55398
2018,NAVARRA (COMUNIDAD FORAL DE),1. contra las personas,2589
2018,NAVARRA (COMUNIDAD FORAL DE),1.1.-homicidios dolosos/asesinatos,25
2018,NAVARRA (COMUNIDAD FORAL DE),1.1.1.-homicidios dolosos/asesinatos consumados,10
2018,NAVARRA (COMUNIDAD FORAL DE),1.2.-lesiones,1506
2018,NAVARRA (COMUNIDAD FORAL DE),1.3.-malos tratos ambito familiar,1016
2018,NAVARRA (COMUNIDAD FORAL DE),1.4.-otros contra las personas,42
2018,NAVARRA (COMUNIDAD FORAL DE),10. orden publico,306
2018,NAVARRA (COMUNIDAD FORAL DE),11. legislacion especial,1
2018,NAVARRA (COMUNIDAD FORAL DE),12. otras infracciones penales,181
2018,NAVARRA (COMUNIDAD FORAL DE),2. contra la libertad,1681
2018,NAVARRA (COMUNIDAD FORAL DE),2.1.-malos tratos habituales en el ambito familiar,111
2018,NAVARRA (COMUNIDAD FORAL DE),2.2.-otros contra la libertad,1570
2018,NAVARRA (COMUNIDAD FORAL DE),3. libertad sexual,271
2018,NAVARRA (COMUNIDAD FORAL DE),3.1.-agresion sexual,144
2018,NAVARRA (COMUNIDAD FORAL DE),3.2.-agresion sexual con penetracion,64
2018,NAVARRA (COMUNIDAD FORAL DE),3.3.-corrupcion de menores o incapacitados,7
2018,NAVARRA (COMUNIDAD FORAL DE),3.4.-pornografia de menores,12
2018,NAVARRA (COMUNIDAD FORAL DE),3.5.-otros contra la libertad sexual,44
2018,NAVARRA (COMUNIDAD FORAL DE),4. relaciones familiares,73
2018,NAVARRA (COMUNIDAD FORAL DE),5. patrimonio,19908
2018,NAVARRA (COMUNIDAD FORAL DE),5.1.-hurtos,7741
2018,NAVARRA (COMUNIDAD FORAL DE),5.2.-robos con fuerza en las cosas,3093
2018,NAVARRA (COMUNIDAD FORAL DE),5.2.1.-robos con fuerza en las cosas en el interior de vehiculos,819
2018,NAVARRA (COMUNIDAD FORAL DE),5.2.2.-robos con fuerza en viviendas,987
2018,NAVARRA (COMUNIDAD FORAL DE),5.2.3.-robos con fuerza en establecimientos,476
2018,NAVARRA (COMUNIDAD FORAL DE),5.3.-robos con violencia o intimidacion,255
2018,NAVARRA (COMUNIDAD FORAL DE),5.3.1.-robos con violencia en via publica,173
2018,NAVARRA (COMUNIDAD FORAL DE),5.3.2.-robos con violencia en viviendas,20
2018,NAVARRA (COMUNIDAD FORAL DE),5.3.3.-robos con violencia en establecimientos,44
2018,NAVARRA (COMUNIDAD FORAL DE),5.4.-sustraccion de vehiculos,173
2018,NAVARRA (COMUNIDAD FORAL DE),5.5.-estafas,4651
2018,NAVARRA (COMUNIDAD FORAL DE),5.5.1.-estafas informaticas,2126
2018,NAVARRA (COMUNIDAD FORAL DE),5.6.-danos,3303
2018,NAVARRA (COMUNIDAD FORAL DE),5.7.-contra la propiedad intelectual/industrial,38
2018,NAVARRA (COMUNIDAD FORAL DE),5.8.-blanqueo de capitales,2
2018,NAVARRA (COMUNIDAD FORAL DE),5.9.-otros contra el patrimonio,652
2018,NAVARRA (COMUNIDAD FORAL DE),6. seguridad colectiva,1495
2018,NAVARRA (COMUNIDAD FORAL DE),6.1.-trafico de drogas,140
2018,NAVARRA (COMUNIDAD FORAL DE),6.2.-contra la seguridad vial,1277
2018,NAVARRA (COMUNIDAD FORAL DE),6.3.-otros contra la seguridad colectiva,78
2018,NAVARRA (COMUNIDAD FORAL DE),7. falsedades,340
2018,NAVARRA (COMUNIDAD FORAL DE),8. admon. publica,17
2018,NAVARRA (COMUNIDAD FORAL DE),9. admon. justicia,407
2018,NAVARRA (COMUNIDAD FORAL DE),total infracciones penales,27269
2018,PAIS VASCO,1. contra las personas,6391
2018,PAIS VASCO,1.1.-homicidios dolosos/asesinatos,43
2018,PAIS VASCO,1.1.1.-homicidios dolosos/asesinatos consumados,6
2018,PAIS VASCO,1.2.-lesiones,4579
2018,PAIS VASCO,1.3.-malos tratos ambito familiar,1320
2018,PAIS VASCO,1.4.-otros contra las personas,449
2018,PAIS VASCO,10. orden publico,897
2018,PAIS VASCO,11. legislacion especial,0
2018,PAIS VASCO,12. otras infracciones penales,544
2018,PAIS VASCO,2. contra la libertad,7830
2018,PAIS VASCO,2.1.-malos tratos habituales en el ambito familiar,2868
2018,PAIS VASCO,2.2.-otros contra la libertad,4962
2018,PAIS VASCO,3. libertad sexual,659
2018,PAIS VASCO,3.1.-agresion sexual,324
2018,PAIS VASCO,3.2.-agresion sexual con penetracion,162
2018,PAIS VASCO,3.3.-corrupcion de menores o incapacitados,11
2018,PAIS VASCO,3.4.-pornografia de menores,43
2018,PAIS VASCO,3.5.-otros contra la libertad sexual,119
2018,PAIS VASCO,4. relaciones familiares,205
2018,PAIS VASCO,5. patrimonio,68582
2018,PAIS VASCO,5.1.-hurtos,29376
2018,PAIS VASCO,5.2.-robos con fuerza en las cosas,12528
2018,PAIS VASCO,5.2.1.-robos con fuerza en las cosas en el interior de vehiculos,26
2018,PAIS VASCO,5.2.2.-robos con fuerza en viviendas,4534
2018,PAIS VASCO,5.2.3.-robos con fuerza en establecimientos,2759
2018,PAIS VASCO,5.3.-robos con violencia o intimidacion,1791
2018,PAIS VASCO,5.3.1.-robos con violencia en via publica,1194
2018,PAIS VASCO,5.3.2.-robos con violencia en viviendas,149
2018,PAIS VASCO,5.3.3.-robos con violencia en establecimientos,283
2018,PAIS VASCO,5.4.-sustraccion de vehiculos,928
2018,PAIS VASCO,5.5.-estafas,14570
2018,PAIS VASCO,5.5.1.-estafas informaticas,12151
2018,PAIS VASCO,5.6.-danos,7596
2018,PAIS VASCO,5.7.-contra la propiedad intelectual/industrial,13
2018,PAIS VASCO,5.8.-blanqueo de capitales,5
2018,PAIS VASCO,5.9.-otros contra el patrimonio,1775
2018,PAIS VASCO,6. seguridad colectiva,2605
2018,PAIS VASCO,6.1.-trafico de drogas,368
2018,PAIS VASCO,6.2.-contra la seguridad vial,2091
2018,PAIS VASCO,6.3.-otros contra la seguridad colectiva,146
2018,PAIS VASCO,7. falsedades,1025
2018,PAIS VASCO,8. admon. publica,13
2018,PAIS VASCO,9. admon. justicia,1502
2018,PAIS VASCO,total infracciones penales,90253
2018,RIOJA (LA),1. contra las personas,1057
2018,RIOJA (LA),1.1.-homicidios dolosos/asesinatos,3
2018,RIOJA (LA),1.1.1.-homicidios dolosos/asesinatos consumados,1
2018,RIOJA (LA),1.2.-lesiones,562
2018,RIOJA (LA),1.3.-malos tratos ambito familiar,479
2018,RIOJA (LA),1.4.-otros contra las personas,13
2018,RIOJA (LA),10. orden publico,87
2018,RIOJA (LA),11. legislacion especial,0
2018,RIOJA (LA),12. otras infracciones penales,53
2018,RIOJA (LA),2. contra la libertad,502
2018,RIOJA (LA),2.1.-malos tratos habituales en el ambito familiar,48
2018,RIOJA (LA),2.2.-otros contra la libertad,454
2018,RIOJA (LA),3. libertad sexual,61
2018,RIOJA (LA),3.1.-agresion sexual,39
2018,RIOJA (LA),3.2.-agresion sexual con penetracion,8
2018,RIOJA (LA),3.3.-corrupcion de menores o incapacitados,1
2018,RIOJA (LA),3.4.-pornografia de menores,7
2018,RIOJA (LA),3.5.-otros contra la libertad sexual,6
2018,RIOJA (LA),4. relaciones familiares,20
2018,RIOJA (LA),5. patrimonio,5894
2018,RIOJA (LA),5.1.-hurtos,2366
2018,RIOJA (LA),5.2.-robos con fuerza en las cosas,1001
2018,RIOJA (LA),5.2.1.-robos con fuerza en las cosas en el interior de vehiculos,177
2018,RIOJA (LA),5.2.2.-robos con fuerza en viviendas,466
2018,RIOJA (LA),5.2.3.-robos con fuerza en establecimientos,133
2018,RIOJA (LA),5.3.-robos con violencia o intimidacion,77
2018,RIOJA (LA),5.3.1.-robos con violencia en via publica,46
2018,RIOJA (LA),5.3.2.-robos con violencia en viviendas,8
2018,RIOJA (LA),5.3.3.-robos con violencia en establecimientos,12
2018,RIOJA (LA),5.4.-sustraccion de vehiculos,78
2018,RIOJA (LA),5.5.-estafas,1052
2018,RIOJA (LA),5.5.1.-estafas informaticas,675
2018,RIOJA (LA),5.6.-danos,1097
2018,RIOJA (LA),5.7.-contra la propiedad intelectual/industrial,17
2018,RIOJA (LA),5.8.-blanqueo de capitales,1
2018,RIOJA (LA),5.9.-otros contra el patrimonio,205
2018,RIOJA (LA),6. seguridad colectiva,349
2018,RIOJA (LA),6.1.-trafico de drogas,73
2018,RIOJA (LA),6.2.-contra la seguridad vial,262
2018,RIOJA (LA),6.3.-otros contra la seguridad colectiva,14
2018,RIOJA (LA),7. falsedades,64
2018,RIOJA (LA),8. admon. publica,2
2018,RIOJA (LA),9. admon. justicia,185
2018,RIOJA (LA),total infracciones penales,8274
2019,ANDALUCIA,1. contra las personas,37130
2019,ANDALUCIA,1.1.-homicidios dolosos/asesinatos,238
2019,ANDALUCIA,1.1.1.-homicidios dolosos/asesinatos consumados,82
2019,ANDALUCIA,1.2.-lesiones,20624
2019,ANDALUCIA,1.3.-malos tratos ambito familiar,15455
2019,ANDALUCIA,1.4.-otros contra las personas,813
2019,ANDALUCIA,10. orden publico,4172
2019,ANDALUCIA,11. legislacion especial,191
2019,ANDALUCIA,12. otras infracciones penales,2450
2019,ANDALUCIA,2. contra la libertad,25751
2019,ANDALUCIA,2.1.-malos tratos habituales en el ambito familiar,2752
2019,ANDALUCIA,2.2.-otros contra la libertad,22999
2019,ANDALUCIA,3. libertad sexual,2510
2019,ANDALUCIA,3.1.-agresion sexual,1462
2019,ANDALUCIA,3.2.-agresion sexual con penetracion,401
2019,ANDALUCIA,3.3.-corrupcion de menores o incapacitados,92
2019,ANDALUCIA,3.4.-pornografia de menores,132
2019,ANDALUCIA,3.5.-otros contra la libertad sexual,423
2019,ANDALUCIA,4. relaciones familiares,1503
2019,ANDALUCIA,5. patrimonio,239711
2019,ANDALUCIA,5.1.-hurtos,91298
2019,ANDALUCIA,5.2.-robos con fuerza en las cosas,47542
2019,ANDALUCIA,5.2.1.-robos con fuerza en las cosas en el interior de vehiculos,17691
2019,ANDALUCIA,5.2.2.-robos con fuerza en viviendas,15349
2019,ANDALUCIA,5.2.3.-robos con fuerza en establecimientos,6935
2019,ANDALUCIA,5.3.-robos con violencia o intimidacion,7302
2019,ANDALUCIA,5.3.1.-robos con violencia en via publica,4714
2019,ANDALUCIA,5.3.2.-robos con violencia en viviendas,605
2019,ANDALUCIA,5.3.3.-robos con violencia en establecimientos,1163
2019,ANDALUCIA,5.4.-sustraccion de vehiculos,6511
2019,ANDALUCIA,5.5.-estafas,42358
2019,ANDALUCIA,5.5.1.-estafas informaticas,23237
2019,ANDALUCIA,5.6.-danos,33332
2019,ANDALUCIA,5.7.-contra la propiedad intelectual/industrial,439
2019,ANDALUCIA,5.8.-blanqueo de capitales,82
2019,ANDALUCIA,5.9.-otros contra el patrimonio,10847
2019,ANDALUCIA,6. seguridad colectiva,15094
2019,ANDALUCIA,6.1.-trafico de drogas,4366
2019,ANDALUCIA,6.2.-contra la seguridad vial,10270
2019,ANDALUCIA,6.3.-otros contra la seguridad colectiva,458
2019,ANDALUCIA,7. falsedades,3988
2019,ANDALUCIA,8. admon. publica,93
2019,ANDALUCIA,9. admon. justicia,6728
2019,ANDALUCIA,total infracciones penales,339321
2019,ARAGON,1. contra las personas,4760
2019,ARAGON,1.1.-homicidios dolosos/asesinatos,15
2019,ARAGON,1.1.1.-homicidios dolosos/asesinatos consumados,6
2019,ARAGON,1.2.-lesiones,2407
2019,ARAGON,1.3.-malos tratos ambito familiar,2246
2019,ARAGON,1.4.-otros contra las personas,92
2019,ARAGON,10. orden publico,570
2019,ARAGON,11. legislacion especial,2
2019,ARAGON,12. otras infracciones penales,225
2019,ARAGON,2. contra la libertad,2276
2019,ARAGON,2.1.-malos tratos habituales en el ambito familiar,285
2019,ARAGON,2.2.-otros contra la libertad,1991
2019,ARAGON,3. libertad sexual,330
2019,ARAGON,3.1.-agresion sexual,212
2019,ARAGON,3.2.-agresion sexual con penetracion,47
2019,ARAGON,3.3.-corrupcion de menores o incapacitados,11
2019,ARAGON,3.4.-pornografia de menores,20
2019,ARAGON,3.5.-otros contra la libertad sexual,40
2019,ARAGON,4. relaciones familiares,161
2019,ARAGON,5. patrimonio,31651
2019,ARAGON,5.1.-hurtos,10546
2019,ARAGON,5.2.-robos con fuerza en las cosas,5471
2019,ARAGON,5.2.1.-robos con fuerza en las cosas en el interior de vehiculos,1703
2019,ARAGON,5.2.2.-robos con fuerza en viviendas,1568
2019,ARAGON,5.2.3.-robos con fuerza en establecimientos,737
2019,ARAGON,5.3.-robos con violencia o intimidacion,1033
2019,ARAGON,5.3.1.-robos con violencia en via publica,730
2019,ARAGON,5.3.2.-robos con violencia en viviendas,40
2019,ARAGON,5.3.3.-robos con violencia en establecimientos,193
2019,ARAGON,5.4.-sustraccion de vehiculos,242
2019,ARAGON,5.5.-estafas,7976
2019,ARAGON,5.5.1.-estafas informaticas,4536
2019,ARAGON,5.6.-danos,5122
2019,ARAGON,5.7.-contra la propiedad intelectual/industrial,34
2019,ARAGON,5.8.-blanqueo de capitales,3
2019,ARAGON,5.9.-otros contra el patrimonio,1224
2019,ARAGON,6. seguridad colectiva,1360
2019,ARAGON,6.1.-trafico de drogas,351
2019,ARAGON,6.2.-contra la seguridad vial,972
2019,ARAGON,6.3.-otros contra la seguridad colectiva,37
2019,ARAGON,7. falsedades,446
2019,ARAGON,8. admon. publica,3
2019,ARAGON,9. admon. justicia,799
2019,ARAGON,total infracciones penales,42583
2019,ASTURIAS (PRINCIPADO DE),1. contra las personas,3368
2019,ASTURIAS (PRINCIPADO DE),1.1.-homicidios dolosos/asesinatos,18
2019,ASTURIAS (PRINCIPADO DE),1.1.1.-homicidios dolosos/asesinatos consumados,7
2019,ASTURIAS (PRINCIPADO DE),1.2.-lesiones,1947
2019,ASTURIAS (PRINCIPADO DE),1.3.-malos tratos ambito familiar,1344
2019,ASTURIAS (PRINCIPADO DE),1.4.-otros contra las personas,59
2019,ASTURIAS (PRINCIPADO DE),10. orden publico,360
2019,ASTURIAS (PRINCIPADO DE),11. legislacion especial,2
2019,ASTURIAS (PRINCIPADO DE),12. otras infracciones penales,205
2019,ASTURIAS (PRINCIPADO DE),2. contra la libertad,1872
2019,ASTURIAS (PRINCIPADO DE),2.1.-malos tratos habituales en el ambito familiar,107
2019,ASTURIAS (PRINCIPADO DE),2.2.-otros contra la libertad,1765
2019,ASTURIAS (PRINCIPADO DE),3. libertad sexual,193
2019,ASTURIAS (PRINCIPADO DE),3.1.-agresion sexual,121
2019,ASTURIAS (PRINCIPADO DE),3.2.-agresion sexual con penetracion,28
2019,ASTURIAS (PRINCIPADO DE),3.3.-corrupcion de menores o incapacitados,3
2019,ASTURIAS (PRINCIPADO DE),3.4.-pornografia de menores,11
2019,ASTURIAS (PRINCIPADO DE),3.5.-otros contra la libertad sexual,30
2019,ASTURIAS (PRINCIPADO DE),4. relaciones familiares,99
2019,ASTURIAS (PRINCIPADO DE),5. patrimonio,19066
2019,ASTURIAS (PRINCIPADO DE),5.1.-hurtos,6780
2019,ASTURIAS (PRINCIPADO DE),5.2.-robos con fuerza en las cosas,2440
2019,ASTURIAS (PRINCIPADO DE),5.2.1.-robos con fuerza en las cosas en el interior de vehiculos,421
2019,ASTURIAS (PRINCIPADO DE),5.2.2.-robos con fuerza en viviendas,908
2019,ASTURIAS (PRINCIPADO DE),5.2.3.-robos con fuerza en establecimientos,618
2019,ASTURIAS (PRINCIPADO DE),5.3.-robos con violencia o intimidacion,362
2019,ASTURIAS (PRINCIPADO DE),5.3.1.-robos con violencia en via publica,196
2019,ASTURIAS (PRINCIPADO DE),5.3.2.-robos con violencia en viviendas,41
2019,ASTURIAS (PRINCIPADO DE),5.3.3.-robos con violencia en establecimientos,97
2019,ASTURIAS (PRINCIPADO DE),5.4.-sustraccion de vehiculos,224
2019,ASTURIAS (PRINCIPADO DE),5.5.-estafas,5577
2019,ASTURIAS (PRINCIPADO DE),5.5.1.-estafas informaticas,3657
2019,ASTURIAS (PRINCIPADO DE),5.6.-danos,2824
2019,ASTURIAS (PRINCIPADO DE),5.7.-contra la propiedad intelectual/industrial,18
2019,ASTURIAS (PRINCIPADO DE),5.8.-blanqueo de capitales,1
2019,ASTURIAS (PRINCIPADO DE),5.9.-otros contra el patrimonio,840
2019,ASTURIAS (PRINCIPADO DE),6. seguridad colectiva,1205
2019,ASTURIAS (PRINCIPADO DE),6.1.-trafico de drogas,206
2019,ASTURIAS (PRINCIPADO DE),6.2.-contra la seguridad vial,948
2019,ASTURIAS (PRINCIPADO DE),6.3.-otros contra la seguridad colectiva,51
2019,ASTURIAS (PRINCIPADO DE),7. falsedades,220
2019,ASTURIAS (PRINCIPADO DE),8. admon. publica,6
2019,ASTURIAS (PRINCIPADO DE),9. admon. justicia,567
2019,ASTURIAS (PRINCIPADO DE),total infracciones penales,27163
2019,BALEARS (ILLES),1. contra las personas,8110
2019,BALEARS (ILLES),1.1.-homicidios dolosos/asesinatos,48
2019,BALEARS (ILLES),1.1.1.-homicidios dolosos/asesinatos consumados,6
2019,BALEARS (ILLES),1.2.-lesiones,3774
2019,BALEARS (ILLES),1.3.-malos tratos ambito familiar,4123
2019,BALEARS (ILLES),1.4.-otros contra las personas,165
2019,BALEARS (ILLES),10. orden publico,652
2019,BALEARS (ILLES),11. legislacion especial,0
2019,BALEARS (ILLES),12. otras infracciones penales,275
2019,BALEARS (ILLES),2. contra la libertad,4718
2019,BALEARS (ILLES),2.1.-malos tratos habituales en el ambito familiar,526
2019,BALEARS (ILLES),2.2.-otros contra la libertad,4192
2019,BALEARS (ILLES),3. libertad sexual,743
2019,BALEARS (ILLES),3.1.-agresion sexual,492
2019,BALEARS (ILLES),3.2.-agresion sexual con penetracion,126
2019,BALEARS (ILLES),3.3.-corrupcion de menores o incapacitados,14
2019,BALEARS (ILLES),3.4.-pornografia de menores,16
2019,BALEARS (ILLES),3.5.-otros contra la libertad sexual,95
2019,BALEARS (ILLES),4. relaciones familiares,188
2019,BALEARS (ILLES),5. patrimonio,58274
2019,BALEARS (ILLES),5.1.-hurtos,26584
2019,BALEARS (ILLES),5.2.-robos con fuerza en las cosas,7883
2019,BALEARS (ILLES),5.2.1.-robos con fuerza en las cosas en el interior de vehiculos,2893
2019,BALEARS (ILLES),5.2.2.-robos con fuerza en viviendas,2598
2019,BALEARS (ILLES),5.2.3.-robos con fuerza en establecimientos,965
2019,BALEARS (ILLES),5.3.-robos con violencia o intimidacion,1314
2019,BALEARS (ILLES),5.3.1.-robos con violencia en via publica,843
2019,BALEARS (ILLES),5.3.2.-robos con violencia en viviendas,85
2019,BALEARS (ILLES),5.3.3.-robos con violencia en establecimientos,164
2019,BALEARS (ILLES),5.4.-sustraccion de vehiculos,1429
2019,BALEARS (ILLES),5.5.-estafas,13091
2019,BALEARS (ILLES),5.5.1.-estafas informaticas,7702
2019,BALEARS (ILLES),5.6.-danos,5625
2019,BALEARS (ILLES),5.7.-contra la propiedad intelectual/industrial,133
2019,BALEARS (ILLES),5.8.-blanqueo de capitales,8
2019,BALEARS (ILLES),5.9.-otros contra el patrimonio,2207
2019,BALEARS (ILLES),6. seguridad colectiva,2880
2019,BALEARS (ILLES),6.1.-trafico de drogas,656
2019,BALEARS (ILLES),6.2.-contra la seguridad vial,2051
2019,BALEARS (ILLES),6.3.-otros contra la seguridad colectiva,173
2019,BALEARS (ILLES),7. falsedades,716
2019,BALEARS (ILLES),8. admon. publica,11
2019,BALEARS (ILLES),9. admon. justicia,1095
2019,BALEARS (ILLES),total infracciones penales,77662
2019,CANARIAS,1. contra las personas,12396
2019,CANARIAS,1.1.-homicidios dolosos/asesinatos,64
2019,CANARIAS,1.1.1.-homicidios dolosos/asesinatos consumados,20
2019,CANARIAS,1.2.-lesiones,6922
2019,CANARIAS,1.3.-malos tratos ambito familiar,5042
2019,CANARIAS,1.4.-otros contra las personas,368
2019,CANARIAS,10. orden publico,922
2019,CANARIAS,11. legislacion especial,13
2019,CANARIAS,12. otras infracciones penales,427
2019,CANARIAS,2. contra la libertad,9328
2019,CANARIAS,2.1.-malos tratos habituales en el ambito familiar,850
2019,CANARIAS,2.2.-otros contra la libertad,8478
2019,CANARIAS,3. libertad sexual,907
2019,CANARIAS,3.1.-agresion sexual,591
2019,CANARIAS,3.2.-agresion sexual con penetracion,117
2019,CANARIAS,3.3.-corrupcion de menores o incapacitados,34
2019,CANARIAS,3.4.-pornografia de menores,68
2019,CANARIAS,3.5.-otros contra la libertad sexual,97
2019,CANARIAS,4. relaciones familiares,639
2019,CANARIAS,5. patrimonio,64716
2019,CANARIAS,5.1.-hurtos,26122
2019,CANARIAS,5.2.-robos con fuerza en las cosas,10888
2019,CANARIAS,5.2.1.-robos con fuerza en las cosas en el interior de vehiculos,4544
2019,CANARIAS,5.2.2.-robos con fuerza en viviendas,2886
2019,CANARIAS,5.2.3.-robos con fuerza en establecimientos,1358
2019,CANARIAS,5.3.-robos con violencia o intimidacion,1535
2019,CANARIAS,5.3.1.-robos con violencia en via publica,905
2019,CANARIAS,5.3.2.-robos con violencia en viviendas,154
2019,CANARIAS,5.3.3.-robos con violencia en establecimientos,256
2019,CANARIAS,5.4.-sustraccion de vehiculos,1295
2019,CANARIAS,5.5.-estafas,14386
2019,CANARIAS,5.5.1.-estafas informaticas,7286
2019,CANARIAS,5.6.-danos,7480
2019,CANARIAS,5.7.-contra la propiedad intelectual/industrial,154
2019,CANARIAS,5.8.-blanqueo de capitales,14
2019,CANARIAS,5.9.-otros contra el patrimonio,2842
2019,CANARIAS,6. seguridad colectiva,3439
2019,CANARIAS,6.1.-trafico de drogas,603
2019,CANARIAS,6.2.-contra la seguridad vial,2779
2019,CANARIAS,6.3.-otros contra la seguridad colectiva,57
2019,CANARIAS,7. falsedades,1114
2019,CANARIAS,8. admon. publica,17
2019,CANARIAS,9. admon. justicia,1721
2019,CANARIAS,total infracciones penales,95639
2019,CANTABRIA,1. contra las personas,2053
2019,CANTABRIA,1.1.-homicidios dolosos/asesinatos,15
2019,CANTABRIA,1.1.1.-homicidios dolosos/asesinatos consumados,6
2019,CANTABRIA,1.2.-lesiones,1300
2019,CANTABRIA,1.3.-malos tratos ambito familiar,633
2019,CANTABRIA,1.4.-otros contra las personas,105
2019,CANTABRIA,10. orden publico,168
2019,CANTABRIA,11. legislacion especial,0
2019,CANTABRIA,12. otras infracciones penales,133
2019,CANTABRIA,2. contra la libertad,1455
2019,CANTABRIA,2.1.-malos tratos habituales en el ambito familiar,135
2019,CANTABRIA,2.2.-otros contra la libertad,1320
2019,CANTABRIA,3. libertad sexual,107
2019,CANTABRIA,3.1.-agresion sexual,66
2019,CANTABRIA,3.2.-agresion sexual con penetracion,15
2019,CANTABRIA,3.3.-corrupcion de menores o incapacitados,2
2019,CANTABRIA,3.4.-pornografia de menores,8
2019,CANTABRIA,3.5.-otros contra la libertad sexual,16
2019,CANTABRIA,4. relaciones familiares,41
2019,CANTABRIA,5. patrimonio,12953
2019,CANTABRIA,5.1.-hurtos,4868
2019,CANTABRIA,5.2.-robos con fuerza en las cosas,2471
2019,CANTABRIA,5.2.1.-robos con fuerza en las cosas en el interior de vehiculos,439
2019,CANTABRIA,5.2.2.-robos con fuerza en viviendas,1068
2019,CANTABRIA,5.2.3.-robos con fuerza en establecimientos,540
2019,CANTABRIA,5.3.-robos con violencia o intimidacion,223
2019,CANTABRIA,5.3.1.-robos con violencia en via publica,110
2019,CANTABRIA,5.3.2.-robos con violencia en viviendas,25
2019,CANTABRIA,5.3.3.-robos con violencia en establecimientos,54
2019,CANTABRIA,5.4.-sustraccion de vehiculos,132
2019,CANTABRIA,5.5.-estafas,2261
2019,CANTABRIA,5.5.1.-estafas informaticas,1766
2019,CANTABRIA,5.6.-danos,2245
2019,CANTABRIA,5.7.-contra la propiedad intelectual/industrial,17
2019,CANTABRIA,5.8.-blanqueo de capitales,0
2019,CANTABRIA,5.9.-otros contra el patrimonio,736
2019,CANTABRIA,6. seguridad colectiva,716
2019,CANTABRIA,6.1.-trafico de drogas,86
2019,CANTABRIA,6.2.-contra la seguridad vial,622
2019,CANTABRIA,6.3.-otros contra la seguridad colectiva,8
2019,CANTABRIA,7. falsedades,162
2019,CANTABRIA,8. admon. publica,3
2019,CANTABRIA,9. admon. justicia,282
2019,CANTABRIA,total infracciones penales,18073
2019,CASTILLA - LA MANCHA,1. contra las personas,7335
2019,CASTILLA - LA MANCHA,1.1.-homicidios dolosos/asesinatos,41
2019,CASTILLA - LA MANCHA,1.1.1.-homicidios dolosos/asesinatos consumados,11
2019,CASTILLA - LA MANCHA,1.2.-lesiones,4077
2019,CASTILLA - LA MANCHA,1.3.-malos tratos ambito familiar,3048
2019,CASTILLA - LA MANCHA,1.4.-otros contra las personas,169
2019,CASTILLA - LA MANCHA,10. orden publico,766
2019,CASTILLA - LA MANCHA,11. legislacion especial,6
2019,CASTILLA - LA MANCHA,12. otras infracciones penales,547
2019,CASTILLA - LA MANCHA,2. contra la libertad,4655
2019,CASTILLA - LA MANCHA,2.1.-malos tratos habituales en el ambito familiar,597
2019,CASTILLA - LA MANCHA,2.2.-otros contra la libertad,4058
2019,CASTILLA - LA MANCHA,3. libertad sexual,520
2019,CASTILLA - LA MANCHA,3.1.-agresion sexual,327
2019,CASTILLA - LA MANCHA,3.2.-agresion sexual con penetracion,72
2019,CASTILLA - LA MANCHA,3.3.-corrupcion de menores o incapacitados,15
2019,CASTILLA - LA MANCHA,3.4.-pornografia de menores,31
2019,CASTILLA - LA MANCHA,3.5.-otros contra la libertad sexual,75
2019,CASTILLA - LA MANCHA,4. relaciones familiares,326
2019,CASTILLA - LA MANCHA,5. patrimonio,50473
2019,CASTILLA - LA MANCHA,5.1.-hurtos,13831
2019,CASTILLA - LA MANCHA,5.2.-robos con fuerza en las cosas,11888
2019,CASTILLA - LA MANCHA,5.2.1.-robos con fuerza en las cosas en el interior de vehiculos,2688
2019,CASTILLA - LA MANCHA,5.2.2.-robos con fuerza en viviendas,4754
2019,CASTILLA - LA MANCHA,5.2.3.-robos con fuerza en establecimientos,1685
2019,CASTILLA - LA MANCHA,5.3.-robos con violencia o intimidacion,978
2019,CASTILLA - LA MANCHA,5.3.1.-robos con violencia en via publica,586
2019,CASTILLA - LA MANCHA,5.3.2.-robos con violencia en viviendas,82
2019,CASTILLA - LA MANCHA,5.3.3.-robos con violencia en establecimientos,162
2019,CASTILLA - LA MANCHA,5.4.-sustraccion de vehiculos,615
2019,CASTILLA - LA MANCHA,5.5.-estafas,11708
2019,CASTILLA - LA MANCHA,5.5.1.-estafas informaticas,6445
2019,CASTILLA - LA MANCHA,5.6.-danos,8681
2019,CASTILLA - LA MANCHA,5.7.-contra la propiedad intelectual/industrial,38
2019,CASTILLA - LA MANCHA,5.8.-blanqueo de capitales,19
2019,CASTILLA - LA MANCHA,5.9.-otros contra el patrimonio,2715
2019,CASTILLA - LA MANCHA,6. seguridad colectiva,3224
2019,CASTILLA - LA MANCHA,6.1.-trafico de drogas,465
2019,CASTILLA - LA MANCHA,6.2.-contra la seguridad vial,2659
2019,CASTILLA - LA MANCHA,6.3.-otros contra la seguridad colectiva,100
2019,CASTILLA - LA MANCHA,7. falsedades,1177
2019,CASTILLA - LA MANCHA,8. admon. publica,29
2019,CASTILLA - LA MANCHA,9. admon. justicia,1250
2019,CASTILLA - LA MANCHA,total infracciones penales,70308
2019,CASTILLA Y LEON,1. contra las personas,7345
2019,CASTILLA Y LEON,1.1.-homicidios dolosos/asesinatos,38
2019,CASTILLA Y LEON,1.1.1.-homicidios dolosos/asesinatos consumados,8
2019,CASTILLA Y LEON,1.2.-lesiones,4571
2019,CASTILLA Y LEON,1.3.-malos tratos ambito familiar,2447
2019,CASTILLA Y LEON,1.4.-otros contra las personas,289
2019,CASTILLA Y LEON,10. orden publico,750
2019,CASTILLA Y LEON,11. legislacion especial,10
2019,CASTILLA Y LEON,12. otras infracciones penales,566
2019,CASTILLA Y LEON,2. contra la libertad,5398
2019,CASTILLA Y LEON,2.1.-malos tratos habituales en el ambito familiar,532
2019,CASTILLA Y LEON,2.2.-otros contra la libertad,4866
2019,CASTILLA Y LEON,3. libertad sexual,507
2019,CASTILLA Y LEON,3.1.-agresion sexual,275
2019,CASTILLA Y LEON,3.2.-agresion sexual con penetracion,81
2019,CASTILLA Y LEON,3.3.-corrupcion de menores o incapacitados,15
2019,CASTILLA Y LEON,3.4.-pornografia de menores,31
2019,CASTILLA Y LEON,3.5.-otros contra la libertad sexual,105
2019,CASTILLA Y LEON,4. relaciones familiares,196
2019,CASTILLA Y LEON,5. patrimonio,56640
2019,CASTILLA Y LEON,5.1.-hurtos,19206
2019,CASTILLA Y LEON,5.2.-robos con fuerza en las cosas,8819
2019,CASTILLA Y LEON,5.2.1.-robos con fuerza en las cosas en el interior de vehiculos,1658
2019,CASTILLA Y LEON,5.2.2.-robos con fuerza en viviendas,2965
2019,CASTILLA Y LEON,5.2.3.-robos con fuerza en establecimientos,1720
2019,CASTILLA Y LEON,5.3.-robos con violencia o intimidacion,706
2019,CASTILLA Y LEON,5.3.1.-robos con violencia en via publica,391
2019,CASTILLA Y LEON,5.3.2.-robos con violencia en viviendas,62
2019,CASTILLA Y LEON,5.3.3.-robos con violencia en establecimientos,163
2019,CASTILLA Y LEON,5.4.-sustraccion de vehiculos,573
2019,CASTILLA Y LEON,5.5.-estafas,14634
2019,CASTILLA Y LEON,5.5.1.-estafas informaticas,9464
2019,CASTILLA Y LEON,5.6.-danos,10845
2019,CASTILLA Y LEON,5.7.-contra la propiedad intelectual/industrial,51
2019,CASTILLA Y LEON,5.8.-blanqueo de capitales,9
2019,CASTILLA Y LEON,5.9.-otros contra el patrimonio,1797
2019,CASTILLA Y LEON,6. seguridad colectiva,2911
2019,CASTILLA Y LEON,6.1.-trafico de drogas,447
2019,CASTILLA Y LEON,6.2.-contra la seguridad vial,2355
2019,CASTILLA Y LEON,6.3.-otros contra la seguridad colectiva,109
2019,CASTILLA Y LEON,7. falsedades,840
2019,CASTILLA Y LEON,8. admon. publica,14
2019,CASTILLA Y LEON,9. admon. justicia,1186
2019,CASTILLA Y LEON,total infracciones penales,76363
2019,CATALUNA,1. contra las personas,21109
2019,CATALUNA,1.1.-homicidios dolosos/asesinatos,248
2019,CATALUNA,1.1.1.-homicidios dolosos/asesinatos consumados,58
2019,CATALUNA,1.2.-lesiones,14002
2019,CATALUNA,1.3.-malos tratos ambito familiar,6488
2019,CATALUNA,1.4.-otros contra las personas,371
2019,CATALUNA,10. orden publico,3073
2019,CATALUNA,11. legislacion especial,13
2019,CATALUNA,12. otras infracciones penales,808
2019,CATALUNA,2. contra la libertad,18675
2019,CATALUNA,2.1.-malos tratos habituales en el ambito familiar,1507
2019,CATALUNA,2.2.-otros contra la libertad,17168
2019,CATALUNA,3. libertad sexual,3034
2019,CATALUNA,3.1.-agresion sexual,1545
2019,CATALUNA,3.2.-agresion sexual con penetracion,953
2019,CATALUNA,3.3.-corrupcion de menores o incapacitados,7
2019,CATALUNA,3.4.-pornografia de menores,211
2019,CATALUNA,3.5.-otros contra la libertad sexual,318
2019,CATALUNA,4. relaciones familiares,1134
2019,CATALUNA,5. patrimonio,425113
2019,CATALUNA,5.1.-hurtos,192053
2019,CATALUNA,5.2.-robos con fuerza en las cosas,76612
2019,CATALUNA,5.2.1.-robos con fuerza en las cosas en el interior de vehiculos,33293
2019,CATALUNA,5.2.2.-robos con fuerza en viviendas,23753
2019,CATALUNA,5.2.3.-robos con fuerza en establecimientos,11
2019,CATALUNA,5.3.-robos con violencia o intimidacion,26448
2019,CATALUNA,5.3.1.-robos con violencia en via publica,82
2019,CATALUNA,5.3.2.-robos con violencia en viviendas,390
2019,CATALUNA,5.3.3.-robos con violencia en establecimientos,11
2019,CATALUNA,5.4.-sustraccion de vehiculos,9711
2019,CATALUNA,5.5.-estafas,63313
2019,CATALUNA,5.5.1.-estafas informaticas,40016
2019,CATALUNA,5.6.-danos,43433
2019,CATALUNA,5.7.-contra la propiedad intelectual/industrial,260
2019,CATALUNA,5.8.-blanqueo de capitales,22
2019,CATALUNA,5.9.-otros contra el patrimonio,13261
2019,CATALUNA,6. seguridad colectiva,8938
2019,CATALUNA,6.1.-trafico de drogas,2615
2019,CATALUNA,6.2.-contra la seguridad vial,6107
2019,CATALUNA,6.3.-otros contra la seguridad colectiva,216
2019,CATALUNA,7. falsedades,3791
2019,CATALUNA,8. admon. publica,58
2019,CATALUNA,9. admon. justicia,3519
2019,CATALUNA,total infracciones penales,489265
2019,CIUDAD AUTONOMA DE CEUTA,1. contra las personas,710
2019,CIUDAD AUTONOMA DE CEUTA,1.1.-homicidios dolosos/asesinatos,20
2019,CIUDAD AUTONOMA DE CEUTA,1.1.1.-homicidios dolosos/asesinatos consumados,4
2019,CIUDAD AUTONOMA DE CEUTA,1.2.-lesiones,437
2019,CIUDAD AUTONOMA DE CEUTA,1.3.-malos tratos ambito familiar,250
2019,CIUDAD AUTONOMA DE CEUTA,1.4.-otros contra las personas,3
2019,CIUDAD AUTONOMA DE CEUTA,10. orden publico,165
2019,CIUDAD AUTONOMA DE CEUTA,11. legislacion especial,5
2019,CIUDAD AUTONOMA DE CEUTA,12. otras infracciones penales,162
2019,CIUDAD AUTONOMA DE CEUTA,2. contra la libertad,283
2019,CIUDAD AUTONOMA DE CEUTA,2.1.-malos tratos habituales en el ambito familiar,4
2019,CIUDAD AUTONOMA DE CEUTA,2.2.-otros contra la libertad,279
2019,CIUDAD AUTONOMA DE CEUTA,3. libertad sexual,23
2019,CIUDAD AUTONOMA DE CEUTA,3.1.-agresion sexual,15
2019,CIUDAD AUTONOMA DE CEUTA,3.2.-agresion sexual con penetracion,2
2019,CIUDAD AUTONOMA DE CEUTA,3.3.-corrupcion de menores o incapacitados,0
2019,CIUDAD AUTONOMA DE CEUTA,3.4.-pornografia de menores,0
2019,CIUDAD AUTONOMA DE CEUTA,3.5.-otros contra la libertad sexual,6
2019,CIUDAD AUTONOMA DE CEUTA,4. relaciones familiares,31
2019,CIUDAD AUTONOMA DE CEUTA,5. patrimonio,2159
2019,CIUDAD AUTONOMA DE CEUTA,5.1.-hurtos,819
2019,CIUDAD AUTONOMA DE CEUTA,5.2.-robos con fuerza en las cosas,241
2019,CIUDAD AUTONOMA DE CEUTA,5.2.1.-robos con fuerza en las cosas en el interior de vehiculos,154
2019,CIUDAD AUTONOMA DE CEUTA,5.2.2.-robos con fuerza en viviendas,42
2019,CIUDAD AUTONOMA DE CEUTA,5.2.3.-robos con fuerza en establecimientos,16
2019,CIUDAD AUTONOMA DE CEUTA,5.3.-robos con violencia o intimidacion,147
2019,CIUDAD AUTONOMA DE CEUTA,5.3.1.-robos con violencia en via publica,112
2019,CIUDAD AUTONOMA DE CEUTA,5.3.2.-robos con violencia en viviendas,6
2019,CIUDAD AUTONOMA DE CEUTA,5.3.3.-robos con violencia en establecimientos,10
2019,CIUDAD AUTONOMA DE CEUTA,5.4.-sustraccion de vehiculos,168
2019,CIUDAD AUTONOMA DE CEUTA,5.5.-estafas,404
2019,CIUDAD AUTONOMA DE CEUTA,5.5.1.-estafas informaticas,324
2019,CIUDAD AUTONOMA DE CEUTA,5.6.-danos,331
2019,CIUDAD AUTONOMA DE CEUTA,5.7.-contra la propiedad intelectual/industrial,2
2019,CIUDAD AUTONOMA DE CEUTA,5.8.-blanqueo de capitales,1
2019,CIUDAD AUTONOMA DE CEUTA,5.9.-otros contra el patrimonio,46
2019,CIUDAD AUTONOMA DE CEUTA,6. seguridad colectiva,509
2019,CIUDAD AUTONOMA DE CEUTA,6.1.-trafico de drogas,297
2019,CIUDAD AUTONOMA DE CEUTA,6.2.-contra la seguridad vial,207
2019,CIUDAD AUTONOMA DE CEUTA,6.3.-otros contra la seguridad colectiva,5
2019,CIUDAD AUTONOMA DE CEUTA,7. falsedades,543
2019,CIUDAD AUTONOMA DE CEUTA,8. admon. publica,8
2019,CIUDAD AUTONOMA DE CEUTA,9. admon. justicia,148
2019,CIUDAD AUTONOMA DE CEUTA,total infracciones penales,4746
2019,CIUDAD AUTONOMA DE MELILLA,1. contra las personas,931
2019,CIUDAD AUTONOMA DE MELILLA,1.1.-homicidios dolosos/asesinatos,9
2019,CIUDAD AUTONOMA DE MELILLA,1.1.1.-homicidios dolosos/asesinatos consumados,1
2019,CIUDAD AUTONOMA DE MELILLA,1.2.-lesiones,592
2019,CIUDAD AUTONOMA DE MELILLA,1.3.-malos tratos ambito familiar,319
2019,CIUDAD AUTONOMA DE MELILLA,1.4.-otros contra las personas,11
2019,CIUDAD AUTONOMA DE MELILLA,10. orden publico,137
2019,CIUDAD AUTONOMA DE MELILLA,11. legislacion especial,9
2019,CIUDAD AUTONOMA DE MELILLA,12. otras infracciones penales,135
2019,CIUDAD AUTONOMA DE MELILLA,2. contra la libertad,296
2019,CIUDAD AUTONOMA DE MELILLA,2.1.-malos tratos habituales en el ambito familiar,9
2019,CIUDAD AUTONOMA DE MELILLA,2.2.-otros contra la libertad,287
2019,CIUDAD AUTONOMA DE MELILLA,3. libertad sexual,33
2019,CIUDAD AUTONOMA DE MELILLA,3.1.-agresion sexual,22
2019,CIUDAD AUTONOMA DE MELILLA,3.2.-agresion sexual con penetracion,5
2019,CIUDAD AUTONOMA DE MELILLA,3.3.-corrupcion de menores o incapacitados,0
2019,CIUDAD AUTONOMA DE MELILLA,3.4.-pornografia de menores,0
2019,CIUDAD AUTONOMA DE MELILLA,3.5.-otros contra la libertad sexual,6
2019,CIUDAD AUTONOMA DE MELILLA,4. relaciones familiares,25
2019,CIUDAD AUTONOMA DE MELILLA,5. patrimonio,3281
2019,CIUDAD AUTONOMA DE MELILLA,5.1.-hurtos,1202
2019,CIUDAD AUTONOMA DE MELILLA,5.2.-robos con fuerza en las cosas,766
2019,CIUDAD AUTONOMA DE MELILLA,5.2.1.-robos con fuerza en las cosas en el interior de vehiculos,618
2019,CIUDAD AUTONOMA DE MELILLA,5.2.2.-robos con fuerza en viviendas,71
2019,CIUDAD AUTONOMA DE MELILLA,5.2.3.-robos con fuerza en establecimientos,26
2019,CIUDAD AUTONOMA DE MELILLA,5.3.-robos con violencia o intimidacion,375
2019,CIUDAD AUTONOMA DE MELILLA,5.3.1.-robos con violencia en via publica,243
2019,CIUDAD AUTONOMA DE MELILLA,5.3.2.-robos con violencia en viviendas,8
2019,CIUDAD AUTONOMA DE MELILLA,5.3.3.-robos con violencia en establecimientos,13
2019,CIUDAD AUTONOMA DE MELILLA,5.4.-sustraccion de vehiculos,76
2019,CIUDAD AUTONOMA DE MELILLA,5.5.-estafas,386
2019,CIUDAD AUTONOMA DE MELILLA,5.5.1.-estafas informaticas,241
2019,CIUDAD AUTONOMA DE MELILLA,5.6.-danos,380
2019,CIUDAD AUTONOMA DE MELILLA,5.7.-contra la propiedad intelectual/industrial,7
2019,CIUDAD AUTONOMA DE MELILLA,5.8.-blanqueo de capitales,5
2019,CIUDAD AUTONOMA DE MELILLA,5.9.-otros contra el patrimonio,84
2019,CIUDAD AUTONOMA DE MELILLA,6. seguridad colectiva,348
2019,CIUDAD AUTONOMA DE MELILLA,6.1.-trafico de drogas,76
2019,CIUDAD AUTONOMA DE MELILLA,6.2.-contra la seguridad vial,254
2019,CIUDAD AUTONOMA DE MELILLA,6.3.-otros contra la seguridad colectiva,18
2019,CIUDAD AUTONOMA DE MELILLA,7. falsedades,289
2019,CIUDAD AUTONOMA DE MELILLA,8. admon. publica,1
2019,CIUDAD AUTONOMA DE MELILLA,9. admon. justicia,97
2019,CIUDAD AUTONOMA DE MELILLA,total infracciones penales,5582
2019,COMUNITAT VALENCIANA,1. contra las personas,23332
2019,COMUNITAT VALENCIANA,1.1.-homicidios dolosos/asesinatos,148
2019,COMUNITAT VALENCIANA,1.1.1.-homicidios dolosos/asesinatos consumados,40
2019,COMUNITAT VALENCIANA,1.2.-lesiones,11815
2019,COMUNITAT VALENCIANA,1.3.-malos tratos ambito familiar,11011
2019,COMUNITAT VALENCIANA,1.4.-otros contra las personas,358
2019,COMUNITAT VALENCIANA,10. orden publico,2671
2019,COMUNITAT VALENCIANA,11. legislacion especial,11
2019,COMUNITAT VALENCIANA,12. otras infracciones penales,1111
2019,COMUNITAT VALENCIANA,2. contra la libertad,13046
2019,COMUNITAT VALENCIANA,2.1.-malos tratos habituales en el ambito familiar,1764
2019,COMUNITAT VALENCIANA,2.2.-otros contra la libertad,11282
2019,COMUNITAT VALENCIANA,3. libertad sexual,1749
2019,COMUNITAT VALENCIANA,3.1.-agresion sexual,1057
2019,COMUNITAT VALENCIANA,3.2.-agresion sexual con penetracion,289
2019,COMUNITAT VALENCIANA,3.3.-corrupcion de menores o incapacitados,57
2019,COMUNITAT VALENCIANA,3.4.-pornografia de menores,100
2019,COMUNITAT VALENCIANA,3.5.-otros contra la libertad sexual,246
2019,COMUNITAT VALENCIANA,4. relaciones familiares,858
2019,COMUNITAT VALENCIANA,5. patrimonio,174091
2019,COMUNITAT VALENCIANA,5.1.-hurtos,68122
2019,COMUNITAT VALENCIANA,5.2.-robos con fuerza en las cosas,35068
2019,COMUNITAT VALENCIANA,5.2.1.-robos con fuerza en las cosas en el interior de vehiculos,10880
2019,COMUNITAT VALENCIANA,5.2.2.-robos con fuerza en viviendas,15271
2019,COMUNITAT VALENCIANA,5.2.3.-robos con fuerza en establecimientos,4276
2019,COMUNITAT VALENCIANA,5.3.-robos con violencia o intimidacion,4950
2019,COMUNITAT VALENCIANA,5.3.1.-robos con violencia en via publica,3020
2019,COMUNITAT VALENCIANA,5.3.2.-robos con violencia en viviendas,452
2019,COMUNITAT VALENCIANA,5.3.3.-robos con violencia en establecimientos,766
2019,COMUNITAT VALENCIANA,5.4.-sustraccion de vehiculos,3190
2019,COMUNITAT VALENCIANA,5.5.-estafas,29697
2019,COMUNITAT VALENCIANA,5.5.1.-estafas informaticas,15758
2019,COMUNITAT VALENCIANA,5.6.-danos,26649
2019,COMUNITAT VALENCIANA,5.7.-contra la propiedad intelectual/industrial,177
2019,COMUNITAT VALENCIANA,5.8.-blanqueo de capitales,55
2019,COMUNITAT VALENCIANA,5.9.-otros contra el patrimonio,6183
2019,COMUNITAT VALENCIANA,6. seguridad colectiva,7739
2019,COMUNITAT VALENCIANA,6.1.-trafico de drogas,1979
2019,COMUNITAT VALENCIANA,6.2.-contra la seguridad vial,5525
2019,COMUNITAT VALENCIANA,6.3.-otros contra la seguridad colectiva,235
2019,COMUNITAT VALENCIANA,7. falsedades,3250
2019,COMUNITAT VALENCIANA,8. admon. publica,48
2019,COMUNITAT VALENCIANA,9. admon. justicia,4643
2019,COMUNITAT VALENCIANA,total infracciones penales,232549
2019,EXTREMADURA,1. contra las personas,3185
2019,EXTREMADURA,1.1.-homicidios dolosos/asesinatos,13
2019,EXTREMADURA,1.1.1.-homicidios dolosos/asesinatos consumados,5
2019,EXTREMADURA,1.2.-lesiones,1932
2019,EXTREMADURA,1.3.-malos tratos ambito familiar,1173
2019,EXTREMADURA,1.4.-otros contra las personas,67
2019,EXTREMADURA,10. orden publico,290
2019,EXTREMADURA,11. legislacion especial,5
2019,EXTREMADURA,12. otras infracciones penales,286
2019,EXTREMADURA,2. contra la libertad,2423
2019,EXTREMADURA,2.1.-malos tratos habituales en el ambito familiar,265
2019,EXTREMADURA,2.2.-otros contra la libertad,2158
2019,EXTREMADURA,3. libertad sexual,214
2019,EXTREMADURA,3.1.-agresion sexual,135
2019,EXTREMADURA,3.2.-agresion sexual con penetracion,25
2019,EXTREMADURA,3.3.-corrupcion de menores o incapacitados,12
2019,EXTREMADURA,3.4.-pornografia de menores,9
2019,EXTREMADURA,3.5.-otros contra la libertad sexual,33
2019,EXTREMADURA,4. relaciones familiares,224
2019,EXTREMADURA,5. patrimonio,18583
2019,EXTREMADURA,5.1.-hurtos,6566
2019,EXTREMADURA,5.2.-robos con fuerza en las cosas,3379
2019,EXTREMADURA,5.2.1.-robos con fuerza en las cosas en el interior de vehiculos,706
2019,EXTREMADURA,5.2.2.-robos con fuerza en viviendas,994
2019,EXTREMADURA,5.2.3.-robos con fuerza en establecimientos,646
2019,EXTREMADURA,5.3.-robos con violencia o intimidacion,320
2019,EXTREMADURA,5.3.1.-robos con violencia en via publica,177
2019,EXTREMADURA,5.3.2.-robos con violencia en viviendas,35
2019,EXTREMADURA,5.3.3.-robos con violencia en establecimientos,71
2019,EXTREMADURA,5.4.-sustraccion de vehiculos,144
2019,EXTREMADURA,5.5.-estafas,3873
2019,EXTREMADURA,5.5.1.-estafas informaticas,2410
2019,EXTREMADURA,5.6.-danos,3504
2019,EXTREMADURA,5.7.-contra la propiedad intelectual/industrial,42
2019,EXTREMADURA,5.8.-blanqueo de capitales,2
2019,EXTREMADURA,5.9.-otros contra el patrimonio,753
2019,EXTREMADURA,6. seguridad colectiva,1248
2019,EXTREMADURA,6.1.-trafico de drogas,323
2019,EXTREMADURA,6.2.-contra la seguridad vial,843
2019,EXTREMADURA,6.3.-otros contra la seguridad colectiva,82
2019,EXTREMADURA,7. falsedades,445
2019,EXTREMADURA,8. admon. publica,8
2019,EXTREMADURA,9. admon. justicia,680
2019,EXTREMADURA,total infracciones penales,27591
2019,GALICIA,1. contra las personas,8027
2019,GALICIA,1.1.-homicidios dolosos/asesinatos,41
2019,GALICIA,1.1.1.-homicidios dolosos/asesinatos consumados,16
2019,GALICIA,1.2.-lesiones,4804
2019,GALICIA,1.3.-malos tratos ambito familiar,3004
2019,GALICIA,1.4.-otros contra las personas,178
2019,GALICIA,10. orden publico,718
2019,GALICIA,11. legislacion especial,6
2019,GALICIA,12. otras infracciones penales,544
2019,GALICIA,2. contra la libertad,5692
2019,GALICIA,2.1.-malos tratos habituales en el ambito familiar,700
2019,GALICIA,2.2.-otros contra la libertad,4992
2019,GALICIA,3. libertad sexual,634
2019,GALICIA,3.1.-agresion sexual,368
2019,GALICIA,3.2.-agresion sexual con penetracion,124
2019,GALICIA,3.3.-corrupcion de menores o incapacitados,14
2019,GALICIA,3.4.-pornografia de menores,39
2019,GALICIA,3.5.-otros contra la libertad sexual,89
2019,GALICIA,4. relaciones familiares,171
2019,GALICIA,5. patrimonio,56924
2019,GALICIA,5.1.-hurtos,18846
2019,GALICIA,5.2.-robos con fuerza en las cosas,9618
2019,GALICIA,5.2.1.-robos con fuerza en las cosas en el interior de vehiculos,2759
2019,GALICIA,5.2.2.-robos con fuerza en viviendas,3135
2019,GALICIA,5.2.3.-robos con fuerza en establecimientos,2072
2019,GALICIA,5.3.-robos con violencia o intimidacion,945
2019,GALICIA,5.3.1.-robos con violencia en via publica,450
2019,GALICIA,5.3.2.-robos con violencia en viviendas,114
2019,GALICIA,5.3.3.-robos con violencia en establecimientos,234
2019,GALICIA,5.4.-sustraccion de vehiculos,604
2019,GALICIA,5.5.-estafas,15690
2019,GALICIA,5.5.1.-estafas informaticas,9999
2019,GALICIA,5.6.-danos,9311
2019,GALICIA,5.7.-contra la propiedad intelectual/industrial,101
2019,GALICIA,5.8.-blanqueo de capitales,8
2019,GALICIA,5.9.-otros contra el patrimonio,1801
2019,GALICIA,6. seguridad colectiva,4992
2019,GALICIA,6.1.-trafico de drogas,517
2019,GALICIA,6.2.-contra la seguridad vial,4331
2019,GALICIA,6.3.-otros contra la seguridad colectiva,144
2019,GALICIA,7. falsedades,886
2019,GALICIA,8. admon. publica,21
2019,GALICIA,9. admon. justicia,1409
2019,GALICIA,total infracciones penales,80024
2019,MADRID (COMUNIDAD DE),1. contra las personas,29288
2019,MADRID (COMUNIDAD DE),1.1.-homicidios dolosos/asesinatos,110
2019,MADRID (COMUNIDAD DE),1.1.1.-homicidios dolosos/asesinatos consumados,32
2019,MADRID (COMUNIDAD DE),1.2.-lesiones,13704
2019,MADRID (COMUNIDAD DE),1.3.-malos tratos ambito familiar,14907
2019,MADRID (COMUNIDAD DE),1.4.-otros contra las personas,567
2019,MADRID (COMUNIDAD DE),10. orden publico,4428
2019,MADRID (COMUNIDAD DE),11. legislacion especial,24
2019,MADRID (COMUNIDAD DE),12. otras infracciones penales,1004
2019,MADRID (COMUNIDAD DE),2. contra la libertad,15655
2019,MADRID (COMUNIDAD DE),2.1.-malos tratos habituales en el ambito familiar,1223
2019,MADRID (COMUNIDAD DE),2.2.-otros contra la libertad,14432
2019,MADRID (COMUNIDAD DE),3. libertad sexual,2215
2019,MADRID (COMUNIDAD DE),3.1.-agresion sexual,1292
2019,MADRID (COMUNIDAD DE),3.2.-agresion sexual con penetracion,455
2019,MADRID (COMUNIDAD DE),3.3.-corrupcion de menores o incapacitados,55
2019,MADRID (COMUNIDAD DE),3.4.-pornografia de menores,108
2019,MADRID (COMUNIDAD DE),3.5.-otros contra la libertad sexual,305
2019,MADRID (COMUNIDAD DE),4. relaciones familiares,822
2019,MADRID (COMUNIDAD DE),5. patrimonio,337836
2019,MADRID (COMUNIDAD DE),5.1.-hurtos,154169
2019,MADRID (COMUNIDAD DE),5.2.-robos con fuerza en las cosas,47391
2019,MADRID (COMUNIDAD DE),5.2.1.-robos con fuerza en las cosas en el interior de vehiculos,24125
2019,MADRID (COMUNIDAD DE),5.2.2.-robos con fuerza en viviendas,11469
2019,MADRID (COMUNIDAD DE),5.2.3.-robos con fuerza en establecimientos,6462
2019,MADRID (COMUNIDAD DE),5.3.-robos con violencia o intimidacion,15372
2019,MADRID (COMUNIDAD DE),5.3.1.-robos con violencia en via publica,10896
2019,MADRID (COMUNIDAD DE),5.3.2.-robos con violencia en viviendas,871
2019,MADRID (COMUNIDAD DE),5.3.3.-robos con violencia en establecimientos,1595
2019,MADRID (COMUNIDAD DE),5.4.-sustraccion de vehiculos,8030
2019,MADRID (COMUNIDAD DE),5.5.-estafas,62020
2019,MADRID (COMUNIDAD DE),5.5.1.-estafas informaticas,32841
2019,MADRID (COMUNIDAD DE),5.6.-danos,42315
2019,MADRID (COMUNIDAD DE),5.7.-contra la propiedad intelectual/industrial,202
2019,MADRID (COMUNIDAD DE),5.8.-blanqueo de capitales,35
2019,MADRID (COMUNIDAD DE),5.9.-otros contra el patrimonio,8302
2019,MADRID (COMUNIDAD DE),6. seguridad colectiva,7696
2019,MADRID (COMUNIDAD DE),6.1.-trafico de drogas,2577
2019,MADRID (COMUNIDAD DE),6.2.-contra la seguridad vial,4873
2019,MADRID (COMUNIDAD DE),6.3.-otros contra la seguridad colectiva,246
2019,MADRID (COMUNIDAD DE),7. falsedades,4042
2019,MADRID (COMUNIDAD DE),8. admon. publica,55
2019,MADRID (COMUNIDAD DE),9. admon. justicia,4671
2019,MADRID (COMUNIDAD DE),total infracciones penales,407736
2019,MURCIA (REGION DE),1. contra las personas,6237
2019,MURCIA (REGION DE),1.1.-homicidios dolosos/asesinatos,39
2019,MURCIA (REGION DE),1.1.1.-homicidios dolosos/asesinatos consumados,13
2019,MURCIA (REGION DE),1.2.-lesiones,3449
2019,MURCIA (REGION DE),1.3.-malos tratos ambito familiar,2678
2019,MURCIA (REGION DE),1.4.-otros contra las personas,71
2019,MURCIA (REGION DE),10. orden publico,564
2019,MURCIA (REGION DE),11. legislacion especial,1
2019,MURCIA (REGION DE),12. otras infracciones penales,343
2019,MURCIA (REGION DE),2. contra la libertad,3741
2019,MURCIA (REGION DE),2.1.-malos tratos habituales en el ambito familiar,364
2019,MURCIA (REGION DE),2.2.-otros contra la libertad,3377
2019,MURCIA (REGION DE),3. libertad sexual,535
2019,MURCIA (REGION DE),3.1.-agresion sexual,341
2019,MURCIA (REGION DE),3.2.-agresion sexual con penetracion,73
2019,MURCIA (REGION DE),3.3.-corrupcion de menores o incapacitados,18
2019,MURCIA (REGION DE),3.4.-pornografia de menores,27
2019,MURCIA (REGION DE),3.5.-otros contra la libertad sexual,76
2019,MURCIA (REGION DE),4. relaciones familiares,552
2019,MURCIA (REGION DE),5. patrimonio,41700
2019,MURCIA (REGION DE),5.1.-hurtos,15138
2019,MURCIA (REGION DE),5.2.-robos con fuerza en las cosas,10780
2019,MURCIA (REGION DE),5.2.1.-robos con fuerza en las cosas en el interior de vehiculos,2902
2019,MURCIA (REGION DE),5.2.2.-robos con fuerza en viviendas,5017
2019,MURCIA (REGION DE),5.2.3.-robos con fuerza en establecimientos,1096
2019,MURCIA (REGION DE),5.3.-robos con violencia o intimidacion,1536
2019,MURCIA (REGION DE),5.3.1.-robos con violencia en via publica,917
2019,MURCIA (REGION DE),5.3.2.-robos con violencia en viviendas,124
2019,MURCIA (REGION DE),5.3.3.-robos con violencia en establecimientos,258
2019,MURCIA (REGION DE),5.4.-sustraccion de vehiculos,909
2019,MURCIA (REGION DE),5.5.-estafas,6657
2019,MURCIA (REGION DE),5.5.1.-estafas informaticas,3358
2019,MURCIA (REGION DE),5.6.-danos,4813
2019,MURCIA (REGION DE),5.7.-contra la propiedad intelectual/industrial,43
2019,MURCIA (REGION DE),5.8.-blanqueo de capitales,8
2019,MURCIA (REGION DE),5.9.-otros contra el patrimonio,1816
2019,MURCIA (REGION DE),6. seguridad colectiva,1664
2019,MURCIA (REGION DE),6.1.-trafico de drogas,360
2019,MURCIA (REGION DE),6.2.-contra la seguridad vial,1244
2019,MURCIA (REGION DE),6.3.-otros contra la seguridad colectiva,60
2019,MURCIA (REGION DE),7. falsedades,708
2019,MURCIA (REGION DE),8. admon. publica,14
2019,MURCIA (REGION DE),9. admon. justicia,1040
2019,MURCIA (REGION DE),total infracciones penales,57099
2019,NAVARRA (COMUNIDAD FORAL DE),1. contra las personas,2693
2019,NAVARRA (COMUNIDAD FORAL DE),1.1.-homicidios dolosos/asesinatos,18
2019,NAVARRA (COMUNIDAD FORAL DE),1.1.1.-homicidios dolosos/asesinatos consumados,5
2019,NAVARRA (COMUNIDAD FORAL DE),1.2.-lesiones,1638
2019,NAVARRA (COMUNIDAD FORAL DE),1.3.-malos tratos ambito familiar,1001
2019,NAVARRA (COMUNIDAD FORAL DE),1.4.-otros contra las personas,36
2019,NAVARRA (COMUNIDAD FORAL DE),10. orden publico,365
2019,NAVARRA (COMUNIDAD FORAL DE),11. legislacion especial,0
2019,NAVARRA (COMUNIDAD FORAL DE),12. otras infracciones penales,140
2019,NAVARRA (COMUNIDAD FORAL DE),2. contra la libertad,1799
2019,NAVARRA (COMUNIDAD FORAL DE),2.1.-malos tratos habituales en el ambito familiar,151
2019,NAVARRA (COMUNIDAD FORAL DE),2.2.-otros contra la libertad,1648
2019,NAVARRA (COMUNIDAD FORAL DE),3. libertad sexual,232
2019,NAVARRA (COMUNIDAD FORAL DE),3.1.-agresion sexual,126
2019,NAVARRA (COMUNIDAD FORAL DE),3.2.-agresion sexual con penetracion,52
2019,NAVARRA (COMUNIDAD FORAL DE),3.3.-corrupcion de menores o incapacitados,8
2019,NAVARRA (COMUNIDAD FORAL DE),3.4.-pornografia de menores,7
2019,NAVARRA (COMUNIDAD FORAL DE),3.5.-otros contra la libertad sexual,39
2019,NAVARRA (COMUNIDAD FORAL DE),4. relaciones familiares,74
2019,NAVARRA (COMUNIDAD FORAL DE),5. patrimonio,21485
2019,NAVARRA (COMUNIDAD FORAL DE),5.1.-hurtos,8538
2019,NAVARRA (COMUNIDAD FORAL DE),5.2.-robos con fuerza en las cosas,2912
2019,NAVARRA (COMUNIDAD FORAL DE),5.2.1.-robos con fuerza en las cosas en el interior de vehiculos,744
2019,NAVARRA (COMUNIDAD FORAL DE),5.2.2.-robos con fuerza en viviendas,1006
2019,NAVARRA (COMUNIDAD FORAL DE),5.2.3.-robos con fuerza en establecimientos,458
2019,NAVARRA (COMUNIDAD FORAL DE),5.3.-robos con violencia o intimidacion,331
2019,NAVARRA (COMUNIDAD FORAL DE),5.3.1.-robos con violencia en via publica,232
2019,NAVARRA (COMUNIDAD FORAL DE),5.3.2.-robos con violencia en viviendas,17
2019,NAVARRA (COMUNIDAD FORAL DE),5.3.3.-robos con violencia en establecimientos,54
2019,NAVARRA (COMUNIDAD FORAL DE),5.4.-sustraccion de vehiculos,183
2019,NAVARRA (COMUNIDAD FORAL DE),5.5.-estafas,5440
2019,NAVARRA (COMUNIDAD FORAL DE),5.5.1.-estafas informaticas,2734
2019,NAVARRA (COMUNIDAD FORAL DE),5.6.-danos,3401
2019,NAVARRA (COMUNIDAD FORAL DE),5.7.-contra la propiedad intelectual/industrial,27
2019,NAVARRA (COMUNIDAD FORAL DE),5.8.-blanqueo de capitales,4
2019,NAVARRA (COMUNIDAD FORAL DE),5.9.-otros contra el patrimonio,649
2019,NAVARRA (COMUNIDAD FORAL DE),6. seguridad colectiva,1583
2019,NAVARRA (COMUNIDAD FORAL DE),6.1.-trafico de drogas,159
2019,NAVARRA (COMUNIDAD FORAL DE),6.2.-contra la seguridad vial,1369
2019,NAVARRA (COMUNIDAD FORAL DE),6.3.-otros contra la seguridad colectiva,55
2019,NAVARRA (COMUNIDAD FORAL DE),7. falsedades,374
2019,NAVARRA (COMUNIDAD FORAL DE),8. admon. publica,10
2019,NAVARRA (COMUNIDAD FORAL DE),9. admon. justicia,415
2019,NAVARRA (COMUNIDAD FORAL DE),total infracciones penales,29170
2019,PAIS VASCO,1. contra las personas,6884
2019,PAIS VASCO,1.1.-homicidios dolosos/asesinatos,37
2019,PAIS VASCO,1.1.1.-homicidios dolosos/asesinatos consumados,10
2019,PAIS VASCO,1.2.-lesiones,4742
2019,PAIS VASCO,1.3.-malos tratos ambito familiar,1666
2019,PAIS VASCO,1.4.-otros contra las personas,439
2019,PAIS VASCO,10. orden publico,985
2019,PAIS VASCO,11. legislacion especial,7
2019,PAIS VASCO,12. otras infracciones penales,543
2019,PAIS VASCO,2. contra la libertad,7779
2019,PAIS VASCO,2.1.-malos tratos habituales en el ambito familiar,2727
2019,PAIS VASCO,2.2.-otros contra la libertad,5052
2019,PAIS VASCO,3. libertad sexual,668
2019,PAIS VASCO,3.1.-agresion sexual,347
2019,PAIS VASCO,3.2.-agresion sexual con penetracion,170
2019,PAIS VASCO,3.3.-corrupcion de menores o incapacitados,8
2019,PAIS VASCO,3.4.-pornografia de menores,34
2019,PAIS VASCO,3.5.-otros contra la libertad sexual,109
2019,PAIS VASCO,4. relaciones familiares,139
2019,PAIS VASCO,5. patrimonio,71978
2019,PAIS VASCO,5.1.-hurtos,30254
2019,PAIS VASCO,5.2.-robos con fuerza en las cosas,12683
2019,PAIS VASCO,5.2.1.-robos con fuerza en las cosas en el interior de vehiculos,36
2019,PAIS VASCO,5.2.2.-robos con fuerza en viviendas,5018
2019,PAIS VASCO,5.2.3.-robos con fuerza en establecimientos,2626
2019,PAIS VASCO,5.3.-robos con violencia o intimidacion,1643
2019,PAIS VASCO,5.3.1.-robos con violencia en via publica,1076
2019,PAIS VASCO,5.3.2.-robos con violencia en viviendas,103
2019,PAIS VASCO,5.3.3.-robos con violencia en establecimientos,296
2019,PAIS VASCO,5.4.-sustraccion de vehiculos,890
2019,PAIS VASCO,5.5.-estafas,16597
2019,PAIS VASCO,5.5.1.-estafas informaticas,13793
2019,PAIS VASCO,5.6.-danos,8103
2019,PAIS VASCO,5.7.-contra la propiedad intelectual/industrial,15
2019,PAIS VASCO,5.8.-blanqueo de capitales,8
2019,PAIS VASCO,5.9.-otros contra el patrimonio,1785
2019,PAIS VASCO,6. seguridad colectiva,2773
2019,PAIS VASCO,6.1.-trafico de drogas,421
2019,PAIS VASCO,6.2.-contra la seguridad vial,2168
2019,PAIS VASCO,6.3.-otros contra la seguridad colectiva,184
2019,PAIS VASCO,7. falsedades,1195
2019,PAIS VASCO,8. admon. publica,12
2019,PAIS VASCO,9. admon. justicia,1573
2019,PAIS VASCO,total infracciones penales,94536
2019,RIOJA (LA),1. contra las personas,1042
2019,RIOJA (LA),1.1.-homicidios dolosos/asesinatos,5
2019,RIOJA (LA),1.1.1.-homicidios dolosos/asesinatos consumados,0
2019,RIOJA (LA),1.2.-lesiones,577
2019,RIOJA (LA),1.3.-malos tratos ambito familiar,447
2019,RIOJA (LA),1.4.-otros contra las personas,13
2019,RIOJA (LA),10. orden publico,117
2019,RIOJA (LA),11. legislacion especial,0
2019,RIOJA (LA),12. otras infracciones penales,51
2019,RIOJA (LA),2. contra la libertad,518
2019,RIOJA (LA),2.1.-malos tratos habituales en el ambito familiar,68
2019,RIOJA (LA),2.2.-otros contra la libertad,450
2019,RIOJA (LA),3. libertad sexual,92
2019,RIOJA (LA),3.1.-agresion sexual,65
2019,RIOJA (LA),3.2.-agresion sexual con penetracion,15
2019,RIOJA (LA),3.3.-corrupcion de menores o incapacitados,4
2019,RIOJA (LA),3.4.-pornografia de menores,2
2019,RIOJA (LA),3.5.-otros contra la libertad sexual,6
2019,RIOJA (LA),4. relaciones familiares,31
2019,RIOJA (LA),5. patrimonio,6179
2019,RIOJA (LA),5.1.-hurtos,2415
2019,RIOJA (LA),5.2.-robos con fuerza en las cosas,942
2019,RIOJA (LA),5.2.1.-robos con fuerza en las cosas en el interior de vehiculos,185
2019,RIOJA (LA),5.2.2.-robos con fuerza en viviendas,437
2019,RIOJA (LA),5.2.3.-robos con fuerza en establecimientos,109
2019,RIOJA (LA),5.3.-robos con violencia o intimidacion,91
2019,RIOJA (LA),5.3.1.-robos con violencia en via publica,41
2019,RIOJA (LA),5.3.2.-robos con violencia en viviendas,7
2019,RIOJA (LA),5.3.3.-robos con violencia en establecimientos,32
2019,RIOJA (LA),5.4.-sustraccion de vehiculos,69
2019,RIOJA (LA),5.5.-estafas,1326
2019,RIOJA (LA),5.5.1.-estafas informaticas,996
2019,RIOJA (LA),5.6.-danos,979
2019,RIOJA (LA),5.7.-contra la propiedad intelectual/industrial,42
2019,RIOJA (LA),5.8.-blanqueo de capitales,2
2019,RIOJA (LA),5.9.-otros contra el patrimonio,313
2019,RIOJA (LA),6. seguridad colectiva,413
2019,RIOJA (LA),6.1.-trafico de drogas,105
2019,RIOJA (LA),6.2.-contra la seguridad vial,292
2019,RIOJA (LA),6.3.-otros contra la seguridad colectiva,16
2019,RIOJA (LA),7. falsedades,73
2019,RIOJA (LA),8. admon. publica,5
2019,RIOJA (LA),9. admon. justicia,229
2019,RIOJA (LA),total infracciones penales,8750
2020,ANDALUCIA,1. contra las personas,33578
2020,ANDALUCIA,1.1.-homicidios dolosos/asesinatos,298
2020,ANDALUCIA,1.1.1.-homicidios dolosos/asesinatos consumados,61
2020,ANDALUCIA,1.2.-lesiones,17412
2020,ANDALUCIA,1.3.-malos tratos ambito familiar,15221
2020,ANDALUCIA,1.4.-otros contra las personas,647
2020,ANDALUCIA,10. orden publico,5807
2020,ANDALUCIA,11. legislacion especial,230
2020,ANDALUCIA,12. otras infracciones penales,2448
2020,ANDALUCIA,2. contra la libertad,26108
2020,ANDALUCIA,2.1.-malos tratos habituales en el ambito familiar,2717
2020,ANDALUCIA,2.2.-otros contra la libertad,23391
2020,ANDALUCIA,3. libertad sexual,2204
2020,ANDALUCIA,3.1.-agresion sexual,1228
2020,ANDALUCIA,3.2.-agresion sexual con penetracion,370
2020,ANDALUCIA,3.3.-corrupcion de menores o incapacitados,74
2020,ANDALUCIA,3.4.-pornografia de menores,149
2020,ANDALUCIA,3.5.-otros contra la libertad sexual,383
2020,ANDALUCIA,4. relaciones familiares,1492
2020,ANDALUCIA,5. patrimonio,190744
2020,ANDALUCIA,5.1.-hurtos,57435
2020,ANDALUCIA,5.2.-robos con fuerza en las cosas,37257
2020,ANDALUCIA,5.2.1.-robos con fuerza en las cosas en el interior de vehiculos,13556
2020,ANDALUCIA,5.2.2.-robos con fuerza en viviendas,12127
2020,ANDALUCIA,5.2.3.-robos con fuerza en establecimientos,5317
2020,ANDALUCIA,5.3.-robos con violencia o intimidacion,5187
2020,ANDALUCIA,5.3.1.-robos con violencia en via publica,3253
2020,ANDALUCIA,5.3.2.-robos con violencia en viviendas,469
2020,ANDALUCIA,5.3.3.-robos con violencia en establecimientos,971
2020,ANDALUCIA,5.4.-sustraccion de vehiculos,4821
2020,ANDALUCIA,5.5.-estafas,47474
2020,ANDALUCIA,5.5.1.-estafas informaticas,33036
2020,ANDALUCIA,5.6.-danos,28242
2020,ANDALUCIA,5.7.-contra la propiedad intelectual/industrial,240
2020,ANDALUCIA,5.8.-blanqueo de capitales,72
2020,ANDALUCIA,5.9.-otros contra el patrimonio,10016
2020,ANDALUCIA,6. seguridad colectiva,14182
2020,ANDALUCIA,6.1.-trafico de drogas,4679
2020,ANDALUCIA,6.2.-contra la seguridad vial,9039
2020,ANDALUCIA,6.3.-otros contra la seguridad colectiva,464
2020,ANDALUCIA,7. falsedades,4071
2020,ANDALUCIA,8. admon. publica,68
2020,ANDALUCIA,9. admon. justicia,6662
2020,ANDALUCIA,total infracciones penales,287594
2020,ARAGON,1. contra las personas,4083
2020,ARAGON,1.1.-homicidios dolosos/asesinatos,39
2020,ARAGON,1.1.1.-homicidios dolosos/asesinatos consumados,4
2020,ARAGON,1.2.-lesiones,1798
2020,ARAGON,1.3.-malos tratos ambito familiar,2158
2020,ARAGON,1.4.-otros contra las personas,88
2020,ARAGON,10. orden publico,807
2020,ARAGON,11. legislacion especial,1
2020,ARAGON,12. otras infracciones penales,257
2020,ARAGON,2. contra la libertad,2482
2020,ARAGON,2.1.-malos tratos habituales en el ambito familiar,300
2020,ARAGON,2.2.-otros contra la libertad,2182
2020,ARAGON,3. libertad sexual,306
2020,ARAGON,3.1.-agresion sexual,165
2020,ARAGON,3.2.-agresion sexual con penetracion,63
2020,ARAGON,3.3.-corrupcion de menores o incapacitados,10
2020,ARAGON,3.4.-pornografia de menores,13
2020,ARAGON,3.5.-otros contra la libertad sexual,55
2020,ARAGON,4. relaciones familiares,151
2020,ARAGON,5. patrimonio,25509
2020,ARAGON,5.1.-hurtos,6747
2020,ARAGON,5.2.-robos con fuerza en las cosas,3652
2020,ARAGON,5.2.1.-robos con fuerza en las cosas en el interior de vehiculos,828
2020,ARAGON,5.2.2.-robos con fuerza en viviendas,1139
2020,ARAGON,5.2.3.-robos con fuerza en establecimientos,725
2020,ARAGON,5.3.-robos con violencia o intimidacion,769
2020,ARAGON,5.3.1.-robos con violencia en via publica,541
2020,ARAGON,5.3.2.-robos con violencia en viviendas,36
2020,ARAGON,5.3.3.-robos con violencia en establecimientos,125
2020,ARAGON,5.4.-sustraccion de vehiculos,190
2020,ARAGON,5.5.-estafas,8762
2020,ARAGON,5.5.1.-estafas informaticas,6970
2020,ARAGON,5.6.-danos,4414
2020,ARAGON,5.7.-contra la propiedad intelectual/industrial,20
2020,ARAGON,5.8.-blanqueo de capitales,12
2020,ARAGON,5.9.-otros contra el patrimonio,943
2020,ARAGON,6. seguridad colectiva,1138
2020,ARAGON,6.1.-trafico de drogas,323
2020,ARAGON,6.2.-contra la seguridad vial,787
2020,ARAGON,6.3.-otros contra la seguridad colectiva,28
2020,ARAGON,7. falsedades,590
2020,ARAGON,8. admon. publica,14
2020,ARAGON,9. admon. justicia,686
2020,ARAGON,total infracciones penales,36024
2020,ASTURIAS (PRINCIPADO DE),1. contra las personas,3038
2020,ASTURIAS (PRINCIPADO DE),1.1.-homicidios dolosos/asesinatos,14
2020,ASTURIAS (PRINCIPADO DE),1.1.1.-homicidios dolosos/asesinatos consumados,5
2020,ASTURIAS (PRINCIPADO DE),1.2.-lesiones,1589
2020,ASTURIAS (PRINCIPADO DE),1.3.-malos tratos ambito familiar,1381
2020,ASTURIAS (PRINCIPADO DE),1.4.-otros contra las personas,54
2020,ASTURIAS (PRINCIPADO DE),10. orden publico,540
2020,ASTURIAS (PRINCIPADO DE),11. legislacion especial,1
2020,ASTURIAS (PRINCIPADO DE),12. otras infracciones penales,176
2020,ASTURIAS (PRINCIPADO DE),2. contra la libertad,1892
2020,ASTURIAS (PRINCIPADO DE),2.1.-malos tratos habituales en el ambito familiar,68
2020,ASTURIAS (PRINCIPADO DE),2.2.-otros contra la libertad,1824
2020,ASTURIAS (PRINCIPADO DE),3. libertad sexual,215
2020,ASTURIAS (PRINCIPADO DE),3.1.-agresion sexual,116
2020,ASTURIAS (PRINCIPADO DE),3.2.-agresion sexual con penetracion,46
2020,ASTURIAS (PRINCIPADO DE),3.3.-corrupcion de menores o incapacitados,2
2020,ASTURIAS (PRINCIPADO DE),3.4.-pornografia de menores,12
2020,ASTURIAS (PRINCIPADO DE),3.5.-otros contra la libertad sexual,39
2020,ASTURIAS (PRINCIPADO DE),4. relaciones familiares,78
2020,ASTURIAS (PRINCIPADO DE),5. patrimonio,16593
2020,ASTURIAS (PRINCIPADO DE),5.1.-hurtos,4148
2020,ASTURIAS (PRINCIPADO DE),5.2.-robos con fuerza en las cosas,1891
2020,ASTURIAS (PRINCIPADO DE),5.2.1.-robos con fuerza en las cosas en el interior de vehiculos,389
2020,ASTURIAS (PRINCIPADO DE),5.2.2.-robos con fuerza en viviendas,650
2020,ASTURIAS (PRINCIPADO DE),5.2.3.-robos con fuerza en establecimientos,459
2020,ASTURIAS (PRINCIPADO DE),5.3.-robos con violencia o intimidacion,317
2020,ASTURIAS (PRINCIPADO DE),5.3.1.-robos con violencia en via publica,164
2020,ASTURIAS (PRINCIPADO DE),5.3.2.-robos con violencia en viviendas,41
2020,ASTURIAS (PRINCIPADO DE),5.3.3.-robos con violencia en establecimientos,78
2020,ASTURIAS (PRINCIPADO DE),5.4.-sustraccion de vehiculos,289
2020,ASTURIAS (PRINCIPADO DE),5.5.-estafas,6533
2020,ASTURIAS (PRINCIPADO DE),5.5.1.-estafas informaticas,5623
2020,ASTURIAS (PRINCIPADO DE),5.6.-danos,2625
2020,ASTURIAS (PRINCIPADO DE),5.7.-contra la propiedad intelectual/industrial,6
2020,ASTURIAS (PRINCIPADO DE),5.8.-blanqueo de capitales,1
2020,ASTURIAS (PRINCIPADO DE),5.9.-otros contra el patrimonio,783
2020,ASTURIAS (PRINCIPADO DE),6. seguridad colectiva,924
2020,ASTURIAS (PRINCIPADO DE),6.1.-trafico de drogas,180
2020,ASTURIAS (PRINCIPADO DE),6.2.-contra la seguridad vial,688
2020,ASTURIAS (PRINCIPADO DE),6.3.-otros contra la seguridad colectiva,56
2020,ASTURIAS (PRINCIPADO DE),7. falsedades,305
2020,ASTURIAS (PRINCIPADO DE),8. admon. publica,2
2020,ASTURIAS (PRINCIPADO DE),9. admon. justicia,560
2020,ASTURIAS (PRINCIPADO DE),total infracciones penales,24324
2020,BALEARS (ILLES),1. contra las personas,6407
2020,BALEARS (ILLES),1.1.-homicidios dolosos/asesinatos,37
2020,BALEARS (ILLES),1.1.1.-homicidios dolosos/asesinatos consumados,7
2020,BALEARS (ILLES),1.2.-lesiones,2765
2020,BALEARS (ILLES),1.3.-malos tratos ambito familiar,3474
2020,BALEARS (ILLES),1.4.-otros contra las personas,131
2020,BALEARS (ILLES),10. orden publico,1047
2020,BALEARS (ILLES),11. legislacion especial,1
2020,BALEARS (ILLES),12. otras infracciones penales,277
2020,BALEARS (ILLES),2. contra la libertad,5083
2020,BALEARS (ILLES),2.1.-malos tratos habituales en el ambito familiar,569
2020,BALEARS (ILLES),2.2.-otros contra la libertad,4514
2020,BALEARS (ILLES),3. libertad sexual,520
2020,BALEARS (ILLES),3.1.-agresion sexual,305
2020,BALEARS (ILLES),3.2.-agresion sexual con penetracion,84
2020,BALEARS (ILLES),3.3.-corrupcion de menores o incapacitados,28
2020,BALEARS (ILLES),3.4.-pornografia de menores,17
2020,BALEARS (ILLES),3.5.-otros contra la libertad sexual,86
2020,BALEARS (ILLES),4. relaciones familiares,194
2020,BALEARS (ILLES),5. patrimonio,42187
2020,BALEARS (ILLES),5.1.-hurtos,12478
2020,BALEARS (ILLES),5.2.-robos con fuerza en las cosas,5724
2020,BALEARS (ILLES),5.2.1.-robos con fuerza en las cosas en el interior de vehiculos,2257
2020,BALEARS (ILLES),5.2.2.-robos con fuerza en viviendas,1857
2020,BALEARS (ILLES),5.2.3.-robos con fuerza en establecimientos,748
2020,BALEARS (ILLES),5.3.-robos con violencia o intimidacion,749
2020,BALEARS (ILLES),5.3.1.-robos con violencia en via publica,465
2020,BALEARS (ILLES),5.3.2.-robos con violencia en viviendas,72
2020,BALEARS (ILLES),5.3.3.-robos con violencia en establecimientos,113
2020,BALEARS (ILLES),5.4.-sustraccion de vehiculos,1021
2020,BALEARS (ILLES),5.5.-estafas,15850
2020,BALEARS (ILLES),5.5.1.-estafas informaticas,10879
2020,BALEARS (ILLES),5.6.-danos,4596
2020,BALEARS (ILLES),5.7.-contra la propiedad intelectual/industrial,31
2020,BALEARS (ILLES),5.8.-blanqueo de capitales,8
2020,BALEARS (ILLES),5.9.-otros contra el patrimonio,1730
2020,BALEARS (ILLES),6. seguridad colectiva,2132
2020,BALEARS (ILLES),6.1.-trafico de drogas,431
2020,BALEARS (ILLES),6.2.-contra la seguridad vial,1637
2020,BALEARS (ILLES),6.3.-otros contra la seguridad colectiva,64
2020,BALEARS (ILLES),7. falsedades,671
2020,BALEARS (ILLES),8. admon. publica,16
2020,BALEARS (ILLES),9. admon. justicia,1215
2020,BALEARS (ILLES),total infracciones penales,59750
2020,CANARIAS,1. contra las personas,11643
2020,CANARIAS,1.1.-homicidios dolosos/asesinatos,54
2020,CANARIAS,1.1.1.-homicidios dolosos/asesinatos consumados,12
2020,CANARIAS,1.2.-lesiones,5938
2020,CANARIAS,1.3.-malos tratos ambito familiar,5333
2020,CANARIAS,1.4.-otros contra las personas,318
2020,CANARIAS,10. orden publico,1395
2020,CANARIAS,11. legislacion especial,1
2020,CANARIAS,12. otras infracciones penales,493
2020,CANARIAS,2. contra la libertad,9855
2020,CANARIAS,2.1.-malos tratos habituales en el ambito familiar,852
2020,CANARIAS,2.2.-otros contra la libertad,9003
2020,CANARIAS,3. libertad sexual,875
2020,CANARIAS,3.1.-agresion sexual,509
2020,CANARIAS,3.2.-agresion sexual con penetracion,169
2020,CANARIAS,3.3.-corrupcion de menores o incapacitados,42
2020,CANARIAS,3.4.-pornografia de menores,54
2020,CANARIAS,3.5.-otros contra la libertad sexual,101
2020,CANARIAS,4. relaciones familiares,654
2020,CANARIAS,5. patrimonio,53017
2020,CANARIAS,5.1.-hurtos,16683
2020,CANARIAS,5.2.-robos con fuerza en las cosas,7501
2020,CANARIAS,5.2.1.-robos con fuerza en las cosas en el interior de vehiculos,2682
2020,CANARIAS,5.2.2.-robos con fuerza en viviendas,2356
2020,CANARIAS,5.2.3.-robos con fuerza en establecimientos,1100
2020,CANARIAS,5.3.-robos con violencia o intimidacion,1180
2020,CANARIAS,5.3.1.-robos con violencia en via publica,622
2020,CANARIAS,5.3.2.-robos con violencia en viviendas,148
2020,CANARIAS,5.3.3.-robos con violencia en establecimientos,246
2020,CANARIAS,5.4.-sustraccion de vehiculos,1012
2020,CANARIAS,5.5.-estafas,17540
2020,CANARIAS,5.5.1.-estafas informaticas,12642
2020,CANARIAS,5.6.-danos,6729
2020,CANARIAS,5.7.-contra la propiedad intelectual/industrial,36
2020,CANARIAS,5.8.-blanqueo de capitales,8
2020,CANARIAS,5.9.-otros contra el patrimonio,2328
2020,CANARIAS,6. seguridad colectiva,2965
2020,CANARIAS,6.1.-trafico de drogas,573
2020,CANARIAS,6.2.-contra la seguridad vial,2316
2020,CANARIAS,6.3.-otros contra la seguridad colectiva,76
2020,CANARIAS,7. falsedades,1000
2020,CANARIAS,8. admon. publica,17
2020,CANARIAS,9. admon. justicia,1720
2020,CANARIAS,total infracciones penales,83635
2020,CANTABRIA,1. contra las personas,1748
2020,CANTABRIA,1.1.-homicidios dolosos/asesinatos,4
2020,CANTABRIA,1.1.1.-homicidios dolosos/asesinatos consumados,1
2020,CANTABRIA,1.2.-lesiones,1042
2020,CANTABRIA,1.3.-malos tratos ambito familiar,609
2020,CANTABRIA,1.4.-otros contra las personas,93
2020,CANTABRIA,10. orden publico,440
2020,CANTABRIA,11. legislacion especial,0
2020,CANTABRIA,12. otras infracciones penales,152
2020,CANTABRIA,2. contra la libertad,1450
2020,CANTABRIA,2.1.-malos tratos habituales en el ambito familiar,129
2020,CANTABRIA,2.2.-otros contra la libertad,1321
2020,CANTABRIA,3. libertad sexual,89
2020,CANTABRIA,3.1.-agresion sexual,48
2020,CANTABRIA,3.2.-agresion sexual con penetracion,16
2020,CANTABRIA,3.3.-corrupcion de menores o incapacitados,2
2020,CANTABRIA,3.4.-pornografia de menores,5
2020,CANTABRIA,3.5.-otros contra la libertad sexual,18
2020,CANTABRIA,4. relaciones familiares,40
2020,CANTABRIA,5. patrimonio,11558
2020,CANTABRIA,5.1.-hurtos,3236
2020,CANTABRIA,5.2.-robos con fuerza en las cosas,2225
2020,CANTABRIA,5.2.1.-robos con fuerza en las cosas en el interior de vehiculos,464
2020,CANTABRIA,5.2.2.-robos con fuerza en viviendas,858
2020,CANTABRIA,5.2.3.-robos con fuerza en establecimientos,499
2020,CANTABRIA,5.3.-robos con violencia o intimidacion,178
2020,CANTABRIA,5.3.1.-robos con violencia en via publica,82
2020,CANTABRIA,5.3.2.-robos con violencia en viviendas,20
2020,CANTABRIA,5.3.3.-robos con violencia en establecimientos,37
2020,CANTABRIA,5.4.-sustraccion de vehiculos,100
2020,CANTABRIA,5.5.-estafas,3271
2020,CANTABRIA,5.5.1.-estafas informaticas,2513
2020,CANTABRIA,5.6.-danos,2039
2020,CANTABRIA,5.7.-contra la propiedad intelectual/industrial,12
2020,CANTABRIA,5.8.-blanqueo de capitales,0
2020,CANTABRIA,5.9.-otros contra el patrimonio,497
2020,CANTABRIA,6. seguridad colectiva,676
2020,CANTABRIA,6.1.-trafico de drogas,96
2020,CANTABRIA,6.2.-contra la seguridad vial,563
2020,CANTABRIA,6.3.-otros contra la seguridad colectiva,17
2020,CANTABRIA,7. falsedades,150
2020,CANTABRIA,8. admon. publica,4
2020,CANTABRIA,9. admon. justicia,278
2020,CANTABRIA,total infracciones penales,16585
2020,CASTILLA - LA MANCHA,1. contra las personas,6376
2020,CASTILLA - LA MANCHA,1.1.-homicidios dolosos/asesinatos,52
2020,CASTILLA - LA MANCHA,1.1.1.-homicidios dolosos/asesinatos consumados,17
2020,CASTILLA - LA MANCHA,1.2.-lesiones,3268
2020,CASTILLA - LA MANCHA,1.3.-malos tratos ambito familiar,2906
2020,CASTILLA - LA MANCHA,1.4.-otros contra las personas,150
2020,CASTILLA - LA MANCHA,10. orden publico,1220
2020,CASTILLA - LA MANCHA,11. legislacion especial,4
2020,CASTILLA - LA MANCHA,12. otras infracciones penales,505
2020,CASTILLA - LA MANCHA,2. contra la libertad,4776
2020,CASTILLA - LA MANCHA,2.1.-malos tratos habituales en el ambito familiar,568
2020,CASTILLA - LA MANCHA,2.2.-otros contra la libertad,4208
2020,CASTILLA - LA MANCHA,3. libertad sexual,452
2020,CASTILLA - LA MANCHA,3.1.-agresion sexual,296
2020,CASTILLA - LA MANCHA,3.2.-agresion sexual con penetracion,67
2020,CASTILLA - LA MANCHA,3.3.-corrupcion de menores o incapacitados,18
2020,CASTILLA - LA MANCHA,3.4.-pornografia de menores,16
2020,CASTILLA - LA MANCHA,3.5.-otros contra la libertad sexual,55
2020,CASTILLA - LA MANCHA,4. relaciones familiares,327
2020,CASTILLA - LA MANCHA,5. patrimonio,42905
2020,CASTILLA - LA MANCHA,5.1.-hurtos,9588
2020,CASTILLA - LA MANCHA,5.2.-robos con fuerza en las cosas,9102
2020,CASTILLA - LA MANCHA,5.2.1.-robos con fuerza en las cosas en el interior de vehiculos,2248
2020,CASTILLA - LA MANCHA,5.2.2.-robos con fuerza en viviendas,3473
2020,CASTILLA - LA MANCHA,5.2.3.-robos con fuerza en establecimientos,1186
2020,CASTILLA - LA MANCHA,5.3.-robos con violencia o intimidacion,754
2020,CASTILLA - LA MANCHA,5.3.1.-robos con violencia en via publica,398
2020,CASTILLA - LA MANCHA,5.3.2.-robos con violencia en viviendas,95
2020,CASTILLA - LA MANCHA,5.3.3.-robos con violencia en establecimientos,172
2020,CASTILLA - LA MANCHA,5.4.-sustraccion de vehiculos,488
2020,CASTILLA - LA MANCHA,5.5.-estafas,13307
2020,CASTILLA - LA MANCHA,5.5.1.-estafas informaticas,8405
2020,CASTILLA - LA MANCHA,5.6.-danos,7228
2020,CASTILLA - LA MANCHA,5.7.-contra la propiedad intelectual/industrial,14
2020,CASTILLA - LA MANCHA,5.8.-blanqueo de capitales,13
2020,CASTILLA - LA MANCHA,5.9.-otros contra el patrimonio,2411
2020,CASTILLA - LA MANCHA,6. seguridad colectiva,2898
2020,CASTILLA - LA MANCHA,6.1.-trafico de drogas,552
2020,CASTILLA - LA MANCHA,6.2.-contra la seguridad vial,2255
2020,CASTILLA - LA MANCHA,6.3.-otros contra la seguridad colectiva,91
2020,CASTILLA - LA MANCHA,7. falsedades,1251
2020,CASTILLA - LA MANCHA,8. admon. publica,13
2020,CASTILLA - LA MANCHA,9. admon. justicia,1181
2020,CASTILLA - LA MANCHA,total infracciones penales,61908
2020,CASTILLA Y LEON,1. contra las personas,6231
2020,CASTILLA Y LEON,1.1.-homicidios dolosos/asesinatos,44
2020,CASTILLA Y LEON,1.1.1.-homicidios dolosos/asesinatos consumados,16
2020,CASTILLA Y LEON,1.2.-lesiones,3471
2020,CASTILLA Y LEON,1.3.-malos tratos ambito familiar,2513
2020,CASTILLA Y LEON,1.4.-otros contra las personas,203
2020,CASTILLA Y LEON,10. orden publico,1078
2020,CASTILLA Y LEON,11. legislacion especial,2
2020,CASTILLA Y LEON,12. otras infracciones penales,580
2020,CASTILLA Y LEON,2. contra la libertad,5340
2020,CASTILLA Y LEON,2.1.-malos tratos habituales en el ambito familiar,523
2020,CASTILLA Y LEON,2.2.-otros contra la libertad,4817
2020,CASTILLA Y LEON,3. libertad sexual,415
2020,CASTILLA Y LEON,3.1.-agresion sexual,226
2020,CASTILLA Y LEON,3.2.-agresion sexual con penetracion,70
2020,CASTILLA Y LEON,3.3.-corrupcion de menores o incapacitados,12
2020,CASTILLA Y LEON,3.4.-pornografia de menores,27
2020,CASTILLA Y LEON,3.5.-otros contra la libertad sexual,80
2020,CASTILLA Y LEON,4. relaciones familiares,138
2020,CASTILLA Y LEON,5. patrimonio,46705
2020,CASTILLA Y LEON,5.1.-hurtos,11414
2020,CASTILLA Y LEON,5.2.-robos con fuerza en las cosas,6517
2020,CASTILLA Y LEON,5.2.1.-robos con fuerza en las cosas en el interior de vehiculos,1526
2020,CASTILLA Y LEON,5.2.2.-robos con fuerza en viviendas,2117
2020,CASTILLA Y LEON,5.2.3.-robos con fuerza en establecimientos,1179
2020,CASTILLA Y LEON,5.3.-robos con violencia o intimidacion,542
2020,CASTILLA Y LEON,5.3.1.-robos con violencia en via publica,307
2020,CASTILLA Y LEON,5.3.2.-robos con violencia en viviendas,55
2020,CASTILLA Y LEON,5.3.3.-robos con violencia en establecimientos,110
2020,CASTILLA Y LEON,5.4.-sustraccion de vehiculos,400
2020,CASTILLA Y LEON,5.5.-estafas,17531
2020,CASTILLA Y LEON,5.5.1.-estafas informaticas,13841
2020,CASTILLA Y LEON,5.6.-danos,8662
2020,CASTILLA Y LEON,5.7.-contra la propiedad intelectual/industrial,40
2020,CASTILLA Y LEON,5.8.-blanqueo de capitales,6
2020,CASTILLA Y LEON,5.9.-otros contra el patrimonio,1593
2020,CASTILLA Y LEON,6. seguridad colectiva,2416
2020,CASTILLA Y LEON,6.1.-trafico de drogas,502
2020,CASTILLA Y LEON,6.2.-contra la seguridad vial,1814
2020,CASTILLA Y LEON,6.3.-otros contra la seguridad colectiva,100
2020,CASTILLA Y LEON,7. falsedades,1029
2020,CASTILLA Y LEON,8. admon. publica,13
2020,CASTILLA Y LEON,9. admon. justicia,1078
2020,CASTILLA Y LEON,total infracciones penales,65025
2020,CATALUNA,1. contra las personas,16105
2020,CATALUNA,1.1.-homicidios dolosos/asesinatos,198
2020,CATALUNA,1.1.1.-homicidios dolosos/asesinatos consumados,48
2020,CATALUNA,1.2.-lesiones,9617
2020,CATALUNA,1.3.-malos tratos ambito familiar,5938
2020,CATALUNA,1.4.-otros contra las personas,352
2020,CATALUNA,10. orden publico,2962
2020,CATALUNA,11. legislacion especial,10
2020,CATALUNA,12. otras infracciones penales,614
2020,CATALUNA,2. contra la libertad,15736
2020,CATALUNA,2.1.-malos tratos habituales en el ambito familiar,1315
2020,CATALUNA,2.2.-otros contra la libertad,14421
2020,CATALUNA,3. libertad sexual,2306
2020,CATALUNA,3.1.-agresion sexual,1149
2020,CATALUNA,3.2.-agresion sexual con penetracion,695
2020,CATALUNA,3.3.-corrupcion de menores o incapacitados,4
2020,CATALUNA,3.4.-pornografia de menores,172
2020,CATALUNA,3.5.-otros contra la libertad sexual,286
2020,CATALUNA,4. relaciones familiares,953
2020,CATALUNA,5. patrimonio,300574
2020,CATALUNA,5.1.-hurtos,110685
2020,CATALUNA,5.2.-robos con fuerza en las cosas,55190
2020,CATALUNA,5.2.1.-robos con fuerza en las cosas en el interior de vehiculos,148
2020,CATALUNA,5.2.2.-robos con fuerza en viviendas,17116
2020,CATALUNA,5.2.3.-robos con fuerza en establecimientos,6744
2020,CATALUNA,5.3.-robos con violencia o intimidacion,17082
2020,CATALUNA,5.3.1.-robos con violencia en via publica,12297
2020,CATALUNA,5.3.2.-robos con violencia en viviendas,861
2020,CATALUNA,5.3.3.-robos con violencia en establecimientos,1682
2020,CATALUNA,5.4.-sustraccion de vehiculos,6130
2020,CATALUNA,5.5.-estafas,64214
2020,CATALUNA,5.5.1.-estafas informaticas,46982
2020,CATALUNA,5.6.-danos,35469
2020,CATALUNA,5.7.-contra la propiedad intelectual/industrial,178
2020,CATALUNA,5.8.-blanqueo de capitales,31
2020,CATALUNA,5.9.-otros contra el patrimonio,11595
2020,CATALUNA,6. seguridad colectiva,7799
2020,CATALUNA,6.1.-trafico de drogas,2946
2020,CATALUNA,6.2.-contra la seguridad vial,4693
2020,CATALUNA,6.3.-otros contra la seguridad colectiva,160
2020,CATALUNA,7. falsedades,2787
2020,CATALUNA,8. admon. publica,34
2020,CATALUNA,9. admon. justicia,3172
2020,CATALUNA,total infracciones penales,353052
2020,CIUDAD AUTONOMA DE CEUTA,1. contra las personas,633
2020,CIUDAD AUTONOMA DE CEUTA,1.1.-homicidios dolosos/asesinatos,7
2020,CIUDAD AUTONOMA DE CEUTA,1.1.1.-homicidios dolosos/asesinatos consumados,2
2020,CIUDAD AUTONOMA DE CEUTA,1.2.-lesiones,398
2020,CIUDAD AUTONOMA DE CEUTA,1.3.-malos tratos ambito familiar,224
2020,CIUDAD AUTONOMA DE CEUTA,1.4.-otros contra las personas,4
2020,CIUDAD AUTONOMA DE CEUTA,10. orden publico,174
2020,CIUDAD AUTONOMA DE CEUTA,11. legislacion especial,4
2020,CIUDAD AUTONOMA DE CEUTA,12. otras infracciones penales,67
2020,CIUDAD AUTONOMA DE CEUTA,2. contra la libertad,338
2020,CIUDAD AUTONOMA DE CEUTA,2.1.-malos tratos habituales en el ambito familiar,5
2020,CIUDAD AUTONOMA DE CEUTA,2.2.-otros contra la libertad,333
2020,CIUDAD AUTONOMA DE CEUTA,3. libertad sexual,37
2020,CIUDAD AUTONOMA DE CEUTA,3.1.-agresion sexual,22
2020,CIUDAD AUTONOMA DE CEUTA,3.2.-agresion sexual con penetracion,3
2020,CIUDAD AUTONOMA DE CEUTA,3.3.-corrupcion de menores o incapacitados,1
2020,CIUDAD AUTONOMA DE CEUTA,3.4.-pornografia de menores,1
2020,CIUDAD AUTONOMA DE CEUTA,3.5.-otros contra la libertad sexual,10
2020,CIUDAD AUTONOMA DE CEUTA,4. relaciones familiares,16
2020,CIUDAD AUTONOMA DE CEUTA,5. patrimonio,1714
2020,CIUDAD AUTONOMA DE CEUTA,5.1.-hurtos,471
2020,CIUDAD AUTONOMA DE CEUTA,5.2.-robos con fuerza en las cosas,198
2020,CIUDAD AUTONOMA DE CEUTA,5.2.1.-robos con fuerza en las cosas en el interior de vehiculos,90
2020,CIUDAD AUTONOMA DE CEUTA,5.2.2.-robos con fuerza en viviendas,37
2020,CIUDAD AUTONOMA DE CEUTA,5.2.3.-robos con fuerza en establecimientos,30
2020,CIUDAD AUTONOMA DE CEUTA,5.3.-robos con violencia o intimidacion,128
2020,CIUDAD AUTONOMA DE CEUTA,5.3.1.-robos con violencia en via publica,97
2020,CIUDAD AUTONOMA DE CEUTA,5.3.2.-robos con violencia en viviendas,6
2020,CIUDAD AUTONOMA DE CEUTA,5.3.3.-robos con violencia en establecimientos,8
2020,CIUDAD AUTONOMA DE CEUTA,5.4.-sustraccion de vehiculos,84
2020,CIUDAD AUTONOMA DE CEUTA,5.5.-estafas,432
2020,CIUDAD AUTONOMA DE CEUTA,5.5.1.-estafas informaticas,359
2020,CIUDAD AUTONOMA DE CEUTA,5.6.-danos,350
2020,CIUDAD AUTONOMA DE CEUTA,5.7.-contra la propiedad intelectual/industrial,1
2020,CIUDAD AUTONOMA DE CEUTA,5.8.-blanqueo de capitales,0
2020,CIUDAD AUTONOMA DE CEUTA,5.9.-otros contra el patrimonio,50
2020,CIUDAD AUTONOMA DE CEUTA,6. seguridad colectiva,356
2020,CIUDAD AUTONOMA DE CEUTA,6.1.-trafico de drogas,220
2020,CIUDAD AUTONOMA DE CEUTA,6.2.-contra la seguridad vial,133
2020,CIUDAD AUTONOMA DE CEUTA,6.3.-otros contra la seguridad colectiva,3
2020,CIUDAD AUTONOMA DE CEUTA,7. falsedades,192
2020,CIUDAD AUTONOMA DE CEUTA,8. admon. publica,1
2020,CIUDAD AUTONOMA DE CEUTA,9. admon. justicia,116
2020,CIUDAD AUTONOMA DE CEUTA,total infracciones penales,3648
2020,CIUDAD AUTONOMA DE MELILLA,1. contra las personas,870
2020,CIUDAD AUTONOMA DE MELILLA,1.1.-homicidios dolosos/asesinatos,2
2020,CIUDAD AUTONOMA DE MELILLA,1.1.1.-homicidios dolosos/asesinatos consumados,0
2020,CIUDAD AUTONOMA DE MELILLA,1.2.-lesiones,522
2020,CIUDAD AUTONOMA DE MELILLA,1.3.-malos tratos ambito familiar,322
2020,CIUDAD AUTONOMA DE MELILLA,1.4.-otros contra las personas,24
2020,CIUDAD AUTONOMA DE MELILLA,10. orden publico,174
2020,CIUDAD AUTONOMA DE MELILLA,11. legislacion especial,0
2020,CIUDAD AUTONOMA DE MELILLA,12. otras infracciones penales,48
2020,CIUDAD AUTONOMA DE MELILLA,2. contra la libertad,381
2020,CIUDAD AUTONOMA DE MELILLA,2.1.-malos tratos habituales en el ambito familiar,6
2020,CIUDAD AUTONOMA DE MELILLA,2.2.-otros contra la libertad,375
2020,CIUDAD AUTONOMA DE MELILLA,3. libertad sexual,34
2020,CIUDAD AUTONOMA DE MELILLA,3.1.-agresion sexual,19
2020,CIUDAD AUTONOMA DE MELILLA,3.2.-agresion sexual con penetracion,7
2020,CIUDAD AUTONOMA DE MELILLA,3.3.-corrupcion de menores o incapacitados,1
2020,CIUDAD AUTONOMA DE MELILLA,3.4.-pornografia de menores,0
2020,CIUDAD AUTONOMA DE MELILLA,3.5.-otros contra la libertad sexual,7
2020,CIUDAD AUTONOMA DE MELILLA,4. relaciones familiares,24
2020,CIUDAD AUTONOMA DE MELILLA,5. patrimonio,2319
2020,CIUDAD AUTONOMA DE MELILLA,5.1.-hurtos,778
2020,CIUDAD AUTONOMA DE MELILLA,5.2.-robos con fuerza en las cosas,364
2020,CIUDAD AUTONOMA DE MELILLA,5.2.1.-robos con fuerza en las cosas en el interior de vehiculos,246
2020,CIUDAD AUTONOMA DE MELILLA,5.2.2.-robos con fuerza en viviendas,44
2020,CIUDAD AUTONOMA DE MELILLA,5.2.3.-robos con fuerza en establecimientos,22
2020,CIUDAD AUTONOMA DE MELILLA,5.3.-robos con violencia o intimidacion,300
2020,CIUDAD AUTONOMA DE MELILLA,5.3.1.-robos con violencia en via publica,220
2020,CIUDAD AUTONOMA DE MELILLA,5.3.2.-robos con violencia en viviendas,2
2020,CIUDAD AUTONOMA DE MELILLA,5.3.3.-robos con violencia en establecimientos,16
2020,CIUDAD AUTONOMA DE MELILLA,5.4.-sustraccion de vehiculos,42
2020,CIUDAD AUTONOMA DE MELILLA,5.5.-estafas,442
2020,CIUDAD AUTONOMA DE MELILLA,5.5.1.-estafas informaticas,351
2020,CIUDAD AUTONOMA DE MELILLA,5.6.-danos,323
2020,CIUDAD AUTONOMA DE MELILLA,5.7.-contra la propiedad intelectual/industrial,1
2020,CIUDAD AUTONOMA DE MELILLA,5.8.-blanqueo de capitales,0
2020,CIUDAD AUTONOMA DE MELILLA,5.9.-otros contra el patrimonio,69
2020,CIUDAD AUTONOMA DE MELILLA,6. seguridad colectiva,419
2020,CIUDAD AUTONOMA DE MELILLA,6.1.-trafico de drogas,232
2020,CIUDAD AUTONOMA DE MELILLA,6.2.-contra la seguridad vial,180
2020,CIUDAD AUTONOMA DE MELILLA,6.3.-otros contra la seguridad colectiva,7
2020,CIUDAD AUTONOMA DE MELILLA,7. falsedades,99
2020,CIUDAD AUTONOMA DE MELILLA,8. admon. publica,1
2020,CIUDAD AUTONOMA DE MELILLA,9. admon. justicia,101
2020,CIUDAD AUTONOMA DE MELILLA,total infracciones penales,4470
2020,COMUNITAT VALENCIANA,1. contra las personas,20231
2020,COMUNITAT VALENCIANA,1.1.-homicidios dolosos/asesinatos,126
2020,COMUNITAT VALENCIANA,1.1.1.-homicidios dolosos/asesinatos consumados,37
2020,COMUNITAT VALENCIANA,1.2.-lesiones,9208
2020,COMUNITAT VALENCIANA,1.3.-malos tratos ambito familiar,10608
2020,COMUNITAT VALENCIANA,1.4.-otros contra las personas,289
2020,COMUNITAT VALENCIANA,10. orden publico,4137
2020,COMUNITAT VALENCIANA,11. legislacion especial,28
2020,COMUNITAT VALENCIANA,12. otras infracciones penales,1151
2020,COMUNITAT VALENCIANA,2. contra la libertad,13334
2020,COMUNITAT VALENCIANA,2.1.-malos tratos habituales en el ambito familiar,1631
2020,COMUNITAT VALENCIANA,2.2.-otros contra la libertad,11703
2020,COMUNITAT VALENCIANA,3. libertad sexual,1518
2020,COMUNITAT VALENCIANA,3.1.-agresion sexual,904
2020,COMUNITAT VALENCIANA,3.2.-agresion sexual con penetracion,279
2020,COMUNITAT VALENCIANA,3.3.-corrupcion de menores o incapacitados,43
2020,COMUNITAT VALENCIANA,3.4.-pornografia de menores,62
2020,COMUNITAT VALENCIANA,3.5.-otros contra la libertad sexual,230
2020,COMUNITAT VALENCIANA,4. relaciones familiares,793
2020,COMUNITAT VALENCIANA,5. patrimonio,137438
2020,COMUNITAT VALENCIANA,5.1.-hurtos,43801
2020,COMUNITAT VALENCIANA,5.2.-robos con fuerza en las cosas,26465
2020,COMUNITAT VALENCIANA,5.2.1.-robos con fuerza en las cosas en el interior de vehiculos,8189
2020,COMUNITAT VALENCIANA,5.2.2.-robos con fuerza en viviendas,11681
2020,COMUNITAT VALENCIANA,5.2.3.-robos con fuerza en establecimientos,3276
2020,COMUNITAT VALENCIANA,5.3.-robos con violencia o intimidacion,3772
2020,COMUNITAT VALENCIANA,5.3.1.-robos con violencia en via publica,2189
2020,COMUNITAT VALENCIANA,5.3.2.-robos con violencia en viviendas,397
2020,COMUNITAT VALENCIANA,5.3.3.-robos con violencia en establecimientos,628
2020,COMUNITAT VALENCIANA,5.4.-sustraccion de vehiculos,2377
2020,COMUNITAT VALENCIANA,5.5.-estafas,32774
2020,COMUNITAT VALENCIANA,5.5.1.-estafas informaticas,21917
2020,COMUNITAT VALENCIANA,5.6.-danos,22310
2020,COMUNITAT VALENCIANA,5.7.-contra la propiedad intelectual/industrial,146
2020,COMUNITAT VALENCIANA,5.8.-blanqueo de capitales,63
2020,COMUNITAT VALENCIANA,5.9.-otros contra el patrimonio,5730
2020,COMUNITAT VALENCIANA,6. seguridad colectiva,6714
2020,COMUNITAT VALENCIANA,6.1.-trafico de drogas,1863
2020,COMUNITAT VALENCIANA,6.2.-contra la seguridad vial,4618
2020,COMUNITAT VALENCIANA,6.3.-otros contra la seguridad colectiva,233
2020,COMUNITAT VALENCIANA,7. falsedades,3109
2020,COMUNITAT VALENCIANA,8. admon. publica,48
2020,COMUNITAT VALENCIANA,9. admon. justicia,4721
2020,COMUNITAT VALENCIANA,total infracciones penales,193222
2020,EXTREMADURA,1. contra las personas,2740
2020,EXTREMADURA,1.1.-homicidios dolosos/asesinatos,21
2020,EXTREMADURA,1.1.1.-homicidios dolosos/asesinatos consumados,9
2020,EXTREMADURA,1.2.-lesiones,1579
2020,EXTREMADURA,1.3.-malos tratos ambito familiar,1084
2020,EXTREMADURA,1.4.-otros contra las personas,56
2020,EXTREMADURA,10. orden publico,488
2020,EXTREMADURA,11. legislacion especial,7
2020,EXTREMADURA,12. otras infracciones penales,313
2020,EXTREMADURA,2. contra la libertad,2382
2020,EXTREMADURA,2.1.-malos tratos habituales en el ambito familiar,261
2020,EXTREMADURA,2.2.-otros contra la libertad,2121
2020,EXTREMADURA,3. libertad sexual,184
2020,EXTREMADURA,3.1.-agresion sexual,112
2020,EXTREMADURA,3.2.-agresion sexual con penetracion,24
2020,EXTREMADURA,3.3.-corrupcion de menores o incapacitados,8
2020,EXTREMADURA,3.4.-pornografia de menores,5
2020,EXTREMADURA,3.5.-otros contra la libertad sexual,35
2020,EXTREMADURA,4. relaciones familiares,204
2020,EXTREMADURA,5. patrimonio,16499
2020,EXTREMADURA,5.1.-hurtos,4228
2020,EXTREMADURA,5.2.-robos con fuerza en las cosas,2876
2020,EXTREMADURA,5.2.1.-robos con fuerza en las cosas en el interior de vehiculos,481
2020,EXTREMADURA,5.2.2.-robos con fuerza en viviendas,990
2020,EXTREMADURA,5.2.3.-robos con fuerza en establecimientos,559
2020,EXTREMADURA,5.3.-robos con violencia o intimidacion,211
2020,EXTREMADURA,5.3.1.-robos con violencia en via publica,102
2020,EXTREMADURA,5.3.2.-robos con violencia en viviendas,29
2020,EXTREMADURA,5.3.3.-robos con violencia en establecimientos,58
2020,EXTREMADURA,5.4.-sustraccion de vehiculos,151
2020,EXTREMADURA,5.5.-estafas,5381
2020,EXTREMADURA,5.5.1.-estafas informaticas,3917
2020,EXTREMADURA,5.6.-danos,2967
2020,EXTREMADURA,5.7.-contra la propiedad intelectual/industrial,25
2020,EXTREMADURA,5.8.-blanqueo de capitales,5
2020,EXTREMADURA,5.9.-otros contra el patrimonio,655
2020,EXTREMADURA,6. seguridad colectiva,1036
2020,EXTREMADURA,6.1.-trafico de drogas,301
2020,EXTREMADURA,6.2.-contra la seguridad vial,690
2020,EXTREMADURA,6.3.-otros contra la seguridad colectiva,45
2020,EXTREMADURA,7. falsedades,524
2020,EXTREMADURA,8. admon. publica,2
2020,EXTREMADURA,9. admon. justicia,662
2020,EXTREMADURA,total infracciones penales,25041
2020,GALICIA,1. contra las personas,7268
2020,GALICIA,1.1.-homicidios dolosos/asesinatos,44
2020,GALICIA,1.1.1.-homicidios dolosos/asesinatos consumados,11
2020,GALICIA,1.2.-lesiones,4044
2020,GALICIA,1.3.-malos tratos ambito familiar,3022
2020,GALICIA,1.4.-otros contra las personas,158
2020,GALICIA,10. orden publico,1108
2020,GALICIA,11. legislacion especial,7
2020,GALICIA,12. otras infracciones penales,528
2020,GALICIA,2. contra la libertad,6035
2020,GALICIA,2.1.-malos tratos habituales en el ambito familiar,620
2020,GALICIA,2.2.-otros contra la libertad,5415
2020,GALICIA,3. libertad sexual,547
2020,GALICIA,3.1.-agresion sexual,309
2020,GALICIA,3.2.-agresion sexual con penetracion,108
2020,GALICIA,3.3.-corrupcion de menores o incapacitados,7
2020,GALICIA,3.4.-pornografia de menores,36
2020,GALICIA,3.5.-otros contra la libertad sexual,87
2020,GALICIA,4. relaciones familiares,177
2020,GALICIA,5. patrimonio,50924
2020,GALICIA,5.1.-hurtos,12348
2020,GALICIA,5.2.-robos con fuerza en las cosas,7538
2020,GALICIA,5.2.1.-robos con fuerza en las cosas en el interior de vehiculos,2288
2020,GALICIA,5.2.2.-robos con fuerza en viviendas,2403
2020,GALICIA,5.2.3.-robos con fuerza en establecimientos,1568
2020,GALICIA,5.3.-robos con violencia o intimidacion,767
2020,GALICIA,5.3.1.-robos con violencia en via publica,343
2020,GALICIA,5.3.2.-robos con violencia en viviendas,105
2020,GALICIA,5.3.3.-robos con violencia en establecimientos,224
2020,GALICIA,5.4.-sustraccion de vehiculos,437
2020,GALICIA,5.5.-estafas,19807
2020,GALICIA,5.5.1.-estafas informaticas,12696
2020,GALICIA,5.6.-danos,8188
2020,GALICIA,5.7.-contra la propiedad intelectual/industrial,31
2020,GALICIA,5.8.-blanqueo de capitales,17
2020,GALICIA,5.9.-otros contra el patrimonio,1791
2020,GALICIA,6. seguridad colectiva,4324
2020,GALICIA,6.1.-trafico de drogas,552
2020,GALICIA,6.2.-contra la seguridad vial,3609
2020,GALICIA,6.3.-otros contra la seguridad colectiva,163
2020,GALICIA,7. falsedades,1004
2020,GALICIA,8. admon. publica,19
2020,GALICIA,9. admon. justicia,1403
2020,GALICIA,total infracciones penales,73344
2020,MADRID (COMUNIDAD DE),1. contra las personas,25967
2020,MADRID (COMUNIDAD DE),1.1.-homicidios dolosos/asesinatos,136
2020,MADRID (COMUNIDAD DE),1.1.1.-homicidios dolosos/asesinatos consumados,38
2020,MADRID (COMUNIDAD DE),1.2.-lesiones,10596
2020,MADRID (COMUNIDAD DE),1.3.-malos tratos ambito familiar,14809
2020,MADRID (COMUNIDAD DE),1.4.-otros contra las personas,426
2020,MADRID (COMUNIDAD DE),10. orden publico,5673
2020,MADRID (COMUNIDAD DE),11. legislacion especial,9
2020,MADRID (COMUNIDAD DE),12. otras infracciones penales,871
2020,MADRID (COMUNIDAD DE),2. contra la libertad,15636
2020,MADRID (COMUNIDAD DE),2.1.-malos tratos habituales en el ambito familiar,1104
2020,MADRID (COMUNIDAD DE),2.2.-otros contra la libertad,14532
2020,MADRID (COMUNIDAD DE),3. libertad sexual,1976
2020,MADRID (COMUNIDAD DE),3.1.-agresion sexual,1084
2020,MADRID (COMUNIDAD DE),3.2.-agresion sexual con penetracion,473
2020,MADRID (COMUNIDAD DE),3.3.-corrupcion de menores o incapacitados,46
2020,MADRID (COMUNIDAD DE),3.4.-pornografia de menores,95
2020,MADRID (COMUNIDAD DE),3.5.-otros contra la libertad sexual,278
2020,MADRID (COMUNIDAD DE),4. relaciones familiares,754
2020,MADRID (COMUNIDAD DE),5. patrimonio,243275
2020,MADRID (COMUNIDAD DE),5.1.-hurtos,92213
2020,MADRID (COMUNIDAD DE),5.2.-robos con fuerza en las cosas,31715
2020,MADRID (COMUNIDAD DE),5.2.1.-robos con fuerza en las cosas en el interior de vehiculos,15947
2020,MADRID (COMUNIDAD DE),5.2.2.-robos con fuerza en viviendas,7052
2020,MADRID (COMUNIDAD DE),5.2.3.-robos con fuerza en establecimientos,4972
2020,MADRID (COMUNIDAD DE),5.3.-robos con violencia o intimidacion,10688
2020,MADRID (COMUNIDAD DE),5.3.1.-robos con violencia en via publica,7362
2020,MADRID (COMUNIDAD DE),5.3.2.-robos con violencia en viviendas,633
2020,MADRID (COMUNIDAD DE),5.3.3.-robos con violencia en establecimientos,1304
2020,MADRID (COMUNIDAD DE),5.4.-sustraccion de vehiculos,6235
2020,MADRID (COMUNIDAD DE),5.5.-estafas,64133
2020,MADRID (COMUNIDAD DE),5.5.1.-estafas informaticas,44139
2020,MADRID (COMUNIDAD DE),5.6.-danos,31429
2020,MADRID (COMUNIDAD DE),5.7.-contra la propiedad intelectual/industrial,76
2020,MADRID (COMUNIDAD DE),5.8.-blanqueo de capitales,42
2020,MADRID (COMUNIDAD DE),5.9.-otros contra el patrimonio,6744
2020,MADRID (COMUNIDAD DE),6. seguridad colectiva,6933
2020,MADRID (COMUNIDAD DE),6.1.-trafico de drogas,2470
2020,MADRID (COMUNIDAD DE),6.2.-contra la seguridad vial,4270
2020,MADRID (COMUNIDAD DE),6.3.-otros contra la seguridad colectiva,193
2020,MADRID (COMUNIDAD DE),7. falsedades,4584
2020,MADRID (COMUNIDAD DE),8. admon. publica,35
2020,MADRID (COMUNIDAD DE),9. admon. justicia,4481
2020,MADRID (COMUNIDAD DE),total infracciones penales,310194
2020,MURCIA (REGION DE),1. contra las personas,5597
2020,MURCIA (REGION DE),1.1.-homicidios dolosos/asesinatos,51
2020,MURCIA (REGION DE),1.1.1.-homicidios dolosos/asesinatos consumados,10
2020,MURCIA (REGION DE),1.2.-lesiones,2966
2020,MURCIA (REGION DE),1.3.-malos tratos ambito familiar,2504
2020,MURCIA (REGION DE),1.4.-otros contra las personas,76
2020,MURCIA (REGION DE),10. orden publico,900
2020,MURCIA (REGION DE),11. legislacion especial,14
2020,MURCIA (REGION DE),12. otras infracciones penales,440
2020,MURCIA (REGION DE),2. contra la libertad,4019
2020,MURCIA (REGION DE),2.1.-malos tratos habituales en el ambito familiar,378
2020,MURCIA (REGION DE),2.2.-otros contra la libertad,3641
2020,MURCIA (REGION DE),3. libertad sexual,505
2020,MURCIA (REGION DE),3.1.-agresion sexual,296
2020,MURCIA (REGION DE),3.2.-agresion sexual con penetracion,94
2020,MURCIA (REGION DE),3.3.-corrupcion de menores o incapacitados,14
2020,MURCIA (REGION DE),3.4.-pornografia de menores,32
2020,MURCIA (REGION DE),3.5.-otros contra la libertad sexual,69
2020,MURCIA (REGION DE),4. relaciones familiares,534
2020,MURCIA (REGION DE),5. patrimonio,35539
2020,MURCIA (REGION DE),5.1.-hurtos,9925
2020,MURCIA (REGION DE),5.2.-robos con fuerza en las cosas,8287
2020,MURCIA (REGION DE),5.2.1.-robos con fuerza en las cosas en el interior de vehiculos,2352
2020,MURCIA (REGION DE),5.2.2.-robos con fuerza en viviendas,3796
2020,MURCIA (REGION DE),5.2.3.-robos con fuerza en establecimientos,859
2020,MURCIA (REGION DE),5.3.-robos con violencia o intimidacion,1207
2020,MURCIA (REGION DE),5.3.1.-robos con violencia en via publica,742
2020,MURCIA (REGION DE),5.3.2.-robos con violencia en viviendas,123
2020,MURCIA (REGION DE),5.3.3.-robos con violencia en establecimientos,176
2020,MURCIA (REGION DE),5.4.-sustraccion de vehiculos,726
2020,MURCIA (REGION DE),5.5.-estafas,8822
2020,MURCIA (REGION DE),5.5.1.-estafas informaticas,5887
2020,MURCIA (REGION DE),5.6.-danos,4733
2020,MURCIA (REGION DE),5.7.-contra la propiedad intelectual/industrial,50
2020,MURCIA (REGION DE),5.8.-blanqueo de capitales,13
2020,MURCIA (REGION DE),5.9.-otros contra el patrimonio,1776
2020,MURCIA (REGION DE),6. seguridad colectiva,1308
2020,MURCIA (REGION DE),6.1.-trafico de drogas,389
2020,MURCIA (REGION DE),6.2.-contra la seguridad vial,865
2020,MURCIA (REGION DE),6.3.-otros contra la seguridad colectiva,54
2020,MURCIA (REGION DE),7. falsedades,929
2020,MURCIA (REGION DE),8. admon. publica,25
2020,MURCIA (REGION DE),9. admon. justicia,1159
2020,MURCIA (REGION DE),total infracciones penales,50969
2020,NAVARRA (COMUNIDAD FORAL DE),1. contra las personas,2109
2020,NAVARRA (COMUNIDAD FORAL DE),1.1.-homicidios dolosos/asesinatos,23
2020,NAVARRA (COMUNIDAD FORAL DE),1.1.1.-homicidios dolosos/asesinatos consumados,1
2020,NAVARRA (COMUNIDAD FORAL DE),1.2.-lesiones,1108
2020,NAVARRA (COMUNIDAD FORAL DE),1.3.-malos tratos ambito familiar,933
2020,NAVARRA (COMUNIDAD FORAL DE),1.4.-otros contra las personas,45
2020,NAVARRA (COMUNIDAD FORAL DE),10. orden publico,428
2020,NAVARRA (COMUNIDAD FORAL DE),11. legislacion especial,0
2020,NAVARRA (COMUNIDAD FORAL DE),12. otras infracciones penales,147
2020,NAVARRA (COMUNIDAD FORAL DE),2. contra la libertad,1712
2020,NAVARRA (COMUNIDAD FORAL DE),2.1.-malos tratos habituales en el ambito familiar,143
2020,NAVARRA (COMUNIDAD FORAL DE),2.2.-otros contra la libertad,1569
2020,NAVARRA (COMUNIDAD FORAL DE),3. libertad sexual,241
2020,NAVARRA (COMUNIDAD FORAL DE),3.1.-agresion sexual,129
2020,NAVARRA (COMUNIDAD FORAL DE),3.2.-agresion sexual con penetracion,36
2020,NAVARRA (COMUNIDAD FORAL DE),3.3.-corrupcion de menores o incapacitados,15
2020,NAVARRA (COMUNIDAD FORAL DE),3.4.-pornografia de menores,13
2020,NAVARRA (COMUNIDAD FORAL DE),3.5.-otros contra la libertad sexual,48
2020,NAVARRA (COMUNIDAD FORAL DE),4. relaciones familiares,96
2020,NAVARRA (COMUNIDAD FORAL DE),5. patrimonio,16861
2020,NAVARRA (COMUNIDAD FORAL DE),5.1.-hurtos,4469
2020,NAVARRA (COMUNIDAD FORAL DE),5.2.-robos con fuerza en las cosas,2202
2020,NAVARRA (COMUNIDAD FORAL DE),5.2.1.-robos con fuerza en las cosas en el interior de vehiculos,635
2020,NAVARRA (COMUNIDAD FORAL DE),5.2.2.-robos con fuerza en viviendas,666
2020,NAVARRA (COMUNIDAD FORAL DE),5.2.3.-robos con fuerza en establecimientos,388
2020,NAVARRA (COMUNIDAD FORAL DE),5.3.-robos con violencia o intimidacion,226
2020,NAVARRA (COMUNIDAD FORAL DE),5.3.1.-robos con violencia en via publica,151
2020,NAVARRA (COMUNIDAD FORAL DE),5.3.2.-robos con violencia en viviendas,17
2020,NAVARRA (COMUNIDAD FORAL DE),5.3.3.-robos con violencia en establecimientos,32
2020,NAVARRA (COMUNIDAD FORAL DE),5.4.-sustraccion de vehiculos,131
2020,NAVARRA (COMUNIDAD FORAL DE),5.5.-estafas,6393
2020,NAVARRA (COMUNIDAD FORAL DE),5.5.1.-estafas informaticas,3903
2020,NAVARRA (COMUNIDAD FORAL DE),5.6.-danos,2841
2020,NAVARRA (COMUNIDAD FORAL DE),5.7.-contra la propiedad intelectual/industrial,9
2020,NAVARRA (COMUNIDAD FORAL DE),5.8.-blanqueo de capitales,6
2020,NAVARRA (COMUNIDAD FORAL DE),5.9.-otros contra el patrimonio,584
2020,NAVARRA (COMUNIDAD FORAL DE),6. seguridad colectiva,1162
2020,NAVARRA (COMUNIDAD FORAL DE),6.1.-trafico de drogas,146
2020,NAVARRA (COMUNIDAD FORAL DE),6.2.-contra la seguridad vial,976
2020,NAVARRA (COMUNIDAD FORAL DE),6.3.-otros contra la seguridad colectiva,40
2020,NAVARRA (COMUNIDAD FORAL DE),7. falsedades,435
2020,NAVARRA (COMUNIDAD FORAL DE),8. admon. publica,18
2020,NAVARRA (COMUNIDAD FORAL DE),9. admon. justicia,387
2020,NAVARRA (COMUNIDAD FORAL DE),total infracciones penales,23596
2020,PAIS VASCO,1. contra las personas,5730
2020,PAIS VASCO,1.1.-homicidios dolosos/asesinatos,42
2020,PAIS VASCO,1.1.1.-homicidios dolosos/asesinatos consumados,13
2020,PAIS VASCO,1.2.-lesiones,3609
2020,PAIS VASCO,1.3.-malos tratos ambito familiar,1661
2020,PAIS VASCO,1.4.-otros contra las personas,418
2020,PAIS VASCO,10. orden publico,1680
2020,PAIS VASCO,11. legislacion especial,6
2020,PAIS VASCO,12. otras infracciones penales,544
2020,PAIS VASCO,2. contra la libertad,7630
2020,PAIS VASCO,2.1.-malos tratos habituales en el ambito familiar,2716
2020,PAIS VASCO,2.2.-otros contra la libertad,4914
2020,PAIS VASCO,3. libertad sexual,602
2020,PAIS VASCO,3.1.-agresion sexual,293
2020,PAIS VASCO,3.2.-agresion sexual con penetracion,158
2020,PAIS VASCO,3.3.-corrupcion de menores o incapacitados,14
2020,PAIS VASCO,3.4.-pornografia de menores,41
2020,PAIS VASCO,3.5.-otros contra la libertad sexual,96
2020,PAIS VASCO,4. relaciones familiares,136
2020,PAIS VASCO,5. patrimonio,55878
2020,PAIS VASCO,5.1.-hurtos,17916
2020,PAIS VASCO,5.2.-robos con fuerza en las cosas,9408
2020,PAIS VASCO,5.2.1.-robos con fuerza en las cosas en el interior de vehiculos,30
2020,PAIS VASCO,5.2.2.-robos con fuerza en viviendas,3651
2020,PAIS VASCO,5.2.3.-robos con fuerza en establecimientos,1503
2020,PAIS VASCO,5.3.-robos con violencia o intimidacion,1053
2020,PAIS VASCO,5.3.1.-robos con violencia en via publica,725
2020,PAIS VASCO,5.3.2.-robos con violencia en viviendas,93
2020,PAIS VASCO,5.3.3.-robos con violencia en establecimientos,138
2020,PAIS VASCO,5.4.-sustraccion de vehiculos,632
2020,PAIS VASCO,5.5.-estafas,18882
2020,PAIS VASCO,5.5.1.-estafas informaticas,16591
2020,PAIS VASCO,5.6.-danos,6414
2020,PAIS VASCO,5.7.-contra la propiedad intelectual/industrial,10
2020,PAIS VASCO,5.8.-blanqueo de capitales,9
2020,PAIS VASCO,5.9.-otros contra el patrimonio,1554
2020,PAIS VASCO,6. seguridad colectiva,2464
2020,PAIS VASCO,6.1.-trafico de drogas,566
2020,PAIS VASCO,6.2.-contra la seguridad vial,1788
2020,PAIS VASCO,6.3.-otros contra la seguridad colectiva,110
2020,PAIS VASCO,7. falsedades,1087
2020,PAIS VASCO,8. admon. publica,18
2020,PAIS VASCO,9. admon. justicia,1401
2020,PAIS VASCO,total infracciones penales,77176
2020,RIOJA (LA),1. contra las personas,942
2020,RIOJA (LA),1.1.-homicidios dolosos/asesinatos,8
2020,RIOJA (LA),1.1.1.-homicidios dolosos/asesinatos consumados,5
2020,RIOJA (LA),1.2.-lesiones,500
2020,RIOJA (LA),1.3.-malos tratos ambito familiar,413
2020,RIOJA (LA),1.4.-otros contra las personas,21
2020,RIOJA (LA),10. orden publico,208
2020,RIOJA (LA),11. legislacion especial,0
2020,RIOJA (LA),12. otras infracciones penales,44
2020,RIOJA (LA),2. contra la libertad,555
2020,RIOJA (LA),2.1.-malos tratos habituales en el ambito familiar,73
2020,RIOJA (LA),2.2.-otros contra la libertad,482
2020,RIOJA (LA),3. libertad sexual,104
2020,RIOJA (LA),3.1.-agresion sexual,47
2020,RIOJA (LA),3.2.-agresion sexual con penetracion,13
2020,RIOJA (LA),3.3.-corrupcion de menores o incapacitados,8
2020,RIOJA (LA),3.4.-pornografia de menores,4
2020,RIOJA (LA),3.5.-otros contra la libertad sexual,32
2020,RIOJA (LA),4. relaciones familiares,25
2020,RIOJA (LA),5. patrimonio,5460
2020,RIOJA (LA),5.1.-hurtos,1475
2020,RIOJA (LA),5.2.-robos con fuerza en las cosas,806
2020,RIOJA (LA),5.2.1.-robos con fuerza en las cosas en el interior de vehiculos,155
2020,RIOJA (LA),5.2.2.-robos con fuerza en viviendas,352
2020,RIOJA (LA),5.2.3.-robos con fuerza en establecimientos,99
2020,RIOJA (LA),5.3.-robos con violencia o intimidacion,78
2020,RIOJA (LA),5.3.1.-robos con violencia en via publica,44
2020,RIOJA (LA),5.3.2.-robos con violencia en viviendas,5
2020,RIOJA (LA),5.3.3.-robos con violencia en establecimientos,19
2020,RIOJA (LA),5.4.-sustraccion de vehiculos,31
2020,RIOJA (LA),5.5.-estafas,2015
2020,RIOJA (LA),5.5.1.-estafas informaticas,1787
2020,RIOJA (LA),5.6.-danos,852
2020,RIOJA (LA),5.7.-contra la propiedad intelectual/industrial,2
2020,RIOJA (LA),5.8.-blanqueo de capitales,1
2020,RIOJA (LA),5.9.-otros contra el patrimonio,200
2020,RIOJA (LA),6. seguridad colectiva,295
2020,RIOJA (LA),6.1.-trafico de drogas,72
2020,RIOJA (LA),6.2.-contra la seguridad vial,199
2020,RIOJA (LA),6.3.-otros contra la seguridad colectiva,24
2020,RIOJA (LA),7. falsedades,55
2020,RIOJA (LA),8. admon. publica,0
2020,RIOJA (LA),9. admon. justicia,139
2020,RIOJA (LA),total infracciones penales,7827
2021,ANDALUCIA,1. contra las personas,37296
2021,ANDALUCIA,1.1.-homicidios dolosos/asesinatos,274
2021,ANDALUCIA,1.1.1.-homicidios dolosos/asesinatos consumados,55
2021,ANDALUCIA,1.2.-lesiones,19996
2021,ANDALUCIA,1.3.-malos tratos ambito familiar,16314
2021,ANDALUCIA,1.4.-otros contra las personas,712
2021,ANDALUCIA,10. orden publico,4900
2021,ANDALUCIA,11. legislacion especial,241
2021,ANDALUCIA,12. otras infracciones penales,2767
2021,ANDALUCIA,2. contra la libertad,27291
2021,ANDALUCIA,2.1.-malos tratos habituales en el ambito familiar,2806
2021,ANDALUCIA,2.2.-otros contra la libertad,24485
2021,ANDALUCIA,3. libertad sexual,2690
2021,ANDALUCIA,3.1.-agresion sexual,1651
2021,ANDALUCIA,3.2.-agresion sexual con penetracion,451
2021,ANDALUCIA,3.3.-corrupcion de menores o incapacitados,68
2021,ANDALUCIA,3.4.-pornografia de menores,125
2021,ANDALUCIA,3.5.-otros contra la libertad sexual,395
2021,ANDALUCIA,4. relaciones familiares,1575
2021,ANDALUCIA,5. patrimonio,210150
2021,ANDALUCIA,5.1.-hurtos,68916
2021,ANDALUCIA,5.2.-robos con fuerza en las cosas,36839
2021,ANDALUCIA,5.2.1.-robos con fuerza en las cosas en el interior de vehiculos,13902
2021,ANDALUCIA,5.2.2.-robos con fuerza en viviendas,11457
2021,ANDALUCIA,5.2.3.-robos con fuerza en establecimientos,4786
2021,ANDALUCIA,5.3.-robos con violencia o intimidacion,5911
2021,ANDALUCIA,5.3.1.-robos con violencia en via publica,3871
2021,ANDALUCIA,5.3.2.-robos con violencia en viviendas,559
2021,ANDALUCIA,5.3.3.-robos con violencia en establecimientos,871
2021,ANDALUCIA,5.4.-sustraccion de vehiculos,4848
2021,ANDALUCIA,5.5.-estafas,51085
2021,ANDALUCIA,5.5.1.-estafas informaticas,35288
2021,ANDALUCIA,5.6.-danos,31827
2021,ANDALUCIA,5.7.-contra la propiedad intelectual/industrial,217
2021,ANDALUCIA,5.8.-blanqueo de capitales,86
2021,ANDALUCIA,5.9.-otros contra el patrimonio,10421
2021,ANDALUCIA,6. seguridad colectiva,15532
2021,ANDALUCIA,6.1.-trafico de drogas,4816
2021,ANDALUCIA,6.2.-contra la seguridad vial,10181
2021,ANDALUCIA,6.3.-otros contra la seguridad colectiva,535
2021,ANDALUCIA,7. falsedades,5643
2021,ANDALUCIA,8. admon. publica,77
2021,ANDALUCIA,9. admon. justicia,6732
2021,ANDALUCIA,total infracciones penales,314894
2021,ARAGON,1. contra las personas,4530
2021,ARAGON,1.1.-homicidios dolosos/asesinatos,18
2021,ARAGON,1.1.1.-homicidios dolosos/asesinatos consumados,5
2021,ARAGON,1.2.-lesiones,2235
2021,ARAGON,1.3.-malos tratos ambito familiar,2167
2021,ARAGON,1.4.-otros contra las personas,110
2021,ARAGON,10. orden publico,665
2021,ARAGON,11. legislacion especial,0
2021,ARAGON,12. otras infracciones penales,248
2021,ARAGON,2. contra la libertad,2785
2021,ARAGON,2.1.-malos tratos habituales en el ambito familiar,308
2021,ARAGON,2.2.-otros contra la libertad,2477
2021,ARAGON,3. libertad sexual,443
2021,ARAGON,3.1.-agresion sexual,256
2021,ARAGON,3.2.-agresion sexual con penetracion,102
2021,ARAGON,3.3.-corrupcion de menores o incapacitados,14
2021,ARAGON,3.4.-pornografia de menores,28
2021,ARAGON,3.5.-otros contra la libertad sexual,43
2021,ARAGON,4. relaciones familiares,156
2021,ARAGON,5. patrimonio,30192
2021,ARAGON,5.1.-hurtos,8925
2021,ARAGON,5.2.-robos con fuerza en las cosas,4365
2021,ARAGON,5.2.1.-robos con fuerza en las cosas en el interior de vehiculos,961
2021,ARAGON,5.2.2.-robos con fuerza en viviendas,1346
2021,ARAGON,5.2.3.-robos con fuerza en establecimientos,658
2021,ARAGON,5.3.-robos con violencia o intimidacion,960
2021,ARAGON,5.3.1.-robos con violencia en via publica,644
2021,ARAGON,5.3.2.-robos con violencia en viviendas,50
2021,ARAGON,5.3.3.-robos con violencia en establecimientos,173
2021,ARAGON,5.4.-sustraccion de vehiculos,252
2021,ARAGON,5.5.-estafas,9175
2021,ARAGON,5.5.1.-estafas informaticas,7310
2021,ARAGON,5.6.-danos,5347
2021,ARAGON,5.7.-contra la propiedad intelectual/industrial,29
2021,ARAGON,5.8.-blanqueo de capitales,6
2021,ARAGON,5.9.-otros contra el patrimonio,1133
2021,ARAGON,6. seguridad colectiva,1401
2021,ARAGON,6.1.-trafico de drogas,407
2021,ARAGON,6.2.-contra la seguridad vial,966
2021,ARAGON,6.3.-otros contra la seguridad colectiva,28
2021,ARAGON,7. falsedades,673
2021,ARAGON,8. admon. publica,7
2021,ARAGON,9. admon. justicia,696
2021,ARAGON,total infracciones penales,41796
2021,ASTURIAS (PRINCIPADO DE),1. contra las personas,3208
2021,ASTURIAS (PRINCIPADO DE),1.1.-homicidios dolosos/asesinatos,9
2021,ASTURIAS (PRINCIPADO DE),1.1.1.-homicidios dolosos/asesinatos consumados,1
2021,ASTURIAS (PRINCIPADO DE),1.2.-lesiones,1743
2021,ASTURIAS (PRINCIPADO DE),1.3.-malos tratos ambito familiar,1393
2021,ASTURIAS (PRINCIPADO DE),1.4.-otros contra las personas,63
2021,ASTURIAS (PRINCIPADO DE),10. orden publico,489
2021,ASTURIAS (PRINCIPADO DE),11. legislacion especial,1
2021,ASTURIAS (PRINCIPADO DE),12. otras infracciones penales,226
2021,ASTURIAS (PRINCIPADO DE),2. contra la libertad,1946
2021,ASTURIAS (PRINCIPADO DE),2.1.-malos tratos habituales en el ambito familiar,91
2021,ASTURIAS (PRINCIPADO DE),2.2.-otros contra la libertad,1855
2021,ASTURIAS (PRINCIPADO DE),3. libertad sexual,266
2021,ASTURIAS (PRINCIPADO DE),3.1.-agresion sexual,135
2021,ASTURIAS (PRINCIPADO DE),3.2.-agresion sexual con penetracion,67
2021,ASTURIAS (PRINCIPADO DE),3.3.-corrupcion de menores o incapacitados,8
2021,ASTURIAS (PRINCIPADO DE),3.4.-pornografia de menores,19
2021,ASTURIAS (PRINCIPADO DE),3.5.-otros contra la libertad sexual,37
2021,ASTURIAS (PRINCIPADO DE),4. relaciones familiares,91
2021,ASTURIAS (PRINCIPADO DE),5. patrimonio,18028
2021,ASTURIAS (PRINCIPADO DE),5.1.-hurtos,4705
2021,ASTURIAS (PRINCIPADO DE),5.2.-robos con fuerza en las cosas,1976
2021,ASTURIAS (PRINCIPADO DE),5.2.1.-robos con fuerza en las cosas en el interior de vehiculos,394
2021,ASTURIAS (PRINCIPADO DE),5.2.2.-robos con fuerza en viviendas,832
2021,ASTURIAS (PRINCIPADO DE),5.2.3.-robos con fuerza en establecimientos,365
2021,ASTURIAS (PRINCIPADO DE),5.3.-robos con violencia o intimidacion,295
2021,ASTURIAS (PRINCIPADO DE),5.3.1.-robos con violencia en via publica,155
2021,ASTURIAS (PRINCIPADO DE),5.3.2.-robos con violencia en viviendas,25
2021,ASTURIAS (PRINCIPADO DE),5.3.3.-robos con violencia en establecimientos,67
2021,ASTURIAS (PRINCIPADO DE),5.4.-sustraccion de vehiculos,259
2021,ASTURIAS (PRINCIPADO DE),5.5.-estafas,7061
2021,ASTURIAS (PRINCIPADO DE),5.5.1.-estafas informaticas,6187
2021,ASTURIAS (PRINCIPADO DE),5.6.-danos,2931
2021,ASTURIAS (PRINCIPADO DE),5.7.-contra la propiedad intelectual/industrial,11
2021,ASTURIAS (PRINCIPADO DE),5.8.-blanqueo de capitales,1
2021,ASTURIAS (PRINCIPADO DE),5.9.-otros contra el patrimonio,789
2021,ASTURIAS (PRINCIPADO DE),6. seguridad colectiva,1098
2021,ASTURIAS (PRINCIPADO DE),6.1.-trafico de drogas,166
2021,ASTURIAS (PRINCIPADO DE),6.2.-contra la seguridad vial,855
2021,ASTURIAS (PRINCIPADO DE),6.3.-otros contra la seguridad colectiva,77
2021,ASTURIAS (PRINCIPADO DE),7. falsedades,411
2021,ASTURIAS (PRINCIPADO DE),8. admon. publica,8
2021,ASTURIAS (PRINCIPADO DE),9. admon. justicia,568
2021,ASTURIAS (PRINCIPADO DE),total infracciones penales,26340
2021,BALEARS (ILLES),1. contra las personas,7431
2021,BALEARS (ILLES),1.1.-homicidios dolosos/asesinatos,38
2021,BALEARS (ILLES),1.1.1.-homicidios dolosos/asesinatos consumados,6
2021,BALEARS (ILLES),1.2.-lesiones,3101
2021,BALEARS (ILLES),1.3.-malos tratos ambito familiar,4114
2021,BALEARS (ILLES),1.4.-otros contra las personas,178
2021,BALEARS (ILLES),10. orden publico,718
2021,BALEARS (ILLES),11. legislacion especial,0
2021,BALEARS (ILLES),12. otras infracciones penales,273
2021,BALEARS (ILLES),2. contra la libertad,5619
2021,BALEARS (ILLES),2.1.-malos tratos habituales en el ambito familiar,682
2021,BALEARS (ILLES),2.2.-otros contra la libertad,4937
2021,BALEARS (ILLES),3. libertad sexual,777
2021,BALEARS (ILLES),3.1.-agresion sexual,513
2021,BALEARS (ILLES),3.2.-agresion sexual con penetracion,122
2021,BALEARS (ILLES),3.3.-corrupcion de menores o incapacitados,19
2021,BALEARS (ILLES),3.4.-pornografia de menores,22
2021,BALEARS (ILLES),3.5.-otros contra la libertad sexual,101
2021,BALEARS (ILLES),4. relaciones familiares,270
2021,BALEARS (ILLES),5. patrimonio,41567
2021,BALEARS (ILLES),5.1.-hurtos,16433
2021,BALEARS (ILLES),5.2.-robos con fuerza en las cosas,6119
2021,BALEARS (ILLES),5.2.1.-robos con fuerza en las cosas en el interior de vehiculos,2582
2021,BALEARS (ILLES),5.2.2.-robos con fuerza en viviendas,1921
2021,BALEARS (ILLES),5.2.3.-robos con fuerza en establecimientos,725
2021,BALEARS (ILLES),5.3.-robos con violencia o intimidacion,896
2021,BALEARS (ILLES),5.3.1.-robos con violencia en via publica,571
2021,BALEARS (ILLES),5.3.2.-robos con violencia en viviendas,79
2021,BALEARS (ILLES),5.3.3.-robos con violencia en establecimientos,118
2021,BALEARS (ILLES),5.4.-sustraccion de vehiculos,1073
2021,BALEARS (ILLES),5.5.-estafas,10035
2021,BALEARS (ILLES),5.5.1.-estafas informaticas,7005
2021,BALEARS (ILLES),5.6.-danos,5010
2021,BALEARS (ILLES),5.7.-contra la propiedad intelectual/industrial,74
2021,BALEARS (ILLES),5.8.-blanqueo de capitales,4
2021,BALEARS (ILLES),5.9.-otros contra el patrimonio,1923
2021,BALEARS (ILLES),6. seguridad colectiva,1988
2021,BALEARS (ILLES),6.1.-trafico de drogas,389
2021,BALEARS (ILLES),6.2.-contra la seguridad vial,1532
2021,BALEARS (ILLES),6.3.-otros contra la seguridad colectiva,67
2021,BALEARS (ILLES),7. falsedades,1008
2021,BALEARS (ILLES),8. admon. publica,7
2021,BALEARS (ILLES),9. admon. justicia,1357
2021,BALEARS (ILLES),total infracciones penales,61015
2021,CANARIAS,1. contra las personas,12465
2021,CANARIAS,1.1.-homicidios dolosos/asesinatos,53
2021,CANARIAS,1.1.1.-homicidios dolosos/asesinatos consumados,16
2021,CANARIAS,1.2.-lesiones,6534
2021,CANARIAS,1.3.-malos tratos ambito familiar,5498
2021,CANARIAS,1.4.-otros contra las personas,380
2021,CANARIAS,10. orden publico,1082
2021,CANARIAS,11. legislacion especial,1
2021,CANARIAS,12. otras infracciones penales,562
2021,CANARIAS,2. contra la libertad,10102
2021,CANARIAS,2.1.-malos tratos habituales en el ambito familiar,910
2021,CANARIAS,2.2.-otros contra la libertad,9192
2021,CANARIAS,3. libertad sexual,946
2021,CANARIAS,3.1.-agresion sexual,612
2021,CANARIAS,3.2.-agresion sexual con penetracion,177
2021,CANARIAS,3.3.-corrupcion de menores o incapacitados,11
2021,CANARIAS,3.4.-pornografia de menores,54
2021,CANARIAS,3.5.-otros contra la libertad sexual,92
2021,CANARIAS,4. relaciones familiares,631
2021,CANARIAS,5. patrimonio,49285
2021,CANARIAS,5.1.-hurtos,17144
2021,CANARIAS,5.2.-robos con fuerza en las cosas,7639
2021,CANARIAS,5.2.1.-robos con fuerza en las cosas en el interior de vehiculos,2915
2021,CANARIAS,5.2.2.-robos con fuerza en viviendas,2428
2021,CANARIAS,5.2.3.-robos con fuerza en establecimientos,956
2021,CANARIAS,5.3.-robos con violencia o intimidacion,1316
2021,CANARIAS,5.3.1.-robos con violencia en via publica,745
2021,CANARIAS,5.3.2.-robos con violencia en viviendas,121
2021,CANARIAS,5.3.3.-robos con violencia en establecimientos,255
2021,CANARIAS,5.4.-sustraccion de vehiculos,983
2021,CANARIAS,5.5.-estafas,12702
2021,CANARIAS,5.5.1.-estafas informaticas,8916
2021,CANARIAS,5.6.-danos,7413
2021,CANARIAS,5.7.-contra la propiedad intelectual/industrial,48
2021,CANARIAS,5.8.-blanqueo de capitales,15
2021,CANARIAS,5.9.-otros contra el patrimonio,2025
2021,CANARIAS,6. seguridad colectiva,3096
2021,CANARIAS,6.1.-trafico de drogas,531
2021,CANARIAS,6.2.-contra la seguridad vial,2494
2021,CANARIAS,6.3.-otros contra la seguridad colectiva,71
2021,CANARIAS,7. falsedades,1208
2021,CANARIAS,8. admon. publica,33
2021,CANARIAS,9. admon. justicia,1821
2021,CANARIAS,total infracciones penales,81232
2021,CANTABRIA,1. contra las personas,2069
2021,CANTABRIA,1.1.-homicidios dolosos/asesinatos,15
2021,CANTABRIA,1.1.1.-homicidios dolosos/asesinatos consumados,4
2021,CANTABRIA,1.2.-lesiones,1244
2021,CANTABRIA,1.3.-malos tratos ambito familiar,708
2021,CANTABRIA,1.4.-otros contra las personas,102
2021,CANTABRIA,10. orden publico,279
2021,CANTABRIA,11. legislacion especial,2
2021,CANTABRIA,12. otras infracciones penales,165
2021,CANTABRIA,2. contra la libertad,1695
2021,CANTABRIA,2.1.-malos tratos habituales en el ambito familiar,149
2021,CANTABRIA,2.2.-otros contra la libertad,1546
2021,CANTABRIA,3. libertad sexual,130
2021,CANTABRIA,3.1.-agresion sexual,78
2021,CANTABRIA,3.2.-agresion sexual con penetracion,30
2021,CANTABRIA,3.3.-corrupcion de menores o incapacitados,1
2021,CANTABRIA,3.4.-pornografia de menores,5
2021,CANTABRIA,3.5.-otros contra la libertad sexual,16
2021,CANTABRIA,4. relaciones familiares,38
2021,CANTABRIA,5. patrimonio,14239
2021,CANTABRIA,5.1.-hurtos,3820
2021,CANTABRIA,5.2.-robos con fuerza en las cosas,2528
2021,CANTABRIA,5.2.1.-robos con fuerza en las cosas en el interior de vehiculos,501
2021,CANTABRIA,5.2.2.-robos con fuerza en viviendas,1167
2021,CANTABRIA,5.2.3.-robos con fuerza en establecimientos,437
2021,CANTABRIA,5.3.-robos con violencia o intimidacion,194
2021,CANTABRIA,5.3.1.-robos con violencia en via publica,99
2021,CANTABRIA,5.3.2.-robos con violencia en viviendas,25
2021,CANTABRIA,5.3.3.-robos con violencia en establecimientos,38
2021,CANTABRIA,5.4.-sustraccion de vehiculos,140
2021,CANTABRIA,5.5.-estafas,4483
2021,CANTABRIA,5.5.1.-estafas informaticas,3243
2021,CANTABRIA,5.6.-danos,2426
2021,CANTABRIA,5.7.-contra la propiedad intelectual/industrial,24
2021,CANTABRIA,5.8.-blanqueo de capitales,2
2021,CANTABRIA,5.9.-otros contra el patrimonio,622
2021,CANTABRIA,6. seguridad colectiva,777
2021,CANTABRIA,6.1.-trafico de drogas,96
2021,CANTABRIA,6.2.-contra la seguridad vial,660
2021,CANTABRIA,6.3.-otros contra la seguridad colectiva,21
2021,CANTABRIA,7. falsedades,222
2021,CANTABRIA,8. admon. publica,2
2021,CANTABRIA,9. admon. justicia,276
2021,CANTABRIA,total infracciones penales,19894
2021,CASTILLA - LA MANCHA,1. contra las personas,7346
2021,CASTILLA - LA MANCHA,1.1.-homicidios dolosos/asesinatos,78
2021,CASTILLA - LA MANCHA,1.1.1.-homicidios dolosos/asesinatos consumados,10
2021,CASTILLA - LA MANCHA,1.2.-lesiones,4007
2021,CASTILLA - LA MANCHA,1.3.-malos tratos ambito familiar,3109
2021,CASTILLA - LA MANCHA,1.4.-otros contra las personas,152
2021,CASTILLA - LA MANCHA,10. orden publico,935
2021,CASTILLA - LA MANCHA,11. legislacion especial,3
2021,CASTILLA - LA MANCHA,12. otras infracciones penales,531
2021,CASTILLA - LA MANCHA,2. contra la libertad,5477
2021,CASTILLA - LA MANCHA,2.1.-malos tratos habituales en el ambito familiar,671
2021,CASTILLA - LA MANCHA,2.2.-otros contra la libertad,4806
2021,CASTILLA - LA MANCHA,3. libertad sexual,563
2021,CASTILLA - LA MANCHA,3.1.-agresion sexual,359
2021,CASTILLA - LA MANCHA,3.2.-agresion sexual con penetracion,102
2021,CASTILLA - LA MANCHA,3.3.-corrupcion de menores o incapacitados,20
2021,CASTILLA - LA MANCHA,3.4.-pornografia de menores,21
2021,CASTILLA - LA MANCHA,3.5.-otros contra la libertad sexual,61
2021,CASTILLA - LA MANCHA,4. relaciones familiares,328
2021,CASTILLA - LA MANCHA,5. patrimonio,45899
2021,CASTILLA - LA MANCHA,5.1.-hurtos,10970
2021,CASTILLA - LA MANCHA,5.2.-robos con fuerza en las cosas,8622
2021,CASTILLA - LA MANCHA,5.2.1.-robos con fuerza en las cosas en el interior de vehiculos,2010
2021,CASTILLA - LA MANCHA,5.2.2.-robos con fuerza en viviendas,3086
2021,CASTILLA - LA MANCHA,5.2.3.-robos con fuerza en establecimientos,1236
2021,CASTILLA - LA MANCHA,5.3.-robos con violencia o intimidacion,882
2021,CASTILLA - LA MANCHA,5.3.1.-robos con violencia en via publica,508
2021,CASTILLA - LA MANCHA,5.3.2.-robos con violencia en viviendas,84
2021,CASTILLA - LA MANCHA,5.3.3.-robos con violencia en establecimientos,172
2021,CASTILLA - LA MANCHA,5.4.-sustraccion de vehiculos,521
2021,CASTILLA - LA MANCHA,5.5.-estafas,14220
2021,CASTILLA - LA MANCHA,5.5.1.-estafas informaticas,9797
2021,CASTILLA - LA MANCHA,5.6.-danos,8075
2021,CASTILLA - LA MANCHA,5.7.-contra la propiedad intelectual/industrial,18
2021,CASTILLA - LA MANCHA,5.8.-blanqueo de capitales,21
2021,CASTILLA - LA MANCHA,5.9.-otros contra el patrimonio,2570
2021,CASTILLA - LA MANCHA,6. seguridad colectiva,3186
2021,CASTILLA - LA MANCHA,6.1.-trafico de drogas,570
2021,CASTILLA - LA MANCHA,6.2.-contra la seguridad vial,2514
2021,CASTILLA - LA MANCHA,6.3.-otros contra la seguridad colectiva,102
2021,CASTILLA - LA MANCHA,7. falsedades,1748
2021,CASTILLA - LA MANCHA,8. admon. publica,41
2021,CASTILLA - LA MANCHA,9. admon. justicia,1355
2021,CASTILLA - LA MANCHA,total infracciones penales,67412
2021,CASTILLA Y LEON,1. contra las personas,7252
2021,CASTILLA Y LEON,1.1.-homicidios dolosos/asesinatos,38
2021,CASTILLA Y LEON,1.1.1.-homicidios dolosos/asesinatos consumados,13
2021,CASTILLA Y LEON,1.2.-lesiones,4220
2021,CASTILLA Y LEON,1.3.-malos tratos ambito familiar,2786
2021,CASTILLA Y LEON,1.4.-otros contra las personas,208
2021,CASTILLA Y LEON,10. orden publico,962
2021,CASTILLA Y LEON,11. legislacion especial,3
2021,CASTILLA Y LEON,12. otras infracciones penales,582
2021,CASTILLA Y LEON,2. contra la libertad,6143
2021,CASTILLA Y LEON,2.1.-malos tratos habituales en el ambito familiar,601
2021,CASTILLA Y LEON,2.2.-otros contra la libertad,5542
2021,CASTILLA Y LEON,3. libertad sexual,527
2021,CASTILLA Y LEON,3.1.-agresion sexual,300
2021,CASTILLA Y LEON,3.2.-agresion sexual con penetracion,120
2021,CASTILLA Y LEON,3.3.-corrupcion de menores o incapacitados,19
2021,CASTILLA Y LEON,3.4.-pornografia de menores,22
2021,CASTILLA Y LEON,3.5.-otros contra la libertad sexual,66
2021,CASTILLA Y LEON,4. relaciones familiares,174
2021,CASTILLA Y LEON,5. patrimonio,52662
2021,CASTILLA Y LEON,5.1.-hurtos,13785
2021,CASTILLA Y LEON,5.2.-robos con fuerza en las cosas,6994
2021,CASTILLA Y LEON,5.2.1.-robos con fuerza en las cosas en el interior de vehiculos,1528
2021,CASTILLA Y LEON,5.2.2.-robos con fuerza en viviendas,2523
2021,CASTILLA Y LEON,5.2.3.-robos con fuerza en establecimientos,1172
2021,CASTILLA Y LEON,5.3.-robos con violencia o intimidacion,625
2021,CASTILLA Y LEON,5.3.1.-robos con violencia en via publica,330
2021,CASTILLA Y LEON,5.3.2.-robos con violencia en viviendas,69
2021,CASTILLA Y LEON,5.3.3.-robos con violencia en establecimientos,146
2021,CASTILLA Y LEON,5.4.-sustraccion de vehiculos,466
2021,CASTILLA Y LEON,5.5.-estafas,18445
2021,CASTILLA Y LEON,5.5.1.-estafas informaticas,14457
2021,CASTILLA Y LEON,5.6.-danos,10243
2021,CASTILLA Y LEON,5.7.-contra la propiedad intelectual/industrial,66
2021,CASTILLA Y LEON,5.8.-blanqueo de capitales,5
2021,CASTILLA Y LEON,5.9.-otros contra el patrimonio,2033
2021,CASTILLA Y LEON,6. seguridad colectiva,2927
2021,CASTILLA Y LEON,6.1.-trafico de drogas,492
2021,CASTILLA Y LEON,6.2.-contra la seguridad vial,2325
2021,CASTILLA Y LEON,6.3.-otros contra la seguridad colectiva,110
2021,CASTILLA Y LEON,7. falsedades,1517
2021,CASTILLA Y LEON,8. admon. publica,19
2021,CASTILLA Y LEON,9. admon. justicia,1240
2021,CASTILLA Y LEON,total infracciones penales,74008
2021,CATALUNA,1. contra las personas,19854
2021,CATALUNA,1.1.-homicidios dolosos/asesinatos,270
2021,CATALUNA,1.1.1.-homicidios dolosos/asesinatos consumados,57
2021,CATALUNA,1.2.-lesiones,12456
2021,CATALUNA,1.3.-malos tratos ambito familiar,6748
2021,CATALUNA,1.4.-otros contra las personas,380
2021,CATALUNA,10. orden publico,3785
2021,CATALUNA,11. legislacion especial,13
2021,CATALUNA,12. otras infracciones penales,761
2021,CATALUNA,2. contra la libertad,20540
2021,CATALUNA,2.1.-malos tratos habituales en el ambito familiar,1693
2021,CATALUNA,2.2.-otros contra la libertad,18847
2021,CATALUNA,3. libertad sexual,3316
2021,CATALUNA,3.1.-agresion sexual,1766
2021,CATALUNA,3.2.-agresion sexual con penetracion,1091
2021,CATALUNA,3.3.-corrupcion de menores o incapacitados,5
2021,CATALUNA,3.4.-pornografia de menores,140
2021,CATALUNA,3.5.-otros contra la libertad sexual,314
2021,CATALUNA,4. relaciones familiares,1022
2021,CATALUNA,5. patrimonio,322683
2021,CATALUNA,5.1.-hurtos,118746
2021,CATALUNA,5.2.-robos con fuerza en las cosas,57748
2021,CATALUNA,5.2.1.-robos con fuerza en las cosas en el interior de vehiculos,29150
2021,CATALUNA,5.2.2.-robos con fuerza en viviendas,16631
2021,CATALUNA,5.2.3.-robos con fuerza en establecimientos,5174
2021,CATALUNA,5.3.-robos con violencia o intimidacion,20501
2021,CATALUNA,5.3.1.-robos con violencia en via publica,14773
2021,CATALUNA,5.3.2.-robos con violencia en viviendas,959
2021,CATALUNA,5.3.3.-robos con violencia en establecimientos,1996
2021,CATALUNA,5.4.-sustraccion de vehiculos,6168
2021,CATALUNA,5.5.-estafas,67922
2021,CATALUNA,5.5.1.-estafas informaticas,47314
2021,CATALUNA,5.6.-danos,38295
2021,CATALUNA,5.7.-contra la propiedad intelectual/industrial,288
2021,CATALUNA,5.8.-blanqueo de capitales,38
2021,CATALUNA,5.9.-otros contra el patrimonio,12977
2021,CATALUNA,6. seguridad colectiva,10499
2021,CATALUNA,6.1.-trafico de drogas,3874
2021,CATALUNA,6.2.-contra la seguridad vial,6442
2021,CATALUNA,6.3.-otros contra la seguridad colectiva,183
2021,CATALUNA,7. falsedades,4097
2021,CATALUNA,8. admon. publica,106
2021,CATALUNA,9. admon. justicia,3680
2021,CATALUNA,total infracciones penales,390356
2021,CIUDAD AUTONOMA DE CEUTA,1. contra las personas,835
2021,CIUDAD AUTONOMA DE CEUTA,1.1.-homicidios dolosos/asesinatos,12
2021,CIUDAD AUTONOMA DE CEUTA,1.1.1.-homicidios dolosos/asesinatos consumados,2
2021,CIUDAD AUTONOMA DE CEUTA,1.2.-lesiones,500
2021,CIUDAD AUTONOMA DE CEUTA,1.3.-malos tratos ambito familiar,317
2021,CIUDAD AUTONOMA DE CEUTA,1.4.-otros contra las personas,6
2021,CIUDAD AUTONOMA DE CEUTA,10. orden publico,183
2021,CIUDAD AUTONOMA DE CEUTA,11. legislacion especial,2
2021,CIUDAD AUTONOMA DE CEUTA,12. otras infracciones penales,50
2021,CIUDAD AUTONOMA DE CEUTA,2. contra la libertad,376
2021,CIUDAD AUTONOMA DE CEUTA,2.1.-malos tratos habituales en el ambito familiar,11
2021,CIUDAD AUTONOMA DE CEUTA,2.2.-otros contra la libertad,365
2021,CIUDAD AUTONOMA DE CEUTA,3. libertad sexual,47
2021,CIUDAD AUTONOMA DE CEUTA,3.1.-agresion sexual,31
2021,CIUDAD AUTONOMA DE CEUTA,3.2.-agresion sexual con penetracion,4
2021,CIUDAD AUTONOMA DE CEUTA,3.3.-corrupcion de menores o incapacitados,0
2021,CIUDAD AUTONOMA DE CEUTA,3.4.-pornografia de menores,2
2021,CIUDAD AUTONOMA DE CEUTA,3.5.-otros contra la libertad sexual,10
2021,CIUDAD AUTONOMA DE CEUTA,4. relaciones familiares,17
2021,CIUDAD AUTONOMA DE CEUTA,5. patrimonio,1800
2021,CIUDAD AUTONOMA DE CEUTA,5.1.-hurtos,434
2021,CIUDAD AUTONOMA DE CEUTA,5.2.-robos con fuerza en las cosas,189
2021,CIUDAD AUTONOMA DE CEUTA,5.2.1.-robos con fuerza en las cosas en el interior de vehiculos,106
2021,CIUDAD AUTONOMA DE CEUTA,5.2.2.-robos con fuerza en viviendas,31
2021,CIUDAD AUTONOMA DE CEUTA,5.2.3.-robos con fuerza en establecimientos,25
2021,CIUDAD AUTONOMA DE CEUTA,5.3.-robos con violencia o intimidacion,195
2021,CIUDAD AUTONOMA DE CEUTA,5.3.1.-robos con violencia en via publica,148
2021,CIUDAD AUTONOMA DE CEUTA,5.3.2.-robos con violencia en viviendas,4
2021,CIUDAD AUTONOMA DE CEUTA,5.3.3.-robos con violencia en establecimientos,9
2021,CIUDAD AUTONOMA DE CEUTA,5.4.-sustraccion de vehiculos,103
2021,CIUDAD AUTONOMA DE CEUTA,5.5.-estafas,452
2021,CIUDAD AUTONOMA DE CEUTA,5.5.1.-estafas informaticas,402
2021,CIUDAD AUTONOMA DE CEUTA,5.6.-danos,344
2021,CIUDAD AUTONOMA DE CEUTA,5.7.-contra la propiedad intelectual/industrial,1
2021,CIUDAD AUTONOMA DE CEUTA,5.8.-blanqueo de capitales,0
2021,CIUDAD AUTONOMA DE CEUTA,5.9.-otros contra el patrimonio,82
2021,CIUDAD AUTONOMA DE CEUTA,6. seguridad colectiva,399
2021,CIUDAD AUTONOMA DE CEUTA,6.1.-trafico de drogas,205
2021,CIUDAD AUTONOMA DE CEUTA,6.2.-contra la seguridad vial,186
2021,CIUDAD AUTONOMA DE CEUTA,6.3.-otros contra la seguridad colectiva,8
2021,CIUDAD AUTONOMA DE CEUTA,7. falsedades,108
2021,CIUDAD AUTONOMA DE CEUTA,8. admon. publica,0
2021,CIUDAD AUTONOMA DE CEUTA,9. admon. justicia,99
2021,CIUDAD AUTONOMA DE CEUTA,total infracciones penales,3916
2021,CIUDAD AUTONOMA DE MELILLA,1. contra las personas,900
2021,CIUDAD AUTONOMA DE MELILLA,1.1.-homicidios dolosos/asesinatos,4
2021,CIUDAD AUTONOMA DE MELILLA,1.1.1.-homicidios dolosos/asesinatos consumados,0
2021,CIUDAD AUTONOMA DE MELILLA,1.2.-lesiones,539
2021,CIUDAD AUTONOMA DE MELILLA,1.3.-malos tratos ambito familiar,333
2021,CIUDAD AUTONOMA DE MELILLA,1.4.-otros contra las personas,24
2021,CIUDAD AUTONOMA DE MELILLA,10. orden publico,133
2021,CIUDAD AUTONOMA DE MELILLA,11. legislacion especial,3
2021,CIUDAD AUTONOMA DE MELILLA,12. otras infracciones penales,53
2021,CIUDAD AUTONOMA DE MELILLA,2. contra la libertad,443
2021,CIUDAD AUTONOMA DE MELILLA,2.1.-malos tratos habituales en el ambito familiar,4
2021,CIUDAD AUTONOMA DE MELILLA,2.2.-otros contra la libertad,439
2021,CIUDAD AUTONOMA DE MELILLA,3. libertad sexual,39
2021,CIUDAD AUTONOMA DE MELILLA,3.1.-agresion sexual,28
2021,CIUDAD AUTONOMA DE MELILLA,3.2.-agresion sexual con penetracion,5
2021,CIUDAD AUTONOMA DE MELILLA,3.3.-corrupcion de menores o incapacitados,1
2021,CIUDAD AUTONOMA DE MELILLA,3.4.-pornografia de menores,2
2021,CIUDAD AUTONOMA DE MELILLA,3.5.-otros contra la libertad sexual,3
2021,CIUDAD AUTONOMA DE MELILLA,4. relaciones familiares,26
2021,CIUDAD AUTONOMA DE MELILLA,5. patrimonio,1984
2021,CIUDAD AUTONOMA DE MELILLA,5.1.-hurtos,576
2021,CIUDAD AUTONOMA DE MELILLA,5.2.-robos con fuerza en las cosas,251
2021,CIUDAD AUTONOMA DE MELILLA,5.2.1.-robos con fuerza en las cosas en el interior de vehiculos,138
2021,CIUDAD AUTONOMA DE MELILLA,5.2.2.-robos con fuerza en viviendas,55
2021,CIUDAD AUTONOMA DE MELILLA,5.2.3.-robos con fuerza en establecimientos,14
2021,CIUDAD AUTONOMA DE MELILLA,5.3.-robos con violencia o intimidacion,201
2021,CIUDAD AUTONOMA DE MELILLA,5.3.1.-robos con violencia en via publica,145
2021,CIUDAD AUTONOMA DE MELILLA,5.3.2.-robos con violencia en viviendas,2
2021,CIUDAD AUTONOMA DE MELILLA,5.3.3.-robos con violencia en establecimientos,14
2021,CIUDAD AUTONOMA DE MELILLA,5.4.-sustraccion de vehiculos,35
2021,CIUDAD AUTONOMA DE MELILLA,5.5.-estafas,448
2021,CIUDAD AUTONOMA DE MELILLA,5.5.1.-estafas informaticas,348
2021,CIUDAD AUTONOMA DE MELILLA,5.6.-danos,406
2021,CIUDAD AUTONOMA DE MELILLA,5.7.-contra la propiedad intelectual/industrial,1
2021,CIUDAD AUTONOMA DE MELILLA,5.8.-blanqueo de capitales,1
2021,CIUDAD AUTONOMA DE MELILLA,5.9.-otros contra el patrimonio,65
2021,CIUDAD AUTONOMA DE MELILLA,6. seguridad colectiva,398
2021,CIUDAD AUTONOMA DE MELILLA,6.1.-trafico de drogas,230
2021,CIUDAD AUTONOMA DE MELILLA,6.2.-contra la seguridad vial,157
2021,CIUDAD AUTONOMA DE MELILLA,6.3.-otros contra la seguridad colectiva,11
2021,CIUDAD AUTONOMA DE MELILLA,7. falsedades,50
2021,CIUDAD AUTONOMA DE MELILLA,8. admon. publica,3
2021,CIUDAD AUTONOMA DE MELILLA,9. admon. justicia,84
2021,CIUDAD AUTONOMA DE MELILLA,total infracciones penales,4116
2021,COMUNITAT VALENCIANA,1. contra las personas,23240
2021,COMUNITAT VALENCIANA,1.1.-homicidios dolosos/asesinatos,152
2021,COMUNITAT VALENCIANA,1.1.1.-homicidios dolosos/asesinatos consumados,35
2021,COMUNITAT VALENCIANA,1.2.-lesiones,11279
2021,COMUNITAT VALENCIANA,1.3.-malos tratos ambito familiar,11402
2021,COMUNITAT VALENCIANA,1.4.-otros contra las personas,407
2021,COMUNITAT VALENCIANA,10. orden publico,3522
2021,COMUNITAT VALENCIANA,11. legislacion especial,29
2021,COMUNITAT VALENCIANA,12. otras infracciones penales,1056
2021,COMUNITAT VALENCIANA,2. contra la libertad,15180
2021,COMUNITAT VALENCIANA,2.1.-malos tratos habituales en el ambito familiar,1847
2021,COMUNITAT VALENCIANA,2.2.-otros contra la libertad,13333
2021,COMUNITAT VALENCIANA,3. libertad sexual,2173
2021,COMUNITAT VALENCIANA,3.1.-agresion sexual,1407
2021,COMUNITAT VALENCIANA,3.2.-agresion sexual con penetracion,387
2021,COMUNITAT VALENCIANA,3.3.-corrupcion de menores o incapacitados,67
2021,COMUNITAT VALENCIANA,3.4.-pornografia de menores,73
2021,COMUNITAT VALENCIANA,3.5.-otros contra la libertad sexual,239
2021,COMUNITAT VALENCIANA,4. relaciones familiares,838
2021,COMUNITAT VALENCIANA,5. patrimonio,161695
2021,COMUNITAT VALENCIANA,5.1.-hurtos,57738
2021,COMUNITAT VALENCIANA,5.2.-robos con fuerza en las cosas,28638
2021,COMUNITAT VALENCIANA,5.2.1.-robos con fuerza en las cosas en el interior de vehiculos,9144
2021,COMUNITAT VALENCIANA,5.2.2.-robos con fuerza en viviendas,12853
2021,COMUNITAT VALENCIANA,5.2.3.-robos con fuerza en establecimientos,2858
2021,COMUNITAT VALENCIANA,5.3.-robos con violencia o intimidacion,4578
2021,COMUNITAT VALENCIANA,5.3.1.-robos con violencia en via publica,2732
2021,COMUNITAT VALENCIANA,5.3.2.-robos con violencia en viviendas,442
2021,COMUNITAT VALENCIANA,5.3.3.-robos con violencia en establecimientos,754
2021,COMUNITAT VALENCIANA,5.4.-sustraccion de vehiculos,2491
2021,COMUNITAT VALENCIANA,5.5.-estafas,36352
2021,COMUNITAT VALENCIANA,5.5.1.-estafas informaticas,24428
2021,COMUNITAT VALENCIANA,5.6.-danos,25274
2021,COMUNITAT VALENCIANA,5.7.-contra la propiedad intelectual/industrial,196
2021,COMUNITAT VALENCIANA,5.8.-blanqueo de capitales,77
2021,COMUNITAT VALENCIANA,5.9.-otros contra el patrimonio,6351
2021,COMUNITAT VALENCIANA,6. seguridad colectiva,8083
2021,COMUNITAT VALENCIANA,6.1.-trafico de drogas,1983
2021,COMUNITAT VALENCIANA,6.2.-contra la seguridad vial,5841
2021,COMUNITAT VALENCIANA,6.3.-otros contra la seguridad colectiva,259
2021,COMUNITAT VALENCIANA,7. falsedades,4535
2021,COMUNITAT VALENCIANA,8. admon. publica,89
2021,COMUNITAT VALENCIANA,9. admon. justicia,4897
2021,COMUNITAT VALENCIANA,total infracciones penales,225337
2021,EXTREMADURA,1. contra las personas,3086
2021,EXTREMADURA,1.1.-homicidios dolosos/asesinatos,25
2021,EXTREMADURA,1.1.1.-homicidios dolosos/asesinatos consumados,4
2021,EXTREMADURA,1.2.-lesiones,1849
2021,EXTREMADURA,1.3.-malos tratos ambito familiar,1146
2021,EXTREMADURA,1.4.-otros contra las personas,66
2021,EXTREMADURA,10. orden publico,335
2021,EXTREMADURA,11. legislacion especial,9
2021,EXTREMADURA,12. otras infracciones penales,263
2021,EXTREMADURA,2. contra la libertad,2602
2021,EXTREMADURA,2.1.-malos tratos habituales en el ambito familiar,311
2021,EXTREMADURA,2.2.-otros contra la libertad,2291
2021,EXTREMADURA,3. libertad sexual,223
2021,EXTREMADURA,3.1.-agresion sexual,136
2021,EXTREMADURA,3.2.-agresion sexual con penetracion,36
2021,EXTREMADURA,3.3.-corrupcion de menores o incapacitados,10
2021,EXTREMADURA,3.4.-pornografia de menores,12
2021,EXTREMADURA,3.5.-otros contra la libertad sexual,29
2021,EXTREMADURA,4. relaciones familiares,214
2021,EXTREMADURA,5. patrimonio,17870
2021,EXTREMADURA,5.1.-hurtos,4820
2021,EXTREMADURA,5.2.-robos con fuerza en las cosas,2773
2021,EXTREMADURA,5.2.1.-robos con fuerza en las cosas en el interior de vehiculos,511
2021,EXTREMADURA,5.2.2.-robos con fuerza en viviendas,962
2021,EXTREMADURA,5.2.3.-robos con fuerza en establecimientos,461
2021,EXTREMADURA,5.3.-robos con violencia o intimidacion,224
2021,EXTREMADURA,5.3.1.-robos con violencia en via publica,121
2021,EXTREMADURA,5.3.2.-robos con violencia en viviendas,33
2021,EXTREMADURA,5.3.3.-robos con violencia en establecimientos,49
2021,EXTREMADURA,5.4.-sustraccion de vehiculos,152
2021,EXTREMADURA,5.5.-estafas,5765
2021,EXTREMADURA,5.5.1.-estafas informaticas,4594
2021,EXTREMADURA,5.6.-danos,3380
2021,EXTREMADURA,5.7.-contra la propiedad intelectual/industrial,15
2021,EXTREMADURA,5.8.-blanqueo de capitales,7
2021,EXTREMADURA,5.9.-otros contra el patrimonio,734
2021,EXTREMADURA,6. seguridad colectiva,1240
2021,EXTREMADURA,6.1.-trafico de drogas,324
2021,EXTREMADURA,6.2.-contra la seguridad vial,861
2021,EXTREMADURA,6.3.-otros contra la seguridad colectiva,55
2021,EXTREMADURA,7. falsedades,714
2021,EXTREMADURA,8. admon. publica,14
2021,EXTREMADURA,9. admon. justicia,696
2021,EXTREMADURA,total infracciones penales,27266
2021,GALICIA,1. contra las personas,7841
2021,GALICIA,1.1.-homicidios dolosos/asesinatos,52
2021,GALICIA,1.1.1.-homicidios dolosos/asesinatos consumados,18
2021,GALICIA,1.2.-lesiones,4606
2021,GALICIA,1.3.-malos tratos ambito familiar,2979
2021,GALICIA,1.4.-otros contra las personas,204
2021,GALICIA,10. orden publico,916
2021,GALICIA,11. legislacion especial,1
2021,GALICIA,12. otras infracciones penales,594
2021,GALICIA,2. contra la libertad,6840
2021,GALICIA,2.1.-malos tratos habituales en el ambito familiar,606
2021,GALICIA,2.2.-otros contra la libertad,6234
2021,GALICIA,3. libertad sexual,707
2021,GALICIA,3.1.-agresion sexual,396
2021,GALICIA,3.2.-agresion sexual con penetracion,144
2021,GALICIA,3.3.-corrupcion de menores o incapacitados,8
2021,GALICIA,3.4.-pornografia de menores,40
2021,GALICIA,3.5.-otros contra la libertad sexual,119
2021,GALICIA,4. relaciones familiares,167
2021,GALICIA,5. patrimonio,63769
2021,GALICIA,5.1.-hurtos,15367
2021,GALICIA,5.2.-robos con fuerza en las cosas,7873
2021,GALICIA,5.2.1.-robos con fuerza en las cosas en el interior de vehiculos,2917
2021,GALICIA,5.2.2.-robos con fuerza en viviendas,2593
2021,GALICIA,5.2.3.-robos con fuerza en establecimientos,1110
2021,GALICIA,5.3.-robos con violencia o intimidacion,853
2021,GALICIA,5.3.1.-robos con violencia en via publica,474
2021,GALICIA,5.3.2.-robos con violencia en viviendas,84
2021,GALICIA,5.3.3.-robos con violencia en establecimientos,197
2021,GALICIA,5.4.-sustraccion de vehiculos,405
2021,GALICIA,5.5.-estafas,28236
2021,GALICIA,5.5.1.-estafas informaticas,19496
2021,GALICIA,5.6.-danos,9089
2021,GALICIA,5.7.-contra la propiedad intelectual/industrial,29
2021,GALICIA,5.8.-blanqueo de capitales,4
2021,GALICIA,5.9.-otros contra el patrimonio,1913
2021,GALICIA,6. seguridad colectiva,4459
2021,GALICIA,6.1.-trafico de drogas,458
2021,GALICIA,6.2.-contra la seguridad vial,3844
2021,GALICIA,6.3.-otros contra la seguridad colectiva,157
2021,GALICIA,7. falsedades,1491
2021,GALICIA,8. admon. publica,11
2021,GALICIA,9. admon. justicia,1459
2021,GALICIA,total infracciones penales,88255
2021,MADRID (COMUNIDAD DE),1. contra las personas,29383
2021,MADRID (COMUNIDAD DE),1.1.-homicidios dolosos/asesinatos,131
2021,MADRID (COMUNIDAD DE),1.1.1.-homicidios dolosos/asesinatos consumados,37
2021,MADRID (COMUNIDAD DE),1.2.-lesiones,12094
2021,MADRID (COMUNIDAD DE),1.3.-malos tratos ambito familiar,16618
2021,MADRID (COMUNIDAD DE),1.4.-otros contra las personas,540
2021,MADRID (COMUNIDAD DE),10. orden publico,5747
2021,MADRID (COMUNIDAD DE),11. legislacion especial,22
2021,MADRID (COMUNIDAD DE),12. otras infracciones penales,848
2021,MADRID (COMUNIDAD DE),2. contra la libertad,17576
2021,MADRID (COMUNIDAD DE),2.1.-malos tratos habituales en el ambito familiar,1284
2021,MADRID (COMUNIDAD DE),2.2.-otros contra la libertad,16292
2021,MADRID (COMUNIDAD DE),3. libertad sexual,2420
2021,MADRID (COMUNIDAD DE),3.1.-agresion sexual,1390
2021,MADRID (COMUNIDAD DE),3.2.-agresion sexual con penetracion,538
2021,MADRID (COMUNIDAD DE),3.3.-corrupcion de menores o incapacitados,46
2021,MADRID (COMUNIDAD DE),3.4.-pornografia de menores,104
2021,MADRID (COMUNIDAD DE),3.5.-otros contra la libertad sexual,342
2021,MADRID (COMUNIDAD DE),4. relaciones familiares,930
2021,MADRID (COMUNIDAD DE),5. patrimonio,269675
2021,MADRID (COMUNIDAD DE),5.1.-hurtos,108778
2021,MADRID (COMUNIDAD DE),5.2.-robos con fuerza en las cosas,33408
2021,MADRID (COMUNIDAD DE),5.2.1.-robos con fuerza en las cosas en el interior de vehiculos,17229
2021,MADRID (COMUNIDAD DE),5.2.2.-robos con fuerza en viviendas,8243
2021,MADRID (COMUNIDAD DE),5.2.3.-robos con fuerza en establecimientos,3940
2021,MADRID (COMUNIDAD DE),5.3.-robos con violencia o intimidacion,12153
2021,MADRID (COMUNIDAD DE),5.3.1.-robos con violencia en via publica,8283
2021,MADRID (COMUNIDAD DE),5.3.2.-robos con violencia en viviendas,721
2021,MADRID (COMUNIDAD DE),5.3.3.-robos con violencia en establecimientos,1277
2021,MADRID (COMUNIDAD DE),5.4.-sustraccion de vehiculos,6922
2021,MADRID (COMUNIDAD DE),5.5.-estafas,66395
2021,MADRID (COMUNIDAD DE),5.5.1.-estafas informaticas,46978
2021,MADRID (COMUNIDAD DE),5.6.-danos,34336
2021,MADRID (COMUNIDAD DE),5.7.-contra la propiedad intelectual/industrial,93
2021,MADRID (COMUNIDAD DE),5.8.-blanqueo de capitales,47
2021,MADRID (COMUNIDAD DE),5.9.-otros contra el patrimonio,7543
2021,MADRID (COMUNIDAD DE),6. seguridad colectiva,7463
2021,MADRID (COMUNIDAD DE),6.1.-trafico de drogas,2502
2021,MADRID (COMUNIDAD DE),6.2.-contra la seguridad vial,4759
2021,MADRID (COMUNIDAD DE),6.3.-otros contra la seguridad colectiva,202
2021,MADRID (COMUNIDAD DE),7. falsedades,6857
2021,MADRID (COMUNIDAD DE),8. admon. publica,60
2021,MADRID (COMUNIDAD DE),9. admon. justicia,5006
2021,MADRID (COMUNIDAD DE),total infracciones penales,345987
2021,MURCIA (REGION DE),1. contra las personas,6658
2021,MURCIA (REGION DE),1.1.-homicidios dolosos/asesinatos,60
2021,MURCIA (REGION DE),1.1.1.-homicidios dolosos/asesinatos consumados,14
2021,MURCIA (REGION DE),1.2.-lesiones,3484
2021,MURCIA (REGION DE),1.3.-malos tratos ambito familiar,3030
2021,MURCIA (REGION DE),1.4.-otros contra las personas,84
2021,MURCIA (REGION DE),10. orden publico,816
2021,MURCIA (REGION DE),11. legislacion especial,10
2021,MURCIA (REGION DE),12. otras infracciones penales,583
2021,MURCIA (REGION DE),2. contra la libertad,4415
2021,MURCIA (REGION DE),2.1.-malos tratos habituales en el ambito familiar,354
2021,MURCIA (REGION DE),2.2.-otros contra la libertad,4061
2021,MURCIA (REGION DE),3. libertad sexual,613
2021,MURCIA (REGION DE),3.1.-agresion sexual,395
2021,MURCIA (REGION DE),3.2.-agresion sexual con penetracion,110
2021,MURCIA (REGION DE),3.3.-corrupcion de menores o incapacitados,16
2021,MURCIA (REGION DE),3.4.-pornografia de menores,27
2021,MURCIA (REGION DE),3.5.-otros contra la libertad sexual,65
2021,MURCIA (REGION DE),4. relaciones familiares,615
2021,MURCIA (REGION DE),5. patrimonio,40153
2021,MURCIA (REGION DE),5.1.-hurtos,11925
2021,MURCIA (REGION DE),5.2.-robos con fuerza en las cosas,9127
2021,MURCIA (REGION DE),5.2.1.-robos con fuerza en las cosas en el interior de vehiculos,2940
2021,MURCIA (REGION DE),5.2.2.-robos con fuerza en viviendas,3793
2021,MURCIA (REGION DE),5.2.3.-robos con fuerza en establecimientos,1028
2021,MURCIA (REGION DE),5.3.-robos con violencia o intimidacion,1375
2021,MURCIA (REGION DE),5.3.1.-robos con violencia en via publica,809
2021,MURCIA (REGION DE),5.3.2.-robos con violencia en viviendas,112
2021,MURCIA (REGION DE),5.3.3.-robos con violencia en establecimientos,236
2021,MURCIA (REGION DE),5.4.-sustraccion de vehiculos,666
2021,MURCIA (REGION DE),5.5.-estafas,9632
2021,MURCIA (REGION DE),5.5.1.-estafas informaticas,6754
2021,MURCIA (REGION DE),5.6.-danos,5447
2021,MURCIA (REGION DE),5.7.-contra la propiedad intelectual/industrial,45
2021,MURCIA (REGION DE),5.8.-blanqueo de capitales,15
2021,MURCIA (REGION DE),5.9.-otros contra el patrimonio,1921
2021,MURCIA (REGION DE),6. seguridad colectiva,1497
2021,MURCIA (REGION DE),6.1.-trafico de drogas,506
2021,MURCIA (REGION DE),6.2.-contra la seguridad vial,935
2021,MURCIA (REGION DE),6.3.-otros contra la seguridad colectiva,56
2021,MURCIA (REGION DE),7. falsedades,1336
2021,MURCIA (REGION DE),8. admon. publica,28
2021,MURCIA (REGION DE),9. admon. justicia,1250
2021,MURCIA (REGION DE),total infracciones penales,57974
2021,NAVARRA (COMUNIDAD FORAL DE),1. contra las personas,2470
2021,NAVARRA (COMUNIDAD FORAL DE),1.1.-homicidios dolosos/asesinatos,23
2021,NAVARRA (COMUNIDAD FORAL DE),1.1.1.-homicidios dolosos/asesinatos consumados,2
2021,NAVARRA (COMUNIDAD FORAL DE),1.2.-lesiones,1448
2021,NAVARRA (COMUNIDAD FORAL DE),1.3.-malos tratos ambito familiar,936
2021,NAVARRA (COMUNIDAD FORAL DE),1.4.-otros contra las personas,63
2021,NAVARRA (COMUNIDAD FORAL DE),10. orden publico,452
2021,NAVARRA (COMUNIDAD FORAL DE),11. legislacion especial,0
2021,NAVARRA (COMUNIDAD FORAL DE),12. otras infracciones penales,180
2021,NAVARRA (COMUNIDAD FORAL DE),2. contra la libertad,2060
2021,NAVARRA (COMUNIDAD FORAL DE),2.1.-malos tratos habituales en el ambito familiar,150
2021,NAVARRA (COMUNIDAD FORAL DE),2.2.-otros contra la libertad,1910
2021,NAVARRA (COMUNIDAD FORAL DE),3. libertad sexual,264
2021,NAVARRA (COMUNIDAD FORAL DE),3.1.-agresion sexual,144
2021,NAVARRA (COMUNIDAD FORAL DE),3.2.-agresion sexual con penetracion,66
2021,NAVARRA (COMUNIDAD FORAL DE),3.3.-corrupcion de menores o incapacitados,17
2021,NAVARRA (COMUNIDAD FORAL DE),3.4.-pornografia de menores,8
2021,NAVARRA (COMUNIDAD FORAL DE),3.5.-otros contra la libertad sexual,29
2021,NAVARRA (COMUNIDAD FORAL DE),4. relaciones familiares,100
2021,NAVARRA (COMUNIDAD FORAL DE),5. patrimonio,18724
2021,NAVARRA (COMUNIDAD FORAL DE),5.1.-hurtos,5523
2021,NAVARRA (COMUNIDAD FORAL DE),5.2.-robos con fuerza en las cosas,2358
2021,NAVARRA (COMUNIDAD FORAL DE),5.2.1.-robos con fuerza en las cosas en el interior de vehiculos,510
2021,NAVARRA (COMUNIDAD FORAL DE),5.2.2.-robos con fuerza en viviendas,824
2021,NAVARRA (COMUNIDAD FORAL DE),5.2.3.-robos con fuerza en establecimientos,399
2021,NAVARRA (COMUNIDAD FORAL DE),5.3.-robos con violencia o intimidacion,298
2021,NAVARRA (COMUNIDAD FORAL DE),5.3.1.-robos con violencia en via publica,200
2021,NAVARRA (COMUNIDAD FORAL DE),5.3.2.-robos con violencia en viviendas,16
2021,NAVARRA (COMUNIDAD FORAL DE),5.3.3.-robos con violencia en establecimientos,43
2021,NAVARRA (COMUNIDAD FORAL DE),5.4.-sustraccion de vehiculos,122
2021,NAVARRA (COMUNIDAD FORAL DE),5.5.-estafas,6023
2021,NAVARRA (COMUNIDAD FORAL DE),5.5.1.-estafas informaticas,3673
2021,NAVARRA (COMUNIDAD FORAL DE),5.6.-danos,3667
2021,NAVARRA (COMUNIDAD FORAL DE),5.7.-contra la propiedad intelectual/industrial,8
2021,NAVARRA (COMUNIDAD FORAL DE),5.8.-blanqueo de capitales,10
2021,NAVARRA (COMUNIDAD FORAL DE),5.9.-otros contra el patrimonio,715
2021,NAVARRA (COMUNIDAD FORAL DE),6. seguridad colectiva,1370
2021,NAVARRA (COMUNIDAD FORAL DE),6.1.-trafico de drogas,147
2021,NAVARRA (COMUNIDAD FORAL DE),6.2.-contra la seguridad vial,1187
2021,NAVARRA (COMUNIDAD FORAL DE),6.3.-otros contra la seguridad colectiva,36
2021,NAVARRA (COMUNIDAD FORAL DE),7. falsedades,693
2021,NAVARRA (COMUNIDAD FORAL DE),8. admon. publica,16
2021,NAVARRA (COMUNIDAD FORAL DE),9. admon. justicia,390
2021,NAVARRA (COMUNIDAD FORAL DE),total infracciones penales,26719
2021,PAIS VASCO,1. contra las personas,6457
2021,PAIS VASCO,1.1.-homicidios dolosos/asesinatos,62
2021,PAIS VASCO,1.1.1.-homicidios dolosos/asesinatos consumados,11
2021,PAIS VASCO,1.2.-lesiones,4151
2021,PAIS VASCO,1.3.-malos tratos ambito familiar,1836
2021,PAIS VASCO,1.4.-otros contra las personas,408
2021,PAIS VASCO,10. orden publico,1490
2021,PAIS VASCO,11. legislacion especial,2
2021,PAIS VASCO,12. otras infracciones penales,538
2021,PAIS VASCO,2. contra la libertad,7754
2021,PAIS VASCO,2.1.-malos tratos habituales en el ambito familiar,2427
2021,PAIS VASCO,2.2.-otros contra la libertad,5327
2021,PAIS VASCO,3. libertad sexual,718
2021,PAIS VASCO,3.1.-agresion sexual,366
2021,PAIS VASCO,3.2.-agresion sexual con penetracion,215
2021,PAIS VASCO,3.3.-corrupcion de menores o incapacitados,10
2021,PAIS VASCO,3.4.-pornografia de menores,30
2021,PAIS VASCO,3.5.-otros contra la libertad sexual,97
2021,PAIS VASCO,4. relaciones familiares,120
2021,PAIS VASCO,5. patrimonio,61679
2021,PAIS VASCO,5.1.-hurtos,22253
2021,PAIS VASCO,5.2.-robos con fuerza en las cosas,10684
2021,PAIS VASCO,5.2.1.-robos con fuerza en las cosas en el interior de vehiculos,30
2021,PAIS VASCO,5.2.2.-robos con fuerza en viviendas,4350
2021,PAIS VASCO,5.2.3.-robos con fuerza en establecimientos,1761
2021,PAIS VASCO,5.3.-robos con violencia o intimidacion,1426
2021,PAIS VASCO,5.3.1.-robos con violencia en via publica,996
2021,PAIS VASCO,5.3.2.-robos con violencia en viviendas,83
2021,PAIS VASCO,5.3.3.-robos con violencia en establecimientos,221
2021,PAIS VASCO,5.4.-sustraccion de vehiculos,694
2021,PAIS VASCO,5.5.-estafas,17352
2021,PAIS VASCO,5.5.1.-estafas informaticas,15016
2021,PAIS VASCO,5.6.-danos,7359
2021,PAIS VASCO,5.7.-contra la propiedad intelectual/industrial,11
2021,PAIS VASCO,5.8.-blanqueo de capitales,4
2021,PAIS VASCO,5.9.-otros contra el patrimonio,1896
2021,PAIS VASCO,6. seguridad colectiva,3021
2021,PAIS VASCO,6.1.-trafico de drogas,525
2021,PAIS VASCO,6.2.-contra la seguridad vial,2335
2021,PAIS VASCO,6.3.-otros contra la seguridad colectiva,161
2021,PAIS VASCO,7. falsedades,1461
2021,PAIS VASCO,8. admon. publica,16
2021,PAIS VASCO,9. admon. justicia,1525
2021,PAIS VASCO,total infracciones penales,84781
2021,RIOJA (LA),1. contra las personas,1166
2021,RIOJA (LA),1.1.-homicidios dolosos/asesinatos,8
2021,RIOJA (LA),1.1.1.-homicidios dolosos/asesinatos consumados,3
2021,RIOJA (LA),1.2.-lesiones,658
2021,RIOJA (LA),1.3.-malos tratos ambito familiar,482
2021,RIOJA (LA),1.4.-otros contra las personas,18
2021,RIOJA (LA),10. orden publico,177
2021,RIOJA (LA),11. legislacion especial,0
2021,RIOJA (LA),12. otras infracciones penales,51
2021,RIOJA (LA),2. contra la libertad,775
2021,RIOJA (LA),2.1.-malos tratos habituales en el ambito familiar,91
2021,RIOJA (LA),2.2.-otros contra la libertad,684
2021,RIOJA (LA),3. libertad sexual,102
2021,RIOJA (LA),3.1.-agresion sexual,69
2021,RIOJA (LA),3.2.-agresion sexual con penetracion,14
2021,RIOJA (LA),3.3.-corrupcion de menores o incapacitados,3
2021,RIOJA (LA),3.4.-pornografia de menores,3
2021,RIOJA (LA),3.5.-otros contra la libertad sexual,13
2021,RIOJA (LA),4. relaciones familiares,20
2021,RIOJA (LA),5. patrimonio,5983
2021,RIOJA (LA),5.1.-hurtos,1789
2021,RIOJA (LA),5.2.-robos con fuerza en las cosas,844
2021,RIOJA (LA),5.2.1.-robos con fuerza en las cosas en el interior de vehiculos,178
2021,RIOJA (LA),5.2.2.-robos con fuerza en viviendas,397
2021,RIOJA (LA),5.2.3.-robos con fuerza en establecimientos,92
2021,RIOJA (LA),5.3.-robos con violencia o intimidacion,116
2021,RIOJA (LA),5.3.1.-robos con violencia en via publica,68
2021,RIOJA (LA),5.3.2.-robos con violencia en viviendas,7
2021,RIOJA (LA),5.3.3.-robos con violencia en establecimientos,25
2021,RIOJA (LA),5.4.-sustraccion de vehiculos,59
2021,RIOJA (LA),5.5.-estafas,1981
2021,RIOJA (LA),5.5.1.-estafas informaticas,1794
2021,RIOJA (LA),5.6.-danos,931
2021,RIOJA (LA),5.7.-contra la propiedad intelectual/industrial,1
2021,RIOJA (LA),5.8.-blanqueo de capitales,0
2021,RIOJA (LA),5.9.-otros contra el patrimonio,262
2021,RIOJA (LA),6. seguridad colectiva,440
2021,RIOJA (LA),6.1.-trafico de drogas,75
2021,RIOJA (LA),6.2.-contra la seguridad vial,320
2021,RIOJA (LA),6.3.-otros contra la seguridad colectiva,45
2021,RIOJA (LA),7. falsedades,174
2021,RIOJA (LA),8. admon. publica,4
2021,RIOJA (LA),9. admon. justicia,223
2021,RIOJA (LA),total infracciones penales,9115
2022,ANDALUCIA,1. contra las personas,42594
2022,ANDALUCIA,1.1.-homicidios dolosos/asesinatos,358
2022,ANDALUCIA,1.1.1.-homicidios dolosos/asesinatos consumados,74
2022,ANDALUCIA,1.2.-lesiones,23218
2022,ANDALUCIA,1.3.-malos tratos ambito familiar,18119
2022,ANDALUCIA,1.4.-otros contra las personas,899
2022,ANDALUCIA,10. orden publico,5077
2022,ANDALUCIA,11. legislacion especial,215
2022,ANDALUCIA,12. otras infracciones penales,2541
2022,ANDALUCIA,2. contra la libertad,28618
2022,ANDALUCIA,2.1.-malos tratos habituales en el ambito familiar,2858
2022,ANDALUCIA,2.2.-otros contra la libertad,25760
2022,ANDALUCIA,3. libertad sexual,3067
2022,ANDALUCIA,3.1.-agresion sexual,1848
2022,ANDALUCIA,3.2.-agresion sexual con penetracion,512
2022,ANDALUCIA,3.3.-corrupcion de menores o incapacitados,84
2022,ANDALUCIA,3.4.-pornografia de menores,118
2022,ANDALUCIA,3.5.-otros contra la libertad sexual,505
2022,ANDALUCIA,4. relaciones familiares,1575
2022,ANDALUCIA,5. patrimonio,264965
2022,ANDALUCIA,5.1.-hurtos,89038
2022,ANDALUCIA,5.2.-robos con fuerza en las cosas,44168
2022,ANDALUCIA,5.2.1.-robos con fuerza en las cosas en el interior de vehiculos,17583
2022,ANDALUCIA,5.2.2.-robos con fuerza en viviendas,13281
2022,ANDALUCIA,5.2.3.-robos con fuerza en establecimientos,5362
2022,ANDALUCIA,5.3.-robos con violencia o intimidacion,7335
2022,ANDALUCIA,5.3.1.-robos con violencia en via publica,4843
2022,ANDALUCIA,5.3.2.-robos con violencia en viviendas,586
2022,ANDALUCIA,5.3.3.-robos con violencia en establecimientos,1107
2022,ANDALUCIA,5.4.-sustraccion de vehiculos,5578
2022,ANDALUCIA,5.5.-estafas,71465
2022,ANDALUCIA,5.5.1.-estafas informaticas,49323
2022,ANDALUCIA,5.6.-danos,34850
2022,ANDALUCIA,5.7.-contra la propiedad intelectual/industrial,177
2022,ANDALUCIA,5.8.-blanqueo de capitales,107
2022,ANDALUCIA,5.9.-otros contra el patrimonio,12247
2022,ANDALUCIA,6. seguridad colectiva,16380
2022,ANDALUCIA,6.1.-trafico de drogas,4616
2022,ANDALUCIA,6.2.-contra la seguridad vial,11052
2022,ANDALUCIA,6.3.-otros contra la seguridad colectiva,712
2022,ANDALUCIA,7. falsedades,6385
2022,ANDALUCIA,8. admon. publica,91
2022,ANDALUCIA,9. admon. justicia,7625
2022,ANDALUCIA,total infracciones penales,379133
2022,ARAGON,1. contra las personas,5597
2022,ARAGON,1.1.-homicidios dolosos/asesinatos,37
2022,ARAGON,1.1.1.-homicidios dolosos/asesinatos consumados,10
2022,ARAGON,1.2.-lesiones,2838
2022,ARAGON,1.3.-malos tratos ambito familiar,2627
2022,ARAGON,1.4.-otros contra las personas,95
2022,ARAGON,10. orden publico,882
2022,ARAGON,11. legislacion especial,3
2022,ARAGON,12. otras infracciones penales,236
2022,ARAGON,2. contra la libertad,2719
2022,ARAGON,2.1.-malos tratos habituales en el ambito familiar,282
2022,ARAGON,2.2.-otros contra la libertad,2437
2022,ARAGON,3. libertad sexual,423
2022,ARAGON,3.1.-agresion sexual,245
2022,ARAGON,3.2.-agresion sexual con penetracion,89
2022,ARAGON,3.3.-corrupcion de menores o incapacitados,18
2022,ARAGON,3.4.-pornografia de menores,20
2022,ARAGON,3.5.-otros contra la libertad sexual,51
2022,ARAGON,4. relaciones familiares,186
2022,ARAGON,5. patrimonio,34667
2022,ARAGON,5.1.-hurtos,10629
2022,ARAGON,5.2.-robos con fuerza en las cosas,5193
2022,ARAGON,5.2.1.-robos con fuerza en las cosas en el interior de vehiculos,1026
2022,ARAGON,5.2.2.-robos con fuerza en viviendas,1493
2022,ARAGON,5.2.3.-robos con fuerza en establecimientos,881
2022,ARAGON,5.3.-robos con violencia o intimidacion,1195
2022,ARAGON,5.3.1.-robos con violencia en via publica,843
2022,ARAGON,5.3.2.-robos con violencia en viviendas,55
2022,ARAGON,5.3.3.-robos con violencia en establecimientos,197
2022,ARAGON,5.4.-sustraccion de vehiculos,279
2022,ARAGON,5.5.-estafas,10951
2022,ARAGON,5.5.1.-estafas informaticas,8732
2022,ARAGON,5.6.-danos,5208
2022,ARAGON,5.7.-contra la propiedad intelectual/industrial,20
2022,ARAGON,5.8.-blanqueo de capitales,10
2022,ARAGON,5.9.-otros contra el patrimonio,1182
2022,ARAGON,6. seguridad colectiva,1673
2022,ARAGON,6.1.-trafico de drogas,420
2022,ARAGON,6.2.-contra la seguridad vial,1209
2022,ARAGON,6.3.-otros contra la seguridad colectiva,44
2022,ARAGON,7. falsedades,631
2022,ARAGON,8. admon. publica,12
2022,ARAGON,9. admon. justicia,860
2022,ARAGON,total infracciones penales,47889
2022,ASTURIAS (PRINCIPADO DE),1. contra las personas,3895
2022,ASTURIAS (PRINCIPADO DE),1.1.-homicidios dolosos/asesinatos,22
2022,ASTURIAS (PRINCIPADO DE),1.1.1.-homicidios dolosos/asesinatos consumados,6
2022,ASTURIAS (PRINCIPADO DE),1.2.-lesiones,2213
2022,ASTURIAS (PRINCIPADO DE),1.3.-malos tratos ambito familiar,1593
2022,ASTURIAS (PRINCIPADO DE),1.4.-otros contra las personas,67
2022,ASTURIAS (PRINCIPADO DE),10. orden publico,506
2022,ASTURIAS (PRINCIPADO DE),11. legislacion especial,1
2022,ASTURIAS (PRINCIPADO DE),12. otras infracciones penales,238
2022,ASTURIAS (PRINCIPADO DE),2. contra la libertad,2228
2022,ASTURIAS (PRINCIPADO DE),2.1.-malos tratos habituales en el ambito familiar,105
2022,ASTURIAS (PRINCIPADO DE),2.2.-otros contra la libertad,2123
2022,ASTURIAS (PRINCIPADO DE),3. libertad sexual,277
2022,ASTURIAS (PRINCIPADO DE),3.1.-agresion sexual,174
2022,ASTURIAS (PRINCIPADO DE),3.2.-agresion sexual con penetracion,46
2022,ASTURIAS (PRINCIPADO DE),3.3.-corrupcion de menores o incapacitados,9
2022,ASTURIAS (PRINCIPADO DE),3.4.-pornografia de menores,11
2022,ASTURIAS (PRINCIPADO DE),3.5.-otros contra la libertad sexual,37
2022,ASTURIAS (PRINCIPADO DE),4. relaciones familiares,69
2022,ASTURIAS (PRINCIPADO DE),5. patrimonio,22476
2022,ASTURIAS (PRINCIPADO DE),5.1.-hurtos,6810
2022,ASTURIAS (PRINCIPADO DE),5.2.-robos con fuerza en las cosas,2083
2022,ASTURIAS (PRINCIPADO DE),5.2.1.-robos con fuerza en las cosas en el interior de vehiculos,458
2022,ASTURIAS (PRINCIPADO DE),5.2.2.-robos con fuerza en viviendas,830
2022,ASTURIAS (PRINCIPADO DE),5.2.3.-robos con fuerza en establecimientos,353
2022,ASTURIAS (PRINCIPADO DE),5.3.-robos con violencia o intimidacion,392
2022,ASTURIAS (PRINCIPADO DE),5.3.1.-robos con violencia en via publica,212
2022,ASTURIAS (PRINCIPADO DE),5.3.2.-robos con violencia en viviendas,35
2022,ASTURIAS (PRINCIPADO DE),5.3.3.-robos con violencia en establecimientos,95
2022,ASTURIAS (PRINCIPADO DE),5.4.-sustraccion de vehiculos,239
2022,ASTURIAS (PRINCIPADO DE),5.5.-estafas,8809
2022,ASTURIAS (PRINCIPADO DE),5.5.1.-estafas informaticas,7661
2022,ASTURIAS (PRINCIPADO DE),5.6.-danos,3151
2022,ASTURIAS (PRINCIPADO DE),5.7.-contra la propiedad intelectual/industrial,13
2022,ASTURIAS (PRINCIPADO DE),5.8.-blanqueo de capitales,1
2022,ASTURIAS (PRINCIPADO DE),5.9.-otros contra el patrimonio,978
2022,ASTURIAS (PRINCIPADO DE),6. seguridad colectiva,1080
2022,ASTURIAS (PRINCIPADO DE),6.1.-trafico de drogas,170
2022,ASTURIAS (PRINCIPADO DE),6.2.-contra la seguridad vial,859
2022,ASTURIAS (PRINCIPADO DE),6.3.-otros contra la seguridad colectiva,51
2022,ASTURIAS (PRINCIPADO DE),7. falsedades,592
2022,ASTURIAS (PRINCIPADO DE),8. admon. publica,2
2022,ASTURIAS (PRINCIPADO DE),9. admon. justicia,729
2022,ASTURIAS (PRINCIPADO DE),total infracciones penales,32093
2022,BALEARS (ILLES),1. contra las personas,9288
2022,BALEARS (ILLES),1.1.-homicidios dolosos/asesinatos,39
2022,BALEARS (ILLES),1.1.1.-homicidios dolosos/asesinatos consumados,3
2022,BALEARS (ILLES),1.2.-lesiones,4169
2022,BALEARS (ILLES),1.3.-malos tratos ambito familiar,4868
2022,BALEARS (ILLES),1.4.-otros contra las personas,212
2022,BALEARS (ILLES),10. orden publico,884
2022,BALEARS (ILLES),11. legislacion especial,1
2022,BALEARS (ILLES),12. otras infracciones penales,330
2022,BALEARS (ILLES),2. contra la libertad,5863
2022,BALEARS (ILLES),2.1.-malos tratos habituales en el ambito familiar,642
2022,BALEARS (ILLES),2.2.-otros contra la libertad,5221
2022,BALEARS (ILLES),3. libertad sexual,915
2022,BALEARS (ILLES),3.1.-agresion sexual,597
2022,BALEARS (ILLES),3.2.-agresion sexual con penetracion,157
2022,BALEARS (ILLES),3.3.-corrupcion de menores o incapacitados,23
2022,BALEARS (ILLES),3.4.-pornografia de menores,14
2022,BALEARS (ILLES),3.5.-otros contra la libertad sexual,124
2022,BALEARS (ILLES),4. relaciones familiares,280
2022,BALEARS (ILLES),5. patrimonio,53397
2022,BALEARS (ILLES),5.1.-hurtos,24460
2022,BALEARS (ILLES),5.2.-robos con fuerza en las cosas,7048
2022,BALEARS (ILLES),5.2.1.-robos con fuerza en las cosas en el interior de vehiculos,3192
2022,BALEARS (ILLES),5.2.2.-robos con fuerza en viviendas,2174
2022,BALEARS (ILLES),5.2.3.-robos con fuerza en establecimientos,748
2022,BALEARS (ILLES),5.3.-robos con violencia o intimidacion,1272
2022,BALEARS (ILLES),5.3.1.-robos con violencia en via publica,811
2022,BALEARS (ILLES),5.3.2.-robos con violencia en viviendas,88
2022,BALEARS (ILLES),5.3.3.-robos con violencia en establecimientos,167
2022,BALEARS (ILLES),5.4.-sustraccion de vehiculos,1564
2022,BALEARS (ILLES),5.5.-estafas,11589
2022,BALEARS (ILLES),5.5.1.-estafas informaticas,7452
2022,BALEARS (ILLES),5.6.-danos,5284
2022,BALEARS (ILLES),5.7.-contra la propiedad intelectual/industrial,72
2022,BALEARS (ILLES),5.8.-blanqueo de capitales,9
2022,BALEARS (ILLES),5.9.-otros contra el patrimonio,2099
2022,BALEARS (ILLES),6. seguridad colectiva,2458
2022,BALEARS (ILLES),6.1.-trafico de drogas,627
2022,BALEARS (ILLES),6.2.-contra la seguridad vial,1692
2022,BALEARS (ILLES),6.3.-otros contra la seguridad colectiva,139
2022,BALEARS (ILLES),7. falsedades,1045
2022,BALEARS (ILLES),8. admon. publica,22
2022,BALEARS (ILLES),9. admon. justicia,1499
2022,BALEARS (ILLES),total infracciones penales,75982
2022,CANARIAS,1. contra las personas,13601
2022,CANARIAS,1.1.-homicidios dolosos/asesinatos,60
2022,CANARIAS,1.1.1.-homicidios dolosos/asesinatos consumados,13
2022,CANARIAS,1.2.-lesiones,7038
2022,CANARIAS,1.3.-malos tratos ambito familiar,6060
2022,CANARIAS,1.4.-otros contra las personas,443
2022,CANARIAS,10. orden publico,935
2022,CANARIAS,11. legislacion especial,1
2022,CANARIAS,12. otras infracciones penales,668
2022,CANARIAS,2. contra la libertad,9960
2022,CANARIAS,2.1.-malos tratos habituales en el ambito familiar,841
2022,CANARIAS,2.2.-otros contra la libertad,9119
2022,CANARIAS,3. libertad sexual,1148
2022,CANARIAS,3.1.-agresion sexual,748
2022,CANARIAS,3.2.-agresion sexual con penetracion,234
2022,CANARIAS,3.3.-corrupcion de menores o incapacitados,19
2022,CANARIAS,3.4.-pornografia de menores,33
2022,CANARIAS,3.5.-otros contra la libertad sexual,114
2022,CANARIAS,4. relaciones familiares,599
2022,CANARIAS,5. patrimonio,61602
2022,CANARIAS,5.1.-hurtos,23596
2022,CANARIAS,5.2.-robos con fuerza en las cosas,8596
2022,CANARIAS,5.2.1.-robos con fuerza en las cosas en el interior de vehiculos,3373
2022,CANARIAS,5.2.2.-robos con fuerza en viviendas,2370
2022,CANARIAS,5.2.3.-robos con fuerza en establecimientos,1241
2022,CANARIAS,5.3.-robos con violencia o intimidacion,1615
2022,CANARIAS,5.3.1.-robos con violencia en via publica,948
2022,CANARIAS,5.3.2.-robos con violencia en viviendas,138
2022,CANARIAS,5.3.3.-robos con violencia en establecimientos,300
2022,CANARIAS,5.4.-sustraccion de vehiculos,1244
2022,CANARIAS,5.5.-estafas,16324
2022,CANARIAS,5.5.1.-estafas informaticas,11699
2022,CANARIAS,5.6.-danos,7688
2022,CANARIAS,5.7.-contra la propiedad intelectual/industrial,91
2022,CANARIAS,5.8.-blanqueo de capitales,10
2022,CANARIAS,5.9.-otros contra el patrimonio,2438
2022,CANARIAS,6. seguridad colectiva,3649
2022,CANARIAS,6.1.-trafico de drogas,744
2022,CANARIAS,6.2.-contra la seguridad vial,2799
2022,CANARIAS,6.3.-otros contra la seguridad colectiva,106
2022,CANARIAS,7. falsedades,1290
2022,CANARIAS,8. admon. publica,23
2022,CANARIAS,9. admon. justicia,1975
2022,CANARIAS,total infracciones penales,95451
2022,CANTABRIA,1. contra las personas,2463
2022,CANTABRIA,1.1.-homicidios dolosos/asesinatos,12
2022,CANTABRIA,1.1.1.-homicidios dolosos/asesinatos consumados,1
2022,CANTABRIA,1.2.-lesiones,1504
2022,CANTABRIA,1.3.-malos tratos ambito familiar,865
2022,CANTABRIA,1.4.-otros contra las personas,82
2022,CANTABRIA,10. orden publico,362
2022,CANTABRIA,11. legislacion especial,1
2022,CANTABRIA,12. otras infracciones penales,144
2022,CANTABRIA,2. contra la libertad,1655
2022,CANTABRIA,2.1.-malos tratos habituales en el ambito familiar,163
2022,CANTABRIA,2.2.-otros contra la libertad,1492
2022,CANTABRIA,3. libertad sexual,162
2022,CANTABRIA,3.1.-agresion sexual,90
2022,CANTABRIA,3.2.-agresion sexual con penetracion,39
2022,CANTABRIA,3.3.-corrupcion de menores o incapacitados,4
2022,CANTABRIA,3.4.-pornografia de menores,11
2022,CANTABRIA,3.5.-otros contra la libertad sexual,18
2022,CANTABRIA,4. relaciones familiares,55
2022,CANTABRIA,5. patrimonio,17321
2022,CANTABRIA,5.1.-hurtos,4878
2022,CANTABRIA,5.2.-robos con fuerza en las cosas,2841
2022,CANTABRIA,5.2.1.-robos con fuerza en las cosas en el interior de vehiculos,578
2022,CANTABRIA,5.2.2.-robos con fuerza en viviendas,1348
2022,CANTABRIA,5.2.3.-robos con fuerza en establecimientos,445
2022,CANTABRIA,5.3.-robos con violencia o intimidacion,242
2022,CANTABRIA,5.3.1.-robos con violencia en via publica,109
2022,CANTABRIA,5.3.2.-robos con violencia en viviendas,31
2022,CANTABRIA,5.3.3.-robos con violencia en establecimientos,71
2022,CANTABRIA,5.4.-sustraccion de vehiculos,86
2022,CANTABRIA,5.5.-estafas,5888
2022,CANTABRIA,5.5.1.-estafas informaticas,4349
2022,CANTABRIA,5.6.-danos,2760
2022,CANTABRIA,5.7.-contra la propiedad intelectual/industrial,22
2022,CANTABRIA,5.8.-blanqueo de capitales,2
2022,CANTABRIA,5.9.-otros contra el patrimonio,602
2022,CANTABRIA,6. seguridad colectiva,895
2022,CANTABRIA,6.1.-trafico de drogas,83
2022,CANTABRIA,6.2.-contra la seguridad vial,772
2022,CANTABRIA,6.3.-otros contra la seguridad colectiva,40
2022,CANTABRIA,7. falsedades,259
2022,CANTABRIA,8. admon. publica,2
2022,CANTABRIA,9. admon. justicia,390
2022,CANTABRIA,total infracciones penales,23709
2022,CASTILLA - LA MANCHA,1. contra las personas,8388
2022,CASTILLA - LA MANCHA,1.1.-homicidios dolosos/asesinatos,66
2022,CASTILLA - LA MANCHA,1.1.1.-homicidios dolosos/asesinatos consumados,19
2022,CASTILLA - LA MANCHA,1.2.-lesiones,4708
2022,CASTILLA - LA MANCHA,1.3.-malos tratos ambito familiar,3436
2022,CASTILLA - LA MANCHA,1.4.-otros contra las personas,178
2022,CASTILLA - LA MANCHA,10. orden publico,985
2022,CASTILLA - LA MANCHA,11. legislacion especial,11
2022,CASTILLA - LA MANCHA,12. otras infracciones penales,578
2022,CASTILLA - LA MANCHA,2. contra la libertad,5816
2022,CASTILLA - LA MANCHA,2.1.-malos tratos habituales en el ambito familiar,807
2022,CASTILLA - LA MANCHA,2.2.-otros contra la libertad,5009
2022,CASTILLA - LA MANCHA,3. libertad sexual,619
2022,CASTILLA - LA MANCHA,3.1.-agresion sexual,403
2022,CASTILLA - LA MANCHA,3.2.-agresion sexual con penetracion,116
2022,CASTILLA - LA MANCHA,3.3.-corrupcion de menores o incapacitados,11
2022,CASTILLA - LA MANCHA,3.4.-pornografia de menores,13
2022,CASTILLA - LA MANCHA,3.5.-otros contra la libertad sexual,76
2022,CASTILLA - LA MANCHA,4. relaciones familiares,389
2022,CASTILLA - LA MANCHA,5. patrimonio,57046
2022,CASTILLA - LA MANCHA,5.1.-hurtos,14393
2022,CASTILLA - LA MANCHA,5.2.-robos con fuerza en las cosas,10344
2022,CASTILLA - LA MANCHA,5.2.1.-robos con fuerza en las cosas en el interior de vehiculos,2349
2022,CASTILLA - LA MANCHA,5.2.2.-robos con fuerza en viviendas,3307
2022,CASTILLA - LA MANCHA,5.2.3.-robos con fuerza en establecimientos,1406
2022,CASTILLA - LA MANCHA,5.3.-robos con violencia o intimidacion,899
2022,CASTILLA - LA MANCHA,5.3.1.-robos con violencia en via publica,534
2022,CASTILLA - LA MANCHA,5.3.2.-robos con violencia en viviendas,97
2022,CASTILLA - LA MANCHA,5.3.3.-robos con violencia en establecimientos,149
2022,CASTILLA - LA MANCHA,5.4.-sustraccion de vehiculos,654
2022,CASTILLA - LA MANCHA,5.5.-estafas,18821
2022,CASTILLA - LA MANCHA,5.5.1.-estafas informaticas,13608
2022,CASTILLA - LA MANCHA,5.6.-danos,9024
2022,CASTILLA - LA MANCHA,5.7.-contra la propiedad intelectual/industrial,20
2022,CASTILLA - LA MANCHA,5.8.-blanqueo de capitales,32
2022,CASTILLA - LA MANCHA,5.9.-otros contra el patrimonio,2859
2022,CASTILLA - LA MANCHA,6. seguridad colectiva,3496
2022,CASTILLA - LA MANCHA,6.1.-trafico de drogas,560
2022,CASTILLA - LA MANCHA,6.2.-contra la seguridad vial,2798
2022,CASTILLA - LA MANCHA,6.3.-otros contra la seguridad colectiva,138
2022,CASTILLA - LA MANCHA,7. falsedades,1842
2022,CASTILLA - LA MANCHA,8. admon. publica,9
2022,CASTILLA - LA MANCHA,9. admon. justicia,1663
2022,CASTILLA - LA MANCHA,total infracciones penales,80842
2022,CASTILLA Y LEON,1. contra las personas,8473
2022,CASTILLA Y LEON,1.1.-homicidios dolosos/asesinatos,55
2022,CASTILLA Y LEON,1.1.1.-homicidios dolosos/asesinatos consumados,16
2022,CASTILLA Y LEON,1.2.-lesiones,5126
2022,CASTILLA Y LEON,1.3.-malos tratos ambito familiar,3046
2022,CASTILLA Y LEON,1.4.-otros contra las personas,246
2022,CASTILLA Y LEON,10. orden publico,1018
2022,CASTILLA Y LEON,11. legislacion especial,5
2022,CASTILLA Y LEON,12. otras infracciones penales,691
2022,CASTILLA Y LEON,2. contra la libertad,6075
2022,CASTILLA Y LEON,2.1.-malos tratos habituales en el ambito familiar,584
2022,CASTILLA Y LEON,2.2.-otros contra la libertad,5491
2022,CASTILLA Y LEON,3. libertad sexual,620
2022,CASTILLA Y LEON,3.1.-agresion sexual,362
2022,CASTILLA Y LEON,3.2.-agresion sexual con penetracion,107
2022,CASTILLA Y LEON,3.3.-corrupcion de menores o incapacitados,23
2022,CASTILLA Y LEON,3.4.-pornografia de menores,44
2022,CASTILLA Y LEON,3.5.-otros contra la libertad sexual,84
2022,CASTILLA Y LEON,4. relaciones familiares,189
2022,CASTILLA Y LEON,5. patrimonio,63435
2022,CASTILLA Y LEON,5.1.-hurtos,17361
2022,CASTILLA Y LEON,5.2.-robos con fuerza en las cosas,8160
2022,CASTILLA Y LEON,5.2.1.-robos con fuerza en las cosas en el interior de vehiculos,1564
2022,CASTILLA Y LEON,5.2.2.-robos con fuerza en viviendas,2966
2022,CASTILLA Y LEON,5.2.3.-robos con fuerza en establecimientos,1318
2022,CASTILLA Y LEON,5.3.-robos con violencia o intimidacion,710
2022,CASTILLA Y LEON,5.3.1.-robos con violencia en via publica,374
2022,CASTILLA Y LEON,5.3.2.-robos con violencia en viviendas,84
2022,CASTILLA Y LEON,5.3.3.-robos con violencia en establecimientos,159
2022,CASTILLA Y LEON,5.4.-sustraccion de vehiculos,512
2022,CASTILLA Y LEON,5.5.-estafas,23982
2022,CASTILLA Y LEON,5.5.1.-estafas informaticas,18968
2022,CASTILLA Y LEON,5.6.-danos,10495
2022,CASTILLA Y LEON,5.7.-contra la propiedad intelectual/industrial,45
2022,CASTILLA Y LEON,5.8.-blanqueo de capitales,9
2022,CASTILLA Y LEON,5.9.-otros contra el patrimonio,2161
2022,CASTILLA Y LEON,6. seguridad colectiva,3098
2022,CASTILLA Y LEON,6.1.-trafico de drogas,482
2022,CASTILLA Y LEON,6.2.-contra la seguridad vial,2493
2022,CASTILLA Y LEON,6.3.-otros contra la seguridad colectiva,123
2022,CASTILLA Y LEON,7. falsedades,1706
2022,CASTILLA Y LEON,8. admon. publica,18
2022,CASTILLA Y LEON,9. admon. justicia,1516
2022,CASTILLA Y LEON,total infracciones penales,86844
2022,CATALUNA,1. contra las personas,23180
2022,CATALUNA,1.1.-homicidios dolosos/asesinatos,264
2022,CATALUNA,1.1.1.-homicidios dolosos/asesinatos consumados,63
2022,CATALUNA,1.2.-lesiones,14828
2022,CATALUNA,1.3.-malos tratos ambito familiar,7644
2022,CATALUNA,1.4.-otros contra las personas,444
2022,CATALUNA,10. orden publico,4138
2022,CATALUNA,11. legislacion especial,15
2022,CATALUNA,12. otras infracciones penales,783
2022,CATALUNA,2. contra la libertad,21400
2022,CATALUNA,2.1.-malos tratos habituales en el ambito familiar,1716
2022,CATALUNA,2.2.-otros contra la libertad,19684
2022,CATALUNA,3. libertad sexual,3671
2022,CATALUNA,3.1.-agresion sexual,1986
2022,CATALUNA,3.2.-agresion sexual con penetracion,1184
2022,CATALUNA,3.3.-corrupcion de menores o incapacitados,17
2022,CATALUNA,3.4.-pornografia de menores,189
2022,CATALUNA,3.5.-otros contra la libertad sexual,295
2022,CATALUNA,4. relaciones familiares,1082
2022,CATALUNA,5. patrimonio,400321
2022,CATALUNA,5.1.-hurtos,162170
2022,CATALUNA,5.2.-robos con fuerza en las cosas,64306
2022,CATALUNA,5.2.1.-robos con fuerza en las cosas en el interior de vehiculos,29452
2022,CATALUNA,5.2.2.-robos con fuerza en viviendas,20019
2022,CATALUNA,5.2.3.-robos con fuerza en establecimientos,6671
2022,CATALUNA,5.3.-robos con violencia o intimidacion,25049
2022,CATALUNA,5.3.1.-robos con violencia en via publica,18090
2022,CATALUNA,5.3.2.-robos con violencia en viviendas,1098
2022,CATALUNA,5.3.3.-robos con violencia en establecimientos,2495
2022,CATALUNA,5.4.-sustraccion de vehiculos,7411
2022,CATALUNA,5.5.-estafas,88657
2022,CATALUNA,5.5.1.-estafas informaticas,61607
2022,CATALUNA,5.6.-danos,39074
2022,CATALUNA,5.7.-contra la propiedad intelectual/industrial,243
2022,CATALUNA,5.8.-blanqueo de capitales,47
2022,CATALUNA,5.9.-otros contra el patrimonio,13364
2022,CATALUNA,6. seguridad colectiva,11531
2022,CATALUNA,6.1.-trafico de drogas,3965
2022,CATALUNA,6.2.-contra la seguridad vial,7346
2022,CATALUNA,6.3.-otros contra la seguridad colectiva,220
2022,CATALUNA,7. falsedades,4715
2022,CATALUNA,8. admon. publica,152
2022,CATALUNA,9. admon. justicia,4043
2022,CATALUNA,total infracciones penales,475031
2022,CIUDAD AUTONOMA DE CEUTA,1. contra las personas,738
2022,CIUDAD AUTONOMA DE CEUTA,1.1.-homicidios dolosos/asesinatos,35
2022,CIUDAD AUTONOMA DE CEUTA,1.1.1.-homicidios dolosos/asesinatos consumados,4
2022,CIUDAD AUTONOMA DE CEUTA,1.2.-lesiones,432
2022,CIUDAD AUTONOMA DE CEUTA,1.3.-malos tratos ambito familiar,268
2022,CIUDAD AUTONOMA DE CEUTA,1.4.-otros contra las personas,3
2022,CIUDAD AUTONOMA DE CEUTA,10. orden publico,152
2022,CIUDAD AUTONOMA DE CEUTA,11. legislacion especial,2
2022,CIUDAD AUTONOMA DE CEUTA,12. otras infracciones penales,53
2022,CIUDAD AUTONOMA DE CEUTA,2. contra la libertad,335
2022,CIUDAD AUTONOMA DE CEUTA,2.1.-malos tratos habituales en el ambito familiar,12
2022,CIUDAD AUTONOMA DE CEUTA,2.2.-otros contra la libertad,323
2022,CIUDAD AUTONOMA DE CEUTA,3. libertad sexual,46
2022,CIUDAD AUTONOMA DE CEUTA,3.1.-agresion sexual,35
2022,CIUDAD AUTONOMA DE CEUTA,3.2.-agresion sexual con penetracion,5
2022,CIUDAD AUTONOMA DE CEUTA,3.3.-corrupcion de menores o incapacitados,1
2022,CIUDAD AUTONOMA DE CEUTA,3.4.-pornografia de menores,3
2022,CIUDAD AUTONOMA DE CEUTA,3.5.-otros contra la libertad sexual,2
2022,CIUDAD AUTONOMA DE CEUTA,4. relaciones familiares,29
2022,CIUDAD AUTONOMA DE CEUTA,5. patrimonio,1817
2022,CIUDAD AUTONOMA DE CEUTA,5.1.-hurtos,425
2022,CIUDAD AUTONOMA DE CEUTA,5.2.-robos con fuerza en las cosas,211
2022,CIUDAD AUTONOMA DE CEUTA,5.2.1.-robos con fuerza en las cosas en el interior de vehiculos,134
2022,CIUDAD AUTONOMA DE CEUTA,5.2.2.-robos con fuerza en viviendas,31
2022,CIUDAD AUTONOMA DE CEUTA,5.2.3.-robos con fuerza en establecimientos,13
2022,CIUDAD AUTONOMA DE CEUTA,5.3.-robos con violencia o intimidacion,107
2022,CIUDAD AUTONOMA DE CEUTA,5.3.1.-robos con violencia en via publica,75
2022,CIUDAD AUTONOMA DE CEUTA,5.3.2.-robos con violencia en viviendas,5
2022,CIUDAD AUTONOMA DE CEUTA,5.3.3.-robos con violencia en establecimientos,10
2022,CIUDAD AUTONOMA DE CEUTA,5.4.-sustraccion de vehiculos,107
2022,CIUDAD AUTONOMA DE CEUTA,5.5.-estafas,529
2022,CIUDAD AUTONOMA DE CEUTA,5.5.1.-estafas informaticas,469
2022,CIUDAD AUTONOMA DE CEUTA,5.6.-danos,378
2022,CIUDAD AUTONOMA DE CEUTA,5.7.-contra la propiedad intelectual/industrial,2
2022,CIUDAD AUTONOMA DE CEUTA,5.8.-blanqueo de capitales,1
2022,CIUDAD AUTONOMA DE CEUTA,5.9.-otros contra el patrimonio,57
2022,CIUDAD AUTONOMA DE CEUTA,6. seguridad colectiva,277
2022,CIUDAD AUTONOMA DE CEUTA,6.1.-trafico de drogas,115
2022,CIUDAD AUTONOMA DE CEUTA,6.2.-contra la seguridad vial,153
2022,CIUDAD AUTONOMA DE CEUTA,6.3.-otros contra la seguridad colectiva,9
2022,CIUDAD AUTONOMA DE CEUTA,7. falsedades,78
2022,CIUDAD AUTONOMA DE CEUTA,8. admon. publica,0
2022,CIUDAD AUTONOMA DE CEUTA,9. admon. justicia,108
2022,CIUDAD AUTONOMA DE CEUTA,total infracciones penales,3635
2022,CIUDAD AUTONOMA DE MELILLA,1. contra las personas,926
2022,CIUDAD AUTONOMA DE MELILLA,1.1.-homicidios dolosos/asesinatos,7
2022,CIUDAD AUTONOMA DE MELILLA,1.1.1.-homicidios dolosos/asesinatos consumados,2
2022,CIUDAD AUTONOMA DE MELILLA,1.2.-lesiones,532
2022,CIUDAD AUTONOMA DE MELILLA,1.3.-malos tratos ambito familiar,368
2022,CIUDAD AUTONOMA DE MELILLA,1.4.-otros contra las personas,19
2022,CIUDAD AUTONOMA DE MELILLA,10. orden publico,106
2022,CIUDAD AUTONOMA DE MELILLA,11. legislacion especial,0
2022,CIUDAD AUTONOMA DE MELILLA,12. otras infracciones penales,68
2022,CIUDAD AUTONOMA DE MELILLA,2. contra la libertad,430
2022,CIUDAD AUTONOMA DE MELILLA,2.1.-malos tratos habituales en el ambito familiar,14
2022,CIUDAD AUTONOMA DE MELILLA,2.2.-otros contra la libertad,416
2022,CIUDAD AUTONOMA DE MELILLA,3. libertad sexual,22
2022,CIUDAD AUTONOMA DE MELILLA,3.1.-agresion sexual,15
2022,CIUDAD AUTONOMA DE MELILLA,3.2.-agresion sexual con penetracion,4
2022,CIUDAD AUTONOMA DE MELILLA,3.3.-corrupcion de menores o incapacitados,0
2022,CIUDAD AUTONOMA DE MELILLA,3.4.-pornografia de menores,0
2022,CIUDAD AUTONOMA DE MELILLA,3.5.-otros contra la libertad sexual,3
2022,CIUDAD AUTONOMA DE MELILLA,4. relaciones familiares,13
2022,CIUDAD AUTONOMA DE MELILLA,5. patrimonio,2276
2022,CIUDAD AUTONOMA DE MELILLA,5.1.-hurtos,732
2022,CIUDAD AUTONOMA DE MELILLA,5.2.-robos con fuerza en las cosas,307
2022,CIUDAD AUTONOMA DE MELILLA,5.2.1.-robos con fuerza en las cosas en el interior de vehiculos,191
2022,CIUDAD AUTONOMA DE MELILLA,5.2.2.-robos con fuerza en viviendas,46
2022,CIUDAD AUTONOMA DE MELILLA,5.2.3.-robos con fuerza en establecimientos,38
2022,CIUDAD AUTONOMA DE MELILLA,5.3.-robos con violencia o intimidacion,121
2022,CIUDAD AUTONOMA DE MELILLA,5.3.1.-robos con violencia en via publica,96
2022,CIUDAD AUTONOMA DE MELILLA,5.3.2.-robos con violencia en viviendas,6
2022,CIUDAD AUTONOMA DE MELILLA,5.3.3.-robos con violencia en establecimientos,9
2022,CIUDAD AUTONOMA DE MELILLA,5.4.-sustraccion de vehiculos,78
2022,CIUDAD AUTONOMA DE MELILLA,5.5.-estafas,536
2022,CIUDAD AUTONOMA DE MELILLA,5.5.1.-estafas informaticas,329
2022,CIUDAD AUTONOMA DE MELILLA,5.6.-danos,427
2022,CIUDAD AUTONOMA DE MELILLA,5.7.-contra la propiedad intelectual/industrial,0
2022,CIUDAD AUTONOMA DE MELILLA,5.8.-blanqueo de capitales,1
2022,CIUDAD AUTONOMA DE MELILLA,5.9.-otros contra el patrimonio,74
2022,CIUDAD AUTONOMA DE MELILLA,6. seguridad colectiva,303
2022,CIUDAD AUTONOMA DE MELILLA,6.1.-trafico de drogas,69
2022,CIUDAD AUTONOMA DE MELILLA,6.2.-contra la seguridad vial,232
2022,CIUDAD AUTONOMA DE MELILLA,6.3.-otros contra la seguridad colectiva,2
2022,CIUDAD AUTONOMA DE MELILLA,7. falsedades,58
2022,CIUDAD AUTONOMA DE MELILLA,8. admon. publica,1
2022,CIUDAD AUTONOMA DE MELILLA,9. admon. justicia,106
2022,CIUDAD AUTONOMA DE MELILLA,total infracciones penales,4309
2022,COMUNITAT VALENCIANA,1. contra las personas,27316
2022,COMUNITAT VALENCIANA,1.1.-homicidios dolosos/asesinatos,175
2022,COMUNITAT VALENCIANA,1.1.1.-homicidios dolosos/asesinatos consumados,38
2022,COMUNITAT VALENCIANA,1.2.-lesiones,13947
2022,COMUNITAT VALENCIANA,1.3.-malos tratos ambito familiar,12711
2022,COMUNITAT VALENCIANA,1.4.-otros contra las personas,483
2022,COMUNITAT VALENCIANA,10. orden publico,3717
2022,COMUNITAT VALENCIANA,11. legislacion especial,26
2022,COMUNITAT VALENCIANA,12. otras infracciones penales,1102
2022,COMUNITAT VALENCIANA,2. contra la libertad,15991
2022,COMUNITAT VALENCIANA,2.1.-malos tratos habituales en el ambito familiar,2441
2022,COMUNITAT VALENCIANA,2.2.-otros contra la libertad,13550
2022,COMUNITAT VALENCIANA,3. libertad sexual,2390
2022,COMUNITAT VALENCIANA,3.1.-agresion sexual,1485
2022,COMUNITAT VALENCIANA,3.2.-agresion sexual con penetracion,513
2022,COMUNITAT VALENCIANA,3.3.-corrupcion de menores o incapacitados,66
2022,COMUNITAT VALENCIANA,3.4.-pornografia de menores,78
2022,COMUNITAT VALENCIANA,3.5.-otros contra la libertad sexual,248
2022,COMUNITAT VALENCIANA,4. relaciones familiares,912
2022,COMUNITAT VALENCIANA,5. patrimonio,191865
2022,COMUNITAT VALENCIANA,5.1.-hurtos,71315
2022,COMUNITAT VALENCIANA,5.2.-robos con fuerza en las cosas,33752
2022,COMUNITAT VALENCIANA,5.2.1.-robos con fuerza en las cosas en el interior de vehiculos,11423
2022,COMUNITAT VALENCIANA,5.2.2.-robos con fuerza en viviendas,14601
2022,COMUNITAT VALENCIANA,5.2.3.-robos con fuerza en establecimientos,3216
2022,COMUNITAT VALENCIANA,5.3.-robos con violencia o intimidacion,5663
2022,COMUNITAT VALENCIANA,5.3.1.-robos con violencia en via publica,3532
2022,COMUNITAT VALENCIANA,5.3.2.-robos con violencia en viviendas,449
2022,COMUNITAT VALENCIANA,5.3.3.-robos con violencia en establecimientos,839
2022,COMUNITAT VALENCIANA,5.4.-sustraccion de vehiculos,3160
2022,COMUNITAT VALENCIANA,5.5.-estafas,43615
2022,COMUNITAT VALENCIANA,5.5.1.-estafas informaticas,29040
2022,COMUNITAT VALENCIANA,5.6.-danos,26456
2022,COMUNITAT VALENCIANA,5.7.-contra la propiedad intelectual/industrial,195
2022,COMUNITAT VALENCIANA,5.8.-blanqueo de capitales,55
2022,COMUNITAT VALENCIANA,5.9.-otros contra el patrimonio,7654
2022,COMUNITAT VALENCIANA,6. seguridad colectiva,9192
2022,COMUNITAT VALENCIANA,6.1.-trafico de drogas,2034
2022,COMUNITAT VALENCIANA,6.2.-contra la seguridad vial,6880
2022,COMUNITAT VALENCIANA,6.3.-otros contra la seguridad colectiva,278
2022,COMUNITAT VALENCIANA,7. falsedades,4883
2022,COMUNITAT VALENCIANA,8. admon. publica,52
2022,COMUNITAT VALENCIANA,9. admon. justicia,5525
2022,COMUNITAT VALENCIANA,total infracciones penales,262971
2022,EXTREMADURA,1. contra las personas,3304
2022,EXTREMADURA,1.1.-homicidios dolosos/asesinatos,10
2022,EXTREMADURA,1.1.1.-homicidios dolosos/asesinatos consumados,3
2022,EXTREMADURA,1.2.-lesiones,1972
2022,EXTREMADURA,1.3.-malos tratos ambito familiar,1267
2022,EXTREMADURA,1.4.-otros contra las personas,55
2022,EXTREMADURA,10. orden publico,336
2022,EXTREMADURA,11. legislacion especial,9
2022,EXTREMADURA,12. otras infracciones penales,333
2022,EXTREMADURA,2. contra la libertad,2637
2022,EXTREMADURA,2.1.-malos tratos habituales en el ambito familiar,272
2022,EXTREMADURA,2.2.-otros contra la libertad,2365
2022,EXTREMADURA,3. libertad sexual,295
2022,EXTREMADURA,3.1.-agresion sexual,198
2022,EXTREMADURA,3.2.-agresion sexual con penetracion,51
2022,EXTREMADURA,3.3.-corrupcion de menores o incapacitados,8
2022,EXTREMADURA,3.4.-pornografia de menores,10
2022,EXTREMADURA,3.5.-otros contra la libertad sexual,28
2022,EXTREMADURA,4. relaciones familiares,238
2022,EXTREMADURA,5. patrimonio,22187
2022,EXTREMADURA,5.1.-hurtos,6388
2022,EXTREMADURA,5.2.-robos con fuerza en las cosas,3490
2022,EXTREMADURA,5.2.1.-robos con fuerza en las cosas en el interior de vehiculos,565
2022,EXTREMADURA,5.2.2.-robos con fuerza en viviendas,1198
2022,EXTREMADURA,5.2.3.-robos con fuerza en establecimientos,614
2022,EXTREMADURA,5.3.-robos con violencia o intimidacion,296
2022,EXTREMADURA,5.3.1.-robos con violencia en via publica,154
2022,EXTREMADURA,5.3.2.-robos con violencia en viviendas,52
2022,EXTREMADURA,5.3.3.-robos con violencia en establecimientos,61
2022,EXTREMADURA,5.4.-sustraccion de vehiculos,163
2022,EXTREMADURA,5.5.-estafas,7595
2022,EXTREMADURA,5.5.1.-estafas informaticas,6577
2022,EXTREMADURA,5.6.-danos,3521
2022,EXTREMADURA,5.7.-contra la propiedad intelectual/industrial,12
2022,EXTREMADURA,5.8.-blanqueo de capitales,4
2022,EXTREMADURA,5.9.-otros contra el patrimonio,718
2022,EXTREMADURA,6. seguridad colectiva,1262
2022,EXTREMADURA,6.1.-trafico de drogas,265
2022,EXTREMADURA,6.2.-contra la seguridad vial,890
2022,EXTREMADURA,6.3.-otros contra la seguridad colectiva,107
2022,EXTREMADURA,7. falsedades,705
2022,EXTREMADURA,8. admon. publica,2
2022,EXTREMADURA,9. admon. justicia,785
2022,EXTREMADURA,total infracciones penales,32093
2022,GALICIA,1. contra las personas,9217
2022,GALICIA,1.1.-homicidios dolosos/asesinatos,52
2022,GALICIA,1.1.1.-homicidios dolosos/asesinatos consumados,7
2022,GALICIA,1.2.-lesiones,5454
2022,GALICIA,1.3.-malos tratos ambito familiar,3480
2022,GALICIA,1.4.-otros contra las personas,231
2022,GALICIA,10. orden publico,973
2022,GALICIA,11. legislacion especial,7
2022,GALICIA,12. otras infracciones penales,619
2022,GALICIA,2. contra la libertad,6959
2022,GALICIA,2.1.-malos tratos habituales en el ambito familiar,691
2022,GALICIA,2.2.-otros contra la libertad,6268
2022,GALICIA,3. libertad sexual,719
2022,GALICIA,3.1.-agresion sexual,433
2022,GALICIA,3.2.-agresion sexual con penetracion,155
2022,GALICIA,3.3.-corrupcion de menores o incapacitados,19
2022,GALICIA,3.4.-pornografia de menores,29
2022,GALICIA,3.5.-otros contra la libertad sexual,83
2022,GALICIA,4. relaciones familiares,190
2022,GALICIA,5. patrimonio,68054
2022,GALICIA,5.1.-hurtos,19527
2022,GALICIA,5.2.-robos con fuerza en las cosas,8661
2022,GALICIA,5.2.1.-robos con fuerza en las cosas en el interior de vehiculos,3193
2022,GALICIA,5.2.2.-robos con fuerza en viviendas,2690
2022,GALICIA,5.2.3.-robos con fuerza en establecimientos,1361
2022,GALICIA,5.3.-robos con violencia o intimidacion,963
2022,GALICIA,5.3.1.-robos con violencia en via publica,529
2022,GALICIA,5.3.2.-robos con violencia en viviendas,95
2022,GALICIA,5.3.3.-robos con violencia en establecimientos,215
2022,GALICIA,5.4.-sustraccion de vehiculos,528
2022,GALICIA,5.5.-estafas,25902
2022,GALICIA,5.5.1.-estafas informaticas,18456
2022,GALICIA,5.6.-danos,10280
2022,GALICIA,5.7.-contra la propiedad intelectual/industrial,40
2022,GALICIA,5.8.-blanqueo de capitales,13
2022,GALICIA,5.9.-otros contra el patrimonio,2140
2022,GALICIA,6. seguridad colectiva,5169
2022,GALICIA,6.1.-trafico de drogas,505
2022,GALICIA,6.2.-contra la seguridad vial,4481
2022,GALICIA,6.3.-otros contra la seguridad colectiva,183
2022,GALICIA,7. falsedades,1404
2022,GALICIA,8. admon. publica,25
2022,GALICIA,9. admon. justicia,1568
2022,GALICIA,total infracciones penales,94904
2022,MADRID (COMUNIDAD DE),1. contra las personas,33243
2022,MADRID (COMUNIDAD DE),1.1.-homicidios dolosos/asesinatos,183
2022,MADRID (COMUNIDAD DE),1.1.1.-homicidios dolosos/asesinatos consumados,46
2022,MADRID (COMUNIDAD DE),1.2.-lesiones,13585
2022,MADRID (COMUNIDAD DE),1.3.-malos tratos ambito familiar,18839
2022,MADRID (COMUNIDAD DE),1.4.-otros contra las personas,636
2022,MADRID (COMUNIDAD DE),10. orden publico,5479
2022,MADRID (COMUNIDAD DE),11. legislacion especial,11
2022,MADRID (COMUNIDAD DE),12. otras infracciones penales,983
2022,MADRID (COMUNIDAD DE),2. contra la libertad,17369
2022,MADRID (COMUNIDAD DE),2.1.-malos tratos habituales en el ambito familiar,1183
2022,MADRID (COMUNIDAD DE),2.2.-otros contra la libertad,16186
2022,MADRID (COMUNIDAD DE),3. libertad sexual,2663
2022,MADRID (COMUNIDAD DE),3.1.-agresion sexual,1578
2022,MADRID (COMUNIDAD DE),3.2.-agresion sexual con penetracion,613
2022,MADRID (COMUNIDAD DE),3.3.-corrupcion de menores o incapacitados,43
2022,MADRID (COMUNIDAD DE),3.4.-pornografia de menores,88
2022,MADRID (COMUNIDAD DE),3.5.-otros contra la libertad sexual,341
2022,MADRID (COMUNIDAD DE),4. relaciones familiares,862
2022,MADRID (COMUNIDAD DE),5. patrimonio,319089
2022,MADRID (COMUNIDAD DE),5.1.-hurtos,132920
2022,MADRID (COMUNIDAD DE),5.2.-robos con fuerza en las cosas,39960
2022,MADRID (COMUNIDAD DE),5.2.1.-robos con fuerza en las cosas en el interior de vehiculos,21974
2022,MADRID (COMUNIDAD DE),5.2.2.-robos con fuerza en viviendas,9518
2022,MADRID (COMUNIDAD DE),5.2.3.-robos con fuerza en establecimientos,4034
2022,MADRID (COMUNIDAD DE),5.3.-robos con violencia o intimidacion,12626
2022,MADRID (COMUNIDAD DE),5.3.1.-robos con violencia en via publica,8560
2022,MADRID (COMUNIDAD DE),5.3.2.-robos con violencia en viviendas,582
2022,MADRID (COMUNIDAD DE),5.3.3.-robos con violencia en establecimientos,1661
2022,MADRID (COMUNIDAD DE),5.4.-sustraccion de vehiculos,7397
2022,MADRID (COMUNIDAD DE),5.5.-estafas,80979
2022,MADRID (COMUNIDAD DE),5.5.1.-estafas informaticas,57794
2022,MADRID (COMUNIDAD DE),5.6.-danos,35696
2022,MADRID (COMUNIDAD DE),5.7.-contra la propiedad intelectual/industrial,183
2022,MADRID (COMUNIDAD DE),5.8.-blanqueo de capitales,73
2022,MADRID (COMUNIDAD DE),5.9.-otros contra el patrimonio,9255
2022,MADRID (COMUNIDAD DE),6. seguridad colectiva,8640
2022,MADRID (COMUNIDAD DE),6.1.-trafico de drogas,2984
2022,MADRID (COMUNIDAD DE),6.2.-contra la seguridad vial,5425
2022,MADRID (COMUNIDAD DE),6.3.-otros contra la seguridad colectiva,231
2022,MADRID (COMUNIDAD DE),7. falsedades,8149
2022,MADRID (COMUNIDAD DE),8. admon. publica,59
2022,MADRID (COMUNIDAD DE),9. admon. justicia,5377
2022,MADRID (COMUNIDAD DE),total infracciones penales,401924
2022,MURCIA (REGION DE),1. contra las personas,7590
2022,MURCIA (REGION DE),1.1.-homicidios dolosos/asesinatos,59
2022,MURCIA (REGION DE),1.1.1.-homicidios dolosos/asesinatos consumados,8
2022,MURCIA (REGION DE),1.2.-lesiones,4129
2022,MURCIA (REGION DE),1.3.-malos tratos ambito familiar,3290
2022,MURCIA (REGION DE),1.4.-otros contra las personas,112
2022,MURCIA (REGION DE),10. orden publico,884
2022,MURCIA (REGION DE),11. legislacion especial,14
2022,MURCIA (REGION DE),12. otras infracciones penales,448
2022,MURCIA (REGION DE),2. contra la libertad,4748
2022,MURCIA (REGION DE),2.1.-malos tratos habituales en el ambito familiar,352
2022,MURCIA (REGION DE),2.2.-otros contra la libertad,4396
2022,MURCIA (REGION DE),3. libertad sexual,620
2022,MURCIA (REGION DE),3.1.-agresion sexual,436
2022,MURCIA (REGION DE),3.2.-agresion sexual con penetracion,93
2022,MURCIA (REGION DE),3.3.-corrupcion de menores o incapacitados,7
2022,MURCIA (REGION DE),3.4.-pornografia de menores,20
2022,MURCIA (REGION DE),3.5.-otros contra la libertad sexual,64
2022,MURCIA (REGION DE),4. relaciones familiares,592
2022,MURCIA (REGION DE),5. patrimonio,49030
2022,MURCIA (REGION DE),5.1.-hurtos,15475
2022,MURCIA (REGION DE),5.2.-robos con fuerza en las cosas,10214
2022,MURCIA (REGION DE),5.2.1.-robos con fuerza en las cosas en el interior de vehiculos,2922
2022,MURCIA (REGION DE),5.2.2.-robos con fuerza en viviendas,4001
2022,MURCIA (REGION DE),5.2.3.-robos con fuerza en establecimientos,1306
2022,MURCIA (REGION DE),5.3.-robos con violencia o intimidacion,1999
2022,MURCIA (REGION DE),5.3.1.-robos con violencia en via publica,1293
2022,MURCIA (REGION DE),5.3.2.-robos con violencia en viviendas,130
2022,MURCIA (REGION DE),5.3.3.-robos con violencia en establecimientos,317
2022,MURCIA (REGION DE),5.4.-sustraccion de vehiculos,774
2022,MURCIA (REGION DE),5.5.-estafas,12221
2022,MURCIA (REGION DE),5.5.1.-estafas informaticas,8651
2022,MURCIA (REGION DE),5.6.-danos,6140
2022,MURCIA (REGION DE),5.7.-contra la propiedad intelectual/industrial,37
2022,MURCIA (REGION DE),5.8.-blanqueo de capitales,10
2022,MURCIA (REGION DE),5.9.-otros contra el patrimonio,2160
2022,MURCIA (REGION DE),6. seguridad colectiva,1786
2022,MURCIA (REGION DE),6.1.-trafico de drogas,527
2022,MURCIA (REGION DE),6.2.-contra la seguridad vial,1186
2022,MURCIA (REGION DE),6.3.-otros contra la seguridad colectiva,73
2022,MURCIA (REGION DE),7. falsedades,1378
2022,MURCIA (REGION DE),8. admon. publica,9
2022,MURCIA (REGION DE),9. admon. justicia,1618
2022,MURCIA (REGION DE),total infracciones penales,68717
2022,NAVARRA (COMUNIDAD FORAL DE),1. contra las personas,3098
2022,NAVARRA (COMUNIDAD FORAL DE),1.1.-homicidios dolosos/asesinatos,24
2022,NAVARRA (COMUNIDAD FORAL DE),1.1.1.-homicidios dolosos/asesinatos consumados,3
2022,NAVARRA (COMUNIDAD FORAL DE),1.2.-lesiones,1838
2022,NAVARRA (COMUNIDAD FORAL DE),1.3.-malos tratos ambito familiar,1109
2022,NAVARRA (COMUNIDAD FORAL DE),1.4.-otros contra las personas,127
2022,NAVARRA (COMUNIDAD FORAL DE),10. orden publico,535
2022,NAVARRA (COMUNIDAD FORAL DE),11. legislacion especial,5
2022,NAVARRA (COMUNIDAD FORAL DE),12. otras infracciones penales,182
2022,NAVARRA (COMUNIDAD FORAL DE),2. contra la libertad,2343
2022,NAVARRA (COMUNIDAD FORAL DE),2.1.-malos tratos habituales en el ambito familiar,246
2022,NAVARRA (COMUNIDAD FORAL DE),2.2.-otros contra la libertad,2097
2022,NAVARRA (COMUNIDAD FORAL DE),3. libertad sexual,347
2022,NAVARRA (COMUNIDAD FORAL DE),3.1.-agresion sexual,218
2022,NAVARRA (COMUNIDAD FORAL DE),3.2.-agresion sexual con penetracion,76
2022,NAVARRA (COMUNIDAD FORAL DE),3.3.-corrupcion de menores o incapacitados,11
2022,NAVARRA (COMUNIDAD FORAL DE),3.4.-pornografia de menores,6
2022,NAVARRA (COMUNIDAD FORAL DE),3.5.-otros contra la libertad sexual,36
2022,NAVARRA (COMUNIDAD FORAL DE),4. relaciones familiares,96
2022,NAVARRA (COMUNIDAD FORAL DE),5. patrimonio,23928
2022,NAVARRA (COMUNIDAD FORAL DE),5.1.-hurtos,8108
2022,NAVARRA (COMUNIDAD FORAL DE),5.2.-robos con fuerza en las cosas,2850
2022,NAVARRA (COMUNIDAD FORAL DE),5.2.1.-robos con fuerza en las cosas en el interior de vehiculos,649
2022,NAVARRA (COMUNIDAD FORAL DE),5.2.2.-robos con fuerza en viviendas,985
2022,NAVARRA (COMUNIDAD FORAL DE),5.2.3.-robos con fuerza en establecimientos,419
2022,NAVARRA (COMUNIDAD FORAL DE),5.3.-robos con violencia o intimidacion,422
2022,NAVARRA (COMUNIDAD FORAL DE),5.3.1.-robos con violencia en via publica,303
2022,NAVARRA (COMUNIDAD FORAL DE),5.3.2.-robos con violencia en viviendas,27
2022,NAVARRA (COMUNIDAD FORAL DE),5.3.3.-robos con violencia en establecimientos,55
2022,NAVARRA (COMUNIDAD FORAL DE),5.4.-sustraccion de vehiculos,132
2022,NAVARRA (COMUNIDAD FORAL DE),5.5.-estafas,7834
2022,NAVARRA (COMUNIDAD FORAL DE),5.5.1.-estafas informaticas,4816
2022,NAVARRA (COMUNIDAD FORAL DE),5.6.-danos,3759
2022,NAVARRA (COMUNIDAD FORAL DE),5.7.-contra la propiedad intelectual/industrial,12
2022,NAVARRA (COMUNIDAD FORAL DE),5.8.-blanqueo de capitales,7
2022,NAVARRA (COMUNIDAD FORAL DE),5.9.-otros contra el patrimonio,804
2022,NAVARRA (COMUNIDAD FORAL DE),6. seguridad colectiva,1745
2022,NAVARRA (COMUNIDAD FORAL DE),6.1.-trafico de drogas,147
2022,NAVARRA (COMUNIDAD FORAL DE),6.2.-contra la seguridad vial,1535
2022,NAVARRA (COMUNIDAD FORAL DE),6.3.-otros contra la seguridad colectiva,63
2022,NAVARRA (COMUNIDAD FORAL DE),7. falsedades,617
2022,NAVARRA (COMUNIDAD FORAL DE),8. admon. publica,13
2022,NAVARRA (COMUNIDAD FORAL DE),9. admon. justicia,500
2022,NAVARRA (COMUNIDAD FORAL DE),total infracciones penales,33409
2022,PAIS VASCO,1. contra las personas,8330
2022,PAIS VASCO,1.1.-homicidios dolosos/asesinatos,71
2022,PAIS VASCO,1.1.1.-homicidios dolosos/asesinatos consumados,8
2022,PAIS VASCO,1.2.-lesiones,5353
2022,PAIS VASCO,1.3.-malos tratos ambito familiar,2418
2022,PAIS VASCO,1.4.-otros contra las personas,488
2022,PAIS VASCO,10. orden publico,1437
2022,PAIS VASCO,11. legislacion especial,1
2022,PAIS VASCO,12. otras infracciones penales,582
2022,PAIS VASCO,2. contra la libertad,7686
2022,PAIS VASCO,2.1.-malos tratos habituales en el ambito familiar,2321
2022,PAIS VASCO,2.2.-otros contra la libertad,5365
2022,PAIS VASCO,3. libertad sexual,813
2022,PAIS VASCO,3.1.-agresion sexual,443
2022,PAIS VASCO,3.2.-agresion sexual con penetracion,235
2022,PAIS VASCO,3.3.-corrupcion de menores o incapacitados,15
2022,PAIS VASCO,3.4.-pornografia de menores,16
2022,PAIS VASCO,3.5.-otros contra la libertad sexual,104
2022,PAIS VASCO,4. relaciones familiares,125
2022,PAIS VASCO,5. patrimonio,75817
2022,PAIS VASCO,5.1.-hurtos,29230
2022,PAIS VASCO,5.2.-robos con fuerza en las cosas,12113
2022,PAIS VASCO,5.2.1.-robos con fuerza en las cosas en el interior de vehiculos,32
2022,PAIS VASCO,5.2.2.-robos con fuerza en viviendas,5113
2022,PAIS VASCO,5.2.3.-robos con fuerza en establecimientos,1948
2022,PAIS VASCO,5.3.-robos con violencia o intimidacion,2201
2022,PAIS VASCO,5.3.1.-robos con violencia en via publica,1614
2022,PAIS VASCO,5.3.2.-robos con violencia en viviendas,103
2022,PAIS VASCO,5.3.3.-robos con violencia en establecimientos,264
2022,PAIS VASCO,5.4.-sustraccion de vehiculos,718
2022,PAIS VASCO,5.5.-estafas,21346
2022,PAIS VASCO,5.5.1.-estafas informaticas,18861
2022,PAIS VASCO,5.6.-danos,8193
2022,PAIS VASCO,5.7.-contra la propiedad intelectual/industrial,30
2022,PAIS VASCO,5.8.-blanqueo de capitales,10
2022,PAIS VASCO,5.9.-otros contra el patrimonio,1976
2022,PAIS VASCO,6. seguridad colectiva,3527
2022,PAIS VASCO,6.1.-trafico de drogas,623
2022,PAIS VASCO,6.2.-contra la seguridad vial,2800
2022,PAIS VASCO,6.3.-otros contra la seguridad colectiva,104
2022,PAIS VASCO,7. falsedades,1687
2022,PAIS VASCO,8. admon. publica,15
2022,PAIS VASCO,9. admon. justicia,1736
2022,PAIS VASCO,total infracciones penales,101756
2022,RIOJA (LA),1. contra las personas,1391
2022,RIOJA (LA),1.1.-homicidios dolosos/asesinatos,9
2022,RIOJA (LA),1.1.1.-homicidios dolosos/asesinatos consumados,1
2022,RIOJA (LA),1.2.-lesiones,792
2022,RIOJA (LA),1.3.-malos tratos ambito familiar,550
2022,RIOJA (LA),1.4.-otros contra las personas,40
2022,RIOJA (LA),10. orden publico,147
2022,RIOJA (LA),11. legislacion especial,1
2022,RIOJA (LA),12. otras infracciones penales,49
2022,RIOJA (LA),2. contra la libertad,816
2022,RIOJA (LA),2.1.-malos tratos habituales en el ambito familiar,97
2022,RIOJA (LA),2.2.-otros contra la libertad,719
2022,RIOJA (LA),3. libertad sexual,109
2022,RIOJA (LA),3.1.-agresion sexual,77
2022,RIOJA (LA),3.2.-agresion sexual con penetracion,19
2022,RIOJA (LA),3.3.-corrupcion de menores o incapacitados,5
2022,RIOJA (LA),3.4.-pornografia de menores,2
2022,RIOJA (LA),3.5.-otros contra la libertad sexual,6
2022,RIOJA (LA),4. relaciones familiares,32
2022,RIOJA (LA),5. patrimonio,8254
2022,RIOJA (LA),5.1.-hurtos,2743
2022,RIOJA (LA),5.2.-robos con fuerza en las cosas,1251
2022,RIOJA (LA),5.2.1.-robos con fuerza en las cosas en el interior de vehiculos,208
2022,RIOJA (LA),5.2.2.-robos con fuerza en viviendas,527
2022,RIOJA (LA),5.2.3.-robos con fuerza en establecimientos,167
2022,RIOJA (LA),5.3.-robos con violencia o intimidacion,121
2022,RIOJA (LA),5.3.1.-robos con violencia en via publica,69
2022,RIOJA (LA),5.3.2.-robos con violencia en viviendas,8
2022,RIOJA (LA),5.3.3.-robos con violencia en establecimientos,29
2022,RIOJA (LA),5.4.-sustraccion de vehiculos,77
2022,RIOJA (LA),5.5.-estafas,2494
2022,RIOJA (LA),5.5.1.-estafas informaticas,2152
2022,RIOJA (LA),5.6.-danos,1270
2022,RIOJA (LA),5.7.-contra la propiedad intelectual/industrial,2
2022,RIOJA (LA),5.8.-blanqueo de capitales,2
2022,RIOJA (LA),5.9.-otros contra el patrimonio,294
2022,RIOJA (LA),6. seguridad colectiva,507
2022,RIOJA (LA),6.1.-trafico de drogas,98
2022,RIOJA (LA),6.2.-contra la seguridad vial,373
2022,RIOJA (LA),6.3.-otros contra la seguridad colectiva,36
2022,RIOJA (LA),7. falsedades,180
2022,RIOJA (LA),8. admon. publica,1
2022,RIOJA (LA),9. admon. justicia,267
2022,RIOJA (LA),total infracciones penales,11754
2023,ANDALUCIA,1. contra las personas,45636
2023,ANDALUCIA,1.1.-homicidios dolosos/asesinatos,363
2023,ANDALUCIA,1.1.1.-homicidios dolosos/asesinatos consumados,71
2023,ANDALUCIA,1.2.-lesiones,24848
2023,ANDALUCIA,1.3.-malos tratos ambito familiar,19294
2023,ANDALUCIA,1.4.-otros contra las personas,1131
2023,ANDALUCIA,10. orden publico,5455
2023,ANDALUCIA,11. legislacion especial,141
2023,ANDALUCIA,12. otras infracciones penales,2857
2023,ANDALUCIA,2. contra la libertad,32765
2023,ANDALUCIA,2.1.-malos tratos habituales en el ambito familiar,3007
2023,ANDALUCIA,2.2.-otros contra la libertad,29758
2023,ANDALUCIA,3. libertad sexual,3473
2023,ANDALUCIA,3.1.-agresion sexual,2044
2023,ANDALUCIA,3.2.-agresion sexual con penetracion,604
2023,ANDALUCIA,3.3.-corrupcion de menores o incapacitados,74
2023,ANDALUCIA,3.4.-pornografia de menores,130
2023,ANDALUCIA,3.5.-otros contra la libertad sexual,621
2023,ANDALUCIA,4. relaciones familiares,1702
2023,ANDALUCIA,5. patrimonio,289412
2023,ANDALUCIA,5.1.-hurtos,95492
2023,ANDALUCIA,5.2.-robos con fuerza en las cosas,47977
2023,ANDALUCIA,5.2.1.-robos con fuerza en las cosas en el interior de vehiculos,19215
2023,ANDALUCIA,5.2.2.-robos con fuerza en viviendas,14101
2023,ANDALUCIA,5.2.3.-robos con fuerza en establecimientos,5953
2023,ANDALUCIA,5.3.-robos con violencia o intimidacion,7676
2023,ANDALUCIA,5.3.1.-robos con violencia en via publica,5028
2023,ANDALUCIA,5.3.2.-robos con violencia en viviendas,630
2023,ANDALUCIA,5.3.3.-robos con violencia en establecimientos,1195
2023,ANDALUCIA,5.4.-sustraccion de vehiculos,5957
2023,ANDALUCIA,5.5.-estafas,84455
2023,ANDALUCIA,5.5.1.-estafas informaticas,72795
2023,ANDALUCIA,5.6.-danos,35037
2023,ANDALUCIA,5.7.-contra la propiedad intelectual/industrial,332
2023,ANDALUCIA,5.8.-blanqueo de capitales,106
2023,ANDALUCIA,5.9.-otros contra el patrimonio,12380
2023,ANDALUCIA,6. seguridad colectiva,16357
2023,ANDALUCIA,6.1.-trafico de drogas,4790
2023,ANDALUCIA,6.2.-contra la seguridad vial,11043
2023,ANDALUCIA,6.3.-otros contra la seguridad colectiva,524
2023,ANDALUCIA,7. falsedades,6596
2023,ANDALUCIA,8. admon. publica,99
2023,ANDALUCIA,9. admon. justicia,8688
2023,ANDALUCIA,total infracciones penales,413181
2023,ARAGON,1. contra las personas,6071
2023,ARAGON,1.1.-homicidios dolosos/asesinatos,47
2023,ARAGON,1.1.1.-homicidios dolosos/asesinatos consumados,9
2023,ARAGON,1.2.-lesiones,2949
2023,ARAGON,1.3.-malos tratos ambito familiar,2967
2023,ARAGON,1.4.-otros contra las personas,108
2023,ARAGON,10. orden publico,967
2023,ARAGON,11. legislacion especial,5
2023,ARAGON,12. otras infracciones penales,271
2023,ARAGON,2. contra la libertad,3139
2023,ARAGON,2.1.-malos tratos habituales en el ambito familiar,301
2023,ARAGON,2.2.-otros contra la libertad,2838
2023,ARAGON,3. libertad sexual,511
2023,ARAGON,3.1.-agresion sexual,330
2023,ARAGON,3.2.-agresion sexual con penetracion,92
2023,ARAGON,3.3.-corrupcion de menores o incapacitados,13
2023,ARAGON,3.4.-pornografia de menores,21
2023,ARAGON,3.5.-otros contra la libertad sexual,55
2023,ARAGON,4. relaciones familiares,179
2023,ARAGON,5. patrimonio,36261
2023,ARAGON,5.1.-hurtos,10651
2023,ARAGON,5.2.-robos con fuerza en las cosas,5550
2023,ARAGON,5.2.1.-robos con fuerza en las cosas en el interior de vehiculos,1044
2023,ARAGON,5.2.2.-robos con fuerza en viviendas,1955
2023,ARAGON,5.2.3.-robos con fuerza en establecimientos,747
2023,ARAGON,5.3.-robos con violencia o intimidacion,1076
2023,ARAGON,5.3.1.-robos con violencia en via publica,702
2023,ARAGON,5.3.2.-robos con violencia en viviendas,65
2023,ARAGON,5.3.3.-robos con violencia en establecimientos,203
2023,ARAGON,5.4.-sustraccion de vehiculos,318
2023,ARAGON,5.5.-estafas,12353
2023,ARAGON,5.5.1.-estafas informaticas,10891
2023,ARAGON,5.6.-danos,5095
2023,ARAGON,5.7.-contra la propiedad intelectual/industrial,23
2023,ARAGON,5.8.-blanqueo de capitales,4
2023,ARAGON,5.9.-otros contra el patrimonio,1191
2023,ARAGON,6. seguridad colectiva,1651
2023,ARAGON,6.1.-trafico de drogas,552
2023,ARAGON,6.2.-contra la seguridad vial,1049
2023,ARAGON,6.3.-otros contra la seguridad colectiva,50
2023,ARAGON,7. falsedades,743
2023,ARAGON,8. admon. publica,11
2023,ARAGON,9. admon. justicia,1056
2023,ARAGON,total infracciones penales,50865
2023,ASTURIAS (PRINCIPADO DE),1. contra las personas,4185
2023,ASTURIAS (PRINCIPADO DE),1.1.-homicidios dolosos/asesinatos,21
2023,ASTURIAS (PRINCIPADO DE),1.1.1.-homicidios dolosos/asesinatos consumados,6
2023,ASTURIAS (PRINCIPADO DE),1.2.-lesiones,2235
2023,ASTURIAS (PRINCIPADO DE),1.3.-malos tratos ambito familiar,1861
2023,ASTURIAS (PRINCIPADO DE),1.4.-otros contra las personas,68
2023,ASTURIAS (PRINCIPADO DE),10. orden publico,511
2023,ASTURIAS (PRINCIPADO DE),11. legislacion especial,5
2023,ASTURIAS (PRINCIPADO DE),12. otras infracciones penales,257
2023,ASTURIAS (PRINCIPADO DE),2. contra la libertad,2421
2023,ASTURIAS (PRINCIPADO DE),2.1.-malos tratos habituales en el ambito familiar,92
2023,ASTURIAS (PRINCIPADO DE),2.2.-otros contra la libertad,2329
2023,ASTURIAS (PRINCIPADO DE),3. libertad sexual,325
2023,ASTURIAS (PRINCIPADO DE),3.1.-agresion sexual,199
2023,ASTURIAS (PRINCIPADO DE),3.2.-agresion sexual con penetracion,67
2023,ASTURIAS (PRINCIPADO DE),3.3.-corrupcion de menores o incapacitados,8
2023,ASTURIAS (PRINCIPADO DE),3.4.-pornografia de menores,14
2023,ASTURIAS (PRINCIPADO DE),3.5.-otros contra la libertad sexual,37
2023,ASTURIAS (PRINCIPADO DE),4. relaciones familiares,95
2023,ASTURIAS (PRINCIPADO DE),5. patrimonio,23761
2023,ASTURIAS (PRINCIPADO DE),5.1.-hurtos,7681
2023,ASTURIAS (PRINCIPADO DE),5.2.-robos con fuerza en las cosas,2581
2023,ASTURIAS (PRINCIPADO DE),5.2.1.-robos con fuerza en las cosas en el interior de vehiculos,586
2023,ASTURIAS (PRINCIPADO DE),5.2.2.-robos con fuerza en viviendas,990
2023,ASTURIAS (PRINCIPADO DE),5.2.3.-robos con fuerza en establecimientos,561
2023,ASTURIAS (PRINCIPADO DE),5.3.-robos con violencia o intimidacion,424
2023,ASTURIAS (PRINCIPADO DE),5.3.1.-robos con violencia en via publica,216
2023,ASTURIAS (PRINCIPADO DE),5.3.2.-robos con violencia en viviendas,44
2023,ASTURIAS (PRINCIPADO DE),5.3.3.-robos con violencia en establecimientos,109
2023,ASTURIAS (PRINCIPADO DE),5.4.-sustraccion de vehiculos,259
2023,ASTURIAS (PRINCIPADO DE),5.5.-estafas,8907
2023,ASTURIAS (PRINCIPADO DE),5.5.1.-estafas informaticas,7897
2023,ASTURIAS (PRINCIPADO DE),5.6.-danos,2931
2023,ASTURIAS (PRINCIPADO DE),5.7.-contra la propiedad intelectual/industrial,9
2023,ASTURIAS (PRINCIPADO DE),5.8.-blanqueo de capitales,2
2023,ASTURIAS (PRINCIPADO DE),5.9.-otros contra el patrimonio,967
2023,ASTURIAS (PRINCIPADO DE),6. seguridad colectiva,1047
2023,ASTURIAS (PRINCIPADO DE),6.1.-trafico de drogas,190
2023,ASTURIAS (PRINCIPADO DE),6.2.-contra la seguridad vial,779
2023,ASTURIAS (PRINCIPADO DE),6.3.-otros contra la seguridad colectiva,78
2023,ASTURIAS (PRINCIPADO DE),7. falsedades,439
2023,ASTURIAS (PRINCIPADO DE),8. admon. publica,4
2023,ASTURIAS (PRINCIPADO DE),9. admon. justicia,838
2023,ASTURIAS (PRINCIPADO DE),total infracciones penales,33888
2023,BALEARS (ILLES),1. contra las personas,10159
2023,BALEARS (ILLES),1.1.-homicidios dolosos/asesinatos,50
2023,BALEARS (ILLES),1.1.1.-homicidios dolosos/asesinatos consumados,8
2023,BALEARS (ILLES),1.2.-lesiones,4495
2023,BALEARS (ILLES),1.3.-malos tratos ambito familiar,5341
2023,BALEARS (ILLES),1.4.-otros contra las personas,273
2023,BALEARS (ILLES),10. orden publico,914
2023,BALEARS (ILLES),11. legislacion especial,3
2023,BALEARS (ILLES),12. otras infracciones penales,363
2023,BALEARS (ILLES),2. contra la libertad,6339
2023,BALEARS (ILLES),2.1.-malos tratos habituales en el ambito familiar,678
2023,BALEARS (ILLES),2.2.-otros contra la libertad,5661
2023,BALEARS (ILLES),3. libertad sexual,1050
2023,BALEARS (ILLES),3.1.-agresion sexual,709
2023,BALEARS (ILLES),3.2.-agresion sexual con penetracion,156
2023,BALEARS (ILLES),3.3.-corrupcion de menores o incapacitados,21
2023,BALEARS (ILLES),3.4.-pornografia de menores,32
2023,BALEARS (ILLES),3.5.-otros contra la libertad sexual,132
2023,BALEARS (ILLES),4. relaciones familiares,237
2023,BALEARS (ILLES),5. patrimonio,53976
2023,BALEARS (ILLES),5.1.-hurtos,23009
2023,BALEARS (ILLES),5.2.-robos con fuerza en las cosas,6806
2023,BALEARS (ILLES),5.2.1.-robos con fuerza en las cosas en el interior de vehiculos,3195
2023,BALEARS (ILLES),5.2.2.-robos con fuerza en viviendas,1937
2023,BALEARS (ILLES),5.2.3.-robos con fuerza en establecimientos,738
2023,BALEARS (ILLES),5.3.-robos con violencia o intimidacion,1519
2023,BALEARS (ILLES),5.3.1.-robos con violencia en via publica,994
2023,BALEARS (ILLES),5.3.2.-robos con violencia en viviendas,82
2023,BALEARS (ILLES),5.3.3.-robos con violencia en establecimientos,228
2023,BALEARS (ILLES),5.4.-sustraccion de vehiculos,1832
2023,BALEARS (ILLES),5.5.-estafas,13522
2023,BALEARS (ILLES),5.5.1.-estafas informaticas,10299
2023,BALEARS (ILLES),5.6.-danos,4912
2023,BALEARS (ILLES),5.7.-contra la propiedad intelectual/industrial,89
2023,BALEARS (ILLES),5.8.-blanqueo de capitales,7
2023,BALEARS (ILLES),5.9.-otros contra el patrimonio,2280
2023,BALEARS (ILLES),6. seguridad colectiva,2871
2023,BALEARS (ILLES),6.1.-trafico de drogas,776
2023,BALEARS (ILLES),6.2.-contra la seguridad vial,1892
2023,BALEARS (ILLES),6.3.-otros contra la seguridad colectiva,203
2023,BALEARS (ILLES),7. falsedades,912
2023,BALEARS (ILLES),8. admon. publica,18
2023,BALEARS (ILLES),9. admon. justicia,1667
2023,BALEARS (ILLES),total infracciones penales,78509
2023,CANARIAS,1. contra las personas,15210
2023,CANARIAS,1.1.-homicidios dolosos/asesinatos,77
2023,CANARIAS,1.1.1.-homicidios dolosos/asesinatos consumados,17
2023,CANARIAS,1.2.-lesiones,7847
2023,CANARIAS,1.3.-malos tratos ambito familiar,6765
2023,CANARIAS,1.4.-otros contra las personas,521
2023,CANARIAS,10. orden publico,1099
2023,CANARIAS,11. legislacion especial,10
2023,CANARIAS,12. otras infracciones penales,693
2023,CANARIAS,2. contra la libertad,11181
2023,CANARIAS,2.1.-malos tratos habituales en el ambito familiar,1078
2023,CANARIAS,2.2.-otros contra la libertad,10103
2023,CANARIAS,3. libertad sexual,1189
2023,CANARIAS,3.1.-agresion sexual,750
2023,CANARIAS,3.2.-agresion sexual con penetracion,221
2023,CANARIAS,3.3.-corrupcion de menores o incapacitados,31
2023,CANARIAS,3.4.-pornografia de menores,53
2023,CANARIAS,3.5.-otros contra la libertad sexual,134
2023,CANARIAS,4. relaciones familiares,564
2023,CANARIAS,5. patrimonio,66962
2023,CANARIAS,5.1.-hurtos,26245
2023,CANARIAS,5.2.-robos con fuerza en las cosas,7853
2023,CANARIAS,5.2.1.-robos con fuerza en las cosas en el interior de vehiculos,2969
2023,CANARIAS,5.2.2.-robos con fuerza en viviendas,2120
2023,CANARIAS,5.2.3.-robos con fuerza en establecimientos,1249
2023,CANARIAS,5.3.-robos con violencia o intimidacion,1858
2023,CANARIAS,5.3.1.-robos con violencia en via publica,1106
2023,CANARIAS,5.3.2.-robos con violencia en viviendas,148
2023,CANARIAS,5.3.3.-robos con violencia en establecimientos,333
2023,CANARIAS,5.4.-sustraccion de vehiculos,1451
2023,CANARIAS,5.5.-estafas,19297
2023,CANARIAS,5.5.1.-estafas informaticas,15752
2023,CANARIAS,5.6.-danos,7441
2023,CANARIAS,5.7.-contra la propiedad intelectual/industrial,107
2023,CANARIAS,5.8.-blanqueo de capitales,19
2023,CANARIAS,5.9.-otros contra el patrimonio,2691
2023,CANARIAS,6. seguridad colectiva,3725
2023,CANARIAS,6.1.-trafico de drogas,764
2023,CANARIAS,6.2.-contra la seguridad vial,2802
2023,CANARIAS,6.3.-otros contra la seguridad colectiva,159
2023,CANARIAS,7. falsedades,1269
2023,CANARIAS,8. admon. publica,25
2023,CANARIAS,9. admon. justicia,2295
2023,CANARIAS,total infracciones penales,104222
2023,CANTABRIA,1. contra las personas,2738
2023,CANTABRIA,1.1.-homicidios dolosos/asesinatos,10
2023,CANTABRIA,1.1.1.-homicidios dolosos/asesinatos consumados,0
2023,CANTABRIA,1.2.-lesiones,1587
2023,CANTABRIA,1.3.-malos tratos ambito familiar,1032
2023,CANTABRIA,1.4.-otros contra las personas,109
2023,CANTABRIA,10. orden publico,281
2023,CANTABRIA,11. legislacion especial,5
2023,CANTABRIA,12. otras infracciones penales,128
2023,CANTABRIA,2. contra la libertad,1775
2023,CANTABRIA,2.1.-malos tratos habituales en el ambito familiar,190
2023,CANTABRIA,2.2.-otros contra la libertad,1585
2023,CANTABRIA,3. libertad sexual,169
2023,CANTABRIA,3.1.-agresion sexual,103
2023,CANTABRIA,3.2.-agresion sexual con penetracion,34
2023,CANTABRIA,3.3.-corrupcion de menores o incapacitados,3
2023,CANTABRIA,3.4.-pornografia de menores,7
2023,CANTABRIA,3.5.-otros contra la libertad sexual,22
2023,CANTABRIA,4. relaciones familiares,53
2023,CANTABRIA,5. patrimonio,17503
2023,CANTABRIA,5.1.-hurtos,4831
2023,CANTABRIA,5.2.-robos con fuerza en las cosas,2797
2023,CANTABRIA,5.2.1.-robos con fuerza en las cosas en el interior de vehiculos,511
2023,CANTABRIA,5.2.2.-robos con fuerza en viviendas,1291
2023,CANTABRIA,5.2.3.-robos con fuerza en establecimientos,465
2023,CANTABRIA,5.3.-robos con violencia o intimidacion,255
2023,CANTABRIA,5.3.1.-robos con violencia en via publica,129
2023,CANTABRIA,5.3.2.-robos con violencia en viviendas,32
2023,CANTABRIA,5.3.3.-robos con violencia en establecimientos,63
2023,CANTABRIA,5.4.-sustraccion de vehiculos,116
2023,CANTABRIA,5.5.-estafas,6161
2023,CANTABRIA,5.5.1.-estafas informaticas,5428
2023,CANTABRIA,5.6.-danos,2620
2023,CANTABRIA,5.7.-contra la propiedad intelectual/industrial,18
2023,CANTABRIA,5.8.-blanqueo de capitales,6
2023,CANTABRIA,5.9.-otros contra el patrimonio,699
2023,CANTABRIA,6. seguridad colectiva,854
2023,CANTABRIA,6.1.-trafico de drogas,114
2023,CANTABRIA,6.2.-contra la seguridad vial,706
2023,CANTABRIA,6.3.-otros contra la seguridad colectiva,34
2023,CANTABRIA,7. falsedades,251
2023,CANTABRIA,8. admon. publica,8
2023,CANTABRIA,9. admon. justicia,447
2023,CANTABRIA,total infracciones penales,24212
2023,CASTILLA - LA MANCHA,1. contra las personas,8729
2023,CASTILLA - LA MANCHA,1.1.-homicidios dolosos/asesinatos,60
2023,CASTILLA - LA MANCHA,1.1.1.-homicidios dolosos/asesinatos consumados,15
2023,CASTILLA - LA MANCHA,1.2.-lesiones,4830
2023,CASTILLA - LA MANCHA,1.3.-malos tratos ambito familiar,3651
2023,CASTILLA - LA MANCHA,1.4.-otros contra las personas,188
2023,CASTILLA - LA MANCHA,10. orden publico,1081
2023,CASTILLA - LA MANCHA,11. legislacion especial,6
2023,CASTILLA - LA MANCHA,12. otras infracciones penales,669
2023,CASTILLA - LA MANCHA,2. contra la libertad,6078
2023,CASTILLA - LA MANCHA,2.1.-malos tratos habituales en el ambito familiar,977
2023,CASTILLA - LA MANCHA,2.2.-otros contra la libertad,5101
2023,CASTILLA - LA MANCHA,3. libertad sexual,718
2023,CASTILLA - LA MANCHA,3.1.-agresion sexual,454
2023,CASTILLA - LA MANCHA,3.2.-agresion sexual con penetracion,133
2023,CASTILLA - LA MANCHA,3.3.-corrupcion de menores o incapacitados,19
2023,CASTILLA - LA MANCHA,3.4.-pornografia de menores,27
2023,CASTILLA - LA MANCHA,3.5.-otros contra la libertad sexual,85
2023,CASTILLA - LA MANCHA,4. relaciones familiares,335
2023,CASTILLA - LA MANCHA,5. patrimonio,58871
2023,CASTILLA - LA MANCHA,5.1.-hurtos,14785
2023,CASTILLA - LA MANCHA,5.2.-robos con fuerza en las cosas,11034
2023,CASTILLA - LA MANCHA,5.2.1.-robos con fuerza en las cosas en el interior de vehiculos,2767
2023,CASTILLA - LA MANCHA,5.2.2.-robos con fuerza en viviendas,3588
2023,CASTILLA - LA MANCHA,5.2.3.-robos con fuerza en establecimientos,1369
2023,CASTILLA - LA MANCHA,5.3.-robos con violencia o intimidacion,926
2023,CASTILLA - LA MANCHA,5.3.1.-robos con violencia en via publica,512
2023,CASTILLA - LA MANCHA,5.3.2.-robos con violencia en viviendas,134
2023,CASTILLA - LA MANCHA,5.3.3.-robos con violencia en establecimientos,166
2023,CASTILLA - LA MANCHA,5.4.-sustraccion de vehiculos,645
2023,CASTILLA - LA MANCHA,5.5.-estafas,19751
2023,CASTILLA - LA MANCHA,5.5.1.-estafas informaticas,17335
2023,CASTILLA - LA MANCHA,5.6.-danos,8893
2023,CASTILLA - LA MANCHA,5.7.-contra la propiedad intelectual/industrial,32
2023,CASTILLA - LA MANCHA,5.8.-blanqueo de capitales,49
2023,CASTILLA - LA MANCHA,5.9.-otros contra el patrimonio,2756
2023,CASTILLA - LA MANCHA,6. seguridad colectiva,3596
2023,CASTILLA - LA MANCHA,6.1.-trafico de drogas,595
2023,CASTILLA - LA MANCHA,6.2.-contra la seguridad vial,2900
2023,CASTILLA - LA MANCHA,6.3.-otros contra la seguridad colectiva,101
2023,CASTILLA - LA MANCHA,7. falsedades,1851
2023,CASTILLA - LA MANCHA,8. admon. publica,25
2023,CASTILLA - LA MANCHA,9. admon. justicia,1749
2023,CASTILLA - LA MANCHA,total infracciones penales,83708
2023,CASTILLA Y LEON,1. contra las personas,9010
2023,CASTILLA Y LEON,1.1.-homicidios dolosos/asesinatos,58
2023,CASTILLA Y LEON,1.1.1.-homicidios dolosos/asesinatos consumados,10
2023,CASTILLA Y LEON,1.2.-lesiones,5181
2023,CASTILLA Y LEON,1.3.-malos tratos ambito familiar,3475
2023,CASTILLA Y LEON,1.4.-otros contra las personas,296
2023,CASTILLA Y LEON,10. orden publico,1028
2023,CASTILLA Y LEON,11. legislacion especial,16
2023,CASTILLA Y LEON,12. otras infracciones penales,764
2023,CASTILLA Y LEON,2. contra la libertad,6397
2023,CASTILLA Y LEON,2.1.-malos tratos habituales en el ambito familiar,692
2023,CASTILLA Y LEON,2.2.-otros contra la libertad,5705
2023,CASTILLA Y LEON,3. libertad sexual,711
2023,CASTILLA Y LEON,3.1.-agresion sexual,419
2023,CASTILLA Y LEON,3.2.-agresion sexual con penetracion,141
2023,CASTILLA Y LEON,3.3.-corrupcion de menores o incapacitados,22
2023,CASTILLA Y LEON,3.4.-pornografia de menores,34
2023,CASTILLA Y LEON,3.5.-otros contra la libertad sexual,95
2023,CASTILLA Y LEON,4. relaciones familiares,201
2023,CASTILLA Y LEON,5. patrimonio,65001
2023,CASTILLA Y LEON,5.1.-hurtos,17611
2023,CASTILLA Y LEON,5.2.-robos con fuerza en las cosas,8284
2023,CASTILLA Y LEON,5.2.1.-robos con fuerza en las cosas en el interior de vehiculos,1964
2023,CASTILLA Y LEON,5.2.2.-robos con fuerza en viviendas,2786
2023,CASTILLA Y LEON,5.2.3.-robos con fuerza en establecimientos,1295
2023,CASTILLA Y LEON,5.3.-robos con violencia o intimidacion,817
2023,CASTILLA Y LEON,5.3.1.-robos con violencia en via publica,458
2023,CASTILLA Y LEON,5.3.2.-robos con violencia en viviendas,85
2023,CASTILLA Y LEON,5.3.3.-robos con violencia en establecimientos,194
2023,CASTILLA Y LEON,5.4.-sustraccion de vehiculos,485
2023,CASTILLA Y LEON,5.5.-estafas,25535
2023,CASTILLA Y LEON,5.5.1.-estafas informaticas,22722
2023,CASTILLA Y LEON,5.6.-danos,9892
2023,CASTILLA Y LEON,5.7.-contra la propiedad intelectual/industrial,56
2023,CASTILLA Y LEON,5.8.-blanqueo de capitales,18
2023,CASTILLA Y LEON,5.9.-otros contra el patrimonio,2303
2023,CASTILLA Y LEON,6. seguridad colectiva,3071
2023,CASTILLA Y LEON,6.1.-trafico de drogas,492
2023,CASTILLA Y LEON,6.2.-contra la seguridad vial,2434
2023,CASTILLA Y LEON,6.3.-otros contra la seguridad colectiva,145
2023,CASTILLA Y LEON,7. falsedades,2033
2023,CASTILLA Y LEON,8. admon. publica,33
2023,CASTILLA Y LEON,9. admon. justicia,1559
2023,CASTILLA Y LEON,total infracciones penales,89824
2023,CATALUNA,1. contra las personas,23941
2023,CATALUNA,1.1.-homicidios dolosos/asesinatos,310
2023,CATALUNA,1.1.1.-homicidios dolosos/asesinatos consumados,71
2023,CATALUNA,1.2.-lesiones,15019
2023,CATALUNA,1.3.-malos tratos ambito familiar,8064
2023,CATALUNA,1.4.-otros contra las personas,548
2023,CATALUNA,10. orden publico,4171
2023,CATALUNA,11. legislacion especial,141
2023,CATALUNA,12. otras infracciones penales,970
2023,CATALUNA,2. contra la libertad,23322
2023,CATALUNA,2.1.-malos tratos habituales en el ambito familiar,1794
2023,CATALUNA,2.2.-otros contra la libertad,21528
2023,CATALUNA,3. libertad sexual,4361
2023,CATALUNA,3.1.-agresion sexual,2095
2023,CATALUNA,3.2.-agresion sexual con penetracion,1589
2023,CATALUNA,3.3.-corrupcion de menores o incapacitados,8
2023,CATALUNA,3.4.-pornografia de menores,198
2023,CATALUNA,3.5.-otros contra la libertad sexual,471
2023,CATALUNA,4. relaciones familiares,1110
2023,CATALUNA,5. patrimonio,431028
2023,CATALUNA,5.1.-hurtos,170164
2023,CATALUNA,5.2.-robos con fuerza en las cosas,62232
2023,CATALUNA,5.2.1.-robos con fuerza en las cosas en el interior de vehiculos,27779
2023,CATALUNA,5.2.2.-robos con fuerza en viviendas,18485
2023,CATALUNA,5.2.3.-robos con fuerza en establecimientos,7502
2023,CATALUNA,5.3.-robos con violencia o intimidacion,25421
2023,CATALUNA,5.3.1.-robos con violencia en via publica,18950
2023,CATALUNA,5.3.2.-robos con violencia en viviendas,1012
2023,CATALUNA,5.3.3.-robos con violencia en establecimientos,2211
2023,CATALUNA,5.4.-sustraccion de vehiculos,8466
2023,CATALUNA,5.5.-estafas,111977
2023,CATALUNA,5.5.1.-estafas informaticas,73994
2023,CATALUNA,5.6.-danos,38765
2023,CATALUNA,5.7.-contra la propiedad intelectual/industrial,235
2023,CATALUNA,5.8.-blanqueo de capitales,66
2023,CATALUNA,5.9.-otros contra el patrimonio,13702
2023,CATALUNA,6. seguridad colectiva,11802
2023,CATALUNA,6.1.-trafico de drogas,4368
2023,CATALUNA,6.2.-contra la seguridad vial,7189
2023,CATALUNA,6.3.-otros contra la seguridad colectiva,245
2023,CATALUNA,7. falsedades,4490
2023,CATALUNA,8. admon. publica,63
2023,CATALUNA,9. admon. justicia,4773
2023,CATALUNA,total infracciones penales,510172
2023,CIUDAD AUTONOMA DE CEUTA,1. contra las personas,644
2023,CIUDAD AUTONOMA DE CEUTA,1.1.-homicidios dolosos/asesinatos,11
2023,CIUDAD AUTONOMA DE CEUTA,1.1.1.-homicidios dolosos/asesinatos consumados,5
2023,CIUDAD AUTONOMA DE CEUTA,1.2.-lesiones,348
2023,CIUDAD AUTONOMA DE CEUTA,1.3.-malos tratos ambito familiar,283
2023,CIUDAD AUTONOMA DE CEUTA,1.4.-otros contra las personas,2
2023,CIUDAD AUTONOMA DE CEUTA,10. orden publico,120
2023,CIUDAD AUTONOMA DE CEUTA,11. legislacion especial,0
2023,CIUDAD AUTONOMA DE CEUTA,12. otras infracciones penales,37
2023,CIUDAD AUTONOMA DE CEUTA,2. contra la libertad,311
2023,CIUDAD AUTONOMA DE CEUTA,2.1.-malos tratos habituales en el ambito familiar,8
2023,CIUDAD AUTONOMA DE CEUTA,2.2.-otros contra la libertad,303
2023,CIUDAD AUTONOMA DE CEUTA,3. libertad sexual,45
2023,CIUDAD AUTONOMA DE CEUTA,3.1.-agresion sexual,32
2023,CIUDAD AUTONOMA DE CEUTA,3.2.-agresion sexual con penetracion,8
2023,CIUDAD AUTONOMA DE CEUTA,3.3.-corrupcion de menores o incapacitados,1
2023,CIUDAD AUTONOMA DE CEUTA,3.4.-pornografia de menores,2
2023,CIUDAD AUTONOMA DE CEUTA,3.5.-otros contra la libertad sexual,2
2023,CIUDAD AUTONOMA DE CEUTA,4. relaciones familiares,19
2023,CIUDAD AUTONOMA DE CEUTA,5. patrimonio,1909
2023,CIUDAD AUTONOMA DE CEUTA,5.1.-hurtos,529
2023,CIUDAD AUTONOMA DE CEUTA,5.2.-robos con fuerza en las cosas,192
2023,CIUDAD AUTONOMA DE CEUTA,5.2.1.-robos con fuerza en las cosas en el interior de vehiculos,115
2023,CIUDAD AUTONOMA DE CEUTA,5.2.2.-robos con fuerza en viviendas,33
2023,CIUDAD AUTONOMA DE CEUTA,5.2.3.-robos con fuerza en establecimientos,19
2023,CIUDAD AUTONOMA DE CEUTA,5.3.-robos con violencia o intimidacion,84
2023,CIUDAD AUTONOMA DE CEUTA,5.3.1.-robos con violencia en via publica,62
2023,CIUDAD AUTONOMA DE CEUTA,5.3.2.-robos con violencia en viviendas,7
2023,CIUDAD AUTONOMA DE CEUTA,5.3.3.-robos con violencia en establecimientos,10
2023,CIUDAD AUTONOMA DE CEUTA,5.4.-sustraccion de vehiculos,108
2023,CIUDAD AUTONOMA DE CEUTA,5.5.-estafas,617
2023,CIUDAD AUTONOMA DE CEUTA,5.5.1.-estafas informaticas,514
2023,CIUDAD AUTONOMA DE CEUTA,5.6.-danos,311
2023,CIUDAD AUTONOMA DE CEUTA,5.7.-contra la propiedad intelectual/industrial,1
2023,CIUDAD AUTONOMA DE CEUTA,5.8.-blanqueo de capitales,0
2023,CIUDAD AUTONOMA DE CEUTA,5.9.-otros contra el patrimonio,67
2023,CIUDAD AUTONOMA DE CEUTA,6. seguridad colectiva,264
2023,CIUDAD AUTONOMA DE CEUTA,6.1.-trafico de drogas,99
2023,CIUDAD AUTONOMA DE CEUTA,6.2.-contra la seguridad vial,161
2023,CIUDAD AUTONOMA DE CEUTA,6.3.-otros contra la seguridad colectiva,4
2023,CIUDAD AUTONOMA DE CEUTA,7. falsedades,96
2023,CIUDAD AUTONOMA DE CEUTA,8. admon. publica,1
2023,CIUDAD AUTONOMA DE CEUTA,9. admon. justicia,95
2023,CIUDAD AUTONOMA DE CEUTA,total infracciones penales,3541
2023,CIUDAD AUTONOMA DE MELILLA,1. contra las personas,923
2023,CIUDAD AUTONOMA DE MELILLA,1.1.-homicidios dolosos/asesinatos,3
2023,CIUDAD AUTONOMA DE MELILLA,1.1.1.-homicidios dolosos/asesinatos consumados,0
2023,CIUDAD AUTONOMA DE MELILLA,1.2.-lesiones,509
2023,CIUDAD AUTONOMA DE MELILLA,1.3.-malos tratos ambito familiar,396
2023,CIUDAD AUTONOMA DE MELILLA,1.4.-otros contra las personas,15
2023,CIUDAD AUTONOMA DE MELILLA,10. orden publico,101
2023,CIUDAD AUTONOMA DE MELILLA,11. legislacion especial,4
2023,CIUDAD AUTONOMA DE MELILLA,12. otras infracciones penales,62
2023,CIUDAD AUTONOMA DE MELILLA,2. contra la libertad,462
2023,CIUDAD AUTONOMA DE MELILLA,2.1.-malos tratos habituales en el ambito familiar,1
2023,CIUDAD AUTONOMA DE MELILLA,2.2.-otros contra la libertad,461
2023,CIUDAD AUTONOMA DE MELILLA,3. libertad sexual,41
2023,CIUDAD AUTONOMA DE MELILLA,3.1.-agresion sexual,31
2023,CIUDAD AUTONOMA DE MELILLA,3.2.-agresion sexual con penetracion,3
2023,CIUDAD AUTONOMA DE MELILLA,3.3.-corrupcion de menores o incapacitados,0
2023,CIUDAD AUTONOMA DE MELILLA,3.4.-pornografia de menores,2
2023,CIUDAD AUTONOMA DE MELILLA,3.5.-otros contra la libertad sexual,5
2023,CIUDAD AUTONOMA DE MELILLA,4. relaciones familiares,12
2023,CIUDAD AUTONOMA DE MELILLA,5. patrimonio,2213
2023,CIUDAD AUTONOMA DE MELILLA,5.1.-hurtos,747
2023,CIUDAD AUTONOMA DE MELILLA,5.2.-robos con fuerza en las cosas,248
2023,CIUDAD AUTONOMA DE MELILLA,5.2.1.-robos con fuerza en las cosas en el interior de vehiculos,104
2023,CIUDAD AUTONOMA DE MELILLA,5.2.2.-robos con fuerza en viviendas,60
2023,CIUDAD AUTONOMA DE MELILLA,5.2.3.-robos con fuerza en establecimientos,59
2023,CIUDAD AUTONOMA DE MELILLA,5.3.-robos con violencia o intimidacion,119
2023,CIUDAD AUTONOMA DE MELILLA,5.3.1.-robos con violencia en via publica,86
2023,CIUDAD AUTONOMA DE MELILLA,5.3.2.-robos con violencia en viviendas,9
2023,CIUDAD AUTONOMA DE MELILLA,5.3.3.-robos con violencia en establecimientos,12
2023,CIUDAD AUTONOMA DE MELILLA,5.4.-sustraccion de vehiculos,65
2023,CIUDAD AUTONOMA DE MELILLA,5.5.-estafas,506
2023,CIUDAD AUTONOMA DE MELILLA,5.5.1.-estafas informaticas,409
2023,CIUDAD AUTONOMA DE MELILLA,5.6.-danos,447
2023,CIUDAD AUTONOMA DE MELILLA,5.7.-contra la propiedad intelectual/industrial,1
2023,CIUDAD AUTONOMA DE MELILLA,5.8.-blanqueo de capitales,0
2023,CIUDAD AUTONOMA DE MELILLA,5.9.-otros contra el patrimonio,80
2023,CIUDAD AUTONOMA DE MELILLA,6. seguridad colectiva,323
2023,CIUDAD AUTONOMA DE MELILLA,6.1.-trafico de drogas,60
2023,CIUDAD AUTONOMA DE MELILLA,6.2.-contra la seguridad vial,253
2023,CIUDAD AUTONOMA DE MELILLA,6.3.-otros contra la seguridad colectiva,10
2023,CIUDAD AUTONOMA DE MELILLA,7. falsedades,70
2023,CIUDAD AUTONOMA DE MELILLA,8. admon. publica,5
2023,CIUDAD AUTONOMA DE MELILLA,9. admon. justicia,141
2023,CIUDAD AUTONOMA DE MELILLA,total infracciones penales,4357
2023,COMUNITAT VALENCIANA,1. contra las personas,28927
2023,COMUNITAT VALENCIANA,1.1.-homicidios dolosos/asesinatos,200
2023,COMUNITAT VALENCIANA,1.1.1.-homicidios dolosos/asesinatos consumados,34
2023,COMUNITAT VALENCIANA,1.2.-lesiones,14127
2023,COMUNITAT VALENCIANA,1.3.-malos tratos ambito familiar,14053
2023,COMUNITAT VALENCIANA,1.4.-otros contra las personas,547
2023,COMUNITAT VALENCIANA,10. orden publico,4020
2023,COMUNITAT VALENCIANA,11. legislacion especial,46
2023,COMUNITAT VALENCIANA,12. otras infracciones penales,1141
2023,COMUNITAT VALENCIANA,2. contra la libertad,17389
2023,COMUNITAT VALENCIANA,2.1.-malos tratos habituales en el ambito familiar,2480
2023,COMUNITAT VALENCIANA,2.2.-otros contra la libertad,14909
2023,COMUNITAT VALENCIANA,3. libertad sexual,2575
2023,COMUNITAT VALENCIANA,3.1.-agresion sexual,1666
2023,COMUNITAT VALENCIANA,3.2.-agresion sexual con penetracion,472
2023,COMUNITAT VALENCIANA,3.3.-corrupcion de menores o incapacitados,53
2023,COMUNITAT VALENCIANA,3.4.-pornografia de menores,89
2023,COMUNITAT VALENCIANA,3.5.-otros contra la libertad sexual,295
2023,COMUNITAT VALENCIANA,4. relaciones familiares,910
2023,COMUNITAT VALENCIANA,5. patrimonio,211176
2023,COMUNITAT VALENCIANA,5.1.-hurtos,77573
2023,COMUNITAT VALENCIANA,5.2.-robos con fuerza en las cosas,37462
2023,COMUNITAT VALENCIANA,5.2.1.-robos con fuerza en las cosas en el interior de vehiculos,14322
2023,COMUNITAT VALENCIANA,5.2.2.-robos con fuerza en viviendas,14495
2023,COMUNITAT VALENCIANA,5.2.3.-robos con fuerza en establecimientos,3788
2023,COMUNITAT VALENCIANA,5.3.-robos con violencia o intimidacion,6170
2023,COMUNITAT VALENCIANA,5.3.1.-robos con violencia en via publica,3812
2023,COMUNITAT VALENCIANA,5.3.2.-robos con violencia en viviendas,491
2023,COMUNITAT VALENCIANA,5.3.3.-robos con violencia en establecimientos,957
2023,COMUNITAT VALENCIANA,5.4.-sustraccion de vehiculos,3258
2023,COMUNITAT VALENCIANA,5.5.-estafas,51860
2023,COMUNITAT VALENCIANA,5.5.1.-estafas informaticas,41313
2023,COMUNITAT VALENCIANA,5.6.-danos,26859
2023,COMUNITAT VALENCIANA,5.7.-contra la propiedad intelectual/industrial,225
2023,COMUNITAT VALENCIANA,5.8.-blanqueo de capitales,78
2023,COMUNITAT VALENCIANA,5.9.-otros contra el patrimonio,7691
2023,COMUNITAT VALENCIANA,6. seguridad colectiva,9533
2023,COMUNITAT VALENCIANA,6.1.-trafico de drogas,2566
2023,COMUNITAT VALENCIANA,6.2.-contra la seguridad vial,6627
2023,COMUNITAT VALENCIANA,6.3.-otros contra la seguridad colectiva,340
2023,COMUNITAT VALENCIANA,7. falsedades,5655
2023,COMUNITAT VALENCIANA,8. admon. publica,71
2023,COMUNITAT VALENCIANA,9. admon. justicia,5936
2023,COMUNITAT VALENCIANA,total infracciones penales,287379
2023,EXTREMADURA,1. contra las personas,3787
2023,EXTREMADURA,1.1.-homicidios dolosos/asesinatos,21
2023,EXTREMADURA,1.1.1.-homicidios dolosos/asesinatos consumados,4
2023,EXTREMADURA,1.2.-lesiones,2357
2023,EXTREMADURA,1.3.-malos tratos ambito familiar,1347
2023,EXTREMADURA,1.4.-otros contra las personas,62
2023,EXTREMADURA,10. orden publico,423
2023,EXTREMADURA,11. legislacion especial,11
2023,EXTREMADURA,12. otras infracciones penales,334
2023,EXTREMADURA,2. contra la libertad,3069
2023,EXTREMADURA,2.1.-malos tratos habituales en el ambito familiar,311
2023,EXTREMADURA,2.2.-otros contra la libertad,2758
2023,EXTREMADURA,3. libertad sexual,310
2023,EXTREMADURA,3.1.-agresion sexual,188
2023,EXTREMADURA,3.2.-agresion sexual con penetracion,44
2023,EXTREMADURA,3.3.-corrupcion de menores o incapacitados,12
2023,EXTREMADURA,3.4.-pornografia de menores,11
2023,EXTREMADURA,3.5.-otros contra la libertad sexual,55
2023,EXTREMADURA,4. relaciones familiares,231
2023,EXTREMADURA,5. patrimonio,23968
2023,EXTREMADURA,5.1.-hurtos,6793
2023,EXTREMADURA,5.2.-robos con fuerza en las cosas,3740
2023,EXTREMADURA,5.2.1.-robos con fuerza en las cosas en el interior de vehiculos,792
2023,EXTREMADURA,5.2.2.-robos con fuerza en viviendas,1266
2023,EXTREMADURA,5.2.3.-robos con fuerza en establecimientos,579
2023,EXTREMADURA,5.3.-robos con violencia o intimidacion,312
2023,EXTREMADURA,5.3.1.-robos con violencia en via publica,147
2023,EXTREMADURA,5.3.2.-robos con violencia en viviendas,47
2023,EXTREMADURA,5.3.3.-robos con violencia en establecimientos,81
2023,EXTREMADURA,5.4.-sustraccion de vehiculos,195
2023,EXTREMADURA,5.5.-estafas,8335
2023,EXTREMADURA,5.5.1.-estafas informaticas,7449
2023,EXTREMADURA,5.6.-danos,3654
2023,EXTREMADURA,5.7.-contra la propiedad intelectual/industrial,25
2023,EXTREMADURA,5.8.-blanqueo de capitales,7
2023,EXTREMADURA,5.9.-otros contra el patrimonio,907
2023,EXTREMADURA,6. seguridad colectiva,1277
2023,EXTREMADURA,6.1.-trafico de drogas,315
2023,EXTREMADURA,6.2.-contra la seguridad vial,902
2023,EXTREMADURA,6.3.-otros contra la seguridad colectiva,60
2023,EXTREMADURA,7. falsedades,998
2023,EXTREMADURA,8. admon. publica,9
2023,EXTREMADURA,9. admon. justicia,852
2023,EXTREMADURA,total infracciones penales,35269
2023,GALICIA,1. contra las personas,9981
2023,GALICIA,1.1.-homicidios dolosos/asesinatos,70
2023,GALICIA,1.1.1.-homicidios dolosos/asesinatos consumados,18
2023,GALICIA,1.2.-lesiones,5748
2023,GALICIA,1.3.-malos tratos ambito familiar,3810
2023,GALICIA,1.4.-otros contra las personas,353
2023,GALICIA,10. orden publico,988
2023,GALICIA,11. legislacion especial,7
2023,GALICIA,12. otras infracciones penales,762
2023,GALICIA,2. contra la libertad,7986
2023,GALICIA,2.1.-malos tratos habituales en el ambito familiar,859
2023,GALICIA,2.2.-otros contra la libertad,7127
2023,GALICIA,3. libertad sexual,924
2023,GALICIA,3.1.-agresion sexual,502
2023,GALICIA,3.2.-agresion sexual con penetracion,201
2023,GALICIA,3.3.-corrupcion de menores o incapacitados,12
2023,GALICIA,3.4.-pornografia de menores,43
2023,GALICIA,3.5.-otros contra la libertad sexual,166
2023,GALICIA,4. relaciones familiares,204
2023,GALICIA,5. patrimonio,65713
2023,GALICIA,5.1.-hurtos,20300
2023,GALICIA,5.2.-robos con fuerza en las cosas,9491
2023,GALICIA,5.2.1.-robos con fuerza en las cosas en el interior de vehiculos,3251
2023,GALICIA,5.2.2.-robos con fuerza en viviendas,2684
2023,GALICIA,5.2.3.-robos con fuerza en establecimientos,1934
2023,GALICIA,5.3.-robos con violencia o intimidacion,1049
2023,GALICIA,5.3.1.-robos con violencia en via publica,552
2023,GALICIA,5.3.2.-robos con violencia en viviendas,100
2023,GALICIA,5.3.3.-robos con violencia en establecimientos,274
2023,GALICIA,5.4.-sustraccion de vehiculos,580
2023,GALICIA,5.5.-estafas,21800
2023,GALICIA,5.5.1.-estafas informaticas,18721
2023,GALICIA,5.6.-danos,9927
2023,GALICIA,5.7.-contra la propiedad intelectual/industrial,37
2023,GALICIA,5.8.-blanqueo de capitales,13
2023,GALICIA,5.9.-otros contra el patrimonio,2516
2023,GALICIA,6. seguridad colectiva,4789
2023,GALICIA,6.1.-trafico de drogas,488
2023,GALICIA,6.2.-contra la seguridad vial,4147
2023,GALICIA,6.3.-otros contra la seguridad colectiva,154
2023,GALICIA,7. falsedades,1634
2023,GALICIA,8. admon. publica,33
2023,GALICIA,9. admon. justicia,1779
2023,GALICIA,total infracciones penales,94800
2023,MADRID (COMUNIDAD DE),1. contra las personas,34880
2023,MADRID (COMUNIDAD DE),1.1.-homicidios dolosos/asesinatos,206
2023,MADRID (COMUNIDAD DE),1.1.1.-homicidios dolosos/asesinatos consumados,33
2023,MADRID (COMUNIDAD DE),1.2.-lesiones,13662
2023,MADRID (COMUNIDAD DE),1.3.-malos tratos ambito familiar,20263
2023,MADRID (COMUNIDAD DE),1.4.-otros contra las personas,749
2023,MADRID (COMUNIDAD DE),10. orden publico,5706
2023,MADRID (COMUNIDAD DE),11. legislacion especial,35
2023,MADRID (COMUNIDAD DE),12. otras infracciones penales,1072
2023,MADRID (COMUNIDAD DE),2. contra la libertad,18647
2023,MADRID (COMUNIDAD DE),2.1.-malos tratos habituales en el ambito familiar,1347
2023,MADRID (COMUNIDAD DE),2.2.-otros contra la libertad,17300
2023,MADRID (COMUNIDAD DE),3. libertad sexual,3066
2023,MADRID (COMUNIDAD DE),3.1.-agresion sexual,1804
2023,MADRID (COMUNIDAD DE),3.2.-agresion sexual con penetracion,649
2023,MADRID (COMUNIDAD DE),3.3.-corrupcion de menores o incapacitados,50
2023,MADRID (COMUNIDAD DE),3.4.-pornografia de menores,135
2023,MADRID (COMUNIDAD DE),3.5.-otros contra la libertad sexual,428
2023,MADRID (COMUNIDAD DE),4. relaciones familiares,723
2023,MADRID (COMUNIDAD DE),5. patrimonio,323394
2023,MADRID (COMUNIDAD DE),5.1.-hurtos,128366
2023,MADRID (COMUNIDAD DE),5.2.-robos con fuerza en las cosas,41106
2023,MADRID (COMUNIDAD DE),5.2.1.-robos con fuerza en las cosas en el interior de vehiculos,21961
2023,MADRID (COMUNIDAD DE),5.2.2.-robos con fuerza en viviendas,9336
2023,MADRID (COMUNIDAD DE),5.2.3.-robos con fuerza en establecimientos,4998
2023,MADRID (COMUNIDAD DE),5.3.-robos con violencia o intimidacion,12015
2023,MADRID (COMUNIDAD DE),5.3.1.-robos con violencia en via publica,8252
2023,MADRID (COMUNIDAD DE),5.3.2.-robos con violencia en viviendas,646
2023,MADRID (COMUNIDAD DE),5.3.3.-robos con violencia en establecimientos,1495
2023,MADRID (COMUNIDAD DE),5.4.-sustraccion de vehiculos,7061
2023,MADRID (COMUNIDAD DE),5.5.-estafas,90148
2023,MADRID (COMUNIDAD DE),5.5.1.-estafas informaticas,71534
2023,MADRID (COMUNIDAD DE),5.6.-danos,34276
2023,MADRID (COMUNIDAD DE),5.7.-contra la propiedad intelectual/industrial,119
2023,MADRID (COMUNIDAD DE),5.8.-blanqueo de capitales,81
2023,MADRID (COMUNIDAD DE),5.9.-otros contra el patrimonio,10222
2023,MADRID (COMUNIDAD DE),6. seguridad colectiva,8997
2023,MADRID (COMUNIDAD DE),6.1.-trafico de drogas,3389
2023,MADRID (COMUNIDAD DE),6.2.-contra la seguridad vial,5381
2023,MADRID (COMUNIDAD DE),6.3.-otros contra la seguridad colectiva,227
2023,MADRID (COMUNIDAD DE),7. falsedades,9589
2023,MADRID (COMUNIDAD DE),8. admon. publica,42
2023,MADRID (COMUNIDAD DE),9. admon. justicia,5631
2023,MADRID (COMUNIDAD DE),total infracciones penales,411782
2023,MURCIA (REGION DE),1. contra las personas,8520
2023,MURCIA (REGION DE),1.1.-homicidios dolosos/asesinatos,80
2023,MURCIA (REGION DE),1.1.1.-homicidios dolosos/asesinatos consumados,15
2023,MURCIA (REGION DE),1.2.-lesiones,4325
2023,MURCIA (REGION DE),1.3.-malos tratos ambito familiar,3957
2023,MURCIA (REGION DE),1.4.-otros contra las personas,158
2023,MURCIA (REGION DE),10. orden publico,1025
2023,MURCIA (REGION DE),11. legislacion especial,16
2023,MURCIA (REGION DE),12. otras infracciones penales,503
2023,MURCIA (REGION DE),2. contra la libertad,5396
2023,MURCIA (REGION DE),2.1.-malos tratos habituales en el ambito familiar,388
2023,MURCIA (REGION DE),2.2.-otros contra la libertad,5008
2023,MURCIA (REGION DE),3. libertad sexual,721
2023,MURCIA (REGION DE),3.1.-agresion sexual,472
2023,MURCIA (REGION DE),3.2.-agresion sexual con penetracion,110
2023,MURCIA (REGION DE),3.3.-corrupcion de menores o incapacitados,22
2023,MURCIA (REGION DE),3.4.-pornografia de menores,33
2023,MURCIA (REGION DE),3.5.-otros contra la libertad sexual,84
2023,MURCIA (REGION DE),4. relaciones familiares,660
2023,MURCIA (REGION DE),5. patrimonio,52383
2023,MURCIA (REGION DE),5.1.-hurtos,16564
2023,MURCIA (REGION DE),5.2.-robos con fuerza en las cosas,10318
2023,MURCIA (REGION DE),5.2.1.-robos con fuerza en las cosas en el interior de vehiculos,3248
2023,MURCIA (REGION DE),5.2.2.-robos con fuerza en viviendas,3909
2023,MURCIA (REGION DE),5.2.3.-robos con fuerza en establecimientos,1356
2023,MURCIA (REGION DE),5.3.-robos con violencia o intimidacion,2071
2023,MURCIA (REGION DE),5.3.1.-robos con violencia en via publica,1307
2023,MURCIA (REGION DE),5.3.2.-robos con violencia en viviendas,143
2023,MURCIA (REGION DE),5.3.3.-robos con violencia en establecimientos,345
2023,MURCIA (REGION DE),5.4.-sustraccion de vehiculos,970
2023,MURCIA (REGION DE),5.5.-estafas,14416
2023,MURCIA (REGION DE),5.5.1.-estafas informaticas,12310
2023,MURCIA (REGION DE),5.6.-danos,5752
2023,MURCIA (REGION DE),5.7.-contra la propiedad intelectual/industrial,37
2023,MURCIA (REGION DE),5.8.-blanqueo de capitales,11
2023,MURCIA (REGION DE),5.9.-otros contra el patrimonio,2244
2023,MURCIA (REGION DE),6. seguridad colectiva,1737
2023,MURCIA (REGION DE),6.1.-trafico de drogas,580
2023,MURCIA (REGION DE),6.2.-contra la seguridad vial,1062
2023,MURCIA (REGION DE),6.3.-otros contra la seguridad colectiva,95
2023,MURCIA (REGION DE),7. falsedades,1447
2023,MURCIA (REGION DE),8. admon. publica,20
2023,MURCIA (REGION DE),9. admon. justicia,1766
2023,MURCIA (REGION DE),total infracciones penales,74194
2023,NAVARRA (COMUNIDAD FORAL DE),1. contra las personas,3028
2023,NAVARRA (COMUNIDAD FORAL DE),1.1.-homicidios dolosos/asesinatos,38
2023,NAVARRA (COMUNIDAD FORAL DE),1.1.1.-homicidios dolosos/asesinatos consumados,6
2023,NAVARRA (COMUNIDAD FORAL DE),1.2.-lesiones,1784
2023,NAVARRA (COMUNIDAD FORAL DE),1.3.-malos tratos ambito familiar,1102
2023,NAVARRA (COMUNIDAD FORAL DE),1.4.-otros contra las personas,104
2023,NAVARRA (COMUNIDAD FORAL DE),10. orden publico,539
2023,NAVARRA (COMUNIDAD FORAL DE),11. legislacion especial,0
2023,NAVARRA (COMUNIDAD FORAL DE),12. otras infracciones penales,160
2023,NAVARRA (COMUNIDAD FORAL DE),2. contra la libertad,2522
2023,NAVARRA (COMUNIDAD FORAL DE),2.1.-malos tratos habituales en el ambito familiar,310
2023,NAVARRA (COMUNIDAD FORAL DE),2.2.-otros contra la libertad,2212
2023,NAVARRA (COMUNIDAD FORAL DE),3. libertad sexual,462
2023,NAVARRA (COMUNIDAD FORAL DE),3.1.-agresion sexual,274
2023,NAVARRA (COMUNIDAD FORAL DE),3.2.-agresion sexual con penetracion,82
2023,NAVARRA (COMUNIDAD FORAL DE),3.3.-corrupcion de menores o incapacitados,18
2023,NAVARRA (COMUNIDAD FORAL DE),3.4.-pornografia de menores,25
2023,NAVARRA (COMUNIDAD FORAL DE),3.5.-otros contra la libertad sexual,63
2023,NAVARRA (COMUNIDAD FORAL DE),4. relaciones familiares,94
2023,NAVARRA (COMUNIDAD FORAL DE),5. patrimonio,25568
2023,NAVARRA (COMUNIDAD FORAL DE),5.1.-hurtos,8661
2023,NAVARRA (COMUNIDAD FORAL DE),5.2.-robos con fuerza en las cosas,2939
2023,NAVARRA (COMUNIDAD FORAL DE),5.2.1.-robos con fuerza en las cosas en el interior de vehiculos,628
2023,NAVARRA (COMUNIDAD FORAL DE),5.2.2.-robos con fuerza en viviendas,1034
2023,NAVARRA (COMUNIDAD FORAL DE),5.2.3.-robos con fuerza en establecimientos,419
2023,NAVARRA (COMUNIDAD FORAL DE),5.3.-robos con violencia o intimidacion,467
2023,NAVARRA (COMUNIDAD FORAL DE),5.3.1.-robos con violencia en via publica,346
2023,NAVARRA (COMUNIDAD FORAL DE),5.3.2.-robos con violencia en viviendas,22
2023,NAVARRA (COMUNIDAD FORAL DE),5.3.3.-robos con violencia en establecimientos,57
2023,NAVARRA (COMUNIDAD FORAL DE),5.4.-sustraccion de vehiculos,154
2023,NAVARRA (COMUNIDAD FORAL DE),5.5.-estafas,9253
2023,NAVARRA (COMUNIDAD FORAL DE),5.5.1.-estafas informaticas,6576
2023,NAVARRA (COMUNIDAD FORAL DE),5.6.-danos,3264
2023,NAVARRA (COMUNIDAD FORAL DE),5.7.-contra la propiedad intelectual/industrial,43
2023,NAVARRA (COMUNIDAD FORAL DE),5.8.-blanqueo de capitales,22
2023,NAVARRA (COMUNIDAD FORAL DE),5.9.-otros contra el patrimonio,765
2023,NAVARRA (COMUNIDAD FORAL DE),6. seguridad colectiva,1541
2023,NAVARRA (COMUNIDAD FORAL DE),6.1.-trafico de drogas,158
2023,NAVARRA (COMUNIDAD FORAL DE),6.2.-contra la seguridad vial,1338
2023,NAVARRA (COMUNIDAD FORAL DE),6.3.-otros contra la seguridad colectiva,45
2023,NAVARRA (COMUNIDAD FORAL DE),7. falsedades,676
2023,NAVARRA (COMUNIDAD FORAL DE),8. admon. publica,15
2023,NAVARRA (COMUNIDAD FORAL DE),9. admon. justicia,489
2023,NAVARRA (COMUNIDAD FORAL DE),total infracciones penales,35094
2023,PAIS VASCO,1. contra las personas,8715
2023,PAIS VASCO,1.1.-homicidios dolosos/asesinatos,50
2023,PAIS VASCO,1.1.1.-homicidios dolosos/asesinatos consumados,6
2023,PAIS VASCO,1.2.-lesiones,5502
2023,PAIS VASCO,1.3.-malos tratos ambito familiar,2681
2023,PAIS VASCO,1.4.-otros contra las personas,482
2023,PAIS VASCO,10. orden publico,1405
2023,PAIS VASCO,11. legislacion especial,10
2023,PAIS VASCO,12. otras infracciones penales,603
2023,PAIS VASCO,2. contra la libertad,8817
2023,PAIS VASCO,2.1.-malos tratos habituales en el ambito familiar,2500
2023,PAIS VASCO,2.2.-otros contra la libertad,6317
2023,PAIS VASCO,3. libertad sexual,969
2023,PAIS VASCO,3.1.-agresion sexual,538
2023,PAIS VASCO,3.2.-agresion sexual con penetracion,235
2023,PAIS VASCO,3.3.-corrupcion de menores o incapacitados,14
2023,PAIS VASCO,3.4.-pornografia de menores,40
2023,PAIS VASCO,3.5.-otros contra la libertad sexual,142
2023,PAIS VASCO,4. relaciones familiares,195
2023,PAIS VASCO,5. patrimonio,80195
2023,PAIS VASCO,5.1.-hurtos,30129
2023,PAIS VASCO,5.2.-robos con fuerza en las cosas,10344
2023,PAIS VASCO,5.2.1.-robos con fuerza en las cosas en el interior de vehiculos,30
2023,PAIS VASCO,5.2.2.-robos con fuerza en viviendas,4079
2023,PAIS VASCO,5.2.3.-robos con fuerza en establecimientos,1890
2023,PAIS VASCO,5.3.-robos con violencia o intimidacion,2107
2023,PAIS VASCO,5.3.1.-robos con violencia en via publica,1519
2023,PAIS VASCO,5.3.2.-robos con violencia en viviendas,129
2023,PAIS VASCO,5.3.3.-robos con violencia en establecimientos,259
2023,PAIS VASCO,5.4.-sustraccion de vehiculos,751
2023,PAIS VASCO,5.5.-estafas,26619
2023,PAIS VASCO,5.5.1.-estafas informaticas,25095
2023,PAIS VASCO,5.6.-danos,7939
2023,PAIS VASCO,5.7.-contra la propiedad intelectual/industrial,58
2023,PAIS VASCO,5.8.-blanqueo de capitales,12
2023,PAIS VASCO,5.9.-otros contra el patrimonio,2236
2023,PAIS VASCO,6. seguridad colectiva,3190
2023,PAIS VASCO,6.1.-trafico de drogas,597
2023,PAIS VASCO,6.2.-contra la seguridad vial,2517
2023,PAIS VASCO,6.3.-otros contra la seguridad colectiva,76
2023,PAIS VASCO,7. falsedades,1868
2023,PAIS VASCO,8. admon. publica,18
2023,PAIS VASCO,9. admon. justicia,1838
2023,PAIS VASCO,total infracciones penales,107823
2023,RIOJA (LA),1. contra las personas,1490
2023,RIOJA (LA),1.1.-homicidios dolosos/asesinatos,15
2023,RIOJA (LA),1.1.1.-homicidios dolosos/asesinatos consumados,3
2023,RIOJA (LA),1.2.-lesiones,753
2023,RIOJA (LA),1.3.-malos tratos ambito familiar,676
2023,RIOJA (LA),1.4.-otros contra las personas,46
2023,RIOJA (LA),10. orden publico,149
2023,RIOJA (LA),11. legislacion especial,3
2023,RIOJA (LA),12. otras infracciones penales,57
2023,RIOJA (LA),2. contra la libertad,858
2023,RIOJA (LA),2.1.-malos tratos habituales en el ambito familiar,94
2023,RIOJA (LA),2.2.-otros contra la libertad,764
2023,RIOJA (LA),3. libertad sexual,124
2023,RIOJA (LA),3.1.-agresion sexual,82
2023,RIOJA (LA),3.2.-agresion sexual con penetracion,18
2023,RIOJA (LA),3.3.-corrupcion de menores o incapacitados,5
2023,RIOJA (LA),3.4.-pornografia de menores,7
2023,RIOJA (LA),3.5.-otros contra la libertad sexual,12
2023,RIOJA (LA),4. relaciones familiares,30
2023,RIOJA (LA),5. patrimonio,8570
2023,RIOJA (LA),5.1.-hurtos,2974
2023,RIOJA (LA),5.2.-robos con fuerza en las cosas,1356
2023,RIOJA (LA),5.2.1.-robos con fuerza en las cosas en el interior de vehiculos,260
2023,RIOJA (LA),5.2.2.-robos con fuerza en viviendas,559
2023,RIOJA (LA),5.2.3.-robos con fuerza en establecimientos,145
2023,RIOJA (LA),5.3.-robos con violencia o intimidacion,150
2023,RIOJA (LA),5.3.1.-robos con violencia en via publica,88
2023,RIOJA (LA),5.3.2.-robos con violencia en viviendas,12
2023,RIOJA (LA),5.3.3.-robos con violencia en establecimientos,36
2023,RIOJA (LA),5.4.-sustraccion de vehiculos,68
2023,RIOJA (LA),5.5.-estafas,2324
2023,RIOJA (LA),5.5.1.-estafas informaticas,2021
2023,RIOJA (LA),5.6.-danos,1252
2023,RIOJA (LA),5.7.-contra la propiedad intelectual/industrial,3
2023,RIOJA (LA),5.8.-blanqueo de capitales,0
2023,RIOJA (LA),5.9.-otros contra el patrimonio,443
2023,RIOJA (LA),6. seguridad colectiva,454
2023,RIOJA (LA),6.1.-trafico de drogas,93
2023,RIOJA (LA),6.2.-contra la seguridad vial,334
2023,RIOJA (LA),6.3.-otros contra la seguridad colectiva,27
2023,RIOJA (LA),7. falsedades,128
2023,RIOJA (LA),8. admon. publica,5
2023,RIOJA (LA),9. admon. justicia,284
2023,RIOJA (LA),total infracciones penales,12152
