"ts","kind","script","caller","path","rows","cols"
"2025-09-18 17:22:12","read","10_limpieza_arope.R","read_raw","D:/delitos_inmigracion_espana_MIN/data/raw/arope.csv",1632,5
"2025-09-18 17:22:13","write","10_limpieza_arope.R","write_clean","D:/delitos_inmigracion_espana_MIN/data/processed/arope_componentes.csv",1344,3
"2025-09-18 17:22:13","write","10_limpieza_arope.R","write_clean","D:/delitos_inmigracion_espana_MIN/data/processed/arope_total.csv",14,2
"2025-09-18 17:28:52","read",NA,"read_raw","D:/delitos_inmigracion_espana_MIN/data/raw/arope.csv",1632,5
"2025-09-18 17:28:53","write",NA,"write_clean","D:/delitos_inmigracion_espana_MIN/data/processed/arope_componentes.csv",56,3
"2025-09-18 17:28:53","write",NA,"write_clean","D:/delitos_inmigracion_espana_MIN/data/processed/arope_total.csv",14,2
"2025-09-18 17:51:17","read","11_limpieza_tasas_paro.R","read_raw","D:/delitos_inmigracion_espana_MIN/data/raw/tasas_paro.csv",3666,4
"2025-09-18 17:51:17","write","11_limpieza_tasas_paro.R","write_clean","D:/delitos_inmigracion_espana_MIN/output/tables/qc_paro_parse_periodo_samples.csv",50,3
"2025-09-18 17:51:17","write","11_limpieza_tasas_paro.R","write_clean","D:/delitos_inmigracion_espana_MIN/output/tables/qc_paro_bins_cobertura.csv",168,4
"2025-09-18 17:51:17","write","11_limpieza_tasas_paro.R","write_clean","D:/delitos_inmigracion_espana_MIN/output/tables/qc_paro_rates_year.csv",42,4
"2025-09-18 17:51:17","write","11_limpieza_tasas_paro.R","write_clean","D:/delitos_inmigracion_espana_MIN/output/tables/qc_paro_pesos_adj.csv",42,3
"2025-09-18 17:51:18","write","11_limpieza_tasas_paro.R","write_clean","D:/delitos_inmigracion_espana_MIN/output/tables/qc_paro_join_matrix.csv",42,5
"2025-09-18 17:51:18","write","11_limpieza_tasas_paro.R","write_clean","D:/delitos_inmigracion_espana_MIN/output/tables/qc_paro_cobertura_anual_15_29.csv",14,4
"2025-09-18 17:51:18","write","11_limpieza_tasas_paro.R","write_clean","D:/delitos_inmigracion_espana_MIN/data/processed/paro_15_29_anual.csv",14,3
"2025-09-19 09:54:08","read","13_limpieza_hechos_conocidos.R","read_raw","D:/delitos_inmigracion_espana_MIN/data/raw/hechos_conocidos.csv",13552,4
"2025-09-19 09:54:14","read","13_limpieza_hechos_conocidos.R","read_raw","D:/delitos_inmigracion_espana_MIN/data/raw/hechos_conocidos.csv",13552,4
"2025-09-19 10:10:03","read","13_limpieza_hechos_conocidos.R","read_raw","D:/delitos_inmigracion_espana_MIN/data/raw/hechos_conocidos.csv",13552,4
"2025-09-20 15:58:40","read","01_validacion_raw.R","read_raw","D:/delitos_inmigracion_espana_MIN/data/raw/arope.csv",1632,5
"2025-09-20 15:58:41","write","01_validacion_raw.R","write_clean","D:/delitos_inmigracion_espana_MIN/diagnostics/cols_arope.csv",5,1
"2025-09-20 15:58:41","write","01_validacion_raw.R","write_clean","D:/delitos_inmigracion_espana_MIN/diagnostics/uniques_arope.csv",5,3
"2025-09-20 15:58:41","read","01_validacion_raw.R","read_raw","D:/delitos_inmigracion_espana_MIN/data/raw/crecimiento_pib.csv",180,3
"2025-09-20 15:58:41","write","01_validacion_raw.R","write_clean","D:/delitos_inmigracion_espana_MIN/diagnostics/cols_crecimiento_pib.csv",3,1
"2025-09-20 15:58:41","write","01_validacion_raw.R","write_clean","D:/delitos_inmigracion_espana_MIN/diagnostics/uniques_crecimiento_pib.csv",3,3
"2025-09-20 15:58:42","read","01_validacion_raw.R","read_raw","D:/delitos_inmigracion_espana_MIN/data/raw/detenciones_extranjeros_tipologia.csv",36960,5
"2025-09-20 15:58:42","write","01_validacion_raw.R","write_clean","D:/delitos_inmigracion_espana_MIN/diagnostics/cols_detenciones_extranjeros_tipologia.csv",5,1
"2025-09-20 15:58:43","write","01_validacion_raw.R","write_clean","D:/delitos_inmigracion_espana_MIN/diagnostics/uniques_detenciones_extranjeros_tipologia.csv",4,3
"2025-09-20 15:58:43","read","01_validacion_raw.R","read_raw","D:/delitos_inmigracion_espana_MIN/data/raw/detenciones_tipologia.csv",12320,4
"2025-09-20 15:58:43","write","01_validacion_raw.R","write_clean","D:/delitos_inmigracion_espana_MIN/diagnostics/cols_detenciones_tipologia.csv",4,1
"2025-09-20 15:58:43","write","01_validacion_raw.R","write_clean","D:/delitos_inmigracion_espana_MIN/diagnostics/uniques_detenciones_tipologia.csv",3,3
"2025-09-20 15:58:44","read","01_validacion_raw.R","read_raw","D:/delitos_inmigracion_espana_MIN/data/raw/epa_activos_16_29_trimestral.csv",168,5
"2025-09-20 15:58:44","write","01_validacion_raw.R","write_clean","D:/delitos_inmigracion_espana_MIN/diagnostics/cols_epa_activos_16_29_trimestral.csv",5,1
"2025-09-20 15:58:44","write","01_validacion_raw.R","write_clean","D:/delitos_inmigracion_espana_MIN/diagnostics/uniques_epa_activos_16_29_trimestral.csv",5,3
"2025-09-20 15:58:45","read","01_validacion_raw.R","read_raw","D:/delitos_inmigracion_espana_MIN/data/raw/estat_nama_10_pc_filtered_en.csv",14190,19
"2025-09-20 15:58:45","write","01_validacion_raw.R","write_clean","D:/delitos_inmigracion_espana_MIN/diagnostics/cols_estat_nama_10_pc_filtered_en.csv",19,1
"2025-09-20 15:58:45","write","01_validacion_raw.R","write_clean","D:/delitos_inmigracion_espana_MIN/diagnostics/uniques_estat_nama_10_pc_filtered_en.csv",18,3
"2025-09-20 15:58:46","read","01_validacion_raw.R","read_raw","D:/delitos_inmigracion_espana_MIN/data/raw/gini.csv",28,3
"2025-09-20 15:58:46","write","01_validacion_raw.R","write_clean","D:/delitos_inmigracion_espana_MIN/diagnostics/cols_gini.csv",3,1
"2025-09-20 15:58:46","write","01_validacion_raw.R","write_clean","D:/delitos_inmigracion_espana_MIN/diagnostics/uniques_gini.csv",3,3
"2025-09-20 15:58:47","read","01_validacion_raw.R","read_raw","D:/delitos_inmigracion_espana_MIN/data/raw/hechos_conocidos.csv",13552,4
"2025-09-20 15:58:47","write","01_validacion_raw.R","write_clean","D:/delitos_inmigracion_espana_MIN/diagnostics/cols_hechos_conocidos.csv",4,1
"2025-09-20 15:58:47","write","01_validacion_raw.R","write_clean","D:/delitos_inmigracion_espana_MIN/diagnostics/uniques_hechos_conocidos.csv",3,3
"2025-09-20 15:58:48","read","01_validacion_raw.R","read_raw","D:/delitos_inmigracion_espana_MIN/data/raw/hechos_esclarecidos.csv",13552,4
"2025-09-20 15:58:48","write","01_validacion_raw.R","write_clean","D:/delitos_inmigracion_espana_MIN/diagnostics/cols_hechos_esclarecidos.csv",4,1
"2025-09-20 15:58:48","write","01_validacion_raw.R","write_clean","D:/delitos_inmigracion_espana_MIN/diagnostics/uniques_hechos_esclarecidos.csv",3,3
"2025-09-20 15:58:53","read","01_validacion_raw.R","read_raw","D:/delitos_inmigracion_espana_MIN/data/raw/poblacion_espana.csv",384480,5
"2025-09-20 15:58:53","write","01_validacion_raw.R","write_clean","D:/delitos_inmigracion_espana_MIN/diagnostics/cols_poblacion_espana.csv",5,1
"2025-09-20 15:58:54","write","01_validacion_raw.R","write_clean","D:/delitos_inmigracion_espana_MIN/diagnostics/uniques_poblacion_espana.csv",4,3
"2025-09-20 15:58:54","read","01_validacion_raw.R","read_raw","D:/delitos_inmigracion_espana_MIN/data/raw/tasas_paro.csv",3666,4
"2025-09-20 15:58:54","write","01_validacion_raw.R","write_clean","D:/delitos_inmigracion_espana_MIN/diagnostics/cols_tasas_paro.csv",4,1
"2025-09-20 15:58:55","write","01_validacion_raw.R","write_clean","D:/delitos_inmigracion_espana_MIN/diagnostics/uniques_tasas_paro.csv",3,3
"2025-09-20 15:58:55","read","01_validacion_raw.R","read_raw","D:/delitos_inmigracion_espana_MIN/data/raw/umbral_pobreza.csv",128,4
"2025-09-20 15:58:55","write","01_validacion_raw.R","write_clean","D:/delitos_inmigracion_espana_MIN/diagnostics/cols_umbral_pobreza.csv",4,1
"2025-09-20 15:58:55","write","01_validacion_raw.R","write_clean","D:/delitos_inmigracion_espana_MIN/diagnostics/uniques_umbral_pobreza.csv",4,3
"2025-09-20 15:58:55","write","01_validacion_raw.R","write_clean","D:/delitos_inmigracion_espana_MIN/diagnostics/resumen_raw.csv",12,12
"2025-09-20 15:58:55","write","01_validacion_raw.R","write_clean","D:/delitos_inmigracion_espana_MIN/diagnostics/raw_sep_encoding.csv",12,3
"2025-09-20 15:58:55","write","01_validacion_raw.R","write_clean","D:/delitos_inmigracion_espana_MIN/diagnostics/raw_numeric_parse_samples.csv",7,4
"2025-09-20 15:58:56","write","01_validacion_raw.R","write_clean","D:/delitos_inmigracion_espana_MIN/diagnostics/raw_file_logs.csv",12,4
"2025-09-20 15:58:56","write","01_validacion_raw.R","write_clean","D:/delitos_inmigracion_espana_MIN/diagnostics/acciones_prioritarias.csv",8,3
"2025-09-20 16:11:50","read","10_limpieza_arope.R","read_raw","D:/delitos_inmigracion_espana_MIN/data/raw/arope.csv",1632,5
"2025-09-20 16:11:51","write","10_limpieza_arope.R","write_clean","D:/delitos_inmigracion_espana_MIN/data/processed/arope_componentes.csv",56,3
"2025-09-20 16:11:51","write","10_limpieza_arope.R","write_clean","D:/delitos_inmigracion_espana_MIN/data/processed/arope_total.csv",14,2
"2025-09-21 12:49:23","read","02_config_diccionarios_y_excepciones.R","read_raw","D:/delitos_inmigracion_espana_MIN/data/raw/arope.csv",1632,5
"2025-09-21 12:49:23","read","02_config_diccionarios_y_excepciones.R","read_raw","D:/delitos_inmigracion_espana_MIN/data/raw/crecimiento_pib.csv",180,3
"2025-09-21 12:49:24","read","02_config_diccionarios_y_excepciones.R","read_raw","D:/delitos_inmigracion_espana_MIN/data/raw/detenciones_extranjeros_tipologia.csv",36960,5
"2025-09-21 12:49:24","read","02_config_diccionarios_y_excepciones.R","read_raw","D:/delitos_inmigracion_espana_MIN/data/raw/detenciones_tipologia.csv",12320,4
"2025-09-21 12:49:24","read","02_config_diccionarios_y_excepciones.R","read_raw","D:/delitos_inmigracion_espana_MIN/data/raw/epa_activos_16_29_trimestral.csv",168,5
"2025-09-21 12:49:25","read","02_config_diccionarios_y_excepciones.R","read_raw","D:/delitos_inmigracion_espana_MIN/data/raw/estat_nama_10_pc_filtered_en.csv",14190,19
"2025-09-21 12:49:25","read","02_config_diccionarios_y_excepciones.R","read_raw","D:/delitos_inmigracion_espana_MIN/data/raw/gini.csv",28,3
"2025-09-21 12:49:26","read","02_config_diccionarios_y_excepciones.R","read_raw","D:/delitos_inmigracion_espana_MIN/data/raw/hechos_conocidos.csv",13552,4
"2025-09-21 12:49:26","read","02_config_diccionarios_y_excepciones.R","read_raw","D:/delitos_inmigracion_espana_MIN/data/raw/hechos_esclarecidos.csv",13552,4
"2025-09-21 12:49:33","read","02_config_diccionarios_y_excepciones.R","read_raw","D:/delitos_inmigracion_espana_MIN/data/raw/poblacion_espana.csv",384480,5
"2025-09-21 12:49:35","read","02_config_diccionarios_y_excepciones.R","read_raw","D:/delitos_inmigracion_espana_MIN/data/raw/tasas_paro.csv",3666,4
"2025-09-21 12:49:35","read","02_config_diccionarios_y_excepciones.R","read_raw","D:/delitos_inmigracion_espana_MIN/data/raw/umbral_pobreza.csv",128,4
"2025-09-21 12:49:36","read","02_config_diccionarios_y_excepciones.R","read_raw","D:/delitos_inmigracion_espana_MIN/data/raw/arope.csv",1632,5
"2025-09-21 12:49:38","read","02_config_diccionarios_y_excepciones.R","read_raw","D:/delitos_inmigracion_espana_MIN/data/raw/gini.csv",28,3
"2025-09-21 12:49:43","read","02_config_diccionarios_y_excepciones.R","read_raw","D:/delitos_inmigracion_espana_MIN/data/raw/poblacion_espana.csv",384480,5
"2025-09-21 12:49:46","read","02_config_diccionarios_y_excepciones.R","read_raw","D:/delitos_inmigracion_espana_MIN/data/raw/tasas_paro.csv",3666,4
"2025-09-21 12:49:46","read","02_config_diccionarios_y_excepciones.R","read_raw","D:/delitos_inmigracion_espana_MIN/data/raw/umbral_pobreza.csv",128,4
"2025-09-22 09:42:42","read","01_validacion_raw.R","read_raw","D:/delitos_inmigracion_espana_MIN/data/raw/arope.csv",1632,5,"sep=;;enc=UTF-8"
"2025-09-22 09:42:42","write","01_validacion_raw.R","write_clean","D:/delitos_inmigracion_espana_MIN/diagnostics/cols_arope.csv",5,1,NA
"2025-09-22 09:42:42","write","01_validacion_raw.R","write_clean","D:/delitos_inmigracion_espana_MIN/diagnostics/uniques_arope.csv",5,3,NA
"2025-09-22 09:42:43","read","01_validacion_raw.R","read_raw","D:/delitos_inmigracion_espana_MIN/data/raw/crecimiento_pib.csv",180,3,"sep=;;enc=UTF-8"
"2025-09-22 09:42:43","write","01_validacion_raw.R","write_clean","D:/delitos_inmigracion_espana_MIN/diagnostics/cols_crecimiento_pib.csv",3,1,NA
"2025-09-22 09:42:43","write","01_validacion_raw.R","write_clean","D:/delitos_inmigracion_espana_MIN/diagnostics/uniques_crecimiento_pib.csv",3,3,NA
"2025-09-22 09:42:44","read","01_validacion_raw.R","read_raw","D:/delitos_inmigracion_espana_MIN/data/raw/detenciones_extranjeros_tipologia.csv",36960,5,"sep=;;enc=UTF-8"
"2025-09-22 09:42:44","write","01_validacion_raw.R","write_clean","D:/delitos_inmigracion_espana_MIN/diagnostics/cols_detenciones_extranjeros_tipologia.csv",5,1,NA
"2025-09-22 09:42:44","write","01_validacion_raw.R","write_clean","D:/delitos_inmigracion_espana_MIN/diagnostics/uniques_detenciones_extranjeros_tipologia.csv",4,3,NA
"2025-09-22 09:42:44","read","01_validacion_raw.R","read_raw","D:/delitos_inmigracion_espana_MIN/data/raw/detenciones_tipologia.csv",12320,4,"sep=;;enc=UTF-8"
"2025-09-22 09:42:44","write","01_validacion_raw.R","write_clean","D:/delitos_inmigracion_espana_MIN/diagnostics/cols_detenciones_tipologia.csv",4,1,NA
"2025-09-22 09:42:45","write","01_validacion_raw.R","write_clean","D:/delitos_inmigracion_espana_MIN/diagnostics/uniques_detenciones_tipologia.csv",3,3,NA
"2025-09-22 09:42:45","read","01_validacion_raw.R","read_raw","D:/delitos_inmigracion_espana_MIN/data/raw/epa_activos_16_29_trimestral.csv",168,5,"sep=;;enc=UTF-8"
"2025-09-22 09:42:45","write","01_validacion_raw.R","write_clean","D:/delitos_inmigracion_espana_MIN/diagnostics/cols_epa_activos_16_29_trimestral.csv",5,1,NA
"2025-09-22 09:42:45","write","01_validacion_raw.R","write_clean","D:/delitos_inmigracion_espana_MIN/diagnostics/uniques_epa_activos_16_29_trimestral.csv",5,3,NA
"2025-09-22 09:42:46","read","01_validacion_raw.R","read_raw","D:/delitos_inmigracion_espana_MIN/data/raw/estat_nama_10_pc_filtered_en.csv",14190,19,"sep=,;enc=UTF-8"
"2025-09-22 09:42:46","write","01_validacion_raw.R","write_clean","D:/delitos_inmigracion_espana_MIN/diagnostics/cols_estat_nama_10_pc_filtered_en.csv",19,1,NA
"2025-09-22 09:42:47","write","01_validacion_raw.R","write_clean","D:/delitos_inmigracion_espana_MIN/diagnostics/uniques_estat_nama_10_pc_filtered_en.csv",18,3,NA
"2025-09-22 09:42:47","read","01_validacion_raw.R","read_raw","D:/delitos_inmigracion_espana_MIN/data/raw/gini.csv",28,3,"sep=;;enc=UTF-8"
"2025-09-22 09:42:47","write","01_validacion_raw.R","write_clean","D:/delitos_inmigracion_espana_MIN/diagnostics/cols_gini.csv",3,1,NA
"2025-09-22 09:42:47","write","01_validacion_raw.R","write_clean","D:/delitos_inmigracion_espana_MIN/diagnostics/uniques_gini.csv",3,3,NA
"2025-09-22 09:42:47","read","01_validacion_raw.R","read_raw","D:/delitos_inmigracion_espana_MIN/data/raw/hechos_conocidos.csv",13552,4,"sep=;;enc=UTF-8"
"2025-09-22 09:42:47","write","01_validacion_raw.R","write_clean","D:/delitos_inmigracion_espana_MIN/diagnostics/cols_hechos_conocidos.csv",4,1,NA
"2025-09-22 09:42:47","write","01_validacion_raw.R","write_clean","D:/delitos_inmigracion_espana_MIN/diagnostics/uniques_hechos_conocidos.csv",3,3,NA
"2025-09-22 09:42:48","read","01_validacion_raw.R","read_raw","D:/delitos_inmigracion_espana_MIN/data/raw/hechos_esclarecidos.csv",13552,4,"sep=;;enc=UTF-8"
"2025-09-22 09:42:48","write","01_validacion_raw.R","write_clean","D:/delitos_inmigracion_espana_MIN/diagnostics/cols_hechos_esclarecidos.csv",4,1,NA
"2025-09-22 09:42:48","write","01_validacion_raw.R","write_clean","D:/delitos_inmigracion_espana_MIN/diagnostics/uniques_hechos_esclarecidos.csv",3,3,NA
"2025-09-22 09:42:54","read","01_validacion_raw.R","read_raw","D:/delitos_inmigracion_espana_MIN/data/raw/poblacion_espana.csv",384480,5,"sep=;;enc=UTF-8"
"2025-09-22 09:42:54","write","01_validacion_raw.R","write_clean","D:/delitos_inmigracion_espana_MIN/diagnostics/cols_poblacion_espana.csv",5,1,NA
"2025-09-22 09:42:55","write","01_validacion_raw.R","write_clean","D:/delitos_inmigracion_espana_MIN/diagnostics/uniques_poblacion_espana.csv",4,3,NA
"2025-09-22 09:42:55","read","01_validacion_raw.R","read_raw","D:/delitos_inmigracion_espana_MIN/data/raw/tasas_paro.csv",3666,4,"sep=;;enc=UTF-8"
"2025-09-22 09:42:56","write","01_validacion_raw.R","write_clean","D:/delitos_inmigracion_espana_MIN/diagnostics/cols_tasas_paro.csv",4,1,NA
"2025-09-22 09:42:56","write","01_validacion_raw.R","write_clean","D:/delitos_inmigracion_espana_MIN/diagnostics/uniques_tasas_paro.csv",3,3,NA
"2025-09-22 09:42:56","read","01_validacion_raw.R","read_raw","D:/delitos_inmigracion_espana_MIN/data/raw/umbral_pobreza.csv",128,4,"sep=;;enc=UTF-8"
"2025-09-22 09:42:56","write","01_validacion_raw.R","write_clean","D:/delitos_inmigracion_espana_MIN/diagnostics/cols_umbral_pobreza.csv",4,1,NA
"2025-09-22 09:42:56","write","01_validacion_raw.R","write_clean","D:/delitos_inmigracion_espana_MIN/diagnostics/uniques_umbral_pobreza.csv",4,3,NA
"2025-09-22 09:42:56","write","01_validacion_raw.R","write_clean","D:/delitos_inmigracion_espana_MIN/diagnostics/resumen_raw.csv",12,12,NA
"2025-09-22 09:42:56","write","01_validacion_raw.R","write_clean","D:/delitos_inmigracion_espana_MIN/diagnostics/raw_sep_encoding.csv",12,3,NA
"2025-09-22 09:42:56","write","01_validacion_raw.R","write_clean","D:/delitos_inmigracion_espana_MIN/diagnostics/raw_numeric_parse_samples.csv",7,4,NA
"2025-09-22 09:42:57","write","01_validacion_raw.R","write_clean","D:/delitos_inmigracion_espana_MIN/diagnostics/raw_file_logs.csv",12,4,NA
"2025-09-22 09:42:57","write","01_validacion_raw.R","write_clean","D:/delitos_inmigracion_espana_MIN/diagnostics/acciones_prioritarias.csv",8,3,NA
"2025-09-22 10:08:49","read","01_validacion_raw.R","read_raw","D:/delitos_inmigracion_espana_MIN/data/raw/arope.csv",1632,5,"sep=;;enc=UTF-8"
"2025-09-22 10:08:49","write","01_validacion_raw.R","write_clean","D:/delitos_inmigracion_espana_MIN/diagnostics/cols_arope.csv",5,1,NA
"2025-09-22 10:08:49","write","01_validacion_raw.R","write_clean","D:/delitos_inmigracion_espana_MIN/diagnostics/uniques_arope.csv",5,3,NA
"2025-09-22 10:08:49","read","01_validacion_raw.R","read_raw","D:/delitos_inmigracion_espana_MIN/data/raw/crecimiento_pib.csv",180,3,"sep=;;enc=UTF-8"
"2025-09-22 10:08:49","write","01_validacion_raw.R","write_clean","D:/delitos_inmigracion_espana_MIN/diagnostics/cols_crecimiento_pib.csv",3,1,NA
"2025-09-22 10:08:49","write","01_validacion_raw.R","write_clean","D:/delitos_inmigracion_espana_MIN/diagnostics/uniques_crecimiento_pib.csv",3,3,NA
"2025-09-22 10:08:50","read","01_validacion_raw.R","read_raw","D:/delitos_inmigracion_espana_MIN/data/raw/detenciones_extranjeros_tipologia.csv",36960,5,"sep=;;enc=UTF-8"
"2025-09-22 10:08:50","write","01_validacion_raw.R","write_clean","D:/delitos_inmigracion_espana_MIN/diagnostics/cols_detenciones_extranjeros_tipologia.csv",5,1,NA
"2025-09-22 10:08:50","write","01_validacion_raw.R","write_clean","D:/delitos_inmigracion_espana_MIN/diagnostics/uniques_detenciones_extranjeros_tipologia.csv",4,3,NA
"2025-09-22 10:08:51","read","01_validacion_raw.R","read_raw","D:/delitos_inmigracion_espana_MIN/data/raw/detenciones_tipologia.csv",12320,4,"sep=;;enc=UTF-8"
"2025-09-22 10:08:51","write","01_validacion_raw.R","write_clean","D:/delitos_inmigracion_espana_MIN/diagnostics/cols_detenciones_tipologia.csv",4,1,NA
"2025-09-22 10:08:51","write","01_validacion_raw.R","write_clean","D:/delitos_inmigracion_espana_MIN/diagnostics/uniques_detenciones_tipologia.csv",3,3,NA
"2025-09-22 10:08:51","read","01_validacion_raw.R","read_raw","D:/delitos_inmigracion_espana_MIN/data/raw/epa_activos_16_29_trimestral.csv",168,5,"sep=;;enc=UTF-8"
"2025-09-22 10:08:51","write","01_validacion_raw.R","write_clean","D:/delitos_inmigracion_espana_MIN/diagnostics/cols_epa_activos_16_29_trimestral.csv",5,1,NA
"2025-09-22 10:08:51","write","01_validacion_raw.R","write_clean","D:/delitos_inmigracion_espana_MIN/diagnostics/uniques_epa_activos_16_29_trimestral.csv",5,3,NA
"2025-09-22 10:08:52","read","01_validacion_raw.R","read_raw","D:/delitos_inmigracion_espana_MIN/data/raw/estat_nama_10_pc_filtered_en.csv",14190,19,"sep=,;enc=UTF-8"
"2025-09-22 10:08:53","write","01_validacion_raw.R","write_clean","D:/delitos_inmigracion_espana_MIN/diagnostics/cols_estat_nama_10_pc_filtered_en.csv",19,1,NA
"2025-09-22 10:08:53","write","01_validacion_raw.R","write_clean","D:/delitos_inmigracion_espana_MIN/diagnostics/uniques_estat_nama_10_pc_filtered_en.csv",18,3,NA
"2025-09-22 10:08:53","read","01_validacion_raw.R","read_raw","D:/delitos_inmigracion_espana_MIN/data/raw/gini.csv",28,3,"sep=;;enc=UTF-8"
"2025-09-22 10:08:53","write","01_validacion_raw.R","write_clean","D:/delitos_inmigracion_espana_MIN/diagnostics/cols_gini.csv",3,1,NA
"2025-09-22 10:08:53","write","01_validacion_raw.R","write_clean","D:/delitos_inmigracion_espana_MIN/diagnostics/uniques_gini.csv",3,3,NA
"2025-09-22 10:08:53","read","01_validacion_raw.R","read_raw","D:/delitos_inmigracion_espana_MIN/data/raw/hechos_conocidos.csv",13552,4,"sep=;;enc=UTF-8"
"2025-09-22 10:08:53","write","01_validacion_raw.R","write_clean","D:/delitos_inmigracion_espana_MIN/diagnostics/cols_hechos_conocidos.csv",4,1,NA
"2025-09-22 10:08:54","write","01_validacion_raw.R","write_clean","D:/delitos_inmigracion_espana_MIN/diagnostics/uniques_hechos_conocidos.csv",3,3,NA
"2025-09-22 10:08:54","read","01_validacion_raw.R","read_raw","D:/delitos_inmigracion_espana_MIN/data/raw/hechos_esclarecidos.csv",13552,4,"sep=;;enc=UTF-8"
"2025-09-22 10:08:54","write","01_validacion_raw.R","write_clean","D:/delitos_inmigracion_espana_MIN/diagnostics/cols_hechos_esclarecidos.csv",4,1,NA
"2025-09-22 10:08:54","write","01_validacion_raw.R","write_clean","D:/delitos_inmigracion_espana_MIN/diagnostics/uniques_hechos_esclarecidos.csv",3,3,NA
"2025-09-22 10:09:00","read","01_validacion_raw.R","read_raw","D:/delitos_inmigracion_espana_MIN/data/raw/poblacion_espana.csv",384480,5,"sep=;;enc=UTF-8"
"2025-09-22 10:09:00","write","01_validacion_raw.R","write_clean","D:/delitos_inmigracion_espana_MIN/diagnostics/cols_poblacion_espana.csv",5,1,NA
"2025-09-22 10:09:02","write","01_validacion_raw.R","write_clean","D:/delitos_inmigracion_espana_MIN/diagnostics/uniques_poblacion_espana.csv",4,3,NA
"2025-09-22 10:09:02","read","01_validacion_raw.R","read_raw","D:/delitos_inmigracion_espana_MIN/data/raw/tasas_paro.csv",3666,4,"sep=;;enc=UTF-8"
"2025-09-22 10:09:02","write","01_validacion_raw.R","write_clean","D:/delitos_inmigracion_espana_MIN/diagnostics/cols_tasas_paro.csv",4,1,NA
"2025-09-22 10:09:02","write","01_validacion_raw.R","write_clean","D:/delitos_inmigracion_espana_MIN/diagnostics/uniques_tasas_paro.csv",3,3,NA
"2025-09-22 10:09:02","read","01_validacion_raw.R","read_raw","D:/delitos_inmigracion_espana_MIN/data/raw/umbral_pobreza.csv",128,4,"sep=;;enc=UTF-8"
"2025-09-22 10:09:02","write","01_validacion_raw.R","write_clean","D:/delitos_inmigracion_espana_MIN/diagnostics/cols_umbral_pobreza.csv",4,1,NA
"2025-09-22 10:09:02","write","01_validacion_raw.R","write_clean","D:/delitos_inmigracion_espana_MIN/diagnostics/uniques_umbral_pobreza.csv",4,3,NA
"2025-09-22 10:09:02","write","01_validacion_raw.R","write_clean","D:/delitos_inmigracion_espana_MIN/diagnostics/resumen_raw.csv",12,12,NA
"2025-09-22 10:09:02","write","01_validacion_raw.R","write_clean","D:/delitos_inmigracion_espana_MIN/diagnostics/raw_sep_encoding.csv",12,3,NA
"2025-09-22 10:09:02","write","01_validacion_raw.R","write_clean","D:/delitos_inmigracion_espana_MIN/diagnostics/raw_numeric_parse_samples.csv",7,4,NA
"2025-09-22 10:09:02","write","01_validacion_raw.R","write_clean","D:/delitos_inmigracion_espana_MIN/diagnostics/raw_file_logs.csv",12,4,NA
"2025-09-22 10:09:02","write","01_validacion_raw.R","write_clean","D:/delitos_inmigracion_espana_MIN/diagnostics/acciones_prioritarias.csv",8,3,NA
"2025-09-22 10:09:09","read","01_validacion_raw.R","read_raw","D:/delitos_inmigracion_espana_MIN/data/raw/arope.csv",1632,5,"sep=;;enc=UTF-8"
"2025-09-22 10:09:10","write","01_validacion_raw.R","write_clean","D:/delitos_inmigracion_espana_MIN/diagnostics/cols_arope.csv",5,1,NA
"2025-09-22 10:09:10","write","01_validacion_raw.R","write_clean","D:/delitos_inmigracion_espana_MIN/diagnostics/uniques_arope.csv",5,3,NA
"2025-09-22 10:09:10","read","01_validacion_raw.R","read_raw","D:/delitos_inmigracion_espana_MIN/data/raw/crecimiento_pib.csv",180,3,"sep=;;enc=UTF-8"
"2025-09-22 10:09:10","write","01_validacion_raw.R","write_clean","D:/delitos_inmigracion_espana_MIN/diagnostics/cols_crecimiento_pib.csv",3,1,NA
"2025-09-22 10:09:10","write","01_validacion_raw.R","write_clean","D:/delitos_inmigracion_espana_MIN/diagnostics/uniques_crecimiento_pib.csv",3,3,NA
"2025-09-22 10:09:11","read","01_validacion_raw.R","read_raw","D:/delitos_inmigracion_espana_MIN/data/raw/detenciones_extranjeros_tipologia.csv",36960,5,"sep=;;enc=UTF-8"
"2025-09-22 10:09:11","write","01_validacion_raw.R","write_clean","D:/delitos_inmigracion_espana_MIN/diagnostics/cols_detenciones_extranjeros_tipologia.csv",5,1,NA
"2025-09-22 10:09:11","write","01_validacion_raw.R","write_clean","D:/delitos_inmigracion_espana_MIN/diagnostics/uniques_detenciones_extranjeros_tipologia.csv",4,3,NA
"2025-09-22 10:09:11","read","01_validacion_raw.R","read_raw","D:/delitos_inmigracion_espana_MIN/data/raw/detenciones_tipologia.csv",12320,4,"sep=;;enc=UTF-8"
"2025-09-22 10:09:11","write","01_validacion_raw.R","write_clean","D:/delitos_inmigracion_espana_MIN/diagnostics/cols_detenciones_tipologia.csv",4,1,NA
"2025-09-22 10:09:12","write","01_validacion_raw.R","write_clean","D:/delitos_inmigracion_espana_MIN/diagnostics/uniques_detenciones_tipologia.csv",3,3,NA
"2025-09-22 10:09:12","read","01_validacion_raw.R","read_raw","D:/delitos_inmigracion_espana_MIN/data/raw/epa_activos_16_29_trimestral.csv",168,5,"sep=;;enc=UTF-8"
"2025-09-22 10:09:12","write","01_validacion_raw.R","write_clean","D:/delitos_inmigracion_espana_MIN/diagnostics/cols_epa_activos_16_29_trimestral.csv",5,1,NA
"2025-09-22 10:09:12","write","01_validacion_raw.R","write_clean","D:/delitos_inmigracion_espana_MIN/diagnostics/uniques_epa_activos_16_29_trimestral.csv",5,3,NA
"2025-09-22 10:09:13","read","01_validacion_raw.R","read_raw","D:/delitos_inmigracion_espana_MIN/data/raw/estat_nama_10_pc_filtered_en.csv",14190,19,"sep=,;enc=UTF-8"
"2025-09-22 10:09:13","write","01_validacion_raw.R","write_clean","D:/delitos_inmigracion_espana_MIN/diagnostics/cols_estat_nama_10_pc_filtered_en.csv",19,1,NA
"2025-09-22 10:09:13","write","01_validacion_raw.R","write_clean","D:/delitos_inmigracion_espana_MIN/diagnostics/uniques_estat_nama_10_pc_filtered_en.csv",18,3,NA
"2025-09-22 10:09:13","read","01_validacion_raw.R","read_raw","D:/delitos_inmigracion_espana_MIN/data/raw/gini.csv",28,3,"sep=;;enc=UTF-8"
"2025-09-22 10:09:14","write","01_validacion_raw.R","write_clean","D:/delitos_inmigracion_espana_MIN/diagnostics/cols_gini.csv",3,1,NA
"2025-09-22 10:09:14","write","01_validacion_raw.R","write_clean","D:/delitos_inmigracion_espana_MIN/diagnostics/uniques_gini.csv",3,3,NA
"2025-09-22 10:09:14","read","01_validacion_raw.R","read_raw","D:/delitos_inmigracion_espana_MIN/data/raw/hechos_conocidos.csv",13552,4,"sep=;;enc=UTF-8"
"2025-09-22 10:09:14","write","01_validacion_raw.R","write_clean","D:/delitos_inmigracion_espana_MIN/diagnostics/cols_hechos_conocidos.csv",4,1,NA
"2025-09-22 10:09:14","write","01_validacion_raw.R","write_clean","D:/delitos_inmigracion_espana_MIN/diagnostics/uniques_hechos_conocidos.csv",3,3,NA
"2025-09-22 10:09:14","read","01_validacion_raw.R","read_raw","D:/delitos_inmigracion_espana_MIN/data/raw/hechos_esclarecidos.csv",13552,4,"sep=;;enc=UTF-8"
"2025-09-22 10:09:14","write","01_validacion_raw.R","write_clean","D:/delitos_inmigracion_espana_MIN/diagnostics/cols_hechos_esclarecidos.csv",4,1,NA
"2025-09-22 10:09:14","write","01_validacion_raw.R","write_clean","D:/delitos_inmigracion_espana_MIN/diagnostics/uniques_hechos_esclarecidos.csv",3,3,NA
"2025-09-22 10:09:19","read","01_validacion_raw.R","read_raw","D:/delitos_inmigracion_espana_MIN/data/raw/poblacion_espana.csv",384480,5,"sep=;;enc=UTF-8"
"2025-09-22 10:09:19","write","01_validacion_raw.R","write_clean","D:/delitos_inmigracion_espana_MIN/diagnostics/cols_poblacion_espana.csv",5,1,NA
"2025-09-22 10:09:20","write","01_validacion_raw.R","write_clean","D:/delitos_inmigracion_espana_MIN/diagnostics/uniques_poblacion_espana.csv",4,3,NA
"2025-09-22 10:09:20","read","01_validacion_raw.R","read_raw","D:/delitos_inmigracion_espana_MIN/data/raw/tasas_paro.csv",3666,4,"sep=;;enc=UTF-8"
"2025-09-22 10:09:20","write","01_validacion_raw.R","write_clean","D:/delitos_inmigracion_espana_MIN/diagnostics/cols_tasas_paro.csv",4,1,NA
"2025-09-22 10:09:20","write","01_validacion_raw.R","write_clean","D:/delitos_inmigracion_espana_MIN/diagnostics/uniques_tasas_paro.csv",3,3,NA
"2025-09-22 10:09:21","read","01_validacion_raw.R","read_raw","D:/delitos_inmigracion_espana_MIN/data/raw/umbral_pobreza.csv",128,4,"sep=;;enc=UTF-8"
"2025-09-22 10:09:21","write","01_validacion_raw.R","write_clean","D:/delitos_inmigracion_espana_MIN/diagnostics/cols_umbral_pobreza.csv",4,1,NA
"2025-09-22 10:09:21","write","01_validacion_raw.R","write_clean","D:/delitos_inmigracion_espana_MIN/diagnostics/uniques_umbral_pobreza.csv",4,3,NA
"2025-09-22 10:09:21","write","01_validacion_raw.R","write_clean","D:/delitos_inmigracion_espana_MIN/diagnostics/resumen_raw.csv",12,12,NA
"2025-09-22 10:09:21","write","01_validacion_raw.R","write_clean","D:/delitos_inmigracion_espana_MIN/diagnostics/raw_sep_encoding.csv",12,3,NA
"2025-09-22 10:09:21","write","01_validacion_raw.R","write_clean","D:/delitos_inmigracion_espana_MIN/diagnostics/raw_numeric_parse_samples.csv",7,4,NA
"2025-09-22 10:09:21","write","01_validacion_raw.R","write_clean","D:/delitos_inmigracion_espana_MIN/diagnostics/raw_file_logs.csv",12,4,NA
"2025-09-22 10:09:21","write","01_validacion_raw.R","write_clean","D:/delitos_inmigracion_espana_MIN/diagnostics/acciones_prioritarias.csv",8,3,NA
"2025-09-22 10:37:31","read","01_validacion_raw.R","read_raw","D:/delitos_inmigracion_espana_MIN/data/raw/arope.csv",1632,5,"sep=;;enc=UTF-8"
"2025-09-22 10:37:31","write","01_validacion_raw.R","write_clean","D:/delitos_inmigracion_espana_MIN/diagnostics/cols_arope.csv",5,1,NA
"2025-09-22 10:37:31","write","01_validacion_raw.R","write_clean","D:/delitos_inmigracion_espana_MIN/diagnostics/uniques_arope.csv",5,3,NA
"2025-09-22 10:37:31","read","01_validacion_raw.R","read_raw","D:/delitos_inmigracion_espana_MIN/data/raw/crecimiento_pib.csv",180,3,"sep=;;enc=UTF-8"
"2025-09-22 10:37:31","write","01_validacion_raw.R","write_clean","D:/delitos_inmigracion_espana_MIN/diagnostics/cols_crecimiento_pib.csv",3,1,NA
"2025-09-22 10:37:31","write","01_validacion_raw.R","write_clean","D:/delitos_inmigracion_espana_MIN/diagnostics/uniques_crecimiento_pib.csv",3,3,NA
"2025-09-22 10:37:32","read","01_validacion_raw.R","read_raw","D:/delitos_inmigracion_espana_MIN/data/raw/detenciones_extranjeros_tipologia.csv",36960,5,"sep=;;enc=UTF-8"
"2025-09-22 10:37:32","write","01_validacion_raw.R","write_clean","D:/delitos_inmigracion_espana_MIN/diagnostics/cols_detenciones_extranjeros_tipologia.csv",5,1,NA
"2025-09-22 10:37:32","write","01_validacion_raw.R","write_clean","D:/delitos_inmigracion_espana_MIN/diagnostics/uniques_detenciones_extranjeros_tipologia.csv",4,3,NA
"2025-09-22 10:37:33","read","01_validacion_raw.R","read_raw","D:/delitos_inmigracion_espana_MIN/data/raw/detenciones_tipologia.csv",12320,4,"sep=;;enc=UTF-8"
"2025-09-22 10:37:33","write","01_validacion_raw.R","write_clean","D:/delitos_inmigracion_espana_MIN/diagnostics/cols_detenciones_tipologia.csv",4,1,NA
"2025-09-22 10:37:33","write","01_validacion_raw.R","write_clean","D:/delitos_inmigracion_espana_MIN/diagnostics/uniques_detenciones_tipologia.csv",3,3,NA
"2025-09-22 10:37:33","read","01_validacion_raw.R","read_raw","D:/delitos_inmigracion_espana_MIN/data/raw/epa_activos_16_29_trimestral.csv",168,5,"sep=;;enc=UTF-8"
"2025-09-22 10:37:33","write","01_validacion_raw.R","write_clean","D:/delitos_inmigracion_espana_MIN/diagnostics/cols_epa_activos_16_29_trimestral.csv",5,1,NA
"2025-09-22 10:37:33","write","01_validacion_raw.R","write_clean","D:/delitos_inmigracion_espana_MIN/diagnostics/uniques_epa_activos_16_29_trimestral.csv",5,3,NA
"2025-09-22 10:37:34","read","01_validacion_raw.R","read_raw","D:/delitos_inmigracion_espana_MIN/data/raw/estat_nama_10_pc_filtered_en.csv",14190,19,"sep=,;enc=UTF-8"
"2025-09-22 10:37:34","write","01_validacion_raw.R","write_clean","D:/delitos_inmigracion_espana_MIN/diagnostics/cols_estat_nama_10_pc_filtered_en.csv",19,1,NA
"2025-09-22 10:37:34","write","01_validacion_raw.R","write_clean","D:/delitos_inmigracion_espana_MIN/diagnostics/uniques_estat_nama_10_pc_filtered_en.csv",18,3,NA
"2025-09-22 10:37:35","read","01_validacion_raw.R","read_raw","D:/delitos_inmigracion_espana_MIN/data/raw/gini.csv",28,3,"sep=;;enc=UTF-8"
"2025-09-22 10:37:35","write","01_validacion_raw.R","write_clean","D:/delitos_inmigracion_espana_MIN/diagnostics/cols_gini.csv",3,1,NA
"2025-09-22 10:37:35","write","01_validacion_raw.R","write_clean","D:/delitos_inmigracion_espana_MIN/diagnostics/uniques_gini.csv",3,3,NA
"2025-09-22 10:37:35","read","01_validacion_raw.R","read_raw","D:/delitos_inmigracion_espana_MIN/data/raw/hechos_conocidos.csv",13552,4,"sep=;;enc=UTF-8"
"2025-09-22 10:37:35","write","01_validacion_raw.R","write_clean","D:/delitos_inmigracion_espana_MIN/diagnostics/cols_hechos_conocidos.csv",4,1,NA
"2025-09-22 10:37:35","write","01_validacion_raw.R","write_clean","D:/delitos_inmigracion_espana_MIN/diagnostics/uniques_hechos_conocidos.csv",3,3,NA
"2025-09-22 10:37:36","read","01_validacion_raw.R","read_raw","D:/delitos_inmigracion_espana_MIN/data/raw/hechos_esclarecidos.csv",13552,4,"sep=;;enc=UTF-8"
"2025-09-22 10:37:36","write","01_validacion_raw.R","write_clean","D:/delitos_inmigracion_espana_MIN/diagnostics/cols_hechos_esclarecidos.csv",4,1,NA
"2025-09-22 10:37:36","write","01_validacion_raw.R","write_clean","D:/delitos_inmigracion_espana_MIN/diagnostics/uniques_hechos_esclarecidos.csv",3,3,NA
"2025-09-22 10:37:41","read","01_validacion_raw.R","read_raw","D:/delitos_inmigracion_espana_MIN/data/raw/poblacion_espana.csv",384480,5,"sep=;;enc=UTF-8"
"2025-09-22 10:37:41","write","01_validacion_raw.R","write_clean","D:/delitos_inmigracion_espana_MIN/diagnostics/cols_poblacion_espana.csv",5,1,NA
"2025-09-22 10:37:42","write","01_validacion_raw.R","write_clean","D:/delitos_inmigracion_espana_MIN/diagnostics/uniques_poblacion_espana.csv",4,3,NA
"2025-09-22 10:37:43","read","01_validacion_raw.R","read_raw","D:/delitos_inmigracion_espana_MIN/data/raw/tasas_paro.csv",3666,4,"sep=;;enc=UTF-8"
"2025-09-22 10:37:43","write","01_validacion_raw.R","write_clean","D:/delitos_inmigracion_espana_MIN/diagnostics/cols_tasas_paro.csv",4,1,NA
"2025-09-22 10:37:43","write","01_validacion_raw.R","write_clean","D:/delitos_inmigracion_espana_MIN/diagnostics/uniques_tasas_paro.csv",3,3,NA
"2025-09-22 10:37:43","read","01_validacion_raw.R","read_raw","D:/delitos_inmigracion_espana_MIN/data/raw/umbral_pobreza.csv",128,4,"sep=;;enc=UTF-8"
"2025-09-22 10:37:43","write","01_validacion_raw.R","write_clean","D:/delitos_inmigracion_espana_MIN/diagnostics/cols_umbral_pobreza.csv",4,1,NA
"2025-09-22 10:37:44","write","01_validacion_raw.R","write_clean","D:/delitos_inmigracion_espana_MIN/diagnostics/uniques_umbral_pobreza.csv",4,3,NA
"2025-09-22 10:37:44","write","01_validacion_raw.R","write_clean","D:/delitos_inmigracion_espana_MIN/diagnostics/resumen_raw.csv",12,12,NA
"2025-09-22 10:37:44","write","01_validacion_raw.R","write_clean","D:/delitos_inmigracion_espana_MIN/diagnostics/raw_sep_encoding.csv",12,3,NA
"2025-09-22 10:37:44","write","01_validacion_raw.R","write_clean","D:/delitos_inmigracion_espana_MIN/diagnostics/raw_numeric_parse_samples.csv",7,4,NA
"2025-09-22 10:37:44","write","01_validacion_raw.R","write_clean","D:/delitos_inmigracion_espana_MIN/diagnostics/raw_file_logs.csv",12,4,NA
"2025-09-22 10:37:44","write","01_validacion_raw.R","write_clean","D:/delitos_inmigracion_espana_MIN/diagnostics/acciones_prioritarias.csv",8,3,NA
"2025-09-22 10:47:15","read","01_validacion_raw.R","read_raw","D:/delitos_inmigracion_espana_MIN/data/raw/arope.csv",1632,5,"sep=;;enc=UTF-8"
"2025-09-22 10:47:15","write","01_validacion_raw.R","write_clean","D:/delitos_inmigracion_espana_MIN/diagnostics/cols_arope.csv",5,1,NA
"2025-09-22 10:47:15","write","01_validacion_raw.R","write_clean","D:/delitos_inmigracion_espana_MIN/diagnostics/uniques_arope.csv",5,3,NA
"2025-09-22 10:47:16","read","01_validacion_raw.R","read_raw","D:/delitos_inmigracion_espana_MIN/data/raw/crecimiento_pib.csv",180,3,"sep=;;enc=UTF-8"
"2025-09-22 10:47:16","write","01_validacion_raw.R","write_clean","D:/delitos_inmigracion_espana_MIN/diagnostics/cols_crecimiento_pib.csv",3,1,NA
"2025-09-22 10:47:16","write","01_validacion_raw.R","write_clean","D:/delitos_inmigracion_espana_MIN/diagnostics/uniques_crecimiento_pib.csv",3,3,NA
"2025-09-22 10:47:17","read","01_validacion_raw.R","read_raw","D:/delitos_inmigracion_espana_MIN/data/raw/detenciones_extranjeros_tipologia.csv",36960,5,"sep=;;enc=UTF-8"
"2025-09-22 10:47:17","write","01_validacion_raw.R","write_clean","D:/delitos_inmigracion_espana_MIN/diagnostics/cols_detenciones_extranjeros_tipologia.csv",5,1,NA
"2025-09-22 10:47:17","write","01_validacion_raw.R","write_clean","D:/delitos_inmigracion_espana_MIN/diagnostics/uniques_detenciones_extranjeros_tipologia.csv",4,3,NA
"2025-09-22 10:47:17","read","01_validacion_raw.R","read_raw","D:/delitos_inmigracion_espana_MIN/data/raw/detenciones_tipologia.csv",12320,4,"sep=;;enc=UTF-8"
"2025-09-22 10:47:17","write","01_validacion_raw.R","write_clean","D:/delitos_inmigracion_espana_MIN/diagnostics/cols_detenciones_tipologia.csv",4,1,NA
"2025-09-22 10:47:17","write","01_validacion_raw.R","write_clean","D:/delitos_inmigracion_espana_MIN/diagnostics/uniques_detenciones_tipologia.csv",3,3,NA
"2025-09-22 10:47:17","read","01_validacion_raw.R","read_raw","D:/delitos_inmigracion_espana_MIN/data/raw/epa_activos_16_29_trimestral.csv",168,5,"sep=;;enc=UTF-8"
"2025-09-22 10:47:17","write","01_validacion_raw.R","write_clean","D:/delitos_inmigracion_espana_MIN/diagnostics/cols_epa_activos_16_29_trimestral.csv",5,1,NA
"2025-09-22 10:47:17","write","01_validacion_raw.R","write_clean","D:/delitos_inmigracion_espana_MIN/diagnostics/uniques_epa_activos_16_29_trimestral.csv",5,3,NA
"2025-09-22 10:47:18","read","01_validacion_raw.R","read_raw","D:/delitos_inmigracion_espana_MIN/data/raw/estat_nama_10_pc_filtered_en.csv",14190,19,"sep=,;enc=UTF-8"
"2025-09-22 10:47:18","write","01_validacion_raw.R","write_clean","D:/delitos_inmigracion_espana_MIN/diagnostics/cols_estat_nama_10_pc_filtered_en.csv",19,1,NA
"2025-09-22 10:47:18","write","01_validacion_raw.R","write_clean","D:/delitos_inmigracion_espana_MIN/diagnostics/uniques_estat_nama_10_pc_filtered_en.csv",18,3,NA
"2025-09-22 10:47:19","read","01_validacion_raw.R","read_raw","D:/delitos_inmigracion_espana_MIN/data/raw/gini.csv",28,3,"sep=;;enc=UTF-8"
"2025-09-22 10:47:19","write","01_validacion_raw.R","write_clean","D:/delitos_inmigracion_espana_MIN/diagnostics/cols_gini.csv",3,1,NA
"2025-09-22 10:47:19","write","01_validacion_raw.R","write_clean","D:/delitos_inmigracion_espana_MIN/diagnostics/uniques_gini.csv",3,3,NA
"2025-09-22 10:47:19","read","01_validacion_raw.R","read_raw","D:/delitos_inmigracion_espana_MIN/data/raw/hechos_conocidos.csv",13552,4,"sep=;;enc=UTF-8"
"2025-09-22 10:47:19","write","01_validacion_raw.R","write_clean","D:/delitos_inmigracion_espana_MIN/diagnostics/cols_hechos_conocidos.csv",4,1,NA
"2025-09-22 10:47:19","write","01_validacion_raw.R","write_clean","D:/delitos_inmigracion_espana_MIN/diagnostics/uniques_hechos_conocidos.csv",3,3,NA
"2025-09-22 10:47:20","read","01_validacion_raw.R","read_raw","D:/delitos_inmigracion_espana_MIN/data/raw/hechos_esclarecidos.csv",13552,4,"sep=;;enc=UTF-8"
"2025-09-22 10:47:20","write","01_validacion_raw.R","write_clean","D:/delitos_inmigracion_espana_MIN/diagnostics/cols_hechos_esclarecidos.csv",4,1,NA
"2025-09-22 10:47:20","write","01_validacion_raw.R","write_clean","D:/delitos_inmigracion_espana_MIN/diagnostics/uniques_hechos_esclarecidos.csv",3,3,NA
"2025-09-22 10:47:25","read","01_validacion_raw.R","read_raw","D:/delitos_inmigracion_espana_MIN/data/raw/poblacion_espana.csv",384480,5,"sep=;;enc=UTF-8"
"2025-09-22 10:47:25","write","01_validacion_raw.R","write_clean","D:/delitos_inmigracion_espana_MIN/diagnostics/cols_poblacion_espana.csv",5,1,NA
"2025-09-22 10:47:26","write","01_validacion_raw.R","write_clean","D:/delitos_inmigracion_espana_MIN/diagnostics/uniques_poblacion_espana.csv",4,3,NA
"2025-09-22 10:47:26","read","01_validacion_raw.R","read_raw","D:/delitos_inmigracion_espana_MIN/data/raw/tasas_paro.csv",3666,4,"sep=;;enc=UTF-8"
"2025-09-22 10:47:26","write","01_validacion_raw.R","write_clean","D:/delitos_inmigracion_espana_MIN/diagnostics/cols_tasas_paro.csv",4,1,NA
"2025-09-22 10:47:26","write","01_validacion_raw.R","write_clean","D:/delitos_inmigracion_espana_MIN/diagnostics/uniques_tasas_paro.csv",3,3,NA
"2025-09-22 10:47:27","read","01_validacion_raw.R","read_raw","D:/delitos_inmigracion_espana_MIN/data/raw/umbral_pobreza.csv",128,4,"sep=;;enc=UTF-8"
"2025-09-22 10:47:27","write","01_validacion_raw.R","write_clean","D:/delitos_inmigracion_espana_MIN/diagnostics/cols_umbral_pobreza.csv",4,1,NA
"2025-09-22 10:47:27","write","01_validacion_raw.R","write_clean","D:/delitos_inmigracion_espana_MIN/diagnostics/uniques_umbral_pobreza.csv",4,3,NA
"2025-09-22 10:47:27","write","01_validacion_raw.R","write_clean","D:/delitos_inmigracion_espana_MIN/diagnostics/resumen_raw.csv",12,12,NA
"2025-09-22 10:47:27","write","01_validacion_raw.R","write_clean","D:/delitos_inmigracion_espana_MIN/diagnostics/raw_sep_encoding.csv",12,3,NA
"2025-09-22 10:47:27","write","01_validacion_raw.R","write_clean","D:/delitos_inmigracion_espana_MIN/diagnostics/raw_numeric_parse_samples.csv",7,4,NA
"2025-09-22 10:47:27","write","01_validacion_raw.R","write_clean","D:/delitos_inmigracion_espana_MIN/diagnostics/raw_file_logs.csv",12,4,NA
"2025-09-22 10:47:27","write","01_validacion_raw.R","write_clean","D:/delitos_inmigracion_espana_MIN/diagnostics/acciones_prioritarias.csv",8,3,NA
"2025-09-22 11:05:25","read","10_limpieza_arope.R","read_raw","D:/delitos_inmigracion_espana_MIN/data/raw/arope.csv",1632,5,"sep=;;enc=UTF-8"
"2025-09-22 11:05:25","write","10_limpieza_arope.R","write_clean","D:/delitos_inmigracion_espana_MIN/data/processed/arope_componentes.csv",56,3,NA
"2025-09-22 11:05:25","write","10_limpieza_arope.R","write_clean","D:/delitos_inmigracion_espana_MIN/data/processed/arope_total.csv",14,2,NA
"2025-09-22 11:05:26","write","10_limpieza_arope.R","write_clean","D:/delitos_inmigracion_espana_MIN/output/tables/10_arope_comp_resumen.csv",1,3,NA
"2025-09-22 11:05:26","write","10_limpieza_arope.R","write_clean","D:/delitos_inmigracion_espana_MIN/output/tables/10_arope_total_resumen.csv",1,3,NA
"2025-09-22 11:05:26","write","10_limpieza_arope.R","write_clean","D:/delitos_inmigracion_espana_MIN/output/tables/10_arope_comp_duplicados.csv",0,3,NA
"2025-09-22 11:05:26","write","10_limpieza_arope.R","write_clean","D:/delitos_inmigracion_espana_MIN/output/tables/10_arope_total_anos_faltantes.csv",0,1,NA
"2025-09-22 11:05:26","write","10_limpieza_arope.R","write_clean","D:/delitos_inmigracion_espana_MIN/output/tables/10_arope_total_fuera_rango_componentes.csv",0,5,NA
"2025-09-22 11:15:59","read","10_limpieza_arope.R","read_raw","D:/delitos_inmigracion_espana_MIN/data/raw/arope.csv",1632,5,"sep=;;enc=UTF-8"
"2025-09-22 11:16:00","write","10_limpieza_arope.R","write_clean","D:/delitos_inmigracion_espana_MIN/data/processed/arope_componentes.csv",56,3,NA
"2025-09-22 11:16:00","write","10_limpieza_arope.R","write_clean","D:/delitos_inmigracion_espana_MIN/data/processed/arope_total.csv",14,2,NA
"2025-09-22 11:16:00","write","10_limpieza_arope.R","write_clean","D:/delitos_inmigracion_espana_MIN/output/tables/10_arope_comp_resumen.csv",1,3,NA
"2025-09-22 11:16:00","write","10_limpieza_arope.R","write_clean","D:/delitos_inmigracion_espana_MIN/output/tables/10_arope_total_resumen.csv",1,3,NA
"2025-09-22 11:16:00","write","10_limpieza_arope.R","write_clean","D:/delitos_inmigracion_espana_MIN/output/tables/10_arope_comp_duplicados.csv",0,3,NA
"2025-09-22 11:16:00","write","10_limpieza_arope.R","write_clean","D:/delitos_inmigracion_espana_MIN/output/tables/10_arope_total_anos_faltantes.csv",0,1,NA
"2025-09-22 11:16:00","write","10_limpieza_arope.R","write_clean","D:/delitos_inmigracion_espana_MIN/output/tables/10_arope_total_fuera_rango_componentes.csv",0,5,NA
"2025-09-22 11:44:21","read","10_limpieza_arope.R","read_raw","D:/delitos_inmigracion_espana_MIN/data/raw/arope.csv",1632,5,"sep=;;enc=UTF-8"
"2025-09-22 11:44:21","write","10_limpieza_arope.R","write_clean","D:/delitos_inmigracion_espana_MIN/data/processed/arope_componentes.csv",56,3,NA
"2025-09-22 11:44:21","write","10_limpieza_arope.R","write_clean","D:/delitos_inmigracion_espana_MIN/data/processed/arope_total.csv",14,2,NA
"2025-09-22 11:44:21","write","10_limpieza_arope.R","write_clean","D:/delitos_inmigracion_espana_MIN/output/tables/10_arope_comp_resumen.csv",1,3,NA
"2025-09-22 11:44:21","write","10_limpieza_arope.R","write_clean","D:/delitos_inmigracion_espana_MIN/output/tables/10_arope_total_resumen.csv",1,3,NA
"2025-09-22 11:44:21","write","10_limpieza_arope.R","write_clean","D:/delitos_inmigracion_espana_MIN/output/tables/10_arope_comp_duplicados.csv",0,3,NA
"2025-09-22 11:44:21","write","10_limpieza_arope.R","write_clean","D:/delitos_inmigracion_espana_MIN/output/tables/10_arope_total_anos_faltantes.csv",0,1,NA
"2025-09-22 11:44:21","write","10_limpieza_arope.R","write_clean","D:/delitos_inmigracion_espana_MIN/output/tables/10_arope_total_fuera_rango_componentes.csv",0,5,NA
"2025-09-22 11:44:39","read","10_limpieza_arope.R","read_raw","D:/delitos_inmigracion_espana_MIN/data/raw/arope.csv",1632,5,"sep=;;enc=UTF-8"
"2025-09-22 11:44:39","write","10_limpieza_arope.R","write_clean","D:/delitos_inmigracion_espana_MIN/data/processed/arope_componentes.csv",56,3,NA
"2025-09-22 11:44:39","write","10_limpieza_arope.R","write_clean","D:/delitos_inmigracion_espana_MIN/data/processed/arope_total.csv",14,2,NA
"2025-09-22 11:44:39","write","10_limpieza_arope.R","write_clean","D:/delitos_inmigracion_espana_MIN/output/tables/10_arope_comp_resumen.csv",1,3,NA
"2025-09-22 11:44:39","write","10_limpieza_arope.R","write_clean","D:/delitos_inmigracion_espana_MIN/output/tables/10_arope_total_resumen.csv",1,3,NA
"2025-09-22 11:44:39","write","10_limpieza_arope.R","write_clean","D:/delitos_inmigracion_espana_MIN/output/tables/10_arope_comp_duplicados.csv",0,3,NA
"2025-09-22 11:44:39","write","10_limpieza_arope.R","write_clean","D:/delitos_inmigracion_espana_MIN/output/tables/10_arope_total_anos_faltantes.csv",0,1,NA
"2025-09-22 11:44:39","write","10_limpieza_arope.R","write_clean","D:/delitos_inmigracion_espana_MIN/output/tables/10_arope_total_fuera_rango_componentes.csv",0,5,NA
"2025-09-22 11:49:14","read","11_build_paro_16_29.R","read_raw","D:/delitos_inmigracion_espana_MIN/data/raw/epa_activos_16_29_trimestral.csv",168,5,"sep=;;enc=UTF-8"
"2025-09-22 11:49:14","read","11_build_paro_16_29.R","read_raw","D:/delitos_inmigracion_espana_MIN/data/raw/tasas_paro.csv",3666,4,"sep=;;enc=UTF-8"
"2025-09-22 11:52:46","read","12_build_poblacion.R","read_raw","D:/delitos_inmigracion_espana_MIN/data/raw/poblacion_espana.csv",384480,5,"sep=;;enc=UTF-8"
"2025-09-22 11:53:07","write","12_build_poblacion.R","write_clean","D:/delitos_inmigracion_espana_MIN/output/tables/cov_poblacion_15_29.csv",168,5,NA
"2025-09-22 11:53:07","write","12_build_poblacion.R","write_clean","D:/delitos_inmigracion_espana_MIN/output/tables/cov_poblacion_15_29_criticos.csv",0,4,NA
"2025-09-22 11:53:07","write","12_build_poblacion.R","write_clean","D:/delitos_inmigracion_espana_MIN/data/processed/poblacion_total_15_29_bins_anual.csv",42,5,NA
"2025-09-22 11:53:08","write","12_build_poblacion.R","write_clean","D:/delitos_inmigracion_espana_MIN/output/tables/12b_qc_cobertura_trimestral.csv",28,4,NA
"2025-09-22 11:53:08","write","12_build_poblacion.R","write_clean","D:/delitos_inmigracion_espana_MIN/output/tables/12b_qc_sin_valores.csv",0,4,NA
"2025-09-22 11:53:08","write","12_build_poblacion.R","write_clean","D:/delitos_inmigracion_espana_MIN/output/tables/12b_qc_desviacion_cierre.csv",14,10,NA
"2025-09-22 11:53:08","write","12_build_poblacion.R","write_clean","D:/delitos_inmigracion_espana_MIN/output/tables/12b_meta_origen.csv",1,6,NA
"2025-09-22 11:53:08","write","12_build_poblacion.R","write_clean","D:/delitos_inmigracion_espana_MIN/data/processed/poblacion_total_nacional.csv",14,2,NA
"2025-09-22 11:53:08","write","12_build_poblacion.R","write_clean","D:/delitos_inmigracion_espana_MIN/data/processed/poblacion_espanola_total.csv",14,2,NA
"2025-09-22 11:53:08","write","12_build_poblacion.R","write_clean","D:/delitos_inmigracion_espana_MIN/data/processed/poblacion_extranjera_total.csv",14,2,NA
"2025-09-22 11:53:08","write","12_build_poblacion.R","write_clean","D:/delitos_inmigracion_espana_MIN/data/processed/pct_extranjeros_poblacion.csv",14,2,NA
"2025-09-22 11:56:15","read","13_build_hechos_conocidos.R","read_raw","D:/delitos_inmigracion_espana_MIN/data/raw/hechos_conocidos.csv",13552,4,"sep=;;enc=UTF-8"
"2025-09-22 11:56:16","write","13_build_hechos_conocidos.R","write_clean","D:/delitos_inmigracion_espana_MIN/output/tables/13_qc_unidades_detectadas.csv",3,2,NA
"2025-09-22 11:56:16","write","13_build_hechos_conocidos.R","write_clean","D:/delitos_inmigracion_espana_MIN/output/tables/13_qc_cobertura_anual.csv",14,3,NA
"2025-09-22 11:56:16","write","13_build_hechos_conocidos.R","write_clean","D:/delitos_inmigracion_espana_MIN/output/tables/13_qc_duplicados_clave.csv",0,4,NA
"2025-09-22 11:56:16","write","13_build_hechos_conocidos.R","write_clean","D:/delitos_inmigracion_espana_MIN/output/tables/13_qc_no_negatividad.csv",0,4,NA
"2025-09-22 11:56:17","write","13_build_hechos_conocidos.R","write_clean","D:/delitos_inmigracion_espana_MIN/output/tables/13_qc_nacional_vs_suma_ccaa.csv",616,7,NA
"2025-09-22 11:56:17","write","13_build_hechos_conocidos.R","write_clean","D:/delitos_inmigracion_espana_MIN/output/tables/13_qc_summary_checks.csv",5,4,NA
"2025-09-22 11:56:17","write","13_build_hechos_conocidos.R","write_clean","D:/delitos_inmigracion_espana_MIN/data/processed/hechos_conocidos_panel_ccaa.csv",11704,4,NA
"2025-09-22 11:56:17","write","13_build_hechos_conocidos.R","write_clean","D:/delitos_inmigracion_espana_MIN/data/processed/hechos_conocidos_total_nacional_por_tipo.csv",616,3,NA
"2025-09-22 11:56:17","write","13_build_hechos_conocidos.R","write_clean","D:/delitos_inmigracion_espana_MIN/data/processed/hechos_conocidos_total_nacional.csv",14,2,NA
"2025-09-22 18:36:05","read","14_build_hechos_esclarecidos.R","read_raw","D:/delitos_inmigracion_espana_MIN/data/raw/hechos_esclarecidos.csv",13552,4,"sep=;;enc=UTF-8"
"2025-09-22 18:36:06","write","14_build_hechos_esclarecidos.R","write_clean","D:/delitos_inmigracion_espana_MIN/output/tables/14_he_regiones_especiales_counts.csv",3,2,NA
"2025-09-22 18:36:07","write","14_build_hechos_esclarecidos.R","write_clean","D:/delitos_inmigracion_espana_MIN/output/tables/14_he_nacional_vs_sum_ccaa.csv",616,8,NA
"2025-09-22 18:36:07","write","14_build_hechos_esclarecidos.R","write_clean","D:/delitos_inmigracion_espana_MIN/output/tables/14_he_unit_detection.csv",1,4,NA
"2025-09-22 18:36:07","write","14_build_hechos_esclarecidos.R","write_clean","D:/delitos_inmigracion_espana_MIN/data/processed/hechos_esclarecidos_panel_ccaa.csv",11704,4,NA
"2025-09-22 18:36:07","write","14_build_hechos_esclarecidos.R","write_clean","D:/delitos_inmigracion_espana_MIN/data/processed/hechos_esclarecidos_total_nacional.csv",616,4,NA
"2025-09-22 18:36:07","write","14_build_hechos_esclarecidos.R","write_clean","D:/delitos_inmigracion_espana_MIN/output/tables/14_he_cov_years.csv",14,2,NA
"2025-09-22 18:36:07","write","14_build_hechos_esclarecidos.R","write_clean","D:/delitos_inmigracion_espana_MIN/output/tables/14_he_dups_keys.csv",0,4,NA
"2025-09-22 18:36:08","write","14_build_hechos_esclarecidos.R","write_clean","D:/delitos_inmigracion_espana_MIN/output/tables/14_he_vs_hc_fullcheck.csv",616,6,NA
"2025-09-22 18:36:08","write","14_build_hechos_esclarecidos.R","write_clean","D:/delitos_inmigracion_espana_MIN/output/tables/14_he_vs_hc_violaciones.csv",0,6,NA
"2025-09-22 18:36:08","write","14_build_hechos_esclarecidos.R","write_clean","D:/delitos_inmigracion_espana_MIN/output/tables/14_he_qa_summary.csv",5,4,NA
"2025-09-22 18:41:43","read","15_limpieza_detenciones_totales.R","read_raw","D:/delitos_inmigracion_espana_MIN/data/raw/detenciones_tipologia.csv",12320,4,"sep=;;enc=UTF-8"
"2025-09-22 18:41:43","write","15_limpieza_detenciones_totales.R","write_clean","D:/delitos_inmigracion_espana_MIN/output/tables/qa_det_tot_exclusion_regiones.csv",20,4,NA
"2025-09-22 18:41:43","write","15_limpieza_detenciones_totales.R","write_clean","D:/delitos_inmigracion_espana_MIN/output/tables/qa_det_tot_cobertura.csv",1,6,NA
"2025-09-22 18:41:43","write","15_limpieza_detenciones_totales.R","write_clean","D:/delitos_inmigracion_espana_MIN/output/tables/qa_det_tot_cobertura_por_tipo.csv",44,4,NA
"2025-09-22 18:41:43","write","15_limpieza_detenciones_totales.R","write_clean","D:/delitos_inmigracion_espana_MIN/output/tables/qa_det_tot_plaus_yoy.csv",1,5,NA
"2025-09-22 18:41:44","write","15_limpieza_detenciones_totales.R","write_clean","D:/delitos_inmigracion_espana_MIN/data/processed/detenciones_totales_total_nacional.csv",616,3,NA
"2025-09-22 18:41:44","write","15_limpieza_detenciones_totales.R","write_clean","D:/delitos_inmigracion_espana_MIN/data/processed/detenciones_totales_total.csv",14,2,NA
"2025-09-22 18:46:59","read","16_limpieza_detenciones_extranjeros.R","read_raw","D:/delitos_inmigracion_espana_MIN/data/raw/detenciones_extranjeros_tipologia.csv",36960,5,"sep=;;enc=UTF-8"
"2025-09-22 18:47:00","write","16_limpieza_detenciones_extranjeros.R","write_clean","D:/delitos_inmigracion_espana_MIN/output/tables/16_det_ext_cobertura.csv",1,6,NA
"2025-09-22 18:47:00","write","16_limpieza_detenciones_extranjeros.R","write_clean","D:/delitos_inmigracion_espana_MIN/output/tables/16_det_ext_cobertura_por_tipo.csv",44,4,NA
"2025-09-22 18:47:00","write","16_limpieza_detenciones_extranjeros.R","write_clean","D:/delitos_inmigracion_espana_MIN/output/tables/16_det_ext_sexo_total_vs_suma.csv",616,6,NA
"2025-09-22 18:47:00","write","16_limpieza_detenciones_extranjeros.R","write_clean","D:/delitos_inmigracion_espana_MIN/output/tables/16_det_ext_diag_sexo_vs_total.csv",14,4,NA
"2025-09-22 18:47:00","write","16_limpieza_detenciones_extranjeros.R","write_clean","D:/delitos_inmigracion_espana_MIN/data/processed/detenciones_extranjeros_total_nacional_por_sexo.csv",1848,5,NA
"2025-09-22 18:47:01","write","16_limpieza_detenciones_extranjeros.R","write_clean","D:/delitos_inmigracion_espana_MIN/data/processed/detenciones_extranjeros_total_nacional.csv",616,3,NA
"2025-09-22 18:47:01","write","16_limpieza_detenciones_extranjeros.R","write_clean","D:/delitos_inmigracion_espana_MIN/output/tables/16_det_ext_vs_suma.csv",14,5,NA
"2025-09-22 18:47:01","write","16_limpieza_detenciones_extranjeros.R","write_clean","D:/delitos_inmigracion_espana_MIN/data/processed/detenciones_extranjeros_total.csv",14,2,NA
"2025-09-22 18:47:01","write","16_limpieza_detenciones_extranjeros.R","write_clean","D:/delitos_inmigracion_espana_MIN/data/processed/detenciones_extranjeros_detenidos_por_sexo_est.csv",28,5,NA
"2025-09-22 18:47:01","write","16_limpieza_detenciones_extranjeros.R","write_clean","D:/delitos_inmigracion_espana_MIN/data/processed/detenciones_share_extranjeros.csv",14,2,NA
"2025-09-22 18:47:01","write","16_limpieza_detenciones_extranjeros.R","write_clean","D:/delitos_inmigracion_espana_MIN/output/tables/16_det_ext_share_qc.csv",14,3,NA
"2025-09-22 18:47:02","write","16_limpieza_detenciones_extranjeros.R","write_clean","D:/delitos_inmigracion_espana_MIN/output/tables/16_det_ext_consistencia.csv",14,5,NA
"2025-09-22 18:47:02","write","16_limpieza_detenciones_extranjeros.R","write_clean","D:/delitos_inmigracion_espana_MIN/output/tables/16_det_ext_plaus_yoy.csv",1,5,NA
"2025-09-22 18:52:44","write","17_pib_pc_real_eurostat.R","write_clean","D:/delitos_inmigracion_espana_MIN/output/tables/17_pib_qa_filtros.csv",1031,4,NA
"2025-09-22 18:52:44","write","17_pib_pc_real_eurostat.R","write_clean","D:/delitos_inmigracion_espana_MIN/output/tables/17_pib_qa_unidades_dispon.csv",5,1,NA
"2025-09-22 18:52:44","write","17_pib_pc_real_eurostat.R","write_clean","D:/delitos_inmigracion_espana_MIN/output/tables/17_pib_qa_cobertura.csv",1,6,NA
"2025-09-22 18:52:44","write","17_pib_pc_real_eurostat.R","write_clean","D:/delitos_inmigracion_espana_MIN/data/processed/pib_pc_real_es.csv",14,2,NA
"2025-09-22 19:30:27","read","12_build_poblacion.R","read_raw","D:/delitos_inmigracion_espana_MIN/data/raw/poblacion_espana.csv",384480,5,"sep=;;enc=UTF-8"
"2025-09-22 19:30:46","write","12_build_poblacion.R","write_clean","D:/delitos_inmigracion_espana_MIN/output/tables/cov_poblacion_15_29.csv",168,5,NA
"2025-09-22 19:30:46","write","12_build_poblacion.R","write_clean","D:/delitos_inmigracion_espana_MIN/output/tables/cov_poblacion_15_29_criticos.csv",0,4,NA
"2025-09-22 19:30:47","write","12_build_poblacion.R","write_clean","D:/delitos_inmigracion_espana_MIN/data/processed/poblacion_total_15_29_bins_anual.csv",42,5,NA
"2025-09-22 19:30:47","write","12_build_poblacion.R","write_clean","D:/delitos_inmigracion_espana_MIN/output/tables/12b_qc_cobertura_trimestral.csv",28,4,NA
"2025-09-22 19:30:47","write","12_build_poblacion.R","write_clean","D:/delitos_inmigracion_espana_MIN/output/tables/12b_qc_sin_valores.csv",0,4,NA
"2025-09-22 19:30:47","write","12_build_poblacion.R","write_clean","D:/delitos_inmigracion_espana_MIN/output/tables/12b_qc_desviacion_cierre.csv",14,10,NA
"2025-09-22 19:30:47","write","12_build_poblacion.R","write_clean","D:/delitos_inmigracion_espana_MIN/output/tables/12b_meta_origen.csv",1,6,NA
"2025-09-22 19:30:48","write","12_build_poblacion.R","write_clean","D:/delitos_inmigracion_espana_MIN/data/processed/poblacion_total_nacional.csv",14,2,NA
"2025-09-22 19:30:48","write","12_build_poblacion.R","write_clean","D:/delitos_inmigracion_espana_MIN/data/processed/poblacion_espanola_total.csv",14,2,NA
"2025-09-22 19:30:48","write","12_build_poblacion.R","write_clean","D:/delitos_inmigracion_espana_MIN/data/processed/poblacion_extranjera_total.csv",14,2,NA
"2025-09-22 19:30:48","write","12_build_poblacion.R","write_clean","D:/delitos_inmigracion_espana_MIN/data/processed/pct_extranjeros_poblacion.csv",14,2,NA
"2025-09-22 19:32:22","read","12_build_poblacion.R","read_raw","D:/delitos_inmigracion_espana_MIN/data/raw/poblacion_espana.csv",384480,5,"sep=;;enc=UTF-8"
"2025-09-22 19:32:40","write","12_build_poblacion.R","write_clean","D:/delitos_inmigracion_espana_MIN/output/tables/cov_poblacion_15_29.csv",168,5,NA
"2025-09-22 19:32:40","write","12_build_poblacion.R","write_clean","D:/delitos_inmigracion_espana_MIN/output/tables/cov_poblacion_15_29_criticos.csv",0,4,NA
"2025-09-22 19:32:40","write","12_build_poblacion.R","write_clean","D:/delitos_inmigracion_espana_MIN/data/processed/poblacion_total_15_29_bins_anual.csv",42,5,NA
"2025-09-22 19:32:41","write","12_build_poblacion.R","write_clean","D:/delitos_inmigracion_espana_MIN/output/tables/12b_qc_cobertura_trimestral.csv",28,4,NA
"2025-09-22 19:32:41","write","12_build_poblacion.R","write_clean","D:/delitos_inmigracion_espana_MIN/output/tables/12b_qc_sin_valores.csv",0,4,NA
"2025-09-22 19:32:41","write","12_build_poblacion.R","write_clean","D:/delitos_inmigracion_espana_MIN/output/tables/12b_qc_desviacion_cierre.csv",14,10,NA
"2025-09-22 19:32:41","write","12_build_poblacion.R","write_clean","D:/delitos_inmigracion_espana_MIN/output/tables/12b_meta_origen.csv",1,6,NA
"2025-09-22 19:32:41","write","12_build_poblacion.R","write_clean","D:/delitos_inmigracion_espana_MIN/data/processed/poblacion_total_nacional.csv",14,2,NA
"2025-09-22 19:32:41","write","12_build_poblacion.R","write_clean","D:/delitos_inmigracion_espana_MIN/data/processed/poblacion_espanola_total.csv",14,2,NA
"2025-09-22 19:32:41","write","12_build_poblacion.R","write_clean","D:/delitos_inmigracion_espana_MIN/data/processed/poblacion_extranjera_total.csv",14,2,NA
"2025-09-22 19:32:41","write","12_build_poblacion.R","write_clean","D:/delitos_inmigracion_espana_MIN/data/processed/pct_extranjeros_poblacion.csv",14,2,NA
"2025-09-22 20:12:06","read",NA,"read_raw","D:/delitos_inmigracion_espana_MIN/data/raw/poblacion_espana.csv",384480,5,"sep=;;enc=UTF-8"
"2025-09-22 20:12:06","write",NA,"write_clean","D:/delitos_inmigracion_espana_MIN/output/tables/_smoke_utils.csv",3,2,NA
"2025-09-22 20:14:21","read",NA,"read_raw","D:/delitos_inmigracion_espana_MIN/data/raw/poblacion_espana.csv",384480,5,"sep=;;enc=UTF-8"
"2025-09-22 20:14:21","write",NA,"write_clean","D:/delitos_inmigracion_espana_MIN/output/tables/_smoke_utils.csv",3,2,NA
"2025-09-22 20:14:44","read",NA,"read_raw","D:/delitos_inmigracion_espana_MIN/data/raw/poblacion_espana.csv",384480,5,"sep=;;enc=UTF-8"
"2025-09-22 20:14:44","write",NA,"write_clean","D:/delitos_inmigracion_espana_MIN/output/tables/_smoke_utils.csv",3,2,NA
"2025-09-22 20:15:17","read",NA,"read_raw","D:/delitos_inmigracion_espana_MIN/data/raw/poblacion_espana.csv",384480,5,"sep=;;enc=UTF-8"
"2025-09-22 20:15:17","write",NA,"write_clean","D:/delitos_inmigracion_espana_MIN/output/tables/_smoke_utils.csv",3,2,NA
"2025-09-27 20:03:55","write",NA,"write_clean","D:/delitos_inmigracion_espana_MIN/data/processed/core_indicadores.csv",14,11,NA
"2025-09-27 20:03:55","write",NA,"write_clean","D:/delitos_inmigracion_espana_MIN/output/tables/19_qa_cobertura.csv",9,6,NA
"2025-09-27 20:03:55","write",NA,"write_clean","D:/delitos_inmigracion_espana_MIN/output/tables/19_qa_na_y_rangos.csv",34,4,NA
"2025-09-27 20:03:55","write",NA,"write_clean","D:/delitos_inmigracion_espana_MIN/data/processed/core_indicadores_derivadas.csv",14,34,NA
"2025-10-01 12:27:03","read","13_build_hechos_conocidos.R","read_raw","D:/delitos_inmigracion_espana_MIN/data/raw/hechos_conocidos.csv",13552,4,"sep=;;enc=UTF-8"
"2025-10-01 12:33:52","read","13_build_hechos_conocidos.R","read_raw","D:/delitos_inmigracion_espana_MIN/data/raw/hechos_conocidos.csv",13552,4,"sep=;;enc=UTF-8"
"2025-10-01 12:33:52","write","13_build_hechos_conocidos.R","write_clean","D:/delitos_inmigracion_espana_MIN/output/tables/13_qc_total_vs_suma_categorias.csv",14,4,NA
"2025-10-01 12:36:12","read","13_build_hechos_conocidos.R","read_raw","D:/delitos_inmigracion_espana_MIN/data/raw/hechos_conocidos.csv",13552,4,"sep=;;enc=UTF-8"
"2025-10-01 12:36:12","write","13_build_hechos_conocidos.R","write_clean","D:/delitos_inmigracion_espana_MIN/output/tables/13_qc_total_vs_suma_categorias.csv",14,4,NA
"2025-10-01 12:40:30","read","13_build_hechos_conocidos.R","read_raw","D:/delitos_inmigracion_espana_MIN/data/raw/hechos_conocidos.csv",13552,4,"sep=;;enc=UTF-8"
"2025-10-01 12:40:30","write","13_build_hechos_conocidos.R","write_clean","D:/delitos_inmigracion_espana_MIN/output/tables/13_qc_total_vs_suma_categorias.csv",14,4,NA
"2025-10-01 12:40:31","write","13_build_hechos_conocidos.R","write_clean","D:/delitos_inmigracion_espana_MIN/output/tables/13_qc_unidades_detectadas.csv",3,2,NA
"2025-10-01 12:40:31","write","13_build_hechos_conocidos.R","write_clean","D:/delitos_inmigracion_espana_MIN/output/tables/13_qc_cobertura_anual.csv",14,3,NA
"2025-10-01 12:40:31","write","13_build_hechos_conocidos.R","write_clean","D:/delitos_inmigracion_espana_MIN/output/tables/13_qc_duplicados_clave.csv",0,4,NA
"2025-10-01 12:40:31","write","13_build_hechos_conocidos.R","write_clean","D:/delitos_inmigracion_espana_MIN/output/tables/13_qc_no_negatividad.csv",0,4,NA
"2025-10-01 12:40:31","write","13_build_hechos_conocidos.R","write_clean","D:/delitos_inmigracion_espana_MIN/output/tables/13_qc_nacional_vs_suma_ccaa.csv",616,7,NA
"2025-10-01 12:40:31","write","13_build_hechos_conocidos.R","write_clean","D:/delitos_inmigracion_espana_MIN/output/tables/13_qc_summary_checks.csv",6,4,NA
"2025-10-01 12:40:32","write","13_build_hechos_conocidos.R","write_clean","D:/delitos_inmigracion_espana_MIN/data/processed/hechos_conocidos_panel_ccaa.csv",11704,4,NA
"2025-10-01 12:40:32","write","13_build_hechos_conocidos.R","write_clean","D:/delitos_inmigracion_espana_MIN/data/processed/hechos_conocidos_total_nacional_por_tipo.csv",602,3,NA
"2025-10-01 12:40:32","write","13_build_hechos_conocidos.R","write_clean","D:/delitos_inmigracion_espana_MIN/data/processed/hechos_conocidos_total_nacional.csv",14,2,NA
"2025-10-01 12:44:43","read","10_limpieza_arope.R","read_raw","D:/delitos_inmigracion_espana_MIN/data/raw/arope.csv",1632,5,"sep=;;enc=UTF-8"
"2025-10-01 12:44:44","write","10_limpieza_arope.R","write_clean","D:/delitos_inmigracion_espana_MIN/data/processed/arope_componentes.csv",56,3,NA
"2025-10-01 13:03:41","read","14_build_hechos_esclarecidos.R","read_raw","D:/delitos_inmigracion_espana_MIN/data/raw/hechos_esclarecidos.csv",13552,4,"sep=;;enc=UTF-8"
"2025-10-01 13:03:41","write","14_build_hechos_esclarecidos.R","write_clean","D:/delitos_inmigracion_espana_MIN/output/tables/14_he_regiones_especiales_counts.csv",3,2,NA
"2025-10-01 13:03:41","write","14_build_hechos_esclarecidos.R","write_clean","D:/delitos_inmigracion_espana_MIN/output/tables/14_he_nacional_vs_sum_ccaa.csv",616,7,NA
"2025-10-01 13:03:41","write","14_build_hechos_esclarecidos.R","write_clean","D:/delitos_inmigracion_espana_MIN/output/tables/14_he_total_vs_suma_categorias.csv",14,4,NA
"2025-10-01 13:03:41","write","14_build_hechos_esclarecidos.R","write_clean","D:/delitos_inmigracion_espana_MIN/output/tables/14_he_unit_detection.csv",1,4,NA
"2025-10-01 13:03:42","write","14_build_hechos_esclarecidos.R","write_clean","D:/delitos_inmigracion_espana_MIN/data/processed/hechos_esclarecidos_panel_ccaa.csv",11704,4,NA
"2025-10-01 13:03:42","write","14_build_hechos_esclarecidos.R","write_clean","D:/delitos_inmigracion_espana_MIN/data/processed/hechos_esclarecidos_total_nacional_por_tipo.csv",616,3,NA
"2025-10-01 13:03:42","write","14_build_hechos_esclarecidos.R","write_clean","D:/delitos_inmigracion_espana_MIN/data/processed/hechos_esclarecidos_total_nacional.csv",14,2,NA
"2025-10-01 13:03:42","write","14_build_hechos_esclarecidos.R","write_clean","D:/delitos_inmigracion_espana_MIN/output/tables/14_he_cov_years.csv",14,2,NA
"2025-10-01 13:03:42","write","14_build_hechos_esclarecidos.R","write_clean","D:/delitos_inmigracion_espana_MIN/output/tables/14_he_dups_keys.csv",0,4,NA
"2025-10-01 13:03:42","write","14_build_hechos_esclarecidos.R","write_clean","D:/delitos_inmigracion_espana_MIN/output/tables/14_he_vs_hc_fullcheck.csv",616,6,NA
"2025-10-01 13:03:42","write","14_build_hechos_esclarecidos.R","write_clean","D:/delitos_inmigracion_espana_MIN/output/tables/14_he_vs_hc_violaciones.csv",0,6,NA
"2025-10-01 13:03:42","write","14_build_hechos_esclarecidos.R","write_clean","D:/delitos_inmigracion_espana_MIN/output/tables/14_he_qa_summary.csv",5,4,NA
"2025-10-01 14:00:31","read","14_build_hechos_esclarecidos.R","read_raw","D:/delitos_inmigracion_espana_MIN/data/raw/hechos_esclarecidos.csv",13552,4,"sep=;;enc=UTF-8"
"2025-10-01 14:00:32","write","14_build_hechos_esclarecidos.R","write_clean","D:/delitos_inmigracion_espana_MIN/output/tables/14_he_regiones_especiales_counts.csv",3,2,NA
"2025-10-01 14:00:32","write","14_build_hechos_esclarecidos.R","write_clean","D:/delitos_inmigracion_espana_MIN/output/tables/14_he_nacional_vs_sum_ccaa.csv",616,7,NA
"2025-10-01 14:00:32","write","14_build_hechos_esclarecidos.R","write_clean","D:/delitos_inmigracion_espana_MIN/output/tables/14_he_total_vs_suma_categorias.csv",14,4,NA
"2025-10-01 14:00:32","write","14_build_hechos_esclarecidos.R","write_clean","D:/delitos_inmigracion_espana_MIN/output/tables/14_he_unit_detection.csv",1,4,NA
"2025-10-01 14:00:33","write","14_build_hechos_esclarecidos.R","write_clean","D:/delitos_inmigracion_espana_MIN/data/processed/hechos_esclarecidos_panel_ccaa.csv",11704,4,NA
"2025-10-01 14:00:33","write","14_build_hechos_esclarecidos.R","write_clean","D:/delitos_inmigracion_espana_MIN/data/processed/hechos_esclarecidos_total_nacional_por_tipo.csv",616,3,NA
"2025-10-01 14:00:33","write","14_build_hechos_esclarecidos.R","write_clean","D:/delitos_inmigracion_espana_MIN/data/processed/hechos_esclarecidos_total_nacional.csv",14,2,NA
"2025-10-01 14:00:33","write","14_build_hechos_esclarecidos.R","write_clean","D:/delitos_inmigracion_espana_MIN/output/tables/14_he_cov_years.csv",14,2,NA
"2025-10-01 14:00:33","write","14_build_hechos_esclarecidos.R","write_clean","D:/delitos_inmigracion_espana_MIN/output/tables/14_he_dups_keys.csv",0,4,NA
"2025-10-01 14:00:33","write","14_build_hechos_esclarecidos.R","write_clean","D:/delitos_inmigracion_espana_MIN/output/tables/14_he_vs_hc_fullcheck.csv",616,6,NA
"2025-10-01 14:00:33","write","14_build_hechos_esclarecidos.R","write_clean","D:/delitos_inmigracion_espana_MIN/output/tables/14_he_vs_hc_violaciones.csv",0,6,NA
"2025-10-01 14:00:33","write","14_build_hechos_esclarecidos.R","write_clean","D:/delitos_inmigracion_espana_MIN/output/tables/14_he_qa_summary.csv",5,4,NA
"2025-10-01 14:17:50","read","13_build_hechos_conocidos.R","read_raw","D:/delitos_inmigracion_espana_MIN/data/raw/hechos_conocidos.csv",13552,4,"sep=;;enc=UTF-8"
"2025-10-01 14:17:51","write","13_build_hechos_conocidos.R","write_clean","D:/delitos_inmigracion_espana_MIN/output/tables/13_qc_total_vs_suma_categorias.csv",14,4,NA
"2025-10-01 14:17:51","write","13_build_hechos_conocidos.R","write_clean","D:/delitos_inmigracion_espana_MIN/output/tables/13_qc_unidades_detectadas.csv",3,2,NA
"2025-10-01 14:17:51","write","13_build_hechos_conocidos.R","write_clean","D:/delitos_inmigracion_espana_MIN/output/tables/13_qc_cobertura_anual.csv",14,3,NA
"2025-10-01 14:17:51","write","13_build_hechos_conocidos.R","write_clean","D:/delitos_inmigracion_espana_MIN/output/tables/13_qc_duplicados_clave.csv",0,4,NA
"2025-10-01 14:17:51","write","13_build_hechos_conocidos.R","write_clean","D:/delitos_inmigracion_espana_MIN/output/tables/13_qc_no_negatividad.csv",0,4,NA
"2025-10-01 14:17:51","write","13_build_hechos_conocidos.R","write_clean","D:/delitos_inmigracion_espana_MIN/output/tables/13_qc_nacional_vs_suma_ccaa.csv",616,7,NA
"2025-10-01 14:17:51","write","13_build_hechos_conocidos.R","write_clean","D:/delitos_inmigracion_espana_MIN/output/tables/13_qc_summary_checks.csv",6,4,NA
"2025-10-01 14:17:52","write","13_build_hechos_conocidos.R","write_clean","D:/delitos_inmigracion_espana_MIN/data/processed/hechos_conocidos_panel_ccaa.csv",11704,4,NA
"2025-10-01 14:17:52","write","13_build_hechos_conocidos.R","write_clean","D:/delitos_inmigracion_espana_MIN/data/processed/hechos_conocidos_total_nacional_por_tipo.csv",602,3,NA
"2025-10-01 14:17:52","write","13_build_hechos_conocidos.R","write_clean","D:/delitos_inmigracion_espana_MIN/data/processed/hechos_conocidos_total_nacional.csv",14,2,NA
"2025-10-01 15:00:27","read","01_validacion_raw.R","read_raw","D:/delitos_inmigracion_espana_MIN/data/raw/arope.csv",1632,5,"sep=;;enc=UTF-8"
"2025-10-01 15:00:27","write","01_validacion_raw.R","write_clean","D:/delitos_inmigracion_espana_MIN/diagnostics/cols_arope.csv",5,1,NA
"2025-10-01 15:00:28","write","01_validacion_raw.R","write_clean","D:/delitos_inmigracion_espana_MIN/diagnostics/uniques_arope.csv",5,3,NA
"2025-10-01 15:00:28","read","01_validacion_raw.R","read_raw","D:/delitos_inmigracion_espana_MIN/data/raw/crecimiento_pib.csv",180,3,"sep=;;enc=UTF-8"
"2025-10-01 15:00:28","write","01_validacion_raw.R","write_clean","D:/delitos_inmigracion_espana_MIN/diagnostics/cols_crecimiento_pib.csv",3,1,NA
"2025-10-01 15:00:28","write","01_validacion_raw.R","write_clean","D:/delitos_inmigracion_espana_MIN/diagnostics/uniques_crecimiento_pib.csv",3,3,NA
"2025-10-01 15:00:29","read","01_validacion_raw.R","read_raw","D:/delitos_inmigracion_espana_MIN/data/raw/detenciones_extranjeros_tipologia.csv",36960,5,"sep=;;enc=UTF-8"
"2025-10-01 15:00:29","write","01_validacion_raw.R","write_clean","D:/delitos_inmigracion_espana_MIN/diagnostics/cols_detenciones_extranjeros_tipologia.csv",5,1,NA
"2025-10-01 15:00:29","write","01_validacion_raw.R","write_clean","D:/delitos_inmigracion_espana_MIN/diagnostics/uniques_detenciones_extranjeros_tipologia.csv",4,3,NA
"2025-10-01 15:00:29","read","01_validacion_raw.R","read_raw","D:/delitos_inmigracion_espana_MIN/data/raw/detenciones_tipologia.csv",12320,4,"sep=;;enc=UTF-8"
"2025-10-01 15:00:29","write","01_validacion_raw.R","write_clean","D:/delitos_inmigracion_espana_MIN/diagnostics/cols_detenciones_tipologia.csv",4,1,NA
"2025-10-01 15:00:30","write","01_validacion_raw.R","write_clean","D:/delitos_inmigracion_espana_MIN/diagnostics/uniques_detenciones_tipologia.csv",3,3,NA
"2025-10-01 15:00:30","read","01_validacion_raw.R","read_raw","D:/delitos_inmigracion_espana_MIN/data/raw/epa_activos_16_29_trimestral.csv",168,5,"sep=;;enc=UTF-8"
"2025-10-01 15:00:30","write","01_validacion_raw.R","write_clean","D:/delitos_inmigracion_espana_MIN/diagnostics/cols_epa_activos_16_29_trimestral.csv",5,1,NA
"2025-10-01 15:00:30","write","01_validacion_raw.R","write_clean","D:/delitos_inmigracion_espana_MIN/diagnostics/uniques_epa_activos_16_29_trimestral.csv",5,3,NA
"2025-10-01 15:00:31","read","01_validacion_raw.R","read_raw","D:/delitos_inmigracion_espana_MIN/data/raw/estat_nama_10_pc_filtered_en.csv",14190,19,"sep=,;enc=UTF-8"
"2025-10-01 15:00:31","write","01_validacion_raw.R","write_clean","D:/delitos_inmigracion_espana_MIN/diagnostics/cols_estat_nama_10_pc_filtered_en.csv",19,1,NA
"2025-10-01 15:00:31","write","01_validacion_raw.R","write_clean","D:/delitos_inmigracion_espana_MIN/diagnostics/uniques_estat_nama_10_pc_filtered_en.csv",18,3,NA
"2025-10-01 15:00:31","read","01_validacion_raw.R","read_raw","D:/delitos_inmigracion_espana_MIN/data/raw/gini.csv",28,3,"sep=;;enc=UTF-8"
"2025-10-01 15:00:31","write","01_validacion_raw.R","write_clean","D:/delitos_inmigracion_espana_MIN/diagnostics/cols_gini.csv",3,1,NA
"2025-10-01 15:00:31","write","01_validacion_raw.R","write_clean","D:/delitos_inmigracion_espana_MIN/diagnostics/uniques_gini.csv",3,3,NA
"2025-10-01 15:00:32","read","01_validacion_raw.R","read_raw","D:/delitos_inmigracion_espana_MIN/data/raw/hechos_conocidos.csv",13552,4,"sep=;;enc=UTF-8"
"2025-10-01 15:00:32","write","01_validacion_raw.R","write_clean","D:/delitos_inmigracion_espana_MIN/diagnostics/cols_hechos_conocidos.csv",4,1,NA
"2025-10-01 15:00:32","write","01_validacion_raw.R","write_clean","D:/delitos_inmigracion_espana_MIN/diagnostics/uniques_hechos_conocidos.csv",3,3,NA
"2025-10-01 15:00:32","read","01_validacion_raw.R","read_raw","D:/delitos_inmigracion_espana_MIN/data/raw/hechos_esclarecidos.csv",13552,4,"sep=;;enc=UTF-8"
"2025-10-01 15:00:32","write","01_validacion_raw.R","write_clean","D:/delitos_inmigracion_espana_MIN/diagnostics/cols_hechos_esclarecidos.csv",4,1,NA
"2025-10-01 15:00:32","write","01_validacion_raw.R","write_clean","D:/delitos_inmigracion_espana_MIN/diagnostics/uniques_hechos_esclarecidos.csv",3,3,NA
"2025-10-01 15:00:38","read","01_validacion_raw.R","read_raw","D:/delitos_inmigracion_espana_MIN/data/raw/poblacion_espana.csv",384480,5,"sep=;;enc=UTF-8"
"2025-10-01 15:00:38","write","01_validacion_raw.R","write_clean","D:/delitos_inmigracion_espana_MIN/diagnostics/cols_poblacion_espana.csv",5,1,NA
"2025-10-01 15:00:39","write","01_validacion_raw.R","write_clean","D:/delitos_inmigracion_espana_MIN/diagnostics/uniques_poblacion_espana.csv",4,3,NA
"2025-10-01 15:00:40","read","01_validacion_raw.R","read_raw","D:/delitos_inmigracion_espana_MIN/data/raw/tasas_paro.csv",3666,4,"sep=;;enc=UTF-8"
"2025-10-01 15:00:40","write","01_validacion_raw.R","write_clean","D:/delitos_inmigracion_espana_MIN/diagnostics/cols_tasas_paro.csv",4,1,NA
"2025-10-01 15:00:40","write","01_validacion_raw.R","write_clean","D:/delitos_inmigracion_espana_MIN/diagnostics/uniques_tasas_paro.csv",3,3,NA
"2025-10-01 15:00:40","read","01_validacion_raw.R","read_raw","D:/delitos_inmigracion_espana_MIN/data/raw/umbral_pobreza.csv",128,4,"sep=;;enc=UTF-8"
"2025-10-01 15:00:40","write","01_validacion_raw.R","write_clean","D:/delitos_inmigracion_espana_MIN/diagnostics/cols_umbral_pobreza.csv",4,1,NA
"2025-10-01 15:00:40","write","01_validacion_raw.R","write_clean","D:/delitos_inmigracion_espana_MIN/diagnostics/uniques_umbral_pobreza.csv",4,3,NA
"2025-10-01 15:00:40","write","01_validacion_raw.R","write_clean","D:/delitos_inmigracion_espana_MIN/diagnostics/resumen_raw.csv",12,12,NA
"2025-10-01 15:00:40","write","01_validacion_raw.R","write_clean","D:/delitos_inmigracion_espana_MIN/diagnostics/raw_sep_encoding.csv",12,3,NA
"2025-10-01 15:00:41","write","01_validacion_raw.R","write_clean","D:/delitos_inmigracion_espana_MIN/diagnostics/raw_numeric_parse_samples.csv",7,4,NA
"2025-10-01 15:00:41","write","01_validacion_raw.R","write_clean","D:/delitos_inmigracion_espana_MIN/diagnostics/raw_file_logs.csv",12,4,NA
"2025-10-01 15:00:41","write","01_validacion_raw.R","write_clean","D:/delitos_inmigracion_espana_MIN/diagnostics/acciones_prioritarias.csv",8,3,NA
"2025-10-01 15:12:19","read","01_validacion_raw.R","read_raw","D:/delitos_inmigracion_espana_MIN/data/raw/arope.csv",1632,5,"sep=;;enc=UTF-8"
"2025-10-01 15:12:19","write","01_validacion_raw.R","write_clean","D:/delitos_inmigracion_espana_MIN/diagnostics/cols_arope.csv",5,1,NA
"2025-10-01 15:12:20","write","01_validacion_raw.R","write_clean","D:/delitos_inmigracion_espana_MIN/diagnostics/uniques_arope.csv",5,3,NA
"2025-10-01 15:12:20","read","01_validacion_raw.R","read_raw","D:/delitos_inmigracion_espana_MIN/data/raw/crecimiento_pib.csv",180,3,"sep=;;enc=UTF-8"
"2025-10-01 15:12:20","write","01_validacion_raw.R","write_clean","D:/delitos_inmigracion_espana_MIN/diagnostics/cols_crecimiento_pib.csv",3,1,NA
"2025-10-01 15:12:20","write","01_validacion_raw.R","write_clean","D:/delitos_inmigracion_espana_MIN/diagnostics/uniques_crecimiento_pib.csv",3,3,NA
"2025-10-01 15:12:21","read","01_validacion_raw.R","read_raw","D:/delitos_inmigracion_espana_MIN/data/raw/detenciones_extranjeros_tipologia.csv",36960,5,"sep=;;enc=UTF-8"
"2025-10-01 15:12:21","write","01_validacion_raw.R","write_clean","D:/delitos_inmigracion_espana_MIN/diagnostics/cols_detenciones_extranjeros_tipologia.csv",5,1,NA
"2025-10-01 15:12:21","write","01_validacion_raw.R","write_clean","D:/delitos_inmigracion_espana_MIN/diagnostics/uniques_detenciones_extranjeros_tipologia.csv",4,3,NA
"2025-10-01 15:12:21","read","01_validacion_raw.R","read_raw","D:/delitos_inmigracion_espana_MIN/data/raw/detenciones_tipologia.csv",12320,4,"sep=;;enc=UTF-8"
"2025-10-01 15:12:21","write","01_validacion_raw.R","write_clean","D:/delitos_inmigracion_espana_MIN/diagnostics/cols_detenciones_tipologia.csv",4,1,NA
"2025-10-01 15:12:21","write","01_validacion_raw.R","write_clean","D:/delitos_inmigracion_espana_MIN/diagnostics/uniques_detenciones_tipologia.csv",3,3,NA
"2025-10-01 15:12:22","read","01_validacion_raw.R","read_raw","D:/delitos_inmigracion_espana_MIN/data/raw/epa_activos_16_29_trimestral.csv",168,5,"sep=;;enc=UTF-8"
"2025-10-01 15:12:22","write","01_validacion_raw.R","write_clean","D:/delitos_inmigracion_espana_MIN/diagnostics/cols_epa_activos_16_29_trimestral.csv",5,1,NA
"2025-10-01 15:12:22","write","01_validacion_raw.R","write_clean","D:/delitos_inmigracion_espana_MIN/diagnostics/uniques_epa_activos_16_29_trimestral.csv",5,3,NA
"2025-10-01 15:12:23","read","01_validacion_raw.R","read_raw","D:/delitos_inmigracion_espana_MIN/data/raw/estat_nama_10_pc_filtered_en.csv",14190,19,"sep=,;enc=UTF-8"
"2025-10-01 15:12:23","write","01_validacion_raw.R","write_clean","D:/delitos_inmigracion_espana_MIN/diagnostics/cols_estat_nama_10_pc_filtered_en.csv",19,1,NA
"2025-10-01 15:12:23","write","01_validacion_raw.R","write_clean","D:/delitos_inmigracion_espana_MIN/diagnostics/uniques_estat_nama_10_pc_filtered_en.csv",18,3,NA
"2025-10-01 15:12:23","read","01_validacion_raw.R","read_raw","D:/delitos_inmigracion_espana_MIN/data/raw/gini.csv",28,3,"sep=;;enc=UTF-8"
"2025-10-01 15:12:23","write","01_validacion_raw.R","write_clean","D:/delitos_inmigracion_espana_MIN/diagnostics/cols_gini.csv",3,1,NA
"2025-10-01 15:12:23","write","01_validacion_raw.R","write_clean","D:/delitos_inmigracion_espana_MIN/diagnostics/uniques_gini.csv",3,3,NA
"2025-10-01 15:12:24","read","01_validacion_raw.R","read_raw","D:/delitos_inmigracion_espana_MIN/data/raw/hechos_conocidos.csv",13552,4,"sep=;;enc=UTF-8"
"2025-10-01 15:12:24","write","01_validacion_raw.R","write_clean","D:/delitos_inmigracion_espana_MIN/diagnostics/cols_hechos_conocidos.csv",4,1,NA
"2025-10-01 15:12:24","write","01_validacion_raw.R","write_clean","D:/delitos_inmigracion_espana_MIN/diagnostics/uniques_hechos_conocidos.csv",3,3,NA
"2025-10-01 15:12:24","read","01_validacion_raw.R","read_raw","D:/delitos_inmigracion_espana_MIN/data/raw/hechos_esclarecidos.csv",13552,4,"sep=;;enc=UTF-8"
"2025-10-01 15:12:24","write","01_validacion_raw.R","write_clean","D:/delitos_inmigracion_espana_MIN/diagnostics/cols_hechos_esclarecidos.csv",4,1,NA
"2025-10-01 15:12:25","write","01_validacion_raw.R","write_clean","D:/delitos_inmigracion_espana_MIN/diagnostics/uniques_hechos_esclarecidos.csv",3,3,NA
"2025-10-01 15:12:30","read","01_validacion_raw.R","read_raw","D:/delitos_inmigracion_espana_MIN/data/raw/poblacion_espana.csv",384480,5,"sep=;;enc=UTF-8"
"2025-10-01 15:12:30","write","01_validacion_raw.R","write_clean","D:/delitos_inmigracion_espana_MIN/diagnostics/cols_poblacion_espana.csv",5,1,NA
"2025-10-01 15:12:31","write","01_validacion_raw.R","write_clean","D:/delitos_inmigracion_espana_MIN/diagnostics/uniques_poblacion_espana.csv",4,3,NA
"2025-10-01 15:12:31","read","01_validacion_raw.R","read_raw","D:/delitos_inmigracion_espana_MIN/data/raw/tasas_paro.csv",3666,4,"sep=;;enc=UTF-8"
"2025-10-01 15:12:31","write","01_validacion_raw.R","write_clean","D:/delitos_inmigracion_espana_MIN/diagnostics/cols_tasas_paro.csv",4,1,NA
"2025-10-01 15:12:31","write","01_validacion_raw.R","write_clean","D:/delitos_inmigracion_espana_MIN/diagnostics/uniques_tasas_paro.csv",3,3,NA
"2025-10-01 15:12:31","read","01_validacion_raw.R","read_raw","D:/delitos_inmigracion_espana_MIN/data/raw/umbral_pobreza.csv",128,4,"sep=;;enc=UTF-8"
"2025-10-01 15:12:31","write","01_validacion_raw.R","write_clean","D:/delitos_inmigracion_espana_MIN/diagnostics/cols_umbral_pobreza.csv",4,1,NA
"2025-10-01 15:12:32","write","01_validacion_raw.R","write_clean","D:/delitos_inmigracion_espana_MIN/diagnostics/uniques_umbral_pobreza.csv",4,3,NA
"2025-10-01 15:12:32","write","01_validacion_raw.R","write_clean","D:/delitos_inmigracion_espana_MIN/diagnostics/resumen_raw.csv",12,12,NA
"2025-10-01 15:12:32","write","01_validacion_raw.R","write_clean","D:/delitos_inmigracion_espana_MIN/diagnostics/raw_sep_encoding.csv",12,3,NA
"2025-10-01 15:12:32","write","01_validacion_raw.R","write_clean","D:/delitos_inmigracion_espana_MIN/diagnostics/raw_numeric_parse_samples.csv",7,4,NA
"2025-10-01 15:12:32","write","01_validacion_raw.R","write_clean","D:/delitos_inmigracion_espana_MIN/diagnostics/raw_file_logs.csv",12,4,NA
"2025-10-01 15:12:32","write","01_validacion_raw.R","write_clean","D:/delitos_inmigracion_espana_MIN/diagnostics/acciones_prioritarias.csv",8,3,NA
"2025-10-01 15:20:14","read","02_config_diccionarios_y_excepciones.R","read_raw","D:/delitos_inmigracion_espana_MIN/data/raw/hechos_esclarecidos.csv",13552,4,"sep=;;enc=UTF-8"
"2025-10-01 15:20:14","read","02_config_diccionarios_y_excepciones.R","read_raw","D:/delitos_inmigracion_espana_MIN/data/raw/hechos_conocidos.csv",13552,4,"sep=;;enc=UTF-8"
"2025-10-01 15:20:14","write","02_config_diccionarios_y_excepciones.R","write_clean","D:/delitos_inmigracion_espana_MIN/config/map_regiones.csv",41,2,NA
"2025-10-01 15:20:14","write","02_config_diccionarios_y_excepciones.R","write_clean","D:/delitos_inmigracion_espana_MIN/config/map_tipologias.csv",44,2,NA
"2025-10-01 15:29:04","write","02_config_diccionarios_y_excepciones.R","write_clean","D:/delitos_inmigracion_espana_MIN/output/tables/02_dicc_conflictos.csv",0,3,NA
"2025-10-01 15:29:04","write","02_config_diccionarios_y_excepciones.R","write_clean","D:/delitos_inmigracion_espana_MIN/output/tables/02_dicc_nuevos_pendientes.csv",0,2,NA
"2025-10-01 15:29:05","write","02_config_diccionarios_y_excepciones.R","write_clean","D:/delitos_inmigracion_espana_MIN/output/tables/02_whitelist_sugerencias.csv",2,3,NA
"2025-10-01 15:29:05","write","02_config_diccionarios_y_excepciones.R","write_clean","D:/delitos_inmigracion_espana_MIN/output/tables/02_dicc_resumen.csv",2,4,NA
"2025-10-01 15:52:18","read","01_validacion_raw.R","read_raw","D:/delitos_inmigracion_espana_MIN/data/raw/arope.csv",1632,5,"sep=;;enc=UTF-8"
"2025-10-01 15:52:18","write","01_validacion_raw.R","write_clean","D:/delitos_inmigracion_espana_MIN/diagnostics/cols_arope.csv",5,1,NA
"2025-10-01 15:52:18","write","01_validacion_raw.R","write_clean","D:/delitos_inmigracion_espana_MIN/diagnostics/uniques_arope.csv",5,3,NA
"2025-10-01 15:52:18","read","01_validacion_raw.R","read_raw","D:/delitos_inmigracion_espana_MIN/data/raw/crecimiento_pib.csv",180,3,"sep=;;enc=UTF-8"
"2025-10-01 15:52:18","write","01_validacion_raw.R","write_clean","D:/delitos_inmigracion_espana_MIN/diagnostics/cols_crecimiento_pib.csv",3,1,NA
"2025-10-01 15:52:18","write","01_validacion_raw.R","write_clean","D:/delitos_inmigracion_espana_MIN/diagnostics/uniques_crecimiento_pib.csv",3,3,NA
"2025-10-01 15:52:20","read","01_validacion_raw.R","read_raw","D:/delitos_inmigracion_espana_MIN/data/raw/detenciones_extranjeros_tipologia.csv",36960,5,"sep=;;enc=UTF-8"
"2025-10-01 15:52:20","write","01_validacion_raw.R","write_clean","D:/delitos_inmigracion_espana_MIN/diagnostics/cols_detenciones_extranjeros_tipologia.csv",5,1,NA
"2025-10-01 15:52:20","write","01_validacion_raw.R","write_clean","D:/delitos_inmigracion_espana_MIN/diagnostics/uniques_detenciones_extranjeros_tipologia.csv",4,3,NA
"2025-10-01 15:52:20","read","01_validacion_raw.R","read_raw","D:/delitos_inmigracion_espana_MIN/data/raw/detenciones_tipologia.csv",12320,4,"sep=;;enc=UTF-8"
"2025-10-01 15:52:20","write","01_validacion_raw.R","write_clean","D:/delitos_inmigracion_espana_MIN/diagnostics/cols_detenciones_tipologia.csv",4,1,NA
"2025-10-01 15:52:20","write","01_validacion_raw.R","write_clean","D:/delitos_inmigracion_espana_MIN/diagnostics/uniques_detenciones_tipologia.csv",3,3,NA
"2025-10-01 15:52:20","read","01_validacion_raw.R","read_raw","D:/delitos_inmigracion_espana_MIN/data/raw/epa_activos_16_29_trimestral.csv",168,5,"sep=;;enc=UTF-8"
"2025-10-01 15:52:20","write","01_validacion_raw.R","write_clean","D:/delitos_inmigracion_espana_MIN/diagnostics/cols_epa_activos_16_29_trimestral.csv",5,1,NA
"2025-10-01 15:52:21","write","01_validacion_raw.R","write_clean","D:/delitos_inmigracion_espana_MIN/diagnostics/uniques_epa_activos_16_29_trimestral.csv",5,3,NA
"2025-10-01 15:52:22","read","01_validacion_raw.R","read_raw","D:/delitos_inmigracion_espana_MIN/data/raw/estat_nama_10_pc_filtered_en.csv",14190,19,"sep=,;enc=UTF-8"
"2025-10-01 15:52:22","write","01_validacion_raw.R","write_clean","D:/delitos_inmigracion_espana_MIN/diagnostics/cols_estat_nama_10_pc_filtered_en.csv",19,1,NA
"2025-10-01 15:52:22","write","01_validacion_raw.R","write_clean","D:/delitos_inmigracion_espana_MIN/diagnostics/uniques_estat_nama_10_pc_filtered_en.csv",18,3,NA
"2025-10-01 15:52:23","read","01_validacion_raw.R","read_raw","D:/delitos_inmigracion_espana_MIN/data/raw/gini.csv",28,3,"sep=;;enc=UTF-8"
"2025-10-01 15:52:23","write","01_validacion_raw.R","write_clean","D:/delitos_inmigracion_espana_MIN/diagnostics/cols_gini.csv",3,1,NA
"2025-10-01 15:52:23","write","01_validacion_raw.R","write_clean","D:/delitos_inmigracion_espana_MIN/diagnostics/uniques_gini.csv",3,3,NA
"2025-10-01 15:52:23","read","01_validacion_raw.R","read_raw","D:/delitos_inmigracion_espana_MIN/data/raw/hechos_conocidos.csv",13552,4,"sep=;;enc=UTF-8"
"2025-10-01 15:52:23","write","01_validacion_raw.R","write_clean","D:/delitos_inmigracion_espana_MIN/diagnostics/cols_hechos_conocidos.csv",4,1,NA
"2025-10-01 15:52:23","write","01_validacion_raw.R","write_clean","D:/delitos_inmigracion_espana_MIN/diagnostics/uniques_hechos_conocidos.csv",3,3,NA
"2025-10-01 15:52:23","read","01_validacion_raw.R","read_raw","D:/delitos_inmigracion_espana_MIN/data/raw/hechos_esclarecidos.csv",13552,4,"sep=;;enc=UTF-8"
"2025-10-01 15:52:23","write","01_validacion_raw.R","write_clean","D:/delitos_inmigracion_espana_MIN/diagnostics/cols_hechos_esclarecidos.csv",4,1,NA
"2025-10-01 15:52:23","write","01_validacion_raw.R","write_clean","D:/delitos_inmigracion_espana_MIN/diagnostics/uniques_hechos_esclarecidos.csv",3,3,NA
"2025-10-01 15:52:29","read","01_validacion_raw.R","read_raw","D:/delitos_inmigracion_espana_MIN/data/raw/poblacion_espana.csv",384480,5,"sep=;;enc=UTF-8"
"2025-10-01 15:52:29","write","01_validacion_raw.R","write_clean","D:/delitos_inmigracion_espana_MIN/diagnostics/cols_poblacion_espana.csv",5,1,NA
"2025-10-01 15:52:31","write","01_validacion_raw.R","write_clean","D:/delitos_inmigracion_espana_MIN/diagnostics/uniques_poblacion_espana.csv",4,3,NA
"2025-10-01 15:52:31","read","01_validacion_raw.R","read_raw","D:/delitos_inmigracion_espana_MIN/data/raw/tasas_paro.csv",3666,4,"sep=;;enc=UTF-8"
"2025-10-01 15:52:31","write","01_validacion_raw.R","write_clean","D:/delitos_inmigracion_espana_MIN/diagnostics/cols_tasas_paro.csv",4,1,NA
"2025-10-01 15:52:31","write","01_validacion_raw.R","write_clean","D:/delitos_inmigracion_espana_MIN/diagnostics/uniques_tasas_paro.csv",3,3,NA
"2025-10-01 15:52:31","read","01_validacion_raw.R","read_raw","D:/delitos_inmigracion_espana_MIN/data/raw/umbral_pobreza.csv",128,4,"sep=;;enc=UTF-8"
"2025-10-01 15:52:31","write","01_validacion_raw.R","write_clean","D:/delitos_inmigracion_espana_MIN/diagnostics/cols_umbral_pobreza.csv",4,1,NA
"2025-10-01 15:52:31","write","01_validacion_raw.R","write_clean","D:/delitos_inmigracion_espana_MIN/diagnostics/uniques_umbral_pobreza.csv",4,3,NA
"2025-10-01 15:52:31","write","01_validacion_raw.R","write_clean","D:/delitos_inmigracion_espana_MIN/diagnostics/resumen_raw.csv",12,12,NA
"2025-10-01 15:52:31","write","01_validacion_raw.R","write_clean","D:/delitos_inmigracion_espana_MIN/diagnostics/raw_sep_encoding.csv",12,3,NA
"2025-10-01 15:52:31","write","01_validacion_raw.R","write_clean","D:/delitos_inmigracion_espana_MIN/diagnostics/raw_numeric_parse_samples.csv",4,4,NA
"2025-10-01 15:52:31","write","01_validacion_raw.R","write_clean","D:/delitos_inmigracion_espana_MIN/diagnostics/raw_file_logs.csv",12,4,NA
"2025-10-01 15:52:31","write","01_validacion_raw.R","write_clean","D:/delitos_inmigracion_espana_MIN/diagnostics/acciones_prioritarias.csv",6,3,NA
"2025-10-01 15:52:56","write",NA,"write_clean","D:/delitos_inmigracion_espana_MIN/output/tables/02_dicc_conflictos.csv",0,3,NA
"2025-10-01 15:52:56","write",NA,"write_clean","D:/delitos_inmigracion_espana_MIN/output/tables/02_dicc_nuevos_pendientes.csv",0,2,NA
"2025-10-01 15:52:57","write",NA,"write_clean","D:/delitos_inmigracion_espana_MIN/output/tables/02_whitelist_sugerencias.csv",2,3,NA
"2025-10-01 15:52:57","write",NA,"write_clean","D:/delitos_inmigracion_espana_MIN/output/tables/02_dicc_resumen.csv",2,4,NA
"2025-10-01 16:00:36","read","01_validacion_raw.R","read_raw","D:/delitos_inmigracion_espana_MIN/data/raw/arope.csv",1632,5,"sep=;;enc=UTF-8"
"2025-10-01 16:00:36","write","01_validacion_raw.R","write_clean","D:/delitos_inmigracion_espana_MIN/diagnostics/cols_arope.csv",5,1,NA
"2025-10-01 16:00:36","read","01_validacion_raw.R","read_raw","D:/delitos_inmigracion_espana_MIN/data/raw/crecimiento_pib.csv",180,3,"sep=;;enc=UTF-8"
"2025-10-01 16:00:36","write","01_validacion_raw.R","write_clean","D:/delitos_inmigracion_espana_MIN/diagnostics/cols_crecimiento_pib.csv",3,1,NA
"2025-10-01 16:00:37","read","01_validacion_raw.R","read_raw","D:/delitos_inmigracion_espana_MIN/data/raw/detenciones_extranjeros_tipologia.csv",36960,5,"sep=;;enc=UTF-8"
"2025-10-01 16:00:37","write","01_validacion_raw.R","write_clean","D:/delitos_inmigracion_espana_MIN/diagnostics/cols_detenciones_extranjeros_tipologia.csv",5,1,NA
"2025-10-01 16:00:38","read","01_validacion_raw.R","read_raw","D:/delitos_inmigracion_espana_MIN/data/raw/detenciones_tipologia.csv",12320,4,"sep=;;enc=UTF-8"
"2025-10-01 16:00:38","write","01_validacion_raw.R","write_clean","D:/delitos_inmigracion_espana_MIN/diagnostics/cols_detenciones_tipologia.csv",4,1,NA
"2025-10-01 16:00:38","read","01_validacion_raw.R","read_raw","D:/delitos_inmigracion_espana_MIN/data/raw/epa_activos_16_29_trimestral.csv",168,5,"sep=;;enc=UTF-8"
"2025-10-01 16:00:38","write","01_validacion_raw.R","write_clean","D:/delitos_inmigracion_espana_MIN/diagnostics/cols_epa_activos_16_29_trimestral.csv",5,1,NA
"2025-10-01 16:00:39","read","01_validacion_raw.R","read_raw","D:/delitos_inmigracion_espana_MIN/data/raw/estat_nama_10_pc_filtered_en.csv",14190,19,"sep=,;enc=UTF-8"
"2025-10-01 16:00:39","write","01_validacion_raw.R","write_clean","D:/delitos_inmigracion_espana_MIN/diagnostics/cols_estat_nama_10_pc_filtered_en.csv",19,1,NA
"2025-10-01 16:00:39","read","01_validacion_raw.R","read_raw","D:/delitos_inmigracion_espana_MIN/data/raw/gini.csv",28,3,"sep=;;enc=UTF-8"
"2025-10-01 16:00:39","write","01_validacion_raw.R","write_clean","D:/delitos_inmigracion_espana_MIN/diagnostics/cols_gini.csv",3,1,NA
"2025-10-01 16:00:40","read","01_validacion_raw.R","read_raw","D:/delitos_inmigracion_espana_MIN/data/raw/hechos_conocidos.csv",13552,4,"sep=;;enc=UTF-8"
"2025-10-01 16:00:40","write","01_validacion_raw.R","write_clean","D:/delitos_inmigracion_espana_MIN/diagnostics/cols_hechos_conocidos.csv",4,1,NA
"2025-10-01 16:00:40","read","01_validacion_raw.R","read_raw","D:/delitos_inmigracion_espana_MIN/data/raw/hechos_esclarecidos.csv",13552,4,"sep=;;enc=UTF-8"
"2025-10-01 16:00:40","write","01_validacion_raw.R","write_clean","D:/delitos_inmigracion_espana_MIN/diagnostics/cols_hechos_esclarecidos.csv",4,1,NA
"2025-10-01 16:00:45","read","01_validacion_raw.R","read_raw","D:/delitos_inmigracion_espana_MIN/data/raw/poblacion_espana.csv",384480,5,"sep=;;enc=UTF-8"
"2025-10-01 16:00:45","write","01_validacion_raw.R","write_clean","D:/delitos_inmigracion_espana_MIN/diagnostics/cols_poblacion_espana.csv",5,1,NA
"2025-10-01 16:00:47","read","01_validacion_raw.R","read_raw","D:/delitos_inmigracion_espana_MIN/data/raw/tasas_paro.csv",3666,4,"sep=;;enc=UTF-8"
"2025-10-01 16:00:47","write","01_validacion_raw.R","write_clean","D:/delitos_inmigracion_espana_MIN/diagnostics/cols_tasas_paro.csv",4,1,NA
"2025-10-01 16:00:47","read","01_validacion_raw.R","read_raw","D:/delitos_inmigracion_espana_MIN/data/raw/umbral_pobreza.csv",128,4,"sep=;;enc=UTF-8"
"2025-10-01 16:00:47","write","01_validacion_raw.R","write_clean","D:/delitos_inmigracion_espana_MIN/diagnostics/cols_umbral_pobreza.csv",4,1,NA
"2025-10-01 16:00:47","write","01_validacion_raw.R","write_clean","D:/delitos_inmigracion_espana_MIN/diagnostics/uniques_umbral_pobreza.csv",4,3,NA
"2025-10-01 16:00:47","write","01_validacion_raw.R","write_clean","D:/delitos_inmigracion_espana_MIN/diagnostics/resumen_raw.csv",1,12,NA
"2025-10-01 16:00:47","write","01_validacion_raw.R","write_clean","D:/delitos_inmigracion_espana_MIN/diagnostics/raw_sep_encoding.csv",1,3,NA
"2025-10-01 16:00:47","write","01_validacion_raw.R","write_clean","D:/delitos_inmigracion_espana_MIN/diagnostics/raw_file_logs.csv",1,4,NA
"2025-10-01 16:00:47","write","01_validacion_raw.R","write_clean","D:/delitos_inmigracion_espana_MIN/diagnostics/acciones_prioritarias.csv",2,3,NA
"2025-10-01 16:08:42","read","01_validacion_raw.R","read_raw","D:/delitos_inmigracion_espana_MIN/data/raw/arope.csv",1632,5,"sep=;;enc=UTF-8"
"2025-10-01 16:08:42","write","01_validacion_raw.R","write_clean","D:/delitos_inmigracion_espana_MIN/diagnostics/cols_arope.csv",5,1,NA
"2025-10-01 16:08:42","read","01_validacion_raw.R","read_raw","D:/delitos_inmigracion_espana_MIN/data/raw/crecimiento_pib.csv",180,3,"sep=;;enc=UTF-8"
"2025-10-01 16:08:42","write","01_validacion_raw.R","write_clean","D:/delitos_inmigracion_espana_MIN/diagnostics/cols_crecimiento_pib.csv",3,1,NA
"2025-10-01 16:08:43","read","01_validacion_raw.R","read_raw","D:/delitos_inmigracion_espana_MIN/data/raw/detenciones_extranjeros_tipologia.csv",36960,5,"sep=;;enc=UTF-8"
"2025-10-01 16:08:43","write","01_validacion_raw.R","write_clean","D:/delitos_inmigracion_espana_MIN/diagnostics/cols_detenciones_extranjeros_tipologia.csv",5,1,NA
"2025-10-01 16:08:44","read","01_validacion_raw.R","read_raw","D:/delitos_inmigracion_espana_MIN/data/raw/detenciones_tipologia.csv",12320,4,"sep=;;enc=UTF-8"
"2025-10-01 16:08:44","write","01_validacion_raw.R","write_clean","D:/delitos_inmigracion_espana_MIN/diagnostics/cols_detenciones_tipologia.csv",4,1,NA
"2025-10-01 16:08:44","read","01_validacion_raw.R","read_raw","D:/delitos_inmigracion_espana_MIN/data/raw/epa_activos_16_29_trimestral.csv",168,5,"sep=;;enc=UTF-8"
"2025-10-01 16:08:44","write","01_validacion_raw.R","write_clean","D:/delitos_inmigracion_espana_MIN/diagnostics/cols_epa_activos_16_29_trimestral.csv",5,1,NA
"2025-10-01 16:08:45","read","01_validacion_raw.R","read_raw","D:/delitos_inmigracion_espana_MIN/data/raw/estat_nama_10_pc_filtered_en.csv",14190,19,"sep=,;enc=UTF-8"
"2025-10-01 16:08:45","write","01_validacion_raw.R","write_clean","D:/delitos_inmigracion_espana_MIN/diagnostics/cols_estat_nama_10_pc_filtered_en.csv",19,1,NA
"2025-10-01 16:08:45","read","01_validacion_raw.R","read_raw","D:/delitos_inmigracion_espana_MIN/data/raw/gini.csv",28,3,"sep=;;enc=UTF-8"
"2025-10-01 16:08:45","write","01_validacion_raw.R","write_clean","D:/delitos_inmigracion_espana_MIN/diagnostics/cols_gini.csv",3,1,NA
"2025-10-01 16:08:46","read","01_validacion_raw.R","read_raw","D:/delitos_inmigracion_espana_MIN/data/raw/hechos_conocidos.csv",13552,4,"sep=;;enc=UTF-8"
"2025-10-01 16:08:46","write","01_validacion_raw.R","write_clean","D:/delitos_inmigracion_espana_MIN/diagnostics/cols_hechos_conocidos.csv",4,1,NA
"2025-10-01 16:08:46","read","01_validacion_raw.R","read_raw","D:/delitos_inmigracion_espana_MIN/data/raw/hechos_esclarecidos.csv",13552,4,"sep=;;enc=UTF-8"
"2025-10-01 16:08:46","write","01_validacion_raw.R","write_clean","D:/delitos_inmigracion_espana_MIN/diagnostics/cols_hechos_esclarecidos.csv",4,1,NA
"2025-10-01 16:08:50","read","01_validacion_raw.R","read_raw","D:/delitos_inmigracion_espana_MIN/data/raw/poblacion_espana.csv",384480,5,"sep=;;enc=UTF-8"
"2025-10-01 16:08:50","write","01_validacion_raw.R","write_clean","D:/delitos_inmigracion_espana_MIN/diagnostics/cols_poblacion_espana.csv",5,1,NA
"2025-10-01 16:08:51","read","01_validacion_raw.R","read_raw","D:/delitos_inmigracion_espana_MIN/data/raw/tasas_paro.csv",3666,4,"sep=;;enc=UTF-8"
"2025-10-01 16:08:51","write","01_validacion_raw.R","write_clean","D:/delitos_inmigracion_espana_MIN/diagnostics/cols_tasas_paro.csv",4,1,NA
"2025-10-01 16:08:52","read","01_validacion_raw.R","read_raw","D:/delitos_inmigracion_espana_MIN/data/raw/umbral_pobreza.csv",128,4,"sep=;;enc=UTF-8"
"2025-10-01 16:08:52","write","01_validacion_raw.R","write_clean","D:/delitos_inmigracion_espana_MIN/diagnostics/cols_umbral_pobreza.csv",4,1,NA
"2025-10-01 16:08:52","write","01_validacion_raw.R","write_clean","D:/delitos_inmigracion_espana_MIN/diagnostics/uniques_umbral_pobreza.csv",4,3,NA
"2025-10-01 16:08:52","write","01_validacion_raw.R","write_clean","D:/delitos_inmigracion_espana_MIN/diagnostics/resumen_raw.csv",1,12,NA
"2025-10-01 16:08:52","write","01_validacion_raw.R","write_clean","D:/delitos_inmigracion_espana_MIN/diagnostics/raw_sep_encoding.csv",1,3,NA
"2025-10-01 16:08:52","write","01_validacion_raw.R","write_clean","D:/delitos_inmigracion_espana_MIN/diagnostics/raw_numeric_parse_samples.csv",7,4,NA
"2025-10-01 16:08:52","write","01_validacion_raw.R","write_clean","D:/delitos_inmigracion_espana_MIN/diagnostics/raw_file_logs.csv",1,4,NA
"2025-10-01 16:08:52","write","01_validacion_raw.R","write_clean","D:/delitos_inmigracion_espana_MIN/diagnostics/acciones_prioritarias.csv",4,3,NA
"2025-10-01 16:12:29","read","01_validacion_raw.R","read_raw","D:/delitos_inmigracion_espana_MIN/data/raw/arope.csv",1632,5,"sep=;;enc=UTF-8"
"2025-10-01 16:12:29","write","01_validacion_raw.R","write_clean","D:/delitos_inmigracion_espana_MIN/diagnostics/cols_arope.csv",5,1,NA
"2025-10-01 16:12:29","read","01_validacion_raw.R","read_raw","D:/delitos_inmigracion_espana_MIN/data/raw/crecimiento_pib.csv",180,3,"sep=;;enc=UTF-8"
"2025-10-01 16:12:29","write","01_validacion_raw.R","write_clean","D:/delitos_inmigracion_espana_MIN/diagnostics/cols_crecimiento_pib.csv",3,1,NA
"2025-10-01 16:12:30","read","01_validacion_raw.R","read_raw","D:/delitos_inmigracion_espana_MIN/data/raw/detenciones_extranjeros_tipologia.csv",36960,5,"sep=;;enc=UTF-8"
"2025-10-01 16:12:30","write","01_validacion_raw.R","write_clean","D:/delitos_inmigracion_espana_MIN/diagnostics/cols_detenciones_extranjeros_tipologia.csv",5,1,NA
"2025-10-01 16:12:31","read","01_validacion_raw.R","read_raw","D:/delitos_inmigracion_espana_MIN/data/raw/detenciones_tipologia.csv",12320,4,"sep=;;enc=UTF-8"
"2025-10-01 16:12:31","write","01_validacion_raw.R","write_clean","D:/delitos_inmigracion_espana_MIN/diagnostics/cols_detenciones_tipologia.csv",4,1,NA
"2025-10-01 16:12:31","read","01_validacion_raw.R","read_raw","D:/delitos_inmigracion_espana_MIN/data/raw/epa_activos_16_29_trimestral.csv",168,5,"sep=;;enc=UTF-8"
"2025-10-01 16:12:31","write","01_validacion_raw.R","write_clean","D:/delitos_inmigracion_espana_MIN/diagnostics/cols_epa_activos_16_29_trimestral.csv",5,1,NA
"2025-10-01 16:12:32","read","01_validacion_raw.R","read_raw","D:/delitos_inmigracion_espana_MIN/data/raw/estat_nama_10_pc_filtered_en.csv",14190,19,"sep=,;enc=UTF-8"
"2025-10-01 16:12:32","write","01_validacion_raw.R","write_clean","D:/delitos_inmigracion_espana_MIN/diagnostics/cols_estat_nama_10_pc_filtered_en.csv",19,1,NA
"2025-10-01 16:12:33","read","01_validacion_raw.R","read_raw","D:/delitos_inmigracion_espana_MIN/data/raw/gini.csv",28,3,"sep=;;enc=UTF-8"
"2025-10-01 16:12:33","write","01_validacion_raw.R","write_clean","D:/delitos_inmigracion_espana_MIN/diagnostics/cols_gini.csv",3,1,NA
"2025-10-01 16:12:33","read","01_validacion_raw.R","read_raw","D:/delitos_inmigracion_espana_MIN/data/raw/hechos_conocidos.csv",13552,4,"sep=;;enc=UTF-8"
"2025-10-01 16:12:33","write","01_validacion_raw.R","write_clean","D:/delitos_inmigracion_espana_MIN/diagnostics/cols_hechos_conocidos.csv",4,1,NA
"2025-10-01 16:12:33","read","01_validacion_raw.R","read_raw","D:/delitos_inmigracion_espana_MIN/data/raw/hechos_esclarecidos.csv",13552,4,"sep=;;enc=UTF-8"
"2025-10-01 16:12:33","write","01_validacion_raw.R","write_clean","D:/delitos_inmigracion_espana_MIN/diagnostics/cols_hechos_esclarecidos.csv",4,1,NA
"2025-10-01 16:12:38","read","01_validacion_raw.R","read_raw","D:/delitos_inmigracion_espana_MIN/data/raw/poblacion_espana.csv",384480,5,"sep=;;enc=UTF-8"
"2025-10-01 16:12:38","write","01_validacion_raw.R","write_clean","D:/delitos_inmigracion_espana_MIN/diagnostics/cols_poblacion_espana.csv",5,1,NA
"2025-10-01 16:12:39","read","01_validacion_raw.R","read_raw","D:/delitos_inmigracion_espana_MIN/data/raw/tasas_paro.csv",3666,4,"sep=;;enc=UTF-8"
"2025-10-01 16:12:39","write","01_validacion_raw.R","write_clean","D:/delitos_inmigracion_espana_MIN/diagnostics/cols_tasas_paro.csv",4,1,NA
"2025-10-01 16:12:39","read","01_validacion_raw.R","read_raw","D:/delitos_inmigracion_espana_MIN/data/raw/umbral_pobreza.csv",128,4,"sep=;;enc=UTF-8"
"2025-10-01 16:12:40","write","01_validacion_raw.R","write_clean","D:/delitos_inmigracion_espana_MIN/diagnostics/cols_umbral_pobreza.csv",4,1,NA
"2025-10-01 16:12:40","write","01_validacion_raw.R","write_clean","D:/delitos_inmigracion_espana_MIN/diagnostics/uniques_umbral_pobreza.csv",4,3,NA
"2025-10-01 16:12:40","write","01_validacion_raw.R","write_clean","D:/delitos_inmigracion_espana_MIN/diagnostics/resumen_raw.csv",1,12,NA
"2025-10-01 16:12:40","write","01_validacion_raw.R","write_clean","D:/delitos_inmigracion_espana_MIN/diagnostics/raw_sep_encoding.csv",1,3,NA
"2025-10-01 16:12:40","write","01_validacion_raw.R","write_clean","D:/delitos_inmigracion_espana_MIN/diagnostics/raw_numeric_parse_samples.csv",4,4,NA
"2025-10-01 16:12:40","write","01_validacion_raw.R","write_clean","D:/delitos_inmigracion_espana_MIN/diagnostics/raw_file_logs.csv",1,4,NA
"2025-10-01 16:12:40","write","01_validacion_raw.R","write_clean","D:/delitos_inmigracion_espana_MIN/diagnostics/acciones_prioritarias.csv",2,3,NA
"2025-10-01 16:29:48","read","10_limpieza_arope.R","read_raw","D:/delitos_inmigracion_espana_MIN/data/raw/arope.csv",1632,5,"sep=;;enc=UTF-8"
"2025-10-01 16:29:48","write","10_limpieza_arope.R","write_clean","D:/delitos_inmigracion_espana_MIN/data/processed/arope_componentes.csv",56,3,NA
"2025-10-01 16:32:39","read","10_limpieza_arope.R","read_raw","D:/delitos_inmigracion_espana_MIN/data/raw/arope.csv",1632,5,"sep=;;enc=UTF-8"
"2025-10-01 16:32:40","write","10_limpieza_arope.R","write_clean","D:/delitos_inmigracion_espana_MIN/data/processed/arope_componentes.csv",56,3,NA
"2025-10-01 16:37:53","read",NA,"read_raw","D:/delitos_inmigracion_espana_MIN/data/raw/arope.csv",1632,5,"sep=;;enc=UTF-8"
"2025-10-01 16:37:53","write",NA,"write_clean","D:/delitos_inmigracion_espana_MIN/data/processed/arope_componentes.csv",56,3,NA
"2025-10-01 16:37:54","write",NA,"write_clean","D:/delitos_inmigracion_espana_MIN/data/processed/arope_total.csv",14,2,NA
"2025-10-01 16:37:54","write",NA,"write_clean","D:/delitos_inmigracion_espana_MIN/output/tables/10_arope_comp_resumen.csv",1,3,NA
"2025-10-01 16:37:54","write",NA,"write_clean","D:/delitos_inmigracion_espana_MIN/output/tables/10_arope_total_resumen.csv",1,3,NA
"2025-10-01 16:37:54","write",NA,"write_clean","D:/delitos_inmigracion_espana_MIN/output/tables/10_arope_comp_duplicados.csv",0,3,NA
"2025-10-01 16:37:54","write",NA,"write_clean","D:/delitos_inmigracion_espana_MIN/output/tables/10_arope_total_anos_faltantes.csv",0,1,NA
"2025-10-01 16:37:54","write",NA,"write_clean","D:/delitos_inmigracion_espana_MIN/output/tables/10_arope_total_fuera_rango_componentes.csv",0,5,NA
"2025-10-01 16:38:38","read","10_limpieza_arope.R","read_raw","D:/delitos_inmigracion_espana_MIN/data/raw/arope.csv",1632,5,"sep=;;enc=UTF-8"
"2025-10-01 16:38:39","write","10_limpieza_arope.R","write_clean","D:/delitos_inmigracion_espana_MIN/data/processed/arope_componentes.csv",56,3,NA
"2025-10-01 16:38:39","write","10_limpieza_arope.R","write_clean","D:/delitos_inmigracion_espana_MIN/data/processed/arope_total.csv",14,2,NA
"2025-10-01 16:38:39","write","10_limpieza_arope.R","write_clean","D:/delitos_inmigracion_espana_MIN/output/tables/10_arope_comp_resumen.csv",1,3,NA
"2025-10-01 16:38:39","write","10_limpieza_arope.R","write_clean","D:/delitos_inmigracion_espana_MIN/output/tables/10_arope_total_resumen.csv",1,3,NA
"2025-10-01 16:38:39","write","10_limpieza_arope.R","write_clean","D:/delitos_inmigracion_espana_MIN/output/tables/10_arope_comp_duplicados.csv",0,3,NA
"2025-10-01 16:38:39","write","10_limpieza_arope.R","write_clean","D:/delitos_inmigracion_espana_MIN/output/tables/10_arope_total_anos_faltantes.csv",0,1,NA
"2025-10-01 16:38:39","write","10_limpieza_arope.R","write_clean","D:/delitos_inmigracion_espana_MIN/output/tables/10_arope_total_fuera_rango_componentes.csv",0,5,NA
"2025-10-01 16:46:49","read","11_build_paro_16_29.R","read_raw","D:/delitos_inmigracion_espana_MIN/data/raw/epa_activos_16_29_trimestral.csv",168,5,"sep=;;enc=UTF-8"
"2025-10-01 16:46:50","read","11_build_paro_16_29.R","read_raw","D:/delitos_inmigracion_espana_MIN/data/raw/tasas_paro.csv",3666,4,"sep=;;enc=UTF-8"
"2025-10-01 16:47:16","read","11_build_paro_16_29.R","read_raw","D:/delitos_inmigracion_espana_MIN/data/raw/epa_activos_16_29_trimestral.csv",168,5,"sep=;;enc=UTF-8"
"2025-10-01 16:47:16","read","11_build_paro_16_29.R","read_raw","D:/delitos_inmigracion_espana_MIN/data/raw/tasas_paro.csv",3666,4,"sep=;;enc=UTF-8"
"2025-10-01 16:54:31","read","11_build_paro_16_29.R","read_raw","D:/delitos_inmigracion_espana_MIN/data/raw/epa_activos_16_29_trimestral.csv",168,5,"sep=;;enc=UTF-8"
"2025-10-01 16:54:32","read","11_build_paro_16_29.R","read_raw","D:/delitos_inmigracion_espana_MIN/data/raw/tasas_paro.csv",3666,4,"sep=;;enc=UTF-8"
"2025-10-01 17:13:19","read","11_build_paro_16_29.R","read_raw","D:/delitos_inmigracion_espana_MIN/data/raw/epa_activos_16_29_trimestral.csv",168,5,"sep=;;enc=UTF-8"
"2025-10-01 17:13:20","read","11_build_paro_16_29.R","read_raw","D:/delitos_inmigracion_espana_MIN/data/raw/tasas_paro.csv",3666,4,"sep=;;enc=UTF-8"
"2025-10-01 17:51:39","read","13_build_hechos_conocidos.R","read_raw","D:/delitos_inmigracion_espana_MIN/data/raw/hechos_conocidos.csv",13552,4,"sep=;;enc=UTF-8"
"2025-10-01 17:51:41","write","13_build_hechos_conocidos.R","write_clean","D:/delitos_inmigracion_espana_MIN/output/tables/13_qc_total_vs_suma_categorias.csv",14,4,NA
"2025-10-01 17:51:42","write","13_build_hechos_conocidos.R","write_clean","D:/delitos_inmigracion_espana_MIN/output/tables/13_qc_unidades_detectadas.csv",3,2,NA
"2025-10-01 17:51:42","write","13_build_hechos_conocidos.R","write_clean","D:/delitos_inmigracion_espana_MIN/output/tables/13_qc_cobertura_anual.csv",14,3,NA
"2025-10-01 17:51:42","write","13_build_hechos_conocidos.R","write_clean","D:/delitos_inmigracion_espana_MIN/output/tables/13_qc_duplicados_clave.csv",0,4,NA
"2025-10-01 17:51:42","write","13_build_hechos_conocidos.R","write_clean","D:/delitos_inmigracion_espana_MIN/output/tables/13_qc_no_negatividad.csv",0,4,NA
"2025-10-01 17:51:42","write","13_build_hechos_conocidos.R","write_clean","D:/delitos_inmigracion_espana_MIN/output/tables/13_qc_nacional_vs_suma_ccaa.csv",616,7,NA
"2025-10-01 17:51:42","write","13_build_hechos_conocidos.R","write_clean","D:/delitos_inmigracion_espana_MIN/output/tables/13_qc_summary_checks.csv",6,4,NA
"2025-10-01 17:51:43","write","13_build_hechos_conocidos.R","write_clean","D:/delitos_inmigracion_espana_MIN/data/processed/hechos_conocidos_panel_ccaa.csv",11704,4,NA
"2025-10-01 17:51:43","write","13_build_hechos_conocidos.R","write_clean","D:/delitos_inmigracion_espana_MIN/data/processed/hechos_conocidos_total_nacional_por_tipo.csv",602,3,NA
"2025-10-01 17:51:43","write","13_build_hechos_conocidos.R","write_clean","D:/delitos_inmigracion_espana_MIN/data/processed/hechos_conocidos_total_nacional.csv",14,2,NA
"2025-10-01 17:51:43","write","13_build_hechos_conocidos.R","write_clean","D:/delitos_inmigracion_espana_MIN/output/tables/13_violentos5_series_anual_largo.csv",70,3,NA
"2025-10-01 17:51:43","write","13_build_hechos_conocidos.R","write_clean","D:/delitos_inmigracion_espana_MIN/output/tables/13_violentos5_series_anual_ancho.csv",14,6,NA
"2025-10-02 09:28:09","read","14_build_hechos_esclarecidos.R","read_raw","D:/delitos_inmigracion_espana_MIN/data/raw/hechos_esclarecidos.csv",13552,4,"sep=;;enc=UTF-8"
"2025-10-02 09:28:10","write","14_build_hechos_esclarecidos.R","write_clean","D:/delitos_inmigracion_espana_MIN/output/tables/14_he_regiones_especiales_counts.csv",3,2,NA
"2025-10-02 09:28:10","write","14_build_hechos_esclarecidos.R","write_clean","D:/delitos_inmigracion_espana_MIN/output/tables/14_he_nacional_vs_sum_ccaa.csv",616,7,NA
"2025-10-02 09:28:10","write","14_build_hechos_esclarecidos.R","write_clean","D:/delitos_inmigracion_espana_MIN/output/tables/14_he_total_vs_suma_categorias.csv",14,4,NA
"2025-10-02 09:28:10","write","14_build_hechos_esclarecidos.R","write_clean","D:/delitos_inmigracion_espana_MIN/output/tables/14_he_unit_detection.csv",1,4,NA
"2025-10-02 09:28:11","write","14_build_hechos_esclarecidos.R","write_clean","D:/delitos_inmigracion_espana_MIN/data/processed/hechos_esclarecidos_panel_ccaa.csv",11704,4,NA
"2025-10-02 09:28:11","write","14_build_hechos_esclarecidos.R","write_clean","D:/delitos_inmigracion_espana_MIN/data/processed/hechos_esclarecidos_total_nacional_por_tipo.csv",616,3,NA
"2025-10-02 09:28:11","write","14_build_hechos_esclarecidos.R","write_clean","D:/delitos_inmigracion_espana_MIN/data/processed/hechos_esclarecidos_total_nacional.csv",14,2,NA
"2025-10-02 09:28:11","write","14_build_hechos_esclarecidos.R","write_clean","D:/delitos_inmigracion_espana_MIN/output/tables/14_he_cov_years.csv",14,2,NA
"2025-10-02 09:28:11","write","14_build_hechos_esclarecidos.R","write_clean","D:/delitos_inmigracion_espana_MIN/output/tables/14_he_dups_keys.csv",0,4,NA
"2025-10-02 09:28:11","write","14_build_hechos_esclarecidos.R","write_clean","D:/delitos_inmigracion_espana_MIN/output/tables/14_he_vs_hc_fullcheck.csv",616,6,NA
"2025-10-02 09:28:11","write","14_build_hechos_esclarecidos.R","write_clean","D:/delitos_inmigracion_espana_MIN/output/tables/14_he_vs_hc_violaciones.csv",0,6,NA
"2025-10-02 09:28:11","write","14_build_hechos_esclarecidos.R","write_clean","D:/delitos_inmigracion_espana_MIN/output/tables/14_he_qa_summary.csv",5,4,NA
"2025-10-02 09:59:25","read","15_limpieza_detenciones_totales.R","read_raw","D:/delitos_inmigracion_espana_MIN/data/raw/detenciones_tipologia.csv",12320,4,"sep=;;enc=UTF-8"
"2025-10-02 09:59:25","write","15_limpieza_detenciones_totales.R","write_clean","D:/delitos_inmigracion_espana_MIN/output/tables/qa_det_tot_exclusion_regiones.csv",20,4,NA
"2025-10-02 09:59:25","write","15_limpieza_detenciones_totales.R","write_clean","D:/delitos_inmigracion_espana_MIN/output/tables/qa_det_tot_cobertura.csv",1,6,NA
"2025-10-02 09:59:25","write","15_limpieza_detenciones_totales.R","write_clean","D:/delitos_inmigracion_espana_MIN/output/tables/qa_det_tot_cobertura_por_tipo.csv",44,4,NA
"2025-10-02 09:59:25","write","15_limpieza_detenciones_totales.R","write_clean","D:/delitos_inmigracion_espana_MIN/output/tables/qa_det_tot_plaus_yoy.csv",1,5,NA
"2025-10-02 09:59:25","write","15_limpieza_detenciones_totales.R","write_clean","D:/delitos_inmigracion_espana_MIN/data/processed/detenciones_totales_total_nacional.csv",616,3,NA
"2025-10-02 09:59:25","write","15_limpieza_detenciones_totales.R","write_clean","D:/delitos_inmigracion_espana_MIN/data/processed/detenciones_totales_total.csv",14,2,NA
"2025-10-02 10:08:05","read","15_limpieza_detenciones_totales.R","read_raw","D:/delitos_inmigracion_espana_MIN/data/raw/detenciones_tipologia.csv",12320,4,"sep=;;enc=UTF-8"
"2025-10-02 10:08:05","write","15_limpieza_detenciones_totales.R","write_clean","D:/delitos_inmigracion_espana_MIN/output/tables/qa_det_tot_exclusion_regiones.csv",20,4,NA
"2025-10-02 10:08:05","write","15_limpieza_detenciones_totales.R","write_clean","D:/delitos_inmigracion_espana_MIN/output/tables/qa_det_tot_cobertura.csv",1,6,NA
"2025-10-02 10:08:06","write","15_limpieza_detenciones_totales.R","write_clean","D:/delitos_inmigracion_espana_MIN/output/tables/qa_det_tot_cobertura_por_tipo.csv",44,4,NA
"2025-10-02 10:08:06","write","15_limpieza_detenciones_totales.R","write_clean","D:/delitos_inmigracion_espana_MIN/output/tables/qa_det_tot_plaus_yoy.csv",1,5,NA
"2025-10-02 10:08:06","write","15_limpieza_detenciones_totales.R","write_clean","D:/delitos_inmigracion_espana_MIN/data/processed/detenciones_totales_total_nacional.csv",616,3,NA
"2025-10-02 10:08:06","write","15_limpieza_detenciones_totales.R","write_clean","D:/delitos_inmigracion_espana_MIN/data/processed/detenciones_totales_total.csv",14,2,NA
"2025-10-02 10:17:54","read","15_limpieza_detenciones_totales.R","read_raw","D:/delitos_inmigracion_espana_MIN/data/raw/detenciones_tipologia.csv",12320,4,"sep=;;enc=UTF-8"
"2025-10-02 10:17:54","write","15_limpieza_detenciones_totales.R","write_clean","D:/delitos_inmigracion_espana_MIN/output/tables/qa_det_tot_exclusion_regiones.csv",20,4,NA
"2025-10-02 10:17:54","write","15_limpieza_detenciones_totales.R","write_clean","D:/delitos_inmigracion_espana_MIN/output/tables/qa_det_tot_cobertura.csv",1,6,NA
"2025-10-02 10:17:54","write","15_limpieza_detenciones_totales.R","write_clean","D:/delitos_inmigracion_espana_MIN/output/tables/qa_det_tot_cobertura_por_tipo.csv",44,4,NA
"2025-10-02 10:17:54","write","15_limpieza_detenciones_totales.R","write_clean","D:/delitos_inmigracion_espana_MIN/output/tables/qa_det_tot_plaus_yoy.csv",1,5,NA
"2025-10-02 10:17:54","write","15_limpieza_detenciones_totales.R","write_clean","D:/delitos_inmigracion_espana_MIN/data/processed/detenciones_totales_total_nacional.csv",616,3,NA
"2025-10-02 10:17:54","write","15_limpieza_detenciones_totales.R","write_clean","D:/delitos_inmigracion_espana_MIN/data/processed/detenciones_totales_total.csv",14,2,NA
"2025-10-02 10:25:08","read","15_limpieza_detenciones_totales.R","read_raw","D:/delitos_inmigracion_espana_MIN/data/raw/detenciones_tipologia.csv",12320,4,"sep=;;enc=UTF-8"
"2025-10-02 10:25:09","write","15_limpieza_detenciones_totales.R","write_clean","D:/delitos_inmigracion_espana_MIN/output/tables/qa_det_tot_exclusion_regiones.csv",20,4,NA
"2025-10-02 10:25:09","write","15_limpieza_detenciones_totales.R","write_clean","D:/delitos_inmigracion_espana_MIN/output/tables/qa_det_tot_cobertura.csv",1,6,NA
"2025-10-02 10:25:09","write","15_limpieza_detenciones_totales.R","write_clean","D:/delitos_inmigracion_espana_MIN/output/tables/qa_det_tot_cobertura_por_tipo.csv",44,4,NA
"2025-10-02 10:25:09","write","15_limpieza_detenciones_totales.R","write_clean","D:/delitos_inmigracion_espana_MIN/output/tables/qa_det_tot_plaus_yoy.csv",1,5,NA
"2025-10-02 10:25:09","write","15_limpieza_detenciones_totales.R","write_clean","D:/delitos_inmigracion_espana_MIN/data/processed/detenciones_totales_total_nacional.csv",616,3,NA
"2025-10-02 10:25:09","write","15_limpieza_detenciones_totales.R","write_clean","D:/delitos_inmigracion_espana_MIN/data/processed/detenciones_totales_total.csv",14,2,NA
"2025-10-02 14:30:33","read","15_limpieza_detenciones_totales.R","read_raw","D:/delitos_inmigracion_espana_MIN/data/raw/detenciones_tipologia.csv",12320,4,"sep=;;enc=UTF-8"
"2025-10-02 14:30:33","write","15_limpieza_detenciones_totales.R","write_clean","D:/delitos_inmigracion_espana_MIN/output/tables/qa_det_tot_exclusion_regiones.csv",20,4,NA
"2025-10-02 14:30:33","write","15_limpieza_detenciones_totales.R","write_clean","D:/delitos_inmigracion_espana_MIN/output/tables/qa_det_tot_cobertura.csv",1,6,NA
"2025-10-02 14:30:33","write","15_limpieza_detenciones_totales.R","write_clean","D:/delitos_inmigracion_espana_MIN/output/tables/qa_det_tot_cobertura_por_tipo.csv",44,4,NA
"2025-10-02 14:30:34","write","15_limpieza_detenciones_totales.R","write_clean","D:/delitos_inmigracion_espana_MIN/output/tables/qa_det_tot_plaus_yoy.csv",1,5,NA
"2025-10-02 14:30:34","write","15_limpieza_detenciones_totales.R","write_clean","D:/delitos_inmigracion_espana_MIN/data/processed/detenciones_totales_total_nacional.csv",616,3,NA
"2025-10-02 14:30:34","write","15_limpieza_detenciones_totales.R","write_clean","D:/delitos_inmigracion_espana_MIN/data/processed/detenciones_totales_total.csv",14,2,NA
"2025-10-02 14:39:00","read","15_limpieza_detenciones_totales.R","read_raw","D:/delitos_inmigracion_espana_MIN/data/raw/detenciones_tipologia.csv",12320,4,"sep=;;enc=UTF-8"
"2025-10-02 14:39:01","write","15_limpieza_detenciones_totales.R","write_clean","D:/delitos_inmigracion_espana_MIN/output/tables/qa_det_tot_exclusion_regiones.csv",20,4,NA
"2025-10-02 14:39:01","write","15_limpieza_detenciones_totales.R","write_clean","D:/delitos_inmigracion_espana_MIN/output/tables/qa_det_tot_cobertura.csv",1,6,NA
"2025-10-02 14:39:01","write","15_limpieza_detenciones_totales.R","write_clean","D:/delitos_inmigracion_espana_MIN/output/tables/qa_det_tot_cobertura_por_tipo.csv",44,4,NA
"2025-10-02 14:39:01","write","15_limpieza_detenciones_totales.R","write_clean","D:/delitos_inmigracion_espana_MIN/output/tables/qa_det_tot_plaus_yoy.csv",1,5,NA
"2025-10-02 14:39:01","write","15_limpieza_detenciones_totales.R","write_clean","D:/delitos_inmigracion_espana_MIN/data/processed/detenciones_totales_total_nacional.csv",616,3,NA
"2025-10-02 14:39:01","write","15_limpieza_detenciones_totales.R","write_clean","D:/delitos_inmigracion_espana_MIN/data/processed/detenciones_totales_total.csv",14,2,NA
"2025-10-02 14:53:25","read","16_limpieza_detenciones_extranjeros.R","read_raw","D:/delitos_inmigracion_espana_MIN/data/raw/detenciones_extranjeros_tipologia.csv",36960,5,"sep=;;enc=UTF-8"
"2025-10-02 14:53:26","write","16_limpieza_detenciones_extranjeros.R","write_clean","D:/delitos_inmigracion_espana_MIN/output/tables/16_det_ext_cobertura.csv",1,6,NA
"2025-10-02 14:53:26","write","16_limpieza_detenciones_extranjeros.R","write_clean","D:/delitos_inmigracion_espana_MIN/output/tables/16_det_ext_cobertura_por_tipo.csv",44,4,NA
"2025-10-02 14:53:27","write","16_limpieza_detenciones_extranjeros.R","write_clean","D:/delitos_inmigracion_espana_MIN/output/tables/16_det_ext_sexo_total_vs_suma.csv",616,6,NA
"2025-10-02 14:53:27","write","16_limpieza_detenciones_extranjeros.R","write_clean","D:/delitos_inmigracion_espana_MIN/output/tables/16_det_ext_diag_sexo_vs_total.csv",14,4,NA
"2025-10-02 14:53:27","write","16_limpieza_detenciones_extranjeros.R","write_clean","D:/delitos_inmigracion_espana_MIN/data/processed/detenciones_extranjeros_total_nacional_por_sexo.csv",1848,5,NA
"2025-10-02 14:53:27","write","16_limpieza_detenciones_extranjeros.R","write_clean","D:/delitos_inmigracion_espana_MIN/data/processed/detenciones_extranjeros_total_nacional.csv",616,3,NA
"2025-10-02 14:53:27","write","16_limpieza_detenciones_extranjeros.R","write_clean","D:/delitos_inmigracion_espana_MIN/output/tables/16_det_ext_vs_suma.csv",14,5,NA
"2025-10-02 14:53:28","write","16_limpieza_detenciones_extranjeros.R","write_clean","D:/delitos_inmigracion_espana_MIN/data/processed/detenciones_extranjeros_total.csv",14,2,NA
"2025-10-02 14:53:28","write","16_limpieza_detenciones_extranjeros.R","write_clean","D:/delitos_inmigracion_espana_MIN/data/processed/detenciones_extranjeros_detenidos_por_sexo_est.csv",28,5,NA
"2025-10-02 14:53:28","write","16_limpieza_detenciones_extranjeros.R","write_clean","D:/delitos_inmigracion_espana_MIN/data/processed/detenciones_share_extranjeros.csv",14,2,NA
"2025-10-02 14:53:28","write","16_limpieza_detenciones_extranjeros.R","write_clean","D:/delitos_inmigracion_espana_MIN/output/tables/16_det_ext_share_qc.csv",14,3,NA
"2025-10-02 14:53:28","write","16_limpieza_detenciones_extranjeros.R","write_clean","D:/delitos_inmigracion_espana_MIN/output/tables/16_det_ext_consistencia.csv",14,5,NA
"2025-10-02 14:53:29","write","16_limpieza_detenciones_extranjeros.R","write_clean","D:/delitos_inmigracion_espana_MIN/output/tables/16_det_ext_plaus_yoy.csv",1,5,NA
"2025-10-02 15:39:05","read","10_limpieza_arope.R","read_raw","D:/delitos_inmigracion_espana_MIN/data/raw/arope.csv",1632,5,"sep=;;enc=UTF-8"
"2025-10-02 15:39:06","write","10_limpieza_arope.R","write_clean","D:/delitos_inmigracion_espana_MIN/data/processed/arope_componentes.csv",14,3,NA
"2025-10-02 15:39:06","write","10_limpieza_arope.R","write_clean","D:/delitos_inmigracion_espana_MIN/data/processed/arope_total.csv",14,2,NA
"2025-10-02 15:39:06","write","10_limpieza_arope.R","write_clean","D:/delitos_inmigracion_espana_MIN/output/tables/10_arope_comp_resumen.csv",1,3,NA
"2025-10-02 15:39:06","write","10_limpieza_arope.R","write_clean","D:/delitos_inmigracion_espana_MIN/output/tables/10_arope_total_resumen.csv",1,3,NA
"2025-10-02 15:39:06","write","10_limpieza_arope.R","write_clean","D:/delitos_inmigracion_espana_MIN/output/tables/10_arope_comp_duplicados.csv",0,3,NA
"2025-10-02 15:39:06","write","10_limpieza_arope.R","write_clean","D:/delitos_inmigracion_espana_MIN/output/tables/10_arope_total_anos_faltantes.csv",0,1,NA
"2025-10-02 15:39:06","write","10_limpieza_arope.R","write_clean","D:/delitos_inmigracion_espana_MIN/output/tables/10_arope_total_fuera_rango_componentes.csv",0,5,NA
"2025-10-02 15:39:23","read","10_limpieza_arope.R","read_raw","D:/delitos_inmigracion_espana_MIN/data/raw/arope.csv",1632,5,"sep=;;enc=UTF-8"
"2025-10-02 15:39:23","write","10_limpieza_arope.R","write_clean","D:/delitos_inmigracion_espana_MIN/data/processed/arope_componentes.csv",14,3,NA
"2025-10-02 15:39:23","write","10_limpieza_arope.R","write_clean","D:/delitos_inmigracion_espana_MIN/data/processed/arope_total.csv",14,2,NA
"2025-10-02 15:39:23","write","10_limpieza_arope.R","write_clean","D:/delitos_inmigracion_espana_MIN/output/tables/10_arope_comp_resumen.csv",1,3,NA
"2025-10-02 15:39:23","write","10_limpieza_arope.R","write_clean","D:/delitos_inmigracion_espana_MIN/output/tables/10_arope_total_resumen.csv",1,3,NA
"2025-10-02 15:39:23","write","10_limpieza_arope.R","write_clean","D:/delitos_inmigracion_espana_MIN/output/tables/10_arope_comp_duplicados.csv",0,3,NA
"2025-10-02 15:39:23","write","10_limpieza_arope.R","write_clean","D:/delitos_inmigracion_espana_MIN/output/tables/10_arope_total_anos_faltantes.csv",0,1,NA
"2025-10-02 15:39:23","write","10_limpieza_arope.R","write_clean","D:/delitos_inmigracion_espana_MIN/output/tables/10_arope_total_fuera_rango_componentes.csv",0,5,NA
"2025-10-02 15:44:44","read","11_build_paro_16_29.R","read_raw","D:/delitos_inmigracion_espana_MIN/data/raw/epa_activos_16_29_trimestral.csv",168,5,"sep=;;enc=UTF-8"
"2025-10-02 15:44:45","read","11_build_paro_16_29.R","read_raw","D:/delitos_inmigracion_espana_MIN/data/raw/tasas_paro.csv",3666,4,"sep=;;enc=UTF-8"
"2025-10-02 15:46:56","read",NA,"read_raw","D:/delitos_inmigracion_espana_MIN/data/raw/epa_activos_16_29_trimestral.csv",168,5,"sep=;;enc=UTF-8"
"2025-10-02 15:46:56","read",NA,"read_raw","D:/delitos_inmigracion_espana_MIN/data/raw/tasas_paro.csv",3666,4,"sep=;;enc=UTF-8"
"2025-10-02 15:54:50","write","17_pib_pc_real_eurostat.R","write_clean","D:/delitos_inmigracion_espana_MIN/output/tables/17_pib_qa_filtros.csv",1031,4,NA
"2025-10-02 15:54:51","write","17_pib_pc_real_eurostat.R","write_clean","D:/delitos_inmigracion_espana_MIN/output/tables/17_pib_qa_unidades_dispon.csv",5,1,NA
"2025-10-02 15:54:51","write","17_pib_pc_real_eurostat.R","write_clean","D:/delitos_inmigracion_espana_MIN/output/tables/17_pib_qa_cobertura.csv",1,6,NA
"2025-10-02 15:54:51","write","17_pib_pc_real_eurostat.R","write_clean","D:/delitos_inmigracion_espana_MIN/data/processed/pib_pc_real_es.csv",14,2,NA
"2025-10-02 15:55:01","write","17_pib_pc_real_eurostat.R","write_clean","D:/delitos_inmigracion_espana_MIN/output/tables/17_pib_qa_filtros.csv",1031,4,NA
"2025-10-02 15:55:01","write","17_pib_pc_real_eurostat.R","write_clean","D:/delitos_inmigracion_espana_MIN/output/tables/17_pib_qa_unidades_dispon.csv",5,1,NA
"2025-10-02 15:55:01","write","17_pib_pc_real_eurostat.R","write_clean","D:/delitos_inmigracion_espana_MIN/output/tables/17_pib_qa_cobertura.csv",1,6,NA
"2025-10-02 15:55:01","write","17_pib_pc_real_eurostat.R","write_clean","D:/delitos_inmigracion_espana_MIN/data/processed/pib_pc_real_es.csv",14,2,NA
"2025-10-02 15:58:13","write","17_pib_pc_real_eurostat.R","write_clean","D:/delitos_inmigracion_espana_MIN/output/tables/17_pib_qa_filtros.csv",1031,4,NA
"2025-10-02 15:58:13","write","17_pib_pc_real_eurostat.R","write_clean","D:/delitos_inmigracion_espana_MIN/output/tables/17_pib_qa_unidades_dispon.csv",5,1,NA
"2025-10-02 15:58:13","write","17_pib_pc_real_eurostat.R","write_clean","D:/delitos_inmigracion_espana_MIN/output/tables/17_pib_qa_cobertura.csv",1,6,NA
"2025-10-02 15:58:13","write","17_pib_pc_real_eurostat.R","write_clean","D:/delitos_inmigracion_espana_MIN/data/processed/pib_pc_real_es.csv",14,2,NA
"2025-10-02 16:13:43","write","17_pib_pc_real_eurostat.R","write_clean","D:/delitos_inmigracion_espana_MIN/output/tables/17_pib_qa_filtros.csv",1031,4,NA
"2025-10-02 16:13:43","write","17_pib_pc_real_eurostat.R","write_clean","D:/delitos_inmigracion_espana_MIN/output/tables/17_pib_qa_unidades_dispon.csv",5,1,NA
"2025-10-02 16:13:43","write","17_pib_pc_real_eurostat.R","write_clean","D:/delitos_inmigracion_espana_MIN/output/tables/17_pib_qa_cobertura.csv",1,6,NA
"2025-10-02 16:13:43","write","17_pib_pc_real_eurostat.R","write_clean","D:/delitos_inmigracion_espana_MIN/data/processed/pib_pc_real_es.csv",14,2,NA
"2025-10-02 18:12:43","read","13_build_hechos_conocidos.R","read_raw","D:/delitos_inmigracion_espana_MIN/data/raw/hechos_conocidos.csv",13552,4,"sep=;;enc=UTF-8"
"2025-10-02 18:12:44","write","13_build_hechos_conocidos.R","write_clean","D:/delitos_inmigracion_espana_MIN/output/tables/13_qc_total_vs_suma_categorias.csv",14,4,NA
"2025-10-02 18:12:44","write","13_build_hechos_conocidos.R","write_clean","D:/delitos_inmigracion_espana_MIN/output/tables/13_qc_unidades_detectadas.csv",3,2,NA
"2025-10-02 18:12:44","write","13_build_hechos_conocidos.R","write_clean","D:/delitos_inmigracion_espana_MIN/output/tables/13_qc_cobertura_anual.csv",14,3,NA
"2025-10-02 18:12:44","write","13_build_hechos_conocidos.R","write_clean","D:/delitos_inmigracion_espana_MIN/output/tables/13_qc_duplicados_clave.csv",0,4,NA
"2025-10-02 18:12:45","write","13_build_hechos_conocidos.R","write_clean","D:/delitos_inmigracion_espana_MIN/output/tables/13_qc_no_negatividad.csv",0,4,NA
"2025-10-02 18:12:45","write","13_build_hechos_conocidos.R","write_clean","D:/delitos_inmigracion_espana_MIN/output/tables/13_qc_nacional_vs_suma_ccaa.csv",616,7,NA
"2025-10-02 18:12:45","write","13_build_hechos_conocidos.R","write_clean","D:/delitos_inmigracion_espana_MIN/output/tables/13_qc_summary_checks.csv",6,4,NA
"2025-10-02 18:12:45","write","13_build_hechos_conocidos.R","write_clean","D:/delitos_inmigracion_espana_MIN/data/processed/hechos_conocidos_panel_ccaa.csv",11704,4,NA
"2025-10-02 18:12:45","write","13_build_hechos_conocidos.R","write_clean","D:/delitos_inmigracion_espana_MIN/data/processed/hechos_conocidos_total_nacional_por_tipo.csv",602,3,NA
"2025-10-02 18:12:45","write","13_build_hechos_conocidos.R","write_clean","D:/delitos_inmigracion_espana_MIN/data/processed/hechos_conocidos_total_nacional.csv",14,2,NA
"2025-10-02 18:12:45","write","13_build_hechos_conocidos.R","write_clean","D:/delitos_inmigracion_espana_MIN/output/tables/13_violentos5_series_anual_largo.csv",70,3,NA
"2025-10-02 18:12:45","write","13_build_hechos_conocidos.R","write_clean","D:/delitos_inmigracion_espana_MIN/output/tables/13_violentos5_series_anual_ancho.csv",14,6,NA
"2025-10-03 10:51:53","write","19_transformaciones.R","write_clean","D:/delitos_inmigracion_espana_MIN/data/processed/core_indicadores.csv",14,11,NA
"2025-10-03 10:51:53","write","19_transformaciones.R","write_clean","D:/delitos_inmigracion_espana_MIN/output/tables/19_qa_cobertura.csv",9,6,NA
"2025-10-03 10:51:53","write","19_transformaciones.R","write_clean","D:/delitos_inmigracion_espana_MIN/output/tables/19_qa_na_y_rangos.csv",34,4,NA
"2025-10-03 10:51:53","write","19_transformaciones.R","write_clean","D:/delitos_inmigracion_espana_MIN/data/processed/core_indicadores_derivadas.csv",14,34,NA
"2025-10-03 10:59:19","write","19_transformaciones.R","write_clean","D:/delitos_inmigracion_espana_MIN/data/processed/core_indicadores.csv",14,11,NA
"2025-10-03 10:59:19","write","19_transformaciones.R","write_clean","D:/delitos_inmigracion_espana_MIN/output/tables/19_qa_cobertura.csv",9,6,NA
"2025-10-03 10:59:19","write","19_transformaciones.R","write_clean","D:/delitos_inmigracion_espana_MIN/output/tables/19_qa_na_y_rangos.csv",34,4,NA
"2025-10-03 10:59:19","write","19_transformaciones.R","write_clean","D:/delitos_inmigracion_espana_MIN/data/processed/core_indicadores_derivadas.csv",14,34,NA
"2025-10-03 12:56:07","write","19_transformaciones.R","write_clean","D:/delitos_inmigracion_espana_MIN/data/processed/core_indicadores.csv",14,13,NA
"2025-10-03 12:56:07","write","19_transformaciones.R","write_clean","D:/delitos_inmigracion_espana_MIN/output/tables/19_qa_cobertura.csv",11,6,NA
"2025-10-03 12:56:07","write","19_transformaciones.R","write_clean","D:/delitos_inmigracion_espana_MIN/output/tables/19_qa_na_y_rangos.csv",36,4,NA
"2025-10-03 12:56:07","write","19_transformaciones.R","write_clean","D:/delitos_inmigracion_espana_MIN/data/processed/core_indicadores_derivadas.csv",14,36,NA
"2025-10-03 12:56:17","write","19_transformaciones.R","write_clean","D:/delitos_inmigracion_espana_MIN/data/processed/core_indicadores.csv",14,13,NA
"2025-10-03 12:56:17","write","19_transformaciones.R","write_clean","D:/delitos_inmigracion_espana_MIN/output/tables/19_qa_cobertura.csv",11,6,NA
"2025-10-03 12:56:17","write","19_transformaciones.R","write_clean","D:/delitos_inmigracion_espana_MIN/output/tables/19_qa_na_y_rangos.csv",36,4,NA
"2025-10-03 12:56:17","write","19_transformaciones.R","write_clean","D:/delitos_inmigracion_espana_MIN/data/processed/core_indicadores_derivadas.csv",14,36,NA
"2025-10-03 12:57:58","write","19_transformaciones.R","write_clean","D:/delitos_inmigracion_espana_MIN/data/processed/core_indicadores.csv",14,13,NA
"2025-10-03 12:57:58","write","19_transformaciones.R","write_clean","D:/delitos_inmigracion_espana_MIN/output/tables/19_qa_cobertura.csv",11,6,NA
"2025-10-03 12:57:59","write","19_transformaciones.R","write_clean","D:/delitos_inmigracion_espana_MIN/output/tables/19_qa_na_y_rangos.csv",36,4,NA
"2025-10-03 12:57:59","write","19_transformaciones.R","write_clean","D:/delitos_inmigracion_espana_MIN/data/processed/core_indicadores_derivadas.csv",14,36,NA
"2025-10-06 09:47:31","write",NA,"write_clean","D:/delitos_inmigracion_espana_MIN/data/processed/core_indicadores.csv",14,13,NA
"2025-10-06 09:47:31","write",NA,"write_clean","D:/delitos_inmigracion_espana_MIN/output/tables/19_qa_cobertura.csv",11,6,NA
"2025-10-06 09:47:31","write",NA,"write_clean","D:/delitos_inmigracion_espana_MIN/output/tables/19_qa_na_y_rangos.csv",36,4,NA
"2025-10-06 09:47:31","write",NA,"write_clean","D:/delitos_inmigracion_espana_MIN/data/processed/core_indicadores_derivadas.csv",14,36,NA
"2025-10-06 09:57:14","write",NA,"write_clean","D:/delitos_inmigracion_espana_MIN/data/processed/core_indicadores.csv",14,13,NA
"2025-10-06 09:57:14","write",NA,"write_clean","D:/delitos_inmigracion_espana_MIN/output/tables/19_qa_cobertura.csv",11,6,NA
"2025-10-06 09:57:14","write",NA,"write_clean","D:/delitos_inmigracion_espana_MIN/output/tables/19_qa_na_y_rangos.csv",36,4,NA
"2025-10-06 09:57:14","write",NA,"write_clean","D:/delitos_inmigracion_espana_MIN/data/processed/core_indicadores_derivadas.csv",14,36,NA
"2025-10-06 10:19:25","write","19_transformaciones.R","write_clean","D:/delitos_inmigracion_espana_MIN/data/processed/core_indicadores.csv",14,13,NA
"2025-10-06 10:19:25","write","19_transformaciones.R","write_clean","D:/delitos_inmigracion_espana_MIN/output/tables/19_qa_cobertura.csv",11,6,NA
"2025-10-06 10:19:25","write","19_transformaciones.R","write_clean","D:/delitos_inmigracion_espana_MIN/output/tables/19_qa_na_y_rangos.csv",38,4,NA
"2025-10-06 10:19:25","write","19_transformaciones.R","write_clean","D:/delitos_inmigracion_espana_MIN/data/processed/core_indicadores_derivadas.csv",14,38,NA
"2025-10-06 10:22:26","write","19_transformaciones.R","write_clean","D:/delitos_inmigracion_espana_MIN/data/processed/core_indicadores.csv",14,13,NA
"2025-10-06 10:22:26","write","19_transformaciones.R","write_clean","D:/delitos_inmigracion_espana_MIN/output/tables/19_qa_cobertura.csv",11,6,NA
"2025-10-06 10:22:26","write","19_transformaciones.R","write_clean","D:/delitos_inmigracion_espana_MIN/output/tables/19_qa_na_y_rangos.csv",38,4,NA
"2025-10-06 10:22:26","write","19_transformaciones.R","write_clean","D:/delitos_inmigracion_espana_MIN/data/processed/core_indicadores_derivadas.csv",14,38,NA
"2025-10-06 10:22:32","write","19_transformaciones.R","write_clean","D:/delitos_inmigracion_espana_MIN/data/processed/core_indicadores.csv",14,13,NA
"2025-10-06 10:22:32","write","19_transformaciones.R","write_clean","D:/delitos_inmigracion_espana_MIN/output/tables/19_qa_cobertura.csv",11,6,NA
"2025-10-06 10:22:32","write","19_transformaciones.R","write_clean","D:/delitos_inmigracion_espana_MIN/output/tables/19_qa_na_y_rangos.csv",38,4,NA
"2025-10-06 10:22:32","write","19_transformaciones.R","write_clean","D:/delitos_inmigracion_espana_MIN/data/processed/core_indicadores_derivadas.csv",14,38,NA
"2025-10-06 10:41:16","write","19_transformaciones.R","write_clean","D:/delitos_inmigracion_espana_MIN/data/processed/core_indicadores.csv",14,13,NA
"2025-10-06 10:41:16","write","19_transformaciones.R","write_clean","D:/delitos_inmigracion_espana_MIN/output/tables/19_qa_cobertura.csv",11,6,NA
"2025-10-06 10:41:16","write","19_transformaciones.R","write_clean","D:/delitos_inmigracion_espana_MIN/output/tables/19_qa_na_y_rangos.csv",38,4,NA
"2025-10-06 10:41:16","write","19_transformaciones.R","write_clean","D:/delitos_inmigracion_espana_MIN/data/processed/core_indicadores_derivadas.csv",14,38,NA
"2025-10-06 10:45:55","write","19_transformaciones.R","write_clean","D:/delitos_inmigracion_espana_MIN/data/processed/core_indicadores.csv",14,13,NA
"2025-10-06 10:45:55","write","19_transformaciones.R","write_clean","D:/delitos_inmigracion_espana_MIN/output/tables/19_qa_cobertura.csv",11,6,NA
"2025-10-06 10:45:55","write","19_transformaciones.R","write_clean","D:/delitos_inmigracion_espana_MIN/output/tables/19_qa_na_y_rangos.csv",38,4,NA
"2025-10-06 10:45:55","write","19_transformaciones.R","write_clean","D:/delitos_inmigracion_espana_MIN/data/processed/core_indicadores_derivadas.csv",14,38,NA
"2025-10-26 10:05:22","read",NA,"read_raw","D:/delitos_inmigracion_espana_MIN/data/raw/arope.csv",1632,5,"sep=;;enc=UTF-8"
"2025-10-26 10:05:22","write",NA,"write_clean","D:/delitos_inmigracion_espana_MIN/diagnostics/cols_arope.csv",5,1,NA
"2025-10-26 10:05:30","read",NA,"read_raw","D:/delitos_inmigracion_espana_MIN/data/raw/arope.csv",1632,5,"sep=;;enc=UTF-8"
"2025-10-26 10:05:30","write",NA,"write_clean","D:/delitos_inmigracion_espana_MIN/data/processed/arope_componentes.csv",14,3,NA
"2025-10-26 10:05:30","write",NA,"write_clean","D:/delitos_inmigracion_espana_MIN/data/processed/arope_total.csv",14,2,NA
"2025-10-26 10:05:30","write",NA,"write_clean","D:/delitos_inmigracion_espana_MIN/output/tables/10_arope_comp_resumen.csv",1,3,NA
"2025-10-26 10:05:30","write",NA,"write_clean","D:/delitos_inmigracion_espana_MIN/output/tables/10_arope_total_resumen.csv",1,3,NA
"2025-10-26 10:05:30","write",NA,"write_clean","D:/delitos_inmigracion_espana_MIN/output/tables/10_arope_comp_duplicados.csv",0,3,NA
"2025-10-26 10:05:30","write",NA,"write_clean","D:/delitos_inmigracion_espana_MIN/output/tables/10_arope_total_anos_faltantes.csv",0,1,NA
"2025-10-26 10:05:30","write",NA,"write_clean","D:/delitos_inmigracion_espana_MIN/output/tables/10_arope_total_fuera_rango_componentes.csv",0,5,NA
"2025-10-26 10:05:32","read",NA,"read_raw","D:/delitos_inmigracion_espana_MIN/data/raw/epa_activos_16_29_trimestral.csv",168,5,"sep=;;enc=UTF-8"
"2025-10-26 10:05:32","read",NA,"read_raw","D:/delitos_inmigracion_espana_MIN/data/raw/tasas_paro.csv",3666,4,"sep=;;enc=UTF-8"
"2025-10-26 10:05:39","read",NA,"read_raw","D:/delitos_inmigracion_espana_MIN/data/raw/poblacion_espana.csv",384480,5,"sep=;;enc=UTF-8"
"2025-10-26 10:05:56","write",NA,"write_clean","D:/delitos_inmigracion_espana_MIN/output/tables/cov_poblacion_15_29.csv",168,5,NA
"2025-10-26 10:05:56","write",NA,"write_clean","D:/delitos_inmigracion_espana_MIN/output/tables/cov_poblacion_15_29_criticos.csv",0,4,NA
"2025-10-26 10:05:56","write",NA,"write_clean","D:/delitos_inmigracion_espana_MIN/data/processed/poblacion_total_15_29_bins_anual.csv",42,5,NA
"2025-10-26 10:05:57","write",NA,"write_clean","D:/delitos_inmigracion_espana_MIN/output/tables/12b_qc_cobertura_trimestral.csv",28,4,NA
"2025-10-26 10:05:57","write",NA,"write_clean","D:/delitos_inmigracion_espana_MIN/output/tables/12b_qc_sin_valores.csv",0,4,NA
"2025-10-26 10:05:57","write",NA,"write_clean","D:/delitos_inmigracion_espana_MIN/output/tables/12b_qc_desviacion_cierre.csv",14,10,NA
"2025-10-26 10:05:57","write",NA,"write_clean","D:/delitos_inmigracion_espana_MIN/output/tables/12b_meta_origen.csv",1,6,NA
"2025-10-26 10:05:57","write",NA,"write_clean","D:/delitos_inmigracion_espana_MIN/data/processed/poblacion_total_nacional.csv",14,2,NA
"2025-10-26 10:05:57","write",NA,"write_clean","D:/delitos_inmigracion_espana_MIN/data/processed/poblacion_espanola_total.csv",14,2,NA
"2025-10-26 10:05:57","write",NA,"write_clean","D:/delitos_inmigracion_espana_MIN/data/processed/poblacion_extranjera_total.csv",14,2,NA
"2025-10-26 10:05:58","write",NA,"write_clean","D:/delitos_inmigracion_espana_MIN/data/processed/pct_extranjeros_poblacion.csv",14,2,NA
"2025-10-26 10:06:00","read",NA,"read_raw","D:/delitos_inmigracion_espana_MIN/data/raw/hechos_conocidos.csv",13552,4,"sep=;;enc=UTF-8"
"2025-10-26 10:06:00","write",NA,"write_clean","D:/delitos_inmigracion_espana_MIN/output/tables/13_qc_total_vs_suma_categorias.csv",14,4,NA
"2025-10-26 10:06:00","write",NA,"write_clean","D:/delitos_inmigracion_espana_MIN/output/tables/13_qc_unidades_detectadas.csv",3,2,NA
"2025-10-26 10:06:00","write",NA,"write_clean","D:/delitos_inmigracion_espana_MIN/output/tables/13_qc_cobertura_anual.csv",14,3,NA
"2025-10-26 10:06:01","write",NA,"write_clean","D:/delitos_inmigracion_espana_MIN/output/tables/13_qc_duplicados_clave.csv",0,4,NA
"2025-10-26 10:06:01","write",NA,"write_clean","D:/delitos_inmigracion_espana_MIN/output/tables/13_qc_no_negatividad.csv",0,4,NA
"2025-10-26 10:06:01","write",NA,"write_clean","D:/delitos_inmigracion_espana_MIN/output/tables/13_qc_nacional_vs_suma_ccaa.csv",616,7,NA
"2025-10-26 10:06:01","write",NA,"write_clean","D:/delitos_inmigracion_espana_MIN/output/tables/13_qc_summary_checks.csv",6,4,NA
"2025-10-26 10:06:01","write",NA,"write_clean","D:/delitos_inmigracion_espana_MIN/data/processed/hechos_conocidos_panel_ccaa.csv",11704,4,NA
"2025-10-26 10:06:01","write",NA,"write_clean","D:/delitos_inmigracion_espana_MIN/data/processed/hechos_conocidos_total_nacional_por_tipo.csv",602,3,NA
"2025-10-26 10:06:01","write",NA,"write_clean","D:/delitos_inmigracion_espana_MIN/data/processed/hechos_conocidos_total_nacional.csv",14,2,NA
"2025-10-26 10:06:01","write",NA,"write_clean","D:/delitos_inmigracion_espana_MIN/output/tables/13_violentos5_series_anual_largo.csv",70,3,NA
"2025-10-26 10:06:01","write",NA,"write_clean","D:/delitos_inmigracion_espana_MIN/output/tables/13_violentos5_series_anual_ancho.csv",14,6,NA
"2025-10-26 10:06:04","read",NA,"read_raw","D:/delitos_inmigracion_espana_MIN/data/raw/hechos_esclarecidos.csv",13552,4,"sep=;;enc=UTF-8"
"2025-10-26 10:06:05","write",NA,"write_clean","D:/delitos_inmigracion_espana_MIN/output/tables/14_he_regiones_especiales_counts.csv",3,2,NA
"2025-10-26 10:06:05","write",NA,"write_clean","D:/delitos_inmigracion_espana_MIN/output/tables/14_he_nacional_vs_sum_ccaa.csv",616,7,NA
"2025-10-26 10:06:05","write",NA,"write_clean","D:/delitos_inmigracion_espana_MIN/output/tables/14_he_total_vs_suma_categorias.csv",14,4,NA
"2025-10-26 10:06:05","write",NA,"write_clean","D:/delitos_inmigracion_espana_MIN/output/tables/14_he_unit_detection.csv",1,4,NA
"2025-10-26 10:06:05","write",NA,"write_clean","D:/delitos_inmigracion_espana_MIN/data/processed/hechos_esclarecidos_panel_ccaa.csv",11704,4,NA
"2025-10-26 10:06:06","write",NA,"write_clean","D:/delitos_inmigracion_espana_MIN/data/processed/hechos_esclarecidos_total_nacional_por_tipo.csv",616,3,NA
"2025-10-26 10:06:06","write",NA,"write_clean","D:/delitos_inmigracion_espana_MIN/data/processed/hechos_esclarecidos_total_nacional.csv",14,2,NA
"2025-10-26 10:06:06","write",NA,"write_clean","D:/delitos_inmigracion_espana_MIN/output/tables/14_he_cov_years.csv",14,2,NA
"2025-10-26 10:06:06","write",NA,"write_clean","D:/delitos_inmigracion_espana_MIN/output/tables/14_he_dups_keys.csv",0,4,NA
"2025-10-26 10:06:06","write",NA,"write_clean","D:/delitos_inmigracion_espana_MIN/output/tables/14_he_vs_hc_fullcheck.csv",616,6,NA
"2025-10-26 10:06:06","write",NA,"write_clean","D:/delitos_inmigracion_espana_MIN/output/tables/14_he_vs_hc_violaciones.csv",0,6,NA
"2025-10-26 10:06:06","write",NA,"write_clean","D:/delitos_inmigracion_espana_MIN/output/tables/14_he_qa_summary.csv",5,4,NA
"2025-10-26 10:06:10","read",NA,"read_raw","D:/delitos_inmigracion_espana_MIN/data/raw/detenciones_tipologia.csv",12320,4,"sep=;;enc=UTF-8"
"2025-10-26 10:06:10","write",NA,"write_clean","D:/delitos_inmigracion_espana_MIN/output/tables/qa_det_tot_exclusion_regiones.csv",20,4,NA
"2025-10-26 10:06:10","write",NA,"write_clean","D:/delitos_inmigracion_espana_MIN/output/tables/qa_det_tot_cobertura.csv",1,6,NA
"2025-10-26 10:06:11","write",NA,"write_clean","D:/delitos_inmigracion_espana_MIN/output/tables/qa_det_tot_cobertura_por_tipo.csv",44,4,NA
"2025-10-26 10:06:11","write",NA,"write_clean","D:/delitos_inmigracion_espana_MIN/output/tables/qa_det_tot_plaus_yoy.csv",1,5,NA
"2025-10-26 10:06:11","write",NA,"write_clean","D:/delitos_inmigracion_espana_MIN/data/processed/detenciones_totales_total_nacional.csv",616,3,NA
"2025-10-26 10:06:11","write",NA,"write_clean","D:/delitos_inmigracion_espana_MIN/data/processed/detenciones_totales_total.csv",14,2,NA
"2025-10-26 10:06:13","read",NA,"read_raw","D:/delitos_inmigracion_espana_MIN/data/raw/detenciones_extranjeros_tipologia.csv",36960,5,"sep=;;enc=UTF-8"
"2025-10-26 10:06:14","write",NA,"write_clean","D:/delitos_inmigracion_espana_MIN/output/tables/16_det_ext_cobertura.csv",1,6,NA
"2025-10-26 10:06:14","write",NA,"write_clean","D:/delitos_inmigracion_espana_MIN/output/tables/16_det_ext_cobertura_por_tipo.csv",44,4,NA
"2025-10-26 10:06:14","write",NA,"write_clean","D:/delitos_inmigracion_espana_MIN/output/tables/16_det_ext_sexo_total_vs_suma.csv",616,6,NA
"2025-10-26 10:06:14","write",NA,"write_clean","D:/delitos_inmigracion_espana_MIN/output/tables/16_det_ext_diag_sexo_vs_total.csv",14,4,NA
"2025-10-26 10:06:15","write",NA,"write_clean","D:/delitos_inmigracion_espana_MIN/data/processed/detenciones_extranjeros_total_nacional_por_sexo.csv",1848,5,NA
"2025-10-26 10:06:15","write",NA,"write_clean","D:/delitos_inmigracion_espana_MIN/data/processed/detenciones_extranjeros_total_nacional.csv",616,3,NA
"2025-10-26 10:06:15","write",NA,"write_clean","D:/delitos_inmigracion_espana_MIN/output/tables/16_det_ext_vs_suma.csv",14,5,NA
"2025-10-26 10:06:15","write",NA,"write_clean","D:/delitos_inmigracion_espana_MIN/data/processed/detenciones_extranjeros_total.csv",14,2,NA
"2025-10-26 10:06:15","write",NA,"write_clean","D:/delitos_inmigracion_espana_MIN/data/processed/detenciones_extranjeros_detenidos_por_sexo_est.csv",28,5,NA
"2025-10-26 10:06:15","write",NA,"write_clean","D:/delitos_inmigracion_espana_MIN/data/processed/detenciones_share_extranjeros.csv",14,2,NA
"2025-10-26 10:06:15","write",NA,"write_clean","D:/delitos_inmigracion_espana_MIN/output/tables/16_det_ext_share_qc.csv",14,3,NA
"2025-10-26 10:06:15","write",NA,"write_clean","D:/delitos_inmigracion_espana_MIN/output/tables/16_det_ext_consistencia.csv",14,5,NA
"2025-10-26 10:06:15","write",NA,"write_clean","D:/delitos_inmigracion_espana_MIN/output/tables/16_det_ext_plaus_yoy.csv",1,5,NA
