Comunidades autónomas;Tipología penal;periodo;Total
TOTAL NACIONAL;1. CONTRA LAS PERSONAS;2023;132.332
TOTAL NACIONAL;1. CONTRA LAS PERSONAS;2022;122.885
TOTAL NACIONAL;1. CONTRA LAS PERSONAS;2021;108.154
TOTAL NACIONAL;1. CONTRA LAS PERSONAS;2020;96.238
TOTAL NACIONAL;1. CONTRA LAS PERSONAS;2019;95.194
TOTAL NACIONAL;1. CONTRA LAS PERSONAS;2018;89.831
TOTAL NACIONAL;1. CONTRA LAS PERSONAS;2017;86.481
TOTAL NACIONAL;1. CONTRA LAS PERSONAS;2016;81.360
TOTAL NACIONAL;1. CONTRA LAS PERSONAS;2015;86.933
TOTAL NACIONAL;1. CONTRA LAS PERSONAS;2014;97.159
TOTAL NACIONAL;1. CONTRA LAS PERSONAS;2013;93.213
TOTAL NACIONAL;1. CONTRA LAS PERSONAS;2012;97.294
TOTAL NACIONAL;1. CONTRA LAS PERSONAS;2011;101.176
TOTAL NACIONAL;1. CONTRA LAS PERSONAS;2010;66.224
TOTAL NACIONAL;1.1.-Homicidios dolosos/asesinatos;2023;1.631
TOTAL NACIONAL;1.1.-Homicidios dolosos/asesinatos;2022;1.500
TOTAL NACIONAL;1.1.-Homicidios dolosos/asesinatos;2021;1.312
TOTAL NACIONAL;1.1.-Homicidios dolosos/asesinatos;2020;1.225
TOTAL NACIONAL;1.1.-Homicidios dolosos/asesinatos;2019;1.256
TOTAL NACIONAL;1.1.-Homicidios dolosos/asesinatos;2018;1.204
TOTAL NACIONAL;1.1.-Homicidios dolosos/asesinatos;2017;1.208
TOTAL NACIONAL;1.1.-Homicidios dolosos/asesinatos;2016;1.233
TOTAL NACIONAL;1.1.-Homicidios dolosos/asesinatos;2015;1.076
TOTAL NACIONAL;1.1.-Homicidios dolosos/asesinatos;2014;1.106
TOTAL NACIONAL;1.1.-Homicidios dolosos/asesinatos;2013;1.086
TOTAL NACIONAL;1.1.-Homicidios dolosos/asesinatos;2012;1.325
TOTAL NACIONAL;1.1.-Homicidios dolosos/asesinatos;2011;1.390
TOTAL NACIONAL;1.1.-Homicidios dolosos/asesinatos;2010;1.338
TOTAL NACIONAL;1.1.1.-Homicidios dolosos/asesinatos consumados;2023;399
TOTAL NACIONAL;1.1.1.-Homicidios dolosos/asesinatos consumados;2022;375
TOTAL NACIONAL;1.1.1.-Homicidios dolosos/asesinatos consumados;2021;360
TOTAL NACIONAL;1.1.1.-Homicidios dolosos/asesinatos consumados;2020;377
TOTAL NACIONAL;1.1.1.-Homicidios dolosos/asesinatos consumados;2019;363
TOTAL NACIONAL;1.1.1.-Homicidios dolosos/asesinatos consumados;2018;340
TOTAL NACIONAL;1.1.1.-Homicidios dolosos/asesinatos consumados;2017;332
TOTAL NACIONAL;1.1.1.-Homicidios dolosos/asesinatos consumados;2016;333
TOTAL NACIONAL;1.1.1.-Homicidios dolosos/asesinatos consumados;2015;351
TOTAL NACIONAL;1.1.1.-Homicidios dolosos/asesinatos consumados;2014;305
TOTAL NACIONAL;1.1.1.-Homicidios dolosos/asesinatos consumados;2013;311
TOTAL NACIONAL;1.1.1.-Homicidios dolosos/asesinatos consumados;2012;408
TOTAL NACIONAL;1.1.1.-Homicidios dolosos/asesinatos consumados;2011;451
TOTAL NACIONAL;1.1.1.-Homicidios dolosos/asesinatos consumados;2010;397
TOTAL NACIONAL;1.2.-Lesiones;2023;45.598
TOTAL NACIONAL;1.2.-Lesiones;2022;44.431
TOTAL NACIONAL;1.2.-Lesiones;2021;38.573
TOTAL NACIONAL;1.2.-Lesiones;2020;32.334
TOTAL NACIONAL;1.2.-Lesiones;2019;33.570
TOTAL NACIONAL;1.2.-Lesiones;2018;31.812
TOTAL NACIONAL;1.2.-Lesiones;2017;30.690
TOTAL NACIONAL;1.2.-Lesiones;2016;28.184
TOTAL NACIONAL;1.2.-Lesiones;2015;27.203
TOTAL NACIONAL;1.2.-Lesiones;2014;28.867
TOTAL NACIONAL;1.2.-Lesiones;2013;28.574
TOTAL NACIONAL;1.2.-Lesiones;2012;29.942
TOTAL NACIONAL;1.2.-Lesiones;2011;31.319
TOTAL NACIONAL;1.2.-Lesiones;2010;16.137
TOTAL NACIONAL;1.3.-Malos tratos ámbito familiar;2023;81.461
TOTAL NACIONAL;1.3.-Malos tratos ámbito familiar;2022;73.876
TOTAL NACIONAL;1.3.-Malos tratos ámbito familiar;2021;65.618
TOTAL NACIONAL;1.3.-Malos tratos ámbito familiar;2020;60.547
TOTAL NACIONAL;1.3.-Malos tratos ámbito familiar;2019;58.600
TOTAL NACIONAL;1.3.-Malos tratos ámbito familiar;2018;55.153
TOTAL NACIONAL;1.3.-Malos tratos ámbito familiar;2017;53.238
TOTAL NACIONAL;1.3.-Malos tratos ámbito familiar;2016;50.743
TOTAL NACIONAL;1.3.-Malos tratos ámbito familiar;2015;49.898
TOTAL NACIONAL;1.3.-Malos tratos ámbito familiar;2014;50.644
TOTAL NACIONAL;1.3.-Malos tratos ámbito familiar;2013;49.079
TOTAL NACIONAL;1.3.-Malos tratos ámbito familiar;2012;49.830
TOTAL NACIONAL;1.3.-Malos tratos ámbito familiar;2011;51.888
TOTAL NACIONAL;1.3.-Malos tratos ámbito familiar;2010;46.479
TOTAL NACIONAL;1.4.-Otros contra las personas;2023;3.642
TOTAL NACIONAL;1.4.-Otros contra las personas;2022;3.078
TOTAL NACIONAL;1.4.-Otros contra las personas;2021;2.651
TOTAL NACIONAL;1.4.-Otros contra las personas;2020;2.132
TOTAL NACIONAL;1.4.-Otros contra las personas;2019;1.768
TOTAL NACIONAL;1.4.-Otros contra las personas;2018;1.662
TOTAL NACIONAL;1.4.-Otros contra las personas;2017;1.345
TOTAL NACIONAL;1.4.-Otros contra las personas;2016;1.200
TOTAL NACIONAL;1.4.-Otros contra las personas;2015;8.756
TOTAL NACIONAL;1.4.-Otros contra las personas;2014;16.542
TOTAL NACIONAL;1.4.-Otros contra las personas;2013;14.474
TOTAL NACIONAL;1.4.-Otros contra las personas;2012;16.197
TOTAL NACIONAL;1.4.-Otros contra las personas;2011;16.579
TOTAL NACIONAL;1.4.-Otros contra las personas;2010;2.270
TOTAL NACIONAL;2. CONTRA LA LIBERTAD;2023;58.423
TOTAL NACIONAL;2. CONTRA LA LIBERTAD;2022;52.677
TOTAL NACIONAL;2. CONTRA LA LIBERTAD;2021;49.856
TOTAL NACIONAL;2. CONTRA LA LIBERTAD;2020;45.672
TOTAL NACIONAL;2. CONTRA LA LIBERTAD;2019;40.383
TOTAL NACIONAL;2. CONTRA LA LIBERTAD;2018;38.927
TOTAL NACIONAL;2. CONTRA LA LIBERTAD;2017;37.237
TOTAL NACIONAL;2. CONTRA LA LIBERTAD;2016;34.222
TOTAL NACIONAL;2. CONTRA LA LIBERTAD;2015;29.183
TOTAL NACIONAL;2. CONTRA LA LIBERTAD;2014;25.834
TOTAL NACIONAL;2. CONTRA LA LIBERTAD;2013;27.444
TOTAL NACIONAL;2. CONTRA LA LIBERTAD;2012;27.943
TOTAL NACIONAL;2. CONTRA LA LIBERTAD;2011;28.751
TOTAL NACIONAL;2. CONTRA LA LIBERTAD;2010;24.203
TOTAL NACIONAL;2.1.-Malos tratos habituales en el ámbito familiar;2023;12.085
TOTAL NACIONAL;2.1.-Malos tratos habituales en el ámbito familiar;2022;10.964
TOTAL NACIONAL;2.1.-Malos tratos habituales en el ámbito familiar;2021;10.222
TOTAL NACIONAL;2.1.-Malos tratos habituales en el ámbito familiar;2020;9.514
TOTAL NACIONAL;2.1.-Malos tratos habituales en el ámbito familiar;2019;9.488
TOTAL NACIONAL;2.1.-Malos tratos habituales en el ámbito familiar;2018;9.078
TOTAL NACIONAL;2.1.-Malos tratos habituales en el ámbito familiar;2017;9.141
TOTAL NACIONAL;2.1.-Malos tratos habituales en el ámbito familiar;2016;9.083
TOTAL NACIONAL;2.1.-Malos tratos habituales en el ámbito familiar;2015;9.804
TOTAL NACIONAL;2.1.-Malos tratos habituales en el ámbito familiar;2014;10.454
TOTAL NACIONAL;2.1.-Malos tratos habituales en el ámbito familiar;2013;11.184
TOTAL NACIONAL;2.1.-Malos tratos habituales en el ámbito familiar;2012;11.621
TOTAL NACIONAL;2.1.-Malos tratos habituales en el ámbito familiar;2011;12.164
TOTAL NACIONAL;2.1.-Malos tratos habituales en el ámbito familiar;2010;10.905
TOTAL NACIONAL;2.2.-Otros contra la libertad;2023;46.338
TOTAL NACIONAL;2.2.-Otros contra la libertad;2022;41.713
TOTAL NACIONAL;2.2.-Otros contra la libertad;2021;39.634
TOTAL NACIONAL;2.2.-Otros contra la libertad;2020;36.158
TOTAL NACIONAL;2.2.-Otros contra la libertad;2019;30.895
TOTAL NACIONAL;2.2.-Otros contra la libertad;2018;29.849
TOTAL NACIONAL;2.2.-Otros contra la libertad;2017;28.096
TOTAL NACIONAL;2.2.-Otros contra la libertad;2016;25.139
TOTAL NACIONAL;2.2.-Otros contra la libertad;2015;19.379
TOTAL NACIONAL;2.2.-Otros contra la libertad;2014;15.380
TOTAL NACIONAL;2.2.-Otros contra la libertad;2013;16.260
TOTAL NACIONAL;2.2.-Otros contra la libertad;2012;16.322
TOTAL NACIONAL;2.2.-Otros contra la libertad;2011;16.587
TOTAL NACIONAL;2.2.-Otros contra la libertad;2010;13.298
TOTAL NACIONAL;3. LIBERTAD SEXUAL;2023;13.767
TOTAL NACIONAL;3. LIBERTAD SEXUAL;2022;11.699
TOTAL NACIONAL;3. LIBERTAD SEXUAL;2021;10.477
TOTAL NACIONAL;3. LIBERTAD SEXUAL;2020;7.991
TOTAL NACIONAL;3. LIBERTAD SEXUAL;2019;8.983
TOTAL NACIONAL;3. LIBERTAD SEXUAL;2018;8.288
TOTAL NACIONAL;3. LIBERTAD SEXUAL;2017;6.796
TOTAL NACIONAL;3. LIBERTAD SEXUAL;2016;6.363
TOTAL NACIONAL;3. LIBERTAD SEXUAL;2015;6.044
TOTAL NACIONAL;3. LIBERTAD SEXUAL;2014;6.186
TOTAL NACIONAL;3. LIBERTAD SEXUAL;2013;5.827
TOTAL NACIONAL;3. LIBERTAD SEXUAL;2012;6.250
TOTAL NACIONAL;3. LIBERTAD SEXUAL;2011;6.697
TOTAL NACIONAL;3. LIBERTAD SEXUAL;2010;6.234
TOTAL NACIONAL;3.1.-Agresión sexual;2023;8.232
TOTAL NACIONAL;3.1.-Agresión sexual;2022;7.133
TOTAL NACIONAL;3.1.-Agresión sexual;2021;6.252
TOTAL NACIONAL;3.1.-Agresión sexual;2020;4.553
TOTAL NACIONAL;3.1.-Agresión sexual;2019;5.151
TOTAL NACIONAL;3.1.-Agresión sexual;2018;4.642
TOTAL NACIONAL;3.1.-Agresión sexual;2017;3.708
TOTAL NACIONAL;3.1.-Agresión sexual;2016;3.472
TOTAL NACIONAL;3.1.-Agresión sexual;2015;3.026
TOTAL NACIONAL;3.1.-Agresión sexual;2014;3.060
TOTAL NACIONAL;3.1.-Agresión sexual;2013;2.831
TOTAL NACIONAL;3.1.-Agresión sexual;2012;3.202
TOTAL NACIONAL;3.1.-Agresión sexual;2011;3.342
TOTAL NACIONAL;3.1.-Agresión sexual;2010;2.793
TOTAL NACIONAL;3.2.-Agresión sexual con penetración;2023;3.160
TOTAL NACIONAL;3.2.-Agresión sexual con penetración;2022;2.755
TOTAL NACIONAL;3.2.-Agresión sexual con penetración;2021;2.419
TOTAL NACIONAL;3.2.-Agresión sexual con penetración;2020;1.860
TOTAL NACIONAL;3.2.-Agresión sexual con penetración;2019;1.958
TOTAL NACIONAL;3.2.-Agresión sexual con penetración;2018;1.829
TOTAL NACIONAL;3.2.-Agresión sexual con penetración;2017;1.369
TOTAL NACIONAL;3.2.-Agresión sexual con penetración;2016;1.238
TOTAL NACIONAL;3.2.-Agresión sexual con penetración;2015;1.159
TOTAL NACIONAL;3.2.-Agresión sexual con penetración;2014;1.191
TOTAL NACIONAL;3.2.-Agresión sexual con penetración;2013;1.179
TOTAL NACIONAL;3.2.-Agresión sexual con penetración;2012;1.202
TOTAL NACIONAL;3.2.-Agresión sexual con penetración;2011;1.375
TOTAL NACIONAL;3.2.-Agresión sexual con penetración;2010;1.331
TOTAL NACIONAL;3.3.-Corrupción de menores o incapacitados;2023;191
TOTAL NACIONAL;3.3.-Corrupción de menores o incapacitados;2022;221
TOTAL NACIONAL;3.3.-Corrupción de menores o incapacitados;2021;211
TOTAL NACIONAL;3.3.-Corrupción de menores o incapacitados;2020;163
TOTAL NACIONAL;3.3.-Corrupción de menores o incapacitados;2019;191
TOTAL NACIONAL;3.3.-Corrupción de menores o incapacitados;2018;185
TOTAL NACIONAL;3.3.-Corrupción de menores o incapacitados;2017;275
TOTAL NACIONAL;3.3.-Corrupción de menores o incapacitados;2016;248
TOTAL NACIONAL;3.3.-Corrupción de menores o incapacitados;2015;294
TOTAL NACIONAL;3.3.-Corrupción de menores o incapacitados;2014;264
TOTAL NACIONAL;3.3.-Corrupción de menores o incapacitados;2013;221
TOTAL NACIONAL;3.3.-Corrupción de menores o incapacitados;2012;201
TOTAL NACIONAL;3.3.-Corrupción de menores o incapacitados;2011;213
TOTAL NACIONAL;3.3.-Corrupción de menores o incapacitados;2010;226
TOTAL NACIONAL;3.4.-Pornografía de menores;2023;649
TOTAL NACIONAL;3.4.-Pornografía de menores;2022;467
TOTAL NACIONAL;3.4.-Pornografía de menores;2021;467
TOTAL NACIONAL;3.4.-Pornografía de menores;2020;453
TOTAL NACIONAL;3.4.-Pornografía de menores;2019;615
TOTAL NACIONAL;3.4.-Pornografía de menores;2018;677
TOTAL NACIONAL;3.4.-Pornografía de menores;2017;463
TOTAL NACIONAL;3.4.-Pornografía de menores;2016;441
TOTAL NACIONAL;3.4.-Pornografía de menores;2015;473
TOTAL NACIONAL;3.4.-Pornografía de menores;2014;456
TOTAL NACIONAL;3.4.-Pornografía de menores;2013;391
TOTAL NACIONAL;3.4.-Pornografía de menores;2012;506
TOTAL NACIONAL;3.4.-Pornografía de menores;2011;464
TOTAL NACIONAL;3.4.-Pornografía de menores;2010;504
TOTAL NACIONAL;3.5.-Otros contra la libertad sexual;2023;1.535
TOTAL NACIONAL;3.5.-Otros contra la libertad sexual;2022;1.123
TOTAL NACIONAL;3.5.-Otros contra la libertad sexual;2021;1.128
TOTAL NACIONAL;3.5.-Otros contra la libertad sexual;2020;962
TOTAL NACIONAL;3.5.-Otros contra la libertad sexual;2019;1.068
TOTAL NACIONAL;3.5.-Otros contra la libertad sexual;2018;955
TOTAL NACIONAL;3.5.-Otros contra la libertad sexual;2017;981
TOTAL NACIONAL;3.5.-Otros contra la libertad sexual;2016;964
TOTAL NACIONAL;3.5.-Otros contra la libertad sexual;2015;1.092
TOTAL NACIONAL;3.5.-Otros contra la libertad sexual;2014;1.215
TOTAL NACIONAL;3.5.-Otros contra la libertad sexual;2013;1.205
TOTAL NACIONAL;3.5.-Otros contra la libertad sexual;2012;1.139
TOTAL NACIONAL;3.5.-Otros contra la libertad sexual;2011;1.303
TOTAL NACIONAL;3.5.-Otros contra la libertad sexual;2010;1.380
TOTAL NACIONAL;4. RELACIONES FAMILIARES;2023;2.655
TOTAL NACIONAL;4. RELACIONES FAMILIARES;2022;2.509
TOTAL NACIONAL;4. RELACIONES FAMILIARES;2021;2.472
TOTAL NACIONAL;4. RELACIONES FAMILIARES;2020;2.339
TOTAL NACIONAL;4. RELACIONES FAMILIARES;2019;1.549
TOTAL NACIONAL;4. RELACIONES FAMILIARES;2018;1.687
TOTAL NACIONAL;4. RELACIONES FAMILIARES;2017;1.787
TOTAL NACIONAL;4. RELACIONES FAMILIARES;2016;1.586
TOTAL NACIONAL;4. RELACIONES FAMILIARES;2015;2.170
TOTAL NACIONAL;4. RELACIONES FAMILIARES;2014;2.920
TOTAL NACIONAL;4. RELACIONES FAMILIARES;2013;2.817
TOTAL NACIONAL;4. RELACIONES FAMILIARES;2012;2.926
TOTAL NACIONAL;4. RELACIONES FAMILIARES;2011;2.560
TOTAL NACIONAL;4. RELACIONES FAMILIARES;2010;1.093
TOTAL NACIONAL;5. PATRIMONIO;2023;204.374
TOTAL NACIONAL;5. PATRIMONIO;2022;179.947
TOTAL NACIONAL;5. PATRIMONIO;2021;151.436
TOTAL NACIONAL;5. PATRIMONIO;2020;139.280
TOTAL NACIONAL;5. PATRIMONIO;2019;144.958
TOTAL NACIONAL;5. PATRIMONIO;2018;143.192
TOTAL NACIONAL;5. PATRIMONIO;2017;137.764
TOTAL NACIONAL;5. PATRIMONIO;2016;139.669
TOTAL NACIONAL;5. PATRIMONIO;2015;145.876
TOTAL NACIONAL;5. PATRIMONIO;2014;176.396
TOTAL NACIONAL;5. PATRIMONIO;2013;195.566
TOTAL NACIONAL;5. PATRIMONIO;2012;189.877
TOTAL NACIONAL;5. PATRIMONIO;2011;184.811
TOTAL NACIONAL;5. PATRIMONIO;2010;137.368
TOTAL NACIONAL;5.1.-Hurtos;2023;89.492
TOTAL NACIONAL;5.1.-Hurtos;2022;74.111
TOTAL NACIONAL;5.1.-Hurtos;2021;57.256
TOTAL NACIONAL;5.1.-Hurtos;2020;49.103
TOTAL NACIONAL;5.1.-Hurtos;2019;58.955
TOTAL NACIONAL;5.1.-Hurtos;2018;59.652
TOTAL NACIONAL;5.1.-Hurtos;2017;56.846
TOTAL NACIONAL;5.1.-Hurtos;2016;56.696
TOTAL NACIONAL;5.1.-Hurtos;2015;57.447
TOTAL NACIONAL;5.1.-Hurtos;2014;68.509
TOTAL NACIONAL;5.1.-Hurtos;2013;72.864
TOTAL NACIONAL;5.1.-Hurtos;2012;68.234
TOTAL NACIONAL;5.1.-Hurtos;2011;62.864
TOTAL NACIONAL;5.1.-Hurtos;2010;33.639
TOTAL NACIONAL;5.2.-Robos con fuerza en las cosas;2023;30.866
TOTAL NACIONAL;5.2.-Robos con fuerza en las cosas;2022;28.274
TOTAL NACIONAL;5.2.-Robos con fuerza en las cosas;2021;25.263
TOTAL NACIONAL;5.2.-Robos con fuerza en las cosas;2020;25.748
TOTAL NACIONAL;5.2.-Robos con fuerza en las cosas;2019;29.401
TOTAL NACIONAL;5.2.-Robos con fuerza en las cosas;2018;30.314
TOTAL NACIONAL;5.2.-Robos con fuerza en las cosas;2017;31.454
TOTAL NACIONAL;5.2.-Robos con fuerza en las cosas;2016;33.077
TOTAL NACIONAL;5.2.-Robos con fuerza en las cosas;2015;36.420
TOTAL NACIONAL;5.2.-Robos con fuerza en las cosas;2014;45.249
TOTAL NACIONAL;5.2.-Robos con fuerza en las cosas;2013;56.230
TOTAL NACIONAL;5.2.-Robos con fuerza en las cosas;2012;55.473
TOTAL NACIONAL;5.2.-Robos con fuerza en las cosas;2011;56.959
TOTAL NACIONAL;5.2.-Robos con fuerza en las cosas;2010;50.266
TOTAL NACIONAL;5.2.1.-Robos con fuerza en las cosas en el interior de vehículos;2023;6.974
TOTAL NACIONAL;5.2.1.-Robos con fuerza en las cosas en el interior de vehículos;2022;5.948
TOTAL NACIONAL;5.2.1.-Robos con fuerza en las cosas en el interior de vehículos;2021;4.928
TOTAL NACIONAL;5.2.1.-Robos con fuerza en las cosas en el interior de vehículos;2020;3.971
TOTAL NACIONAL;5.2.1.-Robos con fuerza en las cosas en el interior de vehículos;2019;5.402
TOTAL NACIONAL;5.2.1.-Robos con fuerza en las cosas en el interior de vehículos;2018;5.534
TOTAL NACIONAL;5.2.1.-Robos con fuerza en las cosas en el interior de vehículos;2017;5.549
TOTAL NACIONAL;5.2.1.-Robos con fuerza en las cosas en el interior de vehículos;2016;5.851
TOTAL NACIONAL;5.2.1.-Robos con fuerza en las cosas en el interior de vehículos;2015;5.941
TOTAL NACIONAL;5.2.1.-Robos con fuerza en las cosas en el interior de vehículos;2014;6.884
TOTAL NACIONAL;5.2.1.-Robos con fuerza en las cosas en el interior de vehículos;2013;8.924
TOTAL NACIONAL;5.2.1.-Robos con fuerza en las cosas en el interior de vehículos;2012;10.091
TOTAL NACIONAL;5.2.1.-Robos con fuerza en las cosas en el interior de vehículos;2011;11.379
TOTAL NACIONAL;5.2.1.-Robos con fuerza en las cosas en el interior de vehículos;2010;8.455
TOTAL NACIONAL;5.2.2.-Robos con fuerza en viviendas;2023;8.722
TOTAL NACIONAL;5.2.2.-Robos con fuerza en viviendas;2022;8.249
TOTAL NACIONAL;5.2.2.-Robos con fuerza en viviendas;2021;8.012
TOTAL NACIONAL;5.2.2.-Robos con fuerza en viviendas;2020;8.563
TOTAL NACIONAL;5.2.2.-Robos con fuerza en viviendas;2019;8.049
TOTAL NACIONAL;5.2.2.-Robos con fuerza en viviendas;2018;8.662
TOTAL NACIONAL;5.2.2.-Robos con fuerza en viviendas;2017;9.584
TOTAL NACIONAL;5.2.2.-Robos con fuerza en viviendas;2016;10.259
TOTAL NACIONAL;5.2.2.-Robos con fuerza en viviendas;2015;10.764
TOTAL NACIONAL;5.2.2.-Robos con fuerza en viviendas;2014;13.513
TOTAL NACIONAL;5.2.2.-Robos con fuerza en viviendas;2013;16.437
TOTAL NACIONAL;5.2.2.-Robos con fuerza en viviendas;2012;14.494
TOTAL NACIONAL;5.2.2.-Robos con fuerza en viviendas;2011;11.082
TOTAL NACIONAL;5.2.2.-Robos con fuerza en viviendas;2010;9.730
TOTAL NACIONAL;5.2.3.-Robos con fuerza en establecimientos;2023;7.697
TOTAL NACIONAL;5.2.3.-Robos con fuerza en establecimientos;2022;6.828
TOTAL NACIONAL;5.2.3.-Robos con fuerza en establecimientos;2021;6.116
TOTAL NACIONAL;5.2.3.-Robos con fuerza en establecimientos;2020;6.515
TOTAL NACIONAL;5.2.3.-Robos con fuerza en establecimientos;2019;6.070
TOTAL NACIONAL;5.2.3.-Robos con fuerza en establecimientos;2018;5.798
TOTAL NACIONAL;5.2.3.-Robos con fuerza en establecimientos;2017;6.445
TOTAL NACIONAL;5.2.3.-Robos con fuerza en establecimientos;2016;6.702
TOTAL NACIONAL;5.2.3.-Robos con fuerza en establecimientos;2015;7.002
TOTAL NACIONAL;5.2.3.-Robos con fuerza en establecimientos;2014;8.016
TOTAL NACIONAL;5.2.3.-Robos con fuerza en establecimientos;2013;9.601
TOTAL NACIONAL;5.2.3.-Robos con fuerza en establecimientos;2012;9.653
TOTAL NACIONAL;5.2.3.-Robos con fuerza en establecimientos;2011;10.064
TOTAL NACIONAL;5.2.3.-Robos con fuerza en establecimientos;2010;9.520
TOTAL NACIONAL;5.3.-Robos con violencia o intimidación;2023;20.790
TOTAL NACIONAL;5.3.-Robos con violencia o intimidación;2022;18.478
TOTAL NACIONAL;5.3.-Robos con violencia o intimidación;2021;15.567
TOTAL NACIONAL;5.3.-Robos con violencia o intimidación;2020;14.160
TOTAL NACIONAL;5.3.-Robos con violencia o intimidación;2019;18.253
TOTAL NACIONAL;5.3.-Robos con violencia o intimidación;2018;15.491
TOTAL NACIONAL;5.3.-Robos con violencia o intimidación;2017;15.143
TOTAL NACIONAL;5.3.-Robos con violencia o intimidación;2016;15.417
TOTAL NACIONAL;5.3.-Robos con violencia o intimidación;2015;15.444
TOTAL NACIONAL;5.3.-Robos con violencia o intimidación;2014;18.258
TOTAL NACIONAL;5.3.-Robos con violencia o intimidación;2013;22.152
TOTAL NACIONAL;5.3.-Robos con violencia o intimidación;2012;23.475
TOTAL NACIONAL;5.3.-Robos con violencia o intimidación;2011;23.075
TOTAL NACIONAL;5.3.-Robos con violencia o intimidación;2010;21.621
TOTAL NACIONAL;5.3.1.-Robos con violencia en vía pública;2023;12.246
TOTAL NACIONAL;5.3.1.-Robos con violencia en vía pública;2022;11.104
TOTAL NACIONAL;5.3.1.-Robos con violencia en vía pública;2021;9.095
TOTAL NACIONAL;5.3.1.-Robos con violencia en vía pública;2020;8.029
TOTAL NACIONAL;5.3.1.-Robos con violencia en vía pública;2019;7.725
TOTAL NACIONAL;5.3.1.-Robos con violencia en vía pública;2018;6.395
TOTAL NACIONAL;5.3.1.-Robos con violencia en vía pública;2017;6.563
TOTAL NACIONAL;5.3.1.-Robos con violencia en vía pública;2016;6.901
TOTAL NACIONAL;5.3.1.-Robos con violencia en vía pública;2015;6.944
TOTAL NACIONAL;5.3.1.-Robos con violencia en vía pública;2014;8.538
TOTAL NACIONAL;5.3.1.-Robos con violencia en vía pública;2013;10.175
TOTAL NACIONAL;5.3.1.-Robos con violencia en vía pública;2012;11.235
TOTAL NACIONAL;5.3.1.-Robos con violencia en vía pública;2011;10.452
TOTAL NACIONAL;5.3.1.-Robos con violencia en vía pública;2010;10.397
TOTAL NACIONAL;5.3.2.-Robos con violencia en viviendas;2023;1.413
TOTAL NACIONAL;5.3.2.-Robos con violencia en viviendas;2022;1.204
TOTAL NACIONAL;5.3.2.-Robos con violencia en viviendas;2021;1.332
TOTAL NACIONAL;5.3.2.-Robos con violencia en viviendas;2020;1.295
TOTAL NACIONAL;5.3.2.-Robos con violencia en viviendas;2019;1.153
TOTAL NACIONAL;5.3.2.-Robos con violencia en viviendas;2018;1.178
TOTAL NACIONAL;5.3.2.-Robos con violencia en viviendas;2017;1.161
TOTAL NACIONAL;5.3.2.-Robos con violencia en viviendas;2016;1.207
TOTAL NACIONAL;5.3.2.-Robos con violencia en viviendas;2015;1.203
TOTAL NACIONAL;5.3.2.-Robos con violencia en viviendas;2014;1.490
TOTAL NACIONAL;5.3.2.-Robos con violencia en viviendas;2013;1.769
TOTAL NACIONAL;5.3.2.-Robos con violencia en viviendas;2012;1.686
TOTAL NACIONAL;5.3.2.-Robos con violencia en viviendas;2011;1.457
TOTAL NACIONAL;5.3.2.-Robos con violencia en viviendas;2010;1.280
TOTAL NACIONAL;5.3.3.-Robos con violencia en establecimientos;2023;4.884
TOTAL NACIONAL;5.3.3.-Robos con violencia en establecimientos;2022;4.073
TOTAL NACIONAL;5.3.3.-Robos con violencia en establecimientos;2021;3.292
TOTAL NACIONAL;5.3.3.-Robos con violencia en establecimientos;2020;3.160
TOTAL NACIONAL;5.3.3.-Robos con violencia en establecimientos;2019;3.037
TOTAL NACIONAL;5.3.3.-Robos con violencia en establecimientos;2018;2.890
TOTAL NACIONAL;5.3.3.-Robos con violencia en establecimientos;2017;2.757
TOTAL NACIONAL;5.3.3.-Robos con violencia en establecimientos;2016;2.619
TOTAL NACIONAL;5.3.3.-Robos con violencia en establecimientos;2015;2.522
TOTAL NACIONAL;5.3.3.-Robos con violencia en establecimientos;2014;3.020
TOTAL NACIONAL;5.3.3.-Robos con violencia en establecimientos;2013;3.564
TOTAL NACIONAL;5.3.3.-Robos con violencia en establecimientos;2012;3.453
TOTAL NACIONAL;5.3.3.-Robos con violencia en establecimientos;2011;3.339
TOTAL NACIONAL;5.3.3.-Robos con violencia en establecimientos;2010;3.368
TOTAL NACIONAL;5.4.-Sustracción de vehículos;2023;3.948
TOTAL NACIONAL;5.4.-Sustracción de vehículos;2022;3.612
TOTAL NACIONAL;5.4.-Sustracción de vehículos;2021;3.159
TOTAL NACIONAL;5.4.-Sustracción de vehículos;2020;3.309
TOTAL NACIONAL;5.4.-Sustracción de vehículos;2019;3.399
TOTAL NACIONAL;5.4.-Sustracción de vehículos;2018;3.424
TOTAL NACIONAL;5.4.-Sustracción de vehículos;2017;4.410
TOTAL NACIONAL;5.4.-Sustracción de vehículos;2016;4.825
TOTAL NACIONAL;5.4.-Sustracción de vehículos;2015;4.920
TOTAL NACIONAL;5.4.-Sustracción de vehículos;2014;5.392
TOTAL NACIONAL;5.4.-Sustracción de vehículos;2013;6.203
TOTAL NACIONAL;5.4.-Sustracción de vehículos;2012;6.808
TOTAL NACIONAL;5.4.-Sustracción de vehículos;2011;7.601
TOTAL NACIONAL;5.4.-Sustracción de vehículos;2010;7.169
TOTAL NACIONAL;5.5.-Estafas;2023;22.135
TOTAL NACIONAL;5.5.-Estafas;2022;19.232
TOTAL NACIONAL;5.5.-Estafas;2021;16.301
TOTAL NACIONAL;5.5.-Estafas;2020;14.572
TOTAL NACIONAL;5.5.-Estafas;2019;13.478
TOTAL NACIONAL;5.5.-Estafas;2018;12.521
TOTAL NACIONAL;5.5.-Estafas;2017;11.248
TOTAL NACIONAL;5.5.-Estafas;2016;11.276
TOTAL NACIONAL;5.5.-Estafas;2015;11.035
TOTAL NACIONAL;5.5.-Estafas;2014;13.085
TOTAL NACIONAL;5.5.-Estafas;2013;12.567
TOTAL NACIONAL;5.5.-Estafas;2012;12.548
TOTAL NACIONAL;5.5.-Estafas;2011;12.028
TOTAL NACIONAL;5.5.-Estafas;2010;8.334
TOTAL NACIONAL;5.5.1.-Estafas informáticas;2023;10.462
TOTAL NACIONAL;5.5.1.-Estafas informáticas;2022;8.119
TOTAL NACIONAL;5.5.1.-Estafas informáticas;2021;6.521
TOTAL NACIONAL;5.5.1.-Estafas informáticas;2020;5.343
TOTAL NACIONAL;5.5.1.-Estafas informáticas;2019;3.792
TOTAL NACIONAL;5.5.1.-Estafas informáticas;2018;2.528
TOTAL NACIONAL;5.5.1.-Estafas informáticas;2017;1.997
TOTAL NACIONAL;5.5.1.-Estafas informáticas;2016;2.103
TOTAL NACIONAL;5.5.1.-Estafas informáticas;2015;2.226
TOTAL NACIONAL;5.5.1.-Estafas informáticas;2014;2.200
TOTAL NACIONAL;5.5.1.-Estafas informáticas;2013;1.940
TOTAL NACIONAL;5.5.1.-Estafas informáticas;2012;1.978
TOTAL NACIONAL;5.5.1.-Estafas informáticas;2011;1.823
TOTAL NACIONAL;5.5.1.-Estafas informáticas;2010;1.611
TOTAL NACIONAL;5.6.-Daños;2023;12.606
TOTAL NACIONAL;5.6.-Daños;2022;12.671
TOTAL NACIONAL;5.6.-Daños;2021;12.077
TOTAL NACIONAL;5.6.-Daños;2020;10.554
TOTAL NACIONAL;5.6.-Daños;2019;8.298
TOTAL NACIONAL;5.6.-Daños;2018;8.013
TOTAL NACIONAL;5.6.-Daños;2017;7.640
TOTAL NACIONAL;5.6.-Daños;2016;7.304
TOTAL NACIONAL;5.6.-Daños;2015;7.014
TOTAL NACIONAL;5.6.-Daños;2014;8.100
TOTAL NACIONAL;5.6.-Daños;2013;8.812
TOTAL NACIONAL;5.6.-Daños;2012;9.507
TOTAL NACIONAL;5.6.-Daños;2011;9.955
TOTAL NACIONAL;5.6.-Daños;2010;5.797
TOTAL NACIONAL;5.7.-Contra la propiedad intelectual/industrial;2023;1.327
TOTAL NACIONAL;5.7.-Contra la propiedad intelectual/industrial;2022;1.245
TOTAL NACIONAL;5.7.-Contra la propiedad intelectual/industrial;2021;1.056
TOTAL NACIONAL;5.7.-Contra la propiedad intelectual/industrial;2020;843
TOTAL NACIONAL;5.7.-Contra la propiedad intelectual/industrial;2019;1.795
TOTAL NACIONAL;5.7.-Contra la propiedad intelectual/industrial;2018;2.273
TOTAL NACIONAL;5.7.-Contra la propiedad intelectual/industrial;2017;1.380
TOTAL NACIONAL;5.7.-Contra la propiedad intelectual/industrial;2016;1.700
TOTAL NACIONAL;5.7.-Contra la propiedad intelectual/industrial;2015;1.710
TOTAL NACIONAL;5.7.-Contra la propiedad intelectual/industrial;2014;2.263
TOTAL NACIONAL;5.7.-Contra la propiedad intelectual/industrial;2013;2.595
TOTAL NACIONAL;5.7.-Contra la propiedad intelectual/industrial;2012;2.257
TOTAL NACIONAL;5.7.-Contra la propiedad intelectual/industrial;2011;2.136
TOTAL NACIONAL;5.7.-Contra la propiedad intelectual/industrial;2010;3.733
TOTAL NACIONAL;5.8.-Blanqueo de capitales;2023;642
TOTAL NACIONAL;5.8.-Blanqueo de capitales;2022;690
TOTAL NACIONAL;5.8.-Blanqueo de capitales;2021;651
TOTAL NACIONAL;5.8.-Blanqueo de capitales;2020;502
TOTAL NACIONAL;5.8.-Blanqueo de capitales;2019;602
TOTAL NACIONAL;5.8.-Blanqueo de capitales;2018;701
TOTAL NACIONAL;5.8.-Blanqueo de capitales;2017;608
TOTAL NACIONAL;5.8.-Blanqueo de capitales;2016;531
TOTAL NACIONAL;5.8.-Blanqueo de capitales;2015;636
TOTAL NACIONAL;5.8.-Blanqueo de capitales;2014;803
TOTAL NACIONAL;5.8.-Blanqueo de capitales;2013;597
TOTAL NACIONAL;5.8.-Blanqueo de capitales;2012;567
TOTAL NACIONAL;5.8.-Blanqueo de capitales;2011;422
TOTAL NACIONAL;5.8.-Blanqueo de capitales;2010;296
TOTAL NACIONAL;5.9.-Otros contra el patrimonio;2023;22.568
TOTAL NACIONAL;5.9.-Otros contra el patrimonio;2022;21.634
TOTAL NACIONAL;5.9.-Otros contra el patrimonio;2021;20.106
TOTAL NACIONAL;5.9.-Otros contra el patrimonio;2020;20.489
TOTAL NACIONAL;5.9.-Otros contra el patrimonio;2019;10.777
TOTAL NACIONAL;5.9.-Otros contra el patrimonio;2018;10.803
TOTAL NACIONAL;5.9.-Otros contra el patrimonio;2017;9.035
TOTAL NACIONAL;5.9.-Otros contra el patrimonio;2016;8.843
TOTAL NACIONAL;5.9.-Otros contra el patrimonio;2015;11.250
TOTAL NACIONAL;5.9.-Otros contra el patrimonio;2014;14.737
TOTAL NACIONAL;5.9.-Otros contra el patrimonio;2013;13.546
TOTAL NACIONAL;5.9.-Otros contra el patrimonio;2012;11.008
TOTAL NACIONAL;5.9.-Otros contra el patrimonio;2011;9.771
TOTAL NACIONAL;5.9.-Otros contra el patrimonio;2010;6.513
TOTAL NACIONAL;6. SEGURIDAD COLECTIVA;2023;71.713
TOTAL NACIONAL;6. SEGURIDAD COLECTIVA;2022;70.323
TOTAL NACIONAL;6. SEGURIDAD COLECTIVA;2021;64.341
TOTAL NACIONAL;6. SEGURIDAD COLECTIVA;2020;57.625
TOTAL NACIONAL;6. SEGURIDAD COLECTIVA;2019;61.239
TOTAL NACIONAL;6. SEGURIDAD COLECTIVA;2018;57.327
TOTAL NACIONAL;6. SEGURIDAD COLECTIVA;2017;52.882
TOTAL NACIONAL;6. SEGURIDAD COLECTIVA;2016;52.687
TOTAL NACIONAL;6. SEGURIDAD COLECTIVA;2015;55.254
TOTAL NACIONAL;6. SEGURIDAD COLECTIVA;2014;63.639
TOTAL NACIONAL;6. SEGURIDAD COLECTIVA;2013;68.771
TOTAL NACIONAL;6. SEGURIDAD COLECTIVA;2012;72.976
TOTAL NACIONAL;6. SEGURIDAD COLECTIVA;2011;78.158
TOTAL NACIONAL;6. SEGURIDAD COLECTIVA;2010;60.510
TOTAL NACIONAL;6.1.-Tráfico de drogas;2023;26.205
TOTAL NACIONAL;6.1.-Tráfico de drogas;2022;24.029
TOTAL NACIONAL;6.1.-Tráfico de drogas;2021;23.920
TOTAL NACIONAL;6.1.-Tráfico de drogas;2020;22.771
TOTAL NACIONAL;6.1.-Tráfico de drogas;2019;22.888
TOTAL NACIONAL;6.1.-Tráfico de drogas;2018;20.350
TOTAL NACIONAL;6.1.-Tráfico de drogas;2017;18.865
TOTAL NACIONAL;6.1.-Tráfico de drogas;2016;18.564
TOTAL NACIONAL;6.1.-Tráfico de drogas;2015;18.240
TOTAL NACIONAL;6.1.-Tráfico de drogas;2014;20.701
TOTAL NACIONAL;6.1.-Tráfico de drogas;2013;22.312
TOTAL NACIONAL;6.1.-Tráfico de drogas;2012;22.575
TOTAL NACIONAL;6.1.-Tráfico de drogas;2011;23.610
TOTAL NACIONAL;6.1.-Tráfico de drogas;2010;21.683
TOTAL NACIONAL;6.2.-Contra la seguridad vial;2023;43.614
TOTAL NACIONAL;6.2.-Contra la seguridad vial;2022;44.548
TOTAL NACIONAL;6.2.-Contra la seguridad vial;2021;38.996
TOTAL NACIONAL;6.2.-Contra la seguridad vial;2020;33.526
TOTAL NACIONAL;6.2.-Contra la seguridad vial;2019;36.861
TOTAL NACIONAL;6.2.-Contra la seguridad vial;2018;34.894
TOTAL NACIONAL;6.2.-Contra la seguridad vial;2017;32.152
TOTAL NACIONAL;6.2.-Contra la seguridad vial;2016;32.419
TOTAL NACIONAL;6.2.-Contra la seguridad vial;2015;35.354
TOTAL NACIONAL;6.2.-Contra la seguridad vial;2014;41.153
TOTAL NACIONAL;6.2.-Contra la seguridad vial;2013;44.625
TOTAL NACIONAL;6.2.-Contra la seguridad vial;2012;48.133
TOTAL NACIONAL;6.2.-Contra la seguridad vial;2011;52.460
TOTAL NACIONAL;6.2.-Contra la seguridad vial;2010;36.751
TOTAL NACIONAL;6.3.-Otros contra la seguridad colectiva;2023;1.894
TOTAL NACIONAL;6.3.-Otros contra la seguridad colectiva;2022;1.746
TOTAL NACIONAL;6.3.-Otros contra la seguridad colectiva;2021;1.425
TOTAL NACIONAL;6.3.-Otros contra la seguridad colectiva;2020;1.328
TOTAL NACIONAL;6.3.-Otros contra la seguridad colectiva;2019;1.490
TOTAL NACIONAL;6.3.-Otros contra la seguridad colectiva;2018;2.083
TOTAL NACIONAL;6.3.-Otros contra la seguridad colectiva;2017;1.865
TOTAL NACIONAL;6.3.-Otros contra la seguridad colectiva;2016;1.704
TOTAL NACIONAL;6.3.-Otros contra la seguridad colectiva;2015;1.660
TOTAL NACIONAL;6.3.-Otros contra la seguridad colectiva;2014;1.785
TOTAL NACIONAL;6.3.-Otros contra la seguridad colectiva;2013;1.834
TOTAL NACIONAL;6.3.-Otros contra la seguridad colectiva;2012;2.268
TOTAL NACIONAL;6.3.-Otros contra la seguridad colectiva;2011;2.088
TOTAL NACIONAL;6.3.-Otros contra la seguridad colectiva;2010;2.076
TOTAL NACIONAL;7. FALSEDADES;2023;11.124
TOTAL NACIONAL;7. FALSEDADES;2022;11.132
TOTAL NACIONAL;7. FALSEDADES;2021;11.739
TOTAL NACIONAL;7. FALSEDADES;2020;9.519
TOTAL NACIONAL;7. FALSEDADES;2019;11.288
TOTAL NACIONAL;7. FALSEDADES;2018;11.014
TOTAL NACIONAL;7. FALSEDADES;2017;9.555
TOTAL NACIONAL;7. FALSEDADES;2016;10.241
TOTAL NACIONAL;7. FALSEDADES;2015;11.469
TOTAL NACIONAL;7. FALSEDADES;2014;11.651
TOTAL NACIONAL;7. FALSEDADES;2013;14.055
TOTAL NACIONAL;7. FALSEDADES;2012;11.624
TOTAL NACIONAL;7. FALSEDADES;2011;11.247
TOTAL NACIONAL;7. FALSEDADES;2010;9.541
TOTAL NACIONAL;8. ADMÓN. PÚBLICA;2023;297
TOTAL NACIONAL;8. ADMÓN. PÚBLICA;2022;305
TOTAL NACIONAL;8. ADMÓN. PÚBLICA;2021;370
TOTAL NACIONAL;8. ADMÓN. PÚBLICA;2020;360
TOTAL NACIONAL;8. ADMÓN. PÚBLICA;2019;446
TOTAL NACIONAL;8. ADMÓN. PÚBLICA;2018;693
TOTAL NACIONAL;8. ADMÓN. PÚBLICA;2017;694
TOTAL NACIONAL;8. ADMÓN. PÚBLICA;2016;810
TOTAL NACIONAL;8. ADMÓN. PÚBLICA;2015;780
TOTAL NACIONAL;8. ADMÓN. PÚBLICA;2014;509
TOTAL NACIONAL;8. ADMÓN. PÚBLICA;2013;398
TOTAL NACIONAL;8. ADMÓN. PÚBLICA;2012;274
TOTAL NACIONAL;8. ADMÓN. PÚBLICA;2011;429
TOTAL NACIONAL;8. ADMÓN. PÚBLICA;2010;245
TOTAL NACIONAL;9. ADMÓN. JUSTICIA;2023;30.648
TOTAL NACIONAL;9. ADMÓN. JUSTICIA;2022;27.099
TOTAL NACIONAL;9. ADMÓN. JUSTICIA;2021;23.892
TOTAL NACIONAL;9. ADMÓN. JUSTICIA;2020;22.722
TOTAL NACIONAL;9. ADMÓN. JUSTICIA;2019;21.416
TOTAL NACIONAL;9. ADMÓN. JUSTICIA;2018;20.045
TOTAL NACIONAL;9. ADMÓN. JUSTICIA;2017;19.337
TOTAL NACIONAL;9. ADMÓN. JUSTICIA;2016;18.387
TOTAL NACIONAL;9. ADMÓN. JUSTICIA;2015;19.186
TOTAL NACIONAL;9. ADMÓN. JUSTICIA;2014;20.541
TOTAL NACIONAL;9. ADMÓN. JUSTICIA;2013;20.707
TOTAL NACIONAL;9. ADMÓN. JUSTICIA;2012;20.991
TOTAL NACIONAL;9. ADMÓN. JUSTICIA;2011;22.038
TOTAL NACIONAL;9. ADMÓN. JUSTICIA;2010;18.876
TOTAL NACIONAL;10. ORDEN PÚBLICO;2023;24.453
TOTAL NACIONAL;10. ORDEN PÚBLICO;2022;23.444
TOTAL NACIONAL;10. ORDEN PÚBLICO;2021;23.962
TOTAL NACIONAL;10. ORDEN PÚBLICO;2020;27.668
TOTAL NACIONAL;10. ORDEN PÚBLICO;2019;19.712
TOTAL NACIONAL;10. ORDEN PÚBLICO;2018;18.235
TOTAL NACIONAL;10. ORDEN PÚBLICO;2017;18.023
TOTAL NACIONAL;10. ORDEN PÚBLICO;2016;17.358
TOTAL NACIONAL;10. ORDEN PÚBLICO;2015;18.628
TOTAL NACIONAL;10. ORDEN PÚBLICO;2014;22.357
TOTAL NACIONAL;10. ORDEN PÚBLICO;2013;24.981
TOTAL NACIONAL;10. ORDEN PÚBLICO;2012;26.775
TOTAL NACIONAL;10. ORDEN PÚBLICO;2011;28.116
TOTAL NACIONAL;10. ORDEN PÚBLICO;2010;23.749
TOTAL NACIONAL;11. LEGISLACIÓN ESPECIAL;2023;433
TOTAL NACIONAL;11. LEGISLACIÓN ESPECIAL;2022;524
TOTAL NACIONAL;11. LEGISLACIÓN ESPECIAL;2021;574
TOTAL NACIONAL;11. LEGISLACIÓN ESPECIAL;2020;585
TOTAL NACIONAL;11. LEGISLACIÓN ESPECIAL;2019;559
TOTAL NACIONAL;11. LEGISLACIÓN ESPECIAL;2018;507
TOTAL NACIONAL;11. LEGISLACIÓN ESPECIAL;2017;339
TOTAL NACIONAL;11. LEGISLACIÓN ESPECIAL;2016;319
TOTAL NACIONAL;11. LEGISLACIÓN ESPECIAL;2015;270
TOTAL NACIONAL;11. LEGISLACIÓN ESPECIAL;2014;255
TOTAL NACIONAL;11. LEGISLACIÓN ESPECIAL;2013;295
TOTAL NACIONAL;11. LEGISLACIÓN ESPECIAL;2012;228
TOTAL NACIONAL;11. LEGISLACIÓN ESPECIAL;2011;253
TOTAL NACIONAL;11. LEGISLACIÓN ESPECIAL;2010;146
TOTAL NACIONAL;12. OTRAS INFRACCIONES PENALES;2023;6.574
TOTAL NACIONAL;12. OTRAS INFRACCIONES PENALES;2022;5.875
TOTAL NACIONAL;12. OTRAS INFRACCIONES PENALES;2021;5.949
TOTAL NACIONAL;12. OTRAS INFRACCIONES PENALES;2020;5.061
TOTAL NACIONAL;12. OTRAS INFRACCIONES PENALES;2019;6.176
TOTAL NACIONAL;12. OTRAS INFRACCIONES PENALES;2018;5.078
TOTAL NACIONAL;12. OTRAS INFRACCIONES PENALES;2017;4.970
TOTAL NACIONAL;12. OTRAS INFRACCIONES PENALES;2016;4.934
TOTAL NACIONAL;12. OTRAS INFRACCIONES PENALES;2015;4.451
TOTAL NACIONAL;12. OTRAS INFRACCIONES PENALES;2014;4.908
TOTAL NACIONAL;12. OTRAS INFRACCIONES PENALES;2013;4.013
TOTAL NACIONAL;12. OTRAS INFRACCIONES PENALES;2012;3.884
TOTAL NACIONAL;12. OTRAS INFRACCIONES PENALES;2011;4.017
TOTAL NACIONAL;12. OTRAS INFRACCIONES PENALES;2010;3.778
TOTAL NACIONAL;TOTAL INFRACCIONES PENALES;2023;556.793
TOTAL NACIONAL;TOTAL INFRACCIONES PENALES;2022;508.419
TOTAL NACIONAL;TOTAL INFRACCIONES PENALES;2021;453.222
TOTAL NACIONAL;TOTAL INFRACCIONES PENALES;2020;415.060
TOTAL NACIONAL;TOTAL INFRACCIONES PENALES;2019;411.903
TOTAL NACIONAL;TOTAL INFRACCIONES PENALES;2018;394.824
TOTAL NACIONAL;TOTAL INFRACCIONES PENALES;2017;375.865
TOTAL NACIONAL;TOTAL INFRACCIONES PENALES;2016;367.936
TOTAL NACIONAL;TOTAL INFRACCIONES PENALES;2015;380.244
TOTAL NACIONAL;TOTAL INFRACCIONES PENALES;2014;432.355
TOTAL NACIONAL;TOTAL INFRACCIONES PENALES;2013;458.087
TOTAL NACIONAL;TOTAL INFRACCIONES PENALES;2012;461.042
TOTAL NACIONAL;TOTAL INFRACCIONES PENALES;2011;468.253
TOTAL NACIONAL;TOTAL INFRACCIONES PENALES;2010;351.967
ANDALUCÍA;1. CONTRA LAS PERSONAS;2023;24.858
ANDALUCÍA;1. CONTRA LAS PERSONAS;2022;23.249
ANDALUCÍA;1. CONTRA LAS PERSONAS;2021;20.955
ANDALUCÍA;1. CONTRA LAS PERSONAS;2020;19.103
ANDALUCÍA;1. CONTRA LAS PERSONAS;2019;21.349
ANDALUCÍA;1. CONTRA LAS PERSONAS;2018;20.030
ANDALUCÍA;1. CONTRA LAS PERSONAS;2017;19.281
ANDALUCÍA;1. CONTRA LAS PERSONAS;2016;18.979
ANDALUCÍA;1. CONTRA LAS PERSONAS;2015;20.671
ANDALUCÍA;1. CONTRA LAS PERSONAS;2014;22.067
ANDALUCÍA;1. CONTRA LAS PERSONAS;2013;20.360
ANDALUCÍA;1. CONTRA LAS PERSONAS;2012;21.366
ANDALUCÍA;1. CONTRA LAS PERSONAS;2011;24.027
ANDALUCÍA;1. CONTRA LAS PERSONAS;2010;13.052
ANDALUCÍA;1.1.-Homicidios dolosos/asesinatos;2023;375
ANDALUCÍA;1.1.-Homicidios dolosos/asesinatos;2022;370
ANDALUCÍA;1.1.-Homicidios dolosos/asesinatos;2021;310
ANDALUCÍA;1.1.-Homicidios dolosos/asesinatos;2020;353
ANDALUCÍA;1.1.-Homicidios dolosos/asesinatos;2019;293
ANDALUCÍA;1.1.-Homicidios dolosos/asesinatos;2018;337
ANDALUCÍA;1.1.-Homicidios dolosos/asesinatos;2017;297
ANDALUCÍA;1.1.-Homicidios dolosos/asesinatos;2016;356
ANDALUCÍA;1.1.-Homicidios dolosos/asesinatos;2015;254
ANDALUCÍA;1.1.-Homicidios dolosos/asesinatos;2014;236
ANDALUCÍA;1.1.-Homicidios dolosos/asesinatos;2013;281
ANDALUCÍA;1.1.-Homicidios dolosos/asesinatos;2012;287
ANDALUCÍA;1.1.-Homicidios dolosos/asesinatos;2011;353
ANDALUCÍA;1.1.-Homicidios dolosos/asesinatos;2010;298
ANDALUCÍA;1.1.1.-Homicidios dolosos/asesinatos consumados;2023;83
ANDALUCÍA;1.1.1.-Homicidios dolosos/asesinatos consumados;2022;102
ANDALUCÍA;1.1.1.-Homicidios dolosos/asesinatos consumados;2021;69
ANDALUCÍA;1.1.1.-Homicidios dolosos/asesinatos consumados;2020;108
ANDALUCÍA;1.1.1.-Homicidios dolosos/asesinatos consumados;2019;115
ANDALUCÍA;1.1.1.-Homicidios dolosos/asesinatos consumados;2018;105
ANDALUCÍA;1.1.1.-Homicidios dolosos/asesinatos consumados;2017;81
ANDALUCÍA;1.1.1.-Homicidios dolosos/asesinatos consumados;2016;97
ANDALUCÍA;1.1.1.-Homicidios dolosos/asesinatos consumados;2015;95
ANDALUCÍA;1.1.1.-Homicidios dolosos/asesinatos consumados;2014;94
ANDALUCÍA;1.1.1.-Homicidios dolosos/asesinatos consumados;2013;74
ANDALUCÍA;1.1.1.-Homicidios dolosos/asesinatos consumados;2012;98
ANDALUCÍA;1.1.1.-Homicidios dolosos/asesinatos consumados;2011;114
ANDALUCÍA;1.1.1.-Homicidios dolosos/asesinatos consumados;2010;90
ANDALUCÍA;1.2.-Lesiones;2023;9.572
ANDALUCÍA;1.2.-Lesiones;2022;9.098
ANDALUCÍA;1.2.-Lesiones;2021;8.131
ANDALUCÍA;1.2.-Lesiones;2020;6.896
ANDALUCÍA;1.2.-Lesiones;2019;8.861
ANDALUCÍA;1.2.-Lesiones;2018;8.152
ANDALUCÍA;1.2.-Lesiones;2017;7.630
ANDALUCÍA;1.2.-Lesiones;2016;7.457
ANDALUCÍA;1.2.-Lesiones;2015;7.102
ANDALUCÍA;1.2.-Lesiones;2014;6.731
ANDALUCÍA;1.2.-Lesiones;2013;6.366
ANDALUCÍA;1.2.-Lesiones;2012;6.501
ANDALUCÍA;1.2.-Lesiones;2011;7.339
ANDALUCÍA;1.2.-Lesiones;2010;3.036
ANDALUCÍA;1.3.-Malos tratos ámbito familiar;2023;14.315
ANDALUCÍA;1.3.-Malos tratos ámbito familiar;2022;13.277
ANDALUCÍA;1.3.-Malos tratos ámbito familiar;2021;12.093
ANDALUCÍA;1.3.-Malos tratos ámbito familiar;2020;11.508
ANDALUCÍA;1.3.-Malos tratos ámbito familiar;2019;11.853
ANDALUCÍA;1.3.-Malos tratos ámbito familiar;2018;11.200
ANDALUCÍA;1.3.-Malos tratos ámbito familiar;2017;11.079
ANDALUCÍA;1.3.-Malos tratos ámbito familiar;2016;10.896
ANDALUCÍA;1.3.-Malos tratos ámbito familiar;2015;11.025
ANDALUCÍA;1.3.-Malos tratos ámbito familiar;2014;10.951
ANDALUCÍA;1.3.-Malos tratos ámbito familiar;2013;10.269
ANDALUCÍA;1.3.-Malos tratos ámbito familiar;2012;10.549
ANDALUCÍA;1.3.-Malos tratos ámbito familiar;2011;11.462
ANDALUCÍA;1.3.-Malos tratos ámbito familiar;2010;9.388
ANDALUCÍA;1.4.-Otros contra las personas;2023;596
ANDALUCÍA;1.4.-Otros contra las personas;2022;504
ANDALUCÍA;1.4.-Otros contra las personas;2021;421
ANDALUCÍA;1.4.-Otros contra las personas;2020;346
ANDALUCÍA;1.4.-Otros contra las personas;2019;342
ANDALUCÍA;1.4.-Otros contra las personas;2018;341
ANDALUCÍA;1.4.-Otros contra las personas;2017;275
ANDALUCÍA;1.4.-Otros contra las personas;2016;270
ANDALUCÍA;1.4.-Otros contra las personas;2015;2.290
ANDALUCÍA;1.4.-Otros contra las personas;2014;4.149
ANDALUCÍA;1.4.-Otros contra las personas;2013;3.444
ANDALUCÍA;1.4.-Otros contra las personas;2012;4.029
ANDALUCÍA;1.4.-Otros contra las personas;2011;4.873
ANDALUCÍA;1.4.-Otros contra las personas;2010;330
ANDALUCÍA;2. CONTRA LA LIBERTAD;2023;11.376
ANDALUCÍA;2. CONTRA LA LIBERTAD;2022;9.785
ANDALUCÍA;2. CONTRA LA LIBERTAD;2021;9.461
ANDALUCÍA;2. CONTRA LA LIBERTAD;2020;9.103
ANDALUCÍA;2. CONTRA LA LIBERTAD;2019;9.618
ANDALUCÍA;2. CONTRA LA LIBERTAD;2018;9.401
ANDALUCÍA;2. CONTRA LA LIBERTAD;2017;8.997
ANDALUCÍA;2. CONTRA LA LIBERTAD;2016;8.401
ANDALUCÍA;2. CONTRA LA LIBERTAD;2015;6.599
ANDALUCÍA;2. CONTRA LA LIBERTAD;2014;5.606
ANDALUCÍA;2. CONTRA LA LIBERTAD;2013;5.862
ANDALUCÍA;2. CONTRA LA LIBERTAD;2012;5.883
ANDALUCÍA;2. CONTRA LA LIBERTAD;2011;5.658
ANDALUCÍA;2. CONTRA LA LIBERTAD;2010;4.283
ANDALUCÍA;2.1.-Malos tratos habituales en el ámbito familiar;2023;2.308
ANDALUCÍA;2.1.-Malos tratos habituales en el ámbito familiar;2022;2.172
ANDALUCÍA;2.1.-Malos tratos habituales en el ámbito familiar;2021;2.169
ANDALUCÍA;2.1.-Malos tratos habituales en el ámbito familiar;2020;2.083
ANDALUCÍA;2.1.-Malos tratos habituales en el ámbito familiar;2019;2.176
ANDALUCÍA;2.1.-Malos tratos habituales en el ámbito familiar;2018;2.120
ANDALUCÍA;2.1.-Malos tratos habituales en el ámbito familiar;2017;2.230
ANDALUCÍA;2.1.-Malos tratos habituales en el ámbito familiar;2016;2.076
ANDALUCÍA;2.1.-Malos tratos habituales en el ámbito familiar;2015;2.141
ANDALUCÍA;2.1.-Malos tratos habituales en el ámbito familiar;2014;2.337
ANDALUCÍA;2.1.-Malos tratos habituales en el ámbito familiar;2013;2.653
ANDALUCÍA;2.1.-Malos tratos habituales en el ámbito familiar;2012;2.613
ANDALUCÍA;2.1.-Malos tratos habituales en el ámbito familiar;2011;2.326
ANDALUCÍA;2.1.-Malos tratos habituales en el ámbito familiar;2010;1.821
ANDALUCÍA;2.2.-Otros contra la libertad;2023;9.068
ANDALUCÍA;2.2.-Otros contra la libertad;2022;7.613
ANDALUCÍA;2.2.-Otros contra la libertad;2021;7.292
ANDALUCÍA;2.2.-Otros contra la libertad;2020;7.020
ANDALUCÍA;2.2.-Otros contra la libertad;2019;7.442
ANDALUCÍA;2.2.-Otros contra la libertad;2018;7.281
ANDALUCÍA;2.2.-Otros contra la libertad;2017;6.767
ANDALUCÍA;2.2.-Otros contra la libertad;2016;6.325
ANDALUCÍA;2.2.-Otros contra la libertad;2015;4.458
ANDALUCÍA;2.2.-Otros contra la libertad;2014;3.269
ANDALUCÍA;2.2.-Otros contra la libertad;2013;3.209
ANDALUCÍA;2.2.-Otros contra la libertad;2012;3.270
ANDALUCÍA;2.2.-Otros contra la libertad;2011;3.332
ANDALUCÍA;2.2.-Otros contra la libertad;2010;2.462
ANDALUCÍA;3. LIBERTAD SEXUAL;2023;2.191
ANDALUCÍA;3. LIBERTAD SEXUAL;2022;1.848
ANDALUCÍA;3. LIBERTAD SEXUAL;2021;1.855
ANDALUCÍA;3. LIBERTAD SEXUAL;2020;1.498
ANDALUCÍA;3. LIBERTAD SEXUAL;2019;1.655
ANDALUCÍA;3. LIBERTAD SEXUAL;2018;1.597
ANDALUCÍA;3. LIBERTAD SEXUAL;2017;1.451
ANDALUCÍA;3. LIBERTAD SEXUAL;2016;1.208
ANDALUCÍA;3. LIBERTAD SEXUAL;2015;1.146
ANDALUCÍA;3. LIBERTAD SEXUAL;2014;1.194
ANDALUCÍA;3. LIBERTAD SEXUAL;2013;1.168
ANDALUCÍA;3. LIBERTAD SEXUAL;2012;1.232
ANDALUCÍA;3. LIBERTAD SEXUAL;2011;1.264
ANDALUCÍA;3. LIBERTAD SEXUAL;2010;1.134
ANDALUCÍA;3.1.-Agresión sexual;2023;1.309
ANDALUCÍA;3.1.-Agresión sexual;2022;1.190
ANDALUCÍA;3.1.-Agresión sexual;2021;1.111
ANDALUCÍA;3.1.-Agresión sexual;2020;851
ANDALUCÍA;3.1.-Agresión sexual;2019;967
ANDALUCÍA;3.1.-Agresión sexual;2018;944
ANDALUCÍA;3.1.-Agresión sexual;2017;778
ANDALUCÍA;3.1.-Agresión sexual;2016;663
ANDALUCÍA;3.1.-Agresión sexual;2015;556
ANDALUCÍA;3.1.-Agresión sexual;2014;590
ANDALUCÍA;3.1.-Agresión sexual;2013;579
ANDALUCÍA;3.1.-Agresión sexual;2012;640
ANDALUCÍA;3.1.-Agresión sexual;2011;686
ANDALUCÍA;3.1.-Agresión sexual;2010;533
ANDALUCÍA;3.2.-Agresión sexual con penetración;2023;446
ANDALUCÍA;3.2.-Agresión sexual con penetración;2022;354
ANDALUCÍA;3.2.-Agresión sexual con penetración;2021;337
ANDALUCÍA;3.2.-Agresión sexual con penetración;2020;289
ANDALUCÍA;3.2.-Agresión sexual con penetración;2019;269
ANDALUCÍA;3.2.-Agresión sexual con penetración;2018;263
ANDALUCÍA;3.2.-Agresión sexual con penetración;2017;222
ANDALUCÍA;3.2.-Agresión sexual con penetración;2016;192
ANDALUCÍA;3.2.-Agresión sexual con penetración;2015;188
ANDALUCÍA;3.2.-Agresión sexual con penetración;2014;184
ANDALUCÍA;3.2.-Agresión sexual con penetración;2013;183
ANDALUCÍA;3.2.-Agresión sexual con penetración;2012;209
ANDALUCÍA;3.2.-Agresión sexual con penetración;2011;215
ANDALUCÍA;3.2.-Agresión sexual con penetración;2010;187
ANDALUCÍA;3.3.-Corrupción de menores o incapacitados;2023;34
ANDALUCÍA;3.3.-Corrupción de menores o incapacitados;2022;27
ANDALUCÍA;3.3.-Corrupción de menores o incapacitados;2021;44
ANDALUCÍA;3.3.-Corrupción de menores o incapacitados;2020;38
ANDALUCÍA;3.3.-Corrupción de menores o incapacitados;2019;46
ANDALUCÍA;3.3.-Corrupción de menores o incapacitados;2018;40
ANDALUCÍA;3.3.-Corrupción de menores o incapacitados;2017;66
ANDALUCÍA;3.3.-Corrupción de menores o incapacitados;2016;40
ANDALUCÍA;3.3.-Corrupción de menores o incapacitados;2015;71
ANDALUCÍA;3.3.-Corrupción de menores o incapacitados;2014;48
ANDALUCÍA;3.3.-Corrupción de menores o incapacitados;2013;55
ANDALUCÍA;3.3.-Corrupción de menores o incapacitados;2012;27
ANDALUCÍA;3.3.-Corrupción de menores o incapacitados;2011;50
ANDALUCÍA;3.3.-Corrupción de menores o incapacitados;2010;43
ANDALUCÍA;3.4.-Pornografía de menores;2023;97
ANDALUCÍA;3.4.-Pornografía de menores;2022;63
ANDALUCÍA;3.4.-Pornografía de menores;2021;91
ANDALUCÍA;3.4.-Pornografía de menores;2020;96
ANDALUCÍA;3.4.-Pornografía de menores;2019;90
ANDALUCÍA;3.4.-Pornografía de menores;2018;124
ANDALUCÍA;3.4.-Pornografía de menores;2017;127
ANDALUCÍA;3.4.-Pornografía de menores;2016;75
ANDALUCÍA;3.4.-Pornografía de menores;2015;89
ANDALUCÍA;3.4.-Pornografía de menores;2014;50
ANDALUCÍA;3.4.-Pornografía de menores;2013;62
ANDALUCÍA;3.4.-Pornografía de menores;2012;64
ANDALUCÍA;3.4.-Pornografía de menores;2011;53
ANDALUCÍA;3.4.-Pornografía de menores;2010;72
ANDALUCÍA;3.5.-Otros contra la libertad sexual;2023;305
ANDALUCÍA;3.5.-Otros contra la libertad sexual;2022;214
ANDALUCÍA;3.5.-Otros contra la libertad sexual;2021;272
ANDALUCÍA;3.5.-Otros contra la libertad sexual;2020;224
ANDALUCÍA;3.5.-Otros contra la libertad sexual;2019;283
ANDALUCÍA;3.5.-Otros contra la libertad sexual;2018;226
ANDALUCÍA;3.5.-Otros contra la libertad sexual;2017;258
ANDALUCÍA;3.5.-Otros contra la libertad sexual;2016;238
ANDALUCÍA;3.5.-Otros contra la libertad sexual;2015;242
ANDALUCÍA;3.5.-Otros contra la libertad sexual;2014;322
ANDALUCÍA;3.5.-Otros contra la libertad sexual;2013;289
ANDALUCÍA;3.5.-Otros contra la libertad sexual;2012;292
ANDALUCÍA;3.5.-Otros contra la libertad sexual;2011;260
ANDALUCÍA;3.5.-Otros contra la libertad sexual;2010;299
ANDALUCÍA;4. RELACIONES FAMILIARES;2023;350
ANDALUCÍA;4. RELACIONES FAMILIARES;2022;291
ANDALUCÍA;4. RELACIONES FAMILIARES;2021;291
ANDALUCÍA;4. RELACIONES FAMILIARES;2020;315
ANDALUCÍA;4. RELACIONES FAMILIARES;2019;333
ANDALUCÍA;4. RELACIONES FAMILIARES;2018;380
ANDALUCÍA;4. RELACIONES FAMILIARES;2017;381
ANDALUCÍA;4. RELACIONES FAMILIARES;2016;381
ANDALUCÍA;4. RELACIONES FAMILIARES;2015;424
ANDALUCÍA;4. RELACIONES FAMILIARES;2014;503
ANDALUCÍA;4. RELACIONES FAMILIARES;2013;508
ANDALUCÍA;4. RELACIONES FAMILIARES;2012;560
ANDALUCÍA;4. RELACIONES FAMILIARES;2011;487
ANDALUCÍA;4. RELACIONES FAMILIARES;2010;171
ANDALUCÍA;5. PATRIMONIO;2023;31.590
ANDALUCÍA;5. PATRIMONIO;2022;27.828
ANDALUCÍA;5. PATRIMONIO;2021;23.699
ANDALUCÍA;5. PATRIMONIO;2020;22.759
ANDALUCÍA;5. PATRIMONIO;2019;27.651
ANDALUCÍA;5. PATRIMONIO;2018;28.700
ANDALUCÍA;5. PATRIMONIO;2017;29.111
ANDALUCÍA;5. PATRIMONIO;2016;28.755
ANDALUCÍA;5. PATRIMONIO;2015;31.249
ANDALUCÍA;5. PATRIMONIO;2014;36.035
ANDALUCÍA;5. PATRIMONIO;2013;40.774
ANDALUCÍA;5. PATRIMONIO;2012;39.309
ANDALUCÍA;5. PATRIMONIO;2011;38.173
ANDALUCÍA;5. PATRIMONIO;2010;24.932
ANDALUCÍA;5.1.-Hurtos;2023;11.531
ANDALUCÍA;5.1.-Hurtos;2022;9.284
ANDALUCÍA;5.1.-Hurtos;2021;7.448
ANDALUCÍA;5.1.-Hurtos;2020;6.542
ANDALUCÍA;5.1.-Hurtos;2019;9.611
ANDALUCÍA;5.1.-Hurtos;2018;10.241
ANDALUCÍA;5.1.-Hurtos;2017;10.629
ANDALUCÍA;5.1.-Hurtos;2016;10.646
ANDALUCÍA;5.1.-Hurtos;2015;11.883
ANDALUCÍA;5.1.-Hurtos;2014;13.810
ANDALUCÍA;5.1.-Hurtos;2013;15.482
ANDALUCÍA;5.1.-Hurtos;2012;14.163
ANDALUCÍA;5.1.-Hurtos;2011;12.389
ANDALUCÍA;5.1.-Hurtos;2010;4.430
ANDALUCÍA;5.2.-Robos con fuerza en las cosas;2023;6.614
ANDALUCÍA;5.2.-Robos con fuerza en las cosas;2022;5.947
ANDALUCÍA;5.2.-Robos con fuerza en las cosas;2021;5.366
ANDALUCÍA;5.2.-Robos con fuerza en las cosas;2020;5.536
ANDALUCÍA;5.2.-Robos con fuerza en las cosas;2019;5.848
ANDALUCÍA;5.2.-Robos con fuerza en las cosas;2018;6.298
ANDALUCÍA;5.2.-Robos con fuerza en las cosas;2017;6.807
ANDALUCÍA;5.2.-Robos con fuerza en las cosas;2016;6.709
ANDALUCÍA;5.2.-Robos con fuerza en las cosas;2015;7.433
ANDALUCÍA;5.2.-Robos con fuerza en las cosas;2014;9.073
ANDALUCÍA;5.2.-Robos con fuerza en las cosas;2013;11.279
ANDALUCÍA;5.2.-Robos con fuerza en las cosas;2012;11.706
ANDALUCÍA;5.2.-Robos con fuerza en las cosas;2011;12.139
ANDALUCÍA;5.2.-Robos con fuerza en las cosas;2010;10.124
ANDALUCÍA;5.2.1.-Robos con fuerza en las cosas en el interior de vehículos;2023;1.557
ANDALUCÍA;5.2.1.-Robos con fuerza en las cosas en el interior de vehículos;2022;1.276
ANDALUCÍA;5.2.1.-Robos con fuerza en las cosas en el interior de vehículos;2021;1.094
ANDALUCÍA;5.2.1.-Robos con fuerza en las cosas en el interior de vehículos;2020;1.068
ANDALUCÍA;5.2.1.-Robos con fuerza en las cosas en el interior de vehículos;2019;1.017
ANDALUCÍA;5.2.1.-Robos con fuerza en las cosas en el interior de vehículos;2018;1.216
ANDALUCÍA;5.2.1.-Robos con fuerza en las cosas en el interior de vehículos;2017;1.243
ANDALUCÍA;5.2.1.-Robos con fuerza en las cosas en el interior de vehículos;2016;1.206
ANDALUCÍA;5.2.1.-Robos con fuerza en las cosas en el interior de vehículos;2015;1.292
ANDALUCÍA;5.2.1.-Robos con fuerza en las cosas en el interior de vehículos;2014;1.400
ANDALUCÍA;5.2.1.-Robos con fuerza en las cosas en el interior de vehículos;2013;1.800
ANDALUCÍA;5.2.1.-Robos con fuerza en las cosas en el interior de vehículos;2012;2.258
ANDALUCÍA;5.2.1.-Robos con fuerza en las cosas en el interior de vehículos;2011;2.659
ANDALUCÍA;5.2.1.-Robos con fuerza en las cosas en el interior de vehículos;2010;1.477
ANDALUCÍA;5.2.2.-Robos con fuerza en viviendas;2023;1.873
ANDALUCÍA;5.2.2.-Robos con fuerza en viviendas;2022;1.837
ANDALUCÍA;5.2.2.-Robos con fuerza en viviendas;2021;1.735
ANDALUCÍA;5.2.2.-Robos con fuerza en viviendas;2020;1.769
ANDALUCÍA;5.2.2.-Robos con fuerza en viviendas;2019;2.009
ANDALUCÍA;5.2.2.-Robos con fuerza en viviendas;2018;2.099
ANDALUCÍA;5.2.2.-Robos con fuerza en viviendas;2017;2.594
ANDALUCÍA;5.2.2.-Robos con fuerza en viviendas;2016;2.612
ANDALUCÍA;5.2.2.-Robos con fuerza en viviendas;2015;2.736
ANDALUCÍA;5.2.2.-Robos con fuerza en viviendas;2014;3.258
ANDALUCÍA;5.2.2.-Robos con fuerza en viviendas;2013;3.914
ANDALUCÍA;5.2.2.-Robos con fuerza en viviendas;2012;3.730
ANDALUCÍA;5.2.2.-Robos con fuerza en viviendas;2011;2.898
ANDALUCÍA;5.2.2.-Robos con fuerza en viviendas;2010;2.619
ANDALUCÍA;5.2.3.-Robos con fuerza en establecimientos;2023;1.600
ANDALUCÍA;5.2.3.-Robos con fuerza en establecimientos;2022;1.390
ANDALUCÍA;5.2.3.-Robos con fuerza en establecimientos;2021;1.270
ANDALUCÍA;5.2.3.-Robos con fuerza en establecimientos;2020;1.399
ANDALUCÍA;5.2.3.-Robos con fuerza en establecimientos;2019;1.513
ANDALUCÍA;5.2.3.-Robos con fuerza en establecimientos;2018;1.563
ANDALUCÍA;5.2.3.-Robos con fuerza en establecimientos;2017;1.564
ANDALUCÍA;5.2.3.-Robos con fuerza en establecimientos;2016;1.555
ANDALUCÍA;5.2.3.-Robos con fuerza en establecimientos;2015;1.610
ANDALUCÍA;5.2.3.-Robos con fuerza en establecimientos;2014;1.744
ANDALUCÍA;5.2.3.-Robos con fuerza en establecimientos;2013;2.046
ANDALUCÍA;5.2.3.-Robos con fuerza en establecimientos;2012;2.169
ANDALUCÍA;5.2.3.-Robos con fuerza en establecimientos;2011;2.153
ANDALUCÍA;5.2.3.-Robos con fuerza en establecimientos;2010;2.293
ANDALUCÍA;5.3.-Robos con violencia o intimidación;2023;3.074
ANDALUCÍA;5.3.-Robos con violencia o intimidación;2022;2.906
ANDALUCÍA;5.3.-Robos con violencia o intimidación;2021;2.635
ANDALUCÍA;5.3.-Robos con violencia o intimidación;2020;2.431
ANDALUCÍA;5.3.-Robos con violencia o intimidación;2019;2.807
ANDALUCÍA;5.3.-Robos con violencia o intimidación;2018;2.551
ANDALUCÍA;5.3.-Robos con violencia o intimidación;2017;2.746
ANDALUCÍA;5.3.-Robos con violencia o intimidación;2016;2.637
ANDALUCÍA;5.3.-Robos con violencia o intimidación;2015;2.791
ANDALUCÍA;5.3.-Robos con violencia o intimidación;2014;3.241
ANDALUCÍA;5.3.-Robos con violencia o intimidación;2013;3.911
ANDALUCÍA;5.3.-Robos con violencia o intimidación;2012;4.156
ANDALUCÍA;5.3.-Robos con violencia o intimidación;2011;4.374
ANDALUCÍA;5.3.-Robos con violencia o intimidación;2010;3.692
ANDALUCÍA;5.3.1.-Robos con violencia en vía pública;2023;1.716
ANDALUCÍA;5.3.1.-Robos con violencia en vía pública;2022;1.702
ANDALUCÍA;5.3.1.-Robos con violencia en vía pública;2021;1.578
ANDALUCÍA;5.3.1.-Robos con violencia en vía pública;2020;1.301
ANDALUCÍA;5.3.1.-Robos con violencia en vía pública;2019;1.527
ANDALUCÍA;5.3.1.-Robos con violencia en vía pública;2018;1.344
ANDALUCÍA;5.3.1.-Robos con violencia en vía pública;2017;1.485
ANDALUCÍA;5.3.1.-Robos con violencia en vía pública;2016;1.497
ANDALUCÍA;5.3.1.-Robos con violencia en vía pública;2015;1.629
ANDALUCÍA;5.3.1.-Robos con violencia en vía pública;2014;1.983
ANDALUCÍA;5.3.1.-Robos con violencia en vía pública;2013;2.288
ANDALUCÍA;5.3.1.-Robos con violencia en vía pública;2012;2.545
ANDALUCÍA;5.3.1.-Robos con violencia en vía pública;2011;2.532
ANDALUCÍA;5.3.1.-Robos con violencia en vía pública;2010;2.263
ANDALUCÍA;5.3.2.-Robos con violencia en viviendas;2023;304
ANDALUCÍA;5.3.2.-Robos con violencia en viviendas;2022;306
ANDALUCÍA;5.3.2.-Robos con violencia en viviendas;2021;330
ANDALUCÍA;5.3.2.-Robos con violencia en viviendas;2020;308
ANDALUCÍA;5.3.2.-Robos con violencia en viviendas;2019;319
ANDALUCÍA;5.3.2.-Robos con violencia en viviendas;2018;330
ANDALUCÍA;5.3.2.-Robos con violencia en viviendas;2017;334
ANDALUCÍA;5.3.2.-Robos con violencia en viviendas;2016;341
ANDALUCÍA;5.3.2.-Robos con violencia en viviendas;2015;316
ANDALUCÍA;5.3.2.-Robos con violencia en viviendas;2014;301
ANDALUCÍA;5.3.2.-Robos con violencia en viviendas;2013;391
ANDALUCÍA;5.3.2.-Robos con violencia en viviendas;2012;367
ANDALUCÍA;5.3.2.-Robos con violencia en viviendas;2011;369
ANDALUCÍA;5.3.2.-Robos con violencia en viviendas;2010;281
ANDALUCÍA;5.3.3.-Robos con violencia en establecimientos;2023;748
ANDALUCÍA;5.3.3.-Robos con violencia en establecimientos;2022;628
ANDALUCÍA;5.3.3.-Robos con violencia en establecimientos;2021;511
ANDALUCÍA;5.3.3.-Robos con violencia en establecimientos;2020;590
ANDALUCÍA;5.3.3.-Robos con violencia en establecimientos;2019;668
ANDALUCÍA;5.3.3.-Robos con violencia en establecimientos;2018;563
ANDALUCÍA;5.3.3.-Robos con violencia en establecimientos;2017;625
ANDALUCÍA;5.3.3.-Robos con violencia en establecimientos;2016;540
ANDALUCÍA;5.3.3.-Robos con violencia en establecimientos;2015;555
ANDALUCÍA;5.3.3.-Robos con violencia en establecimientos;2014;655
ANDALUCÍA;5.3.3.-Robos con violencia en establecimientos;2013;827
ANDALUCÍA;5.3.3.-Robos con violencia en establecimientos;2012;852
ANDALUCÍA;5.3.3.-Robos con violencia en establecimientos;2011;815
ANDALUCÍA;5.3.3.-Robos con violencia en establecimientos;2010;818
ANDALUCÍA;5.4.-Sustracción de vehículos;2023;850
ANDALUCÍA;5.4.-Sustracción de vehículos;2022;802
ANDALUCÍA;5.4.-Sustracción de vehículos;2021;791
ANDALUCÍA;5.4.-Sustracción de vehículos;2020;762
ANDALUCÍA;5.4.-Sustracción de vehículos;2019;854
ANDALUCÍA;5.4.-Sustracción de vehículos;2018;874
ANDALUCÍA;5.4.-Sustracción de vehículos;2017;1.133
ANDALUCÍA;5.4.-Sustracción de vehículos;2016;1.379
ANDALUCÍA;5.4.-Sustracción de vehículos;2015;1.362
ANDALUCÍA;5.4.-Sustracción de vehículos;2014;1.467
ANDALUCÍA;5.4.-Sustracción de vehículos;2013;1.630
ANDALUCÍA;5.4.-Sustracción de vehículos;2012;1.905
ANDALUCÍA;5.4.-Sustracción de vehículos;2011;2.090
ANDALUCÍA;5.4.-Sustracción de vehículos;2010;1.880
ANDALUCÍA;5.5.-Estafas;2023;3.898
ANDALUCÍA;5.5.-Estafas;2022;3.259
ANDALUCÍA;5.5.-Estafas;2021;2.675
ANDALUCÍA;5.5.-Estafas;2020;2.673
ANDALUCÍA;5.5.-Estafas;2019;3.056
ANDALUCÍA;5.5.-Estafas;2018;2.999
ANDALUCÍA;5.5.-Estafas;2017;2.862
ANDALUCÍA;5.5.-Estafas;2016;2.681
ANDALUCÍA;5.5.-Estafas;2015;2.818
ANDALUCÍA;5.5.-Estafas;2014;2.645
ANDALUCÍA;5.5.-Estafas;2013;2.450
ANDALUCÍA;5.5.-Estafas;2012;2.514
ANDALUCÍA;5.5.-Estafas;2011;2.727
ANDALUCÍA;5.5.-Estafas;2010;1.637
ANDALUCÍA;5.5.1.-Estafas informáticas;2023;2.593
ANDALUCÍA;5.5.1.-Estafas informáticas;2022;1.802
ANDALUCÍA;5.5.1.-Estafas informáticas;2021;1.274
ANDALUCÍA;5.5.1.-Estafas informáticas;2020;1.223
ANDALUCÍA;5.5.1.-Estafas informáticas;2019;875
ANDALUCÍA;5.5.1.-Estafas informáticas;2018;678
ANDALUCÍA;5.5.1.-Estafas informáticas;2017;548
ANDALUCÍA;5.5.1.-Estafas informáticas;2016;472
ANDALUCÍA;5.5.1.-Estafas informáticas;2015;701
ANDALUCÍA;5.5.1.-Estafas informáticas;2014;481
ANDALUCÍA;5.5.1.-Estafas informáticas;2013;413
ANDALUCÍA;5.5.1.-Estafas informáticas;2012;353
ANDALUCÍA;5.5.1.-Estafas informáticas;2011;405
ANDALUCÍA;5.5.1.-Estafas informáticas;2010;305
ANDALUCÍA;5.6.-Daños;2023;2.058
ANDALUCÍA;5.6.-Daños;2022;2.034
ANDALUCÍA;5.6.-Daños;2021;1.774
ANDALUCÍA;5.6.-Daños;2020;1.747
ANDALUCÍA;5.6.-Daños;2019;1.942
ANDALUCÍA;5.6.-Daños;2018;1.834
ANDALUCÍA;5.6.-Daños;2017;1.802
ANDALUCÍA;5.6.-Daños;2016;1.705
ANDALUCÍA;5.6.-Daños;2015;1.609
ANDALUCÍA;5.6.-Daños;2014;1.680
ANDALUCÍA;5.6.-Daños;2013;1.798
ANDALUCÍA;5.6.-Daños;2012;1.966
ANDALUCÍA;5.6.-Daños;2011;2.107
ANDALUCÍA;5.6.-Daños;2010;1.084
ANDALUCÍA;5.7.-Contra la propiedad intelectual/industrial;2023;233
ANDALUCÍA;5.7.-Contra la propiedad intelectual/industrial;2022;208
ANDALUCÍA;5.7.-Contra la propiedad intelectual/industrial;2021;252
ANDALUCÍA;5.7.-Contra la propiedad intelectual/industrial;2020;230
ANDALUCÍA;5.7.-Contra la propiedad intelectual/industrial;2019;485
ANDALUCÍA;5.7.-Contra la propiedad intelectual/industrial;2018;641
ANDALUCÍA;5.7.-Contra la propiedad intelectual/industrial;2017;412
ANDALUCÍA;5.7.-Contra la propiedad intelectual/industrial;2016;555
ANDALUCÍA;5.7.-Contra la propiedad intelectual/industrial;2015;518
ANDALUCÍA;5.7.-Contra la propiedad intelectual/industrial;2014;668
ANDALUCÍA;5.7.-Contra la propiedad intelectual/industrial;2013;901
ANDALUCÍA;5.7.-Contra la propiedad intelectual/industrial;2012;665
ANDALUCÍA;5.7.-Contra la propiedad intelectual/industrial;2011;500
ANDALUCÍA;5.7.-Contra la propiedad intelectual/industrial;2010;913
ANDALUCÍA;5.8.-Blanqueo de capitales;2023;272
ANDALUCÍA;5.8.-Blanqueo de capitales;2022;352
ANDALUCÍA;5.8.-Blanqueo de capitales;2021;253
ANDALUCÍA;5.8.-Blanqueo de capitales;2020;241
ANDALUCÍA;5.8.-Blanqueo de capitales;2019;313
ANDALUCÍA;5.8.-Blanqueo de capitales;2018;316
ANDALUCÍA;5.8.-Blanqueo de capitales;2017;150
ANDALUCÍA;5.8.-Blanqueo de capitales;2016;161
ANDALUCÍA;5.8.-Blanqueo de capitales;2015;142
ANDALUCÍA;5.8.-Blanqueo de capitales;2014;283
ANDALUCÍA;5.8.-Blanqueo de capitales;2013;222
ANDALUCÍA;5.8.-Blanqueo de capitales;2012;126
ANDALUCÍA;5.8.-Blanqueo de capitales;2011;97
ANDALUCÍA;5.8.-Blanqueo de capitales;2010;75
ANDALUCÍA;5.9.-Otros contra el patrimonio;2023;3.060
ANDALUCÍA;5.9.-Otros contra el patrimonio;2022;3.036
ANDALUCÍA;5.9.-Otros contra el patrimonio;2021;2.505
ANDALUCÍA;5.9.-Otros contra el patrimonio;2020;2.597
ANDALUCÍA;5.9.-Otros contra el patrimonio;2019;2.735
ANDALUCÍA;5.9.-Otros contra el patrimonio;2018;2.946
ANDALUCÍA;5.9.-Otros contra el patrimonio;2017;2.570
ANDALUCÍA;5.9.-Otros contra el patrimonio;2016;2.282
ANDALUCÍA;5.9.-Otros contra el patrimonio;2015;2.693
ANDALUCÍA;5.9.-Otros contra el patrimonio;2014;3.168
ANDALUCÍA;5.9.-Otros contra el patrimonio;2013;3.101
ANDALUCÍA;5.9.-Otros contra el patrimonio;2012;2.108
ANDALUCÍA;5.9.-Otros contra el patrimonio;2011;1.750
ANDALUCÍA;5.9.-Otros contra el patrimonio;2010;1.097
ANDALUCÍA;6. SEGURIDAD COLECTIVA;2023;16.227
ANDALUCÍA;6. SEGURIDAD COLECTIVA;2022;16.066
ANDALUCÍA;6. SEGURIDAD COLECTIVA;2021;16.452
ANDALUCÍA;6. SEGURIDAD COLECTIVA;2020;15.192
ANDALUCÍA;6. SEGURIDAD COLECTIVA;2019;16.087
ANDALUCÍA;6. SEGURIDAD COLECTIVA;2018;14.766
ANDALUCÍA;6. SEGURIDAD COLECTIVA;2017;13.637
ANDALUCÍA;6. SEGURIDAD COLECTIVA;2016;13.538
ANDALUCÍA;6. SEGURIDAD COLECTIVA;2015;14.371
ANDALUCÍA;6. SEGURIDAD COLECTIVA;2014;16.436
ANDALUCÍA;6. SEGURIDAD COLECTIVA;2013;17.254
ANDALUCÍA;6. SEGURIDAD COLECTIVA;2012;18.493
ANDALUCÍA;6. SEGURIDAD COLECTIVA;2011;19.645
ANDALUCÍA;6. SEGURIDAD COLECTIVA;2010;15.015
ANDALUCÍA;6.1.-Tráfico de drogas;2023;6.431
ANDALUCÍA;6.1.-Tráfico de drogas;2022;6.250
ANDALUCÍA;6.1.-Tráfico de drogas;2021;7.416
ANDALUCÍA;6.1.-Tráfico de drogas;2020;7.134
ANDALUCÍA;6.1.-Tráfico de drogas;2019;6.714
ANDALUCÍA;6.1.-Tráfico de drogas;2018;5.847
ANDALUCÍA;6.1.-Tráfico de drogas;2017;5.261
ANDALUCÍA;6.1.-Tráfico de drogas;2016;4.952
ANDALUCÍA;6.1.-Tráfico de drogas;2015;4.901
ANDALUCÍA;6.1.-Tráfico de drogas;2014;5.578
ANDALUCÍA;6.1.-Tráfico de drogas;2013;5.466
ANDALUCÍA;6.1.-Tráfico de drogas;2012;5.768
ANDALUCÍA;6.1.-Tráfico de drogas;2011;5.710
ANDALUCÍA;6.1.-Tráfico de drogas;2010;4.982
ANDALUCÍA;6.2.-Contra la seguridad vial;2023;9.438
ANDALUCÍA;6.2.-Contra la seguridad vial;2022;9.456
ANDALUCÍA;6.2.-Contra la seguridad vial;2021;8.652
ANDALUCÍA;6.2.-Contra la seguridad vial;2020;7.708
ANDALUCÍA;6.2.-Contra la seguridad vial;2019;8.997
ANDALUCÍA;6.2.-Contra la seguridad vial;2018;8.518
ANDALUCÍA;6.2.-Contra la seguridad vial;2017;7.990
ANDALUCÍA;6.2.-Contra la seguridad vial;2016;8.258
ANDALUCÍA;6.2.-Contra la seguridad vial;2015;9.187
ANDALUCÍA;6.2.-Contra la seguridad vial;2014;10.492
ANDALUCÍA;6.2.-Contra la seguridad vial;2013;11.408
ANDALUCÍA;6.2.-Contra la seguridad vial;2012;12.260
ANDALUCÍA;6.2.-Contra la seguridad vial;2011;13.590
ANDALUCÍA;6.2.-Contra la seguridad vial;2010;9.498
ANDALUCÍA;6.3.-Otros contra la seguridad colectiva;2023;358
ANDALUCÍA;6.3.-Otros contra la seguridad colectiva;2022;360
ANDALUCÍA;6.3.-Otros contra la seguridad colectiva;2021;384
ANDALUCÍA;6.3.-Otros contra la seguridad colectiva;2020;350
ANDALUCÍA;6.3.-Otros contra la seguridad colectiva;2019;376
ANDALUCÍA;6.3.-Otros contra la seguridad colectiva;2018;401
ANDALUCÍA;6.3.-Otros contra la seguridad colectiva;2017;386
ANDALUCÍA;6.3.-Otros contra la seguridad colectiva;2016;328
ANDALUCÍA;6.3.-Otros contra la seguridad colectiva;2015;283
ANDALUCÍA;6.3.-Otros contra la seguridad colectiva;2014;366
ANDALUCÍA;6.3.-Otros contra la seguridad colectiva;2013;380
ANDALUCÍA;6.3.-Otros contra la seguridad colectiva;2012;465
ANDALUCÍA;6.3.-Otros contra la seguridad colectiva;2011;345
ANDALUCÍA;6.3.-Otros contra la seguridad colectiva;2010;535
ANDALUCÍA;7. FALSEDADES;2023;1.977
ANDALUCÍA;7. FALSEDADES;2022;2.001
ANDALUCÍA;7. FALSEDADES;2021;2.100
ANDALUCÍA;7. FALSEDADES;2020;2.077
ANDALUCÍA;7. FALSEDADES;2019;1.737
ANDALUCÍA;7. FALSEDADES;2018;2.013
ANDALUCÍA;7. FALSEDADES;2017;1.880
ANDALUCÍA;7. FALSEDADES;2016;2.061
ANDALUCÍA;7. FALSEDADES;2015;2.921
ANDALUCÍA;7. FALSEDADES;2014;2.304
ANDALUCÍA;7. FALSEDADES;2013;3.179
ANDALUCÍA;7. FALSEDADES;2012;2.329
ANDALUCÍA;7. FALSEDADES;2011;2.135
ANDALUCÍA;7. FALSEDADES;2010;1.499
ANDALUCÍA;8. ADMÓN. PÚBLICA;2023;79
ANDALUCÍA;8. ADMÓN. PÚBLICA;2022;104
ANDALUCÍA;8. ADMÓN. PÚBLICA;2021;83
ANDALUCÍA;8. ADMÓN. PÚBLICA;2020;119
ANDALUCÍA;8. ADMÓN. PÚBLICA;2019;152
ANDALUCÍA;8. ADMÓN. PÚBLICA;2018;207
ANDALUCÍA;8. ADMÓN. PÚBLICA;2017;265
ANDALUCÍA;8. ADMÓN. PÚBLICA;2016;501
ANDALUCÍA;8. ADMÓN. PÚBLICA;2015;403
ANDALUCÍA;8. ADMÓN. PÚBLICA;2014;214
ANDALUCÍA;8. ADMÓN. PÚBLICA;2013;132
ANDALUCÍA;8. ADMÓN. PÚBLICA;2012;81
ANDALUCÍA;8. ADMÓN. PÚBLICA;2011;78
ANDALUCÍA;8. ADMÓN. PÚBLICA;2010;34
ANDALUCÍA;9. ADMÓN. JUSTICIA;2023;6.086
ANDALUCÍA;9. ADMÓN. JUSTICIA;2022;5.329
ANDALUCÍA;9. ADMÓN. JUSTICIA;2021;4.719
ANDALUCÍA;9. ADMÓN. JUSTICIA;2020;4.885
ANDALUCÍA;9. ADMÓN. JUSTICIA;2019;4.896
ANDALUCÍA;9. ADMÓN. JUSTICIA;2018;4.666
ANDALUCÍA;9. ADMÓN. JUSTICIA;2017;4.515
ANDALUCÍA;9. ADMÓN. JUSTICIA;2016;4.388
ANDALUCÍA;9. ADMÓN. JUSTICIA;2015;5.023
ANDALUCÍA;9. ADMÓN. JUSTICIA;2014;5.431
ANDALUCÍA;9. ADMÓN. JUSTICIA;2013;5.376
ANDALUCÍA;9. ADMÓN. JUSTICIA;2012;5.230
ANDALUCÍA;9. ADMÓN. JUSTICIA;2011;5.364
ANDALUCÍA;9. ADMÓN. JUSTICIA;2010;4.089
ANDALUCÍA;10. ORDEN PÚBLICO;2023;4.564
ANDALUCÍA;10. ORDEN PÚBLICO;2022;4.522
ANDALUCÍA;10. ORDEN PÚBLICO;2021;4.734
ANDALUCÍA;10. ORDEN PÚBLICO;2020;5.563
ANDALUCÍA;10. ORDEN PÚBLICO;2019;3.954
ANDALUCÍA;10. ORDEN PÚBLICO;2018;3.607
ANDALUCÍA;10. ORDEN PÚBLICO;2017;3.544
ANDALUCÍA;10. ORDEN PÚBLICO;2016;3.203
ANDALUCÍA;10. ORDEN PÚBLICO;2015;3.487
ANDALUCÍA;10. ORDEN PÚBLICO;2014;4.192
ANDALUCÍA;10. ORDEN PÚBLICO;2013;4.767
ANDALUCÍA;10. ORDEN PÚBLICO;2012;4.851
ANDALUCÍA;10. ORDEN PÚBLICO;2011;5.459
ANDALUCÍA;10. ORDEN PÚBLICO;2010;4.485
ANDALUCÍA;11. LEGISLACIÓN ESPECIAL;2023;208
ANDALUCÍA;11. LEGISLACIÓN ESPECIAL;2022;360
ANDALUCÍA;11. LEGISLACIÓN ESPECIAL;2021;423
ANDALUCÍA;11. LEGISLACIÓN ESPECIAL;2020;418
ANDALUCÍA;11. LEGISLACIÓN ESPECIAL;2019;421
ANDALUCÍA;11. LEGISLACIÓN ESPECIAL;2018;309
ANDALUCÍA;11. LEGISLACIÓN ESPECIAL;2017;208
ANDALUCÍA;11. LEGISLACIÓN ESPECIAL;2016;212
ANDALUCÍA;11. LEGISLACIÓN ESPECIAL;2015;126
ANDALUCÍA;11. LEGISLACIÓN ESPECIAL;2014;134
ANDALUCÍA;11. LEGISLACIÓN ESPECIAL;2013;189
ANDALUCÍA;11. LEGISLACIÓN ESPECIAL;2012;122
ANDALUCÍA;11. LEGISLACIÓN ESPECIAL;2011;129
ANDALUCÍA;11. LEGISLACIÓN ESPECIAL;2010;88
ANDALUCÍA;12. OTRAS INFRACCIONES PENALES;2023;1.704
ANDALUCÍA;12. OTRAS INFRACCIONES PENALES;2022;1.695
ANDALUCÍA;12. OTRAS INFRACCIONES PENALES;2021;1.799
ANDALUCÍA;12. OTRAS INFRACCIONES PENALES;2020;1.633
ANDALUCÍA;12. OTRAS INFRACCIONES PENALES;2019;1.876
ANDALUCÍA;12. OTRAS INFRACCIONES PENALES;2018;1.523
ANDALUCÍA;12. OTRAS INFRACCIONES PENALES;2017;1.576
ANDALUCÍA;12. OTRAS INFRACCIONES PENALES;2016;1.284
ANDALUCÍA;12. OTRAS INFRACCIONES PENALES;2015;1.045
ANDALUCÍA;12. OTRAS INFRACCIONES PENALES;2014;1.125
ANDALUCÍA;12. OTRAS INFRACCIONES PENALES;2013;1.020
ANDALUCÍA;12. OTRAS INFRACCIONES PENALES;2012;953
ANDALUCÍA;12. OTRAS INFRACCIONES PENALES;2011;830
ANDALUCÍA;12. OTRAS INFRACCIONES PENALES;2010;815
ANDALUCÍA;TOTAL INFRACCIONES PENALES;2023;101.210
ANDALUCÍA;TOTAL INFRACCIONES PENALES;2022;93.078
ANDALUCÍA;TOTAL INFRACCIONES PENALES;2021;86.571
ANDALUCÍA;TOTAL INFRACCIONES PENALES;2020;82.665
ANDALUCÍA;TOTAL INFRACCIONES PENALES;2019;89.729
ANDALUCÍA;TOTAL INFRACCIONES PENALES;2018;87.199
ANDALUCÍA;TOTAL INFRACCIONES PENALES;2017;84.846
ANDALUCÍA;TOTAL INFRACCIONES PENALES;2016;82.911
ANDALUCÍA;TOTAL INFRACCIONES PENALES;2015;87.465
ANDALUCÍA;TOTAL INFRACCIONES PENALES;2014;95.241
ANDALUCÍA;TOTAL INFRACCIONES PENALES;2013;100.589
ANDALUCÍA;TOTAL INFRACCIONES PENALES;2012;100.409
ANDALUCÍA;TOTAL INFRACCIONES PENALES;2011;103.249
ANDALUCÍA;TOTAL INFRACCIONES PENALES;2010;69.597
ARAGÓN;1. CONTRA LAS PERSONAS;2023;3.880
ARAGÓN;1. CONTRA LAS PERSONAS;2022;3.576
ARAGÓN;1. CONTRA LAS PERSONAS;2021;2.750
ARAGÓN;1. CONTRA LAS PERSONAS;2020;2.674
ARAGÓN;1. CONTRA LAS PERSONAS;2019;2.957
ARAGÓN;1. CONTRA LAS PERSONAS;2018;2.796
ARAGÓN;1. CONTRA LAS PERSONAS;2017;2.595
ARAGÓN;1. CONTRA LAS PERSONAS;2016;2.535
ARAGÓN;1. CONTRA LAS PERSONAS;2015;2.524
ARAGÓN;1. CONTRA LAS PERSONAS;2014;2.959
ARAGÓN;1. CONTRA LAS PERSONAS;2013;3.246
ARAGÓN;1. CONTRA LAS PERSONAS;2012;3.124
ARAGÓN;1. CONTRA LAS PERSONAS;2011;3.314
ARAGÓN;1. CONTRA LAS PERSONAS;2010;2.180
ARAGÓN;1.1.-Homicidios dolosos/asesinatos;2023;51
ARAGÓN;1.1.-Homicidios dolosos/asesinatos;2022;55
ARAGÓN;1.1.-Homicidios dolosos/asesinatos;2021;21
ARAGÓN;1.1.-Homicidios dolosos/asesinatos;2020;41
ARAGÓN;1.1.-Homicidios dolosos/asesinatos;2019;18
ARAGÓN;1.1.-Homicidios dolosos/asesinatos;2018;12
ARAGÓN;1.1.-Homicidios dolosos/asesinatos;2017;31
ARAGÓN;1.1.-Homicidios dolosos/asesinatos;2016;31
ARAGÓN;1.1.-Homicidios dolosos/asesinatos;2015;29
ARAGÓN;1.1.-Homicidios dolosos/asesinatos;2014;15
ARAGÓN;1.1.-Homicidios dolosos/asesinatos;2013;17
ARAGÓN;1.1.-Homicidios dolosos/asesinatos;2012;23
ARAGÓN;1.1.-Homicidios dolosos/asesinatos;2011;21
ARAGÓN;1.1.-Homicidios dolosos/asesinatos;2010;29
ARAGÓN;1.1.1.-Homicidios dolosos/asesinatos consumados;2023;12
ARAGÓN;1.1.1.-Homicidios dolosos/asesinatos consumados;2022;15
ARAGÓN;1.1.1.-Homicidios dolosos/asesinatos consumados;2021;6
ARAGÓN;1.1.1.-Homicidios dolosos/asesinatos consumados;2020;4
ARAGÓN;1.1.1.-Homicidios dolosos/asesinatos consumados;2019;8
ARAGÓN;1.1.1.-Homicidios dolosos/asesinatos consumados;2018;7
ARAGÓN;1.1.1.-Homicidios dolosos/asesinatos consumados;2017;10
ARAGÓN;1.1.1.-Homicidios dolosos/asesinatos consumados;2016;13
ARAGÓN;1.1.1.-Homicidios dolosos/asesinatos consumados;2015;11
ARAGÓN;1.1.1.-Homicidios dolosos/asesinatos consumados;2014;5
ARAGÓN;1.1.1.-Homicidios dolosos/asesinatos consumados;2013;13
ARAGÓN;1.1.1.-Homicidios dolosos/asesinatos consumados;2012;14
ARAGÓN;1.1.1.-Homicidios dolosos/asesinatos consumados;2011;12
ARAGÓN;1.1.1.-Homicidios dolosos/asesinatos consumados;2010;10
ARAGÓN;1.2.-Lesiones;2023;1.142
ARAGÓN;1.2.-Lesiones;2022;1.235
ARAGÓN;1.2.-Lesiones;2021;872
ARAGÓN;1.2.-Lesiones;2020;774
ARAGÓN;1.2.-Lesiones;2019;1.023
ARAGÓN;1.2.-Lesiones;2018;899
ARAGÓN;1.2.-Lesiones;2017;844
ARAGÓN;1.2.-Lesiones;2016;825
ARAGÓN;1.2.-Lesiones;2015;779
ARAGÓN;1.2.-Lesiones;2014;914
ARAGÓN;1.2.-Lesiones;2013;1.090
ARAGÓN;1.2.-Lesiones;2012;1.098
ARAGÓN;1.2.-Lesiones;2011;1.122
ARAGÓN;1.2.-Lesiones;2010;585
ARAGÓN;1.3.-Malos tratos ámbito familiar;2023;2.545
ARAGÓN;1.3.-Malos tratos ámbito familiar;2022;2.180
ARAGÓN;1.3.-Malos tratos ámbito familiar;2021;1.755
ARAGÓN;1.3.-Malos tratos ámbito familiar;2020;1.773
ARAGÓN;1.3.-Malos tratos ámbito familiar;2019;1.877
ARAGÓN;1.3.-Malos tratos ámbito familiar;2018;1.798
ARAGÓN;1.3.-Malos tratos ámbito familiar;2017;1.662
ARAGÓN;1.3.-Malos tratos ámbito familiar;2016;1.634
ARAGÓN;1.3.-Malos tratos ámbito familiar;2015;1.503
ARAGÓN;1.3.-Malos tratos ámbito familiar;2014;1.572
ARAGÓN;1.3.-Malos tratos ámbito familiar;2013;1.632
ARAGÓN;1.3.-Malos tratos ámbito familiar;2012;1.502
ARAGÓN;1.3.-Malos tratos ámbito familiar;2011;1.747
ARAGÓN;1.3.-Malos tratos ámbito familiar;2010;1.398
ARAGÓN;1.4.-Otros contra las personas;2023;142
ARAGÓN;1.4.-Otros contra las personas;2022;106
ARAGÓN;1.4.-Otros contra las personas;2021;102
ARAGÓN;1.4.-Otros contra las personas;2020;86
ARAGÓN;1.4.-Otros contra las personas;2019;39
ARAGÓN;1.4.-Otros contra las personas;2018;87
ARAGÓN;1.4.-Otros contra las personas;2017;58
ARAGÓN;1.4.-Otros contra las personas;2016;45
ARAGÓN;1.4.-Otros contra las personas;2015;213
ARAGÓN;1.4.-Otros contra las personas;2014;458
ARAGÓN;1.4.-Otros contra las personas;2013;507
ARAGÓN;1.4.-Otros contra las personas;2012;501
ARAGÓN;1.4.-Otros contra las personas;2011;424
ARAGÓN;1.4.-Otros contra las personas;2010;168
ARAGÓN;2. CONTRA LA LIBERTAD;2023;1.406
ARAGÓN;2. CONTRA LA LIBERTAD;2022;1.262
ARAGÓN;2. CONTRA LA LIBERTAD;2021;1.152
ARAGÓN;2. CONTRA LA LIBERTAD;2020;1.047
ARAGÓN;2. CONTRA LA LIBERTAD;2019;1.095
ARAGÓN;2. CONTRA LA LIBERTAD;2018;994
ARAGÓN;2. CONTRA LA LIBERTAD;2017;916
ARAGÓN;2. CONTRA LA LIBERTAD;2016;941
ARAGÓN;2. CONTRA LA LIBERTAD;2015;796
ARAGÓN;2. CONTRA LA LIBERTAD;2014;805
ARAGÓN;2. CONTRA LA LIBERTAD;2013;820
ARAGÓN;2. CONTRA LA LIBERTAD;2012;812
ARAGÓN;2. CONTRA LA LIBERTAD;2011;926
ARAGÓN;2. CONTRA LA LIBERTAD;2010;766
ARAGÓN;2.1.-Malos tratos habituales en el ámbito familiar;2023;257
ARAGÓN;2.1.-Malos tratos habituales en el ámbito familiar;2022;240
ARAGÓN;2.1.-Malos tratos habituales en el ámbito familiar;2021;265
ARAGÓN;2.1.-Malos tratos habituales en el ámbito familiar;2020;246
ARAGÓN;2.1.-Malos tratos habituales en el ámbito familiar;2019;241
ARAGÓN;2.1.-Malos tratos habituales en el ámbito familiar;2018;249
ARAGÓN;2.1.-Malos tratos habituales en el ámbito familiar;2017;238
ARAGÓN;2.1.-Malos tratos habituales en el ámbito familiar;2016;216
ARAGÓN;2.1.-Malos tratos habituales en el ámbito familiar;2015;257
ARAGÓN;2.1.-Malos tratos habituales en el ámbito familiar;2014;322
ARAGÓN;2.1.-Malos tratos habituales en el ámbito familiar;2013;367
ARAGÓN;2.1.-Malos tratos habituales en el ámbito familiar;2012;365
ARAGÓN;2.1.-Malos tratos habituales en el ámbito familiar;2011;422
ARAGÓN;2.1.-Malos tratos habituales en el ámbito familiar;2010;390
ARAGÓN;2.2.-Otros contra la libertad;2023;1.149
ARAGÓN;2.2.-Otros contra la libertad;2022;1.022
ARAGÓN;2.2.-Otros contra la libertad;2021;887
ARAGÓN;2.2.-Otros contra la libertad;2020;801
ARAGÓN;2.2.-Otros contra la libertad;2019;854
ARAGÓN;2.2.-Otros contra la libertad;2018;745
ARAGÓN;2.2.-Otros contra la libertad;2017;678
ARAGÓN;2.2.-Otros contra la libertad;2016;725
ARAGÓN;2.2.-Otros contra la libertad;2015;539
ARAGÓN;2.2.-Otros contra la libertad;2014;483
ARAGÓN;2.2.-Otros contra la libertad;2013;453
ARAGÓN;2.2.-Otros contra la libertad;2012;447
ARAGÓN;2.2.-Otros contra la libertad;2011;504
ARAGÓN;2.2.-Otros contra la libertad;2010;376
ARAGÓN;3. LIBERTAD SEXUAL;2023;326
ARAGÓN;3. LIBERTAD SEXUAL;2022;320
ARAGÓN;3. LIBERTAD SEXUAL;2021;317
ARAGÓN;3. LIBERTAD SEXUAL;2020;224
ARAGÓN;3. LIBERTAD SEXUAL;2019;230
ARAGÓN;3. LIBERTAD SEXUAL;2018;200
ARAGÓN;3. LIBERTAD SEXUAL;2017;182
ARAGÓN;3. LIBERTAD SEXUAL;2016;166
ARAGÓN;3. LIBERTAD SEXUAL;2015;169
ARAGÓN;3. LIBERTAD SEXUAL;2014;155
ARAGÓN;3. LIBERTAD SEXUAL;2013;174
ARAGÓN;3. LIBERTAD SEXUAL;2012;163
ARAGÓN;3. LIBERTAD SEXUAL;2011;205
ARAGÓN;3. LIBERTAD SEXUAL;2010;190
ARAGÓN;3.1.-Agresión sexual;2023;205
ARAGÓN;3.1.-Agresión sexual;2022;183
ARAGÓN;3.1.-Agresión sexual;2021;165
ARAGÓN;3.1.-Agresión sexual;2020;121
ARAGÓN;3.1.-Agresión sexual;2019;142
ARAGÓN;3.1.-Agresión sexual;2018;117
ARAGÓN;3.1.-Agresión sexual;2017;102
ARAGÓN;3.1.-Agresión sexual;2016;99
ARAGÓN;3.1.-Agresión sexual;2015;88
ARAGÓN;3.1.-Agresión sexual;2014;74
ARAGÓN;3.1.-Agresión sexual;2013;70
ARAGÓN;3.1.-Agresión sexual;2012;80
ARAGÓN;3.1.-Agresión sexual;2011;112
ARAGÓN;3.1.-Agresión sexual;2010;90
ARAGÓN;3.2.-Agresión sexual con penetración;2023;67
ARAGÓN;3.2.-Agresión sexual con penetración;2022;80
ARAGÓN;3.2.-Agresión sexual con penetración;2021;92
ARAGÓN;3.2.-Agresión sexual con penetración;2020;57
ARAGÓN;3.2.-Agresión sexual con penetración;2019;35
ARAGÓN;3.2.-Agresión sexual con penetración;2018;39
ARAGÓN;3.2.-Agresión sexual con penetración;2017;32
ARAGÓN;3.2.-Agresión sexual con penetración;2016;35
ARAGÓN;3.2.-Agresión sexual con penetración;2015;30
ARAGÓN;3.2.-Agresión sexual con penetración;2014;40
ARAGÓN;3.2.-Agresión sexual con penetración;2013;28
ARAGÓN;3.2.-Agresión sexual con penetración;2012;40
ARAGÓN;3.2.-Agresión sexual con penetración;2011;39
ARAGÓN;3.2.-Agresión sexual con penetración;2010;48
ARAGÓN;3.3.-Corrupción de menores o incapacitados;2023;5
ARAGÓN;3.3.-Corrupción de menores o incapacitados;2022;6
ARAGÓN;3.3.-Corrupción de menores o incapacitados;2021;5
ARAGÓN;3.3.-Corrupción de menores o incapacitados;2020;6
ARAGÓN;3.3.-Corrupción de menores o incapacitados;2019;5
ARAGÓN;3.3.-Corrupción de menores o incapacitados;2018;3
ARAGÓN;3.3.-Corrupción de menores o incapacitados;2017;8
ARAGÓN;3.3.-Corrupción de menores o incapacitados;2016;7
ARAGÓN;3.3.-Corrupción de menores o incapacitados;2015;14
ARAGÓN;3.3.-Corrupción de menores o incapacitados;2014;10
ARAGÓN;3.3.-Corrupción de menores o incapacitados;2013;17
ARAGÓN;3.3.-Corrupción de menores o incapacitados;2012;5
ARAGÓN;3.3.-Corrupción de menores o incapacitados;2011;11
ARAGÓN;3.3.-Corrupción de menores o incapacitados;2010;6
ARAGÓN;3.4.-Pornografía de menores;2023;16
ARAGÓN;3.4.-Pornografía de menores;2022;12
ARAGÓN;3.4.-Pornografía de menores;2021;20
ARAGÓN;3.4.-Pornografía de menores;2020;14
ARAGÓN;3.4.-Pornografía de menores;2019;22
ARAGÓN;3.4.-Pornografía de menores;2018;19
ARAGÓN;3.4.-Pornografía de menores;2017;20
ARAGÓN;3.4.-Pornografía de menores;2016;4
ARAGÓN;3.4.-Pornografía de menores;2015;20
ARAGÓN;3.4.-Pornografía de menores;2014;11
ARAGÓN;3.4.-Pornografía de menores;2013;28
ARAGÓN;3.4.-Pornografía de menores;2012;16
ARAGÓN;3.4.-Pornografía de menores;2011;19
ARAGÓN;3.4.-Pornografía de menores;2010;16
ARAGÓN;3.5.-Otros contra la libertad sexual;2023;33
ARAGÓN;3.5.-Otros contra la libertad sexual;2022;39
ARAGÓN;3.5.-Otros contra la libertad sexual;2021;35
ARAGÓN;3.5.-Otros contra la libertad sexual;2020;26
ARAGÓN;3.5.-Otros contra la libertad sexual;2019;26
ARAGÓN;3.5.-Otros contra la libertad sexual;2018;22
ARAGÓN;3.5.-Otros contra la libertad sexual;2017;20
ARAGÓN;3.5.-Otros contra la libertad sexual;2016;21
ARAGÓN;3.5.-Otros contra la libertad sexual;2015;17
ARAGÓN;3.5.-Otros contra la libertad sexual;2014;20
ARAGÓN;3.5.-Otros contra la libertad sexual;2013;31
ARAGÓN;3.5.-Otros contra la libertad sexual;2012;22
ARAGÓN;3.5.-Otros contra la libertad sexual;2011;24
ARAGÓN;3.5.-Otros contra la libertad sexual;2010;30
ARAGÓN;4. RELACIONES FAMILIARES;2023;30
ARAGÓN;4. RELACIONES FAMILIARES;2022;25
ARAGÓN;4. RELACIONES FAMILIARES;2021;23
ARAGÓN;4. RELACIONES FAMILIARES;2020;20
ARAGÓN;4. RELACIONES FAMILIARES;2019;27
ARAGÓN;4. RELACIONES FAMILIARES;2018;34
ARAGÓN;4. RELACIONES FAMILIARES;2017;38
ARAGÓN;4. RELACIONES FAMILIARES;2016;48
ARAGÓN;4. RELACIONES FAMILIARES;2015;59
ARAGÓN;4. RELACIONES FAMILIARES;2014;85
ARAGÓN;4. RELACIONES FAMILIARES;2013;51
ARAGÓN;4. RELACIONES FAMILIARES;2012;56
ARAGÓN;4. RELACIONES FAMILIARES;2011;81
ARAGÓN;4. RELACIONES FAMILIARES;2010;43
ARAGÓN;5. PATRIMONIO;2023;3.463
ARAGÓN;5. PATRIMONIO;2022;3.482
ARAGÓN;5. PATRIMONIO;2021;2.964
ARAGÓN;5. PATRIMONIO;2020;2.987
ARAGÓN;5. PATRIMONIO;2019;3.576
ARAGÓN;5. PATRIMONIO;2018;3.249
ARAGÓN;5. PATRIMONIO;2017;3.199
ARAGÓN;5. PATRIMONIO;2016;3.463
ARAGÓN;5. PATRIMONIO;2015;3.635
ARAGÓN;5. PATRIMONIO;2014;4.696
ARAGÓN;5. PATRIMONIO;2013;5.005
ARAGÓN;5. PATRIMONIO;2012;4.918
ARAGÓN;5. PATRIMONIO;2011;5.599
ARAGÓN;5. PATRIMONIO;2010;3.556
ARAGÓN;5.1.-Hurtos;2023;928
ARAGÓN;5.1.-Hurtos;2022;894
ARAGÓN;5.1.-Hurtos;2021;683
ARAGÓN;5.1.-Hurtos;2020;828
ARAGÓN;5.1.-Hurtos;2019;1.218
ARAGÓN;5.1.-Hurtos;2018;1.267
ARAGÓN;5.1.-Hurtos;2017;1.154
ARAGÓN;5.1.-Hurtos;2016;1.339
ARAGÓN;5.1.-Hurtos;2015;1.532
ARAGÓN;5.1.-Hurtos;2014;2.008
ARAGÓN;5.1.-Hurtos;2013;2.012
ARAGÓN;5.1.-Hurtos;2012;1.971
ARAGÓN;5.1.-Hurtos;2011;1.790
ARAGÓN;5.1.-Hurtos;2010;975
ARAGÓN;5.2.-Robos con fuerza en las cosas;2023;689
ARAGÓN;5.2.-Robos con fuerza en las cosas;2022;757
ARAGÓN;5.2.-Robos con fuerza en las cosas;2021;751
ARAGÓN;5.2.-Robos con fuerza en las cosas;2020;771
ARAGÓN;5.2.-Robos con fuerza en las cosas;2019;748
ARAGÓN;5.2.-Robos con fuerza en las cosas;2018;554
ARAGÓN;5.2.-Robos con fuerza en las cosas;2017;652
ARAGÓN;5.2.-Robos con fuerza en las cosas;2016;730
ARAGÓN;5.2.-Robos con fuerza en las cosas;2015;716
ARAGÓN;5.2.-Robos con fuerza en las cosas;2014;1.042
ARAGÓN;5.2.-Robos con fuerza en las cosas;2013;1.141
ARAGÓN;5.2.-Robos con fuerza en las cosas;2012;1.187
ARAGÓN;5.2.-Robos con fuerza en las cosas;2011;1.737
ARAGÓN;5.2.-Robos con fuerza en las cosas;2010;1.157
ARAGÓN;5.2.1.-Robos con fuerza en las cosas en el interior de vehículos;2023;87
ARAGÓN;5.2.1.-Robos con fuerza en las cosas en el interior de vehículos;2022;113
ARAGÓN;5.2.1.-Robos con fuerza en las cosas en el interior de vehículos;2021;121
ARAGÓN;5.2.1.-Robos con fuerza en las cosas en el interior de vehículos;2020;79
ARAGÓN;5.2.1.-Robos con fuerza en las cosas en el interior de vehículos;2019;106
ARAGÓN;5.2.1.-Robos con fuerza en las cosas en el interior de vehículos;2018;82
ARAGÓN;5.2.1.-Robos con fuerza en las cosas en el interior de vehículos;2017;75
ARAGÓN;5.2.1.-Robos con fuerza en las cosas en el interior de vehículos;2016;106
ARAGÓN;5.2.1.-Robos con fuerza en las cosas en el interior de vehículos;2015;85
ARAGÓN;5.2.1.-Robos con fuerza en las cosas en el interior de vehículos;2014;117
ARAGÓN;5.2.1.-Robos con fuerza en las cosas en el interior de vehículos;2013;117
ARAGÓN;5.2.1.-Robos con fuerza en las cosas en el interior de vehículos;2012;146
ARAGÓN;5.2.1.-Robos con fuerza en las cosas en el interior de vehículos;2011;152
ARAGÓN;5.2.1.-Robos con fuerza en las cosas en el interior de vehículos;2010;116
ARAGÓN;5.2.2.-Robos con fuerza en viviendas;2023;210
ARAGÓN;5.2.2.-Robos con fuerza en viviendas;2022;198
ARAGÓN;5.2.2.-Robos con fuerza en viviendas;2021;197
ARAGÓN;5.2.2.-Robos con fuerza en viviendas;2020;257
ARAGÓN;5.2.2.-Robos con fuerza en viviendas;2019;252
ARAGÓN;5.2.2.-Robos con fuerza en viviendas;2018;174
ARAGÓN;5.2.2.-Robos con fuerza en viviendas;2017;219
ARAGÓN;5.2.2.-Robos con fuerza en viviendas;2016;276
ARAGÓN;5.2.2.-Robos con fuerza en viviendas;2015;279
ARAGÓN;5.2.2.-Robos con fuerza en viviendas;2014;357
ARAGÓN;5.2.2.-Robos con fuerza en viviendas;2013;398
ARAGÓN;5.2.2.-Robos con fuerza en viviendas;2012;335
ARAGÓN;5.2.2.-Robos con fuerza en viviendas;2011;302
ARAGÓN;5.2.2.-Robos con fuerza en viviendas;2010;248
ARAGÓN;5.2.3.-Robos con fuerza en establecimientos;2023;197
ARAGÓN;5.2.3.-Robos con fuerza en establecimientos;2022;249
ARAGÓN;5.2.3.-Robos con fuerza en establecimientos;2021;236
ARAGÓN;5.2.3.-Robos con fuerza en establecimientos;2020;309
ARAGÓN;5.2.3.-Robos con fuerza en establecimientos;2019;207
ARAGÓN;5.2.3.-Robos con fuerza en establecimientos;2018;111
ARAGÓN;5.2.3.-Robos con fuerza en establecimientos;2017;184
ARAGÓN;5.2.3.-Robos con fuerza en establecimientos;2016;156
ARAGÓN;5.2.3.-Robos con fuerza en establecimientos;2015;134
ARAGÓN;5.2.3.-Robos con fuerza en establecimientos;2014;206
ARAGÓN;5.2.3.-Robos con fuerza en establecimientos;2013;232
ARAGÓN;5.2.3.-Robos con fuerza en establecimientos;2012;282
ARAGÓN;5.2.3.-Robos con fuerza en establecimientos;2011;392
ARAGÓN;5.2.3.-Robos con fuerza en establecimientos;2010;307
ARAGÓN;5.3.-Robos con violencia o intimidación;2023;586
ARAGÓN;5.3.-Robos con violencia o intimidación;2022;673
ARAGÓN;5.3.-Robos con violencia o intimidación;2021;538
ARAGÓN;5.3.-Robos con violencia o intimidación;2020;400
ARAGÓN;5.3.-Robos con violencia o intimidación;2019;463
ARAGÓN;5.3.-Robos con violencia o intimidación;2018;426
ARAGÓN;5.3.-Robos con violencia o intimidación;2017;415
ARAGÓN;5.3.-Robos con violencia o intimidación;2016;431
ARAGÓN;5.3.-Robos con violencia o intimidación;2015;389
ARAGÓN;5.3.-Robos con violencia o intimidación;2014;431
ARAGÓN;5.3.-Robos con violencia o intimidación;2013;550
ARAGÓN;5.3.-Robos con violencia o intimidación;2012;658
ARAGÓN;5.3.-Robos con violencia o intimidación;2011;717
ARAGÓN;5.3.-Robos con violencia o intimidación;2010;540
ARAGÓN;5.3.1.-Robos con violencia en vía pública;2023;360
ARAGÓN;5.3.1.-Robos con violencia en vía pública;2022;474
ARAGÓN;5.3.1.-Robos con violencia en vía pública;2021;351
ARAGÓN;5.3.1.-Robos con violencia en vía pública;2020;268
ARAGÓN;5.3.1.-Robos con violencia en vía pública;2019;292
ARAGÓN;5.3.1.-Robos con violencia en vía pública;2018;243
ARAGÓN;5.3.1.-Robos con violencia en vía pública;2017;236
ARAGÓN;5.3.1.-Robos con violencia en vía pública;2016;272
ARAGÓN;5.3.1.-Robos con violencia en vía pública;2015;224
ARAGÓN;5.3.1.-Robos con violencia en vía pública;2014;227
ARAGÓN;5.3.1.-Robos con violencia en vía pública;2013;293
ARAGÓN;5.3.1.-Robos con violencia en vía pública;2012;387
ARAGÓN;5.3.1.-Robos con violencia en vía pública;2011;387
ARAGÓN;5.3.1.-Robos con violencia en vía pública;2010;321
ARAGÓN;5.3.2.-Robos con violencia en viviendas;2023;23
ARAGÓN;5.3.2.-Robos con violencia en viviendas;2022;23
ARAGÓN;5.3.2.-Robos con violencia en viviendas;2021;27
ARAGÓN;5.3.2.-Robos con violencia en viviendas;2020;18
ARAGÓN;5.3.2.-Robos con violencia en viviendas;2019;30
ARAGÓN;5.3.2.-Robos con violencia en viviendas;2018;26
ARAGÓN;5.3.2.-Robos con violencia en viviendas;2017;47
ARAGÓN;5.3.2.-Robos con violencia en viviendas;2016;35
ARAGÓN;5.3.2.-Robos con violencia en viviendas;2015;24
ARAGÓN;5.3.2.-Robos con violencia en viviendas;2014;42
ARAGÓN;5.3.2.-Robos con violencia en viviendas;2013;36
ARAGÓN;5.3.2.-Robos con violencia en viviendas;2012;61
ARAGÓN;5.3.2.-Robos con violencia en viviendas;2011;44
ARAGÓN;5.3.2.-Robos con violencia en viviendas;2010;33
ARAGÓN;5.3.3.-Robos con violencia en establecimientos;2023;154
ARAGÓN;5.3.3.-Robos con violencia en establecimientos;2022;131
ARAGÓN;5.3.3.-Robos con violencia en establecimientos;2021;114
ARAGÓN;5.3.3.-Robos con violencia en establecimientos;2020;83
ARAGÓN;5.3.3.-Robos con violencia en establecimientos;2019;103
ARAGÓN;5.3.3.-Robos con violencia en establecimientos;2018;106
ARAGÓN;5.3.3.-Robos con violencia en establecimientos;2017;97
ARAGÓN;5.3.3.-Robos con violencia en establecimientos;2016;91
ARAGÓN;5.3.3.-Robos con violencia en establecimientos;2015;110
ARAGÓN;5.3.3.-Robos con violencia en establecimientos;2014;122
ARAGÓN;5.3.3.-Robos con violencia en establecimientos;2013;130
ARAGÓN;5.3.3.-Robos con violencia en establecimientos;2012;133
ARAGÓN;5.3.3.-Robos con violencia en establecimientos;2011;162
ARAGÓN;5.3.3.-Robos con violencia en establecimientos;2010;119
ARAGÓN;5.4.-Sustracción de vehículos;2023;38
ARAGÓN;5.4.-Sustracción de vehículos;2022;40
ARAGÓN;5.4.-Sustracción de vehículos;2021;55
ARAGÓN;5.4.-Sustracción de vehículos;2020;38
ARAGÓN;5.4.-Sustracción de vehículos;2019;35
ARAGÓN;5.4.-Sustracción de vehículos;2018;47
ARAGÓN;5.4.-Sustracción de vehículos;2017;76
ARAGÓN;5.4.-Sustracción de vehículos;2016;60
ARAGÓN;5.4.-Sustracción de vehículos;2015;63
ARAGÓN;5.4.-Sustracción de vehículos;2014;90
ARAGÓN;5.4.-Sustracción de vehículos;2013;86
ARAGÓN;5.4.-Sustracción de vehículos;2012;112
ARAGÓN;5.4.-Sustracción de vehículos;2011;161
ARAGÓN;5.4.-Sustracción de vehículos;2010;114
ARAGÓN;5.5.-Estafas;2023;607
ARAGÓN;5.5.-Estafas;2022;467
ARAGÓN;5.5.-Estafas;2021;350
ARAGÓN;5.5.-Estafas;2020;339
ARAGÓN;5.5.-Estafas;2019;486
ARAGÓN;5.5.-Estafas;2018;360
ARAGÓN;5.5.-Estafas;2017;368
ARAGÓN;5.5.-Estafas;2016;313
ARAGÓN;5.5.-Estafas;2015;288
ARAGÓN;5.5.-Estafas;2014;323
ARAGÓN;5.5.-Estafas;2013;462
ARAGÓN;5.5.-Estafas;2012;276
ARAGÓN;5.5.-Estafas;2011;356
ARAGÓN;5.5.-Estafas;2010;246
ARAGÓN;5.5.1.-Estafas informáticas;2023;386
ARAGÓN;5.5.1.-Estafas informáticas;2022;231
ARAGÓN;5.5.1.-Estafas informáticas;2021;193
ARAGÓN;5.5.1.-Estafas informáticas;2020;163
ARAGÓN;5.5.1.-Estafas informáticas;2019;209
ARAGÓN;5.5.1.-Estafas informáticas;2018;42
ARAGÓN;5.5.1.-Estafas informáticas;2017;46
ARAGÓN;5.5.1.-Estafas informáticas;2016;62
ARAGÓN;5.5.1.-Estafas informáticas;2015;62
ARAGÓN;5.5.1.-Estafas informáticas;2014;74
ARAGÓN;5.5.1.-Estafas informáticas;2013;74
ARAGÓN;5.5.1.-Estafas informáticas;2012;38
ARAGÓN;5.5.1.-Estafas informáticas;2011;77
ARAGÓN;5.5.1.-Estafas informáticas;2010;57
ARAGÓN;5.6.-Daños;2023;323
ARAGÓN;5.6.-Daños;2022;357
ARAGÓN;5.6.-Daños;2021;341
ARAGÓN;5.6.-Daños;2020;359
ARAGÓN;5.6.-Daños;2019;295
ARAGÓN;5.6.-Daños;2018;315
ARAGÓN;5.6.-Daños;2017;295
ARAGÓN;5.6.-Daños;2016;309
ARAGÓN;5.6.-Daños;2015;317
ARAGÓN;5.6.-Daños;2014;372
ARAGÓN;5.6.-Daños;2013;373
ARAGÓN;5.6.-Daños;2012;403
ARAGÓN;5.6.-Daños;2011;546
ARAGÓN;5.6.-Daños;2010;265
ARAGÓN;5.7.-Contra la propiedad intelectual/industrial;2023;18
ARAGÓN;5.7.-Contra la propiedad intelectual/industrial;2022;30
ARAGÓN;5.7.-Contra la propiedad intelectual/industrial;2021;17
ARAGÓN;5.7.-Contra la propiedad intelectual/industrial;2020;8
ARAGÓN;5.7.-Contra la propiedad intelectual/industrial;2019;37
ARAGÓN;5.7.-Contra la propiedad intelectual/industrial;2018;14
ARAGÓN;5.7.-Contra la propiedad intelectual/industrial;2017;10
ARAGÓN;5.7.-Contra la propiedad intelectual/industrial;2016;17
ARAGÓN;5.7.-Contra la propiedad intelectual/industrial;2015;19
ARAGÓN;5.7.-Contra la propiedad intelectual/industrial;2014;23
ARAGÓN;5.7.-Contra la propiedad intelectual/industrial;2013;34
ARAGÓN;5.7.-Contra la propiedad intelectual/industrial;2012;23
ARAGÓN;5.7.-Contra la propiedad intelectual/industrial;2011;28
ARAGÓN;5.7.-Contra la propiedad intelectual/industrial;2010;89
ARAGÓN;5.8.-Blanqueo de capitales;2023;3
ARAGÓN;5.8.-Blanqueo de capitales;2022;5
ARAGÓN;5.8.-Blanqueo de capitales;2021;0
ARAGÓN;5.8.-Blanqueo de capitales;2020;2
ARAGÓN;5.8.-Blanqueo de capitales;2019;0
ARAGÓN;5.8.-Blanqueo de capitales;2018;11
ARAGÓN;5.8.-Blanqueo de capitales;2017;12
ARAGÓN;5.8.-Blanqueo de capitales;2016;6
ARAGÓN;5.8.-Blanqueo de capitales;2015;8
ARAGÓN;5.8.-Blanqueo de capitales;2014;10
ARAGÓN;5.8.-Blanqueo de capitales;2013;12
ARAGÓN;5.8.-Blanqueo de capitales;2012;4
ARAGÓN;5.8.-Blanqueo de capitales;2011;20
ARAGÓN;5.8.-Blanqueo de capitales;2010;6
ARAGÓN;5.9.-Otros contra el patrimonio;2023;271
ARAGÓN;5.9.-Otros contra el patrimonio;2022;259
ARAGÓN;5.9.-Otros contra el patrimonio;2021;229
ARAGÓN;5.9.-Otros contra el patrimonio;2020;242
ARAGÓN;5.9.-Otros contra el patrimonio;2019;294
ARAGÓN;5.9.-Otros contra el patrimonio;2018;255
ARAGÓN;5.9.-Otros contra el patrimonio;2017;217
ARAGÓN;5.9.-Otros contra el patrimonio;2016;258
ARAGÓN;5.9.-Otros contra el patrimonio;2015;303
ARAGÓN;5.9.-Otros contra el patrimonio;2014;397
ARAGÓN;5.9.-Otros contra el patrimonio;2013;335
ARAGÓN;5.9.-Otros contra el patrimonio;2012;284
ARAGÓN;5.9.-Otros contra el patrimonio;2011;244
ARAGÓN;5.9.-Otros contra el patrimonio;2010;164
ARAGÓN;6. SEGURIDAD COLECTIVA;2023;1.752
ARAGÓN;6. SEGURIDAD COLECTIVA;2022;1.715
ARAGÓN;6. SEGURIDAD COLECTIVA;2021;1.500
ARAGÓN;6. SEGURIDAD COLECTIVA;2020;1.194
ARAGÓN;6. SEGURIDAD COLECTIVA;2019;1.413
ARAGÓN;6. SEGURIDAD COLECTIVA;2018;1.333
ARAGÓN;6. SEGURIDAD COLECTIVA;2017;1.158
ARAGÓN;6. SEGURIDAD COLECTIVA;2016;1.174
ARAGÓN;6. SEGURIDAD COLECTIVA;2015;1.170
ARAGÓN;6. SEGURIDAD COLECTIVA;2014;1.333
ARAGÓN;6. SEGURIDAD COLECTIVA;2013;1.412
ARAGÓN;6. SEGURIDAD COLECTIVA;2012;1.465
ARAGÓN;6. SEGURIDAD COLECTIVA;2011;1.621
ARAGÓN;6. SEGURIDAD COLECTIVA;2010;1.338
ARAGÓN;6.1.-Tráfico de drogas;2023;727
ARAGÓN;6.1.-Tráfico de drogas;2022;605
ARAGÓN;6.1.-Tráfico de drogas;2021;605
ARAGÓN;6.1.-Tráfico de drogas;2020;475
ARAGÓN;6.1.-Tráfico de drogas;2019;513
ARAGÓN;6.1.-Tráfico de drogas;2018;518
ARAGÓN;6.1.-Tráfico de drogas;2017;454
ARAGÓN;6.1.-Tráfico de drogas;2016;451
ARAGÓN;6.1.-Tráfico de drogas;2015;470
ARAGÓN;6.1.-Tráfico de drogas;2014;536
ARAGÓN;6.1.-Tráfico de drogas;2013;620
ARAGÓN;6.1.-Tráfico de drogas;2012;474
ARAGÓN;6.1.-Tráfico de drogas;2011;550
ARAGÓN;6.1.-Tráfico de drogas;2010;506
ARAGÓN;6.2.-Contra la seguridad vial;2023;925
ARAGÓN;6.2.-Contra la seguridad vial;2022;1.058
ARAGÓN;6.2.-Contra la seguridad vial;2021;880
ARAGÓN;6.2.-Contra la seguridad vial;2020;707
ARAGÓN;6.2.-Contra la seguridad vial;2019;873
ARAGÓN;6.2.-Contra la seguridad vial;2018;745
ARAGÓN;6.2.-Contra la seguridad vial;2017;660
ARAGÓN;6.2.-Contra la seguridad vial;2016;661
ARAGÓN;6.2.-Contra la seguridad vial;2015;631
ARAGÓN;6.2.-Contra la seguridad vial;2014;730
ARAGÓN;6.2.-Contra la seguridad vial;2013;748
ARAGÓN;6.2.-Contra la seguridad vial;2012;898
ARAGÓN;6.2.-Contra la seguridad vial;2011;1.021
ARAGÓN;6.2.-Contra la seguridad vial;2010;786
ARAGÓN;6.3.-Otros contra la seguridad colectiva;2023;100
ARAGÓN;6.3.-Otros contra la seguridad colectiva;2022;52
ARAGÓN;6.3.-Otros contra la seguridad colectiva;2021;15
ARAGÓN;6.3.-Otros contra la seguridad colectiva;2020;12
ARAGÓN;6.3.-Otros contra la seguridad colectiva;2019;27
ARAGÓN;6.3.-Otros contra la seguridad colectiva;2018;70
ARAGÓN;6.3.-Otros contra la seguridad colectiva;2017;44
ARAGÓN;6.3.-Otros contra la seguridad colectiva;2016;62
ARAGÓN;6.3.-Otros contra la seguridad colectiva;2015;69
ARAGÓN;6.3.-Otros contra la seguridad colectiva;2014;67
ARAGÓN;6.3.-Otros contra la seguridad colectiva;2013;44
ARAGÓN;6.3.-Otros contra la seguridad colectiva;2012;93
ARAGÓN;6.3.-Otros contra la seguridad colectiva;2011;50
ARAGÓN;6.3.-Otros contra la seguridad colectiva;2010;46
ARAGÓN;7. FALSEDADES;2023;255
ARAGÓN;7. FALSEDADES;2022;274
ARAGÓN;7. FALSEDADES;2021;265
ARAGÓN;7. FALSEDADES;2020;212
ARAGÓN;7. FALSEDADES;2019;217
ARAGÓN;7. FALSEDADES;2018;203
ARAGÓN;7. FALSEDADES;2017;164
ARAGÓN;7. FALSEDADES;2016;223
ARAGÓN;7. FALSEDADES;2015;289
ARAGÓN;7. FALSEDADES;2014;266
ARAGÓN;7. FALSEDADES;2013;263
ARAGÓN;7. FALSEDADES;2012;253
ARAGÓN;7. FALSEDADES;2011;232
ARAGÓN;7. FALSEDADES;2010;256
ARAGÓN;8. ADMÓN. PÚBLICA;2023;7
ARAGÓN;8. ADMÓN. PÚBLICA;2022;15
ARAGÓN;8. ADMÓN. PÚBLICA;2021;3
ARAGÓN;8. ADMÓN. PÚBLICA;2020;6
ARAGÓN;8. ADMÓN. PÚBLICA;2019;3
ARAGÓN;8. ADMÓN. PÚBLICA;2018;4
ARAGÓN;8. ADMÓN. PÚBLICA;2017;3
ARAGÓN;8. ADMÓN. PÚBLICA;2016;13
ARAGÓN;8. ADMÓN. PÚBLICA;2015;4
ARAGÓN;8. ADMÓN. PÚBLICA;2014;18
ARAGÓN;8. ADMÓN. PÚBLICA;2013;22
ARAGÓN;8. ADMÓN. PÚBLICA;2012;1
ARAGÓN;8. ADMÓN. PÚBLICA;2011;80
ARAGÓN;8. ADMÓN. PÚBLICA;2010;4
ARAGÓN;9. ADMÓN. JUSTICIA;2023;789
ARAGÓN;9. ADMÓN. JUSTICIA;2022;651
ARAGÓN;9. ADMÓN. JUSTICIA;2021;527
ARAGÓN;9. ADMÓN. JUSTICIA;2020;549
ARAGÓN;9. ADMÓN. JUSTICIA;2019;596
ARAGÓN;9. ADMÓN. JUSTICIA;2018;574
ARAGÓN;9. ADMÓN. JUSTICIA;2017;503
ARAGÓN;9. ADMÓN. JUSTICIA;2016;496
ARAGÓN;9. ADMÓN. JUSTICIA;2015;569
ARAGÓN;9. ADMÓN. JUSTICIA;2014;707
ARAGÓN;9. ADMÓN. JUSTICIA;2013;578
ARAGÓN;9. ADMÓN. JUSTICIA;2012;561
ARAGÓN;9. ADMÓN. JUSTICIA;2011;551
ARAGÓN;9. ADMÓN. JUSTICIA;2010;466
ARAGÓN;10. ORDEN PÚBLICO;2023;843
ARAGÓN;10. ORDEN PÚBLICO;2022;800
ARAGÓN;10. ORDEN PÚBLICO;2021;704
ARAGÓN;10. ORDEN PÚBLICO;2020;839
ARAGÓN;10. ORDEN PÚBLICO;2019;600
ARAGÓN;10. ORDEN PÚBLICO;2018;500
ARAGÓN;10. ORDEN PÚBLICO;2017;439
ARAGÓN;10. ORDEN PÚBLICO;2016;461
ARAGÓN;10. ORDEN PÚBLICO;2015;504
ARAGÓN;10. ORDEN PÚBLICO;2014;575
ARAGÓN;10. ORDEN PÚBLICO;2013;690
ARAGÓN;10. ORDEN PÚBLICO;2012;624
ARAGÓN;10. ORDEN PÚBLICO;2011;718
ARAGÓN;10. ORDEN PÚBLICO;2010;531
ARAGÓN;11. LEGISLACIÓN ESPECIAL;2023;1
ARAGÓN;11. LEGISLACIÓN ESPECIAL;2022;0
ARAGÓN;11. LEGISLACIÓN ESPECIAL;2021;0
ARAGÓN;11. LEGISLACIÓN ESPECIAL;2020;2
ARAGÓN;11. LEGISLACIÓN ESPECIAL;2019;1
ARAGÓN;11. LEGISLACIÓN ESPECIAL;2018;2
ARAGÓN;11. LEGISLACIÓN ESPECIAL;2017;1
ARAGÓN;11. LEGISLACIÓN ESPECIAL;2016;1
ARAGÓN;11. LEGISLACIÓN ESPECIAL;2015;0
ARAGÓN;11. LEGISLACIÓN ESPECIAL;2014;6
ARAGÓN;11. LEGISLACIÓN ESPECIAL;2013;0
ARAGÓN;11. LEGISLACIÓN ESPECIAL;2012;12
ARAGÓN;11. LEGISLACIÓN ESPECIAL;2011;13
ARAGÓN;11. LEGISLACIÓN ESPECIAL;2010;3
ARAGÓN;12. OTRAS INFRACCIONES PENALES;2023;141
ARAGÓN;12. OTRAS INFRACCIONES PENALES;2022;129
ARAGÓN;12. OTRAS INFRACCIONES PENALES;2021;119
ARAGÓN;12. OTRAS INFRACCIONES PENALES;2020;122
ARAGÓN;12. OTRAS INFRACCIONES PENALES;2019;176
ARAGÓN;12. OTRAS INFRACCIONES PENALES;2018;159
ARAGÓN;12. OTRAS INFRACCIONES PENALES;2017;130
ARAGÓN;12. OTRAS INFRACCIONES PENALES;2016;185
ARAGÓN;12. OTRAS INFRACCIONES PENALES;2015;155
ARAGÓN;12. OTRAS INFRACCIONES PENALES;2014;114
ARAGÓN;12. OTRAS INFRACCIONES PENALES;2013;109
ARAGÓN;12. OTRAS INFRACCIONES PENALES;2012;90
ARAGÓN;12. OTRAS INFRACCIONES PENALES;2011;115
ARAGÓN;12. OTRAS INFRACCIONES PENALES;2010;110
ARAGÓN;TOTAL INFRACCIONES PENALES;2023;12.893
ARAGÓN;TOTAL INFRACCIONES PENALES;2022;12.249
ARAGÓN;TOTAL INFRACCIONES PENALES;2021;10.324
ARAGÓN;TOTAL INFRACCIONES PENALES;2020;9.876
ARAGÓN;TOTAL INFRACCIONES PENALES;2019;10.891
ARAGÓN;TOTAL INFRACCIONES PENALES;2018;10.048
ARAGÓN;TOTAL INFRACCIONES PENALES;2017;9.328
ARAGÓN;TOTAL INFRACCIONES PENALES;2016;9.706
ARAGÓN;TOTAL INFRACCIONES PENALES;2015;9.874
ARAGÓN;TOTAL INFRACCIONES PENALES;2014;11.719
ARAGÓN;TOTAL INFRACCIONES PENALES;2013;12.370
ARAGÓN;TOTAL INFRACCIONES PENALES;2012;12.079
ARAGÓN;TOTAL INFRACCIONES PENALES;2011;13.455
ARAGÓN;TOTAL INFRACCIONES PENALES;2010;9.443
ASTURIAS (PRINCIPADO DE);1. CONTRA LAS PERSONAS;2023;2.785
ASTURIAS (PRINCIPADO DE);1. CONTRA LAS PERSONAS;2022;2.501
ASTURIAS (PRINCIPADO DE);1. CONTRA LAS PERSONAS;2021;2.286
ASTURIAS (PRINCIPADO DE);1. CONTRA LAS PERSONAS;2020;2.052
ASTURIAS (PRINCIPADO DE);1. CONTRA LAS PERSONAS;2019;2.330
ASTURIAS (PRINCIPADO DE);1. CONTRA LAS PERSONAS;2018;2.132
ASTURIAS (PRINCIPADO DE);1. CONTRA LAS PERSONAS;2017;2.081
ASTURIAS (PRINCIPADO DE);1. CONTRA LAS PERSONAS;2016;2.003
ASTURIAS (PRINCIPADO DE);1. CONTRA LAS PERSONAS;2015;2.244
ASTURIAS (PRINCIPADO DE);1. CONTRA LAS PERSONAS;2014;2.540
ASTURIAS (PRINCIPADO DE);1. CONTRA LAS PERSONAS;2013;2.473
ASTURIAS (PRINCIPADO DE);1. CONTRA LAS PERSONAS;2012;2.623
ASTURIAS (PRINCIPADO DE);1. CONTRA LAS PERSONAS;2011;2.670
ASTURIAS (PRINCIPADO DE);1. CONTRA LAS PERSONAS;2010;1.627
ASTURIAS (PRINCIPADO DE);1.1.-Homicidios dolosos/asesinatos;2023;20
ASTURIAS (PRINCIPADO DE);1.1.-Homicidios dolosos/asesinatos;2022;22
ASTURIAS (PRINCIPADO DE);1.1.-Homicidios dolosos/asesinatos;2021;9
ASTURIAS (PRINCIPADO DE);1.1.-Homicidios dolosos/asesinatos;2020;15
ASTURIAS (PRINCIPADO DE);1.1.-Homicidios dolosos/asesinatos;2019;30
ASTURIAS (PRINCIPADO DE);1.1.-Homicidios dolosos/asesinatos;2018;18
ASTURIAS (PRINCIPADO DE);1.1.-Homicidios dolosos/asesinatos;2017;19
ASTURIAS (PRINCIPADO DE);1.1.-Homicidios dolosos/asesinatos;2016;22
ASTURIAS (PRINCIPADO DE);1.1.-Homicidios dolosos/asesinatos;2015;14
ASTURIAS (PRINCIPADO DE);1.1.-Homicidios dolosos/asesinatos;2014;27
ASTURIAS (PRINCIPADO DE);1.1.-Homicidios dolosos/asesinatos;2013;13
ASTURIAS (PRINCIPADO DE);1.1.-Homicidios dolosos/asesinatos;2012;15
ASTURIAS (PRINCIPADO DE);1.1.-Homicidios dolosos/asesinatos;2011;25
ASTURIAS (PRINCIPADO DE);1.1.-Homicidios dolosos/asesinatos;2010;35
ASTURIAS (PRINCIPADO DE);1.1.1.-Homicidios dolosos/asesinatos consumados;2023;7
ASTURIAS (PRINCIPADO DE);1.1.1.-Homicidios dolosos/asesinatos consumados;2022;6
ASTURIAS (PRINCIPADO DE);1.1.1.-Homicidios dolosos/asesinatos consumados;2021;1
ASTURIAS (PRINCIPADO DE);1.1.1.-Homicidios dolosos/asesinatos consumados;2020;7
ASTURIAS (PRINCIPADO DE);1.1.1.-Homicidios dolosos/asesinatos consumados;2019;9
ASTURIAS (PRINCIPADO DE);1.1.1.-Homicidios dolosos/asesinatos consumados;2018;10
ASTURIAS (PRINCIPADO DE);1.1.1.-Homicidios dolosos/asesinatos consumados;2017;3
ASTURIAS (PRINCIPADO DE);1.1.1.-Homicidios dolosos/asesinatos consumados;2016;5
ASTURIAS (PRINCIPADO DE);1.1.1.-Homicidios dolosos/asesinatos consumados;2015;3
ASTURIAS (PRINCIPADO DE);1.1.1.-Homicidios dolosos/asesinatos consumados;2014;7
ASTURIAS (PRINCIPADO DE);1.1.1.-Homicidios dolosos/asesinatos consumados;2013;6
ASTURIAS (PRINCIPADO DE);1.1.1.-Homicidios dolosos/asesinatos consumados;2012;6
ASTURIAS (PRINCIPADO DE);1.1.1.-Homicidios dolosos/asesinatos consumados;2011;16
ASTURIAS (PRINCIPADO DE);1.1.1.-Homicidios dolosos/asesinatos consumados;2010;17
ASTURIAS (PRINCIPADO DE);1.2.-Lesiones;2023;1.082
ASTURIAS (PRINCIPADO DE);1.2.-Lesiones;2022;1.063
ASTURIAS (PRINCIPADO DE);1.2.-Lesiones;2021;984
ASTURIAS (PRINCIPADO DE);1.2.-Lesiones;2020;766
ASTURIAS (PRINCIPADO DE);1.2.-Lesiones;2019;1.065
ASTURIAS (PRINCIPADO DE);1.2.-Lesiones;2018;980
ASTURIAS (PRINCIPADO DE);1.2.-Lesiones;2017;981
ASTURIAS (PRINCIPADO DE);1.2.-Lesiones;2016;928
ASTURIAS (PRINCIPADO DE);1.2.-Lesiones;2015;796
ASTURIAS (PRINCIPADO DE);1.2.-Lesiones;2014;789
ASTURIAS (PRINCIPADO DE);1.2.-Lesiones;2013;823
ASTURIAS (PRINCIPADO DE);1.2.-Lesiones;2012;790
ASTURIAS (PRINCIPADO DE);1.2.-Lesiones;2011;822
ASTURIAS (PRINCIPADO DE);1.2.-Lesiones;2010;410
ASTURIAS (PRINCIPADO DE);1.3.-Malos tratos ámbito familiar;2023;1.650
ASTURIAS (PRINCIPADO DE);1.3.-Malos tratos ámbito familiar;2022;1.377
ASTURIAS (PRINCIPADO DE);1.3.-Malos tratos ámbito familiar;2021;1.259
ASTURIAS (PRINCIPADO DE);1.3.-Malos tratos ámbito familiar;2020;1.238
ASTURIAS (PRINCIPADO DE);1.3.-Malos tratos ámbito familiar;2019;1.207
ASTURIAS (PRINCIPADO DE);1.3.-Malos tratos ámbito familiar;2018;1.112
ASTURIAS (PRINCIPADO DE);1.3.-Malos tratos ámbito familiar;2017;1.053
ASTURIAS (PRINCIPADO DE);1.3.-Malos tratos ámbito familiar;2016;1.018
ASTURIAS (PRINCIPADO DE);1.3.-Malos tratos ámbito familiar;2015;1.054
ASTURIAS (PRINCIPADO DE);1.3.-Malos tratos ámbito familiar;2014;1.158
ASTURIAS (PRINCIPADO DE);1.3.-Malos tratos ámbito familiar;2013;1.132
ASTURIAS (PRINCIPADO DE);1.3.-Malos tratos ámbito familiar;2012;1.238
ASTURIAS (PRINCIPADO DE);1.3.-Malos tratos ámbito familiar;2011;1.379
ASTURIAS (PRINCIPADO DE);1.3.-Malos tratos ámbito familiar;2010;1.121
ASTURIAS (PRINCIPADO DE);1.4.-Otros contra las personas;2023;33
ASTURIAS (PRINCIPADO DE);1.4.-Otros contra las personas;2022;39
ASTURIAS (PRINCIPADO DE);1.4.-Otros contra las personas;2021;34
ASTURIAS (PRINCIPADO DE);1.4.-Otros contra las personas;2020;33
ASTURIAS (PRINCIPADO DE);1.4.-Otros contra las personas;2019;28
ASTURIAS (PRINCIPADO DE);1.4.-Otros contra las personas;2018;22
ASTURIAS (PRINCIPADO DE);1.4.-Otros contra las personas;2017;28
ASTURIAS (PRINCIPADO DE);1.4.-Otros contra las personas;2016;35
ASTURIAS (PRINCIPADO DE);1.4.-Otros contra las personas;2015;380
ASTURIAS (PRINCIPADO DE);1.4.-Otros contra las personas;2014;566
ASTURIAS (PRINCIPADO DE);1.4.-Otros contra las personas;2013;505
ASTURIAS (PRINCIPADO DE);1.4.-Otros contra las personas;2012;580
ASTURIAS (PRINCIPADO DE);1.4.-Otros contra las personas;2011;444
ASTURIAS (PRINCIPADO DE);1.4.-Otros contra las personas;2010;61
ASTURIAS (PRINCIPADO DE);2. CONTRA LA LIBERTAD;2023;1.133
ASTURIAS (PRINCIPADO DE);2. CONTRA LA LIBERTAD;2022;1.003
ASTURIAS (PRINCIPADO DE);2. CONTRA LA LIBERTAD;2021;881
ASTURIAS (PRINCIPADO DE);2. CONTRA LA LIBERTAD;2020;840
ASTURIAS (PRINCIPADO DE);2. CONTRA LA LIBERTAD;2019;958
ASTURIAS (PRINCIPADO DE);2. CONTRA LA LIBERTAD;2018;865
ASTURIAS (PRINCIPADO DE);2. CONTRA LA LIBERTAD;2017;952
ASTURIAS (PRINCIPADO DE);2. CONTRA LA LIBERTAD;2016;862
ASTURIAS (PRINCIPADO DE);2. CONTRA LA LIBERTAD;2015;663
ASTURIAS (PRINCIPADO DE);2. CONTRA LA LIBERTAD;2014;433
ASTURIAS (PRINCIPADO DE);2. CONTRA LA LIBERTAD;2013;455
ASTURIAS (PRINCIPADO DE);2. CONTRA LA LIBERTAD;2012;483
ASTURIAS (PRINCIPADO DE);2. CONTRA LA LIBERTAD;2011;451
ASTURIAS (PRINCIPADO DE);2. CONTRA LA LIBERTAD;2010;486
ASTURIAS (PRINCIPADO DE);2.1.-Malos tratos habituales en el ámbito familiar;2023;82
ASTURIAS (PRINCIPADO DE);2.1.-Malos tratos habituales en el ámbito familiar;2022;91
ASTURIAS (PRINCIPADO DE);2.1.-Malos tratos habituales en el ámbito familiar;2021;76
ASTURIAS (PRINCIPADO DE);2.1.-Malos tratos habituales en el ámbito familiar;2020;63
ASTURIAS (PRINCIPADO DE);2.1.-Malos tratos habituales en el ámbito familiar;2019;99
ASTURIAS (PRINCIPADO DE);2.1.-Malos tratos habituales en el ámbito familiar;2018;101
ASTURIAS (PRINCIPADO DE);2.1.-Malos tratos habituales en el ámbito familiar;2017;87
ASTURIAS (PRINCIPADO DE);2.1.-Malos tratos habituales en el ámbito familiar;2016;118
ASTURIAS (PRINCIPADO DE);2.1.-Malos tratos habituales en el ámbito familiar;2015;109
ASTURIAS (PRINCIPADO DE);2.1.-Malos tratos habituales en el ámbito familiar;2014;97
ASTURIAS (PRINCIPADO DE);2.1.-Malos tratos habituales en el ámbito familiar;2013;64
ASTURIAS (PRINCIPADO DE);2.1.-Malos tratos habituales en el ámbito familiar;2012;76
ASTURIAS (PRINCIPADO DE);2.1.-Malos tratos habituales en el ámbito familiar;2011;91
ASTURIAS (PRINCIPADO DE);2.1.-Malos tratos habituales en el ámbito familiar;2010;181
ASTURIAS (PRINCIPADO DE);2.2.-Otros contra la libertad;2023;1.051
ASTURIAS (PRINCIPADO DE);2.2.-Otros contra la libertad;2022;912
ASTURIAS (PRINCIPADO DE);2.2.-Otros contra la libertad;2021;805
ASTURIAS (PRINCIPADO DE);2.2.-Otros contra la libertad;2020;777
ASTURIAS (PRINCIPADO DE);2.2.-Otros contra la libertad;2019;859
ASTURIAS (PRINCIPADO DE);2.2.-Otros contra la libertad;2018;764
ASTURIAS (PRINCIPADO DE);2.2.-Otros contra la libertad;2017;865
ASTURIAS (PRINCIPADO DE);2.2.-Otros contra la libertad;2016;744
ASTURIAS (PRINCIPADO DE);2.2.-Otros contra la libertad;2015;554
ASTURIAS (PRINCIPADO DE);2.2.-Otros contra la libertad;2014;336
ASTURIAS (PRINCIPADO DE);2.2.-Otros contra la libertad;2013;391
ASTURIAS (PRINCIPADO DE);2.2.-Otros contra la libertad;2012;407
ASTURIAS (PRINCIPADO DE);2.2.-Otros contra la libertad;2011;360
ASTURIAS (PRINCIPADO DE);2.2.-Otros contra la libertad;2010;305
ASTURIAS (PRINCIPADO DE);3. LIBERTAD SEXUAL;2023;250
ASTURIAS (PRINCIPADO DE);3. LIBERTAD SEXUAL;2022;186
ASTURIAS (PRINCIPADO DE);3. LIBERTAD SEXUAL;2021;190
ASTURIAS (PRINCIPADO DE);3. LIBERTAD SEXUAL;2020;145
ASTURIAS (PRINCIPADO DE);3. LIBERTAD SEXUAL;2019;152
ASTURIAS (PRINCIPADO DE);3. LIBERTAD SEXUAL;2018;143
ASTURIAS (PRINCIPADO DE);3. LIBERTAD SEXUAL;2017;109
ASTURIAS (PRINCIPADO DE);3. LIBERTAD SEXUAL;2016;104
ASTURIAS (PRINCIPADO DE);3. LIBERTAD SEXUAL;2015;87
ASTURIAS (PRINCIPADO DE);3. LIBERTAD SEXUAL;2014;91
ASTURIAS (PRINCIPADO DE);3. LIBERTAD SEXUAL;2013;97
ASTURIAS (PRINCIPADO DE);3. LIBERTAD SEXUAL;2012;106
ASTURIAS (PRINCIPADO DE);3. LIBERTAD SEXUAL;2011;109
ASTURIAS (PRINCIPADO DE);3. LIBERTAD SEXUAL;2010;86
ASTURIAS (PRINCIPADO DE);3.1.-Agresión sexual;2023;151
ASTURIAS (PRINCIPADO DE);3.1.-Agresión sexual;2022;117
ASTURIAS (PRINCIPADO DE);3.1.-Agresión sexual;2021;89
ASTURIAS (PRINCIPADO DE);3.1.-Agresión sexual;2020;89
ASTURIAS (PRINCIPADO DE);3.1.-Agresión sexual;2019;97
ASTURIAS (PRINCIPADO DE);3.1.-Agresión sexual;2018;81
ASTURIAS (PRINCIPADO DE);3.1.-Agresión sexual;2017;64
ASTURIAS (PRINCIPADO DE);3.1.-Agresión sexual;2016;56
ASTURIAS (PRINCIPADO DE);3.1.-Agresión sexual;2015;54
ASTURIAS (PRINCIPADO DE);3.1.-Agresión sexual;2014;47
ASTURIAS (PRINCIPADO DE);3.1.-Agresión sexual;2013;41
ASTURIAS (PRINCIPADO DE);3.1.-Agresión sexual;2012;68
ASTURIAS (PRINCIPADO DE);3.1.-Agresión sexual;2011;47
ASTURIAS (PRINCIPADO DE);3.1.-Agresión sexual;2010;44
ASTURIAS (PRINCIPADO DE);3.2.-Agresión sexual con penetración;2023;57
ASTURIAS (PRINCIPADO DE);3.2.-Agresión sexual con penetración;2022;41
ASTURIAS (PRINCIPADO DE);3.2.-Agresión sexual con penetración;2021;57
ASTURIAS (PRINCIPADO DE);3.2.-Agresión sexual con penetración;2020;39
ASTURIAS (PRINCIPADO DE);3.2.-Agresión sexual con penetración;2019;25
ASTURIAS (PRINCIPADO DE);3.2.-Agresión sexual con penetración;2018;23
ASTURIAS (PRINCIPADO DE);3.2.-Agresión sexual con penetración;2017;29
ASTURIAS (PRINCIPADO DE);3.2.-Agresión sexual con penetración;2016;16
ASTURIAS (PRINCIPADO DE);3.2.-Agresión sexual con penetración;2015;14
ASTURIAS (PRINCIPADO DE);3.2.-Agresión sexual con penetración;2014;14
ASTURIAS (PRINCIPADO DE);3.2.-Agresión sexual con penetración;2013;16
ASTURIAS (PRINCIPADO DE);3.2.-Agresión sexual con penetración;2012;13
ASTURIAS (PRINCIPADO DE);3.2.-Agresión sexual con penetración;2011;16
ASTURIAS (PRINCIPADO DE);3.2.-Agresión sexual con penetración;2010;20
ASTURIAS (PRINCIPADO DE);3.3.-Corrupción de menores o incapacitados;2023;5
ASTURIAS (PRINCIPADO DE);3.3.-Corrupción de menores o incapacitados;2022;4
ASTURIAS (PRINCIPADO DE);3.3.-Corrupción de menores o incapacitados;2021;6
ASTURIAS (PRINCIPADO DE);3.3.-Corrupción de menores o incapacitados;2020;1
ASTURIAS (PRINCIPADO DE);3.3.-Corrupción de menores o incapacitados;2019;2
ASTURIAS (PRINCIPADO DE);3.3.-Corrupción de menores o incapacitados;2018;3
ASTURIAS (PRINCIPADO DE);3.3.-Corrupción de menores o incapacitados;2017;1
ASTURIAS (PRINCIPADO DE);3.3.-Corrupción de menores o incapacitados;2016;1
ASTURIAS (PRINCIPADO DE);3.3.-Corrupción de menores o incapacitados;2015;0
ASTURIAS (PRINCIPADO DE);3.3.-Corrupción de menores o incapacitados;2014;5
ASTURIAS (PRINCIPADO DE);3.3.-Corrupción de menores o incapacitados;2013;3
ASTURIAS (PRINCIPADO DE);3.3.-Corrupción de menores o incapacitados;2012;2
ASTURIAS (PRINCIPADO DE);3.3.-Corrupción de menores o incapacitados;2011;13
ASTURIAS (PRINCIPADO DE);3.3.-Corrupción de menores o incapacitados;2010;2
ASTURIAS (PRINCIPADO DE);3.4.-Pornografía de menores;2023;12
ASTURIAS (PRINCIPADO DE);3.4.-Pornografía de menores;2022;7
ASTURIAS (PRINCIPADO DE);3.4.-Pornografía de menores;2021;14
ASTURIAS (PRINCIPADO DE);3.4.-Pornografía de menores;2020;5
ASTURIAS (PRINCIPADO DE);3.4.-Pornografía de menores;2019;9
ASTURIAS (PRINCIPADO DE);3.4.-Pornografía de menores;2018;10
ASTURIAS (PRINCIPADO DE);3.4.-Pornografía de menores;2017;6
ASTURIAS (PRINCIPADO DE);3.4.-Pornografía de menores;2016;8
ASTURIAS (PRINCIPADO DE);3.4.-Pornografía de menores;2015;7
ASTURIAS (PRINCIPADO DE);3.4.-Pornografía de menores;2014;6
ASTURIAS (PRINCIPADO DE);3.4.-Pornografía de menores;2013;16
ASTURIAS (PRINCIPADO DE);3.4.-Pornografía de menores;2012;12
ASTURIAS (PRINCIPADO DE);3.4.-Pornografía de menores;2011;13
ASTURIAS (PRINCIPADO DE);3.4.-Pornografía de menores;2010;8
ASTURIAS (PRINCIPADO DE);3.5.-Otros contra la libertad sexual;2023;25
ASTURIAS (PRINCIPADO DE);3.5.-Otros contra la libertad sexual;2022;17
ASTURIAS (PRINCIPADO DE);3.5.-Otros contra la libertad sexual;2021;24
ASTURIAS (PRINCIPADO DE);3.5.-Otros contra la libertad sexual;2020;11
ASTURIAS (PRINCIPADO DE);3.5.-Otros contra la libertad sexual;2019;19
ASTURIAS (PRINCIPADO DE);3.5.-Otros contra la libertad sexual;2018;26
ASTURIAS (PRINCIPADO DE);3.5.-Otros contra la libertad sexual;2017;9
ASTURIAS (PRINCIPADO DE);3.5.-Otros contra la libertad sexual;2016;23
ASTURIAS (PRINCIPADO DE);3.5.-Otros contra la libertad sexual;2015;12
ASTURIAS (PRINCIPADO DE);3.5.-Otros contra la libertad sexual;2014;19
ASTURIAS (PRINCIPADO DE);3.5.-Otros contra la libertad sexual;2013;21
ASTURIAS (PRINCIPADO DE);3.5.-Otros contra la libertad sexual;2012;11
ASTURIAS (PRINCIPADO DE);3.5.-Otros contra la libertad sexual;2011;20
ASTURIAS (PRINCIPADO DE);3.5.-Otros contra la libertad sexual;2010;12
ASTURIAS (PRINCIPADO DE);4. RELACIONES FAMILIARES;2023;20
ASTURIAS (PRINCIPADO DE);4. RELACIONES FAMILIARES;2022;25
ASTURIAS (PRINCIPADO DE);4. RELACIONES FAMILIARES;2021;24
ASTURIAS (PRINCIPADO DE);4. RELACIONES FAMILIARES;2020;26
ASTURIAS (PRINCIPADO DE);4. RELACIONES FAMILIARES;2019;19
ASTURIAS (PRINCIPADO DE);4. RELACIONES FAMILIARES;2018;20
ASTURIAS (PRINCIPADO DE);4. RELACIONES FAMILIARES;2017;22
ASTURIAS (PRINCIPADO DE);4. RELACIONES FAMILIARES;2016;14
ASTURIAS (PRINCIPADO DE);4. RELACIONES FAMILIARES;2015;44
ASTURIAS (PRINCIPADO DE);4. RELACIONES FAMILIARES;2014;41
ASTURIAS (PRINCIPADO DE);4. RELACIONES FAMILIARES;2013;33
ASTURIAS (PRINCIPADO DE);4. RELACIONES FAMILIARES;2012;63
ASTURIAS (PRINCIPADO DE);4. RELACIONES FAMILIARES;2011;63
ASTURIAS (PRINCIPADO DE);4. RELACIONES FAMILIARES;2010;19
ASTURIAS (PRINCIPADO DE);5. PATRIMONIO;2023;3.282
ASTURIAS (PRINCIPADO DE);5. PATRIMONIO;2022;2.530
ASTURIAS (PRINCIPADO DE);5. PATRIMONIO;2021;2.293
ASTURIAS (PRINCIPADO DE);5. PATRIMONIO;2020;1.871
ASTURIAS (PRINCIPADO DE);5. PATRIMONIO;2019;2.440
ASTURIAS (PRINCIPADO DE);5. PATRIMONIO;2018;2.551
ASTURIAS (PRINCIPADO DE);5. PATRIMONIO;2017;2.401
ASTURIAS (PRINCIPADO DE);5. PATRIMONIO;2016;2.379
ASTURIAS (PRINCIPADO DE);5. PATRIMONIO;2015;2.637
ASTURIAS (PRINCIPADO DE);5. PATRIMONIO;2014;3.505
ASTURIAS (PRINCIPADO DE);5. PATRIMONIO;2013;3.768
ASTURIAS (PRINCIPADO DE);5. PATRIMONIO;2012;3.785
ASTURIAS (PRINCIPADO DE);5. PATRIMONIO;2011;3.720
ASTURIAS (PRINCIPADO DE);5. PATRIMONIO;2010;2.265
ASTURIAS (PRINCIPADO DE);5.1.-Hurtos;2023;1.756
ASTURIAS (PRINCIPADO DE);5.1.-Hurtos;2022;1.172
ASTURIAS (PRINCIPADO DE);5.1.-Hurtos;2021;991
ASTURIAS (PRINCIPADO DE);5.1.-Hurtos;2020;664
ASTURIAS (PRINCIPADO DE);5.1.-Hurtos;2019;1.112
ASTURIAS (PRINCIPADO DE);5.1.-Hurtos;2018;1.214
ASTURIAS (PRINCIPADO DE);5.1.-Hurtos;2017;1.070
ASTURIAS (PRINCIPADO DE);5.1.-Hurtos;2016;959
ASTURIAS (PRINCIPADO DE);5.1.-Hurtos;2015;1.013
ASTURIAS (PRINCIPADO DE);5.1.-Hurtos;2014;1.291
ASTURIAS (PRINCIPADO DE);5.1.-Hurtos;2013;1.428
ASTURIAS (PRINCIPADO DE);5.1.-Hurtos;2012;1.543
ASTURIAS (PRINCIPADO DE);5.1.-Hurtos;2011;1.204
ASTURIAS (PRINCIPADO DE);5.1.-Hurtos;2010;566
ASTURIAS (PRINCIPADO DE);5.2.-Robos con fuerza en las cosas;2023;524
ASTURIAS (PRINCIPADO DE);5.2.-Robos con fuerza en las cosas;2022;485
ASTURIAS (PRINCIPADO DE);5.2.-Robos con fuerza en las cosas;2021;425
ASTURIAS (PRINCIPADO DE);5.2.-Robos con fuerza en las cosas;2020;448
ASTURIAS (PRINCIPADO DE);5.2.-Robos con fuerza en las cosas;2019;501
ASTURIAS (PRINCIPADO DE);5.2.-Robos con fuerza en las cosas;2018;522
ASTURIAS (PRINCIPADO DE);5.2.-Robos con fuerza en las cosas;2017;522
ASTURIAS (PRINCIPADO DE);5.2.-Robos con fuerza en las cosas;2016;506
ASTURIAS (PRINCIPADO DE);5.2.-Robos con fuerza en las cosas;2015;656
ASTURIAS (PRINCIPADO DE);5.2.-Robos con fuerza en las cosas;2014;826
ASTURIAS (PRINCIPADO DE);5.2.-Robos con fuerza en las cosas;2013;1.037
ASTURIAS (PRINCIPADO DE);5.2.-Robos con fuerza en las cosas;2012;1.017
ASTURIAS (PRINCIPADO DE);5.2.-Robos con fuerza en las cosas;2011;1.164
ASTURIAS (PRINCIPADO DE);5.2.-Robos con fuerza en las cosas;2010;798
ASTURIAS (PRINCIPADO DE);5.2.1.-Robos con fuerza en las cosas en el interior de vehículos;2023;61
ASTURIAS (PRINCIPADO DE);5.2.1.-Robos con fuerza en las cosas en el interior de vehículos;2022;54
ASTURIAS (PRINCIPADO DE);5.2.1.-Robos con fuerza en las cosas en el interior de vehículos;2021;59
ASTURIAS (PRINCIPADO DE);5.2.1.-Robos con fuerza en las cosas en el interior de vehículos;2020;49
ASTURIAS (PRINCIPADO DE);5.2.1.-Robos con fuerza en las cosas en el interior de vehículos;2019;36
ASTURIAS (PRINCIPADO DE);5.2.1.-Robos con fuerza en las cosas en el interior de vehículos;2018;50
ASTURIAS (PRINCIPADO DE);5.2.1.-Robos con fuerza en las cosas en el interior de vehículos;2017;53
ASTURIAS (PRINCIPADO DE);5.2.1.-Robos con fuerza en las cosas en el interior de vehículos;2016;39
ASTURIAS (PRINCIPADO DE);5.2.1.-Robos con fuerza en las cosas en el interior de vehículos;2015;50
ASTURIAS (PRINCIPADO DE);5.2.1.-Robos con fuerza en las cosas en el interior de vehículos;2014;92
ASTURIAS (PRINCIPADO DE);5.2.1.-Robos con fuerza en las cosas en el interior de vehículos;2013;91
ASTURIAS (PRINCIPADO DE);5.2.1.-Robos con fuerza en las cosas en el interior de vehículos;2012;83
ASTURIAS (PRINCIPADO DE);5.2.1.-Robos con fuerza en las cosas en el interior de vehículos;2011;213
ASTURIAS (PRINCIPADO DE);5.2.1.-Robos con fuerza en las cosas en el interior de vehículos;2010;77
ASTURIAS (PRINCIPADO DE);5.2.2.-Robos con fuerza en viviendas;2023;154
ASTURIAS (PRINCIPADO DE);5.2.2.-Robos con fuerza en viviendas;2022;118
ASTURIAS (PRINCIPADO DE);5.2.2.-Robos con fuerza en viviendas;2021;104
ASTURIAS (PRINCIPADO DE);5.2.2.-Robos con fuerza en viviendas;2020;110
ASTURIAS (PRINCIPADO DE);5.2.2.-Robos con fuerza en viviendas;2019;116
ASTURIAS (PRINCIPADO DE);5.2.2.-Robos con fuerza en viviendas;2018;169
ASTURIAS (PRINCIPADO DE);5.2.2.-Robos con fuerza en viviendas;2017;167
ASTURIAS (PRINCIPADO DE);5.2.2.-Robos con fuerza en viviendas;2016;123
ASTURIAS (PRINCIPADO DE);5.2.2.-Robos con fuerza en viviendas;2015;154
ASTURIAS (PRINCIPADO DE);5.2.2.-Robos con fuerza en viviendas;2014;187
ASTURIAS (PRINCIPADO DE);5.2.2.-Robos con fuerza en viviendas;2013;243
ASTURIAS (PRINCIPADO DE);5.2.2.-Robos con fuerza en viviendas;2012;288
ASTURIAS (PRINCIPADO DE);5.2.2.-Robos con fuerza en viviendas;2011;172
ASTURIAS (PRINCIPADO DE);5.2.2.-Robos con fuerza en viviendas;2010;146
ASTURIAS (PRINCIPADO DE);5.2.3.-Robos con fuerza en establecimientos;2023;168
ASTURIAS (PRINCIPADO DE);5.2.3.-Robos con fuerza en establecimientos;2022;95
ASTURIAS (PRINCIPADO DE);5.2.3.-Robos con fuerza en establecimientos;2021;123
ASTURIAS (PRINCIPADO DE);5.2.3.-Robos con fuerza en establecimientos;2020;129
ASTURIAS (PRINCIPADO DE);5.2.3.-Robos con fuerza en establecimientos;2019;188
ASTURIAS (PRINCIPADO DE);5.2.3.-Robos con fuerza en establecimientos;2018;174
ASTURIAS (PRINCIPADO DE);5.2.3.-Robos con fuerza en establecimientos;2017;193
ASTURIAS (PRINCIPADO DE);5.2.3.-Robos con fuerza en establecimientos;2016;174
ASTURIAS (PRINCIPADO DE);5.2.3.-Robos con fuerza en establecimientos;2015;270
ASTURIAS (PRINCIPADO DE);5.2.3.-Robos con fuerza en establecimientos;2014;270
ASTURIAS (PRINCIPADO DE);5.2.3.-Robos con fuerza en establecimientos;2013;277
ASTURIAS (PRINCIPADO DE);5.2.3.-Robos con fuerza en establecimientos;2012;282
ASTURIAS (PRINCIPADO DE);5.2.3.-Robos con fuerza en establecimientos;2011;451
ASTURIAS (PRINCIPADO DE);5.2.3.-Robos con fuerza en establecimientos;2010;199
ASTURIAS (PRINCIPADO DE);5.3.-Robos con violencia o intimidación;2023;258
ASTURIAS (PRINCIPADO DE);5.3.-Robos con violencia o intimidación;2022;226
ASTURIAS (PRINCIPADO DE);5.3.-Robos con violencia o intimidación;2021;182
ASTURIAS (PRINCIPADO DE);5.3.-Robos con violencia o intimidación;2020;182
ASTURIAS (PRINCIPADO DE);5.3.-Robos con violencia o intimidación;2019;191
ASTURIAS (PRINCIPADO DE);5.3.-Robos con violencia o intimidación;2018;168
ASTURIAS (PRINCIPADO DE);5.3.-Robos con violencia o intimidación;2017;162
ASTURIAS (PRINCIPADO DE);5.3.-Robos con violencia o intimidación;2016;216
ASTURIAS (PRINCIPADO DE);5.3.-Robos con violencia o intimidación;2015;227
ASTURIAS (PRINCIPADO DE);5.3.-Robos con violencia o intimidación;2014;338
ASTURIAS (PRINCIPADO DE);5.3.-Robos con violencia o intimidación;2013;420
ASTURIAS (PRINCIPADO DE);5.3.-Robos con violencia o intimidación;2012;441
ASTURIAS (PRINCIPADO DE);5.3.-Robos con violencia o intimidación;2011;376
ASTURIAS (PRINCIPADO DE);5.3.-Robos con violencia o intimidación;2010;360
ASTURIAS (PRINCIPADO DE);5.3.1.-Robos con violencia en vía pública;2023;120
ASTURIAS (PRINCIPADO DE);5.3.1.-Robos con violencia en vía pública;2022;95
ASTURIAS (PRINCIPADO DE);5.3.1.-Robos con violencia en vía pública;2021;88
ASTURIAS (PRINCIPADO DE);5.3.1.-Robos con violencia en vía pública;2020;108
ASTURIAS (PRINCIPADO DE);5.3.1.-Robos con violencia en vía pública;2019;87
ASTURIAS (PRINCIPADO DE);5.3.1.-Robos con violencia en vía pública;2018;79
ASTURIAS (PRINCIPADO DE);5.3.1.-Robos con violencia en vía pública;2017;90
ASTURIAS (PRINCIPADO DE);5.3.1.-Robos con violencia en vía pública;2016;110
ASTURIAS (PRINCIPADO DE);5.3.1.-Robos con violencia en vía pública;2015;126
ASTURIAS (PRINCIPADO DE);5.3.1.-Robos con violencia en vía pública;2014;179
ASTURIAS (PRINCIPADO DE);5.3.1.-Robos con violencia en vía pública;2013;232
ASTURIAS (PRINCIPADO DE);5.3.1.-Robos con violencia en vía pública;2012;236
ASTURIAS (PRINCIPADO DE);5.3.1.-Robos con violencia en vía pública;2011;243
ASTURIAS (PRINCIPADO DE);5.3.1.-Robos con violencia en vía pública;2010;209
ASTURIAS (PRINCIPADO DE);5.3.2.-Robos con violencia en viviendas;2023;20
ASTURIAS (PRINCIPADO DE);5.3.2.-Robos con violencia en viviendas;2022;20
ASTURIAS (PRINCIPADO DE);5.3.2.-Robos con violencia en viviendas;2021;30
ASTURIAS (PRINCIPADO DE);5.3.2.-Robos con violencia en viviendas;2020;16
ASTURIAS (PRINCIPADO DE);5.3.2.-Robos con violencia en viviendas;2019;18
ASTURIAS (PRINCIPADO DE);5.3.2.-Robos con violencia en viviendas;2018;14
ASTURIAS (PRINCIPADO DE);5.3.2.-Robos con violencia en viviendas;2017;19
ASTURIAS (PRINCIPADO DE);5.3.2.-Robos con violencia en viviendas;2016;20
ASTURIAS (PRINCIPADO DE);5.3.2.-Robos con violencia en viviendas;2015;30
ASTURIAS (PRINCIPADO DE);5.3.2.-Robos con violencia en viviendas;2014;35
ASTURIAS (PRINCIPADO DE);5.3.2.-Robos con violencia en viviendas;2013;42
ASTURIAS (PRINCIPADO DE);5.3.2.-Robos con violencia en viviendas;2012;28
ASTURIAS (PRINCIPADO DE);5.3.2.-Robos con violencia en viviendas;2011;21
ASTURIAS (PRINCIPADO DE);5.3.2.-Robos con violencia en viviendas;2010;30
ASTURIAS (PRINCIPADO DE);5.3.3.-Robos con violencia en establecimientos;2023;87
ASTURIAS (PRINCIPADO DE);5.3.3.-Robos con violencia en establecimientos;2022;76
ASTURIAS (PRINCIPADO DE);5.3.3.-Robos con violencia en establecimientos;2021;44
ASTURIAS (PRINCIPADO DE);5.3.3.-Robos con violencia en establecimientos;2020;45
ASTURIAS (PRINCIPADO DE);5.3.3.-Robos con violencia en establecimientos;2019;67
ASTURIAS (PRINCIPADO DE);5.3.3.-Robos con violencia en establecimientos;2018;56
ASTURIAS (PRINCIPADO DE);5.3.3.-Robos con violencia en establecimientos;2017;30
ASTURIAS (PRINCIPADO DE);5.3.3.-Robos con violencia en establecimientos;2016;52
ASTURIAS (PRINCIPADO DE);5.3.3.-Robos con violencia en establecimientos;2015;65
ASTURIAS (PRINCIPADO DE);5.3.3.-Robos con violencia en establecimientos;2014;77
ASTURIAS (PRINCIPADO DE);5.3.3.-Robos con violencia en establecimientos;2013;94
ASTURIAS (PRINCIPADO DE);5.3.3.-Robos con violencia en establecimientos;2012;120
ASTURIAS (PRINCIPADO DE);5.3.3.-Robos con violencia en establecimientos;2011;63
ASTURIAS (PRINCIPADO DE);5.3.3.-Robos con violencia en establecimientos;2010;85
ASTURIAS (PRINCIPADO DE);5.4.-Sustracción de vehículos;2023;76
ASTURIAS (PRINCIPADO DE);5.4.-Sustracción de vehículos;2022;50
ASTURIAS (PRINCIPADO DE);5.4.-Sustracción de vehículos;2021;61
ASTURIAS (PRINCIPADO DE);5.4.-Sustracción de vehículos;2020;46
ASTURIAS (PRINCIPADO DE);5.4.-Sustracción de vehículos;2019;47
ASTURIAS (PRINCIPADO DE);5.4.-Sustracción de vehículos;2018;49
ASTURIAS (PRINCIPADO DE);5.4.-Sustracción de vehículos;2017;89
ASTURIAS (PRINCIPADO DE);5.4.-Sustracción de vehículos;2016;102
ASTURIAS (PRINCIPADO DE);5.4.-Sustracción de vehículos;2015;158
ASTURIAS (PRINCIPADO DE);5.4.-Sustracción de vehículos;2014;143
ASTURIAS (PRINCIPADO DE);5.4.-Sustracción de vehículos;2013;155
ASTURIAS (PRINCIPADO DE);5.4.-Sustracción de vehículos;2012;128
ASTURIAS (PRINCIPADO DE);5.4.-Sustracción de vehículos;2011;272
ASTURIAS (PRINCIPADO DE);5.4.-Sustracción de vehículos;2010;149
ASTURIAS (PRINCIPADO DE);5.5.-Estafas;2023;206
ASTURIAS (PRINCIPADO DE);5.5.-Estafas;2022;209
ASTURIAS (PRINCIPADO DE);5.5.-Estafas;2021;196
ASTURIAS (PRINCIPADO DE);5.5.-Estafas;2020;175
ASTURIAS (PRINCIPADO DE);5.5.-Estafas;2019;199
ASTURIAS (PRINCIPADO DE);5.5.-Estafas;2018;180
ASTURIAS (PRINCIPADO DE);5.5.-Estafas;2017;187
ASTURIAS (PRINCIPADO DE);5.5.-Estafas;2016;181
ASTURIAS (PRINCIPADO DE);5.5.-Estafas;2015;195
ASTURIAS (PRINCIPADO DE);5.5.-Estafas;2014;432
ASTURIAS (PRINCIPADO DE);5.5.-Estafas;2013;255
ASTURIAS (PRINCIPADO DE);5.5.-Estafas;2012;216
ASTURIAS (PRINCIPADO DE);5.5.-Estafas;2011;211
ASTURIAS (PRINCIPADO DE);5.5.-Estafas;2010;138
ASTURIAS (PRINCIPADO DE);5.5.1.-Estafas informáticas;2023;72
ASTURIAS (PRINCIPADO DE);5.5.1.-Estafas informáticas;2022;95
ASTURIAS (PRINCIPADO DE);5.5.1.-Estafas informáticas;2021;88
ASTURIAS (PRINCIPADO DE);5.5.1.-Estafas informáticas;2020;74
ASTURIAS (PRINCIPADO DE);5.5.1.-Estafas informáticas;2019;41
ASTURIAS (PRINCIPADO DE);5.5.1.-Estafas informáticas;2018;27
ASTURIAS (PRINCIPADO DE);5.5.1.-Estafas informáticas;2017;34
ASTURIAS (PRINCIPADO DE);5.5.1.-Estafas informáticas;2016;19
ASTURIAS (PRINCIPADO DE);5.5.1.-Estafas informáticas;2015;60
ASTURIAS (PRINCIPADO DE);5.5.1.-Estafas informáticas;2014;23
ASTURIAS (PRINCIPADO DE);5.5.1.-Estafas informáticas;2013;46
ASTURIAS (PRINCIPADO DE);5.5.1.-Estafas informáticas;2012;46
ASTURIAS (PRINCIPADO DE);5.5.1.-Estafas informáticas;2011;44
ASTURIAS (PRINCIPADO DE);5.5.1.-Estafas informáticas;2010;21
ASTURIAS (PRINCIPADO DE);5.6.-Daños;2023;270
ASTURIAS (PRINCIPADO DE);5.6.-Daños;2022;206
ASTURIAS (PRINCIPADO DE);5.6.-Daños;2021;279
ASTURIAS (PRINCIPADO DE);5.6.-Daños;2020;194
ASTURIAS (PRINCIPADO DE);5.6.-Daños;2019;196
ASTURIAS (PRINCIPADO DE);5.6.-Daños;2018;201
ASTURIAS (PRINCIPADO DE);5.6.-Daños;2017;200
ASTURIAS (PRINCIPADO DE);5.6.-Daños;2016;209
ASTURIAS (PRINCIPADO DE);5.6.-Daños;2015;188
ASTURIAS (PRINCIPADO DE);5.6.-Daños;2014;212
ASTURIAS (PRINCIPADO DE);5.6.-Daños;2013;216
ASTURIAS (PRINCIPADO DE);5.6.-Daños;2012;238
ASTURIAS (PRINCIPADO DE);5.6.-Daños;2011;366
ASTURIAS (PRINCIPADO DE);5.6.-Daños;2010;161
ASTURIAS (PRINCIPADO DE);5.7.-Contra la propiedad intelectual/industrial;2023;7
ASTURIAS (PRINCIPADO DE);5.7.-Contra la propiedad intelectual/industrial;2022;12
ASTURIAS (PRINCIPADO DE);5.7.-Contra la propiedad intelectual/industrial;2021;7
ASTURIAS (PRINCIPADO DE);5.7.-Contra la propiedad intelectual/industrial;2020;4
ASTURIAS (PRINCIPADO DE);5.7.-Contra la propiedad intelectual/industrial;2019;17
ASTURIAS (PRINCIPADO DE);5.7.-Contra la propiedad intelectual/industrial;2018;26
ASTURIAS (PRINCIPADO DE);5.7.-Contra la propiedad intelectual/industrial;2017;6
ASTURIAS (PRINCIPADO DE);5.7.-Contra la propiedad intelectual/industrial;2016;10
ASTURIAS (PRINCIPADO DE);5.7.-Contra la propiedad intelectual/industrial;2015;16
ASTURIAS (PRINCIPADO DE);5.7.-Contra la propiedad intelectual/industrial;2014;26
ASTURIAS (PRINCIPADO DE);5.7.-Contra la propiedad intelectual/industrial;2013;28
ASTURIAS (PRINCIPADO DE);5.7.-Contra la propiedad intelectual/industrial;2012;44
ASTURIAS (PRINCIPADO DE);5.7.-Contra la propiedad intelectual/industrial;2011;15
ASTURIAS (PRINCIPADO DE);5.7.-Contra la propiedad intelectual/industrial;2010;23
ASTURIAS (PRINCIPADO DE);5.8.-Blanqueo de capitales;2023;6
ASTURIAS (PRINCIPADO DE);5.8.-Blanqueo de capitales;2022;0
ASTURIAS (PRINCIPADO DE);5.8.-Blanqueo de capitales;2021;1
ASTURIAS (PRINCIPADO DE);5.8.-Blanqueo de capitales;2020;7
ASTURIAS (PRINCIPADO DE);5.8.-Blanqueo de capitales;2019;3
ASTURIAS (PRINCIPADO DE);5.8.-Blanqueo de capitales;2018;2
ASTURIAS (PRINCIPADO DE);5.8.-Blanqueo de capitales;2017;5
ASTURIAS (PRINCIPADO DE);5.8.-Blanqueo de capitales;2016;1
ASTURIAS (PRINCIPADO DE);5.8.-Blanqueo de capitales;2015;0
ASTURIAS (PRINCIPADO DE);5.8.-Blanqueo de capitales;2014;3
ASTURIAS (PRINCIPADO DE);5.8.-Blanqueo de capitales;2013;3
ASTURIAS (PRINCIPADO DE);5.8.-Blanqueo de capitales;2012;0
ASTURIAS (PRINCIPADO DE);5.8.-Blanqueo de capitales;2011;2
ASTURIAS (PRINCIPADO DE);5.8.-Blanqueo de capitales;2010;2
ASTURIAS (PRINCIPADO DE);5.9.-Otros contra el patrimonio;2023;179
ASTURIAS (PRINCIPADO DE);5.9.-Otros contra el patrimonio;2022;170
ASTURIAS (PRINCIPADO DE);5.9.-Otros contra el patrimonio;2021;151
ASTURIAS (PRINCIPADO DE);5.9.-Otros contra el patrimonio;2020;151
ASTURIAS (PRINCIPADO DE);5.9.-Otros contra el patrimonio;2019;174
ASTURIAS (PRINCIPADO DE);5.9.-Otros contra el patrimonio;2018;189
ASTURIAS (PRINCIPADO DE);5.9.-Otros contra el patrimonio;2017;160
ASTURIAS (PRINCIPADO DE);5.9.-Otros contra el patrimonio;2016;195
ASTURIAS (PRINCIPADO DE);5.9.-Otros contra el patrimonio;2015;184
ASTURIAS (PRINCIPADO DE);5.9.-Otros contra el patrimonio;2014;234
ASTURIAS (PRINCIPADO DE);5.9.-Otros contra el patrimonio;2013;226
ASTURIAS (PRINCIPADO DE);5.9.-Otros contra el patrimonio;2012;158
ASTURIAS (PRINCIPADO DE);5.9.-Otros contra el patrimonio;2011;110
ASTURIAS (PRINCIPADO DE);5.9.-Otros contra el patrimonio;2010;68
ASTURIAS (PRINCIPADO DE);6. SEGURIDAD COLECTIVA;2023;995
ASTURIAS (PRINCIPADO DE);6. SEGURIDAD COLECTIVA;2022;1.031
ASTURIAS (PRINCIPADO DE);6. SEGURIDAD COLECTIVA;2021;1.046
ASTURIAS (PRINCIPADO DE);6. SEGURIDAD COLECTIVA;2020;871
ASTURIAS (PRINCIPADO DE);6. SEGURIDAD COLECTIVA;2019;1.184
ASTURIAS (PRINCIPADO DE);6. SEGURIDAD COLECTIVA;2018;1.053
ASTURIAS (PRINCIPADO DE);6. SEGURIDAD COLECTIVA;2017;1.035
ASTURIAS (PRINCIPADO DE);6. SEGURIDAD COLECTIVA;2016;1.130
ASTURIAS (PRINCIPADO DE);6. SEGURIDAD COLECTIVA;2015;1.136
ASTURIAS (PRINCIPADO DE);6. SEGURIDAD COLECTIVA;2014;1.340
ASTURIAS (PRINCIPADO DE);6. SEGURIDAD COLECTIVA;2013;1.566
ASTURIAS (PRINCIPADO DE);6. SEGURIDAD COLECTIVA;2012;1.645
ASTURIAS (PRINCIPADO DE);6. SEGURIDAD COLECTIVA;2011;1.695
ASTURIAS (PRINCIPADO DE);6. SEGURIDAD COLECTIVA;2010;1.403
ASTURIAS (PRINCIPADO DE);6.1.-Tráfico de drogas;2023;223
ASTURIAS (PRINCIPADO DE);6.1.-Tráfico de drogas;2022;229
ASTURIAS (PRINCIPADO DE);6.1.-Tráfico de drogas;2021;231
ASTURIAS (PRINCIPADO DE);6.1.-Tráfico de drogas;2020;226
ASTURIAS (PRINCIPADO DE);6.1.-Tráfico de drogas;2019;263
ASTURIAS (PRINCIPADO DE);6.1.-Tráfico de drogas;2018;210
ASTURIAS (PRINCIPADO DE);6.1.-Tráfico de drogas;2017;182
ASTURIAS (PRINCIPADO DE);6.1.-Tráfico de drogas;2016;182
ASTURIAS (PRINCIPADO DE);6.1.-Tráfico de drogas;2015;270
ASTURIAS (PRINCIPADO DE);6.1.-Tráfico de drogas;2014;267
ASTURIAS (PRINCIPADO DE);6.1.-Tráfico de drogas;2013;369
ASTURIAS (PRINCIPADO DE);6.1.-Tráfico de drogas;2012;410
ASTURIAS (PRINCIPADO DE);6.1.-Tráfico de drogas;2011;425
ASTURIAS (PRINCIPADO DE);6.1.-Tráfico de drogas;2010;275
ASTURIAS (PRINCIPADO DE);6.2.-Contra la seguridad vial;2023;691
ASTURIAS (PRINCIPADO DE);6.2.-Contra la seguridad vial;2022;751
ASTURIAS (PRINCIPADO DE);6.2.-Contra la seguridad vial;2021;749
ASTURIAS (PRINCIPADO DE);6.2.-Contra la seguridad vial;2020;594
ASTURIAS (PRINCIPADO DE);6.2.-Contra la seguridad vial;2019;876
ASTURIAS (PRINCIPADO DE);6.2.-Contra la seguridad vial;2018;792
ASTURIAS (PRINCIPADO DE);6.2.-Contra la seguridad vial;2017;797
ASTURIAS (PRINCIPADO DE);6.2.-Contra la seguridad vial;2016;880
ASTURIAS (PRINCIPADO DE);6.2.-Contra la seguridad vial;2015;845
ASTURIAS (PRINCIPADO DE);6.2.-Contra la seguridad vial;2014;1.022
ASTURIAS (PRINCIPADO DE);6.2.-Contra la seguridad vial;2013;1.138
ASTURIAS (PRINCIPADO DE);6.2.-Contra la seguridad vial;2012;1.192
ASTURIAS (PRINCIPADO DE);6.2.-Contra la seguridad vial;2011;1.215
ASTURIAS (PRINCIPADO DE);6.2.-Contra la seguridad vial;2010;1.100
ASTURIAS (PRINCIPADO DE);6.3.-Otros contra la seguridad colectiva;2023;81
ASTURIAS (PRINCIPADO DE);6.3.-Otros contra la seguridad colectiva;2022;51
ASTURIAS (PRINCIPADO DE);6.3.-Otros contra la seguridad colectiva;2021;66
ASTURIAS (PRINCIPADO DE);6.3.-Otros contra la seguridad colectiva;2020;51
ASTURIAS (PRINCIPADO DE);6.3.-Otros contra la seguridad colectiva;2019;45
ASTURIAS (PRINCIPADO DE);6.3.-Otros contra la seguridad colectiva;2018;51
ASTURIAS (PRINCIPADO DE);6.3.-Otros contra la seguridad colectiva;2017;56
ASTURIAS (PRINCIPADO DE);6.3.-Otros contra la seguridad colectiva;2016;68
ASTURIAS (PRINCIPADO DE);6.3.-Otros contra la seguridad colectiva;2015;21
ASTURIAS (PRINCIPADO DE);6.3.-Otros contra la seguridad colectiva;2014;51
ASTURIAS (PRINCIPADO DE);6.3.-Otros contra la seguridad colectiva;2013;59
ASTURIAS (PRINCIPADO DE);6.3.-Otros contra la seguridad colectiva;2012;43
ASTURIAS (PRINCIPADO DE);6.3.-Otros contra la seguridad colectiva;2011;55
ASTURIAS (PRINCIPADO DE);6.3.-Otros contra la seguridad colectiva;2010;28
ASTURIAS (PRINCIPADO DE);7. FALSEDADES;2023;86
ASTURIAS (PRINCIPADO DE);7. FALSEDADES;2022;93
ASTURIAS (PRINCIPADO DE);7. FALSEDADES;2021;99
ASTURIAS (PRINCIPADO DE);7. FALSEDADES;2020;97
ASTURIAS (PRINCIPADO DE);7. FALSEDADES;2019;83
ASTURIAS (PRINCIPADO DE);7. FALSEDADES;2018;88
ASTURIAS (PRINCIPADO DE);7. FALSEDADES;2017;77
ASTURIAS (PRINCIPADO DE);7. FALSEDADES;2016;98
ASTURIAS (PRINCIPADO DE);7. FALSEDADES;2015;80
ASTURIAS (PRINCIPADO DE);7. FALSEDADES;2014;130
ASTURIAS (PRINCIPADO DE);7. FALSEDADES;2013;159
ASTURIAS (PRINCIPADO DE);7. FALSEDADES;2012;148
ASTURIAS (PRINCIPADO DE);7. FALSEDADES;2011;126
ASTURIAS (PRINCIPADO DE);7. FALSEDADES;2010;66
ASTURIAS (PRINCIPADO DE);8. ADMÓN. PÚBLICA;2023;7
ASTURIAS (PRINCIPADO DE);8. ADMÓN. PÚBLICA;2022;0
ASTURIAS (PRINCIPADO DE);8. ADMÓN. PÚBLICA;2021;8
ASTURIAS (PRINCIPADO DE);8. ADMÓN. PÚBLICA;2020;1
ASTURIAS (PRINCIPADO DE);8. ADMÓN. PÚBLICA;2019;2
ASTURIAS (PRINCIPADO DE);8. ADMÓN. PÚBLICA;2018;8
ASTURIAS (PRINCIPADO DE);8. ADMÓN. PÚBLICA;2017;2
ASTURIAS (PRINCIPADO DE);8. ADMÓN. PÚBLICA;2016;0
ASTURIAS (PRINCIPADO DE);8. ADMÓN. PÚBLICA;2015;3
ASTURIAS (PRINCIPADO DE);8. ADMÓN. PÚBLICA;2014;1
ASTURIAS (PRINCIPADO DE);8. ADMÓN. PÚBLICA;2013;10
ASTURIAS (PRINCIPADO DE);8. ADMÓN. PÚBLICA;2012;5
ASTURIAS (PRINCIPADO DE);8. ADMÓN. PÚBLICA;2011;18
ASTURIAS (PRINCIPADO DE);8. ADMÓN. PÚBLICA;2010;3
ASTURIAS (PRINCIPADO DE);9. ADMÓN. JUSTICIA;2023;649
ASTURIAS (PRINCIPADO DE);9. ADMÓN. JUSTICIA;2022;572
ASTURIAS (PRINCIPADO DE);9. ADMÓN. JUSTICIA;2021;451
ASTURIAS (PRINCIPADO DE);9. ADMÓN. JUSTICIA;2020;466
ASTURIAS (PRINCIPADO DE);9. ADMÓN. JUSTICIA;2019;461
ASTURIAS (PRINCIPADO DE);9. ADMÓN. JUSTICIA;2018;462
ASTURIAS (PRINCIPADO DE);9. ADMÓN. JUSTICIA;2017;486
ASTURIAS (PRINCIPADO DE);9. ADMÓN. JUSTICIA;2016;411
ASTURIAS (PRINCIPADO DE);9. ADMÓN. JUSTICIA;2015;399
ASTURIAS (PRINCIPADO DE);9. ADMÓN. JUSTICIA;2014;455
ASTURIAS (PRINCIPADO DE);9. ADMÓN. JUSTICIA;2013;421
ASTURIAS (PRINCIPADO DE);9. ADMÓN. JUSTICIA;2012;365
ASTURIAS (PRINCIPADO DE);9. ADMÓN. JUSTICIA;2011;459
ASTURIAS (PRINCIPADO DE);9. ADMÓN. JUSTICIA;2010;417
ASTURIAS (PRINCIPADO DE);10. ORDEN PÚBLICO;2023;470
ASTURIAS (PRINCIPADO DE);10. ORDEN PÚBLICO;2022;508
ASTURIAS (PRINCIPADO DE);10. ORDEN PÚBLICO;2021;477
ASTURIAS (PRINCIPADO DE);10. ORDEN PÚBLICO;2020;571
ASTURIAS (PRINCIPADO DE);10. ORDEN PÚBLICO;2019;343
ASTURIAS (PRINCIPADO DE);10. ORDEN PÚBLICO;2018;372
ASTURIAS (PRINCIPADO DE);10. ORDEN PÚBLICO;2017;377
ASTURIAS (PRINCIPADO DE);10. ORDEN PÚBLICO;2016;337
ASTURIAS (PRINCIPADO DE);10. ORDEN PÚBLICO;2015;383
ASTURIAS (PRINCIPADO DE);10. ORDEN PÚBLICO;2014;537
ASTURIAS (PRINCIPADO DE);10. ORDEN PÚBLICO;2013;608
ASTURIAS (PRINCIPADO DE);10. ORDEN PÚBLICO;2012;733
ASTURIAS (PRINCIPADO DE);10. ORDEN PÚBLICO;2011;699
ASTURIAS (PRINCIPADO DE);10. ORDEN PÚBLICO;2010;552
ASTURIAS (PRINCIPADO DE);11. LEGISLACIÓN ESPECIAL;2023;1
ASTURIAS (PRINCIPADO DE);11. LEGISLACIÓN ESPECIAL;2022;0
ASTURIAS (PRINCIPADO DE);11. LEGISLACIÓN ESPECIAL;2021;0
ASTURIAS (PRINCIPADO DE);11. LEGISLACIÓN ESPECIAL;2020;0
ASTURIAS (PRINCIPADO DE);11. LEGISLACIÓN ESPECIAL;2019;3
ASTURIAS (PRINCIPADO DE);11. LEGISLACIÓN ESPECIAL;2018;0
ASTURIAS (PRINCIPADO DE);11. LEGISLACIÓN ESPECIAL;2017;1
ASTURIAS (PRINCIPADO DE);11. LEGISLACIÓN ESPECIAL;2016;0
ASTURIAS (PRINCIPADO DE);11. LEGISLACIÓN ESPECIAL;2015;0
ASTURIAS (PRINCIPADO DE);11. LEGISLACIÓN ESPECIAL;2014;0
ASTURIAS (PRINCIPADO DE);11. LEGISLACIÓN ESPECIAL;2013;5
ASTURIAS (PRINCIPADO DE);11. LEGISLACIÓN ESPECIAL;2012;2
ASTURIAS (PRINCIPADO DE);11. LEGISLACIÓN ESPECIAL;2011;0
ASTURIAS (PRINCIPADO DE);11. LEGISLACIÓN ESPECIAL;2010;2
ASTURIAS (PRINCIPADO DE);12. OTRAS INFRACCIONES PENALES;2023;153
ASTURIAS (PRINCIPADO DE);12. OTRAS INFRACCIONES PENALES;2022;172
ASTURIAS (PRINCIPADO DE);12. OTRAS INFRACCIONES PENALES;2021;109
ASTURIAS (PRINCIPADO DE);12. OTRAS INFRACCIONES PENALES;2020;75
ASTURIAS (PRINCIPADO DE);12. OTRAS INFRACCIONES PENALES;2019;168
ASTURIAS (PRINCIPADO DE);12. OTRAS INFRACCIONES PENALES;2018;108
ASTURIAS (PRINCIPADO DE);12. OTRAS INFRACCIONES PENALES;2017;83
ASTURIAS (PRINCIPADO DE);12. OTRAS INFRACCIONES PENALES;2016;102
ASTURIAS (PRINCIPADO DE);12. OTRAS INFRACCIONES PENALES;2015;85
ASTURIAS (PRINCIPADO DE);12. OTRAS INFRACCIONES PENALES;2014;65
ASTURIAS (PRINCIPADO DE);12. OTRAS INFRACCIONES PENALES;2013;42
ASTURIAS (PRINCIPADO DE);12. OTRAS INFRACCIONES PENALES;2012;50
ASTURIAS (PRINCIPADO DE);12. OTRAS INFRACCIONES PENALES;2011;37
ASTURIAS (PRINCIPADO DE);12. OTRAS INFRACCIONES PENALES;2010;76
ASTURIAS (PRINCIPADO DE);TOTAL INFRACCIONES PENALES;2023;9.831
ASTURIAS (PRINCIPADO DE);TOTAL INFRACCIONES PENALES;2022;8.621
ASTURIAS (PRINCIPADO DE);TOTAL INFRACCIONES PENALES;2021;7.864
ASTURIAS (PRINCIPADO DE);TOTAL INFRACCIONES PENALES;2020;7.015
ASTURIAS (PRINCIPADO DE);TOTAL INFRACCIONES PENALES;2019;8.143
ASTURIAS (PRINCIPADO DE);TOTAL INFRACCIONES PENALES;2018;7.802
ASTURIAS (PRINCIPADO DE);TOTAL INFRACCIONES PENALES;2017;7.626
ASTURIAS (PRINCIPADO DE);TOTAL INFRACCIONES PENALES;2016;7.440
ASTURIAS (PRINCIPADO DE);TOTAL INFRACCIONES PENALES;2015;7.761
ASTURIAS (PRINCIPADO DE);TOTAL INFRACCIONES PENALES;2014;9.138
ASTURIAS (PRINCIPADO DE);TOTAL INFRACCIONES PENALES;2013;9.637
ASTURIAS (PRINCIPADO DE);TOTAL INFRACCIONES PENALES;2012;10.008
ASTURIAS (PRINCIPADO DE);TOTAL INFRACCIONES PENALES;2011;10.047
ASTURIAS (PRINCIPADO DE);TOTAL INFRACCIONES PENALES;2010;7.002
BALEARS (ILLES);1. CONTRA LAS PERSONAS;2023;6.172
BALEARS (ILLES);1. CONTRA LAS PERSONAS;2022;5.477
BALEARS (ILLES);1. CONTRA LAS PERSONAS;2021;4.572
BALEARS (ILLES);1. CONTRA LAS PERSONAS;2020;3.734
BALEARS (ILLES);1. CONTRA LAS PERSONAS;2019;4.483
BALEARS (ILLES);1. CONTRA LAS PERSONAS;2018;3.761
BALEARS (ILLES);1. CONTRA LAS PERSONAS;2017;3.588
BALEARS (ILLES);1. CONTRA LAS PERSONAS;2016;3.272
BALEARS (ILLES);1. CONTRA LAS PERSONAS;2015;3.226
BALEARS (ILLES);1. CONTRA LAS PERSONAS;2014;3.359
BALEARS (ILLES);1. CONTRA LAS PERSONAS;2013;3.344
BALEARS (ILLES);1. CONTRA LAS PERSONAS;2012;3.162
BALEARS (ILLES);1. CONTRA LAS PERSONAS;2011;3.267
BALEARS (ILLES);1. CONTRA LAS PERSONAS;2010;1.935
BALEARS (ILLES);1.1.-Homicidios dolosos/asesinatos;2023;47
BALEARS (ILLES);1.1.-Homicidios dolosos/asesinatos;2022;40
BALEARS (ILLES);1.1.-Homicidios dolosos/asesinatos;2021;63
BALEARS (ILLES);1.1.-Homicidios dolosos/asesinatos;2020;37
BALEARS (ILLES);1.1.-Homicidios dolosos/asesinatos;2019;43
BALEARS (ILLES);1.1.-Homicidios dolosos/asesinatos;2018;51
BALEARS (ILLES);1.1.-Homicidios dolosos/asesinatos;2017;31
BALEARS (ILLES);1.1.-Homicidios dolosos/asesinatos;2016;29
BALEARS (ILLES);1.1.-Homicidios dolosos/asesinatos;2015;38
BALEARS (ILLES);1.1.-Homicidios dolosos/asesinatos;2014;31
BALEARS (ILLES);1.1.-Homicidios dolosos/asesinatos;2013;30
BALEARS (ILLES);1.1.-Homicidios dolosos/asesinatos;2012;32
BALEARS (ILLES);1.1.-Homicidios dolosos/asesinatos;2011;68
BALEARS (ILLES);1.1.-Homicidios dolosos/asesinatos;2010;46
BALEARS (ILLES);1.1.1.-Homicidios dolosos/asesinatos consumados;2023;11
BALEARS (ILLES);1.1.1.-Homicidios dolosos/asesinatos consumados;2022;1
BALEARS (ILLES);1.1.1.-Homicidios dolosos/asesinatos consumados;2021;15
BALEARS (ILLES);1.1.1.-Homicidios dolosos/asesinatos consumados;2020;7
BALEARS (ILLES);1.1.1.-Homicidios dolosos/asesinatos consumados;2019;7
BALEARS (ILLES);1.1.1.-Homicidios dolosos/asesinatos consumados;2018;17
BALEARS (ILLES);1.1.1.-Homicidios dolosos/asesinatos consumados;2017;4
BALEARS (ILLES);1.1.1.-Homicidios dolosos/asesinatos consumados;2016;6
BALEARS (ILLES);1.1.1.-Homicidios dolosos/asesinatos consumados;2015;12
BALEARS (ILLES);1.1.1.-Homicidios dolosos/asesinatos consumados;2014;12
BALEARS (ILLES);1.1.1.-Homicidios dolosos/asesinatos consumados;2013;9
BALEARS (ILLES);1.1.1.-Homicidios dolosos/asesinatos consumados;2012;3
BALEARS (ILLES);1.1.1.-Homicidios dolosos/asesinatos consumados;2011;33
BALEARS (ILLES);1.1.1.-Homicidios dolosos/asesinatos consumados;2010;8
BALEARS (ILLES);1.2.-Lesiones;2023;1.319
BALEARS (ILLES);1.2.-Lesiones;2022;1.208
BALEARS (ILLES);1.2.-Lesiones;2021;943
BALEARS (ILLES);1.2.-Lesiones;2020;827
BALEARS (ILLES);1.2.-Lesiones;2019;1.165
BALEARS (ILLES);1.2.-Lesiones;2018;958
BALEARS (ILLES);1.2.-Lesiones;2017;946
BALEARS (ILLES);1.2.-Lesiones;2016;877
BALEARS (ILLES);1.2.-Lesiones;2015;837
BALEARS (ILLES);1.2.-Lesiones;2014;881
BALEARS (ILLES);1.2.-Lesiones;2013;897
BALEARS (ILLES);1.2.-Lesiones;2012;943
BALEARS (ILLES);1.2.-Lesiones;2011;928
BALEARS (ILLES);1.2.-Lesiones;2010;511
BALEARS (ILLES);1.3.-Malos tratos ámbito familiar;2023;4.700
BALEARS (ILLES);1.3.-Malos tratos ámbito familiar;2022;4.151
BALEARS (ILLES);1.3.-Malos tratos ámbito familiar;2021;3.522
BALEARS (ILLES);1.3.-Malos tratos ámbito familiar;2020;2.795
BALEARS (ILLES);1.3.-Malos tratos ámbito familiar;2019;3.232
BALEARS (ILLES);1.3.-Malos tratos ámbito familiar;2018;2.719
BALEARS (ILLES);1.3.-Malos tratos ámbito familiar;2017;2.586
BALEARS (ILLES);1.3.-Malos tratos ámbito familiar;2016;2.352
BALEARS (ILLES);1.3.-Malos tratos ámbito familiar;2015;2.119
BALEARS (ILLES);1.3.-Malos tratos ámbito familiar;2014;2.112
BALEARS (ILLES);1.3.-Malos tratos ámbito familiar;2013;2.048
BALEARS (ILLES);1.3.-Malos tratos ámbito familiar;2012;1.854
BALEARS (ILLES);1.3.-Malos tratos ámbito familiar;2011;1.948
BALEARS (ILLES);1.3.-Malos tratos ámbito familiar;2010;1.306
BALEARS (ILLES);1.4.-Otros contra las personas;2023;106
BALEARS (ILLES);1.4.-Otros contra las personas;2022;78
BALEARS (ILLES);1.4.-Otros contra las personas;2021;44
BALEARS (ILLES);1.4.-Otros contra las personas;2020;75
BALEARS (ILLES);1.4.-Otros contra las personas;2019;43
BALEARS (ILLES);1.4.-Otros contra las personas;2018;33
BALEARS (ILLES);1.4.-Otros contra las personas;2017;25
BALEARS (ILLES);1.4.-Otros contra las personas;2016;14
BALEARS (ILLES);1.4.-Otros contra las personas;2015;232
BALEARS (ILLES);1.4.-Otros contra las personas;2014;335
BALEARS (ILLES);1.4.-Otros contra las personas;2013;369
BALEARS (ILLES);1.4.-Otros contra las personas;2012;333
BALEARS (ILLES);1.4.-Otros contra las personas;2011;323
BALEARS (ILLES);1.4.-Otros contra las personas;2010;72
BALEARS (ILLES);2. CONTRA LA LIBERTAD;2023;2.078
BALEARS (ILLES);2. CONTRA LA LIBERTAD;2022;1.809
BALEARS (ILLES);2. CONTRA LA LIBERTAD;2021;1.899
BALEARS (ILLES);2. CONTRA LA LIBERTAD;2020;1.505
BALEARS (ILLES);2. CONTRA LA LIBERTAD;2019;1.421
BALEARS (ILLES);2. CONTRA LA LIBERTAD;2018;1.302
BALEARS (ILLES);2. CONTRA LA LIBERTAD;2017;1.342
BALEARS (ILLES);2. CONTRA LA LIBERTAD;2016;1.222
BALEARS (ILLES);2. CONTRA LA LIBERTAD;2015;981
BALEARS (ILLES);2. CONTRA LA LIBERTAD;2014;921
BALEARS (ILLES);2. CONTRA LA LIBERTAD;2013;956
BALEARS (ILLES);2. CONTRA LA LIBERTAD;2012;925
BALEARS (ILLES);2. CONTRA LA LIBERTAD;2011;1.073
BALEARS (ILLES);2. CONTRA LA LIBERTAD;2010;780
BALEARS (ILLES);2.1.-Malos tratos habituales en el ámbito familiar;2023;534
BALEARS (ILLES);2.1.-Malos tratos habituales en el ámbito familiar;2022;514
BALEARS (ILLES);2.1.-Malos tratos habituales en el ámbito familiar;2021;584
BALEARS (ILLES);2.1.-Malos tratos habituales en el ámbito familiar;2020;401
BALEARS (ILLES);2.1.-Malos tratos habituales en el ámbito familiar;2019;390
BALEARS (ILLES);2.1.-Malos tratos habituales en el ámbito familiar;2018;389
BALEARS (ILLES);2.1.-Malos tratos habituales en el ámbito familiar;2017;379
BALEARS (ILLES);2.1.-Malos tratos habituales en el ámbito familiar;2016;409
BALEARS (ILLES);2.1.-Malos tratos habituales en el ámbito familiar;2015;367
BALEARS (ILLES);2.1.-Malos tratos habituales en el ámbito familiar;2014;345
BALEARS (ILLES);2.1.-Malos tratos habituales en el ámbito familiar;2013;400
BALEARS (ILLES);2.1.-Malos tratos habituales en el ámbito familiar;2012;402
BALEARS (ILLES);2.1.-Malos tratos habituales en el ámbito familiar;2011;474
BALEARS (ILLES);2.1.-Malos tratos habituales en el ámbito familiar;2010;342
BALEARS (ILLES);2.2.-Otros contra la libertad;2023;1.544
BALEARS (ILLES);2.2.-Otros contra la libertad;2022;1.295
BALEARS (ILLES);2.2.-Otros contra la libertad;2021;1.315
BALEARS (ILLES);2.2.-Otros contra la libertad;2020;1.104
BALEARS (ILLES);2.2.-Otros contra la libertad;2019;1.031
BALEARS (ILLES);2.2.-Otros contra la libertad;2018;913
BALEARS (ILLES);2.2.-Otros contra la libertad;2017;963
BALEARS (ILLES);2.2.-Otros contra la libertad;2016;813
BALEARS (ILLES);2.2.-Otros contra la libertad;2015;614
BALEARS (ILLES);2.2.-Otros contra la libertad;2014;576
BALEARS (ILLES);2.2.-Otros contra la libertad;2013;556
BALEARS (ILLES);2.2.-Otros contra la libertad;2012;523
BALEARS (ILLES);2.2.-Otros contra la libertad;2011;599
BALEARS (ILLES);2.2.-Otros contra la libertad;2010;438
BALEARS (ILLES);3. LIBERTAD SEXUAL;2023;684
BALEARS (ILLES);3. LIBERTAD SEXUAL;2022;567
BALEARS (ILLES);3. LIBERTAD SEXUAL;2021;494
BALEARS (ILLES);3. LIBERTAD SEXUAL;2020;285
BALEARS (ILLES);3. LIBERTAD SEXUAL;2019;395
BALEARS (ILLES);3. LIBERTAD SEXUAL;2018;323
BALEARS (ILLES);3. LIBERTAD SEXUAL;2017;271
BALEARS (ILLES);3. LIBERTAD SEXUAL;2016;231
BALEARS (ILLES);3. LIBERTAD SEXUAL;2015;232
BALEARS (ILLES);3. LIBERTAD SEXUAL;2014;224
BALEARS (ILLES);3. LIBERTAD SEXUAL;2013;219
BALEARS (ILLES);3. LIBERTAD SEXUAL;2012;264
BALEARS (ILLES);3. LIBERTAD SEXUAL;2011;259
BALEARS (ILLES);3. LIBERTAD SEXUAL;2010;229
BALEARS (ILLES);3.1.-Agresión sexual;2023;464
BALEARS (ILLES);3.1.-Agresión sexual;2022;368
BALEARS (ILLES);3.1.-Agresión sexual;2021;323
BALEARS (ILLES);3.1.-Agresión sexual;2020;184
BALEARS (ILLES);3.1.-Agresión sexual;2019;268
BALEARS (ILLES);3.1.-Agresión sexual;2018;198
BALEARS (ILLES);3.1.-Agresión sexual;2017;186
BALEARS (ILLES);3.1.-Agresión sexual;2016;121
BALEARS (ILLES);3.1.-Agresión sexual;2015;140
BALEARS (ILLES);3.1.-Agresión sexual;2014;123
BALEARS (ILLES);3.1.-Agresión sexual;2013;118
BALEARS (ILLES);3.1.-Agresión sexual;2012;138
BALEARS (ILLES);3.1.-Agresión sexual;2011;143
BALEARS (ILLES);3.1.-Agresión sexual;2010;105
BALEARS (ILLES);3.2.-Agresión sexual con penetración;2023;129
BALEARS (ILLES);3.2.-Agresión sexual con penetración;2022;116
BALEARS (ILLES);3.2.-Agresión sexual con penetración;2021;87
BALEARS (ILLES);3.2.-Agresión sexual con penetración;2020;54
BALEARS (ILLES);3.2.-Agresión sexual con penetración;2019;68
BALEARS (ILLES);3.2.-Agresión sexual con penetración;2018;72
BALEARS (ILLES);3.2.-Agresión sexual con penetración;2017;38
BALEARS (ILLES);3.2.-Agresión sexual con penetración;2016;48
BALEARS (ILLES);3.2.-Agresión sexual con penetración;2015;44
BALEARS (ILLES);3.2.-Agresión sexual con penetración;2014;50
BALEARS (ILLES);3.2.-Agresión sexual con penetración;2013;45
BALEARS (ILLES);3.2.-Agresión sexual con penetración;2012;45
BALEARS (ILLES);3.2.-Agresión sexual con penetración;2011;54
BALEARS (ILLES);3.2.-Agresión sexual con penetración;2010;27
BALEARS (ILLES);3.3.-Corrupción de menores o incapacitados;2023;12
BALEARS (ILLES);3.3.-Corrupción de menores o incapacitados;2022;14
BALEARS (ILLES);3.3.-Corrupción de menores o incapacitados;2021;15
BALEARS (ILLES);3.3.-Corrupción de menores o incapacitados;2020;10
BALEARS (ILLES);3.3.-Corrupción de menores o incapacitados;2019;8
BALEARS (ILLES);3.3.-Corrupción de menores o incapacitados;2018;5
BALEARS (ILLES);3.3.-Corrupción de menores o incapacitados;2017;5
BALEARS (ILLES);3.3.-Corrupción de menores o incapacitados;2016;18
BALEARS (ILLES);3.3.-Corrupción de menores o incapacitados;2015;13
BALEARS (ILLES);3.3.-Corrupción de menores o incapacitados;2014;12
BALEARS (ILLES);3.3.-Corrupción de menores o incapacitados;2013;7
BALEARS (ILLES);3.3.-Corrupción de menores o incapacitados;2012;23
BALEARS (ILLES);3.3.-Corrupción de menores o incapacitados;2011;5
BALEARS (ILLES);3.3.-Corrupción de menores o incapacitados;2010;7
BALEARS (ILLES);3.4.-Pornografía de menores;2023;19
BALEARS (ILLES);3.4.-Pornografía de menores;2022;11
BALEARS (ILLES);3.4.-Pornografía de menores;2021;7
BALEARS (ILLES);3.4.-Pornografía de menores;2020;5
BALEARS (ILLES);3.4.-Pornografía de menores;2019;7
BALEARS (ILLES);3.4.-Pornografía de menores;2018;11
BALEARS (ILLES);3.4.-Pornografía de menores;2017;6
BALEARS (ILLES);3.4.-Pornografía de menores;2016;5
BALEARS (ILLES);3.4.-Pornografía de menores;2015;2
BALEARS (ILLES);3.4.-Pornografía de menores;2014;19
BALEARS (ILLES);3.4.-Pornografía de menores;2013;19
BALEARS (ILLES);3.4.-Pornografía de menores;2012;8
BALEARS (ILLES);3.4.-Pornografía de menores;2011;6
BALEARS (ILLES);3.4.-Pornografía de menores;2010;16
BALEARS (ILLES);3.5.-Otros contra la libertad sexual;2023;60
BALEARS (ILLES);3.5.-Otros contra la libertad sexual;2022;58
BALEARS (ILLES);3.5.-Otros contra la libertad sexual;2021;62
BALEARS (ILLES);3.5.-Otros contra la libertad sexual;2020;32
BALEARS (ILLES);3.5.-Otros contra la libertad sexual;2019;44
BALEARS (ILLES);3.5.-Otros contra la libertad sexual;2018;37
BALEARS (ILLES);3.5.-Otros contra la libertad sexual;2017;36
BALEARS (ILLES);3.5.-Otros contra la libertad sexual;2016;39
BALEARS (ILLES);3.5.-Otros contra la libertad sexual;2015;33
BALEARS (ILLES);3.5.-Otros contra la libertad sexual;2014;20
BALEARS (ILLES);3.5.-Otros contra la libertad sexual;2013;30
BALEARS (ILLES);3.5.-Otros contra la libertad sexual;2012;50
BALEARS (ILLES);3.5.-Otros contra la libertad sexual;2011;51
BALEARS (ILLES);3.5.-Otros contra la libertad sexual;2010;74
BALEARS (ILLES);4. RELACIONES FAMILIARES;2023;55
BALEARS (ILLES);4. RELACIONES FAMILIARES;2022;53
BALEARS (ILLES);4. RELACIONES FAMILIARES;2021;49
BALEARS (ILLES);4. RELACIONES FAMILIARES;2020;33
BALEARS (ILLES);4. RELACIONES FAMILIARES;2019;34
BALEARS (ILLES);4. RELACIONES FAMILIARES;2018;39
BALEARS (ILLES);4. RELACIONES FAMILIARES;2017;44
BALEARS (ILLES);4. RELACIONES FAMILIARES;2016;40
BALEARS (ILLES);4. RELACIONES FAMILIARES;2015;44
BALEARS (ILLES);4. RELACIONES FAMILIARES;2014;64
BALEARS (ILLES);4. RELACIONES FAMILIARES;2013;78
BALEARS (ILLES);4. RELACIONES FAMILIARES;2012;64
BALEARS (ILLES);4. RELACIONES FAMILIARES;2011;65
BALEARS (ILLES);4. RELACIONES FAMILIARES;2010;28
BALEARS (ILLES);5. PATRIMONIO;2023;4.514
BALEARS (ILLES);5. PATRIMONIO;2022;4.017
BALEARS (ILLES);5. PATRIMONIO;2021;3.748
BALEARS (ILLES);5. PATRIMONIO;2020;3.067
BALEARS (ILLES);5. PATRIMONIO;2019;4.209
BALEARS (ILLES);5. PATRIMONIO;2018;4.065
BALEARS (ILLES);5. PATRIMONIO;2017;4.080
BALEARS (ILLES);5. PATRIMONIO;2016;4.102
BALEARS (ILLES);5. PATRIMONIO;2015;4.303
BALEARS (ILLES);5. PATRIMONIO;2014;5.442
BALEARS (ILLES);5. PATRIMONIO;2013;6.303
BALEARS (ILLES);5. PATRIMONIO;2012;5.950
BALEARS (ILLES);5. PATRIMONIO;2011;5.690
BALEARS (ILLES);5. PATRIMONIO;2010;3.707
BALEARS (ILLES);5.1.-Hurtos;2023;1.588
BALEARS (ILLES);5.1.-Hurtos;2022;1.457
BALEARS (ILLES);5.1.-Hurtos;2021;1.149
BALEARS (ILLES);5.1.-Hurtos;2020;850
BALEARS (ILLES);5.1.-Hurtos;2019;1.460
BALEARS (ILLES);5.1.-Hurtos;2018;1.443
BALEARS (ILLES);5.1.-Hurtos;2017;1.351
BALEARS (ILLES);5.1.-Hurtos;2016;1.417
BALEARS (ILLES);5.1.-Hurtos;2015;1.617
BALEARS (ILLES);5.1.-Hurtos;2014;2.031
BALEARS (ILLES);5.1.-Hurtos;2013;2.232
BALEARS (ILLES);5.1.-Hurtos;2012;2.224
BALEARS (ILLES);5.1.-Hurtos;2011;1.919
BALEARS (ILLES);5.1.-Hurtos;2010;919
BALEARS (ILLES);5.2.-Robos con fuerza en las cosas;2023;905
BALEARS (ILLES);5.2.-Robos con fuerza en las cosas;2022;881
BALEARS (ILLES);5.2.-Robos con fuerza en las cosas;2021;904
BALEARS (ILLES);5.2.-Robos con fuerza en las cosas;2020;857
BALEARS (ILLES);5.2.-Robos con fuerza en las cosas;2019;980
BALEARS (ILLES);5.2.-Robos con fuerza en las cosas;2018;926
BALEARS (ILLES);5.2.-Robos con fuerza en las cosas;2017;945
BALEARS (ILLES);5.2.-Robos con fuerza en las cosas;2016;1.018
BALEARS (ILLES);5.2.-Robos con fuerza en las cosas;2015;1.109
BALEARS (ILLES);5.2.-Robos con fuerza en las cosas;2014;1.347
BALEARS (ILLES);5.2.-Robos con fuerza en las cosas;2013;1.847
BALEARS (ILLES);5.2.-Robos con fuerza en las cosas;2012;1.695
BALEARS (ILLES);5.2.-Robos con fuerza en las cosas;2011;1.775
BALEARS (ILLES);5.2.-Robos con fuerza en las cosas;2010;1.277
BALEARS (ILLES);5.2.1.-Robos con fuerza en las cosas en el interior de vehículos;2023;225
BALEARS (ILLES);5.2.1.-Robos con fuerza en las cosas en el interior de vehículos;2022;244
BALEARS (ILLES);5.2.1.-Robos con fuerza en las cosas en el interior de vehículos;2021;179
BALEARS (ILLES);5.2.1.-Robos con fuerza en las cosas en el interior de vehículos;2020;180
BALEARS (ILLES);5.2.1.-Robos con fuerza en las cosas en el interior de vehículos;2019;207
BALEARS (ILLES);5.2.1.-Robos con fuerza en las cosas en el interior de vehículos;2018;172
BALEARS (ILLES);5.2.1.-Robos con fuerza en las cosas en el interior de vehículos;2017;160
BALEARS (ILLES);5.2.1.-Robos con fuerza en las cosas en el interior de vehículos;2016;160
BALEARS (ILLES);5.2.1.-Robos con fuerza en las cosas en el interior de vehículos;2015;142
BALEARS (ILLES);5.2.1.-Robos con fuerza en las cosas en el interior de vehículos;2014;205
BALEARS (ILLES);5.2.1.-Robos con fuerza en las cosas en el interior de vehículos;2013;249
BALEARS (ILLES);5.2.1.-Robos con fuerza en las cosas en el interior de vehículos;2012;247
BALEARS (ILLES);5.2.1.-Robos con fuerza en las cosas en el interior de vehículos;2011;320
BALEARS (ILLES);5.2.1.-Robos con fuerza en las cosas en el interior de vehículos;2010;177
BALEARS (ILLES);5.2.2.-Robos con fuerza en viviendas;2023;333
BALEARS (ILLES);5.2.2.-Robos con fuerza en viviendas;2022;252
BALEARS (ILLES);5.2.2.-Robos con fuerza en viviendas;2021;326
BALEARS (ILLES);5.2.2.-Robos con fuerza en viviendas;2020;334
BALEARS (ILLES);5.2.2.-Robos con fuerza en viviendas;2019;399
BALEARS (ILLES);5.2.2.-Robos con fuerza en viviendas;2018;377
BALEARS (ILLES);5.2.2.-Robos con fuerza en viviendas;2017;326
BALEARS (ILLES);5.2.2.-Robos con fuerza en viviendas;2016;385
BALEARS (ILLES);5.2.2.-Robos con fuerza en viviendas;2015;500
BALEARS (ILLES);5.2.2.-Robos con fuerza en viviendas;2014;556
BALEARS (ILLES);5.2.2.-Robos con fuerza en viviendas;2013;743
BALEARS (ILLES);5.2.2.-Robos con fuerza en viviendas;2012;681
BALEARS (ILLES);5.2.2.-Robos con fuerza en viviendas;2011;476
BALEARS (ILLES);5.2.2.-Robos con fuerza en viviendas;2010;391
BALEARS (ILLES);5.2.3.-Robos con fuerza en establecimientos;2023;189
BALEARS (ILLES);5.2.3.-Robos con fuerza en establecimientos;2022;222
BALEARS (ILLES);5.2.3.-Robos con fuerza en establecimientos;2021;234
BALEARS (ILLES);5.2.3.-Robos con fuerza en establecimientos;2020;179
BALEARS (ILLES);5.2.3.-Robos con fuerza en establecimientos;2019;204
BALEARS (ILLES);5.2.3.-Robos con fuerza en establecimientos;2018;220
BALEARS (ILLES);5.2.3.-Robos con fuerza en establecimientos;2017;265
BALEARS (ILLES);5.2.3.-Robos con fuerza en establecimientos;2016;262
BALEARS (ILLES);5.2.3.-Robos con fuerza en establecimientos;2015;286
BALEARS (ILLES);5.2.3.-Robos con fuerza en establecimientos;2014;338
BALEARS (ILLES);5.2.3.-Robos con fuerza en establecimientos;2013;392
BALEARS (ILLES);5.2.3.-Robos con fuerza en establecimientos;2012;385
BALEARS (ILLES);5.2.3.-Robos con fuerza en establecimientos;2011;417
BALEARS (ILLES);5.2.3.-Robos con fuerza en establecimientos;2010;349
BALEARS (ILLES);5.3.-Robos con violencia o intimidación;2023;627
BALEARS (ILLES);5.3.-Robos con violencia o intimidación;2022;531
BALEARS (ILLES);5.3.-Robos con violencia o intimidación;2021;448
BALEARS (ILLES);5.3.-Robos con violencia o intimidación;2020;405
BALEARS (ILLES);5.3.-Robos con violencia o intimidación;2019;459
BALEARS (ILLES);5.3.-Robos con violencia o intimidación;2018;413
BALEARS (ILLES);5.3.-Robos con violencia o intimidación;2017;471
BALEARS (ILLES);5.3.-Robos con violencia o intimidación;2016;390
BALEARS (ILLES);5.3.-Robos con violencia o intimidación;2015;360
BALEARS (ILLES);5.3.-Robos con violencia o intimidación;2014;442
BALEARS (ILLES);5.3.-Robos con violencia o intimidación;2013;612
BALEARS (ILLES);5.3.-Robos con violencia o intimidación;2012;674
BALEARS (ILLES);5.3.-Robos con violencia o intimidación;2011;647
BALEARS (ILLES);5.3.-Robos con violencia o intimidación;2010;542
BALEARS (ILLES);5.3.1.-Robos con violencia en vía pública;2023;372
BALEARS (ILLES);5.3.1.-Robos con violencia en vía pública;2022;308
BALEARS (ILLES);5.3.1.-Robos con violencia en vía pública;2021;236
BALEARS (ILLES);5.3.1.-Robos con violencia en vía pública;2020;220
BALEARS (ILLES);5.3.1.-Robos con violencia en vía pública;2019;267
BALEARS (ILLES);5.3.1.-Robos con violencia en vía pública;2018;221
BALEARS (ILLES);5.3.1.-Robos con violencia en vía pública;2017;279
BALEARS (ILLES);5.3.1.-Robos con violencia en vía pública;2016;223
BALEARS (ILLES);5.3.1.-Robos con violencia en vía pública;2015;206
BALEARS (ILLES);5.3.1.-Robos con violencia en vía pública;2014;267
BALEARS (ILLES);5.3.1.-Robos con violencia en vía pública;2013;379
BALEARS (ILLES);5.3.1.-Robos con violencia en vía pública;2012;408
BALEARS (ILLES);5.3.1.-Robos con violencia en vía pública;2011;351
BALEARS (ILLES);5.3.1.-Robos con violencia en vía pública;2010;339
BALEARS (ILLES);5.3.2.-Robos con violencia en viviendas;2023;41
BALEARS (ILLES);5.3.2.-Robos con violencia en viviendas;2022;45
BALEARS (ILLES);5.3.2.-Robos con violencia en viviendas;2021;73
BALEARS (ILLES);5.3.2.-Robos con violencia en viviendas;2020;43
BALEARS (ILLES);5.3.2.-Robos con violencia en viviendas;2019;45
BALEARS (ILLES);5.3.2.-Robos con violencia en viviendas;2018;60
BALEARS (ILLES);5.3.2.-Robos con violencia en viviendas;2017;37
BALEARS (ILLES);5.3.2.-Robos con violencia en viviendas;2016;36
BALEARS (ILLES);5.3.2.-Robos con violencia en viviendas;2015;34
BALEARS (ILLES);5.3.2.-Robos con violencia en viviendas;2014;55
BALEARS (ILLES);5.3.2.-Robos con violencia en viviendas;2013;75
BALEARS (ILLES);5.3.2.-Robos con violencia en viviendas;2012;70
BALEARS (ILLES);5.3.2.-Robos con violencia en viviendas;2011;77
BALEARS (ILLES);5.3.2.-Robos con violencia en viviendas;2010;47
BALEARS (ILLES);5.3.3.-Robos con violencia en establecimientos;2023;142
BALEARS (ILLES);5.3.3.-Robos con violencia en establecimientos;2022;106
BALEARS (ILLES);5.3.3.-Robos con violencia en establecimientos;2021;81
BALEARS (ILLES);5.3.3.-Robos con violencia en establecimientos;2020;83
BALEARS (ILLES);5.3.3.-Robos con violencia en establecimientos;2019;78
BALEARS (ILLES);5.3.3.-Robos con violencia en establecimientos;2018;98
BALEARS (ILLES);5.3.3.-Robos con violencia en establecimientos;2017;110
BALEARS (ILLES);5.3.3.-Robos con violencia en establecimientos;2016;89
BALEARS (ILLES);5.3.3.-Robos con violencia en establecimientos;2015;72
BALEARS (ILLES);5.3.3.-Robos con violencia en establecimientos;2014;75
BALEARS (ILLES);5.3.3.-Robos con violencia en establecimientos;2013;107
BALEARS (ILLES);5.3.3.-Robos con violencia en establecimientos;2012;129
BALEARS (ILLES);5.3.3.-Robos con violencia en establecimientos;2011;102
BALEARS (ILLES);5.3.3.-Robos con violencia en establecimientos;2010;102
BALEARS (ILLES);5.4.-Sustracción de vehículos;2023;145
BALEARS (ILLES);5.4.-Sustracción de vehículos;2022;119
BALEARS (ILLES);5.4.-Sustracción de vehículos;2021;96
BALEARS (ILLES);5.4.-Sustracción de vehículos;2020;119
BALEARS (ILLES);5.4.-Sustracción de vehículos;2019;134
BALEARS (ILLES);5.4.-Sustracción de vehículos;2018;142
BALEARS (ILLES);5.4.-Sustracción de vehículos;2017;203
BALEARS (ILLES);5.4.-Sustracción de vehículos;2016;227
BALEARS (ILLES);5.4.-Sustracción de vehículos;2015;204
BALEARS (ILLES);5.4.-Sustracción de vehículos;2014;218
BALEARS (ILLES);5.4.-Sustracción de vehículos;2013;222
BALEARS (ILLES);5.4.-Sustracción de vehículos;2012;189
BALEARS (ILLES);5.4.-Sustracción de vehículos;2011;196
BALEARS (ILLES);5.4.-Sustracción de vehículos;2010;169
BALEARS (ILLES);5.5.-Estafas;2023;354
BALEARS (ILLES);5.5.-Estafas;2022;281
BALEARS (ILLES);5.5.-Estafas;2021;325
BALEARS (ILLES);5.5.-Estafas;2020;237
BALEARS (ILLES);5.5.-Estafas;2019;322
BALEARS (ILLES);5.5.-Estafas;2018;343
BALEARS (ILLES);5.5.-Estafas;2017;347
BALEARS (ILLES);5.5.-Estafas;2016;315
BALEARS (ILLES);5.5.-Estafas;2015;266
BALEARS (ILLES);5.5.-Estafas;2014;382
BALEARS (ILLES);5.5.-Estafas;2013;318
BALEARS (ILLES);5.5.-Estafas;2012;332
BALEARS (ILLES);5.5.-Estafas;2011;362
BALEARS (ILLES);5.5.-Estafas;2010;236
BALEARS (ILLES);5.5.1.-Estafas informáticas;2023;140
BALEARS (ILLES);5.5.1.-Estafas informáticas;2022;100
BALEARS (ILLES);5.5.1.-Estafas informáticas;2021;125
BALEARS (ILLES);5.5.1.-Estafas informáticas;2020;63
BALEARS (ILLES);5.5.1.-Estafas informáticas;2019;63
BALEARS (ILLES);5.5.1.-Estafas informáticas;2018;42
BALEARS (ILLES);5.5.1.-Estafas informáticas;2017;38
BALEARS (ILLES);5.5.1.-Estafas informáticas;2016;36
BALEARS (ILLES);5.5.1.-Estafas informáticas;2015;38
BALEARS (ILLES);5.5.1.-Estafas informáticas;2014;45
BALEARS (ILLES);5.5.1.-Estafas informáticas;2013;43
BALEARS (ILLES);5.5.1.-Estafas informáticas;2012;42
BALEARS (ILLES);5.5.1.-Estafas informáticas;2011;37
BALEARS (ILLES);5.5.1.-Estafas informáticas;2010;45
BALEARS (ILLES);5.6.-Daños;2023;397
BALEARS (ILLES);5.6.-Daños;2022;320
BALEARS (ILLES);5.6.-Daños;2021;341
BALEARS (ILLES);5.6.-Daños;2020;268
BALEARS (ILLES);5.6.-Daños;2019;385
BALEARS (ILLES);5.6.-Daños;2018;338
BALEARS (ILLES);5.6.-Daños;2017;397
BALEARS (ILLES);5.6.-Daños;2016;323
BALEARS (ILLES);5.6.-Daños;2015;276
BALEARS (ILLES);5.6.-Daños;2014;383
BALEARS (ILLES);5.6.-Daños;2013;429
BALEARS (ILLES);5.6.-Daños;2012;393
BALEARS (ILLES);5.6.-Daños;2011;402
BALEARS (ILLES);5.6.-Daños;2010;237
BALEARS (ILLES);5.7.-Contra la propiedad intelectual/industrial;2023;75
BALEARS (ILLES);5.7.-Contra la propiedad intelectual/industrial;2022;64
BALEARS (ILLES);5.7.-Contra la propiedad intelectual/industrial;2021;66
BALEARS (ILLES);5.7.-Contra la propiedad intelectual/industrial;2020;20
BALEARS (ILLES);5.7.-Contra la propiedad intelectual/industrial;2019;115
BALEARS (ILLES);5.7.-Contra la propiedad intelectual/industrial;2018;87
BALEARS (ILLES);5.7.-Contra la propiedad intelectual/industrial;2017;75
BALEARS (ILLES);5.7.-Contra la propiedad intelectual/industrial;2016;113
BALEARS (ILLES);5.7.-Contra la propiedad intelectual/industrial;2015;81
BALEARS (ILLES);5.7.-Contra la propiedad intelectual/industrial;2014;119
BALEARS (ILLES);5.7.-Contra la propiedad intelectual/industrial;2013;99
BALEARS (ILLES);5.7.-Contra la propiedad intelectual/industrial;2012;64
BALEARS (ILLES);5.7.-Contra la propiedad intelectual/industrial;2011;55
BALEARS (ILLES);5.7.-Contra la propiedad intelectual/industrial;2010;107
BALEARS (ILLES);5.8.-Blanqueo de capitales;2023;4
BALEARS (ILLES);5.8.-Blanqueo de capitales;2022;10
BALEARS (ILLES);5.8.-Blanqueo de capitales;2021;59
BALEARS (ILLES);5.8.-Blanqueo de capitales;2020;2
BALEARS (ILLES);5.8.-Blanqueo de capitales;2019;2
BALEARS (ILLES);5.8.-Blanqueo de capitales;2018;3
BALEARS (ILLES);5.8.-Blanqueo de capitales;2017;1
BALEARS (ILLES);5.8.-Blanqueo de capitales;2016;9
BALEARS (ILLES);5.8.-Blanqueo de capitales;2015;11
BALEARS (ILLES);5.8.-Blanqueo de capitales;2014;4
BALEARS (ILLES);5.8.-Blanqueo de capitales;2013;9
BALEARS (ILLES);5.8.-Blanqueo de capitales;2012;4
BALEARS (ILLES);5.8.-Blanqueo de capitales;2011;8
BALEARS (ILLES);5.8.-Blanqueo de capitales;2010;14
BALEARS (ILLES);5.9.-Otros contra el patrimonio;2023;419
BALEARS (ILLES);5.9.-Otros contra el patrimonio;2022;354
BALEARS (ILLES);5.9.-Otros contra el patrimonio;2021;360
BALEARS (ILLES);5.9.-Otros contra el patrimonio;2020;309
BALEARS (ILLES);5.9.-Otros contra el patrimonio;2019;352
BALEARS (ILLES);5.9.-Otros contra el patrimonio;2018;370
BALEARS (ILLES);5.9.-Otros contra el patrimonio;2017;290
BALEARS (ILLES);5.9.-Otros contra el patrimonio;2016;290
BALEARS (ILLES);5.9.-Otros contra el patrimonio;2015;379
BALEARS (ILLES);5.9.-Otros contra el patrimonio;2014;516
BALEARS (ILLES);5.9.-Otros contra el patrimonio;2013;535
BALEARS (ILLES);5.9.-Otros contra el patrimonio;2012;375
BALEARS (ILLES);5.9.-Otros contra el patrimonio;2011;326
BALEARS (ILLES);5.9.-Otros contra el patrimonio;2010;206
BALEARS (ILLES);6. SEGURIDAD COLECTIVA;2023;2.798
BALEARS (ILLES);6. SEGURIDAD COLECTIVA;2022;2.355
BALEARS (ILLES);6. SEGURIDAD COLECTIVA;2021;1.854
BALEARS (ILLES);6. SEGURIDAD COLECTIVA;2020;2.052
BALEARS (ILLES);6. SEGURIDAD COLECTIVA;2019;2.805
BALEARS (ILLES);6. SEGURIDAD COLECTIVA;2018;2.619
BALEARS (ILLES);6. SEGURIDAD COLECTIVA;2017;2.473
BALEARS (ILLES);6. SEGURIDAD COLECTIVA;2016;2.370
BALEARS (ILLES);6. SEGURIDAD COLECTIVA;2015;2.601
BALEARS (ILLES);6. SEGURIDAD COLECTIVA;2014;2.885
BALEARS (ILLES);6. SEGURIDAD COLECTIVA;2013;3.140
BALEARS (ILLES);6. SEGURIDAD COLECTIVA;2012;2.906
BALEARS (ILLES);6. SEGURIDAD COLECTIVA;2011;2.609
BALEARS (ILLES);6. SEGURIDAD COLECTIVA;2010;1.770
BALEARS (ILLES);6.1.-Tráfico de drogas;2023;1.045
BALEARS (ILLES);6.1.-Tráfico de drogas;2022;846
BALEARS (ILLES);6.1.-Tráfico de drogas;2021;500
BALEARS (ILLES);6.1.-Tráfico de drogas;2020;621
BALEARS (ILLES);6.1.-Tráfico de drogas;2019;865
BALEARS (ILLES);6.1.-Tráfico de drogas;2018;697
BALEARS (ILLES);6.1.-Tráfico de drogas;2017;663
BALEARS (ILLES);6.1.-Tráfico de drogas;2016;709
BALEARS (ILLES);6.1.-Tráfico de drogas;2015;662
BALEARS (ILLES);6.1.-Tráfico de drogas;2014;807
BALEARS (ILLES);6.1.-Tráfico de drogas;2013;846
BALEARS (ILLES);6.1.-Tráfico de drogas;2012;622
BALEARS (ILLES);6.1.-Tráfico de drogas;2011;779
BALEARS (ILLES);6.1.-Tráfico de drogas;2010;531
BALEARS (ILLES);6.2.-Contra la seguridad vial;2023;1.607
BALEARS (ILLES);6.2.-Contra la seguridad vial;2022;1.401
BALEARS (ILLES);6.2.-Contra la seguridad vial;2021;1.309
BALEARS (ILLES);6.2.-Contra la seguridad vial;2020;1.392
BALEARS (ILLES);6.2.-Contra la seguridad vial;2019;1.815
BALEARS (ILLES);6.2.-Contra la seguridad vial;2018;1.756
BALEARS (ILLES);6.2.-Contra la seguridad vial;2017;1.715
BALEARS (ILLES);6.2.-Contra la seguridad vial;2016;1.572
BALEARS (ILLES);6.2.-Contra la seguridad vial;2015;1.861
BALEARS (ILLES);6.2.-Contra la seguridad vial;2014;1.979
BALEARS (ILLES);6.2.-Contra la seguridad vial;2013;2.220
BALEARS (ILLES);6.2.-Contra la seguridad vial;2012;2.210
BALEARS (ILLES);6.2.-Contra la seguridad vial;2011;1.711
BALEARS (ILLES);6.2.-Contra la seguridad vial;2010;1.144
BALEARS (ILLES);6.3.-Otros contra la seguridad colectiva;2023;146
BALEARS (ILLES);6.3.-Otros contra la seguridad colectiva;2022;108
BALEARS (ILLES);6.3.-Otros contra la seguridad colectiva;2021;45
BALEARS (ILLES);6.3.-Otros contra la seguridad colectiva;2020;39
BALEARS (ILLES);6.3.-Otros contra la seguridad colectiva;2019;125
BALEARS (ILLES);6.3.-Otros contra la seguridad colectiva;2018;166
BALEARS (ILLES);6.3.-Otros contra la seguridad colectiva;2017;95
BALEARS (ILLES);6.3.-Otros contra la seguridad colectiva;2016;89
BALEARS (ILLES);6.3.-Otros contra la seguridad colectiva;2015;78
BALEARS (ILLES);6.3.-Otros contra la seguridad colectiva;2014;99
BALEARS (ILLES);6.3.-Otros contra la seguridad colectiva;2013;74
BALEARS (ILLES);6.3.-Otros contra la seguridad colectiva;2012;74
BALEARS (ILLES);6.3.-Otros contra la seguridad colectiva;2011;119
BALEARS (ILLES);6.3.-Otros contra la seguridad colectiva;2010;95
BALEARS (ILLES);7. FALSEDADES;2023;246
BALEARS (ILLES);7. FALSEDADES;2022;279
BALEARS (ILLES);7. FALSEDADES;2021;400
BALEARS (ILLES);7. FALSEDADES;2020;264
BALEARS (ILLES);7. FALSEDADES;2019;472
BALEARS (ILLES);7. FALSEDADES;2018;426
BALEARS (ILLES);7. FALSEDADES;2017;274
BALEARS (ILLES);7. FALSEDADES;2016;404
BALEARS (ILLES);7. FALSEDADES;2015;359
BALEARS (ILLES);7. FALSEDADES;2014;444
BALEARS (ILLES);7. FALSEDADES;2013;796
BALEARS (ILLES);7. FALSEDADES;2012;467
BALEARS (ILLES);7. FALSEDADES;2011;452
BALEARS (ILLES);7. FALSEDADES;2010;231
BALEARS (ILLES);8. ADMÓN. PÚBLICA;2023;8
BALEARS (ILLES);8. ADMÓN. PÚBLICA;2022;7
BALEARS (ILLES);8. ADMÓN. PÚBLICA;2021;4
BALEARS (ILLES);8. ADMÓN. PÚBLICA;2020;8
BALEARS (ILLES);8. ADMÓN. PÚBLICA;2019;6
BALEARS (ILLES);8. ADMÓN. PÚBLICA;2018;4
BALEARS (ILLES);8. ADMÓN. PÚBLICA;2017;11
BALEARS (ILLES);8. ADMÓN. PÚBLICA;2016;31
BALEARS (ILLES);8. ADMÓN. PÚBLICA;2015;8
BALEARS (ILLES);8. ADMÓN. PÚBLICA;2014;11
BALEARS (ILLES);8. ADMÓN. PÚBLICA;2013;9
BALEARS (ILLES);8. ADMÓN. PÚBLICA;2012;16
BALEARS (ILLES);8. ADMÓN. PÚBLICA;2011;47
BALEARS (ILLES);8. ADMÓN. PÚBLICA;2010;57
BALEARS (ILLES);9. ADMÓN. JUSTICIA;2023;1.274
BALEARS (ILLES);9. ADMÓN. JUSTICIA;2022;1.073
BALEARS (ILLES);9. ADMÓN. JUSTICIA;2021;1.006
BALEARS (ILLES);9. ADMÓN. JUSTICIA;2020;836
BALEARS (ILLES);9. ADMÓN. JUSTICIA;2019;759
BALEARS (ILLES);9. ADMÓN. JUSTICIA;2018;655
BALEARS (ILLES);9. ADMÓN. JUSTICIA;2017;630
BALEARS (ILLES);9. ADMÓN. JUSTICIA;2016;670
BALEARS (ILLES);9. ADMÓN. JUSTICIA;2015;672
BALEARS (ILLES);9. ADMÓN. JUSTICIA;2014;632
BALEARS (ILLES);9. ADMÓN. JUSTICIA;2013;594
BALEARS (ILLES);9. ADMÓN. JUSTICIA;2012;605
BALEARS (ILLES);9. ADMÓN. JUSTICIA;2011;585
BALEARS (ILLES);9. ADMÓN. JUSTICIA;2010;574
BALEARS (ILLES);10. ORDEN PÚBLICO;2023;799
BALEARS (ILLES);10. ORDEN PÚBLICO;2022;772
BALEARS (ILLES);10. ORDEN PÚBLICO;2021;709
BALEARS (ILLES);10. ORDEN PÚBLICO;2020;1.031
BALEARS (ILLES);10. ORDEN PÚBLICO;2019;596
BALEARS (ILLES);10. ORDEN PÚBLICO;2018;517
BALEARS (ILLES);10. ORDEN PÚBLICO;2017;538
BALEARS (ILLES);10. ORDEN PÚBLICO;2016;623
BALEARS (ILLES);10. ORDEN PÚBLICO;2015;610
BALEARS (ILLES);10. ORDEN PÚBLICO;2014;730
BALEARS (ILLES);10. ORDEN PÚBLICO;2013;849
BALEARS (ILLES);10. ORDEN PÚBLICO;2012;829
BALEARS (ILLES);10. ORDEN PÚBLICO;2011;764
BALEARS (ILLES);10. ORDEN PÚBLICO;2010;509
BALEARS (ILLES);11. LEGISLACIÓN ESPECIAL;2023;0
BALEARS (ILLES);11. LEGISLACIÓN ESPECIAL;2022;1
BALEARS (ILLES);11. LEGISLACIÓN ESPECIAL;2021;0
BALEARS (ILLES);11. LEGISLACIÓN ESPECIAL;2020;1
BALEARS (ILLES);11. LEGISLACIÓN ESPECIAL;2019;2
BALEARS (ILLES);11. LEGISLACIÓN ESPECIAL;2018;1
BALEARS (ILLES);11. LEGISLACIÓN ESPECIAL;2017;0
BALEARS (ILLES);11. LEGISLACIÓN ESPECIAL;2016;1
BALEARS (ILLES);11. LEGISLACIÓN ESPECIAL;2015;0
BALEARS (ILLES);11. LEGISLACIÓN ESPECIAL;2014;0
BALEARS (ILLES);11. LEGISLACIÓN ESPECIAL;2013;0
BALEARS (ILLES);11. LEGISLACIÓN ESPECIAL;2012;0
BALEARS (ILLES);11. LEGISLACIÓN ESPECIAL;2011;0
BALEARS (ILLES);11. LEGISLACIÓN ESPECIAL;2010;1
BALEARS (ILLES);12. OTRAS INFRACCIONES PENALES;2023;186
BALEARS (ILLES);12. OTRAS INFRACCIONES PENALES;2022;164
BALEARS (ILLES);12. OTRAS INFRACCIONES PENALES;2021;131
BALEARS (ILLES);12. OTRAS INFRACCIONES PENALES;2020;106
BALEARS (ILLES);12. OTRAS INFRACCIONES PENALES;2019;124
BALEARS (ILLES);12. OTRAS INFRACCIONES PENALES;2018;191
BALEARS (ILLES);12. OTRAS INFRACCIONES PENALES;2017;154
BALEARS (ILLES);12. OTRAS INFRACCIONES PENALES;2016;110
BALEARS (ILLES);12. OTRAS INFRACCIONES PENALES;2015;117
BALEARS (ILLES);12. OTRAS INFRACCIONES PENALES;2014;105
BALEARS (ILLES);12. OTRAS INFRACCIONES PENALES;2013;122
BALEARS (ILLES);12. OTRAS INFRACCIONES PENALES;2012;59
BALEARS (ILLES);12. OTRAS INFRACCIONES PENALES;2011;85
BALEARS (ILLES);12. OTRAS INFRACCIONES PENALES;2010;87
BALEARS (ILLES);TOTAL INFRACCIONES PENALES;2023;18.814
BALEARS (ILLES);TOTAL INFRACCIONES PENALES;2022;16.574
BALEARS (ILLES);TOTAL INFRACCIONES PENALES;2021;14.866
BALEARS (ILLES);TOTAL INFRACCIONES PENALES;2020;12.922
BALEARS (ILLES);TOTAL INFRACCIONES PENALES;2019;15.306
BALEARS (ILLES);TOTAL INFRACCIONES PENALES;2018;13.903
BALEARS (ILLES);TOTAL INFRACCIONES PENALES;2017;13.405
BALEARS (ILLES);TOTAL INFRACCIONES PENALES;2016;13.076
BALEARS (ILLES);TOTAL INFRACCIONES PENALES;2015;13.153
BALEARS (ILLES);TOTAL INFRACCIONES PENALES;2014;14.817
BALEARS (ILLES);TOTAL INFRACCIONES PENALES;2013;16.410
BALEARS (ILLES);TOTAL INFRACCIONES PENALES;2012;15.247
BALEARS (ILLES);TOTAL INFRACCIONES PENALES;2011;14.896
BALEARS (ILLES);TOTAL INFRACCIONES PENALES;2010;9.908
CANARIAS;1. CONTRA LAS PERSONAS;2023;7.999
CANARIAS;1. CONTRA LAS PERSONAS;2022;7.362
CANARIAS;1. CONTRA LAS PERSONAS;2021;7.227
CANARIAS;1. CONTRA LAS PERSONAS;2020;6.695
CANARIAS;1. CONTRA LAS PERSONAS;2019;7.064
CANARIAS;1. CONTRA LAS PERSONAS;2018;6.834
CANARIAS;1. CONTRA LAS PERSONAS;2017;6.814
CANARIAS;1. CONTRA LAS PERSONAS;2016;5.958
CANARIAS;1. CONTRA LAS PERSONAS;2015;7.187
CANARIAS;1. CONTRA LAS PERSONAS;2014;9.655
CANARIAS;1. CONTRA LAS PERSONAS;2013;9.589
CANARIAS;1. CONTRA LAS PERSONAS;2012;9.806
CANARIAS;1. CONTRA LAS PERSONAS;2011;9.622
CANARIAS;1. CONTRA LAS PERSONAS;2010;4.355
CANARIAS;1.1.-Homicidios dolosos/asesinatos;2023;92
CANARIAS;1.1.-Homicidios dolosos/asesinatos;2022;56
CANARIAS;1.1.-Homicidios dolosos/asesinatos;2021;63
CANARIAS;1.1.-Homicidios dolosos/asesinatos;2020;55
CANARIAS;1.1.-Homicidios dolosos/asesinatos;2019;83
CANARIAS;1.1.-Homicidios dolosos/asesinatos;2018;65
CANARIAS;1.1.-Homicidios dolosos/asesinatos;2017;71
CANARIAS;1.1.-Homicidios dolosos/asesinatos;2016;86
CANARIAS;1.1.-Homicidios dolosos/asesinatos;2015;68
CANARIAS;1.1.-Homicidios dolosos/asesinatos;2014;59
CANARIAS;1.1.-Homicidios dolosos/asesinatos;2013;56
CANARIAS;1.1.-Homicidios dolosos/asesinatos;2012;65
CANARIAS;1.1.-Homicidios dolosos/asesinatos;2011;68
CANARIAS;1.1.-Homicidios dolosos/asesinatos;2010;77
CANARIAS;1.1.1.-Homicidios dolosos/asesinatos consumados;2023;33
CANARIAS;1.1.1.-Homicidios dolosos/asesinatos consumados;2022;17
CANARIAS;1.1.1.-Homicidios dolosos/asesinatos consumados;2021;20
CANARIAS;1.1.1.-Homicidios dolosos/asesinatos consumados;2020;10
CANARIAS;1.1.1.-Homicidios dolosos/asesinatos consumados;2019;30
CANARIAS;1.1.1.-Homicidios dolosos/asesinatos consumados;2018;27
CANARIAS;1.1.1.-Homicidios dolosos/asesinatos consumados;2017;28
CANARIAS;1.1.1.-Homicidios dolosos/asesinatos consumados;2016;40
CANARIAS;1.1.1.-Homicidios dolosos/asesinatos consumados;2015;28
CANARIAS;1.1.1.-Homicidios dolosos/asesinatos consumados;2014;12
CANARIAS;1.1.1.-Homicidios dolosos/asesinatos consumados;2013;18
CANARIAS;1.1.1.-Homicidios dolosos/asesinatos consumados;2012;16
CANARIAS;1.1.1.-Homicidios dolosos/asesinatos consumados;2011;27
CANARIAS;1.1.1.-Homicidios dolosos/asesinatos consumados;2010;25
CANARIAS;1.2.-Lesiones;2023;2.644
CANARIAS;1.2.-Lesiones;2022;2.552
CANARIAS;1.2.-Lesiones;2021;2.655
CANARIAS;1.2.-Lesiones;2020;2.409
CANARIAS;1.2.-Lesiones;2019;2.883
CANARIAS;1.2.-Lesiones;2018;2.888
CANARIAS;1.2.-Lesiones;2017;2.970
CANARIAS;1.2.-Lesiones;2016;2.323
CANARIAS;1.2.-Lesiones;2015;2.521
CANARIAS;1.2.-Lesiones;2014;3.111
CANARIAS;1.2.-Lesiones;2013;3.338
CANARIAS;1.2.-Lesiones;2012;3.498
CANARIAS;1.2.-Lesiones;2011;3.155
CANARIAS;1.2.-Lesiones;2010;1.372
CANARIAS;1.3.-Malos tratos ámbito familiar;2023;5.139
CANARIAS;1.3.-Malos tratos ámbito familiar;2022;4.605
CANARIAS;1.3.-Malos tratos ámbito familiar;2021;4.285
CANARIAS;1.3.-Malos tratos ámbito familiar;2020;4.132
CANARIAS;1.3.-Malos tratos ámbito familiar;2019;4.005
CANARIAS;1.3.-Malos tratos ámbito familiar;2018;3.745
CANARIAS;1.3.-Malos tratos ámbito familiar;2017;3.701
CANARIAS;1.3.-Malos tratos ámbito familiar;2016;3.496
CANARIAS;1.3.-Malos tratos ámbito familiar;2015;3.543
CANARIAS;1.3.-Malos tratos ámbito familiar;2014;3.455
CANARIAS;1.3.-Malos tratos ámbito familiar;2013;3.635
CANARIAS;1.3.-Malos tratos ámbito familiar;2012;3.583
CANARIAS;1.3.-Malos tratos ámbito familiar;2011;3.723
CANARIAS;1.3.-Malos tratos ámbito familiar;2010;2.795
CANARIAS;1.4.-Otros contra las personas;2023;124
CANARIAS;1.4.-Otros contra las personas;2022;149
CANARIAS;1.4.-Otros contra las personas;2021;224
CANARIAS;1.4.-Otros contra las personas;2020;99
CANARIAS;1.4.-Otros contra las personas;2019;93
CANARIAS;1.4.-Otros contra las personas;2018;136
CANARIAS;1.4.-Otros contra las personas;2017;72
CANARIAS;1.4.-Otros contra las personas;2016;53
CANARIAS;1.4.-Otros contra las personas;2015;1.055
CANARIAS;1.4.-Otros contra las personas;2014;3.030
CANARIAS;1.4.-Otros contra las personas;2013;2.560
CANARIAS;1.4.-Otros contra las personas;2012;2.660
CANARIAS;1.4.-Otros contra las personas;2011;2.676
CANARIAS;1.4.-Otros contra las personas;2010;111
CANARIAS;2. CONTRA LA LIBERTAD;2023;3.561
CANARIAS;2. CONTRA LA LIBERTAD;2022;3.285
CANARIAS;2. CONTRA LA LIBERTAD;2021;3.467
CANARIAS;2. CONTRA LA LIBERTAD;2020;3.379
CANARIAS;2. CONTRA LA LIBERTAD;2019;3.471
CANARIAS;2. CONTRA LA LIBERTAD;2018;3.488
CANARIAS;2. CONTRA LA LIBERTAD;2017;3.383
CANARIAS;2. CONTRA LA LIBERTAD;2016;2.710
CANARIAS;2. CONTRA LA LIBERTAD;2015;2.182
CANARIAS;2. CONTRA LA LIBERTAD;2014;1.574
CANARIAS;2. CONTRA LA LIBERTAD;2013;1.753
CANARIAS;2. CONTRA LA LIBERTAD;2012;1.582
CANARIAS;2. CONTRA LA LIBERTAD;2011;1.828
CANARIAS;2. CONTRA LA LIBERTAD;2010;1.487
CANARIAS;2.1.-Malos tratos habituales en el ámbito familiar;2023;865
CANARIAS;2.1.-Malos tratos habituales en el ámbito familiar;2022;658
CANARIAS;2.1.-Malos tratos habituales en el ámbito familiar;2021;702
CANARIAS;2.1.-Malos tratos habituales en el ámbito familiar;2020;646
CANARIAS;2.1.-Malos tratos habituales en el ámbito familiar;2019;673
CANARIAS;2.1.-Malos tratos habituales en el ámbito familiar;2018;577
CANARIAS;2.1.-Malos tratos habituales en el ámbito familiar;2017;616
CANARIAS;2.1.-Malos tratos habituales en el ámbito familiar;2016;549
CANARIAS;2.1.-Malos tratos habituales en el ámbito familiar;2015;549
CANARIAS;2.1.-Malos tratos habituales en el ámbito familiar;2014;586
CANARIAS;2.1.-Malos tratos habituales en el ámbito familiar;2013;621
CANARIAS;2.1.-Malos tratos habituales en el ámbito familiar;2012;620
CANARIAS;2.1.-Malos tratos habituales en el ámbito familiar;2011;731
CANARIAS;2.1.-Malos tratos habituales en el ámbito familiar;2010;709
CANARIAS;2.2.-Otros contra la libertad;2023;2.696
CANARIAS;2.2.-Otros contra la libertad;2022;2.627
CANARIAS;2.2.-Otros contra la libertad;2021;2.765
CANARIAS;2.2.-Otros contra la libertad;2020;2.733
CANARIAS;2.2.-Otros contra la libertad;2019;2.798
CANARIAS;2.2.-Otros contra la libertad;2018;2.911
CANARIAS;2.2.-Otros contra la libertad;2017;2.767
CANARIAS;2.2.-Otros contra la libertad;2016;2.161
CANARIAS;2.2.-Otros contra la libertad;2015;1.633
CANARIAS;2.2.-Otros contra la libertad;2014;988
CANARIAS;2.2.-Otros contra la libertad;2013;1.132
CANARIAS;2.2.-Otros contra la libertad;2012;962
CANARIAS;2.2.-Otros contra la libertad;2011;1.097
CANARIAS;2.2.-Otros contra la libertad;2010;778
CANARIAS;3. LIBERTAD SEXUAL;2023;710
CANARIAS;3. LIBERTAD SEXUAL;2022;677
CANARIAS;3. LIBERTAD SEXUAL;2021;594
CANARIAS;3. LIBERTAD SEXUAL;2020;539
CANARIAS;3. LIBERTAD SEXUAL;2019;589
CANARIAS;3. LIBERTAD SEXUAL;2018;539
CANARIAS;3. LIBERTAD SEXUAL;2017;409
CANARIAS;3. LIBERTAD SEXUAL;2016;360
CANARIAS;3. LIBERTAD SEXUAL;2015;351
CANARIAS;3. LIBERTAD SEXUAL;2014;353
CANARIAS;3. LIBERTAD SEXUAL;2013;314
CANARIAS;3. LIBERTAD SEXUAL;2012;397
CANARIAS;3. LIBERTAD SEXUAL;2011;388
CANARIAS;3. LIBERTAD SEXUAL;2010;336
CANARIAS;3.1.-Agresión sexual;2023;452
CANARIAS;3.1.-Agresión sexual;2022;417
CANARIAS;3.1.-Agresión sexual;2021;395
CANARIAS;3.1.-Agresión sexual;2020;305
CANARIAS;3.1.-Agresión sexual;2019;389
CANARIAS;3.1.-Agresión sexual;2018;319
CANARIAS;3.1.-Agresión sexual;2017;207
CANARIAS;3.1.-Agresión sexual;2016;210
CANARIAS;3.1.-Agresión sexual;2015;189
CANARIAS;3.1.-Agresión sexual;2014;213
CANARIAS;3.1.-Agresión sexual;2013;185
CANARIAS;3.1.-Agresión sexual;2012;232
CANARIAS;3.1.-Agresión sexual;2011;218
CANARIAS;3.1.-Agresión sexual;2010;172
CANARIAS;3.2.-Agresión sexual con penetración;2023;150
CANARIAS;3.2.-Agresión sexual con penetración;2022;169
CANARIAS;3.2.-Agresión sexual con penetración;2021;119
CANARIAS;3.2.-Agresión sexual con penetración;2020;130
CANARIAS;3.2.-Agresión sexual con penetración;2019;86
CANARIAS;3.2.-Agresión sexual con penetración;2018;117
CANARIAS;3.2.-Agresión sexual con penetración;2017;90
CANARIAS;3.2.-Agresión sexual con penetración;2016;56
CANARIAS;3.2.-Agresión sexual con penetración;2015;81
CANARIAS;3.2.-Agresión sexual con penetración;2014;58
CANARIAS;3.2.-Agresión sexual con penetración;2013;61
CANARIAS;3.2.-Agresión sexual con penetración;2012;55
CANARIAS;3.2.-Agresión sexual con penetración;2011;77
CANARIAS;3.2.-Agresión sexual con penetración;2010;82
CANARIAS;3.3.-Corrupción de menores o incapacitados;2023;12
CANARIAS;3.3.-Corrupción de menores o incapacitados;2022;9
CANARIAS;3.3.-Corrupción de menores o incapacitados;2021;5
CANARIAS;3.3.-Corrupción de menores o incapacitados;2020;19
CANARIAS;3.3.-Corrupción de menores o incapacitados;2019;17
CANARIAS;3.3.-Corrupción de menores o incapacitados;2018;14
CANARIAS;3.3.-Corrupción de menores o incapacitados;2017;21
CANARIAS;3.3.-Corrupción de menores o incapacitados;2016;16
CANARIAS;3.3.-Corrupción de menores o incapacitados;2015;18
CANARIAS;3.3.-Corrupción de menores o incapacitados;2014;7
CANARIAS;3.3.-Corrupción de menores o incapacitados;2013;10
CANARIAS;3.3.-Corrupción de menores o incapacitados;2012;25
CANARIAS;3.3.-Corrupción de menores o incapacitados;2011;18
CANARIAS;3.3.-Corrupción de menores o incapacitados;2010;12
CANARIAS;3.4.-Pornografía de menores;2023;38
CANARIAS;3.4.-Pornografía de menores;2022;24
CANARIAS;3.4.-Pornografía de menores;2021;35
CANARIAS;3.4.-Pornografía de menores;2020;39
CANARIAS;3.4.-Pornografía de menores;2019;59
CANARIAS;3.4.-Pornografía de menores;2018;44
CANARIAS;3.4.-Pornografía de menores;2017;37
CANARIAS;3.4.-Pornografía de menores;2016;28
CANARIAS;3.4.-Pornografía de menores;2015;23
CANARIAS;3.4.-Pornografía de menores;2014;34
CANARIAS;3.4.-Pornografía de menores;2013;20
CANARIAS;3.4.-Pornografía de menores;2012;34
CANARIAS;3.4.-Pornografía de menores;2011;16
CANARIAS;3.4.-Pornografía de menores;2010;28
CANARIAS;3.5.-Otros contra la libertad sexual;2023;58
CANARIAS;3.5.-Otros contra la libertad sexual;2022;58
CANARIAS;3.5.-Otros contra la libertad sexual;2021;40
CANARIAS;3.5.-Otros contra la libertad sexual;2020;46
CANARIAS;3.5.-Otros contra la libertad sexual;2019;38
CANARIAS;3.5.-Otros contra la libertad sexual;2018;45
CANARIAS;3.5.-Otros contra la libertad sexual;2017;54
CANARIAS;3.5.-Otros contra la libertad sexual;2016;50
CANARIAS;3.5.-Otros contra la libertad sexual;2015;40
CANARIAS;3.5.-Otros contra la libertad sexual;2014;41
CANARIAS;3.5.-Otros contra la libertad sexual;2013;38
CANARIAS;3.5.-Otros contra la libertad sexual;2012;51
CANARIAS;3.5.-Otros contra la libertad sexual;2011;59
CANARIAS;3.5.-Otros contra la libertad sexual;2010;42
CANARIAS;4. RELACIONES FAMILIARES;2023;146
CANARIAS;4. RELACIONES FAMILIARES;2022;166
CANARIAS;4. RELACIONES FAMILIARES;2021;190
CANARIAS;4. RELACIONES FAMILIARES;2020;170
CANARIAS;4. RELACIONES FAMILIARES;2019;197
CANARIAS;4. RELACIONES FAMILIARES;2018;152
CANARIAS;4. RELACIONES FAMILIARES;2017;229
CANARIAS;4. RELACIONES FAMILIARES;2016;191
CANARIAS;4. RELACIONES FAMILIARES;2015;420
CANARIAS;4. RELACIONES FAMILIARES;2014;729
CANARIAS;4. RELACIONES FAMILIARES;2013;755
CANARIAS;4. RELACIONES FAMILIARES;2012;669
CANARIAS;4. RELACIONES FAMILIARES;2011;582
CANARIAS;4. RELACIONES FAMILIARES;2010;114
CANARIAS;5. PATRIMONIO;2023;6.321
CANARIAS;5. PATRIMONIO;2022;5.914
CANARIAS;5. PATRIMONIO;2021;5.636
CANARIAS;5. PATRIMONIO;2020;5.611
CANARIAS;5. PATRIMONIO;2019;7.321
CANARIAS;5. PATRIMONIO;2018;7.620
CANARIAS;5. PATRIMONIO;2017;7.540
CANARIAS;5. PATRIMONIO;2016;7.310
CANARIAS;5. PATRIMONIO;2015;8.551
CANARIAS;5. PATRIMONIO;2014;10.065
CANARIAS;5. PATRIMONIO;2013;11.763
CANARIAS;5. PATRIMONIO;2012;11.703
CANARIAS;5. PATRIMONIO;2011;10.368
CANARIAS;5. PATRIMONIO;2010;5.593
CANARIAS;5.1.-Hurtos;2023;2.129
CANARIAS;5.1.-Hurtos;2022;1.910
CANARIAS;5.1.-Hurtos;2021;1.819
CANARIAS;5.1.-Hurtos;2020;1.773
CANARIAS;5.1.-Hurtos;2019;2.785
CANARIAS;5.1.-Hurtos;2018;2.892
CANARIAS;5.1.-Hurtos;2017;2.971
CANARIAS;5.1.-Hurtos;2016;2.770
CANARIAS;5.1.-Hurtos;2015;3.250
CANARIAS;5.1.-Hurtos;2014;4.009
CANARIAS;5.1.-Hurtos;2013;4.319
CANARIAS;5.1.-Hurtos;2012;3.948
CANARIAS;5.1.-Hurtos;2011;3.774
CANARIAS;5.1.-Hurtos;2010;1.033
CANARIAS;5.2.-Robos con fuerza en las cosas;2023;1.255
CANARIAS;5.2.-Robos con fuerza en las cosas;2022;1.271
CANARIAS;5.2.-Robos con fuerza en las cosas;2021;1.323
CANARIAS;5.2.-Robos con fuerza en las cosas;2020;1.289
CANARIAS;5.2.-Robos con fuerza en las cosas;2019;1.556
CANARIAS;5.2.-Robos con fuerza en las cosas;2018;1.783
CANARIAS;5.2.-Robos con fuerza en las cosas;2017;1.889
CANARIAS;5.2.-Robos con fuerza en las cosas;2016;1.891
CANARIAS;5.2.-Robos con fuerza en las cosas;2015;2.419
CANARIAS;5.2.-Robos con fuerza en las cosas;2014;2.275
CANARIAS;5.2.-Robos con fuerza en las cosas;2013;3.553
CANARIAS;5.2.-Robos con fuerza en las cosas;2012;3.727
CANARIAS;5.2.-Robos con fuerza en las cosas;2011;2.913
CANARIAS;5.2.-Robos con fuerza en las cosas;2010;2.359
CANARIAS;5.2.1.-Robos con fuerza en las cosas en el interior de vehículos;2023;224
CANARIAS;5.2.1.-Robos con fuerza en las cosas en el interior de vehículos;2022;252
CANARIAS;5.2.1.-Robos con fuerza en las cosas en el interior de vehículos;2021;209
CANARIAS;5.2.1.-Robos con fuerza en las cosas en el interior de vehículos;2020;256
CANARIAS;5.2.1.-Robos con fuerza en las cosas en el interior de vehículos;2019;317
CANARIAS;5.2.1.-Robos con fuerza en las cosas en el interior de vehículos;2018;365
CANARIAS;5.2.1.-Robos con fuerza en las cosas en el interior de vehículos;2017;396
CANARIAS;5.2.1.-Robos con fuerza en las cosas en el interior de vehículos;2016;349
CANARIAS;5.2.1.-Robos con fuerza en las cosas en el interior de vehículos;2015;548
CANARIAS;5.2.1.-Robos con fuerza en las cosas en el interior de vehículos;2014;444
CANARIAS;5.2.1.-Robos con fuerza en las cosas en el interior de vehículos;2013;640
CANARIAS;5.2.1.-Robos con fuerza en las cosas en el interior de vehículos;2012;731
CANARIAS;5.2.1.-Robos con fuerza en las cosas en el interior de vehículos;2011;514
CANARIAS;5.2.1.-Robos con fuerza en las cosas en el interior de vehículos;2010;252
CANARIAS;5.2.2.-Robos con fuerza en viviendas;2023;368
CANARIAS;5.2.2.-Robos con fuerza en viviendas;2022;377
CANARIAS;5.2.2.-Robos con fuerza en viviendas;2021;458
CANARIAS;5.2.2.-Robos con fuerza en viviendas;2020;417
CANARIAS;5.2.2.-Robos con fuerza en viviendas;2019;516
CANARIAS;5.2.2.-Robos con fuerza en viviendas;2018;633
CANARIAS;5.2.2.-Robos con fuerza en viviendas;2017;626
CANARIAS;5.2.2.-Robos con fuerza en viviendas;2016;686
CANARIAS;5.2.2.-Robos con fuerza en viviendas;2015;809
CANARIAS;5.2.2.-Robos con fuerza en viviendas;2014;781
CANARIAS;5.2.2.-Robos con fuerza en viviendas;2013;1.237
CANARIAS;5.2.2.-Robos con fuerza en viviendas;2012;1.104
CANARIAS;5.2.2.-Robos con fuerza en viviendas;2011;708
CANARIAS;5.2.2.-Robos con fuerza en viviendas;2010;719
CANARIAS;5.2.3.-Robos con fuerza en establecimientos;2023;329
CANARIAS;5.2.3.-Robos con fuerza en establecimientos;2022;315
CANARIAS;5.2.3.-Robos con fuerza en establecimientos;2021;330
CANARIAS;5.2.3.-Robos con fuerza en establecimientos;2020;288
CANARIAS;5.2.3.-Robos con fuerza en establecimientos;2019;346
CANARIAS;5.2.3.-Robos con fuerza en establecimientos;2018;401
CANARIAS;5.2.3.-Robos con fuerza en establecimientos;2017;438
CANARIAS;5.2.3.-Robos con fuerza en establecimientos;2016;419
CANARIAS;5.2.3.-Robos con fuerza en establecimientos;2015;476
CANARIAS;5.2.3.-Robos con fuerza en establecimientos;2014;427
CANARIAS;5.2.3.-Robos con fuerza en establecimientos;2013;623
CANARIAS;5.2.3.-Robos con fuerza en establecimientos;2012;617
CANARIAS;5.2.3.-Robos con fuerza en establecimientos;2011;494
CANARIAS;5.2.3.-Robos con fuerza en establecimientos;2010;590
CANARIAS;5.3.-Robos con violencia o intimidación;2023;979
CANARIAS;5.3.-Robos con violencia o intimidación;2022;818
CANARIAS;5.3.-Robos con violencia o intimidación;2021;700
CANARIAS;5.3.-Robos con violencia o intimidación;2020;698
CANARIAS;5.3.-Robos con violencia o intimidación;2019;775
CANARIAS;5.3.-Robos con violencia o intimidación;2018;735
CANARIAS;5.3.-Robos con violencia o intimidación;2017;616
CANARIAS;5.3.-Robos con violencia o intimidación;2016;727
CANARIAS;5.3.-Robos con violencia o intimidación;2015;801
CANARIAS;5.3.-Robos con violencia o intimidación;2014;950
CANARIAS;5.3.-Robos con violencia o intimidación;2013;1.058
CANARIAS;5.3.-Robos con violencia o intimidación;2012;1.184
CANARIAS;5.3.-Robos con violencia o intimidación;2011;1.037
CANARIAS;5.3.-Robos con violencia o intimidación;2010;816
CANARIAS;5.3.1.-Robos con violencia en vía pública;2023;534
CANARIAS;5.3.1.-Robos con violencia en vía pública;2022;438
CANARIAS;5.3.1.-Robos con violencia en vía pública;2021;361
CANARIAS;5.3.1.-Robos con violencia en vía pública;2020;300
CANARIAS;5.3.1.-Robos con violencia en vía pública;2019;420
CANARIAS;5.3.1.-Robos con violencia en vía pública;2018;365
CANARIAS;5.3.1.-Robos con violencia en vía pública;2017;329
CANARIAS;5.3.1.-Robos con violencia en vía pública;2016;358
CANARIAS;5.3.1.-Robos con violencia en vía pública;2015;458
CANARIAS;5.3.1.-Robos con violencia en vía pública;2014;578
CANARIAS;5.3.1.-Robos con violencia en vía pública;2013;636
CANARIAS;5.3.1.-Robos con violencia en vía pública;2012;667
CANARIAS;5.3.1.-Robos con violencia en vía pública;2011;542
CANARIAS;5.3.1.-Robos con violencia en vía pública;2010;528
CANARIAS;5.3.2.-Robos con violencia en viviendas;2023;87
CANARIAS;5.3.2.-Robos con violencia en viviendas;2022;74
CANARIAS;5.3.2.-Robos con violencia en viviendas;2021;76
CANARIAS;5.3.2.-Robos con violencia en viviendas;2020;127
CANARIAS;5.3.2.-Robos con violencia en viviendas;2019;81
CANARIAS;5.3.2.-Robos con violencia en viviendas;2018;73
CANARIAS;5.3.2.-Robos con violencia en viviendas;2017;76
CANARIAS;5.3.2.-Robos con violencia en viviendas;2016;121
CANARIAS;5.3.2.-Robos con violencia en viviendas;2015;76
CANARIAS;5.3.2.-Robos con violencia en viviendas;2014;71
CANARIAS;5.3.2.-Robos con violencia en viviendas;2013;104
CANARIAS;5.3.2.-Robos con violencia en viviendas;2012;144
CANARIAS;5.3.2.-Robos con violencia en viviendas;2011;73
CANARIAS;5.3.2.-Robos con violencia en viviendas;2010;63
CANARIAS;5.3.3.-Robos con violencia en establecimientos;2023;227
CANARIAS;5.3.3.-Robos con violencia en establecimientos;2022;186
CANARIAS;5.3.3.-Robos con violencia en establecimientos;2021;157
CANARIAS;5.3.3.-Robos con violencia en establecimientos;2020;171
CANARIAS;5.3.3.-Robos con violencia en establecimientos;2019;176
CANARIAS;5.3.3.-Robos con violencia en establecimientos;2018;200
CANARIAS;5.3.3.-Robos con violencia en establecimientos;2017;134
CANARIAS;5.3.3.-Robos con violencia en establecimientos;2016;155
CANARIAS;5.3.3.-Robos con violencia en establecimientos;2015;177
CANARIAS;5.3.3.-Robos con violencia en establecimientos;2014;186
CANARIAS;5.3.3.-Robos con violencia en establecimientos;2013;168
CANARIAS;5.3.3.-Robos con violencia en establecimientos;2012;209
CANARIAS;5.3.3.-Robos con violencia en establecimientos;2011;185
CANARIAS;5.3.3.-Robos con violencia en establecimientos;2010;146
CANARIAS;5.4.-Sustracción de vehículos;2023;268
CANARIAS;5.4.-Sustracción de vehículos;2022;178
CANARIAS;5.4.-Sustracción de vehículos;2021;156
CANARIAS;5.4.-Sustracción de vehículos;2020;204
CANARIAS;5.4.-Sustracción de vehículos;2019;202
CANARIAS;5.4.-Sustracción de vehículos;2018;178
CANARIAS;5.4.-Sustracción de vehículos;2017;254
CANARIAS;5.4.-Sustracción de vehículos;2016;262
CANARIAS;5.4.-Sustracción de vehículos;2015;311
CANARIAS;5.4.-Sustracción de vehículos;2014;338
CANARIAS;5.4.-Sustracción de vehículos;2013;368
CANARIAS;5.4.-Sustracción de vehículos;2012;387
CANARIAS;5.4.-Sustracción de vehículos;2011;496
CANARIAS;5.4.-Sustracción de vehículos;2010;372
CANARIAS;5.5.-Estafas;2023;697
CANARIAS;5.5.-Estafas;2022;655
CANARIAS;5.5.-Estafas;2021;554
CANARIAS;5.5.-Estafas;2020;592
CANARIAS;5.5.-Estafas;2019;769
CANARIAS;5.5.-Estafas;2018;677
CANARIAS;5.5.-Estafas;2017;576
CANARIAS;5.5.-Estafas;2016;540
CANARIAS;5.5.-Estafas;2015;542
CANARIAS;5.5.-Estafas;2014;825
CANARIAS;5.5.-Estafas;2013;864
CANARIAS;5.5.-Estafas;2012;916
CANARIAS;5.5.-Estafas;2011;777
CANARIAS;5.5.-Estafas;2010;319
CANARIAS;5.5.1.-Estafas informáticas;2023;327
CANARIAS;5.5.1.-Estafas informáticas;2022;268
CANARIAS;5.5.1.-Estafas informáticas;2021;244
CANARIAS;5.5.1.-Estafas informáticas;2020;216
CANARIAS;5.5.1.-Estafas informáticas;2019;205
CANARIAS;5.5.1.-Estafas informáticas;2018;148
CANARIAS;5.5.1.-Estafas informáticas;2017;120
CANARIAS;5.5.1.-Estafas informáticas;2016;90
CANARIAS;5.5.1.-Estafas informáticas;2015;83
CANARIAS;5.5.1.-Estafas informáticas;2014;133
CANARIAS;5.5.1.-Estafas informáticas;2013;131
CANARIAS;5.5.1.-Estafas informáticas;2012;133
CANARIAS;5.5.1.-Estafas informáticas;2011;102
CANARIAS;5.5.1.-Estafas informáticas;2010;65
CANARIAS;5.6.-Daños;2023;490
CANARIAS;5.6.-Daños;2022;503
CANARIAS;5.6.-Daños;2021;556
CANARIAS;5.6.-Daños;2020;483
CANARIAS;5.6.-Daños;2019;461
CANARIAS;5.6.-Daños;2018;494
CANARIAS;5.6.-Daños;2017;517
CANARIAS;5.6.-Daños;2016;461
CANARIAS;5.6.-Daños;2015;486
CANARIAS;5.6.-Daños;2014;799
CANARIAS;5.6.-Daños;2013;876
CANARIAS;5.6.-Daños;2012;901
CANARIAS;5.6.-Daños;2011;860
CANARIAS;5.6.-Daños;2010;364
CANARIAS;5.7.-Contra la propiedad intelectual/industrial;2023;99
CANARIAS;5.7.-Contra la propiedad intelectual/industrial;2022;97
CANARIAS;5.7.-Contra la propiedad intelectual/industrial;2021;35
CANARIAS;5.7.-Contra la propiedad intelectual/industrial;2020;36
CANARIAS;5.7.-Contra la propiedad intelectual/industrial;2019;184
CANARIAS;5.7.-Contra la propiedad intelectual/industrial;2018;148
CANARIAS;5.7.-Contra la propiedad intelectual/industrial;2017;103
CANARIAS;5.7.-Contra la propiedad intelectual/industrial;2016;110
CANARIAS;5.7.-Contra la propiedad intelectual/industrial;2015;106
CANARIAS;5.7.-Contra la propiedad intelectual/industrial;2014;83
CANARIAS;5.7.-Contra la propiedad intelectual/industrial;2013;71
CANARIAS;5.7.-Contra la propiedad intelectual/industrial;2012;96
CANARIAS;5.7.-Contra la propiedad intelectual/industrial;2011;59
CANARIAS;5.7.-Contra la propiedad intelectual/industrial;2010;101
CANARIAS;5.8.-Blanqueo de capitales;2023;5
CANARIAS;5.8.-Blanqueo de capitales;2022;45
CANARIAS;5.8.-Blanqueo de capitales;2021;76
CANARIAS;5.8.-Blanqueo de capitales;2020;14
CANARIAS;5.8.-Blanqueo de capitales;2019;23
CANARIAS;5.8.-Blanqueo de capitales;2018;58
CANARIAS;5.8.-Blanqueo de capitales;2017;36
CANARIAS;5.8.-Blanqueo de capitales;2016;37
CANARIAS;5.8.-Blanqueo de capitales;2015;22
CANARIAS;5.8.-Blanqueo de capitales;2014;9
CANARIAS;5.8.-Blanqueo de capitales;2013;27
CANARIAS;5.8.-Blanqueo de capitales;2012;15
CANARIAS;5.8.-Blanqueo de capitales;2011;3
CANARIAS;5.8.-Blanqueo de capitales;2010;2
CANARIAS;5.9.-Otros contra el patrimonio;2023;399
CANARIAS;5.9.-Otros contra el patrimonio;2022;437
CANARIAS;5.9.-Otros contra el patrimonio;2021;417
CANARIAS;5.9.-Otros contra el patrimonio;2020;522
CANARIAS;5.9.-Otros contra el patrimonio;2019;566
CANARIAS;5.9.-Otros contra el patrimonio;2018;655
CANARIAS;5.9.-Otros contra el patrimonio;2017;578
CANARIAS;5.9.-Otros contra el patrimonio;2016;512
CANARIAS;5.9.-Otros contra el patrimonio;2015;614
CANARIAS;5.9.-Otros contra el patrimonio;2014;777
CANARIAS;5.9.-Otros contra el patrimonio;2013;627
CANARIAS;5.9.-Otros contra el patrimonio;2012;529
CANARIAS;5.9.-Otros contra el patrimonio;2011;449
CANARIAS;5.9.-Otros contra el patrimonio;2010;227
CANARIAS;6. SEGURIDAD COLECTIVA;2023;3.633
CANARIAS;6. SEGURIDAD COLECTIVA;2022;3.590
CANARIAS;6. SEGURIDAD COLECTIVA;2021;3.076
CANARIAS;6. SEGURIDAD COLECTIVA;2020;2.870
CANARIAS;6. SEGURIDAD COLECTIVA;2019;3.271
CANARIAS;6. SEGURIDAD COLECTIVA;2018;3.288
CANARIAS;6. SEGURIDAD COLECTIVA;2017;3.250
CANARIAS;6. SEGURIDAD COLECTIVA;2016;2.999
CANARIAS;6. SEGURIDAD COLECTIVA;2015;3.022
CANARIAS;6. SEGURIDAD COLECTIVA;2014;3.673
CANARIAS;6. SEGURIDAD COLECTIVA;2013;4.265
CANARIAS;6. SEGURIDAD COLECTIVA;2012;4.187
CANARIAS;6. SEGURIDAD COLECTIVA;2011;4.582
CANARIAS;6. SEGURIDAD COLECTIVA;2010;4.286
CANARIAS;6.1.-Tráfico de drogas;2023;1.009
CANARIAS;6.1.-Tráfico de drogas;2022;976
CANARIAS;6.1.-Tráfico de drogas;2021;804
CANARIAS;6.1.-Tráfico de drogas;2020;797
CANARIAS;6.1.-Tráfico de drogas;2019;777
CANARIAS;6.1.-Tráfico de drogas;2018;919
CANARIAS;6.1.-Tráfico de drogas;2017;845
CANARIAS;6.1.-Tráfico de drogas;2016;824
CANARIAS;6.1.-Tráfico de drogas;2015;850
CANARIAS;6.1.-Tráfico de drogas;2014;820
CANARIAS;6.1.-Tráfico de drogas;2013;976
CANARIAS;6.1.-Tráfico de drogas;2012;1.005
CANARIAS;6.1.-Tráfico de drogas;2011;1.145
CANARIAS;6.1.-Tráfico de drogas;2010;1.214
CANARIAS;6.2.-Contra la seguridad vial;2023;2.484
CANARIAS;6.2.-Contra la seguridad vial;2022;2.528
CANARIAS;6.2.-Contra la seguridad vial;2021;2.231
CANARIAS;6.2.-Contra la seguridad vial;2020;2.013
CANARIAS;6.2.-Contra la seguridad vial;2019;2.448
CANARIAS;6.2.-Contra la seguridad vial;2018;2.309
CANARIAS;6.2.-Contra la seguridad vial;2017;2.302
CANARIAS;6.2.-Contra la seguridad vial;2016;2.110
CANARIAS;6.2.-Contra la seguridad vial;2015;2.123
CANARIAS;6.2.-Contra la seguridad vial;2014;2.781
CANARIAS;6.2.-Contra la seguridad vial;2013;3.211
CANARIAS;6.2.-Contra la seguridad vial;2012;3.102
CANARIAS;6.2.-Contra la seguridad vial;2011;3.359
CANARIAS;6.2.-Contra la seguridad vial;2010;2.950
CANARIAS;6.3.-Otros contra la seguridad colectiva;2023;140
CANARIAS;6.3.-Otros contra la seguridad colectiva;2022;86
CANARIAS;6.3.-Otros contra la seguridad colectiva;2021;41
CANARIAS;6.3.-Otros contra la seguridad colectiva;2020;60
CANARIAS;6.3.-Otros contra la seguridad colectiva;2019;46
CANARIAS;6.3.-Otros contra la seguridad colectiva;2018;60
CANARIAS;6.3.-Otros contra la seguridad colectiva;2017;103
CANARIAS;6.3.-Otros contra la seguridad colectiva;2016;65
CANARIAS;6.3.-Otros contra la seguridad colectiva;2015;49
CANARIAS;6.3.-Otros contra la seguridad colectiva;2014;72
CANARIAS;6.3.-Otros contra la seguridad colectiva;2013;78
CANARIAS;6.3.-Otros contra la seguridad colectiva;2012;80
CANARIAS;6.3.-Otros contra la seguridad colectiva;2011;78
CANARIAS;6.3.-Otros contra la seguridad colectiva;2010;122
CANARIAS;7. FALSEDADES;2023;258
CANARIAS;7. FALSEDADES;2022;345
CANARIAS;7. FALSEDADES;2021;524
CANARIAS;7. FALSEDADES;2020;563
CANARIAS;7. FALSEDADES;2019;642
CANARIAS;7. FALSEDADES;2018;392
CANARIAS;7. FALSEDADES;2017;381
CANARIAS;7. FALSEDADES;2016;430
CANARIAS;7. FALSEDADES;2015;384
CANARIAS;7. FALSEDADES;2014;383
CANARIAS;7. FALSEDADES;2013;312
CANARIAS;7. FALSEDADES;2012;400
CANARIAS;7. FALSEDADES;2011;424
CANARIAS;7. FALSEDADES;2010;269
CANARIAS;8. ADMÓN. PÚBLICA;2023;24
CANARIAS;8. ADMÓN. PÚBLICA;2022;16
CANARIAS;8. ADMÓN. PÚBLICA;2021;19
CANARIAS;8. ADMÓN. PÚBLICA;2020;26
CANARIAS;8. ADMÓN. PÚBLICA;2019;17
CANARIAS;8. ADMÓN. PÚBLICA;2018;5
CANARIAS;8. ADMÓN. PÚBLICA;2017;24
CANARIAS;8. ADMÓN. PÚBLICA;2016;21
CANARIAS;8. ADMÓN. PÚBLICA;2015;11
CANARIAS;8. ADMÓN. PÚBLICA;2014;6
CANARIAS;8. ADMÓN. PÚBLICA;2013;15
CANARIAS;8. ADMÓN. PÚBLICA;2012;18
CANARIAS;8. ADMÓN. PÚBLICA;2011;12
CANARIAS;8. ADMÓN. PÚBLICA;2010;27
CANARIAS;9. ADMÓN. JUSTICIA;2023;1.570
CANARIAS;9. ADMÓN. JUSTICIA;2022;1.374
CANARIAS;9. ADMÓN. JUSTICIA;2021;1.314
CANARIAS;9. ADMÓN. JUSTICIA;2020;1.179
CANARIAS;9. ADMÓN. JUSTICIA;2019;1.187
CANARIAS;9. ADMÓN. JUSTICIA;2018;1.068
CANARIAS;9. ADMÓN. JUSTICIA;2017;1.048
CANARIAS;9. ADMÓN. JUSTICIA;2016;924
CANARIAS;9. ADMÓN. JUSTICIA;2015;960
CANARIAS;9. ADMÓN. JUSTICIA;2014;1.123
CANARIAS;9. ADMÓN. JUSTICIA;2013;1.128
CANARIAS;9. ADMÓN. JUSTICIA;2012;1.158
CANARIAS;9. ADMÓN. JUSTICIA;2011;1.211
CANARIAS;9. ADMÓN. JUSTICIA;2010;1.044
CANARIAS;10. ORDEN PÚBLICO;2023;990
CANARIAS;10. ORDEN PÚBLICO;2022;851
CANARIAS;10. ORDEN PÚBLICO;2021;988
CANARIAS;10. ORDEN PÚBLICO;2020;1.325
CANARIAS;10. ORDEN PÚBLICO;2019;747
CANARIAS;10. ORDEN PÚBLICO;2018;739
CANARIAS;10. ORDEN PÚBLICO;2017;769
CANARIAS;10. ORDEN PÚBLICO;2016;764
CANARIAS;10. ORDEN PÚBLICO;2015;853
CANARIAS;10. ORDEN PÚBLICO;2014;1.053
CANARIAS;10. ORDEN PÚBLICO;2013;1.156
CANARIAS;10. ORDEN PÚBLICO;2012;1.257
CANARIAS;10. ORDEN PÚBLICO;2011;1.337
CANARIAS;10. ORDEN PÚBLICO;2010;1.309
CANARIAS;11. LEGISLACIÓN ESPECIAL;2023;2
CANARIAS;11. LEGISLACIÓN ESPECIAL;2022;0
CANARIAS;11. LEGISLACIÓN ESPECIAL;2021;1
CANARIAS;11. LEGISLACIÓN ESPECIAL;2020;11
CANARIAS;11. LEGISLACIÓN ESPECIAL;2019;4
CANARIAS;11. LEGISLACIÓN ESPECIAL;2018;0
CANARIAS;11. LEGISLACIÓN ESPECIAL;2017;2
CANARIAS;11. LEGISLACIÓN ESPECIAL;2016;9
CANARIAS;11. LEGISLACIÓN ESPECIAL;2015;18
CANARIAS;11. LEGISLACIÓN ESPECIAL;2014;1
CANARIAS;11. LEGISLACIÓN ESPECIAL;2013;4
CANARIAS;11. LEGISLACIÓN ESPECIAL;2012;5
CANARIAS;11. LEGISLACIÓN ESPECIAL;2011;29
CANARIAS;11. LEGISLACIÓN ESPECIAL;2010;3
CANARIAS;12. OTRAS INFRACCIONES PENALES;2023;679
CANARIAS;12. OTRAS INFRACCIONES PENALES;2022;416
CANARIAS;12. OTRAS INFRACCIONES PENALES;2021;391
CANARIAS;12. OTRAS INFRACCIONES PENALES;2020;247
CANARIAS;12. OTRAS INFRACCIONES PENALES;2019;221
CANARIAS;12. OTRAS INFRACCIONES PENALES;2018;166
CANARIAS;12. OTRAS INFRACCIONES PENALES;2017;198
CANARIAS;12. OTRAS INFRACCIONES PENALES;2016;121
CANARIAS;12. OTRAS INFRACCIONES PENALES;2015;186
CANARIAS;12. OTRAS INFRACCIONES PENALES;2014;220
CANARIAS;12. OTRAS INFRACCIONES PENALES;2013;141
CANARIAS;12. OTRAS INFRACCIONES PENALES;2012;238
CANARIAS;12. OTRAS INFRACCIONES PENALES;2011;135
CANARIAS;12. OTRAS INFRACCIONES PENALES;2010;75
CANARIAS;TOTAL INFRACCIONES PENALES;2023;25.893
CANARIAS;TOTAL INFRACCIONES PENALES;2022;23.996
CANARIAS;TOTAL INFRACCIONES PENALES;2021;23.427
CANARIAS;TOTAL INFRACCIONES PENALES;2020;22.615
CANARIAS;TOTAL INFRACCIONES PENALES;2019;24.731
CANARIAS;TOTAL INFRACCIONES PENALES;2018;24.291
CANARIAS;TOTAL INFRACCIONES PENALES;2017;24.047
CANARIAS;TOTAL INFRACCIONES PENALES;2016;21.797
CANARIAS;TOTAL INFRACCIONES PENALES;2015;24.125
CANARIAS;TOTAL INFRACCIONES PENALES;2014;28.835
CANARIAS;TOTAL INFRACCIONES PENALES;2013;31.195
CANARIAS;TOTAL INFRACCIONES PENALES;2012;31.420
CANARIAS;TOTAL INFRACCIONES PENALES;2011;30.518
CANARIAS;TOTAL INFRACCIONES PENALES;2010;18.898
CANTABRIA;1. CONTRA LAS PERSONAS;2023;1.664
CANTABRIA;1. CONTRA LAS PERSONAS;2022;1.517
CANTABRIA;1. CONTRA LAS PERSONAS;2021;1.256
CANTABRIA;1. CONTRA LAS PERSONAS;2020;970
CANTABRIA;1. CONTRA LAS PERSONAS;2019;1.047
CANTABRIA;1. CONTRA LAS PERSONAS;2018;949
CANTABRIA;1. CONTRA LAS PERSONAS;2017;811
CANTABRIA;1. CONTRA LAS PERSONAS;2016;824
CANTABRIA;1. CONTRA LAS PERSONAS;2015;864
CANTABRIA;1. CONTRA LAS PERSONAS;2014;909
CANTABRIA;1. CONTRA LAS PERSONAS;2013;1.009
CANTABRIA;1. CONTRA LAS PERSONAS;2012;1.018
CANTABRIA;1. CONTRA LAS PERSONAS;2011;1.034
CANTABRIA;1. CONTRA LAS PERSONAS;2010;834
CANTABRIA;1.1.-Homicidios dolosos/asesinatos;2023;9
CANTABRIA;1.1.-Homicidios dolosos/asesinatos;2022;15
CANTABRIA;1.1.-Homicidios dolosos/asesinatos;2021;12
CANTABRIA;1.1.-Homicidios dolosos/asesinatos;2020;4
CANTABRIA;1.1.-Homicidios dolosos/asesinatos;2019;19
CANTABRIA;1.1.-Homicidios dolosos/asesinatos;2018;5
CANTABRIA;1.1.-Homicidios dolosos/asesinatos;2017;7
CANTABRIA;1.1.-Homicidios dolosos/asesinatos;2016;11
CANTABRIA;1.1.-Homicidios dolosos/asesinatos;2015;10
CANTABRIA;1.1.-Homicidios dolosos/asesinatos;2014;3
CANTABRIA;1.1.-Homicidios dolosos/asesinatos;2013;6
CANTABRIA;1.1.-Homicidios dolosos/asesinatos;2012;7
CANTABRIA;1.1.-Homicidios dolosos/asesinatos;2011;3
CANTABRIA;1.1.-Homicidios dolosos/asesinatos;2010;8
CANTABRIA;1.1.1.-Homicidios dolosos/asesinatos consumados;2023;0
CANTABRIA;1.1.1.-Homicidios dolosos/asesinatos consumados;2022;3
CANTABRIA;1.1.1.-Homicidios dolosos/asesinatos consumados;2021;5
CANTABRIA;1.1.1.-Homicidios dolosos/asesinatos consumados;2020;1
CANTABRIA;1.1.1.-Homicidios dolosos/asesinatos consumados;2019;6
CANTABRIA;1.1.1.-Homicidios dolosos/asesinatos consumados;2018;0
CANTABRIA;1.1.1.-Homicidios dolosos/asesinatos consumados;2017;3
CANTABRIA;1.1.1.-Homicidios dolosos/asesinatos consumados;2016;0
CANTABRIA;1.1.1.-Homicidios dolosos/asesinatos consumados;2015;5
CANTABRIA;1.1.1.-Homicidios dolosos/asesinatos consumados;2014;1
CANTABRIA;1.1.1.-Homicidios dolosos/asesinatos consumados;2013;5
CANTABRIA;1.1.1.-Homicidios dolosos/asesinatos consumados;2012;0
CANTABRIA;1.1.1.-Homicidios dolosos/asesinatos consumados;2011;2
CANTABRIA;1.1.1.-Homicidios dolosos/asesinatos consumados;2010;3
CANTABRIA;1.2.-Lesiones;2023;722
CANTABRIA;1.2.-Lesiones;2022;677
CANTABRIA;1.2.-Lesiones;2021;582
CANTABRIA;1.2.-Lesiones;2020;414
CANTABRIA;1.2.-Lesiones;2019;442
CANTABRIA;1.2.-Lesiones;2018;380
CANTABRIA;1.2.-Lesiones;2017;302
CANTABRIA;1.2.-Lesiones;2016;293
CANTABRIA;1.2.-Lesiones;2015;322
CANTABRIA;1.2.-Lesiones;2014;325
CANTABRIA;1.2.-Lesiones;2013;395
CANTABRIA;1.2.-Lesiones;2012;414
CANTABRIA;1.2.-Lesiones;2011;429
CANTABRIA;1.2.-Lesiones;2010;281
CANTABRIA;1.3.-Malos tratos ámbito familiar;2023;884
CANTABRIA;1.3.-Malos tratos ámbito familiar;2022;764
CANTABRIA;1.3.-Malos tratos ámbito familiar;2021;612
CANTABRIA;1.3.-Malos tratos ámbito familiar;2020;513
CANTABRIA;1.3.-Malos tratos ámbito familiar;2019;552
CANTABRIA;1.3.-Malos tratos ámbito familiar;2018;542
CANTABRIA;1.3.-Malos tratos ámbito familiar;2017;476
CANTABRIA;1.3.-Malos tratos ámbito familiar;2016;512
CANTABRIA;1.3.-Malos tratos ámbito familiar;2015;504
CANTABRIA;1.3.-Malos tratos ámbito familiar;2014;496
CANTABRIA;1.3.-Malos tratos ámbito familiar;2013;527
CANTABRIA;1.3.-Malos tratos ámbito familiar;2012;517
CANTABRIA;1.3.-Malos tratos ámbito familiar;2011;527
CANTABRIA;1.3.-Malos tratos ámbito familiar;2010;528
CANTABRIA;1.4.-Otros contra las personas;2023;49
CANTABRIA;1.4.-Otros contra las personas;2022;61
CANTABRIA;1.4.-Otros contra las personas;2021;50
CANTABRIA;1.4.-Otros contra las personas;2020;39
CANTABRIA;1.4.-Otros contra las personas;2019;34
CANTABRIA;1.4.-Otros contra las personas;2018;22
CANTABRIA;1.4.-Otros contra las personas;2017;26
CANTABRIA;1.4.-Otros contra las personas;2016;8
CANTABRIA;1.4.-Otros contra las personas;2015;28
CANTABRIA;1.4.-Otros contra las personas;2014;85
CANTABRIA;1.4.-Otros contra las personas;2013;81
CANTABRIA;1.4.-Otros contra las personas;2012;80
CANTABRIA;1.4.-Otros contra las personas;2011;75
CANTABRIA;1.4.-Otros contra las personas;2010;17
CANTABRIA;2. CONTRA LA LIBERTAD;2023;740
CANTABRIA;2. CONTRA LA LIBERTAD;2022;672
CANTABRIA;2. CONTRA LA LIBERTAD;2021;644
CANTABRIA;2. CONTRA LA LIBERTAD;2020;491
CANTABRIA;2. CONTRA LA LIBERTAD;2019;409
CANTABRIA;2. CONTRA LA LIBERTAD;2018;373
CANTABRIA;2. CONTRA LA LIBERTAD;2017;290
CANTABRIA;2. CONTRA LA LIBERTAD;2016;303
CANTABRIA;2. CONTRA LA LIBERTAD;2015;280
CANTABRIA;2. CONTRA LA LIBERTAD;2014;276
CANTABRIA;2. CONTRA LA LIBERTAD;2013;294
CANTABRIA;2. CONTRA LA LIBERTAD;2012;325
CANTABRIA;2. CONTRA LA LIBERTAD;2011;315
CANTABRIA;2. CONTRA LA LIBERTAD;2010;280
CANTABRIA;2.1.-Malos tratos habituales en el ámbito familiar;2023;164
CANTABRIA;2.1.-Malos tratos habituales en el ámbito familiar;2022;139
CANTABRIA;2.1.-Malos tratos habituales en el ámbito familiar;2021;131
CANTABRIA;2.1.-Malos tratos habituales en el ámbito familiar;2020;115
CANTABRIA;2.1.-Malos tratos habituales en el ámbito familiar;2019;115
CANTABRIA;2.1.-Malos tratos habituales en el ámbito familiar;2018;106
CANTABRIA;2.1.-Malos tratos habituales en el ámbito familiar;2017;104
CANTABRIA;2.1.-Malos tratos habituales en el ámbito familiar;2016;130
CANTABRIA;2.1.-Malos tratos habituales en el ámbito familiar;2015;112
CANTABRIA;2.1.-Malos tratos habituales en el ámbito familiar;2014;123
CANTABRIA;2.1.-Malos tratos habituales en el ámbito familiar;2013;134
CANTABRIA;2.1.-Malos tratos habituales en el ámbito familiar;2012;138
CANTABRIA;2.1.-Malos tratos habituales en el ámbito familiar;2011;146
CANTABRIA;2.1.-Malos tratos habituales en el ámbito familiar;2010;172
CANTABRIA;2.2.-Otros contra la libertad;2023;576
CANTABRIA;2.2.-Otros contra la libertad;2022;533
CANTABRIA;2.2.-Otros contra la libertad;2021;513
CANTABRIA;2.2.-Otros contra la libertad;2020;376
CANTABRIA;2.2.-Otros contra la libertad;2019;294
CANTABRIA;2.2.-Otros contra la libertad;2018;267
CANTABRIA;2.2.-Otros contra la libertad;2017;186
CANTABRIA;2.2.-Otros contra la libertad;2016;173
CANTABRIA;2.2.-Otros contra la libertad;2015;168
CANTABRIA;2.2.-Otros contra la libertad;2014;153
CANTABRIA;2.2.-Otros contra la libertad;2013;160
CANTABRIA;2.2.-Otros contra la libertad;2012;187
CANTABRIA;2.2.-Otros contra la libertad;2011;169
CANTABRIA;2.2.-Otros contra la libertad;2010;108
CANTABRIA;3. LIBERTAD SEXUAL;2023;116
CANTABRIA;3. LIBERTAD SEXUAL;2022;133
CANTABRIA;3. LIBERTAD SEXUAL;2021;106
CANTABRIA;3. LIBERTAD SEXUAL;2020;62
CANTABRIA;3. LIBERTAD SEXUAL;2019;74
CANTABRIA;3. LIBERTAD SEXUAL;2018;71
CANTABRIA;3. LIBERTAD SEXUAL;2017;63
CANTABRIA;3. LIBERTAD SEXUAL;2016;49
CANTABRIA;3. LIBERTAD SEXUAL;2015;38
CANTABRIA;3. LIBERTAD SEXUAL;2014;57
CANTABRIA;3. LIBERTAD SEXUAL;2013;45
CANTABRIA;3. LIBERTAD SEXUAL;2012;41
CANTABRIA;3. LIBERTAD SEXUAL;2011;73
CANTABRIA;3. LIBERTAD SEXUAL;2010;71
CANTABRIA;3.1.-Agresión sexual;2023;70
CANTABRIA;3.1.-Agresión sexual;2022;68
CANTABRIA;3.1.-Agresión sexual;2021;71
CANTABRIA;3.1.-Agresión sexual;2020;37
CANTABRIA;3.1.-Agresión sexual;2019;45
CANTABRIA;3.1.-Agresión sexual;2018;45
CANTABRIA;3.1.-Agresión sexual;2017;35
CANTABRIA;3.1.-Agresión sexual;2016;25
CANTABRIA;3.1.-Agresión sexual;2015;22
CANTABRIA;3.1.-Agresión sexual;2014;41
CANTABRIA;3.1.-Agresión sexual;2013;28
CANTABRIA;3.1.-Agresión sexual;2012;24
CANTABRIA;3.1.-Agresión sexual;2011;39
CANTABRIA;3.1.-Agresión sexual;2010;33
CANTABRIA;3.2.-Agresión sexual con penetración;2023;26
CANTABRIA;3.2.-Agresión sexual con penetración;2022;44
CANTABRIA;3.2.-Agresión sexual con penetración;2021;19
CANTABRIA;3.2.-Agresión sexual con penetración;2020;12
CANTABRIA;3.2.-Agresión sexual con penetración;2019;14
CANTABRIA;3.2.-Agresión sexual con penetración;2018;10
CANTABRIA;3.2.-Agresión sexual con penetración;2017;18
CANTABRIA;3.2.-Agresión sexual con penetración;2016;9
CANTABRIA;3.2.-Agresión sexual con penetración;2015;6
CANTABRIA;3.2.-Agresión sexual con penetración;2014;5
CANTABRIA;3.2.-Agresión sexual con penetración;2013;7
CANTABRIA;3.2.-Agresión sexual con penetración;2012;10
CANTABRIA;3.2.-Agresión sexual con penetración;2011;17
CANTABRIA;3.2.-Agresión sexual con penetración;2010;18
CANTABRIA;3.3.-Corrupción de menores o incapacitados;2023;2
CANTABRIA;3.3.-Corrupción de menores o incapacitados;2022;3
CANTABRIA;3.3.-Corrupción de menores o incapacitados;2021;1
CANTABRIA;3.3.-Corrupción de menores o incapacitados;2020;0
CANTABRIA;3.3.-Corrupción de menores o incapacitados;2019;0
CANTABRIA;3.3.-Corrupción de menores o incapacitados;2018;0
CANTABRIA;3.3.-Corrupción de menores o incapacitados;2017;0
CANTABRIA;3.3.-Corrupción de menores o incapacitados;2016;0
CANTABRIA;3.3.-Corrupción de menores o incapacitados;2015;1
CANTABRIA;3.3.-Corrupción de menores o incapacitados;2014;1
CANTABRIA;3.3.-Corrupción de menores o incapacitados;2013;0
CANTABRIA;3.3.-Corrupción de menores o incapacitados;2012;1
CANTABRIA;3.3.-Corrupción de menores o incapacitados;2011;1
CANTABRIA;3.3.-Corrupción de menores o incapacitados;2010;0
CANTABRIA;3.4.-Pornografía de menores;2023;5
CANTABRIA;3.4.-Pornografía de menores;2022;5
CANTABRIA;3.4.-Pornografía de menores;2021;5
CANTABRIA;3.4.-Pornografía de menores;2020;5
CANTABRIA;3.4.-Pornografía de menores;2019;6
CANTABRIA;3.4.-Pornografía de menores;2018;7
CANTABRIA;3.4.-Pornografía de menores;2017;3
CANTABRIA;3.4.-Pornografía de menores;2016;7
CANTABRIA;3.4.-Pornografía de menores;2015;5
CANTABRIA;3.4.-Pornografía de menores;2014;5
CANTABRIA;3.4.-Pornografía de menores;2013;3
CANTABRIA;3.4.-Pornografía de menores;2012;2
CANTABRIA;3.4.-Pornografía de menores;2011;9
CANTABRIA;3.4.-Pornografía de menores;2010;10
CANTABRIA;3.5.-Otros contra la libertad sexual;2023;13
CANTABRIA;3.5.-Otros contra la libertad sexual;2022;13
CANTABRIA;3.5.-Otros contra la libertad sexual;2021;10
CANTABRIA;3.5.-Otros contra la libertad sexual;2020;8
CANTABRIA;3.5.-Otros contra la libertad sexual;2019;9
CANTABRIA;3.5.-Otros contra la libertad sexual;2018;9
CANTABRIA;3.5.-Otros contra la libertad sexual;2017;7
CANTABRIA;3.5.-Otros contra la libertad sexual;2016;8
CANTABRIA;3.5.-Otros contra la libertad sexual;2015;4
CANTABRIA;3.5.-Otros contra la libertad sexual;2014;5
CANTABRIA;3.5.-Otros contra la libertad sexual;2013;7
CANTABRIA;3.5.-Otros contra la libertad sexual;2012;4
CANTABRIA;3.5.-Otros contra la libertad sexual;2011;7
CANTABRIA;3.5.-Otros contra la libertad sexual;2010;10
CANTABRIA;4. RELACIONES FAMILIARES;2023;10
CANTABRIA;4. RELACIONES FAMILIARES;2022;12
CANTABRIA;4. RELACIONES FAMILIARES;2021;2
CANTABRIA;4. RELACIONES FAMILIARES;2020;8
CANTABRIA;4. RELACIONES FAMILIARES;2019;11
CANTABRIA;4. RELACIONES FAMILIARES;2018;17
CANTABRIA;4. RELACIONES FAMILIARES;2017;15
CANTABRIA;4. RELACIONES FAMILIARES;2016;15
CANTABRIA;4. RELACIONES FAMILIARES;2015;26
CANTABRIA;4. RELACIONES FAMILIARES;2014;46
CANTABRIA;4. RELACIONES FAMILIARES;2013;39
CANTABRIA;4. RELACIONES FAMILIARES;2012;26
CANTABRIA;4. RELACIONES FAMILIARES;2011;35
CANTABRIA;4. RELACIONES FAMILIARES;2010;32
CANTABRIA;5. PATRIMONIO;2023;1.613
CANTABRIA;5. PATRIMONIO;2022;1.619
CANTABRIA;5. PATRIMONIO;2021;1.418
CANTABRIA;5. PATRIMONIO;2020;1.139
CANTABRIA;5. PATRIMONIO;2019;1.261
CANTABRIA;5. PATRIMONIO;2018;1.273
CANTABRIA;5. PATRIMONIO;2017;1.341
CANTABRIA;5. PATRIMONIO;2016;1.356
CANTABRIA;5. PATRIMONIO;2015;1.341
CANTABRIA;5. PATRIMONIO;2014;1.773
CANTABRIA;5. PATRIMONIO;2013;2.501
CANTABRIA;5. PATRIMONIO;2012;2.478
CANTABRIA;5. PATRIMONIO;2011;2.096
CANTABRIA;5. PATRIMONIO;2010;1.321
CANTABRIA;5.1.-Hurtos;2023;731
CANTABRIA;5.1.-Hurtos;2022;762
CANTABRIA;5.1.-Hurtos;2021;650
CANTABRIA;5.1.-Hurtos;2020;479
CANTABRIA;5.1.-Hurtos;2019;502
CANTABRIA;5.1.-Hurtos;2018;558
CANTABRIA;5.1.-Hurtos;2017;614
CANTABRIA;5.1.-Hurtos;2016;702
CANTABRIA;5.1.-Hurtos;2015;584
CANTABRIA;5.1.-Hurtos;2014;776
CANTABRIA;5.1.-Hurtos;2013;877
CANTABRIA;5.1.-Hurtos;2012;815
CANTABRIA;5.1.-Hurtos;2011;744
CANTABRIA;5.1.-Hurtos;2010;325
CANTABRIA;5.2.-Robos con fuerza en las cosas;2023;236
CANTABRIA;5.2.-Robos con fuerza en las cosas;2022;249
CANTABRIA;5.2.-Robos con fuerza en las cosas;2021;232
CANTABRIA;5.2.-Robos con fuerza en las cosas;2020;222
CANTABRIA;5.2.-Robos con fuerza en las cosas;2019;272
CANTABRIA;5.2.-Robos con fuerza en las cosas;2018;278
CANTABRIA;5.2.-Robos con fuerza en las cosas;2017;356
CANTABRIA;5.2.-Robos con fuerza en las cosas;2016;276
CANTABRIA;5.2.-Robos con fuerza en las cosas;2015;317
CANTABRIA;5.2.-Robos con fuerza en las cosas;2014;476
CANTABRIA;5.2.-Robos con fuerza en las cosas;2013;915
CANTABRIA;5.2.-Robos con fuerza en las cosas;2012;857
CANTABRIA;5.2.-Robos con fuerza en las cosas;2011;681
CANTABRIA;5.2.-Robos con fuerza en las cosas;2010;472
CANTABRIA;5.2.1.-Robos con fuerza en las cosas en el interior de vehículos;2023;41
CANTABRIA;5.2.1.-Robos con fuerza en las cosas en el interior de vehículos;2022;34
CANTABRIA;5.2.1.-Robos con fuerza en las cosas en el interior de vehículos;2021;28
CANTABRIA;5.2.1.-Robos con fuerza en las cosas en el interior de vehículos;2020;15
CANTABRIA;5.2.1.-Robos con fuerza en las cosas en el interior de vehículos;2019;35
CANTABRIA;5.2.1.-Robos con fuerza en las cosas en el interior de vehículos;2018;29
CANTABRIA;5.2.1.-Robos con fuerza en las cosas en el interior de vehículos;2017;29
CANTABRIA;5.2.1.-Robos con fuerza en las cosas en el interior de vehículos;2016;24
CANTABRIA;5.2.1.-Robos con fuerza en las cosas en el interior de vehículos;2015;44
CANTABRIA;5.2.1.-Robos con fuerza en las cosas en el interior de vehículos;2014;42
CANTABRIA;5.2.1.-Robos con fuerza en las cosas en el interior de vehículos;2013;78
CANTABRIA;5.2.1.-Robos con fuerza en las cosas en el interior de vehículos;2012;89
CANTABRIA;5.2.1.-Robos con fuerza en las cosas en el interior de vehículos;2011;115
CANTABRIA;5.2.1.-Robos con fuerza en las cosas en el interior de vehículos;2010;42
CANTABRIA;5.2.2.-Robos con fuerza en viviendas;2023;70
CANTABRIA;5.2.2.-Robos con fuerza en viviendas;2022;69
CANTABRIA;5.2.2.-Robos con fuerza en viviendas;2021;71
CANTABRIA;5.2.2.-Robos con fuerza en viviendas;2020;80
CANTABRIA;5.2.2.-Robos con fuerza en viviendas;2019;87
CANTABRIA;5.2.2.-Robos con fuerza en viviendas;2018;101
CANTABRIA;5.2.2.-Robos con fuerza en viviendas;2017;143
CANTABRIA;5.2.2.-Robos con fuerza en viviendas;2016;108
CANTABRIA;5.2.2.-Robos con fuerza en viviendas;2015;84
CANTABRIA;5.2.2.-Robos con fuerza en viviendas;2014;147
CANTABRIA;5.2.2.-Robos con fuerza en viviendas;2013;399
CANTABRIA;5.2.2.-Robos con fuerza en viviendas;2012;299
CANTABRIA;5.2.2.-Robos con fuerza en viviendas;2011;120
CANTABRIA;5.2.2.-Robos con fuerza en viviendas;2010;115
CANTABRIA;5.2.3.-Robos con fuerza en establecimientos;2023;53
CANTABRIA;5.2.3.-Robos con fuerza en establecimientos;2022;88
CANTABRIA;5.2.3.-Robos con fuerza en establecimientos;2021;79
CANTABRIA;5.2.3.-Robos con fuerza en establecimientos;2020;64
CANTABRIA;5.2.3.-Robos con fuerza en establecimientos;2019;103
CANTABRIA;5.2.3.-Robos con fuerza en establecimientos;2018;86
CANTABRIA;5.2.3.-Robos con fuerza en establecimientos;2017;91
CANTABRIA;5.2.3.-Robos con fuerza en establecimientos;2016;82
CANTABRIA;5.2.3.-Robos con fuerza en establecimientos;2015;104
CANTABRIA;5.2.3.-Robos con fuerza en establecimientos;2014;98
CANTABRIA;5.2.3.-Robos con fuerza en establecimientos;2013;215
CANTABRIA;5.2.3.-Robos con fuerza en establecimientos;2012;282
CANTABRIA;5.2.3.-Robos con fuerza en establecimientos;2011;225
CANTABRIA;5.2.3.-Robos con fuerza en establecimientos;2010;152
CANTABRIA;5.3.-Robos con violencia o intimidación;2023;105
CANTABRIA;5.3.-Robos con violencia o intimidación;2022;114
CANTABRIA;5.3.-Robos con violencia o intimidación;2021;91
CANTABRIA;5.3.-Robos con violencia o intimidación;2020;108
CANTABRIA;5.3.-Robos con violencia o intimidación;2019;94
CANTABRIA;5.3.-Robos con violencia o intimidación;2018;77
CANTABRIA;5.3.-Robos con violencia o intimidación;2017;60
CANTABRIA;5.3.-Robos con violencia o intimidación;2016;70
CANTABRIA;5.3.-Robos con violencia o intimidación;2015;94
CANTABRIA;5.3.-Robos con violencia o intimidación;2014;124
CANTABRIA;5.3.-Robos con violencia o intimidación;2013;186
CANTABRIA;5.3.-Robos con violencia o intimidación;2012;243
CANTABRIA;5.3.-Robos con violencia o intimidación;2011;187
CANTABRIA;5.3.-Robos con violencia o intimidación;2010;172
CANTABRIA;5.3.1.-Robos con violencia en vía pública;2023;46
CANTABRIA;5.3.1.-Robos con violencia en vía pública;2022;49
CANTABRIA;5.3.1.-Robos con violencia en vía pública;2021;35
CANTABRIA;5.3.1.-Robos con violencia en vía pública;2020;43
CANTABRIA;5.3.1.-Robos con violencia en vía pública;2019;38
CANTABRIA;5.3.1.-Robos con violencia en vía pública;2018;35
CANTABRIA;5.3.1.-Robos con violencia en vía pública;2017;25
CANTABRIA;5.3.1.-Robos con violencia en vía pública;2016;31
CANTABRIA;5.3.1.-Robos con violencia en vía pública;2015;44
CANTABRIA;5.3.1.-Robos con violencia en vía pública;2014;72
CANTABRIA;5.3.1.-Robos con violencia en vía pública;2013;89
CANTABRIA;5.3.1.-Robos con violencia en vía pública;2012;127
CANTABRIA;5.3.1.-Robos con violencia en vía pública;2011;116
CANTABRIA;5.3.1.-Robos con violencia en vía pública;2010;119
CANTABRIA;5.3.2.-Robos con violencia en viviendas;2023;9
CANTABRIA;5.3.2.-Robos con violencia en viviendas;2022;14
CANTABRIA;5.3.2.-Robos con violencia en viviendas;2021;17
CANTABRIA;5.3.2.-Robos con violencia en viviendas;2020;11
CANTABRIA;5.3.2.-Robos con violencia en viviendas;2019;9
CANTABRIA;5.3.2.-Robos con violencia en viviendas;2018;6
CANTABRIA;5.3.2.-Robos con violencia en viviendas;2017;13
CANTABRIA;5.3.2.-Robos con violencia en viviendas;2016;7
CANTABRIA;5.3.2.-Robos con violencia en viviendas;2015;7
CANTABRIA;5.3.2.-Robos con violencia en viviendas;2014;10
CANTABRIA;5.3.2.-Robos con violencia en viviendas;2013;16
CANTABRIA;5.3.2.-Robos con violencia en viviendas;2012;21
CANTABRIA;5.3.2.-Robos con violencia en viviendas;2011;20
CANTABRIA;5.3.2.-Robos con violencia en viviendas;2010;7
CANTABRIA;5.3.3.-Robos con violencia en establecimientos;2023;43
CANTABRIA;5.3.3.-Robos con violencia en establecimientos;2022;44
CANTABRIA;5.3.3.-Robos con violencia en establecimientos;2021;23
CANTABRIA;5.3.3.-Robos con violencia en establecimientos;2020;31
CANTABRIA;5.3.3.-Robos con violencia en establecimientos;2019;37
CANTABRIA;5.3.3.-Robos con violencia en establecimientos;2018;22
CANTABRIA;5.3.3.-Robos con violencia en establecimientos;2017;17
CANTABRIA;5.3.3.-Robos con violencia en establecimientos;2016;24
CANTABRIA;5.3.3.-Robos con violencia en establecimientos;2015;27
CANTABRIA;5.3.3.-Robos con violencia en establecimientos;2014;33
CANTABRIA;5.3.3.-Robos con violencia en establecimientos;2013;62
CANTABRIA;5.3.3.-Robos con violencia en establecimientos;2012;62
CANTABRIA;5.3.3.-Robos con violencia en establecimientos;2011;34
CANTABRIA;5.3.3.-Robos con violencia en establecimientos;2010;32
CANTABRIA;5.4.-Sustracción de vehículos;2023;27
CANTABRIA;5.4.-Sustracción de vehículos;2022;13
CANTABRIA;5.4.-Sustracción de vehículos;2021;31
CANTABRIA;5.4.-Sustracción de vehículos;2020;21
CANTABRIA;5.4.-Sustracción de vehículos;2019;20
CANTABRIA;5.4.-Sustracción de vehículos;2018;30
CANTABRIA;5.4.-Sustracción de vehículos;2017;39
CANTABRIA;5.4.-Sustracción de vehículos;2016;42
CANTABRIA;5.4.-Sustracción de vehículos;2015;37
CANTABRIA;5.4.-Sustracción de vehículos;2014;36
CANTABRIA;5.4.-Sustracción de vehículos;2013;66
CANTABRIA;5.4.-Sustracción de vehículos;2012;100
CANTABRIA;5.4.-Sustracción de vehículos;2011;74
CANTABRIA;5.4.-Sustracción de vehículos;2010;66
CANTABRIA;5.5.-Estafas;2023;258
CANTABRIA;5.5.-Estafas;2022;199
CANTABRIA;5.5.-Estafas;2021;142
CANTABRIA;5.5.-Estafas;2020;120
CANTABRIA;5.5.-Estafas;2019;152
CANTABRIA;5.5.-Estafas;2018;81
CANTABRIA;5.5.-Estafas;2017;94
CANTABRIA;5.5.-Estafas;2016;101
CANTABRIA;5.5.-Estafas;2015;100
CANTABRIA;5.5.-Estafas;2014;149
CANTABRIA;5.5.-Estafas;2013;163
CANTABRIA;5.5.-Estafas;2012;119
CANTABRIA;5.5.-Estafas;2011;165
CANTABRIA;5.5.-Estafas;2010;82
CANTABRIA;5.5.1.-Estafas informáticas;2023;168
CANTABRIA;5.5.1.-Estafas informáticas;2022;116
CANTABRIA;5.5.1.-Estafas informáticas;2021;67
CANTABRIA;5.5.1.-Estafas informáticas;2020;44
CANTABRIA;5.5.1.-Estafas informáticas;2019;34
CANTABRIA;5.5.1.-Estafas informáticas;2018;25
CANTABRIA;5.5.1.-Estafas informáticas;2017;23
CANTABRIA;5.5.1.-Estafas informáticas;2016;24
CANTABRIA;5.5.1.-Estafas informáticas;2015;12
CANTABRIA;5.5.1.-Estafas informáticas;2014;27
CANTABRIA;5.5.1.-Estafas informáticas;2013;33
CANTABRIA;5.5.1.-Estafas informáticas;2012;30
CANTABRIA;5.5.1.-Estafas informáticas;2011;19
CANTABRIA;5.5.1.-Estafas informáticas;2010;14
CANTABRIA;5.6.-Daños;2023;132
CANTABRIA;5.6.-Daños;2022;153
CANTABRIA;5.6.-Daños;2021;141
CANTABRIA;5.6.-Daños;2020;110
CANTABRIA;5.6.-Daños;2019;105
CANTABRIA;5.6.-Daños;2018;87
CANTABRIA;5.6.-Daños;2017;82
CANTABRIA;5.6.-Daños;2016;90
CANTABRIA;5.6.-Daños;2015;87
CANTABRIA;5.6.-Daños;2014;92
CANTABRIA;5.6.-Daños;2013;151
CANTABRIA;5.6.-Daños;2012;212
CANTABRIA;5.6.-Daños;2011;150
CANTABRIA;5.6.-Daños;2010;88
CANTABRIA;5.7.-Contra la propiedad intelectual/industrial;2023;18
CANTABRIA;5.7.-Contra la propiedad intelectual/industrial;2022;24
CANTABRIA;5.7.-Contra la propiedad intelectual/industrial;2021;22
CANTABRIA;5.7.-Contra la propiedad intelectual/industrial;2020;12
CANTABRIA;5.7.-Contra la propiedad intelectual/industrial;2019;14
CANTABRIA;5.7.-Contra la propiedad intelectual/industrial;2018;18
CANTABRIA;5.7.-Contra la propiedad intelectual/industrial;2017;7
CANTABRIA;5.7.-Contra la propiedad intelectual/industrial;2016;10
CANTABRIA;5.7.-Contra la propiedad intelectual/industrial;2015;9
CANTABRIA;5.7.-Contra la propiedad intelectual/industrial;2014;24
CANTABRIA;5.7.-Contra la propiedad intelectual/industrial;2013;26
CANTABRIA;5.7.-Contra la propiedad intelectual/industrial;2012;11
CANTABRIA;5.7.-Contra la propiedad intelectual/industrial;2011;8
CANTABRIA;5.7.-Contra la propiedad intelectual/industrial;2010;35
CANTABRIA;5.8.-Blanqueo de capitales;2023;5
CANTABRIA;5.8.-Blanqueo de capitales;2022;0
CANTABRIA;5.8.-Blanqueo de capitales;2021;0
CANTABRIA;5.8.-Blanqueo de capitales;2020;0
CANTABRIA;5.8.-Blanqueo de capitales;2019;0
CANTABRIA;5.8.-Blanqueo de capitales;2018;0
CANTABRIA;5.8.-Blanqueo de capitales;2017;6
CANTABRIA;5.8.-Blanqueo de capitales;2016;0
CANTABRIA;5.8.-Blanqueo de capitales;2015;10
CANTABRIA;5.8.-Blanqueo de capitales;2014;0
CANTABRIA;5.8.-Blanqueo de capitales;2013;1
CANTABRIA;5.8.-Blanqueo de capitales;2012;2
CANTABRIA;5.8.-Blanqueo de capitales;2011;4
CANTABRIA;5.8.-Blanqueo de capitales;2010;6
CANTABRIA;5.9.-Otros contra el patrimonio;2023;101
CANTABRIA;5.9.-Otros contra el patrimonio;2022;105
CANTABRIA;5.9.-Otros contra el patrimonio;2021;109
CANTABRIA;5.9.-Otros contra el patrimonio;2020;67
CANTABRIA;5.9.-Otros contra el patrimonio;2019;102
CANTABRIA;5.9.-Otros contra el patrimonio;2018;144
CANTABRIA;5.9.-Otros contra el patrimonio;2017;83
CANTABRIA;5.9.-Otros contra el patrimonio;2016;65
CANTABRIA;5.9.-Otros contra el patrimonio;2015;103
CANTABRIA;5.9.-Otros contra el patrimonio;2014;96
CANTABRIA;5.9.-Otros contra el patrimonio;2013;116
CANTABRIA;5.9.-Otros contra el patrimonio;2012;119
CANTABRIA;5.9.-Otros contra el patrimonio;2011;83
CANTABRIA;5.9.-Otros contra el patrimonio;2010;75
CANTABRIA;6. SEGURIDAD COLECTIVA;2023;812
CANTABRIA;6. SEGURIDAD COLECTIVA;2022;869
CANTABRIA;6. SEGURIDAD COLECTIVA;2021;766
CANTABRIA;6. SEGURIDAD COLECTIVA;2020;665
CANTABRIA;6. SEGURIDAD COLECTIVA;2019;768
CANTABRIA;6. SEGURIDAD COLECTIVA;2018;744
CANTABRIA;6. SEGURIDAD COLECTIVA;2017;677
CANTABRIA;6. SEGURIDAD COLECTIVA;2016;720
CANTABRIA;6. SEGURIDAD COLECTIVA;2015;745
CANTABRIA;6. SEGURIDAD COLECTIVA;2014;872
CANTABRIA;6. SEGURIDAD COLECTIVA;2013;943
CANTABRIA;6. SEGURIDAD COLECTIVA;2012;1.026
CANTABRIA;6. SEGURIDAD COLECTIVA;2011;1.134
CANTABRIA;6. SEGURIDAD COLECTIVA;2010;979
CANTABRIA;6.1.-Tráfico de drogas;2023;182
CANTABRIA;6.1.-Tráfico de drogas;2022;157
CANTABRIA;6.1.-Tráfico de drogas;2021;173
CANTABRIA;6.1.-Tráfico de drogas;2020;174
CANTABRIA;6.1.-Tráfico de drogas;2019;188
CANTABRIA;6.1.-Tráfico de drogas;2018;159
CANTABRIA;6.1.-Tráfico de drogas;2017;111
CANTABRIA;6.1.-Tráfico de drogas;2016;151
CANTABRIA;6.1.-Tráfico de drogas;2015;152
CANTABRIA;6.1.-Tráfico de drogas;2014;171
CANTABRIA;6.1.-Tráfico de drogas;2013;215
CANTABRIA;6.1.-Tráfico de drogas;2012;189
CANTABRIA;6.1.-Tráfico de drogas;2011;220
CANTABRIA;6.1.-Tráfico de drogas;2010;362
CANTABRIA;6.2.-Contra la seguridad vial;2023;606
CANTABRIA;6.2.-Contra la seguridad vial;2022;685
CANTABRIA;6.2.-Contra la seguridad vial;2021;576
CANTABRIA;6.2.-Contra la seguridad vial;2020;483
CANTABRIA;6.2.-Contra la seguridad vial;2019;575
CANTABRIA;6.2.-Contra la seguridad vial;2018;567
CANTABRIA;6.2.-Contra la seguridad vial;2017;535
CANTABRIA;6.2.-Contra la seguridad vial;2016;549
CANTABRIA;6.2.-Contra la seguridad vial;2015;579
CANTABRIA;6.2.-Contra la seguridad vial;2014;678
CANTABRIA;6.2.-Contra la seguridad vial;2013;720
CANTABRIA;6.2.-Contra la seguridad vial;2012;817
CANTABRIA;6.2.-Contra la seguridad vial;2011;903
CANTABRIA;6.2.-Contra la seguridad vial;2010;588
CANTABRIA;6.3.-Otros contra la seguridad colectiva;2023;24
CANTABRIA;6.3.-Otros contra la seguridad colectiva;2022;27
CANTABRIA;6.3.-Otros contra la seguridad colectiva;2021;17
CANTABRIA;6.3.-Otros contra la seguridad colectiva;2020;8
CANTABRIA;6.3.-Otros contra la seguridad colectiva;2019;5
CANTABRIA;6.3.-Otros contra la seguridad colectiva;2018;18
CANTABRIA;6.3.-Otros contra la seguridad colectiva;2017;31
CANTABRIA;6.3.-Otros contra la seguridad colectiva;2016;20
CANTABRIA;6.3.-Otros contra la seguridad colectiva;2015;14
CANTABRIA;6.3.-Otros contra la seguridad colectiva;2014;23
CANTABRIA;6.3.-Otros contra la seguridad colectiva;2013;8
CANTABRIA;6.3.-Otros contra la seguridad colectiva;2012;20
CANTABRIA;6.3.-Otros contra la seguridad colectiva;2011;11
CANTABRIA;6.3.-Otros contra la seguridad colectiva;2010;29
CANTABRIA;7. FALSEDADES;2023;69
CANTABRIA;7. FALSEDADES;2022;90
CANTABRIA;7. FALSEDADES;2021;91
CANTABRIA;7. FALSEDADES;2020;69
CANTABRIA;7. FALSEDADES;2019;99
CANTABRIA;7. FALSEDADES;2018;67
CANTABRIA;7. FALSEDADES;2017;39
CANTABRIA;7. FALSEDADES;2016;77
CANTABRIA;7. FALSEDADES;2015;92
CANTABRIA;7. FALSEDADES;2014;82
CANTABRIA;7. FALSEDADES;2013;89
CANTABRIA;7. FALSEDADES;2012;127
CANTABRIA;7. FALSEDADES;2011;111
CANTABRIA;7. FALSEDADES;2010;75
CANTABRIA;8. ADMÓN. PÚBLICA;2023;13
CANTABRIA;8. ADMÓN. PÚBLICA;2022;2
CANTABRIA;8. ADMÓN. PÚBLICA;2021;0
CANTABRIA;8. ADMÓN. PÚBLICA;2020;2
CANTABRIA;8. ADMÓN. PÚBLICA;2019;0
CANTABRIA;8. ADMÓN. PÚBLICA;2018;0
CANTABRIA;8. ADMÓN. PÚBLICA;2017;1
CANTABRIA;8. ADMÓN. PÚBLICA;2016;0
CANTABRIA;8. ADMÓN. PÚBLICA;2015;0
CANTABRIA;8. ADMÓN. PÚBLICA;2014;0
CANTABRIA;8. ADMÓN. PÚBLICA;2013;0
CANTABRIA;8. ADMÓN. PÚBLICA;2012;2
CANTABRIA;8. ADMÓN. PÚBLICA;2011;2
CANTABRIA;8. ADMÓN. PÚBLICA;2010;1
CANTABRIA;9. ADMÓN. JUSTICIA;2023;362
CANTABRIA;9. ADMÓN. JUSTICIA;2022;287
CANTABRIA;9. ADMÓN. JUSTICIA;2021;195
CANTABRIA;9. ADMÓN. JUSTICIA;2020;204
CANTABRIA;9. ADMÓN. JUSTICIA;2019;223
CANTABRIA;9. ADMÓN. JUSTICIA;2018;230
CANTABRIA;9. ADMÓN. JUSTICIA;2017;199
CANTABRIA;9. ADMÓN. JUSTICIA;2016;162
CANTABRIA;9. ADMÓN. JUSTICIA;2015;205
CANTABRIA;9. ADMÓN. JUSTICIA;2014;259
CANTABRIA;9. ADMÓN. JUSTICIA;2013;294
CANTABRIA;9. ADMÓN. JUSTICIA;2012;291
CANTABRIA;9. ADMÓN. JUSTICIA;2011;295
CANTABRIA;9. ADMÓN. JUSTICIA;2010;206
CANTABRIA;10. ORDEN PÚBLICO;2023;243
CANTABRIA;10. ORDEN PÚBLICO;2022;306
CANTABRIA;10. ORDEN PÚBLICO;2021;246
CANTABRIA;10. ORDEN PÚBLICO;2020;430
CANTABRIA;10. ORDEN PÚBLICO;2019;163
CANTABRIA;10. ORDEN PÚBLICO;2018;185
CANTABRIA;10. ORDEN PÚBLICO;2017;144
CANTABRIA;10. ORDEN PÚBLICO;2016;146
CANTABRIA;10. ORDEN PÚBLICO;2015;165
CANTABRIA;10. ORDEN PÚBLICO;2014;277
CANTABRIA;10. ORDEN PÚBLICO;2013;310
CANTABRIA;10. ORDEN PÚBLICO;2012;320
CANTABRIA;10. ORDEN PÚBLICO;2011;401
CANTABRIA;10. ORDEN PÚBLICO;2010;292
CANTABRIA;11. LEGISLACIÓN ESPECIAL;2023;5
CANTABRIA;11. LEGISLACIÓN ESPECIAL;2022;0
CANTABRIA;11. LEGISLACIÓN ESPECIAL;2021;6
CANTABRIA;11. LEGISLACIÓN ESPECIAL;2020;0
CANTABRIA;11. LEGISLACIÓN ESPECIAL;2019;0
CANTABRIA;11. LEGISLACIÓN ESPECIAL;2018;1
CANTABRIA;11. LEGISLACIÓN ESPECIAL;2017;0
CANTABRIA;11. LEGISLACIÓN ESPECIAL;2016;0
CANTABRIA;11. LEGISLACIÓN ESPECIAL;2015;1
CANTABRIA;11. LEGISLACIÓN ESPECIAL;2014;0
CANTABRIA;11. LEGISLACIÓN ESPECIAL;2013;0
CANTABRIA;11. LEGISLACIÓN ESPECIAL;2012;1
CANTABRIA;11. LEGISLACIÓN ESPECIAL;2011;2
CANTABRIA;11. LEGISLACIÓN ESPECIAL;2010;0
CANTABRIA;12. OTRAS INFRACCIONES PENALES;2023;70
CANTABRIA;12. OTRAS INFRACCIONES PENALES;2022;69
CANTABRIA;12. OTRAS INFRACCIONES PENALES;2021;65
CANTABRIA;12. OTRAS INFRACCIONES PENALES;2020;71
CANTABRIA;12. OTRAS INFRACCIONES PENALES;2019;84
CANTABRIA;12. OTRAS INFRACCIONES PENALES;2018;71
CANTABRIA;12. OTRAS INFRACCIONES PENALES;2017;30
CANTABRIA;12. OTRAS INFRACCIONES PENALES;2016;93
CANTABRIA;12. OTRAS INFRACCIONES PENALES;2015;37
CANTABRIA;12. OTRAS INFRACCIONES PENALES;2014;49
CANTABRIA;12. OTRAS INFRACCIONES PENALES;2013;30
CANTABRIA;12. OTRAS INFRACCIONES PENALES;2012;9
CANTABRIA;12. OTRAS INFRACCIONES PENALES;2011;14
CANTABRIA;12. OTRAS INFRACCIONES PENALES;2010;20
CANTABRIA;TOTAL INFRACCIONES PENALES;2023;5.717
CANTABRIA;TOTAL INFRACCIONES PENALES;2022;5.576
CANTABRIA;TOTAL INFRACCIONES PENALES;2021;4.795
CANTABRIA;TOTAL INFRACCIONES PENALES;2020;4.111
CANTABRIA;TOTAL INFRACCIONES PENALES;2019;4.139
CANTABRIA;TOTAL INFRACCIONES PENALES;2018;3.981
CANTABRIA;TOTAL INFRACCIONES PENALES;2017;3.610
CANTABRIA;TOTAL INFRACCIONES PENALES;2016;3.745
CANTABRIA;TOTAL INFRACCIONES PENALES;2015;3.794
CANTABRIA;TOTAL INFRACCIONES PENALES;2014;4.600
CANTABRIA;TOTAL INFRACCIONES PENALES;2013;5.554
CANTABRIA;TOTAL INFRACCIONES PENALES;2012;5.664
CANTABRIA;TOTAL INFRACCIONES PENALES;2011;5.512
CANTABRIA;TOTAL INFRACCIONES PENALES;2010;4.111
CASTILLA Y LEÓN;1. CONTRA LAS PERSONAS;2023;5.201
CASTILLA Y LEÓN;1. CONTRA LAS PERSONAS;2022;4.871
CASTILLA Y LEÓN;1. CONTRA LAS PERSONAS;2021;4.117
CASTILLA Y LEÓN;1. CONTRA LAS PERSONAS;2020;3.654
CASTILLA Y LEÓN;1. CONTRA LAS PERSONAS;2019;3.957
CASTILLA Y LEÓN;1. CONTRA LAS PERSONAS;2018;4.025
CASTILLA Y LEÓN;1. CONTRA LAS PERSONAS;2017;3.621
CASTILLA Y LEÓN;1. CONTRA LAS PERSONAS;2016;3.474
CASTILLA Y LEÓN;1. CONTRA LAS PERSONAS;2015;4.239
CASTILLA Y LEÓN;1. CONTRA LAS PERSONAS;2014;4.991
CASTILLA Y LEÓN;1. CONTRA LAS PERSONAS;2013;4.345
CASTILLA Y LEÓN;1. CONTRA LAS PERSONAS;2012;4.496
CASTILLA Y LEÓN;1. CONTRA LAS PERSONAS;2011;4.394
CASTILLA Y LEÓN;1. CONTRA LAS PERSONAS;2010;2.535
CASTILLA Y LEÓN;1.1.-Homicidios dolosos/asesinatos;2023;55
CASTILLA Y LEÓN;1.1.-Homicidios dolosos/asesinatos;2022;65
CASTILLA Y LEÓN;1.1.-Homicidios dolosos/asesinatos;2021;34
CASTILLA Y LEÓN;1.1.-Homicidios dolosos/asesinatos;2020;69
CASTILLA Y LEÓN;1.1.-Homicidios dolosos/asesinatos;2019;61
CASTILLA Y LEÓN;1.1.-Homicidios dolosos/asesinatos;2018;47
CASTILLA Y LEÓN;1.1.-Homicidios dolosos/asesinatos;2017;35
CASTILLA Y LEÓN;1.1.-Homicidios dolosos/asesinatos;2016;21
CASTILLA Y LEÓN;1.1.-Homicidios dolosos/asesinatos;2015;22
CASTILLA Y LEÓN;1.1.-Homicidios dolosos/asesinatos;2014;56
CASTILLA Y LEÓN;1.1.-Homicidios dolosos/asesinatos;2013;49
CASTILLA Y LEÓN;1.1.-Homicidios dolosos/asesinatos;2012;65
CASTILLA Y LEÓN;1.1.-Homicidios dolosos/asesinatos;2011;51
CASTILLA Y LEÓN;1.1.-Homicidios dolosos/asesinatos;2010;43
CASTILLA Y LEÓN;1.1.1.-Homicidios dolosos/asesinatos consumados;2023;10
CASTILLA Y LEÓN;1.1.1.-Homicidios dolosos/asesinatos consumados;2022;20
CASTILLA Y LEÓN;1.1.1.-Homicidios dolosos/asesinatos consumados;2021;13
CASTILLA Y LEÓN;1.1.1.-Homicidios dolosos/asesinatos consumados;2020;33
CASTILLA Y LEÓN;1.1.1.-Homicidios dolosos/asesinatos consumados;2019;27
CASTILLA Y LEÓN;1.1.1.-Homicidios dolosos/asesinatos consumados;2018;19
CASTILLA Y LEÓN;1.1.1.-Homicidios dolosos/asesinatos consumados;2017;22
CASTILLA Y LEÓN;1.1.1.-Homicidios dolosos/asesinatos consumados;2016;6
CASTILLA Y LEÓN;1.1.1.-Homicidios dolosos/asesinatos consumados;2015;8
CASTILLA Y LEÓN;1.1.1.-Homicidios dolosos/asesinatos consumados;2014;20
CASTILLA Y LEÓN;1.1.1.-Homicidios dolosos/asesinatos consumados;2013;24
CASTILLA Y LEÓN;1.1.1.-Homicidios dolosos/asesinatos consumados;2012;31
CASTILLA Y LEÓN;1.1.1.-Homicidios dolosos/asesinatos consumados;2011;26
CASTILLA Y LEÓN;1.1.1.-Homicidios dolosos/asesinatos consumados;2010;16
CASTILLA Y LEÓN;1.2.-Lesiones;2023;1.953
CASTILLA Y LEÓN;1.2.-Lesiones;2022;2.003
CASTILLA Y LEÓN;1.2.-Lesiones;2021;1.598
CASTILLA Y LEÓN;1.2.-Lesiones;2020;1.346
CASTILLA Y LEÓN;1.2.-Lesiones;2019;1.651
CASTILLA Y LEÓN;1.2.-Lesiones;2018;1.829
CASTILLA Y LEÓN;1.2.-Lesiones;2017;1.539
CASTILLA Y LEÓN;1.2.-Lesiones;2016;1.422
CASTILLA Y LEÓN;1.2.-Lesiones;2015;1.530
CASTILLA Y LEÓN;1.2.-Lesiones;2014;1.677
CASTILLA Y LEÓN;1.2.-Lesiones;2013;1.405
CASTILLA Y LEÓN;1.2.-Lesiones;2012;1.552
CASTILLA Y LEÓN;1.2.-Lesiones;2011;1.450
CASTILLA Y LEÓN;1.2.-Lesiones;2010;585
CASTILLA Y LEÓN;1.3.-Malos tratos ámbito familiar;2023;3.012
CASTILLA Y LEÓN;1.3.-Malos tratos ámbito familiar;2022;2.678
CASTILLA Y LEÓN;1.3.-Malos tratos ámbito familiar;2021;2.382
CASTILLA Y LEÓN;1.3.-Malos tratos ámbito familiar;2020;2.163
CASTILLA Y LEÓN;1.3.-Malos tratos ámbito familiar;2019;2.135
CASTILLA Y LEÓN;1.3.-Malos tratos ámbito familiar;2018;2.068
CASTILLA Y LEÓN;1.3.-Malos tratos ámbito familiar;2017;1.984
CASTILLA Y LEÓN;1.3.-Malos tratos ámbito familiar;2016;1.981
CASTILLA Y LEÓN;1.3.-Malos tratos ámbito familiar;2015;1.931
CASTILLA Y LEÓN;1.3.-Malos tratos ámbito familiar;2014;2.029
CASTILLA Y LEÓN;1.3.-Malos tratos ámbito familiar;2013;1.915
CASTILLA Y LEÓN;1.3.-Malos tratos ámbito familiar;2012;1.993
CASTILLA Y LEÓN;1.3.-Malos tratos ámbito familiar;2011;2.090
CASTILLA Y LEÓN;1.3.-Malos tratos ámbito familiar;2010;1.822
CASTILLA Y LEÓN;1.4.-Otros contra las personas;2023;181
CASTILLA Y LEÓN;1.4.-Otros contra las personas;2022;125
CASTILLA Y LEÓN;1.4.-Otros contra las personas;2021;103
CASTILLA Y LEÓN;1.4.-Otros contra las personas;2020;76
CASTILLA Y LEÓN;1.4.-Otros contra las personas;2019;110
CASTILLA Y LEÓN;1.4.-Otros contra las personas;2018;81
CASTILLA Y LEÓN;1.4.-Otros contra las personas;2017;63
CASTILLA Y LEÓN;1.4.-Otros contra las personas;2016;50
CASTILLA Y LEÓN;1.4.-Otros contra las personas;2015;756
CASTILLA Y LEÓN;1.4.-Otros contra las personas;2014;1.229
CASTILLA Y LEÓN;1.4.-Otros contra las personas;2013;976
CASTILLA Y LEÓN;1.4.-Otros contra las personas;2012;886
CASTILLA Y LEÓN;1.4.-Otros contra las personas;2011;803
CASTILLA Y LEÓN;1.4.-Otros contra las personas;2010;85
CASTILLA Y LEÓN;2. CONTRA LA LIBERTAD;2023;2.477
CASTILLA Y LEÓN;2. CONTRA LA LIBERTAD;2022;2.245
CASTILLA Y LEÓN;2. CONTRA LA LIBERTAD;2021;2.193
CASTILLA Y LEÓN;2. CONTRA LA LIBERTAD;2020;1.960
CASTILLA Y LEÓN;2. CONTRA LA LIBERTAD;2019;2.140
CASTILLA Y LEÓN;2. CONTRA LA LIBERTAD;2018;2.118
CASTILLA Y LEÓN;2. CONTRA LA LIBERTAD;2017;1.911
CASTILLA Y LEÓN;2. CONTRA LA LIBERTAD;2016;1.802
CASTILLA Y LEÓN;2. CONTRA LA LIBERTAD;2015;1.432
CASTILLA Y LEÓN;2. CONTRA LA LIBERTAD;2014;1.041
CASTILLA Y LEÓN;2. CONTRA LA LIBERTAD;2013;1.036
CASTILLA Y LEÓN;2. CONTRA LA LIBERTAD;2012;1.009
CASTILLA Y LEÓN;2. CONTRA LA LIBERTAD;2011;1.033
CASTILLA Y LEÓN;2. CONTRA LA LIBERTAD;2010;925
CASTILLA Y LEÓN;2.1.-Malos tratos habituales en el ámbito familiar;2023;574
CASTILLA Y LEÓN;2.1.-Malos tratos habituales en el ámbito familiar;2022;515
CASTILLA Y LEÓN;2.1.-Malos tratos habituales en el ámbito familiar;2021;505
CASTILLA Y LEÓN;2.1.-Malos tratos habituales en el ámbito familiar;2020;435
CASTILLA Y LEÓN;2.1.-Malos tratos habituales en el ámbito familiar;2019;463
CASTILLA Y LEÓN;2.1.-Malos tratos habituales en el ámbito familiar;2018;469
CASTILLA Y LEÓN;2.1.-Malos tratos habituales en el ámbito familiar;2017;452
CASTILLA Y LEÓN;2.1.-Malos tratos habituales en el ámbito familiar;2016;470
CASTILLA Y LEÓN;2.1.-Malos tratos habituales en el ámbito familiar;2015;455
CASTILLA Y LEÓN;2.1.-Malos tratos habituales en el ámbito familiar;2014;461
CASTILLA Y LEÓN;2.1.-Malos tratos habituales en el ámbito familiar;2013;442
CASTILLA Y LEÓN;2.1.-Malos tratos habituales en el ámbito familiar;2012;437
CASTILLA Y LEÓN;2.1.-Malos tratos habituales en el ámbito familiar;2011;497
CASTILLA Y LEÓN;2.1.-Malos tratos habituales en el ámbito familiar;2010;479
CASTILLA Y LEÓN;2.2.-Otros contra la libertad;2023;1.903
CASTILLA Y LEÓN;2.2.-Otros contra la libertad;2022;1.730
CASTILLA Y LEÓN;2.2.-Otros contra la libertad;2021;1.688
CASTILLA Y LEÓN;2.2.-Otros contra la libertad;2020;1.525
CASTILLA Y LEÓN;2.2.-Otros contra la libertad;2019;1.677
CASTILLA Y LEÓN;2.2.-Otros contra la libertad;2018;1.649
CASTILLA Y LEÓN;2.2.-Otros contra la libertad;2017;1.459
CASTILLA Y LEÓN;2.2.-Otros contra la libertad;2016;1.332
CASTILLA Y LEÓN;2.2.-Otros contra la libertad;2015;977
CASTILLA Y LEÓN;2.2.-Otros contra la libertad;2014;580
CASTILLA Y LEÓN;2.2.-Otros contra la libertad;2013;594
CASTILLA Y LEÓN;2.2.-Otros contra la libertad;2012;572
CASTILLA Y LEÓN;2.2.-Otros contra la libertad;2011;536
CASTILLA Y LEÓN;2.2.-Otros contra la libertad;2010;446
CASTILLA Y LEÓN;3. LIBERTAD SEXUAL;2023;484
CASTILLA Y LEÓN;3. LIBERTAD SEXUAL;2022;428
CASTILLA Y LEÓN;3. LIBERTAD SEXUAL;2021;393
CASTILLA Y LEÓN;3. LIBERTAD SEXUAL;2020;257
CASTILLA Y LEÓN;3. LIBERTAD SEXUAL;2019;336
CASTILLA Y LEÓN;3. LIBERTAD SEXUAL;2018;340
CASTILLA Y LEÓN;3. LIBERTAD SEXUAL;2017;251
CASTILLA Y LEÓN;3. LIBERTAD SEXUAL;2016;204
CASTILLA Y LEÓN;3. LIBERTAD SEXUAL;2015;218
CASTILLA Y LEÓN;3. LIBERTAD SEXUAL;2014;226
CASTILLA Y LEÓN;3. LIBERTAD SEXUAL;2013;195
CASTILLA Y LEÓN;3. LIBERTAD SEXUAL;2012;244
CASTILLA Y LEÓN;3. LIBERTAD SEXUAL;2011;219
CASTILLA Y LEÓN;3. LIBERTAD SEXUAL;2010;223
CASTILLA Y LEÓN;3.1.-Agresión sexual;2023;283
CASTILLA Y LEÓN;3.1.-Agresión sexual;2022;249
CASTILLA Y LEÓN;3.1.-Agresión sexual;2021;223
CASTILLA Y LEÓN;3.1.-Agresión sexual;2020;148
CASTILLA Y LEÓN;3.1.-Agresión sexual;2019;184
CASTILLA Y LEÓN;3.1.-Agresión sexual;2018;186
CASTILLA Y LEÓN;3.1.-Agresión sexual;2017;153
CASTILLA Y LEÓN;3.1.-Agresión sexual;2016;119
CASTILLA Y LEÓN;3.1.-Agresión sexual;2015;104
CASTILLA Y LEÓN;3.1.-Agresión sexual;2014;101
CASTILLA Y LEÓN;3.1.-Agresión sexual;2013;119
CASTILLA Y LEÓN;3.1.-Agresión sexual;2012;127
CASTILLA Y LEÓN;3.1.-Agresión sexual;2011;105
CASTILLA Y LEÓN;3.1.-Agresión sexual;2010;95
CASTILLA Y LEÓN;3.2.-Agresión sexual con penetración;2023;118
CASTILLA Y LEÓN;3.2.-Agresión sexual con penetración;2022;79
CASTILLA Y LEÓN;3.2.-Agresión sexual con penetración;2021;99
CASTILLA Y LEÓN;3.2.-Agresión sexual con penetración;2020;52
CASTILLA Y LEÓN;3.2.-Agresión sexual con penetración;2019;63
CASTILLA Y LEÓN;3.2.-Agresión sexual con penetración;2018;61
CASTILLA Y LEÓN;3.2.-Agresión sexual con penetración;2017;37
CASTILLA Y LEÓN;3.2.-Agresión sexual con penetración;2016;32
CASTILLA Y LEÓN;3.2.-Agresión sexual con penetración;2015;34
CASTILLA Y LEÓN;3.2.-Agresión sexual con penetración;2014;31
CASTILLA Y LEÓN;3.2.-Agresión sexual con penetración;2013;25
CASTILLA Y LEÓN;3.2.-Agresión sexual con penetración;2012;45
CASTILLA Y LEÓN;3.2.-Agresión sexual con penetración;2011;46
CASTILLA Y LEÓN;3.2.-Agresión sexual con penetración;2010;26
CASTILLA Y LEÓN;3.3.-Corrupción de menores o incapacitados;2023;10
CASTILLA Y LEÓN;3.3.-Corrupción de menores o incapacitados;2022;13
CASTILLA Y LEÓN;3.3.-Corrupción de menores o incapacitados;2021;12
CASTILLA Y LEÓN;3.3.-Corrupción de menores o incapacitados;2020;4
CASTILLA Y LEÓN;3.3.-Corrupción de menores o incapacitados;2019;8
CASTILLA Y LEÓN;3.3.-Corrupción de menores o incapacitados;2018;14
CASTILLA Y LEÓN;3.3.-Corrupción de menores o incapacitados;2017;14
CASTILLA Y LEÓN;3.3.-Corrupción de menores o incapacitados;2016;6
CASTILLA Y LEÓN;3.3.-Corrupción de menores o incapacitados;2015;23
CASTILLA Y LEÓN;3.3.-Corrupción de menores o incapacitados;2014;18
CASTILLA Y LEÓN;3.3.-Corrupción de menores o incapacitados;2013;3
CASTILLA Y LEÓN;3.3.-Corrupción de menores o incapacitados;2012;7
CASTILLA Y LEÓN;3.3.-Corrupción de menores o incapacitados;2011;8
CASTILLA Y LEÓN;3.3.-Corrupción de menores o incapacitados;2010;7
CASTILLA Y LEÓN;3.4.-Pornografía de menores;2023;27
CASTILLA Y LEÓN;3.4.-Pornografía de menores;2022;32
CASTILLA Y LEÓN;3.4.-Pornografía de menores;2021;18
CASTILLA Y LEÓN;3.4.-Pornografía de menores;2020;18
CASTILLA Y LEÓN;3.4.-Pornografía de menores;2019;26
CASTILLA Y LEÓN;3.4.-Pornografía de menores;2018;40
CASTILLA Y LEÓN;3.4.-Pornografía de menores;2017;17
CASTILLA Y LEÓN;3.4.-Pornografía de menores;2016;26
CASTILLA Y LEÓN;3.4.-Pornografía de menores;2015;18
CASTILLA Y LEÓN;3.4.-Pornografía de menores;2014;26
CASTILLA Y LEÓN;3.4.-Pornografía de menores;2013;18
CASTILLA Y LEÓN;3.4.-Pornografía de menores;2012;25
CASTILLA Y LEÓN;3.4.-Pornografía de menores;2011;17
CASTILLA Y LEÓN;3.4.-Pornografía de menores;2010;28
CASTILLA Y LEÓN;3.5.-Otros contra la libertad sexual;2023;46
CASTILLA Y LEÓN;3.5.-Otros contra la libertad sexual;2022;55
CASTILLA Y LEÓN;3.5.-Otros contra la libertad sexual;2021;41
CASTILLA Y LEÓN;3.5.-Otros contra la libertad sexual;2020;35
CASTILLA Y LEÓN;3.5.-Otros contra la libertad sexual;2019;55
CASTILLA Y LEÓN;3.5.-Otros contra la libertad sexual;2018;39
CASTILLA Y LEÓN;3.5.-Otros contra la libertad sexual;2017;30
CASTILLA Y LEÓN;3.5.-Otros contra la libertad sexual;2016;21
CASTILLA Y LEÓN;3.5.-Otros contra la libertad sexual;2015;39
CASTILLA Y LEÓN;3.5.-Otros contra la libertad sexual;2014;50
CASTILLA Y LEÓN;3.5.-Otros contra la libertad sexual;2013;30
CASTILLA Y LEÓN;3.5.-Otros contra la libertad sexual;2012;40
CASTILLA Y LEÓN;3.5.-Otros contra la libertad sexual;2011;43
CASTILLA Y LEÓN;3.5.-Otros contra la libertad sexual;2010;67
CASTILLA Y LEÓN;4. RELACIONES FAMILIARES;2023;42
CASTILLA Y LEÓN;4. RELACIONES FAMILIARES;2022;39
CASTILLA Y LEÓN;4. RELACIONES FAMILIARES;2021;57
CASTILLA Y LEÓN;4. RELACIONES FAMILIARES;2020;35
CASTILLA Y LEÓN;4. RELACIONES FAMILIARES;2019;52
CASTILLA Y LEÓN;4. RELACIONES FAMILIARES;2018;59
CASTILLA Y LEÓN;4. RELACIONES FAMILIARES;2017;72
CASTILLA Y LEÓN;4. RELACIONES FAMILIARES;2016;47
CASTILLA Y LEÓN;4. RELACIONES FAMILIARES;2015;81
CASTILLA Y LEÓN;4. RELACIONES FAMILIARES;2014;93
CASTILLA Y LEÓN;4. RELACIONES FAMILIARES;2013;96
CASTILLA Y LEÓN;4. RELACIONES FAMILIARES;2012;79
CASTILLA Y LEÓN;4. RELACIONES FAMILIARES;2011;69
CASTILLA Y LEÓN;4. RELACIONES FAMILIARES;2010;24
CASTILLA Y LEÓN;5. PATRIMONIO;2023;5.443
CASTILLA Y LEÓN;5. PATRIMONIO;2022;5.008
CASTILLA Y LEÓN;5. PATRIMONIO;2021;4.336
CASTILLA Y LEÓN;5. PATRIMONIO;2020;3.891
CASTILLA Y LEÓN;5. PATRIMONIO;2019;5.113
CASTILLA Y LEÓN;5. PATRIMONIO;2018;5.102
CASTILLA Y LEÓN;5. PATRIMONIO;2017;4.950
CASTILLA Y LEÓN;5. PATRIMONIO;2016;5.209
CASTILLA Y LEÓN;5. PATRIMONIO;2015;6.079
CASTILLA Y LEÓN;5. PATRIMONIO;2014;7.606
CASTILLA Y LEÓN;5. PATRIMONIO;2013;7.788
CASTILLA Y LEÓN;5. PATRIMONIO;2012;7.216
CASTILLA Y LEÓN;5. PATRIMONIO;2011;6.806
CASTILLA Y LEÓN;5. PATRIMONIO;2010;4.681
CASTILLA Y LEÓN;5.1.-Hurtos;2023;1.865
CASTILLA Y LEÓN;5.1.-Hurtos;2022;1.610
CASTILLA Y LEÓN;5.1.-Hurtos;2021;1.367
CASTILLA Y LEÓN;5.1.-Hurtos;2020;1.090
CASTILLA Y LEÓN;5.1.-Hurtos;2019;1.748
CASTILLA Y LEÓN;5.1.-Hurtos;2018;1.721
CASTILLA Y LEÓN;5.1.-Hurtos;2017;1.794
CASTILLA Y LEÓN;5.1.-Hurtos;2016;1.979
CASTILLA Y LEÓN;5.1.-Hurtos;2015;2.422
CASTILLA Y LEÓN;5.1.-Hurtos;2014;3.037
CASTILLA Y LEÓN;5.1.-Hurtos;2013;2.974
CASTILLA Y LEÓN;5.1.-Hurtos;2012;2.694
CASTILLA Y LEÓN;5.1.-Hurtos;2011;2.451
CASTILLA Y LEÓN;5.1.-Hurtos;2010;1.006
CASTILLA Y LEÓN;5.2.-Robos con fuerza en las cosas;2023;1.051
CASTILLA Y LEÓN;5.2.-Robos con fuerza en las cosas;2022;1.116
CASTILLA Y LEÓN;5.2.-Robos con fuerza en las cosas;2021;955
CASTILLA Y LEÓN;5.2.-Robos con fuerza en las cosas;2020;869
CASTILLA Y LEÓN;5.2.-Robos con fuerza en las cosas;2019;1.189
CASTILLA Y LEÓN;5.2.-Robos con fuerza en las cosas;2018;1.126
CASTILLA Y LEÓN;5.2.-Robos con fuerza en las cosas;2017;1.222
CASTILLA Y LEÓN;5.2.-Robos con fuerza en las cosas;2016;1.122
CASTILLA Y LEÓN;5.2.-Robos con fuerza en las cosas;2015;1.441
CASTILLA Y LEÓN;5.2.-Robos con fuerza en las cosas;2014;1.943
CASTILLA Y LEÓN;5.2.-Robos con fuerza en las cosas;2013;2.258
CASTILLA Y LEÓN;5.2.-Robos con fuerza en las cosas;2012;2.285
CASTILLA Y LEÓN;5.2.-Robos con fuerza en las cosas;2011;2.239
CASTILLA Y LEÓN;5.2.-Robos con fuerza en las cosas;2010;1.993
CASTILLA Y LEÓN;5.2.1.-Robos con fuerza en las cosas en el interior de vehículos;2023;165
CASTILLA Y LEÓN;5.2.1.-Robos con fuerza en las cosas en el interior de vehículos;2022;135
CASTILLA Y LEÓN;5.2.1.-Robos con fuerza en las cosas en el interior de vehículos;2021;151
CASTILLA Y LEÓN;5.2.1.-Robos con fuerza en las cosas en el interior de vehículos;2020;133
CASTILLA Y LEÓN;5.2.1.-Robos con fuerza en las cosas en el interior de vehículos;2019;124
CASTILLA Y LEÓN;5.2.1.-Robos con fuerza en las cosas en el interior de vehículos;2018;142
CASTILLA Y LEÓN;5.2.1.-Robos con fuerza en las cosas en el interior de vehículos;2017;176
CASTILLA Y LEÓN;5.2.1.-Robos con fuerza en las cosas en el interior de vehículos;2016;182
CASTILLA Y LEÓN;5.2.1.-Robos con fuerza en las cosas en el interior de vehículos;2015;188
CASTILLA Y LEÓN;5.2.1.-Robos con fuerza en las cosas en el interior de vehículos;2014;215
CASTILLA Y LEÓN;5.2.1.-Robos con fuerza en las cosas en el interior de vehículos;2013;254
CASTILLA Y LEÓN;5.2.1.-Robos con fuerza en las cosas en el interior de vehículos;2012;257
CASTILLA Y LEÓN;5.2.1.-Robos con fuerza en las cosas en el interior de vehículos;2011;369
CASTILLA Y LEÓN;5.2.1.-Robos con fuerza en las cosas en el interior de vehículos;2010;254
CASTILLA Y LEÓN;5.2.2.-Robos con fuerza en viviendas;2023;293
CASTILLA Y LEÓN;5.2.2.-Robos con fuerza en viviendas;2022;284
CASTILLA Y LEÓN;5.2.2.-Robos con fuerza en viviendas;2021;262
CASTILLA Y LEÓN;5.2.2.-Robos con fuerza en viviendas;2020;250
CASTILLA Y LEÓN;5.2.2.-Robos con fuerza en viviendas;2019;397
CASTILLA Y LEÓN;5.2.2.-Robos con fuerza en viviendas;2018;371
CASTILLA Y LEÓN;5.2.2.-Robos con fuerza en viviendas;2017;350
CASTILLA Y LEÓN;5.2.2.-Robos con fuerza en viviendas;2016;330
CASTILLA Y LEÓN;5.2.2.-Robos con fuerza en viviendas;2015;389
CASTILLA Y LEÓN;5.2.2.-Robos con fuerza en viviendas;2014;522
CASTILLA Y LEÓN;5.2.2.-Robos con fuerza en viviendas;2013;558
CASTILLA Y LEÓN;5.2.2.-Robos con fuerza en viviendas;2012;496
CASTILLA Y LEÓN;5.2.2.-Robos con fuerza en viviendas;2011;371
CASTILLA Y LEÓN;5.2.2.-Robos con fuerza en viviendas;2010;388
CASTILLA Y LEÓN;5.2.3.-Robos con fuerza en establecimientos;2023;270
CASTILLA Y LEÓN;5.2.3.-Robos con fuerza en establecimientos;2022;335
CASTILLA Y LEÓN;5.2.3.-Robos con fuerza en establecimientos;2021;275
CASTILLA Y LEÓN;5.2.3.-Robos con fuerza en establecimientos;2020;213
CASTILLA Y LEÓN;5.2.3.-Robos con fuerza en establecimientos;2019;324
CASTILLA Y LEÓN;5.2.3.-Robos con fuerza en establecimientos;2018;292
CASTILLA Y LEÓN;5.2.3.-Robos con fuerza en establecimientos;2017;352
CASTILLA Y LEÓN;5.2.3.-Robos con fuerza en establecimientos;2016;335
CASTILLA Y LEÓN;5.2.3.-Robos con fuerza en establecimientos;2015;424
CASTILLA Y LEÓN;5.2.3.-Robos con fuerza en establecimientos;2014;514
CASTILLA Y LEÓN;5.2.3.-Robos con fuerza en establecimientos;2013;567
CASTILLA Y LEÓN;5.2.3.-Robos con fuerza en establecimientos;2012;589
CASTILLA Y LEÓN;5.2.3.-Robos con fuerza en establecimientos;2011;557
CASTILLA Y LEÓN;5.2.3.-Robos con fuerza en establecimientos;2010;475
CASTILLA Y LEÓN;5.3.-Robos con violencia o intimidación;2023;480
CASTILLA Y LEÓN;5.3.-Robos con violencia o intimidación;2022;407
CASTILLA Y LEÓN;5.3.-Robos con violencia o intimidación;2021;376
CASTILLA Y LEÓN;5.3.-Robos con violencia o intimidación;2020;300
CASTILLA Y LEÓN;5.3.-Robos con violencia o intimidación;2019;411
CASTILLA Y LEÓN;5.3.-Robos con violencia o intimidación;2018;420
CASTILLA Y LEÓN;5.3.-Robos con violencia o intimidación;2017;320
CASTILLA Y LEÓN;5.3.-Robos con violencia o intimidación;2016;428
CASTILLA Y LEÓN;5.3.-Robos con violencia o intimidación;2015;405
CASTILLA Y LEÓN;5.3.-Robos con violencia o intimidación;2014;534
CASTILLA Y LEÓN;5.3.-Robos con violencia o intimidación;2013;543
CASTILLA Y LEÓN;5.3.-Robos con violencia o intimidación;2012;566
CASTILLA Y LEÓN;5.3.-Robos con violencia o intimidación;2011;613
CASTILLA Y LEÓN;5.3.-Robos con violencia o intimidación;2010;596
CASTILLA Y LEÓN;5.3.1.-Robos con violencia en vía pública;2023;226
CASTILLA Y LEÓN;5.3.1.-Robos con violencia en vía pública;2022;191
CASTILLA Y LEÓN;5.3.1.-Robos con violencia en vía pública;2021;192
CASTILLA Y LEÓN;5.3.1.-Robos con violencia en vía pública;2020;155
CASTILLA Y LEÓN;5.3.1.-Robos con violencia en vía pública;2019;211
CASTILLA Y LEÓN;5.3.1.-Robos con violencia en vía pública;2018;197
CASTILLA Y LEÓN;5.3.1.-Robos con violencia en vía pública;2017;164
CASTILLA Y LEÓN;5.3.1.-Robos con violencia en vía pública;2016;229
CASTILLA Y LEÓN;5.3.1.-Robos con violencia en vía pública;2015;231
CASTILLA Y LEÓN;5.3.1.-Robos con violencia en vía pública;2014;282
CASTILLA Y LEÓN;5.3.1.-Robos con violencia en vía pública;2013;315
CASTILLA Y LEÓN;5.3.1.-Robos con violencia en vía pública;2012;334
CASTILLA Y LEÓN;5.3.1.-Robos con violencia en vía pública;2011;356
CASTILLA Y LEÓN;5.3.1.-Robos con violencia en vía pública;2010;361
CASTILLA Y LEÓN;5.3.2.-Robos con violencia en viviendas;2023;56
CASTILLA Y LEÓN;5.3.2.-Robos con violencia en viviendas;2022;38
CASTILLA Y LEÓN;5.3.2.-Robos con violencia en viviendas;2021;49
CASTILLA Y LEÓN;5.3.2.-Robos con violencia en viviendas;2020;40
CASTILLA Y LEÓN;5.3.2.-Robos con violencia en viviendas;2019;47
CASTILLA Y LEÓN;5.3.2.-Robos con violencia en viviendas;2018;56
CASTILLA Y LEÓN;5.3.2.-Robos con violencia en viviendas;2017;34
CASTILLA Y LEÓN;5.3.2.-Robos con violencia en viviendas;2016;47
CASTILLA Y LEÓN;5.3.2.-Robos con violencia en viviendas;2015;51
CASTILLA Y LEÓN;5.3.2.-Robos con violencia en viviendas;2014;61
CASTILLA Y LEÓN;5.3.2.-Robos con violencia en viviendas;2013;68
CASTILLA Y LEÓN;5.3.2.-Robos con violencia en viviendas;2012;71
CASTILLA Y LEÓN;5.3.2.-Robos con violencia en viviendas;2011;49
CASTILLA Y LEÓN;5.3.2.-Robos con violencia en viviendas;2010;51
CASTILLA Y LEÓN;5.3.3.-Robos con violencia en establecimientos;2023;147
CASTILLA Y LEÓN;5.3.3.-Robos con violencia en establecimientos;2022;131
CASTILLA Y LEÓN;5.3.3.-Robos con violencia en establecimientos;2021;92
CASTILLA Y LEÓN;5.3.3.-Robos con violencia en establecimientos;2020;76
CASTILLA Y LEÓN;5.3.3.-Robos con violencia en establecimientos;2019;108
CASTILLA Y LEÓN;5.3.3.-Robos con violencia en establecimientos;2018;116
CASTILLA Y LEÓN;5.3.3.-Robos con violencia en establecimientos;2017;83
CASTILLA Y LEÓN;5.3.3.-Robos con violencia en establecimientos;2016;102
CASTILLA Y LEÓN;5.3.3.-Robos con violencia en establecimientos;2015;78
CASTILLA Y LEÓN;5.3.3.-Robos con violencia en establecimientos;2014;126
CASTILLA Y LEÓN;5.3.3.-Robos con violencia en establecimientos;2013;108
CASTILLA Y LEÓN;5.3.3.-Robos con violencia en establecimientos;2012;94
CASTILLA Y LEÓN;5.3.3.-Robos con violencia en establecimientos;2011;130
CASTILLA Y LEÓN;5.3.3.-Robos con violencia en establecimientos;2010;134
CASTILLA Y LEÓN;5.4.-Sustracción de vehículos;2023;88
CASTILLA Y LEÓN;5.4.-Sustracción de vehículos;2022;110
CASTILLA Y LEÓN;5.4.-Sustracción de vehículos;2021;65
CASTILLA Y LEÓN;5.4.-Sustracción de vehículos;2020;74
CASTILLA Y LEÓN;5.4.-Sustracción de vehículos;2019;79
CASTILLA Y LEÓN;5.4.-Sustracción de vehículos;2018;79
CASTILLA Y LEÓN;5.4.-Sustracción de vehículos;2017;138
CASTILLA Y LEÓN;5.4.-Sustracción de vehículos;2016;153
CASTILLA Y LEÓN;5.4.-Sustracción de vehículos;2015;167
CASTILLA Y LEÓN;5.4.-Sustracción de vehículos;2014;153
CASTILLA Y LEÓN;5.4.-Sustracción de vehículos;2013;224
CASTILLA Y LEÓN;5.4.-Sustracción de vehículos;2012;216
CASTILLA Y LEÓN;5.4.-Sustracción de vehículos;2011;208
CASTILLA Y LEÓN;5.4.-Sustracción de vehículos;2010;225
CASTILLA Y LEÓN;5.5.-Estafas;2023;944
CASTILLA Y LEÓN;5.5.-Estafas;2022;743
CASTILLA Y LEÓN;5.5.-Estafas;2021;594
CASTILLA Y LEÓN;5.5.-Estafas;2020;588
CASTILLA Y LEÓN;5.5.-Estafas;2019;661
CASTILLA Y LEÓN;5.5.-Estafas;2018;621
CASTILLA Y LEÓN;5.5.-Estafas;2017;501
CASTILLA Y LEÓN;5.5.-Estafas;2016;643
CASTILLA Y LEÓN;5.5.-Estafas;2015;660
CASTILLA Y LEÓN;5.5.-Estafas;2014;709
CASTILLA Y LEÓN;5.5.-Estafas;2013;651
CASTILLA Y LEÓN;5.5.-Estafas;2012;533
CASTILLA Y LEÓN;5.5.-Estafas;2011;459
CASTILLA Y LEÓN;5.5.-Estafas;2010;342
CASTILLA Y LEÓN;5.5.1.-Estafas informáticas;2023;654
CASTILLA Y LEÓN;5.5.1.-Estafas informáticas;2022;381
CASTILLA Y LEÓN;5.5.1.-Estafas informáticas;2021;330
CASTILLA Y LEÓN;5.5.1.-Estafas informáticas;2020;287
CASTILLA Y LEÓN;5.5.1.-Estafas informáticas;2019;192
CASTILLA Y LEÓN;5.5.1.-Estafas informáticas;2018;119
CASTILLA Y LEÓN;5.5.1.-Estafas informáticas;2017;97
CASTILLA Y LEÓN;5.5.1.-Estafas informáticas;2016;151
CASTILLA Y LEÓN;5.5.1.-Estafas informáticas;2015;165
CASTILLA Y LEÓN;5.5.1.-Estafas informáticas;2014;177
CASTILLA Y LEÓN;5.5.1.-Estafas informáticas;2013;133
CASTILLA Y LEÓN;5.5.1.-Estafas informáticas;2012;134
CASTILLA Y LEÓN;5.5.1.-Estafas informáticas;2011;85
CASTILLA Y LEÓN;5.5.1.-Estafas informáticas;2010;64
CASTILLA Y LEÓN;5.6.-Daños;2023;511
CASTILLA Y LEÓN;5.6.-Daños;2022;587
CASTILLA Y LEÓN;5.6.-Daños;2021;567
CASTILLA Y LEÓN;5.6.-Daños;2020;571
CASTILLA Y LEÓN;5.6.-Daños;2019;548
CASTILLA Y LEÓN;5.6.-Daños;2018;569
CASTILLA Y LEÓN;5.6.-Daños;2017;501
CASTILLA Y LEÓN;5.6.-Daños;2016;490
CASTILLA Y LEÓN;5.6.-Daños;2015;466
CASTILLA Y LEÓN;5.6.-Daños;2014;621
CASTILLA Y LEÓN;5.6.-Daños;2013;620
CASTILLA Y LEÓN;5.6.-Daños;2012;539
CASTILLA Y LEÓN;5.6.-Daños;2011;491
CASTILLA Y LEÓN;5.6.-Daños;2010;282
CASTILLA Y LEÓN;5.7.-Contra la propiedad intelectual/industrial;2023;87
CASTILLA Y LEÓN;5.7.-Contra la propiedad intelectual/industrial;2022;39
CASTILLA Y LEÓN;5.7.-Contra la propiedad intelectual/industrial;2021;41
CASTILLA Y LEÓN;5.7.-Contra la propiedad intelectual/industrial;2020;30
CASTILLA Y LEÓN;5.7.-Contra la propiedad intelectual/industrial;2019;44
CASTILLA Y LEÓN;5.7.-Contra la propiedad intelectual/industrial;2018;83
CASTILLA Y LEÓN;5.7.-Contra la propiedad intelectual/industrial;2017;80
CASTILLA Y LEÓN;5.7.-Contra la propiedad intelectual/industrial;2016;65
CASTILLA Y LEÓN;5.7.-Contra la propiedad intelectual/industrial;2015;50
CASTILLA Y LEÓN;5.7.-Contra la propiedad intelectual/industrial;2014;92
CASTILLA Y LEÓN;5.7.-Contra la propiedad intelectual/industrial;2013;73
CASTILLA Y LEÓN;5.7.-Contra la propiedad intelectual/industrial;2012;73
CASTILLA Y LEÓN;5.7.-Contra la propiedad intelectual/industrial;2011;76
CASTILLA Y LEÓN;5.7.-Contra la propiedad intelectual/industrial;2010;86
CASTILLA Y LEÓN;5.8.-Blanqueo de capitales;2023;7
CASTILLA Y LEÓN;5.8.-Blanqueo de capitales;2022;9
CASTILLA Y LEÓN;5.8.-Blanqueo de capitales;2021;9
CASTILLA Y LEÓN;5.8.-Blanqueo de capitales;2020;3
CASTILLA Y LEÓN;5.8.-Blanqueo de capitales;2019;0
CASTILLA Y LEÓN;5.8.-Blanqueo de capitales;2018;13
CASTILLA Y LEÓN;5.8.-Blanqueo de capitales;2017;5
CASTILLA Y LEÓN;5.8.-Blanqueo de capitales;2016;3
CASTILLA Y LEÓN;5.8.-Blanqueo de capitales;2015;12
CASTILLA Y LEÓN;5.8.-Blanqueo de capitales;2014;3
CASTILLA Y LEÓN;5.8.-Blanqueo de capitales;2013;9
CASTILLA Y LEÓN;5.8.-Blanqueo de capitales;2012;2
CASTILLA Y LEÓN;5.8.-Blanqueo de capitales;2011;16
CASTILLA Y LEÓN;5.8.-Blanqueo de capitales;2010;11
CASTILLA Y LEÓN;5.9.-Otros contra el patrimonio;2023;410
CASTILLA Y LEÓN;5.9.-Otros contra el patrimonio;2022;387
CASTILLA Y LEÓN;5.9.-Otros contra el patrimonio;2021;362
CASTILLA Y LEÓN;5.9.-Otros contra el patrimonio;2020;366
CASTILLA Y LEÓN;5.9.-Otros contra el patrimonio;2019;433
CASTILLA Y LEÓN;5.9.-Otros contra el patrimonio;2018;470
CASTILLA Y LEÓN;5.9.-Otros contra el patrimonio;2017;389
CASTILLA Y LEÓN;5.9.-Otros contra el patrimonio;2016;326
CASTILLA Y LEÓN;5.9.-Otros contra el patrimonio;2015;456
CASTILLA Y LEÓN;5.9.-Otros contra el patrimonio;2014;514
CASTILLA Y LEÓN;5.9.-Otros contra el patrimonio;2013;436
CASTILLA Y LEÓN;5.9.-Otros contra el patrimonio;2012;308
CASTILLA Y LEÓN;5.9.-Otros contra el patrimonio;2011;253
CASTILLA Y LEÓN;5.9.-Otros contra el patrimonio;2010;140
CASTILLA Y LEÓN;6. SEGURIDAD COLECTIVA;2023;2.955
CASTILLA Y LEÓN;6. SEGURIDAD COLECTIVA;2022;3.007
CASTILLA Y LEÓN;6. SEGURIDAD COLECTIVA;2021;2.931
CASTILLA Y LEÓN;6. SEGURIDAD COLECTIVA;2020;2.478
CASTILLA Y LEÓN;6. SEGURIDAD COLECTIVA;2019;2.947
CASTILLA Y LEÓN;6. SEGURIDAD COLECTIVA;2018;2.829
CASTILLA Y LEÓN;6. SEGURIDAD COLECTIVA;2017;2.413
CASTILLA Y LEÓN;6. SEGURIDAD COLECTIVA;2016;2.426
CASTILLA Y LEÓN;6. SEGURIDAD COLECTIVA;2015;2.671
CASTILLA Y LEÓN;6. SEGURIDAD COLECTIVA;2014;3.129
CASTILLA Y LEÓN;6. SEGURIDAD COLECTIVA;2013;3.456
CASTILLA Y LEÓN;6. SEGURIDAD COLECTIVA;2012;3.908
CASTILLA Y LEÓN;6. SEGURIDAD COLECTIVA;2011;4.352
CASTILLA Y LEÓN;6. SEGURIDAD COLECTIVA;2010;3.747
CASTILLA Y LEÓN;6.1.-Tráfico de drogas;2023;699
CASTILLA Y LEÓN;6.1.-Tráfico de drogas;2022;702
CASTILLA Y LEÓN;6.1.-Tráfico de drogas;2021;796
CASTILLA Y LEÓN;6.1.-Tráfico de drogas;2020;778
CASTILLA Y LEÓN;6.1.-Tráfico de drogas;2019;713
CASTILLA Y LEÓN;6.1.-Tráfico de drogas;2018;736
CASTILLA Y LEÓN;6.1.-Tráfico de drogas;2017;526
CASTILLA Y LEÓN;6.1.-Tráfico de drogas;2016;568
CASTILLA Y LEÓN;6.1.-Tráfico de drogas;2015;539
CASTILLA Y LEÓN;6.1.-Tráfico de drogas;2014;689
CASTILLA Y LEÓN;6.1.-Tráfico de drogas;2013;709
CASTILLA Y LEÓN;6.1.-Tráfico de drogas;2012;640
CASTILLA Y LEÓN;6.1.-Tráfico de drogas;2011;708
CASTILLA Y LEÓN;6.1.-Tráfico de drogas;2010;599
CASTILLA Y LEÓN;6.2.-Contra la seguridad vial;2023;2.180
CASTILLA Y LEÓN;6.2.-Contra la seguridad vial;2022;2.221
CASTILLA Y LEÓN;6.2.-Contra la seguridad vial;2021;2.063
CASTILLA Y LEÓN;6.2.-Contra la seguridad vial;2020;1.645
CASTILLA Y LEÓN;6.2.-Contra la seguridad vial;2019;2.145
CASTILLA Y LEÓN;6.2.-Contra la seguridad vial;2018;2.004
CASTILLA Y LEÓN;6.2.-Contra la seguridad vial;2017;1.797
CASTILLA Y LEÓN;6.2.-Contra la seguridad vial;2016;1.772
CASTILLA Y LEÓN;6.2.-Contra la seguridad vial;2015;2.050
CASTILLA Y LEÓN;6.2.-Contra la seguridad vial;2014;2.383
CASTILLA Y LEÓN;6.2.-Contra la seguridad vial;2013;2.694
CASTILLA Y LEÓN;6.2.-Contra la seguridad vial;2012;3.177
CASTILLA Y LEÓN;6.2.-Contra la seguridad vial;2011;3.547
CASTILLA Y LEÓN;6.2.-Contra la seguridad vial;2010;3.042
CASTILLA Y LEÓN;6.3.-Otros contra la seguridad colectiva;2023;76
CASTILLA Y LEÓN;6.3.-Otros contra la seguridad colectiva;2022;84
CASTILLA Y LEÓN;6.3.-Otros contra la seguridad colectiva;2021;72
CASTILLA Y LEÓN;6.3.-Otros contra la seguridad colectiva;2020;55
CASTILLA Y LEÓN;6.3.-Otros contra la seguridad colectiva;2019;89
CASTILLA Y LEÓN;6.3.-Otros contra la seguridad colectiva;2018;89
CASTILLA Y LEÓN;6.3.-Otros contra la seguridad colectiva;2017;90
CASTILLA Y LEÓN;6.3.-Otros contra la seguridad colectiva;2016;86
CASTILLA Y LEÓN;6.3.-Otros contra la seguridad colectiva;2015;82
CASTILLA Y LEÓN;6.3.-Otros contra la seguridad colectiva;2014;57
CASTILLA Y LEÓN;6.3.-Otros contra la seguridad colectiva;2013;53
CASTILLA Y LEÓN;6.3.-Otros contra la seguridad colectiva;2012;91
CASTILLA Y LEÓN;6.3.-Otros contra la seguridad colectiva;2011;97
CASTILLA Y LEÓN;6.3.-Otros contra la seguridad colectiva;2010;106
CASTILLA Y LEÓN;7. FALSEDADES;2023;365
CASTILLA Y LEÓN;7. FALSEDADES;2022;407
CASTILLA Y LEÓN;7. FALSEDADES;2021;425
CASTILLA Y LEÓN;7. FALSEDADES;2020;288
CASTILLA Y LEÓN;7. FALSEDADES;2019;266
CASTILLA Y LEÓN;7. FALSEDADES;2018;299
CASTILLA Y LEÓN;7. FALSEDADES;2017;258
CASTILLA Y LEÓN;7. FALSEDADES;2016;217
CASTILLA Y LEÓN;7. FALSEDADES;2015;255
CASTILLA Y LEÓN;7. FALSEDADES;2014;312
CASTILLA Y LEÓN;7. FALSEDADES;2013;410
CASTILLA Y LEÓN;7. FALSEDADES;2012;348
CASTILLA Y LEÓN;7. FALSEDADES;2011;317
CASTILLA Y LEÓN;7. FALSEDADES;2010;275
CASTILLA Y LEÓN;8. ADMÓN. PÚBLICA;2023;26
CASTILLA Y LEÓN;8. ADMÓN. PÚBLICA;2022;12
CASTILLA Y LEÓN;8. ADMÓN. PÚBLICA;2021;17
CASTILLA Y LEÓN;8. ADMÓN. PÚBLICA;2020;12
CASTILLA Y LEÓN;8. ADMÓN. PÚBLICA;2019;15
CASTILLA Y LEÓN;8. ADMÓN. PÚBLICA;2018;29
CASTILLA Y LEÓN;8. ADMÓN. PÚBLICA;2017;6
CASTILLA Y LEÓN;8. ADMÓN. PÚBLICA;2016;5
CASTILLA Y LEÓN;8. ADMÓN. PÚBLICA;2015;9
CASTILLA Y LEÓN;8. ADMÓN. PÚBLICA;2014;1
CASTILLA Y LEÓN;8. ADMÓN. PÚBLICA;2013;7
CASTILLA Y LEÓN;8. ADMÓN. PÚBLICA;2012;7
CASTILLA Y LEÓN;8. ADMÓN. PÚBLICA;2011;4
CASTILLA Y LEÓN;8. ADMÓN. PÚBLICA;2010;4
CASTILLA Y LEÓN;9. ADMÓN. JUSTICIA;2023;1.172
CASTILLA Y LEÓN;9. ADMÓN. JUSTICIA;2022;1.126
CASTILLA Y LEÓN;9. ADMÓN. JUSTICIA;2021;926
CASTILLA Y LEÓN;9. ADMÓN. JUSTICIA;2020;855
CASTILLA Y LEÓN;9. ADMÓN. JUSTICIA;2019;948
CASTILLA Y LEÓN;9. ADMÓN. JUSTICIA;2018;886
CASTILLA Y LEÓN;9. ADMÓN. JUSTICIA;2017;799
CASTILLA Y LEÓN;9. ADMÓN. JUSTICIA;2016;846
CASTILLA Y LEÓN;9. ADMÓN. JUSTICIA;2015;799
CASTILLA Y LEÓN;9. ADMÓN. JUSTICIA;2014;836
CASTILLA Y LEÓN;9. ADMÓN. JUSTICIA;2013;794
CASTILLA Y LEÓN;9. ADMÓN. JUSTICIA;2012;825
CASTILLA Y LEÓN;9. ADMÓN. JUSTICIA;2011;922
CASTILLA Y LEÓN;9. ADMÓN. JUSTICIA;2010;845
CASTILLA Y LEÓN;10. ORDEN PÚBLICO;2023;961
CASTILLA Y LEÓN;10. ORDEN PÚBLICO;2022;936
CASTILLA Y LEÓN;10. ORDEN PÚBLICO;2021;865
CASTILLA Y LEÓN;10. ORDEN PÚBLICO;2020;1.041
CASTILLA Y LEÓN;10. ORDEN PÚBLICO;2019;708
CASTILLA Y LEÓN;10. ORDEN PÚBLICO;2018;619
CASTILLA Y LEÓN;10. ORDEN PÚBLICO;2017;701
CASTILLA Y LEÓN;10. ORDEN PÚBLICO;2016;599
CASTILLA Y LEÓN;10. ORDEN PÚBLICO;2015;757
CASTILLA Y LEÓN;10. ORDEN PÚBLICO;2014;973
CASTILLA Y LEÓN;10. ORDEN PÚBLICO;2013;980
CASTILLA Y LEÓN;10. ORDEN PÚBLICO;2012;1.138
CASTILLA Y LEÓN;10. ORDEN PÚBLICO;2011;1.112
CASTILLA Y LEÓN;10. ORDEN PÚBLICO;2010;982
CASTILLA Y LEÓN;11. LEGISLACIÓN ESPECIAL;2023;19
CASTILLA Y LEÓN;11. LEGISLACIÓN ESPECIAL;2022;3
CASTILLA Y LEÓN;11. LEGISLACIÓN ESPECIAL;2021;3
CASTILLA Y LEÓN;11. LEGISLACIÓN ESPECIAL;2020;4
CASTILLA Y LEÓN;11. LEGISLACIÓN ESPECIAL;2019;18
CASTILLA Y LEÓN;11. LEGISLACIÓN ESPECIAL;2018;1
CASTILLA Y LEÓN;11. LEGISLACIÓN ESPECIAL;2017;9
CASTILLA Y LEÓN;11. LEGISLACIÓN ESPECIAL;2016;0
CASTILLA Y LEÓN;11. LEGISLACIÓN ESPECIAL;2015;1
CASTILLA Y LEÓN;11. LEGISLACIÓN ESPECIAL;2014;1
CASTILLA Y LEÓN;11. LEGISLACIÓN ESPECIAL;2013;0
CASTILLA Y LEÓN;11. LEGISLACIÓN ESPECIAL;2012;3
CASTILLA Y LEÓN;11. LEGISLACIÓN ESPECIAL;2011;8
CASTILLA Y LEÓN;11. LEGISLACIÓN ESPECIAL;2010;1
CASTILLA Y LEÓN;12. OTRAS INFRACCIONES PENALES;2023;476
CASTILLA Y LEÓN;12. OTRAS INFRACCIONES PENALES;2022;304
CASTILLA Y LEÓN;12. OTRAS INFRACCIONES PENALES;2021;315
CASTILLA Y LEÓN;12. OTRAS INFRACCIONES PENALES;2020;322
CASTILLA Y LEÓN;12. OTRAS INFRACCIONES PENALES;2019;360
CASTILLA Y LEÓN;12. OTRAS INFRACCIONES PENALES;2018;295
CASTILLA Y LEÓN;12. OTRAS INFRACCIONES PENALES;2017;282
CASTILLA Y LEÓN;12. OTRAS INFRACCIONES PENALES;2016;154
CASTILLA Y LEÓN;12. OTRAS INFRACCIONES PENALES;2015;196
CASTILLA Y LEÓN;12. OTRAS INFRACCIONES PENALES;2014;205
CASTILLA Y LEÓN;12. OTRAS INFRACCIONES PENALES;2013;145
CASTILLA Y LEÓN;12. OTRAS INFRACCIONES PENALES;2012;110
CASTILLA Y LEÓN;12. OTRAS INFRACCIONES PENALES;2011;114
CASTILLA Y LEÓN;12. OTRAS INFRACCIONES PENALES;2010;126
CASTILLA Y LEÓN;TOTAL INFRACCIONES PENALES;2023;19.621
CASTILLA Y LEÓN;TOTAL INFRACCIONES PENALES;2022;18.386
CASTILLA Y LEÓN;TOTAL INFRACCIONES PENALES;2021;16.578
CASTILLA Y LEÓN;TOTAL INFRACCIONES PENALES;2020;14.797
CASTILLA Y LEÓN;TOTAL INFRACCIONES PENALES;2019;16.860
CASTILLA Y LEÓN;TOTAL INFRACCIONES PENALES;2018;16.602
CASTILLA Y LEÓN;TOTAL INFRACCIONES PENALES;2017;15.273
CASTILLA Y LEÓN;TOTAL INFRACCIONES PENALES;2016;14.983
CASTILLA Y LEÓN;TOTAL INFRACCIONES PENALES;2015;16.737
CASTILLA Y LEÓN;TOTAL INFRACCIONES PENALES;2014;19.414
CASTILLA Y LEÓN;TOTAL INFRACCIONES PENALES;2013;19.252
CASTILLA Y LEÓN;TOTAL INFRACCIONES PENALES;2012;19.383
CASTILLA Y LEÓN;TOTAL INFRACCIONES PENALES;2011;19.350
CASTILLA Y LEÓN;TOTAL INFRACCIONES PENALES;2010;14.368
CASTILLA - LA MANCHA;1. CONTRA LAS PERSONAS;2023;5.416
CASTILLA - LA MANCHA;1. CONTRA LAS PERSONAS;2022;5.183
CASTILLA - LA MANCHA;1. CONTRA LAS PERSONAS;2021;4.831
CASTILLA - LA MANCHA;1. CONTRA LAS PERSONAS;2020;4.283
CASTILLA - LA MANCHA;1. CONTRA LAS PERSONAS;2019;4.972
CASTILLA - LA MANCHA;1. CONTRA LAS PERSONAS;2018;4.682
CASTILLA - LA MANCHA;1. CONTRA LAS PERSONAS;2017;4.409
CASTILLA - LA MANCHA;1. CONTRA LAS PERSONAS;2016;3.891
CASTILLA - LA MANCHA;1. CONTRA LAS PERSONAS;2015;3.985
CASTILLA - LA MANCHA;1. CONTRA LAS PERSONAS;2014;4.109
CASTILLA - LA MANCHA;1. CONTRA LAS PERSONAS;2013;3.780
CASTILLA - LA MANCHA;1. CONTRA LAS PERSONAS;2012;4.463
CASTILLA - LA MANCHA;1. CONTRA LAS PERSONAS;2011;4.467
CASTILLA - LA MANCHA;1. CONTRA LAS PERSONAS;2010;3.064
CASTILLA - LA MANCHA;1.1.-Homicidios dolosos/asesinatos;2023;65
CASTILLA - LA MANCHA;1.1.-Homicidios dolosos/asesinatos;2022;76
CASTILLA - LA MANCHA;1.1.-Homicidios dolosos/asesinatos;2021;87
CASTILLA - LA MANCHA;1.1.-Homicidios dolosos/asesinatos;2020;45
CASTILLA - LA MANCHA;1.1.-Homicidios dolosos/asesinatos;2019;41
CASTILLA - LA MANCHA;1.1.-Homicidios dolosos/asesinatos;2018;40
CASTILLA - LA MANCHA;1.1.-Homicidios dolosos/asesinatos;2017;52
CASTILLA - LA MANCHA;1.1.-Homicidios dolosos/asesinatos;2016;41
CASTILLA - LA MANCHA;1.1.-Homicidios dolosos/asesinatos;2015;36
CASTILLA - LA MANCHA;1.1.-Homicidios dolosos/asesinatos;2014;51
CASTILLA - LA MANCHA;1.1.-Homicidios dolosos/asesinatos;2013;37
CASTILLA - LA MANCHA;1.1.-Homicidios dolosos/asesinatos;2012;30
CASTILLA - LA MANCHA;1.1.-Homicidios dolosos/asesinatos;2011;37
CASTILLA - LA MANCHA;1.1.-Homicidios dolosos/asesinatos;2010;48
CASTILLA - LA MANCHA;1.1.1.-Homicidios dolosos/asesinatos consumados;2023;25
CASTILLA - LA MANCHA;1.1.1.-Homicidios dolosos/asesinatos consumados;2022;24
CASTILLA - LA MANCHA;1.1.1.-Homicidios dolosos/asesinatos consumados;2021;24
CASTILLA - LA MANCHA;1.1.1.-Homicidios dolosos/asesinatos consumados;2020;16
CASTILLA - LA MANCHA;1.1.1.-Homicidios dolosos/asesinatos consumados;2019;10
CASTILLA - LA MANCHA;1.1.1.-Homicidios dolosos/asesinatos consumados;2018;12
CASTILLA - LA MANCHA;1.1.1.-Homicidios dolosos/asesinatos consumados;2017;15
CASTILLA - LA MANCHA;1.1.1.-Homicidios dolosos/asesinatos consumados;2016;23
CASTILLA - LA MANCHA;1.1.1.-Homicidios dolosos/asesinatos consumados;2015;17
CASTILLA - LA MANCHA;1.1.1.-Homicidios dolosos/asesinatos consumados;2014;20
CASTILLA - LA MANCHA;1.1.1.-Homicidios dolosos/asesinatos consumados;2013;19
CASTILLA - LA MANCHA;1.1.1.-Homicidios dolosos/asesinatos consumados;2012;14
CASTILLA - LA MANCHA;1.1.1.-Homicidios dolosos/asesinatos consumados;2011;17
CASTILLA - LA MANCHA;1.1.1.-Homicidios dolosos/asesinatos consumados;2010;18
CASTILLA - LA MANCHA;1.2.-Lesiones;2023;2.168
CASTILLA - LA MANCHA;1.2.-Lesiones;2022;2.123
CASTILLA - LA MANCHA;1.2.-Lesiones;2021;1.987
CASTILLA - LA MANCHA;1.2.-Lesiones;2020;1.602
CASTILLA - LA MANCHA;1.2.-Lesiones;2019;2.189
CASTILLA - LA MANCHA;1.2.-Lesiones;2018;2.105
CASTILLA - LA MANCHA;1.2.-Lesiones;2017;1.996
CASTILLA - LA MANCHA;1.2.-Lesiones;2016;1.684
CASTILLA - LA MANCHA;1.2.-Lesiones;2015;1.392
CASTILLA - LA MANCHA;1.2.-Lesiones;2014;1.266
CASTILLA - LA MANCHA;1.2.-Lesiones;2013;1.110
CASTILLA - LA MANCHA;1.2.-Lesiones;2012;1.481
CASTILLA - LA MANCHA;1.2.-Lesiones;2011;1.410
CASTILLA - LA MANCHA;1.2.-Lesiones;2010;606
CASTILLA - LA MANCHA;1.3.-Malos tratos ámbito familiar;2023;3.072
CASTILLA - LA MANCHA;1.3.-Malos tratos ámbito familiar;2022;2.850
CASTILLA - LA MANCHA;1.3.-Malos tratos ámbito familiar;2021;2.604
CASTILLA - LA MANCHA;1.3.-Malos tratos ámbito familiar;2020;2.498
CASTILLA - LA MANCHA;1.3.-Malos tratos ámbito familiar;2019;2.613
CASTILLA - LA MANCHA;1.3.-Malos tratos ámbito familiar;2018;2.467
CASTILLA - LA MANCHA;1.3.-Malos tratos ámbito familiar;2017;2.276
CASTILLA - LA MANCHA;1.3.-Malos tratos ámbito familiar;2016;2.113
CASTILLA - LA MANCHA;1.3.-Malos tratos ámbito familiar;2015;2.162
CASTILLA - LA MANCHA;1.3.-Malos tratos ámbito familiar;2014;2.119
CASTILLA - LA MANCHA;1.3.-Malos tratos ámbito familiar;2013;2.102
CASTILLA - LA MANCHA;1.3.-Malos tratos ámbito familiar;2012;2.260
CASTILLA - LA MANCHA;1.3.-Malos tratos ámbito familiar;2011;2.271
CASTILLA - LA MANCHA;1.3.-Malos tratos ámbito familiar;2010;2.358
CASTILLA - LA MANCHA;1.4.-Otros contra las personas;2023;111
CASTILLA - LA MANCHA;1.4.-Otros contra las personas;2022;134
CASTILLA - LA MANCHA;1.4.-Otros contra las personas;2021;153
CASTILLA - LA MANCHA;1.4.-Otros contra las personas;2020;138
CASTILLA - LA MANCHA;1.4.-Otros contra las personas;2019;129
CASTILLA - LA MANCHA;1.4.-Otros contra las personas;2018;70
CASTILLA - LA MANCHA;1.4.-Otros contra las personas;2017;85
CASTILLA - LA MANCHA;1.4.-Otros contra las personas;2016;53
CASTILLA - LA MANCHA;1.4.-Otros contra las personas;2015;395
CASTILLA - LA MANCHA;1.4.-Otros contra las personas;2014;673
CASTILLA - LA MANCHA;1.4.-Otros contra las personas;2013;531
CASTILLA - LA MANCHA;1.4.-Otros contra las personas;2012;692
CASTILLA - LA MANCHA;1.4.-Otros contra las personas;2011;749
CASTILLA - LA MANCHA;1.4.-Otros contra las personas;2010;52
CASTILLA - LA MANCHA;2. CONTRA LA LIBERTAD;2023;2.614
CASTILLA - LA MANCHA;2. CONTRA LA LIBERTAD;2022;2.468
CASTILLA - LA MANCHA;2. CONTRA LA LIBERTAD;2021;2.434
CASTILLA - LA MANCHA;2. CONTRA LA LIBERTAD;2020;2.145
CASTILLA - LA MANCHA;2. CONTRA LA LIBERTAD;2019;2.283
CASTILLA - LA MANCHA;2. CONTRA LA LIBERTAD;2018;2.285
CASTILLA - LA MANCHA;2. CONTRA LA LIBERTAD;2017;2.221
CASTILLA - LA MANCHA;2. CONTRA LA LIBERTAD;2016;1.908
CASTILLA - LA MANCHA;2. CONTRA LA LIBERTAD;2015;1.276
CASTILLA - LA MANCHA;2. CONTRA LA LIBERTAD;2014;1.038
CASTILLA - LA MANCHA;2. CONTRA LA LIBERTAD;2013;1.115
CASTILLA - LA MANCHA;2. CONTRA LA LIBERTAD;2012;1.122
CASTILLA - LA MANCHA;2. CONTRA LA LIBERTAD;2011;1.194
CASTILLA - LA MANCHA;2. CONTRA LA LIBERTAD;2010;870
CASTILLA - LA MANCHA;2.1.-Malos tratos habituales en el ámbito familiar;2023;808
CASTILLA - LA MANCHA;2.1.-Malos tratos habituales en el ámbito familiar;2022;660
CASTILLA - LA MANCHA;2.1.-Malos tratos habituales en el ámbito familiar;2021;552
CASTILLA - LA MANCHA;2.1.-Malos tratos habituales en el ámbito familiar;2020;493
CASTILLA - LA MANCHA;2.1.-Malos tratos habituales en el ámbito familiar;2019;512
CASTILLA - LA MANCHA;2.1.-Malos tratos habituales en el ámbito familiar;2018;523
CASTILLA - LA MANCHA;2.1.-Malos tratos habituales en el ámbito familiar;2017;544
CASTILLA - LA MANCHA;2.1.-Malos tratos habituales en el ámbito familiar;2016;462
CASTILLA - LA MANCHA;2.1.-Malos tratos habituales en el ámbito familiar;2015;520
CASTILLA - LA MANCHA;2.1.-Malos tratos habituales en el ámbito familiar;2014;488
CASTILLA - LA MANCHA;2.1.-Malos tratos habituales en el ámbito familiar;2013;521
CASTILLA - LA MANCHA;2.1.-Malos tratos habituales en el ámbito familiar;2012;481
CASTILLA - LA MANCHA;2.1.-Malos tratos habituales en el ámbito familiar;2011;511
CASTILLA - LA MANCHA;2.1.-Malos tratos habituales en el ámbito familiar;2010;413
CASTILLA - LA MANCHA;2.2.-Otros contra la libertad;2023;1.806
CASTILLA - LA MANCHA;2.2.-Otros contra la libertad;2022;1.808
CASTILLA - LA MANCHA;2.2.-Otros contra la libertad;2021;1.882
CASTILLA - LA MANCHA;2.2.-Otros contra la libertad;2020;1.652
CASTILLA - LA MANCHA;2.2.-Otros contra la libertad;2019;1.771
CASTILLA - LA MANCHA;2.2.-Otros contra la libertad;2018;1.762
CASTILLA - LA MANCHA;2.2.-Otros contra la libertad;2017;1.677
CASTILLA - LA MANCHA;2.2.-Otros contra la libertad;2016;1.446
CASTILLA - LA MANCHA;2.2.-Otros contra la libertad;2015;756
CASTILLA - LA MANCHA;2.2.-Otros contra la libertad;2014;550
CASTILLA - LA MANCHA;2.2.-Otros contra la libertad;2013;594
CASTILLA - LA MANCHA;2.2.-Otros contra la libertad;2012;641
CASTILLA - LA MANCHA;2.2.-Otros contra la libertad;2011;683
CASTILLA - LA MANCHA;2.2.-Otros contra la libertad;2010;457
CASTILLA - LA MANCHA;3. LIBERTAD SEXUAL;2023;498
CASTILLA - LA MANCHA;3. LIBERTAD SEXUAL;2022;405
CASTILLA - LA MANCHA;3. LIBERTAD SEXUAL;2021;386
CASTILLA - LA MANCHA;3. LIBERTAD SEXUAL;2020;318
CASTILLA - LA MANCHA;3. LIBERTAD SEXUAL;2019;385
CASTILLA - LA MANCHA;3. LIBERTAD SEXUAL;2018;352
CASTILLA - LA MANCHA;3. LIBERTAD SEXUAL;2017;258
CASTILLA - LA MANCHA;3. LIBERTAD SEXUAL;2016;242
CASTILLA - LA MANCHA;3. LIBERTAD SEXUAL;2015;211
CASTILLA - LA MANCHA;3. LIBERTAD SEXUAL;2014;215
CASTILLA - LA MANCHA;3. LIBERTAD SEXUAL;2013;225
CASTILLA - LA MANCHA;3. LIBERTAD SEXUAL;2012;221
CASTILLA - LA MANCHA;3. LIBERTAD SEXUAL;2011;272
CASTILLA - LA MANCHA;3. LIBERTAD SEXUAL;2010;242
CASTILLA - LA MANCHA;3.1.-Agresión sexual;2023;319
CASTILLA - LA MANCHA;3.1.-Agresión sexual;2022;260
CASTILLA - LA MANCHA;3.1.-Agresión sexual;2021;258
CASTILLA - LA MANCHA;3.1.-Agresión sexual;2020;216
CASTILLA - LA MANCHA;3.1.-Agresión sexual;2019;235
CASTILLA - LA MANCHA;3.1.-Agresión sexual;2018;227
CASTILLA - LA MANCHA;3.1.-Agresión sexual;2017;140
CASTILLA - LA MANCHA;3.1.-Agresión sexual;2016;136
CASTILLA - LA MANCHA;3.1.-Agresión sexual;2015;133
CASTILLA - LA MANCHA;3.1.-Agresión sexual;2014;125
CASTILLA - LA MANCHA;3.1.-Agresión sexual;2013;114
CASTILLA - LA MANCHA;3.1.-Agresión sexual;2012;128
CASTILLA - LA MANCHA;3.1.-Agresión sexual;2011;150
CASTILLA - LA MANCHA;3.1.-Agresión sexual;2010;131
CASTILLA - LA MANCHA;3.2.-Agresión sexual con penetración;2023;90
CASTILLA - LA MANCHA;3.2.-Agresión sexual con penetración;2022;90
CASTILLA - LA MANCHA;3.2.-Agresión sexual con penetración;2021;73
CASTILLA - LA MANCHA;3.2.-Agresión sexual con penetración;2020;50
CASTILLA - LA MANCHA;3.2.-Agresión sexual con penetración;2019;57
CASTILLA - LA MANCHA;3.2.-Agresión sexual con penetración;2018;66
CASTILLA - LA MANCHA;3.2.-Agresión sexual con penetración;2017;41
CASTILLA - LA MANCHA;3.2.-Agresión sexual con penetración;2016;33
CASTILLA - LA MANCHA;3.2.-Agresión sexual con penetración;2015;22
CASTILLA - LA MANCHA;3.2.-Agresión sexual con penetración;2014;29
CASTILLA - LA MANCHA;3.2.-Agresión sexual con penetración;2013;44
CASTILLA - LA MANCHA;3.2.-Agresión sexual con penetración;2012;30
CASTILLA - LA MANCHA;3.2.-Agresión sexual con penetración;2011;59
CASTILLA - LA MANCHA;3.2.-Agresión sexual con penetración;2010;36
CASTILLA - LA MANCHA;3.3.-Corrupción de menores o incapacitados;2023;15
CASTILLA - LA MANCHA;3.3.-Corrupción de menores o incapacitados;2022;9
CASTILLA - LA MANCHA;3.3.-Corrupción de menores o incapacitados;2021;9
CASTILLA - LA MANCHA;3.3.-Corrupción de menores o incapacitados;2020;6
CASTILLA - LA MANCHA;3.3.-Corrupción de menores o incapacitados;2019;8
CASTILLA - LA MANCHA;3.3.-Corrupción de menores o incapacitados;2018;9
CASTILLA - LA MANCHA;3.3.-Corrupción de menores o incapacitados;2017;31
CASTILLA - LA MANCHA;3.3.-Corrupción de menores o incapacitados;2016;22
CASTILLA - LA MANCHA;3.3.-Corrupción de menores o incapacitados;2015;9
CASTILLA - LA MANCHA;3.3.-Corrupción de menores o incapacitados;2014;13
CASTILLA - LA MANCHA;3.3.-Corrupción de menores o incapacitados;2013;4
CASTILLA - LA MANCHA;3.3.-Corrupción de menores o incapacitados;2012;5
CASTILLA - LA MANCHA;3.3.-Corrupción de menores o incapacitados;2011;15
CASTILLA - LA MANCHA;3.3.-Corrupción de menores o incapacitados;2010;5
CASTILLA - LA MANCHA;3.4.-Pornografía de menores;2023;24
CASTILLA - LA MANCHA;3.4.-Pornografía de menores;2022;12
CASTILLA - LA MANCHA;3.4.-Pornografía de menores;2021;13
CASTILLA - LA MANCHA;3.4.-Pornografía de menores;2020;16
CASTILLA - LA MANCHA;3.4.-Pornografía de menores;2019;43
CASTILLA - LA MANCHA;3.4.-Pornografía de menores;2018;22
CASTILLA - LA MANCHA;3.4.-Pornografía de menores;2017;12
CASTILLA - LA MANCHA;3.4.-Pornografía de menores;2016;9
CASTILLA - LA MANCHA;3.4.-Pornografía de menores;2015;14
CASTILLA - LA MANCHA;3.4.-Pornografía de menores;2014;19
CASTILLA - LA MANCHA;3.4.-Pornografía de menores;2013;12
CASTILLA - LA MANCHA;3.4.-Pornografía de menores;2012;33
CASTILLA - LA MANCHA;3.4.-Pornografía de menores;2011;8
CASTILLA - LA MANCHA;3.4.-Pornografía de menores;2010;19
CASTILLA - LA MANCHA;3.5.-Otros contra la libertad sexual;2023;50
CASTILLA - LA MANCHA;3.5.-Otros contra la libertad sexual;2022;34
CASTILLA - LA MANCHA;3.5.-Otros contra la libertad sexual;2021;33
CASTILLA - LA MANCHA;3.5.-Otros contra la libertad sexual;2020;30
CASTILLA - LA MANCHA;3.5.-Otros contra la libertad sexual;2019;42
CASTILLA - LA MANCHA;3.5.-Otros contra la libertad sexual;2018;28
CASTILLA - LA MANCHA;3.5.-Otros contra la libertad sexual;2017;34
CASTILLA - LA MANCHA;3.5.-Otros contra la libertad sexual;2016;42
CASTILLA - LA MANCHA;3.5.-Otros contra la libertad sexual;2015;33
CASTILLA - LA MANCHA;3.5.-Otros contra la libertad sexual;2014;29
CASTILLA - LA MANCHA;3.5.-Otros contra la libertad sexual;2013;51
CASTILLA - LA MANCHA;3.5.-Otros contra la libertad sexual;2012;25
CASTILLA - LA MANCHA;3.5.-Otros contra la libertad sexual;2011;40
CASTILLA - LA MANCHA;3.5.-Otros contra la libertad sexual;2010;51
CASTILLA - LA MANCHA;4. RELACIONES FAMILIARES;2023;101
CASTILLA - LA MANCHA;4. RELACIONES FAMILIARES;2022;102
CASTILLA - LA MANCHA;4. RELACIONES FAMILIARES;2021;100
CASTILLA - LA MANCHA;4. RELACIONES FAMILIARES;2020;112
CASTILLA - LA MANCHA;4. RELACIONES FAMILIARES;2019;124
CASTILLA - LA MANCHA;4. RELACIONES FAMILIARES;2018;127
CASTILLA - LA MANCHA;4. RELACIONES FAMILIARES;2017;130
CASTILLA - LA MANCHA;4. RELACIONES FAMILIARES;2016;102
CASTILLA - LA MANCHA;4. RELACIONES FAMILIARES;2015;139
CASTILLA - LA MANCHA;4. RELACIONES FAMILIARES;2014;212
CASTILLA - LA MANCHA;4. RELACIONES FAMILIARES;2013;166
CASTILLA - LA MANCHA;4. RELACIONES FAMILIARES;2012;130
CASTILLA - LA MANCHA;4. RELACIONES FAMILIARES;2011;114
CASTILLA - LA MANCHA;4. RELACIONES FAMILIARES;2010;84
CASTILLA - LA MANCHA;5. PATRIMONIO;2023;6.506
CASTILLA - LA MANCHA;5. PATRIMONIO;2022;6.033
CASTILLA - LA MANCHA;5. PATRIMONIO;2021;5.642
CASTILLA - LA MANCHA;5. PATRIMONIO;2020;5.123
CASTILLA - LA MANCHA;5. PATRIMONIO;2019;6.086
CASTILLA - LA MANCHA;5. PATRIMONIO;2018;6.355
CASTILLA - LA MANCHA;5. PATRIMONIO;2017;6.010
CASTILLA - LA MANCHA;5. PATRIMONIO;2016;6.202
CASTILLA - LA MANCHA;5. PATRIMONIO;2015;5.862
CASTILLA - LA MANCHA;5. PATRIMONIO;2014;7.292
CASTILLA - LA MANCHA;5. PATRIMONIO;2013;8.528
CASTILLA - LA MANCHA;5. PATRIMONIO;2012;7.823
CASTILLA - LA MANCHA;5. PATRIMONIO;2011;7.470
CASTILLA - LA MANCHA;5. PATRIMONIO;2010;5.602
CASTILLA - LA MANCHA;5.1.-Hurtos;2023;2.006
CASTILLA - LA MANCHA;5.1.-Hurtos;2022;1.714
CASTILLA - LA MANCHA;5.1.-Hurtos;2021;1.372
CASTILLA - LA MANCHA;5.1.-Hurtos;2020;1.237
CASTILLA - LA MANCHA;5.1.-Hurtos;2019;1.819
CASTILLA - LA MANCHA;5.1.-Hurtos;2018;1.942
CASTILLA - LA MANCHA;5.1.-Hurtos;2017;1.925
CASTILLA - LA MANCHA;5.1.-Hurtos;2016;2.046
CASTILLA - LA MANCHA;5.1.-Hurtos;2015;2.057
CASTILLA - LA MANCHA;5.1.-Hurtos;2014;2.303
CASTILLA - LA MANCHA;5.1.-Hurtos;2013;2.465
CASTILLA - LA MANCHA;5.1.-Hurtos;2012;2.382
CASTILLA - LA MANCHA;5.1.-Hurtos;2011;2.277
CASTILLA - LA MANCHA;5.1.-Hurtos;2010;1.073
CASTILLA - LA MANCHA;5.2.-Robos con fuerza en las cosas;2023;1.407
CASTILLA - LA MANCHA;5.2.-Robos con fuerza en las cosas;2022;1.303
CASTILLA - LA MANCHA;5.2.-Robos con fuerza en las cosas;2021;1.142
CASTILLA - LA MANCHA;5.2.-Robos con fuerza en las cosas;2020;1.170
CASTILLA - LA MANCHA;5.2.-Robos con fuerza en las cosas;2019;1.255
CASTILLA - LA MANCHA;5.2.-Robos con fuerza en las cosas;2018;1.479
CASTILLA - LA MANCHA;5.2.-Robos con fuerza en las cosas;2017;1.727
CASTILLA - LA MANCHA;5.2.-Robos con fuerza en las cosas;2016;1.713
CASTILLA - LA MANCHA;5.2.-Robos con fuerza en las cosas;2015;1.748
CASTILLA - LA MANCHA;5.2.-Robos con fuerza en las cosas;2014;2.589
CASTILLA - LA MANCHA;5.2.-Robos con fuerza en las cosas;2013;3.237
CASTILLA - LA MANCHA;5.2.-Robos con fuerza en las cosas;2012;2.809
CASTILLA - LA MANCHA;5.2.-Robos con fuerza en las cosas;2011;2.689
CASTILLA - LA MANCHA;5.2.-Robos con fuerza en las cosas;2010;2.553
CASTILLA - LA MANCHA;5.2.1.-Robos con fuerza en las cosas en el interior de vehículos;2023;193
CASTILLA - LA MANCHA;5.2.1.-Robos con fuerza en las cosas en el interior de vehículos;2022;214
CASTILLA - LA MANCHA;5.2.1.-Robos con fuerza en las cosas en el interior de vehículos;2021;132
CASTILLA - LA MANCHA;5.2.1.-Robos con fuerza en las cosas en el interior de vehículos;2020;175
CASTILLA - LA MANCHA;5.2.1.-Robos con fuerza en las cosas en el interior de vehículos;2019;173
CASTILLA - LA MANCHA;5.2.1.-Robos con fuerza en las cosas en el interior de vehículos;2018;224
CASTILLA - LA MANCHA;5.2.1.-Robos con fuerza en las cosas en el interior de vehículos;2017;172
CASTILLA - LA MANCHA;5.2.1.-Robos con fuerza en las cosas en el interior de vehículos;2016;184
CASTILLA - LA MANCHA;5.2.1.-Robos con fuerza en las cosas en el interior de vehículos;2015;159
CASTILLA - LA MANCHA;5.2.1.-Robos con fuerza en las cosas en el interior de vehículos;2014;240
CASTILLA - LA MANCHA;5.2.1.-Robos con fuerza en las cosas en el interior de vehículos;2013;287
CASTILLA - LA MANCHA;5.2.1.-Robos con fuerza en las cosas en el interior de vehículos;2012;229
CASTILLA - LA MANCHA;5.2.1.-Robos con fuerza en las cosas en el interior de vehículos;2011;309
CASTILLA - LA MANCHA;5.2.1.-Robos con fuerza en las cosas en el interior de vehículos;2010;197
CASTILLA - LA MANCHA;5.2.2.-Robos con fuerza en viviendas;2023;411
CASTILLA - LA MANCHA;5.2.2.-Robos con fuerza en viviendas;2022;400
CASTILLA - LA MANCHA;5.2.2.-Robos con fuerza en viviendas;2021;405
CASTILLA - LA MANCHA;5.2.2.-Robos con fuerza en viviendas;2020;474
CASTILLA - LA MANCHA;5.2.2.-Robos con fuerza en viviendas;2019;497
CASTILLA - LA MANCHA;5.2.2.-Robos con fuerza en viviendas;2018;585
CASTILLA - LA MANCHA;5.2.2.-Robos con fuerza en viviendas;2017;731
CASTILLA - LA MANCHA;5.2.2.-Robos con fuerza en viviendas;2016;660
CASTILLA - LA MANCHA;5.2.2.-Robos con fuerza en viviendas;2015;665
CASTILLA - LA MANCHA;5.2.2.-Robos con fuerza en viviendas;2014;801
CASTILLA - LA MANCHA;5.2.2.-Robos con fuerza en viviendas;2013;1.100
CASTILLA - LA MANCHA;5.2.2.-Robos con fuerza en viviendas;2012;1.005
CASTILLA - LA MANCHA;5.2.2.-Robos con fuerza en viviendas;2011;744
CASTILLA - LA MANCHA;5.2.2.-Robos con fuerza en viviendas;2010;610
CASTILLA - LA MANCHA;5.2.3.-Robos con fuerza en establecimientos;2023;319
CASTILLA - LA MANCHA;5.2.3.-Robos con fuerza en establecimientos;2022;289
CASTILLA - LA MANCHA;5.2.3.-Robos con fuerza en establecimientos;2021;273
CASTILLA - LA MANCHA;5.2.3.-Robos con fuerza en establecimientos;2020;209
CASTILLA - LA MANCHA;5.2.3.-Robos con fuerza en establecimientos;2019;247
CASTILLA - LA MANCHA;5.2.3.-Robos con fuerza en establecimientos;2018;270
CASTILLA - LA MANCHA;5.2.3.-Robos con fuerza en establecimientos;2017;442
CASTILLA - LA MANCHA;5.2.3.-Robos con fuerza en establecimientos;2016;370
CASTILLA - LA MANCHA;5.2.3.-Robos con fuerza en establecimientos;2015;338
CASTILLA - LA MANCHA;5.2.3.-Robos con fuerza en establecimientos;2014;503
CASTILLA - LA MANCHA;5.2.3.-Robos con fuerza en establecimientos;2013;575
CASTILLA - LA MANCHA;5.2.3.-Robos con fuerza en establecimientos;2012;461
CASTILLA - LA MANCHA;5.2.3.-Robos con fuerza en establecimientos;2011;461
CASTILLA - LA MANCHA;5.2.3.-Robos con fuerza en establecimientos;2010;568
CASTILLA - LA MANCHA;5.3.-Robos con violencia o intimidación;2023;533
CASTILLA - LA MANCHA;5.3.-Robos con violencia o intimidación;2022;451
CASTILLA - LA MANCHA;5.3.-Robos con violencia o intimidación;2021;432
CASTILLA - LA MANCHA;5.3.-Robos con violencia o intimidación;2020;359
CASTILLA - LA MANCHA;5.3.-Robos con violencia o intimidación;2019;457
CASTILLA - LA MANCHA;5.3.-Robos con violencia o intimidación;2018;447
CASTILLA - LA MANCHA;5.3.-Robos con violencia o intimidación;2017;404
CASTILLA - LA MANCHA;5.3.-Robos con violencia o intimidación;2016;403
CASTILLA - LA MANCHA;5.3.-Robos con violencia o intimidación;2015;402
CASTILLA - LA MANCHA;5.3.-Robos con violencia o intimidación;2014;470
CASTILLA - LA MANCHA;5.3.-Robos con violencia o intimidación;2013;665
CASTILLA - LA MANCHA;5.3.-Robos con violencia o intimidación;2012;660
CASTILLA - LA MANCHA;5.3.-Robos con violencia o intimidación;2011;687
CASTILLA - LA MANCHA;5.3.-Robos con violencia o intimidación;2010;599
CASTILLA - LA MANCHA;5.3.1.-Robos con violencia en vía pública;2023;261
CASTILLA - LA MANCHA;5.3.1.-Robos con violencia en vía pública;2022;221
CASTILLA - LA MANCHA;5.3.1.-Robos con violencia en vía pública;2021;218
CASTILLA - LA MANCHA;5.3.1.-Robos con violencia en vía pública;2020;164
CASTILLA - LA MANCHA;5.3.1.-Robos con violencia en vía pública;2019;225
CASTILLA - LA MANCHA;5.3.1.-Robos con violencia en vía pública;2018;251
CASTILLA - LA MANCHA;5.3.1.-Robos con violencia en vía pública;2017;167
CASTILLA - LA MANCHA;5.3.1.-Robos con violencia en vía pública;2016;214
CASTILLA - LA MANCHA;5.3.1.-Robos con violencia en vía pública;2015;239
CASTILLA - LA MANCHA;5.3.1.-Robos con violencia en vía pública;2014;234
CASTILLA - LA MANCHA;5.3.1.-Robos con violencia en vía pública;2013;348
CASTILLA - LA MANCHA;5.3.1.-Robos con violencia en vía pública;2012;350
CASTILLA - LA MANCHA;5.3.1.-Robos con violencia en vía pública;2011;403
CASTILLA - LA MANCHA;5.3.1.-Robos con violencia en vía pública;2010;362
CASTILLA - LA MANCHA;5.3.2.-Robos con violencia en viviendas;2023;87
CASTILLA - LA MANCHA;5.3.2.-Robos con violencia en viviendas;2022;58
CASTILLA - LA MANCHA;5.3.2.-Robos con violencia en viviendas;2021;53
CASTILLA - LA MANCHA;5.3.2.-Robos con violencia en viviendas;2020;52
CASTILLA - LA MANCHA;5.3.2.-Robos con violencia en viviendas;2019;52
CASTILLA - LA MANCHA;5.3.2.-Robos con violencia en viviendas;2018;68
CASTILLA - LA MANCHA;5.3.2.-Robos con violencia en viviendas;2017;50
CASTILLA - LA MANCHA;5.3.2.-Robos con violencia en viviendas;2016;50
CASTILLA - LA MANCHA;5.3.2.-Robos con violencia en viviendas;2015;46
CASTILLA - LA MANCHA;5.3.2.-Robos con violencia en viviendas;2014;68
CASTILLA - LA MANCHA;5.3.2.-Robos con violencia en viviendas;2013;90
CASTILLA - LA MANCHA;5.3.2.-Robos con violencia en viviendas;2012;70
CASTILLA - LA MANCHA;5.3.2.-Robos con violencia en viviendas;2011;67
CASTILLA - LA MANCHA;5.3.2.-Robos con violencia en viviendas;2010;72
CASTILLA - LA MANCHA;5.3.3.-Robos con violencia en establecimientos;2023;130
CASTILLA - LA MANCHA;5.3.3.-Robos con violencia en establecimientos;2022;114
CASTILLA - LA MANCHA;5.3.3.-Robos con violencia en establecimientos;2021;111
CASTILLA - LA MANCHA;5.3.3.-Robos con violencia en establecimientos;2020;111
CASTILLA - LA MANCHA;5.3.3.-Robos con violencia en establecimientos;2019;102
CASTILLA - LA MANCHA;5.3.3.-Robos con violencia en establecimientos;2018;78
CASTILLA - LA MANCHA;5.3.3.-Robos con violencia en establecimientos;2017;113
CASTILLA - LA MANCHA;5.3.3.-Robos con violencia en establecimientos;2016;81
CASTILLA - LA MANCHA;5.3.3.-Robos con violencia en establecimientos;2015;80
CASTILLA - LA MANCHA;5.3.3.-Robos con violencia en establecimientos;2014;109
CASTILLA - LA MANCHA;5.3.3.-Robos con violencia en establecimientos;2013;122
CASTILLA - LA MANCHA;5.3.3.-Robos con violencia en establecimientos;2012;147
CASTILLA - LA MANCHA;5.3.3.-Robos con violencia en establecimientos;2011;135
CASTILLA - LA MANCHA;5.3.3.-Robos con violencia en establecimientos;2010;115
CASTILLA - LA MANCHA;5.4.-Sustracción de vehículos;2023;158
CASTILLA - LA MANCHA;5.4.-Sustracción de vehículos;2022;121
CASTILLA - LA MANCHA;5.4.-Sustracción de vehículos;2021;114
CASTILLA - LA MANCHA;5.4.-Sustracción de vehículos;2020;92
CASTILLA - LA MANCHA;5.4.-Sustracción de vehículos;2019;81
CASTILLA - LA MANCHA;5.4.-Sustracción de vehículos;2018;115
CASTILLA - LA MANCHA;5.4.-Sustracción de vehículos;2017;166
CASTILLA - LA MANCHA;5.4.-Sustracción de vehículos;2016;206
CASTILLA - LA MANCHA;5.4.-Sustracción de vehículos;2015;203
CASTILLA - LA MANCHA;5.4.-Sustracción de vehículos;2014;190
CASTILLA - LA MANCHA;5.4.-Sustracción de vehículos;2013;238
CASTILLA - LA MANCHA;5.4.-Sustracción de vehículos;2012;209
CASTILLA - LA MANCHA;5.4.-Sustracción de vehículos;2011;288
CASTILLA - LA MANCHA;5.4.-Sustracción de vehículos;2010;284
CASTILLA - LA MANCHA;5.5.-Estafas;2023;1.046
CASTILLA - LA MANCHA;5.5.-Estafas;2022;1.023
CASTILLA - LA MANCHA;5.5.-Estafas;2021;1.161
CASTILLA - LA MANCHA;5.5.-Estafas;2020;926
CASTILLA - LA MANCHA;5.5.-Estafas;2019;912
CASTILLA - LA MANCHA;5.5.-Estafas;2018;803
CASTILLA - LA MANCHA;5.5.-Estafas;2017;660
CASTILLA - LA MANCHA;5.5.-Estafas;2016;659
CASTILLA - LA MANCHA;5.5.-Estafas;2015;482
CASTILLA - LA MANCHA;5.5.-Estafas;2014;541
CASTILLA - LA MANCHA;5.5.-Estafas;2013;860
CASTILLA - LA MANCHA;5.5.-Estafas;2012;646
CASTILLA - LA MANCHA;5.5.-Estafas;2011;526
CASTILLA - LA MANCHA;5.5.-Estafas;2010;388
CASTILLA - LA MANCHA;5.5.1.-Estafas informáticas;2023;664
CASTILLA - LA MANCHA;5.5.1.-Estafas informáticas;2022;594
CASTILLA - LA MANCHA;5.5.1.-Estafas informáticas;2021;766
CASTILLA - LA MANCHA;5.5.1.-Estafas informáticas;2020;449
CASTILLA - LA MANCHA;5.5.1.-Estafas informáticas;2019;268
CASTILLA - LA MANCHA;5.5.1.-Estafas informáticas;2018;183
CASTILLA - LA MANCHA;5.5.1.-Estafas informáticas;2017;120
CASTILLA - LA MANCHA;5.5.1.-Estafas informáticas;2016;105
CASTILLA - LA MANCHA;5.5.1.-Estafas informáticas;2015;145
CASTILLA - LA MANCHA;5.5.1.-Estafas informáticas;2014;126
CASTILLA - LA MANCHA;5.5.1.-Estafas informáticas;2013;165
CASTILLA - LA MANCHA;5.5.1.-Estafas informáticas;2012;155
CASTILLA - LA MANCHA;5.5.1.-Estafas informáticas;2011;126
CASTILLA - LA MANCHA;5.5.1.-Estafas informáticas;2010;87
CASTILLA - LA MANCHA;5.6.-Daños;2023;601
CASTILLA - LA MANCHA;5.6.-Daños;2022;601
CASTILLA - LA MANCHA;5.6.-Daños;2021;612
CASTILLA - LA MANCHA;5.6.-Daños;2020;495
CASTILLA - LA MANCHA;5.6.-Daños;2019;669
CASTILLA - LA MANCHA;5.6.-Daños;2018;710
CASTILLA - LA MANCHA;5.6.-Daños;2017;523
CASTILLA - LA MANCHA;5.6.-Daños;2016;505
CASTILLA - LA MANCHA;5.6.-Daños;2015;387
CASTILLA - LA MANCHA;5.6.-Daños;2014;398
CASTILLA - LA MANCHA;5.6.-Daños;2013;427
CASTILLA - LA MANCHA;5.6.-Daños;2012;535
CASTILLA - LA MANCHA;5.6.-Daños;2011;488
CASTILLA - LA MANCHA;5.6.-Daños;2010;316
CASTILLA - LA MANCHA;5.7.-Contra la propiedad intelectual/industrial;2023;32
CASTILLA - LA MANCHA;5.7.-Contra la propiedad intelectual/industrial;2022;10
CASTILLA - LA MANCHA;5.7.-Contra la propiedad intelectual/industrial;2021;17
CASTILLA - LA MANCHA;5.7.-Contra la propiedad intelectual/industrial;2020;9
CASTILLA - LA MANCHA;5.7.-Contra la propiedad intelectual/industrial;2019;29
CASTILLA - LA MANCHA;5.7.-Contra la propiedad intelectual/industrial;2018;83
CASTILLA - LA MANCHA;5.7.-Contra la propiedad intelectual/industrial;2017;23
CASTILLA - LA MANCHA;5.7.-Contra la propiedad intelectual/industrial;2016;16
CASTILLA - LA MANCHA;5.7.-Contra la propiedad intelectual/industrial;2015;23
CASTILLA - LA MANCHA;5.7.-Contra la propiedad intelectual/industrial;2014;38
CASTILLA - LA MANCHA;5.7.-Contra la propiedad intelectual/industrial;2013;44
CASTILLA - LA MANCHA;5.7.-Contra la propiedad intelectual/industrial;2012;42
CASTILLA - LA MANCHA;5.7.-Contra la propiedad intelectual/industrial;2011;47
CASTILLA - LA MANCHA;5.7.-Contra la propiedad intelectual/industrial;2010;96
CASTILLA - LA MANCHA;5.8.-Blanqueo de capitales;2023;25
CASTILLA - LA MANCHA;5.8.-Blanqueo de capitales;2022;20
CASTILLA - LA MANCHA;5.8.-Blanqueo de capitales;2021;25
CASTILLA - LA MANCHA;5.8.-Blanqueo de capitales;2020;4
CASTILLA - LA MANCHA;5.8.-Blanqueo de capitales;2019;42
CASTILLA - LA MANCHA;5.8.-Blanqueo de capitales;2018;19
CASTILLA - LA MANCHA;5.8.-Blanqueo de capitales;2017;56
CASTILLA - LA MANCHA;5.8.-Blanqueo de capitales;2016;14
CASTILLA - LA MANCHA;5.8.-Blanqueo de capitales;2015;1
CASTILLA - LA MANCHA;5.8.-Blanqueo de capitales;2014;2
CASTILLA - LA MANCHA;5.8.-Blanqueo de capitales;2013;4
CASTILLA - LA MANCHA;5.8.-Blanqueo de capitales;2012;9
CASTILLA - LA MANCHA;5.8.-Blanqueo de capitales;2011;3
CASTILLA - LA MANCHA;5.8.-Blanqueo de capitales;2010;2
CASTILLA - LA MANCHA;5.9.-Otros contra el patrimonio;2023;698
CASTILLA - LA MANCHA;5.9.-Otros contra el patrimonio;2022;790
CASTILLA - LA MANCHA;5.9.-Otros contra el patrimonio;2021;767
CASTILLA - LA MANCHA;5.9.-Otros contra el patrimonio;2020;831
CASTILLA - LA MANCHA;5.9.-Otros contra el patrimonio;2019;822
CASTILLA - LA MANCHA;5.9.-Otros contra el patrimonio;2018;757
CASTILLA - LA MANCHA;5.9.-Otros contra el patrimonio;2017;526
CASTILLA - LA MANCHA;5.9.-Otros contra el patrimonio;2016;640
CASTILLA - LA MANCHA;5.9.-Otros contra el patrimonio;2015;559
CASTILLA - LA MANCHA;5.9.-Otros contra el patrimonio;2014;761
CASTILLA - LA MANCHA;5.9.-Otros contra el patrimonio;2013;588
CASTILLA - LA MANCHA;5.9.-Otros contra el patrimonio;2012;531
CASTILLA - LA MANCHA;5.9.-Otros contra el patrimonio;2011;465
CASTILLA - LA MANCHA;5.9.-Otros contra el patrimonio;2010;291
CASTILLA - LA MANCHA;6. SEGURIDAD COLECTIVA;2023;3.509
CASTILLA - LA MANCHA;6. SEGURIDAD COLECTIVA;2022;3.433
CASTILLA - LA MANCHA;6. SEGURIDAD COLECTIVA;2021;3.252
CASTILLA - LA MANCHA;6. SEGURIDAD COLECTIVA;2020;2.906
CASTILLA - LA MANCHA;6. SEGURIDAD COLECTIVA;2019;3.202
CASTILLA - LA MANCHA;6. SEGURIDAD COLECTIVA;2018;2.905
CASTILLA - LA MANCHA;6. SEGURIDAD COLECTIVA;2017;2.615
CASTILLA - LA MANCHA;6. SEGURIDAD COLECTIVA;2016;2.684
CASTILLA - LA MANCHA;6. SEGURIDAD COLECTIVA;2015;2.588
CASTILLA - LA MANCHA;6. SEGURIDAD COLECTIVA;2014;2.998
CASTILLA - LA MANCHA;6. SEGURIDAD COLECTIVA;2013;3.558
CASTILLA - LA MANCHA;6. SEGURIDAD COLECTIVA;2012;3.897
CASTILLA - LA MANCHA;6. SEGURIDAD COLECTIVA;2011;4.407
CASTILLA - LA MANCHA;6. SEGURIDAD COLECTIVA;2010;3.932
CASTILLA - LA MANCHA;6.1.-Tráfico de drogas;2023;963
CASTILLA - LA MANCHA;6.1.-Tráfico de drogas;2022;923
CASTILLA - LA MANCHA;6.1.-Tráfico de drogas;2021;1.003
CASTILLA - LA MANCHA;6.1.-Tráfico de drogas;2020;871
CASTILLA - LA MANCHA;6.1.-Tráfico de drogas;2019;787
CASTILLA - LA MANCHA;6.1.-Tráfico de drogas;2018;794
CASTILLA - LA MANCHA;6.1.-Tráfico de drogas;2017;715
CASTILLA - LA MANCHA;6.1.-Tráfico de drogas;2016;657
CASTILLA - LA MANCHA;6.1.-Tráfico de drogas;2015;601
CASTILLA - LA MANCHA;6.1.-Tráfico de drogas;2014;693
CASTILLA - LA MANCHA;6.1.-Tráfico de drogas;2013;833
CASTILLA - LA MANCHA;6.1.-Tráfico de drogas;2012;819
CASTILLA - LA MANCHA;6.1.-Tráfico de drogas;2011;955
CASTILLA - LA MANCHA;6.1.-Tráfico de drogas;2010;883
CASTILLA - LA MANCHA;6.2.-Contra la seguridad vial;2023;2.470
CASTILLA - LA MANCHA;6.2.-Contra la seguridad vial;2022;2.373
CASTILLA - LA MANCHA;6.2.-Contra la seguridad vial;2021;2.139
CASTILLA - LA MANCHA;6.2.-Contra la seguridad vial;2020;1.967
CASTILLA - LA MANCHA;6.2.-Contra la seguridad vial;2019;2.348
CASTILLA - LA MANCHA;6.2.-Contra la seguridad vial;2018;2.055
CASTILLA - LA MANCHA;6.2.-Contra la seguridad vial;2017;1.831
CASTILLA - LA MANCHA;6.2.-Contra la seguridad vial;2016;1.958
CASTILLA - LA MANCHA;6.2.-Contra la seguridad vial;2015;1.884
CASTILLA - LA MANCHA;6.2.-Contra la seguridad vial;2014;2.226
CASTILLA - LA MANCHA;6.2.-Contra la seguridad vial;2013;2.636
CASTILLA - LA MANCHA;6.2.-Contra la seguridad vial;2012;3.002
CASTILLA - LA MANCHA;6.2.-Contra la seguridad vial;2011;3.396
CASTILLA - LA MANCHA;6.2.-Contra la seguridad vial;2010;2.987
CASTILLA - LA MANCHA;6.3.-Otros contra la seguridad colectiva;2023;76
CASTILLA - LA MANCHA;6.3.-Otros contra la seguridad colectiva;2022;137
CASTILLA - LA MANCHA;6.3.-Otros contra la seguridad colectiva;2021;110
CASTILLA - LA MANCHA;6.3.-Otros contra la seguridad colectiva;2020;68
CASTILLA - LA MANCHA;6.3.-Otros contra la seguridad colectiva;2019;67
CASTILLA - LA MANCHA;6.3.-Otros contra la seguridad colectiva;2018;56
CASTILLA - LA MANCHA;6.3.-Otros contra la seguridad colectiva;2017;69
CASTILLA - LA MANCHA;6.3.-Otros contra la seguridad colectiva;2016;69
CASTILLA - LA MANCHA;6.3.-Otros contra la seguridad colectiva;2015;103
CASTILLA - LA MANCHA;6.3.-Otros contra la seguridad colectiva;2014;79
CASTILLA - LA MANCHA;6.3.-Otros contra la seguridad colectiva;2013;89
CASTILLA - LA MANCHA;6.3.-Otros contra la seguridad colectiva;2012;76
CASTILLA - LA MANCHA;6.3.-Otros contra la seguridad colectiva;2011;56
CASTILLA - LA MANCHA;6.3.-Otros contra la seguridad colectiva;2010;62
CASTILLA - LA MANCHA;7. FALSEDADES;2023;382
CASTILLA - LA MANCHA;7. FALSEDADES;2022;343
CASTILLA - LA MANCHA;7. FALSEDADES;2021;513
CASTILLA - LA MANCHA;7. FALSEDADES;2020;375
CASTILLA - LA MANCHA;7. FALSEDADES;2019;424
CASTILLA - LA MANCHA;7. FALSEDADES;2018;379
CASTILLA - LA MANCHA;7. FALSEDADES;2017;314
CASTILLA - LA MANCHA;7. FALSEDADES;2016;302
CASTILLA - LA MANCHA;7. FALSEDADES;2015;368
CASTILLA - LA MANCHA;7. FALSEDADES;2014;460
CASTILLA - LA MANCHA;7. FALSEDADES;2013;501
CASTILLA - LA MANCHA;7. FALSEDADES;2012;356
CASTILLA - LA MANCHA;7. FALSEDADES;2011;376
CASTILLA - LA MANCHA;7. FALSEDADES;2010;321
CASTILLA - LA MANCHA;8. ADMÓN. PÚBLICA;2023;11
CASTILLA - LA MANCHA;8. ADMÓN. PÚBLICA;2022;16
CASTILLA - LA MANCHA;8. ADMÓN. PÚBLICA;2021;26
CASTILLA - LA MANCHA;8. ADMÓN. PÚBLICA;2020;8
CASTILLA - LA MANCHA;8. ADMÓN. PÚBLICA;2019;26
CASTILLA - LA MANCHA;8. ADMÓN. PÚBLICA;2018;29
CASTILLA - LA MANCHA;8. ADMÓN. PÚBLICA;2017;28
CASTILLA - LA MANCHA;8. ADMÓN. PÚBLICA;2016;7
CASTILLA - LA MANCHA;8. ADMÓN. PÚBLICA;2015;21
CASTILLA - LA MANCHA;8. ADMÓN. PÚBLICA;2014;14
CASTILLA - LA MANCHA;8. ADMÓN. PÚBLICA;2013;6
CASTILLA - LA MANCHA;8. ADMÓN. PÚBLICA;2012;9
CASTILLA - LA MANCHA;8. ADMÓN. PÚBLICA;2011;24
CASTILLA - LA MANCHA;8. ADMÓN. PÚBLICA;2010;4
CASTILLA - LA MANCHA;9. ADMÓN. JUSTICIA;2023;1.295
CASTILLA - LA MANCHA;9. ADMÓN. JUSTICIA;2022;1.198
CASTILLA - LA MANCHA;9. ADMÓN. JUSTICIA;2021;1.026
CASTILLA - LA MANCHA;9. ADMÓN. JUSTICIA;2020;966
CASTILLA - LA MANCHA;9. ADMÓN. JUSTICIA;2019;1.022
CASTILLA - LA MANCHA;9. ADMÓN. JUSTICIA;2018;919
CASTILLA - LA MANCHA;9. ADMÓN. JUSTICIA;2017;807
CASTILLA - LA MANCHA;9. ADMÓN. JUSTICIA;2016;837
CASTILLA - LA MANCHA;9. ADMÓN. JUSTICIA;2015;897
CASTILLA - LA MANCHA;9. ADMÓN. JUSTICIA;2014;911
CASTILLA - LA MANCHA;9. ADMÓN. JUSTICIA;2013;899
CASTILLA - LA MANCHA;9. ADMÓN. JUSTICIA;2012;865
CASTILLA - LA MANCHA;9. ADMÓN. JUSTICIA;2011;910
CASTILLA - LA MANCHA;9. ADMÓN. JUSTICIA;2010;936
CASTILLA - LA MANCHA;10. ORDEN PÚBLICO;2023;964
CASTILLA - LA MANCHA;10. ORDEN PÚBLICO;2022;944
CASTILLA - LA MANCHA;10. ORDEN PÚBLICO;2021;895
CASTILLA - LA MANCHA;10. ORDEN PÚBLICO;2020;1.220
CASTILLA - LA MANCHA;10. ORDEN PÚBLICO;2019;774
CASTILLA - LA MANCHA;10. ORDEN PÚBLICO;2018;760
CASTILLA - LA MANCHA;10. ORDEN PÚBLICO;2017;717
CASTILLA - LA MANCHA;10. ORDEN PÚBLICO;2016;768
CASTILLA - LA MANCHA;10. ORDEN PÚBLICO;2015;671
CASTILLA - LA MANCHA;10. ORDEN PÚBLICO;2014;724
CASTILLA - LA MANCHA;10. ORDEN PÚBLICO;2013;883
CASTILLA - LA MANCHA;10. ORDEN PÚBLICO;2012;977
CASTILLA - LA MANCHA;10. ORDEN PÚBLICO;2011;976
CASTILLA - LA MANCHA;10. ORDEN PÚBLICO;2010;825
CASTILLA - LA MANCHA;11. LEGISLACIÓN ESPECIAL;2023;4
CASTILLA - LA MANCHA;11. LEGISLACIÓN ESPECIAL;2022;9
CASTILLA - LA MANCHA;11. LEGISLACIÓN ESPECIAL;2021;3
CASTILLA - LA MANCHA;11. LEGISLACIÓN ESPECIAL;2020;11
CASTILLA - LA MANCHA;11. LEGISLACIÓN ESPECIAL;2019;29
CASTILLA - LA MANCHA;11. LEGISLACIÓN ESPECIAL;2018;32
CASTILLA - LA MANCHA;11. LEGISLACIÓN ESPECIAL;2017;7
CASTILLA - LA MANCHA;11. LEGISLACIÓN ESPECIAL;2016;6
CASTILLA - LA MANCHA;11. LEGISLACIÓN ESPECIAL;2015;5
CASTILLA - LA MANCHA;11. LEGISLACIÓN ESPECIAL;2014;17
CASTILLA - LA MANCHA;11. LEGISLACIÓN ESPECIAL;2013;1
CASTILLA - LA MANCHA;11. LEGISLACIÓN ESPECIAL;2012;0
CASTILLA - LA MANCHA;11. LEGISLACIÓN ESPECIAL;2011;1
CASTILLA - LA MANCHA;11. LEGISLACIÓN ESPECIAL;2010;1
CASTILLA - LA MANCHA;12. OTRAS INFRACCIONES PENALES;2023;403
CASTILLA - LA MANCHA;12. OTRAS INFRACCIONES PENALES;2022;296
CASTILLA - LA MANCHA;12. OTRAS INFRACCIONES PENALES;2021;292
CASTILLA - LA MANCHA;12. OTRAS INFRACCIONES PENALES;2020;265
CASTILLA - LA MANCHA;12. OTRAS INFRACCIONES PENALES;2019;311
CASTILLA - LA MANCHA;12. OTRAS INFRACCIONES PENALES;2018;225
CASTILLA - LA MANCHA;12. OTRAS INFRACCIONES PENALES;2017;343
CASTILLA - LA MANCHA;12. OTRAS INFRACCIONES PENALES;2016;269
CASTILLA - LA MANCHA;12. OTRAS INFRACCIONES PENALES;2015;255
CASTILLA - LA MANCHA;12. OTRAS INFRACCIONES PENALES;2014;251
CASTILLA - LA MANCHA;12. OTRAS INFRACCIONES PENALES;2013;280
CASTILLA - LA MANCHA;12. OTRAS INFRACCIONES PENALES;2012;203
CASTILLA - LA MANCHA;12. OTRAS INFRACCIONES PENALES;2011;213
CASTILLA - LA MANCHA;12. OTRAS INFRACCIONES PENALES;2010;122
CASTILLA - LA MANCHA;TOTAL INFRACCIONES PENALES;2023;21.703
CASTILLA - LA MANCHA;TOTAL INFRACCIONES PENALES;2022;20.430
CASTILLA - LA MANCHA;TOTAL INFRACCIONES PENALES;2021;19.400
CASTILLA - LA MANCHA;TOTAL INFRACCIONES PENALES;2020;17.732
CASTILLA - LA MANCHA;TOTAL INFRACCIONES PENALES;2019;19.638
CASTILLA - LA MANCHA;TOTAL INFRACCIONES PENALES;2018;19.050
CASTILLA - LA MANCHA;TOTAL INFRACCIONES PENALES;2017;17.859
CASTILLA - LA MANCHA;TOTAL INFRACCIONES PENALES;2016;17.218
CASTILLA - LA MANCHA;TOTAL INFRACCIONES PENALES;2015;16.278
CASTILLA - LA MANCHA;TOTAL INFRACCIONES PENALES;2014;18.241
CASTILLA - LA MANCHA;TOTAL INFRACCIONES PENALES;2013;19.942
CASTILLA - LA MANCHA;TOTAL INFRACCIONES PENALES;2012;20.066
CASTILLA - LA MANCHA;TOTAL INFRACCIONES PENALES;2011;20.424
CASTILLA - LA MANCHA;TOTAL INFRACCIONES PENALES;2010;16.003
CATALUÑA;1. CONTRA LAS PERSONAS;2023;17.677
CATALUÑA;1. CONTRA LAS PERSONAS;2022;17.207
CATALUÑA;1. CONTRA LAS PERSONAS;2021;14.861
CATALUÑA;1. CONTRA LAS PERSONAS;2020;13.320
CATALUÑA;1. CONTRA LAS PERSONAS;2019;4.160
CATALUÑA;1. CONTRA LAS PERSONAS;2018;4.265
CATALUÑA;1. CONTRA LAS PERSONAS;2017;4.146
CATALUÑA;1. CONTRA LAS PERSONAS;2016;4.121
CATALUÑA;1. CONTRA LAS PERSONAS;2015;4.100
CATALUÑA;1. CONTRA LAS PERSONAS;2014;4.452
CATALUÑA;1. CONTRA LAS PERSONAS;2013;4.509
CATALUÑA;1. CONTRA LAS PERSONAS;2012;5.046
CATALUÑA;1. CONTRA LAS PERSONAS;2011;5.500
CATALUÑA;1. CONTRA LAS PERSONAS;2010;5.958
CATALUÑA;1.1.-Homicidios dolosos/asesinatos;2023;151
CATALUÑA;1.1.-Homicidios dolosos/asesinatos;2022;106
CATALUÑA;1.1.-Homicidios dolosos/asesinatos;2021;126
CATALUÑA;1.1.-Homicidios dolosos/asesinatos;2020;122
CATALUÑA;1.1.-Homicidios dolosos/asesinatos;2019;218
CATALUÑA;1.1.-Homicidios dolosos/asesinatos;2018;192
CATALUÑA;1.1.-Homicidios dolosos/asesinatos;2017;191
CATALUÑA;1.1.-Homicidios dolosos/asesinatos;2016;193
CATALUÑA;1.1.-Homicidios dolosos/asesinatos;2015;166
CATALUÑA;1.1.-Homicidios dolosos/asesinatos;2014;187
CATALUÑA;1.1.-Homicidios dolosos/asesinatos;2013;177
CATALUÑA;1.1.-Homicidios dolosos/asesinatos;2012;312
CATALUÑA;1.1.-Homicidios dolosos/asesinatos;2011;257
CATALUÑA;1.1.-Homicidios dolosos/asesinatos;2010;284
CATALUÑA;1.1.1.-Homicidios dolosos/asesinatos consumados;2023;50
CATALUÑA;1.1.1.-Homicidios dolosos/asesinatos consumados;2022;32
CATALUÑA;1.1.1.-Homicidios dolosos/asesinatos consumados;2021;40
CATALUÑA;1.1.1.-Homicidios dolosos/asesinatos consumados;2020;35
CATALUÑA;1.1.1.-Homicidios dolosos/asesinatos consumados;2019;1
CATALUÑA;1.1.1.-Homicidios dolosos/asesinatos consumados;2018;0
CATALUÑA;1.1.1.-Homicidios dolosos/asesinatos consumados;2017;3
CATALUÑA;1.1.1.-Homicidios dolosos/asesinatos consumados;2016;0
CATALUÑA;1.1.1.-Homicidios dolosos/asesinatos consumados;2015;1
CATALUÑA;1.1.1.-Homicidios dolosos/asesinatos consumados;2014;0
CATALUÑA;1.1.1.-Homicidios dolosos/asesinatos consumados;2013;1
CATALUÑA;1.1.1.-Homicidios dolosos/asesinatos consumados;2012;5
CATALUÑA;1.1.1.-Homicidios dolosos/asesinatos consumados;2011;2
CATALUÑA;1.1.1.-Homicidios dolosos/asesinatos consumados;2010;7
CATALUÑA;1.2.-Lesiones;2023;9.499
CATALUÑA;1.2.-Lesiones;2022;9.393
CATALUÑA;1.2.-Lesiones;2021;7.994
CATALUÑA;1.2.-Lesiones;2020;6.889
CATALUÑA;1.2.-Lesiones;2019;1.153
CATALUÑA;1.2.-Lesiones;2018;1.151
CATALUÑA;1.2.-Lesiones;2017;1.169
CATALUÑA;1.2.-Lesiones;2016;1.173
CATALUÑA;1.2.-Lesiones;2015;1.259
CATALUÑA;1.2.-Lesiones;2014;1.367
CATALUÑA;1.2.-Lesiones;2013;1.446
CATALUÑA;1.2.-Lesiones;2012;1.623
CATALUÑA;1.2.-Lesiones;2011;1.844
CATALUÑA;1.2.-Lesiones;2010;1.895
CATALUÑA;1.3.-Malos tratos ámbito familiar;2023;7.578
CATALUÑA;1.3.-Malos tratos ámbito familiar;2022;7.354
CATALUÑA;1.3.-Malos tratos ámbito familiar;2021;6.434
CATALUÑA;1.3.-Malos tratos ámbito familiar;2020;5.993
CATALUÑA;1.3.-Malos tratos ámbito familiar;2019;2.766
CATALUÑA;1.3.-Malos tratos ámbito familiar;2018;2.900
CATALUÑA;1.3.-Malos tratos ámbito familiar;2017;2.762
CATALUÑA;1.3.-Malos tratos ámbito familiar;2016;2.745
CATALUÑA;1.3.-Malos tratos ámbito familiar;2015;2.656
CATALUÑA;1.3.-Malos tratos ámbito familiar;2014;2.872
CATALUÑA;1.3.-Malos tratos ámbito familiar;2013;2.851
CATALUÑA;1.3.-Malos tratos ámbito familiar;2012;3.064
CATALUÑA;1.3.-Malos tratos ámbito familiar;2011;3.370
CATALUÑA;1.3.-Malos tratos ámbito familiar;2010;3.741
CATALUÑA;1.4.-Otros contra las personas;2023;449
CATALUÑA;1.4.-Otros contra las personas;2022;354
CATALUÑA;1.4.-Otros contra las personas;2021;307
CATALUÑA;1.4.-Otros contra las personas;2020;316
CATALUÑA;1.4.-Otros contra las personas;2019;23
CATALUÑA;1.4.-Otros contra las personas;2018;22
CATALUÑA;1.4.-Otros contra las personas;2017;24
CATALUÑA;1.4.-Otros contra las personas;2016;10
CATALUÑA;1.4.-Otros contra las personas;2015;19
CATALUÑA;1.4.-Otros contra las personas;2014;26
CATALUÑA;1.4.-Otros contra las personas;2013;35
CATALUÑA;1.4.-Otros contra las personas;2012;47
CATALUÑA;1.4.-Otros contra las personas;2011;29
CATALUÑA;1.4.-Otros contra las personas;2010;38
CATALUÑA;2. CONTRA LA LIBERTAD;2023;11.153
CATALUÑA;2. CONTRA LA LIBERTAD;2022;10.795
CATALUÑA;2. CONTRA LA LIBERTAD;2021;10.270
CATALUÑA;2. CONTRA LA LIBERTAD;2020;9.416
CATALUÑA;2. CONTRA LA LIBERTAD;2019;3.288
CATALUÑA;2. CONTRA LA LIBERTAD;2018;3.366
CATALUÑA;2. CONTRA LA LIBERTAD;2017;3.073
CATALUÑA;2. CONTRA LA LIBERTAD;2016;3.084
CATALUÑA;2. CONTRA LA LIBERTAD;2015;3.426
CATALUÑA;2. CONTRA LA LIBERTAD;2014;3.567
CATALUÑA;2. CONTRA LA LIBERTAD;2013;3.888
CATALUÑA;2. CONTRA LA LIBERTAD;2012;4.265
CATALUÑA;2. CONTRA LA LIBERTAD;2011;4.291
CATALUÑA;2. CONTRA LA LIBERTAD;2010;4.521
CATALUÑA;2.1.-Malos tratos habituales en el ámbito familiar;2023;1.246
CATALUÑA;2.1.-Malos tratos habituales en el ámbito familiar;2022;1.185
CATALUÑA;2.1.-Malos tratos habituales en el ámbito familiar;2021;1.128
CATALUÑA;2.1.-Malos tratos habituales en el ámbito familiar;2020;989
CATALUÑA;2.1.-Malos tratos habituales en el ámbito familiar;2019;592
CATALUÑA;2.1.-Malos tratos habituales en el ámbito familiar;2018;681
CATALUÑA;2.1.-Malos tratos habituales en el ámbito familiar;2017;676
CATALUÑA;2.1.-Malos tratos habituales en el ámbito familiar;2016;786
CATALUÑA;2.1.-Malos tratos habituales en el ámbito familiar;2015;1.022
CATALUÑA;2.1.-Malos tratos habituales en el ámbito familiar;2014;1.018
CATALUÑA;2.1.-Malos tratos habituales en el ámbito familiar;2013;1.120
CATALUÑA;2.1.-Malos tratos habituales en el ámbito familiar;2012;1.405
CATALUÑA;2.1.-Malos tratos habituales en el ámbito familiar;2011;1.585
CATALUÑA;2.1.-Malos tratos habituales en el ámbito familiar;2010;1.977
CATALUÑA;2.2.-Otros contra la libertad;2023;9.907
CATALUÑA;2.2.-Otros contra la libertad;2022;9.610
CATALUÑA;2.2.-Otros contra la libertad;2021;9.142
CATALUÑA;2.2.-Otros contra la libertad;2020;8.427
CATALUÑA;2.2.-Otros contra la libertad;2019;2.696
CATALUÑA;2.2.-Otros contra la libertad;2018;2.685
CATALUÑA;2.2.-Otros contra la libertad;2017;2.397
CATALUÑA;2.2.-Otros contra la libertad;2016;2.298
CATALUÑA;2.2.-Otros contra la libertad;2015;2.404
CATALUÑA;2.2.-Otros contra la libertad;2014;2.549
CATALUÑA;2.2.-Otros contra la libertad;2013;2.768
CATALUÑA;2.2.-Otros contra la libertad;2012;2.860
CATALUÑA;2.2.-Otros contra la libertad;2011;2.706
CATALUÑA;2.2.-Otros contra la libertad;2010;2.544
CATALUÑA;3. LIBERTAD SEXUAL;2023;2.847
CATALUÑA;3. LIBERTAD SEXUAL;2022;2.288
CATALUÑA;3. LIBERTAD SEXUAL;2021;1.682
CATALUÑA;3. LIBERTAD SEXUAL;2020;1.193
CATALUÑA;3. LIBERTAD SEXUAL;2019;1.252
CATALUÑA;3. LIBERTAD SEXUAL;2018;1.117
CATALUÑA;3. LIBERTAD SEXUAL;2017;984
CATALUÑA;3. LIBERTAD SEXUAL;2016;1.022
CATALUÑA;3. LIBERTAD SEXUAL;2015;986
CATALUÑA;3. LIBERTAD SEXUAL;2014;1.038
CATALUÑA;3. LIBERTAD SEXUAL;2013;922
CATALUÑA;3. LIBERTAD SEXUAL;2012;943
CATALUÑA;3. LIBERTAD SEXUAL;2011;1.074
CATALUÑA;3. LIBERTAD SEXUAL;2010;1.109
CATALUÑA;3.1.-Agresión sexual;2023;1.615
CATALUÑA;3.1.-Agresión sexual;2022;1.411
CATALUÑA;3.1.-Agresión sexual;2021;962
CATALUÑA;3.1.-Agresión sexual;2020;649
CATALUÑA;3.1.-Agresión sexual;2019;534
CATALUÑA;3.1.-Agresión sexual;2018;457
CATALUÑA;3.1.-Agresión sexual;2017;456
CATALUÑA;3.1.-Agresión sexual;2016;522
CATALUÑA;3.1.-Agresión sexual;2015;404
CATALUÑA;3.1.-Agresión sexual;2014;395
CATALUÑA;3.1.-Agresión sexual;2013;360
CATALUÑA;3.1.-Agresión sexual;2012;379
CATALUÑA;3.1.-Agresión sexual;2011;383
CATALUÑA;3.1.-Agresión sexual;2010;391
CATALUÑA;3.2.-Agresión sexual con penetración;2023;793
CATALUÑA;3.2.-Agresión sexual con penetración;2022;593
CATALUÑA;3.2.-Agresión sexual con penetración;2021;470
CATALUÑA;3.2.-Agresión sexual con penetración;2020;316
CATALUÑA;3.2.-Agresión sexual con penetración;2019;487
CATALUÑA;3.2.-Agresión sexual con penetración;2018;426
CATALUÑA;3.2.-Agresión sexual con penetración;2017;318
CATALUÑA;3.2.-Agresión sexual con penetración;2016;248
CATALUÑA;3.2.-Agresión sexual con penetración;2015;257
CATALUÑA;3.2.-Agresión sexual con penetración;2014;293
CATALUÑA;3.2.-Agresión sexual con penetración;2013;231
CATALUÑA;3.2.-Agresión sexual con penetración;2012;243
CATALUÑA;3.2.-Agresión sexual con penetración;2011;285
CATALUÑA;3.2.-Agresión sexual con penetración;2010;300
CATALUÑA;3.3.-Corrupción de menores o incapacitados;2023;6
CATALUÑA;3.3.-Corrupción de menores o incapacitados;2022;11
CATALUÑA;3.3.-Corrupción de menores o incapacitados;2021;17
CATALUÑA;3.3.-Corrupción de menores o incapacitados;2020;5
CATALUÑA;3.3.-Corrupción de menores o incapacitados;2019;4
CATALUÑA;3.3.-Corrupción de menores o incapacitados;2018;5
CATALUÑA;3.3.-Corrupción de menores o incapacitados;2017;7
CATALUÑA;3.3.-Corrupción de menores o incapacitados;2016;11
CATALUÑA;3.3.-Corrupción de menores o incapacitados;2015;13
CATALUÑA;3.3.-Corrupción de menores o incapacitados;2014;4
CATALUÑA;3.3.-Corrupción de menores o incapacitados;2013;7
CATALUÑA;3.3.-Corrupción de menores o incapacitados;2012;8
CATALUÑA;3.3.-Corrupción de menores o incapacitados;2011;14
CATALUÑA;3.3.-Corrupción de menores o incapacitados;2010;48
CATALUÑA;3.4.-Pornografía de menores;2023;113
CATALUÑA;3.4.-Pornografía de menores;2022;91
CATALUÑA;3.4.-Pornografía de menores;2021;63
CATALUÑA;3.4.-Pornografía de menores;2020;87
CATALUÑA;3.4.-Pornografía de menores;2019;87
CATALUÑA;3.4.-Pornografía de menores;2018;94
CATALUÑA;3.4.-Pornografía de menores;2017;58
CATALUÑA;3.4.-Pornografía de menores;2016;88
CATALUÑA;3.4.-Pornografía de menores;2015;92
CATALUÑA;3.4.-Pornografía de menores;2014;88
CATALUÑA;3.4.-Pornografía de menores;2013;54
CATALUÑA;3.4.-Pornografía de menores;2012;108
CATALUÑA;3.4.-Pornografía de menores;2011;115
CATALUÑA;3.4.-Pornografía de menores;2010;106
CATALUÑA;3.5.-Otros contra la libertad sexual;2023;320
CATALUÑA;3.5.-Otros contra la libertad sexual;2022;182
CATALUÑA;3.5.-Otros contra la libertad sexual;2021;170
CATALUÑA;3.5.-Otros contra la libertad sexual;2020;136
CATALUÑA;3.5.-Otros contra la libertad sexual;2019;140
CATALUÑA;3.5.-Otros contra la libertad sexual;2018;135
CATALUÑA;3.5.-Otros contra la libertad sexual;2017;145
CATALUÑA;3.5.-Otros contra la libertad sexual;2016;153
CATALUÑA;3.5.-Otros contra la libertad sexual;2015;220
CATALUÑA;3.5.-Otros contra la libertad sexual;2014;258
CATALUÑA;3.5.-Otros contra la libertad sexual;2013;270
CATALUÑA;3.5.-Otros contra la libertad sexual;2012;205
CATALUÑA;3.5.-Otros contra la libertad sexual;2011;277
CATALUÑA;3.5.-Otros contra la libertad sexual;2010;264
CATALUÑA;4. RELACIONES FAMILIARES;2023;1.094
CATALUÑA;4. RELACIONES FAMILIARES;2022;1.049
CATALUÑA;4. RELACIONES FAMILIARES;2021;976
CATALUÑA;4. RELACIONES FAMILIARES;2020;948
CATALUÑA;4. RELACIONES FAMILIARES;2019;22
CATALUÑA;4. RELACIONES FAMILIARES;2018;25
CATALUÑA;4. RELACIONES FAMILIARES;2017;23
CATALUÑA;4. RELACIONES FAMILIARES;2016;34
CATALUÑA;4. RELACIONES FAMILIARES;2015;23
CATALUÑA;4. RELACIONES FAMILIARES;2014;19
CATALUÑA;4. RELACIONES FAMILIARES;2013;27
CATALUÑA;4. RELACIONES FAMILIARES;2012;37
CATALUÑA;4. RELACIONES FAMILIARES;2011;46
CATALUÑA;4. RELACIONES FAMILIARES;2010;38
CATALUÑA;5. PATRIMONIO;2023;60.929
CATALUÑA;5. PATRIMONIO;2022;52.470
CATALUÑA;5. PATRIMONIO;2021;42.405
CATALUÑA;5. PATRIMONIO;2020;38.867
CATALUÑA;5. PATRIMONIO;2019;19.834
CATALUÑA;5. PATRIMONIO;2018;18.206
CATALUÑA;5. PATRIMONIO;2017;15.721
CATALUÑA;5. PATRIMONIO;2016;16.160
CATALUÑA;5. PATRIMONIO;2015;17.254
CATALUÑA;5. PATRIMONIO;2014;20.662
CATALUÑA;5. PATRIMONIO;2013;23.718
CATALUÑA;5. PATRIMONIO;2012;23.577
CATALUÑA;5. PATRIMONIO;2011;24.916
CATALUÑA;5. PATRIMONIO;2010;25.258
CATALUÑA;5.1.-Hurtos;2023;28.905
CATALUÑA;5.1.-Hurtos;2022;22.823
CATALUÑA;5.1.-Hurtos;2021;15.983
CATALUÑA;5.1.-Hurtos;2020;13.781
CATALUÑA;5.1.-Hurtos;2019;6.811
CATALUÑA;5.1.-Hurtos;2018;6.036
CATALUÑA;5.1.-Hurtos;2017;4.916
CATALUÑA;5.1.-Hurtos;2016;4.550
CATALUÑA;5.1.-Hurtos;2015;4.761
CATALUÑA;5.1.-Hurtos;2014;5.726
CATALUÑA;5.1.-Hurtos;2013;6.551
CATALUÑA;5.1.-Hurtos;2012;6.253
CATALUÑA;5.1.-Hurtos;2011;6.749
CATALUÑA;5.1.-Hurtos;2010;6.571
CATALUÑA;5.2.-Robos con fuerza en las cosas;2023;4.919
CATALUÑA;5.2.-Robos con fuerza en las cosas;2022;4.333
CATALUÑA;5.2.-Robos con fuerza en las cosas;2021;3.732
CATALUÑA;5.2.-Robos con fuerza en las cosas;2020;3.804
CATALUÑA;5.2.-Robos con fuerza en las cosas;2019;5.457
CATALUÑA;5.2.-Robos con fuerza en las cosas;2018;5.529
CATALUÑA;5.2.-Robos con fuerza en las cosas;2017;4.951
CATALUÑA;5.2.-Robos con fuerza en las cosas;2016;5.387
CATALUÑA;5.2.-Robos con fuerza en las cosas;2015;5.624
CATALUÑA;5.2.-Robos con fuerza en las cosas;2014;6.712
CATALUÑA;5.2.-Robos con fuerza en las cosas;2013;8.070
CATALUÑA;5.2.-Robos con fuerza en las cosas;2012;8.060
CATALUÑA;5.2.-Robos con fuerza en las cosas;2011;8.661
CATALUÑA;5.2.-Robos con fuerza en las cosas;2010;9.223
CATALUÑA;5.2.1.-Robos con fuerza en las cosas en el interior de vehículos;2023;1.279
CATALUÑA;5.2.1.-Robos con fuerza en las cosas en el interior de vehículos;2022;1.076
CATALUÑA;5.2.1.-Robos con fuerza en las cosas en el interior de vehículos;2021;954
CATALUÑA;5.2.1.-Robos con fuerza en las cosas en el interior de vehículos;2020;2
CATALUÑA;5.2.1.-Robos con fuerza en las cosas en el interior de vehículos;2019;1.083
CATALUÑA;5.2.1.-Robos con fuerza en las cosas en el interior de vehículos;2018;969
CATALUÑA;5.2.1.-Robos con fuerza en las cosas en el interior de vehículos;2017;838
CATALUÑA;5.2.1.-Robos con fuerza en las cosas en el interior de vehículos;2016;953
CATALUÑA;5.2.1.-Robos con fuerza en las cosas en el interior de vehículos;2015;982
CATALUÑA;5.2.1.-Robos con fuerza en las cosas en el interior de vehículos;2014;1.065
CATALUÑA;5.2.1.-Robos con fuerza en las cosas en el interior de vehículos;2013;1.444
CATALUÑA;5.2.1.-Robos con fuerza en las cosas en el interior de vehículos;2012;1.582
CATALUÑA;5.2.1.-Robos con fuerza en las cosas en el interior de vehículos;2011;1.814
CATALUÑA;5.2.1.-Robos con fuerza en las cosas en el interior de vehículos;2010;2.206
CATALUÑA;5.2.2.-Robos con fuerza en viviendas;2023;1.264
CATALUÑA;5.2.2.-Robos con fuerza en viviendas;2022;1.177
CATALUÑA;5.2.2.-Robos con fuerza en viviendas;2021;1.090
CATALUÑA;5.2.2.-Robos con fuerza en viviendas;2020;1.308
CATALUÑA;5.2.2.-Robos con fuerza en viviendas;2019;16
CATALUÑA;5.2.2.-Robos con fuerza en viviendas;2018;10
CATALUÑA;5.2.2.-Robos con fuerza en viviendas;2017;6
CATALUÑA;5.2.2.-Robos con fuerza en viviendas;2016;10
CATALUÑA;5.2.2.-Robos con fuerza en viviendas;2015;22
CATALUÑA;5.2.2.-Robos con fuerza en viviendas;2014;20
CATALUÑA;5.2.2.-Robos con fuerza en viviendas;2013;73
CATALUÑA;5.2.2.-Robos con fuerza en viviendas;2012;16
CATALUÑA;5.2.2.-Robos con fuerza en viviendas;2011;8
CATALUÑA;5.2.2.-Robos con fuerza en viviendas;2010;20
CATALUÑA;5.2.3.-Robos con fuerza en establecimientos;2023;1.128
CATALUÑA;5.2.3.-Robos con fuerza en establecimientos;2022;980
CATALUÑA;5.2.3.-Robos con fuerza en establecimientos;2021;757
CATALUÑA;5.2.3.-Robos con fuerza en establecimientos;2020;870
CATALUÑA;5.2.3.-Robos con fuerza en establecimientos;2019;15
CATALUÑA;5.2.3.-Robos con fuerza en establecimientos;2018;7
CATALUÑA;5.2.3.-Robos con fuerza en establecimientos;2017;4
CATALUÑA;5.2.3.-Robos con fuerza en establecimientos;2016;6
CATALUÑA;5.2.3.-Robos con fuerza en establecimientos;2015;12
CATALUÑA;5.2.3.-Robos con fuerza en establecimientos;2014;30
CATALUÑA;5.2.3.-Robos con fuerza en establecimientos;2013;17
CATALUÑA;5.2.3.-Robos con fuerza en establecimientos;2012;4
CATALUÑA;5.2.3.-Robos con fuerza en establecimientos;2011;15
CATALUÑA;5.2.3.-Robos con fuerza en establecimientos;2010;20
CATALUÑA;5.3.-Robos con violencia o intimidación;2023;3.593
CATALUÑA;5.3.-Robos con violencia o intimidación;2022;2.998
CATALUÑA;5.3.-Robos con violencia o intimidación;2021;2.401
CATALUÑA;5.3.-Robos con violencia o intimidación;2020;2.080
CATALUÑA;5.3.-Robos con violencia o intimidación;2019;4.644
CATALUÑA;5.3.-Robos con violencia o intimidación;2018;3.625
CATALUÑA;5.3.-Robos con violencia o intimidación;2017;3.317
CATALUÑA;5.3.-Robos con violencia o intimidación;2016;3.399
CATALUÑA;5.3.-Robos con violencia o intimidación;2015;3.511
CATALUÑA;5.3.-Robos con violencia o intimidación;2014;3.724
CATALUÑA;5.3.-Robos con violencia o intimidación;2013;4.647
CATALUÑA;5.3.-Robos con violencia o intimidación;2012;5.014
CATALUÑA;5.3.-Robos con violencia o intimidación;2011;4.847
CATALUÑA;5.3.-Robos con violencia o intimidación;2010;5.050
CATALUÑA;5.3.1.-Robos con violencia en vía pública;2023;2.446
CATALUÑA;5.3.1.-Robos con violencia en vía pública;2022;2.057
CATALUÑA;5.3.1.-Robos con violencia en vía pública;2021;1.464
CATALUÑA;5.3.1.-Robos con violencia en vía pública;2020;1.281
CATALUÑA;5.3.1.-Robos con violencia en vía pública;2019;5
CATALUÑA;5.3.1.-Robos con violencia en vía pública;2018;5
CATALUÑA;5.3.1.-Robos con violencia en vía pública;2017;6
CATALUÑA;5.3.1.-Robos con violencia en vía pública;2016;11
CATALUÑA;5.3.1.-Robos con violencia en vía pública;2015;12
CATALUÑA;5.3.1.-Robos con violencia en vía pública;2014;9
CATALUÑA;5.3.1.-Robos con violencia en vía pública;2013;9
CATALUÑA;5.3.1.-Robos con violencia en vía pública;2012;13
CATALUÑA;5.3.1.-Robos con violencia en vía pública;2011;12
CATALUÑA;5.3.1.-Robos con violencia en vía pública;2010;9
CATALUÑA;5.3.2.-Robos con violencia en viviendas;2023;124
CATALUÑA;5.3.2.-Robos con violencia en viviendas;2022;111
CATALUÑA;5.3.2.-Robos con violencia en viviendas;2021;137
CATALUÑA;5.3.2.-Robos con violencia en viviendas;2020;127
CATALUÑA;5.3.2.-Robos con violencia en viviendas;2019;2
CATALUÑA;5.3.2.-Robos con violencia en viviendas;2018;1
CATALUÑA;5.3.2.-Robos con violencia en viviendas;2017;5
CATALUÑA;5.3.2.-Robos con violencia en viviendas;2016;3
CATALUÑA;5.3.2.-Robos con violencia en viviendas;2015;6
CATALUÑA;5.3.2.-Robos con violencia en viviendas;2014;5
CATALUÑA;5.3.2.-Robos con violencia en viviendas;2013;14
CATALUÑA;5.3.2.-Robos con violencia en viviendas;2012;2
CATALUÑA;5.3.2.-Robos con violencia en viviendas;2011;2
CATALUÑA;5.3.2.-Robos con violencia en viviendas;2010;3
CATALUÑA;5.3.3.-Robos con violencia en establecimientos;2023;723
CATALUÑA;5.3.3.-Robos con violencia en establecimientos;2022;545
CATALUÑA;5.3.3.-Robos con violencia en establecimientos;2021;495
CATALUÑA;5.3.3.-Robos con violencia en establecimientos;2020;470
CATALUÑA;5.3.3.-Robos con violencia en establecimientos;2019;3
CATALUÑA;5.3.3.-Robos con violencia en establecimientos;2018;0
CATALUÑA;5.3.3.-Robos con violencia en establecimientos;2017;0
CATALUÑA;5.3.3.-Robos con violencia en establecimientos;2016;6
CATALUÑA;5.3.3.-Robos con violencia en establecimientos;2015;5
CATALUÑA;5.3.3.-Robos con violencia en establecimientos;2014;2
CATALUÑA;5.3.3.-Robos con violencia en establecimientos;2013;11
CATALUÑA;5.3.3.-Robos con violencia en establecimientos;2012;8
CATALUÑA;5.3.3.-Robos con violencia en establecimientos;2011;2
CATALUÑA;5.3.3.-Robos con violencia en establecimientos;2010;16
CATALUÑA;5.4.-Sustracción de vehículos;2023;767
CATALUÑA;5.4.-Sustracción de vehículos;2022;632
CATALUÑA;5.4.-Sustracción de vehículos;2021;584
CATALUÑA;5.4.-Sustracción de vehículos;2020;626
CATALUÑA;5.4.-Sustracción de vehículos;2019;432
CATALUÑA;5.4.-Sustracción de vehículos;2018;396
CATALUÑA;5.4.-Sustracción de vehículos;2017;327
CATALUÑA;5.4.-Sustracción de vehículos;2016;413
CATALUÑA;5.4.-Sustracción de vehículos;2015;449
CATALUÑA;5.4.-Sustracción de vehículos;2014;535
CATALUÑA;5.4.-Sustracción de vehículos;2013;522
CATALUÑA;5.4.-Sustracción de vehículos;2012;598
CATALUÑA;5.4.-Sustracción de vehículos;2011;726
CATALUÑA;5.4.-Sustracción de vehículos;2010;865
CATALUÑA;5.5.-Estafas;2023;6.647
CATALUÑA;5.5.-Estafas;2022;5.995
CATALUÑA;5.5.-Estafas;2021;4.466
CATALUÑA;5.5.-Estafas;2020;3.851
CATALUÑA;5.5.-Estafas;2019;1.265
CATALUÑA;5.5.-Estafas;2018;1.236
CATALUÑA;5.5.-Estafas;2017;1.057
CATALUÑA;5.5.-Estafas;2016;1.162
CATALUÑA;5.5.-Estafas;2015;1.190
CATALUÑA;5.5.-Estafas;2014;1.457
CATALUÑA;5.5.-Estafas;2013;1.435
CATALUÑA;5.5.-Estafas;2012;1.324
CATALUÑA;5.5.-Estafas;2011;1.201
CATALUÑA;5.5.-Estafas;2010;978
CATALUÑA;5.5.1.-Estafas informáticas;2023;1.669
CATALUÑA;5.5.1.-Estafas informáticas;2022;1.376
CATALUÑA;5.5.1.-Estafas informáticas;2021;631
CATALUÑA;5.5.1.-Estafas informáticas;2020;505
CATALUÑA;5.5.1.-Estafas informáticas;2019;319
CATALUÑA;5.5.1.-Estafas informáticas;2018;254
CATALUÑA;5.5.1.-Estafas informáticas;2017;166
CATALUÑA;5.5.1.-Estafas informáticas;2016;220
CATALUÑA;5.5.1.-Estafas informáticas;2015;209
CATALUÑA;5.5.1.-Estafas informáticas;2014;248
CATALUÑA;5.5.1.-Estafas informáticas;2013;215
CATALUÑA;5.5.1.-Estafas informáticas;2012;221
CATALUÑA;5.5.1.-Estafas informáticas;2011;192
CATALUÑA;5.5.1.-Estafas informáticas;2010;120
CATALUÑA;5.6.-Daños;2023;3.965
CATALUÑA;5.6.-Daños;2022;3.886
CATALUÑA;5.6.-Daños;2021;3.865
CATALUÑA;5.6.-Daños;2020;3.338
CATALUÑA;5.6.-Daños;2019;329
CATALUÑA;5.6.-Daños;2018;269
CATALUÑA;5.6.-Daños;2017;305
CATALUÑA;5.6.-Daños;2016;343
CATALUÑA;5.6.-Daños;2015;313
CATALUÑA;5.6.-Daños;2014;345
CATALUÑA;5.6.-Daños;2013;404
CATALUÑA;5.6.-Daños;2012;421
CATALUÑA;5.6.-Daños;2011;445
CATALUÑA;5.6.-Daños;2010;537
CATALUÑA;5.7.-Contra la propiedad intelectual/industrial;2023;230
CATALUÑA;5.7.-Contra la propiedad intelectual/industrial;2022;249
CATALUÑA;5.7.-Contra la propiedad intelectual/industrial;2021;275
CATALUÑA;5.7.-Contra la propiedad intelectual/industrial;2020;158
CATALUÑA;5.7.-Contra la propiedad intelectual/industrial;2019;198
CATALUÑA;5.7.-Contra la propiedad intelectual/industrial;2018;292
CATALUÑA;5.7.-Contra la propiedad intelectual/industrial;2017;127
CATALUÑA;5.7.-Contra la propiedad intelectual/industrial;2016;196
CATALUÑA;5.7.-Contra la propiedad intelectual/industrial;2015;312
CATALUÑA;5.7.-Contra la propiedad intelectual/industrial;2014;411
CATALUÑA;5.7.-Contra la propiedad intelectual/industrial;2013;371
CATALUÑA;5.7.-Contra la propiedad intelectual/industrial;2012;367
CATALUÑA;5.7.-Contra la propiedad intelectual/industrial;2011;410
CATALUÑA;5.7.-Contra la propiedad intelectual/industrial;2010;383
CATALUÑA;5.8.-Blanqueo de capitales;2023;39
CATALUÑA;5.8.-Blanqueo de capitales;2022;38
CATALUÑA;5.8.-Blanqueo de capitales;2021;28
CATALUÑA;5.8.-Blanqueo de capitales;2020;26
CATALUÑA;5.8.-Blanqueo de capitales;2019;32
CATALUÑA;5.8.-Blanqueo de capitales;2018;29
CATALUÑA;5.8.-Blanqueo de capitales;2017;50
CATALUÑA;5.8.-Blanqueo de capitales;2016;81
CATALUÑA;5.8.-Blanqueo de capitales;2015;100
CATALUÑA;5.8.-Blanqueo de capitales;2014;155
CATALUÑA;5.8.-Blanqueo de capitales;2013;44
CATALUÑA;5.8.-Blanqueo de capitales;2012;41
CATALUÑA;5.8.-Blanqueo de capitales;2011;46
CATALUÑA;5.8.-Blanqueo de capitales;2010;41
CATALUÑA;5.9.-Otros contra el patrimonio;2023;11.864
CATALUÑA;5.9.-Otros contra el patrimonio;2022;11.516
CATALUÑA;5.9.-Otros contra el patrimonio;2021;11.071
CATALUÑA;5.9.-Otros contra el patrimonio;2020;11.203
CATALUÑA;5.9.-Otros contra el patrimonio;2019;666
CATALUÑA;5.9.-Otros contra el patrimonio;2018;794
CATALUÑA;5.9.-Otros contra el patrimonio;2017;671
CATALUÑA;5.9.-Otros contra el patrimonio;2016;629
CATALUÑA;5.9.-Otros contra el patrimonio;2015;994
CATALUÑA;5.9.-Otros contra el patrimonio;2014;1.597
CATALUÑA;5.9.-Otros contra el patrimonio;2013;1.674
CATALUÑA;5.9.-Otros contra el patrimonio;2012;1.499
CATALUÑA;5.9.-Otros contra el patrimonio;2011;1.831
CATALUÑA;5.9.-Otros contra el patrimonio;2010;1.610
CATALUÑA;6. SEGURIDAD COLECTIVA;2023;10.053
CATALUÑA;6. SEGURIDAD COLECTIVA;2022;9.898
CATALUÑA;6. SEGURIDAD COLECTIVA;2021;8.485
CATALUÑA;6. SEGURIDAD COLECTIVA;2020;6.785
CATALUÑA;6. SEGURIDAD COLECTIVA;2019;3.302
CATALUÑA;6. SEGURIDAD COLECTIVA;2018;3.205
CATALUÑA;6. SEGURIDAD COLECTIVA;2017;3.334
CATALUÑA;6. SEGURIDAD COLECTIVA;2016;3.250
CATALUÑA;6. SEGURIDAD COLECTIVA;2015;3.013
CATALUÑA;6. SEGURIDAD COLECTIVA;2014;3.474
CATALUÑA;6. SEGURIDAD COLECTIVA;2013;3.541
CATALUÑA;6. SEGURIDAD COLECTIVA;2012;3.535
CATALUÑA;6. SEGURIDAD COLECTIVA;2011;4.220
CATALUÑA;6. SEGURIDAD COLECTIVA;2010;3.536
CATALUÑA;6.1.-Tráfico de drogas;2023;3.943
CATALUÑA;6.1.-Tráfico de drogas;2022;3.672
CATALUÑA;6.1.-Tráfico de drogas;2021;3.010
CATALUÑA;6.1.-Tráfico de drogas;2020;2.722
CATALUÑA;6.1.-Tráfico de drogas;2019;2.724
CATALUÑA;6.1.-Tráfico de drogas;2018;2.603
CATALUÑA;6.1.-Tráfico de drogas;2017;2.745
CATALUÑA;6.1.-Tráfico de drogas;2016;2.627
CATALUÑA;6.1.-Tráfico de drogas;2015;2.422
CATALUÑA;6.1.-Tráfico de drogas;2014;2.723
CATALUÑA;6.1.-Tráfico de drogas;2013;2.833
CATALUÑA;6.1.-Tráfico de drogas;2012;2.789
CATALUÑA;6.1.-Tráfico de drogas;2011;3.037
CATALUÑA;6.1.-Tráfico de drogas;2010;2.319
CATALUÑA;6.2.-Contra la seguridad vial;2023;6.018
CATALUÑA;6.2.-Contra la seguridad vial;2022;6.136
CATALUÑA;6.2.-Contra la seguridad vial;2021;5.396
CATALUÑA;6.2.-Contra la seguridad vial;2020;3.998
CATALUÑA;6.2.-Contra la seguridad vial;2019;506
CATALUÑA;6.2.-Contra la seguridad vial;2018;502
CATALUÑA;6.2.-Contra la seguridad vial;2017;524
CATALUÑA;6.2.-Contra la seguridad vial;2016;537
CATALUÑA;6.2.-Contra la seguridad vial;2015;533
CATALUÑA;6.2.-Contra la seguridad vial;2014;618
CATALUÑA;6.2.-Contra la seguridad vial;2013;648
CATALUÑA;6.2.-Contra la seguridad vial;2012;654
CATALUÑA;6.2.-Contra la seguridad vial;2011;1.096
CATALUÑA;6.2.-Contra la seguridad vial;2010;1.113
CATALUÑA;6.3.-Otros contra la seguridad colectiva;2023;92
CATALUÑA;6.3.-Otros contra la seguridad colectiva;2022;90
CATALUÑA;6.3.-Otros contra la seguridad colectiva;2021;79
CATALUÑA;6.3.-Otros contra la seguridad colectiva;2020;65
CATALUÑA;6.3.-Otros contra la seguridad colectiva;2019;72
CATALUÑA;6.3.-Otros contra la seguridad colectiva;2018;100
CATALUÑA;6.3.-Otros contra la seguridad colectiva;2017;65
CATALUÑA;6.3.-Otros contra la seguridad colectiva;2016;86
CATALUÑA;6.3.-Otros contra la seguridad colectiva;2015;58
CATALUÑA;6.3.-Otros contra la seguridad colectiva;2014;133
CATALUÑA;6.3.-Otros contra la seguridad colectiva;2013;60
CATALUÑA;6.3.-Otros contra la seguridad colectiva;2012;92
CATALUÑA;6.3.-Otros contra la seguridad colectiva;2011;87
CATALUÑA;6.3.-Otros contra la seguridad colectiva;2010;104
CATALUÑA;7. FALSEDADES;2023;1.911
CATALUÑA;7. FALSEDADES;2022;2.220
CATALUÑA;7. FALSEDADES;2021;2.232
CATALUÑA;7. FALSEDADES;2020;1.553
CATALUÑA;7. FALSEDADES;2019;1.798
CATALUÑA;7. FALSEDADES;2018;1.644
CATALUÑA;7. FALSEDADES;2017;1.401
CATALUÑA;7. FALSEDADES;2016;1.895
CATALUÑA;7. FALSEDADES;2015;1.930
CATALUÑA;7. FALSEDADES;2014;2.109
CATALUÑA;7. FALSEDADES;2013;2.733
CATALUÑA;7. FALSEDADES;2012;2.335
CATALUÑA;7. FALSEDADES;2011;2.036
CATALUÑA;7. FALSEDADES;2010;2.477
CATALUÑA;8. ADMÓN. PÚBLICA;2023;25
CATALUÑA;8. ADMÓN. PÚBLICA;2022;41
CATALUÑA;8. ADMÓN. PÚBLICA;2021;39
CATALUÑA;8. ADMÓN. PÚBLICA;2020;14
CATALUÑA;8. ADMÓN. PÚBLICA;2019;40
CATALUÑA;8. ADMÓN. PÚBLICA;2018;93
CATALUÑA;8. ADMÓN. PÚBLICA;2017;72
CATALUÑA;8. ADMÓN. PÚBLICA;2016;52
CATALUÑA;8. ADMÓN. PÚBLICA;2015;29
CATALUÑA;8. ADMÓN. PÚBLICA;2014;54
CATALUÑA;8. ADMÓN. PÚBLICA;2013;56
CATALUÑA;8. ADMÓN. PÚBLICA;2012;36
CATALUÑA;8. ADMÓN. PÚBLICA;2011;31
CATALUÑA;8. ADMÓN. PÚBLICA;2010;13
CATALUÑA;9. ADMÓN. JUSTICIA;2023;4.350
CATALUÑA;9. ADMÓN. JUSTICIA;2022;3.596
CATALUÑA;9. ADMÓN. JUSTICIA;2021;3.270
CATALUÑA;9. ADMÓN. JUSTICIA;2020;3.047
CATALUÑA;9. ADMÓN. JUSTICIA;2019;1.382
CATALUÑA;9. ADMÓN. JUSTICIA;2018;1.292
CATALUÑA;9. ADMÓN. JUSTICIA;2017;1.316
CATALUÑA;9. ADMÓN. JUSTICIA;2016;1.169
CATALUÑA;9. ADMÓN. JUSTICIA;2015;1.127
CATALUÑA;9. ADMÓN. JUSTICIA;2014;1.200
CATALUÑA;9. ADMÓN. JUSTICIA;2013;1.193
CATALUÑA;9. ADMÓN. JUSTICIA;2012;1.266
CATALUÑA;9. ADMÓN. JUSTICIA;2011;1.610
CATALUÑA;9. ADMÓN. JUSTICIA;2010;1.660
CATALUÑA;10. ORDEN PÚBLICO;2023;2.135
CATALUÑA;10. ORDEN PÚBLICO;2022;1.914
CATALUÑA;10. ORDEN PÚBLICO;2021;1.851
CATALUÑA;10. ORDEN PÚBLICO;2020;2.062
CATALUÑA;10. ORDEN PÚBLICO;2019;2.983
CATALUÑA;10. ORDEN PÚBLICO;2018;2.570
CATALUÑA;10. ORDEN PÚBLICO;2017;2.341
CATALUÑA;10. ORDEN PÚBLICO;2016;2.276
CATALUÑA;10. ORDEN PÚBLICO;2015;2.237
CATALUÑA;10. ORDEN PÚBLICO;2014;2.269
CATALUÑA;10. ORDEN PÚBLICO;2013;2.771
CATALUÑA;10. ORDEN PÚBLICO;2012;3.246
CATALUÑA;10. ORDEN PÚBLICO;2011;3.399
CATALUÑA;10. ORDEN PÚBLICO;2010;3.125
CATALUÑA;11. LEGISLACIÓN ESPECIAL;2023;17
CATALUÑA;11. LEGISLACIÓN ESPECIAL;2022;21
CATALUÑA;11. LEGISLACIÓN ESPECIAL;2021;17
CATALUÑA;11. LEGISLACIÓN ESPECIAL;2020;6
CATALUÑA;11. LEGISLACIÓN ESPECIAL;2019;6
CATALUÑA;11. LEGISLACIÓN ESPECIAL;2018;11
CATALUÑA;11. LEGISLACIÓN ESPECIAL;2017;26
CATALUÑA;11. LEGISLACIÓN ESPECIAL;2016;13
CATALUÑA;11. LEGISLACIÓN ESPECIAL;2015;39
CATALUÑA;11. LEGISLACIÓN ESPECIAL;2014;64
CATALUÑA;11. LEGISLACIÓN ESPECIAL;2013;40
CATALUÑA;11. LEGISLACIÓN ESPECIAL;2012;50
CATALUÑA;11. LEGISLACIÓN ESPECIAL;2011;26
CATALUÑA;11. LEGISLACIÓN ESPECIAL;2010;23
CATALUÑA;12. OTRAS INFRACCIONES PENALES;2023;700
CATALUÑA;12. OTRAS INFRACCIONES PENALES;2022;525
CATALUÑA;12. OTRAS INFRACCIONES PENALES;2021;573
CATALUÑA;12. OTRAS INFRACCIONES PENALES;2020;425
CATALUÑA;12. OTRAS INFRACCIONES PENALES;2019;357
CATALUÑA;12. OTRAS INFRACCIONES PENALES;2018;271
CATALUÑA;12. OTRAS INFRACCIONES PENALES;2017;268
CATALUÑA;12. OTRAS INFRACCIONES PENALES;2016;286
CATALUÑA;12. OTRAS INFRACCIONES PENALES;2015;393
CATALUÑA;12. OTRAS INFRACCIONES PENALES;2014;494
CATALUÑA;12. OTRAS INFRACCIONES PENALES;2013;407
CATALUÑA;12. OTRAS INFRACCIONES PENALES;2012;515
CATALUÑA;12. OTRAS INFRACCIONES PENALES;2011;636
CATALUÑA;12. OTRAS INFRACCIONES PENALES;2010;615
CATALUÑA;TOTAL INFRACCIONES PENALES;2023;112.891
CATALUÑA;TOTAL INFRACCIONES PENALES;2022;102.024
CATALUÑA;TOTAL INFRACCIONES PENALES;2021;86.661
CATALUÑA;TOTAL INFRACCIONES PENALES;2020;77.636
CATALUÑA;TOTAL INFRACCIONES PENALES;2019;38.424
CATALUÑA;TOTAL INFRACCIONES PENALES;2018;36.065
CATALUÑA;TOTAL INFRACCIONES PENALES;2017;32.705
CATALUÑA;TOTAL INFRACCIONES PENALES;2016;33.362
CATALUÑA;TOTAL INFRACCIONES PENALES;2015;34.557
CATALUÑA;TOTAL INFRACCIONES PENALES;2014;39.402
CATALUÑA;TOTAL INFRACCIONES PENALES;2013;43.805
CATALUÑA;TOTAL INFRACCIONES PENALES;2012;44.851
CATALUÑA;TOTAL INFRACCIONES PENALES;2011;47.785
CATALUÑA;TOTAL INFRACCIONES PENALES;2010;48.333
COMUNITAT VALENCIANA;1. CONTRA LAS PERSONAS;2023;15.893
COMUNITAT VALENCIANA;1. CONTRA LAS PERSONAS;2022;15.037
COMUNITAT VALENCIANA;1. CONTRA LAS PERSONAS;2021;13.185
COMUNITAT VALENCIANA;1. CONTRA LAS PERSONAS;2020;11.645
COMUNITAT VALENCIANA;1. CONTRA LAS PERSONAS;2019;12.763
COMUNITAT VALENCIANA;1. CONTRA LAS PERSONAS;2018;12.009
COMUNITAT VALENCIANA;1. CONTRA LAS PERSONAS;2017;11.339
COMUNITAT VALENCIANA;1. CONTRA LAS PERSONAS;2016;10.954
COMUNITAT VALENCIANA;1. CONTRA LAS PERSONAS;2015;12.028
COMUNITAT VALENCIANA;1. CONTRA LAS PERSONAS;2014;13.545
COMUNITAT VALENCIANA;1. CONTRA LAS PERSONAS;2013;13.320
COMUNITAT VALENCIANA;1. CONTRA LAS PERSONAS;2012;13.422
COMUNITAT VALENCIANA;1. CONTRA LAS PERSONAS;2011;13.330
COMUNITAT VALENCIANA;1. CONTRA LAS PERSONAS;2010;10.003
COMUNITAT VALENCIANA;1.1.-Homicidios dolosos/asesinatos;2023;210
COMUNITAT VALENCIANA;1.1.-Homicidios dolosos/asesinatos;2022;190
COMUNITAT VALENCIANA;1.1.-Homicidios dolosos/asesinatos;2021;158
COMUNITAT VALENCIANA;1.1.-Homicidios dolosos/asesinatos;2020;123
COMUNITAT VALENCIANA;1.1.-Homicidios dolosos/asesinatos;2019;157
COMUNITAT VALENCIANA;1.1.-Homicidios dolosos/asesinatos;2018;122
COMUNITAT VALENCIANA;1.1.-Homicidios dolosos/asesinatos;2017;126
COMUNITAT VALENCIANA;1.1.-Homicidios dolosos/asesinatos;2016;147
COMUNITAT VALENCIANA;1.1.-Homicidios dolosos/asesinatos;2015;114
COMUNITAT VALENCIANA;1.1.-Homicidios dolosos/asesinatos;2014;95
COMUNITAT VALENCIANA;1.1.-Homicidios dolosos/asesinatos;2013;80
COMUNITAT VALENCIANA;1.1.-Homicidios dolosos/asesinatos;2012;160
COMUNITAT VALENCIANA;1.1.-Homicidios dolosos/asesinatos;2011;156
COMUNITAT VALENCIANA;1.1.-Homicidios dolosos/asesinatos;2010;140
COMUNITAT VALENCIANA;1.1.1.-Homicidios dolosos/asesinatos consumados;2023;46
COMUNITAT VALENCIANA;1.1.1.-Homicidios dolosos/asesinatos consumados;2022;39
COMUNITAT VALENCIANA;1.1.1.-Homicidios dolosos/asesinatos consumados;2021;45
COMUNITAT VALENCIANA;1.1.1.-Homicidios dolosos/asesinatos consumados;2020;45
COMUNITAT VALENCIANA;1.1.1.-Homicidios dolosos/asesinatos consumados;2019;54
COMUNITAT VALENCIANA;1.1.1.-Homicidios dolosos/asesinatos consumados;2018;32
COMUNITAT VALENCIANA;1.1.1.-Homicidios dolosos/asesinatos consumados;2017;69
COMUNITAT VALENCIANA;1.1.1.-Homicidios dolosos/asesinatos consumados;2016;50
COMUNITAT VALENCIANA;1.1.1.-Homicidios dolosos/asesinatos consumados;2015;57
COMUNITAT VALENCIANA;1.1.1.-Homicidios dolosos/asesinatos consumados;2014;33
COMUNITAT VALENCIANA;1.1.1.-Homicidios dolosos/asesinatos consumados;2013;38
COMUNITAT VALENCIANA;1.1.1.-Homicidios dolosos/asesinatos consumados;2012;95
COMUNITAT VALENCIANA;1.1.1.-Homicidios dolosos/asesinatos consumados;2011;73
COMUNITAT VALENCIANA;1.1.1.-Homicidios dolosos/asesinatos consumados;2010;84
COMUNITAT VALENCIANA;1.2.-Lesiones;2023;4.068
COMUNITAT VALENCIANA;1.2.-Lesiones;2022;4.347
COMUNITAT VALENCIANA;1.2.-Lesiones;2021;3.609
COMUNITAT VALENCIANA;1.2.-Lesiones;2020;2.665
COMUNITAT VALENCIANA;1.2.-Lesiones;2019;3.513
COMUNITAT VALENCIANA;1.2.-Lesiones;2018;3.231
COMUNITAT VALENCIANA;1.2.-Lesiones;2017;3.078
COMUNITAT VALENCIANA;1.2.-Lesiones;2016;2.962
COMUNITAT VALENCIANA;1.2.-Lesiones;2015;2.996
COMUNITAT VALENCIANA;1.2.-Lesiones;2014;3.479
COMUNITAT VALENCIANA;1.2.-Lesiones;2013;3.704
COMUNITAT VALENCIANA;1.2.-Lesiones;2012;3.567
COMUNITAT VALENCIANA;1.2.-Lesiones;2011;3.719
COMUNITAT VALENCIANA;1.2.-Lesiones;2010;1.881
COMUNITAT VALENCIANA;1.3.-Malos tratos ámbito familiar;2023;11.325
COMUNITAT VALENCIANA;1.3.-Malos tratos ámbito familiar;2022;10.169
COMUNITAT VALENCIANA;1.3.-Malos tratos ámbito familiar;2021;9.231
COMUNITAT VALENCIANA;1.3.-Malos tratos ámbito familiar;2020;8.666
COMUNITAT VALENCIANA;1.3.-Malos tratos ámbito familiar;2019;8.937
COMUNITAT VALENCIANA;1.3.-Malos tratos ámbito familiar;2018;8.510
COMUNITAT VALENCIANA;1.3.-Malos tratos ámbito familiar;2017;8.019
COMUNITAT VALENCIANA;1.3.-Malos tratos ámbito familiar;2016;7.740
COMUNITAT VALENCIANA;1.3.-Malos tratos ámbito familiar;2015;7.702
COMUNITAT VALENCIANA;1.3.-Malos tratos ámbito familiar;2014;7.741
COMUNITAT VALENCIANA;1.3.-Malos tratos ámbito familiar;2013;7.518
COMUNITAT VALENCIANA;1.3.-Malos tratos ámbito familiar;2012;7.545
COMUNITAT VALENCIANA;1.3.-Malos tratos ámbito familiar;2011;7.633
COMUNITAT VALENCIANA;1.3.-Malos tratos ámbito familiar;2010;7.570
COMUNITAT VALENCIANA;1.4.-Otros contra las personas;2023;290
COMUNITAT VALENCIANA;1.4.-Otros contra las personas;2022;331
COMUNITAT VALENCIANA;1.4.-Otros contra las personas;2021;187
COMUNITAT VALENCIANA;1.4.-Otros contra las personas;2020;191
COMUNITAT VALENCIANA;1.4.-Otros contra las personas;2019;156
COMUNITAT VALENCIANA;1.4.-Otros contra las personas;2018;146
COMUNITAT VALENCIANA;1.4.-Otros contra las personas;2017;116
COMUNITAT VALENCIANA;1.4.-Otros contra las personas;2016;105
COMUNITAT VALENCIANA;1.4.-Otros contra las personas;2015;1.216
COMUNITAT VALENCIANA;1.4.-Otros contra las personas;2014;2.230
COMUNITAT VALENCIANA;1.4.-Otros contra las personas;2013;2.018
COMUNITAT VALENCIANA;1.4.-Otros contra las personas;2012;2.150
COMUNITAT VALENCIANA;1.4.-Otros contra las personas;2011;1.822
COMUNITAT VALENCIANA;1.4.-Otros contra las personas;2010;412
COMUNITAT VALENCIANA;2. CONTRA LA LIBERTAD;2023;6.324
COMUNITAT VALENCIANA;2. CONTRA LA LIBERTAD;2022;5.888
COMUNITAT VALENCIANA;2. CONTRA LA LIBERTAD;2021;5.243
COMUNITAT VALENCIANA;2. CONTRA LA LIBERTAD;2020;4.530
COMUNITAT VALENCIANA;2. CONTRA LA LIBERTAD;2019;4.737
COMUNITAT VALENCIANA;2. CONTRA LA LIBERTAD;2018;4.507
COMUNITAT VALENCIANA;2. CONTRA LA LIBERTAD;2017;4.328
COMUNITAT VALENCIANA;2. CONTRA LA LIBERTAD;2016;3.994
COMUNITAT VALENCIANA;2. CONTRA LA LIBERTAD;2015;3.620
COMUNITAT VALENCIANA;2. CONTRA LA LIBERTAD;2014;3.433
COMUNITAT VALENCIANA;2. CONTRA LA LIBERTAD;2013;3.716
COMUNITAT VALENCIANA;2. CONTRA LA LIBERTAD;2012;3.817
COMUNITAT VALENCIANA;2. CONTRA LA LIBERTAD;2011;3.906
COMUNITAT VALENCIANA;2. CONTRA LA LIBERTAD;2010;3.032
COMUNITAT VALENCIANA;2.1.-Malos tratos habituales en el ámbito familiar;2023;1.959
COMUNITAT VALENCIANA;2.1.-Malos tratos habituales en el ámbito familiar;2022;1.946
COMUNITAT VALENCIANA;2.1.-Malos tratos habituales en el ámbito familiar;2021;1.368
COMUNITAT VALENCIANA;2.1.-Malos tratos habituales en el ámbito familiar;2020;1.283
COMUNITAT VALENCIANA;2.1.-Malos tratos habituales en el ámbito familiar;2019;1.424
COMUNITAT VALENCIANA;2.1.-Malos tratos habituales en el ámbito familiar;2018;1.313
COMUNITAT VALENCIANA;2.1.-Malos tratos habituales en el ámbito familiar;2017;1.183
COMUNITAT VALENCIANA;2.1.-Malos tratos habituales en el ámbito familiar;2016;1.207
COMUNITAT VALENCIANA;2.1.-Malos tratos habituales en el ámbito familiar;2015;1.235
COMUNITAT VALENCIANA;2.1.-Malos tratos habituales en el ámbito familiar;2014;1.500
COMUNITAT VALENCIANA;2.1.-Malos tratos habituales en el ámbito familiar;2013;1.582
COMUNITAT VALENCIANA;2.1.-Malos tratos habituales en el ámbito familiar;2012;1.702
COMUNITAT VALENCIANA;2.1.-Malos tratos habituales en el ámbito familiar;2011;1.729
COMUNITAT VALENCIANA;2.1.-Malos tratos habituales en el ámbito familiar;2010;1.196
COMUNITAT VALENCIANA;2.2.-Otros contra la libertad;2023;4.365
COMUNITAT VALENCIANA;2.2.-Otros contra la libertad;2022;3.942
COMUNITAT VALENCIANA;2.2.-Otros contra la libertad;2021;3.875
COMUNITAT VALENCIANA;2.2.-Otros contra la libertad;2020;3.247
COMUNITAT VALENCIANA;2.2.-Otros contra la libertad;2019;3.313
COMUNITAT VALENCIANA;2.2.-Otros contra la libertad;2018;3.194
COMUNITAT VALENCIANA;2.2.-Otros contra la libertad;2017;3.145
COMUNITAT VALENCIANA;2.2.-Otros contra la libertad;2016;2.787
COMUNITAT VALENCIANA;2.2.-Otros contra la libertad;2015;2.385
COMUNITAT VALENCIANA;2.2.-Otros contra la libertad;2014;1.933
COMUNITAT VALENCIANA;2.2.-Otros contra la libertad;2013;2.134
COMUNITAT VALENCIANA;2.2.-Otros contra la libertad;2012;2.115
COMUNITAT VALENCIANA;2.2.-Otros contra la libertad;2011;2.177
COMUNITAT VALENCIANA;2.2.-Otros contra la libertad;2010;1.836
COMUNITAT VALENCIANA;3. LIBERTAD SEXUAL;2023;1.723
COMUNITAT VALENCIANA;3. LIBERTAD SEXUAL;2022;1.642
COMUNITAT VALENCIANA;3. LIBERTAD SEXUAL;2021;1.415
COMUNITAT VALENCIANA;3. LIBERTAD SEXUAL;2020;1.030
COMUNITAT VALENCIANA;3. LIBERTAD SEXUAL;2019;1.241
COMUNITAT VALENCIANA;3. LIBERTAD SEXUAL;2018;1.085
COMUNITAT VALENCIANA;3. LIBERTAD SEXUAL;2017;836
COMUNITAT VALENCIANA;3. LIBERTAD SEXUAL;2016;883
COMUNITAT VALENCIANA;3. LIBERTAD SEXUAL;2015;855
COMUNITAT VALENCIANA;3. LIBERTAD SEXUAL;2014;834
COMUNITAT VALENCIANA;3. LIBERTAD SEXUAL;2013;851
COMUNITAT VALENCIANA;3. LIBERTAD SEXUAL;2012;942
COMUNITAT VALENCIANA;3. LIBERTAD SEXUAL;2011;916
COMUNITAT VALENCIANA;3. LIBERTAD SEXUAL;2010;877
COMUNITAT VALENCIANA;3.1.-Agresión sexual;2023;1.081
COMUNITAT VALENCIANA;3.1.-Agresión sexual;2022;987
COMUNITAT VALENCIANA;3.1.-Agresión sexual;2021;895
COMUNITAT VALENCIANA;3.1.-Agresión sexual;2020;602
COMUNITAT VALENCIANA;3.1.-Agresión sexual;2019;731
COMUNITAT VALENCIANA;3.1.-Agresión sexual;2018;636
COMUNITAT VALENCIANA;3.1.-Agresión sexual;2017;495
COMUNITAT VALENCIANA;3.1.-Agresión sexual;2016;522
COMUNITAT VALENCIANA;3.1.-Agresión sexual;2015;412
COMUNITAT VALENCIANA;3.1.-Agresión sexual;2014;438
COMUNITAT VALENCIANA;3.1.-Agresión sexual;2013;402
COMUNITAT VALENCIANA;3.1.-Agresión sexual;2012;482
COMUNITAT VALENCIANA;3.1.-Agresión sexual;2011;442
COMUNITAT VALENCIANA;3.1.-Agresión sexual;2010;396
COMUNITAT VALENCIANA;3.2.-Agresión sexual con penetración;2023;363
COMUNITAT VALENCIANA;3.2.-Agresión sexual con penetración;2022;392
COMUNITAT VALENCIANA;3.2.-Agresión sexual con penetración;2021;308
COMUNITAT VALENCIANA;3.2.-Agresión sexual con penetración;2020;237
COMUNITAT VALENCIANA;3.2.-Agresión sexual con penetración;2019;246
COMUNITAT VALENCIANA;3.2.-Agresión sexual con penetración;2018;205
COMUNITAT VALENCIANA;3.2.-Agresión sexual con penetración;2017;121
COMUNITAT VALENCIANA;3.2.-Agresión sexual con penetración;2016;156
COMUNITAT VALENCIANA;3.2.-Agresión sexual con penetración;2015;130
COMUNITAT VALENCIANA;3.2.-Agresión sexual con penetración;2014;137
COMUNITAT VALENCIANA;3.2.-Agresión sexual con penetración;2013;174
COMUNITAT VALENCIANA;3.2.-Agresión sexual con penetración;2012;154
COMUNITAT VALENCIANA;3.2.-Agresión sexual con penetración;2011;174
COMUNITAT VALENCIANA;3.2.-Agresión sexual con penetración;2010;200
COMUNITAT VALENCIANA;3.3.-Corrupción de menores o incapacitados;2023;28
COMUNITAT VALENCIANA;3.3.-Corrupción de menores o incapacitados;2022;56
COMUNITAT VALENCIANA;3.3.-Corrupción de menores o incapacitados;2021;37
COMUNITAT VALENCIANA;3.3.-Corrupción de menores o incapacitados;2020;22
COMUNITAT VALENCIANA;3.3.-Corrupción de menores o incapacitados;2019;35
COMUNITAT VALENCIANA;3.3.-Corrupción de menores o incapacitados;2018;31
COMUNITAT VALENCIANA;3.3.-Corrupción de menores o incapacitados;2017;45
COMUNITAT VALENCIANA;3.3.-Corrupción de menores o incapacitados;2016;32
COMUNITAT VALENCIANA;3.3.-Corrupción de menores o incapacitados;2015;63
COMUNITAT VALENCIANA;3.3.-Corrupción de menores o incapacitados;2014;39
COMUNITAT VALENCIANA;3.3.-Corrupción de menores o incapacitados;2013;42
COMUNITAT VALENCIANA;3.3.-Corrupción de menores o incapacitados;2012;46
COMUNITAT VALENCIANA;3.3.-Corrupción de menores o incapacitados;2011;47
COMUNITAT VALENCIANA;3.3.-Corrupción de menores o incapacitados;2010;19
COMUNITAT VALENCIANA;3.4.-Pornografía de menores;2023;81
COMUNITAT VALENCIANA;3.4.-Pornografía de menores;2022;81
COMUNITAT VALENCIANA;3.4.-Pornografía de menores;2021;44
COMUNITAT VALENCIANA;3.4.-Pornografía de menores;2020;47
COMUNITAT VALENCIANA;3.4.-Pornografía de menores;2019;94
COMUNITAT VALENCIANA;3.4.-Pornografía de menores;2018;79
COMUNITAT VALENCIANA;3.4.-Pornografía de menores;2017;55
COMUNITAT VALENCIANA;3.4.-Pornografía de menores;2016;54
COMUNITAT VALENCIANA;3.4.-Pornografía de menores;2015;75
COMUNITAT VALENCIANA;3.4.-Pornografía de menores;2014;65
COMUNITAT VALENCIANA;3.4.-Pornografía de menores;2013;51
COMUNITAT VALENCIANA;3.4.-Pornografía de menores;2012;52
COMUNITAT VALENCIANA;3.4.-Pornografía de menores;2011;58
COMUNITAT VALENCIANA;3.4.-Pornografía de menores;2010;54
COMUNITAT VALENCIANA;3.5.-Otros contra la libertad sexual;2023;170
COMUNITAT VALENCIANA;3.5.-Otros contra la libertad sexual;2022;126
COMUNITAT VALENCIANA;3.5.-Otros contra la libertad sexual;2021;131
COMUNITAT VALENCIANA;3.5.-Otros contra la libertad sexual;2020;122
COMUNITAT VALENCIANA;3.5.-Otros contra la libertad sexual;2019;135
COMUNITAT VALENCIANA;3.5.-Otros contra la libertad sexual;2018;134
COMUNITAT VALENCIANA;3.5.-Otros contra la libertad sexual;2017;120
COMUNITAT VALENCIANA;3.5.-Otros contra la libertad sexual;2016;119
COMUNITAT VALENCIANA;3.5.-Otros contra la libertad sexual;2015;175
COMUNITAT VALENCIANA;3.5.-Otros contra la libertad sexual;2014;155
COMUNITAT VALENCIANA;3.5.-Otros contra la libertad sexual;2013;182
COMUNITAT VALENCIANA;3.5.-Otros contra la libertad sexual;2012;208
COMUNITAT VALENCIANA;3.5.-Otros contra la libertad sexual;2011;195
COMUNITAT VALENCIANA;3.5.-Otros contra la libertad sexual;2010;208
COMUNITAT VALENCIANA;4. RELACIONES FAMILIARES;2023;228
COMUNITAT VALENCIANA;4. RELACIONES FAMILIARES;2022;221
COMUNITAT VALENCIANA;4. RELACIONES FAMILIARES;2021;237
COMUNITAT VALENCIANA;4. RELACIONES FAMILIARES;2020;199
COMUNITAT VALENCIANA;4. RELACIONES FAMILIARES;2019;200
COMUNITAT VALENCIANA;4. RELACIONES FAMILIARES;2018;242
COMUNITAT VALENCIANA;4. RELACIONES FAMILIARES;2017;250
COMUNITAT VALENCIANA;4. RELACIONES FAMILIARES;2016;216
COMUNITAT VALENCIANA;4. RELACIONES FAMILIARES;2015;305
COMUNITAT VALENCIANA;4. RELACIONES FAMILIARES;2014;414
COMUNITAT VALENCIANA;4. RELACIONES FAMILIARES;2013;405
COMUNITAT VALENCIANA;4. RELACIONES FAMILIARES;2012;454
COMUNITAT VALENCIANA;4. RELACIONES FAMILIARES;2011;367
COMUNITAT VALENCIANA;4. RELACIONES FAMILIARES;2010;227
COMUNITAT VALENCIANA;5. PATRIMONIO;2023;21.400
COMUNITAT VALENCIANA;5. PATRIMONIO;2022;18.553
COMUNITAT VALENCIANA;5. PATRIMONIO;2021;15.170
COMUNITAT VALENCIANA;5. PATRIMONIO;2020;13.225
COMUNITAT VALENCIANA;5. PATRIMONIO;2019;16.244
COMUNITAT VALENCIANA;5. PATRIMONIO;2018;16.953
COMUNITAT VALENCIANA;5. PATRIMONIO;2017;17.252
COMUNITAT VALENCIANA;5. PATRIMONIO;2016;18.382
COMUNITAT VALENCIANA;5. PATRIMONIO;2015;19.861
COMUNITAT VALENCIANA;5. PATRIMONIO;2014;24.224
COMUNITAT VALENCIANA;5. PATRIMONIO;2013;26.881
COMUNITAT VALENCIANA;5. PATRIMONIO;2012;26.496
COMUNITAT VALENCIANA;5. PATRIMONIO;2011;26.292
COMUNITAT VALENCIANA;5. PATRIMONIO;2010;18.729
COMUNITAT VALENCIANA;5.1.-Hurtos;2023;8.664
COMUNITAT VALENCIANA;5.1.-Hurtos;2022;7.399
COMUNITAT VALENCIANA;5.1.-Hurtos;2021;5.626
COMUNITAT VALENCIANA;5.1.-Hurtos;2020;4.384
COMUNITAT VALENCIANA;5.1.-Hurtos;2019;6.191
COMUNITAT VALENCIANA;5.1.-Hurtos;2018;6.851
COMUNITAT VALENCIANA;5.1.-Hurtos;2017;6.801
COMUNITAT VALENCIANA;5.1.-Hurtos;2016;7.344
COMUNITAT VALENCIANA;5.1.-Hurtos;2015;8.016
COMUNITAT VALENCIANA;5.1.-Hurtos;2014;9.005
COMUNITAT VALENCIANA;5.1.-Hurtos;2013;9.775
COMUNITAT VALENCIANA;5.1.-Hurtos;2012;8.592
COMUNITAT VALENCIANA;5.1.-Hurtos;2011;8.429
COMUNITAT VALENCIANA;5.1.-Hurtos;2010;3.915
COMUNITAT VALENCIANA;5.2.-Robos con fuerza en las cosas;2023;4.457
COMUNITAT VALENCIANA;5.2.-Robos con fuerza en las cosas;2022;3.815
COMUNITAT VALENCIANA;5.2.-Robos con fuerza en las cosas;2021;3.175
COMUNITAT VALENCIANA;5.2.-Robos con fuerza en las cosas;2020;3.249
COMUNITAT VALENCIANA;5.2.-Robos con fuerza en las cosas;2019;3.574
COMUNITAT VALENCIANA;5.2.-Robos con fuerza en las cosas;2018;3.742
COMUNITAT VALENCIANA;5.2.-Robos con fuerza en las cosas;2017;4.008
COMUNITAT VALENCIANA;5.2.-Robos con fuerza en las cosas;2016;4.432
COMUNITAT VALENCIANA;5.2.-Robos con fuerza en las cosas;2015;4.835
COMUNITAT VALENCIANA;5.2.-Robos con fuerza en las cosas;2014;6.476
COMUNITAT VALENCIANA;5.2.-Robos con fuerza en las cosas;2013;7.586
COMUNITAT VALENCIANA;5.2.-Robos con fuerza en las cosas;2012;8.184
COMUNITAT VALENCIANA;5.2.-Robos con fuerza en las cosas;2011;8.418
COMUNITAT VALENCIANA;5.2.-Robos con fuerza en las cosas;2010;7.108
COMUNITAT VALENCIANA;5.2.1.-Robos con fuerza en las cosas en el interior de vehículos;2023;1.135
COMUNITAT VALENCIANA;5.2.1.-Robos con fuerza en las cosas en el interior de vehículos;2022;785
COMUNITAT VALENCIANA;5.2.1.-Robos con fuerza en las cosas en el interior de vehículos;2021;577
COMUNITAT VALENCIANA;5.2.1.-Robos con fuerza en las cosas en el interior de vehículos;2020;560
COMUNITAT VALENCIANA;5.2.1.-Robos con fuerza en las cosas en el interior de vehículos;2019;574
COMUNITAT VALENCIANA;5.2.1.-Robos con fuerza en las cosas en el interior de vehículos;2018;553
COMUNITAT VALENCIANA;5.2.1.-Robos con fuerza en las cosas en el interior de vehículos;2017;670
COMUNITAT VALENCIANA;5.2.1.-Robos con fuerza en las cosas en el interior de vehículos;2016;658
COMUNITAT VALENCIANA;5.2.1.-Robos con fuerza en las cosas en el interior de vehículos;2015;632
COMUNITAT VALENCIANA;5.2.1.-Robos con fuerza en las cosas en el interior de vehículos;2014;805
COMUNITAT VALENCIANA;5.2.1.-Robos con fuerza en las cosas en el interior de vehículos;2013;1.199
COMUNITAT VALENCIANA;5.2.1.-Robos con fuerza en las cosas en el interior de vehículos;2012;1.379
COMUNITAT VALENCIANA;5.2.1.-Robos con fuerza en las cosas en el interior de vehículos;2011;1.689
COMUNITAT VALENCIANA;5.2.1.-Robos con fuerza en las cosas en el interior de vehículos;2010;1.073
COMUNITAT VALENCIANA;5.2.2.-Robos con fuerza en viviendas;2023;1.491
COMUNITAT VALENCIANA;5.2.2.-Robos con fuerza en viviendas;2022;1.359
COMUNITAT VALENCIANA;5.2.2.-Robos con fuerza en viviendas;2021;1.292
COMUNITAT VALENCIANA;5.2.2.-Robos con fuerza en viviendas;2020;1.356
COMUNITAT VALENCIANA;5.2.2.-Robos con fuerza en viviendas;2019;1.444
COMUNITAT VALENCIANA;5.2.2.-Robos con fuerza en viviendas;2018;1.603
COMUNITAT VALENCIANA;5.2.2.-Robos con fuerza en viviendas;2017;1.783
COMUNITAT VALENCIANA;5.2.2.-Robos con fuerza en viviendas;2016;1.940
COMUNITAT VALENCIANA;5.2.2.-Robos con fuerza en viviendas;2015;2.044
COMUNITAT VALENCIANA;5.2.2.-Robos con fuerza en viviendas;2014;2.810
COMUNITAT VALENCIANA;5.2.2.-Robos con fuerza en viviendas;2013;2.930
COMUNITAT VALENCIANA;5.2.2.-Robos con fuerza en viviendas;2012;2.983
COMUNITAT VALENCIANA;5.2.2.-Robos con fuerza en viviendas;2011;2.224
COMUNITAT VALENCIANA;5.2.2.-Robos con fuerza en viviendas;2010;1.973
COMUNITAT VALENCIANA;5.2.3.-Robos con fuerza en establecimientos;2023;966
COMUNITAT VALENCIANA;5.2.3.-Robos con fuerza en establecimientos;2022;813
COMUNITAT VALENCIANA;5.2.3.-Robos con fuerza en establecimientos;2021;663
COMUNITAT VALENCIANA;5.2.3.-Robos con fuerza en establecimientos;2020;757
COMUNITAT VALENCIANA;5.2.3.-Robos con fuerza en establecimientos;2019;859
COMUNITAT VALENCIANA;5.2.3.-Robos con fuerza en establecimientos;2018;807
COMUNITAT VALENCIANA;5.2.3.-Robos con fuerza en establecimientos;2017;834
COMUNITAT VALENCIANA;5.2.3.-Robos con fuerza en establecimientos;2016;1.001
COMUNITAT VALENCIANA;5.2.3.-Robos con fuerza en establecimientos;2015;983
COMUNITAT VALENCIANA;5.2.3.-Robos con fuerza en establecimientos;2014;1.290
COMUNITAT VALENCIANA;5.2.3.-Robos con fuerza en establecimientos;2013;1.337
COMUNITAT VALENCIANA;5.2.3.-Robos con fuerza en establecimientos;2012;1.526
COMUNITAT VALENCIANA;5.2.3.-Robos con fuerza en establecimientos;2011;1.598
COMUNITAT VALENCIANA;5.2.3.-Robos con fuerza en establecimientos;2010;1.544
COMUNITAT VALENCIANA;5.3.-Robos con violencia o intimidación;2023;2.986
COMUNITAT VALENCIANA;5.3.-Robos con violencia o intimidación;2022;2.344
COMUNITAT VALENCIANA;5.3.-Robos con violencia o intimidación;2021;1.832
COMUNITAT VALENCIANA;5.3.-Robos con violencia o intimidación;2020;1.622
COMUNITAT VALENCIANA;5.3.-Robos con violencia o intimidación;2019;1.850
COMUNITAT VALENCIANA;5.3.-Robos con violencia o intimidación;2018;1.690
COMUNITAT VALENCIANA;5.3.-Robos con violencia o intimidación;2017;1.811
COMUNITAT VALENCIANA;5.3.-Robos con violencia o intimidación;2016;1.872
COMUNITAT VALENCIANA;5.3.-Robos con violencia o intimidación;2015;1.880
COMUNITAT VALENCIANA;5.3.-Robos con violencia o intimidación;2014;2.457
COMUNITAT VALENCIANA;5.3.-Robos con violencia o intimidación;2013;2.982
COMUNITAT VALENCIANA;5.3.-Robos con violencia o intimidación;2012;3.123
COMUNITAT VALENCIANA;5.3.-Robos con violencia o intimidación;2011;3.142
COMUNITAT VALENCIANA;5.3.-Robos con violencia o intimidación;2010;2.747
COMUNITAT VALENCIANA;5.3.1.-Robos con violencia en vía pública;2023;1.718
COMUNITAT VALENCIANA;5.3.1.-Robos con violencia en vía pública;2022;1.323
COMUNITAT VALENCIANA;5.3.1.-Robos con violencia en vía pública;2021;913
COMUNITAT VALENCIANA;5.3.1.-Robos con violencia en vía pública;2020;870
COMUNITAT VALENCIANA;5.3.1.-Robos con violencia en vía pública;2019;943
COMUNITAT VALENCIANA;5.3.1.-Robos con violencia en vía pública;2018;793
COMUNITAT VALENCIANA;5.3.1.-Robos con violencia en vía pública;2017;888
COMUNITAT VALENCIANA;5.3.1.-Robos con violencia en vía pública;2016;983
COMUNITAT VALENCIANA;5.3.1.-Robos con violencia en vía pública;2015;1.005
COMUNITAT VALENCIANA;5.3.1.-Robos con violencia en vía pública;2014;1.345
COMUNITAT VALENCIANA;5.3.1.-Robos con violencia en vía pública;2013;1.725
COMUNITAT VALENCIANA;5.3.1.-Robos con violencia en vía pública;2012;1.838
COMUNITAT VALENCIANA;5.3.1.-Robos con violencia en vía pública;2011;1.663
COMUNITAT VALENCIANA;5.3.1.-Robos con violencia en vía pública;2010;1.736
COMUNITAT VALENCIANA;5.3.2.-Robos con violencia en viviendas;2023;211
COMUNITAT VALENCIANA;5.3.2.-Robos con violencia en viviendas;2022;186
COMUNITAT VALENCIANA;5.3.2.-Robos con violencia en viviendas;2021;211
COMUNITAT VALENCIANA;5.3.2.-Robos con violencia en viviendas;2020;178
COMUNITAT VALENCIANA;5.3.2.-Robos con violencia en viviendas;2019;220
COMUNITAT VALENCIANA;5.3.2.-Robos con violencia en viviendas;2018;196
COMUNITAT VALENCIANA;5.3.2.-Robos con violencia en viviendas;2017;214
COMUNITAT VALENCIANA;5.3.2.-Robos con violencia en viviendas;2016;193
COMUNITAT VALENCIANA;5.3.2.-Robos con violencia en viviendas;2015;254
COMUNITAT VALENCIANA;5.3.2.-Robos con violencia en viviendas;2014;337
COMUNITAT VALENCIANA;5.3.2.-Robos con violencia en viviendas;2013;333
COMUNITAT VALENCIANA;5.3.2.-Robos con violencia en viviendas;2012;364
COMUNITAT VALENCIANA;5.3.2.-Robos con violencia en viviendas;2011;274
COMUNITAT VALENCIANA;5.3.2.-Robos con violencia en viviendas;2010;255
COMUNITAT VALENCIANA;5.3.3.-Robos con violencia en establecimientos;2023;715
COMUNITAT VALENCIANA;5.3.3.-Robos con violencia en establecimientos;2022;566
COMUNITAT VALENCIANA;5.3.3.-Robos con violencia en establecimientos;2021;480
COMUNITAT VALENCIANA;5.3.3.-Robos con violencia en establecimientos;2020;381
COMUNITAT VALENCIANA;5.3.3.-Robos con violencia en establecimientos;2019;453
COMUNITAT VALENCIANA;5.3.3.-Robos con violencia en establecimientos;2018;491
COMUNITAT VALENCIANA;5.3.3.-Robos con violencia en establecimientos;2017;493
COMUNITAT VALENCIANA;5.3.3.-Robos con violencia en establecimientos;2016;494
COMUNITAT VALENCIANA;5.3.3.-Robos con violencia en establecimientos;2015;396
COMUNITAT VALENCIANA;5.3.3.-Robos con violencia en establecimientos;2014;519
COMUNITAT VALENCIANA;5.3.3.-Robos con violencia en establecimientos;2013;542
COMUNITAT VALENCIANA;5.3.3.-Robos con violencia en establecimientos;2012;559
COMUNITAT VALENCIANA;5.3.3.-Robos con violencia en establecimientos;2011;589
COMUNITAT VALENCIANA;5.3.3.-Robos con violencia en establecimientos;2010;517
COMUNITAT VALENCIANA;5.4.-Sustracción de vehículos;2023;478
COMUNITAT VALENCIANA;5.4.-Sustracción de vehículos;2022;469
COMUNITAT VALENCIANA;5.4.-Sustracción de vehículos;2021;364
COMUNITAT VALENCIANA;5.4.-Sustracción de vehículos;2020;404
COMUNITAT VALENCIANA;5.4.-Sustracción de vehículos;2019;459
COMUNITAT VALENCIANA;5.4.-Sustracción de vehículos;2018;464
COMUNITAT VALENCIANA;5.4.-Sustracción de vehículos;2017;626
COMUNITAT VALENCIANA;5.4.-Sustracción de vehículos;2016;676
COMUNITAT VALENCIANA;5.4.-Sustracción de vehículos;2015;646
COMUNITAT VALENCIANA;5.4.-Sustracción de vehículos;2014;704
COMUNITAT VALENCIANA;5.4.-Sustracción de vehículos;2013;836
COMUNITAT VALENCIANA;5.4.-Sustracción de vehículos;2012;890
COMUNITAT VALENCIANA;5.4.-Sustracción de vehículos;2011;1.047
COMUNITAT VALENCIANA;5.4.-Sustracción de vehículos;2010;877
COMUNITAT VALENCIANA;5.5.-Estafas;2023;1.962
COMUNITAT VALENCIANA;5.5.-Estafas;2022;1.714
COMUNITAT VALENCIANA;5.5.-Estafas;2021;1.719
COMUNITAT VALENCIANA;5.5.-Estafas;2020;1.378
COMUNITAT VALENCIANA;5.5.-Estafas;2019;1.462
COMUNITAT VALENCIANA;5.5.-Estafas;2018;1.463
COMUNITAT VALENCIANA;5.5.-Estafas;2017;1.510
COMUNITAT VALENCIANA;5.5.-Estafas;2016;1.400
COMUNITAT VALENCIANA;5.5.-Estafas;2015;1.473
COMUNITAT VALENCIANA;5.5.-Estafas;2014;1.803
COMUNITAT VALENCIANA;5.5.-Estafas;2013;1.818
COMUNITAT VALENCIANA;5.5.-Estafas;2012;1.839
COMUNITAT VALENCIANA;5.5.-Estafas;2011;1.793
COMUNITAT VALENCIANA;5.5.-Estafas;2010;1.320
COMUNITAT VALENCIANA;5.5.1.-Estafas informáticas;2023;933
COMUNITAT VALENCIANA;5.5.1.-Estafas informáticas;2022;708
COMUNITAT VALENCIANA;5.5.1.-Estafas informáticas;2021;757
COMUNITAT VALENCIANA;5.5.1.-Estafas informáticas;2020;596
COMUNITAT VALENCIANA;5.5.1.-Estafas informáticas;2019;416
COMUNITAT VALENCIANA;5.5.1.-Estafas informáticas;2018;352
COMUNITAT VALENCIANA;5.5.1.-Estafas informáticas;2017;267
COMUNITAT VALENCIANA;5.5.1.-Estafas informáticas;2016;289
COMUNITAT VALENCIANA;5.5.1.-Estafas informáticas;2015;273
COMUNITAT VALENCIANA;5.5.1.-Estafas informáticas;2014;343
COMUNITAT VALENCIANA;5.5.1.-Estafas informáticas;2013;227
COMUNITAT VALENCIANA;5.5.1.-Estafas informáticas;2012;289
COMUNITAT VALENCIANA;5.5.1.-Estafas informáticas;2011;251
COMUNITAT VALENCIANA;5.5.1.-Estafas informáticas;2010;322
COMUNITAT VALENCIANA;5.6.-Daños;2023;1.150
COMUNITAT VALENCIANA;5.6.-Daños;2022;1.239
COMUNITAT VALENCIANA;5.6.-Daños;2021;1.105
COMUNITAT VALENCIANA;5.6.-Daños;2020;874
COMUNITAT VALENCIANA;5.6.-Daños;2019;1.040
COMUNITAT VALENCIANA;5.6.-Daños;2018;1.002
COMUNITAT VALENCIANA;5.6.-Daños;2017;918
COMUNITAT VALENCIANA;5.6.-Daños;2016;949
COMUNITAT VALENCIANA;5.6.-Daños;2015;984
COMUNITAT VALENCIANA;5.6.-Daños;2014;1.084
COMUNITAT VALENCIANA;5.6.-Daños;2013;1.323
COMUNITAT VALENCIANA;5.6.-Daños;2012;1.430
COMUNITAT VALENCIANA;5.6.-Daños;2011;1.408
COMUNITAT VALENCIANA;5.6.-Daños;2010;834
COMUNITAT VALENCIANA;5.7.-Contra la propiedad intelectual/industrial;2023;188
COMUNITAT VALENCIANA;5.7.-Contra la propiedad intelectual/industrial;2022;132
COMUNITAT VALENCIANA;5.7.-Contra la propiedad intelectual/industrial;2021;163
COMUNITAT VALENCIANA;5.7.-Contra la propiedad intelectual/industrial;2020;156
COMUNITAT VALENCIANA;5.7.-Contra la propiedad intelectual/industrial;2019;267
COMUNITAT VALENCIANA;5.7.-Contra la propiedad intelectual/industrial;2018;334
COMUNITAT VALENCIANA;5.7.-Contra la propiedad intelectual/industrial;2017;208
COMUNITAT VALENCIANA;5.7.-Contra la propiedad intelectual/industrial;2016;309
COMUNITAT VALENCIANA;5.7.-Contra la propiedad intelectual/industrial;2015;223
COMUNITAT VALENCIANA;5.7.-Contra la propiedad intelectual/industrial;2014;211
COMUNITAT VALENCIANA;5.7.-Contra la propiedad intelectual/industrial;2013;243
COMUNITAT VALENCIANA;5.7.-Contra la propiedad intelectual/industrial;2012;330
COMUNITAT VALENCIANA;5.7.-Contra la propiedad intelectual/industrial;2011;283
COMUNITAT VALENCIANA;5.7.-Contra la propiedad intelectual/industrial;2010;665
COMUNITAT VALENCIANA;5.8.-Blanqueo de capitales;2023;58
COMUNITAT VALENCIANA;5.8.-Blanqueo de capitales;2022;21
COMUNITAT VALENCIANA;5.8.-Blanqueo de capitales;2021;75
COMUNITAT VALENCIANA;5.8.-Blanqueo de capitales;2020;63
COMUNITAT VALENCIANA;5.8.-Blanqueo de capitales;2019;70
COMUNITAT VALENCIANA;5.8.-Blanqueo de capitales;2018;87
COMUNITAT VALENCIANA;5.8.-Blanqueo de capitales;2017;105
COMUNITAT VALENCIANA;5.8.-Blanqueo de capitales;2016;72
COMUNITAT VALENCIANA;5.8.-Blanqueo de capitales;2015;34
COMUNITAT VALENCIANA;5.8.-Blanqueo de capitales;2014;62
COMUNITAT VALENCIANA;5.8.-Blanqueo de capitales;2013;79
COMUNITAT VALENCIANA;5.8.-Blanqueo de capitales;2012;28
COMUNITAT VALENCIANA;5.8.-Blanqueo de capitales;2011;21
COMUNITAT VALENCIANA;5.8.-Blanqueo de capitales;2010;20
COMUNITAT VALENCIANA;5.9.-Otros contra el patrimonio;2023;1.457
COMUNITAT VALENCIANA;5.9.-Otros contra el patrimonio;2022;1.420
COMUNITAT VALENCIANA;5.9.-Otros contra el patrimonio;2021;1.111
COMUNITAT VALENCIANA;5.9.-Otros contra el patrimonio;2020;1.095
COMUNITAT VALENCIANA;5.9.-Otros contra el patrimonio;2019;1.331
COMUNITAT VALENCIANA;5.9.-Otros contra el patrimonio;2018;1.320
COMUNITAT VALENCIANA;5.9.-Otros contra el patrimonio;2017;1.265
COMUNITAT VALENCIANA;5.9.-Otros contra el patrimonio;2016;1.328
COMUNITAT VALENCIANA;5.9.-Otros contra el patrimonio;2015;1.770
COMUNITAT VALENCIANA;5.9.-Otros contra el patrimonio;2014;2.422
COMUNITAT VALENCIANA;5.9.-Otros contra el patrimonio;2013;2.239
COMUNITAT VALENCIANA;5.9.-Otros contra el patrimonio;2012;2.080
COMUNITAT VALENCIANA;5.9.-Otros contra el patrimonio;2011;1.751
COMUNITAT VALENCIANA;5.9.-Otros contra el patrimonio;2010;1.243
COMUNITAT VALENCIANA;6. SEGURIDAD COLECTIVA;2023;9.217
COMUNITAT VALENCIANA;6. SEGURIDAD COLECTIVA;2022;8.439
COMUNITAT VALENCIANA;6. SEGURIDAD COLECTIVA;2021;7.429
COMUNITAT VALENCIANA;6. SEGURIDAD COLECTIVA;2020;6.614
COMUNITAT VALENCIANA;6. SEGURIDAD COLECTIVA;2019;7.688
COMUNITAT VALENCIANA;6. SEGURIDAD COLECTIVA;2018;7.588
COMUNITAT VALENCIANA;6. SEGURIDAD COLECTIVA;2017;7.230
COMUNITAT VALENCIANA;6. SEGURIDAD COLECTIVA;2016;7.466
COMUNITAT VALENCIANA;6. SEGURIDAD COLECTIVA;2015;7.686
COMUNITAT VALENCIANA;6. SEGURIDAD COLECTIVA;2014;8.800
COMUNITAT VALENCIANA;6. SEGURIDAD COLECTIVA;2013;9.113
COMUNITAT VALENCIANA;6. SEGURIDAD COLECTIVA;2012;8.875
COMUNITAT VALENCIANA;6. SEGURIDAD COLECTIVA;2011;8.991
COMUNITAT VALENCIANA;6. SEGURIDAD COLECTIVA;2010;6.918
COMUNITAT VALENCIANA;6.1.-Tráfico de drogas;2023;3.727
COMUNITAT VALENCIANA;6.1.-Tráfico de drogas;2022;3.010
COMUNITAT VALENCIANA;6.1.-Tráfico de drogas;2021;2.989
COMUNITAT VALENCIANA;6.1.-Tráfico de drogas;2020;2.949
COMUNITAT VALENCIANA;6.1.-Tráfico de drogas;2019;3.142
COMUNITAT VALENCIANA;6.1.-Tráfico de drogas;2018;2.791
COMUNITAT VALENCIANA;6.1.-Tráfico de drogas;2017;2.627
COMUNITAT VALENCIANA;6.1.-Tráfico de drogas;2016;2.696
COMUNITAT VALENCIANA;6.1.-Tráfico de drogas;2015;2.508
COMUNITAT VALENCIANA;6.1.-Tráfico de drogas;2014;2.841
COMUNITAT VALENCIANA;6.1.-Tráfico de drogas;2013;3.094
COMUNITAT VALENCIANA;6.1.-Tráfico de drogas;2012;2.586
COMUNITAT VALENCIANA;6.1.-Tráfico de drogas;2011;2.490
COMUNITAT VALENCIANA;6.1.-Tráfico de drogas;2010;2.558
COMUNITAT VALENCIANA;6.2.-Contra la seguridad vial;2023;5.198
COMUNITAT VALENCIANA;6.2.-Contra la seguridad vial;2022;5.214
COMUNITAT VALENCIANA;6.2.-Contra la seguridad vial;2021;4.218
COMUNITAT VALENCIANA;6.2.-Contra la seguridad vial;2020;3.491
COMUNITAT VALENCIANA;6.2.-Contra la seguridad vial;2019;4.415
COMUNITAT VALENCIANA;6.2.-Contra la seguridad vial;2018;4.516
COMUNITAT VALENCIANA;6.2.-Contra la seguridad vial;2017;4.369
COMUNITAT VALENCIANA;6.2.-Contra la seguridad vial;2016;4.518
COMUNITAT VALENCIANA;6.2.-Contra la seguridad vial;2015;4.917
COMUNITAT VALENCIANA;6.2.-Contra la seguridad vial;2014;5.699
COMUNITAT VALENCIANA;6.2.-Contra la seguridad vial;2013;5.677
COMUNITAT VALENCIANA;6.2.-Contra la seguridad vial;2012;5.718
COMUNITAT VALENCIANA;6.2.-Contra la seguridad vial;2011;5.892
COMUNITAT VALENCIANA;6.2.-Contra la seguridad vial;2010;3.900
COMUNITAT VALENCIANA;6.3.-Otros contra la seguridad colectiva;2023;292
COMUNITAT VALENCIANA;6.3.-Otros contra la seguridad colectiva;2022;215
COMUNITAT VALENCIANA;6.3.-Otros contra la seguridad colectiva;2021;222
COMUNITAT VALENCIANA;6.3.-Otros contra la seguridad colectiva;2020;174
COMUNITAT VALENCIANA;6.3.-Otros contra la seguridad colectiva;2019;131
COMUNITAT VALENCIANA;6.3.-Otros contra la seguridad colectiva;2018;281
COMUNITAT VALENCIANA;6.3.-Otros contra la seguridad colectiva;2017;234
COMUNITAT VALENCIANA;6.3.-Otros contra la seguridad colectiva;2016;252
COMUNITAT VALENCIANA;6.3.-Otros contra la seguridad colectiva;2015;261
COMUNITAT VALENCIANA;6.3.-Otros contra la seguridad colectiva;2014;260
COMUNITAT VALENCIANA;6.3.-Otros contra la seguridad colectiva;2013;342
COMUNITAT VALENCIANA;6.3.-Otros contra la seguridad colectiva;2012;571
COMUNITAT VALENCIANA;6.3.-Otros contra la seguridad colectiva;2011;609
COMUNITAT VALENCIANA;6.3.-Otros contra la seguridad colectiva;2010;460
COMUNITAT VALENCIANA;7. FALSEDADES;2023;1.564
COMUNITAT VALENCIANA;7. FALSEDADES;2022;1.425
COMUNITAT VALENCIANA;7. FALSEDADES;2021;1.330
COMUNITAT VALENCIANA;7. FALSEDADES;2020;1.014
COMUNITAT VALENCIANA;7. FALSEDADES;2019;1.420
COMUNITAT VALENCIANA;7. FALSEDADES;2018;1.592
COMUNITAT VALENCIANA;7. FALSEDADES;2017;1.219
COMUNITAT VALENCIANA;7. FALSEDADES;2016;1.296
COMUNITAT VALENCIANA;7. FALSEDADES;2015;1.219
COMUNITAT VALENCIANA;7. FALSEDADES;2014;1.373
COMUNITAT VALENCIANA;7. FALSEDADES;2013;1.812
COMUNITAT VALENCIANA;7. FALSEDADES;2012;1.470
COMUNITAT VALENCIANA;7. FALSEDADES;2011;1.572
COMUNITAT VALENCIANA;7. FALSEDADES;2010;1.318
COMUNITAT VALENCIANA;8. ADMÓN. PÚBLICA;2023;16
COMUNITAT VALENCIANA;8. ADMÓN. PÚBLICA;2022;25
COMUNITAT VALENCIANA;8. ADMÓN. PÚBLICA;2021;46
COMUNITAT VALENCIANA;8. ADMÓN. PÚBLICA;2020;28
COMUNITAT VALENCIANA;8. ADMÓN. PÚBLICA;2019;38
COMUNITAT VALENCIANA;8. ADMÓN. PÚBLICA;2018;42
COMUNITAT VALENCIANA;8. ADMÓN. PÚBLICA;2017;67
COMUNITAT VALENCIANA;8. ADMÓN. PÚBLICA;2016;28
COMUNITAT VALENCIANA;8. ADMÓN. PÚBLICA;2015;66
COMUNITAT VALENCIANA;8. ADMÓN. PÚBLICA;2014;25
COMUNITAT VALENCIANA;8. ADMÓN. PÚBLICA;2013;19
COMUNITAT VALENCIANA;8. ADMÓN. PÚBLICA;2012;46
COMUNITAT VALENCIANA;8. ADMÓN. PÚBLICA;2011;19
COMUNITAT VALENCIANA;8. ADMÓN. PÚBLICA;2010;42
COMUNITAT VALENCIANA;9. ADMÓN. JUSTICIA;2023;4.304
COMUNITAT VALENCIANA;9. ADMÓN. JUSTICIA;2022;3.932
COMUNITAT VALENCIANA;9. ADMÓN. JUSTICIA;2021;3.410
COMUNITAT VALENCIANA;9. ADMÓN. JUSTICIA;2020;3.269
COMUNITAT VALENCIANA;9. ADMÓN. JUSTICIA;2019;3.370
COMUNITAT VALENCIANA;9. ADMÓN. JUSTICIA;2018;3.224
COMUNITAT VALENCIANA;9. ADMÓN. JUSTICIA;2017;3.124
COMUNITAT VALENCIANA;9. ADMÓN. JUSTICIA;2016;2.990
COMUNITAT VALENCIANA;9. ADMÓN. JUSTICIA;2015;3.219
COMUNITAT VALENCIANA;9. ADMÓN. JUSTICIA;2014;3.354
COMUNITAT VALENCIANA;9. ADMÓN. JUSTICIA;2013;3.558
COMUNITAT VALENCIANA;9. ADMÓN. JUSTICIA;2012;3.541
COMUNITAT VALENCIANA;9. ADMÓN. JUSTICIA;2011;3.606
COMUNITAT VALENCIANA;9. ADMÓN. JUSTICIA;2010;3.113
COMUNITAT VALENCIANA;10. ORDEN PÚBLICO;2023;3.249
COMUNITAT VALENCIANA;10. ORDEN PÚBLICO;2022;3.025
COMUNITAT VALENCIANA;10. ORDEN PÚBLICO;2021;3.026
COMUNITAT VALENCIANA;10. ORDEN PÚBLICO;2020;3.673
COMUNITAT VALENCIANA;10. ORDEN PÚBLICO;2019;2.234
COMUNITAT VALENCIANA;10. ORDEN PÚBLICO;2018;2.249
COMUNITAT VALENCIANA;10. ORDEN PÚBLICO;2017;2.169
COMUNITAT VALENCIANA;10. ORDEN PÚBLICO;2016;2.113
COMUNITAT VALENCIANA;10. ORDEN PÚBLICO;2015;2.437
COMUNITAT VALENCIANA;10. ORDEN PÚBLICO;2014;3.052
COMUNITAT VALENCIANA;10. ORDEN PÚBLICO;2013;3.467
COMUNITAT VALENCIANA;10. ORDEN PÚBLICO;2012;3.605
COMUNITAT VALENCIANA;10. ORDEN PÚBLICO;2011;3.714
COMUNITAT VALENCIANA;10. ORDEN PÚBLICO;2010;2.851
COMUNITAT VALENCIANA;11. LEGISLACIÓN ESPECIAL;2023;26
COMUNITAT VALENCIANA;11. LEGISLACIÓN ESPECIAL;2022;9
COMUNITAT VALENCIANA;11. LEGISLACIÓN ESPECIAL;2021;39
COMUNITAT VALENCIANA;11. LEGISLACIÓN ESPECIAL;2020;23
COMUNITAT VALENCIANA;11. LEGISLACIÓN ESPECIAL;2019;10
COMUNITAT VALENCIANA;11. LEGISLACIÓN ESPECIAL;2018;66
COMUNITAT VALENCIANA;11. LEGISLACIÓN ESPECIAL;2017;10
COMUNITAT VALENCIANA;11. LEGISLACIÓN ESPECIAL;2016;34
COMUNITAT VALENCIANA;11. LEGISLACIÓN ESPECIAL;2015;30
COMUNITAT VALENCIANA;11. LEGISLACIÓN ESPECIAL;2014;1
COMUNITAT VALENCIANA;11. LEGISLACIÓN ESPECIAL;2013;12
COMUNITAT VALENCIANA;11. LEGISLACIÓN ESPECIAL;2012;9
COMUNITAT VALENCIANA;11. LEGISLACIÓN ESPECIAL;2011;2
COMUNITAT VALENCIANA;11. LEGISLACIÓN ESPECIAL;2010;3
COMUNITAT VALENCIANA;12. OTRAS INFRACCIONES PENALES;2023;397
COMUNITAT VALENCIANA;12. OTRAS INFRACCIONES PENALES;2022;442
COMUNITAT VALENCIANA;12. OTRAS INFRACCIONES PENALES;2021;551
COMUNITAT VALENCIANA;12. OTRAS INFRACCIONES PENALES;2020;411
COMUNITAT VALENCIANA;12. OTRAS INFRACCIONES PENALES;2019;471
COMUNITAT VALENCIANA;12. OTRAS INFRACCIONES PENALES;2018;379
COMUNITAT VALENCIANA;12. OTRAS INFRACCIONES PENALES;2017;466
COMUNITAT VALENCIANA;12. OTRAS INFRACCIONES PENALES;2016;686
COMUNITAT VALENCIANA;12. OTRAS INFRACCIONES PENALES;2015;580
COMUNITAT VALENCIANA;12. OTRAS INFRACCIONES PENALES;2014;750
COMUNITAT VALENCIANA;12. OTRAS INFRACCIONES PENALES;2013;408
COMUNITAT VALENCIANA;12. OTRAS INFRACCIONES PENALES;2012;425
COMUNITAT VALENCIANA;12. OTRAS INFRACCIONES PENALES;2011;440
COMUNITAT VALENCIANA;12. OTRAS INFRACCIONES PENALES;2010;503
COMUNITAT VALENCIANA;TOTAL INFRACCIONES PENALES;2023;64.341
COMUNITAT VALENCIANA;TOTAL INFRACCIONES PENALES;2022;58.638
COMUNITAT VALENCIANA;TOTAL INFRACCIONES PENALES;2021;51.081
COMUNITAT VALENCIANA;TOTAL INFRACCIONES PENALES;2020;45.661
COMUNITAT VALENCIANA;TOTAL INFRACCIONES PENALES;2019;50.416
COMUNITAT VALENCIANA;TOTAL INFRACCIONES PENALES;2018;49.936
COMUNITAT VALENCIANA;TOTAL INFRACCIONES PENALES;2017;48.290
COMUNITAT VALENCIANA;TOTAL INFRACCIONES PENALES;2016;49.042
COMUNITAT VALENCIANA;TOTAL INFRACCIONES PENALES;2015;51.906
COMUNITAT VALENCIANA;TOTAL INFRACCIONES PENALES;2014;59.805
COMUNITAT VALENCIANA;TOTAL INFRACCIONES PENALES;2013;63.562
COMUNITAT VALENCIANA;TOTAL INFRACCIONES PENALES;2012;63.102
COMUNITAT VALENCIANA;TOTAL INFRACCIONES PENALES;2011;63.155
COMUNITAT VALENCIANA;TOTAL INFRACCIONES PENALES;2010;47.616
EXTREMADURA;1. CONTRA LAS PERSONAS;2023;2.437
EXTREMADURA;1. CONTRA LAS PERSONAS;2022;2.209
EXTREMADURA;1. CONTRA LAS PERSONAS;2021;2.096
EXTREMADURA;1. CONTRA LAS PERSONAS;2020;1.920
EXTREMADURA;1. CONTRA LAS PERSONAS;2019;2.099
EXTREMADURA;1. CONTRA LAS PERSONAS;2018;2.072
EXTREMADURA;1. CONTRA LAS PERSONAS;2017;2.071
EXTREMADURA;1. CONTRA LAS PERSONAS;2016;1.907
EXTREMADURA;1. CONTRA LAS PERSONAS;2015;2.089
EXTREMADURA;1. CONTRA LAS PERSONAS;2014;2.519
EXTREMADURA;1. CONTRA LAS PERSONAS;2013;2.523
EXTREMADURA;1. CONTRA LAS PERSONAS;2012;2.269
EXTREMADURA;1. CONTRA LAS PERSONAS;2011;1.930
EXTREMADURA;1. CONTRA LAS PERSONAS;2010;1.266
EXTREMADURA;1.1.-Homicidios dolosos/asesinatos;2023;19
EXTREMADURA;1.1.-Homicidios dolosos/asesinatos;2022;13
EXTREMADURA;1.1.-Homicidios dolosos/asesinatos;2021;24
EXTREMADURA;1.1.-Homicidios dolosos/asesinatos;2020;33
EXTREMADURA;1.1.-Homicidios dolosos/asesinatos;2019;16
EXTREMADURA;1.1.-Homicidios dolosos/asesinatos;2018;21
EXTREMADURA;1.1.-Homicidios dolosos/asesinatos;2017;34
EXTREMADURA;1.1.-Homicidios dolosos/asesinatos;2016;13
EXTREMADURA;1.1.-Homicidios dolosos/asesinatos;2015;9
EXTREMADURA;1.1.-Homicidios dolosos/asesinatos;2014;15
EXTREMADURA;1.1.-Homicidios dolosos/asesinatos;2013;34
EXTREMADURA;1.1.-Homicidios dolosos/asesinatos;2012;16
EXTREMADURA;1.1.-Homicidios dolosos/asesinatos;2011;33
EXTREMADURA;1.1.-Homicidios dolosos/asesinatos;2010;29
EXTREMADURA;1.1.1.-Homicidios dolosos/asesinatos consumados;2023;4
EXTREMADURA;1.1.1.-Homicidios dolosos/asesinatos consumados;2022;4
EXTREMADURA;1.1.1.-Homicidios dolosos/asesinatos consumados;2021;2
EXTREMADURA;1.1.1.-Homicidios dolosos/asesinatos consumados;2020;12
EXTREMADURA;1.1.1.-Homicidios dolosos/asesinatos consumados;2019;6
EXTREMADURA;1.1.1.-Homicidios dolosos/asesinatos consumados;2018;12
EXTREMADURA;1.1.1.-Homicidios dolosos/asesinatos consumados;2017;12
EXTREMADURA;1.1.1.-Homicidios dolosos/asesinatos consumados;2016;7
EXTREMADURA;1.1.1.-Homicidios dolosos/asesinatos consumados;2015;1
EXTREMADURA;1.1.1.-Homicidios dolosos/asesinatos consumados;2014;5
EXTREMADURA;1.1.1.-Homicidios dolosos/asesinatos consumados;2013;13
EXTREMADURA;1.1.1.-Homicidios dolosos/asesinatos consumados;2012;6
EXTREMADURA;1.1.1.-Homicidios dolosos/asesinatos consumados;2011;10
EXTREMADURA;1.1.1.-Homicidios dolosos/asesinatos consumados;2010;9
EXTREMADURA;1.2.-Lesiones;2023;1.248
EXTREMADURA;1.2.-Lesiones;2022;1.067
EXTREMADURA;1.2.-Lesiones;2021;1.020
EXTREMADURA;1.2.-Lesiones;2020;884
EXTREMADURA;1.2.-Lesiones;2019;1.042
EXTREMADURA;1.2.-Lesiones;2018;1.118
EXTREMADURA;1.2.-Lesiones;2017;1.138
EXTREMADURA;1.2.-Lesiones;2016;985
EXTREMADURA;1.2.-Lesiones;2015;890
EXTREMADURA;1.2.-Lesiones;2014;980
EXTREMADURA;1.2.-Lesiones;2013;929
EXTREMADURA;1.2.-Lesiones;2012;816
EXTREMADURA;1.2.-Lesiones;2011;672
EXTREMADURA;1.2.-Lesiones;2010;406
EXTREMADURA;1.3.-Malos tratos ámbito familiar;2023;1.130
EXTREMADURA;1.3.-Malos tratos ámbito familiar;2022;1.080
EXTREMADURA;1.3.-Malos tratos ámbito familiar;2021;988
EXTREMADURA;1.3.-Malos tratos ámbito familiar;2020;959
EXTREMADURA;1.3.-Malos tratos ámbito familiar;2019;999
EXTREMADURA;1.3.-Malos tratos ámbito familiar;2018;883
EXTREMADURA;1.3.-Malos tratos ámbito familiar;2017;866
EXTREMADURA;1.3.-Malos tratos ámbito familiar;2016;878
EXTREMADURA;1.3.-Malos tratos ámbito familiar;2015;865
EXTREMADURA;1.3.-Malos tratos ámbito familiar;2014;912
EXTREMADURA;1.3.-Malos tratos ámbito familiar;2013;892
EXTREMADURA;1.3.-Malos tratos ámbito familiar;2012;889
EXTREMADURA;1.3.-Malos tratos ámbito familiar;2011;855
EXTREMADURA;1.3.-Malos tratos ámbito familiar;2010;779
EXTREMADURA;1.4.-Otros contra las personas;2023;40
EXTREMADURA;1.4.-Otros contra las personas;2022;49
EXTREMADURA;1.4.-Otros contra las personas;2021;64
EXTREMADURA;1.4.-Otros contra las personas;2020;44
EXTREMADURA;1.4.-Otros contra las personas;2019;42
EXTREMADURA;1.4.-Otros contra las personas;2018;50
EXTREMADURA;1.4.-Otros contra las personas;2017;33
EXTREMADURA;1.4.-Otros contra las personas;2016;31
EXTREMADURA;1.4.-Otros contra las personas;2015;325
EXTREMADURA;1.4.-Otros contra las personas;2014;612
EXTREMADURA;1.4.-Otros contra las personas;2013;668
EXTREMADURA;1.4.-Otros contra las personas;2012;548
EXTREMADURA;1.4.-Otros contra las personas;2011;370
EXTREMADURA;1.4.-Otros contra las personas;2010;52
EXTREMADURA;2. CONTRA LA LIBERTAD;2023;1.362
EXTREMADURA;2. CONTRA LA LIBERTAD;2022;1.185
EXTREMADURA;2. CONTRA LA LIBERTAD;2021;1.174
EXTREMADURA;2. CONTRA LA LIBERTAD;2020;1.128
EXTREMADURA;2. CONTRA LA LIBERTAD;2019;1.171
EXTREMADURA;2. CONTRA LA LIBERTAD;2018;1.076
EXTREMADURA;2. CONTRA LA LIBERTAD;2017;1.094
EXTREMADURA;2. CONTRA LA LIBERTAD;2016;949
EXTREMADURA;2. CONTRA LA LIBERTAD;2015;727
EXTREMADURA;2. CONTRA LA LIBERTAD;2014;538
EXTREMADURA;2. CONTRA LA LIBERTAD;2013;602
EXTREMADURA;2. CONTRA LA LIBERTAD;2012;555
EXTREMADURA;2. CONTRA LA LIBERTAD;2011;551
EXTREMADURA;2. CONTRA LA LIBERTAD;2010;394
EXTREMADURA;2.1.-Malos tratos habituales en el ámbito familiar;2023;270
EXTREMADURA;2.1.-Malos tratos habituales en el ámbito familiar;2022;242
EXTREMADURA;2.1.-Malos tratos habituales en el ámbito familiar;2021;263
EXTREMADURA;2.1.-Malos tratos habituales en el ámbito familiar;2020;214
EXTREMADURA;2.1.-Malos tratos habituales en el ámbito familiar;2019;241
EXTREMADURA;2.1.-Malos tratos habituales en el ámbito familiar;2018;189
EXTREMADURA;2.1.-Malos tratos habituales en el ámbito familiar;2017;200
EXTREMADURA;2.1.-Malos tratos habituales en el ámbito familiar;2016;213
EXTREMADURA;2.1.-Malos tratos habituales en el ámbito familiar;2015;251
EXTREMADURA;2.1.-Malos tratos habituales en el ámbito familiar;2014;285
EXTREMADURA;2.1.-Malos tratos habituales en el ámbito familiar;2013;315
EXTREMADURA;2.1.-Malos tratos habituales en el ámbito familiar;2012;252
EXTREMADURA;2.1.-Malos tratos habituales en el ámbito familiar;2011;249
EXTREMADURA;2.1.-Malos tratos habituales en el ámbito familiar;2010;176
EXTREMADURA;2.2.-Otros contra la libertad;2023;1.092
EXTREMADURA;2.2.-Otros contra la libertad;2022;943
EXTREMADURA;2.2.-Otros contra la libertad;2021;911
EXTREMADURA;2.2.-Otros contra la libertad;2020;914
EXTREMADURA;2.2.-Otros contra la libertad;2019;930
EXTREMADURA;2.2.-Otros contra la libertad;2018;887
EXTREMADURA;2.2.-Otros contra la libertad;2017;894
EXTREMADURA;2.2.-Otros contra la libertad;2016;736
EXTREMADURA;2.2.-Otros contra la libertad;2015;476
EXTREMADURA;2.2.-Otros contra la libertad;2014;253
EXTREMADURA;2.2.-Otros contra la libertad;2013;287
EXTREMADURA;2.2.-Otros contra la libertad;2012;303
EXTREMADURA;2.2.-Otros contra la libertad;2011;302
EXTREMADURA;2.2.-Otros contra la libertad;2010;218
EXTREMADURA;3. LIBERTAD SEXUAL;2023;211
EXTREMADURA;3. LIBERTAD SEXUAL;2022;186
EXTREMADURA;3. LIBERTAD SEXUAL;2021;167
EXTREMADURA;3. LIBERTAD SEXUAL;2020;128
EXTREMADURA;3. LIBERTAD SEXUAL;2019;152
EXTREMADURA;3. LIBERTAD SEXUAL;2018;153
EXTREMADURA;3. LIBERTAD SEXUAL;2017;107
EXTREMADURA;3. LIBERTAD SEXUAL;2016;119
EXTREMADURA;3. LIBERTAD SEXUAL;2015;112
EXTREMADURA;3. LIBERTAD SEXUAL;2014;119
EXTREMADURA;3. LIBERTAD SEXUAL;2013;159
EXTREMADURA;3. LIBERTAD SEXUAL;2012;111
EXTREMADURA;3. LIBERTAD SEXUAL;2011;144
EXTREMADURA;3. LIBERTAD SEXUAL;2010;122
EXTREMADURA;3.1.-Agresión sexual;2023;132
EXTREMADURA;3.1.-Agresión sexual;2022;129
EXTREMADURA;3.1.-Agresión sexual;2021;105
EXTREMADURA;3.1.-Agresión sexual;2020;87
EXTREMADURA;3.1.-Agresión sexual;2019;99
EXTREMADURA;3.1.-Agresión sexual;2018;97
EXTREMADURA;3.1.-Agresión sexual;2017;71
EXTREMADURA;3.1.-Agresión sexual;2016;68
EXTREMADURA;3.1.-Agresión sexual;2015;58
EXTREMADURA;3.1.-Agresión sexual;2014;65
EXTREMADURA;3.1.-Agresión sexual;2013;83
EXTREMADURA;3.1.-Agresión sexual;2012;76
EXTREMADURA;3.1.-Agresión sexual;2011;83
EXTREMADURA;3.1.-Agresión sexual;2010;56
EXTREMADURA;3.2.-Agresión sexual con penetración;2023;29
EXTREMADURA;3.2.-Agresión sexual con penetración;2022;28
EXTREMADURA;3.2.-Agresión sexual con penetración;2021;35
EXTREMADURA;3.2.-Agresión sexual con penetración;2020;24
EXTREMADURA;3.2.-Agresión sexual con penetración;2019;22
EXTREMADURA;3.2.-Agresión sexual con penetración;2018;28
EXTREMADURA;3.2.-Agresión sexual con penetración;2017;11
EXTREMADURA;3.2.-Agresión sexual con penetración;2016;20
EXTREMADURA;3.2.-Agresión sexual con penetración;2015;17
EXTREMADURA;3.2.-Agresión sexual con penetración;2014;12
EXTREMADURA;3.2.-Agresión sexual con penetración;2013;27
EXTREMADURA;3.2.-Agresión sexual con penetración;2012;14
EXTREMADURA;3.2.-Agresión sexual con penetración;2011;20
EXTREMADURA;3.2.-Agresión sexual con penetración;2010;21
EXTREMADURA;3.3.-Corrupción de menores o incapacitados;2023;5
EXTREMADURA;3.3.-Corrupción de menores o incapacitados;2022;4
EXTREMADURA;3.3.-Corrupción de menores o incapacitados;2021;7
EXTREMADURA;3.3.-Corrupción de menores o incapacitados;2020;2
EXTREMADURA;3.3.-Corrupción de menores o incapacitados;2019;6
EXTREMADURA;3.3.-Corrupción de menores o incapacitados;2018;8
EXTREMADURA;3.3.-Corrupción de menores o incapacitados;2017;3
EXTREMADURA;3.3.-Corrupción de menores o incapacitados;2016;8
EXTREMADURA;3.3.-Corrupción de menores o incapacitados;2015;5
EXTREMADURA;3.3.-Corrupción de menores o incapacitados;2014;7
EXTREMADURA;3.3.-Corrupción de menores o incapacitados;2013;8
EXTREMADURA;3.3.-Corrupción de menores o incapacitados;2012;5
EXTREMADURA;3.3.-Corrupción de menores o incapacitados;2011;2
EXTREMADURA;3.3.-Corrupción de menores o incapacitados;2010;21
EXTREMADURA;3.4.-Pornografía de menores;2023;22
EXTREMADURA;3.4.-Pornografía de menores;2022;6
EXTREMADURA;3.4.-Pornografía de menores;2021;5
EXTREMADURA;3.4.-Pornografía de menores;2020;2
EXTREMADURA;3.4.-Pornografía de menores;2019;5
EXTREMADURA;3.4.-Pornografía de menores;2018;6
EXTREMADURA;3.4.-Pornografía de menores;2017;6
EXTREMADURA;3.4.-Pornografía de menores;2016;8
EXTREMADURA;3.4.-Pornografía de menores;2015;10
EXTREMADURA;3.4.-Pornografía de menores;2014;6
EXTREMADURA;3.4.-Pornografía de menores;2013;16
EXTREMADURA;3.4.-Pornografía de menores;2012;2
EXTREMADURA;3.4.-Pornografía de menores;2011;8
EXTREMADURA;3.4.-Pornografía de menores;2010;10
EXTREMADURA;3.5.-Otros contra la libertad sexual;2023;23
EXTREMADURA;3.5.-Otros contra la libertad sexual;2022;19
EXTREMADURA;3.5.-Otros contra la libertad sexual;2021;15
EXTREMADURA;3.5.-Otros contra la libertad sexual;2020;13
EXTREMADURA;3.5.-Otros contra la libertad sexual;2019;20
EXTREMADURA;3.5.-Otros contra la libertad sexual;2018;14
EXTREMADURA;3.5.-Otros contra la libertad sexual;2017;16
EXTREMADURA;3.5.-Otros contra la libertad sexual;2016;15
EXTREMADURA;3.5.-Otros contra la libertad sexual;2015;22
EXTREMADURA;3.5.-Otros contra la libertad sexual;2014;29
EXTREMADURA;3.5.-Otros contra la libertad sexual;2013;25
EXTREMADURA;3.5.-Otros contra la libertad sexual;2012;14
EXTREMADURA;3.5.-Otros contra la libertad sexual;2011;31
EXTREMADURA;3.5.-Otros contra la libertad sexual;2010;14
EXTREMADURA;4. RELACIONES FAMILIARES;2023;68
EXTREMADURA;4. RELACIONES FAMILIARES;2022;70
EXTREMADURA;4. RELACIONES FAMILIARES;2021;58
EXTREMADURA;4. RELACIONES FAMILIARES;2020;44
EXTREMADURA;4. RELACIONES FAMILIARES;2019;49
EXTREMADURA;4. RELACIONES FAMILIARES;2018;50
EXTREMADURA;4. RELACIONES FAMILIARES;2017;41
EXTREMADURA;4. RELACIONES FAMILIARES;2016;29
EXTREMADURA;4. RELACIONES FAMILIARES;2015;55
EXTREMADURA;4. RELACIONES FAMILIARES;2014;44
EXTREMADURA;4. RELACIONES FAMILIARES;2013;42
EXTREMADURA;4. RELACIONES FAMILIARES;2012;41
EXTREMADURA;4. RELACIONES FAMILIARES;2011;42
EXTREMADURA;4. RELACIONES FAMILIARES;2010;26
EXTREMADURA;5. PATRIMONIO;2023;2.596
EXTREMADURA;5. PATRIMONIO;2022;2.401
EXTREMADURA;5. PATRIMONIO;2021;2.046
EXTREMADURA;5. PATRIMONIO;2020;2.024
EXTREMADURA;5. PATRIMONIO;2019;2.349
EXTREMADURA;5. PATRIMONIO;2018;2.414
EXTREMADURA;5. PATRIMONIO;2017;2.287
EXTREMADURA;5. PATRIMONIO;2016;2.561
EXTREMADURA;5. PATRIMONIO;2015;2.996
EXTREMADURA;5. PATRIMONIO;2014;3.830
EXTREMADURA;5. PATRIMONIO;2013;4.459
EXTREMADURA;5. PATRIMONIO;2012;3.847
EXTREMADURA;5. PATRIMONIO;2011;3.255
EXTREMADURA;5. PATRIMONIO;2010;2.026
EXTREMADURA;5.1.-Hurtos;2023;935
EXTREMADURA;5.1.-Hurtos;2022;922
EXTREMADURA;5.1.-Hurtos;2021;654
EXTREMADURA;5.1.-Hurtos;2020;616
EXTREMADURA;5.1.-Hurtos;2019;791
EXTREMADURA;5.1.-Hurtos;2018;898
EXTREMADURA;5.1.-Hurtos;2017;912
EXTREMADURA;5.1.-Hurtos;2016;1.108
EXTREMADURA;5.1.-Hurtos;2015;1.306
EXTREMADURA;5.1.-Hurtos;2014;1.829
EXTREMADURA;5.1.-Hurtos;2013;1.907
EXTREMADURA;5.1.-Hurtos;2012;1.433
EXTREMADURA;5.1.-Hurtos;2011;1.089
EXTREMADURA;5.1.-Hurtos;2010;415
EXTREMADURA;5.2.-Robos con fuerza en las cosas;2023;606
EXTREMADURA;5.2.-Robos con fuerza en las cosas;2022;482
EXTREMADURA;5.2.-Robos con fuerza en las cosas;2021;447
EXTREMADURA;5.2.-Robos con fuerza en las cosas;2020;493
EXTREMADURA;5.2.-Robos con fuerza en las cosas;2019;539
EXTREMADURA;5.2.-Robos con fuerza en las cosas;2018;608
EXTREMADURA;5.2.-Robos con fuerza en las cosas;2017;575
EXTREMADURA;5.2.-Robos con fuerza en las cosas;2016;593
EXTREMADURA;5.2.-Robos con fuerza en las cosas;2015;735
EXTREMADURA;5.2.-Robos con fuerza en las cosas;2014;944
EXTREMADURA;5.2.-Robos con fuerza en las cosas;2013;1.272
EXTREMADURA;5.2.-Robos con fuerza en las cosas;2012;1.283
EXTREMADURA;5.2.-Robos con fuerza en las cosas;2011;1.078
EXTREMADURA;5.2.-Robos con fuerza en las cosas;2010;867
EXTREMADURA;5.2.1.-Robos con fuerza en las cosas en el interior de vehículos;2023;74
EXTREMADURA;5.2.1.-Robos con fuerza en las cosas en el interior de vehículos;2022;53
EXTREMADURA;5.2.1.-Robos con fuerza en las cosas en el interior de vehículos;2021;63
EXTREMADURA;5.2.1.-Robos con fuerza en las cosas en el interior de vehículos;2020;48
EXTREMADURA;5.2.1.-Robos con fuerza en las cosas en el interior de vehículos;2019;68
EXTREMADURA;5.2.1.-Robos con fuerza en las cosas en el interior de vehículos;2018;62
EXTREMADURA;5.2.1.-Robos con fuerza en las cosas en el interior de vehículos;2017;61
EXTREMADURA;5.2.1.-Robos con fuerza en las cosas en el interior de vehículos;2016;83
EXTREMADURA;5.2.1.-Robos con fuerza en las cosas en el interior de vehículos;2015;73
EXTREMADURA;5.2.1.-Robos con fuerza en las cosas en el interior de vehículos;2014;111
EXTREMADURA;5.2.1.-Robos con fuerza en las cosas en el interior de vehículos;2013;198
EXTREMADURA;5.2.1.-Robos con fuerza en las cosas en el interior de vehículos;2012;193
EXTREMADURA;5.2.1.-Robos con fuerza en las cosas en el interior de vehículos;2011;185
EXTREMADURA;5.2.1.-Robos con fuerza en las cosas en el interior de vehículos;2010;98
EXTREMADURA;5.2.2.-Robos con fuerza en viviendas;2023;191
EXTREMADURA;5.2.2.-Robos con fuerza en viviendas;2022;131
EXTREMADURA;5.2.2.-Robos con fuerza en viviendas;2021;149
EXTREMADURA;5.2.2.-Robos con fuerza en viviendas;2020;169
EXTREMADURA;5.2.2.-Robos con fuerza en viviendas;2019;176
EXTREMADURA;5.2.2.-Robos con fuerza en viviendas;2018;225
EXTREMADURA;5.2.2.-Robos con fuerza en viviendas;2017;194
EXTREMADURA;5.2.2.-Robos con fuerza en viviendas;2016;182
EXTREMADURA;5.2.2.-Robos con fuerza en viviendas;2015;239
EXTREMADURA;5.2.2.-Robos con fuerza en viviendas;2014;264
EXTREMADURA;5.2.2.-Robos con fuerza en viviendas;2013;402
EXTREMADURA;5.2.2.-Robos con fuerza en viviendas;2012;333
EXTREMADURA;5.2.2.-Robos con fuerza en viviendas;2011;222
EXTREMADURA;5.2.2.-Robos con fuerza en viviendas;2010;194
EXTREMADURA;5.2.3.-Robos con fuerza en establecimientos;2023;164
EXTREMADURA;5.2.3.-Robos con fuerza en establecimientos;2022;124
EXTREMADURA;5.2.3.-Robos con fuerza en establecimientos;2021;87
EXTREMADURA;5.2.3.-Robos con fuerza en establecimientos;2020;118
EXTREMADURA;5.2.3.-Robos con fuerza en establecimientos;2019;135
EXTREMADURA;5.2.3.-Robos con fuerza en establecimientos;2018;160
EXTREMADURA;5.2.3.-Robos con fuerza en establecimientos;2017;144
EXTREMADURA;5.2.3.-Robos con fuerza en establecimientos;2016;167
EXTREMADURA;5.2.3.-Robos con fuerza en establecimientos;2015;205
EXTREMADURA;5.2.3.-Robos con fuerza en establecimientos;2014;261
EXTREMADURA;5.2.3.-Robos con fuerza en establecimientos;2013;303
EXTREMADURA;5.2.3.-Robos con fuerza en establecimientos;2012;327
EXTREMADURA;5.2.3.-Robos con fuerza en establecimientos;2011;271
EXTREMADURA;5.2.3.-Robos con fuerza en establecimientos;2010;196
EXTREMADURA;5.3.-Robos con violencia o intimidación;2023;192
EXTREMADURA;5.3.-Robos con violencia o intimidación;2022;168
EXTREMADURA;5.3.-Robos con violencia o intimidación;2021;120
EXTREMADURA;5.3.-Robos con violencia o intimidación;2020;135
EXTREMADURA;5.3.-Robos con violencia o intimidación;2019;218
EXTREMADURA;5.3.-Robos con violencia o intimidación;2018;141
EXTREMADURA;5.3.-Robos con violencia o intimidación;2017;172
EXTREMADURA;5.3.-Robos con violencia o intimidación;2016;149
EXTREMADURA;5.3.-Robos con violencia o intimidación;2015;172
EXTREMADURA;5.3.-Robos con violencia o intimidación;2014;193
EXTREMADURA;5.3.-Robos con violencia o intimidación;2013;283
EXTREMADURA;5.3.-Robos con violencia o intimidación;2012;263
EXTREMADURA;5.3.-Robos con violencia o intimidación;2011;234
EXTREMADURA;5.3.-Robos con violencia o intimidación;2010;195
EXTREMADURA;5.3.1.-Robos con violencia en vía pública;2023;73
EXTREMADURA;5.3.1.-Robos con violencia en vía pública;2022;75
EXTREMADURA;5.3.1.-Robos con violencia en vía pública;2021;52
EXTREMADURA;5.3.1.-Robos con violencia en vía pública;2020;60
EXTREMADURA;5.3.1.-Robos con violencia en vía pública;2019;101
EXTREMADURA;5.3.1.-Robos con violencia en vía pública;2018;56
EXTREMADURA;5.3.1.-Robos con violencia en vía pública;2017;78
EXTREMADURA;5.3.1.-Robos con violencia en vía pública;2016;67
EXTREMADURA;5.3.1.-Robos con violencia en vía pública;2015;88
EXTREMADURA;5.3.1.-Robos con violencia en vía pública;2014;82
EXTREMADURA;5.3.1.-Robos con violencia en vía pública;2013;144
EXTREMADURA;5.3.1.-Robos con violencia en vía pública;2012;154
EXTREMADURA;5.3.1.-Robos con violencia en vía pública;2011;122
EXTREMADURA;5.3.1.-Robos con violencia en vía pública;2010;107
EXTREMADURA;5.3.2.-Robos con violencia en viviendas;2023;37
EXTREMADURA;5.3.2.-Robos con violencia en viviendas;2022;35
EXTREMADURA;5.3.2.-Robos con violencia en viviendas;2021;20
EXTREMADURA;5.3.2.-Robos con violencia en viviendas;2020;24
EXTREMADURA;5.3.2.-Robos con violencia en viviendas;2019;33
EXTREMADURA;5.3.2.-Robos con violencia en viviendas;2018;19
EXTREMADURA;5.3.2.-Robos con violencia en viviendas;2017;26
EXTREMADURA;5.3.2.-Robos con violencia en viviendas;2016;22
EXTREMADURA;5.3.2.-Robos con violencia en viviendas;2015;26
EXTREMADURA;5.3.2.-Robos con violencia en viviendas;2014;32
EXTREMADURA;5.3.2.-Robos con violencia en viviendas;2013;37
EXTREMADURA;5.3.2.-Robos con violencia en viviendas;2012;30
EXTREMADURA;5.3.2.-Robos con violencia en viviendas;2011;34
EXTREMADURA;5.3.2.-Robos con violencia en viviendas;2010;14
EXTREMADURA;5.3.3.-Robos con violencia en establecimientos;2023;58
EXTREMADURA;5.3.3.-Robos con violencia en establecimientos;2022;40
EXTREMADURA;5.3.3.-Robos con violencia en establecimientos;2021;37
EXTREMADURA;5.3.3.-Robos con violencia en establecimientos;2020;36
EXTREMADURA;5.3.3.-Robos con violencia en establecimientos;2019;58
EXTREMADURA;5.3.3.-Robos con violencia en establecimientos;2018;53
EXTREMADURA;5.3.3.-Robos con violencia en establecimientos;2017;45
EXTREMADURA;5.3.3.-Robos con violencia en establecimientos;2016;37
EXTREMADURA;5.3.3.-Robos con violencia en establecimientos;2015;43
EXTREMADURA;5.3.3.-Robos con violencia en establecimientos;2014;52
EXTREMADURA;5.3.3.-Robos con violencia en establecimientos;2013;65
EXTREMADURA;5.3.3.-Robos con violencia en establecimientos;2012;56
EXTREMADURA;5.3.3.-Robos con violencia en establecimientos;2011;53
EXTREMADURA;5.3.3.-Robos con violencia en establecimientos;2010;57
EXTREMADURA;5.4.-Sustracción de vehículos;2023;37
EXTREMADURA;5.4.-Sustracción de vehículos;2022;29
EXTREMADURA;5.4.-Sustracción de vehículos;2021;30
EXTREMADURA;5.4.-Sustracción de vehículos;2020;25
EXTREMADURA;5.4.-Sustracción de vehículos;2019;25
EXTREMADURA;5.4.-Sustracción de vehículos;2018;27
EXTREMADURA;5.4.-Sustracción de vehículos;2017;40
EXTREMADURA;5.4.-Sustracción de vehículos;2016;67
EXTREMADURA;5.4.-Sustracción de vehículos;2015;88
EXTREMADURA;5.4.-Sustracción de vehículos;2014;61
EXTREMADURA;5.4.-Sustracción de vehículos;2013;93
EXTREMADURA;5.4.-Sustracción de vehículos;2012;86
EXTREMADURA;5.4.-Sustracción de vehículos;2011;108
EXTREMADURA;5.4.-Sustracción de vehículos;2010;104
EXTREMADURA;5.5.-Estafas;2023;319
EXTREMADURA;5.5.-Estafas;2022;328
EXTREMADURA;5.5.-Estafas;2021;318
EXTREMADURA;5.5.-Estafas;2020;326
EXTREMADURA;5.5.-Estafas;2019;242
EXTREMADURA;5.5.-Estafas;2018;178
EXTREMADURA;5.5.-Estafas;2017;172
EXTREMADURA;5.5.-Estafas;2016;241
EXTREMADURA;5.5.-Estafas;2015;233
EXTREMADURA;5.5.-Estafas;2014;269
EXTREMADURA;5.5.-Estafas;2013;290
EXTREMADURA;5.5.-Estafas;2012;287
EXTREMADURA;5.5.-Estafas;2011;266
EXTREMADURA;5.5.-Estafas;2010;178
EXTREMADURA;5.5.1.-Estafas informáticas;2023;192
EXTREMADURA;5.5.1.-Estafas informáticas;2022;184
EXTREMADURA;5.5.1.-Estafas informáticas;2021;181
EXTREMADURA;5.5.1.-Estafas informáticas;2020;131
EXTREMADURA;5.5.1.-Estafas informáticas;2019;67
EXTREMADURA;5.5.1.-Estafas informáticas;2018;32
EXTREMADURA;5.5.1.-Estafas informáticas;2017;19
EXTREMADURA;5.5.1.-Estafas informáticas;2016;36
EXTREMADURA;5.5.1.-Estafas informáticas;2015;62
EXTREMADURA;5.5.1.-Estafas informáticas;2014;48
EXTREMADURA;5.5.1.-Estafas informáticas;2013;62
EXTREMADURA;5.5.1.-Estafas informáticas;2012;68
EXTREMADURA;5.5.1.-Estafas informáticas;2011;52
EXTREMADURA;5.5.1.-Estafas informáticas;2010;36
EXTREMADURA;5.6.-Daños;2023;274
EXTREMADURA;5.6.-Daños;2022;259
EXTREMADURA;5.6.-Daños;2021;272
EXTREMADURA;5.6.-Daños;2020;245
EXTREMADURA;5.6.-Daños;2019;255
EXTREMADURA;5.6.-Daños;2018;250
EXTREMADURA;5.6.-Daños;2017;222
EXTREMADURA;5.6.-Daños;2016;197
EXTREMADURA;5.6.-Daños;2015;220
EXTREMADURA;5.6.-Daños;2014;232
EXTREMADURA;5.6.-Daños;2013;306
EXTREMADURA;5.6.-Daños;2012;259
EXTREMADURA;5.6.-Daños;2011;260
EXTREMADURA;5.6.-Daños;2010;115
EXTREMADURA;5.7.-Contra la propiedad intelectual/industrial;2023;20
EXTREMADURA;5.7.-Contra la propiedad intelectual/industrial;2022;21
EXTREMADURA;5.7.-Contra la propiedad intelectual/industrial;2021;5
EXTREMADURA;5.7.-Contra la propiedad intelectual/industrial;2020;20
EXTREMADURA;5.7.-Contra la propiedad intelectual/industrial;2019;44
EXTREMADURA;5.7.-Contra la propiedad intelectual/industrial;2018;70
EXTREMADURA;5.7.-Contra la propiedad intelectual/industrial;2017;18
EXTREMADURA;5.7.-Contra la propiedad intelectual/industrial;2016;42
EXTREMADURA;5.7.-Contra la propiedad intelectual/industrial;2015;37
EXTREMADURA;5.7.-Contra la propiedad intelectual/industrial;2014;38
EXTREMADURA;5.7.-Contra la propiedad intelectual/industrial;2013;54
EXTREMADURA;5.7.-Contra la propiedad intelectual/industrial;2012;26
EXTREMADURA;5.7.-Contra la propiedad intelectual/industrial;2011;70
EXTREMADURA;5.7.-Contra la propiedad intelectual/industrial;2010;51
EXTREMADURA;5.8.-Blanqueo de capitales;2023;5
EXTREMADURA;5.8.-Blanqueo de capitales;2022;3
EXTREMADURA;5.8.-Blanqueo de capitales;2021;12
EXTREMADURA;5.8.-Blanqueo de capitales;2020;1
EXTREMADURA;5.8.-Blanqueo de capitales;2019;1
EXTREMADURA;5.8.-Blanqueo de capitales;2018;2
EXTREMADURA;5.8.-Blanqueo de capitales;2017;2
EXTREMADURA;5.8.-Blanqueo de capitales;2016;3
EXTREMADURA;5.8.-Blanqueo de capitales;2015;1
EXTREMADURA;5.8.-Blanqueo de capitales;2014;13
EXTREMADURA;5.8.-Blanqueo de capitales;2013;0
EXTREMADURA;5.8.-Blanqueo de capitales;2012;0
EXTREMADURA;5.8.-Blanqueo de capitales;2011;0
EXTREMADURA;5.8.-Blanqueo de capitales;2010;1
EXTREMADURA;5.9.-Otros contra el patrimonio;2023;208
EXTREMADURA;5.9.-Otros contra el patrimonio;2022;189
EXTREMADURA;5.9.-Otros contra el patrimonio;2021;188
EXTREMADURA;5.9.-Otros contra el patrimonio;2020;163
EXTREMADURA;5.9.-Otros contra el patrimonio;2019;234
EXTREMADURA;5.9.-Otros contra el patrimonio;2018;240
EXTREMADURA;5.9.-Otros contra el patrimonio;2017;174
EXTREMADURA;5.9.-Otros contra el patrimonio;2016;161
EXTREMADURA;5.9.-Otros contra el patrimonio;2015;204
EXTREMADURA;5.9.-Otros contra el patrimonio;2014;251
EXTREMADURA;5.9.-Otros contra el patrimonio;2013;254
EXTREMADURA;5.9.-Otros contra el patrimonio;2012;210
EXTREMADURA;5.9.-Otros contra el patrimonio;2011;150
EXTREMADURA;5.9.-Otros contra el patrimonio;2010;100
EXTREMADURA;6. SEGURIDAD COLECTIVA;2023;1.296
EXTREMADURA;6. SEGURIDAD COLECTIVA;2022;1.244
EXTREMADURA;6. SEGURIDAD COLECTIVA;2021;1.364
EXTREMADURA;6. SEGURIDAD COLECTIVA;2020;1.172
EXTREMADURA;6. SEGURIDAD COLECTIVA;2019;1.374
EXTREMADURA;6. SEGURIDAD COLECTIVA;2018;1.229
EXTREMADURA;6. SEGURIDAD COLECTIVA;2017;1.042
EXTREMADURA;6. SEGURIDAD COLECTIVA;2016;981
EXTREMADURA;6. SEGURIDAD COLECTIVA;2015;1.094
EXTREMADURA;6. SEGURIDAD COLECTIVA;2014;1.223
EXTREMADURA;6. SEGURIDAD COLECTIVA;2013;1.338
EXTREMADURA;6. SEGURIDAD COLECTIVA;2012;1.554
EXTREMADURA;6. SEGURIDAD COLECTIVA;2011;1.703
EXTREMADURA;6. SEGURIDAD COLECTIVA;2010;1.617
EXTREMADURA;6.1.-Tráfico de drogas;2023;474
EXTREMADURA;6.1.-Tráfico de drogas;2022;407
EXTREMADURA;6.1.-Tráfico de drogas;2021;570
EXTREMADURA;6.1.-Tráfico de drogas;2020;545
EXTREMADURA;6.1.-Tráfico de drogas;2019;547
EXTREMADURA;6.1.-Tráfico de drogas;2018;423
EXTREMADURA;6.1.-Tráfico de drogas;2017;335
EXTREMADURA;6.1.-Tráfico de drogas;2016;344
EXTREMADURA;6.1.-Tráfico de drogas;2015;380
EXTREMADURA;6.1.-Tráfico de drogas;2014;457
EXTREMADURA;6.1.-Tráfico de drogas;2013;473
EXTREMADURA;6.1.-Tráfico de drogas;2012;455
EXTREMADURA;6.1.-Tráfico de drogas;2011;444
EXTREMADURA;6.1.-Tráfico de drogas;2010;454
EXTREMADURA;6.2.-Contra la seguridad vial;2023;785
EXTREMADURA;6.2.-Contra la seguridad vial;2022;778
EXTREMADURA;6.2.-Contra la seguridad vial;2021;741
EXTREMADURA;6.2.-Contra la seguridad vial;2020;588
EXTREMADURA;6.2.-Contra la seguridad vial;2019;735
EXTREMADURA;6.2.-Contra la seguridad vial;2018;716
EXTREMADURA;6.2.-Contra la seguridad vial;2017;617
EXTREMADURA;6.2.-Contra la seguridad vial;2016;580
EXTREMADURA;6.2.-Contra la seguridad vial;2015;646
EXTREMADURA;6.2.-Contra la seguridad vial;2014;703
EXTREMADURA;6.2.-Contra la seguridad vial;2013;824
EXTREMADURA;6.2.-Contra la seguridad vial;2012;1.065
EXTREMADURA;6.2.-Contra la seguridad vial;2011;1.225
EXTREMADURA;6.2.-Contra la seguridad vial;2010;1.120
EXTREMADURA;6.3.-Otros contra la seguridad colectiva;2023;37
EXTREMADURA;6.3.-Otros contra la seguridad colectiva;2022;59
EXTREMADURA;6.3.-Otros contra la seguridad colectiva;2021;53
EXTREMADURA;6.3.-Otros contra la seguridad colectiva;2020;39
EXTREMADURA;6.3.-Otros contra la seguridad colectiva;2019;92
EXTREMADURA;6.3.-Otros contra la seguridad colectiva;2018;90
EXTREMADURA;6.3.-Otros contra la seguridad colectiva;2017;90
EXTREMADURA;6.3.-Otros contra la seguridad colectiva;2016;57
EXTREMADURA;6.3.-Otros contra la seguridad colectiva;2015;68
EXTREMADURA;6.3.-Otros contra la seguridad colectiva;2014;63
EXTREMADURA;6.3.-Otros contra la seguridad colectiva;2013;41
EXTREMADURA;6.3.-Otros contra la seguridad colectiva;2012;34
EXTREMADURA;6.3.-Otros contra la seguridad colectiva;2011;34
EXTREMADURA;6.3.-Otros contra la seguridad colectiva;2010;43
EXTREMADURA;7. FALSEDADES;2023;163
EXTREMADURA;7. FALSEDADES;2022;136
EXTREMADURA;7. FALSEDADES;2021;149
EXTREMADURA;7. FALSEDADES;2020;126
EXTREMADURA;7. FALSEDADES;2019;152
EXTREMADURA;7. FALSEDADES;2018;128
EXTREMADURA;7. FALSEDADES;2017;137
EXTREMADURA;7. FALSEDADES;2016;90
EXTREMADURA;7. FALSEDADES;2015;153
EXTREMADURA;7. FALSEDADES;2014;109
EXTREMADURA;7. FALSEDADES;2013;422
EXTREMADURA;7. FALSEDADES;2012;189
EXTREMADURA;7. FALSEDADES;2011;137
EXTREMADURA;7. FALSEDADES;2010;104
EXTREMADURA;8. ADMÓN. PÚBLICA;2023;2
EXTREMADURA;8. ADMÓN. PÚBLICA;2022;1
EXTREMADURA;8. ADMÓN. PÚBLICA;2021;11
EXTREMADURA;8. ADMÓN. PÚBLICA;2020;1
EXTREMADURA;8. ADMÓN. PÚBLICA;2019;3
EXTREMADURA;8. ADMÓN. PÚBLICA;2018;7
EXTREMADURA;8. ADMÓN. PÚBLICA;2017;3
EXTREMADURA;8. ADMÓN. PÚBLICA;2016;2
EXTREMADURA;8. ADMÓN. PÚBLICA;2015;1
EXTREMADURA;8. ADMÓN. PÚBLICA;2014;0
EXTREMADURA;8. ADMÓN. PÚBLICA;2013;4
EXTREMADURA;8. ADMÓN. PÚBLICA;2012;7
EXTREMADURA;8. ADMÓN. PÚBLICA;2011;8
EXTREMADURA;8. ADMÓN. PÚBLICA;2010;1
EXTREMADURA;9. ADMÓN. JUSTICIA;2023;660
EXTREMADURA;9. ADMÓN. JUSTICIA;2022;609
EXTREMADURA;9. ADMÓN. JUSTICIA;2021;537
EXTREMADURA;9. ADMÓN. JUSTICIA;2020;494
EXTREMADURA;9. ADMÓN. JUSTICIA;2019;519
EXTREMADURA;9. ADMÓN. JUSTICIA;2018;445
EXTREMADURA;9. ADMÓN. JUSTICIA;2017;485
EXTREMADURA;9. ADMÓN. JUSTICIA;2016;460
EXTREMADURA;9. ADMÓN. JUSTICIA;2015;440
EXTREMADURA;9. ADMÓN. JUSTICIA;2014;463
EXTREMADURA;9. ADMÓN. JUSTICIA;2013;573
EXTREMADURA;9. ADMÓN. JUSTICIA;2012;477
EXTREMADURA;9. ADMÓN. JUSTICIA;2011;484
EXTREMADURA;9. ADMÓN. JUSTICIA;2010;418
EXTREMADURA;10. ORDEN PÚBLICO;2023;314
EXTREMADURA;10. ORDEN PÚBLICO;2022;274
EXTREMADURA;10. ORDEN PÚBLICO;2021;310
EXTREMADURA;10. ORDEN PÚBLICO;2020;438
EXTREMADURA;10. ORDEN PÚBLICO;2019;254
EXTREMADURA;10. ORDEN PÚBLICO;2018;208
EXTREMADURA;10. ORDEN PÚBLICO;2017;256
EXTREMADURA;10. ORDEN PÚBLICO;2016;285
EXTREMADURA;10. ORDEN PÚBLICO;2015;329
EXTREMADURA;10. ORDEN PÚBLICO;2014;398
EXTREMADURA;10. ORDEN PÚBLICO;2013;400
EXTREMADURA;10. ORDEN PÚBLICO;2012;479
EXTREMADURA;10. ORDEN PÚBLICO;2011;512
EXTREMADURA;10. ORDEN PÚBLICO;2010;425
EXTREMADURA;11. LEGISLACIÓN ESPECIAL;2023;14
EXTREMADURA;11. LEGISLACIÓN ESPECIAL;2022;13
EXTREMADURA;11. LEGISLACIÓN ESPECIAL;2021;21
EXTREMADURA;11. LEGISLACIÓN ESPECIAL;2020;14
EXTREMADURA;11. LEGISLACIÓN ESPECIAL;2019;10
EXTREMADURA;11. LEGISLACIÓN ESPECIAL;2018;35
EXTREMADURA;11. LEGISLACIÓN ESPECIAL;2017;27
EXTREMADURA;11. LEGISLACIÓN ESPECIAL;2016;0
EXTREMADURA;11. LEGISLACIÓN ESPECIAL;2015;0
EXTREMADURA;11. LEGISLACIÓN ESPECIAL;2014;1
EXTREMADURA;11. LEGISLACIÓN ESPECIAL;2013;2
EXTREMADURA;11. LEGISLACIÓN ESPECIAL;2012;0
EXTREMADURA;11. LEGISLACIÓN ESPECIAL;2011;2
EXTREMADURA;11. LEGISLACIÓN ESPECIAL;2010;0
EXTREMADURA;12. OTRAS INFRACCIONES PENALES;2023;143
EXTREMADURA;12. OTRAS INFRACCIONES PENALES;2022;139
EXTREMADURA;12. OTRAS INFRACCIONES PENALES;2021;129
EXTREMADURA;12. OTRAS INFRACCIONES PENALES;2020;183
EXTREMADURA;12. OTRAS INFRACCIONES PENALES;2019;152
EXTREMADURA;12. OTRAS INFRACCIONES PENALES;2018;178
EXTREMADURA;12. OTRAS INFRACCIONES PENALES;2017;163
EXTREMADURA;12. OTRAS INFRACCIONES PENALES;2016;159
EXTREMADURA;12. OTRAS INFRACCIONES PENALES;2015;127
EXTREMADURA;12. OTRAS INFRACCIONES PENALES;2014;110
EXTREMADURA;12. OTRAS INFRACCIONES PENALES;2013;116
EXTREMADURA;12. OTRAS INFRACCIONES PENALES;2012;126
EXTREMADURA;12. OTRAS INFRACCIONES PENALES;2011;164
EXTREMADURA;12. OTRAS INFRACCIONES PENALES;2010;118
EXTREMADURA;TOTAL INFRACCIONES PENALES;2023;9.266
EXTREMADURA;TOTAL INFRACCIONES PENALES;2022;8.467
EXTREMADURA;TOTAL INFRACCIONES PENALES;2021;8.062
EXTREMADURA;TOTAL INFRACCIONES PENALES;2020;7.672
EXTREMADURA;TOTAL INFRACCIONES PENALES;2019;8.284
EXTREMADURA;TOTAL INFRACCIONES PENALES;2018;7.995
EXTREMADURA;TOTAL INFRACCIONES PENALES;2017;7.713
EXTREMADURA;TOTAL INFRACCIONES PENALES;2016;7.542
EXTREMADURA;TOTAL INFRACCIONES PENALES;2015;8.123
EXTREMADURA;TOTAL INFRACCIONES PENALES;2014;9.354
EXTREMADURA;TOTAL INFRACCIONES PENALES;2013;10.640
EXTREMADURA;TOTAL INFRACCIONES PENALES;2012;9.655
EXTREMADURA;TOTAL INFRACCIONES PENALES;2011;8.932
EXTREMADURA;TOTAL INFRACCIONES PENALES;2010;6.517
GALICIA;1. CONTRA LAS PERSONAS;2023;5.218
GALICIA;1. CONTRA LAS PERSONAS;2022;4.751
GALICIA;1. CONTRA LAS PERSONAS;2021;3.985
GALICIA;1. CONTRA LAS PERSONAS;2020;3.753
GALICIA;1. CONTRA LAS PERSONAS;2019;4.089
GALICIA;1. CONTRA LAS PERSONAS;2018;4.084
GALICIA;1. CONTRA LAS PERSONAS;2017;3.733
GALICIA;1. CONTRA LAS PERSONAS;2016;3.535
GALICIA;1. CONTRA LAS PERSONAS;2015;3.683
GALICIA;1. CONTRA LAS PERSONAS;2014;4.135
GALICIA;1. CONTRA LAS PERSONAS;2013;4.334
GALICIA;1. CONTRA LAS PERSONAS;2012;4.520
GALICIA;1. CONTRA LAS PERSONAS;2011;4.936
GALICIA;1. CONTRA LAS PERSONAS;2010;2.769
GALICIA;1.1.-Homicidios dolosos/asesinatos;2023;74
GALICIA;1.1.-Homicidios dolosos/asesinatos;2022;56
GALICIA;1.1.-Homicidios dolosos/asesinatos;2021;55
GALICIA;1.1.-Homicidios dolosos/asesinatos;2020;39
GALICIA;1.1.-Homicidios dolosos/asesinatos;2019;36
GALICIA;1.1.-Homicidios dolosos/asesinatos;2018;30
GALICIA;1.1.-Homicidios dolosos/asesinatos;2017;38
GALICIA;1.1.-Homicidios dolosos/asesinatos;2016;36
GALICIA;1.1.-Homicidios dolosos/asesinatos;2015;58
GALICIA;1.1.-Homicidios dolosos/asesinatos;2014;44
GALICIA;1.1.-Homicidios dolosos/asesinatos;2013;45
GALICIA;1.1.-Homicidios dolosos/asesinatos;2012;53
GALICIA;1.1.-Homicidios dolosos/asesinatos;2011;62
GALICIA;1.1.-Homicidios dolosos/asesinatos;2010;50
GALICIA;1.1.1.-Homicidios dolosos/asesinatos consumados;2023;19
GALICIA;1.1.1.-Homicidios dolosos/asesinatos consumados;2022;12
GALICIA;1.1.1.-Homicidios dolosos/asesinatos consumados;2021;18
GALICIA;1.1.1.-Homicidios dolosos/asesinatos consumados;2020;5
GALICIA;1.1.1.-Homicidios dolosos/asesinatos consumados;2019;12
GALICIA;1.1.1.-Homicidios dolosos/asesinatos consumados;2018;8
GALICIA;1.1.1.-Homicidios dolosos/asesinatos consumados;2017;11
GALICIA;1.1.1.-Homicidios dolosos/asesinatos consumados;2016;11
GALICIA;1.1.1.-Homicidios dolosos/asesinatos consumados;2015;13
GALICIA;1.1.1.-Homicidios dolosos/asesinatos consumados;2014;15
GALICIA;1.1.1.-Homicidios dolosos/asesinatos consumados;2013;14
GALICIA;1.1.1.-Homicidios dolosos/asesinatos consumados;2012;26
GALICIA;1.1.1.-Homicidios dolosos/asesinatos consumados;2011;16
GALICIA;1.1.1.-Homicidios dolosos/asesinatos consumados;2010;14
GALICIA;1.2.-Lesiones;2023;1.945
GALICIA;1.2.-Lesiones;2022;1.808
GALICIA;1.2.-Lesiones;2021;1.539
GALICIA;1.2.-Lesiones;2020;1.333
GALICIA;1.2.-Lesiones;2019;1.598
GALICIA;1.2.-Lesiones;2018;1.587
GALICIA;1.2.-Lesiones;2017;1.395
GALICIA;1.2.-Lesiones;2016;1.298
GALICIA;1.2.-Lesiones;2015;1.254
GALICIA;1.2.-Lesiones;2014;1.368
GALICIA;1.2.-Lesiones;2013;1.459
GALICIA;1.2.-Lesiones;2012;1.657
GALICIA;1.2.-Lesiones;2011;1.907
GALICIA;1.2.-Lesiones;2010;765
GALICIA;1.3.-Malos tratos ámbito familiar;2023;3.111
GALICIA;1.3.-Malos tratos ámbito familiar;2022;2.802
GALICIA;1.3.-Malos tratos ámbito familiar;2021;2.309
GALICIA;1.3.-Malos tratos ámbito familiar;2020;2.338
GALICIA;1.3.-Malos tratos ámbito familiar;2019;2.399
GALICIA;1.3.-Malos tratos ámbito familiar;2018;2.378
GALICIA;1.3.-Malos tratos ámbito familiar;2017;2.234
GALICIA;1.3.-Malos tratos ámbito familiar;2016;2.156
GALICIA;1.3.-Malos tratos ámbito familiar;2015;2.147
GALICIA;1.3.-Malos tratos ámbito familiar;2014;2.200
GALICIA;1.3.-Malos tratos ámbito familiar;2013;2.325
GALICIA;1.3.-Malos tratos ámbito familiar;2012;2.229
GALICIA;1.3.-Malos tratos ámbito familiar;2011;2.236
GALICIA;1.3.-Malos tratos ámbito familiar;2010;1.908
GALICIA;1.4.-Otros contra las personas;2023;88
GALICIA;1.4.-Otros contra las personas;2022;85
GALICIA;1.4.-Otros contra las personas;2021;82
GALICIA;1.4.-Otros contra las personas;2020;43
GALICIA;1.4.-Otros contra las personas;2019;56
GALICIA;1.4.-Otros contra las personas;2018;89
GALICIA;1.4.-Otros contra las personas;2017;66
GALICIA;1.4.-Otros contra las personas;2016;45
GALICIA;1.4.-Otros contra las personas;2015;224
GALICIA;1.4.-Otros contra las personas;2014;523
GALICIA;1.4.-Otros contra las personas;2013;505
GALICIA;1.4.-Otros contra las personas;2012;581
GALICIA;1.4.-Otros contra las personas;2011;731
GALICIA;1.4.-Otros contra las personas;2010;46
GALICIA;2. CONTRA LA LIBERTAD;2023;2.352
GALICIA;2. CONTRA LA LIBERTAD;2022;2.155
GALICIA;2. CONTRA LA LIBERTAD;2021;1.968
GALICIA;2. CONTRA LA LIBERTAD;2020;1.948
GALICIA;2. CONTRA LA LIBERTAD;2019;1.903
GALICIA;2. CONTRA LA LIBERTAD;2018;1.884
GALICIA;2. CONTRA LA LIBERTAD;2017;1.708
GALICIA;2. CONTRA LA LIBERTAD;2016;1.638
GALICIA;2. CONTRA LA LIBERTAD;2015;1.366
GALICIA;2. CONTRA LA LIBERTAD;2014;1.344
GALICIA;2. CONTRA LA LIBERTAD;2013;1.408
GALICIA;2. CONTRA LA LIBERTAD;2012;1.408
GALICIA;2. CONTRA LA LIBERTAD;2011;1.462
GALICIA;2. CONTRA LA LIBERTAD;2010;1.092
GALICIA;2.1.-Malos tratos habituales en el ámbito familiar;2023;697
GALICIA;2.1.-Malos tratos habituales en el ámbito familiar;2022;588
GALICIA;2.1.-Malos tratos habituales en el ámbito familiar;2021;495
GALICIA;2.1.-Malos tratos habituales en el ámbito familiar;2020;538
GALICIA;2.1.-Malos tratos habituales en el ámbito familiar;2019;581
GALICIA;2.1.-Malos tratos habituales en el ámbito familiar;2018;551
GALICIA;2.1.-Malos tratos habituales en el ámbito familiar;2017;530
GALICIA;2.1.-Malos tratos habituales en el ámbito familiar;2016;612
GALICIA;2.1.-Malos tratos habituales en el ámbito familiar;2015;564
GALICIA;2.1.-Malos tratos habituales en el ámbito familiar;2014;579
GALICIA;2.1.-Malos tratos habituales en el ámbito familiar;2013;571
GALICIA;2.1.-Malos tratos habituales en el ámbito familiar;2012;577
GALICIA;2.1.-Malos tratos habituales en el ámbito familiar;2011;676
GALICIA;2.1.-Malos tratos habituales en el ámbito familiar;2010;614
GALICIA;2.2.-Otros contra la libertad;2023;1.655
GALICIA;2.2.-Otros contra la libertad;2022;1.567
GALICIA;2.2.-Otros contra la libertad;2021;1.473
GALICIA;2.2.-Otros contra la libertad;2020;1.410
GALICIA;2.2.-Otros contra la libertad;2019;1.322
GALICIA;2.2.-Otros contra la libertad;2018;1.333
GALICIA;2.2.-Otros contra la libertad;2017;1.178
GALICIA;2.2.-Otros contra la libertad;2016;1.026
GALICIA;2.2.-Otros contra la libertad;2015;802
GALICIA;2.2.-Otros contra la libertad;2014;765
GALICIA;2.2.-Otros contra la libertad;2013;837
GALICIA;2.2.-Otros contra la libertad;2012;831
GALICIA;2.2.-Otros contra la libertad;2011;786
GALICIA;2.2.-Otros contra la libertad;2010;478
GALICIA;3. LIBERTAD SEXUAL;2023;555
GALICIA;3. LIBERTAD SEXUAL;2022;430
GALICIA;3. LIBERTAD SEXUAL;2021;449
GALICIA;3. LIBERTAD SEXUAL;2020;352
GALICIA;3. LIBERTAD SEXUAL;2019;405
GALICIA;3. LIBERTAD SEXUAL;2018;374
GALICIA;3. LIBERTAD SEXUAL;2017;253
GALICIA;3. LIBERTAD SEXUAL;2016;257
GALICIA;3. LIBERTAD SEXUAL;2015;283
GALICIA;3. LIBERTAD SEXUAL;2014;225
GALICIA;3. LIBERTAD SEXUAL;2013;228
GALICIA;3. LIBERTAD SEXUAL;2012;253
GALICIA;3. LIBERTAD SEXUAL;2011;313
GALICIA;3. LIBERTAD SEXUAL;2010;225
GALICIA;3.1.-Agresión sexual;2023;328
GALICIA;3.1.-Agresión sexual;2022;258
GALICIA;3.1.-Agresión sexual;2021;258
GALICIA;3.1.-Agresión sexual;2020;184
GALICIA;3.1.-Agresión sexual;2019;244
GALICIA;3.1.-Agresión sexual;2018;224
GALICIA;3.1.-Agresión sexual;2017;156
GALICIA;3.1.-Agresión sexual;2016;131
GALICIA;3.1.-Agresión sexual;2015;163
GALICIA;3.1.-Agresión sexual;2014;141
GALICIA;3.1.-Agresión sexual;2013;112
GALICIA;3.1.-Agresión sexual;2012;138
GALICIA;3.1.-Agresión sexual;2011;169
GALICIA;3.1.-Agresión sexual;2010;108
GALICIA;3.2.-Agresión sexual con penetración;2023;138
GALICIA;3.2.-Agresión sexual con penetración;2022;96
GALICIA;3.2.-Agresión sexual con penetración;2021;98
GALICIA;3.2.-Agresión sexual con penetración;2020;96
GALICIA;3.2.-Agresión sexual con penetración;2019;85
GALICIA;3.2.-Agresión sexual con penetración;2018;72
GALICIA;3.2.-Agresión sexual con penetración;2017;42
GALICIA;3.2.-Agresión sexual con penetración;2016;42
GALICIA;3.2.-Agresión sexual con penetración;2015;50
GALICIA;3.2.-Agresión sexual con penetración;2014;38
GALICIA;3.2.-Agresión sexual con penetración;2013;59
GALICIA;3.2.-Agresión sexual con penetración;2012;45
GALICIA;3.2.-Agresión sexual con penetración;2011;52
GALICIA;3.2.-Agresión sexual con penetración;2010;55
GALICIA;3.3.-Corrupción de menores o incapacitados;2023;2
GALICIA;3.3.-Corrupción de menores o incapacitados;2022;11
GALICIA;3.3.-Corrupción de menores o incapacitados;2021;4
GALICIA;3.3.-Corrupción de menores o incapacitados;2020;7
GALICIA;3.3.-Corrupción de menores o incapacitados;2019;6
GALICIA;3.3.-Corrupción de menores o incapacitados;2018;4
GALICIA;3.3.-Corrupción de menores o incapacitados;2017;6
GALICIA;3.3.-Corrupción de menores o incapacitados;2016;15
GALICIA;3.3.-Corrupción de menores o incapacitados;2015;13
GALICIA;3.3.-Corrupción de menores o incapacitados;2014;7
GALICIA;3.3.-Corrupción de menores o incapacitados;2013;12
GALICIA;3.3.-Corrupción de menores o incapacitados;2012;12
GALICIA;3.3.-Corrupción de menores o incapacitados;2011;3
GALICIA;3.3.-Corrupción de menores o incapacitados;2010;3
GALICIA;3.4.-Pornografía de menores;2023;28
GALICIA;3.4.-Pornografía de menores;2022;20
GALICIA;3.4.-Pornografía de menores;2021;33
GALICIA;3.4.-Pornografía de menores;2020;30
GALICIA;3.4.-Pornografía de menores;2019;25
GALICIA;3.4.-Pornografía de menores;2018;43
GALICIA;3.4.-Pornografía de menores;2017;16
GALICIA;3.4.-Pornografía de menores;2016;33
GALICIA;3.4.-Pornografía de menores;2015;28
GALICIA;3.4.-Pornografía de menores;2014;15
GALICIA;3.4.-Pornografía de menores;2013;19
GALICIA;3.4.-Pornografía de menores;2012;25
GALICIA;3.4.-Pornografía de menores;2011;28
GALICIA;3.4.-Pornografía de menores;2010;18
GALICIA;3.5.-Otros contra la libertad sexual;2023;59
GALICIA;3.5.-Otros contra la libertad sexual;2022;45
GALICIA;3.5.-Otros contra la libertad sexual;2021;56
GALICIA;3.5.-Otros contra la libertad sexual;2020;35
GALICIA;3.5.-Otros contra la libertad sexual;2019;45
GALICIA;3.5.-Otros contra la libertad sexual;2018;31
GALICIA;3.5.-Otros contra la libertad sexual;2017;33
GALICIA;3.5.-Otros contra la libertad sexual;2016;36
GALICIA;3.5.-Otros contra la libertad sexual;2015;29
GALICIA;3.5.-Otros contra la libertad sexual;2014;24
GALICIA;3.5.-Otros contra la libertad sexual;2013;26
GALICIA;3.5.-Otros contra la libertad sexual;2012;33
GALICIA;3.5.-Otros contra la libertad sexual;2011;61
GALICIA;3.5.-Otros contra la libertad sexual;2010;41
GALICIA;4. RELACIONES FAMILIARES;2023;49
GALICIA;4. RELACIONES FAMILIARES;2022;30
GALICIA;4. RELACIONES FAMILIARES;2021;30
GALICIA;4. RELACIONES FAMILIARES;2020;35
GALICIA;4. RELACIONES FAMILIARES;2019;41
GALICIA;4. RELACIONES FAMILIARES;2018;45
GALICIA;4. RELACIONES FAMILIARES;2017;41
GALICIA;4. RELACIONES FAMILIARES;2016;42
GALICIA;4. RELACIONES FAMILIARES;2015;55
GALICIA;4. RELACIONES FAMILIARES;2014;77
GALICIA;4. RELACIONES FAMILIARES;2013;43
GALICIA;4. RELACIONES FAMILIARES;2012;80
GALICIA;4. RELACIONES FAMILIARES;2011;49
GALICIA;4. RELACIONES FAMILIARES;2010;27
GALICIA;5. PATRIMONIO;2023;5.197
GALICIA;5. PATRIMONIO;2022;4.806
GALICIA;5. PATRIMONIO;2021;4.477
GALICIA;5. PATRIMONIO;2020;4.016
GALICIA;5. PATRIMONIO;2019;5.085
GALICIA;5. PATRIMONIO;2018;5.253
GALICIA;5. PATRIMONIO;2017;4.632
GALICIA;5. PATRIMONIO;2016;4.619
GALICIA;5. PATRIMONIO;2015;4.976
GALICIA;5. PATRIMONIO;2014;6.503
GALICIA;5. PATRIMONIO;2013;7.692
GALICIA;5. PATRIMONIO;2012;7.192
GALICIA;5. PATRIMONIO;2011;6.976
GALICIA;5. PATRIMONIO;2010;4.326
GALICIA;5.1.-Hurtos;2023;2.051
GALICIA;5.1.-Hurtos;2022;1.840
GALICIA;5.1.-Hurtos;2021;1.792
GALICIA;5.1.-Hurtos;2020;1.346
GALICIA;5.1.-Hurtos;2019;1.967
GALICIA;5.1.-Hurtos;2018;2.014
GALICIA;5.1.-Hurtos;2017;1.771
GALICIA;5.1.-Hurtos;2016;1.650
GALICIA;5.1.-Hurtos;2015;1.989
GALICIA;5.1.-Hurtos;2014;2.445
GALICIA;5.1.-Hurtos;2013;2.764
GALICIA;5.1.-Hurtos;2012;2.709
GALICIA;5.1.-Hurtos;2011;2.279
GALICIA;5.1.-Hurtos;2010;904
GALICIA;5.2.-Robos con fuerza en las cosas;2023;1.168
GALICIA;5.2.-Robos con fuerza en las cosas;2022;1.101
GALICIA;5.2.-Robos con fuerza en las cosas;2021;935
GALICIA;5.2.-Robos con fuerza en las cosas;2020;1.048
GALICIA;5.2.-Robos con fuerza en las cosas;2019;1.255
GALICIA;5.2.-Robos con fuerza en las cosas;2018;1.297
GALICIA;5.2.-Robos con fuerza en las cosas;2017;1.188
GALICIA;5.2.-Robos con fuerza en las cosas;2016;1.335
GALICIA;5.2.-Robos con fuerza en las cosas;2015;1.388
GALICIA;5.2.-Robos con fuerza en las cosas;2014;1.953
GALICIA;5.2.-Robos con fuerza en las cosas;2013;2.715
GALICIA;5.2.-Robos con fuerza en las cosas;2012;2.049
GALICIA;5.2.-Robos con fuerza en las cosas;2011;2.139
GALICIA;5.2.-Robos con fuerza en las cosas;2010;1.735
GALICIA;5.2.1.-Robos con fuerza en las cosas en el interior de vehículos;2023;201
GALICIA;5.2.1.-Robos con fuerza en las cosas en el interior de vehículos;2022;212
GALICIA;5.2.1.-Robos con fuerza en las cosas en el interior de vehículos;2021;161
GALICIA;5.2.1.-Robos con fuerza en las cosas en el interior de vehículos;2020;179
GALICIA;5.2.1.-Robos con fuerza en las cosas en el interior de vehículos;2019;214
GALICIA;5.2.1.-Robos con fuerza en las cosas en el interior de vehículos;2018;194
GALICIA;5.2.1.-Robos con fuerza en las cosas en el interior de vehículos;2017;193
GALICIA;5.2.1.-Robos con fuerza en las cosas en el interior de vehículos;2016;253
GALICIA;5.2.1.-Robos con fuerza en las cosas en el interior de vehículos;2015;191
GALICIA;5.2.1.-Robos con fuerza en las cosas en el interior de vehículos;2014;292
GALICIA;5.2.1.-Robos con fuerza en las cosas en el interior de vehículos;2013;370
GALICIA;5.2.1.-Robos con fuerza en las cosas en el interior de vehículos;2012;396
GALICIA;5.2.1.-Robos con fuerza en las cosas en el interior de vehículos;2011;374
GALICIA;5.2.1.-Robos con fuerza en las cosas en el interior de vehículos;2010;234
GALICIA;5.2.2.-Robos con fuerza en viviendas;2023;318
GALICIA;5.2.2.-Robos con fuerza en viviendas;2022;323
GALICIA;5.2.2.-Robos con fuerza en viviendas;2021;285
GALICIA;5.2.2.-Robos con fuerza en viviendas;2020;269
GALICIA;5.2.2.-Robos con fuerza en viviendas;2019;375
GALICIA;5.2.2.-Robos con fuerza en viviendas;2018;400
GALICIA;5.2.2.-Robos con fuerza en viviendas;2017;399
GALICIA;5.2.2.-Robos con fuerza en viviendas;2016;438
GALICIA;5.2.2.-Robos con fuerza en viviendas;2015;465
GALICIA;5.2.2.-Robos con fuerza en viviendas;2014;742
GALICIA;5.2.2.-Robos con fuerza en viviendas;2013;1.004
GALICIA;5.2.2.-Robos con fuerza en viviendas;2012;592
GALICIA;5.2.2.-Robos con fuerza en viviendas;2011;478
GALICIA;5.2.2.-Robos con fuerza en viviendas;2010;312
GALICIA;5.2.3.-Robos con fuerza en establecimientos;2023;374
GALICIA;5.2.3.-Robos con fuerza en establecimientos;2022;302
GALICIA;5.2.3.-Robos con fuerza en establecimientos;2021;258
GALICIA;5.2.3.-Robos con fuerza en establecimientos;2020;354
GALICIA;5.2.3.-Robos con fuerza en establecimientos;2019;371
GALICIA;5.2.3.-Robos con fuerza en establecimientos;2018;388
GALICIA;5.2.3.-Robos con fuerza en establecimientos;2017;380
GALICIA;5.2.3.-Robos con fuerza en establecimientos;2016;400
GALICIA;5.2.3.-Robos con fuerza en establecimientos;2015;372
GALICIA;5.2.3.-Robos con fuerza en establecimientos;2014;426
GALICIA;5.2.3.-Robos con fuerza en establecimientos;2013;612
GALICIA;5.2.3.-Robos con fuerza en establecimientos;2012;477
GALICIA;5.2.3.-Robos con fuerza en establecimientos;2011;578
GALICIA;5.2.3.-Robos con fuerza en establecimientos;2010;537
GALICIA;5.3.-Robos con violencia o intimidación;2023;490
GALICIA;5.3.-Robos con violencia o intimidación;2022;421
GALICIA;5.3.-Robos con violencia o intimidación;2021;400
GALICIA;5.3.-Robos con violencia o intimidación;2020;417
GALICIA;5.3.-Robos con violencia o intimidación;2019;404
GALICIA;5.3.-Robos con violencia o intimidación;2018;481
GALICIA;5.3.-Robos con violencia o intimidación;2017;473
GALICIA;5.3.-Robos con violencia o intimidación;2016;482
GALICIA;5.3.-Robos con violencia o intimidación;2015;440
GALICIA;5.3.-Robos con violencia o intimidación;2014;546
GALICIA;5.3.-Robos con violencia o intimidación;2013;685
GALICIA;5.3.-Robos con violencia o intimidación;2012;776
GALICIA;5.3.-Robos con violencia o intimidación;2011;697
GALICIA;5.3.-Robos con violencia o intimidación;2010;651
GALICIA;5.3.1.-Robos con violencia en vía pública;2023;189
GALICIA;5.3.1.-Robos con violencia en vía pública;2022;209
GALICIA;5.3.1.-Robos con violencia en vía pública;2021;183
GALICIA;5.3.1.-Robos con violencia en vía pública;2020;152
GALICIA;5.3.1.-Robos con violencia en vía pública;2019;175
GALICIA;5.3.1.-Robos con violencia en vía pública;2018;181
GALICIA;5.3.1.-Robos con violencia en vía pública;2017;235
GALICIA;5.3.1.-Robos con violencia en vía pública;2016;218
GALICIA;5.3.1.-Robos con violencia en vía pública;2015;223
GALICIA;5.3.1.-Robos con violencia en vía pública;2014;266
GALICIA;5.3.1.-Robos con violencia en vía pública;2013;283
GALICIA;5.3.1.-Robos con violencia en vía pública;2012;417
GALICIA;5.3.1.-Robos con violencia en vía pública;2011;336
GALICIA;5.3.1.-Robos con violencia en vía pública;2010;383
GALICIA;5.3.2.-Robos con violencia en viviendas;2023;49
GALICIA;5.3.2.-Robos con violencia en viviendas;2022;28
GALICIA;5.3.2.-Robos con violencia en viviendas;2021;64
GALICIA;5.3.2.-Robos con violencia en viviendas;2020;51
GALICIA;5.3.2.-Robos con violencia en viviendas;2019;55
GALICIA;5.3.2.-Robos con violencia en viviendas;2018;72
GALICIA;5.3.2.-Robos con violencia en viviendas;2017;57
GALICIA;5.3.2.-Robos con violencia en viviendas;2016;79
GALICIA;5.3.2.-Robos con violencia en viviendas;2015;51
GALICIA;5.3.2.-Robos con violencia en viviendas;2014;87
GALICIA;5.3.2.-Robos con violencia en viviendas;2013;112
GALICIA;5.3.2.-Robos con violencia en viviendas;2012;87
GALICIA;5.3.2.-Robos con violencia en viviendas;2011;66
GALICIA;5.3.2.-Robos con violencia en viviendas;2010;50
GALICIA;5.3.3.-Robos con violencia en establecimientos;2023;181
GALICIA;5.3.3.-Robos con violencia en establecimientos;2022;124
GALICIA;5.3.3.-Robos con violencia en establecimientos;2021;105
GALICIA;5.3.3.-Robos con violencia en establecimientos;2020;139
GALICIA;5.3.3.-Robos con violencia en establecimientos;2019;133
GALICIA;5.3.3.-Robos con violencia en establecimientos;2018;148
GALICIA;5.3.3.-Robos con violencia en establecimientos;2017;120
GALICIA;5.3.3.-Robos con violencia en establecimientos;2016;131
GALICIA;5.3.3.-Robos con violencia en establecimientos;2015;127
GALICIA;5.3.3.-Robos con violencia en establecimientos;2014;129
GALICIA;5.3.3.-Robos con violencia en establecimientos;2013;217
GALICIA;5.3.3.-Robos con violencia en establecimientos;2012;183
GALICIA;5.3.3.-Robos con violencia en establecimientos;2011;189
GALICIA;5.3.3.-Robos con violencia en establecimientos;2010;170
GALICIA;5.4.-Sustracción de vehículos;2023;99
GALICIA;5.4.-Sustracción de vehículos;2022;102
GALICIA;5.4.-Sustracción de vehículos;2021;63
GALICIA;5.4.-Sustracción de vehículos;2020;79
GALICIA;5.4.-Sustracción de vehículos;2019;79
GALICIA;5.4.-Sustracción de vehículos;2018;100
GALICIA;5.4.-Sustracción de vehículos;2017;127
GALICIA;5.4.-Sustracción de vehículos;2016;204
GALICIA;5.4.-Sustracción de vehículos;2015;148
GALICIA;5.4.-Sustracción de vehículos;2014;239
GALICIA;5.4.-Sustracción de vehículos;2013;233
GALICIA;5.4.-Sustracción de vehículos;2012;294
GALICIA;5.4.-Sustracción de vehículos;2011;327
GALICIA;5.4.-Sustracción de vehículos;2010;306
GALICIA;5.5.-Estafas;2023;624
GALICIA;5.5.-Estafas;2022;600
GALICIA;5.5.-Estafas;2021;590
GALICIA;5.5.-Estafas;2020;480
GALICIA;5.5.-Estafas;2019;559
GALICIA;5.5.-Estafas;2018;528
GALICIA;5.5.-Estafas;2017;472
GALICIA;5.5.-Estafas;2016;358
GALICIA;5.5.-Estafas;2015;358
GALICIA;5.5.-Estafas;2014;510
GALICIA;5.5.-Estafas;2013;452
GALICIA;5.5.-Estafas;2012;515
GALICIA;5.5.-Estafas;2011;417
GALICIA;5.5.-Estafas;2010;265
GALICIA;5.5.1.-Estafas informáticas;2023;363
GALICIA;5.5.1.-Estafas informáticas;2022;296
GALICIA;5.5.1.-Estafas informáticas;2021;307
GALICIA;5.5.1.-Estafas informáticas;2020;213
GALICIA;5.5.1.-Estafas informáticas;2019;157
GALICIA;5.5.1.-Estafas informáticas;2018;92
GALICIA;5.5.1.-Estafas informáticas;2017;107
GALICIA;5.5.1.-Estafas informáticas;2016;67
GALICIA;5.5.1.-Estafas informáticas;2015;60
GALICIA;5.5.1.-Estafas informáticas;2014;85
GALICIA;5.5.1.-Estafas informáticas;2013;65
GALICIA;5.5.1.-Estafas informáticas;2012;80
GALICIA;5.5.1.-Estafas informáticas;2011;74
GALICIA;5.5.1.-Estafas informáticas;2010;62
GALICIA;5.6.-Daños;2023;415
GALICIA;5.6.-Daños;2022;379
GALICIA;5.6.-Daños;2021;362
GALICIA;5.6.-Daños;2020;306
GALICIA;5.6.-Daños;2019;393
GALICIA;5.6.-Daños;2018;366
GALICIA;5.6.-Daños;2017;299
GALICIA;5.6.-Daños;2016;292
GALICIA;5.6.-Daños;2015;307
GALICIA;5.6.-Daños;2014;327
GALICIA;5.6.-Daños;2013;435
GALICIA;5.6.-Daños;2012;439
GALICIA;5.6.-Daños;2011;606
GALICIA;5.6.-Daños;2010;245
GALICIA;5.7.-Contra la propiedad intelectual/industrial;2023;40
GALICIA;5.7.-Contra la propiedad intelectual/industrial;2022;36
GALICIA;5.7.-Contra la propiedad intelectual/industrial;2021;26
GALICIA;5.7.-Contra la propiedad intelectual/industrial;2020;20
GALICIA;5.7.-Contra la propiedad intelectual/industrial;2019;81
GALICIA;5.7.-Contra la propiedad intelectual/industrial;2018;116
GALICIA;5.7.-Contra la propiedad intelectual/industrial;2017;50
GALICIA;5.7.-Contra la propiedad intelectual/industrial;2016;32
GALICIA;5.7.-Contra la propiedad intelectual/industrial;2015;75
GALICIA;5.7.-Contra la propiedad intelectual/industrial;2014;125
GALICIA;5.7.-Contra la propiedad intelectual/industrial;2013;82
GALICIA;5.7.-Contra la propiedad intelectual/industrial;2012;88
GALICIA;5.7.-Contra la propiedad intelectual/industrial;2011;88
GALICIA;5.7.-Contra la propiedad intelectual/industrial;2010;72
GALICIA;5.8.-Blanqueo de capitales;2023;6
GALICIA;5.8.-Blanqueo de capitales;2022;7
GALICIA;5.8.-Blanqueo de capitales;2021;13
GALICIA;5.8.-Blanqueo de capitales;2020;14
GALICIA;5.8.-Blanqueo de capitales;2019;6
GALICIA;5.8.-Blanqueo de capitales;2018;8
GALICIA;5.8.-Blanqueo de capitales;2017;9
GALICIA;5.8.-Blanqueo de capitales;2016;37
GALICIA;5.8.-Blanqueo de capitales;2015;7
GALICIA;5.8.-Blanqueo de capitales;2014;4
GALICIA;5.8.-Blanqueo de capitales;2013;17
GALICIA;5.8.-Blanqueo de capitales;2012;5
GALICIA;5.8.-Blanqueo de capitales;2011;11
GALICIA;5.8.-Blanqueo de capitales;2010;16
GALICIA;5.9.-Otros contra el patrimonio;2023;304
GALICIA;5.9.-Otros contra el patrimonio;2022;320
GALICIA;5.9.-Otros contra el patrimonio;2021;296
GALICIA;5.9.-Otros contra el patrimonio;2020;306
GALICIA;5.9.-Otros contra el patrimonio;2019;341
GALICIA;5.9.-Otros contra el patrimonio;2018;343
GALICIA;5.9.-Otros contra el patrimonio;2017;243
GALICIA;5.9.-Otros contra el patrimonio;2016;229
GALICIA;5.9.-Otros contra el patrimonio;2015;264
GALICIA;5.9.-Otros contra el patrimonio;2014;354
GALICIA;5.9.-Otros contra el patrimonio;2013;309
GALICIA;5.9.-Otros contra el patrimonio;2012;317
GALICIA;5.9.-Otros contra el patrimonio;2011;412
GALICIA;5.9.-Otros contra el patrimonio;2010;132
GALICIA;6. SEGURIDAD COLECTIVA;2023;4.492
GALICIA;6. SEGURIDAD COLECTIVA;2022;4.878
GALICIA;6. SEGURIDAD COLECTIVA;2021;4.329
GALICIA;6. SEGURIDAD COLECTIVA;2020;4.155
GALICIA;6. SEGURIDAD COLECTIVA;2019;4.829
GALICIA;6. SEGURIDAD COLECTIVA;2018;4.852
GALICIA;6. SEGURIDAD COLECTIVA;2017;4.385
GALICIA;6. SEGURIDAD COLECTIVA;2016;4.055
GALICIA;6. SEGURIDAD COLECTIVA;2015;4.366
GALICIA;6. SEGURIDAD COLECTIVA;2014;4.721
GALICIA;6. SEGURIDAD COLECTIVA;2013;5.068
GALICIA;6. SEGURIDAD COLECTIVA;2012;5.703
GALICIA;6. SEGURIDAD COLECTIVA;2011;6.226
GALICIA;6. SEGURIDAD COLECTIVA;2010;1.269
GALICIA;6.1.-Tráfico de drogas;2023;693
GALICIA;6.1.-Tráfico de drogas;2022;760
GALICIA;6.1.-Tráfico de drogas;2021;810
GALICIA;6.1.-Tráfico de drogas;2020;912
GALICIA;6.1.-Tráfico de drogas;2019;872
GALICIA;6.1.-Tráfico de drogas;2018;872
GALICIA;6.1.-Tráfico de drogas;2017;712
GALICIA;6.1.-Tráfico de drogas;2016;649
GALICIA;6.1.-Tráfico de drogas;2015;622
GALICIA;6.1.-Tráfico de drogas;2014;643
GALICIA;6.1.-Tráfico de drogas;2013;693
GALICIA;6.1.-Tráfico de drogas;2012;770
GALICIA;6.1.-Tráfico de drogas;2011;794
GALICIA;6.1.-Tráfico de drogas;2010;811
GALICIA;6.2.-Contra la seguridad vial;2023;3.681
GALICIA;6.2.-Contra la seguridad vial;2022;3.998
GALICIA;6.2.-Contra la seguridad vial;2021;3.435
GALICIA;6.2.-Contra la seguridad vial;2020;3.151
GALICIA;6.2.-Contra la seguridad vial;2019;3.873
GALICIA;6.2.-Contra la seguridad vial;2018;3.878
GALICIA;6.2.-Contra la seguridad vial;2017;3.542
GALICIA;6.2.-Contra la seguridad vial;2016;3.313
GALICIA;6.2.-Contra la seguridad vial;2015;3.601
GALICIA;6.2.-Contra la seguridad vial;2014;3.983
GALICIA;6.2.-Contra la seguridad vial;2013;4.199
GALICIA;6.2.-Contra la seguridad vial;2012;4.770
GALICIA;6.2.-Contra la seguridad vial;2011;5.289
GALICIA;6.2.-Contra la seguridad vial;2010;389
GALICIA;6.3.-Otros contra la seguridad colectiva;2023;118
GALICIA;6.3.-Otros contra la seguridad colectiva;2022;120
GALICIA;6.3.-Otros contra la seguridad colectiva;2021;84
GALICIA;6.3.-Otros contra la seguridad colectiva;2020;92
GALICIA;6.3.-Otros contra la seguridad colectiva;2019;84
GALICIA;6.3.-Otros contra la seguridad colectiva;2018;102
GALICIA;6.3.-Otros contra la seguridad colectiva;2017;131
GALICIA;6.3.-Otros contra la seguridad colectiva;2016;93
GALICIA;6.3.-Otros contra la seguridad colectiva;2015;143
GALICIA;6.3.-Otros contra la seguridad colectiva;2014;95
GALICIA;6.3.-Otros contra la seguridad colectiva;2013;176
GALICIA;6.3.-Otros contra la seguridad colectiva;2012;163
GALICIA;6.3.-Otros contra la seguridad colectiva;2011;143
GALICIA;6.3.-Otros contra la seguridad colectiva;2010;69
GALICIA;7. FALSEDADES;2023;220
GALICIA;7. FALSEDADES;2022;250
GALICIA;7. FALSEDADES;2021;459
GALICIA;7. FALSEDADES;2020;229
GALICIA;7. FALSEDADES;2019;221
GALICIA;7. FALSEDADES;2018;237
GALICIA;7. FALSEDADES;2017;271
GALICIA;7. FALSEDADES;2016;280
GALICIA;7. FALSEDADES;2015;227
GALICIA;7. FALSEDADES;2014;281
GALICIA;7. FALSEDADES;2013;369
GALICIA;7. FALSEDADES;2012;301
GALICIA;7. FALSEDADES;2011;239
GALICIA;7. FALSEDADES;2010;164
GALICIA;8. ADMÓN. PÚBLICA;2023;15
GALICIA;8. ADMÓN. PÚBLICA;2022;7
GALICIA;8. ADMÓN. PÚBLICA;2021;5
GALICIA;8. ADMÓN. PÚBLICA;2020;6
GALICIA;8. ADMÓN. PÚBLICA;2019;9
GALICIA;8. ADMÓN. PÚBLICA;2018;8
GALICIA;8. ADMÓN. PÚBLICA;2017;65
GALICIA;8. ADMÓN. PÚBLICA;2016;10
GALICIA;8. ADMÓN. PÚBLICA;2015;102
GALICIA;8. ADMÓN. PÚBLICA;2014;53
GALICIA;8. ADMÓN. PÚBLICA;2013;50
GALICIA;8. ADMÓN. PÚBLICA;2012;10
GALICIA;8. ADMÓN. PÚBLICA;2011;51
GALICIA;8. ADMÓN. PÚBLICA;2010;13
GALICIA;9. ADMÓN. JUSTICIA;2023;1.260
GALICIA;9. ADMÓN. JUSTICIA;2022;1.083
GALICIA;9. ADMÓN. JUSTICIA;2021;972
GALICIA;9. ADMÓN. JUSTICIA;2020;972
GALICIA;9. ADMÓN. JUSTICIA;2019;1.034
GALICIA;9. ADMÓN. JUSTICIA;2018;928
GALICIA;9. ADMÓN. JUSTICIA;2017;844
GALICIA;9. ADMÓN. JUSTICIA;2016;723
GALICIA;9. ADMÓN. JUSTICIA;2015;713
GALICIA;9. ADMÓN. JUSTICIA;2014;816
GALICIA;9. ADMÓN. JUSTICIA;2013;814
GALICIA;9. ADMÓN. JUSTICIA;2012;862
GALICIA;9. ADMÓN. JUSTICIA;2011;917
GALICIA;9. ADMÓN. JUSTICIA;2010;741
GALICIA;10. ORDEN PÚBLICO;2023;782
GALICIA;10. ORDEN PÚBLICO;2022;844
GALICIA;10. ORDEN PÚBLICO;2021;791
GALICIA;10. ORDEN PÚBLICO;2020;1.004
GALICIA;10. ORDEN PÚBLICO;2019;694
GALICIA;10. ORDEN PÚBLICO;2018;670
GALICIA;10. ORDEN PÚBLICO;2017;690
GALICIA;10. ORDEN PÚBLICO;2016;687
GALICIA;10. ORDEN PÚBLICO;2015;689
GALICIA;10. ORDEN PÚBLICO;2014;858
GALICIA;10. ORDEN PÚBLICO;2013;1.073
GALICIA;10. ORDEN PÚBLICO;2012;1.124
GALICIA;10. ORDEN PÚBLICO;2011;1.167
GALICIA;10. ORDEN PÚBLICO;2010;996
GALICIA;11. LEGISLACIÓN ESPECIAL;2023;6
GALICIA;11. LEGISLACIÓN ESPECIAL;2022;52
GALICIA;11. LEGISLACIÓN ESPECIAL;2021;2
GALICIA;11. LEGISLACIÓN ESPECIAL;2020;30
GALICIA;11. LEGISLACIÓN ESPECIAL;2019;5
GALICIA;11. LEGISLACIÓN ESPECIAL;2018;1
GALICIA;11. LEGISLACIÓN ESPECIAL;2017;0
GALICIA;11. LEGISLACIÓN ESPECIAL;2016;5
GALICIA;11. LEGISLACIÓN ESPECIAL;2015;10
GALICIA;11. LEGISLACIÓN ESPECIAL;2014;9
GALICIA;11. LEGISLACIÓN ESPECIAL;2013;5
GALICIA;11. LEGISLACIÓN ESPECIAL;2012;5
GALICIA;11. LEGISLACIÓN ESPECIAL;2011;14
GALICIA;11. LEGISLACIÓN ESPECIAL;2010;4
GALICIA;12. OTRAS INFRACCIONES PENALES;2023;194
GALICIA;12. OTRAS INFRACCIONES PENALES;2022;166
GALICIA;12. OTRAS INFRACCIONES PENALES;2021;174
GALICIA;12. OTRAS INFRACCIONES PENALES;2020;153
GALICIA;12. OTRAS INFRACCIONES PENALES;2019;250
GALICIA;12. OTRAS INFRACCIONES PENALES;2018;197
GALICIA;12. OTRAS INFRACCIONES PENALES;2017;203
GALICIA;12. OTRAS INFRACCIONES PENALES;2016;261
GALICIA;12. OTRAS INFRACCIONES PENALES;2015;104
GALICIA;12. OTRAS INFRACCIONES PENALES;2014;138
GALICIA;12. OTRAS INFRACCIONES PENALES;2013;148
GALICIA;12. OTRAS INFRACCIONES PENALES;2012;97
GALICIA;12. OTRAS INFRACCIONES PENALES;2011;97
GALICIA;12. OTRAS INFRACCIONES PENALES;2010;39
GALICIA;TOTAL INFRACCIONES PENALES;2023;20.340
GALICIA;TOTAL INFRACCIONES PENALES;2022;19.452
GALICIA;TOTAL INFRACCIONES PENALES;2021;17.641
GALICIA;TOTAL INFRACCIONES PENALES;2020;16.653
GALICIA;TOTAL INFRACCIONES PENALES;2019;18.565
GALICIA;TOTAL INFRACCIONES PENALES;2018;18.533
GALICIA;TOTAL INFRACCIONES PENALES;2017;16.825
GALICIA;TOTAL INFRACCIONES PENALES;2016;16.112
GALICIA;TOTAL INFRACCIONES PENALES;2015;16.574
GALICIA;TOTAL INFRACCIONES PENALES;2014;19.160
GALICIA;TOTAL INFRACCIONES PENALES;2013;21.232
GALICIA;TOTAL INFRACCIONES PENALES;2012;21.555
GALICIA;TOTAL INFRACCIONES PENALES;2011;22.447
GALICIA;TOTAL INFRACCIONES PENALES;2010;11.665
MADRID (COMUNIDAD DE);1. CONTRA LAS PERSONAS;2023;22.683
MADRID (COMUNIDAD DE);1. CONTRA LAS PERSONAS;2022;20.853
MADRID (COMUNIDAD DE);1. CONTRA LAS PERSONAS;2021;18.126
MADRID (COMUNIDAD DE);1. CONTRA LAS PERSONAS;2020;15.616
MADRID (COMUNIDAD DE);1. CONTRA LAS PERSONAS;2019;16.385
MADRID (COMUNIDAD DE);1. CONTRA LAS PERSONAS;2018;15.087
MADRID (COMUNIDAD DE);1. CONTRA LAS PERSONAS;2017;15.003
MADRID (COMUNIDAD DE);1. CONTRA LAS PERSONAS;2016;13.478
MADRID (COMUNIDAD DE);1. CONTRA LAS PERSONAS;2015;13.041
MADRID (COMUNIDAD DE);1. CONTRA LAS PERSONAS;2014;14.266
MADRID (COMUNIDAD DE);1. CONTRA LAS PERSONAS;2013;13.421
MADRID (COMUNIDAD DE);1. CONTRA LAS PERSONAS;2012;14.791
MADRID (COMUNIDAD DE);1. CONTRA LAS PERSONAS;2011;15.241
MADRID (COMUNIDAD DE);1. CONTRA LAS PERSONAS;2010;11.501
MADRID (COMUNIDAD DE);1.1.-Homicidios dolosos/asesinatos;2023;245
MADRID (COMUNIDAD DE);1.1.-Homicidios dolosos/asesinatos;2022;233
MADRID (COMUNIDAD DE);1.1.-Homicidios dolosos/asesinatos;2021;165
MADRID (COMUNIDAD DE);1.1.-Homicidios dolosos/asesinatos;2020;162
MADRID (COMUNIDAD DE);1.1.-Homicidios dolosos/asesinatos;2019;129
MADRID (COMUNIDAD DE);1.1.-Homicidios dolosos/asesinatos;2018;157
MADRID (COMUNIDAD DE);1.1.-Homicidios dolosos/asesinatos;2017;141
MADRID (COMUNIDAD DE);1.1.-Homicidios dolosos/asesinatos;2016;141
MADRID (COMUNIDAD DE);1.1.-Homicidios dolosos/asesinatos;2015;130
MADRID (COMUNIDAD DE);1.1.-Homicidios dolosos/asesinatos;2014;158
MADRID (COMUNIDAD DE);1.1.-Homicidios dolosos/asesinatos;2013;141
MADRID (COMUNIDAD DE);1.1.-Homicidios dolosos/asesinatos;2012;120
MADRID (COMUNIDAD DE);1.1.-Homicidios dolosos/asesinatos;2011;119
MADRID (COMUNIDAD DE);1.1.-Homicidios dolosos/asesinatos;2010;112
MADRID (COMUNIDAD DE);1.1.1.-Homicidios dolosos/asesinatos consumados;2023;50
MADRID (COMUNIDAD DE);1.1.1.-Homicidios dolosos/asesinatos consumados;2022;62
MADRID (COMUNIDAD DE);1.1.1.-Homicidios dolosos/asesinatos consumados;2021;53
MADRID (COMUNIDAD DE);1.1.1.-Homicidios dolosos/asesinatos consumados;2020;58
MADRID (COMUNIDAD DE);1.1.1.-Homicidios dolosos/asesinatos consumados;2019;26
MADRID (COMUNIDAD DE);1.1.1.-Homicidios dolosos/asesinatos consumados;2018;58
MADRID (COMUNIDAD DE);1.1.1.-Homicidios dolosos/asesinatos consumados;2017;40
MADRID (COMUNIDAD DE);1.1.1.-Homicidios dolosos/asesinatos consumados;2016;47
MADRID (COMUNIDAD DE);1.1.1.-Homicidios dolosos/asesinatos consumados;2015;70
MADRID (COMUNIDAD DE);1.1.1.-Homicidios dolosos/asesinatos consumados;2014;43
MADRID (COMUNIDAD DE);1.1.1.-Homicidios dolosos/asesinatos consumados;2013;54
MADRID (COMUNIDAD DE);1.1.1.-Homicidios dolosos/asesinatos consumados;2012;58
MADRID (COMUNIDAD DE);1.1.1.-Homicidios dolosos/asesinatos consumados;2011;74
MADRID (COMUNIDAD DE);1.1.1.-Homicidios dolosos/asesinatos consumados;2010;66
MADRID (COMUNIDAD DE);1.2.-Lesiones;2023;4.367
MADRID (COMUNIDAD DE);1.2.-Lesiones;2022;4.236
MADRID (COMUNIDAD DE);1.2.-Lesiones;2021;3.597
MADRID (COMUNIDAD DE);1.2.-Lesiones;2020;2.937
MADRID (COMUNIDAD DE);1.2.-Lesiones;2019;3.837
MADRID (COMUNIDAD DE);1.2.-Lesiones;2018;3.622
MADRID (COMUNIDAD DE);1.2.-Lesiones;2017;3.794
MADRID (COMUNIDAD DE);1.2.-Lesiones;2016;3.392
MADRID (COMUNIDAD DE);1.2.-Lesiones;2015;3.004
MADRID (COMUNIDAD DE);1.2.-Lesiones;2014;3.382
MADRID (COMUNIDAD DE);1.2.-Lesiones;2013;3.178
MADRID (COMUNIDAD DE);1.2.-Lesiones;2012;3.552
MADRID (COMUNIDAD DE);1.2.-Lesiones;2011;3.858
MADRID (COMUNIDAD DE);1.2.-Lesiones;2010;2.185
MADRID (COMUNIDAD DE);1.3.-Malos tratos ámbito familiar;2023;16.867
MADRID (COMUNIDAD DE);1.3.-Malos tratos ámbito familiar;2022;15.489
MADRID (COMUNIDAD DE);1.3.-Malos tratos ámbito familiar;2021;13.603
MADRID (COMUNIDAD DE);1.3.-Malos tratos ámbito familiar;2020;12.009
MADRID (COMUNIDAD DE);1.3.-Malos tratos ámbito familiar;2019;11.855
MADRID (COMUNIDAD DE);1.3.-Malos tratos ámbito familiar;2018;10.838
MADRID (COMUNIDAD DE);1.3.-Malos tratos ámbito familiar;2017;10.660
MADRID (COMUNIDAD DE);1.3.-Malos tratos ámbito familiar;2016;9.565
MADRID (COMUNIDAD DE);1.3.-Malos tratos ámbito familiar;2015;8.950
MADRID (COMUNIDAD DE);1.3.-Malos tratos ámbito familiar;2014;9.322
MADRID (COMUNIDAD DE);1.3.-Malos tratos ámbito familiar;2013;8.849
MADRID (COMUNIDAD DE);1.3.-Malos tratos ámbito familiar;2012;9.201
MADRID (COMUNIDAD DE);1.3.-Malos tratos ámbito familiar;2011;9.188
MADRID (COMUNIDAD DE);1.3.-Malos tratos ámbito familiar;2010;8.558
MADRID (COMUNIDAD DE);1.4.-Otros contra las personas;2023;1.204
MADRID (COMUNIDAD DE);1.4.-Otros contra las personas;2022;895
MADRID (COMUNIDAD DE);1.4.-Otros contra las personas;2021;761
MADRID (COMUNIDAD DE);1.4.-Otros contra las personas;2020;508
MADRID (COMUNIDAD DE);1.4.-Otros contra las personas;2019;564
MADRID (COMUNIDAD DE);1.4.-Otros contra las personas;2018;470
MADRID (COMUNIDAD DE);1.4.-Otros contra las personas;2017;408
MADRID (COMUNIDAD DE);1.4.-Otros contra las personas;2016;380
MADRID (COMUNIDAD DE);1.4.-Otros contra las personas;2015;957
MADRID (COMUNIDAD DE);1.4.-Otros contra las personas;2014;1.404
MADRID (COMUNIDAD DE);1.4.-Otros contra las personas;2013;1.253
MADRID (COMUNIDAD DE);1.4.-Otros contra las personas;2012;1.918
MADRID (COMUNIDAD DE);1.4.-Otros contra las personas;2011;2.076
MADRID (COMUNIDAD DE);1.4.-Otros contra las personas;2010;646
MADRID (COMUNIDAD DE);2. CONTRA LA LIBERTAD;2023;7.043
MADRID (COMUNIDAD DE);2. CONTRA LA LIBERTAD;2022;6.036
MADRID (COMUNIDAD DE);2. CONTRA LA LIBERTAD;2021;5.324
MADRID (COMUNIDAD DE);2. CONTRA LA LIBERTAD;2020;4.724
MADRID (COMUNIDAD DE);2. CONTRA LA LIBERTAD;2019;4.297
MADRID (COMUNIDAD DE);2. CONTRA LA LIBERTAD;2018;3.981
MADRID (COMUNIDAD DE);2. CONTRA LA LIBERTAD;2017;3.922
MADRID (COMUNIDAD DE);2. CONTRA LA LIBERTAD;2016;3.553
MADRID (COMUNIDAD DE);2. CONTRA LA LIBERTAD;2015;3.004
MADRID (COMUNIDAD DE);2. CONTRA LA LIBERTAD;2014;2.706
MADRID (COMUNIDAD DE);2. CONTRA LA LIBERTAD;2013;2.887
MADRID (COMUNIDAD DE);2. CONTRA LA LIBERTAD;2012;2.874
MADRID (COMUNIDAD DE);2. CONTRA LA LIBERTAD;2011;3.206
MADRID (COMUNIDAD DE);2. CONTRA LA LIBERTAD;2010;2.726
MADRID (COMUNIDAD DE);2.1.-Malos tratos habituales en el ámbito familiar;2023;981
MADRID (COMUNIDAD DE);2.1.-Malos tratos habituales en el ámbito familiar;2022;810
MADRID (COMUNIDAD DE);2.1.-Malos tratos habituales en el ámbito familiar;2021;918
MADRID (COMUNIDAD DE);2.1.-Malos tratos habituales en el ámbito familiar;2020;814
MADRID (COMUNIDAD DE);2.1.-Malos tratos habituales en el ámbito familiar;2019;833
MADRID (COMUNIDAD DE);2.1.-Malos tratos habituales en el ámbito familiar;2018;759
MADRID (COMUNIDAD DE);2.1.-Malos tratos habituales en el ámbito familiar;2017;850
MADRID (COMUNIDAD DE);2.1.-Malos tratos habituales en el ámbito familiar;2016;755
MADRID (COMUNIDAD DE);2.1.-Malos tratos habituales en el ámbito familiar;2015;933
MADRID (COMUNIDAD DE);2.1.-Malos tratos habituales en el ámbito familiar;2014;922
MADRID (COMUNIDAD DE);2.1.-Malos tratos habituales en el ámbito familiar;2013;950
MADRID (COMUNIDAD DE);2.1.-Malos tratos habituales en el ámbito familiar;2012;998
MADRID (COMUNIDAD DE);2.1.-Malos tratos habituales en el ámbito familiar;2011;1.167
MADRID (COMUNIDAD DE);2.1.-Malos tratos habituales en el ámbito familiar;2010;924
MADRID (COMUNIDAD DE);2.2.-Otros contra la libertad;2023;6.062
MADRID (COMUNIDAD DE);2.2.-Otros contra la libertad;2022;5.226
MADRID (COMUNIDAD DE);2.2.-Otros contra la libertad;2021;4.406
MADRID (COMUNIDAD DE);2.2.-Otros contra la libertad;2020;3.910
MADRID (COMUNIDAD DE);2.2.-Otros contra la libertad;2019;3.464
MADRID (COMUNIDAD DE);2.2.-Otros contra la libertad;2018;3.222
MADRID (COMUNIDAD DE);2.2.-Otros contra la libertad;2017;3.072
MADRID (COMUNIDAD DE);2.2.-Otros contra la libertad;2016;2.798
MADRID (COMUNIDAD DE);2.2.-Otros contra la libertad;2015;2.071
MADRID (COMUNIDAD DE);2.2.-Otros contra la libertad;2014;1.784
MADRID (COMUNIDAD DE);2.2.-Otros contra la libertad;2013;1.937
MADRID (COMUNIDAD DE);2.2.-Otros contra la libertad;2012;1.876
MADRID (COMUNIDAD DE);2.2.-Otros contra la libertad;2011;2.039
MADRID (COMUNIDAD DE);2.2.-Otros contra la libertad;2010;1.802
MADRID (COMUNIDAD DE);3. LIBERTAD SEXUAL;2023;1.998
MADRID (COMUNIDAD DE);3. LIBERTAD SEXUAL;2022;1.641
MADRID (COMUNIDAD DE);3. LIBERTAD SEXUAL;2021;1.485
MADRID (COMUNIDAD DE);3. LIBERTAD SEXUAL;2020;1.167
MADRID (COMUNIDAD DE);3. LIBERTAD SEXUAL;2019;1.256
MADRID (COMUNIDAD DE);3. LIBERTAD SEXUAL;2018;1.195
MADRID (COMUNIDAD DE);3. LIBERTAD SEXUAL;2017;994
MADRID (COMUNIDAD DE);3. LIBERTAD SEXUAL;2016;873
MADRID (COMUNIDAD DE);3. LIBERTAD SEXUAL;2015;764
MADRID (COMUNIDAD DE);3. LIBERTAD SEXUAL;2014;828
MADRID (COMUNIDAD DE);3. LIBERTAD SEXUAL;2013;770
MADRID (COMUNIDAD DE);3. LIBERTAD SEXUAL;2012;839
MADRID (COMUNIDAD DE);3. LIBERTAD SEXUAL;2011;889
MADRID (COMUNIDAD DE);3. LIBERTAD SEXUAL;2010;797
MADRID (COMUNIDAD DE);3.1.-Agresión sexual;2023;1.088
MADRID (COMUNIDAD DE);3.1.-Agresión sexual;2022;881
MADRID (COMUNIDAD DE);3.1.-Agresión sexual;2021;834
MADRID (COMUNIDAD DE);3.1.-Agresión sexual;2020;636
MADRID (COMUNIDAD DE);3.1.-Agresión sexual;2019;709
MADRID (COMUNIDAD DE);3.1.-Agresión sexual;2018;641
MADRID (COMUNIDAD DE);3.1.-Agresión sexual;2017;519
MADRID (COMUNIDAD DE);3.1.-Agresión sexual;2016;448
MADRID (COMUNIDAD DE);3.1.-Agresión sexual;2015;406
MADRID (COMUNIDAD DE);3.1.-Agresión sexual;2014;406
MADRID (COMUNIDAD DE);3.1.-Agresión sexual;2013;370
MADRID (COMUNIDAD DE);3.1.-Agresión sexual;2012;436
MADRID (COMUNIDAD DE);3.1.-Agresión sexual;2011;454
MADRID (COMUNIDAD DE);3.1.-Agresión sexual;2010;350
MADRID (COMUNIDAD DE);3.2.-Agresión sexual con penetración;2023;519
MADRID (COMUNIDAD DE);3.2.-Agresión sexual con penetración;2022;451
MADRID (COMUNIDAD DE);3.2.-Agresión sexual con penetración;2021;410
MADRID (COMUNIDAD DE);3.2.-Agresión sexual con penetración;2020;329
MADRID (COMUNIDAD DE);3.2.-Agresión sexual con penetración;2019;313
MADRID (COMUNIDAD DE);3.2.-Agresión sexual con penetración;2018;288
MADRID (COMUNIDAD DE);3.2.-Agresión sexual con penetración;2017;255
MADRID (COMUNIDAD DE);3.2.-Agresión sexual con penetración;2016;230
MADRID (COMUNIDAD DE);3.2.-Agresión sexual con penetración;2015;191
MADRID (COMUNIDAD DE);3.2.-Agresión sexual con penetración;2014;203
MADRID (COMUNIDAD DE);3.2.-Agresión sexual con penetración;2013;196
MADRID (COMUNIDAD DE);3.2.-Agresión sexual con penetración;2012;199
MADRID (COMUNIDAD DE);3.2.-Agresión sexual con penetración;2011;225
MADRID (COMUNIDAD DE);3.2.-Agresión sexual con penetración;2010;206
MADRID (COMUNIDAD DE);3.3.-Corrupción de menores o incapacitados;2023;27
MADRID (COMUNIDAD DE);3.3.-Corrupción de menores o incapacitados;2022;33
MADRID (COMUNIDAD DE);3.3.-Corrupción de menores o incapacitados;2021;25
MADRID (COMUNIDAD DE);3.3.-Corrupción de menores o incapacitados;2020;22
MADRID (COMUNIDAD DE);3.3.-Corrupción de menores o incapacitados;2019;28
MADRID (COMUNIDAD DE);3.3.-Corrupción de menores o incapacitados;2018;26
MADRID (COMUNIDAD DE);3.3.-Corrupción de menores o incapacitados;2017;37
MADRID (COMUNIDAD DE);3.3.-Corrupción de menores o incapacitados;2016;32
MADRID (COMUNIDAD DE);3.3.-Corrupción de menores o incapacitados;2015;20
MADRID (COMUNIDAD DE);3.3.-Corrupción de menores o incapacitados;2014;31
MADRID (COMUNIDAD DE);3.3.-Corrupción de menores o incapacitados;2013;30
MADRID (COMUNIDAD DE);3.3.-Corrupción de menores o incapacitados;2012;17
MADRID (COMUNIDAD DE);3.3.-Corrupción de menores o incapacitados;2011;6
MADRID (COMUNIDAD DE);3.3.-Corrupción de menores o incapacitados;2010;23
MADRID (COMUNIDAD DE);3.4.-Pornografía de menores;2023;101
MADRID (COMUNIDAD DE);3.4.-Pornografía de menores;2022;70
MADRID (COMUNIDAD DE);3.4.-Pornografía de menores;2021;70
MADRID (COMUNIDAD DE);3.4.-Pornografía de menores;2020;52
MADRID (COMUNIDAD DE);3.4.-Pornografía de menores;2019;80
MADRID (COMUNIDAD DE);3.4.-Pornografía de menores;2018;107
MADRID (COMUNIDAD DE);3.4.-Pornografía de menores;2017;56
MADRID (COMUNIDAD DE);3.4.-Pornografía de menores;2016;51
MADRID (COMUNIDAD DE);3.4.-Pornografía de menores;2015;47
MADRID (COMUNIDAD DE);3.4.-Pornografía de menores;2014;72
MADRID (COMUNIDAD DE);3.4.-Pornografía de menores;2013;52
MADRID (COMUNIDAD DE);3.4.-Pornografía de menores;2012;81
MADRID (COMUNIDAD DE);3.4.-Pornografía de menores;2011;63
MADRID (COMUNIDAD DE);3.4.-Pornografía de menores;2010;41
MADRID (COMUNIDAD DE);3.5.-Otros contra la libertad sexual;2023;263
MADRID (COMUNIDAD DE);3.5.-Otros contra la libertad sexual;2022;206
MADRID (COMUNIDAD DE);3.5.-Otros contra la libertad sexual;2021;146
MADRID (COMUNIDAD DE);3.5.-Otros contra la libertad sexual;2020;128
MADRID (COMUNIDAD DE);3.5.-Otros contra la libertad sexual;2019;126
MADRID (COMUNIDAD DE);3.5.-Otros contra la libertad sexual;2018;133
MADRID (COMUNIDAD DE);3.5.-Otros contra la libertad sexual;2017;127
MADRID (COMUNIDAD DE);3.5.-Otros contra la libertad sexual;2016;112
MADRID (COMUNIDAD DE);3.5.-Otros contra la libertad sexual;2015;100
MADRID (COMUNIDAD DE);3.5.-Otros contra la libertad sexual;2014;116
MADRID (COMUNIDAD DE);3.5.-Otros contra la libertad sexual;2013;122
MADRID (COMUNIDAD DE);3.5.-Otros contra la libertad sexual;2012;106
MADRID (COMUNIDAD DE);3.5.-Otros contra la libertad sexual;2011;141
MADRID (COMUNIDAD DE);3.5.-Otros contra la libertad sexual;2010;177
MADRID (COMUNIDAD DE);4. RELACIONES FAMILIARES;2023;184
MADRID (COMUNIDAD DE);4. RELACIONES FAMILIARES;2022;178
MADRID (COMUNIDAD DE);4. RELACIONES FAMILIARES;2021;196
MADRID (COMUNIDAD DE);4. RELACIONES FAMILIARES;2020;135
MADRID (COMUNIDAD DE);4. RELACIONES FAMILIARES;2019;175
MADRID (COMUNIDAD DE);4. RELACIONES FAMILIARES;2018;171
MADRID (COMUNIDAD DE);4. RELACIONES FAMILIARES;2017;177
MADRID (COMUNIDAD DE);4. RELACIONES FAMILIARES;2016;150
MADRID (COMUNIDAD DE);4. RELACIONES FAMILIARES;2015;136
MADRID (COMUNIDAD DE);4. RELACIONES FAMILIARES;2014;207
MADRID (COMUNIDAD DE);4. RELACIONES FAMILIARES;2013;243
MADRID (COMUNIDAD DE);4. RELACIONES FAMILIARES;2012;298
MADRID (COMUNIDAD DE);4. RELACIONES FAMILIARES;2011;248
MADRID (COMUNIDAD DE);4. RELACIONES FAMILIARES;2010;64
MADRID (COMUNIDAD DE);5. PATRIMONIO;2023;39.926
MADRID (COMUNIDAD DE);5. PATRIMONIO;2022;34.794
MADRID (COMUNIDAD DE);5. PATRIMONIO;2021;29.170
MADRID (COMUNIDAD DE);5. PATRIMONIO;2020;26.767
MADRID (COMUNIDAD DE);5. PATRIMONIO;2019;34.300
MADRID (COMUNIDAD DE);5. PATRIMONIO;2018;31.758
MADRID (COMUNIDAD DE);5. PATRIMONIO;2017;30.346
MADRID (COMUNIDAD DE);5. PATRIMONIO;2016;29.519
MADRID (COMUNIDAD DE);5. PATRIMONIO;2015;26.427
MADRID (COMUNIDAD DE);5. PATRIMONIO;2014;32.994
MADRID (COMUNIDAD DE);5. PATRIMONIO;2013;33.366
MADRID (COMUNIDAD DE);5. PATRIMONIO;2012;33.252
MADRID (COMUNIDAD DE);5. PATRIMONIO;2011;31.019
MADRID (COMUNIDAD DE);5. PATRIMONIO;2010;24.847
MADRID (COMUNIDAD DE);5.1.-Hurtos;2023;22.738
MADRID (COMUNIDAD DE);5.1.-Hurtos;2022;19.315
MADRID (COMUNIDAD DE);5.1.-Hurtos;2021;15.687
MADRID (COMUNIDAD DE);5.1.-Hurtos;2020;13.682
MADRID (COMUNIDAD DE);5.1.-Hurtos;2019;20.107
MADRID (COMUNIDAD DE);5.1.-Hurtos;2018;19.523
MADRID (COMUNIDAD DE);5.1.-Hurtos;2017;18.184
MADRID (COMUNIDAD DE);5.1.-Hurtos;2016;16.906
MADRID (COMUNIDAD DE);5.1.-Hurtos;2015;13.471
MADRID (COMUNIDAD DE);5.1.-Hurtos;2014;16.370
MADRID (COMUNIDAD DE);5.1.-Hurtos;2013;15.894
MADRID (COMUNIDAD DE);5.1.-Hurtos;2012;15.488
MADRID (COMUNIDAD DE);5.1.-Hurtos;2011;13.984
MADRID (COMUNIDAD DE);5.1.-Hurtos;2010;9.343
MADRID (COMUNIDAD DE);5.2.-Robos con fuerza en las cosas;2023;4.372
MADRID (COMUNIDAD DE);5.2.-Robos con fuerza en las cosas;2022;3.936
MADRID (COMUNIDAD DE);5.2.-Robos con fuerza en las cosas;2021;3.511
MADRID (COMUNIDAD DE);5.2.-Robos con fuerza en las cosas;2020;3.769
MADRID (COMUNIDAD DE);5.2.-Robos con fuerza en las cosas;2019;3.764
MADRID (COMUNIDAD DE);5.2.-Robos con fuerza en las cosas;2018;3.586
MADRID (COMUNIDAD DE);5.2.-Robos con fuerza en las cosas;2017;4.170
MADRID (COMUNIDAD DE);5.2.-Robos con fuerza en las cosas;2016;4.759
MADRID (COMUNIDAD DE);5.2.-Robos con fuerza en las cosas;2015;4.848
MADRID (COMUNIDAD DE);5.2.-Robos con fuerza en las cosas;2014;6.074
MADRID (COMUNIDAD DE);5.2.-Robos con fuerza en las cosas;2013;7.034
MADRID (COMUNIDAD DE);5.2.-Robos con fuerza en las cosas;2012;6.701
MADRID (COMUNIDAD DE);5.2.-Robos con fuerza en las cosas;2011;6.981
MADRID (COMUNIDAD DE);5.2.-Robos con fuerza en las cosas;2010;6.289
MADRID (COMUNIDAD DE);5.2.1.-Robos con fuerza en las cosas en el interior de vehículos;2023;1.328
MADRID (COMUNIDAD DE);5.2.1.-Robos con fuerza en las cosas en el interior de vehículos;2022;1.179
MADRID (COMUNIDAD DE);5.2.1.-Robos con fuerza en las cosas en el interior de vehículos;2021;895
MADRID (COMUNIDAD DE);5.2.1.-Robos con fuerza en las cosas en el interior de vehículos;2020;912
MADRID (COMUNIDAD DE);5.2.1.-Robos con fuerza en las cosas en el interior de vehículos;2019;1.094
MADRID (COMUNIDAD DE);5.2.1.-Robos con fuerza en las cosas en el interior de vehículos;2018;1.013
MADRID (COMUNIDAD DE);5.2.1.-Robos con fuerza en las cosas en el interior de vehículos;2017;1.099
MADRID (COMUNIDAD DE);5.2.1.-Robos con fuerza en las cosas en el interior de vehículos;2016;1.176
MADRID (COMUNIDAD DE);5.2.1.-Robos con fuerza en las cosas en el interior de vehículos;2015;1.084
MADRID (COMUNIDAD DE);5.2.1.-Robos con fuerza en las cosas en el interior de vehículos;2014;1.381
MADRID (COMUNIDAD DE);5.2.1.-Robos con fuerza en las cosas en el interior de vehículos;2013;1.629
MADRID (COMUNIDAD DE);5.2.1.-Robos con fuerza en las cosas en el interior de vehículos;2012;1.933
MADRID (COMUNIDAD DE);5.2.1.-Robos con fuerza en las cosas en el interior de vehículos;2011;2.003
MADRID (COMUNIDAD DE);5.2.1.-Robos con fuerza en las cosas en el interior de vehículos;2010;1.803
MADRID (COMUNIDAD DE);5.2.2.-Robos con fuerza en viviendas;2023;964
MADRID (COMUNIDAD DE);5.2.2.-Robos con fuerza en viviendas;2022;954
MADRID (COMUNIDAD DE);5.2.2.-Robos con fuerza en viviendas;2021;879
MADRID (COMUNIDAD DE);5.2.2.-Robos con fuerza en viviendas;2020;1.022
MADRID (COMUNIDAD DE);5.2.2.-Robos con fuerza en viviendas;2019;936
MADRID (COMUNIDAD DE);5.2.2.-Robos con fuerza en viviendas;2018;991
MADRID (COMUNIDAD DE);5.2.2.-Robos con fuerza en viviendas;2017;1.139
MADRID (COMUNIDAD DE);5.2.2.-Robos con fuerza en viviendas;2016;1.587
MADRID (COMUNIDAD DE);5.2.2.-Robos con fuerza en viviendas;2015;1.385
MADRID (COMUNIDAD DE);5.2.2.-Robos con fuerza en viviendas;2014;1.882
MADRID (COMUNIDAD DE);5.2.2.-Robos con fuerza en viviendas;2013;2.038
MADRID (COMUNIDAD DE);5.2.2.-Robos con fuerza en viviendas;2012;1.524
MADRID (COMUNIDAD DE);5.2.2.-Robos con fuerza en viviendas;2011;1.396
MADRID (COMUNIDAD DE);5.2.2.-Robos con fuerza en viviendas;2010;1.052
MADRID (COMUNIDAD DE);5.2.3.-Robos con fuerza en establecimientos;2023;1.253
MADRID (COMUNIDAD DE);5.2.3.-Robos con fuerza en establecimientos;2022;925
MADRID (COMUNIDAD DE);5.2.3.-Robos con fuerza en establecimientos;2021;864
MADRID (COMUNIDAD DE);5.2.3.-Robos con fuerza en establecimientos;2020;1.047
MADRID (COMUNIDAD DE);5.2.3.-Robos con fuerza en establecimientos;2019;944
MADRID (COMUNIDAD DE);5.2.3.-Robos con fuerza en establecimientos;2018;808
MADRID (COMUNIDAD DE);5.2.3.-Robos con fuerza en establecimientos;2017;1.047
MADRID (COMUNIDAD DE);5.2.3.-Robos con fuerza en establecimientos;2016;1.199
MADRID (COMUNIDAD DE);5.2.3.-Robos con fuerza en establecimientos;2015;1.097
MADRID (COMUNIDAD DE);5.2.3.-Robos con fuerza en establecimientos;2014;1.318
MADRID (COMUNIDAD DE);5.2.3.-Robos con fuerza en establecimientos;2013;1.545
MADRID (COMUNIDAD DE);5.2.3.-Robos con fuerza en establecimientos;2012;1.492
MADRID (COMUNIDAD DE);5.2.3.-Robos con fuerza en establecimientos;2011;1.601
MADRID (COMUNIDAD DE);5.2.3.-Robos con fuerza en establecimientos;2010;1.441
MADRID (COMUNIDAD DE);5.3.-Robos con violencia o intimidación;2023;4.969
MADRID (COMUNIDAD DE);5.3.-Robos con violencia o intimidación;2022;4.563
MADRID (COMUNIDAD DE);5.3.-Robos con violencia o intimidación;2021;4.018
MADRID (COMUNIDAD DE);5.3.-Robos con violencia o intimidación;2020;3.661
MADRID (COMUNIDAD DE);5.3.-Robos con violencia o intimidación;2019;3.980
MADRID (COMUNIDAD DE);5.3.-Robos con violencia o intimidación;2018;2.958
MADRID (COMUNIDAD DE);5.3.-Robos con violencia o intimidación;2017;2.930
MADRID (COMUNIDAD DE);5.3.-Robos con violencia o intimidación;2016;2.859
MADRID (COMUNIDAD DE);5.3.-Robos con violencia o intimidación;2015;2.659
MADRID (COMUNIDAD DE);5.3.-Robos con violencia o intimidación;2014;3.342
MADRID (COMUNIDAD DE);5.3.-Robos con violencia o intimidación;2013;3.927
MADRID (COMUNIDAD DE);5.3.-Robos con violencia o intimidación;2012;4.040
MADRID (COMUNIDAD DE);5.3.-Robos con violencia o intimidación;2011;3.837
MADRID (COMUNIDAD DE);5.3.-Robos con violencia o intimidación;2010;3.987
MADRID (COMUNIDAD DE);5.3.1.-Robos con violencia en vía pública;2023;3.063
MADRID (COMUNIDAD DE);5.3.1.-Robos con violencia en vía pública;2022;2.799
MADRID (COMUNIDAD DE);5.3.1.-Robos con violencia en vía pública;2021;2.548
MADRID (COMUNIDAD DE);5.3.1.-Robos con violencia en vía pública;2020;2.256
MADRID (COMUNIDAD DE);5.3.1.-Robos con violencia en vía pública;2019;2.621
MADRID (COMUNIDAD DE);5.3.1.-Robos con violencia en vía pública;2018;1.764
MADRID (COMUNIDAD DE);5.3.1.-Robos con violencia en vía pública;2017;1.760
MADRID (COMUNIDAD DE);5.3.1.-Robos con violencia en vía pública;2016;1.814
MADRID (COMUNIDAD DE);5.3.1.-Robos con violencia en vía pública;2015;1.641
MADRID (COMUNIDAD DE);5.3.1.-Robos con violencia en vía pública;2014;2.077
MADRID (COMUNIDAD DE);5.3.1.-Robos con violencia en vía pública;2013;2.463
MADRID (COMUNIDAD DE);5.3.1.-Robos con violencia en vía pública;2012;2.690
MADRID (COMUNIDAD DE);5.3.1.-Robos con violencia en vía pública;2011;2.388
MADRID (COMUNIDAD DE);5.3.1.-Robos con violencia en vía pública;2010;2.628
MADRID (COMUNIDAD DE);5.3.2.-Robos con violencia en viviendas;2023;220
MADRID (COMUNIDAD DE);5.3.2.-Robos con violencia en viviendas;2022;159
MADRID (COMUNIDAD DE);5.3.2.-Robos con violencia en viviendas;2021;181
MADRID (COMUNIDAD DE);5.3.2.-Robos con violencia en viviendas;2020;183
MADRID (COMUNIDAD DE);5.3.2.-Robos con violencia en viviendas;2019;129
MADRID (COMUNIDAD DE);5.3.2.-Robos con violencia en viviendas;2018;157
MADRID (COMUNIDAD DE);5.3.2.-Robos con violencia en viviendas;2017;179
MADRID (COMUNIDAD DE);5.3.2.-Robos con violencia en viviendas;2016;159
MADRID (COMUNIDAD DE);5.3.2.-Robos con violencia en viviendas;2015;175
MADRID (COMUNIDAD DE);5.3.2.-Robos con violencia en viviendas;2014;258
MADRID (COMUNIDAD DE);5.3.2.-Robos con violencia en viviendas;2013;301
MADRID (COMUNIDAD DE);5.3.2.-Robos con violencia en viviendas;2012;229
MADRID (COMUNIDAD DE);5.3.2.-Robos con violencia en viviendas;2011;242
MADRID (COMUNIDAD DE);5.3.2.-Robos con violencia en viviendas;2010;268
MADRID (COMUNIDAD DE);5.3.3.-Robos con violencia en establecimientos;2023;1.082
MADRID (COMUNIDAD DE);5.3.3.-Robos con violencia en establecimientos;2022;979
MADRID (COMUNIDAD DE);5.3.3.-Robos con violencia en establecimientos;2021;765
MADRID (COMUNIDAD DE);5.3.3.-Robos con violencia en establecimientos;2020;735
MADRID (COMUNIDAD DE);5.3.3.-Robos con violencia en establecimientos;2019;736
MADRID (COMUNIDAD DE);5.3.3.-Robos con violencia en establecimientos;2018;700
MADRID (COMUNIDAD DE);5.3.3.-Robos con violencia en establecimientos;2017;660
MADRID (COMUNIDAD DE);5.3.3.-Robos con violencia en establecimientos;2016;592
MADRID (COMUNIDAD DE);5.3.3.-Robos con violencia en establecimientos;2015;537
MADRID (COMUNIDAD DE);5.3.3.-Robos con violencia en establecimientos;2014;681
MADRID (COMUNIDAD DE);5.3.3.-Robos con violencia en establecimientos;2013;727
MADRID (COMUNIDAD DE);5.3.3.-Robos con violencia en establecimientos;2012;575
MADRID (COMUNIDAD DE);5.3.3.-Robos con violencia en establecimientos;2011;556
MADRID (COMUNIDAD DE);5.3.3.-Robos con violencia en establecimientos;2010;696
MADRID (COMUNIDAD DE);5.4.-Sustracción de vehículos;2023;648
MADRID (COMUNIDAD DE);5.4.-Sustracción de vehículos;2022;666
MADRID (COMUNIDAD DE);5.4.-Sustracción de vehículos;2021;536
MADRID (COMUNIDAD DE);5.4.-Sustracción de vehículos;2020;626
MADRID (COMUNIDAD DE);5.4.-Sustracción de vehículos;2019;711
MADRID (COMUNIDAD DE);5.4.-Sustracción de vehículos;2018;636
MADRID (COMUNIDAD DE);5.4.-Sustracción de vehículos;2017;824
MADRID (COMUNIDAD DE);5.4.-Sustracción de vehículos;2016;656
MADRID (COMUNIDAD DE);5.4.-Sustracción de vehículos;2015;681
MADRID (COMUNIDAD DE);5.4.-Sustracción de vehículos;2014;827
MADRID (COMUNIDAD DE);5.4.-Sustracción de vehículos;2013;1.011
MADRID (COMUNIDAD DE);5.4.-Sustracción de vehículos;2012;1.226
MADRID (COMUNIDAD DE);5.4.-Sustracción de vehículos;2011;1.076
MADRID (COMUNIDAD DE);5.4.-Sustracción de vehículos;2010;1.176
MADRID (COMUNIDAD DE);5.5.-Estafas;2023;3.372
MADRID (COMUNIDAD DE);5.5.-Estafas;2022;2.708
MADRID (COMUNIDAD DE);5.5.-Estafas;2021;2.342
MADRID (COMUNIDAD DE);5.5.-Estafas;2020;1.963
MADRID (COMUNIDAD DE);5.5.-Estafas;2019;2.556
MADRID (COMUNIDAD DE);5.5.-Estafas;2018;2.181
MADRID (COMUNIDAD DE);5.5.-Estafas;2017;1.701
MADRID (COMUNIDAD DE);5.5.-Estafas;2016;1.841
MADRID (COMUNIDAD DE);5.5.-Estafas;2015;1.677
MADRID (COMUNIDAD DE);5.5.-Estafas;2014;2.210
MADRID (COMUNIDAD DE);5.5.-Estafas;2013;1.814
MADRID (COMUNIDAD DE);5.5.-Estafas;2012;2.232
MADRID (COMUNIDAD DE);5.5.-Estafas;2011;1.979
MADRID (COMUNIDAD DE);5.5.-Estafas;2010;1.562
MADRID (COMUNIDAD DE);5.5.1.-Estafas informáticas;2023;1.643
MADRID (COMUNIDAD DE);5.5.1.-Estafas informáticas;2022;1.436
MADRID (COMUNIDAD DE);5.5.1.-Estafas informáticas;2021;1.118
MADRID (COMUNIDAD DE);5.5.1.-Estafas informáticas;2020;940
MADRID (COMUNIDAD DE);5.5.1.-Estafas informáticas;2019;718
MADRID (COMUNIDAD DE);5.5.1.-Estafas informáticas;2018;381
MADRID (COMUNIDAD DE);5.5.1.-Estafas informáticas;2017;249
MADRID (COMUNIDAD DE);5.5.1.-Estafas informáticas;2016;350
MADRID (COMUNIDAD DE);5.5.1.-Estafas informáticas;2015;251
MADRID (COMUNIDAD DE);5.5.1.-Estafas informáticas;2014;261
MADRID (COMUNIDAD DE);5.5.1.-Estafas informáticas;2013;215
MADRID (COMUNIDAD DE);5.5.1.-Estafas informáticas;2012;271
MADRID (COMUNIDAD DE);5.5.1.-Estafas informáticas;2011;238
MADRID (COMUNIDAD DE);5.5.1.-Estafas informáticas;2010;268
MADRID (COMUNIDAD DE);5.6.-Daños;2023;1.195
MADRID (COMUNIDAD DE);5.6.-Daños;2022;1.325
MADRID (COMUNIDAD DE);5.6.-Daños;2021;1.089
MADRID (COMUNIDAD DE);5.6.-Daños;2020;877
MADRID (COMUNIDAD DE);5.6.-Daños;2019;1.027
MADRID (COMUNIDAD DE);5.6.-Daños;2018;886
MADRID (COMUNIDAD DE);5.6.-Daños;2017;882
MADRID (COMUNIDAD DE);5.6.-Daños;2016;810
MADRID (COMUNIDAD DE);5.6.-Daños;2015;728
MADRID (COMUNIDAD DE);5.6.-Daños;2014;864
MADRID (COMUNIDAD DE);5.6.-Daños;2013;813
MADRID (COMUNIDAD DE);5.6.-Daños;2012;1.101
MADRID (COMUNIDAD DE);5.6.-Daños;2011;1.192
MADRID (COMUNIDAD DE);5.6.-Daños;2010;741
MADRID (COMUNIDAD DE);5.7.-Contra la propiedad intelectual/industrial;2023;115
MADRID (COMUNIDAD DE);5.7.-Contra la propiedad intelectual/industrial;2022;170
MADRID (COMUNIDAD DE);5.7.-Contra la propiedad intelectual/industrial;2021;75
MADRID (COMUNIDAD DE);5.7.-Contra la propiedad intelectual/industrial;2020;71
MADRID (COMUNIDAD DE);5.7.-Contra la propiedad intelectual/industrial;2019;167
MADRID (COMUNIDAD DE);5.7.-Contra la propiedad intelectual/industrial;2018;231
MADRID (COMUNIDAD DE);5.7.-Contra la propiedad intelectual/industrial;2017;169
MADRID (COMUNIDAD DE);5.7.-Contra la propiedad intelectual/industrial;2016;168
MADRID (COMUNIDAD DE);5.7.-Contra la propiedad intelectual/industrial;2015;167
MADRID (COMUNIDAD DE);5.7.-Contra la propiedad intelectual/industrial;2014;314
MADRID (COMUNIDAD DE);5.7.-Contra la propiedad intelectual/industrial;2013;406
MADRID (COMUNIDAD DE);5.7.-Contra la propiedad intelectual/industrial;2012;331
MADRID (COMUNIDAD DE);5.7.-Contra la propiedad intelectual/industrial;2011;401
MADRID (COMUNIDAD DE);5.7.-Contra la propiedad intelectual/industrial;2010;884
MADRID (COMUNIDAD DE);5.8.-Blanqueo de capitales;2023;142
MADRID (COMUNIDAD DE);5.8.-Blanqueo de capitales;2022;154
MADRID (COMUNIDAD DE);5.8.-Blanqueo de capitales;2021;82
MADRID (COMUNIDAD DE);5.8.-Blanqueo de capitales;2020;107
MADRID (COMUNIDAD DE);5.8.-Blanqueo de capitales;2019;71
MADRID (COMUNIDAD DE);5.8.-Blanqueo de capitales;2018;89
MADRID (COMUNIDAD DE);5.8.-Blanqueo de capitales;2017;164
MADRID (COMUNIDAD DE);5.8.-Blanqueo de capitales;2016;92
MADRID (COMUNIDAD DE);5.8.-Blanqueo de capitales;2015;230
MADRID (COMUNIDAD DE);5.8.-Blanqueo de capitales;2014;204
MADRID (COMUNIDAD DE);5.8.-Blanqueo de capitales;2013;155
MADRID (COMUNIDAD DE);5.8.-Blanqueo de capitales;2012;273
MADRID (COMUNIDAD DE);5.8.-Blanqueo de capitales;2011;176
MADRID (COMUNIDAD DE);5.8.-Blanqueo de capitales;2010;66
MADRID (COMUNIDAD DE);5.9.-Otros contra el patrimonio;2023;2.375
MADRID (COMUNIDAD DE);5.9.-Otros contra el patrimonio;2022;1.957
MADRID (COMUNIDAD DE);5.9.-Otros contra el patrimonio;2021;1.830
MADRID (COMUNIDAD DE);5.9.-Otros contra el patrimonio;2020;2.011
MADRID (COMUNIDAD DE);5.9.-Otros contra el patrimonio;2019;1.917
MADRID (COMUNIDAD DE);5.9.-Otros contra el patrimonio;2018;1.668
MADRID (COMUNIDAD DE);5.9.-Otros contra el patrimonio;2017;1.322
MADRID (COMUNIDAD DE);5.9.-Otros contra el patrimonio;2016;1.428
MADRID (COMUNIDAD DE);5.9.-Otros contra el patrimonio;2015;1.966
MADRID (COMUNIDAD DE);5.9.-Otros contra el patrimonio;2014;2.789
MADRID (COMUNIDAD DE);5.9.-Otros contra el patrimonio;2013;2.312
MADRID (COMUNIDAD DE);5.9.-Otros contra el patrimonio;2012;1.860
MADRID (COMUNIDAD DE);5.9.-Otros contra el patrimonio;2011;1.393
MADRID (COMUNIDAD DE);5.9.-Otros contra el patrimonio;2010;799
MADRID (COMUNIDAD DE);6. SEGURIDAD COLECTIVA;2023;8.991
MADRID (COMUNIDAD DE);6. SEGURIDAD COLECTIVA;2022;8.563
MADRID (COMUNIDAD DE);6. SEGURIDAD COLECTIVA;2021;7.181
MADRID (COMUNIDAD DE);6. SEGURIDAD COLECTIVA;2020;6.567
MADRID (COMUNIDAD DE);6. SEGURIDAD COLECTIVA;2019;7.358
MADRID (COMUNIDAD DE);6. SEGURIDAD COLECTIVA;2018;6.304
MADRID (COMUNIDAD DE);6. SEGURIDAD COLECTIVA;2017;5.665
MADRID (COMUNIDAD DE);6. SEGURIDAD COLECTIVA;2016;5.750
MADRID (COMUNIDAD DE);6. SEGURIDAD COLECTIVA;2015;5.948
MADRID (COMUNIDAD DE);6. SEGURIDAD COLECTIVA;2014;7.280
MADRID (COMUNIDAD DE);6. SEGURIDAD COLECTIVA;2013;7.723
MADRID (COMUNIDAD DE);6. SEGURIDAD COLECTIVA;2012;7.909
MADRID (COMUNIDAD DE);6. SEGURIDAD COLECTIVA;2011;8.361
MADRID (COMUNIDAD DE);6. SEGURIDAD COLECTIVA;2010;7.122
MADRID (COMUNIDAD DE);6.1.-Tráfico de drogas;2023;4.087
MADRID (COMUNIDAD DE);6.1.-Tráfico de drogas;2022;3.596
MADRID (COMUNIDAD DE);6.1.-Tráfico de drogas;2021;2.948
MADRID (COMUNIDAD DE);6.1.-Tráfico de drogas;2020;2.770
MADRID (COMUNIDAD DE);6.1.-Tráfico de drogas;2019;2.970
MADRID (COMUNIDAD DE);6.1.-Tráfico de drogas;2018;2.304
MADRID (COMUNIDAD DE);6.1.-Tráfico de drogas;2017;2.079
MADRID (COMUNIDAD DE);6.1.-Tráfico de drogas;2016;2.029
MADRID (COMUNIDAD DE);6.1.-Tráfico de drogas;2015;1.896
MADRID (COMUNIDAD DE);6.1.-Tráfico de drogas;2014;2.317
MADRID (COMUNIDAD DE);6.1.-Tráfico de drogas;2013;2.303
MADRID (COMUNIDAD DE);6.1.-Tráfico de drogas;2012;2.555
MADRID (COMUNIDAD DE);6.1.-Tráfico de drogas;2011;2.788
MADRID (COMUNIDAD DE);6.1.-Tráfico de drogas;2010;2.796
MADRID (COMUNIDAD DE);6.2.-Contra la seguridad vial;2023;4.668
MADRID (COMUNIDAD DE);6.2.-Contra la seguridad vial;2022;4.739
MADRID (COMUNIDAD DE);6.2.-Contra la seguridad vial;2021;4.096
MADRID (COMUNIDAD DE);6.2.-Contra la seguridad vial;2020;3.586
MADRID (COMUNIDAD DE);6.2.-Contra la seguridad vial;2019;4.188
MADRID (COMUNIDAD DE);6.2.-Contra la seguridad vial;2018;3.591
MADRID (COMUNIDAD DE);6.2.-Contra la seguridad vial;2017;3.253
MADRID (COMUNIDAD DE);6.2.-Contra la seguridad vial;2016;3.448
MADRID (COMUNIDAD DE);6.2.-Contra la seguridad vial;2015;3.771
MADRID (COMUNIDAD DE);6.2.-Contra la seguridad vial;2014;4.652
MADRID (COMUNIDAD DE);6.2.-Contra la seguridad vial;2013;5.107
MADRID (COMUNIDAD DE);6.2.-Contra la seguridad vial;2012;5.014
MADRID (COMUNIDAD DE);6.2.-Contra la seguridad vial;2011;5.292
MADRID (COMUNIDAD DE);6.2.-Contra la seguridad vial;2010;4.113
MADRID (COMUNIDAD DE);6.3.-Otros contra la seguridad colectiva;2023;236
MADRID (COMUNIDAD DE);6.3.-Otros contra la seguridad colectiva;2022;228
MADRID (COMUNIDAD DE);6.3.-Otros contra la seguridad colectiva;2021;137
MADRID (COMUNIDAD DE);6.3.-Otros contra la seguridad colectiva;2020;211
MADRID (COMUNIDAD DE);6.3.-Otros contra la seguridad colectiva;2019;200
MADRID (COMUNIDAD DE);6.3.-Otros contra la seguridad colectiva;2018;409
MADRID (COMUNIDAD DE);6.3.-Otros contra la seguridad colectiva;2017;333
MADRID (COMUNIDAD DE);6.3.-Otros contra la seguridad colectiva;2016;273
MADRID (COMUNIDAD DE);6.3.-Otros contra la seguridad colectiva;2015;281
MADRID (COMUNIDAD DE);6.3.-Otros contra la seguridad colectiva;2014;311
MADRID (COMUNIDAD DE);6.3.-Otros contra la seguridad colectiva;2013;313
MADRID (COMUNIDAD DE);6.3.-Otros contra la seguridad colectiva;2012;340
MADRID (COMUNIDAD DE);6.3.-Otros contra la seguridad colectiva;2011;281
MADRID (COMUNIDAD DE);6.3.-Otros contra la seguridad colectiva;2010;213
MADRID (COMUNIDAD DE);7. FALSEDADES;2023;2.725
MADRID (COMUNIDAD DE);7. FALSEDADES;2022;2.333
MADRID (COMUNIDAD DE);7. FALSEDADES;2021;1.984
MADRID (COMUNIDAD DE);7. FALSEDADES;2020;1.564
MADRID (COMUNIDAD DE);7. FALSEDADES;2019;1.898
MADRID (COMUNIDAD DE);7. FALSEDADES;2018;1.793
MADRID (COMUNIDAD DE);7. FALSEDADES;2017;1.523
MADRID (COMUNIDAD DE);7. FALSEDADES;2016;1.277
MADRID (COMUNIDAD DE);7. FALSEDADES;2015;1.481
MADRID (COMUNIDAD DE);7. FALSEDADES;2014;1.739
MADRID (COMUNIDAD DE);7. FALSEDADES;2013;1.408
MADRID (COMUNIDAD DE);7. FALSEDADES;2012;1.377
MADRID (COMUNIDAD DE);7. FALSEDADES;2011;1.585
MADRID (COMUNIDAD DE);7. FALSEDADES;2010;1.678
MADRID (COMUNIDAD DE);8. ADMÓN. PÚBLICA;2023;40
MADRID (COMUNIDAD DE);8. ADMÓN. PÚBLICA;2022;33
MADRID (COMUNIDAD DE);8. ADMÓN. PÚBLICA;2021;61
MADRID (COMUNIDAD DE);8. ADMÓN. PÚBLICA;2020;21
MADRID (COMUNIDAD DE);8. ADMÓN. PÚBLICA;2019;72
MADRID (COMUNIDAD DE);8. ADMÓN. PÚBLICA;2018;180
MADRID (COMUNIDAD DE);8. ADMÓN. PÚBLICA;2017;61
MADRID (COMUNIDAD DE);8. ADMÓN. PÚBLICA;2016;106
MADRID (COMUNIDAD DE);8. ADMÓN. PÚBLICA;2015;91
MADRID (COMUNIDAD DE);8. ADMÓN. PÚBLICA;2014;76
MADRID (COMUNIDAD DE);8. ADMÓN. PÚBLICA;2013;37
MADRID (COMUNIDAD DE);8. ADMÓN. PÚBLICA;2012;27
MADRID (COMUNIDAD DE);8. ADMÓN. PÚBLICA;2011;32
MADRID (COMUNIDAD DE);8. ADMÓN. PÚBLICA;2010;28
MADRID (COMUNIDAD DE);9. ADMÓN. JUSTICIA;2023;4.133
MADRID (COMUNIDAD DE);9. ADMÓN. JUSTICIA;2022;3.832
MADRID (COMUNIDAD DE);9. ADMÓN. JUSTICIA;2021;3.650
MADRID (COMUNIDAD DE);9. ADMÓN. JUSTICIA;2020;3.246
MADRID (COMUNIDAD DE);9. ADMÓN. JUSTICIA;2019;3.199
MADRID (COMUNIDAD DE);9. ADMÓN. JUSTICIA;2018;2.944
MADRID (COMUNIDAD DE);9. ADMÓN. JUSTICIA;2017;3.020
MADRID (COMUNIDAD DE);9. ADMÓN. JUSTICIA;2016;2.739
MADRID (COMUNIDAD DE);9. ADMÓN. JUSTICIA;2015;2.609
MADRID (COMUNIDAD DE);9. ADMÓN. JUSTICIA;2014;2.716
MADRID (COMUNIDAD DE);9. ADMÓN. JUSTICIA;2013;2.928
MADRID (COMUNIDAD DE);9. ADMÓN. JUSTICIA;2012;3.182
MADRID (COMUNIDAD DE);9. ADMÓN. JUSTICIA;2011;3.473
MADRID (COMUNIDAD DE);9. ADMÓN. JUSTICIA;2010;2.861
MADRID (COMUNIDAD DE);10. ORDEN PÚBLICO;2023;5.611
MADRID (COMUNIDAD DE);10. ORDEN PÚBLICO;2022;5.162
MADRID (COMUNIDAD DE);10. ORDEN PÚBLICO;2021;5.668
MADRID (COMUNIDAD DE);10. ORDEN PÚBLICO;2020;5.467
MADRID (COMUNIDAD DE);10. ORDEN PÚBLICO;2019;3.724
MADRID (COMUNIDAD DE);10. ORDEN PÚBLICO;2018;3.500
MADRID (COMUNIDAD DE);10. ORDEN PÚBLICO;2017;3.561
MADRID (COMUNIDAD DE);10. ORDEN PÚBLICO;2016;3.340
MADRID (COMUNIDAD DE);10. ORDEN PÚBLICO;2015;3.667
MADRID (COMUNIDAD DE);10. ORDEN PÚBLICO;2014;4.285
MADRID (COMUNIDAD DE);10. ORDEN PÚBLICO;2013;4.671
MADRID (COMUNIDAD DE);10. ORDEN PÚBLICO;2012;4.978
MADRID (COMUNIDAD DE);10. ORDEN PÚBLICO;2011;5.134
MADRID (COMUNIDAD DE);10. ORDEN PÚBLICO;2010;4.255
MADRID (COMUNIDAD DE);11. LEGISLACIÓN ESPECIAL;2023;61
MADRID (COMUNIDAD DE);11. LEGISLACIÓN ESPECIAL;2022;17
MADRID (COMUNIDAD DE);11. LEGISLACIÓN ESPECIAL;2021;38
MADRID (COMUNIDAD DE);11. LEGISLACIÓN ESPECIAL;2020;32
MADRID (COMUNIDAD DE);11. LEGISLACIÓN ESPECIAL;2019;36
MADRID (COMUNIDAD DE);11. LEGISLACIÓN ESPECIAL;2018;23
MADRID (COMUNIDAD DE);11. LEGISLACIÓN ESPECIAL;2017;39
MADRID (COMUNIDAD DE);11. LEGISLACIÓN ESPECIAL;2016;25
MADRID (COMUNIDAD DE);11. LEGISLACIÓN ESPECIAL;2015;28
MADRID (COMUNIDAD DE);11. LEGISLACIÓN ESPECIAL;2014;15
MADRID (COMUNIDAD DE);11. LEGISLACIÓN ESPECIAL;2013;24
MADRID (COMUNIDAD DE);11. LEGISLACIÓN ESPECIAL;2012;14
MADRID (COMUNIDAD DE);11. LEGISLACIÓN ESPECIAL;2011;11
MADRID (COMUNIDAD DE);11. LEGISLACIÓN ESPECIAL;2010;1
MADRID (COMUNIDAD DE);12. OTRAS INFRACCIONES PENALES;2023;744
MADRID (COMUNIDAD DE);12. OTRAS INFRACCIONES PENALES;2022;622
MADRID (COMUNIDAD DE);12. OTRAS INFRACCIONES PENALES;2021;546
MADRID (COMUNIDAD DE);12. OTRAS INFRACCIONES PENALES;2020;480
MADRID (COMUNIDAD DE);12. OTRAS INFRACCIONES PENALES;2019;608
MADRID (COMUNIDAD DE);12. OTRAS INFRACCIONES PENALES;2018;635
MADRID (COMUNIDAD DE);12. OTRAS INFRACCIONES PENALES;2017;488
MADRID (COMUNIDAD DE);12. OTRAS INFRACCIONES PENALES;2016;691
MADRID (COMUNIDAD DE);12. OTRAS INFRACCIONES PENALES;2015;610
MADRID (COMUNIDAD DE);12. OTRAS INFRACCIONES PENALES;2014;662
MADRID (COMUNIDAD DE);12. OTRAS INFRACCIONES PENALES;2013;585
MADRID (COMUNIDAD DE);12. OTRAS INFRACCIONES PENALES;2012;589
MADRID (COMUNIDAD DE);12. OTRAS INFRACCIONES PENALES;2011;620
MADRID (COMUNIDAD DE);12. OTRAS INFRACCIONES PENALES;2010;616
MADRID (COMUNIDAD DE);TOTAL INFRACCIONES PENALES;2023;94.139
MADRID (COMUNIDAD DE);TOTAL INFRACCIONES PENALES;2022;84.064
MADRID (COMUNIDAD DE);TOTAL INFRACCIONES PENALES;2021;73.429
MADRID (COMUNIDAD DE);TOTAL INFRACCIONES PENALES;2020;65.786
MADRID (COMUNIDAD DE);TOTAL INFRACCIONES PENALES;2019;73.308
MADRID (COMUNIDAD DE);TOTAL INFRACCIONES PENALES;2018;67.571
MADRID (COMUNIDAD DE);TOTAL INFRACCIONES PENALES;2017;64.799
MADRID (COMUNIDAD DE);TOTAL INFRACCIONES PENALES;2016;61.501
MADRID (COMUNIDAD DE);TOTAL INFRACCIONES PENALES;2015;57.806
MADRID (COMUNIDAD DE);TOTAL INFRACCIONES PENALES;2014;67.774
MADRID (COMUNIDAD DE);TOTAL INFRACCIONES PENALES;2013;68.063
MADRID (COMUNIDAD DE);TOTAL INFRACCIONES PENALES;2012;70.130
MADRID (COMUNIDAD DE);TOTAL INFRACCIONES PENALES;2011;69.819
MADRID (COMUNIDAD DE);TOTAL INFRACCIONES PENALES;2010;56.496
MURCIA (REGIÓN DE);1. CONTRA LAS PERSONAS;2023;5.997
MURCIA (REGIÓN DE);1. CONTRA LAS PERSONAS;2022;4.956
MURCIA (REGIÓN DE);1. CONTRA LAS PERSONAS;2021;4.371
MURCIA (REGIÓN DE);1. CONTRA LAS PERSONAS;2020;3.809
MURCIA (REGIÓN DE);1. CONTRA LAS PERSONAS;2019;4.360
MURCIA (REGIÓN DE);1. CONTRA LAS PERSONAS;2018;4.175
MURCIA (REGIÓN DE);1. CONTRA LAS PERSONAS;2017;4.104
MURCIA (REGIÓN DE);1. CONTRA LAS PERSONAS;2016;3.778
MURCIA (REGIÓN DE);1. CONTRA LAS PERSONAS;2015;4.222
MURCIA (REGIÓN DE);1. CONTRA LAS PERSONAS;2014;4.621
MURCIA (REGIÓN DE);1. CONTRA LAS PERSONAS;2013;4.168
MURCIA (REGIÓN DE);1. CONTRA LAS PERSONAS;2012;4.597
MURCIA (REGIÓN DE);1. CONTRA LAS PERSONAS;2011;4.559
MURCIA (REGIÓN DE);1. CONTRA LAS PERSONAS;2010;2.936
MURCIA (REGIÓN DE);1.1.-Homicidios dolosos/asesinatos;2023;106
MURCIA (REGIÓN DE);1.1.-Homicidios dolosos/asesinatos;2022;74
MURCIA (REGIÓN DE);1.1.-Homicidios dolosos/asesinatos;2021;59
MURCIA (REGIÓN DE);1.1.-Homicidios dolosos/asesinatos;2020;52
MURCIA (REGIÓN DE);1.1.-Homicidios dolosos/asesinatos;2019;43
MURCIA (REGIÓN DE);1.1.-Homicidios dolosos/asesinatos;2018;43
MURCIA (REGIÓN DE);1.1.-Homicidios dolosos/asesinatos;2017;54
MURCIA (REGIÓN DE);1.1.-Homicidios dolosos/asesinatos;2016;38
MURCIA (REGIÓN DE);1.1.-Homicidios dolosos/asesinatos;2015;50
MURCIA (REGIÓN DE);1.1.-Homicidios dolosos/asesinatos;2014;55
MURCIA (REGIÓN DE);1.1.-Homicidios dolosos/asesinatos;2013;34
MURCIA (REGIÓN DE);1.1.-Homicidios dolosos/asesinatos;2012;49
MURCIA (REGIÓN DE);1.1.-Homicidios dolosos/asesinatos;2011;34
MURCIA (REGIÓN DE);1.1.-Homicidios dolosos/asesinatos;2010;48
MURCIA (REGIÓN DE);1.1.1.-Homicidios dolosos/asesinatos consumados;2023;19
MURCIA (REGIÓN DE);1.1.1.-Homicidios dolosos/asesinatos consumados;2022;17
MURCIA (REGIÓN DE);1.1.1.-Homicidios dolosos/asesinatos consumados;2021;17
MURCIA (REGIÓN DE);1.1.1.-Homicidios dolosos/asesinatos consumados;2020;13
MURCIA (REGIÓN DE);1.1.1.-Homicidios dolosos/asesinatos consumados;2019;22
MURCIA (REGIÓN DE);1.1.1.-Homicidios dolosos/asesinatos consumados;2018;20
MURCIA (REGIÓN DE);1.1.1.-Homicidios dolosos/asesinatos consumados;2017;17
MURCIA (REGIÓN DE);1.1.1.-Homicidios dolosos/asesinatos consumados;2016;15
MURCIA (REGIÓN DE);1.1.1.-Homicidios dolosos/asesinatos consumados;2015;22
MURCIA (REGIÓN DE);1.1.1.-Homicidios dolosos/asesinatos consumados;2014;16
MURCIA (REGIÓN DE);1.1.1.-Homicidios dolosos/asesinatos consumados;2013;10
MURCIA (REGIÓN DE);1.1.1.-Homicidios dolosos/asesinatos consumados;2012;21
MURCIA (REGIÓN DE);1.1.1.-Homicidios dolosos/asesinatos consumados;2011;6
MURCIA (REGIÓN DE);1.1.1.-Homicidios dolosos/asesinatos consumados;2010;17
MURCIA (REGIÓN DE);1.2.-Lesiones;2023;2.338
MURCIA (REGIÓN DE);1.2.-Lesiones;2022;2.039
MURCIA (REGIÓN DE);1.2.-Lesiones;2021;1.666
MURCIA (REGIÓN DE);1.2.-Lesiones;2020;1.492
MURCIA (REGIÓN DE);1.2.-Lesiones;2019;1.883
MURCIA (REGIÓN DE);1.2.-Lesiones;2018;1.751
MURCIA (REGIÓN DE);1.2.-Lesiones;2017;1.713
MURCIA (REGIÓN DE);1.2.-Lesiones;2016;1.457
MURCIA (REGIÓN DE);1.2.-Lesiones;2015;1.451
MURCIA (REGIÓN DE);1.2.-Lesiones;2014;1.509
MURCIA (REGIÓN DE);1.2.-Lesiones;2013;1.271
MURCIA (REGIÓN DE);1.2.-Lesiones;2012;1.338
MURCIA (REGIÓN DE);1.2.-Lesiones;2011;1.345
MURCIA (REGIÓN DE);1.2.-Lesiones;2010;650
MURCIA (REGIÓN DE);1.3.-Malos tratos ámbito familiar;2023;3.403
MURCIA (REGIÓN DE);1.3.-Malos tratos ámbito familiar;2022;2.738
MURCIA (REGIÓN DE);1.3.-Malos tratos ámbito familiar;2021;2.588
MURCIA (REGIÓN DE);1.3.-Malos tratos ámbito familiar;2020;2.197
MURCIA (REGIÓN DE);1.3.-Malos tratos ámbito familiar;2019;2.358
MURCIA (REGIÓN DE);1.3.-Malos tratos ámbito familiar;2018;2.327
MURCIA (REGIÓN DE);1.3.-Malos tratos ámbito familiar;2017;2.303
MURCIA (REGIÓN DE);1.3.-Malos tratos ámbito familiar;2016;2.225
MURCIA (REGIÓN DE);1.3.-Malos tratos ámbito familiar;2015;2.245
MURCIA (REGIÓN DE);1.3.-Malos tratos ámbito familiar;2014;2.233
MURCIA (REGIÓN DE);1.3.-Malos tratos ámbito familiar;2013;2.157
MURCIA (REGIÓN DE);1.3.-Malos tratos ámbito familiar;2012;2.291
MURCIA (REGIÓN DE);1.3.-Malos tratos ámbito familiar;2011;2.336
MURCIA (REGIÓN DE);1.3.-Malos tratos ámbito familiar;2010;2.156
MURCIA (REGIÓN DE);1.4.-Otros contra las personas;2023;150
MURCIA (REGIÓN DE);1.4.-Otros contra las personas;2022;105
MURCIA (REGIÓN DE);1.4.-Otros contra las personas;2021;58
MURCIA (REGIÓN DE);1.4.-Otros contra las personas;2020;68
MURCIA (REGIÓN DE);1.4.-Otros contra las personas;2019;76
MURCIA (REGIÓN DE);1.4.-Otros contra las personas;2018;54
MURCIA (REGIÓN DE);1.4.-Otros contra las personas;2017;34
MURCIA (REGIÓN DE);1.4.-Otros contra las personas;2016;58
MURCIA (REGIÓN DE);1.4.-Otros contra las personas;2015;476
MURCIA (REGIÓN DE);1.4.-Otros contra las personas;2014;824
MURCIA (REGIÓN DE);1.4.-Otros contra las personas;2013;706
MURCIA (REGIÓN DE);1.4.-Otros contra las personas;2012;919
MURCIA (REGIÓN DE);1.4.-Otros contra las personas;2011;844
MURCIA (REGIÓN DE);1.4.-Otros contra las personas;2010;82
MURCIA (REGIÓN DE);2. CONTRA LA LIBERTAD;2023;2.693
MURCIA (REGIÓN DE);2. CONTRA LA LIBERTAD;2022;2.200
MURCIA (REGIÓN DE);2. CONTRA LA LIBERTAD;2021;1.982
MURCIA (REGIÓN DE);2. CONTRA LA LIBERTAD;2020;1.825
MURCIA (REGIÓN DE);2. CONTRA LA LIBERTAD;2019;1.993
MURCIA (REGIÓN DE);2. CONTRA LA LIBERTAD;2018;1.805
MURCIA (REGIÓN DE);2. CONTRA LA LIBERTAD;2017;1.597
MURCIA (REGIÓN DE);2. CONTRA LA LIBERTAD;2016;1.409
MURCIA (REGIÓN DE);2. CONTRA LA LIBERTAD;2015;1.294
MURCIA (REGIÓN DE);2. CONTRA LA LIBERTAD;2014;994
MURCIA (REGIÓN DE);2. CONTRA LA LIBERTAD;2013;1.023
MURCIA (REGIÓN DE);2. CONTRA LA LIBERTAD;2012;1.061
MURCIA (REGIÓN DE);2. CONTRA LA LIBERTAD;2011;1.109
MURCIA (REGIÓN DE);2. CONTRA LA LIBERTAD;2010;951
MURCIA (REGIÓN DE);2.1.-Malos tratos habituales en el ámbito familiar;2023;326
MURCIA (REGIÓN DE);2.1.-Malos tratos habituales en el ámbito familiar;2022;289
MURCIA (REGIÓN DE);2.1.-Malos tratos habituales en el ámbito familiar;2021;303
MURCIA (REGIÓN DE);2.1.-Malos tratos habituales en el ámbito familiar;2020;324
MURCIA (REGIÓN DE);2.1.-Malos tratos habituales en el ámbito familiar;2019;322
MURCIA (REGIÓN DE);2.1.-Malos tratos habituales en el ámbito familiar;2018;299
MURCIA (REGIÓN DE);2.1.-Malos tratos habituales en el ámbito familiar;2017;277
MURCIA (REGIÓN DE);2.1.-Malos tratos habituales en el ámbito familiar;2016;265
MURCIA (REGIÓN DE);2.1.-Malos tratos habituales en el ámbito familiar;2015;303
MURCIA (REGIÓN DE);2.1.-Malos tratos habituales en el ámbito familiar;2014;286
MURCIA (REGIÓN DE);2.1.-Malos tratos habituales en el ámbito familiar;2013;275
MURCIA (REGIÓN DE);2.1.-Malos tratos habituales en el ámbito familiar;2012;292
MURCIA (REGIÓN DE);2.1.-Malos tratos habituales en el ámbito familiar;2011;345
MURCIA (REGIÓN DE);2.1.-Malos tratos habituales en el ámbito familiar;2010;353
MURCIA (REGIÓN DE);2.2.-Otros contra la libertad;2023;2.367
MURCIA (REGIÓN DE);2.2.-Otros contra la libertad;2022;1.911
MURCIA (REGIÓN DE);2.2.-Otros contra la libertad;2021;1.679
MURCIA (REGIÓN DE);2.2.-Otros contra la libertad;2020;1.501
MURCIA (REGIÓN DE);2.2.-Otros contra la libertad;2019;1.671
MURCIA (REGIÓN DE);2.2.-Otros contra la libertad;2018;1.506
MURCIA (REGIÓN DE);2.2.-Otros contra la libertad;2017;1.320
MURCIA (REGIÓN DE);2.2.-Otros contra la libertad;2016;1.144
MURCIA (REGIÓN DE);2.2.-Otros contra la libertad;2015;991
MURCIA (REGIÓN DE);2.2.-Otros contra la libertad;2014;708
MURCIA (REGIÓN DE);2.2.-Otros contra la libertad;2013;748
MURCIA (REGIÓN DE);2.2.-Otros contra la libertad;2012;769
MURCIA (REGIÓN DE);2.2.-Otros contra la libertad;2011;764
MURCIA (REGIÓN DE);2.2.-Otros contra la libertad;2010;598
MURCIA (REGIÓN DE);3. LIBERTAD SEXUAL;2023;518
MURCIA (REGIÓN DE);3. LIBERTAD SEXUAL;2022;427
MURCIA (REGIÓN DE);3. LIBERTAD SEXUAL;2021;460
MURCIA (REGIÓN DE);3. LIBERTAD SEXUAL;2020;337
MURCIA (REGIÓN DE);3. LIBERTAD SEXUAL;2019;429
MURCIA (REGIÓN DE);3. LIBERTAD SEXUAL;2018;385
MURCIA (REGIÓN DE);3. LIBERTAD SEXUAL;2017;297
MURCIA (REGIÓN DE);3. LIBERTAD SEXUAL;2016;292
MURCIA (REGIÓN DE);3. LIBERTAD SEXUAL;2015;326
MURCIA (REGIÓN DE);3. LIBERTAD SEXUAL;2014;375
MURCIA (REGIÓN DE);3. LIBERTAD SEXUAL;2013;246
MURCIA (REGIÓN DE);3. LIBERTAD SEXUAL;2012;252
MURCIA (REGIÓN DE);3. LIBERTAD SEXUAL;2011;269
MURCIA (REGIÓN DE);3. LIBERTAD SEXUAL;2010;259
MURCIA (REGIÓN DE);3.1.-Agresión sexual;2023;339
MURCIA (REGIÓN DE);3.1.-Agresión sexual;2022;297
MURCIA (REGIÓN DE);3.1.-Agresión sexual;2021;304
MURCIA (REGIÓN DE);3.1.-Agresión sexual;2020;214
MURCIA (REGIÓN DE);3.1.-Agresión sexual;2019;272
MURCIA (REGIÓN DE);3.1.-Agresión sexual;2018;247
MURCIA (REGIÓN DE);3.1.-Agresión sexual;2017;174
MURCIA (REGIÓN DE);3.1.-Agresión sexual;2016;160
MURCIA (REGIÓN DE);3.1.-Agresión sexual;2015;152
MURCIA (REGIÓN DE);3.1.-Agresión sexual;2014;157
MURCIA (REGIÓN DE);3.1.-Agresión sexual;2013;124
MURCIA (REGIÓN DE);3.1.-Agresión sexual;2012;123
MURCIA (REGIÓN DE);3.1.-Agresión sexual;2011;147
MURCIA (REGIÓN DE);3.1.-Agresión sexual;2010;111
MURCIA (REGIÓN DE);3.2.-Agresión sexual con penetración;2023;84
MURCIA (REGIÓN DE);3.2.-Agresión sexual con penetración;2022;80
MURCIA (REGIÓN DE);3.2.-Agresión sexual con penetración;2021;84
MURCIA (REGIÓN DE);3.2.-Agresión sexual con penetración;2020;70
MURCIA (REGIÓN DE);3.2.-Agresión sexual con penetración;2019;67
MURCIA (REGIÓN DE);3.2.-Agresión sexual con penetración;2018;59
MURCIA (REGIÓN DE);3.2.-Agresión sexual con penetración;2017;42
MURCIA (REGIÓN DE);3.2.-Agresión sexual con penetración;2016;42
MURCIA (REGIÓN DE);3.2.-Agresión sexual con penetración;2015;50
MURCIA (REGIÓN DE);3.2.-Agresión sexual con penetración;2014;54
MURCIA (REGIÓN DE);3.2.-Agresión sexual con penetración;2013;50
MURCIA (REGIÓN DE);3.2.-Agresión sexual con penetración;2012;55
MURCIA (REGIÓN DE);3.2.-Agresión sexual con penetración;2011;55
MURCIA (REGIÓN DE);3.2.-Agresión sexual con penetración;2010;56
MURCIA (REGIÓN DE);3.3.-Corrupción de menores o incapacitados;2023;13
MURCIA (REGIÓN DE);3.3.-Corrupción de menores o incapacitados;2022;5
MURCIA (REGIÓN DE);3.3.-Corrupción de menores o incapacitados;2021;11
MURCIA (REGIÓN DE);3.3.-Corrupción de menores o incapacitados;2020;6
MURCIA (REGIÓN DE);3.3.-Corrupción de menores o incapacitados;2019;10
MURCIA (REGIÓN DE);3.3.-Corrupción de menores o incapacitados;2018;12
MURCIA (REGIÓN DE);3.3.-Corrupción de menores o incapacitados;2017;5
MURCIA (REGIÓN DE);3.3.-Corrupción de menores o incapacitados;2016;18
MURCIA (REGIÓN DE);3.3.-Corrupción de menores o incapacitados;2015;16
MURCIA (REGIÓN DE);3.3.-Corrupción de menores o incapacitados;2014;45
MURCIA (REGIÓN DE);3.3.-Corrupción de menores o incapacitados;2013;3
MURCIA (REGIÓN DE);3.3.-Corrupción de menores o incapacitados;2012;4
MURCIA (REGIÓN DE);3.3.-Corrupción de menores o incapacitados;2011;3
MURCIA (REGIÓN DE);3.3.-Corrupción de menores o incapacitados;2010;16
MURCIA (REGIÓN DE);3.4.-Pornografía de menores;2023;22
MURCIA (REGIÓN DE);3.4.-Pornografía de menores;2022;14
MURCIA (REGIÓN DE);3.4.-Pornografía de menores;2021;16
MURCIA (REGIÓN DE);3.4.-Pornografía de menores;2020;11
MURCIA (REGIÓN DE);3.4.-Pornografía de menores;2019;29
MURCIA (REGIÓN DE);3.4.-Pornografía de menores;2018;21
MURCIA (REGIÓN DE);3.4.-Pornografía de menores;2017;8
MURCIA (REGIÓN DE);3.4.-Pornografía de menores;2016;14
MURCIA (REGIÓN DE);3.4.-Pornografía de menores;2015;17
MURCIA (REGIÓN DE);3.4.-Pornografía de menores;2014;22
MURCIA (REGIÓN DE);3.4.-Pornografía de menores;2013;6
MURCIA (REGIÓN DE);3.4.-Pornografía de menores;2012;12
MURCIA (REGIÓN DE);3.4.-Pornografía de menores;2011;11
MURCIA (REGIÓN DE);3.4.-Pornografía de menores;2010;14
MURCIA (REGIÓN DE);3.5.-Otros contra la libertad sexual;2023;60
MURCIA (REGIÓN DE);3.5.-Otros contra la libertad sexual;2022;31
MURCIA (REGIÓN DE);3.5.-Otros contra la libertad sexual;2021;45
MURCIA (REGIÓN DE);3.5.-Otros contra la libertad sexual;2020;36
MURCIA (REGIÓN DE);3.5.-Otros contra la libertad sexual;2019;51
MURCIA (REGIÓN DE);3.5.-Otros contra la libertad sexual;2018;46
MURCIA (REGIÓN DE);3.5.-Otros contra la libertad sexual;2017;68
MURCIA (REGIÓN DE);3.5.-Otros contra la libertad sexual;2016;58
MURCIA (REGIÓN DE);3.5.-Otros contra la libertad sexual;2015;91
MURCIA (REGIÓN DE);3.5.-Otros contra la libertad sexual;2014;97
MURCIA (REGIÓN DE);3.5.-Otros contra la libertad sexual;2013;63
MURCIA (REGIÓN DE);3.5.-Otros contra la libertad sexual;2012;58
MURCIA (REGIÓN DE);3.5.-Otros contra la libertad sexual;2011;53
MURCIA (REGIÓN DE);3.5.-Otros contra la libertad sexual;2010;62
MURCIA (REGIÓN DE);4. RELACIONES FAMILIARES;2023;245
MURCIA (REGIÓN DE);4. RELACIONES FAMILIARES;2022;228
MURCIA (REGIÓN DE);4. RELACIONES FAMILIARES;2021;222
MURCIA (REGIÓN DE);4. RELACIONES FAMILIARES;2020;226
MURCIA (REGIÓN DE);4. RELACIONES FAMILIARES;2019;229
MURCIA (REGIÓN DE);4. RELACIONES FAMILIARES;2018;297
MURCIA (REGIÓN DE);4. RELACIONES FAMILIARES;2017;289
MURCIA (REGIÓN DE);4. RELACIONES FAMILIARES;2016;248
MURCIA (REGIÓN DE);4. RELACIONES FAMILIARES;2015;326
MURCIA (REGIÓN DE);4. RELACIONES FAMILIARES;2014;335
MURCIA (REGIÓN DE);4. RELACIONES FAMILIARES;2013;282
MURCIA (REGIÓN DE);4. RELACIONES FAMILIARES;2012;326
MURCIA (REGIÓN DE);4. RELACIONES FAMILIARES;2011;268
MURCIA (REGIÓN DE);4. RELACIONES FAMILIARES;2010;167
MURCIA (REGIÓN DE);5. PATRIMONIO;2023;6.175
MURCIA (REGIÓN DE);5. PATRIMONIO;2022;5.258
MURCIA (REGIÓN DE);5. PATRIMONIO;2021;4.109
MURCIA (REGIÓN DE);5. PATRIMONIO;2020;3.966
MURCIA (REGIÓN DE);5. PATRIMONIO;2019;4.524
MURCIA (REGIÓN DE);5. PATRIMONIO;2018;4.723
MURCIA (REGIÓN DE);5. PATRIMONIO;2017;4.354
MURCIA (REGIÓN DE);5. PATRIMONIO;2016;5.028
MURCIA (REGIÓN DE);5. PATRIMONIO;2015;5.612
MURCIA (REGIÓN DE);5. PATRIMONIO;2014;6.481
MURCIA (REGIÓN DE);5. PATRIMONIO;2013;6.935
MURCIA (REGIÓN DE);5. PATRIMONIO;2012;6.421
MURCIA (REGIÓN DE);5. PATRIMONIO;2011;6.223
MURCIA (REGIÓN DE);5. PATRIMONIO;2010;4.848
MURCIA (REGIÓN DE);5.1.-Hurtos;2023;1.819
MURCIA (REGIÓN DE);5.1.-Hurtos;2022;1.406
MURCIA (REGIÓN DE);5.1.-Hurtos;2021;942
MURCIA (REGIÓN DE);5.1.-Hurtos;2020;890
MURCIA (REGIÓN DE);5.1.-Hurtos;2019;1.246
MURCIA (REGIÓN DE);5.1.-Hurtos;2018;1.364
MURCIA (REGIÓN DE);5.1.-Hurtos;2017;1.304
MURCIA (REGIÓN DE);5.1.-Hurtos;2016;1.744
MURCIA (REGIÓN DE);5.1.-Hurtos;2015;1.973
MURCIA (REGIÓN DE);5.1.-Hurtos;2014;2.333
MURCIA (REGIÓN DE);5.1.-Hurtos;2013;2.411
MURCIA (REGIÓN DE);5.1.-Hurtos;2012;2.148
MURCIA (REGIÓN DE);5.1.-Hurtos;2011;1.949
MURCIA (REGIÓN DE);5.1.-Hurtos;2010;861
MURCIA (REGIÓN DE);5.2.-Robos con fuerza en las cosas;2023;1.441
MURCIA (REGIÓN DE);5.2.-Robos con fuerza en las cosas;2022;1.282
MURCIA (REGIÓN DE);5.2.-Robos con fuerza en las cosas;2021;1.087
MURCIA (REGIÓN DE);5.2.-Robos con fuerza en las cosas;2020;1.055
MURCIA (REGIÓN DE);5.2.-Robos con fuerza en las cosas;2019;1.153
MURCIA (REGIÓN DE);5.2.-Robos con fuerza en las cosas;2018;1.295
MURCIA (REGIÓN DE);5.2.-Robos con fuerza en las cosas;2017;1.241
MURCIA (REGIÓN DE);5.2.-Robos con fuerza en las cosas;2016;1.348
MURCIA (REGIÓN DE);5.2.-Robos con fuerza en las cosas;2015;1.582
MURCIA (REGIÓN DE);5.2.-Robos con fuerza en las cosas;2014;1.822
MURCIA (REGIÓN DE);5.2.-Robos con fuerza en las cosas;2013;2.302
MURCIA (REGIÓN DE);5.2.-Robos con fuerza en las cosas;2012;2.040
MURCIA (REGIÓN DE);5.2.-Robos con fuerza en las cosas;2011;2.126
MURCIA (REGIÓN DE);5.2.-Robos con fuerza en las cosas;2010;2.085
MURCIA (REGIÓN DE);5.2.1.-Robos con fuerza en las cosas en el interior de vehículos;2023;309
MURCIA (REGIÓN DE);5.2.1.-Robos con fuerza en las cosas en el interior de vehículos;2022;234
MURCIA (REGIÓN DE);5.2.1.-Robos con fuerza en las cosas en el interior de vehículos;2021;202
MURCIA (REGIÓN DE);5.2.1.-Robos con fuerza en las cosas en el interior de vehículos;2020;163
MURCIA (REGIÓN DE);5.2.1.-Robos con fuerza en las cosas en el interior de vehículos;2019;173
MURCIA (REGIÓN DE);5.2.1.-Robos con fuerza en las cosas en el interior de vehículos;2018;218
MURCIA (REGIÓN DE);5.2.1.-Robos con fuerza en las cosas en el interior de vehículos;2017;211
MURCIA (REGIÓN DE);5.2.1.-Robos con fuerza en las cosas en el interior de vehículos;2016;253
MURCIA (REGIÓN DE);5.2.1.-Robos con fuerza en las cosas en el interior de vehículos;2015;227
MURCIA (REGIÓN DE);5.2.1.-Robos con fuerza en las cosas en el interior de vehículos;2014;253
MURCIA (REGIÓN DE);5.2.1.-Robos con fuerza en las cosas en el interior de vehículos;2013;305
MURCIA (REGIÓN DE);5.2.1.-Robos con fuerza en las cosas en el interior de vehículos;2012;323
MURCIA (REGIÓN DE);5.2.1.-Robos con fuerza en las cosas en el interior de vehículos;2011;357
MURCIA (REGIÓN DE);5.2.1.-Robos con fuerza en las cosas en el interior de vehículos;2010;201
MURCIA (REGIÓN DE);5.2.2.-Robos con fuerza en viviendas;2023;460
MURCIA (REGIÓN DE);5.2.2.-Robos con fuerza en viviendas;2022;471
MURCIA (REGIÓN DE);5.2.2.-Robos con fuerza en viviendas;2021;433
MURCIA (REGIÓN DE);5.2.2.-Robos con fuerza en viviendas;2020;486
MURCIA (REGIÓN DE);5.2.2.-Robos con fuerza en viviendas;2019;502
MURCIA (REGIÓN DE);5.2.2.-Robos con fuerza en viviendas;2018;574
MURCIA (REGIÓN DE);5.2.2.-Robos con fuerza en viviendas;2017;547
MURCIA (REGIÓN DE);5.2.2.-Robos con fuerza en viviendas;2016;569
MURCIA (REGIÓN DE);5.2.2.-Robos con fuerza en viviendas;2015;659
MURCIA (REGIÓN DE);5.2.2.-Robos con fuerza en viviendas;2014;752
MURCIA (REGIÓN DE);5.2.2.-Robos con fuerza en viviendas;2013;915
MURCIA (REGIÓN DE);5.2.2.-Robos con fuerza en viviendas;2012;713
MURCIA (REGIÓN DE);5.2.2.-Robos con fuerza en viviendas;2011;581
MURCIA (REGIÓN DE);5.2.2.-Robos con fuerza en viviendas;2010;656
MURCIA (REGIÓN DE);5.2.3.-Robos con fuerza en establecimientos;2023;343
MURCIA (REGIÓN DE);5.2.3.-Robos con fuerza en establecimientos;2022;272
MURCIA (REGIÓN DE);5.2.3.-Robos con fuerza en establecimientos;2021;252
MURCIA (REGIÓN DE);5.2.3.-Robos con fuerza en establecimientos;2020;214
MURCIA (REGIÓN DE);5.2.3.-Robos con fuerza en establecimientos;2019;209
MURCIA (REGIÓN DE);5.2.3.-Robos con fuerza en establecimientos;2018;199
MURCIA (REGIÓN DE);5.2.3.-Robos con fuerza en establecimientos;2017;204
MURCIA (REGIÓN DE);5.2.3.-Robos con fuerza en establecimientos;2016;245
MURCIA (REGIÓN DE);5.2.3.-Robos con fuerza en establecimientos;2015;317
MURCIA (REGIÓN DE);5.2.3.-Robos con fuerza en establecimientos;2014;261
MURCIA (REGIÓN DE);5.2.3.-Robos con fuerza en establecimientos;2013;398
MURCIA (REGIÓN DE);5.2.3.-Robos con fuerza en establecimientos;2012;328
MURCIA (REGIÓN DE);5.2.3.-Robos con fuerza en establecimientos;2011;358
MURCIA (REGIÓN DE);5.2.3.-Robos con fuerza en establecimientos;2010;337
MURCIA (REGIÓN DE);5.3.-Robos con violencia o intimidación;2023;922
MURCIA (REGIÓN DE);5.3.-Robos con violencia o intimidación;2022;874
MURCIA (REGIÓN DE);5.3.-Robos con violencia o intimidación;2021;545
MURCIA (REGIÓN DE);5.3.-Robos con violencia o intimidación;2020;535
MURCIA (REGIÓN DE);5.3.-Robos con violencia o intimidación;2019;591
MURCIA (REGIÓN DE);5.3.-Robos con violencia o intimidación;2018;512
MURCIA (REGIÓN DE);5.3.-Robos con violencia o intimidación;2017;489
MURCIA (REGIÓN DE);5.3.-Robos con violencia o intimidación;2016;533
MURCIA (REGIÓN DE);5.3.-Robos con violencia o intimidación;2015;525
MURCIA (REGIÓN DE);5.3.-Robos con violencia o intimidación;2014;611
MURCIA (REGIÓN DE);5.3.-Robos con violencia o intimidación;2013;727
MURCIA (REGIÓN DE);5.3.-Robos con violencia o intimidación;2012;737
MURCIA (REGIÓN DE);5.3.-Robos con violencia o intimidación;2011;778
MURCIA (REGIÓN DE);5.3.-Robos con violencia o intimidación;2010;700
MURCIA (REGIÓN DE);5.3.1.-Robos con violencia en vía pública;2023;486
MURCIA (REGIÓN DE);5.3.1.-Robos con violencia en vía pública;2022;487
MURCIA (REGIÓN DE);5.3.1.-Robos con violencia en vía pública;2021;305
MURCIA (REGIÓN DE);5.3.1.-Robos con violencia en vía pública;2020;277
MURCIA (REGIÓN DE);5.3.1.-Robos con violencia en vía pública;2019;269
MURCIA (REGIÓN DE);5.3.1.-Robos con violencia en vía pública;2018;308
MURCIA (REGIÓN DE);5.3.1.-Robos con violencia en vía pública;2017;287
MURCIA (REGIÓN DE);5.3.1.-Robos con violencia en vía pública;2016;307
MURCIA (REGIÓN DE);5.3.1.-Robos con violencia en vía pública;2015;309
MURCIA (REGIÓN DE);5.3.1.-Robos con violencia en vía pública;2014;370
MURCIA (REGIÓN DE);5.3.1.-Robos con violencia en vía pública;2013;414
MURCIA (REGIÓN DE);5.3.1.-Robos con violencia en vía pública;2012;438
MURCIA (REGIÓN DE);5.3.1.-Robos con violencia en vía pública;2011;401
MURCIA (REGIÓN DE);5.3.1.-Robos con violencia en vía pública;2010;446
MURCIA (REGIÓN DE);5.3.2.-Robos con violencia en viviendas;2023;86
MURCIA (REGIÓN DE);5.3.2.-Robos con violencia en viviendas;2022;63
MURCIA (REGIÓN DE);5.3.2.-Robos con violencia en viviendas;2021;35
MURCIA (REGIÓN DE);5.3.2.-Robos con violencia en viviendas;2020;82
MURCIA (REGIÓN DE);5.3.2.-Robos con violencia en viviendas;2019;72
MURCIA (REGIÓN DE);5.3.2.-Robos con violencia en viviendas;2018;59
MURCIA (REGIÓN DE);5.3.2.-Robos con violencia en viviendas;2017;48
MURCIA (REGIÓN DE);5.3.2.-Robos con violencia en viviendas;2016;57
MURCIA (REGIÓN DE);5.3.2.-Robos con violencia en viviendas;2015;48
MURCIA (REGIÓN DE);5.3.2.-Robos con violencia en viviendas;2014;76
MURCIA (REGIÓN DE);5.3.2.-Robos con violencia en viviendas;2013;69
MURCIA (REGIÓN DE);5.3.2.-Robos con violencia en viviendas;2012;87
MURCIA (REGIÓN DE);5.3.2.-Robos con violencia en viviendas;2011;77
MURCIA (REGIÓN DE);5.3.2.-Robos con violencia en viviendas;2010;53
MURCIA (REGIÓN DE);5.3.3.-Robos con violencia en establecimientos;2023;244
MURCIA (REGIÓN DE);5.3.3.-Robos con violencia en establecimientos;2022;226
MURCIA (REGIÓN DE);5.3.3.-Robos con violencia en establecimientos;2021;124
MURCIA (REGIÓN DE);5.3.3.-Robos con violencia en establecimientos;2020;108
MURCIA (REGIÓN DE);5.3.3.-Robos con violencia en establecimientos;2019;140
MURCIA (REGIÓN DE);5.3.3.-Robos con violencia en establecimientos;2018;102
MURCIA (REGIÓN DE);5.3.3.-Robos con violencia en establecimientos;2017;109
MURCIA (REGIÓN DE);5.3.3.-Robos con violencia en establecimientos;2016;118
MURCIA (REGIÓN DE);5.3.3.-Robos con violencia en establecimientos;2015;103
MURCIA (REGIÓN DE);5.3.3.-Robos con violencia en establecimientos;2014;113
MURCIA (REGIÓN DE);5.3.3.-Robos con violencia en establecimientos;2013;147
MURCIA (REGIÓN DE);5.3.3.-Robos con violencia en establecimientos;2012;130
MURCIA (REGIÓN DE);5.3.3.-Robos con violencia en establecimientos;2011;152
MURCIA (REGIÓN DE);5.3.3.-Robos con violencia en establecimientos;2010;136
MURCIA (REGIÓN DE);5.4.-Sustracción de vehículos;2023;180
MURCIA (REGIÓN DE);5.4.-Sustracción de vehículos;2022;168
MURCIA (REGIÓN DE);5.4.-Sustracción de vehículos;2021;102
MURCIA (REGIÓN DE);5.4.-Sustracción de vehículos;2020;114
MURCIA (REGIÓN DE);5.4.-Sustracción de vehículos;2019;112
MURCIA (REGIÓN DE);5.4.-Sustracción de vehículos;2018;151
MURCIA (REGIÓN DE);5.4.-Sustracción de vehículos;2017;202
MURCIA (REGIÓN DE);5.4.-Sustracción de vehículos;2016;187
MURCIA (REGIÓN DE);5.4.-Sustracción de vehículos;2015;190
MURCIA (REGIÓN DE);5.4.-Sustracción de vehículos;2014;208
MURCIA (REGIÓN DE);5.4.-Sustracción de vehículos;2013;241
MURCIA (REGIÓN DE);5.4.-Sustracción de vehículos;2012;210
MURCIA (REGIÓN DE);5.4.-Sustracción de vehículos;2011;219
MURCIA (REGIÓN DE);5.4.-Sustracción de vehículos;2010;287
MURCIA (REGIÓN DE);5.5.-Estafas;2023;713
MURCIA (REGIÓN DE);5.5.-Estafas;2022;580
MURCIA (REGIÓN DE);5.5.-Estafas;2021;486
MURCIA (REGIÓN DE);5.5.-Estafas;2020;503
MURCIA (REGIÓN DE);5.5.-Estafas;2019;519
MURCIA (REGIÓN DE);5.5.-Estafas;2018;514
MURCIA (REGIÓN DE);5.5.-Estafas;2017;409
MURCIA (REGIÓN DE);5.5.-Estafas;2016;547
MURCIA (REGIÓN DE);5.5.-Estafas;2015;379
MURCIA (REGIÓN DE);5.5.-Estafas;2014;501
MURCIA (REGIÓN DE);5.5.-Estafas;2013;353
MURCIA (REGIÓN DE);5.5.-Estafas;2012;472
MURCIA (REGIÓN DE);5.5.-Estafas;2011;420
MURCIA (REGIÓN DE);5.5.-Estafas;2010;299
MURCIA (REGIÓN DE);5.5.1.-Estafas informáticas;2023;359
MURCIA (REGIÓN DE);5.5.1.-Estafas informáticas;2022;254
MURCIA (REGIÓN DE);5.5.1.-Estafas informáticas;2021;202
MURCIA (REGIÓN DE);5.5.1.-Estafas informáticas;2020;192
MURCIA (REGIÓN DE);5.5.1.-Estafas informáticas;2019;124
MURCIA (REGIÓN DE);5.5.1.-Estafas informáticas;2018;66
MURCIA (REGIÓN DE);5.5.1.-Estafas informáticas;2017;66
MURCIA (REGIÓN DE);5.5.1.-Estafas informáticas;2016;93
MURCIA (REGIÓN DE);5.5.1.-Estafas informáticas;2015;58
MURCIA (REGIÓN DE);5.5.1.-Estafas informáticas;2014;68
MURCIA (REGIÓN DE);5.5.1.-Estafas informáticas;2013;37
MURCIA (REGIÓN DE);5.5.1.-Estafas informáticas;2012;35
MURCIA (REGIÓN DE);5.5.1.-Estafas informáticas;2011;42
MURCIA (REGIÓN DE);5.5.1.-Estafas informáticas;2010;54
MURCIA (REGIÓN DE);5.6.-Daños;2023;488
MURCIA (REGIÓN DE);5.6.-Daños;2022;438
MURCIA (REGIÓN DE);5.6.-Daños;2021;398
MURCIA (REGIÓN DE);5.6.-Daños;2020;383
MURCIA (REGIÓN DE);5.6.-Daños;2019;387
MURCIA (REGIÓN DE);5.6.-Daños;2018;405
MURCIA (REGIÓN DE);5.6.-Daños;2017;364
MURCIA (REGIÓN DE);5.6.-Daños;2016;316
MURCIA (REGIÓN DE);5.6.-Daños;2015;332
MURCIA (REGIÓN DE);5.6.-Daños;2014;364
MURCIA (REGIÓN DE);5.6.-Daños;2013;341
MURCIA (REGIÓN DE);5.6.-Daños;2012;356
MURCIA (REGIÓN DE);5.6.-Daños;2011;343
MURCIA (REGIÓN DE);5.6.-Daños;2010;238
MURCIA (REGIÓN DE);5.7.-Contra la propiedad intelectual/industrial;2023;39
MURCIA (REGIÓN DE);5.7.-Contra la propiedad intelectual/industrial;2022;65
MURCIA (REGIÓN DE);5.7.-Contra la propiedad intelectual/industrial;2021;42
MURCIA (REGIÓN DE);5.7.-Contra la propiedad intelectual/industrial;2020;59
MURCIA (REGIÓN DE);5.7.-Contra la propiedad intelectual/industrial;2019;26
MURCIA (REGIÓN DE);5.7.-Contra la propiedad intelectual/industrial;2018;48
MURCIA (REGIÓN DE);5.7.-Contra la propiedad intelectual/industrial;2017;36
MURCIA (REGIÓN DE);5.7.-Contra la propiedad intelectual/industrial;2016;19
MURCIA (REGIÓN DE);5.7.-Contra la propiedad intelectual/industrial;2015;35
MURCIA (REGIÓN DE);5.7.-Contra la propiedad intelectual/industrial;2014;23
MURCIA (REGIÓN DE);5.7.-Contra la propiedad intelectual/industrial;2013;50
MURCIA (REGIÓN DE);5.7.-Contra la propiedad intelectual/industrial;2012;27
MURCIA (REGIÓN DE);5.7.-Contra la propiedad intelectual/industrial;2011;50
MURCIA (REGIÓN DE);5.7.-Contra la propiedad intelectual/industrial;2010;171
MURCIA (REGIÓN DE);5.8.-Blanqueo de capitales;2023;25
MURCIA (REGIÓN DE);5.8.-Blanqueo de capitales;2022;5
MURCIA (REGIÓN DE);5.8.-Blanqueo de capitales;2021;7
MURCIA (REGIÓN DE);5.8.-Blanqueo de capitales;2020;7
MURCIA (REGIÓN DE);5.8.-Blanqueo de capitales;2019;27
MURCIA (REGIÓN DE);5.8.-Blanqueo de capitales;2018;22
MURCIA (REGIÓN DE);5.8.-Blanqueo de capitales;2017;3
MURCIA (REGIÓN DE);5.8.-Blanqueo de capitales;2016;3
MURCIA (REGIÓN DE);5.8.-Blanqueo de capitales;2015;43
MURCIA (REGIÓN DE);5.8.-Blanqueo de capitales;2014;36
MURCIA (REGIÓN DE);5.8.-Blanqueo de capitales;2013;4
MURCIA (REGIÓN DE);5.8.-Blanqueo de capitales;2012;41
MURCIA (REGIÓN DE);5.8.-Blanqueo de capitales;2011;3
MURCIA (REGIÓN DE);5.8.-Blanqueo de capitales;2010;10
MURCIA (REGIÓN DE);5.9.-Otros contra el patrimonio;2023;548
MURCIA (REGIÓN DE);5.9.-Otros contra el patrimonio;2022;440
MURCIA (REGIÓN DE);5.9.-Otros contra el patrimonio;2021;500
MURCIA (REGIÓN DE);5.9.-Otros contra el patrimonio;2020;420
MURCIA (REGIÓN DE);5.9.-Otros contra el patrimonio;2019;463
MURCIA (REGIÓN DE);5.9.-Otros contra el patrimonio;2018;412
MURCIA (REGIÓN DE);5.9.-Otros contra el patrimonio;2017;306
MURCIA (REGIÓN DE);5.9.-Otros contra el patrimonio;2016;331
MURCIA (REGIÓN DE);5.9.-Otros contra el patrimonio;2015;553
MURCIA (REGIÓN DE);5.9.-Otros contra el patrimonio;2014;583
MURCIA (REGIÓN DE);5.9.-Otros contra el patrimonio;2013;506
MURCIA (REGIÓN DE);5.9.-Otros contra el patrimonio;2012;390
MURCIA (REGIÓN DE);5.9.-Otros contra el patrimonio;2011;335
MURCIA (REGIÓN DE);5.9.-Otros contra el patrimonio;2010;197
MURCIA (REGIÓN DE);6. SEGURIDAD COLECTIVA;2023;2.042
MURCIA (REGIÓN DE);6. SEGURIDAD COLECTIVA;2022;2.022
MURCIA (REGIÓN DE);6. SEGURIDAD COLECTIVA;2021;1.823
MURCIA (REGIÓN DE);6. SEGURIDAD COLECTIVA;2020;1.511
MURCIA (REGIÓN DE);6. SEGURIDAD COLECTIVA;2019;1.883
MURCIA (REGIÓN DE);6. SEGURIDAD COLECTIVA;2018;1.740
MURCIA (REGIÓN DE);6. SEGURIDAD COLECTIVA;2017;1.650
MURCIA (REGIÓN DE);6. SEGURIDAD COLECTIVA;2016;1.534
MURCIA (REGIÓN DE);6. SEGURIDAD COLECTIVA;2015;1.772
MURCIA (REGIÓN DE);6. SEGURIDAD COLECTIVA;2014;1.742
MURCIA (REGIÓN DE);6. SEGURIDAD COLECTIVA;2013;1.999
MURCIA (REGIÓN DE);6. SEGURIDAD COLECTIVA;2012;1.947
MURCIA (REGIÓN DE);6. SEGURIDAD COLECTIVA;2011;2.121
MURCIA (REGIÓN DE);6. SEGURIDAD COLECTIVA;2010;2.000
MURCIA (REGIÓN DE);6.1.-Tráfico de drogas;2023;1.078
MURCIA (REGIÓN DE);6.1.-Tráfico de drogas;2022;940
MURCIA (REGIÓN DE);6.1.-Tráfico de drogas;2021;967
MURCIA (REGIÓN DE);6.1.-Tráfico de drogas;2020;703
MURCIA (REGIÓN DE);6.1.-Tráfico de drogas;2019;713
MURCIA (REGIÓN DE);6.1.-Tráfico de drogas;2018;613
MURCIA (REGIÓN DE);6.1.-Tráfico de drogas;2017;647
MURCIA (REGIÓN DE);6.1.-Tráfico de drogas;2016;589
MURCIA (REGIÓN DE);6.1.-Tráfico de drogas;2015;632
MURCIA (REGIÓN DE);6.1.-Tráfico de drogas;2014;490
MURCIA (REGIÓN DE);6.1.-Tráfico de drogas;2013;721
MURCIA (REGIÓN DE);6.1.-Tráfico de drogas;2012;666
MURCIA (REGIÓN DE);6.1.-Tráfico de drogas;2011;726
MURCIA (REGIÓN DE);6.1.-Tráfico de drogas;2010;762
MURCIA (REGIÓN DE);6.2.-Contra la seguridad vial;2023;924
MURCIA (REGIÓN DE);6.2.-Contra la seguridad vial;2022;1.032
MURCIA (REGIÓN DE);6.2.-Contra la seguridad vial;2021;817
MURCIA (REGIÓN DE);6.2.-Contra la seguridad vial;2020;765
MURCIA (REGIÓN DE);6.2.-Contra la seguridad vial;2019;1.116
MURCIA (REGIÓN DE);6.2.-Contra la seguridad vial;2018;1.043
MURCIA (REGIÓN DE);6.2.-Contra la seguridad vial;2017;948
MURCIA (REGIÓN DE);6.2.-Contra la seguridad vial;2016;866
MURCIA (REGIÓN DE);6.2.-Contra la seguridad vial;2015;1.067
MURCIA (REGIÓN DE);6.2.-Contra la seguridad vial;2014;1.209
MURCIA (REGIÓN DE);6.2.-Contra la seguridad vial;2013;1.224
MURCIA (REGIÓN DE);6.2.-Contra la seguridad vial;2012;1.217
MURCIA (REGIÓN DE);6.2.-Contra la seguridad vial;2011;1.340
MURCIA (REGIÓN DE);6.2.-Contra la seguridad vial;2010;1.158
MURCIA (REGIÓN DE);6.3.-Otros contra la seguridad colectiva;2023;40
MURCIA (REGIÓN DE);6.3.-Otros contra la seguridad colectiva;2022;50
MURCIA (REGIÓN DE);6.3.-Otros contra la seguridad colectiva;2021;39
MURCIA (REGIÓN DE);6.3.-Otros contra la seguridad colectiva;2020;43
MURCIA (REGIÓN DE);6.3.-Otros contra la seguridad colectiva;2019;54
MURCIA (REGIÓN DE);6.3.-Otros contra la seguridad colectiva;2018;84
MURCIA (REGIÓN DE);6.3.-Otros contra la seguridad colectiva;2017;55
MURCIA (REGIÓN DE);6.3.-Otros contra la seguridad colectiva;2016;79
MURCIA (REGIÓN DE);6.3.-Otros contra la seguridad colectiva;2015;73
MURCIA (REGIÓN DE);6.3.-Otros contra la seguridad colectiva;2014;43
MURCIA (REGIÓN DE);6.3.-Otros contra la seguridad colectiva;2013;54
MURCIA (REGIÓN DE);6.3.-Otros contra la seguridad colectiva;2012;64
MURCIA (REGIÓN DE);6.3.-Otros contra la seguridad colectiva;2011;55
MURCIA (REGIÓN DE);6.3.-Otros contra la seguridad colectiva;2010;80
MURCIA (REGIÓN DE);7. FALSEDADES;2023;505
MURCIA (REGIÓN DE);7. FALSEDADES;2022;511
MURCIA (REGIÓN DE);7. FALSEDADES;2021;631
MURCIA (REGIÓN DE);7. FALSEDADES;2020;537
MURCIA (REGIÓN DE);7. FALSEDADES;2019;444
MURCIA (REGIÓN DE);7. FALSEDADES;2018;393
MURCIA (REGIÓN DE);7. FALSEDADES;2017;291
MURCIA (REGIÓN DE);7. FALSEDADES;2016;346
MURCIA (REGIÓN DE);7. FALSEDADES;2015;431
MURCIA (REGIÓN DE);7. FALSEDADES;2014;437
MURCIA (REGIÓN DE);7. FALSEDADES;2013;462
MURCIA (REGIÓN DE);7. FALSEDADES;2012;444
MURCIA (REGIÓN DE);7. FALSEDADES;2011;485
MURCIA (REGIÓN DE);7. FALSEDADES;2010;342
MURCIA (REGIÓN DE);8. ADMÓN. PÚBLICA;2023;8
MURCIA (REGIÓN DE);8. ADMÓN. PÚBLICA;2022;12
MURCIA (REGIÓN DE);8. ADMÓN. PÚBLICA;2021;38
MURCIA (REGIÓN DE);8. ADMÓN. PÚBLICA;2020;103
MURCIA (REGIÓN DE);8. ADMÓN. PÚBLICA;2019;30
MURCIA (REGIÓN DE);8. ADMÓN. PÚBLICA;2018;5
MURCIA (REGIÓN DE);8. ADMÓN. PÚBLICA;2017;27
MURCIA (REGIÓN DE);8. ADMÓN. PÚBLICA;2016;17
MURCIA (REGIÓN DE);8. ADMÓN. PÚBLICA;2015;12
MURCIA (REGIÓN DE);8. ADMÓN. PÚBLICA;2014;13
MURCIA (REGIÓN DE);8. ADMÓN. PÚBLICA;2013;13
MURCIA (REGIÓN DE);8. ADMÓN. PÚBLICA;2012;2
MURCIA (REGIÓN DE);8. ADMÓN. PÚBLICA;2011;0
MURCIA (REGIÓN DE);8. ADMÓN. PÚBLICA;2010;3
MURCIA (REGIÓN DE);9. ADMÓN. JUSTICIA;2023;1.382
MURCIA (REGIÓN DE);9. ADMÓN. JUSTICIA;2022;1.236
MURCIA (REGIÓN DE);9. ADMÓN. JUSTICIA;2021;957
MURCIA (REGIÓN DE);9. ADMÓN. JUSTICIA;2020;928
MURCIA (REGIÓN DE);9. ADMÓN. JUSTICIA;2019;840
MURCIA (REGIÓN DE);9. ADMÓN. JUSTICIA;2018;827
MURCIA (REGIÓN DE);9. ADMÓN. JUSTICIA;2017;766
MURCIA (REGIÓN DE);9. ADMÓN. JUSTICIA;2016;724
MURCIA (REGIÓN DE);9. ADMÓN. JUSTICIA;2015;696
MURCIA (REGIÓN DE);9. ADMÓN. JUSTICIA;2014;816
MURCIA (REGIÓN DE);9. ADMÓN. JUSTICIA;2013;734
MURCIA (REGIÓN DE);9. ADMÓN. JUSTICIA;2012;895
MURCIA (REGIÓN DE);9. ADMÓN. JUSTICIA;2011;833
MURCIA (REGIÓN DE);9. ADMÓN. JUSTICIA;2010;756
MURCIA (REGIÓN DE);10. ORDEN PÚBLICO;2023;868
MURCIA (REGIÓN DE);10. ORDEN PÚBLICO;2022;756
MURCIA (REGIÓN DE);10. ORDEN PÚBLICO;2021;767
MURCIA (REGIÓN DE);10. ORDEN PÚBLICO;2020;901
MURCIA (REGIÓN DE);10. ORDEN PÚBLICO;2019;557
MURCIA (REGIÓN DE);10. ORDEN PÚBLICO;2018;517
MURCIA (REGIÓN DE);10. ORDEN PÚBLICO;2017;552
MURCIA (REGIÓN DE);10. ORDEN PÚBLICO;2016;513
MURCIA (REGIÓN DE);10. ORDEN PÚBLICO;2015;475
MURCIA (REGIÓN DE);10. ORDEN PÚBLICO;2014;632
MURCIA (REGIÓN DE);10. ORDEN PÚBLICO;2013;621
MURCIA (REGIÓN DE);10. ORDEN PÚBLICO;2012;687
MURCIA (REGIÓN DE);10. ORDEN PÚBLICO;2011;735
MURCIA (REGIÓN DE);10. ORDEN PÚBLICO;2010;693
MURCIA (REGIÓN DE);11. LEGISLACIÓN ESPECIAL;2023;44
MURCIA (REGIÓN DE);11. LEGISLACIÓN ESPECIAL;2022;21
MURCIA (REGIÓN DE);11. LEGISLACIÓN ESPECIAL;2021;16
MURCIA (REGIÓN DE);11. LEGISLACIÓN ESPECIAL;2020;25
MURCIA (REGIÓN DE);11. LEGISLACIÓN ESPECIAL;2019;6
MURCIA (REGIÓN DE);11. LEGISLACIÓN ESPECIAL;2018;6
MURCIA (REGIÓN DE);11. LEGISLACIÓN ESPECIAL;2017;1
MURCIA (REGIÓN DE);11. LEGISLACIÓN ESPECIAL;2016;0
MURCIA (REGIÓN DE);11. LEGISLACIÓN ESPECIAL;2015;0
MURCIA (REGIÓN DE);11. LEGISLACIÓN ESPECIAL;2014;0
MURCIA (REGIÓN DE);11. LEGISLACIÓN ESPECIAL;2013;0
MURCIA (REGIÓN DE);11. LEGISLACIÓN ESPECIAL;2012;3
MURCIA (REGIÓN DE);11. LEGISLACIÓN ESPECIAL;2011;1
MURCIA (REGIÓN DE);11. LEGISLACIÓN ESPECIAL;2010;0
MURCIA (REGIÓN DE);12. OTRAS INFRACCIONES PENALES;2023;342
MURCIA (REGIÓN DE);12. OTRAS INFRACCIONES PENALES;2022;365
MURCIA (REGIÓN DE);12. OTRAS INFRACCIONES PENALES;2021;468
MURCIA (REGIÓN DE);12. OTRAS INFRACCIONES PENALES;2020;306
MURCIA (REGIÓN DE);12. OTRAS INFRACCIONES PENALES;2019;475
MURCIA (REGIÓN DE);12. OTRAS INFRACCIONES PENALES;2018;206
MURCIA (REGIÓN DE);12. OTRAS INFRACCIONES PENALES;2017;236
MURCIA (REGIÓN DE);12. OTRAS INFRACCIONES PENALES;2016;194
MURCIA (REGIÓN DE);12. OTRAS INFRACCIONES PENALES;2015;163
MURCIA (REGIÓN DE);12. OTRAS INFRACCIONES PENALES;2014;261
MURCIA (REGIÓN DE);12. OTRAS INFRACCIONES PENALES;2013;154
MURCIA (REGIÓN DE);12. OTRAS INFRACCIONES PENALES;2012;146
MURCIA (REGIÓN DE);12. OTRAS INFRACCIONES PENALES;2011;269
MURCIA (REGIÓN DE);12. OTRAS INFRACCIONES PENALES;2010;190
MURCIA (REGIÓN DE);TOTAL INFRACCIONES PENALES;2023;20.819
MURCIA (REGIÓN DE);TOTAL INFRACCIONES PENALES;2022;17.992
MURCIA (REGIÓN DE);TOTAL INFRACCIONES PENALES;2021;15.844
MURCIA (REGIÓN DE);TOTAL INFRACCIONES PENALES;2020;14.474
MURCIA (REGIÓN DE);TOTAL INFRACCIONES PENALES;2019;15.770
MURCIA (REGIÓN DE);TOTAL INFRACCIONES PENALES;2018;15.079
MURCIA (REGIÓN DE);TOTAL INFRACCIONES PENALES;2017;14.164
MURCIA (REGIÓN DE);TOTAL INFRACCIONES PENALES;2016;14.083
MURCIA (REGIÓN DE);TOTAL INFRACCIONES PENALES;2015;15.329
MURCIA (REGIÓN DE);TOTAL INFRACCIONES PENALES;2014;16.707
MURCIA (REGIÓN DE);TOTAL INFRACCIONES PENALES;2013;16.637
MURCIA (REGIÓN DE);TOTAL INFRACCIONES PENALES;2012;16.781
MURCIA (REGIÓN DE);TOTAL INFRACCIONES PENALES;2011;16.872
MURCIA (REGIÓN DE);TOTAL INFRACCIONES PENALES;2010;13.145
NAVARRA (COMUNIDAD FORAL DE);1. CONTRA LAS PERSONAS;2023;1.124
NAVARRA (COMUNIDAD FORAL DE);1. CONTRA LAS PERSONAS;2022;1.134
NAVARRA (COMUNIDAD FORAL DE);1. CONTRA LAS PERSONAS;2021;1.004
NAVARRA (COMUNIDAD FORAL DE);1. CONTRA LAS PERSONAS;2020;831
NAVARRA (COMUNIDAD FORAL DE);1. CONTRA LAS PERSONAS;2019;945
NAVARRA (COMUNIDAD FORAL DE);1. CONTRA LAS PERSONAS;2018;869
NAVARRA (COMUNIDAD FORAL DE);1. CONTRA LAS PERSONAS;2017;766
NAVARRA (COMUNIDAD FORAL DE);1. CONTRA LAS PERSONAS;2016;747
NAVARRA (COMUNIDAD FORAL DE);1. CONTRA LAS PERSONAS;2015;739
NAVARRA (COMUNIDAD FORAL DE);1. CONTRA LAS PERSONAS;2014;819
NAVARRA (COMUNIDAD FORAL DE);1. CONTRA LAS PERSONAS;2013;618
NAVARRA (COMUNIDAD FORAL DE);1. CONTRA LAS PERSONAS;2012;435
NAVARRA (COMUNIDAD FORAL DE);1. CONTRA LAS PERSONAS;2011;538
NAVARRA (COMUNIDAD FORAL DE);1. CONTRA LAS PERSONAS;2010;544
NAVARRA (COMUNIDAD FORAL DE);1.1.-Homicidios dolosos/asesinatos;2023;30
NAVARRA (COMUNIDAD FORAL DE);1.1.-Homicidios dolosos/asesinatos;2022;20
NAVARRA (COMUNIDAD FORAL DE);1.1.-Homicidios dolosos/asesinatos;2021;19
NAVARRA (COMUNIDAD FORAL DE);1.1.-Homicidios dolosos/asesinatos;2020;16
NAVARRA (COMUNIDAD FORAL DE);1.1.-Homicidios dolosos/asesinatos;2019;6
NAVARRA (COMUNIDAD FORAL DE);1.1.-Homicidios dolosos/asesinatos;2018;15
NAVARRA (COMUNIDAD FORAL DE);1.1.-Homicidios dolosos/asesinatos;2017;13
NAVARRA (COMUNIDAD FORAL DE);1.1.-Homicidios dolosos/asesinatos;2016;10
NAVARRA (COMUNIDAD FORAL DE);1.1.-Homicidios dolosos/asesinatos;2015;16
NAVARRA (COMUNIDAD FORAL DE);1.1.-Homicidios dolosos/asesinatos;2014;6
NAVARRA (COMUNIDAD FORAL DE);1.1.-Homicidios dolosos/asesinatos;2013;11
NAVARRA (COMUNIDAD FORAL DE);1.1.-Homicidios dolosos/asesinatos;2012;17
NAVARRA (COMUNIDAD FORAL DE);1.1.-Homicidios dolosos/asesinatos;2011;20
NAVARRA (COMUNIDAD FORAL DE);1.1.-Homicidios dolosos/asesinatos;2010;17
NAVARRA (COMUNIDAD FORAL DE);1.1.1.-Homicidios dolosos/asesinatos consumados;2023;7
NAVARRA (COMUNIDAD FORAL DE);1.1.1.-Homicidios dolosos/asesinatos consumados;2022;1
NAVARRA (COMUNIDAD FORAL DE);1.1.1.-Homicidios dolosos/asesinatos consumados;2021;2
NAVARRA (COMUNIDAD FORAL DE);1.1.1.-Homicidios dolosos/asesinatos consumados;2020;3
NAVARRA (COMUNIDAD FORAL DE);1.1.1.-Homicidios dolosos/asesinatos consumados;2019;3
NAVARRA (COMUNIDAD FORAL DE);1.1.1.-Homicidios dolosos/asesinatos consumados;2018;2
NAVARRA (COMUNIDAD FORAL DE);1.1.1.-Homicidios dolosos/asesinatos consumados;2017;7
NAVARRA (COMUNIDAD FORAL DE);1.1.1.-Homicidios dolosos/asesinatos consumados;2016;4
NAVARRA (COMUNIDAD FORAL DE);1.1.1.-Homicidios dolosos/asesinatos consumados;2015;5
NAVARRA (COMUNIDAD FORAL DE);1.1.1.-Homicidios dolosos/asesinatos consumados;2014;2
NAVARRA (COMUNIDAD FORAL DE);1.1.1.-Homicidios dolosos/asesinatos consumados;2013;3
NAVARRA (COMUNIDAD FORAL DE);1.1.1.-Homicidios dolosos/asesinatos consumados;2012;7
NAVARRA (COMUNIDAD FORAL DE);1.1.1.-Homicidios dolosos/asesinatos consumados;2011;12
NAVARRA (COMUNIDAD FORAL DE);1.1.1.-Homicidios dolosos/asesinatos consumados;2010;11
NAVARRA (COMUNIDAD FORAL DE);1.2.-Lesiones;2023;354
NAVARRA (COMUNIDAD FORAL DE);1.2.-Lesiones;2022;404
NAVARRA (COMUNIDAD FORAL DE);1.2.-Lesiones;2021;331
NAVARRA (COMUNIDAD FORAL DE);1.2.-Lesiones;2020;238
NAVARRA (COMUNIDAD FORAL DE);1.2.-Lesiones;2019;310
NAVARRA (COMUNIDAD FORAL DE);1.2.-Lesiones;2018;256
NAVARRA (COMUNIDAD FORAL DE);1.2.-Lesiones;2017;255
NAVARRA (COMUNIDAD FORAL DE);1.2.-Lesiones;2016;227
NAVARRA (COMUNIDAD FORAL DE);1.2.-Lesiones;2015;214
NAVARRA (COMUNIDAD FORAL DE);1.2.-Lesiones;2014;243
NAVARRA (COMUNIDAD FORAL DE);1.2.-Lesiones;2013;158
NAVARRA (COMUNIDAD FORAL DE);1.2.-Lesiones;2012;127
NAVARRA (COMUNIDAD FORAL DE);1.2.-Lesiones;2011;166
NAVARRA (COMUNIDAD FORAL DE);1.2.-Lesiones;2010;149
NAVARRA (COMUNIDAD FORAL DE);1.3.-Malos tratos ámbito familiar;2023;718
NAVARRA (COMUNIDAD FORAL DE);1.3.-Malos tratos ámbito familiar;2022;700
NAVARRA (COMUNIDAD FORAL DE);1.3.-Malos tratos ámbito familiar;2021;637
NAVARRA (COMUNIDAD FORAL DE);1.3.-Malos tratos ámbito familiar;2020;560
NAVARRA (COMUNIDAD FORAL DE);1.3.-Malos tratos ámbito familiar;2019;624
NAVARRA (COMUNIDAD FORAL DE);1.3.-Malos tratos ámbito familiar;2018;593
NAVARRA (COMUNIDAD FORAL DE);1.3.-Malos tratos ámbito familiar;2017;491
NAVARRA (COMUNIDAD FORAL DE);1.3.-Malos tratos ámbito familiar;2016;499
NAVARRA (COMUNIDAD FORAL DE);1.3.-Malos tratos ámbito familiar;2015;475
NAVARRA (COMUNIDAD FORAL DE);1.3.-Malos tratos ámbito familiar;2014;491
NAVARRA (COMUNIDAD FORAL DE);1.3.-Malos tratos ámbito familiar;2013;395
NAVARRA (COMUNIDAD FORAL DE);1.3.-Malos tratos ámbito familiar;2012;249
NAVARRA (COMUNIDAD FORAL DE);1.3.-Malos tratos ámbito familiar;2011;303
NAVARRA (COMUNIDAD FORAL DE);1.3.-Malos tratos ámbito familiar;2010;335
NAVARRA (COMUNIDAD FORAL DE);1.4.-Otros contra las personas;2023;22
NAVARRA (COMUNIDAD FORAL DE);1.4.-Otros contra las personas;2022;10
NAVARRA (COMUNIDAD FORAL DE);1.4.-Otros contra las personas;2021;17
NAVARRA (COMUNIDAD FORAL DE);1.4.-Otros contra las personas;2020;17
NAVARRA (COMUNIDAD FORAL DE);1.4.-Otros contra las personas;2019;5
NAVARRA (COMUNIDAD FORAL DE);1.4.-Otros contra las personas;2018;5
NAVARRA (COMUNIDAD FORAL DE);1.4.-Otros contra las personas;2017;7
NAVARRA (COMUNIDAD FORAL DE);1.4.-Otros contra las personas;2016;11
NAVARRA (COMUNIDAD FORAL DE);1.4.-Otros contra las personas;2015;34
NAVARRA (COMUNIDAD FORAL DE);1.4.-Otros contra las personas;2014;79
NAVARRA (COMUNIDAD FORAL DE);1.4.-Otros contra las personas;2013;54
NAVARRA (COMUNIDAD FORAL DE);1.4.-Otros contra las personas;2012;42
NAVARRA (COMUNIDAD FORAL DE);1.4.-Otros contra las personas;2011;49
NAVARRA (COMUNIDAD FORAL DE);1.4.-Otros contra las personas;2010;43
NAVARRA (COMUNIDAD FORAL DE);2. CONTRA LA LIBERTAD;2023;473
NAVARRA (COMUNIDAD FORAL DE);2. CONTRA LA LIBERTAD;2022;408
NAVARRA (COMUNIDAD FORAL DE);2. CONTRA LA LIBERTAD;2021;340
NAVARRA (COMUNIDAD FORAL DE);2. CONTRA LA LIBERTAD;2020;312
NAVARRA (COMUNIDAD FORAL DE);2. CONTRA LA LIBERTAD;2019;334
NAVARRA (COMUNIDAD FORAL DE);2. CONTRA LA LIBERTAD;2018;271
NAVARRA (COMUNIDAD FORAL DE);2. CONTRA LA LIBERTAD;2017;252
NAVARRA (COMUNIDAD FORAL DE);2. CONTRA LA LIBERTAD;2016;248
NAVARRA (COMUNIDAD FORAL DE);2. CONTRA LA LIBERTAD;2015;219
NAVARRA (COMUNIDAD FORAL DE);2. CONTRA LA LIBERTAD;2014;158
NAVARRA (COMUNIDAD FORAL DE);2. CONTRA LA LIBERTAD;2013;171
NAVARRA (COMUNIDAD FORAL DE);2. CONTRA LA LIBERTAD;2012;220
NAVARRA (COMUNIDAD FORAL DE);2. CONTRA LA LIBERTAD;2011;204
NAVARRA (COMUNIDAD FORAL DE);2. CONTRA LA LIBERTAD;2010;164
NAVARRA (COMUNIDAD FORAL DE);2.1.-Malos tratos habituales en el ámbito familiar;2023;200
NAVARRA (COMUNIDAD FORAL DE);2.1.-Malos tratos habituales en el ámbito familiar;2022;144
NAVARRA (COMUNIDAD FORAL DE);2.1.-Malos tratos habituales en el ámbito familiar;2021;88
NAVARRA (COMUNIDAD FORAL DE);2.1.-Malos tratos habituales en el ámbito familiar;2020;94
NAVARRA (COMUNIDAD FORAL DE);2.1.-Malos tratos habituales en el ámbito familiar;2019;104
NAVARRA (COMUNIDAD FORAL DE);2.1.-Malos tratos habituales en el ámbito familiar;2018;62
NAVARRA (COMUNIDAD FORAL DE);2.1.-Malos tratos habituales en el ámbito familiar;2017;76
NAVARRA (COMUNIDAD FORAL DE);2.1.-Malos tratos habituales en el ámbito familiar;2016;67
NAVARRA (COMUNIDAD FORAL DE);2.1.-Malos tratos habituales en el ámbito familiar;2015;79
NAVARRA (COMUNIDAD FORAL DE);2.1.-Malos tratos habituales en el ámbito familiar;2014;65
NAVARRA (COMUNIDAD FORAL DE);2.1.-Malos tratos habituales en el ámbito familiar;2013;72
NAVARRA (COMUNIDAD FORAL DE);2.1.-Malos tratos habituales en el ámbito familiar;2012;93
NAVARRA (COMUNIDAD FORAL DE);2.1.-Malos tratos habituales en el ámbito familiar;2011;78
NAVARRA (COMUNIDAD FORAL DE);2.1.-Malos tratos habituales en el ámbito familiar;2010;58
NAVARRA (COMUNIDAD FORAL DE);2.2.-Otros contra la libertad;2023;273
NAVARRA (COMUNIDAD FORAL DE);2.2.-Otros contra la libertad;2022;264
NAVARRA (COMUNIDAD FORAL DE);2.2.-Otros contra la libertad;2021;252
NAVARRA (COMUNIDAD FORAL DE);2.2.-Otros contra la libertad;2020;218
NAVARRA (COMUNIDAD FORAL DE);2.2.-Otros contra la libertad;2019;230
NAVARRA (COMUNIDAD FORAL DE);2.2.-Otros contra la libertad;2018;209
NAVARRA (COMUNIDAD FORAL DE);2.2.-Otros contra la libertad;2017;176
NAVARRA (COMUNIDAD FORAL DE);2.2.-Otros contra la libertad;2016;181
NAVARRA (COMUNIDAD FORAL DE);2.2.-Otros contra la libertad;2015;140
NAVARRA (COMUNIDAD FORAL DE);2.2.-Otros contra la libertad;2014;93
NAVARRA (COMUNIDAD FORAL DE);2.2.-Otros contra la libertad;2013;99
NAVARRA (COMUNIDAD FORAL DE);2.2.-Otros contra la libertad;2012;127
NAVARRA (COMUNIDAD FORAL DE);2.2.-Otros contra la libertad;2011;126
NAVARRA (COMUNIDAD FORAL DE);2.2.-Otros contra la libertad;2010;106
NAVARRA (COMUNIDAD FORAL DE);3. LIBERTAD SEXUAL;2023;250
NAVARRA (COMUNIDAD FORAL DE);3. LIBERTAD SEXUAL;2022;194
NAVARRA (COMUNIDAD FORAL DE);3. LIBERTAD SEXUAL;2021;154
NAVARRA (COMUNIDAD FORAL DE);3. LIBERTAD SEXUAL;2020;153
NAVARRA (COMUNIDAD FORAL DE);3. LIBERTAD SEXUAL;2019;123
NAVARRA (COMUNIDAD FORAL DE);3. LIBERTAD SEXUAL;2018;151
NAVARRA (COMUNIDAD FORAL DE);3. LIBERTAD SEXUAL;2017;118
NAVARRA (COMUNIDAD FORAL DE);3. LIBERTAD SEXUAL;2016;116
NAVARRA (COMUNIDAD FORAL DE);3. LIBERTAD SEXUAL;2015;74
NAVARRA (COMUNIDAD FORAL DE);3. LIBERTAD SEXUAL;2014;79
NAVARRA (COMUNIDAD FORAL DE);3. LIBERTAD SEXUAL;2013;48
NAVARRA (COMUNIDAD FORAL DE);3. LIBERTAD SEXUAL;2012;37
NAVARRA (COMUNIDAD FORAL DE);3. LIBERTAD SEXUAL;2011;41
NAVARRA (COMUNIDAD FORAL DE);3. LIBERTAD SEXUAL;2010;64
NAVARRA (COMUNIDAD FORAL DE);3.1.-Agresión sexual;2023;159
NAVARRA (COMUNIDAD FORAL DE);3.1.-Agresión sexual;2022;125
NAVARRA (COMUNIDAD FORAL DE);3.1.-Agresión sexual;2021;82
NAVARRA (COMUNIDAD FORAL DE);3.1.-Agresión sexual;2020;88
NAVARRA (COMUNIDAD FORAL DE);3.1.-Agresión sexual;2019;73
NAVARRA (COMUNIDAD FORAL DE);3.1.-Agresión sexual;2018;87
NAVARRA (COMUNIDAD FORAL DE);3.1.-Agresión sexual;2017;59
NAVARRA (COMUNIDAD FORAL DE);3.1.-Agresión sexual;2016;57
NAVARRA (COMUNIDAD FORAL DE);3.1.-Agresión sexual;2015;35
NAVARRA (COMUNIDAD FORAL DE);3.1.-Agresión sexual;2014;53
NAVARRA (COMUNIDAD FORAL DE);3.1.-Agresión sexual;2013;27
NAVARRA (COMUNIDAD FORAL DE);3.1.-Agresión sexual;2012;23
NAVARRA (COMUNIDAD FORAL DE);3.1.-Agresión sexual;2011;24
NAVARRA (COMUNIDAD FORAL DE);3.1.-Agresión sexual;2010;42
NAVARRA (COMUNIDAD FORAL DE);3.2.-Agresión sexual con penetración;2023;57
NAVARRA (COMUNIDAD FORAL DE);3.2.-Agresión sexual con penetración;2022;59
NAVARRA (COMUNIDAD FORAL DE);3.2.-Agresión sexual con penetración;2021;53
NAVARRA (COMUNIDAD FORAL DE);3.2.-Agresión sexual con penetración;2020;36
NAVARRA (COMUNIDAD FORAL DE);3.2.-Agresión sexual con penetración;2019;32
NAVARRA (COMUNIDAD FORAL DE);3.2.-Agresión sexual con penetración;2018;41
NAVARRA (COMUNIDAD FORAL DE);3.2.-Agresión sexual con penetración;2017;31
NAVARRA (COMUNIDAD FORAL DE);3.2.-Agresión sexual con penetración;2016;43
NAVARRA (COMUNIDAD FORAL DE);3.2.-Agresión sexual con penetración;2015;17
NAVARRA (COMUNIDAD FORAL DE);3.2.-Agresión sexual con penetración;2014;14
NAVARRA (COMUNIDAD FORAL DE);3.2.-Agresión sexual con penetración;2013;8
NAVARRA (COMUNIDAD FORAL DE);3.2.-Agresión sexual con penetración;2012;6
NAVARRA (COMUNIDAD FORAL DE);3.2.-Agresión sexual con penetración;2011;10
NAVARRA (COMUNIDAD FORAL DE);3.2.-Agresión sexual con penetración;2010;6
NAVARRA (COMUNIDAD FORAL DE);3.3.-Corrupción de menores o incapacitados;2023;9
NAVARRA (COMUNIDAD FORAL DE);3.3.-Corrupción de menores o incapacitados;2022;4
NAVARRA (COMUNIDAD FORAL DE);3.3.-Corrupción de menores o incapacitados;2021;7
NAVARRA (COMUNIDAD FORAL DE);3.3.-Corrupción de menores o incapacitados;2020;7
NAVARRA (COMUNIDAD FORAL DE);3.3.-Corrupción de menores o incapacitados;2019;4
NAVARRA (COMUNIDAD FORAL DE);3.3.-Corrupción de menores o incapacitados;2018;4
NAVARRA (COMUNIDAD FORAL DE);3.3.-Corrupción de menores o incapacitados;2017;13
NAVARRA (COMUNIDAD FORAL DE);3.3.-Corrupción de menores o incapacitados;2016;5
NAVARRA (COMUNIDAD FORAL DE);3.3.-Corrupción de menores o incapacitados;2015;6
NAVARRA (COMUNIDAD FORAL DE);3.3.-Corrupción de menores o incapacitados;2014;2
NAVARRA (COMUNIDAD FORAL DE);3.3.-Corrupción de menores o incapacitados;2013;8
NAVARRA (COMUNIDAD FORAL DE);3.3.-Corrupción de menores o incapacitados;2012;6
NAVARRA (COMUNIDAD FORAL DE);3.3.-Corrupción de menores o incapacitados;2011;1
NAVARRA (COMUNIDAD FORAL DE);3.3.-Corrupción de menores o incapacitados;2010;5
NAVARRA (COMUNIDAD FORAL DE);3.4.-Pornografía de menores;2023;14
NAVARRA (COMUNIDAD FORAL DE);3.4.-Pornografía de menores;2022;4
NAVARRA (COMUNIDAD FORAL DE);3.4.-Pornografía de menores;2021;3
NAVARRA (COMUNIDAD FORAL DE);3.4.-Pornografía de menores;2020;7
NAVARRA (COMUNIDAD FORAL DE);3.4.-Pornografía de menores;2019;9
NAVARRA (COMUNIDAD FORAL DE);3.4.-Pornografía de menores;2018;9
NAVARRA (COMUNIDAD FORAL DE);3.4.-Pornografía de menores;2017;7
NAVARRA (COMUNIDAD FORAL DE);3.4.-Pornografía de menores;2016;3
NAVARRA (COMUNIDAD FORAL DE);3.4.-Pornografía de menores;2015;7
NAVARRA (COMUNIDAD FORAL DE);3.4.-Pornografía de menores;2014;4
NAVARRA (COMUNIDAD FORAL DE);3.4.-Pornografía de menores;2013;2
NAVARRA (COMUNIDAD FORAL DE);3.4.-Pornografía de menores;2012;2
NAVARRA (COMUNIDAD FORAL DE);3.4.-Pornografía de menores;2011;3
NAVARRA (COMUNIDAD FORAL DE);3.4.-Pornografía de menores;2010;8
NAVARRA (COMUNIDAD FORAL DE);3.5.-Otros contra la libertad sexual;2023;11
NAVARRA (COMUNIDAD FORAL DE);3.5.-Otros contra la libertad sexual;2022;2
NAVARRA (COMUNIDAD FORAL DE);3.5.-Otros contra la libertad sexual;2021;9
NAVARRA (COMUNIDAD FORAL DE);3.5.-Otros contra la libertad sexual;2020;15
NAVARRA (COMUNIDAD FORAL DE);3.5.-Otros contra la libertad sexual;2019;5
NAVARRA (COMUNIDAD FORAL DE);3.5.-Otros contra la libertad sexual;2018;10
NAVARRA (COMUNIDAD FORAL DE);3.5.-Otros contra la libertad sexual;2017;8
NAVARRA (COMUNIDAD FORAL DE);3.5.-Otros contra la libertad sexual;2016;8
NAVARRA (COMUNIDAD FORAL DE);3.5.-Otros contra la libertad sexual;2015;9
NAVARRA (COMUNIDAD FORAL DE);3.5.-Otros contra la libertad sexual;2014;6
NAVARRA (COMUNIDAD FORAL DE);3.5.-Otros contra la libertad sexual;2013;3
NAVARRA (COMUNIDAD FORAL DE);3.5.-Otros contra la libertad sexual;2012;0
NAVARRA (COMUNIDAD FORAL DE);3.5.-Otros contra la libertad sexual;2011;3
NAVARRA (COMUNIDAD FORAL DE);3.5.-Otros contra la libertad sexual;2010;3
NAVARRA (COMUNIDAD FORAL DE);4. RELACIONES FAMILIARES;2023;8
NAVARRA (COMUNIDAD FORAL DE);4. RELACIONES FAMILIARES;2022;8
NAVARRA (COMUNIDAD FORAL DE);4. RELACIONES FAMILIARES;2021;6
NAVARRA (COMUNIDAD FORAL DE);4. RELACIONES FAMILIARES;2020;11
NAVARRA (COMUNIDAD FORAL DE);4. RELACIONES FAMILIARES;2019;6
NAVARRA (COMUNIDAD FORAL DE);4. RELACIONES FAMILIARES;2018;3
NAVARRA (COMUNIDAD FORAL DE);4. RELACIONES FAMILIARES;2017;6
NAVARRA (COMUNIDAD FORAL DE);4. RELACIONES FAMILIARES;2016;6
NAVARRA (COMUNIDAD FORAL DE);4. RELACIONES FAMILIARES;2015;10
NAVARRA (COMUNIDAD FORAL DE);4. RELACIONES FAMILIARES;2014;15
NAVARRA (COMUNIDAD FORAL DE);4. RELACIONES FAMILIARES;2013;15
NAVARRA (COMUNIDAD FORAL DE);4. RELACIONES FAMILIARES;2012;11
NAVARRA (COMUNIDAD FORAL DE);4. RELACIONES FAMILIARES;2011;17
NAVARRA (COMUNIDAD FORAL DE);4. RELACIONES FAMILIARES;2010;10
NAVARRA (COMUNIDAD FORAL DE);5. PATRIMONIO;2023;1.471
NAVARRA (COMUNIDAD FORAL DE);5. PATRIMONIO;2022;1.271
NAVARRA (COMUNIDAD FORAL DE);5. PATRIMONIO;2021;1.093
NAVARRA (COMUNIDAD FORAL DE);5. PATRIMONIO;2020;834
NAVARRA (COMUNIDAD FORAL DE);5. PATRIMONIO;2019;1.119
NAVARRA (COMUNIDAD FORAL DE);5. PATRIMONIO;2018;1.181
NAVARRA (COMUNIDAD FORAL DE);5. PATRIMONIO;2017;977
NAVARRA (COMUNIDAD FORAL DE);5. PATRIMONIO;2016;994
NAVARRA (COMUNIDAD FORAL DE);5. PATRIMONIO;2015;1.094
NAVARRA (COMUNIDAD FORAL DE);5. PATRIMONIO;2014;1.148
NAVARRA (COMUNIDAD FORAL DE);5. PATRIMONIO;2013;1.018
NAVARRA (COMUNIDAD FORAL DE);5. PATRIMONIO;2012;1.029
NAVARRA (COMUNIDAD FORAL DE);5. PATRIMONIO;2011;892
NAVARRA (COMUNIDAD FORAL DE);5. PATRIMONIO;2010;972
NAVARRA (COMUNIDAD FORAL DE);5.1.-Hurtos;2023;633
NAVARRA (COMUNIDAD FORAL DE);5.1.-Hurtos;2022;469
NAVARRA (COMUNIDAD FORAL DE);5.1.-Hurtos;2021;355
NAVARRA (COMUNIDAD FORAL DE);5.1.-Hurtos;2020;190
NAVARRA (COMUNIDAD FORAL DE);5.1.-Hurtos;2019;399
NAVARRA (COMUNIDAD FORAL DE);5.1.-Hurtos;2018;450
NAVARRA (COMUNIDAD FORAL DE);5.1.-Hurtos;2017;317
NAVARRA (COMUNIDAD FORAL DE);5.1.-Hurtos;2016;344
NAVARRA (COMUNIDAD FORAL DE);5.1.-Hurtos;2015;337
NAVARRA (COMUNIDAD FORAL DE);5.1.-Hurtos;2014;378
NAVARRA (COMUNIDAD FORAL DE);5.1.-Hurtos;2013;309
NAVARRA (COMUNIDAD FORAL DE);5.1.-Hurtos;2012;317
NAVARRA (COMUNIDAD FORAL DE);5.1.-Hurtos;2011;268
NAVARRA (COMUNIDAD FORAL DE);5.1.-Hurtos;2010;273
NAVARRA (COMUNIDAD FORAL DE);5.2.-Robos con fuerza en las cosas;2023;281
NAVARRA (COMUNIDAD FORAL DE);5.2.-Robos con fuerza en las cosas;2022;293
NAVARRA (COMUNIDAD FORAL DE);5.2.-Robos con fuerza en las cosas;2021;284
NAVARRA (COMUNIDAD FORAL DE);5.2.-Robos con fuerza en las cosas;2020;239
NAVARRA (COMUNIDAD FORAL DE);5.2.-Robos con fuerza en las cosas;2019;297
NAVARRA (COMUNIDAD FORAL DE);5.2.-Robos con fuerza en las cosas;2018;288
NAVARRA (COMUNIDAD FORAL DE);5.2.-Robos con fuerza en las cosas;2017;269
NAVARRA (COMUNIDAD FORAL DE);5.2.-Robos con fuerza en las cosas;2016;291
NAVARRA (COMUNIDAD FORAL DE);5.2.-Robos con fuerza en las cosas;2015;289
NAVARRA (COMUNIDAD FORAL DE);5.2.-Robos con fuerza en las cosas;2014;384
NAVARRA (COMUNIDAD FORAL DE);5.2.-Robos con fuerza en las cosas;2013;325
NAVARRA (COMUNIDAD FORAL DE);5.2.-Robos con fuerza en las cosas;2012;333
NAVARRA (COMUNIDAD FORAL DE);5.2.-Robos con fuerza en las cosas;2011;337
NAVARRA (COMUNIDAD FORAL DE);5.2.-Robos con fuerza en las cosas;2010;319
NAVARRA (COMUNIDAD FORAL DE);5.2.1.-Robos con fuerza en las cosas en el interior de vehículos;2023;35
NAVARRA (COMUNIDAD FORAL DE);5.2.1.-Robos con fuerza en las cosas en el interior de vehículos;2022;31
NAVARRA (COMUNIDAD FORAL DE);5.2.1.-Robos con fuerza en las cosas en el interior de vehículos;2021;31
NAVARRA (COMUNIDAD FORAL DE);5.2.1.-Robos con fuerza en las cosas en el interior de vehículos;2020;44
NAVARRA (COMUNIDAD FORAL DE);5.2.1.-Robos con fuerza en las cosas en el interior de vehículos;2019;40
NAVARRA (COMUNIDAD FORAL DE);5.2.1.-Robos con fuerza en las cosas en el interior de vehículos;2018;48
NAVARRA (COMUNIDAD FORAL DE);5.2.1.-Robos con fuerza en las cosas en el interior de vehículos;2017;31
NAVARRA (COMUNIDAD FORAL DE);5.2.1.-Robos con fuerza en las cosas en el interior de vehículos;2016;62
NAVARRA (COMUNIDAD FORAL DE);5.2.1.-Robos con fuerza en las cosas en el interior de vehículos;2015;42
NAVARRA (COMUNIDAD FORAL DE);5.2.1.-Robos con fuerza en las cosas en el interior de vehículos;2014;29
NAVARRA (COMUNIDAD FORAL DE);5.2.1.-Robos con fuerza en las cosas en el interior de vehículos;2013;28
NAVARRA (COMUNIDAD FORAL DE);5.2.1.-Robos con fuerza en las cosas en el interior de vehículos;2012;31
NAVARRA (COMUNIDAD FORAL DE);5.2.1.-Robos con fuerza en las cosas en el interior de vehículos;2011;43
NAVARRA (COMUNIDAD FORAL DE);5.2.1.-Robos con fuerza en las cosas en el interior de vehículos;2010;32
NAVARRA (COMUNIDAD FORAL DE);5.2.2.-Robos con fuerza en viviendas;2023;71
NAVARRA (COMUNIDAD FORAL DE);5.2.2.-Robos con fuerza en viviendas;2022;80
NAVARRA (COMUNIDAD FORAL DE);5.2.2.-Robos con fuerza en viviendas;2021;69
NAVARRA (COMUNIDAD FORAL DE);5.2.2.-Robos con fuerza en viviendas;2020;55
NAVARRA (COMUNIDAD FORAL DE);5.2.2.-Robos con fuerza en viviendas;2019;68
NAVARRA (COMUNIDAD FORAL DE);5.2.2.-Robos con fuerza en viviendas;2018;97
NAVARRA (COMUNIDAD FORAL DE);5.2.2.-Robos con fuerza en viviendas;2017;78
NAVARRA (COMUNIDAD FORAL DE);5.2.2.-Robos con fuerza en viviendas;2016;89
NAVARRA (COMUNIDAD FORAL DE);5.2.2.-Robos con fuerza en viviendas;2015;78
NAVARRA (COMUNIDAD FORAL DE);5.2.2.-Robos con fuerza en viviendas;2014;112
NAVARRA (COMUNIDAD FORAL DE);5.2.2.-Robos con fuerza en viviendas;2013;88
NAVARRA (COMUNIDAD FORAL DE);5.2.2.-Robos con fuerza en viviendas;2012;107
NAVARRA (COMUNIDAD FORAL DE);5.2.2.-Robos con fuerza en viviendas;2011;68
NAVARRA (COMUNIDAD FORAL DE);5.2.2.-Robos con fuerza en viviendas;2010;46
NAVARRA (COMUNIDAD FORAL DE);5.2.3.-Robos con fuerza en establecimientos;2023;68
NAVARRA (COMUNIDAD FORAL DE);5.2.3.-Robos con fuerza en establecimientos;2022;93
NAVARRA (COMUNIDAD FORAL DE);5.2.3.-Robos con fuerza en establecimientos;2021;81
NAVARRA (COMUNIDAD FORAL DE);5.2.3.-Robos con fuerza en establecimientos;2020;85
NAVARRA (COMUNIDAD FORAL DE);5.2.3.-Robos con fuerza en establecimientos;2019;103
NAVARRA (COMUNIDAD FORAL DE);5.2.3.-Robos con fuerza en establecimientos;2018;71
NAVARRA (COMUNIDAD FORAL DE);5.2.3.-Robos con fuerza en establecimientos;2017;66
NAVARRA (COMUNIDAD FORAL DE);5.2.3.-Robos con fuerza en establecimientos;2016;60
NAVARRA (COMUNIDAD FORAL DE);5.2.3.-Robos con fuerza en establecimientos;2015;40
NAVARRA (COMUNIDAD FORAL DE);5.2.3.-Robos con fuerza en establecimientos;2014;73
NAVARRA (COMUNIDAD FORAL DE);5.2.3.-Robos con fuerza en establecimientos;2013;65
NAVARRA (COMUNIDAD FORAL DE);5.2.3.-Robos con fuerza en establecimientos;2012;60
NAVARRA (COMUNIDAD FORAL DE);5.2.3.-Robos con fuerza en establecimientos;2011;85
NAVARRA (COMUNIDAD FORAL DE);5.2.3.-Robos con fuerza en establecimientos;2010;71
NAVARRA (COMUNIDAD FORAL DE);5.3.-Robos con violencia o intimidación;2023;206
NAVARRA (COMUNIDAD FORAL DE);5.3.-Robos con violencia o intimidación;2022;173
NAVARRA (COMUNIDAD FORAL DE);5.3.-Robos con violencia o intimidación;2021;146
NAVARRA (COMUNIDAD FORAL DE);5.3.-Robos con violencia o intimidación;2020;104
NAVARRA (COMUNIDAD FORAL DE);5.3.-Robos con violencia o intimidación;2019;98
NAVARRA (COMUNIDAD FORAL DE);5.3.-Robos con violencia o intimidación;2018;68
NAVARRA (COMUNIDAD FORAL DE);5.3.-Robos con violencia o intimidación;2017;82
NAVARRA (COMUNIDAD FORAL DE);5.3.-Robos con violencia o intimidación;2016;96
NAVARRA (COMUNIDAD FORAL DE);5.3.-Robos con violencia o intimidación;2015;109
NAVARRA (COMUNIDAD FORAL DE);5.3.-Robos con violencia o intimidación;2014;72
NAVARRA (COMUNIDAD FORAL DE);5.3.-Robos con violencia o intimidación;2013;65
NAVARRA (COMUNIDAD FORAL DE);5.3.-Robos con violencia o intimidación;2012;89
NAVARRA (COMUNIDAD FORAL DE);5.3.-Robos con violencia o intimidación;2011;53
NAVARRA (COMUNIDAD FORAL DE);5.3.-Robos con violencia o intimidación;2010;89
NAVARRA (COMUNIDAD FORAL DE);5.3.1.-Robos con violencia en vía pública;2023;150
NAVARRA (COMUNIDAD FORAL DE);5.3.1.-Robos con violencia en vía pública;2022;124
NAVARRA (COMUNIDAD FORAL DE);5.3.1.-Robos con violencia en vía pública;2021;108
NAVARRA (COMUNIDAD FORAL DE);5.3.1.-Robos con violencia en vía pública;2020;74
NAVARRA (COMUNIDAD FORAL DE);5.3.1.-Robos con violencia en vía pública;2019;58
NAVARRA (COMUNIDAD FORAL DE);5.3.1.-Robos con violencia en vía pública;2018;42
NAVARRA (COMUNIDAD FORAL DE);5.3.1.-Robos con violencia en vía pública;2017;57
NAVARRA (COMUNIDAD FORAL DE);5.3.1.-Robos con violencia en vía pública;2016;59
NAVARRA (COMUNIDAD FORAL DE);5.3.1.-Robos con violencia en vía pública;2015;57
NAVARRA (COMUNIDAD FORAL DE);5.3.1.-Robos con violencia en vía pública;2014;35
NAVARRA (COMUNIDAD FORAL DE);5.3.1.-Robos con violencia en vía pública;2013;21
NAVARRA (COMUNIDAD FORAL DE);5.3.1.-Robos con violencia en vía pública;2012;46
NAVARRA (COMUNIDAD FORAL DE);5.3.1.-Robos con violencia en vía pública;2011;28
NAVARRA (COMUNIDAD FORAL DE);5.3.1.-Robos con violencia en vía pública;2010;57
NAVARRA (COMUNIDAD FORAL DE);5.3.2.-Robos con violencia en viviendas;2023;10
NAVARRA (COMUNIDAD FORAL DE);5.3.2.-Robos con violencia en viviendas;2022;11
NAVARRA (COMUNIDAD FORAL DE);5.3.2.-Robos con violencia en viviendas;2021;5
NAVARRA (COMUNIDAD FORAL DE);5.3.2.-Robos con violencia en viviendas;2020;6
NAVARRA (COMUNIDAD FORAL DE);5.3.2.-Robos con violencia en viviendas;2019;8
NAVARRA (COMUNIDAD FORAL DE);5.3.2.-Robos con violencia en viviendas;2018;2
NAVARRA (COMUNIDAD FORAL DE);5.3.2.-Robos con violencia en viviendas;2017;6
NAVARRA (COMUNIDAD FORAL DE);5.3.2.-Robos con violencia en viviendas;2016;5
NAVARRA (COMUNIDAD FORAL DE);5.3.2.-Robos con violencia en viviendas;2015;17
NAVARRA (COMUNIDAD FORAL DE);5.3.2.-Robos con violencia en viviendas;2014;2
NAVARRA (COMUNIDAD FORAL DE);5.3.2.-Robos con violencia en viviendas;2013;9
NAVARRA (COMUNIDAD FORAL DE);5.3.2.-Robos con violencia en viviendas;2012;5
NAVARRA (COMUNIDAD FORAL DE);5.3.2.-Robos con violencia en viviendas;2011;2
NAVARRA (COMUNIDAD FORAL DE);5.3.2.-Robos con violencia en viviendas;2010;2
NAVARRA (COMUNIDAD FORAL DE);5.3.3.-Robos con violencia en establecimientos;2023;34
NAVARRA (COMUNIDAD FORAL DE);5.3.3.-Robos con violencia en establecimientos;2022;26
NAVARRA (COMUNIDAD FORAL DE);5.3.3.-Robos con violencia en establecimientos;2021;26
NAVARRA (COMUNIDAD FORAL DE);5.3.3.-Robos con violencia en establecimientos;2020;13
NAVARRA (COMUNIDAD FORAL DE);5.3.3.-Robos con violencia en establecimientos;2019;22
NAVARRA (COMUNIDAD FORAL DE);5.3.3.-Robos con violencia en establecimientos;2018;14
NAVARRA (COMUNIDAD FORAL DE);5.3.3.-Robos con violencia en establecimientos;2017;14
NAVARRA (COMUNIDAD FORAL DE);5.3.3.-Robos con violencia en establecimientos;2016;12
NAVARRA (COMUNIDAD FORAL DE);5.3.3.-Robos con violencia en establecimientos;2015;28
NAVARRA (COMUNIDAD FORAL DE);5.3.3.-Robos con violencia en establecimientos;2014;22
NAVARRA (COMUNIDAD FORAL DE);5.3.3.-Robos con violencia en establecimientos;2013;30
NAVARRA (COMUNIDAD FORAL DE);5.3.3.-Robos con violencia en establecimientos;2012;26
NAVARRA (COMUNIDAD FORAL DE);5.3.3.-Robos con violencia en establecimientos;2011;9
NAVARRA (COMUNIDAD FORAL DE);5.3.3.-Robos con violencia en establecimientos;2010;19
NAVARRA (COMUNIDAD FORAL DE);5.4.-Sustracción de vehículos;2023;15
NAVARRA (COMUNIDAD FORAL DE);5.4.-Sustracción de vehículos;2022;15
NAVARRA (COMUNIDAD FORAL DE);5.4.-Sustracción de vehículos;2021;17
NAVARRA (COMUNIDAD FORAL DE);5.4.-Sustracción de vehículos;2020;16
NAVARRA (COMUNIDAD FORAL DE);5.4.-Sustracción de vehículos;2019;28
NAVARRA (COMUNIDAD FORAL DE);5.4.-Sustracción de vehículos;2018;24
NAVARRA (COMUNIDAD FORAL DE);5.4.-Sustracción de vehículos;2017;30
NAVARRA (COMUNIDAD FORAL DE);5.4.-Sustracción de vehículos;2016;35
NAVARRA (COMUNIDAD FORAL DE);5.4.-Sustracción de vehículos;2015;43
NAVARRA (COMUNIDAD FORAL DE);5.4.-Sustracción de vehículos;2014;16
NAVARRA (COMUNIDAD FORAL DE);5.4.-Sustracción de vehículos;2013;32
NAVARRA (COMUNIDAD FORAL DE);5.4.-Sustracción de vehículos;2012;28
NAVARRA (COMUNIDAD FORAL DE);5.4.-Sustracción de vehículos;2011;16
NAVARRA (COMUNIDAD FORAL DE);5.4.-Sustracción de vehículos;2010;16
NAVARRA (COMUNIDAD FORAL DE);5.5.-Estafas;2023;137
NAVARRA (COMUNIDAD FORAL DE);5.5.-Estafas;2022;119
NAVARRA (COMUNIDAD FORAL DE);5.5.-Estafas;2021;111
NAVARRA (COMUNIDAD FORAL DE);5.5.-Estafas;2020;130
NAVARRA (COMUNIDAD FORAL DE);5.5.-Estafas;2019;91
NAVARRA (COMUNIDAD FORAL DE);5.5.-Estafas;2018;113
NAVARRA (COMUNIDAD FORAL DE);5.5.-Estafas;2017;88
NAVARRA (COMUNIDAD FORAL DE);5.5.-Estafas;2016;91
NAVARRA (COMUNIDAD FORAL DE);5.5.-Estafas;2015;118
NAVARRA (COMUNIDAD FORAL DE);5.5.-Estafas;2014;90
NAVARRA (COMUNIDAD FORAL DE);5.5.-Estafas;2013;65
NAVARRA (COMUNIDAD FORAL DE);5.5.-Estafas;2012;102
NAVARRA (COMUNIDAD FORAL DE);5.5.-Estafas;2011;104
NAVARRA (COMUNIDAD FORAL DE);5.5.-Estafas;2010;149
NAVARRA (COMUNIDAD FORAL DE);5.5.1.-Estafas informáticas;2023;93
NAVARRA (COMUNIDAD FORAL DE);5.5.1.-Estafas informáticas;2022;52
NAVARRA (COMUNIDAD FORAL DE);5.5.1.-Estafas informáticas;2021;59
NAVARRA (COMUNIDAD FORAL DE);5.5.1.-Estafas informáticas;2020;61
NAVARRA (COMUNIDAD FORAL DE);5.5.1.-Estafas informáticas;2019;16
NAVARRA (COMUNIDAD FORAL DE);5.5.1.-Estafas informáticas;2018;33
NAVARRA (COMUNIDAD FORAL DE);5.5.1.-Estafas informáticas;2017;18
NAVARRA (COMUNIDAD FORAL DE);5.5.1.-Estafas informáticas;2016;26
NAVARRA (COMUNIDAD FORAL DE);5.5.1.-Estafas informáticas;2015;11
NAVARRA (COMUNIDAD FORAL DE);5.5.1.-Estafas informáticas;2014;22
NAVARRA (COMUNIDAD FORAL DE);5.5.1.-Estafas informáticas;2013;20
NAVARRA (COMUNIDAD FORAL DE);5.5.1.-Estafas informáticas;2012;48
NAVARRA (COMUNIDAD FORAL DE);5.5.1.-Estafas informáticas;2011;29
NAVARRA (COMUNIDAD FORAL DE);5.5.1.-Estafas informáticas;2010;48
NAVARRA (COMUNIDAD FORAL DE);5.6.-Daños;2023;86
NAVARRA (COMUNIDAD FORAL DE);5.6.-Daños;2022;115
NAVARRA (COMUNIDAD FORAL DE);5.6.-Daños;2021;100
NAVARRA (COMUNIDAD FORAL DE);5.6.-Daños;2020;85
NAVARRA (COMUNIDAD FORAL DE);5.6.-Daños;2019;83
NAVARRA (COMUNIDAD FORAL DE);5.6.-Daños;2018;84
NAVARRA (COMUNIDAD FORAL DE);5.6.-Daños;2017;77
NAVARRA (COMUNIDAD FORAL DE);5.6.-Daños;2016;66
NAVARRA (COMUNIDAD FORAL DE);5.6.-Daños;2015;79
NAVARRA (COMUNIDAD FORAL DE);5.6.-Daños;2014;63
NAVARRA (COMUNIDAD FORAL DE);5.6.-Daños;2013;50
NAVARRA (COMUNIDAD FORAL DE);5.6.-Daños;2012;41
NAVARRA (COMUNIDAD FORAL DE);5.6.-Daños;2011;60
NAVARRA (COMUNIDAD FORAL DE);5.6.-Daños;2010;60
NAVARRA (COMUNIDAD FORAL DE);5.7.-Contra la propiedad intelectual/industrial;2023;22
NAVARRA (COMUNIDAD FORAL DE);5.7.-Contra la propiedad intelectual/industrial;2022;10
NAVARRA (COMUNIDAD FORAL DE);5.7.-Contra la propiedad intelectual/industrial;2021;4
NAVARRA (COMUNIDAD FORAL DE);5.7.-Contra la propiedad intelectual/industrial;2020;6
NAVARRA (COMUNIDAD FORAL DE);5.7.-Contra la propiedad intelectual/industrial;2019;20
NAVARRA (COMUNIDAD FORAL DE);5.7.-Contra la propiedad intelectual/industrial;2018;46
NAVARRA (COMUNIDAD FORAL DE);5.7.-Contra la propiedad intelectual/industrial;2017;13
NAVARRA (COMUNIDAD FORAL DE);5.7.-Contra la propiedad intelectual/industrial;2016;15
NAVARRA (COMUNIDAD FORAL DE);5.7.-Contra la propiedad intelectual/industrial;2015;21
NAVARRA (COMUNIDAD FORAL DE);5.7.-Contra la propiedad intelectual/industrial;2014;41
NAVARRA (COMUNIDAD FORAL DE);5.7.-Contra la propiedad intelectual/industrial;2013;68
NAVARRA (COMUNIDAD FORAL DE);5.7.-Contra la propiedad intelectual/industrial;2012;3
NAVARRA (COMUNIDAD FORAL DE);5.7.-Contra la propiedad intelectual/industrial;2011;3
NAVARRA (COMUNIDAD FORAL DE);5.7.-Contra la propiedad intelectual/industrial;2010;10
NAVARRA (COMUNIDAD FORAL DE);5.8.-Blanqueo de capitales;2023;17
NAVARRA (COMUNIDAD FORAL DE);5.8.-Blanqueo de capitales;2022;1
NAVARRA (COMUNIDAD FORAL DE);5.8.-Blanqueo de capitales;2021;10
NAVARRA (COMUNIDAD FORAL DE);5.8.-Blanqueo de capitales;2020;2
NAVARRA (COMUNIDAD FORAL DE);5.8.-Blanqueo de capitales;2019;4
NAVARRA (COMUNIDAD FORAL DE);5.8.-Blanqueo de capitales;2018;2
NAVARRA (COMUNIDAD FORAL DE);5.8.-Blanqueo de capitales;2017;1
NAVARRA (COMUNIDAD FORAL DE);5.8.-Blanqueo de capitales;2016;0
NAVARRA (COMUNIDAD FORAL DE);5.8.-Blanqueo de capitales;2015;2
NAVARRA (COMUNIDAD FORAL DE);5.8.-Blanqueo de capitales;2014;3
NAVARRA (COMUNIDAD FORAL DE);5.8.-Blanqueo de capitales;2013;1
NAVARRA (COMUNIDAD FORAL DE);5.8.-Blanqueo de capitales;2012;0
NAVARRA (COMUNIDAD FORAL DE);5.8.-Blanqueo de capitales;2011;0
NAVARRA (COMUNIDAD FORAL DE);5.8.-Blanqueo de capitales;2010;1
NAVARRA (COMUNIDAD FORAL DE);5.9.-Otros contra el patrimonio;2023;74
NAVARRA (COMUNIDAD FORAL DE);5.9.-Otros contra el patrimonio;2022;76
NAVARRA (COMUNIDAD FORAL DE);5.9.-Otros contra el patrimonio;2021;66
NAVARRA (COMUNIDAD FORAL DE);5.9.-Otros contra el patrimonio;2020;62
NAVARRA (COMUNIDAD FORAL DE);5.9.-Otros contra el patrimonio;2019;99
NAVARRA (COMUNIDAD FORAL DE);5.9.-Otros contra el patrimonio;2018;106
NAVARRA (COMUNIDAD FORAL DE);5.9.-Otros contra el patrimonio;2017;100
NAVARRA (COMUNIDAD FORAL DE);5.9.-Otros contra el patrimonio;2016;56
NAVARRA (COMUNIDAD FORAL DE);5.9.-Otros contra el patrimonio;2015;96
NAVARRA (COMUNIDAD FORAL DE);5.9.-Otros contra el patrimonio;2014;101
NAVARRA (COMUNIDAD FORAL DE);5.9.-Otros contra el patrimonio;2013;103
NAVARRA (COMUNIDAD FORAL DE);5.9.-Otros contra el patrimonio;2012;116
NAVARRA (COMUNIDAD FORAL DE);5.9.-Otros contra el patrimonio;2011;51
NAVARRA (COMUNIDAD FORAL DE);5.9.-Otros contra el patrimonio;2010;55
NAVARRA (COMUNIDAD FORAL DE);6. SEGURIDAD COLECTIVA;2023;1.333
NAVARRA (COMUNIDAD FORAL DE);6. SEGURIDAD COLECTIVA;2022;1.527
NAVARRA (COMUNIDAD FORAL DE);6. SEGURIDAD COLECTIVA;2021;1.222
NAVARRA (COMUNIDAD FORAL DE);6. SEGURIDAD COLECTIVA;2020;1.102
NAVARRA (COMUNIDAD FORAL DE);6. SEGURIDAD COLECTIVA;2019;1.330
NAVARRA (COMUNIDAD FORAL DE);6. SEGURIDAD COLECTIVA;2018;1.277
NAVARRA (COMUNIDAD FORAL DE);6. SEGURIDAD COLECTIVA;2017;747
NAVARRA (COMUNIDAD FORAL DE);6. SEGURIDAD COLECTIVA;2016;836
NAVARRA (COMUNIDAD FORAL DE);6. SEGURIDAD COLECTIVA;2015;909
NAVARRA (COMUNIDAD FORAL DE);6. SEGURIDAD COLECTIVA;2014;946
NAVARRA (COMUNIDAD FORAL DE);6. SEGURIDAD COLECTIVA;2013;756
NAVARRA (COMUNIDAD FORAL DE);6. SEGURIDAD COLECTIVA;2012;1.079
NAVARRA (COMUNIDAD FORAL DE);6. SEGURIDAD COLECTIVA;2011;1.250
NAVARRA (COMUNIDAD FORAL DE);6. SEGURIDAD COLECTIVA;2010;916
NAVARRA (COMUNIDAD FORAL DE);6.1.-Tráfico de drogas;2023;170
NAVARRA (COMUNIDAD FORAL DE);6.1.-Tráfico de drogas;2022;196
NAVARRA (COMUNIDAD FORAL DE);6.1.-Tráfico de drogas;2021;219
NAVARRA (COMUNIDAD FORAL DE);6.1.-Tráfico de drogas;2020;234
NAVARRA (COMUNIDAD FORAL DE);6.1.-Tráfico de drogas;2019;194
NAVARRA (COMUNIDAD FORAL DE);6.1.-Tráfico de drogas;2018;175
NAVARRA (COMUNIDAD FORAL DE);6.1.-Tráfico de drogas;2017;170
NAVARRA (COMUNIDAD FORAL DE);6.1.-Tráfico de drogas;2016;235
NAVARRA (COMUNIDAD FORAL DE);6.1.-Tráfico de drogas;2015;210
NAVARRA (COMUNIDAD FORAL DE);6.1.-Tráfico de drogas;2014;252
NAVARRA (COMUNIDAD FORAL DE);6.1.-Tráfico de drogas;2013;246
NAVARRA (COMUNIDAD FORAL DE);6.1.-Tráfico de drogas;2012;261
NAVARRA (COMUNIDAD FORAL DE);6.1.-Tráfico de drogas;2011;274
NAVARRA (COMUNIDAD FORAL DE);6.1.-Tráfico de drogas;2010;255
NAVARRA (COMUNIDAD FORAL DE);6.2.-Contra la seguridad vial;2023;1.122
NAVARRA (COMUNIDAD FORAL DE);6.2.-Contra la seguridad vial;2022;1.301
NAVARRA (COMUNIDAD FORAL DE);6.2.-Contra la seguridad vial;2021;986
NAVARRA (COMUNIDAD FORAL DE);6.2.-Contra la seguridad vial;2020;839
NAVARRA (COMUNIDAD FORAL DE);6.2.-Contra la seguridad vial;2019;1.099
NAVARRA (COMUNIDAD FORAL DE);6.2.-Contra la seguridad vial;2018;1.063
NAVARRA (COMUNIDAD FORAL DE);6.2.-Contra la seguridad vial;2017;553
NAVARRA (COMUNIDAD FORAL DE);6.2.-Contra la seguridad vial;2016;585
NAVARRA (COMUNIDAD FORAL DE);6.2.-Contra la seguridad vial;2015;678
NAVARRA (COMUNIDAD FORAL DE);6.2.-Contra la seguridad vial;2014;673
NAVARRA (COMUNIDAD FORAL DE);6.2.-Contra la seguridad vial;2013;493
NAVARRA (COMUNIDAD FORAL DE);6.2.-Contra la seguridad vial;2012;809
NAVARRA (COMUNIDAD FORAL DE);6.2.-Contra la seguridad vial;2011;953
NAVARRA (COMUNIDAD FORAL DE);6.2.-Contra la seguridad vial;2010;614
NAVARRA (COMUNIDAD FORAL DE);6.3.-Otros contra la seguridad colectiva;2023;41
NAVARRA (COMUNIDAD FORAL DE);6.3.-Otros contra la seguridad colectiva;2022;30
NAVARRA (COMUNIDAD FORAL DE);6.3.-Otros contra la seguridad colectiva;2021;17
NAVARRA (COMUNIDAD FORAL DE);6.3.-Otros contra la seguridad colectiva;2020;29
NAVARRA (COMUNIDAD FORAL DE);6.3.-Otros contra la seguridad colectiva;2019;37
NAVARRA (COMUNIDAD FORAL DE);6.3.-Otros contra la seguridad colectiva;2018;39
NAVARRA (COMUNIDAD FORAL DE);6.3.-Otros contra la seguridad colectiva;2017;24
NAVARRA (COMUNIDAD FORAL DE);6.3.-Otros contra la seguridad colectiva;2016;16
NAVARRA (COMUNIDAD FORAL DE);6.3.-Otros contra la seguridad colectiva;2015;21
NAVARRA (COMUNIDAD FORAL DE);6.3.-Otros contra la seguridad colectiva;2014;21
NAVARRA (COMUNIDAD FORAL DE);6.3.-Otros contra la seguridad colectiva;2013;17
NAVARRA (COMUNIDAD FORAL DE);6.3.-Otros contra la seguridad colectiva;2012;9
NAVARRA (COMUNIDAD FORAL DE);6.3.-Otros contra la seguridad colectiva;2011;23
NAVARRA (COMUNIDAD FORAL DE);6.3.-Otros contra la seguridad colectiva;2010;47
NAVARRA (COMUNIDAD FORAL DE);7. FALSEDADES;2023;84
NAVARRA (COMUNIDAD FORAL DE);7. FALSEDADES;2022;77
NAVARRA (COMUNIDAD FORAL DE);7. FALSEDADES;2021;135
NAVARRA (COMUNIDAD FORAL DE);7. FALSEDADES;2020;94
NAVARRA (COMUNIDAD FORAL DE);7. FALSEDADES;2019;88
NAVARRA (COMUNIDAD FORAL DE);7. FALSEDADES;2018;68
NAVARRA (COMUNIDAD FORAL DE);7. FALSEDADES;2017;49
NAVARRA (COMUNIDAD FORAL DE);7. FALSEDADES;2016;52
NAVARRA (COMUNIDAD FORAL DE);7. FALSEDADES;2015;189
NAVARRA (COMUNIDAD FORAL DE);7. FALSEDADES;2014;134
NAVARRA (COMUNIDAD FORAL DE);7. FALSEDADES;2013;94
NAVARRA (COMUNIDAD FORAL DE);7. FALSEDADES;2012;73
NAVARRA (COMUNIDAD FORAL DE);7. FALSEDADES;2011;120
NAVARRA (COMUNIDAD FORAL DE);7. FALSEDADES;2010;97
NAVARRA (COMUNIDAD FORAL DE);8. ADMÓN. PÚBLICA;2023;2
NAVARRA (COMUNIDAD FORAL DE);8. ADMÓN. PÚBLICA;2022;4
NAVARRA (COMUNIDAD FORAL DE);8. ADMÓN. PÚBLICA;2021;2
NAVARRA (COMUNIDAD FORAL DE);8. ADMÓN. PÚBLICA;2020;1
NAVARRA (COMUNIDAD FORAL DE);8. ADMÓN. PÚBLICA;2019;4
NAVARRA (COMUNIDAD FORAL DE);8. ADMÓN. PÚBLICA;2018;2
NAVARRA (COMUNIDAD FORAL DE);8. ADMÓN. PÚBLICA;2017;4
NAVARRA (COMUNIDAD FORAL DE);8. ADMÓN. PÚBLICA;2016;0
NAVARRA (COMUNIDAD FORAL DE);8. ADMÓN. PÚBLICA;2015;2
NAVARRA (COMUNIDAD FORAL DE);8. ADMÓN. PÚBLICA;2014;2
NAVARRA (COMUNIDAD FORAL DE);8. ADMÓN. PÚBLICA;2013;5
NAVARRA (COMUNIDAD FORAL DE);8. ADMÓN. PÚBLICA;2012;3
NAVARRA (COMUNIDAD FORAL DE);8. ADMÓN. PÚBLICA;2011;10
NAVARRA (COMUNIDAD FORAL DE);8. ADMÓN. PÚBLICA;2010;3
NAVARRA (COMUNIDAD FORAL DE);9. ADMÓN. JUSTICIA;2023;292
NAVARRA (COMUNIDAD FORAL DE);9. ADMÓN. JUSTICIA;2022;265
NAVARRA (COMUNIDAD FORAL DE);9. ADMÓN. JUSTICIA;2021;196
NAVARRA (COMUNIDAD FORAL DE);9. ADMÓN. JUSTICIA;2020;205
NAVARRA (COMUNIDAD FORAL DE);9. ADMÓN. JUSTICIA;2019;203
NAVARRA (COMUNIDAD FORAL DE);9. ADMÓN. JUSTICIA;2018;214
NAVARRA (COMUNIDAD FORAL DE);9. ADMÓN. JUSTICIA;2017;189
NAVARRA (COMUNIDAD FORAL DE);9. ADMÓN. JUSTICIA;2016;164
NAVARRA (COMUNIDAD FORAL DE);9. ADMÓN. JUSTICIA;2015;203
NAVARRA (COMUNIDAD FORAL DE);9. ADMÓN. JUSTICIA;2014;138
NAVARRA (COMUNIDAD FORAL DE);9. ADMÓN. JUSTICIA;2013;131
NAVARRA (COMUNIDAD FORAL DE);9. ADMÓN. JUSTICIA;2012;137
NAVARRA (COMUNIDAD FORAL DE);9. ADMÓN. JUSTICIA;2011;135
NAVARRA (COMUNIDAD FORAL DE);9. ADMÓN. JUSTICIA;2010;144
NAVARRA (COMUNIDAD FORAL DE);10. ORDEN PÚBLICO;2023;370
NAVARRA (COMUNIDAD FORAL DE);10. ORDEN PÚBLICO;2022;403
NAVARRA (COMUNIDAD FORAL DE);10. ORDEN PÚBLICO;2021;362
NAVARRA (COMUNIDAD FORAL DE);10. ORDEN PÚBLICO;2020;343
NAVARRA (COMUNIDAD FORAL DE);10. ORDEN PÚBLICO;2019;310
NAVARRA (COMUNIDAD FORAL DE);10. ORDEN PÚBLICO;2018;242
NAVARRA (COMUNIDAD FORAL DE);10. ORDEN PÚBLICO;2017;230
NAVARRA (COMUNIDAD FORAL DE);10. ORDEN PÚBLICO;2016;318
NAVARRA (COMUNIDAD FORAL DE);10. ORDEN PÚBLICO;2015;256
NAVARRA (COMUNIDAD FORAL DE);10. ORDEN PÚBLICO;2014;366
NAVARRA (COMUNIDAD FORAL DE);10. ORDEN PÚBLICO;2013;289
NAVARRA (COMUNIDAD FORAL DE);10. ORDEN PÚBLICO;2012;316
NAVARRA (COMUNIDAD FORAL DE);10. ORDEN PÚBLICO;2011;254
NAVARRA (COMUNIDAD FORAL DE);10. ORDEN PÚBLICO;2010;242
NAVARRA (COMUNIDAD FORAL DE);11. LEGISLACIÓN ESPECIAL;2023;0
NAVARRA (COMUNIDAD FORAL DE);11. LEGISLACIÓN ESPECIAL;2022;11
NAVARRA (COMUNIDAD FORAL DE);11. LEGISLACIÓN ESPECIAL;2021;0
NAVARRA (COMUNIDAD FORAL DE);11. LEGISLACIÓN ESPECIAL;2020;0
NAVARRA (COMUNIDAD FORAL DE);11. LEGISLACIÓN ESPECIAL;2019;0
NAVARRA (COMUNIDAD FORAL DE);11. LEGISLACIÓN ESPECIAL;2018;11
NAVARRA (COMUNIDAD FORAL DE);11. LEGISLACIÓN ESPECIAL;2017;6
NAVARRA (COMUNIDAD FORAL DE);11. LEGISLACIÓN ESPECIAL;2016;0
NAVARRA (COMUNIDAD FORAL DE);11. LEGISLACIÓN ESPECIAL;2015;1
NAVARRA (COMUNIDAD FORAL DE);11. LEGISLACIÓN ESPECIAL;2014;0
NAVARRA (COMUNIDAD FORAL DE);11. LEGISLACIÓN ESPECIAL;2013;0
NAVARRA (COMUNIDAD FORAL DE);11. LEGISLACIÓN ESPECIAL;2012;1
NAVARRA (COMUNIDAD FORAL DE);11. LEGISLACIÓN ESPECIAL;2011;1
NAVARRA (COMUNIDAD FORAL DE);11. LEGISLACIÓN ESPECIAL;2010;0
NAVARRA (COMUNIDAD FORAL DE);12. OTRAS INFRACCIONES PENALES;2023;67
NAVARRA (COMUNIDAD FORAL DE);12. OTRAS INFRACCIONES PENALES;2022;52
NAVARRA (COMUNIDAD FORAL DE);12. OTRAS INFRACCIONES PENALES;2021;77
NAVARRA (COMUNIDAD FORAL DE);12. OTRAS INFRACCIONES PENALES;2020;68
NAVARRA (COMUNIDAD FORAL DE);12. OTRAS INFRACCIONES PENALES;2019;38
NAVARRA (COMUNIDAD FORAL DE);12. OTRAS INFRACCIONES PENALES;2018;47
NAVARRA (COMUNIDAD FORAL DE);12. OTRAS INFRACCIONES PENALES;2017;23
NAVARRA (COMUNIDAD FORAL DE);12. OTRAS INFRACCIONES PENALES;2016;39
NAVARRA (COMUNIDAD FORAL DE);12. OTRAS INFRACCIONES PENALES;2015;32
NAVARRA (COMUNIDAD FORAL DE);12. OTRAS INFRACCIONES PENALES;2014;38
NAVARRA (COMUNIDAD FORAL DE);12. OTRAS INFRACCIONES PENALES;2013;22
NAVARRA (COMUNIDAD FORAL DE);12. OTRAS INFRACCIONES PENALES;2012;33
NAVARRA (COMUNIDAD FORAL DE);12. OTRAS INFRACCIONES PENALES;2011;30
NAVARRA (COMUNIDAD FORAL DE);12. OTRAS INFRACCIONES PENALES;2010;70
NAVARRA (COMUNIDAD FORAL DE);TOTAL INFRACCIONES PENALES;2023;5.474
NAVARRA (COMUNIDAD FORAL DE);TOTAL INFRACCIONES PENALES;2022;5.354
NAVARRA (COMUNIDAD FORAL DE);TOTAL INFRACCIONES PENALES;2021;4.591
NAVARRA (COMUNIDAD FORAL DE);TOTAL INFRACCIONES PENALES;2020;3.954
NAVARRA (COMUNIDAD FORAL DE);TOTAL INFRACCIONES PENALES;2019;4.500
NAVARRA (COMUNIDAD FORAL DE);TOTAL INFRACCIONES PENALES;2018;4.336
NAVARRA (COMUNIDAD FORAL DE);TOTAL INFRACCIONES PENALES;2017;3.367
NAVARRA (COMUNIDAD FORAL DE);TOTAL INFRACCIONES PENALES;2016;3.520
NAVARRA (COMUNIDAD FORAL DE);TOTAL INFRACCIONES PENALES;2015;3.728
NAVARRA (COMUNIDAD FORAL DE);TOTAL INFRACCIONES PENALES;2014;3.843
NAVARRA (COMUNIDAD FORAL DE);TOTAL INFRACCIONES PENALES;2013;3.167
NAVARRA (COMUNIDAD FORAL DE);TOTAL INFRACCIONES PENALES;2012;3.374
NAVARRA (COMUNIDAD FORAL DE);TOTAL INFRACCIONES PENALES;2011;3.492
NAVARRA (COMUNIDAD FORAL DE);TOTAL INFRACCIONES PENALES;2010;3.226
PAÍS VASCO;1. CONTRA LAS PERSONAS;2023;1.411
PAÍS VASCO;1. CONTRA LAS PERSONAS;2022;1.204
PAÍS VASCO;1. CONTRA LAS PERSONAS;2021;872
PAÍS VASCO;1. CONTRA LAS PERSONAS;2020;702
PAÍS VASCO;1. CONTRA LAS PERSONAS;2019;660
PAÍS VASCO;1. CONTRA LAS PERSONAS;2018;505
PAÍS VASCO;1. CONTRA LAS PERSONAS;2017;533
PAÍS VASCO;1. CONTRA LAS PERSONAS;2016;453
PAÍS VASCO;1. CONTRA LAS PERSONAS;2015;494
PAÍS VASCO;1. CONTRA LAS PERSONAS;2014;478
PAÍS VASCO;1. CONTRA LAS PERSONAS;2013;482
PAÍS VASCO;1. CONTRA LAS PERSONAS;2012;548
PAÍS VASCO;1. CONTRA LAS PERSONAS;2011;660
PAÍS VASCO;1. CONTRA LAS PERSONAS;2010;536
PAÍS VASCO;1.1.-Homicidios dolosos/asesinatos;2023;51
PAÍS VASCO;1.1.-Homicidios dolosos/asesinatos;2022;64
PAÍS VASCO;1.1.-Homicidios dolosos/asesinatos;2021;73
PAÍS VASCO;1.1.-Homicidios dolosos/asesinatos;2020;44
PAÍS VASCO;1.1.-Homicidios dolosos/asesinatos;2019;34
PAÍS VASCO;1.1.-Homicidios dolosos/asesinatos;2018;40
PAÍS VASCO;1.1.-Homicidios dolosos/asesinatos;2017;36
PAÍS VASCO;1.1.-Homicidios dolosos/asesinatos;2016;33
PAÍS VASCO;1.1.-Homicidios dolosos/asesinatos;2015;47
PAÍS VASCO;1.1.-Homicidios dolosos/asesinatos;2014;27
PAÍS VASCO;1.1.-Homicidios dolosos/asesinatos;2013;36
PAÍS VASCO;1.1.-Homicidios dolosos/asesinatos;2012;43
PAÍS VASCO;1.1.-Homicidios dolosos/asesinatos;2011;55
PAÍS VASCO;1.1.-Homicidios dolosos/asesinatos;2010;51
PAÍS VASCO;1.1.1.-Homicidios dolosos/asesinatos consumados;2023;13
PAÍS VASCO;1.1.1.-Homicidios dolosos/asesinatos consumados;2022;12
PAÍS VASCO;1.1.1.-Homicidios dolosos/asesinatos consumados;2021;16
PAÍS VASCO;1.1.1.-Homicidios dolosos/asesinatos consumados;2020;14
PAÍS VASCO;1.1.1.-Homicidios dolosos/asesinatos consumados;2019;15
PAÍS VASCO;1.1.1.-Homicidios dolosos/asesinatos consumados;2018;9
PAÍS VASCO;1.1.1.-Homicidios dolosos/asesinatos consumados;2017;3
PAÍS VASCO;1.1.1.-Homicidios dolosos/asesinatos consumados;2016;6
PAÍS VASCO;1.1.1.-Homicidios dolosos/asesinatos consumados;2015;1
PAÍS VASCO;1.1.1.-Homicidios dolosos/asesinatos consumados;2014;0
PAÍS VASCO;1.1.1.-Homicidios dolosos/asesinatos consumados;2013;0
PAÍS VASCO;1.1.1.-Homicidios dolosos/asesinatos consumados;2012;0
PAÍS VASCO;1.1.1.-Homicidios dolosos/asesinatos consumados;2011;0
PAÍS VASCO;1.1.1.-Homicidios dolosos/asesinatos consumados;2010;0
PAÍS VASCO;1.2.-Lesiones;2023;521
PAÍS VASCO;1.2.-Lesiones;2022;466
PAÍS VASCO;1.2.-Lesiones;2021;356
PAÍS VASCO;1.2.-Lesiones;2020;248
PAÍS VASCO;1.2.-Lesiones;2019;292
PAÍS VASCO;1.2.-Lesiones;2018;241
PAÍS VASCO;1.2.-Lesiones;2017;275
PAÍS VASCO;1.2.-Lesiones;2016;271
PAÍS VASCO;1.2.-Lesiones;2015;262
PAÍS VASCO;1.2.-Lesiones;2014;243
PAÍS VASCO;1.2.-Lesiones;2013;248
PAÍS VASCO;1.2.-Lesiones;2012;326
PAÍS VASCO;1.2.-Lesiones;2011;362
PAÍS VASCO;1.2.-Lesiones;2010;306
PAÍS VASCO;1.3.-Malos tratos ámbito familiar;2023;828
PAÍS VASCO;1.3.-Malos tratos ámbito familiar;2022;655
PAÍS VASCO;1.3.-Malos tratos ámbito familiar;2021;438
PAÍS VASCO;1.3.-Malos tratos ámbito familiar;2020;401
PAÍS VASCO;1.3.-Malos tratos ámbito familiar;2019;329
PAÍS VASCO;1.3.-Malos tratos ámbito familiar;2018;212
PAÍS VASCO;1.3.-Malos tratos ámbito familiar;2017;213
PAÍS VASCO;1.3.-Malos tratos ámbito familiar;2016;143
PAÍS VASCO;1.3.-Malos tratos ámbito familiar;2015;168
PAÍS VASCO;1.3.-Malos tratos ámbito familiar;2014;170
PAÍS VASCO;1.3.-Malos tratos ámbito familiar;2013;175
PAÍS VASCO;1.3.-Malos tratos ámbito familiar;2012;164
PAÍS VASCO;1.3.-Malos tratos ámbito familiar;2011;195
PAÍS VASCO;1.3.-Malos tratos ámbito familiar;2010;169
PAÍS VASCO;1.4.-Otros contra las personas;2023;11
PAÍS VASCO;1.4.-Otros contra las personas;2022;19
PAÍS VASCO;1.4.-Otros contra las personas;2021;5
PAÍS VASCO;1.4.-Otros contra las personas;2020;9
PAÍS VASCO;1.4.-Otros contra las personas;2019;5
PAÍS VASCO;1.4.-Otros contra las personas;2018;12
PAÍS VASCO;1.4.-Otros contra las personas;2017;9
PAÍS VASCO;1.4.-Otros contra las personas;2016;6
PAÍS VASCO;1.4.-Otros contra las personas;2015;17
PAÍS VASCO;1.4.-Otros contra las personas;2014;38
PAÍS VASCO;1.4.-Otros contra las personas;2013;23
PAÍS VASCO;1.4.-Otros contra las personas;2012;15
PAÍS VASCO;1.4.-Otros contra las personas;2011;48
PAÍS VASCO;1.4.-Otros contra las personas;2010;10
PAÍS VASCO;2. CONTRA LA LIBERTAD;2023;1.091
PAÍS VASCO;2. CONTRA LA LIBERTAD;2022;916
PAÍS VASCO;2. CONTRA LA LIBERTAD;2021;810
PAÍS VASCO;2. CONTRA LA LIBERTAD;2020;880
PAÍS VASCO;2. CONTRA LA LIBERTAD;2019;818
PAÍS VASCO;2. CONTRA LA LIBERTAD;2018;752
PAÍS VASCO;2. CONTRA LA LIBERTAD;2017;754
PAÍS VASCO;2. CONTRA LA LIBERTAD;2016;771
PAÍS VASCO;2. CONTRA LA LIBERTAD;2015;943
PAÍS VASCO;2. CONTRA LA LIBERTAD;2014;1.111
PAÍS VASCO;2. CONTRA LA LIBERTAD;2013;1.123
PAÍS VASCO;2. CONTRA LA LIBERTAD;2012;1.207
PAÍS VASCO;2. CONTRA LA LIBERTAD;2011;1.138
PAÍS VASCO;2. CONTRA LA LIBERTAD;2010;1.032
PAÍS VASCO;2.1.-Malos tratos habituales en el ámbito familiar;2023;728
PAÍS VASCO;2.1.-Malos tratos habituales en el ámbito familiar;2022;663
PAÍS VASCO;2.1.-Malos tratos habituales en el ámbito familiar;2021;576
PAÍS VASCO;2.1.-Malos tratos habituales en el ámbito familiar;2020;701
PAÍS VASCO;2.1.-Malos tratos habituales en el ámbito familiar;2019;656
PAÍS VASCO;2.1.-Malos tratos habituales en el ámbito familiar;2018;624
PAÍS VASCO;2.1.-Malos tratos habituales en el ámbito familiar;2017;629
PAÍS VASCO;2.1.-Malos tratos habituales en el ámbito familiar;2016;668
PAÍS VASCO;2.1.-Malos tratos habituales en el ámbito familiar;2015;817
PAÍS VASCO;2.1.-Malos tratos habituales en el ámbito familiar;2014;955
PAÍS VASCO;2.1.-Malos tratos habituales en el ámbito familiar;2013;978
PAÍS VASCO;2.1.-Malos tratos habituales en el ámbito familiar;2012;1.046
PAÍS VASCO;2.1.-Malos tratos habituales en el ámbito familiar;2011;968
PAÍS VASCO;2.1.-Malos tratos habituales en el ámbito familiar;2010;883
PAÍS VASCO;2.2.-Otros contra la libertad;2023;363
PAÍS VASCO;2.2.-Otros contra la libertad;2022;253
PAÍS VASCO;2.2.-Otros contra la libertad;2021;234
PAÍS VASCO;2.2.-Otros contra la libertad;2020;179
PAÍS VASCO;2.2.-Otros contra la libertad;2019;162
PAÍS VASCO;2.2.-Otros contra la libertad;2018;128
PAÍS VASCO;2.2.-Otros contra la libertad;2017;125
PAÍS VASCO;2.2.-Otros contra la libertad;2016;103
PAÍS VASCO;2.2.-Otros contra la libertad;2015;126
PAÍS VASCO;2.2.-Otros contra la libertad;2014;156
PAÍS VASCO;2.2.-Otros contra la libertad;2013;145
PAÍS VASCO;2.2.-Otros contra la libertad;2012;161
PAÍS VASCO;2.2.-Otros contra la libertad;2011;170
PAÍS VASCO;2.2.-Otros contra la libertad;2010;149
PAÍS VASCO;3. LIBERTAD SEXUAL;2023;234
PAÍS VASCO;3. LIBERTAD SEXUAL;2022;194
PAÍS VASCO;3. LIBERTAD SEXUAL;2021;184
PAÍS VASCO;3. LIBERTAD SEXUAL;2020;164
PAÍS VASCO;3. LIBERTAD SEXUAL;2019;204
PAÍS VASCO;3. LIBERTAD SEXUAL;2018;165
PAÍS VASCO;3. LIBERTAD SEXUAL;2017;128
PAÍS VASCO;3. LIBERTAD SEXUAL;2016;132
PAÍS VASCO;3. LIBERTAD SEXUAL;2015;110
PAÍS VASCO;3. LIBERTAD SEXUAL;2014;103
PAÍS VASCO;3. LIBERTAD SEXUAL;2013;90
PAÍS VASCO;3. LIBERTAD SEXUAL;2012;133
PAÍS VASCO;3. LIBERTAD SEXUAL;2011;172
PAÍS VASCO;3. LIBERTAD SEXUAL;2010;169
PAÍS VASCO;3.1.-Agresión sexual;2023;128
PAÍS VASCO;3.1.-Agresión sexual;2022;91
PAÍS VASCO;3.1.-Agresión sexual;2021;79
PAÍS VASCO;3.1.-Agresión sexual;2020;71
PAÍS VASCO;3.1.-Agresión sexual;2019;86
PAÍS VASCO;3.1.-Agresión sexual;2018;82
PAÍS VASCO;3.1.-Agresión sexual;2017;58
PAÍS VASCO;3.1.-Agresión sexual;2016;59
PAÍS VASCO;3.1.-Agresión sexual;2015;59
PAÍS VASCO;3.1.-Agresión sexual;2014;50
PAÍS VASCO;3.1.-Agresión sexual;2013;54
PAÍS VASCO;3.1.-Agresión sexual;2012;60
PAÍS VASCO;3.1.-Agresión sexual;2011;79
PAÍS VASCO;3.1.-Agresión sexual;2010;91
PAÍS VASCO;3.2.-Agresión sexual con penetración;2023;62
PAÍS VASCO;3.2.-Agresión sexual con penetración;2022;61
PAÍS VASCO;3.2.-Agresión sexual con penetración;2021;59
PAÍS VASCO;3.2.-Agresión sexual con penetración;2020;48
PAÍS VASCO;3.2.-Agresión sexual con penetración;2019;70
PAÍS VASCO;3.2.-Agresión sexual con penetración;2018;41
PAÍS VASCO;3.2.-Agresión sexual con penetración;2017;30
PAÍS VASCO;3.2.-Agresión sexual con penetración;2016;22
PAÍS VASCO;3.2.-Agresión sexual con penetración;2015;16
PAÍS VASCO;3.2.-Agresión sexual con penetración;2014;23
PAÍS VASCO;3.2.-Agresión sexual con penetración;2013;16
PAÍS VASCO;3.2.-Agresión sexual con penetración;2012;29
PAÍS VASCO;3.2.-Agresión sexual con penetración;2011;17
PAÍS VASCO;3.2.-Agresión sexual con penetración;2010;15
PAÍS VASCO;3.3.-Corrupción de menores o incapacitados;2023;3
PAÍS VASCO;3.3.-Corrupción de menores o incapacitados;2022;7
PAÍS VASCO;3.3.-Corrupción de menores o incapacitados;2021;4
PAÍS VASCO;3.3.-Corrupción de menores o incapacitados;2020;4
PAÍS VASCO;3.3.-Corrupción de menores o incapacitados;2019;2
PAÍS VASCO;3.3.-Corrupción de menores o incapacitados;2018;5
PAÍS VASCO;3.3.-Corrupción de menores o incapacitados;2017;9
PAÍS VASCO;3.3.-Corrupción de menores o incapacitados;2016;13
PAÍS VASCO;3.3.-Corrupción de menores o incapacitados;2015;3
PAÍS VASCO;3.3.-Corrupción de menores o incapacitados;2014;4
PAÍS VASCO;3.3.-Corrupción de menores o incapacitados;2013;4
PAÍS VASCO;3.3.-Corrupción de menores o incapacitados;2012;5
PAÍS VASCO;3.3.-Corrupción de menores o incapacitados;2011;15
PAÍS VASCO;3.3.-Corrupción de menores o incapacitados;2010;2
PAÍS VASCO;3.4.-Pornografía de menores;2023;20
PAÍS VASCO;3.4.-Pornografía de menores;2022;13
PAÍS VASCO;3.4.-Pornografía de menores;2021;22
PAÍS VASCO;3.4.-Pornografía de menores;2020;16
PAÍS VASCO;3.4.-Pornografía de menores;2019;23
PAÍS VASCO;3.4.-Pornografía de menores;2018;27
PAÍS VASCO;3.4.-Pornografía de menores;2017;24
PAÍS VASCO;3.4.-Pornografía de menores;2016;26
PAÍS VASCO;3.4.-Pornografía de menores;2015;18
PAÍS VASCO;3.4.-Pornografía de menores;2014;10
PAÍS VASCO;3.4.-Pornografía de menores;2013;8
PAÍS VASCO;3.4.-Pornografía de menores;2012;27
PAÍS VASCO;3.4.-Pornografía de menores;2011;33
PAÍS VASCO;3.4.-Pornografía de menores;2010;49
PAÍS VASCO;3.5.-Otros contra la libertad sexual;2023;21
PAÍS VASCO;3.5.-Otros contra la libertad sexual;2022;22
PAÍS VASCO;3.5.-Otros contra la libertad sexual;2021;20
PAÍS VASCO;3.5.-Otros contra la libertad sexual;2020;25
PAÍS VASCO;3.5.-Otros contra la libertad sexual;2019;23
PAÍS VASCO;3.5.-Otros contra la libertad sexual;2018;10
PAÍS VASCO;3.5.-Otros contra la libertad sexual;2017;7
PAÍS VASCO;3.5.-Otros contra la libertad sexual;2016;12
PAÍS VASCO;3.5.-Otros contra la libertad sexual;2015;14
PAÍS VASCO;3.5.-Otros contra la libertad sexual;2014;16
PAÍS VASCO;3.5.-Otros contra la libertad sexual;2013;8
PAÍS VASCO;3.5.-Otros contra la libertad sexual;2012;12
PAÍS VASCO;3.5.-Otros contra la libertad sexual;2011;28
PAÍS VASCO;3.5.-Otros contra la libertad sexual;2010;12
PAÍS VASCO;4. RELACIONES FAMILIARES;2023;7
PAÍS VASCO;4. RELACIONES FAMILIARES;2022;3
PAÍS VASCO;4. RELACIONES FAMILIARES;2021;1
PAÍS VASCO;4. RELACIONES FAMILIARES;2020;1
PAÍS VASCO;4. RELACIONES FAMILIARES;2019;6
PAÍS VASCO;4. RELACIONES FAMILIARES;2018;1
PAÍS VASCO;4. RELACIONES FAMILIARES;2017;4
PAÍS VASCO;4. RELACIONES FAMILIARES;2016;6
PAÍS VASCO;4. RELACIONES FAMILIARES;2015;1
PAÍS VASCO;4. RELACIONES FAMILIARES;2014;7
PAÍS VASCO;4. RELACIONES FAMILIARES;2013;8
PAÍS VASCO;4. RELACIONES FAMILIARES;2012;10
PAÍS VASCO;4. RELACIONES FAMILIARES;2011;7
PAÍS VASCO;4. RELACIONES FAMILIARES;2010;6
PAÍS VASCO;5. PATRIMONIO;2023;2.163
PAÍS VASCO;5. PATRIMONIO;2022;2.327
PAÍS VASCO;5. PATRIMONIO;2021;1.748
PAÍS VASCO;5. PATRIMONIO;2020;1.441
PAÍS VASCO;5. PATRIMONIO;2019;1.539
PAÍS VASCO;5. PATRIMONIO;2018;1.449
PAÍS VASCO;5. PATRIMONIO;2017;1.231
PAÍS VASCO;5. PATRIMONIO;2016;1.294
PAÍS VASCO;5. PATRIMONIO;2015;1.529
PAÍS VASCO;5. PATRIMONIO;2014;1.900
PAÍS VASCO;5. PATRIMONIO;2013;2.136
PAÍS VASCO;5. PATRIMONIO;2012;2.260
PAÍS VASCO;5. PATRIMONIO;2011;2.573
PAÍS VASCO;5. PATRIMONIO;2010;2.792
PAÍS VASCO;5.1.-Hurtos;2023;494
PAÍS VASCO;5.1.-Hurtos;2022;519
PAÍS VASCO;5.1.-Hurtos;2021;294
PAÍS VASCO;5.1.-Hurtos;2020;240
PAÍS VASCO;5.1.-Hurtos;2019;330
PAÍS VASCO;5.1.-Hurtos;2018;274
PAÍS VASCO;5.1.-Hurtos;2017;200
PAÍS VASCO;5.1.-Hurtos;2016;215
PAÍS VASCO;5.1.-Hurtos;2015;284
PAÍS VASCO;5.1.-Hurtos;2014;427
PAÍS VASCO;5.1.-Hurtos;2013;493
PAÍS VASCO;5.1.-Hurtos;2012;590
PAÍS VASCO;5.1.-Hurtos;2011;682
PAÍS VASCO;5.1.-Hurtos;2010;682
PAÍS VASCO;5.2.-Robos con fuerza en las cosas;2023;628
PAÍS VASCO;5.2.-Robos con fuerza en las cosas;2022;747
PAÍS VASCO;5.2.-Robos con fuerza en las cosas;2021;731
PAÍS VASCO;5.2.-Robos con fuerza en las cosas;2020;594
PAÍS VASCO;5.2.-Robos con fuerza en las cosas;2019;590
PAÍS VASCO;5.2.-Robos con fuerza en las cosas;2018;528
PAÍS VASCO;5.2.-Robos con fuerza en las cosas;2017;498
PAÍS VASCO;5.2.-Robos con fuerza en las cosas;2016;544
PAÍS VASCO;5.2.-Robos con fuerza en las cosas;2015;672
PAÍS VASCO;5.2.-Robos con fuerza en las cosas;2014;794
PAÍS VASCO;5.2.-Robos con fuerza en las cosas;2013;895
PAÍS VASCO;5.2.-Robos con fuerza en las cosas;2012;877
PAÍS VASCO;5.2.-Robos con fuerza en las cosas;2011;1.078
PAÍS VASCO;5.2.-Robos con fuerza en las cosas;2010;1.189
PAÍS VASCO;5.2.1.-Robos con fuerza en las cosas en el interior de vehículos;2023;1
PAÍS VASCO;5.2.1.-Robos con fuerza en las cosas en el interior de vehículos;2022;0
PAÍS VASCO;5.2.1.-Robos con fuerza en las cosas en el interior de vehículos;2021;0
PAÍS VASCO;5.2.1.-Robos con fuerza en las cosas en el interior de vehículos;2020;3
PAÍS VASCO;5.2.1.-Robos con fuerza en las cosas en el interior de vehículos;2019;0
PAÍS VASCO;5.2.1.-Robos con fuerza en las cosas en el interior de vehículos;2018;1
PAÍS VASCO;5.2.1.-Robos con fuerza en las cosas en el interior de vehículos;2017;0
PAÍS VASCO;5.2.1.-Robos con fuerza en las cosas en el interior de vehículos;2016;1
PAÍS VASCO;5.2.1.-Robos con fuerza en las cosas en el interior de vehículos;2015;1
PAÍS VASCO;5.2.1.-Robos con fuerza en las cosas en el interior de vehículos;2014;3
PAÍS VASCO;5.2.1.-Robos con fuerza en las cosas en el interior de vehículos;2013;7
PAÍS VASCO;5.2.1.-Robos con fuerza en las cosas en el interior de vehículos;2012;2
PAÍS VASCO;5.2.1.-Robos con fuerza en las cosas en el interior de vehículos;2011;6
PAÍS VASCO;5.2.1.-Robos con fuerza en las cosas en el interior de vehículos;2010;4
PAÍS VASCO;5.2.2.-Robos con fuerza en viviendas;2023;153
PAÍS VASCO;5.2.2.-Robos con fuerza en viviendas;2022;151
PAÍS VASCO;5.2.2.-Robos con fuerza en viviendas;2021;171
PAÍS VASCO;5.2.2.-Robos con fuerza en viviendas;2020;123
PAÍS VASCO;5.2.2.-Robos con fuerza en viviendas;2019;145
PAÍS VASCO;5.2.2.-Robos con fuerza en viviendas;2018;151
PAÍS VASCO;5.2.2.-Robos con fuerza en viviendas;2017;119
PAÍS VASCO;5.2.2.-Robos con fuerza en viviendas;2016;134
PAÍS VASCO;5.2.2.-Robos con fuerza en viviendas;2015;113
PAÍS VASCO;5.2.2.-Robos con fuerza en viviendas;2014;192
PAÍS VASCO;5.2.2.-Robos con fuerza en viviendas;2013;187
PAÍS VASCO;5.2.2.-Robos con fuerza en viviendas;2012;155
PAÍS VASCO;5.2.2.-Robos con fuerza en viviendas;2011;174
PAÍS VASCO;5.2.2.-Robos con fuerza en viviendas;2010;126
PAÍS VASCO;5.2.3.-Robos con fuerza en establecimientos;2023;194
PAÍS VASCO;5.2.3.-Robos con fuerza en establecimientos;2022;271
PAÍS VASCO;5.2.3.-Robos con fuerza en establecimientos;2021;286
PAÍS VASCO;5.2.3.-Robos con fuerza en establecimientos;2020;225
PAÍS VASCO;5.2.3.-Robos con fuerza en establecimientos;2019;241
PAÍS VASCO;5.2.3.-Robos con fuerza en establecimientos;2018;183
PAÍS VASCO;5.2.3.-Robos con fuerza en establecimientos;2017;171
PAÍS VASCO;5.2.3.-Robos con fuerza en establecimientos;2016;209
PAÍS VASCO;5.2.3.-Robos con fuerza en establecimientos;2015;233
PAÍS VASCO;5.2.3.-Robos con fuerza en establecimientos;2014;187
PAÍS VASCO;5.2.3.-Robos con fuerza en establecimientos;2013;235
PAÍS VASCO;5.2.3.-Robos con fuerza en establecimientos;2012;238
PAÍS VASCO;5.2.3.-Robos con fuerza en establecimientos;2011;255
PAÍS VASCO;5.2.3.-Robos con fuerza en establecimientos;2010;269
PAÍS VASCO;5.3.-Robos con violencia o intimidación;2023;540
PAÍS VASCO;5.3.-Robos con violencia o intimidación;2022;563
PAÍS VASCO;5.3.-Robos con violencia o intimidación;2021;388
PAÍS VASCO;5.3.-Robos con violencia o intimidación;2020;275
PAÍS VASCO;5.3.-Robos con violencia o intimidación;2019;371
PAÍS VASCO;5.3.-Robos con violencia o intimidación;2018;381
PAÍS VASCO;5.3.-Robos con violencia o intimidación;2017;310
PAÍS VASCO;5.3.-Robos con violencia o intimidación;2016;334
PAÍS VASCO;5.3.-Robos con violencia o intimidación;2015;290
PAÍS VASCO;5.3.-Robos con violencia o intimidación;2014;362
PAÍS VASCO;5.3.-Robos con violencia o intimidación;2013;434
PAÍS VASCO;5.3.-Robos con violencia o intimidación;2012;494
PAÍS VASCO;5.3.-Robos con violencia o intimidación;2011;467
PAÍS VASCO;5.3.-Robos con violencia o intimidación;2010;480
PAÍS VASCO;5.3.1.-Robos con violencia en vía pública;2023;330
PAÍS VASCO;5.3.1.-Robos con violencia en vía pública;2022;393
PAÍS VASCO;5.3.1.-Robos con violencia en vía pública;2021;263
PAÍS VASCO;5.3.1.-Robos con violencia en vía pública;2020;167
PAÍS VASCO;5.3.1.-Robos con violencia en vía pública;2019;201
PAÍS VASCO;5.3.1.-Robos con violencia en vía pública;2018;205
PAÍS VASCO;5.3.1.-Robos con violencia en vía pública;2017;199
PAÍS VASCO;5.3.1.-Robos con violencia en vía pública;2016;198
PAÍS VASCO;5.3.1.-Robos con violencia en vía pública;2015;139
PAÍS VASCO;5.3.1.-Robos con violencia en vía pública;2014;204
PAÍS VASCO;5.3.1.-Robos con violencia en vía pública;2013;198
PAÍS VASCO;5.3.1.-Robos con violencia en vía pública;2012;306
PAÍS VASCO;5.3.1.-Robos con violencia en vía pública;2011;294
PAÍS VASCO;5.3.1.-Robos con violencia en vía pública;2010;264
PAÍS VASCO;5.3.2.-Robos con violencia en viviendas;2023;29
PAÍS VASCO;5.3.2.-Robos con violencia en viviendas;2022;17
PAÍS VASCO;5.3.2.-Robos con violencia en viviendas;2021;13
PAÍS VASCO;5.3.2.-Robos con violencia en viviendas;2020;24
PAÍS VASCO;5.3.2.-Robos con violencia en viviendas;2019;24
PAÍS VASCO;5.3.2.-Robos con violencia en viviendas;2018;30
PAÍS VASCO;5.3.2.-Robos con violencia en viviendas;2017;12
PAÍS VASCO;5.3.2.-Robos con violencia en viviendas;2016;25
PAÍS VASCO;5.3.2.-Robos con violencia en viviendas;2015;31
PAÍS VASCO;5.3.2.-Robos con violencia en viviendas;2014;30
PAÍS VASCO;5.3.2.-Robos con violencia en viviendas;2013;41
PAÍS VASCO;5.3.2.-Robos con violencia en viviendas;2012;34
PAÍS VASCO;5.3.2.-Robos con violencia en viviendas;2011;26
PAÍS VASCO;5.3.2.-Robos con violencia en viviendas;2010;36
PAÍS VASCO;5.3.3.-Robos con violencia en establecimientos;2023;119
PAÍS VASCO;5.3.3.-Robos con violencia en establecimientos;2022;108
PAÍS VASCO;5.3.3.-Robos con violencia en establecimientos;2021;91
PAÍS VASCO;5.3.3.-Robos con violencia en establecimientos;2020;50
PAÍS VASCO;5.3.3.-Robos con violencia en establecimientos;2019;121
PAÍS VASCO;5.3.3.-Robos con violencia en establecimientos;2018;117
PAÍS VASCO;5.3.3.-Robos con violencia en establecimientos;2017;72
PAÍS VASCO;5.3.3.-Robos con violencia en establecimientos;2016;79
PAÍS VASCO;5.3.3.-Robos con violencia en establecimientos;2015;100
PAÍS VASCO;5.3.3.-Robos con violencia en establecimientos;2014;87
PAÍS VASCO;5.3.3.-Robos con violencia en establecimientos;2013;158
PAÍS VASCO;5.3.3.-Robos con violencia en establecimientos;2012;127
PAÍS VASCO;5.3.3.-Robos con violencia en establecimientos;2011;112
PAÍS VASCO;5.3.3.-Robos con violencia en establecimientos;2010;139
PAÍS VASCO;5.4.-Sustracción de vehículos;2023;30
PAÍS VASCO;5.4.-Sustracción de vehículos;2022;44
PAÍS VASCO;5.4.-Sustracción de vehículos;2021;44
PAÍS VASCO;5.4.-Sustracción de vehículos;2020;34
PAÍS VASCO;5.4.-Sustracción de vehículos;2019;44
PAÍS VASCO;5.4.-Sustracción de vehículos;2018;46
PAÍS VASCO;5.4.-Sustracción de vehículos;2017;42
PAÍS VASCO;5.4.-Sustracción de vehículos;2016;25
PAÍS VASCO;5.4.-Sustracción de vehículos;2015;50
PAÍS VASCO;5.4.-Sustracción de vehículos;2014;50
PAÍS VASCO;5.4.-Sustracción de vehículos;2013;42
PAÍS VASCO;5.4.-Sustracción de vehículos;2012;61
PAÍS VASCO;5.4.-Sustracción de vehículos;2011;72
PAÍS VASCO;5.4.-Sustracción de vehículos;2010;101
PAÍS VASCO;5.5.-Estafas;2023;212
PAÍS VASCO;5.5.-Estafas;2022;224
PAÍS VASCO;5.5.-Estafas;2021;164
PAÍS VASCO;5.5.-Estafas;2020;194
PAÍS VASCO;5.5.-Estafas;2019;110
PAÍS VASCO;5.5.-Estafas;2018;126
PAÍS VASCO;5.5.-Estafas;2017;82
PAÍS VASCO;5.5.-Estafas;2016;86
PAÍS VASCO;5.5.-Estafas;2015;111
PAÍS VASCO;5.5.-Estafas;2014;94
PAÍS VASCO;5.5.-Estafas;2013;113
PAÍS VASCO;5.5.-Estafas;2012;95
PAÍS VASCO;5.5.-Estafas;2011;148
PAÍS VASCO;5.5.-Estafas;2010;132
PAÍS VASCO;5.5.1.-Estafas informáticas;2023;149
PAÍS VASCO;5.5.1.-Estafas informáticas;2022;167
PAÍS VASCO;5.5.1.-Estafas informáticas;2021;116
PAÍS VASCO;5.5.1.-Estafas informáticas;2020;143
PAÍS VASCO;5.5.1.-Estafas informáticas;2019;46
PAÍS VASCO;5.5.1.-Estafas informáticas;2018;30
PAÍS VASCO;5.5.1.-Estafas informáticas;2017;33
PAÍS VASCO;5.5.1.-Estafas informáticas;2016;35
PAÍS VASCO;5.5.1.-Estafas informáticas;2015;14
PAÍS VASCO;5.5.1.-Estafas informáticas;2014;16
PAÍS VASCO;5.5.1.-Estafas informáticas;2013;28
PAÍS VASCO;5.5.1.-Estafas informáticas;2012;21
PAÍS VASCO;5.5.1.-Estafas informáticas;2011;22
PAÍS VASCO;5.5.1.-Estafas informáticas;2010;23
PAÍS VASCO;5.6.-Daños;2023;82
PAÍS VASCO;5.6.-Daños;2022;96
PAÍS VASCO;5.6.-Daños;2021;83
PAÍS VASCO;5.6.-Daños;2020;53
PAÍS VASCO;5.6.-Daños;2019;48
PAÍS VASCO;5.6.-Daños;2018;57
PAÍS VASCO;5.6.-Daños;2017;76
PAÍS VASCO;5.6.-Daños;2016;67
PAÍS VASCO;5.6.-Daños;2015;77
PAÍS VASCO;5.6.-Daños;2014;103
PAÍS VASCO;5.6.-Daños;2013;72
PAÍS VASCO;5.6.-Daños;2012;81
PAÍS VASCO;5.6.-Daños;2011;69
PAÍS VASCO;5.6.-Daños;2010;116
PAÍS VASCO;5.7.-Contra la propiedad intelectual/industrial;2023;102
PAÍS VASCO;5.7.-Contra la propiedad intelectual/industrial;2022;75
PAÍS VASCO;5.7.-Contra la propiedad intelectual/industrial;2021;7
PAÍS VASCO;5.7.-Contra la propiedad intelectual/industrial;2020;1
PAÍS VASCO;5.7.-Contra la propiedad intelectual/industrial;2019;8
PAÍS VASCO;5.7.-Contra la propiedad intelectual/industrial;2018;8
PAÍS VASCO;5.7.-Contra la propiedad intelectual/industrial;2017;1
PAÍS VASCO;5.7.-Contra la propiedad intelectual/industrial;2016;0
PAÍS VASCO;5.7.-Contra la propiedad intelectual/industrial;2015;9
PAÍS VASCO;5.7.-Contra la propiedad intelectual/industrial;2014;13
PAÍS VASCO;5.7.-Contra la propiedad intelectual/industrial;2013;26
PAÍS VASCO;5.7.-Contra la propiedad intelectual/industrial;2012;19
PAÍS VASCO;5.7.-Contra la propiedad intelectual/industrial;2011;10
PAÍS VASCO;5.7.-Contra la propiedad intelectual/industrial;2010;24
PAÍS VASCO;5.8.-Blanqueo de capitales;2023;21
PAÍS VASCO;5.8.-Blanqueo de capitales;2022;16
PAÍS VASCO;5.8.-Blanqueo de capitales;2021;0
PAÍS VASCO;5.8.-Blanqueo de capitales;2020;9
PAÍS VASCO;5.8.-Blanqueo de capitales;2019;1
PAÍS VASCO;5.8.-Blanqueo de capitales;2018;15
PAÍS VASCO;5.8.-Blanqueo de capitales;2017;2
PAÍS VASCO;5.8.-Blanqueo de capitales;2016;3
PAÍS VASCO;5.8.-Blanqueo de capitales;2015;11
PAÍS VASCO;5.8.-Blanqueo de capitales;2014;4
PAÍS VASCO;5.8.-Blanqueo de capitales;2013;8
PAÍS VASCO;5.8.-Blanqueo de capitales;2012;0
PAÍS VASCO;5.8.-Blanqueo de capitales;2011;1
PAÍS VASCO;5.8.-Blanqueo de capitales;2010;13
PAÍS VASCO;5.9.-Otros contra el patrimonio;2023;54
PAÍS VASCO;5.9.-Otros contra el patrimonio;2022;43
PAÍS VASCO;5.9.-Otros contra el patrimonio;2021;37
PAÍS VASCO;5.9.-Otros contra el patrimonio;2020;41
PAÍS VASCO;5.9.-Otros contra el patrimonio;2019;37
PAÍS VASCO;5.9.-Otros contra el patrimonio;2018;14
PAÍS VASCO;5.9.-Otros contra el patrimonio;2017;20
PAÍS VASCO;5.9.-Otros contra el patrimonio;2016;20
PAÍS VASCO;5.9.-Otros contra el patrimonio;2015;25
PAÍS VASCO;5.9.-Otros contra el patrimonio;2014;53
PAÍS VASCO;5.9.-Otros contra el patrimonio;2013;53
PAÍS VASCO;5.9.-Otros contra el patrimonio;2012;43
PAÍS VASCO;5.9.-Otros contra el patrimonio;2011;46
PAÍS VASCO;5.9.-Otros contra el patrimonio;2010;55
PAÍS VASCO;6. SEGURIDAD COLECTIVA;2023;538
PAÍS VASCO;6. SEGURIDAD COLECTIVA;2022;614
PAÍS VASCO;6. SEGURIDAD COLECTIVA;2021;503
PAÍS VASCO;6. SEGURIDAD COLECTIVA;2020;490
PAÍS VASCO;6. SEGURIDAD COLECTIVA;2019;473
PAÍS VASCO;6. SEGURIDAD COLECTIVA;2018;518
PAÍS VASCO;6. SEGURIDAD COLECTIVA;2017;550
PAÍS VASCO;6. SEGURIDAD COLECTIVA;2016;609
PAÍS VASCO;6. SEGURIDAD COLECTIVA;2015;800
PAÍS VASCO;6. SEGURIDAD COLECTIVA;2014;1.050
PAÍS VASCO;6. SEGURIDAD COLECTIVA;2013;1.406
PAÍS VASCO;6. SEGURIDAD COLECTIVA;2012;1.852
PAÍS VASCO;6. SEGURIDAD COLECTIVA;2011;2.153
PAÍS VASCO;6. SEGURIDAD COLECTIVA;2010;2.135
PAÍS VASCO;6.1.-Tráfico de drogas;2023;378
PAÍS VASCO;6.1.-Tráfico de drogas;2022;411
PAÍS VASCO;6.1.-Tráfico de drogas;2021;356
PAÍS VASCO;6.1.-Tráfico de drogas;2020;338
PAÍS VASCO;6.1.-Tráfico de drogas;2019;267
PAÍS VASCO;6.1.-Tráfico de drogas;2018;292
PAÍS VASCO;6.1.-Tráfico de drogas;2017;296
PAÍS VASCO;6.1.-Tráfico de drogas;2016;282
PAÍS VASCO;6.1.-Tráfico de drogas;2015;369
PAÍS VASCO;6.1.-Tráfico de drogas;2014;383
PAÍS VASCO;6.1.-Tráfico de drogas;2013;407
PAÍS VASCO;6.1.-Tráfico de drogas;2012;488
PAÍS VASCO;6.1.-Tráfico de drogas;2011;466
PAÍS VASCO;6.1.-Tráfico de drogas;2010;558
PAÍS VASCO;6.2.-Contra la seguridad vial;2023;134
PAÍS VASCO;6.2.-Contra la seguridad vial;2022;168
PAÍS VASCO;6.2.-Contra la seguridad vial;2021;126
PAÍS VASCO;6.2.-Contra la seguridad vial;2020;141
PAÍS VASCO;6.2.-Contra la seguridad vial;2019;197
PAÍS VASCO;6.2.-Contra la seguridad vial;2018;216
PAÍS VASCO;6.2.-Contra la seguridad vial;2017;244
PAÍS VASCO;6.2.-Contra la seguridad vial;2016;316
PAÍS VASCO;6.2.-Contra la seguridad vial;2015;425
PAÍS VASCO;6.2.-Contra la seguridad vial;2014;645
PAÍS VASCO;6.2.-Contra la seguridad vial;2013;986
PAÍS VASCO;6.2.-Contra la seguridad vial;2012;1.342
PAÍS VASCO;6.2.-Contra la seguridad vial;2011;1.671
PAÍS VASCO;6.2.-Contra la seguridad vial;2010;1.559
PAÍS VASCO;6.3.-Otros contra la seguridad colectiva;2023;26
PAÍS VASCO;6.3.-Otros contra la seguridad colectiva;2022;35
PAÍS VASCO;6.3.-Otros contra la seguridad colectiva;2021;21
PAÍS VASCO;6.3.-Otros contra la seguridad colectiva;2020;11
PAÍS VASCO;6.3.-Otros contra la seguridad colectiva;2019;9
PAÍS VASCO;6.3.-Otros contra la seguridad colectiva;2018;10
PAÍS VASCO;6.3.-Otros contra la seguridad colectiva;2017;10
PAÍS VASCO;6.3.-Otros contra la seguridad colectiva;2016;11
PAÍS VASCO;6.3.-Otros contra la seguridad colectiva;2015;6
PAÍS VASCO;6.3.-Otros contra la seguridad colectiva;2014;22
PAÍS VASCO;6.3.-Otros contra la seguridad colectiva;2013;13
PAÍS VASCO;6.3.-Otros contra la seguridad colectiva;2012;22
PAÍS VASCO;6.3.-Otros contra la seguridad colectiva;2011;16
PAÍS VASCO;6.3.-Otros contra la seguridad colectiva;2010;18
PAÍS VASCO;7. FALSEDADES;2023;130
PAÍS VASCO;7. FALSEDADES;2022;188
PAÍS VASCO;7. FALSEDADES;2021;226
PAÍS VASCO;7. FALSEDADES;2020;158
PAÍS VASCO;7. FALSEDADES;2019;244
PAÍS VASCO;7. FALSEDADES;2018;212
PAÍS VASCO;7. FALSEDADES;2017;246
PAÍS VASCO;7. FALSEDADES;2016;301
PAÍS VASCO;7. FALSEDADES;2015;310
PAÍS VASCO;7. FALSEDADES;2014;221
PAÍS VASCO;7. FALSEDADES;2013;237
PAÍS VASCO;7. FALSEDADES;2012;194
PAÍS VASCO;7. FALSEDADES;2011;155
PAÍS VASCO;7. FALSEDADES;2010;130
PAÍS VASCO;8. ADMÓN. PÚBLICA;2023;5
PAÍS VASCO;8. ADMÓN. PÚBLICA;2022;7
PAÍS VASCO;8. ADMÓN. PÚBLICA;2021;5
PAÍS VASCO;8. ADMÓN. PÚBLICA;2020;1
PAÍS VASCO;8. ADMÓN. PÚBLICA;2019;3
PAÍS VASCO;8. ADMÓN. PÚBLICA;2018;7
PAÍS VASCO;8. ADMÓN. PÚBLICA;2017;4
PAÍS VASCO;8. ADMÓN. PÚBLICA;2016;5
PAÍS VASCO;8. ADMÓN. PÚBLICA;2015;7
PAÍS VASCO;8. ADMÓN. PÚBLICA;2014;6
PAÍS VASCO;8. ADMÓN. PÚBLICA;2013;4
PAÍS VASCO;8. ADMÓN. PÚBLICA;2012;2
PAÍS VASCO;8. ADMÓN. PÚBLICA;2011;4
PAÍS VASCO;8. ADMÓN. PÚBLICA;2010;8
PAÍS VASCO;9. ADMÓN. JUSTICIA;2023;660
PAÍS VASCO;9. ADMÓN. JUSTICIA;2022;574
PAÍS VASCO;9. ADMÓN. JUSTICIA;2021;432
PAÍS VASCO;9. ADMÓN. JUSTICIA;2020;338
PAÍS VASCO;9. ADMÓN. JUSTICIA;2019;410
PAÍS VASCO;9. ADMÓN. JUSTICIA;2018;356
PAÍS VASCO;9. ADMÓN. JUSTICIA;2017;324
PAÍS VASCO;9. ADMÓN. JUSTICIA;2016;376
PAÍS VASCO;9. ADMÓN. JUSTICIA;2015;382
PAÍS VASCO;9. ADMÓN. JUSTICIA;2014;383
PAÍS VASCO;9. ADMÓN. JUSTICIA;2013;435
PAÍS VASCO;9. ADMÓN. JUSTICIA;2012;388
PAÍS VASCO;9. ADMÓN. JUSTICIA;2011;414
PAÍS VASCO;9. ADMÓN. JUSTICIA;2010;347
PAÍS VASCO;10. ORDEN PÚBLICO;2023;982
PAÍS VASCO;10. ORDEN PÚBLICO;2022;1.087
PAÍS VASCO;10. ORDEN PÚBLICO;2021;1.112
PAÍS VASCO;10. ORDEN PÚBLICO;2020;1.176
PAÍS VASCO;10. ORDEN PÚBLICO;2019;713
PAÍS VASCO;10. ORDEN PÚBLICO;2018;649
PAÍS VASCO;10. ORDEN PÚBLICO;2017;608
PAÍS VASCO;10. ORDEN PÚBLICO;2016;586
PAÍS VASCO;10. ORDEN PÚBLICO;2015;735
PAÍS VASCO;10. ORDEN PÚBLICO;2014;866
PAÍS VASCO;10. ORDEN PÚBLICO;2013;952
PAÍS VASCO;10. ORDEN PÚBLICO;2012;1.078
PAÍS VASCO;10. ORDEN PÚBLICO;2011;1.164
PAÍS VASCO;10. ORDEN PÚBLICO;2010;1.059
PAÍS VASCO;11. LEGISLACIÓN ESPECIAL;2023;6
PAÍS VASCO;11. LEGISLACIÓN ESPECIAL;2022;2
PAÍS VASCO;11. LEGISLACIÓN ESPECIAL;2021;0
PAÍS VASCO;11. LEGISLACIÓN ESPECIAL;2020;5
PAÍS VASCO;11. LEGISLACIÓN ESPECIAL;2019;0
PAÍS VASCO;11. LEGISLACIÓN ESPECIAL;2018;0
PAÍS VASCO;11. LEGISLACIÓN ESPECIAL;2017;2
PAÍS VASCO;11. LEGISLACIÓN ESPECIAL;2016;2
PAÍS VASCO;11. LEGISLACIÓN ESPECIAL;2015;9
PAÍS VASCO;11. LEGISLACIÓN ESPECIAL;2014;2
PAÍS VASCO;11. LEGISLACIÓN ESPECIAL;2013;12
PAÍS VASCO;11. LEGISLACIÓN ESPECIAL;2012;0
PAÍS VASCO;11. LEGISLACIÓN ESPECIAL;2011;2
PAÍS VASCO;11. LEGISLACIÓN ESPECIAL;2010;2
PAÍS VASCO;12. OTRAS INFRACCIONES PENALES;2023;61
PAÍS VASCO;12. OTRAS INFRACCIONES PENALES;2022;148
PAÍS VASCO;12. OTRAS INFRACCIONES PENALES;2021;80
PAÍS VASCO;12. OTRAS INFRACCIONES PENALES;2020;40
PAÍS VASCO;12. OTRAS INFRACCIONES PENALES;2019;58
PAÍS VASCO;12. OTRAS INFRACCIONES PENALES;2018;51
PAÍS VASCO;12. OTRAS INFRACCIONES PENALES;2017;29
PAÍS VASCO;12. OTRAS INFRACCIONES PENALES;2016;33
PAÍS VASCO;12. OTRAS INFRACCIONES PENALES;2015;56
PAÍS VASCO;12. OTRAS INFRACCIONES PENALES;2014;38
PAÍS VASCO;12. OTRAS INFRACCIONES PENALES;2013;24
PAÍS VASCO;12. OTRAS INFRACCIONES PENALES;2012;46
PAÍS VASCO;12. OTRAS INFRACCIONES PENALES;2011;51
PAÍS VASCO;12. OTRAS INFRACCIONES PENALES;2010;59
PAÍS VASCO;TOTAL INFRACCIONES PENALES;2023;7.288
PAÍS VASCO;TOTAL INFRACCIONES PENALES;2022;7.264
PAÍS VASCO;TOTAL INFRACCIONES PENALES;2021;5.973
PAÍS VASCO;TOTAL INFRACCIONES PENALES;2020;5.396
PAÍS VASCO;TOTAL INFRACCIONES PENALES;2019;5.128
PAÍS VASCO;TOTAL INFRACCIONES PENALES;2018;4.665
PAÍS VASCO;TOTAL INFRACCIONES PENALES;2017;4.413
PAÍS VASCO;TOTAL INFRACCIONES PENALES;2016;4.568
PAÍS VASCO;TOTAL INFRACCIONES PENALES;2015;5.376
PAÍS VASCO;TOTAL INFRACCIONES PENALES;2014;6.165
PAÍS VASCO;TOTAL INFRACCIONES PENALES;2013;6.909
PAÍS VASCO;TOTAL INFRACCIONES PENALES;2012;7.718
PAÍS VASCO;TOTAL INFRACCIONES PENALES;2011;8.493
PAÍS VASCO;TOTAL INFRACCIONES PENALES;2010;8.275
RIOJA (LA);1. CONTRA LAS PERSONAS;2023;1.156
RIOJA (LA);1. CONTRA LAS PERSONAS;2022;1.041
RIOJA (LA);1. CONTRA LAS PERSONAS;2021;921
RIOJA (LA);1. CONTRA LAS PERSONAS;2020;797
RIOJA (LA);1. CONTRA LAS PERSONAS;2019;856
RIOJA (LA);1. CONTRA LAS PERSONAS;2018;880
RIOJA (LA);1. CONTRA LAS PERSONAS;2017;841
RIOJA (LA);1. CONTRA LAS PERSONAS;2016;734
RIOJA (LA);1. CONTRA LAS PERSONAS;2015;890
RIOJA (LA);1. CONTRA LAS PERSONAS;2014;953
RIOJA (LA);1. CONTRA LAS PERSONAS;2013;964
RIOJA (LA);1. CONTRA LAS PERSONAS;2012;871
RIOJA (LA);1. CONTRA LAS PERSONAS;2011;895
RIOJA (LA);1. CONTRA LAS PERSONAS;2010;583
RIOJA (LA);1.1.-Homicidios dolosos/asesinatos;2023;13
RIOJA (LA);1.1.-Homicidios dolosos/asesinatos;2022;9
RIOJA (LA);1.1.-Homicidios dolosos/asesinatos;2021;16
RIOJA (LA);1.1.-Homicidios dolosos/asesinatos;2020;4
RIOJA (LA);1.1.-Homicidios dolosos/asesinatos;2019;15
RIOJA (LA);1.1.-Homicidios dolosos/asesinatos;2018;2
RIOJA (LA);1.1.-Homicidios dolosos/asesinatos;2017;9
RIOJA (LA);1.1.-Homicidios dolosos/asesinatos;2016;3
RIOJA (LA);1.1.-Homicidios dolosos/asesinatos;2015;7
RIOJA (LA);1.1.-Homicidios dolosos/asesinatos;2014;15
RIOJA (LA);1.1.-Homicidios dolosos/asesinatos;2013;10
RIOJA (LA);1.1.-Homicidios dolosos/asesinatos;2012;4
RIOJA (LA);1.1.-Homicidios dolosos/asesinatos;2011;9
RIOJA (LA);1.1.-Homicidios dolosos/asesinatos;2010;7
RIOJA (LA);1.1.1.-Homicidios dolosos/asesinatos consumados;2023;5
RIOJA (LA);1.1.1.-Homicidios dolosos/asesinatos consumados;2022;2
RIOJA (LA);1.1.1.-Homicidios dolosos/asesinatos consumados;2021;10
RIOJA (LA);1.1.1.-Homicidios dolosos/asesinatos consumados;2020;3
RIOJA (LA);1.1.1.-Homicidios dolosos/asesinatos consumados;2019;7
RIOJA (LA);1.1.1.-Homicidios dolosos/asesinatos consumados;2018;0
RIOJA (LA);1.1.1.-Homicidios dolosos/asesinatos consumados;2017;0
RIOJA (LA);1.1.1.-Homicidios dolosos/asesinatos consumados;2016;0
RIOJA (LA);1.1.1.-Homicidios dolosos/asesinatos consumados;2015;1
RIOJA (LA);1.1.1.-Homicidios dolosos/asesinatos consumados;2014;9
RIOJA (LA);1.1.1.-Homicidios dolosos/asesinatos consumados;2013;0
RIOJA (LA);1.1.1.-Homicidios dolosos/asesinatos consumados;2012;0
RIOJA (LA);1.1.1.-Homicidios dolosos/asesinatos consumados;2011;4
RIOJA (LA);1.1.1.-Homicidios dolosos/asesinatos consumados;2010;1
RIOJA (LA);1.2.-Lesiones;2023;459
RIOJA (LA);1.2.-Lesiones;2022;505
RIOJA (LA);1.2.-Lesiones;2021;449
RIOJA (LA);1.2.-Lesiones;2020;374
RIOJA (LA);1.2.-Lesiones;2019;390
RIOJA (LA);1.2.-Lesiones;2018;416
RIOJA (LA);1.2.-Lesiones;2017;400
RIOJA (LA);1.2.-Lesiones;2016;345
RIOJA (LA);1.2.-Lesiones;2015;384
RIOJA (LA);1.2.-Lesiones;2014;362
RIOJA (LA);1.2.-Lesiones;2013;426
RIOJA (LA);1.2.-Lesiones;2012;347
RIOJA (LA);1.2.-Lesiones;2011;454
RIOJA (LA);1.2.-Lesiones;2010;283
RIOJA (LA);1.3.-Malos tratos ámbito familiar;2023;647
RIOJA (LA);1.3.-Malos tratos ámbito familiar;2022;507
RIOJA (LA);1.3.-Malos tratos ámbito familiar;2021;448
RIOJA (LA);1.3.-Malos tratos ámbito familiar;2020;398
RIOJA (LA);1.3.-Malos tratos ámbito familiar;2019;440
RIOJA (LA);1.3.-Malos tratos ámbito familiar;2018;454
RIOJA (LA);1.3.-Malos tratos ámbito familiar;2017;423
RIOJA (LA);1.3.-Malos tratos ámbito familiar;2016;380
RIOJA (LA);1.3.-Malos tratos ámbito familiar;2015;403
RIOJA (LA);1.3.-Malos tratos ámbito familiar;2014;381
RIOJA (LA);1.3.-Malos tratos ámbito familiar;2013;348
RIOJA (LA);1.3.-Malos tratos ámbito familiar;2012;377
RIOJA (LA);1.3.-Malos tratos ámbito familiar;2011;331
RIOJA (LA);1.3.-Malos tratos ámbito familiar;2010;285
RIOJA (LA);1.4.-Otros contra las personas;2023;37
RIOJA (LA);1.4.-Otros contra las personas;2022;20
RIOJA (LA);1.4.-Otros contra las personas;2021;8
RIOJA (LA);1.4.-Otros contra las personas;2020;21
RIOJA (LA);1.4.-Otros contra las personas;2019;11
RIOJA (LA);1.4.-Otros contra las personas;2018;8
RIOJA (LA);1.4.-Otros contra las personas;2017;9
RIOJA (LA);1.4.-Otros contra las personas;2016;6
RIOJA (LA);1.4.-Otros contra las personas;2015;96
RIOJA (LA);1.4.-Otros contra las personas;2014;195
RIOJA (LA);1.4.-Otros contra las personas;2013;180
RIOJA (LA);1.4.-Otros contra las personas;2012;143
RIOJA (LA);1.4.-Otros contra las personas;2011;101
RIOJA (LA);1.4.-Otros contra las personas;2010;8
RIOJA (LA);2. CONTRA LA LIBERTAD;2023;366
RIOJA (LA);2. CONTRA LA LIBERTAD;2022;417
RIOJA (LA);2. CONTRA LA LIBERTAD;2021;410
RIOJA (LA);2. CONTRA LA LIBERTAD;2020;292
RIOJA (LA);2. CONTRA LA LIBERTAD;2019;322
RIOJA (LA);2. CONTRA LA LIBERTAD;2018;332
RIOJA (LA);2. CONTRA LA LIBERTAD;2017;310
RIOJA (LA);2. CONTRA LA LIBERTAD;2016;248
RIOJA (LA);2. CONTRA LA LIBERTAD;2015;225
RIOJA (LA);2. CONTRA LA LIBERTAD;2014;155
RIOJA (LA);2. CONTRA LA LIBERTAD;2013;146
RIOJA (LA);2. CONTRA LA LIBERTAD;2012;172
RIOJA (LA);2. CONTRA LA LIBERTAD;2011;128
RIOJA (LA);2. CONTRA LA LIBERTAD;2010;108
RIOJA (LA);2.1.-Malos tratos habituales en el ámbito familiar;2023;79
RIOJA (LA);2.1.-Malos tratos habituales en el ámbito familiar;2022;90
RIOJA (LA);2.1.-Malos tratos habituales en el ámbito familiar;2021;90
RIOJA (LA);2.1.-Malos tratos habituales en el ámbito familiar;2020;67
RIOJA (LA);2.1.-Malos tratos habituales en el ámbito familiar;2019;58
RIOJA (LA);2.1.-Malos tratos habituales en el ámbito familiar;2018;50
RIOJA (LA);2.1.-Malos tratos habituales en el ámbito familiar;2017;44
RIOJA (LA);2.1.-Malos tratos habituales en el ámbito familiar;2016;37
RIOJA (LA);2.1.-Malos tratos habituales en el ámbito familiar;2015;45
RIOJA (LA);2.1.-Malos tratos habituales en el ámbito familiar;2014;39
RIOJA (LA);2.1.-Malos tratos habituales en el ámbito familiar;2013;36
RIOJA (LA);2.1.-Malos tratos habituales en el ámbito familiar;2012;37
RIOJA (LA);2.1.-Malos tratos habituales en el ámbito familiar;2011;31
RIOJA (LA);2.1.-Malos tratos habituales en el ámbito familiar;2010;31
RIOJA (LA);2.2.-Otros contra la libertad;2023;287
RIOJA (LA);2.2.-Otros contra la libertad;2022;327
RIOJA (LA);2.2.-Otros contra la libertad;2021;320
RIOJA (LA);2.2.-Otros contra la libertad;2020;225
RIOJA (LA);2.2.-Otros contra la libertad;2019;264
RIOJA (LA);2.2.-Otros contra la libertad;2018;282
RIOJA (LA);2.2.-Otros contra la libertad;2017;266
RIOJA (LA);2.2.-Otros contra la libertad;2016;211
RIOJA (LA);2.2.-Otros contra la libertad;2015;180
RIOJA (LA);2.2.-Otros contra la libertad;2014;116
RIOJA (LA);2.2.-Otros contra la libertad;2013;110
RIOJA (LA);2.2.-Otros contra la libertad;2012;135
RIOJA (LA);2.2.-Otros contra la libertad;2011;97
RIOJA (LA);2.2.-Otros contra la libertad;2010;77
RIOJA (LA);3. LIBERTAD SEXUAL;2023;107
RIOJA (LA);3. LIBERTAD SEXUAL;2022;80
RIOJA (LA);3. LIBERTAD SEXUAL;2021;78
RIOJA (LA);3. LIBERTAD SEXUAL;2020;90
RIOJA (LA);3. LIBERTAD SEXUAL;2019;63
RIOJA (LA);3. LIBERTAD SEXUAL;2018;51
RIOJA (LA);3. LIBERTAD SEXUAL;2017;42
RIOJA (LA);3. LIBERTAD SEXUAL;2016;47
RIOJA (LA);3. LIBERTAD SEXUAL;2015;39
RIOJA (LA);3. LIBERTAD SEXUAL;2014;31
RIOJA (LA);3. LIBERTAD SEXUAL;2013;28
RIOJA (LA);3. LIBERTAD SEXUAL;2012;33
RIOJA (LA);3. LIBERTAD SEXUAL;2011;47
RIOJA (LA);3. LIBERTAD SEXUAL;2010;40
RIOJA (LA);3.1.-Agresión sexual;2023;65
RIOJA (LA);3.1.-Agresión sexual;2022;57
RIOJA (LA);3.1.-Agresión sexual;2021;53
RIOJA (LA);3.1.-Agresión sexual;2020;41
RIOJA (LA);3.1.-Agresión sexual;2019;48
RIOJA (LA);3.1.-Agresión sexual;2018;28
RIOJA (LA);3.1.-Agresión sexual;2017;30
RIOJA (LA);3.1.-Agresión sexual;2016;30
RIOJA (LA);3.1.-Agresión sexual;2015;22
RIOJA (LA);3.1.-Agresión sexual;2014;15
RIOJA (LA);3.1.-Agresión sexual;2013;14
RIOJA (LA);3.1.-Agresión sexual;2012;18
RIOJA (LA);3.1.-Agresión sexual;2011;31
RIOJA (LA);3.1.-Agresión sexual;2010;13
RIOJA (LA);3.2.-Agresión sexual con penetración;2023;18
RIOJA (LA);3.2.-Agresión sexual con penetración;2022;15
RIOJA (LA);3.2.-Agresión sexual con penetración;2021;10
RIOJA (LA);3.2.-Agresión sexual con penetración;2020;12
RIOJA (LA);3.2.-Agresión sexual con penetración;2019;12
RIOJA (LA);3.2.-Agresión sexual con penetración;2018;10
RIOJA (LA);3.2.-Agresión sexual con penetración;2017;5
RIOJA (LA);3.2.-Agresión sexual con penetración;2016;10
RIOJA (LA);3.2.-Agresión sexual con penetración;2015;7
RIOJA (LA);3.2.-Agresión sexual con penetración;2014;3
RIOJA (LA);3.2.-Agresión sexual con penetración;2013;2
RIOJA (LA);3.2.-Agresión sexual con penetración;2012;8
RIOJA (LA);3.2.-Agresión sexual con penetración;2011;9
RIOJA (LA);3.2.-Agresión sexual con penetración;2010;15
RIOJA (LA);3.3.-Corrupción de menores o incapacitados;2023;3
RIOJA (LA);3.3.-Corrupción de menores o incapacitados;2022;5
RIOJA (LA);3.3.-Corrupción de menores o incapacitados;2021;1
RIOJA (LA);3.3.-Corrupción de menores o incapacitados;2020;3
RIOJA (LA);3.3.-Corrupción de menores o incapacitados;2019;2
RIOJA (LA);3.3.-Corrupción de menores o incapacitados;2018;2
RIOJA (LA);3.3.-Corrupción de menores o incapacitados;2017;3
RIOJA (LA);3.3.-Corrupción de menores o incapacitados;2016;1
RIOJA (LA);3.3.-Corrupción de menores o incapacitados;2015;4
RIOJA (LA);3.3.-Corrupción de menores o incapacitados;2014;10
RIOJA (LA);3.3.-Corrupción de menores o incapacitados;2013;7
RIOJA (LA);3.3.-Corrupción de menores o incapacitados;2012;3
RIOJA (LA);3.3.-Corrupción de menores o incapacitados;2011;1
RIOJA (LA);3.3.-Corrupción de menores o incapacitados;2010;2
RIOJA (LA);3.4.-Pornografía de menores;2023;6
RIOJA (LA);3.4.-Pornografía de menores;2022;1
RIOJA (LA);3.4.-Pornografía de menores;2021;4
RIOJA (LA);3.4.-Pornografía de menores;2020;3
RIOJA (LA);3.4.-Pornografía de menores;2019;1
RIOJA (LA);3.4.-Pornografía de menores;2018;8
RIOJA (LA);3.4.-Pornografía de menores;2017;1
RIOJA (LA);3.4.-Pornografía de menores;2016;1
RIOJA (LA);3.4.-Pornografía de menores;2015;1
RIOJA (LA);3.4.-Pornografía de menores;2014;3
RIOJA (LA);3.4.-Pornografía de menores;2013;4
RIOJA (LA);3.4.-Pornografía de menores;2012;2
RIOJA (LA);3.4.-Pornografía de menores;2011;4
RIOJA (LA);3.4.-Pornografía de menores;2010;6
RIOJA (LA);3.5.-Otros contra la libertad sexual;2023;15
RIOJA (LA);3.5.-Otros contra la libertad sexual;2022;2
RIOJA (LA);3.5.-Otros contra la libertad sexual;2021;10
RIOJA (LA);3.5.-Otros contra la libertad sexual;2020;31
RIOJA (LA);3.5.-Otros contra la libertad sexual;2019;0
RIOJA (LA);3.5.-Otros contra la libertad sexual;2018;3
RIOJA (LA);3.5.-Otros contra la libertad sexual;2017;3
RIOJA (LA);3.5.-Otros contra la libertad sexual;2016;5
RIOJA (LA);3.5.-Otros contra la libertad sexual;2015;5
RIOJA (LA);3.5.-Otros contra la libertad sexual;2014;0
RIOJA (LA);3.5.-Otros contra la libertad sexual;2013;1
RIOJA (LA);3.5.-Otros contra la libertad sexual;2012;2
RIOJA (LA);3.5.-Otros contra la libertad sexual;2011;2
RIOJA (LA);3.5.-Otros contra la libertad sexual;2010;4
RIOJA (LA);4. RELACIONES FAMILIARES;2023;10
RIOJA (LA);4. RELACIONES FAMILIARES;2022;6
RIOJA (LA);4. RELACIONES FAMILIARES;2021;7
RIOJA (LA);4. RELACIONES FAMILIARES;2020;13
RIOJA (LA);4. RELACIONES FAMILIARES;2019;9
RIOJA (LA);4. RELACIONES FAMILIARES;2018;10
RIOJA (LA);4. RELACIONES FAMILIARES;2017;11
RIOJA (LA);4. RELACIONES FAMILIARES;2016;7
RIOJA (LA);4. RELACIONES FAMILIARES;2015;12
RIOJA (LA);4. RELACIONES FAMILIARES;2014;13
RIOJA (LA);4. RELACIONES FAMILIARES;2013;8
RIOJA (LA);4. RELACIONES FAMILIARES;2012;5
RIOJA (LA);4. RELACIONES FAMILIARES;2011;8
RIOJA (LA);4. RELACIONES FAMILIARES;2010;7
RIOJA (LA);5. PATRIMONIO;2023;1.144
RIOJA (LA);5. PATRIMONIO;2022;1.050
RIOJA (LA);5. PATRIMONIO;2021;802
RIOJA (LA);5. PATRIMONIO;2020;737
RIOJA (LA);5. PATRIMONIO;2019;1.060
RIOJA (LA);5. PATRIMONIO;2018;1.015
RIOJA (LA);5. PATRIMONIO;2017;1.077
RIOJA (LA);5. PATRIMONIO;2016;1.046
RIOJA (LA);5. PATRIMONIO;2015;1.139
RIOJA (LA);5. PATRIMONIO;2014;1.029
RIOJA (LA);5. PATRIMONIO;2013;1.277
RIOJA (LA);5. PATRIMONIO;2012;1.067
RIOJA (LA);5. PATRIMONIO;2011;1.103
RIOJA (LA);5. PATRIMONIO;2010;656
RIOJA (LA);5.1.-Hurtos;2023;595
RIOJA (LA);5.1.-Hurtos;2022;534
RIOJA (LA);5.1.-Hurtos;2021;345
RIOJA (LA);5.1.-Hurtos;2020;347
RIOJA (LA);5.1.-Hurtos;2019;494
RIOJA (LA);5.1.-Hurtos;2018;564
RIOJA (LA);5.1.-Hurtos;2017;532
RIOJA (LA);5.1.-Hurtos;2016;578
RIOJA (LA);5.1.-Hurtos;2015;564
RIOJA (LA);5.1.-Hurtos;2014;406
RIOJA (LA);5.1.-Hurtos;2013;487
RIOJA (LA);5.1.-Hurtos;2012;444
RIOJA (LA);5.1.-Hurtos;2011;474
RIOJA (LA);5.1.-Hurtos;2010;123
RIOJA (LA);5.2.-Robos con fuerza en las cosas;2023;157
RIOJA (LA);5.2.-Robos con fuerza en las cosas;2022;158
RIOJA (LA);5.2.-Robos con fuerza en las cosas;2021;147
RIOJA (LA);5.2.-Robos con fuerza en las cosas;2020;125
RIOJA (LA);5.2.-Robos con fuerza en las cosas;2019;158
RIOJA (LA);5.2.-Robos con fuerza en las cosas;2018;141
RIOJA (LA);5.2.-Robos con fuerza en las cosas;2017;198
RIOJA (LA);5.2.-Robos con fuerza en las cosas;2016;158
RIOJA (LA);5.2.-Robos con fuerza en las cosas;2015;253
RIOJA (LA);5.2.-Robos con fuerza en las cosas;2014;225
RIOJA (LA);5.2.-Robos con fuerza en las cosas;2013;350
RIOJA (LA);5.2.-Robos con fuerza en las cosas;2012;261
RIOJA (LA);5.2.-Robos con fuerza en las cosas;2011;293
RIOJA (LA);5.2.-Robos con fuerza en las cosas;2010;272
RIOJA (LA);5.2.1.-Robos con fuerza en las cosas en el interior de vehículos;2023;16
RIOJA (LA);5.2.1.-Robos con fuerza en las cosas en el interior de vehículos;2022;20
RIOJA (LA);5.2.1.-Robos con fuerza en las cosas en el interior de vehículos;2021;31
RIOJA (LA);5.2.1.-Robos con fuerza en las cosas en el interior de vehículos;2020;17
RIOJA (LA);5.2.1.-Robos con fuerza en las cosas en el interior de vehículos;2019;14
RIOJA (LA);5.2.1.-Robos con fuerza en las cosas en el interior de vehículos;2018;20
RIOJA (LA);5.2.1.-Robos con fuerza en las cosas en el interior de vehículos;2017;18
RIOJA (LA);5.2.1.-Robos con fuerza en las cosas en el interior de vehículos;2016;32
RIOJA (LA);5.2.1.-Robos con fuerza en las cosas en el interior de vehículos;2015;28
RIOJA (LA);5.2.1.-Robos con fuerza en las cosas en el interior de vehículos;2014;32
RIOJA (LA);5.2.1.-Robos con fuerza en las cosas en el interior de vehículos;2013;52
RIOJA (LA);5.2.1.-Robos con fuerza en las cosas en el interior de vehículos;2012;42
RIOJA (LA);5.2.1.-Robos con fuerza en las cosas en el interior de vehículos;2011;36
RIOJA (LA);5.2.1.-Robos con fuerza en las cosas en el interior de vehículos;2010;35
RIOJA (LA);5.2.2.-Robos con fuerza en viviendas;2023;63
RIOJA (LA);5.2.2.-Robos con fuerza en viviendas;2022;45
RIOJA (LA);5.2.2.-Robos con fuerza en viviendas;2021;57
RIOJA (LA);5.2.2.-Robos con fuerza en viviendas;2020;52
RIOJA (LA);5.2.2.-Robos con fuerza en viviendas;2019;54
RIOJA (LA);5.2.2.-Robos con fuerza en viviendas;2018;45
RIOJA (LA);5.2.2.-Robos con fuerza en viviendas;2017;111
RIOJA (LA);5.2.2.-Robos con fuerza en viviendas;2016;56
RIOJA (LA);5.2.2.-Robos con fuerza en viviendas;2015;85
RIOJA (LA);5.2.2.-Robos con fuerza en viviendas;2014;86
RIOJA (LA);5.2.2.-Robos con fuerza en viviendas;2013;139
RIOJA (LA);5.2.2.-Robos con fuerza en viviendas;2012;77
RIOJA (LA);5.2.2.-Robos con fuerza en viviendas;2011;40
RIOJA (LA);5.2.2.-Robos con fuerza en viviendas;2010;42
RIOJA (LA);5.2.3.-Robos con fuerza en establecimientos;2023;32
RIOJA (LA);5.2.3.-Robos con fuerza en establecimientos;2022;34
RIOJA (LA);5.2.3.-Robos con fuerza en establecimientos;2021;30
RIOJA (LA);5.2.3.-Robos con fuerza en establecimientos;2020;30
RIOJA (LA);5.2.3.-Robos con fuerza en establecimientos;2019;30
RIOJA (LA);5.2.3.-Robos con fuerza en establecimientos;2018;32
RIOJA (LA);5.2.3.-Robos con fuerza en establecimientos;2017;35
RIOJA (LA);5.2.3.-Robos con fuerza en establecimientos;2016;27
RIOJA (LA);5.2.3.-Robos con fuerza en establecimientos;2015;68
RIOJA (LA);5.2.3.-Robos con fuerza en establecimientos;2014;33
RIOJA (LA);5.2.3.-Robos con fuerza en establecimientos;2013;69
RIOJA (LA);5.2.3.-Robos con fuerza en establecimientos;2012;62
RIOJA (LA);5.2.3.-Robos con fuerza en establecimientos;2011;53
RIOJA (LA);5.2.3.-Robos con fuerza en establecimientos;2010;81
RIOJA (LA);5.3.-Robos con violencia o intimidación;2023;84
RIOJA (LA);5.3.-Robos con violencia o intimidación;2022;73
RIOJA (LA);5.3.-Robos con violencia o intimidación;2021;53
RIOJA (LA);5.3.-Robos con violencia o intimidación;2020;60
RIOJA (LA);5.3.-Robos con violencia o intimidación;2019;46
RIOJA (LA);5.3.-Robos con violencia o intimidación;2018;44
RIOJA (LA);5.3.-Robos con violencia o intimidación;2017;43
RIOJA (LA);5.3.-Robos con violencia o intimidación;2016;49
RIOJA (LA);5.3.-Robos con violencia o intimidación;2015;59
RIOJA (LA);5.3.-Robos con violencia o intimidación;2014;101
RIOJA (LA);5.3.-Robos con violencia o intimidación;2013;72
RIOJA (LA);5.3.-Robos con violencia o intimidación;2012;84
RIOJA (LA);5.3.-Robos con violencia o intimidación;2011;100
RIOJA (LA);5.3.-Robos con violencia o intimidación;2010;116
RIOJA (LA);5.3.1.-Robos con violencia en vía pública;2023;36
RIOJA (LA);5.3.1.-Robos con violencia en vía pública;2022;33
RIOJA (LA);5.3.1.-Robos con violencia en vía pública;2021;33
RIOJA (LA);5.3.1.-Robos con violencia en vía pública;2020;34
RIOJA (LA);5.3.1.-Robos con violencia en vía pública;2019;28
RIOJA (LA);5.3.1.-Robos con violencia en vía pública;2018;21
RIOJA (LA);5.3.1.-Robos con violencia en vía pública;2017;16
RIOJA (LA);5.3.1.-Robos con violencia en vía pública;2016;34
RIOJA (LA);5.3.1.-Robos con violencia en vía pública;2015;38
RIOJA (LA);5.3.1.-Robos con violencia en vía pública;2014;55
RIOJA (LA);5.3.1.-Robos con violencia en vía pública;2013;38
RIOJA (LA);5.3.1.-Robos con violencia en vía pública;2012;50
RIOJA (LA);5.3.1.-Robos con violencia en vía pública;2011;53
RIOJA (LA);5.3.1.-Robos con violencia en vía pública;2010;47
RIOJA (LA);5.3.2.-Robos con violencia en viviendas;2023;9
RIOJA (LA);5.3.2.-Robos con violencia en viviendas;2022;10
RIOJA (LA);5.3.2.-Robos con violencia en viviendas;2021;6
RIOJA (LA);5.3.2.-Robos con violencia en viviendas;2020;1
RIOJA (LA);5.3.2.-Robos con violencia en viviendas;2019;1
RIOJA (LA);5.3.2.-Robos con violencia en viviendas;2018;7
RIOJA (LA);5.3.2.-Robos con violencia en viviendas;2017;3
RIOJA (LA);5.3.2.-Robos con violencia en viviendas;2016;1
RIOJA (LA);5.3.2.-Robos con violencia en viviendas;2015;7
RIOJA (LA);5.3.2.-Robos con violencia en viviendas;2014;14
RIOJA (LA);5.3.2.-Robos con violencia en viviendas;2013;7
RIOJA (LA);5.3.2.-Robos con violencia en viviendas;2012;9
RIOJA (LA);5.3.2.-Robos con violencia en viviendas;2011;4
RIOJA (LA);5.3.2.-Robos con violencia en viviendas;2010;9
RIOJA (LA);5.3.3.-Robos con violencia en establecimientos;2023;27
RIOJA (LA);5.3.3.-Robos con violencia en establecimientos;2022;23
RIOJA (LA);5.3.3.-Robos con violencia en establecimientos;2021;13
RIOJA (LA);5.3.3.-Robos con violencia en establecimientos;2020;18
RIOJA (LA);5.3.3.-Robos con violencia en establecimientos;2019;15
RIOJA (LA);5.3.3.-Robos con violencia en establecimientos;2018;8
RIOJA (LA);5.3.3.-Robos con violencia en establecimientos;2017;18
RIOJA (LA);5.3.3.-Robos con violencia en establecimientos;2016;13
RIOJA (LA);5.3.3.-Robos con violencia en establecimientos;2015;8
RIOJA (LA);5.3.3.-Robos con violencia en establecimientos;2014;23
RIOJA (LA);5.3.3.-Robos con violencia en establecimientos;2013;22
RIOJA (LA);5.3.3.-Robos con violencia en establecimientos;2012;23
RIOJA (LA);5.3.3.-Robos con violencia en establecimientos;2011;31
RIOJA (LA);5.3.3.-Robos con violencia en establecimientos;2010;42
RIOJA (LA);5.4.-Sustracción de vehículos;2023;20
RIOJA (LA);5.4.-Sustracción de vehículos;2022;26
RIOJA (LA);5.4.-Sustracción de vehículos;2021;18
RIOJA (LA);5.4.-Sustracción de vehículos;2020;8
RIOJA (LA);5.4.-Sustracción de vehículos;2019;22
RIOJA (LA);5.4.-Sustracción de vehículos;2018;18
RIOJA (LA);5.4.-Sustracción de vehículos;2017;30
RIOJA (LA);5.4.-Sustracción de vehículos;2016;20
RIOJA (LA);5.4.-Sustracción de vehículos;2015;35
RIOJA (LA);5.4.-Sustracción de vehículos;2014;16
RIOJA (LA);5.4.-Sustracción de vehículos;2013;31
RIOJA (LA);5.4.-Sustracción de vehículos;2012;22
RIOJA (LA);5.4.-Sustracción de vehículos;2011;33
RIOJA (LA);5.4.-Sustracción de vehículos;2010;19
RIOJA (LA);5.5.-Estafas;2023;84
RIOJA (LA);5.5.-Estafas;2022;64
RIOJA (LA);5.5.-Estafas;2021;62
RIOJA (LA);5.5.-Estafas;2020;41
RIOJA (LA);5.5.-Estafas;2019;68
RIOJA (LA);5.5.-Estafas;2018;73
RIOJA (LA);5.5.-Estafas;2017;88
RIOJA (LA);5.5.-Estafas;2016;73
RIOJA (LA);5.5.-Estafas;2015;96
RIOJA (LA);5.5.-Estafas;2014;100
RIOJA (LA);5.5.-Estafas;2013;148
RIOJA (LA);5.5.-Estafas;2012;88
RIOJA (LA);5.5.-Estafas;2011;62
RIOJA (LA);5.5.-Estafas;2010;46
RIOJA (LA);5.5.1.-Estafas informáticas;2023;34
RIOJA (LA);5.5.1.-Estafas informáticas;2022;25
RIOJA (LA);5.5.1.-Estafas informáticas;2021;31
RIOJA (LA);5.5.1.-Estafas informáticas;2020;18
RIOJA (LA);5.5.1.-Estafas informáticas;2019;18
RIOJA (LA);5.5.1.-Estafas informáticas;2018;9
RIOJA (LA);5.5.1.-Estafas informáticas;2017;13
RIOJA (LA);5.5.1.-Estafas informáticas;2016;15
RIOJA (LA);5.5.1.-Estafas informáticas;2015;13
RIOJA (LA);5.5.1.-Estafas informáticas;2014;10
RIOJA (LA);5.5.1.-Estafas informáticas;2013;12
RIOJA (LA);5.5.1.-Estafas informáticas;2012;10
RIOJA (LA);5.5.1.-Estafas informáticas;2011;13
RIOJA (LA);5.5.1.-Estafas informáticas;2010;15
RIOJA (LA);5.6.-Daños;2023;109
RIOJA (LA);5.6.-Daños;2022;107
RIOJA (LA);5.6.-Daños;2021;100
RIOJA (LA);5.6.-Daños;2020;86
RIOJA (LA);5.6.-Daños;2019;85
RIOJA (LA);5.6.-Daños;2018;83
RIOJA (LA);5.6.-Daños;2017;104
RIOJA (LA);5.6.-Daños;2016;100
RIOJA (LA);5.6.-Daños;2015;67
RIOJA (LA);5.6.-Daños;2014;94
RIOJA (LA);5.6.-Daños;2013;77
RIOJA (LA);5.6.-Daños;2012;95
RIOJA (LA);5.6.-Daños;2011;80
RIOJA (LA);5.6.-Daños;2010;34
RIOJA (LA);5.7.-Contra la propiedad intelectual/industrial;2023;0
RIOJA (LA);5.7.-Contra la propiedad intelectual/industrial;2022;2
RIOJA (LA);5.7.-Contra la propiedad intelectual/industrial;2021;1
RIOJA (LA);5.7.-Contra la propiedad intelectual/industrial;2020;1
RIOJA (LA);5.7.-Contra la propiedad intelectual/industrial;2019;42
RIOJA (LA);5.7.-Contra la propiedad intelectual/industrial;2018;17
RIOJA (LA);5.7.-Contra la propiedad intelectual/industrial;2017;8
RIOJA (LA);5.7.-Contra la propiedad intelectual/industrial;2016;13
RIOJA (LA);5.7.-Contra la propiedad intelectual/industrial;2015;5
RIOJA (LA);5.7.-Contra la propiedad intelectual/industrial;2014;3
RIOJA (LA);5.7.-Contra la propiedad intelectual/industrial;2013;12
RIOJA (LA);5.7.-Contra la propiedad intelectual/industrial;2012;19
RIOJA (LA);5.7.-Contra la propiedad intelectual/industrial;2011;11
RIOJA (LA);5.7.-Contra la propiedad intelectual/industrial;2010;6
RIOJA (LA);5.8.-Blanqueo de capitales;2023;0
RIOJA (LA);5.8.-Blanqueo de capitales;2022;3
RIOJA (LA);5.8.-Blanqueo de capitales;2021;1
RIOJA (LA);5.8.-Blanqueo de capitales;2020;0
RIOJA (LA);5.8.-Blanqueo de capitales;2019;2
RIOJA (LA);5.8.-Blanqueo de capitales;2018;12
RIOJA (LA);5.8.-Blanqueo de capitales;2017;0
RIOJA (LA);5.8.-Blanqueo de capitales;2016;6
RIOJA (LA);5.8.-Blanqueo de capitales;2015;0
RIOJA (LA);5.8.-Blanqueo de capitales;2014;3
RIOJA (LA);5.8.-Blanqueo de capitales;2013;0
RIOJA (LA);5.8.-Blanqueo de capitales;2012;4
RIOJA (LA);5.8.-Blanqueo de capitales;2011;3
RIOJA (LA);5.8.-Blanqueo de capitales;2010;10
RIOJA (LA);5.9.-Otros contra el patrimonio;2023;95
RIOJA (LA);5.9.-Otros contra el patrimonio;2022;83
RIOJA (LA);5.9.-Otros contra el patrimonio;2021;75
RIOJA (LA);5.9.-Otros contra el patrimonio;2020;69
RIOJA (LA);5.9.-Otros contra el patrimonio;2019;143
RIOJA (LA);5.9.-Otros contra el patrimonio;2018;63
RIOJA (LA);5.9.-Otros contra el patrimonio;2017;74
RIOJA (LA);5.9.-Otros contra el patrimonio;2016;49
RIOJA (LA);5.9.-Otros contra el patrimonio;2015;60
RIOJA (LA);5.9.-Otros contra el patrimonio;2014;81
RIOJA (LA);5.9.-Otros contra el patrimonio;2013;100
RIOJA (LA);5.9.-Otros contra el patrimonio;2012;50
RIOJA (LA);5.9.-Otros contra el patrimonio;2011;47
RIOJA (LA);5.9.-Otros contra el patrimonio;2010;30
RIOJA (LA);6. SEGURIDAD COLECTIVA;2023;466
RIOJA (LA);6. SEGURIDAD COLECTIVA;2022;512
RIOJA (LA);6. SEGURIDAD COLECTIVA;2021;455
RIOJA (LA);6. SEGURIDAD COLECTIVA;2020;320
RIOJA (LA);6. SEGURIDAD COLECTIVA;2019;441
RIOJA (LA);6. SEGURIDAD COLECTIVA;2018;380
RIOJA (LA);6. SEGURIDAD COLECTIVA;2017;346
RIOJA (LA);6. SEGURIDAD COLECTIVA;2016;390
RIOJA (LA);6. SEGURIDAD COLECTIVA;2015;392
RIOJA (LA);6. SEGURIDAD COLECTIVA;2014;460
RIOJA (LA);6. SEGURIDAD COLECTIVA;2013;486
RIOJA (LA);6. SEGURIDAD COLECTIVA;2012;541
RIOJA (LA);6. SEGURIDAD COLECTIVA;2011;621
RIOJA (LA);6. SEGURIDAD COLECTIVA;2010;532
RIOJA (LA);6.1.-Tráfico de drogas;2023;162
RIOJA (LA);6.1.-Tráfico de drogas;2022;156
RIOJA (LA);6.1.-Tráfico de drogas;2021;158
RIOJA (LA);6.1.-Tráfico de drogas;2020;129
RIOJA (LA);6.1.-Tráfico de drogas;2019;170
RIOJA (LA);6.1.-Tráfico de drogas;2018;137
RIOJA (LA);6.1.-Tráfico de drogas;2017;149
RIOJA (LA);6.1.-Tráfico de drogas;2016;137
RIOJA (LA);6.1.-Tráfico de drogas;2015;129
RIOJA (LA);6.1.-Tráfico de drogas;2014;144
RIOJA (LA);6.1.-Tráfico de drogas;2013;176
RIOJA (LA);6.1.-Tráfico de drogas;2012;124
RIOJA (LA);6.1.-Tráfico de drogas;2011;93
RIOJA (LA);6.1.-Tráfico de drogas;2010;128
RIOJA (LA);6.2.-Contra la seguridad vial;2023;299
RIOJA (LA);6.2.-Contra la seguridad vial;2022;348
RIOJA (LA);6.2.-Contra la seguridad vial;2021;281
RIOJA (LA);6.2.-Contra la seguridad vial;2020;179
RIOJA (LA);6.2.-Contra la seguridad vial;2019;261
RIOJA (LA);6.2.-Contra la seguridad vial;2018;237
RIOJA (LA);6.2.-Contra la seguridad vial;2017;183
RIOJA (LA);6.2.-Contra la seguridad vial;2016;245
RIOJA (LA);6.2.-Contra la seguridad vial;2015;254
RIOJA (LA);6.2.-Contra la seguridad vial;2014;304
RIOJA (LA);6.2.-Contra la seguridad vial;2013;300
RIOJA (LA);6.2.-Contra la seguridad vial;2012;409
RIOJA (LA);6.2.-Contra la seguridad vial;2011;512
RIOJA (LA);6.2.-Contra la seguridad vial;2010;394
RIOJA (LA);6.3.-Otros contra la seguridad colectiva;2023;5
RIOJA (LA);6.3.-Otros contra la seguridad colectiva;2022;8
RIOJA (LA);6.3.-Otros contra la seguridad colectiva;2021;16
RIOJA (LA);6.3.-Otros contra la seguridad colectiva;2020;12
RIOJA (LA);6.3.-Otros contra la seguridad colectiva;2019;10
RIOJA (LA);6.3.-Otros contra la seguridad colectiva;2018;6
RIOJA (LA);6.3.-Otros contra la seguridad colectiva;2017;14
RIOJA (LA);6.3.-Otros contra la seguridad colectiva;2016;8
RIOJA (LA);6.3.-Otros contra la seguridad colectiva;2015;9
RIOJA (LA);6.3.-Otros contra la seguridad colectiva;2014;12
RIOJA (LA);6.3.-Otros contra la seguridad colectiva;2013;10
RIOJA (LA);6.3.-Otros contra la seguridad colectiva;2012;8
RIOJA (LA);6.3.-Otros contra la seguridad colectiva;2011;16
RIOJA (LA);6.3.-Otros contra la seguridad colectiva;2010;10
RIOJA (LA);7. FALSEDADES;2023;59
RIOJA (LA);7. FALSEDADES;2022;67
RIOJA (LA);7. FALSEDADES;2021;52
RIOJA (LA);7. FALSEDADES;2020;28
RIOJA (LA);7. FALSEDADES;2019;41
RIOJA (LA);7. FALSEDADES;2018;37
RIOJA (LA);7. FALSEDADES;2017;33
RIOJA (LA);7. FALSEDADES;2016;43
RIOJA (LA);7. FALSEDADES;2015;47
RIOJA (LA);7. FALSEDADES;2014;42
RIOJA (LA);7. FALSEDADES;2013;28
RIOJA (LA);7. FALSEDADES;2012;41
RIOJA (LA);7. FALSEDADES;2011;56
RIOJA (LA);7. FALSEDADES;2010;29
RIOJA (LA);8. ADMÓN. PÚBLICA;2023;7
RIOJA (LA);8. ADMÓN. PÚBLICA;2022;0
RIOJA (LA);8. ADMÓN. PÚBLICA;2021;3
RIOJA (LA);8. ADMÓN. PÚBLICA;2020;0
RIOJA (LA);8. ADMÓN. PÚBLICA;2019;13
RIOJA (LA);8. ADMÓN. PÚBLICA;2018;5
RIOJA (LA);8. ADMÓN. PÚBLICA;2017;5
RIOJA (LA);8. ADMÓN. PÚBLICA;2016;7
RIOJA (LA);8. ADMÓN. PÚBLICA;2015;1
RIOJA (LA);8. ADMÓN. PÚBLICA;2014;3
RIOJA (LA);8. ADMÓN. PÚBLICA;2013;0
RIOJA (LA);8. ADMÓN. PÚBLICA;2012;0
RIOJA (LA);8. ADMÓN. PÚBLICA;2011;0
RIOJA (LA);8. ADMÓN. PÚBLICA;2010;0
RIOJA (LA);9. ADMÓN. JUSTICIA;2023;237
RIOJA (LA);9. ADMÓN. JUSTICIA;2022;210
RIOJA (LA);9. ADMÓN. JUSTICIA;2021;179
RIOJA (LA);9. ADMÓN. JUSTICIA;2020;104
RIOJA (LA);9. ADMÓN. JUSTICIA;2019;182
RIOJA (LA);9. ADMÓN. JUSTICIA;2018;159
RIOJA (LA);9. ADMÓN. JUSTICIA;2017;111
RIOJA (LA);9. ADMÓN. JUSTICIA;2016;138
RIOJA (LA);9. ADMÓN. JUSTICIA;2015;115
RIOJA (LA);9. ADMÓN. JUSTICIA;2014;123
RIOJA (LA);9. ADMÓN. JUSTICIA;2013;100
RIOJA (LA);9. ADMÓN. JUSTICIA;2012;139
RIOJA (LA);9. ADMÓN. JUSTICIA;2011;135
RIOJA (LA);9. ADMÓN. JUSTICIA;2010;113
RIOJA (LA);10. ORDEN PÚBLICO;2023;139
RIOJA (LA);10. ORDEN PÚBLICO;2022;144
RIOJA (LA);10. ORDEN PÚBLICO;2021;197
RIOJA (LA);10. ORDEN PÚBLICO;2020;213
RIOJA (LA);10. ORDEN PÚBLICO;2019;100
RIOJA (LA);10. ORDEN PÚBLICO;2018;75
RIOJA (LA);10. ORDEN PÚBLICO;2017;105
RIOJA (LA);10. ORDEN PÚBLICO;2016;107
RIOJA (LA);10. ORDEN PÚBLICO;2015;121
RIOJA (LA);10. ORDEN PÚBLICO;2014;133
RIOJA (LA);10. ORDEN PÚBLICO;2013;174
RIOJA (LA);10. ORDEN PÚBLICO;2012;215
RIOJA (LA);10. ORDEN PÚBLICO;2011;243
RIOJA (LA);10. ORDEN PÚBLICO;2010;166
RIOJA (LA);11. LEGISLACIÓN ESPECIAL;2023;4
RIOJA (LA);11. LEGISLACIÓN ESPECIAL;2022;0
RIOJA (LA);11. LEGISLACIÓN ESPECIAL;2021;0
RIOJA (LA);11. LEGISLACIÓN ESPECIAL;2020;0
RIOJA (LA);11. LEGISLACIÓN ESPECIAL;2019;0
RIOJA (LA);11. LEGISLACIÓN ESPECIAL;2018;2
RIOJA (LA);11. LEGISLACIÓN ESPECIAL;2017;0
RIOJA (LA);11. LEGISLACIÓN ESPECIAL;2016;2
RIOJA (LA);11. LEGISLACIÓN ESPECIAL;2015;0
RIOJA (LA);11. LEGISLACIÓN ESPECIAL;2014;2
RIOJA (LA);11. LEGISLACIÓN ESPECIAL;2013;0
RIOJA (LA);11. LEGISLACIÓN ESPECIAL;2012;1
RIOJA (LA);11. LEGISLACIÓN ESPECIAL;2011;0
RIOJA (LA);11. LEGISLACIÓN ESPECIAL;2010;0
RIOJA (LA);12. OTRAS INFRACCIONES PENALES;2023;34
RIOJA (LA);12. OTRAS INFRACCIONES PENALES;2022;22
RIOJA (LA);12. OTRAS INFRACCIONES PENALES;2021;31
RIOJA (LA);12. OTRAS INFRACCIONES PENALES;2020;31
RIOJA (LA);12. OTRAS INFRACCIONES PENALES;2019;33
RIOJA (LA);12. OTRAS INFRACCIONES PENALES;2018;25
RIOJA (LA);12. OTRAS INFRACCIONES PENALES;2017;27
RIOJA (LA);12. OTRAS INFRACCIONES PENALES;2016;29
RIOJA (LA);12. OTRAS INFRACCIONES PENALES;2015;32
RIOJA (LA);12. OTRAS INFRACCIONES PENALES;2014;23
RIOJA (LA);12. OTRAS INFRACCIONES PENALES;2013;9
RIOJA (LA);12. OTRAS INFRACCIONES PENALES;2012;17
RIOJA (LA);12. OTRAS INFRACCIONES PENALES;2011;10
RIOJA (LA);12. OTRAS INFRACCIONES PENALES;2010;10
RIOJA (LA);TOTAL INFRACCIONES PENALES;2023;3.729
RIOJA (LA);TOTAL INFRACCIONES PENALES;2022;3.549
RIOJA (LA);TOTAL INFRACCIONES PENALES;2021;3.135
RIOJA (LA);TOTAL INFRACCIONES PENALES;2020;2.625
RIOJA (LA);TOTAL INFRACCIONES PENALES;2019;3.120
RIOJA (LA);TOTAL INFRACCIONES PENALES;2018;2.971
RIOJA (LA);TOTAL INFRACCIONES PENALES;2017;2.908
RIOJA (LA);TOTAL INFRACCIONES PENALES;2016;2.798
RIOJA (LA);TOTAL INFRACCIONES PENALES;2015;3.013
RIOJA (LA);TOTAL INFRACCIONES PENALES;2014;2.967
RIOJA (LA);TOTAL INFRACCIONES PENALES;2013;3.220
RIOJA (LA);TOTAL INFRACCIONES PENALES;2012;3.102
RIOJA (LA);TOTAL INFRACCIONES PENALES;2011;3.246
RIOJA (LA);TOTAL INFRACCIONES PENALES;2010;2.244
CIUDAD AUTÓNOMA DE CEUTA;1. CONTRA LAS PERSONAS;2023;280
CIUDAD AUTÓNOMA DE CEUTA;1. CONTRA LAS PERSONAS;2022;292
CIUDAD AUTÓNOMA DE CEUTA;1. CONTRA LAS PERSONAS;2021;291
CIUDAD AUTÓNOMA DE CEUTA;1. CONTRA LAS PERSONAS;2020;194
CIUDAD AUTÓNOMA DE CEUTA;1. CONTRA LAS PERSONAS;2019;197
CIUDAD AUTÓNOMA DE CEUTA;1. CONTRA LAS PERSONAS;2018;224
CIUDAD AUTÓNOMA DE CEUTA;1. CONTRA LAS PERSONAS;2017;256
CIUDAD AUTÓNOMA DE CEUTA;1. CONTRA LAS PERSONAS;2016;221
CIUDAD AUTÓNOMA DE CEUTA;1. CONTRA LAS PERSONAS;2015;198
CIUDAD AUTÓNOMA DE CEUTA;1. CONTRA LAS PERSONAS;2014;221
CIUDAD AUTÓNOMA DE CEUTA;1. CONTRA LAS PERSONAS;2013;183
CIUDAD AUTÓNOMA DE CEUTA;1. CONTRA LAS PERSONAS;2012;155
CIUDAD AUTÓNOMA DE CEUTA;1. CONTRA LAS PERSONAS;2011;133
CIUDAD AUTÓNOMA DE CEUTA;1. CONTRA LAS PERSONAS;2010;122
CIUDAD AUTÓNOMA DE CEUTA;1.1.-Homicidios dolosos/asesinatos;2023;15
CIUDAD AUTÓNOMA DE CEUTA;1.1.-Homicidios dolosos/asesinatos;2022;27
CIUDAD AUTÓNOMA DE CEUTA;1.1.-Homicidios dolosos/asesinatos;2021;13
CIUDAD AUTÓNOMA DE CEUTA;1.1.-Homicidios dolosos/asesinatos;2020;8
CIUDAD AUTÓNOMA DE CEUTA;1.1.-Homicidios dolosos/asesinatos;2019;5
CIUDAD AUTÓNOMA DE CEUTA;1.1.-Homicidios dolosos/asesinatos;2018;5
CIUDAD AUTÓNOMA DE CEUTA;1.1.-Homicidios dolosos/asesinatos;2017;12
CIUDAD AUTÓNOMA DE CEUTA;1.1.-Homicidios dolosos/asesinatos;2016;10
CIUDAD AUTÓNOMA DE CEUTA;1.1.-Homicidios dolosos/asesinatos;2015;5
CIUDAD AUTÓNOMA DE CEUTA;1.1.-Homicidios dolosos/asesinatos;2014;23
CIUDAD AUTÓNOMA DE CEUTA;1.1.-Homicidios dolosos/asesinatos;2013;15
CIUDAD AUTÓNOMA DE CEUTA;1.1.-Homicidios dolosos/asesinatos;2012;14
CIUDAD AUTÓNOMA DE CEUTA;1.1.-Homicidios dolosos/asesinatos;2011;12
CIUDAD AUTÓNOMA DE CEUTA;1.1.-Homicidios dolosos/asesinatos;2010;7
CIUDAD AUTÓNOMA DE CEUTA;1.1.1.-Homicidios dolosos/asesinatos consumados;2023;5
CIUDAD AUTÓNOMA DE CEUTA;1.1.1.-Homicidios dolosos/asesinatos consumados;2022;5
CIUDAD AUTÓNOMA DE CEUTA;1.1.1.-Homicidios dolosos/asesinatos consumados;2021;4
CIUDAD AUTÓNOMA DE CEUTA;1.1.1.-Homicidios dolosos/asesinatos consumados;2020;3
CIUDAD AUTÓNOMA DE CEUTA;1.1.1.-Homicidios dolosos/asesinatos consumados;2019;5
CIUDAD AUTÓNOMA DE CEUTA;1.1.1.-Homicidios dolosos/asesinatos consumados;2018;2
CIUDAD AUTÓNOMA DE CEUTA;1.1.1.-Homicidios dolosos/asesinatos consumados;2017;4
CIUDAD AUTÓNOMA DE CEUTA;1.1.1.-Homicidios dolosos/asesinatos consumados;2016;2
CIUDAD AUTÓNOMA DE CEUTA;1.1.1.-Homicidios dolosos/asesinatos consumados;2015;0
CIUDAD AUTÓNOMA DE CEUTA;1.1.1.-Homicidios dolosos/asesinatos consumados;2014;9
CIUDAD AUTÓNOMA DE CEUTA;1.1.1.-Homicidios dolosos/asesinatos consumados;2013;2
CIUDAD AUTÓNOMA DE CEUTA;1.1.1.-Homicidios dolosos/asesinatos consumados;2012;1
CIUDAD AUTÓNOMA DE CEUTA;1.1.1.-Homicidios dolosos/asesinatos consumados;2011;7
CIUDAD AUTÓNOMA DE CEUTA;1.1.1.-Homicidios dolosos/asesinatos consumados;2010;1
CIUDAD AUTÓNOMA DE CEUTA;1.2.-Lesiones;2023;46
CIUDAD AUTÓNOMA DE CEUTA;1.2.-Lesiones;2022;68
CIUDAD AUTÓNOMA DE CEUTA;1.2.-Lesiones;2021;72
CIUDAD AUTÓNOMA DE CEUTA;1.2.-Lesiones;2020;41
CIUDAD AUTÓNOMA DE CEUTA;1.2.-Lesiones;2019;39
CIUDAD AUTÓNOMA DE CEUTA;1.2.-Lesiones;2018;49
CIUDAD AUTÓNOMA DE CEUTA;1.2.-Lesiones;2017;54
CIUDAD AUTÓNOMA DE CEUTA;1.2.-Lesiones;2016;46
CIUDAD AUTÓNOMA DE CEUTA;1.2.-Lesiones;2015;51
CIUDAD AUTÓNOMA DE CEUTA;1.2.-Lesiones;2014;38
CIUDAD AUTÓNOMA DE CEUTA;1.2.-Lesiones;2013;72
CIUDAD AUTÓNOMA DE CEUTA;1.2.-Lesiones;2012;48
CIUDAD AUTÓNOMA DE CEUTA;1.2.-Lesiones;2011;72
CIUDAD AUTÓNOMA DE CEUTA;1.2.-Lesiones;2010;72
CIUDAD AUTÓNOMA DE CEUTA;1.3.-Malos tratos ámbito familiar;2023;217
CIUDAD AUTÓNOMA DE CEUTA;1.3.-Malos tratos ámbito familiar;2022;197
CIUDAD AUTÓNOMA DE CEUTA;1.3.-Malos tratos ámbito familiar;2021;195
CIUDAD AUTÓNOMA DE CEUTA;1.3.-Malos tratos ámbito familiar;2020;144
CIUDAD AUTÓNOMA DE CEUTA;1.3.-Malos tratos ámbito familiar;2019;152
CIUDAD AUTÓNOMA DE CEUTA;1.3.-Malos tratos ámbito familiar;2018;169
CIUDAD AUTÓNOMA DE CEUTA;1.3.-Malos tratos ámbito familiar;2017;187
CIUDAD AUTÓNOMA DE CEUTA;1.3.-Malos tratos ámbito familiar;2016;157
CIUDAD AUTÓNOMA DE CEUTA;1.3.-Malos tratos ámbito familiar;2015;130
CIUDAD AUTÓNOMA DE CEUTA;1.3.-Malos tratos ámbito familiar;2014;139
CIUDAD AUTÓNOMA DE CEUTA;1.3.-Malos tratos ámbito familiar;2013;89
CIUDAD AUTÓNOMA DE CEUTA;1.3.-Malos tratos ámbito familiar;2012;84
CIUDAD AUTÓNOMA DE CEUTA;1.3.-Malos tratos ámbito familiar;2011;38
CIUDAD AUTÓNOMA DE CEUTA;1.3.-Malos tratos ámbito familiar;2010;35
CIUDAD AUTÓNOMA DE CEUTA;1.4.-Otros contra las personas;2023;2
CIUDAD AUTÓNOMA DE CEUTA;1.4.-Otros contra las personas;2022;0
CIUDAD AUTÓNOMA DE CEUTA;1.4.-Otros contra las personas;2021;11
CIUDAD AUTÓNOMA DE CEUTA;1.4.-Otros contra las personas;2020;1
CIUDAD AUTÓNOMA DE CEUTA;1.4.-Otros contra las personas;2019;1
CIUDAD AUTÓNOMA DE CEUTA;1.4.-Otros contra las personas;2018;1
CIUDAD AUTÓNOMA DE CEUTA;1.4.-Otros contra las personas;2017;3
CIUDAD AUTÓNOMA DE CEUTA;1.4.-Otros contra las personas;2016;8
CIUDAD AUTÓNOMA DE CEUTA;1.4.-Otros contra las personas;2015;12
CIUDAD AUTÓNOMA DE CEUTA;1.4.-Otros contra las personas;2014;21
CIUDAD AUTÓNOMA DE CEUTA;1.4.-Otros contra las personas;2013;7
CIUDAD AUTÓNOMA DE CEUTA;1.4.-Otros contra las personas;2012;9
CIUDAD AUTÓNOMA DE CEUTA;1.4.-Otros contra las personas;2011;11
CIUDAD AUTÓNOMA DE CEUTA;1.4.-Otros contra las personas;2010;8
CIUDAD AUTÓNOMA DE CEUTA;2. CONTRA LA LIBERTAD;2023;61
CIUDAD AUTÓNOMA DE CEUTA;2. CONTRA LA LIBERTAD;2022;56
CIUDAD AUTÓNOMA DE CEUTA;2. CONTRA LA LIBERTAD;2021;87
CIUDAD AUTÓNOMA DE CEUTA;2. CONTRA LA LIBERTAD;2020;54
CIUDAD AUTÓNOMA DE CEUTA;2. CONTRA LA LIBERTAD;2019;37
CIUDAD AUTÓNOMA DE CEUTA;2. CONTRA LA LIBERTAD;2018;43
CIUDAD AUTÓNOMA DE CEUTA;2. CONTRA LA LIBERTAD;2017;53
CIUDAD AUTÓNOMA DE CEUTA;2. CONTRA LA LIBERTAD;2016;63
CIUDAD AUTÓNOMA DE CEUTA;2. CONTRA LA LIBERTAD;2015;71
CIUDAD AUTÓNOMA DE CEUTA;2. CONTRA LA LIBERTAD;2014;66
CIUDAD AUTÓNOMA DE CEUTA;2. CONTRA LA LIBERTAD;2013;107
CIUDAD AUTÓNOMA DE CEUTA;2. CONTRA LA LIBERTAD;2012;139
CIUDAD AUTÓNOMA DE CEUTA;2. CONTRA LA LIBERTAD;2011;168
CIUDAD AUTÓNOMA DE CEUTA;2. CONTRA LA LIBERTAD;2010;199
CIUDAD AUTÓNOMA DE CEUTA;2.1.-Malos tratos habituales en el ámbito familiar;2023;7
CIUDAD AUTÓNOMA DE CEUTA;2.1.-Malos tratos habituales en el ámbito familiar;2022;8
CIUDAD AUTÓNOMA DE CEUTA;2.1.-Malos tratos habituales en el ámbito familiar;2021;5
CIUDAD AUTÓNOMA DE CEUTA;2.1.-Malos tratos habituales en el ámbito familiar;2020;4
CIUDAD AUTÓNOMA DE CEUTA;2.1.-Malos tratos habituales en el ámbito familiar;2019;2
CIUDAD AUTÓNOMA DE CEUTA;2.1.-Malos tratos habituales en el ámbito familiar;2018;13
CIUDAD AUTÓNOMA DE CEUTA;2.1.-Malos tratos habituales en el ámbito familiar;2017;18
CIUDAD AUTÓNOMA DE CEUTA;2.1.-Malos tratos habituales en el ámbito familiar;2016;31
CIUDAD AUTÓNOMA DE CEUTA;2.1.-Malos tratos habituales en el ámbito familiar;2015;32
CIUDAD AUTÓNOMA DE CEUTA;2.1.-Malos tratos habituales en el ámbito familiar;2014;37
CIUDAD AUTÓNOMA DE CEUTA;2.1.-Malos tratos habituales en el ámbito familiar;2013;69
CIUDAD AUTÓNOMA DE CEUTA;2.1.-Malos tratos habituales en el ámbito familiar;2012;82
CIUDAD AUTÓNOMA DE CEUTA;2.1.-Malos tratos habituales en el ámbito familiar;2011;136
CIUDAD AUTÓNOMA DE CEUTA;2.1.-Malos tratos habituales en el ámbito familiar;2010;166
CIUDAD AUTÓNOMA DE CEUTA;2.2.-Otros contra la libertad;2023;54
CIUDAD AUTÓNOMA DE CEUTA;2.2.-Otros contra la libertad;2022;48
CIUDAD AUTÓNOMA DE CEUTA;2.2.-Otros contra la libertad;2021;82
CIUDAD AUTÓNOMA DE CEUTA;2.2.-Otros contra la libertad;2020;50
CIUDAD AUTÓNOMA DE CEUTA;2.2.-Otros contra la libertad;2019;35
CIUDAD AUTÓNOMA DE CEUTA;2.2.-Otros contra la libertad;2018;30
CIUDAD AUTÓNOMA DE CEUTA;2.2.-Otros contra la libertad;2017;35
CIUDAD AUTÓNOMA DE CEUTA;2.2.-Otros contra la libertad;2016;32
CIUDAD AUTÓNOMA DE CEUTA;2.2.-Otros contra la libertad;2015;39
CIUDAD AUTÓNOMA DE CEUTA;2.2.-Otros contra la libertad;2014;29
CIUDAD AUTÓNOMA DE CEUTA;2.2.-Otros contra la libertad;2013;38
CIUDAD AUTÓNOMA DE CEUTA;2.2.-Otros contra la libertad;2012;57
CIUDAD AUTÓNOMA DE CEUTA;2.2.-Otros contra la libertad;2011;32
CIUDAD AUTÓNOMA DE CEUTA;2.2.-Otros contra la libertad;2010;33
CIUDAD AUTÓNOMA DE CEUTA;3. LIBERTAD SEXUAL;2023;35
CIUDAD AUTÓNOMA DE CEUTA;3. LIBERTAD SEXUAL;2022;35
CIUDAD AUTÓNOMA DE CEUTA;3. LIBERTAD SEXUAL;2021;38
CIUDAD AUTÓNOMA DE CEUTA;3. LIBERTAD SEXUAL;2020;28
CIUDAD AUTÓNOMA DE CEUTA;3. LIBERTAD SEXUAL;2019;18
CIUDAD AUTÓNOMA DE CEUTA;3. LIBERTAD SEXUAL;2018;27
CIUDAD AUTÓNOMA DE CEUTA;3. LIBERTAD SEXUAL;2017;19
CIUDAD AUTÓNOMA DE CEUTA;3. LIBERTAD SEXUAL;2016;23
CIUDAD AUTÓNOMA DE CEUTA;3. LIBERTAD SEXUAL;2015;13
CIUDAD AUTÓNOMA DE CEUTA;3. LIBERTAD SEXUAL;2014;6
CIUDAD AUTÓNOMA DE CEUTA;3. LIBERTAD SEXUAL;2013;14
CIUDAD AUTÓNOMA DE CEUTA;3. LIBERTAD SEXUAL;2012;17
CIUDAD AUTÓNOMA DE CEUTA;3. LIBERTAD SEXUAL;2011;12
CIUDAD AUTÓNOMA DE CEUTA;3. LIBERTAD SEXUAL;2010;21
CIUDAD AUTÓNOMA DE CEUTA;3.1.-Agresión sexual;2023;21
CIUDAD AUTÓNOMA DE CEUTA;3.1.-Agresión sexual;2022;30
CIUDAD AUTÓNOMA DE CEUTA;3.1.-Agresión sexual;2021;25
CIUDAD AUTÓNOMA DE CEUTA;3.1.-Agresión sexual;2020;18
CIUDAD AUTÓNOMA DE CEUTA;3.1.-Agresión sexual;2019;12
CIUDAD AUTÓNOMA DE CEUTA;3.1.-Agresión sexual;2018;16
CIUDAD AUTÓNOMA DE CEUTA;3.1.-Agresión sexual;2017;12
CIUDAD AUTÓNOMA DE CEUTA;3.1.-Agresión sexual;2016;15
CIUDAD AUTÓNOMA DE CEUTA;3.1.-Agresión sexual;2015;8
CIUDAD AUTÓNOMA DE CEUTA;3.1.-Agresión sexual;2014;3
CIUDAD AUTÓNOMA DE CEUTA;3.1.-Agresión sexual;2013;8
CIUDAD AUTÓNOMA DE CEUTA;3.1.-Agresión sexual;2012;14
CIUDAD AUTÓNOMA DE CEUTA;3.1.-Agresión sexual;2011;9
CIUDAD AUTÓNOMA DE CEUTA;3.1.-Agresión sexual;2010;11
CIUDAD AUTÓNOMA DE CEUTA;3.2.-Agresión sexual con penetración;2023;11
CIUDAD AUTÓNOMA DE CEUTA;3.2.-Agresión sexual con penetración;2022;4
CIUDAD AUTÓNOMA DE CEUTA;3.2.-Agresión sexual con penetración;2021;4
CIUDAD AUTÓNOMA DE CEUTA;3.2.-Agresión sexual con penetración;2020;3
CIUDAD AUTÓNOMA DE CEUTA;3.2.-Agresión sexual con penetración;2019;2
CIUDAD AUTÓNOMA DE CEUTA;3.2.-Agresión sexual con penetración;2018;4
CIUDAD AUTÓNOMA DE CEUTA;3.2.-Agresión sexual con penetración;2017;4
CIUDAD AUTÓNOMA DE CEUTA;3.2.-Agresión sexual con penetración;2016;3
CIUDAD AUTÓNOMA DE CEUTA;3.2.-Agresión sexual con penetración;2015;1
CIUDAD AUTÓNOMA DE CEUTA;3.2.-Agresión sexual con penetración;2014;1
CIUDAD AUTÓNOMA DE CEUTA;3.2.-Agresión sexual con penetración;2013;1
CIUDAD AUTÓNOMA DE CEUTA;3.2.-Agresión sexual con penetración;2012;0
CIUDAD AUTÓNOMA DE CEUTA;3.2.-Agresión sexual con penetración;2011;1
CIUDAD AUTÓNOMA DE CEUTA;3.2.-Agresión sexual con penetración;2010;1
CIUDAD AUTÓNOMA DE CEUTA;3.3.-Corrupción de menores o incapacitados;2023;0
CIUDAD AUTÓNOMA DE CEUTA;3.3.-Corrupción de menores o incapacitados;2022;0
CIUDAD AUTÓNOMA DE CEUTA;3.3.-Corrupción de menores o incapacitados;2021;0
CIUDAD AUTÓNOMA DE CEUTA;3.3.-Corrupción de menores o incapacitados;2020;0
CIUDAD AUTÓNOMA DE CEUTA;3.3.-Corrupción de menores o incapacitados;2019;0
CIUDAD AUTÓNOMA DE CEUTA;3.3.-Corrupción de menores o incapacitados;2018;0
CIUDAD AUTÓNOMA DE CEUTA;3.3.-Corrupción de menores o incapacitados;2017;1
CIUDAD AUTÓNOMA DE CEUTA;3.3.-Corrupción de menores o incapacitados;2016;2
CIUDAD AUTÓNOMA DE CEUTA;3.3.-Corrupción de menores o incapacitados;2015;1
CIUDAD AUTÓNOMA DE CEUTA;3.3.-Corrupción de menores o incapacitados;2014;1
CIUDAD AUTÓNOMA DE CEUTA;3.3.-Corrupción de menores o incapacitados;2013;0
CIUDAD AUTÓNOMA DE CEUTA;3.3.-Corrupción de menores o incapacitados;2012;0
CIUDAD AUTÓNOMA DE CEUTA;3.3.-Corrupción de menores o incapacitados;2011;0
CIUDAD AUTÓNOMA DE CEUTA;3.3.-Corrupción de menores o incapacitados;2010;5
CIUDAD AUTÓNOMA DE CEUTA;3.4.-Pornografía de menores;2023;2
CIUDAD AUTÓNOMA DE CEUTA;3.4.-Pornografía de menores;2022;1
CIUDAD AUTÓNOMA DE CEUTA;3.4.-Pornografía de menores;2021;1
CIUDAD AUTÓNOMA DE CEUTA;3.4.-Pornografía de menores;2020;0
CIUDAD AUTÓNOMA DE CEUTA;3.4.-Pornografía de menores;2019;0
CIUDAD AUTÓNOMA DE CEUTA;3.4.-Pornografía de menores;2018;4
CIUDAD AUTÓNOMA DE CEUTA;3.4.-Pornografía de menores;2017;0
CIUDAD AUTÓNOMA DE CEUTA;3.4.-Pornografía de menores;2016;1
CIUDAD AUTÓNOMA DE CEUTA;3.4.-Pornografía de menores;2015;0
CIUDAD AUTÓNOMA DE CEUTA;3.4.-Pornografía de menores;2014;0
CIUDAD AUTÓNOMA DE CEUTA;3.4.-Pornografía de menores;2013;1
CIUDAD AUTÓNOMA DE CEUTA;3.4.-Pornografía de menores;2012;1
CIUDAD AUTÓNOMA DE CEUTA;3.4.-Pornografía de menores;2011;0
CIUDAD AUTÓNOMA DE CEUTA;3.4.-Pornografía de menores;2010;1
CIUDAD AUTÓNOMA DE CEUTA;3.5.-Otros contra la libertad sexual;2023;1
CIUDAD AUTÓNOMA DE CEUTA;3.5.-Otros contra la libertad sexual;2022;0
CIUDAD AUTÓNOMA DE CEUTA;3.5.-Otros contra la libertad sexual;2021;8
CIUDAD AUTÓNOMA DE CEUTA;3.5.-Otros contra la libertad sexual;2020;7
CIUDAD AUTÓNOMA DE CEUTA;3.5.-Otros contra la libertad sexual;2019;4
CIUDAD AUTÓNOMA DE CEUTA;3.5.-Otros contra la libertad sexual;2018;3
CIUDAD AUTÓNOMA DE CEUTA;3.5.-Otros contra la libertad sexual;2017;2
CIUDAD AUTÓNOMA DE CEUTA;3.5.-Otros contra la libertad sexual;2016;2
CIUDAD AUTÓNOMA DE CEUTA;3.5.-Otros contra la libertad sexual;2015;3
CIUDAD AUTÓNOMA DE CEUTA;3.5.-Otros contra la libertad sexual;2014;1
CIUDAD AUTÓNOMA DE CEUTA;3.5.-Otros contra la libertad sexual;2013;4
CIUDAD AUTÓNOMA DE CEUTA;3.5.-Otros contra la libertad sexual;2012;2
CIUDAD AUTÓNOMA DE CEUTA;3.5.-Otros contra la libertad sexual;2011;2
CIUDAD AUTÓNOMA DE CEUTA;3.5.-Otros contra la libertad sexual;2010;3
CIUDAD AUTÓNOMA DE CEUTA;4. RELACIONES FAMILIARES;2023;2
CIUDAD AUTÓNOMA DE CEUTA;4. RELACIONES FAMILIARES;2022;2
CIUDAD AUTÓNOMA DE CEUTA;4. RELACIONES FAMILIARES;2021;0
CIUDAD AUTÓNOMA DE CEUTA;4. RELACIONES FAMILIARES;2020;0
CIUDAD AUTÓNOMA DE CEUTA;4. RELACIONES FAMILIARES;2019;3
CIUDAD AUTÓNOMA DE CEUTA;4. RELACIONES FAMILIARES;2018;5
CIUDAD AUTÓNOMA DE CEUTA;4. RELACIONES FAMILIARES;2017;3
CIUDAD AUTÓNOMA DE CEUTA;4. RELACIONES FAMILIARES;2016;4
CIUDAD AUTÓNOMA DE CEUTA;4. RELACIONES FAMILIARES;2015;3
CIUDAD AUTÓNOMA DE CEUTA;4. RELACIONES FAMILIARES;2014;4
CIUDAD AUTÓNOMA DE CEUTA;4. RELACIONES FAMILIARES;2013;4
CIUDAD AUTÓNOMA DE CEUTA;4. RELACIONES FAMILIARES;2012;6
CIUDAD AUTÓNOMA DE CEUTA;4. RELACIONES FAMILIARES;2011;4
CIUDAD AUTÓNOMA DE CEUTA;4. RELACIONES FAMILIARES;2010;4
CIUDAD AUTÓNOMA DE CEUTA;5. PATRIMONIO;2023;253
CIUDAD AUTÓNOMA DE CEUTA;5. PATRIMONIO;2022;245
CIUDAD AUTÓNOMA DE CEUTA;5. PATRIMONIO;2021;253
CIUDAD AUTÓNOMA DE CEUTA;5. PATRIMONIO;2020;284
CIUDAD AUTÓNOMA DE CEUTA;5. PATRIMONIO;2019;344
CIUDAD AUTÓNOMA DE CEUTA;5. PATRIMONIO;2018;424
CIUDAD AUTÓNOMA DE CEUTA;5. PATRIMONIO;2017;355
CIUDAD AUTÓNOMA DE CEUTA;5. PATRIMONIO;2016;428
CIUDAD AUTÓNOMA DE CEUTA;5. PATRIMONIO;2015;455
CIUDAD AUTÓNOMA DE CEUTA;5. PATRIMONIO;2014;469
CIUDAD AUTÓNOMA DE CEUTA;5. PATRIMONIO;2013;705
CIUDAD AUTÓNOMA DE CEUTA;5. PATRIMONIO;2012;630
CIUDAD AUTÓNOMA DE CEUTA;5. PATRIMONIO;2011;567
CIUDAD AUTÓNOMA DE CEUTA;5. PATRIMONIO;2010;578
CIUDAD AUTÓNOMA DE CEUTA;5.1.-Hurtos;2023;36
CIUDAD AUTÓNOMA DE CEUTA;5.1.-Hurtos;2022;22
CIUDAD AUTÓNOMA DE CEUTA;5.1.-Hurtos;2021;24
CIUDAD AUTÓNOMA DE CEUTA;5.1.-Hurtos;2020;53
CIUDAD AUTÓNOMA DE CEUTA;5.1.-Hurtos;2019;94
CIUDAD AUTÓNOMA DE CEUTA;5.1.-Hurtos;2018;165
CIUDAD AUTÓNOMA DE CEUTA;5.1.-Hurtos;2017;137
CIUDAD AUTÓNOMA DE CEUTA;5.1.-Hurtos;2016;142
CIUDAD AUTÓNOMA DE CEUTA;5.1.-Hurtos;2015;159
CIUDAD AUTÓNOMA DE CEUTA;5.1.-Hurtos;2014;145
CIUDAD AUTÓNOMA DE CEUTA;5.1.-Hurtos;2013;187
CIUDAD AUTÓNOMA DE CEUTA;5.1.-Hurtos;2012;173
CIUDAD AUTÓNOMA DE CEUTA;5.1.-Hurtos;2011;136
CIUDAD AUTÓNOMA DE CEUTA;5.1.-Hurtos;2010;131
CIUDAD AUTÓNOMA DE CEUTA;5.2.-Robos con fuerza en las cosas;2023;59
CIUDAD AUTÓNOMA DE CEUTA;5.2.-Robos con fuerza en las cosas;2022;37
CIUDAD AUTÓNOMA DE CEUTA;5.2.-Robos con fuerza en las cosas;2021;44
CIUDAD AUTÓNOMA DE CEUTA;5.2.-Robos con fuerza en las cosas;2020;83
CIUDAD AUTÓNOMA DE CEUTA;5.2.-Robos con fuerza en las cosas;2019;71
CIUDAD AUTÓNOMA DE CEUTA;5.2.-Robos con fuerza en las cosas;2018;80
CIUDAD AUTÓNOMA DE CEUTA;5.2.-Robos con fuerza en las cosas;2017;66
CIUDAD AUTÓNOMA DE CEUTA;5.2.-Robos con fuerza en las cosas;2016;63
CIUDAD AUTÓNOMA DE CEUTA;5.2.-Robos con fuerza en las cosas;2015;111
CIUDAD AUTÓNOMA DE CEUTA;5.2.-Robos con fuerza en las cosas;2014;129
CIUDAD AUTÓNOMA DE CEUTA;5.2.-Robos con fuerza en las cosas;2013;182
CIUDAD AUTÓNOMA DE CEUTA;5.2.-Robos con fuerza en las cosas;2012;168
CIUDAD AUTÓNOMA DE CEUTA;5.2.-Robos con fuerza en las cosas;2011;166
CIUDAD AUTÓNOMA DE CEUTA;5.2.-Robos con fuerza en las cosas;2010;154
CIUDAD AUTÓNOMA DE CEUTA;5.2.1.-Robos con fuerza en las cosas en el interior de vehículos;2023;22
CIUDAD AUTÓNOMA DE CEUTA;5.2.1.-Robos con fuerza en las cosas en el interior de vehículos;2022;2
CIUDAD AUTÓNOMA DE CEUTA;5.2.1.-Robos con fuerza en las cosas en el interior de vehículos;2021;13
CIUDAD AUTÓNOMA DE CEUTA;5.2.1.-Robos con fuerza en las cosas en el interior de vehículos;2020;12
CIUDAD AUTÓNOMA DE CEUTA;5.2.1.-Robos con fuerza en las cosas en el interior de vehículos;2019;32
CIUDAD AUTÓNOMA DE CEUTA;5.2.1.-Robos con fuerza en las cosas en el interior de vehículos;2018;21
CIUDAD AUTÓNOMA DE CEUTA;5.2.1.-Robos con fuerza en las cosas en el interior de vehículos;2017;27
CIUDAD AUTÓNOMA DE CEUTA;5.2.1.-Robos con fuerza en las cosas en el interior de vehículos;2016;34
CIUDAD AUTÓNOMA DE CEUTA;5.2.1.-Robos con fuerza en las cosas en el interior de vehículos;2015;58
CIUDAD AUTÓNOMA DE CEUTA;5.2.1.-Robos con fuerza en las cosas en el interior de vehículos;2014;73
CIUDAD AUTÓNOMA DE CEUTA;5.2.1.-Robos con fuerza en las cosas en el interior de vehículos;2013;66
CIUDAD AUTÓNOMA DE CEUTA;5.2.1.-Robos con fuerza en las cosas en el interior de vehículos;2012;74
CIUDAD AUTÓNOMA DE CEUTA;5.2.1.-Robos con fuerza en las cosas en el interior de vehículos;2011;92
CIUDAD AUTÓNOMA DE CEUTA;5.2.1.-Robos con fuerza en las cosas en el interior de vehículos;2010;66
CIUDAD AUTÓNOMA DE CEUTA;5.2.2.-Robos con fuerza en viviendas;2023;9
CIUDAD AUTÓNOMA DE CEUTA;5.2.2.-Robos con fuerza en viviendas;2022;4
CIUDAD AUTÓNOMA DE CEUTA;5.2.2.-Robos con fuerza en viviendas;2021;11
CIUDAD AUTÓNOMA DE CEUTA;5.2.2.-Robos con fuerza en viviendas;2020;12
CIUDAD AUTÓNOMA DE CEUTA;5.2.2.-Robos con fuerza en viviendas;2019;21
CIUDAD AUTÓNOMA DE CEUTA;5.2.2.-Robos con fuerza en viviendas;2018;19
CIUDAD AUTÓNOMA DE CEUTA;5.2.2.-Robos con fuerza en viviendas;2017;13
CIUDAD AUTÓNOMA DE CEUTA;5.2.2.-Robos con fuerza en viviendas;2016;15
CIUDAD AUTÓNOMA DE CEUTA;5.2.2.-Robos con fuerza en viviendas;2015;17
CIUDAD AUTÓNOMA DE CEUTA;5.2.2.-Robos con fuerza en viviendas;2014;22
CIUDAD AUTÓNOMA DE CEUTA;5.2.2.-Robos con fuerza en viviendas;2013;24
CIUDAD AUTÓNOMA DE CEUTA;5.2.2.-Robos con fuerza en viviendas;2012;24
CIUDAD AUTÓNOMA DE CEUTA;5.2.2.-Robos con fuerza en viviendas;2011;25
CIUDAD AUTÓNOMA DE CEUTA;5.2.2.-Robos con fuerza en viviendas;2010;25
CIUDAD AUTÓNOMA DE CEUTA;5.2.3.-Robos con fuerza en establecimientos;2023;12
CIUDAD AUTÓNOMA DE CEUTA;5.2.3.-Robos con fuerza en establecimientos;2022;13
CIUDAD AUTÓNOMA DE CEUTA;5.2.3.-Robos con fuerza en establecimientos;2021;11
CIUDAD AUTÓNOMA DE CEUTA;5.2.3.-Robos con fuerza en establecimientos;2020;13
CIUDAD AUTÓNOMA DE CEUTA;5.2.3.-Robos con fuerza en establecimientos;2019;6
CIUDAD AUTÓNOMA DE CEUTA;5.2.3.-Robos con fuerza en establecimientos;2018;11
CIUDAD AUTÓNOMA DE CEUTA;5.2.3.-Robos con fuerza en establecimientos;2017;14
CIUDAD AUTÓNOMA DE CEUTA;5.2.3.-Robos con fuerza en establecimientos;2016;6
CIUDAD AUTÓNOMA DE CEUTA;5.2.3.-Robos con fuerza en establecimientos;2015;2
CIUDAD AUTÓNOMA DE CEUTA;5.2.3.-Robos con fuerza en establecimientos;2014;15
CIUDAD AUTÓNOMA DE CEUTA;5.2.3.-Robos con fuerza en establecimientos;2013;58
CIUDAD AUTÓNOMA DE CEUTA;5.2.3.-Robos con fuerza en establecimientos;2012;31
CIUDAD AUTÓNOMA DE CEUTA;5.2.3.-Robos con fuerza en establecimientos;2011;27
CIUDAD AUTÓNOMA DE CEUTA;5.2.3.-Robos con fuerza en establecimientos;2010;23
CIUDAD AUTÓNOMA DE CEUTA;5.3.-Robos con violencia o intimidación;2023;67
CIUDAD AUTÓNOMA DE CEUTA;5.3.-Robos con violencia o intimidación;2022;68
CIUDAD AUTÓNOMA DE CEUTA;5.3.-Robos con violencia o intimidación;2021;97
CIUDAD AUTÓNOMA DE CEUTA;5.3.-Robos con violencia o intimidación;2020;74
CIUDAD AUTÓNOMA DE CEUTA;5.3.-Robos con violencia o intimidación;2019;79
CIUDAD AUTÓNOMA DE CEUTA;5.3.-Robos con violencia o intimidación;2018;63
CIUDAD AUTÓNOMA DE CEUTA;5.3.-Robos con violencia o intimidación;2017;56
CIUDAD AUTÓNOMA DE CEUTA;5.3.-Robos con violencia o intimidación;2016;72
CIUDAD AUTÓNOMA DE CEUTA;5.3.-Robos con violencia o intimidación;2015;69
CIUDAD AUTÓNOMA DE CEUTA;5.3.-Robos con violencia o intimidación;2014;85
CIUDAD AUTÓNOMA DE CEUTA;5.3.-Robos con violencia o intimidación;2013;144
CIUDAD AUTÓNOMA DE CEUTA;5.3.-Robos con violencia o intimidación;2012;96
CIUDAD AUTÓNOMA DE CEUTA;5.3.-Robos con violencia o intimidación;2011;90
CIUDAD AUTÓNOMA DE CEUTA;5.3.-Robos con violencia o intimidación;2010;122
CIUDAD AUTÓNOMA DE CEUTA;5.3.1.-Robos con violencia en vía pública;2023;47
CIUDAD AUTÓNOMA DE CEUTA;5.3.1.-Robos con violencia en vía pública;2022;41
CIUDAD AUTÓNOMA DE CEUTA;5.3.1.-Robos con violencia en vía pública;2021;60
CIUDAD AUTÓNOMA DE CEUTA;5.3.1.-Robos con violencia en vía pública;2020;51
CIUDAD AUTÓNOMA DE CEUTA;5.3.1.-Robos con violencia en vía pública;2019;49
CIUDAD AUTÓNOMA DE CEUTA;5.3.1.-Robos con violencia en vía pública;2018;47
CIUDAD AUTÓNOMA DE CEUTA;5.3.1.-Robos con violencia en vía pública;2017;44
CIUDAD AUTÓNOMA DE CEUTA;5.3.1.-Robos con violencia en vía pública;2016;48
CIUDAD AUTÓNOMA DE CEUTA;5.3.1.-Robos con violencia en vía pública;2015;51
CIUDAD AUTÓNOMA DE CEUTA;5.3.1.-Robos con violencia en vía pública;2014;66
CIUDAD AUTÓNOMA DE CEUTA;5.3.1.-Robos con violencia en vía pública;2013;104
CIUDAD AUTÓNOMA DE CEUTA;5.3.1.-Robos con violencia en vía pública;2012;79
CIUDAD AUTÓNOMA DE CEUTA;5.3.1.-Robos con violencia en vía pública;2011;77
CIUDAD AUTÓNOMA DE CEUTA;5.3.1.-Robos con violencia en vía pública;2010;82
CIUDAD AUTÓNOMA DE CEUTA;5.3.2.-Robos con violencia en viviendas;2023;4
CIUDAD AUTÓNOMA DE CEUTA;5.3.2.-Robos con violencia en viviendas;2022;2
CIUDAD AUTÓNOMA DE CEUTA;5.3.2.-Robos con violencia en viviendas;2021;4
CIUDAD AUTÓNOMA DE CEUTA;5.3.2.-Robos con violencia en viviendas;2020;3
CIUDAD AUTÓNOMA DE CEUTA;5.3.2.-Robos con violencia en viviendas;2019;3
CIUDAD AUTÓNOMA DE CEUTA;5.3.2.-Robos con violencia en viviendas;2018;1
CIUDAD AUTÓNOMA DE CEUTA;5.3.2.-Robos con violencia en viviendas;2017;0
CIUDAD AUTÓNOMA DE CEUTA;5.3.2.-Robos con violencia en viviendas;2016;5
CIUDAD AUTÓNOMA DE CEUTA;5.3.2.-Robos con violencia en viviendas;2015;2
CIUDAD AUTÓNOMA DE CEUTA;5.3.2.-Robos con violencia en viviendas;2014;3
CIUDAD AUTÓNOMA DE CEUTA;5.3.2.-Robos con violencia en viviendas;2013;15
CIUDAD AUTÓNOMA DE CEUTA;5.3.2.-Robos con violencia en viviendas;2012;3
CIUDAD AUTÓNOMA DE CEUTA;5.3.2.-Robos con violencia en viviendas;2011;5
CIUDAD AUTÓNOMA DE CEUTA;5.3.2.-Robos con violencia en viviendas;2010;1
CIUDAD AUTÓNOMA DE CEUTA;5.3.3.-Robos con violencia en establecimientos;2023;11
CIUDAD AUTÓNOMA DE CEUTA;5.3.3.-Robos con violencia en establecimientos;2022;5
CIUDAD AUTÓNOMA DE CEUTA;5.3.3.-Robos con violencia en establecimientos;2021;9
CIUDAD AUTÓNOMA DE CEUTA;5.3.3.-Robos con violencia en establecimientos;2020;4
CIUDAD AUTÓNOMA DE CEUTA;5.3.3.-Robos con violencia en establecimientos;2019;8
CIUDAD AUTÓNOMA DE CEUTA;5.3.3.-Robos con violencia en establecimientos;2018;8
CIUDAD AUTÓNOMA DE CEUTA;5.3.3.-Robos con violencia en establecimientos;2017;5
CIUDAD AUTÓNOMA DE CEUTA;5.3.3.-Robos con violencia en establecimientos;2016;2
CIUDAD AUTÓNOMA DE CEUTA;5.3.3.-Robos con violencia en establecimientos;2015;5
CIUDAD AUTÓNOMA DE CEUTA;5.3.3.-Robos con violencia en establecimientos;2014;4
CIUDAD AUTÓNOMA DE CEUTA;5.3.3.-Robos con violencia en establecimientos;2013;10
CIUDAD AUTÓNOMA DE CEUTA;5.3.3.-Robos con violencia en establecimientos;2012;4
CIUDAD AUTÓNOMA DE CEUTA;5.3.3.-Robos con violencia en establecimientos;2011;2
CIUDAD AUTÓNOMA DE CEUTA;5.3.3.-Robos con violencia en establecimientos;2010;14
CIUDAD AUTÓNOMA DE CEUTA;5.4.-Sustracción de vehículos;2023;11
CIUDAD AUTÓNOMA DE CEUTA;5.4.-Sustracción de vehículos;2022;16
CIUDAD AUTÓNOMA DE CEUTA;5.4.-Sustracción de vehículos;2021;20
CIUDAD AUTÓNOMA DE CEUTA;5.4.-Sustracción de vehículos;2020;8
CIUDAD AUTÓNOMA DE CEUTA;5.4.-Sustracción de vehículos;2019;26
CIUDAD AUTÓNOMA DE CEUTA;5.4.-Sustracción de vehículos;2018;26
CIUDAD AUTÓNOMA DE CEUTA;5.4.-Sustracción de vehículos;2017;35
CIUDAD AUTÓNOMA DE CEUTA;5.4.-Sustracción de vehículos;2016;84
CIUDAD AUTÓNOMA DE CEUTA;5.4.-Sustracción de vehículos;2015;59
CIUDAD AUTÓNOMA DE CEUTA;5.4.-Sustracción de vehículos;2014;55
CIUDAD AUTÓNOMA DE CEUTA;5.4.-Sustracción de vehículos;2013;101
CIUDAD AUTÓNOMA DE CEUTA;5.4.-Sustracción de vehículos;2012;96
CIUDAD AUTÓNOMA DE CEUTA;5.4.-Sustracción de vehículos;2011;78
CIUDAD AUTÓNOMA DE CEUTA;5.4.-Sustracción de vehículos;2010;106
CIUDAD AUTÓNOMA DE CEUTA;5.5.-Estafas;2023;29
CIUDAD AUTÓNOMA DE CEUTA;5.5.-Estafas;2022;29
CIUDAD AUTÓNOMA DE CEUTA;5.5.-Estafas;2021;24
CIUDAD AUTÓNOMA DE CEUTA;5.5.-Estafas;2020;21
CIUDAD AUTÓNOMA DE CEUTA;5.5.-Estafas;2019;16
CIUDAD AUTÓNOMA DE CEUTA;5.5.-Estafas;2018;22
CIUDAD AUTÓNOMA DE CEUTA;5.5.-Estafas;2017;27
CIUDAD AUTÓNOMA DE CEUTA;5.5.-Estafas;2016;25
CIUDAD AUTÓNOMA DE CEUTA;5.5.-Estafas;2015;18
CIUDAD AUTÓNOMA DE CEUTA;5.5.-Estafas;2014;9
CIUDAD AUTÓNOMA DE CEUTA;5.5.-Estafas;2013;20
CIUDAD AUTÓNOMA DE CEUTA;5.5.-Estafas;2012;27
CIUDAD AUTÓNOMA DE CEUTA;5.5.-Estafas;2011;25
CIUDAD AUTÓNOMA DE CEUTA;5.5.-Estafas;2010;8
CIUDAD AUTÓNOMA DE CEUTA;5.5.1.-Estafas informáticas;2023;12
CIUDAD AUTÓNOMA DE CEUTA;5.5.1.-Estafas informáticas;2022;14
CIUDAD AUTÓNOMA DE CEUTA;5.5.1.-Estafas informáticas;2021;20
CIUDAD AUTÓNOMA DE CEUTA;5.5.1.-Estafas informáticas;2020;15
CIUDAD AUTÓNOMA DE CEUTA;5.5.1.-Estafas informáticas;2019;8
CIUDAD AUTÓNOMA DE CEUTA;5.5.1.-Estafas informáticas;2018;5
CIUDAD AUTÓNOMA DE CEUTA;5.5.1.-Estafas informáticas;2017;7
CIUDAD AUTÓNOMA DE CEUTA;5.5.1.-Estafas informáticas;2016;11
CIUDAD AUTÓNOMA DE CEUTA;5.5.1.-Estafas informáticas;2015;5
CIUDAD AUTÓNOMA DE CEUTA;5.5.1.-Estafas informáticas;2014;2
CIUDAD AUTÓNOMA DE CEUTA;5.5.1.-Estafas informáticas;2013;8
CIUDAD AUTÓNOMA DE CEUTA;5.5.1.-Estafas informáticas;2012;4
CIUDAD AUTÓNOMA DE CEUTA;5.5.1.-Estafas informáticas;2011;6
CIUDAD AUTÓNOMA DE CEUTA;5.5.1.-Estafas informáticas;2010;5
CIUDAD AUTÓNOMA DE CEUTA;5.6.-Daños;2023;21
CIUDAD AUTÓNOMA DE CEUTA;5.6.-Daños;2022;38
CIUDAD AUTÓNOMA DE CEUTA;5.6.-Daños;2021;30
CIUDAD AUTÓNOMA DE CEUTA;5.6.-Daños;2020;35
CIUDAD AUTÓNOMA DE CEUTA;5.6.-Daños;2019;19
CIUDAD AUTÓNOMA DE CEUTA;5.6.-Daños;2018;19
CIUDAD AUTÓNOMA DE CEUTA;5.6.-Daños;2017;16
CIUDAD AUTÓNOMA DE CEUTA;5.6.-Daños;2016;22
CIUDAD AUTÓNOMA DE CEUTA;5.6.-Daños;2015;28
CIUDAD AUTÓNOMA DE CEUTA;5.6.-Daños;2014;28
CIUDAD AUTÓNOMA DE CEUTA;5.6.-Daños;2013;59
CIUDAD AUTÓNOMA DE CEUTA;5.6.-Daños;2012;48
CIUDAD AUTÓNOMA DE CEUTA;5.6.-Daños;2011;49
CIUDAD AUTÓNOMA DE CEUTA;5.6.-Daños;2010;36
CIUDAD AUTÓNOMA DE CEUTA;5.7.-Contra la propiedad intelectual/industrial;2023;0
CIUDAD AUTÓNOMA DE CEUTA;5.7.-Contra la propiedad intelectual/industrial;2022;1
CIUDAD AUTÓNOMA DE CEUTA;5.7.-Contra la propiedad intelectual/industrial;2021;0
CIUDAD AUTÓNOMA DE CEUTA;5.7.-Contra la propiedad intelectual/industrial;2020;1
CIUDAD AUTÓNOMA DE CEUTA;5.7.-Contra la propiedad intelectual/industrial;2019;2
CIUDAD AUTÓNOMA DE CEUTA;5.7.-Contra la propiedad intelectual/industrial;2018;0
CIUDAD AUTÓNOMA DE CEUTA;5.7.-Contra la propiedad intelectual/industrial;2017;3
CIUDAD AUTÓNOMA DE CEUTA;5.7.-Contra la propiedad intelectual/industrial;2016;7
CIUDAD AUTÓNOMA DE CEUTA;5.7.-Contra la propiedad intelectual/industrial;2015;1
CIUDAD AUTÓNOMA DE CEUTA;5.7.-Contra la propiedad intelectual/industrial;2014;7
CIUDAD AUTÓNOMA DE CEUTA;5.7.-Contra la propiedad intelectual/industrial;2013;2
CIUDAD AUTÓNOMA DE CEUTA;5.7.-Contra la propiedad intelectual/industrial;2012;12
CIUDAD AUTÓNOMA DE CEUTA;5.7.-Contra la propiedad intelectual/industrial;2011;4
CIUDAD AUTÓNOMA DE CEUTA;5.7.-Contra la propiedad intelectual/industrial;2010;9
CIUDAD AUTÓNOMA DE CEUTA;5.8.-Blanqueo de capitales;2023;2
CIUDAD AUTÓNOMA DE CEUTA;5.8.-Blanqueo de capitales;2022;1
CIUDAD AUTÓNOMA DE CEUTA;5.8.-Blanqueo de capitales;2021;0
CIUDAD AUTÓNOMA DE CEUTA;5.8.-Blanqueo de capitales;2020;0
CIUDAD AUTÓNOMA DE CEUTA;5.8.-Blanqueo de capitales;2019;2
CIUDAD AUTÓNOMA DE CEUTA;5.8.-Blanqueo de capitales;2018;13
CIUDAD AUTÓNOMA DE CEUTA;5.8.-Blanqueo de capitales;2017;0
CIUDAD AUTÓNOMA DE CEUTA;5.8.-Blanqueo de capitales;2016;1
CIUDAD AUTÓNOMA DE CEUTA;5.8.-Blanqueo de capitales;2015;2
CIUDAD AUTÓNOMA DE CEUTA;5.8.-Blanqueo de capitales;2014;0
CIUDAD AUTÓNOMA DE CEUTA;5.8.-Blanqueo de capitales;2013;0
CIUDAD AUTÓNOMA DE CEUTA;5.8.-Blanqueo de capitales;2012;0
CIUDAD AUTÓNOMA DE CEUTA;5.8.-Blanqueo de capitales;2011;0
CIUDAD AUTÓNOMA DE CEUTA;5.8.-Blanqueo de capitales;2010;0
CIUDAD AUTÓNOMA DE CEUTA;5.9.-Otros contra el patrimonio;2023;28
CIUDAD AUTÓNOMA DE CEUTA;5.9.-Otros contra el patrimonio;2022;33
CIUDAD AUTÓNOMA DE CEUTA;5.9.-Otros contra el patrimonio;2021;14
CIUDAD AUTÓNOMA DE CEUTA;5.9.-Otros contra el patrimonio;2020;9
CIUDAD AUTÓNOMA DE CEUTA;5.9.-Otros contra el patrimonio;2019;35
CIUDAD AUTÓNOMA DE CEUTA;5.9.-Otros contra el patrimonio;2018;36
CIUDAD AUTÓNOMA DE CEUTA;5.9.-Otros contra el patrimonio;2017;15
CIUDAD AUTÓNOMA DE CEUTA;5.9.-Otros contra el patrimonio;2016;12
CIUDAD AUTÓNOMA DE CEUTA;5.9.-Otros contra el patrimonio;2015;8
CIUDAD AUTÓNOMA DE CEUTA;5.9.-Otros contra el patrimonio;2014;11
CIUDAD AUTÓNOMA DE CEUTA;5.9.-Otros contra el patrimonio;2013;10
CIUDAD AUTÓNOMA DE CEUTA;5.9.-Otros contra el patrimonio;2012;10
CIUDAD AUTÓNOMA DE CEUTA;5.9.-Otros contra el patrimonio;2011;19
CIUDAD AUTÓNOMA DE CEUTA;5.9.-Otros contra el patrimonio;2010;12
CIUDAD AUTÓNOMA DE CEUTA;6. SEGURIDAD COLECTIVA;2023;258
CIUDAD AUTÓNOMA DE CEUTA;6. SEGURIDAD COLECTIVA;2022;240
CIUDAD AUTÓNOMA DE CEUTA;6. SEGURIDAD COLECTIVA;2021;299
CIUDAD AUTÓNOMA DE CEUTA;6. SEGURIDAD COLECTIVA;2020;349
CIUDAD AUTÓNOMA DE CEUTA;6. SEGURIDAD COLECTIVA;2019;541
CIUDAD AUTÓNOMA DE CEUTA;6. SEGURIDAD COLECTIVA;2018;391
CIUDAD AUTÓNOMA DE CEUTA;6. SEGURIDAD COLECTIVA;2017;467
CIUDAD AUTÓNOMA DE CEUTA;6. SEGURIDAD COLECTIVA;2016;531
CIUDAD AUTÓNOMA DE CEUTA;6. SEGURIDAD COLECTIVA;2015;669
CIUDAD AUTÓNOMA DE CEUTA;6. SEGURIDAD COLECTIVA;2014;928
CIUDAD AUTÓNOMA DE CEUTA;6. SEGURIDAD COLECTIVA;2013;1.334
CIUDAD AUTÓNOMA DE CEUTA;6. SEGURIDAD COLECTIVA;2012;2.101
CIUDAD AUTÓNOMA DE CEUTA;6. SEGURIDAD COLECTIVA;2011;2.093
CIUDAD AUTÓNOMA DE CEUTA;6. SEGURIDAD COLECTIVA;2010;1.730
CIUDAD AUTÓNOMA DE CEUTA;6.1.-Tráfico de drogas;2023;112
CIUDAD AUTÓNOMA DE CEUTA;6.1.-Tráfico de drogas;2022;93
CIUDAD AUTÓNOMA DE CEUTA;6.1.-Tráfico de drogas;2021;138
CIUDAD AUTÓNOMA DE CEUTA;6.1.-Tráfico de drogas;2020;231
CIUDAD AUTÓNOMA DE CEUTA;6.1.-Tráfico de drogas;2019;371
CIUDAD AUTÓNOMA DE CEUTA;6.1.-Tráfico de drogas;2018;190
CIUDAD AUTÓNOMA DE CEUTA;6.1.-Tráfico de drogas;2017;274
CIUDAD AUTÓNOMA DE CEUTA;6.1.-Tráfico de drogas;2016;362
CIUDAD AUTÓNOMA DE CEUTA;6.1.-Tráfico de drogas;2015;476
CIUDAD AUTÓNOMA DE CEUTA;6.1.-Tráfico de drogas;2014;679
CIUDAD AUTÓNOMA DE CEUTA;6.1.-Tráfico de drogas;2013;1.080
CIUDAD AUTÓNOMA DE CEUTA;6.1.-Tráfico de drogas;2012;1.735
CIUDAD AUTÓNOMA DE CEUTA;6.1.-Tráfico de drogas;2011;1.776
CIUDAD AUTÓNOMA DE CEUTA;6.1.-Tráfico de drogas;2010;1.477
CIUDAD AUTÓNOMA DE CEUTA;6.2.-Contra la seguridad vial;2023;144
CIUDAD AUTÓNOMA DE CEUTA;6.2.-Contra la seguridad vial;2022;143
CIUDAD AUTÓNOMA DE CEUTA;6.2.-Contra la seguridad vial;2021;160
CIUDAD AUTÓNOMA DE CEUTA;6.2.-Contra la seguridad vial;2020;116
CIUDAD AUTÓNOMA DE CEUTA;6.2.-Contra la seguridad vial;2019;169
CIUDAD AUTÓNOMA DE CEUTA;6.2.-Contra la seguridad vial;2018;185
CIUDAD AUTÓNOMA DE CEUTA;6.2.-Contra la seguridad vial;2017;189
CIUDAD AUTÓNOMA DE CEUTA;6.2.-Contra la seguridad vial;2016;165
CIUDAD AUTÓNOMA DE CEUTA;6.2.-Contra la seguridad vial;2015;190
CIUDAD AUTÓNOMA DE CEUTA;6.2.-Contra la seguridad vial;2014;247
CIUDAD AUTÓNOMA DE CEUTA;6.2.-Contra la seguridad vial;2013;247
CIUDAD AUTÓNOMA DE CEUTA;6.2.-Contra la seguridad vial;2012;358
CIUDAD AUTÓNOMA DE CEUTA;6.2.-Contra la seguridad vial;2011;316
CIUDAD AUTÓNOMA DE CEUTA;6.2.-Contra la seguridad vial;2010;252
CIUDAD AUTÓNOMA DE CEUTA;6.3.-Otros contra la seguridad colectiva;2023;2
CIUDAD AUTÓNOMA DE CEUTA;6.3.-Otros contra la seguridad colectiva;2022;4
CIUDAD AUTÓNOMA DE CEUTA;6.3.-Otros contra la seguridad colectiva;2021;1
CIUDAD AUTÓNOMA DE CEUTA;6.3.-Otros contra la seguridad colectiva;2020;2
CIUDAD AUTÓNOMA DE CEUTA;6.3.-Otros contra la seguridad colectiva;2019;1
CIUDAD AUTÓNOMA DE CEUTA;6.3.-Otros contra la seguridad colectiva;2018;16
CIUDAD AUTÓNOMA DE CEUTA;6.3.-Otros contra la seguridad colectiva;2017;4
CIUDAD AUTÓNOMA DE CEUTA;6.3.-Otros contra la seguridad colectiva;2016;4
CIUDAD AUTÓNOMA DE CEUTA;6.3.-Otros contra la seguridad colectiva;2015;3
CIUDAD AUTÓNOMA DE CEUTA;6.3.-Otros contra la seguridad colectiva;2014;2
CIUDAD AUTÓNOMA DE CEUTA;6.3.-Otros contra la seguridad colectiva;2013;7
CIUDAD AUTÓNOMA DE CEUTA;6.3.-Otros contra la seguridad colectiva;2012;8
CIUDAD AUTÓNOMA DE CEUTA;6.3.-Otros contra la seguridad colectiva;2011;1
CIUDAD AUTÓNOMA DE CEUTA;6.3.-Otros contra la seguridad colectiva;2010;1
CIUDAD AUTÓNOMA DE CEUTA;7. FALSEDADES;2023;33
CIUDAD AUTÓNOMA DE CEUTA;7. FALSEDADES;2022;43
CIUDAD AUTÓNOMA DE CEUTA;7. FALSEDADES;2021;81
CIUDAD AUTÓNOMA DE CEUTA;7. FALSEDADES;2020;148
CIUDAD AUTÓNOMA DE CEUTA;7. FALSEDADES;2019;532
CIUDAD AUTÓNOMA DE CEUTA;7. FALSEDADES;2018;590
CIUDAD AUTÓNOMA DE CEUTA;7. FALSEDADES;2017;470
CIUDAD AUTÓNOMA DE CEUTA;7. FALSEDADES;2016;354
CIUDAD AUTÓNOMA DE CEUTA;7. FALSEDADES;2015;332
CIUDAD AUTÓNOMA DE CEUTA;7. FALSEDADES;2014;413
CIUDAD AUTÓNOMA DE CEUTA;7. FALSEDADES;2013;321
CIUDAD AUTÓNOMA DE CEUTA;7. FALSEDADES;2012;320
CIUDAD AUTÓNOMA DE CEUTA;7. FALSEDADES;2011;333
CIUDAD AUTÓNOMA DE CEUTA;7. FALSEDADES;2010;21
CIUDAD AUTÓNOMA DE CEUTA;8. ADMÓN. PÚBLICA;2023;2
CIUDAD AUTÓNOMA DE CEUTA;8. ADMÓN. PÚBLICA;2022;1
CIUDAD AUTÓNOMA DE CEUTA;8. ADMÓN. PÚBLICA;2021;0
CIUDAD AUTÓNOMA DE CEUTA;8. ADMÓN. PÚBLICA;2020;2
CIUDAD AUTÓNOMA DE CEUTA;8. ADMÓN. PÚBLICA;2019;11
CIUDAD AUTÓNOMA DE CEUTA;8. ADMÓN. PÚBLICA;2018;58
CIUDAD AUTÓNOMA DE CEUTA;8. ADMÓN. PÚBLICA;2017;45
CIUDAD AUTÓNOMA DE CEUTA;8. ADMÓN. PÚBLICA;2016;3
CIUDAD AUTÓNOMA DE CEUTA;8. ADMÓN. PÚBLICA;2015;0
CIUDAD AUTÓNOMA DE CEUTA;8. ADMÓN. PÚBLICA;2014;5
CIUDAD AUTÓNOMA DE CEUTA;8. ADMÓN. PÚBLICA;2013;3
CIUDAD AUTÓNOMA DE CEUTA;8. ADMÓN. PÚBLICA;2012;2
CIUDAD AUTÓNOMA DE CEUTA;8. ADMÓN. PÚBLICA;2011;7
CIUDAD AUTÓNOMA DE CEUTA;8. ADMÓN. PÚBLICA;2010;0
CIUDAD AUTÓNOMA DE CEUTA;9. ADMÓN. JUSTICIA;2023;71
CIUDAD AUTÓNOMA DE CEUTA;9. ADMÓN. JUSTICIA;2022;79
CIUDAD AUTÓNOMA DE CEUTA;9. ADMÓN. JUSTICIA;2021;64
CIUDAD AUTÓNOMA DE CEUTA;9. ADMÓN. JUSTICIA;2020;102
CIUDAD AUTÓNOMA DE CEUTA;9. ADMÓN. JUSTICIA;2019;108
CIUDAD AUTÓNOMA DE CEUTA;9. ADMÓN. JUSTICIA;2018;127
CIUDAD AUTÓNOMA DE CEUTA;9. ADMÓN. JUSTICIA;2017;114
CIUDAD AUTÓNOMA DE CEUTA;9. ADMÓN. JUSTICIA;2016;91
CIUDAD AUTÓNOMA DE CEUTA;9. ADMÓN. JUSTICIA;2015;83
CIUDAD AUTÓNOMA DE CEUTA;9. ADMÓN. JUSTICIA;2014;94
CIUDAD AUTÓNOMA DE CEUTA;9. ADMÓN. JUSTICIA;2013;118
CIUDAD AUTÓNOMA DE CEUTA;9. ADMÓN. JUSTICIA;2012;141
CIUDAD AUTÓNOMA DE CEUTA;9. ADMÓN. JUSTICIA;2011;73
CIUDAD AUTÓNOMA DE CEUTA;9. ADMÓN. JUSTICIA;2010;82
CIUDAD AUTÓNOMA DE CEUTA;10. ORDEN PÚBLICO;2023;75
CIUDAD AUTÓNOMA DE CEUTA;10. ORDEN PÚBLICO;2022;99
CIUDAD AUTÓNOMA DE CEUTA;10. ORDEN PÚBLICO;2021;127
CIUDAD AUTÓNOMA DE CEUTA;10. ORDEN PÚBLICO;2020;146
CIUDAD AUTÓNOMA DE CEUTA;10. ORDEN PÚBLICO;2019;138
CIUDAD AUTÓNOMA DE CEUTA;10. ORDEN PÚBLICO;2018;118
CIUDAD AUTÓNOMA DE CEUTA;10. ORDEN PÚBLICO;2017;128
CIUDAD AUTÓNOMA DE CEUTA;10. ORDEN PÚBLICO;2016;86
CIUDAD AUTÓNOMA DE CEUTA;10. ORDEN PÚBLICO;2015;105
CIUDAD AUTÓNOMA DE CEUTA;10. ORDEN PÚBLICO;2014;156
CIUDAD AUTÓNOMA DE CEUTA;10. ORDEN PÚBLICO;2013;171
CIUDAD AUTÓNOMA DE CEUTA;10. ORDEN PÚBLICO;2012;182
CIUDAD AUTÓNOMA DE CEUTA;10. ORDEN PÚBLICO;2011;141
CIUDAD AUTÓNOMA DE CEUTA;10. ORDEN PÚBLICO;2010;271
CIUDAD AUTÓNOMA DE CEUTA;11. LEGISLACIÓN ESPECIAL;2023;0
CIUDAD AUTÓNOMA DE CEUTA;11. LEGISLACIÓN ESPECIAL;2022;5
CIUDAD AUTÓNOMA DE CEUTA;11. LEGISLACIÓN ESPECIAL;2021;3
CIUDAD AUTÓNOMA DE CEUTA;11. LEGISLACIÓN ESPECIAL;2020;3
CIUDAD AUTÓNOMA DE CEUTA;11. LEGISLACIÓN ESPECIAL;2019;4
CIUDAD AUTÓNOMA DE CEUTA;11. LEGISLACIÓN ESPECIAL;2018;5
CIUDAD AUTÓNOMA DE CEUTA;11. LEGISLACIÓN ESPECIAL;2017;0
CIUDAD AUTÓNOMA DE CEUTA;11. LEGISLACIÓN ESPECIAL;2016;9
CIUDAD AUTÓNOMA DE CEUTA;11. LEGISLACIÓN ESPECIAL;2015;0
CIUDAD AUTÓNOMA DE CEUTA;11. LEGISLACIÓN ESPECIAL;2014;0
CIUDAD AUTÓNOMA DE CEUTA;11. LEGISLACIÓN ESPECIAL;2013;0
CIUDAD AUTÓNOMA DE CEUTA;11. LEGISLACIÓN ESPECIAL;2012;0
CIUDAD AUTÓNOMA DE CEUTA;11. LEGISLACIÓN ESPECIAL;2011;9
CIUDAD AUTÓNOMA DE CEUTA;11. LEGISLACIÓN ESPECIAL;2010;12
CIUDAD AUTÓNOMA DE CEUTA;12. OTRAS INFRACCIONES PENALES;2023;37
CIUDAD AUTÓNOMA DE CEUTA;12. OTRAS INFRACCIONES PENALES;2022;69
CIUDAD AUTÓNOMA DE CEUTA;12. OTRAS INFRACCIONES PENALES;2021;48
CIUDAD AUTÓNOMA DE CEUTA;12. OTRAS INFRACCIONES PENALES;2020;66
CIUDAD AUTÓNOMA DE CEUTA;12. OTRAS INFRACCIONES PENALES;2019;229
CIUDAD AUTÓNOMA DE CEUTA;12. OTRAS INFRACCIONES PENALES;2018;193
CIUDAD AUTÓNOMA DE CEUTA;12. OTRAS INFRACCIONES PENALES;2017;141
CIUDAD AUTÓNOMA DE CEUTA;12. OTRAS INFRACCIONES PENALES;2016;103
CIUDAD AUTÓNOMA DE CEUTA;12. OTRAS INFRACCIONES PENALES;2015;123
CIUDAD AUTÓNOMA DE CEUTA;12. OTRAS INFRACCIONES PENALES;2014;124
CIUDAD AUTÓNOMA DE CEUTA;12. OTRAS INFRACCIONES PENALES;2013;102
CIUDAD AUTÓNOMA DE CEUTA;12. OTRAS INFRACCIONES PENALES;2012;86
CIUDAD AUTÓNOMA DE CEUTA;12. OTRAS INFRACCIONES PENALES;2011;75
CIUDAD AUTÓNOMA DE CEUTA;12. OTRAS INFRACCIONES PENALES;2010;56
CIUDAD AUTÓNOMA DE CEUTA;TOTAL INFRACCIONES PENALES;2023;1.107
CIUDAD AUTÓNOMA DE CEUTA;TOTAL INFRACCIONES PENALES;2022;1.166
CIUDAD AUTÓNOMA DE CEUTA;TOTAL INFRACCIONES PENALES;2021;1.291
CIUDAD AUTÓNOMA DE CEUTA;TOTAL INFRACCIONES PENALES;2020;1.376
CIUDAD AUTÓNOMA DE CEUTA;TOTAL INFRACCIONES PENALES;2019;2.162
CIUDAD AUTÓNOMA DE CEUTA;TOTAL INFRACCIONES PENALES;2018;2.205
CIUDAD AUTÓNOMA DE CEUTA;TOTAL INFRACCIONES PENALES;2017;2.051
CIUDAD AUTÓNOMA DE CEUTA;TOTAL INFRACCIONES PENALES;2016;1.916
CIUDAD AUTÓNOMA DE CEUTA;TOTAL INFRACCIONES PENALES;2015;2.052
CIUDAD AUTÓNOMA DE CEUTA;TOTAL INFRACCIONES PENALES;2014;2.486
CIUDAD AUTÓNOMA DE CEUTA;TOTAL INFRACCIONES PENALES;2013;3.062
CIUDAD AUTÓNOMA DE CEUTA;TOTAL INFRACCIONES PENALES;2012;3.779
CIUDAD AUTÓNOMA DE CEUTA;TOTAL INFRACCIONES PENALES;2011;3.615
CIUDAD AUTÓNOMA DE CEUTA;TOTAL INFRACCIONES PENALES;2010;3.096
CIUDAD AUTÓNOMA DE MELILLA;1. CONTRA LAS PERSONAS;2023;481
CIUDAD AUTÓNOMA DE MELILLA;1. CONTRA LAS PERSONAS;2022;465
CIUDAD AUTÓNOMA DE MELILLA;1. CONTRA LAS PERSONAS;2021;448
CIUDAD AUTÓNOMA DE MELILLA;1. CONTRA LAS PERSONAS;2020;486
CIUDAD AUTÓNOMA DE MELILLA;1. CONTRA LAS PERSONAS;2019;521
CIUDAD AUTÓNOMA DE MELILLA;1. CONTRA LAS PERSONAS;2018;452
CIUDAD AUTÓNOMA DE MELILLA;1. CONTRA LAS PERSONAS;2017;489
CIUDAD AUTÓNOMA DE MELILLA;1. CONTRA LAS PERSONAS;2016;496
CIUDAD AUTÓNOMA DE MELILLA;1. CONTRA LAS PERSONAS;2015;509
CIUDAD AUTÓNOMA DE MELILLA;1. CONTRA LAS PERSONAS;2014;561
CIUDAD AUTÓNOMA DE MELILLA;1. CONTRA LAS PERSONAS;2013;545
CIUDAD AUTÓNOMA DE MELILLA;1. CONTRA LAS PERSONAS;2012;582
CIUDAD AUTÓNOMA DE MELILLA;1. CONTRA LAS PERSONAS;2011;659
CIUDAD AUTÓNOMA DE MELILLA;1. CONTRA LAS PERSONAS;2010;424
CIUDAD AUTÓNOMA DE MELILLA;1.1.-Homicidios dolosos/asesinatos;2023;3
CIUDAD AUTÓNOMA DE MELILLA;1.1.-Homicidios dolosos/asesinatos;2022;9
CIUDAD AUTÓNOMA DE MELILLA;1.1.-Homicidios dolosos/asesinatos;2021;5
CIUDAD AUTÓNOMA DE MELILLA;1.1.-Homicidios dolosos/asesinatos;2020;3
CIUDAD AUTÓNOMA DE MELILLA;1.1.-Homicidios dolosos/asesinatos;2019;9
CIUDAD AUTÓNOMA DE MELILLA;1.1.-Homicidios dolosos/asesinatos;2018;2
CIUDAD AUTÓNOMA DE MELILLA;1.1.-Homicidios dolosos/asesinatos;2017;11
CIUDAD AUTÓNOMA DE MELILLA;1.1.-Homicidios dolosos/asesinatos;2016;12
CIUDAD AUTÓNOMA DE MELILLA;1.1.-Homicidios dolosos/asesinatos;2015;3
CIUDAD AUTÓNOMA DE MELILLA;1.1.-Homicidios dolosos/asesinatos;2014;3
CIUDAD AUTÓNOMA DE MELILLA;1.1.-Homicidios dolosos/asesinatos;2013;14
CIUDAD AUTÓNOMA DE MELILLA;1.1.-Homicidios dolosos/asesinatos;2012;13
CIUDAD AUTÓNOMA DE MELILLA;1.1.-Homicidios dolosos/asesinatos;2011;7
CIUDAD AUTÓNOMA DE MELILLA;1.1.-Homicidios dolosos/asesinatos;2010;9
CIUDAD AUTÓNOMA DE MELILLA;1.1.1.-Homicidios dolosos/asesinatos consumados;2023;0
CIUDAD AUTÓNOMA DE MELILLA;1.1.1.-Homicidios dolosos/asesinatos consumados;2022;1
CIUDAD AUTÓNOMA DE MELILLA;1.1.1.-Homicidios dolosos/asesinatos consumados;2021;0
CIUDAD AUTÓNOMA DE MELILLA;1.1.1.-Homicidios dolosos/asesinatos consumados;2020;0
CIUDAD AUTÓNOMA DE MELILLA;1.1.1.-Homicidios dolosos/asesinatos consumados;2019;0
CIUDAD AUTÓNOMA DE MELILLA;1.1.1.-Homicidios dolosos/asesinatos consumados;2018;0
CIUDAD AUTÓNOMA DE MELILLA;1.1.1.-Homicidios dolosos/asesinatos consumados;2017;0
CIUDAD AUTÓNOMA DE MELILLA;1.1.1.-Homicidios dolosos/asesinatos consumados;2016;1
CIUDAD AUTÓNOMA DE MELILLA;1.1.1.-Homicidios dolosos/asesinatos consumados;2015;1
CIUDAD AUTÓNOMA DE MELILLA;1.1.1.-Homicidios dolosos/asesinatos consumados;2014;2
CIUDAD AUTÓNOMA DE MELILLA;1.1.1.-Homicidios dolosos/asesinatos consumados;2013;8
CIUDAD AUTÓNOMA DE MELILLA;1.1.1.-Homicidios dolosos/asesinatos consumados;2012;7
CIUDAD AUTÓNOMA DE MELILLA;1.1.1.-Homicidios dolosos/asesinatos consumados;2011;0
CIUDAD AUTÓNOMA DE MELILLA;1.1.1.-Homicidios dolosos/asesinatos consumados;2010;0
CIUDAD AUTÓNOMA DE MELILLA;1.2.-Lesiones;2023;151
CIUDAD AUTÓNOMA DE MELILLA;1.2.-Lesiones;2022;139
CIUDAD AUTÓNOMA DE MELILLA;1.2.-Lesiones;2021;188
CIUDAD AUTÓNOMA DE MELILLA;1.2.-Lesiones;2020;199
CIUDAD AUTÓNOMA DE MELILLA;1.2.-Lesiones;2019;234
CIUDAD AUTÓNOMA DE MELILLA;1.2.-Lesiones;2018;199
CIUDAD AUTÓNOMA DE MELILLA;1.2.-Lesiones;2017;211
CIUDAD AUTÓNOMA DE MELILLA;1.2.-Lesiones;2016;219
CIUDAD AUTÓNOMA DE MELILLA;1.2.-Lesiones;2015;159
CIUDAD AUTÓNOMA DE MELILLA;1.2.-Lesiones;2014;202
CIUDAD AUTÓNOMA DE MELILLA;1.2.-Lesiones;2013;259
CIUDAD AUTÓNOMA DE MELILLA;1.2.-Lesiones;2012;264
CIUDAD AUTÓNOMA DE MELILLA;1.2.-Lesiones;2011;265
CIUDAD AUTÓNOMA DE MELILLA;1.2.-Lesiones;2010;159
CIUDAD AUTÓNOMA DE MELILLA;1.3.-Malos tratos ámbito familiar;2023;320
CIUDAD AUTÓNOMA DE MELILLA;1.3.-Malos tratos ámbito familiar;2022;303
CIUDAD AUTÓNOMA DE MELILLA;1.3.-Malos tratos ámbito familiar;2021;235
CIUDAD AUTÓNOMA DE MELILLA;1.3.-Malos tratos ámbito familiar;2020;262
CIUDAD AUTÓNOMA DE MELILLA;1.3.-Malos tratos ámbito familiar;2019;267
CIUDAD AUTÓNOMA DE MELILLA;1.3.-Malos tratos ámbito familiar;2018;238
CIUDAD AUTÓNOMA DE MELILLA;1.3.-Malos tratos ámbito familiar;2017;263
CIUDAD AUTÓNOMA DE MELILLA;1.3.-Malos tratos ámbito familiar;2016;253
CIUDAD AUTÓNOMA DE MELILLA;1.3.-Malos tratos ámbito familiar;2015;316
CIUDAD AUTÓNOMA DE MELILLA;1.3.-Malos tratos ámbito familiar;2014;291
CIUDAD AUTÓNOMA DE MELILLA;1.3.-Malos tratos ámbito familiar;2013;220
CIUDAD AUTÓNOMA DE MELILLA;1.3.-Malos tratos ámbito familiar;2012;241
CIUDAD AUTÓNOMA DE MELILLA;1.3.-Malos tratos ámbito familiar;2011;256
CIUDAD AUTÓNOMA DE MELILLA;1.3.-Malos tratos ámbito familiar;2010;227
CIUDAD AUTÓNOMA DE MELILLA;1.4.-Otros contra las personas;2023;7
CIUDAD AUTÓNOMA DE MELILLA;1.4.-Otros contra las personas;2022;14
CIUDAD AUTÓNOMA DE MELILLA;1.4.-Otros contra las personas;2021;20
CIUDAD AUTÓNOMA DE MELILLA;1.4.-Otros contra las personas;2020;22
CIUDAD AUTÓNOMA DE MELILLA;1.4.-Otros contra las personas;2019;11
CIUDAD AUTÓNOMA DE MELILLA;1.4.-Otros contra las personas;2018;13
CIUDAD AUTÓNOMA DE MELILLA;1.4.-Otros contra las personas;2017;4
CIUDAD AUTÓNOMA DE MELILLA;1.4.-Otros contra las personas;2016;12
CIUDAD AUTÓNOMA DE MELILLA;1.4.-Otros contra las personas;2015;31
CIUDAD AUTÓNOMA DE MELILLA;1.4.-Otros contra las personas;2014;65
CIUDAD AUTÓNOMA DE MELILLA;1.4.-Otros contra las personas;2013;52
CIUDAD AUTÓNOMA DE MELILLA;1.4.-Otros contra las personas;2012;64
CIUDAD AUTÓNOMA DE MELILLA;1.4.-Otros contra las personas;2011;131
CIUDAD AUTÓNOMA DE MELILLA;1.4.-Otros contra las personas;2010;29
CIUDAD AUTÓNOMA DE MELILLA;2. CONTRA LA LIBERTAD;2023;120
CIUDAD AUTÓNOMA DE MELILLA;2. CONTRA LA LIBERTAD;2022;92
CIUDAD AUTÓNOMA DE MELILLA;2. CONTRA LA LIBERTAD;2021;117
CIUDAD AUTÓNOMA DE MELILLA;2. CONTRA LA LIBERTAD;2020;93
CIUDAD AUTÓNOMA DE MELILLA;2. CONTRA LA LIBERTAD;2019;88
CIUDAD AUTÓNOMA DE MELILLA;2. CONTRA LA LIBERTAD;2018;84
CIUDAD AUTÓNOMA DE MELILLA;2. CONTRA LA LIBERTAD;2017;134
CIUDAD AUTÓNOMA DE MELILLA;2. CONTRA LA LIBERTAD;2016;116
CIUDAD AUTÓNOMA DE MELILLA;2. CONTRA LA LIBERTAD;2015;79
CIUDAD AUTÓNOMA DE MELILLA;2. CONTRA LA LIBERTAD;2014;68
CIUDAD AUTÓNOMA DE MELILLA;2. CONTRA LA LIBERTAD;2013;82
CIUDAD AUTÓNOMA DE MELILLA;2. CONTRA LA LIBERTAD;2012;84
CIUDAD AUTÓNOMA DE MELILLA;2. CONTRA LA LIBERTAD;2011;110
CIUDAD AUTÓNOMA DE MELILLA;2. CONTRA LA LIBERTAD;2010;107
CIUDAD AUTÓNOMA DE MELILLA;2.1.-Malos tratos habituales en el ámbito familiar;2023;0
CIUDAD AUTÓNOMA DE MELILLA;2.1.-Malos tratos habituales en el ámbito familiar;2022;10
CIUDAD AUTÓNOMA DE MELILLA;2.1.-Malos tratos habituales en el ámbito familiar;2021;4
CIUDAD AUTÓNOMA DE MELILLA;2.1.-Malos tratos habituales en el ámbito familiar;2020;4
CIUDAD AUTÓNOMA DE MELILLA;2.1.-Malos tratos habituales en el ámbito familiar;2019;6
CIUDAD AUTÓNOMA DE MELILLA;2.1.-Malos tratos habituales en el ámbito familiar;2018;3
CIUDAD AUTÓNOMA DE MELILLA;2.1.-Malos tratos habituales en el ámbito familiar;2017;8
CIUDAD AUTÓNOMA DE MELILLA;2.1.-Malos tratos habituales en el ámbito familiar;2016;12
CIUDAD AUTÓNOMA DE MELILLA;2.1.-Malos tratos habituales en el ámbito familiar;2015;13
CIUDAD AUTÓNOMA DE MELILLA;2.1.-Malos tratos habituales en el ámbito familiar;2014;9
CIUDAD AUTÓNOMA DE MELILLA;2.1.-Malos tratos habituales en el ámbito familiar;2013;14
CIUDAD AUTÓNOMA DE MELILLA;2.1.-Malos tratos habituales en el ámbito familiar;2012;5
CIUDAD AUTÓNOMA DE MELILLA;2.1.-Malos tratos habituales en el ámbito familiar;2011;2
CIUDAD AUTÓNOMA DE MELILLA;2.1.-Malos tratos habituales en el ámbito familiar;2010;20
CIUDAD AUTÓNOMA DE MELILLA;2.2.-Otros contra la libertad;2023;120
CIUDAD AUTÓNOMA DE MELILLA;2.2.-Otros contra la libertad;2022;82
CIUDAD AUTÓNOMA DE MELILLA;2.2.-Otros contra la libertad;2021;113
CIUDAD AUTÓNOMA DE MELILLA;2.2.-Otros contra la libertad;2020;89
CIUDAD AUTÓNOMA DE MELILLA;2.2.-Otros contra la libertad;2019;82
CIUDAD AUTÓNOMA DE MELILLA;2.2.-Otros contra la libertad;2018;81
CIUDAD AUTÓNOMA DE MELILLA;2.2.-Otros contra la libertad;2017;126
CIUDAD AUTÓNOMA DE MELILLA;2.2.-Otros contra la libertad;2016;104
CIUDAD AUTÓNOMA DE MELILLA;2.2.-Otros contra la libertad;2015;66
CIUDAD AUTÓNOMA DE MELILLA;2.2.-Otros contra la libertad;2014;59
CIUDAD AUTÓNOMA DE MELILLA;2.2.-Otros contra la libertad;2013;68
CIUDAD AUTÓNOMA DE MELILLA;2.2.-Otros contra la libertad;2012;79
CIUDAD AUTÓNOMA DE MELILLA;2.2.-Otros contra la libertad;2011;108
CIUDAD AUTÓNOMA DE MELILLA;2.2.-Otros contra la libertad;2010;87
CIUDAD AUTÓNOMA DE MELILLA;3. LIBERTAD SEXUAL;2023;30
CIUDAD AUTÓNOMA DE MELILLA;3. LIBERTAD SEXUAL;2022;18
CIUDAD AUTÓNOMA DE MELILLA;3. LIBERTAD SEXUAL;2021;30
CIUDAD AUTÓNOMA DE MELILLA;3. LIBERTAD SEXUAL;2020;21
CIUDAD AUTÓNOMA DE MELILLA;3. LIBERTAD SEXUAL;2019;24
CIUDAD AUTÓNOMA DE MELILLA;3. LIBERTAD SEXUAL;2018;20
CIUDAD AUTÓNOMA DE MELILLA;3. LIBERTAD SEXUAL;2017;24
CIUDAD AUTÓNOMA DE MELILLA;3. LIBERTAD SEXUAL;2016;35
CIUDAD AUTÓNOMA DE MELILLA;3. LIBERTAD SEXUAL;2015;30
CIUDAD AUTÓNOMA DE MELILLA;3. LIBERTAD SEXUAL;2014;33
CIUDAD AUTÓNOMA DE MELILLA;3. LIBERTAD SEXUAL;2013;34
CIUDAD AUTÓNOMA DE MELILLA;3. LIBERTAD SEXUAL;2012;22
CIUDAD AUTÓNOMA DE MELILLA;3. LIBERTAD SEXUAL;2011;31
CIUDAD AUTÓNOMA DE MELILLA;3. LIBERTAD SEXUAL;2010;40
CIUDAD AUTÓNOMA DE MELILLA;3.1.-Agresión sexual;2023;23
CIUDAD AUTÓNOMA DE MELILLA;3.1.-Agresión sexual;2022;15
CIUDAD AUTÓNOMA DE MELILLA;3.1.-Agresión sexual;2021;20
CIUDAD AUTÓNOMA DE MELILLA;3.1.-Agresión sexual;2020;12
CIUDAD AUTÓNOMA DE MELILLA;3.1.-Agresión sexual;2019;16
CIUDAD AUTÓNOMA DE MELILLA;3.1.-Agresión sexual;2018;10
CIUDAD AUTÓNOMA DE MELILLA;3.1.-Agresión sexual;2017;13
CIUDAD AUTÓNOMA DE MELILLA;3.1.-Agresión sexual;2016;31
CIUDAD AUTÓNOMA DE MELILLA;3.1.-Agresión sexual;2015;21
CIUDAD AUTÓNOMA DE MELILLA;3.1.-Agresión sexual;2014;23
CIUDAD AUTÓNOMA DE MELILLA;3.1.-Agresión sexual;2013;23
CIUDAD AUTÓNOMA DE MELILLA;3.1.-Agresión sexual;2012;16
CIUDAD AUTÓNOMA DE MELILLA;3.1.-Agresión sexual;2011;21
CIUDAD AUTÓNOMA DE MELILLA;3.1.-Agresión sexual;2010;21
CIUDAD AUTÓNOMA DE MELILLA;3.2.-Agresión sexual con penetración;2023;3
CIUDAD AUTÓNOMA DE MELILLA;3.2.-Agresión sexual con penetración;2022;3
CIUDAD AUTÓNOMA DE MELILLA;3.2.-Agresión sexual con penetración;2021;5
CIUDAD AUTÓNOMA DE MELILLA;3.2.-Agresión sexual con penetración;2020;6
CIUDAD AUTÓNOMA DE MELILLA;3.2.-Agresión sexual con penetración;2019;5
CIUDAD AUTÓNOMA DE MELILLA;3.2.-Agresión sexual con penetración;2018;4
CIUDAD AUTÓNOMA DE MELILLA;3.2.-Agresión sexual con penetración;2017;3
CIUDAD AUTÓNOMA DE MELILLA;3.2.-Agresión sexual con penetración;2016;1
CIUDAD AUTÓNOMA DE MELILLA;3.2.-Agresión sexual con penetración;2015;4
CIUDAD AUTÓNOMA DE MELILLA;3.2.-Agresión sexual con penetración;2014;2
CIUDAD AUTÓNOMA DE MELILLA;3.2.-Agresión sexual con penetración;2013;6
CIUDAD AUTÓNOMA DE MELILLA;3.2.-Agresión sexual con penetración;2012;2
CIUDAD AUTÓNOMA DE MELILLA;3.2.-Agresión sexual con penetración;2011;4
CIUDAD AUTÓNOMA DE MELILLA;3.2.-Agresión sexual con penetración;2010;12
CIUDAD AUTÓNOMA DE MELILLA;3.3.-Corrupción de menores o incapacitados;2023;0
CIUDAD AUTÓNOMA DE MELILLA;3.3.-Corrupción de menores o incapacitados;2022;0
CIUDAD AUTÓNOMA DE MELILLA;3.3.-Corrupción de menores o incapacitados;2021;1
CIUDAD AUTÓNOMA DE MELILLA;3.3.-Corrupción de menores o incapacitados;2020;1
CIUDAD AUTÓNOMA DE MELILLA;3.3.-Corrupción de menores o incapacitados;2019;0
CIUDAD AUTÓNOMA DE MELILLA;3.3.-Corrupción de menores o incapacitados;2018;0
CIUDAD AUTÓNOMA DE MELILLA;3.3.-Corrupción de menores o incapacitados;2017;0
CIUDAD AUTÓNOMA DE MELILLA;3.3.-Corrupción de menores o incapacitados;2016;1
CIUDAD AUTÓNOMA DE MELILLA;3.3.-Corrupción de menores o incapacitados;2015;1
CIUDAD AUTÓNOMA DE MELILLA;3.3.-Corrupción de menores o incapacitados;2014;0
CIUDAD AUTÓNOMA DE MELILLA;3.3.-Corrupción de menores o incapacitados;2013;1
CIUDAD AUTÓNOMA DE MELILLA;3.3.-Corrupción de menores o incapacitados;2012;0
CIUDAD AUTÓNOMA DE MELILLA;3.3.-Corrupción de menores o incapacitados;2011;0
CIUDAD AUTÓNOMA DE MELILLA;3.3.-Corrupción de menores o incapacitados;2010;0
CIUDAD AUTÓNOMA DE MELILLA;3.4.-Pornografía de menores;2023;2
CIUDAD AUTÓNOMA DE MELILLA;3.4.-Pornografía de menores;2022;0
CIUDAD AUTÓNOMA DE MELILLA;3.4.-Pornografía de menores;2021;3
CIUDAD AUTÓNOMA DE MELILLA;3.4.-Pornografía de menores;2020;0
CIUDAD AUTÓNOMA DE MELILLA;3.4.-Pornografía de menores;2019;0
CIUDAD AUTÓNOMA DE MELILLA;3.4.-Pornografía de menores;2018;2
CIUDAD AUTÓNOMA DE MELILLA;3.4.-Pornografía de menores;2017;4
CIUDAD AUTÓNOMA DE MELILLA;3.4.-Pornografía de menores;2016;0
CIUDAD AUTÓNOMA DE MELILLA;3.4.-Pornografía de menores;2015;0
CIUDAD AUTÓNOMA DE MELILLA;3.4.-Pornografía de menores;2014;1
CIUDAD AUTÓNOMA DE MELILLA;3.4.-Pornografía de menores;2013;0
CIUDAD AUTÓNOMA DE MELILLA;3.4.-Pornografía de menores;2012;0
CIUDAD AUTÓNOMA DE MELILLA;3.4.-Pornografía de menores;2011;0
CIUDAD AUTÓNOMA DE MELILLA;3.4.-Pornografía de menores;2010;0
CIUDAD AUTÓNOMA DE MELILLA;3.5.-Otros contra la libertad sexual;2023;2
CIUDAD AUTÓNOMA DE MELILLA;3.5.-Otros contra la libertad sexual;2022;0
CIUDAD AUTÓNOMA DE MELILLA;3.5.-Otros contra la libertad sexual;2021;1
CIUDAD AUTÓNOMA DE MELILLA;3.5.-Otros contra la libertad sexual;2020;2
CIUDAD AUTÓNOMA DE MELILLA;3.5.-Otros contra la libertad sexual;2019;3
CIUDAD AUTÓNOMA DE MELILLA;3.5.-Otros contra la libertad sexual;2018;4
CIUDAD AUTÓNOMA DE MELILLA;3.5.-Otros contra la libertad sexual;2017;4
CIUDAD AUTÓNOMA DE MELILLA;3.5.-Otros contra la libertad sexual;2016;2
CIUDAD AUTÓNOMA DE MELILLA;3.5.-Otros contra la libertad sexual;2015;4
CIUDAD AUTÓNOMA DE MELILLA;3.5.-Otros contra la libertad sexual;2014;7
CIUDAD AUTÓNOMA DE MELILLA;3.5.-Otros contra la libertad sexual;2013;4
CIUDAD AUTÓNOMA DE MELILLA;3.5.-Otros contra la libertad sexual;2012;4
CIUDAD AUTÓNOMA DE MELILLA;3.5.-Otros contra la libertad sexual;2011;6
CIUDAD AUTÓNOMA DE MELILLA;3.5.-Otros contra la libertad sexual;2010;7
CIUDAD AUTÓNOMA DE MELILLA;4. RELACIONES FAMILIARES;2023;6
CIUDAD AUTÓNOMA DE MELILLA;4. RELACIONES FAMILIARES;2022;1
CIUDAD AUTÓNOMA DE MELILLA;4. RELACIONES FAMILIARES;2021;3
CIUDAD AUTÓNOMA DE MELILLA;4. RELACIONES FAMILIARES;2020;8
CIUDAD AUTÓNOMA DE MELILLA;4. RELACIONES FAMILIARES;2019;12
CIUDAD AUTÓNOMA DE MELILLA;4. RELACIONES FAMILIARES;2018;10
CIUDAD AUTÓNOMA DE MELILLA;4. RELACIONES FAMILIARES;2017;11
CIUDAD AUTÓNOMA DE MELILLA;4. RELACIONES FAMILIARES;2016;6
CIUDAD AUTÓNOMA DE MELILLA;4. RELACIONES FAMILIARES;2015;7
CIUDAD AUTÓNOMA DE MELILLA;4. RELACIONES FAMILIARES;2014;12
CIUDAD AUTÓNOMA DE MELILLA;4. RELACIONES FAMILIARES;2013;14
CIUDAD AUTÓNOMA DE MELILLA;4. RELACIONES FAMILIARES;2012;11
CIUDAD AUTÓNOMA DE MELILLA;4. RELACIONES FAMILIARES;2011;8
CIUDAD AUTÓNOMA DE MELILLA;4. RELACIONES FAMILIARES;2010;2
CIUDAD AUTÓNOMA DE MELILLA;5. PATRIMONIO;2023;388
CIUDAD AUTÓNOMA DE MELILLA;5. PATRIMONIO;2022;341
CIUDAD AUTÓNOMA DE MELILLA;5. PATRIMONIO;2021;427
CIUDAD AUTÓNOMA DE MELILLA;5. PATRIMONIO;2020;671
CIUDAD AUTÓNOMA DE MELILLA;5. PATRIMONIO;2019;903
CIUDAD AUTÓNOMA DE MELILLA;5. PATRIMONIO;2018;901
CIUDAD AUTÓNOMA DE MELILLA;5. PATRIMONIO;2017;900
CIUDAD AUTÓNOMA DE MELILLA;5. PATRIMONIO;2016;862
CIUDAD AUTÓNOMA DE MELILLA;5. PATRIMONIO;2015;876
CIUDAD AUTÓNOMA DE MELILLA;5. PATRIMONIO;2014;742
CIUDAD AUTÓNOMA DE MELILLA;5. PATRIMONIO;2013;949
CIUDAD AUTÓNOMA DE MELILLA;5. PATRIMONIO;2012;924
CIUDAD AUTÓNOMA DE MELILLA;5. PATRIMONIO;2011;1.073
CIUDAD AUTÓNOMA DE MELILLA;5. PATRIMONIO;2010;679
CIUDAD AUTÓNOMA DE MELILLA;5.1.-Hurtos;2023;88
CIUDAD AUTÓNOMA DE MELILLA;5.1.-Hurtos;2022;59
CIUDAD AUTÓNOMA DE MELILLA;5.1.-Hurtos;2021;75
CIUDAD AUTÓNOMA DE MELILLA;5.1.-Hurtos;2020;111
CIUDAD AUTÓNOMA DE MELILLA;5.1.-Hurtos;2019;270
CIUDAD AUTÓNOMA DE MELILLA;5.1.-Hurtos;2018;235
CIUDAD AUTÓNOMA DE MELILLA;5.1.-Hurtos;2017;264
CIUDAD AUTÓNOMA DE MELILLA;5.1.-Hurtos;2016;257
CIUDAD AUTÓNOMA DE MELILLA;5.1.-Hurtos;2015;229
CIUDAD AUTÓNOMA DE MELILLA;5.1.-Hurtos;2014;180
CIUDAD AUTÓNOMA DE MELILLA;5.1.-Hurtos;2013;297
CIUDAD AUTÓNOMA DE MELILLA;5.1.-Hurtos;2012;347
CIUDAD AUTÓNOMA DE MELILLA;5.1.-Hurtos;2011;277
CIUDAD AUTÓNOMA DE MELILLA;5.1.-Hurtos;2010;94
CIUDAD AUTÓNOMA DE MELILLA;5.2.-Robos con fuerza en las cosas;2023;97
CIUDAD AUTÓNOMA DE MELILLA;5.2.-Robos con fuerza en las cosas;2022;81
CIUDAD AUTÓNOMA DE MELILLA;5.2.-Robos con fuerza en las cosas;2021;72
CIUDAD AUTÓNOMA DE MELILLA;5.2.-Robos con fuerza en las cosas;2020;127
CIUDAD AUTÓNOMA DE MELILLA;5.2.-Robos con fuerza en las cosas;2019;194
CIUDAD AUTÓNOMA DE MELILLA;5.2.-Robos con fuerza en las cosas;2018;254
CIUDAD AUTÓNOMA DE MELILLA;5.2.-Robos con fuerza en las cosas;2017;170
CIUDAD AUTÓNOMA DE MELILLA;5.2.-Robos con fuerza en las cosas;2016;202
CIUDAD AUTÓNOMA DE MELILLA;5.2.-Robos con fuerza en las cosas;2015;244
CIUDAD AUTÓNOMA DE MELILLA;5.2.-Robos con fuerza en las cosas;2014;165
CIUDAD AUTÓNOMA DE MELILLA;5.2.-Robos con fuerza en las cosas;2013;232
CIUDAD AUTÓNOMA DE MELILLA;5.2.-Robos con fuerza en las cosas;2012;234
CIUDAD AUTÓNOMA DE MELILLA;5.2.-Robos con fuerza en las cosas;2011;345
CIUDAD AUTÓNOMA DE MELILLA;5.2.-Robos con fuerza en las cosas;2010;292
CIUDAD AUTÓNOMA DE MELILLA;5.2.1.-Robos con fuerza en las cosas en el interior de vehículos;2023;21
CIUDAD AUTÓNOMA DE MELILLA;5.2.1.-Robos con fuerza en las cosas en el interior de vehículos;2022;34
CIUDAD AUTÓNOMA DE MELILLA;5.2.1.-Robos con fuerza en las cosas en el interior de vehículos;2021;28
CIUDAD AUTÓNOMA DE MELILLA;5.2.1.-Robos con fuerza en las cosas en el interior de vehículos;2020;76
CIUDAD AUTÓNOMA DE MELILLA;5.2.1.-Robos con fuerza en las cosas en el interior de vehículos;2019;95
CIUDAD AUTÓNOMA DE MELILLA;5.2.1.-Robos con fuerza en las cosas en el interior de vehículos;2018;155
CIUDAD AUTÓNOMA DE MELILLA;5.2.1.-Robos con fuerza en las cosas en el interior de vehículos;2017;97
CIUDAD AUTÓNOMA DE MELILLA;5.2.1.-Robos con fuerza en las cosas en el interior de vehículos;2016;96
CIUDAD AUTÓNOMA DE MELILLA;5.2.1.-Robos con fuerza en las cosas en el interior de vehículos;2015;115
CIUDAD AUTÓNOMA DE MELILLA;5.2.1.-Robos con fuerza en las cosas en el interior de vehículos;2014;85
CIUDAD AUTÓNOMA DE MELILLA;5.2.1.-Robos con fuerza en las cosas en el interior de vehículos;2013;110
CIUDAD AUTÓNOMA DE MELILLA;5.2.1.-Robos con fuerza en las cosas en el interior de vehículos;2012;96
CIUDAD AUTÓNOMA DE MELILLA;5.2.1.-Robos con fuerza en las cosas en el interior de vehículos;2011;129
CIUDAD AUTÓNOMA DE MELILLA;5.2.1.-Robos con fuerza en las cosas en el interior de vehículos;2010;111
CIUDAD AUTÓNOMA DE MELILLA;5.2.2.-Robos con fuerza en viviendas;2023;26
CIUDAD AUTÓNOMA DE MELILLA;5.2.2.-Robos con fuerza en viviendas;2022;19
CIUDAD AUTÓNOMA DE MELILLA;5.2.2.-Robos con fuerza en viviendas;2021;18
CIUDAD AUTÓNOMA DE MELILLA;5.2.2.-Robos con fuerza en viviendas;2020;20
CIUDAD AUTÓNOMA DE MELILLA;5.2.2.-Robos con fuerza en viviendas;2019;39
CIUDAD AUTÓNOMA DE MELILLA;5.2.2.-Robos con fuerza en viviendas;2018;38
CIUDAD AUTÓNOMA DE MELILLA;5.2.2.-Robos con fuerza en viviendas;2017;39
CIUDAD AUTÓNOMA DE MELILLA;5.2.2.-Robos con fuerza en viviendas;2016;59
CIUDAD AUTÓNOMA DE MELILLA;5.2.2.-Robos con fuerza en viviendas;2015;41
CIUDAD AUTÓNOMA DE MELILLA;5.2.2.-Robos con fuerza en viviendas;2014;22
CIUDAD AUTÓNOMA DE MELILLA;5.2.2.-Robos con fuerza en viviendas;2013;45
CIUDAD AUTÓNOMA DE MELILLA;5.2.2.-Robos con fuerza en viviendas;2012;32
CIUDAD AUTÓNOMA DE MELILLA;5.2.2.-Robos con fuerza en viviendas;2011;75
CIUDAD AUTÓNOMA DE MELILLA;5.2.2.-Robos con fuerza en viviendas;2010;48
CIUDAD AUTÓNOMA DE MELILLA;5.2.3.-Robos con fuerza en establecimientos;2023;38
CIUDAD AUTÓNOMA DE MELILLA;5.2.3.-Robos con fuerza en establecimientos;2022;18
CIUDAD AUTÓNOMA DE MELILLA;5.2.3.-Robos con fuerza en establecimientos;2021;7
CIUDAD AUTÓNOMA DE MELILLA;5.2.3.-Robos con fuerza en establecimientos;2020;12
CIUDAD AUTÓNOMA DE MELILLA;5.2.3.-Robos con fuerza en establecimientos;2019;25
CIUDAD AUTÓNOMA DE MELILLA;5.2.3.-Robos con fuerza en establecimientos;2018;15
CIUDAD AUTÓNOMA DE MELILLA;5.2.3.-Robos con fuerza en establecimientos;2017;17
CIUDAD AUTÓNOMA DE MELILLA;5.2.3.-Robos con fuerza en establecimientos;2016;29
CIUDAD AUTÓNOMA DE MELILLA;5.2.3.-Robos con fuerza en establecimientos;2015;31
CIUDAD AUTÓNOMA DE MELILLA;5.2.3.-Robos con fuerza en establecimientos;2014;22
CIUDAD AUTÓNOMA DE MELILLA;5.2.3.-Robos con fuerza en establecimientos;2013;35
CIUDAD AUTÓNOMA DE MELILLA;5.2.3.-Robos con fuerza en establecimientos;2012;41
CIUDAD AUTÓNOMA DE MELILLA;5.2.3.-Robos con fuerza en establecimientos;2011;73
CIUDAD AUTÓNOMA DE MELILLA;5.2.3.-Robos con fuerza en establecimientos;2010;68
CIUDAD AUTÓNOMA DE MELILLA;5.3.-Robos con violencia o intimidación;2023;99
CIUDAD AUTÓNOMA DE MELILLA;5.3.-Robos con violencia o intimidación;2022;107
CIUDAD AUTÓNOMA DE MELILLA;5.3.-Robos con violencia o intimidación;2021;165
CIUDAD AUTÓNOMA DE MELILLA;5.3.-Robos con violencia o intimidación;2020;314
CIUDAD AUTÓNOMA DE MELILLA;5.3.-Robos con violencia o intimidación;2019;315
CIUDAD AUTÓNOMA DE MELILLA;5.3.-Robos con violencia o intimidación;2018;291
CIUDAD AUTÓNOMA DE MELILLA;5.3.-Robos con violencia o intimidación;2017;266
CIUDAD AUTÓNOMA DE MELILLA;5.3.-Robos con violencia o intimidación;2016;270
CIUDAD AUTÓNOMA DE MELILLA;5.3.-Robos con violencia o intimidación;2015;261
CIUDAD AUTÓNOMA DE MELILLA;5.3.-Robos con violencia o intimidación;2014;235
CIUDAD AUTÓNOMA DE MELILLA;5.3.-Robos con violencia o intimidación;2013;241
CIUDAD AUTÓNOMA DE MELILLA;5.3.-Robos con violencia o intimidación;2012;177
CIUDAD AUTÓNOMA DE MELILLA;5.3.-Robos con violencia o intimidación;2011;192
CIUDAD AUTÓNOMA DE MELILLA;5.3.-Robos con violencia o intimidación;2010;167
CIUDAD AUTÓNOMA DE MELILLA;5.3.1.-Robos con violencia en vía pública;2023;73
CIUDAD AUTÓNOMA DE MELILLA;5.3.1.-Robos con violencia en vía pública;2022;85
CIUDAD AUTÓNOMA DE MELILLA;5.3.1.-Robos con violencia en vía pública;2021;107
CIUDAD AUTÓNOMA DE MELILLA;5.3.1.-Robos con violencia en vía pública;2020;248
CIUDAD AUTÓNOMA DE MELILLA;5.3.1.-Robos con violencia en vía pública;2019;208
CIUDAD AUTÓNOMA DE MELILLA;5.3.1.-Robos con violencia en vía pública;2018;238
CIUDAD AUTÓNOMA DE MELILLA;5.3.1.-Robos con violencia en vía pública;2017;218
CIUDAD AUTÓNOMA DE MELILLA;5.3.1.-Robos con violencia en vía pública;2016;228
CIUDAD AUTÓNOMA DE MELILLA;5.3.1.-Robos con violencia en vía pública;2015;224
CIUDAD AUTÓNOMA DE MELILLA;5.3.1.-Robos con violencia en vía pública;2014;207
CIUDAD AUTÓNOMA DE MELILLA;5.3.1.-Robos con violencia en vía pública;2013;196
CIUDAD AUTÓNOMA DE MELILLA;5.3.1.-Robos con violencia en vía pública;2012;150
CIUDAD AUTÓNOMA DE MELILLA;5.3.1.-Robos con violencia en vía pública;2011;148
CIUDAD AUTÓNOMA DE MELILLA;5.3.1.-Robos con violencia en vía pública;2010;136
CIUDAD AUTÓNOMA DE MELILLA;5.3.2.-Robos con violencia en viviendas;2023;7
CIUDAD AUTÓNOMA DE MELILLA;5.3.2.-Robos con violencia en viviendas;2022;4
CIUDAD AUTÓNOMA DE MELILLA;5.3.2.-Robos con violencia en viviendas;2021;1
CIUDAD AUTÓNOMA DE MELILLA;5.3.2.-Robos con violencia en viviendas;2020;1
CIUDAD AUTÓNOMA DE MELILLA;5.3.2.-Robos con violencia en viviendas;2019;5
CIUDAD AUTÓNOMA DE MELILLA;5.3.2.-Robos con violencia en viviendas;2018;1
CIUDAD AUTÓNOMA DE MELILLA;5.3.2.-Robos con violencia en viviendas;2017;1
CIUDAD AUTÓNOMA DE MELILLA;5.3.2.-Robos con violencia en viviendas;2016;1
CIUDAD AUTÓNOMA DE MELILLA;5.3.2.-Robos con violencia en viviendas;2015;2
CIUDAD AUTÓNOMA DE MELILLA;5.3.2.-Robos con violencia en viviendas;2014;3
CIUDAD AUTÓNOMA DE MELILLA;5.3.2.-Robos con violencia en viviendas;2013;9
CIUDAD AUTÓNOMA DE MELILLA;5.3.2.-Robos con violencia en viviendas;2012;4
CIUDAD AUTÓNOMA DE MELILLA;5.3.2.-Robos con violencia en viviendas;2011;5
CIUDAD AUTÓNOMA DE MELILLA;5.3.2.-Robos con violencia en viviendas;2010;5
CIUDAD AUTÓNOMA DE MELILLA;5.3.3.-Robos con violencia en establecimientos;2023;12
CIUDAD AUTÓNOMA DE MELILLA;5.3.3.-Robos con violencia en establecimientos;2022;15
CIUDAD AUTÓNOMA DE MELILLA;5.3.3.-Robos con violencia en establecimientos;2021;14
CIUDAD AUTÓNOMA DE MELILLA;5.3.3.-Robos con violencia en establecimientos;2020;16
CIUDAD AUTÓNOMA DE MELILLA;5.3.3.-Robos con violencia en establecimientos;2019;9
CIUDAD AUTÓNOMA DE MELILLA;5.3.3.-Robos con violencia en establecimientos;2018;10
CIUDAD AUTÓNOMA DE MELILLA;5.3.3.-Robos con violencia en establecimientos;2017;12
CIUDAD AUTÓNOMA DE MELILLA;5.3.3.-Robos con violencia en establecimientos;2016;1
CIUDAD AUTÓNOMA DE MELILLA;5.3.3.-Robos con violencia en establecimientos;2015;6
CIUDAD AUTÓNOMA DE MELILLA;5.3.3.-Robos con violencia en establecimientos;2014;5
CIUDAD AUTÓNOMA DE MELILLA;5.3.3.-Robos con violencia en establecimientos;2013;17
CIUDAD AUTÓNOMA DE MELILLA;5.3.3.-Robos con violencia en establecimientos;2012;16
CIUDAD AUTÓNOMA DE MELILLA;5.3.3.-Robos con violencia en establecimientos;2011;18
CIUDAD AUTÓNOMA DE MELILLA;5.3.3.-Robos con violencia en establecimientos;2010;11
CIUDAD AUTÓNOMA DE MELILLA;5.4.-Sustracción de vehículos;2023;13
CIUDAD AUTÓNOMA DE MELILLA;5.4.-Sustracción de vehículos;2022;12
CIUDAD AUTÓNOMA DE MELILLA;5.4.-Sustracción de vehículos;2021;12
CIUDAD AUTÓNOMA DE MELILLA;5.4.-Sustracción de vehículos;2020;13
CIUDAD AUTÓNOMA DE MELILLA;5.4.-Sustracción de vehículos;2019;9
CIUDAD AUTÓNOMA DE MELILLA;5.4.-Sustracción de vehículos;2018;22
CIUDAD AUTÓNOMA DE MELILLA;5.4.-Sustracción de vehículos;2017;29
CIUDAD AUTÓNOMA DE MELILLA;5.4.-Sustracción de vehículos;2016;27
CIUDAD AUTÓNOMA DE MELILLA;5.4.-Sustracción de vehículos;2015;26
CIUDAD AUTÓNOMA DE MELILLA;5.4.-Sustracción de vehículos;2014;46
CIUDAD AUTÓNOMA DE MELILLA;5.4.-Sustracción de vehículos;2013;72
CIUDAD AUTÓNOMA DE MELILLA;5.4.-Sustracción de vehículos;2012;51
CIUDAD AUTÓNOMA DE MELILLA;5.4.-Sustracción de vehículos;2011;114
CIUDAD AUTÓNOMA DE MELILLA;5.4.-Sustracción de vehículos;2010;53
CIUDAD AUTÓNOMA DE MELILLA;5.5.-Estafas;2023;26
CIUDAD AUTÓNOMA DE MELILLA;5.5.-Estafas;2022;35
CIUDAD AUTÓNOMA DE MELILLA;5.5.-Estafas;2021;22
CIUDAD AUTÓNOMA DE MELILLA;5.5.-Estafas;2020;35
CIUDAD AUTÓNOMA DE MELILLA;5.5.-Estafas;2019;33
CIUDAD AUTÓNOMA DE MELILLA;5.5.-Estafas;2018;23
CIUDAD AUTÓNOMA DE MELILLA;5.5.-Estafas;2017;47
CIUDAD AUTÓNOMA DE MELILLA;5.5.-Estafas;2016;19
CIUDAD AUTÓNOMA DE MELILLA;5.5.-Estafas;2015;31
CIUDAD AUTÓNOMA DE MELILLA;5.5.-Estafas;2014;36
CIUDAD AUTÓNOMA DE MELILLA;5.5.-Estafas;2013;36
CIUDAD AUTÓNOMA DE MELILLA;5.5.-Estafas;2012;15
CIUDAD AUTÓNOMA DE MELILLA;5.5.-Estafas;2011;30
CIUDAD AUTÓNOMA DE MELILLA;5.5.-Estafas;2010;9
CIUDAD AUTÓNOMA DE MELILLA;5.5.1.-Estafas informáticas;2023;11
CIUDAD AUTÓNOMA DE MELILLA;5.5.1.-Estafas informáticas;2022;20
CIUDAD AUTÓNOMA DE MELILLA;5.5.1.-Estafas informáticas;2021;12
CIUDAD AUTÓNOMA DE MELILLA;5.5.1.-Estafas informáticas;2020;10
CIUDAD AUTÓNOMA DE MELILLA;5.5.1.-Estafas informáticas;2019;16
CIUDAD AUTÓNOMA DE MELILLA;5.5.1.-Estafas informáticas;2018;10
CIUDAD AUTÓNOMA DE MELILLA;5.5.1.-Estafas informáticas;2017;26
CIUDAD AUTÓNOMA DE MELILLA;5.5.1.-Estafas informáticas;2016;2
CIUDAD AUTÓNOMA DE MELILLA;5.5.1.-Estafas informáticas;2015;4
CIUDAD AUTÓNOMA DE MELILLA;5.5.1.-Estafas informáticas;2014;11
CIUDAD AUTÓNOMA DE MELILLA;5.5.1.-Estafas informáticas;2013;13
CIUDAD AUTÓNOMA DE MELILLA;5.5.1.-Estafas informáticas;2012;0
CIUDAD AUTÓNOMA DE MELILLA;5.5.1.-Estafas informáticas;2011;9
CIUDAD AUTÓNOMA DE MELILLA;5.5.1.-Estafas informáticas;2010;0
CIUDAD AUTÓNOMA DE MELILLA;5.6.-Daños;2023;39
CIUDAD AUTÓNOMA DE MELILLA;5.6.-Daños;2022;28
CIUDAD AUTÓNOMA DE MELILLA;5.6.-Daños;2021;62
CIUDAD AUTÓNOMA DE MELILLA;5.6.-Daños;2020;45
CIUDAD AUTÓNOMA DE MELILLA;5.6.-Daños;2019;31
CIUDAD AUTÓNOMA DE MELILLA;5.6.-Daños;2018;44
CIUDAD AUTÓNOMA DE MELILLA;5.6.-Daños;2017;60
CIUDAD AUTÓNOMA DE MELILLA;5.6.-Daños;2016;50
CIUDAD AUTÓNOMA DE MELILLA;5.6.-Daños;2015;63
CIUDAD AUTÓNOMA DE MELILLA;5.6.-Daños;2014;39
CIUDAD AUTÓNOMA DE MELILLA;5.6.-Daños;2013;42
CIUDAD AUTÓNOMA DE MELILLA;5.6.-Daños;2012;49
CIUDAD AUTÓNOMA DE MELILLA;5.6.-Daños;2011;33
CIUDAD AUTÓNOMA DE MELILLA;5.6.-Daños;2010;44
CIUDAD AUTÓNOMA DE MELILLA;5.7.-Contra la propiedad intelectual/industrial;2023;2
CIUDAD AUTÓNOMA DE MELILLA;5.7.-Contra la propiedad intelectual/industrial;2022;0
CIUDAD AUTÓNOMA DE MELILLA;5.7.-Contra la propiedad intelectual/industrial;2021;1
CIUDAD AUTÓNOMA DE MELILLA;5.7.-Contra la propiedad intelectual/industrial;2020;1
CIUDAD AUTÓNOMA DE MELILLA;5.7.-Contra la propiedad intelectual/industrial;2019;15
CIUDAD AUTÓNOMA DE MELILLA;5.7.-Contra la propiedad intelectual/industrial;2018;11
CIUDAD AUTÓNOMA DE MELILLA;5.7.-Contra la propiedad intelectual/industrial;2017;31
CIUDAD AUTÓNOMA DE MELILLA;5.7.-Contra la propiedad intelectual/industrial;2016;3
CIUDAD AUTÓNOMA DE MELILLA;5.7.-Contra la propiedad intelectual/industrial;2015;3
CIUDAD AUTÓNOMA DE MELILLA;5.7.-Contra la propiedad intelectual/industrial;2014;4
CIUDAD AUTÓNOMA DE MELILLA;5.7.-Contra la propiedad intelectual/industrial;2013;5
CIUDAD AUTÓNOMA DE MELILLA;5.7.-Contra la propiedad intelectual/industrial;2012;17
CIUDAD AUTÓNOMA DE MELILLA;5.7.-Contra la propiedad intelectual/industrial;2011;18
CIUDAD AUTÓNOMA DE MELILLA;5.7.-Contra la propiedad intelectual/industrial;2010;8
CIUDAD AUTÓNOMA DE MELILLA;5.8.-Blanqueo de capitales;2023;0
CIUDAD AUTÓNOMA DE MELILLA;5.8.-Blanqueo de capitales;2022;0
CIUDAD AUTÓNOMA DE MELILLA;5.8.-Blanqueo de capitales;2021;0
CIUDAD AUTÓNOMA DE MELILLA;5.8.-Blanqueo de capitales;2020;0
CIUDAD AUTÓNOMA DE MELILLA;5.8.-Blanqueo de capitales;2019;3
CIUDAD AUTÓNOMA DE MELILLA;5.8.-Blanqueo de capitales;2018;0
CIUDAD AUTÓNOMA DE MELILLA;5.8.-Blanqueo de capitales;2017;1
CIUDAD AUTÓNOMA DE MELILLA;5.8.-Blanqueo de capitales;2016;2
CIUDAD AUTÓNOMA DE MELILLA;5.8.-Blanqueo de capitales;2015;0
CIUDAD AUTÓNOMA DE MELILLA;5.8.-Blanqueo de capitales;2014;5
CIUDAD AUTÓNOMA DE MELILLA;5.8.-Blanqueo de capitales;2013;2
CIUDAD AUTÓNOMA DE MELILLA;5.8.-Blanqueo de capitales;2012;13
CIUDAD AUTÓNOMA DE MELILLA;5.8.-Blanqueo de capitales;2011;8
CIUDAD AUTÓNOMA DE MELILLA;5.8.-Blanqueo de capitales;2010;0
CIUDAD AUTÓNOMA DE MELILLA;5.9.-Otros contra el patrimonio;2023;24
CIUDAD AUTÓNOMA DE MELILLA;5.9.-Otros contra el patrimonio;2022;19
CIUDAD AUTÓNOMA DE MELILLA;5.9.-Otros contra el patrimonio;2021;18
CIUDAD AUTÓNOMA DE MELILLA;5.9.-Otros contra el patrimonio;2020;25
CIUDAD AUTÓNOMA DE MELILLA;5.9.-Otros contra el patrimonio;2019;33
CIUDAD AUTÓNOMA DE MELILLA;5.9.-Otros contra el patrimonio;2018;21
CIUDAD AUTÓNOMA DE MELILLA;5.9.-Otros contra el patrimonio;2017;32
CIUDAD AUTÓNOMA DE MELILLA;5.9.-Otros contra el patrimonio;2016;32
CIUDAD AUTÓNOMA DE MELILLA;5.9.-Otros contra el patrimonio;2015;19
CIUDAD AUTÓNOMA DE MELILLA;5.9.-Otros contra el patrimonio;2014;32
CIUDAD AUTÓNOMA DE MELILLA;5.9.-Otros contra el patrimonio;2013;22
CIUDAD AUTÓNOMA DE MELILLA;5.9.-Otros contra el patrimonio;2012;21
CIUDAD AUTÓNOMA DE MELILLA;5.9.-Otros contra el patrimonio;2011;56
CIUDAD AUTÓNOMA DE MELILLA;5.9.-Otros contra el patrimonio;2010;12
CIUDAD AUTÓNOMA DE MELILLA;6. SEGURIDAD COLECTIVA;2023;346
CIUDAD AUTÓNOMA DE MELILLA;6. SEGURIDAD COLECTIVA;2022;320
CIUDAD AUTÓNOMA DE MELILLA;6. SEGURIDAD COLECTIVA;2021;374
CIUDAD AUTÓNOMA DE MELILLA;6. SEGURIDAD COLECTIVA;2020;332
CIUDAD AUTÓNOMA DE MELILLA;6. SEGURIDAD COLECTIVA;2019;343
CIUDAD AUTÓNOMA DE MELILLA;6. SEGURIDAD COLECTIVA;2018;306
CIUDAD AUTÓNOMA DE MELILLA;6. SEGURIDAD COLECTIVA;2017;208
CIUDAD AUTÓNOMA DE MELILLA;6. SEGURIDAD COLECTIVA;2016;244
CIUDAD AUTÓNOMA DE MELILLA;6. SEGURIDAD COLECTIVA;2015;301
CIUDAD AUTÓNOMA DE MELILLA;6. SEGURIDAD COLECTIVA;2014;349
CIUDAD AUTÓNOMA DE MELILLA;6. SEGURIDAD COLECTIVA;2013;413
CIUDAD AUTÓNOMA DE MELILLA;6. SEGURIDAD COLECTIVA;2012;353
CIUDAD AUTÓNOMA DE MELILLA;6. SEGURIDAD COLECTIVA;2011;374
CIUDAD AUTÓNOMA DE MELILLA;6. SEGURIDAD COLECTIVA;2010;265
CIUDAD AUTÓNOMA DE MELILLA;6.1.-Tráfico de drogas;2023;102
CIUDAD AUTÓNOMA DE MELILLA;6.1.-Tráfico de drogas;2022;100
CIUDAD AUTÓNOMA DE MELILLA;6.1.-Tráfico de drogas;2021;227
CIUDAD AUTÓNOMA DE MELILLA;6.1.-Tráfico de drogas;2020;162
CIUDAD AUTÓNOMA DE MELILLA;6.1.-Tráfico de drogas;2019;98
CIUDAD AUTÓNOMA DE MELILLA;6.1.-Tráfico de drogas;2018;70
CIUDAD AUTÓNOMA DE MELILLA;6.1.-Tráfico de drogas;2017;74
CIUDAD AUTÓNOMA DE MELILLA;6.1.-Tráfico de drogas;2016;120
CIUDAD AUTÓNOMA DE MELILLA;6.1.-Tráfico de drogas;2015;151
CIUDAD AUTÓNOMA DE MELILLA;6.1.-Tráfico de drogas;2014;211
CIUDAD AUTÓNOMA DE MELILLA;6.1.-Tráfico de drogas;2013;252
CIUDAD AUTÓNOMA DE MELILLA;6.1.-Tráfico de drogas;2012;219
CIUDAD AUTÓNOMA DE MELILLA;6.1.-Tráfico de drogas;2011;230
CIUDAD AUTÓNOMA DE MELILLA;6.1.-Tráfico de drogas;2010;213
CIUDAD AUTÓNOMA DE MELILLA;6.2.-Contra la seguridad vial;2023;240
CIUDAD AUTÓNOMA DE MELILLA;6.2.-Contra la seguridad vial;2022;218
CIUDAD AUTÓNOMA DE MELILLA;6.2.-Contra la seguridad vial;2021;141
CIUDAD AUTÓNOMA DE MELILLA;6.2.-Contra la seguridad vial;2020;163
CIUDAD AUTÓNOMA DE MELILLA;6.2.-Contra la seguridad vial;2019;225
CIUDAD AUTÓNOMA DE MELILLA;6.2.-Contra la seguridad vial;2018;201
CIUDAD AUTÓNOMA DE MELILLA;6.2.-Contra la seguridad vial;2017;103
CIUDAD AUTÓNOMA DE MELILLA;6.2.-Contra la seguridad vial;2016;86
CIUDAD AUTÓNOMA DE MELILLA;6.2.-Contra la seguridad vial;2015;112
CIUDAD AUTÓNOMA DE MELILLA;6.2.-Contra la seguridad vial;2014;129
CIUDAD AUTÓNOMA DE MELILLA;6.2.-Contra la seguridad vial;2013;145
CIUDAD AUTÓNOMA DE MELILLA;6.2.-Contra la seguridad vial;2012;119
CIUDAD AUTÓNOMA DE MELILLA;6.2.-Contra la seguridad vial;2011;132
CIUDAD AUTÓNOMA DE MELILLA;6.2.-Contra la seguridad vial;2010;44
CIUDAD AUTÓNOMA DE MELILLA;6.3.-Otros contra la seguridad colectiva;2023;4
CIUDAD AUTÓNOMA DE MELILLA;6.3.-Otros contra la seguridad colectiva;2022;2
CIUDAD AUTÓNOMA DE MELILLA;6.3.-Otros contra la seguridad colectiva;2021;6
CIUDAD AUTÓNOMA DE MELILLA;6.3.-Otros contra la seguridad colectiva;2020;7
CIUDAD AUTÓNOMA DE MELILLA;6.3.-Otros contra la seguridad colectiva;2019;20
CIUDAD AUTÓNOMA DE MELILLA;6.3.-Otros contra la seguridad colectiva;2018;35
CIUDAD AUTÓNOMA DE MELILLA;6.3.-Otros contra la seguridad colectiva;2017;31
CIUDAD AUTÓNOMA DE MELILLA;6.3.-Otros contra la seguridad colectiva;2016;38
CIUDAD AUTÓNOMA DE MELILLA;6.3.-Otros contra la seguridad colectiva;2015;38
CIUDAD AUTÓNOMA DE MELILLA;6.3.-Otros contra la seguridad colectiva;2014;9
CIUDAD AUTÓNOMA DE MELILLA;6.3.-Otros contra la seguridad colectiva;2013;16
CIUDAD AUTÓNOMA DE MELILLA;6.3.-Otros contra la seguridad colectiva;2012;15
CIUDAD AUTÓNOMA DE MELILLA;6.3.-Otros contra la seguridad colectiva;2011;12
CIUDAD AUTÓNOMA DE MELILLA;6.3.-Otros contra la seguridad colectiva;2010;8
CIUDAD AUTÓNOMA DE MELILLA;7. FALSEDADES;2023;92
CIUDAD AUTÓNOMA DE MELILLA;7. FALSEDADES;2022;50
CIUDAD AUTÓNOMA DE MELILLA;7. FALSEDADES;2021;43
CIUDAD AUTÓNOMA DE MELILLA;7. FALSEDADES;2020;123
CIUDAD AUTÓNOMA DE MELILLA;7. FALSEDADES;2019;510
CIUDAD AUTÓNOMA DE MELILLA;7. FALSEDADES;2018;453
CIUDAD AUTÓNOMA DE MELILLA;7. FALSEDADES;2017;528
CIUDAD AUTÓNOMA DE MELILLA;7. FALSEDADES;2016;495
CIUDAD AUTÓNOMA DE MELILLA;7. FALSEDADES;2015;402
CIUDAD AUTÓNOMA DE MELILLA;7. FALSEDADES;2014;412
CIUDAD AUTÓNOMA DE MELILLA;7. FALSEDADES;2013;460
CIUDAD AUTÓNOMA DE MELILLA;7. FALSEDADES;2012;452
CIUDAD AUTÓNOMA DE MELILLA;7. FALSEDADES;2011;356
CIUDAD AUTÓNOMA DE MELILLA;7. FALSEDADES;2010;189
CIUDAD AUTÓNOMA DE MELILLA;8. ADMÓN. PÚBLICA;2023;0
CIUDAD AUTÓNOMA DE MELILLA;8. ADMÓN. PÚBLICA;2022;2
CIUDAD AUTÓNOMA DE MELILLA;8. ADMÓN. PÚBLICA;2021;0
CIUDAD AUTÓNOMA DE MELILLA;8. ADMÓN. PÚBLICA;2020;1
CIUDAD AUTÓNOMA DE MELILLA;8. ADMÓN. PÚBLICA;2019;2
CIUDAD AUTÓNOMA DE MELILLA;8. ADMÓN. PÚBLICA;2018;0
CIUDAD AUTÓNOMA DE MELILLA;8. ADMÓN. PÚBLICA;2017;1
CIUDAD AUTÓNOMA DE MELILLA;8. ADMÓN. PÚBLICA;2016;2
CIUDAD AUTÓNOMA DE MELILLA;8. ADMÓN. PÚBLICA;2015;10
CIUDAD AUTÓNOMA DE MELILLA;8. ADMÓN. PÚBLICA;2014;7
CIUDAD AUTÓNOMA DE MELILLA;8. ADMÓN. PÚBLICA;2013;6
CIUDAD AUTÓNOMA DE MELILLA;8. ADMÓN. PÚBLICA;2012;0
CIUDAD AUTÓNOMA DE MELILLA;8. ADMÓN. PÚBLICA;2011;2
CIUDAD AUTÓNOMA DE MELILLA;8. ADMÓN. PÚBLICA;2010;0
CIUDAD AUTÓNOMA DE MELILLA;9. ADMÓN. JUSTICIA;2023;102
CIUDAD AUTÓNOMA DE MELILLA;9. ADMÓN. JUSTICIA;2022;73
CIUDAD AUTÓNOMA DE MELILLA;9. ADMÓN. JUSTICIA;2021;61
CIUDAD AUTÓNOMA DE MELILLA;9. ADMÓN. JUSTICIA;2020;77
CIUDAD AUTÓNOMA DE MELILLA;9. ADMÓN. JUSTICIA;2019;77
CIUDAD AUTÓNOMA DE MELILLA;9. ADMÓN. JUSTICIA;2018;69
CIUDAD AUTÓNOMA DE MELILLA;9. ADMÓN. JUSTICIA;2017;57
CIUDAD AUTÓNOMA DE MELILLA;9. ADMÓN. JUSTICIA;2016;79
CIUDAD AUTÓNOMA DE MELILLA;9. ADMÓN. JUSTICIA;2015;75
CIUDAD AUTÓNOMA DE MELILLA;9. ADMÓN. JUSTICIA;2014;84
CIUDAD AUTÓNOMA DE MELILLA;9. ADMÓN. JUSTICIA;2013;39
CIUDAD AUTÓNOMA DE MELILLA;9. ADMÓN. JUSTICIA;2012;63
CIUDAD AUTÓNOMA DE MELILLA;9. ADMÓN. JUSTICIA;2011;61
CIUDAD AUTÓNOMA DE MELILLA;9. ADMÓN. JUSTICIA;2010;64
CIUDAD AUTÓNOMA DE MELILLA;10. ORDEN PÚBLICO;2023;94
CIUDAD AUTÓNOMA DE MELILLA;10. ORDEN PÚBLICO;2022;97
CIUDAD AUTÓNOMA DE MELILLA;10. ORDEN PÚBLICO;2021;133
CIUDAD AUTÓNOMA DE MELILLA;10. ORDEN PÚBLICO;2020;225
CIUDAD AUTÓNOMA DE MELILLA;10. ORDEN PÚBLICO;2019;120
CIUDAD AUTÓNOMA DE MELILLA;10. ORDEN PÚBLICO;2018;138
CIUDAD AUTÓNOMA DE MELILLA;10. ORDEN PÚBLICO;2017;154
CIUDAD AUTÓNOMA DE MELILLA;10. ORDEN PÚBLICO;2016;146
CIUDAD AUTÓNOMA DE MELILLA;10. ORDEN PÚBLICO;2015;147
CIUDAD AUTÓNOMA DE MELILLA;10. ORDEN PÚBLICO;2014;281
CIUDAD AUTÓNOMA DE MELILLA;10. ORDEN PÚBLICO;2013;149
CIUDAD AUTÓNOMA DE MELILLA;10. ORDEN PÚBLICO;2012;136
CIUDAD AUTÓNOMA DE MELILLA;10. ORDEN PÚBLICO;2011;187
CIUDAD AUTÓNOMA DE MELILLA;10. ORDEN PÚBLICO;2010;181
CIUDAD AUTÓNOMA DE MELILLA;11. LEGISLACIÓN ESPECIAL;2023;15
CIUDAD AUTÓNOMA DE MELILLA;11. LEGISLACIÓN ESPECIAL;2022;0
CIUDAD AUTÓNOMA DE MELILLA;11. LEGISLACIÓN ESPECIAL;2021;2
CIUDAD AUTÓNOMA DE MELILLA;11. LEGISLACIÓN ESPECIAL;2020;0
CIUDAD AUTÓNOMA DE MELILLA;11. LEGISLACIÓN ESPECIAL;2019;4
CIUDAD AUTÓNOMA DE MELILLA;11. LEGISLACIÓN ESPECIAL;2018;1
CIUDAD AUTÓNOMA DE MELILLA;11. LEGISLACIÓN ESPECIAL;2017;0
CIUDAD AUTÓNOMA DE MELILLA;11. LEGISLACIÓN ESPECIAL;2016;0
CIUDAD AUTÓNOMA DE MELILLA;11. LEGISLACIÓN ESPECIAL;2015;2
CIUDAD AUTÓNOMA DE MELILLA;11. LEGISLACIÓN ESPECIAL;2014;2
CIUDAD AUTÓNOMA DE MELILLA;11. LEGISLACIÓN ESPECIAL;2013;1
CIUDAD AUTÓNOMA DE MELILLA;11. LEGISLACIÓN ESPECIAL;2012;0
CIUDAD AUTÓNOMA DE MELILLA;11. LEGISLACIÓN ESPECIAL;2011;3
CIUDAD AUTÓNOMA DE MELILLA;11. LEGISLACIÓN ESPECIAL;2010;2
CIUDAD AUTÓNOMA DE MELILLA;12. OTRAS INFRACCIONES PENALES;2023;43
CIUDAD AUTÓNOMA DE MELILLA;12. OTRAS INFRACCIONES PENALES;2022;80
CIUDAD AUTÓNOMA DE MELILLA;12. OTRAS INFRACCIONES PENALES;2021;51
CIUDAD AUTÓNOMA DE MELILLA;12. OTRAS INFRACCIONES PENALES;2020;57
CIUDAD AUTÓNOMA DE MELILLA;12. OTRAS INFRACCIONES PENALES;2019;185
CIUDAD AUTÓNOMA DE MELILLA;12. OTRAS INFRACCIONES PENALES;2018;158
CIUDAD AUTÓNOMA DE MELILLA;12. OTRAS INFRACCIONES PENALES;2017;130
CIUDAD AUTÓNOMA DE MELILLA;12. OTRAS INFRACCIONES PENALES;2016;135
CIUDAD AUTÓNOMA DE MELILLA;12. OTRAS INFRACCIONES PENALES;2015;155
CIUDAD AUTÓNOMA DE MELILLA;12. OTRAS INFRACCIONES PENALES;2014;136
CIUDAD AUTÓNOMA DE MELILLA;12. OTRAS INFRACCIONES PENALES;2013;149
CIUDAD AUTÓNOMA DE MELILLA;12. OTRAS INFRACCIONES PENALES;2012;92
CIUDAD AUTÓNOMA DE MELILLA;12. OTRAS INFRACCIONES PENALES;2011;82
CIUDAD AUTÓNOMA DE MELILLA;12. OTRAS INFRACCIONES PENALES;2010;71
CIUDAD AUTÓNOMA DE MELILLA;TOTAL INFRACCIONES PENALES;2023;1.717
CIUDAD AUTÓNOMA DE MELILLA;TOTAL INFRACCIONES PENALES;2022;1.539
CIUDAD AUTÓNOMA DE MELILLA;TOTAL INFRACCIONES PENALES;2021;1.689
CIUDAD AUTÓNOMA DE MELILLA;TOTAL INFRACCIONES PENALES;2020;2.094
CIUDAD AUTÓNOMA DE MELILLA;TOTAL INFRACCIONES PENALES;2019;2.789
CIUDAD AUTÓNOMA DE MELILLA;TOTAL INFRACCIONES PENALES;2018;2.592
CIUDAD AUTÓNOMA DE MELILLA;TOTAL INFRACCIONES PENALES;2017;2.636
CIUDAD AUTÓNOMA DE MELILLA;TOTAL INFRACCIONES PENALES;2016;2.616
CIUDAD AUTÓNOMA DE MELILLA;TOTAL INFRACCIONES PENALES;2015;2.593
CIUDAD AUTÓNOMA DE MELILLA;TOTAL INFRACCIONES PENALES;2014;2.687
CIUDAD AUTÓNOMA DE MELILLA;TOTAL INFRACCIONES PENALES;2013;2.841
CIUDAD AUTÓNOMA DE MELILLA;TOTAL INFRACCIONES PENALES;2012;2.719
CIUDAD AUTÓNOMA DE MELILLA;TOTAL INFRACCIONES PENALES;2011;2.946
CIUDAD AUTÓNOMA DE MELILLA;TOTAL INFRACCIONES PENALES;2010;2.024
