Comunidades autónomas;Tipología penal;periodo;Total
TOTAL NACIONAL;1. CONTRA LAS PERSONAS;2023;226.761
TOTAL NACIONAL;1. CONTRA LAS PERSONAS;2022;212.804
TOTAL NACIONAL;1. CONTRA LAS PERSONAS;2021;183.590
TOTAL NACIONAL;1. CONTRA LAS PERSONAS;2020;161.406
TOTAL NACIONAL;1. CONTRA LAS PERSONAS;2019;186.110
TOTAL NACIONAL;1. CONTRA LAS PERSONAS;2018;177.165
TOTAL NACIONAL;1. CONTRA LAS PERSONAS;2017;174.217
TOTAL NACIONAL;1. CONTRA LAS PERSONAS;2016;166.431
TOTAL NACIONAL;1. CONTRA LAS PERSONAS;2015;223.893
TOTAL NACIONAL;1. CONTRA LAS PERSONAS;2014;281.713
TOTAL NACIONAL;1. CONTRA LAS PERSONAS;2013;274.655
TOTAL NACIONAL;1. CONTRA LAS PERSONAS;2012;286.446
TOTAL NACIONAL;1. CONTRA LAS PERSONAS;2011;300.654
TOTAL NACIONAL;1. CONTRA LAS PERSONAS;2010;297.488
TOTAL NACIONAL;1.1.-Homicidios dolosos/asesinatos;2023;1.692
TOTAL NACIONAL;1.1.-Homicidios dolosos/asesinatos;2022;1.539
TOTAL NACIONAL;1.1.-Homicidios dolosos/asesinatos;2021;1.322
TOTAL NACIONAL;1.1.-Homicidios dolosos/asesinatos;2020;1.201
TOTAL NACIONAL;1.1.-Homicidios dolosos/asesinatos;2019;1.167
TOTAL NACIONAL;1.1.-Homicidios dolosos/asesinatos;2018;1.088
TOTAL NACIONAL;1.1.-Homicidios dolosos/asesinatos;2017;1.106
TOTAL NACIONAL;1.1.-Homicidios dolosos/asesinatos;2016;1.107
TOTAL NACIONAL;1.1.-Homicidios dolosos/asesinatos;2015;964
TOTAL NACIONAL;1.1.-Homicidios dolosos/asesinatos;2014;1.048
TOTAL NACIONAL;1.1.-Homicidios dolosos/asesinatos;2013;964
TOTAL NACIONAL;1.1.-Homicidios dolosos/asesinatos;2012;1.125
TOTAL NACIONAL;1.1.-Homicidios dolosos/asesinatos;2011;1.210
TOTAL NACIONAL;1.1.-Homicidios dolosos/asesinatos;2010;1.177
TOTAL NACIONAL;1.1.1.-Homicidios dolosos/asesinatos consumados;2023;333
TOTAL NACIONAL;1.1.1.-Homicidios dolosos/asesinatos consumados;2022;326
TOTAL NACIONAL;1.1.1.-Homicidios dolosos/asesinatos consumados;2021;293
TOTAL NACIONAL;1.1.1.-Homicidios dolosos/asesinatos consumados;2020;298
TOTAL NACIONAL;1.1.1.-Homicidios dolosos/asesinatos consumados;2019;331
TOTAL NACIONAL;1.1.1.-Homicidios dolosos/asesinatos consumados;2018;289
TOTAL NACIONAL;1.1.1.-Homicidios dolosos/asesinatos consumados;2017;307
TOTAL NACIONAL;1.1.1.-Homicidios dolosos/asesinatos consumados;2016;294
TOTAL NACIONAL;1.1.1.-Homicidios dolosos/asesinatos consumados;2015;302
TOTAL NACIONAL;1.1.1.-Homicidios dolosos/asesinatos consumados;2014;323
TOTAL NACIONAL;1.1.1.-Homicidios dolosos/asesinatos consumados;2013;302
TOTAL NACIONAL;1.1.1.-Homicidios dolosos/asesinatos consumados;2012;364
TOTAL NACIONAL;1.1.1.-Homicidios dolosos/asesinatos consumados;2011;385
TOTAL NACIONAL;1.1.1.-Homicidios dolosos/asesinatos consumados;2010;401
TOTAL NACIONAL;1.2.-Lesiones;2023;118.125
TOTAL NACIONAL;1.2.-Lesiones;2022;113.704
TOTAL NACIONAL;1.2.-Lesiones;2021;96.159
TOTAL NACIONAL;1.2.-Lesiones;2020;81.449
TOTAL NACIONAL;1.2.-Lesiones;2019;103.341
TOTAL NACIONAL;1.2.-Lesiones;2018;99.928
TOTAL NACIONAL;1.2.-Lesiones;2017;100.354
TOTAL NACIONAL;1.2.-Lesiones;2016;97.108
TOTAL NACIONAL;1.2.-Lesiones;2015;97.012
TOTAL NACIONAL;1.2.-Lesiones;2014;98.821
TOTAL NACIONAL;1.2.-Lesiones;2013;100.193
TOTAL NACIONAL;1.2.-Lesiones;2012;105.913
TOTAL NACIONAL;1.2.-Lesiones;2011;112.824
TOTAL NACIONAL;1.2.-Lesiones;2010;113.067
TOTAL NACIONAL;1.3.-Malos tratos ámbito familiar;2023;101.179
TOTAL NACIONAL;1.3.-Malos tratos ámbito familiar;2022;92.695
TOTAL NACIONAL;1.3.-Malos tratos ámbito familiar;2021;82.003
TOTAL NACIONAL;1.3.-Malos tratos ámbito familiar;2020;75.203
TOTAL NACIONAL;1.3.-Malos tratos ámbito familiar;2019;77.424
TOTAL NACIONAL;1.3.-Malos tratos ámbito familiar;2018;72.309
TOTAL NACIONAL;1.3.-Malos tratos ámbito familiar;2017;69.812
TOTAL NACIONAL;1.3.-Malos tratos ámbito familiar;2016;66.102
TOTAL NACIONAL;1.3.-Malos tratos ámbito familiar;2015;64.118
TOTAL NACIONAL;1.3.-Malos tratos ámbito familiar;2014;62.392
TOTAL NACIONAL;1.3.-Malos tratos ámbito familiar;2013;59.819
TOTAL NACIONAL;1.3.-Malos tratos ámbito familiar;2012;59.703
TOTAL NACIONAL;1.3.-Malos tratos ámbito familiar;2011;62.260
TOTAL NACIONAL;1.3.-Malos tratos ámbito familiar;2010;60.307
TOTAL NACIONAL;1.4.-Otros contra las personas;2023;5.765
TOTAL NACIONAL;1.4.-Otros contra las personas;2022;4.866
TOTAL NACIONAL;1.4.-Otros contra las personas;2021;4.106
TOTAL NACIONAL;1.4.-Otros contra las personas;2020;3.553
TOTAL NACIONAL;1.4.-Otros contra las personas;2019;4.178
TOTAL NACIONAL;1.4.-Otros contra las personas;2018;3.840
TOTAL NACIONAL;1.4.-Otros contra las personas;2017;2.945
TOTAL NACIONAL;1.4.-Otros contra las personas;2016;2.114
TOTAL NACIONAL;1.4.-Otros contra las personas;2015;61.799
TOTAL NACIONAL;1.4.-Otros contra las personas;2014;119.452
TOTAL NACIONAL;1.4.-Otros contra las personas;2013;113.679
TOTAL NACIONAL;1.4.-Otros contra las personas;2012;119.705
TOTAL NACIONAL;1.4.-Otros contra las personas;2011;124.360
TOTAL NACIONAL;1.4.-Otros contra las personas;2010;122.937
TOTAL NACIONAL;2. CONTRA LA LIBERTAD;2023;159.113
TOTAL NACIONAL;2. CONTRA LA LIBERTAD;2022;143.861
TOTAL NACIONAL;2. CONTRA LA LIBERTAD;2021;139.867
TOTAL NACIONAL;2. CONTRA LA LIBERTAD;2020;125.010
TOTAL NACIONAL;2. CONTRA LA LIBERTAD;2019;125.685
TOTAL NACIONAL;2. CONTRA LA LIBERTAD;2018;120.919
TOTAL NACIONAL;2. CONTRA LA LIBERTAD;2017;119.031
TOTAL NACIONAL;2. CONTRA LA LIBERTAD;2016;115.493
TOTAL NACIONAL;2. CONTRA LA LIBERTAD;2015;78.815
TOTAL NACIONAL;2. CONTRA LA LIBERTAD;2014;42.953
TOTAL NACIONAL;2. CONTRA LA LIBERTAD;2013;43.322
TOTAL NACIONAL;2. CONTRA LA LIBERTAD;2012;44.476
TOTAL NACIONAL;2. CONTRA LA LIBERTAD;2011;45.131
TOTAL NACIONAL;2. CONTRA LA LIBERTAD;2010;42.376
TOTAL NACIONAL;2.1.-Malos tratos habituales en el ámbito familiar;2023;17.120
TOTAL NACIONAL;2.1.-Malos tratos habituales en el ámbito familiar;2022;15.647
TOTAL NACIONAL;2.1.-Malos tratos habituales en el ámbito familiar;2021;15.008
TOTAL NACIONAL;2.1.-Malos tratos habituales en el ámbito familiar;2020;13.993
TOTAL NACIONAL;2.1.-Malos tratos habituales en el ámbito familiar;2019;14.575
TOTAL NACIONAL;2.1.-Malos tratos habituales en el ámbito familiar;2018;14.196
TOTAL NACIONAL;2.1.-Malos tratos habituales en el ámbito familiar;2017;14.238
TOTAL NACIONAL;2.1.-Malos tratos habituales en el ámbito familiar;2016;14.554
TOTAL NACIONAL;2.1.-Malos tratos habituales en el ámbito familiar;2015;15.676
TOTAL NACIONAL;2.1.-Malos tratos habituales en el ámbito familiar;2014;15.958
TOTAL NACIONAL;2.1.-Malos tratos habituales en el ámbito familiar;2013;16.676
TOTAL NACIONAL;2.1.-Malos tratos habituales en el ámbito familiar;2012;17.523
TOTAL NACIONAL;2.1.-Malos tratos habituales en el ámbito familiar;2011;17.694
TOTAL NACIONAL;2.1.-Malos tratos habituales en el ámbito familiar;2010;17.270
TOTAL NACIONAL;2.2.-Otros contra la libertad;2023;141.993
TOTAL NACIONAL;2.2.-Otros contra la libertad;2022;128.214
TOTAL NACIONAL;2.2.-Otros contra la libertad;2021;124.859
TOTAL NACIONAL;2.2.-Otros contra la libertad;2020;111.017
TOTAL NACIONAL;2.2.-Otros contra la libertad;2019;111.110
TOTAL NACIONAL;2.2.-Otros contra la libertad;2018;106.723
TOTAL NACIONAL;2.2.-Otros contra la libertad;2017;104.793
TOTAL NACIONAL;2.2.-Otros contra la libertad;2016;100.939
TOTAL NACIONAL;2.2.-Otros contra la libertad;2015;63.139
TOTAL NACIONAL;2.2.-Otros contra la libertad;2014;26.995
TOTAL NACIONAL;2.2.-Otros contra la libertad;2013;26.646
TOTAL NACIONAL;2.2.-Otros contra la libertad;2012;26.953
TOTAL NACIONAL;2.2.-Otros contra la libertad;2011;27.437
TOTAL NACIONAL;2.2.-Otros contra la libertad;2010;25.106
TOTAL NACIONAL;3. LIBERTAD SEXUAL;2023;21.825
TOTAL NACIONAL;3. LIBERTAD SEXUAL;2022;19.013
TOTAL NACIONAL;3. LIBERTAD SEXUAL;2021;17.016
TOTAL NACIONAL;3. LIBERTAD SEXUAL;2020;13.174
TOTAL NACIONAL;3. LIBERTAD SEXUAL;2019;15.319
TOTAL NACIONAL;3. LIBERTAD SEXUAL;2018;13.782
TOTAL NACIONAL;3. LIBERTAD SEXUAL;2017;11.692
TOTAL NACIONAL;3. LIBERTAD SEXUAL;2016;10.844
TOTAL NACIONAL;3. LIBERTAD SEXUAL;2015;9.869
TOTAL NACIONAL;3. LIBERTAD SEXUAL;2014;9.468
TOTAL NACIONAL;3. LIBERTAD SEXUAL;2013;8.923
TOTAL NACIONAL;3. LIBERTAD SEXUAL;2012;9.008
TOTAL NACIONAL;3. LIBERTAD SEXUAL;2011;9.892
TOTAL NACIONAL;3. LIBERTAD SEXUAL;2010;9.957
TOTAL NACIONAL;3.1.-Agresión sexual;2023;12.727
TOTAL NACIONAL;3.1.-Agresión sexual;2022;11.426
TOTAL NACIONAL;3.1.-Agresión sexual;2021;10.061
TOTAL NACIONAL;3.1.-Agresión sexual;2020;7.276
TOTAL NACIONAL;3.1.-Agresión sexual;2019;8.885
TOTAL NACIONAL;3.1.-Agresión sexual;2018;7.983
TOTAL NACIONAL;3.1.-Agresión sexual;2017;6.580
TOTAL NACIONAL;3.1.-Agresión sexual;2016;6.233
TOTAL NACIONAL;3.1.-Agresión sexual;2015;5.338
TOTAL NACIONAL;3.1.-Agresión sexual;2014;5.150
TOTAL NACIONAL;3.1.-Agresión sexual;2013;4.859
TOTAL NACIONAL;3.1.-Agresión sexual;2012;5.101
TOTAL NACIONAL;3.1.-Agresión sexual;2011;5.479
TOTAL NACIONAL;3.1.-Agresión sexual;2010;5.068
TOTAL NACIONAL;3.2.-Agresión sexual con penetración;2023;4.890
TOTAL NACIONAL;3.2.-Agresión sexual con penetración;2022;4.270
TOTAL NACIONAL;3.2.-Agresión sexual con penetración;2021;3.795
TOTAL NACIONAL;3.2.-Agresión sexual con penetración;2020;2.785
TOTAL NACIONAL;3.2.-Agresión sexual con penetración;2019;3.079
TOTAL NACIONAL;3.2.-Agresión sexual con penetración;2018;2.744
TOTAL NACIONAL;3.2.-Agresión sexual con penetración;2017;2.136
TOTAL NACIONAL;3.2.-Agresión sexual con penetración;2016;1.793
TOTAL NACIONAL;3.2.-Agresión sexual con penetración;2015;1.668
TOTAL NACIONAL;3.2.-Agresión sexual con penetración;2014;1.622
TOTAL NACIONAL;3.2.-Agresión sexual con penetración;2013;1.684
TOTAL NACIONAL;3.2.-Agresión sexual con penetración;2012;1.631
TOTAL NACIONAL;3.2.-Agresión sexual con penetración;2011;1.887
TOTAL NACIONAL;3.2.-Agresión sexual con penetración;2010;1.991
TOTAL NACIONAL;3.3.-Corrupción de menores o incapacitados;2023;389
TOTAL NACIONAL;3.3.-Corrupción de menores o incapacitados;2022;384
TOTAL NACIONAL;3.3.-Corrupción de menores o incapacitados;2021;347
TOTAL NACIONAL;3.3.-Corrupción de menores o incapacitados;2020;350
TOTAL NACIONAL;3.3.-Corrupción de menores o incapacitados;2019;369
TOTAL NACIONAL;3.3.-Corrupción de menores o incapacitados;2018;268
TOTAL NACIONAL;3.3.-Corrupción de menores o incapacitados;2017;400
TOTAL NACIONAL;3.3.-Corrupción de menores o incapacitados;2016;368
TOTAL NACIONAL;3.3.-Corrupción de menores o incapacitados;2015;432
TOTAL NACIONAL;3.3.-Corrupción de menores o incapacitados;2014;386
TOTAL NACIONAL;3.3.-Corrupción de menores o incapacitados;2013;320
TOTAL NACIONAL;3.3.-Corrupción de menores o incapacitados;2012;278
TOTAL NACIONAL;3.3.-Corrupción de menores o incapacitados;2011;253
TOTAL NACIONAL;3.3.-Corrupción de menores o incapacitados;2010;345
TOTAL NACIONAL;3.4.-Pornografía de menores;2023;909
TOTAL NACIONAL;3.4.-Pornografía de menores;2022;707
TOTAL NACIONAL;3.4.-Pornografía de menores;2021;739
TOTAL NACIONAL;3.4.-Pornografía de menores;2020;762
TOTAL NACIONAL;3.4.-Pornografía de menores;2019;866
TOTAL NACIONAL;3.4.-Pornografía de menores;2018;892
TOTAL NACIONAL;3.4.-Pornografía de menores;2017;767
TOTAL NACIONAL;3.4.-Pornografía de menores;2016;621
TOTAL NACIONAL;3.4.-Pornografía de menores;2015;748
TOTAL NACIONAL;3.4.-Pornografía de menores;2014;625
TOTAL NACIONAL;3.4.-Pornografía de menores;2013;508
TOTAL NACIONAL;3.4.-Pornografía de menores;2012;569
TOTAL NACIONAL;3.4.-Pornografía de menores;2011;715
TOTAL NACIONAL;3.4.-Pornografía de menores;2010;953
TOTAL NACIONAL;3.5.-Otros contra la libertad sexual;2023;2.910
TOTAL NACIONAL;3.5.-Otros contra la libertad sexual;2022;2.226
TOTAL NACIONAL;3.5.-Otros contra la libertad sexual;2021;2.074
TOTAL NACIONAL;3.5.-Otros contra la libertad sexual;2020;2.001
TOTAL NACIONAL;3.5.-Otros contra la libertad sexual;2019;2.120
TOTAL NACIONAL;3.5.-Otros contra la libertad sexual;2018;1.895
TOTAL NACIONAL;3.5.-Otros contra la libertad sexual;2017;1.809
TOTAL NACIONAL;3.5.-Otros contra la libertad sexual;2016;1.829
TOTAL NACIONAL;3.5.-Otros contra la libertad sexual;2015;1.683
TOTAL NACIONAL;3.5.-Otros contra la libertad sexual;2014;1.685
TOTAL NACIONAL;3.5.-Otros contra la libertad sexual;2013;1.552
TOTAL NACIONAL;3.5.-Otros contra la libertad sexual;2012;1.429
TOTAL NACIONAL;3.5.-Otros contra la libertad sexual;2011;1.558
TOTAL NACIONAL;3.5.-Otros contra la libertad sexual;2010;1.600
TOTAL NACIONAL;4. RELACIONES FAMILIARES;2023;7.611
TOTAL NACIONAL;4. RELACIONES FAMILIARES;2022;7.567
TOTAL NACIONAL;4. RELACIONES FAMILIARES;2021;7.410
TOTAL NACIONAL;4. RELACIONES FAMILIARES;2020;6.831
TOTAL NACIONAL;4. RELACIONES FAMILIARES;2019;7.288
TOTAL NACIONAL;4. RELACIONES FAMILIARES;2018;7.630
TOTAL NACIONAL;4. RELACIONES FAMILIARES;2017;7.915
TOTAL NACIONAL;4. RELACIONES FAMILIARES;2016;8.043
TOTAL NACIONAL;4. RELACIONES FAMILIARES;2015;9.814
TOTAL NACIONAL;4. RELACIONES FAMILIARES;2014;10.506
TOTAL NACIONAL;4. RELACIONES FAMILIARES;2013;10.331
TOTAL NACIONAL;4. RELACIONES FAMILIARES;2012;10.424
TOTAL NACIONAL;4. RELACIONES FAMILIARES;2011;9.087
TOTAL NACIONAL;4. RELACIONES FAMILIARES;2010;7.877
TOTAL NACIONAL;5. PATRIMONIO;2023;1.846.821
TOTAL NACIONAL;5. PATRIMONIO;2022;1.747.464
TOTAL NACIONAL;5. PATRIMONIO;2021;1.434.698
TOTAL NACIONAL;5. PATRIMONIO;2020;1.304.424
TOTAL NACIONAL;5. PATRIMONIO;2019;1.707.144
TOTAL NACIONAL;5. PATRIMONIO;2018;1.664.242
TOTAL NACIONAL;5. PATRIMONIO;2017;1.593.930
TOTAL NACIONAL;5. PATRIMONIO;2016;1.572.967
TOTAL NACIONAL;5. PATRIMONIO;2015;1.573.983
TOTAL NACIONAL;5. PATRIMONIO;2014;1.595.984
TOTAL NACIONAL;5. PATRIMONIO;2013;1.679.585
TOTAL NACIONAL;5. PATRIMONIO;2012;1.754.632
TOTAL NACIONAL;5. PATRIMONIO;2011;1.742.631
TOTAL NACIONAL;5. PATRIMONIO;2010;1.779.019
TOTAL NACIONAL;5.1.-Hurtos;2023;665.622
TOTAL NACIONAL;5.1.-Hurtos;2022;642.276
TOTAL NACIONAL;5.1.-Hurtos;2021;493.479
TOTAL NACIONAL;5.1.-Hurtos;2020;420.950
TOTAL NACIONAL;5.1.-Hurtos;2019;700.453
TOTAL NACIONAL;5.1.-Hurtos;2018;706.072
TOTAL NACIONAL;5.1.-Hurtos;2017;712.398
TOTAL NACIONAL;5.1.-Hurtos;2016;711.507
TOTAL NACIONAL;5.1.-Hurtos;2015;715.469
TOTAL NACIONAL;5.1.-Hurtos;2014;727.800
TOTAL NACIONAL;5.1.-Hurtos;2013;770.296
TOTAL NACIONAL;5.1.-Hurtos;2012;790.281
TOTAL NACIONAL;5.1.-Hurtos;2011;786.704
TOTAL NACIONAL;5.1.-Hurtos;2010;785.635
TOTAL NACIONAL;5.2.-Robos con fuerza en las cosas;2023;272.638
TOTAL NACIONAL;5.2.-Robos con fuerza en las cosas;2022;265.901
TOTAL NACIONAL;5.2.-Robos con fuerza en las cosas;2021;229.137
TOTAL NACIONAL;5.2.-Robos con fuerza en las cosas;2020;219.091
TOTAL NACIONAL;5.2.-Robos con fuerza en las cosas;2019;298.098
TOTAL NACIONAL;5.2.-Robos con fuerza en las cosas;2018;302.043
TOTAL NACIONAL;5.2.-Robos con fuerza en las cosas;2017;301.734
TOTAL NACIONAL;5.2.-Robos con fuerza en las cosas;2016;318.164
TOTAL NACIONAL;5.2.-Robos con fuerza en las cosas;2015;322.705
TOTAL NACIONAL;5.2.-Robos con fuerza en las cosas;2014;344.875
TOTAL NACIONAL;5.2.-Robos con fuerza en las cosas;2013;381.777
TOTAL NACIONAL;5.2.-Robos con fuerza en las cosas;2012;405.939
TOTAL NACIONAL;5.2.-Robos con fuerza en las cosas;2011;414.961
TOTAL NACIONAL;5.2.-Robos con fuerza en las cosas;2010;443.772
TOTAL NACIONAL;5.2.1.-Robos con fuerza en las cosas en el interior de vehículos;2023;104.988
TOTAL NACIONAL;5.2.1.-Robos con fuerza en las cosas en el interior de vehículos;2022;101.084
TOTAL NACIONAL;5.2.1.-Robos con fuerza en las cosas en el interior de vehículos;2021;87.774
TOTAL NACIONAL;5.2.1.-Robos con fuerza en las cosas en el interior de vehículos;2020;54.633
TOTAL NACIONAL;5.2.1.-Robos con fuerza en las cosas en el interior de vehículos;2019;108.637
TOTAL NACIONAL;5.2.1.-Robos con fuerza en las cosas en el interior de vehículos;2018;102.474
TOTAL NACIONAL;5.2.1.-Robos con fuerza en las cosas en el interior de vehículos;2017;102.988
TOTAL NACIONAL;5.2.1.-Robos con fuerza en las cosas en el interior de vehículos;2016;104.274
TOTAL NACIONAL;5.2.1.-Robos con fuerza en las cosas en el interior de vehículos;2015;100.021
TOTAL NACIONAL;5.2.1.-Robos con fuerza en las cosas en el interior de vehículos;2014;106.174
TOTAL NACIONAL;5.2.1.-Robos con fuerza en las cosas en el interior de vehículos;2013;123.355
TOTAL NACIONAL;5.2.1.-Robos con fuerza en las cosas en el interior de vehículos;2012;139.483
TOTAL NACIONAL;5.2.1.-Robos con fuerza en las cosas en el interior de vehículos;2011;153.259
TOTAL NACIONAL;5.2.1.-Robos con fuerza en las cosas en el interior de vehículos;2010;141.674
TOTAL NACIONAL;5.2.2.-Robos con fuerza en viviendas;2023;84.721
TOTAL NACIONAL;5.2.2.-Robos con fuerza en viviendas;2022;86.515
TOTAL NACIONAL;5.2.2.-Robos con fuerza en viviendas;2021;75.501
TOTAL NACIONAL;5.2.2.-Robos con fuerza en viviendas;2020;72.380
TOTAL NACIONAL;5.2.2.-Robos con fuerza en viviendas;2019;98.326
TOTAL NACIONAL;5.2.2.-Robos con fuerza en viviendas;2018;107.166
TOTAL NACIONAL;5.2.2.-Robos con fuerza en viviendas;2017;105.095
TOTAL NACIONAL;5.2.2.-Robos con fuerza en viviendas;2016;113.299
TOTAL NACIONAL;5.2.2.-Robos con fuerza en viviendas;2015;115.302
TOTAL NACIONAL;5.2.2.-Robos con fuerza en viviendas;2014;120.783
TOTAL NACIONAL;5.2.2.-Robos con fuerza en viviendas;2013;127.444
TOTAL NACIONAL;5.2.2.-Robos con fuerza en viviendas;2012;126.425
TOTAL NACIONAL;5.2.2.-Robos con fuerza en viviendas;2011;100.780
TOTAL NACIONAL;5.2.2.-Robos con fuerza en viviendas;2010;111.656
TOTAL NACIONAL;5.2.3.-Robos con fuerza en establecimientos;2023;35.072
TOTAL NACIONAL;5.2.3.-Robos con fuerza en establecimientos;2022;31.552
TOTAL NACIONAL;5.2.3.-Robos con fuerza en establecimientos;2021;27.198
TOTAL NACIONAL;5.2.3.-Robos con fuerza en establecimientos;2020;31.237
TOTAL NACIONAL;5.2.3.-Robos con fuerza en establecimientos;2019;32.363
TOTAL NACIONAL;5.2.3.-Robos con fuerza en establecimientos;2018;33.129
TOTAL NACIONAL;5.2.3.-Robos con fuerza en establecimientos;2017;35.059
TOTAL NACIONAL;5.2.3.-Robos con fuerza en establecimientos;2016;37.619
TOTAL NACIONAL;5.2.3.-Robos con fuerza en establecimientos;2015;35.959
TOTAL NACIONAL;5.2.3.-Robos con fuerza en establecimientos;2014;37.962
TOTAL NACIONAL;5.2.3.-Robos con fuerza en establecimientos;2013;39.940
TOTAL NACIONAL;5.2.3.-Robos con fuerza en establecimientos;2012;41.559
TOTAL NACIONAL;5.2.3.-Robos con fuerza en establecimientos;2011;41.250
TOTAL NACIONAL;5.2.3.-Robos con fuerza en establecimientos;2010;48.958
TOTAL NACIONAL;5.3.-Robos con violencia o intimidación;2023;64.711
TOTAL NACIONAL;5.3.-Robos con violencia o intimidación;2022;63.392
TOTAL NACIONAL;5.3.-Robos con violencia o intimidación;2021;53.073
TOTAL NACIONAL;5.3.-Robos con violencia o intimidación;2020;45.263
TOTAL NACIONAL;5.3.-Robos con violencia o intimidación;2019;65.874
TOTAL NACIONAL;5.3.-Robos con violencia o intimidación;2018;60.295
TOTAL NACIONAL;5.3.-Robos con violencia o intimidación;2017;61.763
TOTAL NACIONAL;5.3.-Robos con violencia o intimidación;2016;62.952
TOTAL NACIONAL;5.3.-Robos con violencia o intimidación;2015;64.581
TOTAL NACIONAL;5.3.-Robos con violencia o intimidación;2014;70.855
TOTAL NACIONAL;5.3.-Robos con violencia o intimidación;2013;86.034
TOTAL NACIONAL;5.3.-Robos con violencia o intimidación;2012;96.607
TOTAL NACIONAL;5.3.-Robos con violencia o intimidación;2011;87.718
TOTAL NACIONAL;5.3.-Robos con violencia o intimidación;2010;84.411
TOTAL NACIONAL;5.3.1.-Robos con violencia en vía pública;2023;44.406
TOTAL NACIONAL;5.3.1.-Robos con violencia en vía pública;2022;43.100
TOTAL NACIONAL;5.3.1.-Robos con violencia en vía pública;2021;35.726
TOTAL NACIONAL;5.3.1.-Robos con violencia en vía pública;2020;30.162
TOTAL NACIONAL;5.3.1.-Robos con violencia en vía pública;2019;25.916
TOTAL NACIONAL;5.3.1.-Robos con violencia en vía pública;2018;24.681
TOTAL NACIONAL;5.3.1.-Robos con violencia en vía pública;2017;27.561
TOTAL NACIONAL;5.3.1.-Robos con violencia en vía pública;2016;28.900
TOTAL NACIONAL;5.3.1.-Robos con violencia en vía pública;2015;28.949
TOTAL NACIONAL;5.3.1.-Robos con violencia en vía pública;2014;31.830
TOTAL NACIONAL;5.3.1.-Robos con violencia en vía pública;2013;38.975
TOTAL NACIONAL;5.3.1.-Robos con violencia en vía pública;2012;45.144
TOTAL NACIONAL;5.3.1.-Robos con violencia en vía pública;2011;38.831
TOTAL NACIONAL;5.3.1.-Robos con violencia en vía pública;2010;42.238
TOTAL NACIONAL;5.3.2.-Robos con violencia en viviendas;2023;3.844
TOTAL NACIONAL;5.3.2.-Robos con violencia en viviendas;2022;3.669
TOTAL NACIONAL;5.3.2.-Robos con violencia en viviendas;2021;3.477
TOTAL NACIONAL;5.3.2.-Robos con violencia en viviendas;2020;3.208
TOTAL NACIONAL;5.3.2.-Robos con violencia en viviendas;2019;3.223
TOTAL NACIONAL;5.3.2.-Robos con violencia en viviendas;2018;3.233
TOTAL NACIONAL;5.3.2.-Robos con violencia en viviendas;2017;3.389
TOTAL NACIONAL;5.3.2.-Robos con violencia en viviendas;2016;3.521
TOTAL NACIONAL;5.3.2.-Robos con violencia en viviendas;2015;3.929
TOTAL NACIONAL;5.3.2.-Robos con violencia en viviendas;2014;4.697
TOTAL NACIONAL;5.3.2.-Robos con violencia en viviendas;2013;6.306
TOTAL NACIONAL;5.3.2.-Robos con violencia en viviendas;2012;6.912
TOTAL NACIONAL;5.3.2.-Robos con violencia en viviendas;2011;5.450
TOTAL NACIONAL;5.3.2.-Robos con violencia en viviendas;2010;4.950
TOTAL NACIONAL;5.3.3.-Robos con violencia en establecimientos;2023;8.238
TOTAL NACIONAL;5.3.3.-Robos con violencia en establecimientos;2022;8.210
TOTAL NACIONAL;5.3.3.-Robos con violencia en establecimientos;2021;6.663
TOTAL NACIONAL;5.3.3.-Robos con violencia en establecimientos;2020;6.138
TOTAL NACIONAL;5.3.3.-Robos con violencia en establecimientos;2019;5.609
TOTAL NACIONAL;5.3.3.-Robos con violencia en establecimientos;2018;5.355
TOTAL NACIONAL;5.3.3.-Robos con violencia en establecimientos;2017;5.383
TOTAL NACIONAL;5.3.3.-Robos con violencia en establecimientos;2016;5.174
TOTAL NACIONAL;5.3.3.-Robos con violencia en establecimientos;2015;5.168
TOTAL NACIONAL;5.3.3.-Robos con violencia en establecimientos;2014;5.489
TOTAL NACIONAL;5.3.3.-Robos con violencia en establecimientos;2013;6.747
TOTAL NACIONAL;5.3.3.-Robos con violencia en establecimientos;2012;6.822
TOTAL NACIONAL;5.3.3.-Robos con violencia en establecimientos;2011;6.458
TOTAL NACIONAL;5.3.3.-Robos con violencia en establecimientos;2010;7.772
TOTAL NACIONAL;5.4.-Sustracción de vehículos;2023;32.839
TOTAL NACIONAL;5.4.-Sustracción de vehículos;2022;30.767
TOTAL NACIONAL;5.4.-Sustracción de vehículos;2021;26.417
TOTAL NACIONAL;5.4.-Sustracción de vehículos;2020;25.387
TOTAL NACIONAL;5.4.-Sustracción de vehículos;2019;35.105
TOTAL NACIONAL;5.4.-Sustracción de vehículos;2018;35.897
TOTAL NACIONAL;5.4.-Sustracción de vehículos;2017;42.519
TOTAL NACIONAL;5.4.-Sustracción de vehículos;2016;43.335
TOTAL NACIONAL;5.4.-Sustracción de vehículos;2015;43.170
TOTAL NACIONAL;5.4.-Sustracción de vehículos;2014;43.206
TOTAL NACIONAL;5.4.-Sustracción de vehículos;2013;48.855
TOTAL NACIONAL;5.4.-Sustracción de vehículos;2012;55.197
TOTAL NACIONAL;5.4.-Sustracción de vehículos;2011;60.061
TOTAL NACIONAL;5.4.-Sustracción de vehículos;2010;65.948
TOTAL NACIONAL;5.5.-Estafas;2023;533.379
TOTAL NACIONAL;5.5.-Estafas;2022;466.566
TOTAL NACIONAL;5.5.-Estafas;2021;373.113
TOTAL NACIONAL;5.5.-Estafas;2020;360.844
TOTAL NACIONAL;5.5.-Estafas;2019;327.723
TOTAL NACIONAL;5.5.-Estafas;2018;289.259
TOTAL NACIONAL;5.5.-Estafas;2017;214.625
TOTAL NACIONAL;5.5.-Estafas;2016;179.756
TOTAL NACIONAL;5.5.-Estafas;2015;165.300
TOTAL NACIONAL;5.5.-Estafas;2014;140.440
TOTAL NACIONAL;5.5.-Estafas;2013;122.483
TOTAL NACIONAL;5.5.-Estafas;2012;124.675
TOTAL NACIONAL;5.5.-Estafas;2011;106.304
TOTAL NACIONAL;5.5.-Estafas;2010;102.567
TOTAL NACIONAL;5.5.1.-Estafas informáticas;2023;427.448
TOTAL NACIONAL;5.5.1.-Estafas informáticas;2022;335.995
TOTAL NACIONAL;5.5.1.-Estafas informáticas;2021;267.011
TOTAL NACIONAL;5.5.1.-Estafas informáticas;2020;257.907
TOTAL NACIONAL;5.5.1.-Estafas informáticas;2019;192.375
TOTAL NACIONAL;5.5.1.-Estafas informáticas;2018;136.656
TOTAL NACIONAL;5.5.1.-Estafas informáticas;2017;94.792
TOTAL NACIONAL;5.5.1.-Estafas informáticas;2016;70.178
TOTAL NACIONAL;5.5.1.-Estafas informáticas;2015;62.038
TOTAL NACIONAL;5.5.1.-Estafas informáticas;2014;32.842
TOTAL NACIONAL;5.5.1.-Estafas informáticas;2013;26.664
TOTAL NACIONAL;5.5.1.-Estafas informáticas;2012;27.231
TOTAL NACIONAL;5.5.1.-Estafas informáticas;2011;21.075
TOTAL NACIONAL;5.5.1.-Estafas informáticas;2010;20.563
TOTAL NACIONAL;5.6.-Daños;2023;209.299
TOTAL NACIONAL;5.6.-Daños;2022;213.694
TOTAL NACIONAL;5.6.-Daños;2021;201.828
TOTAL NACIONAL;5.6.-Daños;2020;180.429
TOTAL NACIONAL;5.6.-Daños;2019;219.424
TOTAL NACIONAL;5.6.-Daños;2018;213.815
TOTAL NACIONAL;5.6.-Daños;2017;214.246
TOTAL NACIONAL;5.6.-Daños;2016;214.709
TOTAL NACIONAL;5.6.-Daños;2015;215.519
TOTAL NACIONAL;5.6.-Daños;2014;218.166
TOTAL NACIONAL;5.6.-Daños;2013;226.619
TOTAL NACIONAL;5.6.-Daños;2012;246.355
TOTAL NACIONAL;5.6.-Daños;2011;254.361
TOTAL NACIONAL;5.6.-Daños;2010;266.291
TOTAL NACIONAL;5.7.-Contra la propiedad intelectual/industrial;2023;1.451
TOTAL NACIONAL;5.7.-Contra la propiedad intelectual/industrial;2022;1.217
TOTAL NACIONAL;5.7.-Contra la propiedad intelectual/industrial;2021;1.176
TOTAL NACIONAL;5.7.-Contra la propiedad intelectual/industrial;2020;930
TOTAL NACIONAL;5.7.-Contra la propiedad intelectual/industrial;2019;1.807
TOTAL NACIONAL;5.7.-Contra la propiedad intelectual/industrial;2018;2.205
TOTAL NACIONAL;5.7.-Contra la propiedad intelectual/industrial;2017;1.622
TOTAL NACIONAL;5.7.-Contra la propiedad intelectual/industrial;2016;1.889
TOTAL NACIONAL;5.7.-Contra la propiedad intelectual/industrial;2015;2.047
TOTAL NACIONAL;5.7.-Contra la propiedad intelectual/industrial;2014;2.608
TOTAL NACIONAL;5.7.-Contra la propiedad intelectual/industrial;2013;3.260
TOTAL NACIONAL;5.7.-Contra la propiedad intelectual/industrial;2012;2.884
TOTAL NACIONAL;5.7.-Contra la propiedad intelectual/industrial;2011;2.643
TOTAL NACIONAL;5.7.-Contra la propiedad intelectual/industrial;2010;3.619
TOTAL NACIONAL;5.8.-Blanqueo de capitales;2023;516
TOTAL NACIONAL;5.8.-Blanqueo de capitales;2022;411
TOTAL NACIONAL;5.8.-Blanqueo de capitales;2021;343
TOTAL NACIONAL;5.8.-Blanqueo de capitales;2020;310
TOTAL NACIONAL;5.8.-Blanqueo de capitales;2019;295
TOTAL NACIONAL;5.8.-Blanqueo de capitales;2018;272
TOTAL NACIONAL;5.8.-Blanqueo de capitales;2017;260
TOTAL NACIONAL;5.8.-Blanqueo de capitales;2016;262
TOTAL NACIONAL;5.8.-Blanqueo de capitales;2015;290
TOTAL NACIONAL;5.8.-Blanqueo de capitales;2014;230
TOTAL NACIONAL;5.8.-Blanqueo de capitales;2013;243
TOTAL NACIONAL;5.8.-Blanqueo de capitales;2012;199
TOTAL NACIONAL;5.8.-Blanqueo de capitales;2011;171
TOTAL NACIONAL;5.8.-Blanqueo de capitales;2010;182
TOTAL NACIONAL;5.9.-Otros contra el patrimonio;2023;66.366
TOTAL NACIONAL;5.9.-Otros contra el patrimonio;2022;63.240
TOTAL NACIONAL;5.9.-Otros contra el patrimonio;2021;56.132
TOTAL NACIONAL;5.9.-Otros contra el patrimonio;2020;51.220
TOTAL NACIONAL;5.9.-Otros contra el patrimonio;2019;58.365
TOTAL NACIONAL;5.9.-Otros contra el patrimonio;2018;54.384
TOTAL NACIONAL;5.9.-Otros contra el patrimonio;2017;44.763
TOTAL NACIONAL;5.9.-Otros contra el patrimonio;2016;40.393
TOTAL NACIONAL;5.9.-Otros contra el patrimonio;2015;44.902
TOTAL NACIONAL;5.9.-Otros contra el patrimonio;2014;47.804
TOTAL NACIONAL;5.9.-Otros contra el patrimonio;2013;40.018
TOTAL NACIONAL;5.9.-Otros contra el patrimonio;2012;32.495
TOTAL NACIONAL;5.9.-Otros contra el patrimonio;2011;29.708
TOTAL NACIONAL;5.9.-Otros contra el patrimonio;2010;26.594
TOTAL NACIONAL;6. SEGURIDAD COLECTIVA;2023;77.130
TOTAL NACIONAL;6. SEGURIDAD COLECTIVA;2022;76.692
TOTAL NACIONAL;6. SEGURIDAD COLECTIVA;2021;68.891
TOTAL NACIONAL;6. SEGURIDAD COLECTIVA;2020;60.162
TOTAL NACIONAL;6. SEGURIDAD COLECTIVA;2019;68.749
TOTAL NACIONAL;6. SEGURIDAD COLECTIVA;2018;64.126
TOTAL NACIONAL;6. SEGURIDAD COLECTIVA;2017;59.162
TOTAL NACIONAL;6. SEGURIDAD COLECTIVA;2016;58.350
TOTAL NACIONAL;6. SEGURIDAD COLECTIVA;2015;60.090
TOTAL NACIONAL;6. SEGURIDAD COLECTIVA;2014;66.938
TOTAL NACIONAL;6. SEGURIDAD COLECTIVA;2013;71.596
TOTAL NACIONAL;6. SEGURIDAD COLECTIVA;2012;76.654
TOTAL NACIONAL;6. SEGURIDAD COLECTIVA;2011;85.010
TOTAL NACIONAL;6. SEGURIDAD COLECTIVA;2010;74.158
TOTAL NACIONAL;6.1.-Tráfico de drogas;2023;21.033
TOTAL NACIONAL;6.1.-Tráfico de drogas;2022;19.057
TOTAL NACIONAL;6.1.-Tráfico de drogas;2021;18.313
TOTAL NACIONAL;6.1.-Tráfico de drogas;2020;17.112
TOTAL NACIONAL;6.1.-Tráfico de drogas;2019;16.624
TOTAL NACIONAL;6.1.-Tráfico de drogas;2018;14.133
TOTAL NACIONAL;6.1.-Tráfico de drogas;2017;12.958
TOTAL NACIONAL;6.1.-Tráfico de drogas;2016;12.448
TOTAL NACIONAL;6.1.-Tráfico de drogas;2015;12.069
TOTAL NACIONAL;6.1.-Tráfico de drogas;2014;13.411
TOTAL NACIONAL;6.1.-Tráfico de drogas;2013;14.296
TOTAL NACIONAL;6.1.-Tráfico de drogas;2012;14.509
TOTAL NACIONAL;6.1.-Tráfico de drogas;2011;15.220
TOTAL NACIONAL;6.1.-Tráfico de drogas;2010;14.391
TOTAL NACIONAL;6.2.-Contra la seguridad vial;2023;53.517
TOTAL NACIONAL;6.2.-Contra la seguridad vial;2022;54.976
TOTAL NACIONAL;6.2.-Contra la seguridad vial;2021;48.394
TOTAL NACIONAL;6.2.-Contra la seguridad vial;2020;41.120
TOTAL NACIONAL;6.2.-Contra la seguridad vial;2019;49.869
TOTAL NACIONAL;6.2.-Contra la seguridad vial;2018;47.648
TOTAL NACIONAL;6.2.-Contra la seguridad vial;2017;43.942
TOTAL NACIONAL;6.2.-Contra la seguridad vial;2016;43.913
TOTAL NACIONAL;6.2.-Contra la seguridad vial;2015;45.991
TOTAL NACIONAL;6.2.-Contra la seguridad vial;2014;51.419
TOTAL NACIONAL;6.2.-Contra la seguridad vial;2013;55.226
TOTAL NACIONAL;6.2.-Contra la seguridad vial;2012;59.634
TOTAL NACIONAL;6.2.-Contra la seguridad vial;2011;67.374
TOTAL NACIONAL;6.2.-Contra la seguridad vial;2010;57.088
TOTAL NACIONAL;6.3.-Otros contra la seguridad colectiva;2023;2.580
TOTAL NACIONAL;6.3.-Otros contra la seguridad colectiva;2022;2.659
TOTAL NACIONAL;6.3.-Otros contra la seguridad colectiva;2021;2.184
TOTAL NACIONAL;6.3.-Otros contra la seguridad colectiva;2020;1.930
TOTAL NACIONAL;6.3.-Otros contra la seguridad colectiva;2019;2.256
TOTAL NACIONAL;6.3.-Otros contra la seguridad colectiva;2018;2.345
TOTAL NACIONAL;6.3.-Otros contra la seguridad colectiva;2017;2.262
TOTAL NACIONAL;6.3.-Otros contra la seguridad colectiva;2016;1.989
TOTAL NACIONAL;6.3.-Otros contra la seguridad colectiva;2015;2.030
TOTAL NACIONAL;6.3.-Otros contra la seguridad colectiva;2014;2.108
TOTAL NACIONAL;6.3.-Otros contra la seguridad colectiva;2013;2.074
TOTAL NACIONAL;6.3.-Otros contra la seguridad colectiva;2012;2.511
TOTAL NACIONAL;6.3.-Otros contra la seguridad colectiva;2011;2.416
TOTAL NACIONAL;6.3.-Otros contra la seguridad colectiva;2010;2.679
TOTAL NACIONAL;7. FALSEDADES;2023;40.889
TOTAL NACIONAL;7. FALSEDADES;2022;37.717
TOTAL NACIONAL;7. FALSEDADES;2021;34.058
TOTAL NACIONAL;7. FALSEDADES;2020;24.020
TOTAL NACIONAL;7. FALSEDADES;2019;24.529
TOTAL NACIONAL;7. FALSEDADES;2018;22.399
TOTAL NACIONAL;7. FALSEDADES;2017;20.640
TOTAL NACIONAL;7. FALSEDADES;2016;19.958
TOTAL NACIONAL;7. FALSEDADES;2015;19.224
TOTAL NACIONAL;7. FALSEDADES;2014;18.408
TOTAL NACIONAL;7. FALSEDADES;2013;17.262
TOTAL NACIONAL;7. FALSEDADES;2012;18.223
TOTAL NACIONAL;7. FALSEDADES;2011;20.175
TOTAL NACIONAL;7. FALSEDADES;2010;17.502
TOTAL NACIONAL;8. ADMÓN. PÚBLICA;2023;506
TOTAL NACIONAL;8. ADMÓN. PÚBLICA;2022;509
TOTAL NACIONAL;8. ADMÓN. PÚBLICA;2021;541
TOTAL NACIONAL;8. ADMÓN. PÚBLICA;2020;350
TOTAL NACIONAL;8. ADMÓN. PÚBLICA;2019;416
TOTAL NACIONAL;8. ADMÓN. PÚBLICA;2018;510
TOTAL NACIONAL;8. ADMÓN. PÚBLICA;2017;668
TOTAL NACIONAL;8. ADMÓN. PÚBLICA;2016;553
TOTAL NACIONAL;8. ADMÓN. PÚBLICA;2015;535
TOTAL NACIONAL;8. ADMÓN. PÚBLICA;2014;521
TOTAL NACIONAL;8. ADMÓN. PÚBLICA;2013;391
TOTAL NACIONAL;8. ADMÓN. PÚBLICA;2012;325
TOTAL NACIONAL;8. ADMÓN. PÚBLICA;2011;341
TOTAL NACIONAL;8. ADMÓN. PÚBLICA;2010;416
TOTAL NACIONAL;9. ADMÓN. JUSTICIA;2023;41.910
TOTAL NACIONAL;9. ADMÓN. JUSTICIA;2022;37.910
TOTAL NACIONAL;9. ADMÓN. JUSTICIA;2021;33.370
TOTAL NACIONAL;9. ADMÓN. JUSTICIA;2020;31.140
TOTAL NACIONAL;9. ADMÓN. JUSTICIA;2019;32.082
TOTAL NACIONAL;9. ADMÓN. JUSTICIA;2018;30.290
TOTAL NACIONAL;9. ADMÓN. JUSTICIA;2017;29.001
TOTAL NACIONAL;9. ADMÓN. JUSTICIA;2016;27.647
TOTAL NACIONAL;9. ADMÓN. JUSTICIA;2015;27.538
TOTAL NACIONAL;9. ADMÓN. JUSTICIA;2014;28.034
TOTAL NACIONAL;9. ADMÓN. JUSTICIA;2013;27.245
TOTAL NACIONAL;9. ADMÓN. JUSTICIA;2012;28.205
TOTAL NACIONAL;9. ADMÓN. JUSTICIA;2011;29.410
TOTAL NACIONAL;9. ADMÓN. JUSTICIA;2010;27.905
TOTAL NACIONAL;10. ORDEN PÚBLICO;2023;30.011
TOTAL NACIONAL;10. ORDEN PÚBLICO;2022;28.562
TOTAL NACIONAL;10. ORDEN PÚBLICO;2021;27.594
TOTAL NACIONAL;10. ORDEN PÚBLICO;2020;30.272
TOTAL NACIONAL;10. ORDEN PÚBLICO;2019;21.877
TOTAL NACIONAL;10. ORDEN PÚBLICO;2018;20.121
TOTAL NACIONAL;10. ORDEN PÚBLICO;2017;19.591
TOTAL NACIONAL;10. ORDEN PÚBLICO;2016;18.867
TOTAL NACIONAL;10. ORDEN PÚBLICO;2015;23.160
TOTAL NACIONAL;10. ORDEN PÚBLICO;2014;29.466
TOTAL NACIONAL;10. ORDEN PÚBLICO;2013;31.489
TOTAL NACIONAL;10. ORDEN PÚBLICO;2012;33.582
TOTAL NACIONAL;10. ORDEN PÚBLICO;2011;36.317
TOTAL NACIONAL;10. ORDEN PÚBLICO;2010;33.767
TOTAL NACIONAL;11. LEGISLACIÓN ESPECIAL;2023;464
TOTAL NACIONAL;11. LEGISLACIÓN ESPECIAL;2022;330
TOTAL NACIONAL;11. LEGISLACIÓN ESPECIAL;2021;343
TOTAL NACIONAL;11. LEGISLACIÓN ESPECIAL;2020;325
TOTAL NACIONAL;11. LEGISLACIÓN ESPECIAL;2019;306
TOTAL NACIONAL;11. LEGISLACIÓN ESPECIAL;2018;209
TOTAL NACIONAL;11. LEGISLACIÓN ESPECIAL;2017;165
TOTAL NACIONAL;11. LEGISLACIÓN ESPECIAL;2016;143
TOTAL NACIONAL;11. LEGISLACIÓN ESPECIAL;2015;192
TOTAL NACIONAL;11. LEGISLACIÓN ESPECIAL;2014;185
TOTAL NACIONAL;11. LEGISLACIÓN ESPECIAL;2013;205
TOTAL NACIONAL;11. LEGISLACIÓN ESPECIAL;2012;237
TOTAL NACIONAL;11. LEGISLACIÓN ESPECIAL;2011;285
TOTAL NACIONAL;11. LEGISLACIÓN ESPECIAL;2010;234
TOTAL NACIONAL;12. OTRAS INFRACCIONES PENALES;2023;11.718
TOTAL NACIONAL;12. OTRAS INFRACCIONES PENALES;2022;10.646
TOTAL NACIONAL;12. OTRAS INFRACCIONES PENALES;2021;10.341
TOTAL NACIONAL;12. OTRAS INFRACCIONES PENALES;2020;9.665
TOTAL NACIONAL;12. OTRAS INFRACCIONES PENALES;2019;9.970
TOTAL NACIONAL;12. OTRAS INFRACCIONES PENALES;2018;9.725
TOTAL NACIONAL;12. OTRAS INFRACCIONES PENALES;2017;9.772
TOTAL NACIONAL;12. OTRAS INFRACCIONES PENALES;2016;10.394
TOTAL NACIONAL;12. OTRAS INFRACCIONES PENALES;2015;9.702
TOTAL NACIONAL;12. OTRAS INFRACCIONES PENALES;2014;7.864
TOTAL NACIONAL;12. OTRAS INFRACCIONES PENALES;2013;7.129
TOTAL NACIONAL;12. OTRAS INFRACCIONES PENALES;2012;6.655
TOTAL NACIONAL;12. OTRAS INFRACCIONES PENALES;2011;6.592
TOTAL NACIONAL;12. OTRAS INFRACCIONES PENALES;2010;6.785
TOTAL NACIONAL;TOTAL INFRACCIONES PENALES;2023;2.464.759
TOTAL NACIONAL;TOTAL INFRACCIONES PENALES;2022;2.323.075
TOTAL NACIONAL;TOTAL INFRACCIONES PENALES;2021;1.957.719
TOTAL NACIONAL;TOTAL INFRACCIONES PENALES;2020;1.766.779
TOTAL NACIONAL;TOTAL INFRACCIONES PENALES;2019;2.199.475
TOTAL NACIONAL;TOTAL INFRACCIONES PENALES;2018;2.131.118
TOTAL NACIONAL;TOTAL INFRACCIONES PENALES;2017;2.045.784
TOTAL NACIONAL;TOTAL INFRACCIONES PENALES;2016;2.009.690
TOTAL NACIONAL;TOTAL INFRACCIONES PENALES;2015;2.036.815
TOTAL NACIONAL;TOTAL INFRACCIONES PENALES;2014;2.092.040
TOTAL NACIONAL;TOTAL INFRACCIONES PENALES;2013;2.172.133
TOTAL NACIONAL;TOTAL INFRACCIONES PENALES;2012;2.268.867
TOTAL NACIONAL;TOTAL INFRACCIONES PENALES;2011;2.285.525
TOTAL NACIONAL;TOTAL INFRACCIONES PENALES;2010;2.297.484
ANDALUCÍA;1. CONTRA LAS PERSONAS;2023;45.636
ANDALUCÍA;1. CONTRA LAS PERSONAS;2022;42.594
ANDALUCÍA;1. CONTRA LAS PERSONAS;2021;37.296
ANDALUCÍA;1. CONTRA LAS PERSONAS;2020;33.578
ANDALUCÍA;1. CONTRA LAS PERSONAS;2019;37.130
ANDALUCÍA;1. CONTRA LAS PERSONAS;2018;35.043
ANDALUCÍA;1. CONTRA LAS PERSONAS;2017;35.087
ANDALUCÍA;1. CONTRA LAS PERSONAS;2016;33.661
ANDALUCÍA;1. CONTRA LAS PERSONAS;2015;47.420
ANDALUCÍA;1. CONTRA LAS PERSONAS;2014;59.774
ANDALUCÍA;1. CONTRA LAS PERSONAS;2013;56.840
ANDALUCÍA;1. CONTRA LAS PERSONAS;2012;59.894
ANDALUCÍA;1. CONTRA LAS PERSONAS;2011;64.275
ANDALUCÍA;1. CONTRA LAS PERSONAS;2010;63.795
ANDALUCÍA;1.1.-Homicidios dolosos/asesinatos;2023;363
ANDALUCÍA;1.1.-Homicidios dolosos/asesinatos;2022;358
ANDALUCÍA;1.1.-Homicidios dolosos/asesinatos;2021;274
ANDALUCÍA;1.1.-Homicidios dolosos/asesinatos;2020;298
ANDALUCÍA;1.1.-Homicidios dolosos/asesinatos;2019;238
ANDALUCÍA;1.1.-Homicidios dolosos/asesinatos;2018;262
ANDALUCÍA;1.1.-Homicidios dolosos/asesinatos;2017;256
ANDALUCÍA;1.1.-Homicidios dolosos/asesinatos;2016;295
ANDALUCÍA;1.1.-Homicidios dolosos/asesinatos;2015;218
ANDALUCÍA;1.1.-Homicidios dolosos/asesinatos;2014;224
ANDALUCÍA;1.1.-Homicidios dolosos/asesinatos;2013;247
ANDALUCÍA;1.1.-Homicidios dolosos/asesinatos;2012;247
ANDALUCÍA;1.1.-Homicidios dolosos/asesinatos;2011;305
ANDALUCÍA;1.1.-Homicidios dolosos/asesinatos;2010;276
ANDALUCÍA;1.1.1.-Homicidios dolosos/asesinatos consumados;2023;71
ANDALUCÍA;1.1.1.-Homicidios dolosos/asesinatos consumados;2022;74
ANDALUCÍA;1.1.1.-Homicidios dolosos/asesinatos consumados;2021;55
ANDALUCÍA;1.1.1.-Homicidios dolosos/asesinatos consumados;2020;61
ANDALUCÍA;1.1.1.-Homicidios dolosos/asesinatos consumados;2019;82
ANDALUCÍA;1.1.1.-Homicidios dolosos/asesinatos consumados;2018;72
ANDALUCÍA;1.1.1.-Homicidios dolosos/asesinatos consumados;2017;49
ANDALUCÍA;1.1.1.-Homicidios dolosos/asesinatos consumados;2016;68
ANDALUCÍA;1.1.1.-Homicidios dolosos/asesinatos consumados;2015;65
ANDALUCÍA;1.1.1.-Homicidios dolosos/asesinatos consumados;2014;69
ANDALUCÍA;1.1.1.-Homicidios dolosos/asesinatos consumados;2013;65
ANDALUCÍA;1.1.1.-Homicidios dolosos/asesinatos consumados;2012;68
ANDALUCÍA;1.1.1.-Homicidios dolosos/asesinatos consumados;2011;85
ANDALUCÍA;1.1.1.-Homicidios dolosos/asesinatos consumados;2010;78
ANDALUCÍA;1.2.-Lesiones;2023;24.848
ANDALUCÍA;1.2.-Lesiones;2022;23.218
ANDALUCÍA;1.2.-Lesiones;2021;19.996
ANDALUCÍA;1.2.-Lesiones;2020;17.412
ANDALUCÍA;1.2.-Lesiones;2019;20.624
ANDALUCÍA;1.2.-Lesiones;2018;19.547
ANDALUCÍA;1.2.-Lesiones;2017;20.068
ANDALUCÍA;1.2.-Lesiones;2016;19.149
ANDALUCÍA;1.2.-Lesiones;2015;19.400
ANDALUCÍA;1.2.-Lesiones;2014;20.038
ANDALUCÍA;1.2.-Lesiones;2013;19.956
ANDALUCÍA;1.2.-Lesiones;2012;20.923
ANDALUCÍA;1.2.-Lesiones;2011;22.084
ANDALUCÍA;1.2.-Lesiones;2010;22.742
ANDALUCÍA;1.3.-Malos tratos ámbito familiar;2023;19.294
ANDALUCÍA;1.3.-Malos tratos ámbito familiar;2022;18.119
ANDALUCÍA;1.3.-Malos tratos ámbito familiar;2021;16.314
ANDALUCÍA;1.3.-Malos tratos ámbito familiar;2020;15.221
ANDALUCÍA;1.3.-Malos tratos ámbito familiar;2019;15.455
ANDALUCÍA;1.3.-Malos tratos ámbito familiar;2018;14.441
ANDALUCÍA;1.3.-Malos tratos ámbito familiar;2017;14.179
ANDALUCÍA;1.3.-Malos tratos ámbito familiar;2016;13.747
ANDALUCÍA;1.3.-Malos tratos ámbito familiar;2015;14.031
ANDALUCÍA;1.3.-Malos tratos ámbito familiar;2014;13.308
ANDALUCÍA;1.3.-Malos tratos ámbito familiar;2013;12.241
ANDALUCÍA;1.3.-Malos tratos ámbito familiar;2012;12.522
ANDALUCÍA;1.3.-Malos tratos ámbito familiar;2011;13.802
ANDALUCÍA;1.3.-Malos tratos ámbito familiar;2010;12.849
ANDALUCÍA;1.4.-Otros contra las personas;2023;1.131
ANDALUCÍA;1.4.-Otros contra las personas;2022;899
ANDALUCÍA;1.4.-Otros contra las personas;2021;712
ANDALUCÍA;1.4.-Otros contra las personas;2020;647
ANDALUCÍA;1.4.-Otros contra las personas;2019;813
ANDALUCÍA;1.4.-Otros contra las personas;2018;793
ANDALUCÍA;1.4.-Otros contra las personas;2017;584
ANDALUCÍA;1.4.-Otros contra las personas;2016;470
ANDALUCÍA;1.4.-Otros contra las personas;2015;13.771
ANDALUCÍA;1.4.-Otros contra las personas;2014;26.204
ANDALUCÍA;1.4.-Otros contra las personas;2013;24.396
ANDALUCÍA;1.4.-Otros contra las personas;2012;26.202
ANDALUCÍA;1.4.-Otros contra las personas;2011;28.084
ANDALUCÍA;1.4.-Otros contra las personas;2010;27.928
ANDALUCÍA;2. CONTRA LA LIBERTAD;2023;32.765
ANDALUCÍA;2. CONTRA LA LIBERTAD;2022;28.618
ANDALUCÍA;2. CONTRA LA LIBERTAD;2021;27.291
ANDALUCÍA;2. CONTRA LA LIBERTAD;2020;26.108
ANDALUCÍA;2. CONTRA LA LIBERTAD;2019;25.751
ANDALUCÍA;2. CONTRA LA LIBERTAD;2018;24.513
ANDALUCÍA;2. CONTRA LA LIBERTAD;2017;24.427
ANDALUCÍA;2. CONTRA LA LIBERTAD;2016;23.184
ANDALUCÍA;2. CONTRA LA LIBERTAD;2015;14.587
ANDALUCÍA;2. CONTRA LA LIBERTAD;2014;7.364
ANDALUCÍA;2. CONTRA LA LIBERTAD;2013;7.773
ANDALUCÍA;2. CONTRA LA LIBERTAD;2012;7.671
ANDALUCÍA;2. CONTRA LA LIBERTAD;2011;7.145
ANDALUCÍA;2. CONTRA LA LIBERTAD;2010;6.570
ANDALUCÍA;2.1.-Malos tratos habituales en el ámbito familiar;2023;3.007
ANDALUCÍA;2.1.-Malos tratos habituales en el ámbito familiar;2022;2.858
ANDALUCÍA;2.1.-Malos tratos habituales en el ámbito familiar;2021;2.806
ANDALUCÍA;2.1.-Malos tratos habituales en el ámbito familiar;2020;2.717
ANDALUCÍA;2.1.-Malos tratos habituales en el ámbito familiar;2019;2.752
ANDALUCÍA;2.1.-Malos tratos habituales en el ámbito familiar;2018;2.671
ANDALUCÍA;2.1.-Malos tratos habituales en el ámbito familiar;2017;2.857
ANDALUCÍA;2.1.-Malos tratos habituales en el ámbito familiar;2016;2.703
ANDALUCÍA;2.1.-Malos tratos habituales en el ámbito familiar;2015;2.708
ANDALUCÍA;2.1.-Malos tratos habituales en el ámbito familiar;2014;2.981
ANDALUCÍA;2.1.-Malos tratos habituales en el ámbito familiar;2013;3.579
ANDALUCÍA;2.1.-Malos tratos habituales en el ámbito familiar;2012;3.477
ANDALUCÍA;2.1.-Malos tratos habituales en el ámbito familiar;2011;2.776
ANDALUCÍA;2.1.-Malos tratos habituales en el ámbito familiar;2010;2.488
ANDALUCÍA;2.2.-Otros contra la libertad;2023;29.758
ANDALUCÍA;2.2.-Otros contra la libertad;2022;25.760
ANDALUCÍA;2.2.-Otros contra la libertad;2021;24.485
ANDALUCÍA;2.2.-Otros contra la libertad;2020;23.391
ANDALUCÍA;2.2.-Otros contra la libertad;2019;22.999
ANDALUCÍA;2.2.-Otros contra la libertad;2018;21.842
ANDALUCÍA;2.2.-Otros contra la libertad;2017;21.570
ANDALUCÍA;2.2.-Otros contra la libertad;2016;20.481
ANDALUCÍA;2.2.-Otros contra la libertad;2015;11.879
ANDALUCÍA;2.2.-Otros contra la libertad;2014;4.383
ANDALUCÍA;2.2.-Otros contra la libertad;2013;4.194
ANDALUCÍA;2.2.-Otros contra la libertad;2012;4.194
ANDALUCÍA;2.2.-Otros contra la libertad;2011;4.369
ANDALUCÍA;2.2.-Otros contra la libertad;2010;4.082
ANDALUCÍA;3. LIBERTAD SEXUAL;2023;3.473
ANDALUCÍA;3. LIBERTAD SEXUAL;2022;3.067
ANDALUCÍA;3. LIBERTAD SEXUAL;2021;2.690
ANDALUCÍA;3. LIBERTAD SEXUAL;2020;2.204
ANDALUCÍA;3. LIBERTAD SEXUAL;2019;2.510
ANDALUCÍA;3. LIBERTAD SEXUAL;2018;2.339
ANDALUCÍA;3. LIBERTAD SEXUAL;2017;2.064
ANDALUCÍA;3. LIBERTAD SEXUAL;2016;1.837
ANDALUCÍA;3. LIBERTAD SEXUAL;2015;1.701
ANDALUCÍA;3. LIBERTAD SEXUAL;2014;1.653
ANDALUCÍA;3. LIBERTAD SEXUAL;2013;1.624
ANDALUCÍA;3. LIBERTAD SEXUAL;2012;1.632
ANDALUCÍA;3. LIBERTAD SEXUAL;2011;1.725
ANDALUCÍA;3. LIBERTAD SEXUAL;2010;1.768
ANDALUCÍA;3.1.-Agresión sexual;2023;2.044
ANDALUCÍA;3.1.-Agresión sexual;2022;1.848
ANDALUCÍA;3.1.-Agresión sexual;2021;1.651
ANDALUCÍA;3.1.-Agresión sexual;2020;1.228
ANDALUCÍA;3.1.-Agresión sexual;2019;1.462
ANDALUCÍA;3.1.-Agresión sexual;2018;1.428
ANDALUCÍA;3.1.-Agresión sexual;2017;1.157
ANDALUCÍA;3.1.-Agresión sexual;2016;1.043
ANDALUCÍA;3.1.-Agresión sexual;2015;904
ANDALUCÍA;3.1.-Agresión sexual;2014;918
ANDALUCÍA;3.1.-Agresión sexual;2013;907
ANDALUCÍA;3.1.-Agresión sexual;2012;926
ANDALUCÍA;3.1.-Agresión sexual;2011;991
ANDALUCÍA;3.1.-Agresión sexual;2010;959
ANDALUCÍA;3.2.-Agresión sexual con penetración;2023;604
ANDALUCÍA;3.2.-Agresión sexual con penetración;2022;512
ANDALUCÍA;3.2.-Agresión sexual con penetración;2021;451
ANDALUCÍA;3.2.-Agresión sexual con penetración;2020;370
ANDALUCÍA;3.2.-Agresión sexual con penetración;2019;401
ANDALUCÍA;3.2.-Agresión sexual con penetración;2018;314
ANDALUCÍA;3.2.-Agresión sexual con penetración;2017;273
ANDALUCÍA;3.2.-Agresión sexual con penetración;2016;263
ANDALUCÍA;3.2.-Agresión sexual con penetración;2015;242
ANDALUCÍA;3.2.-Agresión sexual con penetración;2014;203
ANDALUCÍA;3.2.-Agresión sexual con penetración;2013;235
ANDALUCÍA;3.2.-Agresión sexual con penetración;2012;265
ANDALUCÍA;3.2.-Agresión sexual con penetración;2011;288
ANDALUCÍA;3.2.-Agresión sexual con penetración;2010;279
ANDALUCÍA;3.3.-Corrupción de menores o incapacitados;2023;74
ANDALUCÍA;3.3.-Corrupción de menores o incapacitados;2022;84
ANDALUCÍA;3.3.-Corrupción de menores o incapacitados;2021;68
ANDALUCÍA;3.3.-Corrupción de menores o incapacitados;2020;74
ANDALUCÍA;3.3.-Corrupción de menores o incapacitados;2019;92
ANDALUCÍA;3.3.-Corrupción de menores o incapacitados;2018;63
ANDALUCÍA;3.3.-Corrupción de menores o incapacitados;2017;104
ANDALUCÍA;3.3.-Corrupción de menores o incapacitados;2016;64
ANDALUCÍA;3.3.-Corrupción de menores o incapacitados;2015;98
ANDALUCÍA;3.3.-Corrupción de menores o incapacitados;2014;95
ANDALUCÍA;3.3.-Corrupción de menores o incapacitados;2013;87
ANDALUCÍA;3.3.-Corrupción de menores o incapacitados;2012;47
ANDALUCÍA;3.3.-Corrupción de menores o incapacitados;2011;64
ANDALUCÍA;3.3.-Corrupción de menores o incapacitados;2010;75
ANDALUCÍA;3.4.-Pornografía de menores;2023;130
ANDALUCÍA;3.4.-Pornografía de menores;2022;118
ANDALUCÍA;3.4.-Pornografía de menores;2021;125
ANDALUCÍA;3.4.-Pornografía de menores;2020;149
ANDALUCÍA;3.4.-Pornografía de menores;2019;132
ANDALUCÍA;3.4.-Pornografía de menores;2018;154
ANDALUCÍA;3.4.-Pornografía de menores;2017;153
ANDALUCÍA;3.4.-Pornografía de menores;2016;111
ANDALUCÍA;3.4.-Pornografía de menores;2015;136
ANDALUCÍA;3.4.-Pornografía de menores;2014;85
ANDALUCÍA;3.4.-Pornografía de menores;2013;86
ANDALUCÍA;3.4.-Pornografía de menores;2012;85
ANDALUCÍA;3.4.-Pornografía de menores;2011;97
ANDALUCÍA;3.4.-Pornografía de menores;2010;138
ANDALUCÍA;3.5.-Otros contra la libertad sexual;2023;621
ANDALUCÍA;3.5.-Otros contra la libertad sexual;2022;505
ANDALUCÍA;3.5.-Otros contra la libertad sexual;2021;395
ANDALUCÍA;3.5.-Otros contra la libertad sexual;2020;383
ANDALUCÍA;3.5.-Otros contra la libertad sexual;2019;423
ANDALUCÍA;3.5.-Otros contra la libertad sexual;2018;380
ANDALUCÍA;3.5.-Otros contra la libertad sexual;2017;377
ANDALUCÍA;3.5.-Otros contra la libertad sexual;2016;356
ANDALUCÍA;3.5.-Otros contra la libertad sexual;2015;321
ANDALUCÍA;3.5.-Otros contra la libertad sexual;2014;352
ANDALUCÍA;3.5.-Otros contra la libertad sexual;2013;309
ANDALUCÍA;3.5.-Otros contra la libertad sexual;2012;309
ANDALUCÍA;3.5.-Otros contra la libertad sexual;2011;285
ANDALUCÍA;3.5.-Otros contra la libertad sexual;2010;317
ANDALUCÍA;4. RELACIONES FAMILIARES;2023;1.702
ANDALUCÍA;4. RELACIONES FAMILIARES;2022;1.575
ANDALUCÍA;4. RELACIONES FAMILIARES;2021;1.575
ANDALUCÍA;4. RELACIONES FAMILIARES;2020;1.492
ANDALUCÍA;4. RELACIONES FAMILIARES;2019;1.503
ANDALUCÍA;4. RELACIONES FAMILIARES;2018;1.529
ANDALUCÍA;4. RELACIONES FAMILIARES;2017;1.561
ANDALUCÍA;4. RELACIONES FAMILIARES;2016;1.527
ANDALUCÍA;4. RELACIONES FAMILIARES;2015;1.641
ANDALUCÍA;4. RELACIONES FAMILIARES;2014;1.633
ANDALUCÍA;4. RELACIONES FAMILIARES;2013;1.559
ANDALUCÍA;4. RELACIONES FAMILIARES;2012;1.691
ANDALUCÍA;4. RELACIONES FAMILIARES;2011;1.480
ANDALUCÍA;4. RELACIONES FAMILIARES;2010;1.405
ANDALUCÍA;5. PATRIMONIO;2023;289.412
ANDALUCÍA;5. PATRIMONIO;2022;264.965
ANDALUCÍA;5. PATRIMONIO;2021;210.150
ANDALUCÍA;5. PATRIMONIO;2020;190.744
ANDALUCÍA;5. PATRIMONIO;2019;239.711
ANDALUCÍA;5. PATRIMONIO;2018;240.939
ANDALUCÍA;5. PATRIMONIO;2017;242.164
ANDALUCÍA;5. PATRIMONIO;2016;243.163
ANDALUCÍA;5. PATRIMONIO;2015;241.975
ANDALUCÍA;5. PATRIMONIO;2014;249.797
ANDALUCÍA;5. PATRIMONIO;2013;273.325
ANDALUCÍA;5. PATRIMONIO;2012;289.754
ANDALUCÍA;5. PATRIMONIO;2011;295.431
ANDALUCÍA;5. PATRIMONIO;2010;303.476
ANDALUCÍA;5.1.-Hurtos;2023;95.492
ANDALUCÍA;5.1.-Hurtos;2022;89.038
ANDALUCÍA;5.1.-Hurtos;2021;68.916
ANDALUCÍA;5.1.-Hurtos;2020;57.435
ANDALUCÍA;5.1.-Hurtos;2019;91.298
ANDALUCÍA;5.1.-Hurtos;2018;93.459
ANDALUCÍA;5.1.-Hurtos;2017;103.746
ANDALUCÍA;5.1.-Hurtos;2016;109.491
ANDALUCÍA;5.1.-Hurtos;2015;110.768
ANDALUCÍA;5.1.-Hurtos;2014;115.850
ANDALUCÍA;5.1.-Hurtos;2013;127.933
ANDALUCÍA;5.1.-Hurtos;2012;133.759
ANDALUCÍA;5.1.-Hurtos;2011;134.955
ANDALUCÍA;5.1.-Hurtos;2010;136.528
ANDALUCÍA;5.2.-Robos con fuerza en las cosas;2023;47.977
ANDALUCÍA;5.2.-Robos con fuerza en las cosas;2022;44.168
ANDALUCÍA;5.2.-Robos con fuerza en las cosas;2021;36.839
ANDALUCÍA;5.2.-Robos con fuerza en las cosas;2020;37.257
ANDALUCÍA;5.2.-Robos con fuerza en las cosas;2019;47.542
ANDALUCÍA;5.2.-Robos con fuerza en las cosas;2018;50.084
ANDALUCÍA;5.2.-Robos con fuerza en las cosas;2017;52.435
ANDALUCÍA;5.2.-Robos con fuerza en las cosas;2016;54.283
ANDALUCÍA;5.2.-Robos con fuerza en las cosas;2015;54.298
ANDALUCÍA;5.2.-Robos con fuerza en las cosas;2014;58.021
ANDALUCÍA;5.2.-Robos con fuerza en las cosas;2013;67.166
ANDALUCÍA;5.2.-Robos con fuerza en las cosas;2012;70.769
ANDALUCÍA;5.2.-Robos con fuerza en las cosas;2011;74.161
ANDALUCÍA;5.2.-Robos con fuerza en las cosas;2010;79.070
ANDALUCÍA;5.2.1.-Robos con fuerza en las cosas en el interior de vehículos;2023;19.215
ANDALUCÍA;5.2.1.-Robos con fuerza en las cosas en el interior de vehículos;2022;17.583
ANDALUCÍA;5.2.1.-Robos con fuerza en las cosas en el interior de vehículos;2021;13.902
ANDALUCÍA;5.2.1.-Robos con fuerza en las cosas en el interior de vehículos;2020;13.556
ANDALUCÍA;5.2.1.-Robos con fuerza en las cosas en el interior de vehículos;2019;17.691
ANDALUCÍA;5.2.1.-Robos con fuerza en las cosas en el interior de vehículos;2018;18.696
ANDALUCÍA;5.2.1.-Robos con fuerza en las cosas en el interior de vehículos;2017;19.447
ANDALUCÍA;5.2.1.-Robos con fuerza en las cosas en el interior de vehículos;2016;19.022
ANDALUCÍA;5.2.1.-Robos con fuerza en las cosas en el interior de vehículos;2015;19.160
ANDALUCÍA;5.2.1.-Robos con fuerza en las cosas en el interior de vehículos;2014;19.519
ANDALUCÍA;5.2.1.-Robos con fuerza en las cosas en el interior de vehículos;2013;23.407
ANDALUCÍA;5.2.1.-Robos con fuerza en las cosas en el interior de vehículos;2012;26.001
ANDALUCÍA;5.2.1.-Robos con fuerza en las cosas en el interior de vehículos;2011;28.610
ANDALUCÍA;5.2.1.-Robos con fuerza en las cosas en el interior de vehículos;2010;25.045
ANDALUCÍA;5.2.2.-Robos con fuerza en viviendas;2023;14.101
ANDALUCÍA;5.2.2.-Robos con fuerza en viviendas;2022;13.281
ANDALUCÍA;5.2.2.-Robos con fuerza en viviendas;2021;11.457
ANDALUCÍA;5.2.2.-Robos con fuerza en viviendas;2020;12.127
ANDALUCÍA;5.2.2.-Robos con fuerza en viviendas;2019;15.349
ANDALUCÍA;5.2.2.-Robos con fuerza en viviendas;2018;15.779
ANDALUCÍA;5.2.2.-Robos con fuerza en viviendas;2017;17.276
ANDALUCÍA;5.2.2.-Robos con fuerza en viviendas;2016;18.367
ANDALUCÍA;5.2.2.-Robos con fuerza en viviendas;2015;17.798
ANDALUCÍA;5.2.2.-Robos con fuerza en viviendas;2014;19.372
ANDALUCÍA;5.2.2.-Robos con fuerza en viviendas;2013;22.031
ANDALUCÍA;5.2.2.-Robos con fuerza en viviendas;2012;21.963
ANDALUCÍA;5.2.2.-Robos con fuerza en viviendas;2011;17.972
ANDALUCÍA;5.2.2.-Robos con fuerza en viviendas;2010;20.541
ANDALUCÍA;5.2.3.-Robos con fuerza en establecimientos;2023;5.953
ANDALUCÍA;5.2.3.-Robos con fuerza en establecimientos;2022;5.362
ANDALUCÍA;5.2.3.-Robos con fuerza en establecimientos;2021;4.786
ANDALUCÍA;5.2.3.-Robos con fuerza en establecimientos;2020;5.317
ANDALUCÍA;5.2.3.-Robos con fuerza en establecimientos;2019;6.935
ANDALUCÍA;5.2.3.-Robos con fuerza en establecimientos;2018;7.192
ANDALUCÍA;5.2.3.-Robos con fuerza en establecimientos;2017;7.303
ANDALUCÍA;5.2.3.-Robos con fuerza en establecimientos;2016;7.772
ANDALUCÍA;5.2.3.-Robos con fuerza en establecimientos;2015;7.348
ANDALUCÍA;5.2.3.-Robos con fuerza en establecimientos;2014;7.599
ANDALUCÍA;5.2.3.-Robos con fuerza en establecimientos;2013;7.951
ANDALUCÍA;5.2.3.-Robos con fuerza en establecimientos;2012;8.092
ANDALUCÍA;5.2.3.-Robos con fuerza en establecimientos;2011;8.025
ANDALUCÍA;5.2.3.-Robos con fuerza en establecimientos;2010;10.205
ANDALUCÍA;5.3.-Robos con violencia o intimidación;2023;7.676
ANDALUCÍA;5.3.-Robos con violencia o intimidación;2022;7.335
ANDALUCÍA;5.3.-Robos con violencia o intimidación;2021;5.911
ANDALUCÍA;5.3.-Robos con violencia o intimidación;2020;5.187
ANDALUCÍA;5.3.-Robos con violencia o intimidación;2019;7.302
ANDALUCÍA;5.3.-Robos con violencia o intimidación;2018;7.093
ANDALUCÍA;5.3.-Robos con violencia o intimidación;2017;7.668
ANDALUCÍA;5.3.-Robos con violencia o intimidación;2016;7.431
ANDALUCÍA;5.3.-Robos con violencia o intimidación;2015;7.283
ANDALUCÍA;5.3.-Robos con violencia o intimidación;2014;8.291
ANDALUCÍA;5.3.-Robos con violencia o intimidación;2013;10.531
ANDALUCÍA;5.3.-Robos con violencia o intimidación;2012;11.673
ANDALUCÍA;5.3.-Robos con violencia o intimidación;2011;11.867
ANDALUCÍA;5.3.-Robos con violencia o intimidación;2010;12.194
ANDALUCÍA;5.3.1.-Robos con violencia en vía pública;2023;5.028
ANDALUCÍA;5.3.1.-Robos con violencia en vía pública;2022;4.843
ANDALUCÍA;5.3.1.-Robos con violencia en vía pública;2021;3.871
ANDALUCÍA;5.3.1.-Robos con violencia en vía pública;2020;3.253
ANDALUCÍA;5.3.1.-Robos con violencia en vía pública;2019;4.714
ANDALUCÍA;5.3.1.-Robos con violencia en vía pública;2018;4.592
ANDALUCÍA;5.3.1.-Robos con violencia en vía pública;2017;5.116
ANDALUCÍA;5.3.1.-Robos con violencia en vía pública;2016;5.051
ANDALUCÍA;5.3.1.-Robos con violencia en vía pública;2015;5.016
ANDALUCÍA;5.3.1.-Robos con violencia en vía pública;2014;5.829
ANDALUCÍA;5.3.1.-Robos con violencia en vía pública;2013;7.437
ANDALUCÍA;5.3.1.-Robos con violencia en vía pública;2012;8.411
ANDALUCÍA;5.3.1.-Robos con violencia en vía pública;2011;8.216
ANDALUCÍA;5.3.1.-Robos con violencia en vía pública;2010;8.925
ANDALUCÍA;5.3.2.-Robos con violencia en viviendas;2023;630
ANDALUCÍA;5.3.2.-Robos con violencia en viviendas;2022;586
ANDALUCÍA;5.3.2.-Robos con violencia en viviendas;2021;559
ANDALUCÍA;5.3.2.-Robos con violencia en viviendas;2020;469
ANDALUCÍA;5.3.2.-Robos con violencia en viviendas;2019;605
ANDALUCÍA;5.3.2.-Robos con violencia en viviendas;2018;571
ANDALUCÍA;5.3.2.-Robos con violencia en viviendas;2017;568
ANDALUCÍA;5.3.2.-Robos con violencia en viviendas;2016;591
ANDALUCÍA;5.3.2.-Robos con violencia en viviendas;2015;524
ANDALUCÍA;5.3.2.-Robos con violencia en viviendas;2014;560
ANDALUCÍA;5.3.2.-Robos con violencia en viviendas;2013;695
ANDALUCÍA;5.3.2.-Robos con violencia en viviendas;2012;715
ANDALUCÍA;5.3.2.-Robos con violencia en viviendas;2011;602
ANDALUCÍA;5.3.2.-Robos con violencia en viviendas;2010;670
ANDALUCÍA;5.3.3.-Robos con violencia en establecimientos;2023;1.195
ANDALUCÍA;5.3.3.-Robos con violencia en establecimientos;2022;1.107
ANDALUCÍA;5.3.3.-Robos con violencia en establecimientos;2021;871
ANDALUCÍA;5.3.3.-Robos con violencia en establecimientos;2020;971
ANDALUCÍA;5.3.3.-Robos con violencia en establecimientos;2019;1.163
ANDALUCÍA;5.3.3.-Robos con violencia en establecimientos;2018;1.128
ANDALUCÍA;5.3.3.-Robos con violencia en establecimientos;2017;1.146
ANDALUCÍA;5.3.3.-Robos con violencia en establecimientos;2016;956
ANDALUCÍA;5.3.3.-Robos con violencia en establecimientos;2015;931
ANDALUCÍA;5.3.3.-Robos con violencia en establecimientos;2014;1.091
ANDALUCÍA;5.3.3.-Robos con violencia en establecimientos;2013;1.410
ANDALUCÍA;5.3.3.-Robos con violencia en establecimientos;2012;1.382
ANDALUCÍA;5.3.3.-Robos con violencia en establecimientos;2011;1.296
ANDALUCÍA;5.3.3.-Robos con violencia en establecimientos;2010;1.699
ANDALUCÍA;5.4.-Sustracción de vehículos;2023;5.957
ANDALUCÍA;5.4.-Sustracción de vehículos;2022;5.578
ANDALUCÍA;5.4.-Sustracción de vehículos;2021;4.848
ANDALUCÍA;5.4.-Sustracción de vehículos;2020;4.821
ANDALUCÍA;5.4.-Sustracción de vehículos;2019;6.511
ANDALUCÍA;5.4.-Sustracción de vehículos;2018;6.872
ANDALUCÍA;5.4.-Sustracción de vehículos;2017;8.755
ANDALUCÍA;5.4.-Sustracción de vehículos;2016;8.835
ANDALUCÍA;5.4.-Sustracción de vehículos;2015;9.008
ANDALUCÍA;5.4.-Sustracción de vehículos;2014;8.312
ANDALUCÍA;5.4.-Sustracción de vehículos;2013;9.125
ANDALUCÍA;5.4.-Sustracción de vehículos;2012;11.294
ANDALUCÍA;5.4.-Sustracción de vehículos;2011;12.037
ANDALUCÍA;5.4.-Sustracción de vehículos;2010;14.065
ANDALUCÍA;5.5.-Estafas;2023;84.455
ANDALUCÍA;5.5.-Estafas;2022;71.465
ANDALUCÍA;5.5.-Estafas;2021;51.085
ANDALUCÍA;5.5.-Estafas;2020;47.474
ANDALUCÍA;5.5.-Estafas;2019;42.358
ANDALUCÍA;5.5.-Estafas;2018;37.843
ANDALUCÍA;5.5.-Estafas;2017;25.204
ANDALUCÍA;5.5.-Estafas;2016;21.551
ANDALUCÍA;5.5.-Estafas;2015;19.406
ANDALUCÍA;5.5.-Estafas;2014;16.982
ANDALUCÍA;5.5.-Estafas;2013;15.064
ANDALUCÍA;5.5.-Estafas;2012;15.579
ANDALUCÍA;5.5.-Estafas;2011;15.119
ANDALUCÍA;5.5.-Estafas;2010;12.900
ANDALUCÍA;5.5.1.-Estafas informáticas;2023;72.795
ANDALUCÍA;5.5.1.-Estafas informáticas;2022;49.323
ANDALUCÍA;5.5.1.-Estafas informáticas;2021;35.288
ANDALUCÍA;5.5.1.-Estafas informáticas;2020;33.036
ANDALUCÍA;5.5.1.-Estafas informáticas;2019;23.237
ANDALUCÍA;5.5.1.-Estafas informáticas;2018;15.081
ANDALUCÍA;5.5.1.-Estafas informáticas;2017;10.366
ANDALUCÍA;5.5.1.-Estafas informáticas;2016;8.165
ANDALUCÍA;5.5.1.-Estafas informáticas;2015;6.536
ANDALUCÍA;5.5.1.-Estafas informáticas;2014;5.666
ANDALUCÍA;5.5.1.-Estafas informáticas;2013;4.481
ANDALUCÍA;5.5.1.-Estafas informáticas;2012;4.378
ANDALUCÍA;5.5.1.-Estafas informáticas;2011;3.609
ANDALUCÍA;5.5.1.-Estafas informáticas;2010;3.433
ANDALUCÍA;5.6.-Daños;2023;35.037
ANDALUCÍA;5.6.-Daños;2022;34.850
ANDALUCÍA;5.6.-Daños;2021;31.827
ANDALUCÍA;5.6.-Daños;2020;28.242
ANDALUCÍA;5.6.-Daños;2019;33.332
ANDALUCÍA;5.6.-Daños;2018;34.236
ANDALUCÍA;5.6.-Daños;2017;35.372
ANDALUCÍA;5.6.-Daños;2016;34.528
ANDALUCÍA;5.6.-Daños;2015;33.579
ANDALUCÍA;5.6.-Daños;2014;34.646
ANDALUCÍA;5.6.-Daños;2013;36.487
ANDALUCÍA;5.6.-Daños;2012;41.013
ANDALUCÍA;5.6.-Daños;2011;42.657
ANDALUCÍA;5.6.-Daños;2010;44.486
ANDALUCÍA;5.7.-Contra la propiedad intelectual/industrial;2023;332
ANDALUCÍA;5.7.-Contra la propiedad intelectual/industrial;2022;177
ANDALUCÍA;5.7.-Contra la propiedad intelectual/industrial;2021;217
ANDALUCÍA;5.7.-Contra la propiedad intelectual/industrial;2020;240
ANDALUCÍA;5.7.-Contra la propiedad intelectual/industrial;2019;439
ANDALUCÍA;5.7.-Contra la propiedad intelectual/industrial;2018;564
ANDALUCÍA;5.7.-Contra la propiedad intelectual/industrial;2017;445
ANDALUCÍA;5.7.-Contra la propiedad intelectual/industrial;2016;523
ANDALUCÍA;5.7.-Contra la propiedad intelectual/industrial;2015;526
ANDALUCÍA;5.7.-Contra la propiedad intelectual/industrial;2014;763
ANDALUCÍA;5.7.-Contra la propiedad intelectual/industrial;2013;971
ANDALUCÍA;5.7.-Contra la propiedad intelectual/industrial;2012;830
ANDALUCÍA;5.7.-Contra la propiedad intelectual/industrial;2011;579
ANDALUCÍA;5.7.-Contra la propiedad intelectual/industrial;2010;809
ANDALUCÍA;5.8.-Blanqueo de capitales;2023;106
ANDALUCÍA;5.8.-Blanqueo de capitales;2022;107
ANDALUCÍA;5.8.-Blanqueo de capitales;2021;86
ANDALUCÍA;5.8.-Blanqueo de capitales;2020;72
ANDALUCÍA;5.8.-Blanqueo de capitales;2019;82
ANDALUCÍA;5.8.-Blanqueo de capitales;2018;82
ANDALUCÍA;5.8.-Blanqueo de capitales;2017;61
ANDALUCÍA;5.8.-Blanqueo de capitales;2016;57
ANDALUCÍA;5.8.-Blanqueo de capitales;2015;71
ANDALUCÍA;5.8.-Blanqueo de capitales;2014;88
ANDALUCÍA;5.8.-Blanqueo de capitales;2013;71
ANDALUCÍA;5.8.-Blanqueo de capitales;2012;53
ANDALUCÍA;5.8.-Blanqueo de capitales;2011;46
ANDALUCÍA;5.8.-Blanqueo de capitales;2010;49
ANDALUCÍA;5.9.-Otros contra el patrimonio;2023;12.380
ANDALUCÍA;5.9.-Otros contra el patrimonio;2022;12.247
ANDALUCÍA;5.9.-Otros contra el patrimonio;2021;10.421
ANDALUCÍA;5.9.-Otros contra el patrimonio;2020;10.016
ANDALUCÍA;5.9.-Otros contra el patrimonio;2019;10.847
ANDALUCÍA;5.9.-Otros contra el patrimonio;2018;10.706
ANDALUCÍA;5.9.-Otros contra el patrimonio;2017;8.478
ANDALUCÍA;5.9.-Otros contra el patrimonio;2016;6.464
ANDALUCÍA;5.9.-Otros contra el patrimonio;2015;7.036
ANDALUCÍA;5.9.-Otros contra el patrimonio;2014;6.844
ANDALUCÍA;5.9.-Otros contra el patrimonio;2013;5.977
ANDALUCÍA;5.9.-Otros contra el patrimonio;2012;4.784
ANDALUCÍA;5.9.-Otros contra el patrimonio;2011;4.010
ANDALUCÍA;5.9.-Otros contra el patrimonio;2010;3.375
ANDALUCÍA;6. SEGURIDAD COLECTIVA;2023;16.357
ANDALUCÍA;6. SEGURIDAD COLECTIVA;2022;16.380
ANDALUCÍA;6. SEGURIDAD COLECTIVA;2021;15.532
ANDALUCÍA;6. SEGURIDAD COLECTIVA;2020;14.182
ANDALUCÍA;6. SEGURIDAD COLECTIVA;2019;15.094
ANDALUCÍA;6. SEGURIDAD COLECTIVA;2018;13.862
ANDALUCÍA;6. SEGURIDAD COLECTIVA;2017;13.039
ANDALUCÍA;6. SEGURIDAD COLECTIVA;2016;12.880
ANDALUCÍA;6. SEGURIDAD COLECTIVA;2015;13.484
ANDALUCÍA;6. SEGURIDAD COLECTIVA;2014;15.092
ANDALUCÍA;6. SEGURIDAD COLECTIVA;2013;16.119
ANDALUCÍA;6. SEGURIDAD COLECTIVA;2012;17.340
ANDALUCÍA;6. SEGURIDAD COLECTIVA;2011;19.296
ANDALUCÍA;6. SEGURIDAD COLECTIVA;2010;16.049
ANDALUCÍA;6.1.-Tráfico de drogas;2023;4.790
ANDALUCÍA;6.1.-Tráfico de drogas;2022;4.616
ANDALUCÍA;6.1.-Tráfico de drogas;2021;4.816
ANDALUCÍA;6.1.-Tráfico de drogas;2020;4.679
ANDALUCÍA;6.1.-Tráfico de drogas;2019;4.366
ANDALUCÍA;6.1.-Tráfico de drogas;2018;3.663
ANDALUCÍA;6.1.-Tráfico de drogas;2017;3.472
ANDALUCÍA;6.1.-Tráfico de drogas;2016;3.143
ANDALUCÍA;6.1.-Tráfico de drogas;2015;3.086
ANDALUCÍA;6.1.-Tráfico de drogas;2014;3.336
ANDALUCÍA;6.1.-Tráfico de drogas;2013;3.274
ANDALUCÍA;6.1.-Tráfico de drogas;2012;3.407
ANDALUCÍA;6.1.-Tráfico de drogas;2011;3.513
ANDALUCÍA;6.1.-Tráfico de drogas;2010;3.019
ANDALUCÍA;6.2.-Contra la seguridad vial;2023;11.043
ANDALUCÍA;6.2.-Contra la seguridad vial;2022;11.052
ANDALUCÍA;6.2.-Contra la seguridad vial;2021;10.181
ANDALUCÍA;6.2.-Contra la seguridad vial;2020;9.039
ANDALUCÍA;6.2.-Contra la seguridad vial;2019;10.270
ANDALUCÍA;6.2.-Contra la seguridad vial;2018;9.767
ANDALUCÍA;6.2.-Contra la seguridad vial;2017;9.122
ANDALUCÍA;6.2.-Contra la seguridad vial;2016;9.318
ANDALUCÍA;6.2.-Contra la seguridad vial;2015;9.997
ANDALUCÍA;6.2.-Contra la seguridad vial;2014;11.335
ANDALUCÍA;6.2.-Contra la seguridad vial;2013;12.422
ANDALUCÍA;6.2.-Contra la seguridad vial;2012;13.440
ANDALUCÍA;6.2.-Contra la seguridad vial;2011;15.360
ANDALUCÍA;6.2.-Contra la seguridad vial;2010;12.409
ANDALUCÍA;6.3.-Otros contra la seguridad colectiva;2023;524
ANDALUCÍA;6.3.-Otros contra la seguridad colectiva;2022;712
ANDALUCÍA;6.3.-Otros contra la seguridad colectiva;2021;535
ANDALUCÍA;6.3.-Otros contra la seguridad colectiva;2020;464
ANDALUCÍA;6.3.-Otros contra la seguridad colectiva;2019;458
ANDALUCÍA;6.3.-Otros contra la seguridad colectiva;2018;432
ANDALUCÍA;6.3.-Otros contra la seguridad colectiva;2017;445
ANDALUCÍA;6.3.-Otros contra la seguridad colectiva;2016;419
ANDALUCÍA;6.3.-Otros contra la seguridad colectiva;2015;401
ANDALUCÍA;6.3.-Otros contra la seguridad colectiva;2014;421
ANDALUCÍA;6.3.-Otros contra la seguridad colectiva;2013;423
ANDALUCÍA;6.3.-Otros contra la seguridad colectiva;2012;493
ANDALUCÍA;6.3.-Otros contra la seguridad colectiva;2011;423
ANDALUCÍA;6.3.-Otros contra la seguridad colectiva;2010;621
ANDALUCÍA;7. FALSEDADES;2023;6.596
ANDALUCÍA;7. FALSEDADES;2022;6.385
ANDALUCÍA;7. FALSEDADES;2021;5.643
ANDALUCÍA;7. FALSEDADES;2020;4.071
ANDALUCÍA;7. FALSEDADES;2019;3.988
ANDALUCÍA;7. FALSEDADES;2018;3.740
ANDALUCÍA;7. FALSEDADES;2017;3.594
ANDALUCÍA;7. FALSEDADES;2016;3.606
ANDALUCÍA;7. FALSEDADES;2015;3.524
ANDALUCÍA;7. FALSEDADES;2014;3.150
ANDALUCÍA;7. FALSEDADES;2013;3.013
ANDALUCÍA;7. FALSEDADES;2012;3.211
ANDALUCÍA;7. FALSEDADES;2011;3.265
ANDALUCÍA;7. FALSEDADES;2010;2.638
ANDALUCÍA;8. ADMÓN. PÚBLICA;2023;99
ANDALUCÍA;8. ADMÓN. PÚBLICA;2022;91
ANDALUCÍA;8. ADMÓN. PÚBLICA;2021;77
ANDALUCÍA;8. ADMÓN. PÚBLICA;2020;68
ANDALUCÍA;8. ADMÓN. PÚBLICA;2019;93
ANDALUCÍA;8. ADMÓN. PÚBLICA;2018;123
ANDALUCÍA;8. ADMÓN. PÚBLICA;2017;120
ANDALUCÍA;8. ADMÓN. PÚBLICA;2016;190
ANDALUCÍA;8. ADMÓN. PÚBLICA;2015;146
ANDALUCÍA;8. ADMÓN. PÚBLICA;2014;215
ANDALUCÍA;8. ADMÓN. PÚBLICA;2013;103
ANDALUCÍA;8. ADMÓN. PÚBLICA;2012;67
ANDALUCÍA;8. ADMÓN. PÚBLICA;2011;70
ANDALUCÍA;8. ADMÓN. PÚBLICA;2010;101
ANDALUCÍA;9. ADMÓN. JUSTICIA;2023;8.688
ANDALUCÍA;9. ADMÓN. JUSTICIA;2022;7.625
ANDALUCÍA;9. ADMÓN. JUSTICIA;2021;6.732
ANDALUCÍA;9. ADMÓN. JUSTICIA;2020;6.662
ANDALUCÍA;9. ADMÓN. JUSTICIA;2019;6.728
ANDALUCÍA;9. ADMÓN. JUSTICIA;2018;6.464
ANDALUCÍA;9. ADMÓN. JUSTICIA;2017;6.196
ANDALUCÍA;9. ADMÓN. JUSTICIA;2016;5.870
ANDALUCÍA;9. ADMÓN. JUSTICIA;2015;6.379
ANDALUCÍA;9. ADMÓN. JUSTICIA;2014;6.650
ANDALUCÍA;9. ADMÓN. JUSTICIA;2013;6.347
ANDALUCÍA;9. ADMÓN. JUSTICIA;2012;6.422
ANDALUCÍA;9. ADMÓN. JUSTICIA;2011;6.537
ANDALUCÍA;9. ADMÓN. JUSTICIA;2010;5.957
ANDALUCÍA;10. ORDEN PÚBLICO;2023;5.455
ANDALUCÍA;10. ORDEN PÚBLICO;2022;5.077
ANDALUCÍA;10. ORDEN PÚBLICO;2021;4.900
ANDALUCÍA;10. ORDEN PÚBLICO;2020;5.807
ANDALUCÍA;10. ORDEN PÚBLICO;2019;4.172
ANDALUCÍA;10. ORDEN PÚBLICO;2018;3.889
ANDALUCÍA;10. ORDEN PÚBLICO;2017;3.573
ANDALUCÍA;10. ORDEN PÚBLICO;2016;3.450
ANDALUCÍA;10. ORDEN PÚBLICO;2015;4.252
ANDALUCÍA;10. ORDEN PÚBLICO;2014;5.224
ANDALUCÍA;10. ORDEN PÚBLICO;2013;5.666
ANDALUCÍA;10. ORDEN PÚBLICO;2012;5.800
ANDALUCÍA;10. ORDEN PÚBLICO;2011;6.492
ANDALUCÍA;10. ORDEN PÚBLICO;2010;6.181
ANDALUCÍA;11. LEGISLACIÓN ESPECIAL;2023;141
ANDALUCÍA;11. LEGISLACIÓN ESPECIAL;2022;215
ANDALUCÍA;11. LEGISLACIÓN ESPECIAL;2021;241
ANDALUCÍA;11. LEGISLACIÓN ESPECIAL;2020;230
ANDALUCÍA;11. LEGISLACIÓN ESPECIAL;2019;191
ANDALUCÍA;11. LEGISLACIÓN ESPECIAL;2018;129
ANDALUCÍA;11. LEGISLACIÓN ESPECIAL;2017;91
ANDALUCÍA;11. LEGISLACIÓN ESPECIAL;2016;86
ANDALUCÍA;11. LEGISLACIÓN ESPECIAL;2015;72
ANDALUCÍA;11. LEGISLACIÓN ESPECIAL;2014;56
ANDALUCÍA;11. LEGISLACIÓN ESPECIAL;2013;76
ANDALUCÍA;11. LEGISLACIÓN ESPECIAL;2012;82
ANDALUCÍA;11. LEGISLACIÓN ESPECIAL;2011;106
ANDALUCÍA;11. LEGISLACIÓN ESPECIAL;2010;78
ANDALUCÍA;12. OTRAS INFRACCIONES PENALES;2023;2.857
ANDALUCÍA;12. OTRAS INFRACCIONES PENALES;2022;2.541
ANDALUCÍA;12. OTRAS INFRACCIONES PENALES;2021;2.767
ANDALUCÍA;12. OTRAS INFRACCIONES PENALES;2020;2.448
ANDALUCÍA;12. OTRAS INFRACCIONES PENALES;2019;2.450
ANDALUCÍA;12. OTRAS INFRACCIONES PENALES;2018;2.271
ANDALUCÍA;12. OTRAS INFRACCIONES PENALES;2017;2.415
ANDALUCÍA;12. OTRAS INFRACCIONES PENALES;2016;2.382
ANDALUCÍA;12. OTRAS INFRACCIONES PENALES;2015;1.943
ANDALUCÍA;12. OTRAS INFRACCIONES PENALES;2014;1.613
ANDALUCÍA;12. OTRAS INFRACCIONES PENALES;2013;1.401
ANDALUCÍA;12. OTRAS INFRACCIONES PENALES;2012;1.376
ANDALUCÍA;12. OTRAS INFRACCIONES PENALES;2011;1.298
ANDALUCÍA;12. OTRAS INFRACCIONES PENALES;2010;1.378
ANDALUCÍA;TOTAL INFRACCIONES PENALES;2023;413.181
ANDALUCÍA;TOTAL INFRACCIONES PENALES;2022;379.133
ANDALUCÍA;TOTAL INFRACCIONES PENALES;2021;314.894
ANDALUCÍA;TOTAL INFRACCIONES PENALES;2020;287.594
ANDALUCÍA;TOTAL INFRACCIONES PENALES;2019;339.321
ANDALUCÍA;TOTAL INFRACCIONES PENALES;2018;334.841
ANDALUCÍA;TOTAL INFRACCIONES PENALES;2017;334.331
ANDALUCÍA;TOTAL INFRACCIONES PENALES;2016;331.836
ANDALUCÍA;TOTAL INFRACCIONES PENALES;2015;337.124
ANDALUCÍA;TOTAL INFRACCIONES PENALES;2014;352.221
ANDALUCÍA;TOTAL INFRACCIONES PENALES;2013;373.846
ANDALUCÍA;TOTAL INFRACCIONES PENALES;2012;394.940
ANDALUCÍA;TOTAL INFRACCIONES PENALES;2011;407.120
ANDALUCÍA;TOTAL INFRACCIONES PENALES;2010;409.396
ARAGÓN;1. CONTRA LAS PERSONAS;2023;6.071
ARAGÓN;1. CONTRA LAS PERSONAS;2022;5.597
ARAGÓN;1. CONTRA LAS PERSONAS;2021;4.530
ARAGÓN;1. CONTRA LAS PERSONAS;2020;4.083
ARAGÓN;1. CONTRA LAS PERSONAS;2019;4.760
ARAGÓN;1. CONTRA LAS PERSONAS;2018;4.474
ARAGÓN;1. CONTRA LAS PERSONAS;2017;4.146
ARAGÓN;1. CONTRA LAS PERSONAS;2016;4.005
ARAGÓN;1. CONTRA LAS PERSONAS;2015;4.735
ARAGÓN;1. CONTRA LAS PERSONAS;2014;5.975
ARAGÓN;1. CONTRA LAS PERSONAS;2013;6.330
ARAGÓN;1. CONTRA LAS PERSONAS;2012;5.987
ARAGÓN;1. CONTRA LAS PERSONAS;2011;6.848
ARAGÓN;1. CONTRA LAS PERSONAS;2010;6.752
ARAGÓN;1.1.-Homicidios dolosos/asesinatos;2023;47
ARAGÓN;1.1.-Homicidios dolosos/asesinatos;2022;37
ARAGÓN;1.1.-Homicidios dolosos/asesinatos;2021;18
ARAGÓN;1.1.-Homicidios dolosos/asesinatos;2020;39
ARAGÓN;1.1.-Homicidios dolosos/asesinatos;2019;15
ARAGÓN;1.1.-Homicidios dolosos/asesinatos;2018;17
ARAGÓN;1.1.-Homicidios dolosos/asesinatos;2017;23
ARAGÓN;1.1.-Homicidios dolosos/asesinatos;2016;25
ARAGÓN;1.1.-Homicidios dolosos/asesinatos;2015;23
ARAGÓN;1.1.-Homicidios dolosos/asesinatos;2014;18
ARAGÓN;1.1.-Homicidios dolosos/asesinatos;2013;14
ARAGÓN;1.1.-Homicidios dolosos/asesinatos;2012;16
ARAGÓN;1.1.-Homicidios dolosos/asesinatos;2011;14
ARAGÓN;1.1.-Homicidios dolosos/asesinatos;2010;23
ARAGÓN;1.1.1.-Homicidios dolosos/asesinatos consumados;2023;9
ARAGÓN;1.1.1.-Homicidios dolosos/asesinatos consumados;2022;10
ARAGÓN;1.1.1.-Homicidios dolosos/asesinatos consumados;2021;5
ARAGÓN;1.1.1.-Homicidios dolosos/asesinatos consumados;2020;4
ARAGÓN;1.1.1.-Homicidios dolosos/asesinatos consumados;2019;6
ARAGÓN;1.1.1.-Homicidios dolosos/asesinatos consumados;2018;9
ARAGÓN;1.1.1.-Homicidios dolosos/asesinatos consumados;2017;8
ARAGÓN;1.1.1.-Homicidios dolosos/asesinatos consumados;2016;8
ARAGÓN;1.1.1.-Homicidios dolosos/asesinatos consumados;2015;9
ARAGÓN;1.1.1.-Homicidios dolosos/asesinatos consumados;2014;5
ARAGÓN;1.1.1.-Homicidios dolosos/asesinatos consumados;2013;7
ARAGÓN;1.1.1.-Homicidios dolosos/asesinatos consumados;2012;6
ARAGÓN;1.1.1.-Homicidios dolosos/asesinatos consumados;2011;6
ARAGÓN;1.1.1.-Homicidios dolosos/asesinatos consumados;2010;10
ARAGÓN;1.2.-Lesiones;2023;2.949
ARAGÓN;1.2.-Lesiones;2022;2.838
ARAGÓN;1.2.-Lesiones;2021;2.235
ARAGÓN;1.2.-Lesiones;2020;1.798
ARAGÓN;1.2.-Lesiones;2019;2.407
ARAGÓN;1.2.-Lesiones;2018;2.249
ARAGÓN;1.2.-Lesiones;2017;2.137
ARAGÓN;1.2.-Lesiones;2016;2.073
ARAGÓN;1.2.-Lesiones;2015;2.016
ARAGÓN;1.2.-Lesiones;2014;2.219
ARAGÓN;1.2.-Lesiones;2013;2.329
ARAGÓN;1.2.-Lesiones;2012;2.294
ARAGÓN;1.2.-Lesiones;2011;2.584
ARAGÓN;1.2.-Lesiones;2010;2.658
ARAGÓN;1.3.-Malos tratos ámbito familiar;2023;2.967
ARAGÓN;1.3.-Malos tratos ámbito familiar;2022;2.627
ARAGÓN;1.3.-Malos tratos ámbito familiar;2021;2.167
ARAGÓN;1.3.-Malos tratos ámbito familiar;2020;2.158
ARAGÓN;1.3.-Malos tratos ámbito familiar;2019;2.246
ARAGÓN;1.3.-Malos tratos ámbito familiar;2018;2.093
ARAGÓN;1.3.-Malos tratos ámbito familiar;2017;1.929
ARAGÓN;1.3.-Malos tratos ámbito familiar;2016;1.864
ARAGÓN;1.3.-Malos tratos ámbito familiar;2015;1.690
ARAGÓN;1.3.-Malos tratos ámbito familiar;2014;1.718
ARAGÓN;1.3.-Malos tratos ámbito familiar;2013;1.719
ARAGÓN;1.3.-Malos tratos ámbito familiar;2012;1.558
ARAGÓN;1.3.-Malos tratos ámbito familiar;2011;1.913
ARAGÓN;1.3.-Malos tratos ámbito familiar;2010;1.513
ARAGÓN;1.4.-Otros contra las personas;2023;108
ARAGÓN;1.4.-Otros contra las personas;2022;95
ARAGÓN;1.4.-Otros contra las personas;2021;110
ARAGÓN;1.4.-Otros contra las personas;2020;88
ARAGÓN;1.4.-Otros contra las personas;2019;92
ARAGÓN;1.4.-Otros contra las personas;2018;115
ARAGÓN;1.4.-Otros contra las personas;2017;57
ARAGÓN;1.4.-Otros contra las personas;2016;43
ARAGÓN;1.4.-Otros contra las personas;2015;1.006
ARAGÓN;1.4.-Otros contra las personas;2014;2.020
ARAGÓN;1.4.-Otros contra las personas;2013;2.268
ARAGÓN;1.4.-Otros contra las personas;2012;2.119
ARAGÓN;1.4.-Otros contra las personas;2011;2.337
ARAGÓN;1.4.-Otros contra las personas;2010;2.558
ARAGÓN;2. CONTRA LA LIBERTAD;2023;3.139
ARAGÓN;2. CONTRA LA LIBERTAD;2022;2.719
ARAGÓN;2. CONTRA LA LIBERTAD;2021;2.785
ARAGÓN;2. CONTRA LA LIBERTAD;2020;2.482
ARAGÓN;2. CONTRA LA LIBERTAD;2019;2.276
ARAGÓN;2. CONTRA LA LIBERTAD;2018;2.233
ARAGÓN;2. CONTRA LA LIBERTAD;2017;2.071
ARAGÓN;2. CONTRA LA LIBERTAD;2016;2.134
ARAGÓN;2. CONTRA LA LIBERTAD;2015;1.384
ARAGÓN;2. CONTRA LA LIBERTAD;2014;909
ARAGÓN;2. CONTRA LA LIBERTAD;2013;909
ARAGÓN;2. CONTRA LA LIBERTAD;2012;914
ARAGÓN;2. CONTRA LA LIBERTAD;2011;1.038
ARAGÓN;2. CONTRA LA LIBERTAD;2010;966
ARAGÓN;2.1.-Malos tratos habituales en el ámbito familiar;2023;301
ARAGÓN;2.1.-Malos tratos habituales en el ámbito familiar;2022;282
ARAGÓN;2.1.-Malos tratos habituales en el ámbito familiar;2021;308
ARAGÓN;2.1.-Malos tratos habituales en el ámbito familiar;2020;300
ARAGÓN;2.1.-Malos tratos habituales en el ámbito familiar;2019;285
ARAGÓN;2.1.-Malos tratos habituales en el ámbito familiar;2018;273
ARAGÓN;2.1.-Malos tratos habituales en el ámbito familiar;2017;249
ARAGÓN;2.1.-Malos tratos habituales en el ámbito familiar;2016;251
ARAGÓN;2.1.-Malos tratos habituales en el ámbito familiar;2015;304
ARAGÓN;2.1.-Malos tratos habituales en el ámbito familiar;2014;363
ARAGÓN;2.1.-Malos tratos habituales en el ámbito familiar;2013;387
ARAGÓN;2.1.-Malos tratos habituales en el ámbito familiar;2012;379
ARAGÓN;2.1.-Malos tratos habituales en el ámbito familiar;2011;463
ARAGÓN;2.1.-Malos tratos habituales en el ámbito familiar;2010;418
ARAGÓN;2.2.-Otros contra la libertad;2023;2.838
ARAGÓN;2.2.-Otros contra la libertad;2022;2.437
ARAGÓN;2.2.-Otros contra la libertad;2021;2.477
ARAGÓN;2.2.-Otros contra la libertad;2020;2.182
ARAGÓN;2.2.-Otros contra la libertad;2019;1.991
ARAGÓN;2.2.-Otros contra la libertad;2018;1.960
ARAGÓN;2.2.-Otros contra la libertad;2017;1.822
ARAGÓN;2.2.-Otros contra la libertad;2016;1.883
ARAGÓN;2.2.-Otros contra la libertad;2015;1.080
ARAGÓN;2.2.-Otros contra la libertad;2014;546
ARAGÓN;2.2.-Otros contra la libertad;2013;522
ARAGÓN;2.2.-Otros contra la libertad;2012;535
ARAGÓN;2.2.-Otros contra la libertad;2011;575
ARAGÓN;2.2.-Otros contra la libertad;2010;548
ARAGÓN;3. LIBERTAD SEXUAL;2023;511
ARAGÓN;3. LIBERTAD SEXUAL;2022;423
ARAGÓN;3. LIBERTAD SEXUAL;2021;443
ARAGÓN;3. LIBERTAD SEXUAL;2020;306
ARAGÓN;3. LIBERTAD SEXUAL;2019;330
ARAGÓN;3. LIBERTAD SEXUAL;2018;346
ARAGÓN;3. LIBERTAD SEXUAL;2017;274
ARAGÓN;3. LIBERTAD SEXUAL;2016;287
ARAGÓN;3. LIBERTAD SEXUAL;2015;251
ARAGÓN;3. LIBERTAD SEXUAL;2014;227
ARAGÓN;3. LIBERTAD SEXUAL;2013;232
ARAGÓN;3. LIBERTAD SEXUAL;2012;215
ARAGÓN;3. LIBERTAD SEXUAL;2011;271
ARAGÓN;3. LIBERTAD SEXUAL;2010;310
ARAGÓN;3.1.-Agresión sexual;2023;330
ARAGÓN;3.1.-Agresión sexual;2022;245
ARAGÓN;3.1.-Agresión sexual;2021;256
ARAGÓN;3.1.-Agresión sexual;2020;165
ARAGÓN;3.1.-Agresión sexual;2019;212
ARAGÓN;3.1.-Agresión sexual;2018;206
ARAGÓN;3.1.-Agresión sexual;2017;159
ARAGÓN;3.1.-Agresión sexual;2016;169
ARAGÓN;3.1.-Agresión sexual;2015;137
ARAGÓN;3.1.-Agresión sexual;2014;118
ARAGÓN;3.1.-Agresión sexual;2013;116
ARAGÓN;3.1.-Agresión sexual;2012;114
ARAGÓN;3.1.-Agresión sexual;2011;142
ARAGÓN;3.1.-Agresión sexual;2010;168
ARAGÓN;3.2.-Agresión sexual con penetración;2023;92
ARAGÓN;3.2.-Agresión sexual con penetración;2022;89
ARAGÓN;3.2.-Agresión sexual con penetración;2021;102
ARAGÓN;3.2.-Agresión sexual con penetración;2020;63
ARAGÓN;3.2.-Agresión sexual con penetración;2019;47
ARAGÓN;3.2.-Agresión sexual con penetración;2018;53
ARAGÓN;3.2.-Agresión sexual con penetración;2017;46
ARAGÓN;3.2.-Agresión sexual con penetración;2016;51
ARAGÓN;3.2.-Agresión sexual con penetración;2015;41
ARAGÓN;3.2.-Agresión sexual con penetración;2014;42
ARAGÓN;3.2.-Agresión sexual con penetración;2013;44
ARAGÓN;3.2.-Agresión sexual con penetración;2012;46
ARAGÓN;3.2.-Agresión sexual con penetración;2011;55
ARAGÓN;3.2.-Agresión sexual con penetración;2010;65
ARAGÓN;3.3.-Corrupción de menores o incapacitados;2023;13
ARAGÓN;3.3.-Corrupción de menores o incapacitados;2022;18
ARAGÓN;3.3.-Corrupción de menores o incapacitados;2021;14
ARAGÓN;3.3.-Corrupción de menores o incapacitados;2020;10
ARAGÓN;3.3.-Corrupción de menores o incapacitados;2019;11
ARAGÓN;3.3.-Corrupción de menores o incapacitados;2018;11
ARAGÓN;3.3.-Corrupción de menores o incapacitados;2017;11
ARAGÓN;3.3.-Corrupción de menores o incapacitados;2016;20
ARAGÓN;3.3.-Corrupción de menores o incapacitados;2015;21
ARAGÓN;3.3.-Corrupción de menores o incapacitados;2014;17
ARAGÓN;3.3.-Corrupción de menores o incapacitados;2013;18
ARAGÓN;3.3.-Corrupción de menores o incapacitados;2012;8
ARAGÓN;3.3.-Corrupción de menores o incapacitados;2011;15
ARAGÓN;3.3.-Corrupción de menores o incapacitados;2010;7
ARAGÓN;3.4.-Pornografía de menores;2023;21
ARAGÓN;3.4.-Pornografía de menores;2022;20
ARAGÓN;3.4.-Pornografía de menores;2021;28
ARAGÓN;3.4.-Pornografía de menores;2020;13
ARAGÓN;3.4.-Pornografía de menores;2019;20
ARAGÓN;3.4.-Pornografía de menores;2018;26
ARAGÓN;3.4.-Pornografía de menores;2017;18
ARAGÓN;3.4.-Pornografía de menores;2016;8
ARAGÓN;3.4.-Pornografía de menores;2015;19
ARAGÓN;3.4.-Pornografía de menores;2014;16
ARAGÓN;3.4.-Pornografía de menores;2013;14
ARAGÓN;3.4.-Pornografía de menores;2012;17
ARAGÓN;3.4.-Pornografía de menores;2011;24
ARAGÓN;3.4.-Pornografía de menores;2010;29
ARAGÓN;3.5.-Otros contra la libertad sexual;2023;55
ARAGÓN;3.5.-Otros contra la libertad sexual;2022;51
ARAGÓN;3.5.-Otros contra la libertad sexual;2021;43
ARAGÓN;3.5.-Otros contra la libertad sexual;2020;55
ARAGÓN;3.5.-Otros contra la libertad sexual;2019;40
ARAGÓN;3.5.-Otros contra la libertad sexual;2018;50
ARAGÓN;3.5.-Otros contra la libertad sexual;2017;40
ARAGÓN;3.5.-Otros contra la libertad sexual;2016;39
ARAGÓN;3.5.-Otros contra la libertad sexual;2015;33
ARAGÓN;3.5.-Otros contra la libertad sexual;2014;34
ARAGÓN;3.5.-Otros contra la libertad sexual;2013;40
ARAGÓN;3.5.-Otros contra la libertad sexual;2012;30
ARAGÓN;3.5.-Otros contra la libertad sexual;2011;35
ARAGÓN;3.5.-Otros contra la libertad sexual;2010;41
ARAGÓN;4. RELACIONES FAMILIARES;2023;179
ARAGÓN;4. RELACIONES FAMILIARES;2022;186
ARAGÓN;4. RELACIONES FAMILIARES;2021;156
ARAGÓN;4. RELACIONES FAMILIARES;2020;151
ARAGÓN;4. RELACIONES FAMILIARES;2019;161
ARAGÓN;4. RELACIONES FAMILIARES;2018;177
ARAGÓN;4. RELACIONES FAMILIARES;2017;161
ARAGÓN;4. RELACIONES FAMILIARES;2016;155
ARAGÓN;4. RELACIONES FAMILIARES;2015;159
ARAGÓN;4. RELACIONES FAMILIARES;2014;210
ARAGÓN;4. RELACIONES FAMILIARES;2013;168
ARAGÓN;4. RELACIONES FAMILIARES;2012;148
ARAGÓN;4. RELACIONES FAMILIARES;2011;139
ARAGÓN;4. RELACIONES FAMILIARES;2010;140
ARAGÓN;5. PATRIMONIO;2023;36.261
ARAGÓN;5. PATRIMONIO;2022;34.667
ARAGÓN;5. PATRIMONIO;2021;30.192
ARAGÓN;5. PATRIMONIO;2020;25.509
ARAGÓN;5. PATRIMONIO;2019;31.651
ARAGÓN;5. PATRIMONIO;2018;29.952
ARAGÓN;5. PATRIMONIO;2017;28.437
ARAGÓN;5. PATRIMONIO;2016;28.874
ARAGÓN;5. PATRIMONIO;2015;29.101
ARAGÓN;5. PATRIMONIO;2014;30.042
ARAGÓN;5. PATRIMONIO;2013;32.032
ARAGÓN;5. PATRIMONIO;2012;35.860
ARAGÓN;5. PATRIMONIO;2011;38.211
ARAGÓN;5. PATRIMONIO;2010;39.806
ARAGÓN;5.1.-Hurtos;2023;10.651
ARAGÓN;5.1.-Hurtos;2022;10.629
ARAGÓN;5.1.-Hurtos;2021;8.925
ARAGÓN;5.1.-Hurtos;2020;6.747
ARAGÓN;5.1.-Hurtos;2019;10.546
ARAGÓN;5.1.-Hurtos;2018;10.710
ARAGÓN;5.1.-Hurtos;2017;11.004
ARAGÓN;5.1.-Hurtos;2016;11.936
ARAGÓN;5.1.-Hurtos;2015;12.155
ARAGÓN;5.1.-Hurtos;2014;12.775
ARAGÓN;5.1.-Hurtos;2013;14.058
ARAGÓN;5.1.-Hurtos;2012;16.318
ARAGÓN;5.1.-Hurtos;2011;17.216
ARAGÓN;5.1.-Hurtos;2010;17.195
ARAGÓN;5.2.-Robos con fuerza en las cosas;2023;5.550
ARAGÓN;5.2.-Robos con fuerza en las cosas;2022;5.193
ARAGÓN;5.2.-Robos con fuerza en las cosas;2021;4.365
ARAGÓN;5.2.-Robos con fuerza en las cosas;2020;3.652
ARAGÓN;5.2.-Robos con fuerza en las cosas;2019;5.471
ARAGÓN;5.2.-Robos con fuerza en las cosas;2018;5.200
ARAGÓN;5.2.-Robos con fuerza en las cosas;2017;5.167
ARAGÓN;5.2.-Robos con fuerza en las cosas;2016;5.615
ARAGÓN;5.2.-Robos con fuerza en las cosas;2015;5.636
ARAGÓN;5.2.-Robos con fuerza en las cosas;2014;5.958
ARAGÓN;5.2.-Robos con fuerza en las cosas;2013;6.993
ARAGÓN;5.2.-Robos con fuerza en las cosas;2012;7.806
ARAGÓN;5.2.-Robos con fuerza en las cosas;2011;8.712
ARAGÓN;5.2.-Robos con fuerza en las cosas;2010;9.835
ARAGÓN;5.2.1.-Robos con fuerza en las cosas en el interior de vehículos;2023;1.044
ARAGÓN;5.2.1.-Robos con fuerza en las cosas en el interior de vehículos;2022;1.026
ARAGÓN;5.2.1.-Robos con fuerza en las cosas en el interior de vehículos;2021;961
ARAGÓN;5.2.1.-Robos con fuerza en las cosas en el interior de vehículos;2020;828
ARAGÓN;5.2.1.-Robos con fuerza en las cosas en el interior de vehículos;2019;1.703
ARAGÓN;5.2.1.-Robos con fuerza en las cosas en el interior de vehículos;2018;1.268
ARAGÓN;5.2.1.-Robos con fuerza en las cosas en el interior de vehículos;2017;1.306
ARAGÓN;5.2.1.-Robos con fuerza en las cosas en el interior de vehículos;2016;1.371
ARAGÓN;5.2.1.-Robos con fuerza en las cosas en el interior de vehículos;2015;1.348
ARAGÓN;5.2.1.-Robos con fuerza en las cosas en el interior de vehículos;2014;1.255
ARAGÓN;5.2.1.-Robos con fuerza en las cosas en el interior de vehículos;2013;1.374
ARAGÓN;5.2.1.-Robos con fuerza en las cosas en el interior de vehículos;2012;1.857
ARAGÓN;5.2.1.-Robos con fuerza en las cosas en el interior de vehículos;2011;2.546
ARAGÓN;5.2.1.-Robos con fuerza en las cosas en el interior de vehículos;2010;2.003
ARAGÓN;5.2.2.-Robos con fuerza en viviendas;2023;1.955
ARAGÓN;5.2.2.-Robos con fuerza en viviendas;2022;1.493
ARAGÓN;5.2.2.-Robos con fuerza en viviendas;2021;1.346
ARAGÓN;5.2.2.-Robos con fuerza en viviendas;2020;1.139
ARAGÓN;5.2.2.-Robos con fuerza en viviendas;2019;1.568
ARAGÓN;5.2.2.-Robos con fuerza en viviendas;2018;1.751
ARAGÓN;5.2.2.-Robos con fuerza en viviendas;2017;1.787
ARAGÓN;5.2.2.-Robos con fuerza en viviendas;2016;1.898
ARAGÓN;5.2.2.-Robos con fuerza en viviendas;2015;1.883
ARAGÓN;5.2.2.-Robos con fuerza en viviendas;2014;1.894
ARAGÓN;5.2.2.-Robos con fuerza en viviendas;2013;2.179
ARAGÓN;5.2.2.-Robos con fuerza en viviendas;2012;2.229
ARAGÓN;5.2.2.-Robos con fuerza en viviendas;2011;1.618
ARAGÓN;5.2.2.-Robos con fuerza en viviendas;2010;2.184
ARAGÓN;5.2.3.-Robos con fuerza en establecimientos;2023;747
ARAGÓN;5.2.3.-Robos con fuerza en establecimientos;2022;881
ARAGÓN;5.2.3.-Robos con fuerza en establecimientos;2021;658
ARAGÓN;5.2.3.-Robos con fuerza en establecimientos;2020;725
ARAGÓN;5.2.3.-Robos con fuerza en establecimientos;2019;737
ARAGÓN;5.2.3.-Robos con fuerza en establecimientos;2018;709
ARAGÓN;5.2.3.-Robos con fuerza en establecimientos;2017;743
ARAGÓN;5.2.3.-Robos con fuerza en establecimientos;2016;713
ARAGÓN;5.2.3.-Robos con fuerza en establecimientos;2015;690
ARAGÓN;5.2.3.-Robos con fuerza en establecimientos;2014;791
ARAGÓN;5.2.3.-Robos con fuerza en establecimientos;2013;1.033
ARAGÓN;5.2.3.-Robos con fuerza en establecimientos;2012;1.305
ARAGÓN;5.2.3.-Robos con fuerza en establecimientos;2011;1.040
ARAGÓN;5.2.3.-Robos con fuerza en establecimientos;2010;1.686
ARAGÓN;5.3.-Robos con violencia o intimidación;2023;1.076
ARAGÓN;5.3.-Robos con violencia o intimidación;2022;1.195
ARAGÓN;5.3.-Robos con violencia o intimidación;2021;960
ARAGÓN;5.3.-Robos con violencia o intimidación;2020;769
ARAGÓN;5.3.-Robos con violencia o intimidación;2019;1.033
ARAGÓN;5.3.-Robos con violencia o intimidación;2018;919
ARAGÓN;5.3.-Robos con violencia o intimidación;2017;798
ARAGÓN;5.3.-Robos con violencia o intimidación;2016;910
ARAGÓN;5.3.-Robos con violencia o intimidación;2015;820
ARAGÓN;5.3.-Robos con violencia o intimidación;2014;915
ARAGÓN;5.3.-Robos con violencia o intimidación;2013;1.240
ARAGÓN;5.3.-Robos con violencia o intimidación;2012;1.460
ARAGÓN;5.3.-Robos con violencia o intimidación;2011;1.566
ARAGÓN;5.3.-Robos con violencia o intimidación;2010;1.620
ARAGÓN;5.3.1.-Robos con violencia en vía pública;2023;702
ARAGÓN;5.3.1.-Robos con violencia en vía pública;2022;843
ARAGÓN;5.3.1.-Robos con violencia en vía pública;2021;644
ARAGÓN;5.3.1.-Robos con violencia en vía pública;2020;541
ARAGÓN;5.3.1.-Robos con violencia en vía pública;2019;730
ARAGÓN;5.3.1.-Robos con violencia en vía pública;2018;630
ARAGÓN;5.3.1.-Robos con violencia en vía pública;2017;518
ARAGÓN;5.3.1.-Robos con violencia en vía pública;2016;613
ARAGÓN;5.3.1.-Robos con violencia en vía pública;2015;530
ARAGÓN;5.3.1.-Robos con violencia en vía pública;2014;589
ARAGÓN;5.3.1.-Robos con violencia en vía pública;2013;790
ARAGÓN;5.3.1.-Robos con violencia en vía pública;2012;965
ARAGÓN;5.3.1.-Robos con violencia en vía pública;2011;981
ARAGÓN;5.3.1.-Robos con violencia en vía pública;2010;1.102
ARAGÓN;5.3.2.-Robos con violencia en viviendas;2023;65
ARAGÓN;5.3.2.-Robos con violencia en viviendas;2022;55
ARAGÓN;5.3.2.-Robos con violencia en viviendas;2021;50
ARAGÓN;5.3.2.-Robos con violencia en viviendas;2020;36
ARAGÓN;5.3.2.-Robos con violencia en viviendas;2019;40
ARAGÓN;5.3.2.-Robos con violencia en viviendas;2018;48
ARAGÓN;5.3.2.-Robos con violencia en viviendas;2017;54
ARAGÓN;5.3.2.-Robos con violencia en viviendas;2016;65
ARAGÓN;5.3.2.-Robos con violencia en viviendas;2015;63
ARAGÓN;5.3.2.-Robos con violencia en viviendas;2014;86
ARAGÓN;5.3.2.-Robos con violencia en viviendas;2013;86
ARAGÓN;5.3.2.-Robos con violencia en viviendas;2012;122
ARAGÓN;5.3.2.-Robos con violencia en viviendas;2011;112
ARAGÓN;5.3.2.-Robos con violencia en viviendas;2010;102
ARAGÓN;5.3.3.-Robos con violencia en establecimientos;2023;203
ARAGÓN;5.3.3.-Robos con violencia en establecimientos;2022;197
ARAGÓN;5.3.3.-Robos con violencia en establecimientos;2021;173
ARAGÓN;5.3.3.-Robos con violencia en establecimientos;2020;125
ARAGÓN;5.3.3.-Robos con violencia en establecimientos;2019;193
ARAGÓN;5.3.3.-Robos con violencia en establecimientos;2018;149
ARAGÓN;5.3.3.-Robos con violencia en establecimientos;2017;148
ARAGÓN;5.3.3.-Robos con violencia en establecimientos;2016;128
ARAGÓN;5.3.3.-Robos con violencia en establecimientos;2015;142
ARAGÓN;5.3.3.-Robos con violencia en establecimientos;2014;147
ARAGÓN;5.3.3.-Robos con violencia en establecimientos;2013;217
ARAGÓN;5.3.3.-Robos con violencia en establecimientos;2012;223
ARAGÓN;5.3.3.-Robos con violencia en establecimientos;2011;255
ARAGÓN;5.3.3.-Robos con violencia en establecimientos;2010;256
ARAGÓN;5.4.-Sustracción de vehículos;2023;318
ARAGÓN;5.4.-Sustracción de vehículos;2022;279
ARAGÓN;5.4.-Sustracción de vehículos;2021;252
ARAGÓN;5.4.-Sustracción de vehículos;2020;190
ARAGÓN;5.4.-Sustracción de vehículos;2019;242
ARAGÓN;5.4.-Sustracción de vehículos;2018;279
ARAGÓN;5.4.-Sustracción de vehículos;2017;392
ARAGÓN;5.4.-Sustracción de vehículos;2016;388
ARAGÓN;5.4.-Sustracción de vehículos;2015;373
ARAGÓN;5.4.-Sustracción de vehículos;2014;406
ARAGÓN;5.4.-Sustracción de vehículos;2013;504
ARAGÓN;5.4.-Sustracción de vehículos;2012;573
ARAGÓN;5.4.-Sustracción de vehículos;2011;811
ARAGÓN;5.4.-Sustracción de vehículos;2010;1.017
ARAGÓN;5.5.-Estafas;2023;12.353
ARAGÓN;5.5.-Estafas;2022;10.951
ARAGÓN;5.5.-Estafas;2021;9.175
ARAGÓN;5.5.-Estafas;2020;8.762
ARAGÓN;5.5.-Estafas;2019;7.976
ARAGÓN;5.5.-Estafas;2018;6.751
ARAGÓN;5.5.-Estafas;2017;4.805
ARAGÓN;5.5.-Estafas;2016;3.813
ARAGÓN;5.5.-Estafas;2015;3.685
ARAGÓN;5.5.-Estafas;2014;3.174
ARAGÓN;5.5.-Estafas;2013;2.397
ARAGÓN;5.5.-Estafas;2012;2.559
ARAGÓN;5.5.-Estafas;2011;2.222
ARAGÓN;5.5.-Estafas;2010;1.862
ARAGÓN;5.5.1.-Estafas informáticas;2023;10.891
ARAGÓN;5.5.1.-Estafas informáticas;2022;8.732
ARAGÓN;5.5.1.-Estafas informáticas;2021;7.310
ARAGÓN;5.5.1.-Estafas informáticas;2020;6.970
ARAGÓN;5.5.1.-Estafas informáticas;2019;4.536
ARAGÓN;5.5.1.-Estafas informáticas;2018;3.131
ARAGÓN;5.5.1.-Estafas informáticas;2017;1.860
ARAGÓN;5.5.1.-Estafas informáticas;2016;1.437
ARAGÓN;5.5.1.-Estafas informáticas;2015;1.470
ARAGÓN;5.5.1.-Estafas informáticas;2014;1.426
ARAGÓN;5.5.1.-Estafas informáticas;2013;927
ARAGÓN;5.5.1.-Estafas informáticas;2012;984
ARAGÓN;5.5.1.-Estafas informáticas;2011;631
ARAGÓN;5.5.1.-Estafas informáticas;2010;536
ARAGÓN;5.6.-Daños;2023;5.095
ARAGÓN;5.6.-Daños;2022;5.208
ARAGÓN;5.6.-Daños;2021;5.347
ARAGÓN;5.6.-Daños;2020;4.414
ARAGÓN;5.6.-Daños;2019;5.122
ARAGÓN;5.6.-Daños;2018;4.804
ARAGÓN;5.6.-Daños;2017;5.165
ARAGÓN;5.6.-Daños;2016;5.222
ARAGÓN;5.6.-Daños;2015;5.355
ARAGÓN;5.6.-Daños;2014;5.754
ARAGÓN;5.6.-Daños;2013;5.993
ARAGÓN;5.6.-Daños;2012;6.545
ARAGÓN;5.6.-Daños;2011;7.121
ARAGÓN;5.6.-Daños;2010;7.686
ARAGÓN;5.7.-Contra la propiedad intelectual/industrial;2023;23
ARAGÓN;5.7.-Contra la propiedad intelectual/industrial;2022;20
ARAGÓN;5.7.-Contra la propiedad intelectual/industrial;2021;29
ARAGÓN;5.7.-Contra la propiedad intelectual/industrial;2020;20
ARAGÓN;5.7.-Contra la propiedad intelectual/industrial;2019;34
ARAGÓN;5.7.-Contra la propiedad intelectual/industrial;2018;19
ARAGÓN;5.7.-Contra la propiedad intelectual/industrial;2017;21
ARAGÓN;5.7.-Contra la propiedad intelectual/industrial;2016;28
ARAGÓN;5.7.-Contra la propiedad intelectual/industrial;2015;47
ARAGÓN;5.7.-Contra la propiedad intelectual/industrial;2014;62
ARAGÓN;5.7.-Contra la propiedad intelectual/industrial;2013;67
ARAGÓN;5.7.-Contra la propiedad intelectual/industrial;2012;52
ARAGÓN;5.7.-Contra la propiedad intelectual/industrial;2011;64
ARAGÓN;5.7.-Contra la propiedad intelectual/industrial;2010;101
ARAGÓN;5.8.-Blanqueo de capitales;2023;4
ARAGÓN;5.8.-Blanqueo de capitales;2022;10
ARAGÓN;5.8.-Blanqueo de capitales;2021;6
ARAGÓN;5.8.-Blanqueo de capitales;2020;12
ARAGÓN;5.8.-Blanqueo de capitales;2019;3
ARAGÓN;5.8.-Blanqueo de capitales;2018;2
ARAGÓN;5.8.-Blanqueo de capitales;2017;3
ARAGÓN;5.8.-Blanqueo de capitales;2016;8
ARAGÓN;5.8.-Blanqueo de capitales;2015;5
ARAGÓN;5.8.-Blanqueo de capitales;2014;4
ARAGÓN;5.8.-Blanqueo de capitales;2013;7
ARAGÓN;5.8.-Blanqueo de capitales;2012;5
ARAGÓN;5.8.-Blanqueo de capitales;2011;6
ARAGÓN;5.8.-Blanqueo de capitales;2010;3
ARAGÓN;5.9.-Otros contra el patrimonio;2023;1.191
ARAGÓN;5.9.-Otros contra el patrimonio;2022;1.182
ARAGÓN;5.9.-Otros contra el patrimonio;2021;1.133
ARAGÓN;5.9.-Otros contra el patrimonio;2020;943
ARAGÓN;5.9.-Otros contra el patrimonio;2019;1.224
ARAGÓN;5.9.-Otros contra el patrimonio;2018;1.268
ARAGÓN;5.9.-Otros contra el patrimonio;2017;1.082
ARAGÓN;5.9.-Otros contra el patrimonio;2016;954
ARAGÓN;5.9.-Otros contra el patrimonio;2015;1.025
ARAGÓN;5.9.-Otros contra el patrimonio;2014;994
ARAGÓN;5.9.-Otros contra el patrimonio;2013;773
ARAGÓN;5.9.-Otros contra el patrimonio;2012;542
ARAGÓN;5.9.-Otros contra el patrimonio;2011;493
ARAGÓN;5.9.-Otros contra el patrimonio;2010;487
ARAGÓN;6. SEGURIDAD COLECTIVA;2023;1.651
ARAGÓN;6. SEGURIDAD COLECTIVA;2022;1.673
ARAGÓN;6. SEGURIDAD COLECTIVA;2021;1.401
ARAGÓN;6. SEGURIDAD COLECTIVA;2020;1.138
ARAGÓN;6. SEGURIDAD COLECTIVA;2019;1.360
ARAGÓN;6. SEGURIDAD COLECTIVA;2018;1.244
ARAGÓN;6. SEGURIDAD COLECTIVA;2017;1.093
ARAGÓN;6. SEGURIDAD COLECTIVA;2016;1.043
ARAGÓN;6. SEGURIDAD COLECTIVA;2015;1.054
ARAGÓN;6. SEGURIDAD COLECTIVA;2014;1.212
ARAGÓN;6. SEGURIDAD COLECTIVA;2013;1.225
ARAGÓN;6. SEGURIDAD COLECTIVA;2012;1.411
ARAGÓN;6. SEGURIDAD COLECTIVA;2011;1.640
ARAGÓN;6. SEGURIDAD COLECTIVA;2010;1.380
ARAGÓN;6.1.-Tráfico de drogas;2023;552
ARAGÓN;6.1.-Tráfico de drogas;2022;420
ARAGÓN;6.1.-Tráfico de drogas;2021;407
ARAGÓN;6.1.-Tráfico de drogas;2020;323
ARAGÓN;6.1.-Tráfico de drogas;2019;351
ARAGÓN;6.1.-Tráfico de drogas;2018;336
ARAGÓN;6.1.-Tráfico de drogas;2017;270
ARAGÓN;6.1.-Tráfico de drogas;2016;252
ARAGÓN;6.1.-Tráfico de drogas;2015;285
ARAGÓN;6.1.-Tráfico de drogas;2014;313
ARAGÓN;6.1.-Tráfico de drogas;2013;343
ARAGÓN;6.1.-Tráfico de drogas;2012;262
ARAGÓN;6.1.-Tráfico de drogas;2011;318
ARAGÓN;6.1.-Tráfico de drogas;2010;311
ARAGÓN;6.2.-Contra la seguridad vial;2023;1.049
ARAGÓN;6.2.-Contra la seguridad vial;2022;1.209
ARAGÓN;6.2.-Contra la seguridad vial;2021;966
ARAGÓN;6.2.-Contra la seguridad vial;2020;787
ARAGÓN;6.2.-Contra la seguridad vial;2019;972
ARAGÓN;6.2.-Contra la seguridad vial;2018;857
ARAGÓN;6.2.-Contra la seguridad vial;2017;763
ARAGÓN;6.2.-Contra la seguridad vial;2016;719
ARAGÓN;6.2.-Contra la seguridad vial;2015;693
ARAGÓN;6.2.-Contra la seguridad vial;2014;768
ARAGÓN;6.2.-Contra la seguridad vial;2013;803
ARAGÓN;6.2.-Contra la seguridad vial;2012;993
ARAGÓN;6.2.-Contra la seguridad vial;2011;1.159
ARAGÓN;6.2.-Contra la seguridad vial;2010;907
ARAGÓN;6.3.-Otros contra la seguridad colectiva;2023;50
ARAGÓN;6.3.-Otros contra la seguridad colectiva;2022;44
ARAGÓN;6.3.-Otros contra la seguridad colectiva;2021;28
ARAGÓN;6.3.-Otros contra la seguridad colectiva;2020;28
ARAGÓN;6.3.-Otros contra la seguridad colectiva;2019;37
ARAGÓN;6.3.-Otros contra la seguridad colectiva;2018;51
ARAGÓN;6.3.-Otros contra la seguridad colectiva;2017;60
ARAGÓN;6.3.-Otros contra la seguridad colectiva;2016;72
ARAGÓN;6.3.-Otros contra la seguridad colectiva;2015;76
ARAGÓN;6.3.-Otros contra la seguridad colectiva;2014;131
ARAGÓN;6.3.-Otros contra la seguridad colectiva;2013;79
ARAGÓN;6.3.-Otros contra la seguridad colectiva;2012;156
ARAGÓN;6.3.-Otros contra la seguridad colectiva;2011;163
ARAGÓN;6.3.-Otros contra la seguridad colectiva;2010;162
ARAGÓN;7. FALSEDADES;2023;743
ARAGÓN;7. FALSEDADES;2022;631
ARAGÓN;7. FALSEDADES;2021;673
ARAGÓN;7. FALSEDADES;2020;590
ARAGÓN;7. FALSEDADES;2019;446
ARAGÓN;7. FALSEDADES;2018;433
ARAGÓN;7. FALSEDADES;2017;357
ARAGÓN;7. FALSEDADES;2016;330
ARAGÓN;7. FALSEDADES;2015;303
ARAGÓN;7. FALSEDADES;2014;306
ARAGÓN;7. FALSEDADES;2013;339
ARAGÓN;7. FALSEDADES;2012;329
ARAGÓN;7. FALSEDADES;2011;401
ARAGÓN;7. FALSEDADES;2010;331
ARAGÓN;8. ADMÓN. PÚBLICA;2023;11
ARAGÓN;8. ADMÓN. PÚBLICA;2022;12
ARAGÓN;8. ADMÓN. PÚBLICA;2021;7
ARAGÓN;8. ADMÓN. PÚBLICA;2020;14
ARAGÓN;8. ADMÓN. PÚBLICA;2019;3
ARAGÓN;8. ADMÓN. PÚBLICA;2018;9
ARAGÓN;8. ADMÓN. PÚBLICA;2017;6
ARAGÓN;8. ADMÓN. PÚBLICA;2016;9
ARAGÓN;8. ADMÓN. PÚBLICA;2015;10
ARAGÓN;8. ADMÓN. PÚBLICA;2014;9
ARAGÓN;8. ADMÓN. PÚBLICA;2013;20
ARAGÓN;8. ADMÓN. PÚBLICA;2012;6
ARAGÓN;8. ADMÓN. PÚBLICA;2011;17
ARAGÓN;8. ADMÓN. PÚBLICA;2010;11
ARAGÓN;9. ADMÓN. JUSTICIA;2023;1.056
ARAGÓN;9. ADMÓN. JUSTICIA;2022;860
ARAGÓN;9. ADMÓN. JUSTICIA;2021;696
ARAGÓN;9. ADMÓN. JUSTICIA;2020;686
ARAGÓN;9. ADMÓN. JUSTICIA;2019;799
ARAGÓN;9. ADMÓN. JUSTICIA;2018;710
ARAGÓN;9. ADMÓN. JUSTICIA;2017;612
ARAGÓN;9. ADMÓN. JUSTICIA;2016;594
ARAGÓN;9. ADMÓN. JUSTICIA;2015;674
ARAGÓN;9. ADMÓN. JUSTICIA;2014;808
ARAGÓN;9. ADMÓN. JUSTICIA;2013;616
ARAGÓN;9. ADMÓN. JUSTICIA;2012;618
ARAGÓN;9. ADMÓN. JUSTICIA;2011;627
ARAGÓN;9. ADMÓN. JUSTICIA;2010;593
ARAGÓN;10. ORDEN PÚBLICO;2023;967
ARAGÓN;10. ORDEN PÚBLICO;2022;882
ARAGÓN;10. ORDEN PÚBLICO;2021;665
ARAGÓN;10. ORDEN PÚBLICO;2020;807
ARAGÓN;10. ORDEN PÚBLICO;2019;570
ARAGÓN;10. ORDEN PÚBLICO;2018;526
ARAGÓN;10. ORDEN PÚBLICO;2017;473
ARAGÓN;10. ORDEN PÚBLICO;2016;438
ARAGÓN;10. ORDEN PÚBLICO;2015;494
ARAGÓN;10. ORDEN PÚBLICO;2014;636
ARAGÓN;10. ORDEN PÚBLICO;2013;733
ARAGÓN;10. ORDEN PÚBLICO;2012;759
ARAGÓN;10. ORDEN PÚBLICO;2011;868
ARAGÓN;10. ORDEN PÚBLICO;2010;772
ARAGÓN;11. LEGISLACIÓN ESPECIAL;2023;5
ARAGÓN;11. LEGISLACIÓN ESPECIAL;2022;3
ARAGÓN;11. LEGISLACIÓN ESPECIAL;2021;0
ARAGÓN;11. LEGISLACIÓN ESPECIAL;2020;1
ARAGÓN;11. LEGISLACIÓN ESPECIAL;2019;2
ARAGÓN;11. LEGISLACIÓN ESPECIAL;2018;2
ARAGÓN;11. LEGISLACIÓN ESPECIAL;2017;1
ARAGÓN;11. LEGISLACIÓN ESPECIAL;2016;1
ARAGÓN;11. LEGISLACIÓN ESPECIAL;2015;2
ARAGÓN;11. LEGISLACIÓN ESPECIAL;2014;4
ARAGÓN;11. LEGISLACIÓN ESPECIAL;2013;3
ARAGÓN;11. LEGISLACIÓN ESPECIAL;2012;3
ARAGÓN;11. LEGISLACIÓN ESPECIAL;2011;6
ARAGÓN;11. LEGISLACIÓN ESPECIAL;2010;3
ARAGÓN;12. OTRAS INFRACCIONES PENALES;2023;271
ARAGÓN;12. OTRAS INFRACCIONES PENALES;2022;236
ARAGÓN;12. OTRAS INFRACCIONES PENALES;2021;248
ARAGÓN;12. OTRAS INFRACCIONES PENALES;2020;257
ARAGÓN;12. OTRAS INFRACCIONES PENALES;2019;225
ARAGÓN;12. OTRAS INFRACCIONES PENALES;2018;261
ARAGÓN;12. OTRAS INFRACCIONES PENALES;2017;247
ARAGÓN;12. OTRAS INFRACCIONES PENALES;2016;276
ARAGÓN;12. OTRAS INFRACCIONES PENALES;2015;217
ARAGÓN;12. OTRAS INFRACCIONES PENALES;2014;122
ARAGÓN;12. OTRAS INFRACCIONES PENALES;2013;128
ARAGÓN;12. OTRAS INFRACCIONES PENALES;2012;151
ARAGÓN;12. OTRAS INFRACCIONES PENALES;2011;144
ARAGÓN;12. OTRAS INFRACCIONES PENALES;2010;150
ARAGÓN;TOTAL INFRACCIONES PENALES;2023;50.865
ARAGÓN;TOTAL INFRACCIONES PENALES;2022;47.889
ARAGÓN;TOTAL INFRACCIONES PENALES;2021;41.796
ARAGÓN;TOTAL INFRACCIONES PENALES;2020;36.024
ARAGÓN;TOTAL INFRACCIONES PENALES;2019;42.583
ARAGÓN;TOTAL INFRACCIONES PENALES;2018;40.367
ARAGÓN;TOTAL INFRACCIONES PENALES;2017;37.878
ARAGÓN;TOTAL INFRACCIONES PENALES;2016;38.146
ARAGÓN;TOTAL INFRACCIONES PENALES;2015;38.384
ARAGÓN;TOTAL INFRACCIONES PENALES;2014;40.460
ARAGÓN;TOTAL INFRACCIONES PENALES;2013;42.735
ARAGÓN;TOTAL INFRACCIONES PENALES;2012;46.401
ARAGÓN;TOTAL INFRACCIONES PENALES;2011;50.210
ARAGÓN;TOTAL INFRACCIONES PENALES;2010;51.214
ASTURIAS (PRINCIPADO DE);1. CONTRA LAS PERSONAS;2023;4.185
ASTURIAS (PRINCIPADO DE);1. CONTRA LAS PERSONAS;2022;3.895
ASTURIAS (PRINCIPADO DE);1. CONTRA LAS PERSONAS;2021;3.208
ASTURIAS (PRINCIPADO DE);1. CONTRA LAS PERSONAS;2020;3.038
ASTURIAS (PRINCIPADO DE);1. CONTRA LAS PERSONAS;2019;3.368
ASTURIAS (PRINCIPADO DE);1. CONTRA LAS PERSONAS;2018;3.159
ASTURIAS (PRINCIPADO DE);1. CONTRA LAS PERSONAS;2017;3.160
ASTURIAS (PRINCIPADO DE);1. CONTRA LAS PERSONAS;2016;3.239
ASTURIAS (PRINCIPADO DE);1. CONTRA LAS PERSONAS;2015;4.238
ASTURIAS (PRINCIPADO DE);1. CONTRA LAS PERSONAS;2014;5.429
ASTURIAS (PRINCIPADO DE);1. CONTRA LAS PERSONAS;2013;5.617
ASTURIAS (PRINCIPADO DE);1. CONTRA LAS PERSONAS;2012;5.677
ASTURIAS (PRINCIPADO DE);1. CONTRA LAS PERSONAS;2011;6.256
ASTURIAS (PRINCIPADO DE);1. CONTRA LAS PERSONAS;2010;6.171
ASTURIAS (PRINCIPADO DE);1.1.-Homicidios dolosos/asesinatos;2023;21
ASTURIAS (PRINCIPADO DE);1.1.-Homicidios dolosos/asesinatos;2022;22
ASTURIAS (PRINCIPADO DE);1.1.-Homicidios dolosos/asesinatos;2021;9
ASTURIAS (PRINCIPADO DE);1.1.-Homicidios dolosos/asesinatos;2020;14
ASTURIAS (PRINCIPADO DE);1.1.-Homicidios dolosos/asesinatos;2019;18
ASTURIAS (PRINCIPADO DE);1.1.-Homicidios dolosos/asesinatos;2018;18
ASTURIAS (PRINCIPADO DE);1.1.-Homicidios dolosos/asesinatos;2017;16
ASTURIAS (PRINCIPADO DE);1.1.-Homicidios dolosos/asesinatos;2016;22
ASTURIAS (PRINCIPADO DE);1.1.-Homicidios dolosos/asesinatos;2015;18
ASTURIAS (PRINCIPADO DE);1.1.-Homicidios dolosos/asesinatos;2014;27
ASTURIAS (PRINCIPADO DE);1.1.-Homicidios dolosos/asesinatos;2013;17
ASTURIAS (PRINCIPADO DE);1.1.-Homicidios dolosos/asesinatos;2012;15
ASTURIAS (PRINCIPADO DE);1.1.-Homicidios dolosos/asesinatos;2011;22
ASTURIAS (PRINCIPADO DE);1.1.-Homicidios dolosos/asesinatos;2010;37
ASTURIAS (PRINCIPADO DE);1.1.1.-Homicidios dolosos/asesinatos consumados;2023;6
ASTURIAS (PRINCIPADO DE);1.1.1.-Homicidios dolosos/asesinatos consumados;2022;6
ASTURIAS (PRINCIPADO DE);1.1.1.-Homicidios dolosos/asesinatos consumados;2021;1
ASTURIAS (PRINCIPADO DE);1.1.1.-Homicidios dolosos/asesinatos consumados;2020;5
ASTURIAS (PRINCIPADO DE);1.1.1.-Homicidios dolosos/asesinatos consumados;2019;7
ASTURIAS (PRINCIPADO DE);1.1.1.-Homicidios dolosos/asesinatos consumados;2018;7
ASTURIAS (PRINCIPADO DE);1.1.1.-Homicidios dolosos/asesinatos consumados;2017;5
ASTURIAS (PRINCIPADO DE);1.1.1.-Homicidios dolosos/asesinatos consumados;2016;6
ASTURIAS (PRINCIPADO DE);1.1.1.-Homicidios dolosos/asesinatos consumados;2015;4
ASTURIAS (PRINCIPADO DE);1.1.1.-Homicidios dolosos/asesinatos consumados;2014;7
ASTURIAS (PRINCIPADO DE);1.1.1.-Homicidios dolosos/asesinatos consumados;2013;8
ASTURIAS (PRINCIPADO DE);1.1.1.-Homicidios dolosos/asesinatos consumados;2012;6
ASTURIAS (PRINCIPADO DE);1.1.1.-Homicidios dolosos/asesinatos consumados;2011;9
ASTURIAS (PRINCIPADO DE);1.1.1.-Homicidios dolosos/asesinatos consumados;2010;19
ASTURIAS (PRINCIPADO DE);1.2.-Lesiones;2023;2.235
ASTURIAS (PRINCIPADO DE);1.2.-Lesiones;2022;2.213
ASTURIAS (PRINCIPADO DE);1.2.-Lesiones;2021;1.743
ASTURIAS (PRINCIPADO DE);1.2.-Lesiones;2020;1.589
ASTURIAS (PRINCIPADO DE);1.2.-Lesiones;2019;1.947
ASTURIAS (PRINCIPADO DE);1.2.-Lesiones;2018;1.844
ASTURIAS (PRINCIPADO DE);1.2.-Lesiones;2017;1.906
ASTURIAS (PRINCIPADO DE);1.2.-Lesiones;2016;1.989
ASTURIAS (PRINCIPADO DE);1.2.-Lesiones;2015;1.935
ASTURIAS (PRINCIPADO DE);1.2.-Lesiones;2014;1.951
ASTURIAS (PRINCIPADO DE);1.2.-Lesiones;2013;2.102
ASTURIAS (PRINCIPADO DE);1.2.-Lesiones;2012;2.200
ASTURIAS (PRINCIPADO DE);1.2.-Lesiones;2011;2.416
ASTURIAS (PRINCIPADO DE);1.2.-Lesiones;2010;2.315
ASTURIAS (PRINCIPADO DE);1.3.-Malos tratos ámbito familiar;2023;1.861
ASTURIAS (PRINCIPADO DE);1.3.-Malos tratos ámbito familiar;2022;1.593
ASTURIAS (PRINCIPADO DE);1.3.-Malos tratos ámbito familiar;2021;1.393
ASTURIAS (PRINCIPADO DE);1.3.-Malos tratos ámbito familiar;2020;1.381
ASTURIAS (PRINCIPADO DE);1.3.-Malos tratos ámbito familiar;2019;1.344
ASTURIAS (PRINCIPADO DE);1.3.-Malos tratos ámbito familiar;2018;1.246
ASTURIAS (PRINCIPADO DE);1.3.-Malos tratos ámbito familiar;2017;1.189
ASTURIAS (PRINCIPADO DE);1.3.-Malos tratos ámbito familiar;2016;1.179
ASTURIAS (PRINCIPADO DE);1.3.-Malos tratos ámbito familiar;2015;1.175
ASTURIAS (PRINCIPADO DE);1.3.-Malos tratos ámbito familiar;2014;1.213
ASTURIAS (PRINCIPADO DE);1.3.-Malos tratos ámbito familiar;2013;1.215
ASTURIAS (PRINCIPADO DE);1.3.-Malos tratos ámbito familiar;2012;1.280
ASTURIAS (PRINCIPADO DE);1.3.-Malos tratos ámbito familiar;2011;1.469
ASTURIAS (PRINCIPADO DE);1.3.-Malos tratos ámbito familiar;2010;1.342
ASTURIAS (PRINCIPADO DE);1.4.-Otros contra las personas;2023;68
ASTURIAS (PRINCIPADO DE);1.4.-Otros contra las personas;2022;67
ASTURIAS (PRINCIPADO DE);1.4.-Otros contra las personas;2021;63
ASTURIAS (PRINCIPADO DE);1.4.-Otros contra las personas;2020;54
ASTURIAS (PRINCIPADO DE);1.4.-Otros contra las personas;2019;59
ASTURIAS (PRINCIPADO DE);1.4.-Otros contra las personas;2018;51
ASTURIAS (PRINCIPADO DE);1.4.-Otros contra las personas;2017;49
ASTURIAS (PRINCIPADO DE);1.4.-Otros contra las personas;2016;49
ASTURIAS (PRINCIPADO DE);1.4.-Otros contra las personas;2015;1.110
ASTURIAS (PRINCIPADO DE);1.4.-Otros contra las personas;2014;2.238
ASTURIAS (PRINCIPADO DE);1.4.-Otros contra las personas;2013;2.283
ASTURIAS (PRINCIPADO DE);1.4.-Otros contra las personas;2012;2.182
ASTURIAS (PRINCIPADO DE);1.4.-Otros contra las personas;2011;2.349
ASTURIAS (PRINCIPADO DE);1.4.-Otros contra las personas;2010;2.477
ASTURIAS (PRINCIPADO DE);2. CONTRA LA LIBERTAD;2023;2.421
ASTURIAS (PRINCIPADO DE);2. CONTRA LA LIBERTAD;2022;2.228
ASTURIAS (PRINCIPADO DE);2. CONTRA LA LIBERTAD;2021;1.946
ASTURIAS (PRINCIPADO DE);2. CONTRA LA LIBERTAD;2020;1.892
ASTURIAS (PRINCIPADO DE);2. CONTRA LA LIBERTAD;2019;1.872
ASTURIAS (PRINCIPADO DE);2. CONTRA LA LIBERTAD;2018;1.751
ASTURIAS (PRINCIPADO DE);2. CONTRA LA LIBERTAD;2017;1.842
ASTURIAS (PRINCIPADO DE);2. CONTRA LA LIBERTAD;2016;1.824
ASTURIAS (PRINCIPADO DE);2. CONTRA LA LIBERTAD;2015;1.155
ASTURIAS (PRINCIPADO DE);2. CONTRA LA LIBERTAD;2014;494
ASTURIAS (PRINCIPADO DE);2. CONTRA LA LIBERTAD;2013;513
ASTURIAS (PRINCIPADO DE);2. CONTRA LA LIBERTAD;2012;539
ASTURIAS (PRINCIPADO DE);2. CONTRA LA LIBERTAD;2011;532
ASTURIAS (PRINCIPADO DE);2. CONTRA LA LIBERTAD;2010;660
ASTURIAS (PRINCIPADO DE);2.1.-Malos tratos habituales en el ámbito familiar;2023;92
ASTURIAS (PRINCIPADO DE);2.1.-Malos tratos habituales en el ámbito familiar;2022;105
ASTURIAS (PRINCIPADO DE);2.1.-Malos tratos habituales en el ámbito familiar;2021;91
ASTURIAS (PRINCIPADO DE);2.1.-Malos tratos habituales en el ámbito familiar;2020;68
ASTURIAS (PRINCIPADO DE);2.1.-Malos tratos habituales en el ámbito familiar;2019;107
ASTURIAS (PRINCIPADO DE);2.1.-Malos tratos habituales en el ámbito familiar;2018;112
ASTURIAS (PRINCIPADO DE);2.1.-Malos tratos habituales en el ámbito familiar;2017;88
ASTURIAS (PRINCIPADO DE);2.1.-Malos tratos habituales en el ámbito familiar;2016;130
ASTURIAS (PRINCIPADO DE);2.1.-Malos tratos habituales en el ámbito familiar;2015;128
ASTURIAS (PRINCIPADO DE);2.1.-Malos tratos habituales en el ámbito familiar;2014;113
ASTURIAS (PRINCIPADO DE);2.1.-Malos tratos habituales en el ámbito familiar;2013;69
ASTURIAS (PRINCIPADO DE);2.1.-Malos tratos habituales en el ámbito familiar;2012;81
ASTURIAS (PRINCIPADO DE);2.1.-Malos tratos habituales en el ámbito familiar;2011;99
ASTURIAS (PRINCIPADO DE);2.1.-Malos tratos habituales en el ámbito familiar;2010;208
ASTURIAS (PRINCIPADO DE);2.2.-Otros contra la libertad;2023;2.329
ASTURIAS (PRINCIPADO DE);2.2.-Otros contra la libertad;2022;2.123
ASTURIAS (PRINCIPADO DE);2.2.-Otros contra la libertad;2021;1.855
ASTURIAS (PRINCIPADO DE);2.2.-Otros contra la libertad;2020;1.824
ASTURIAS (PRINCIPADO DE);2.2.-Otros contra la libertad;2019;1.765
ASTURIAS (PRINCIPADO DE);2.2.-Otros contra la libertad;2018;1.639
ASTURIAS (PRINCIPADO DE);2.2.-Otros contra la libertad;2017;1.754
ASTURIAS (PRINCIPADO DE);2.2.-Otros contra la libertad;2016;1.694
ASTURIAS (PRINCIPADO DE);2.2.-Otros contra la libertad;2015;1.027
ASTURIAS (PRINCIPADO DE);2.2.-Otros contra la libertad;2014;381
ASTURIAS (PRINCIPADO DE);2.2.-Otros contra la libertad;2013;444
ASTURIAS (PRINCIPADO DE);2.2.-Otros contra la libertad;2012;458
ASTURIAS (PRINCIPADO DE);2.2.-Otros contra la libertad;2011;433
ASTURIAS (PRINCIPADO DE);2.2.-Otros contra la libertad;2010;452
ASTURIAS (PRINCIPADO DE);3. LIBERTAD SEXUAL;2023;325
ASTURIAS (PRINCIPADO DE);3. LIBERTAD SEXUAL;2022;277
ASTURIAS (PRINCIPADO DE);3. LIBERTAD SEXUAL;2021;266
ASTURIAS (PRINCIPADO DE);3. LIBERTAD SEXUAL;2020;215
ASTURIAS (PRINCIPADO DE);3. LIBERTAD SEXUAL;2019;193
ASTURIAS (PRINCIPADO DE);3. LIBERTAD SEXUAL;2018;207
ASTURIAS (PRINCIPADO DE);3. LIBERTAD SEXUAL;2017;146
ASTURIAS (PRINCIPADO DE);3. LIBERTAD SEXUAL;2016;146
ASTURIAS (PRINCIPADO DE);3. LIBERTAD SEXUAL;2015;147
ASTURIAS (PRINCIPADO DE);3. LIBERTAD SEXUAL;2014;125
ASTURIAS (PRINCIPADO DE);3. LIBERTAD SEXUAL;2013;119
ASTURIAS (PRINCIPADO DE);3. LIBERTAD SEXUAL;2012;149
ASTURIAS (PRINCIPADO DE);3. LIBERTAD SEXUAL;2011;125
ASTURIAS (PRINCIPADO DE);3. LIBERTAD SEXUAL;2010;153
ASTURIAS (PRINCIPADO DE);3.1.-Agresión sexual;2023;199
ASTURIAS (PRINCIPADO DE);3.1.-Agresión sexual;2022;174
ASTURIAS (PRINCIPADO DE);3.1.-Agresión sexual;2021;135
ASTURIAS (PRINCIPADO DE);3.1.-Agresión sexual;2020;116
ASTURIAS (PRINCIPADO DE);3.1.-Agresión sexual;2019;121
ASTURIAS (PRINCIPADO DE);3.1.-Agresión sexual;2018;122
ASTURIAS (PRINCIPADO DE);3.1.-Agresión sexual;2017;84
ASTURIAS (PRINCIPADO DE);3.1.-Agresión sexual;2016;84
ASTURIAS (PRINCIPADO DE);3.1.-Agresión sexual;2015;90
ASTURIAS (PRINCIPADO DE);3.1.-Agresión sexual;2014;73
ASTURIAS (PRINCIPADO DE);3.1.-Agresión sexual;2013;59
ASTURIAS (PRINCIPADO DE);3.1.-Agresión sexual;2012;100
ASTURIAS (PRINCIPADO DE);3.1.-Agresión sexual;2011;71
ASTURIAS (PRINCIPADO DE);3.1.-Agresión sexual;2010;76
ASTURIAS (PRINCIPADO DE);3.2.-Agresión sexual con penetración;2023;67
ASTURIAS (PRINCIPADO DE);3.2.-Agresión sexual con penetración;2022;46
ASTURIAS (PRINCIPADO DE);3.2.-Agresión sexual con penetración;2021;67
ASTURIAS (PRINCIPADO DE);3.2.-Agresión sexual con penetración;2020;46
ASTURIAS (PRINCIPADO DE);3.2.-Agresión sexual con penetración;2019;28
ASTURIAS (PRINCIPADO DE);3.2.-Agresión sexual con penetración;2018;27
ASTURIAS (PRINCIPADO DE);3.2.-Agresión sexual con penetración;2017;30
ASTURIAS (PRINCIPADO DE);3.2.-Agresión sexual con penetración;2016;26
ASTURIAS (PRINCIPADO DE);3.2.-Agresión sexual con penetración;2015;17
ASTURIAS (PRINCIPADO DE);3.2.-Agresión sexual con penetración;2014;19
ASTURIAS (PRINCIPADO DE);3.2.-Agresión sexual con penetración;2013;22
ASTURIAS (PRINCIPADO DE);3.2.-Agresión sexual con penetración;2012;19
ASTURIAS (PRINCIPADO DE);3.2.-Agresión sexual con penetración;2011;19
ASTURIAS (PRINCIPADO DE);3.2.-Agresión sexual con penetración;2010;25
ASTURIAS (PRINCIPADO DE);3.3.-Corrupción de menores o incapacitados;2023;8
ASTURIAS (PRINCIPADO DE);3.3.-Corrupción de menores o incapacitados;2022;9
ASTURIAS (PRINCIPADO DE);3.3.-Corrupción de menores o incapacitados;2021;8
ASTURIAS (PRINCIPADO DE);3.3.-Corrupción de menores o incapacitados;2020;2
ASTURIAS (PRINCIPADO DE);3.3.-Corrupción de menores o incapacitados;2019;3
ASTURIAS (PRINCIPADO DE);3.3.-Corrupción de menores o incapacitados;2018;11
ASTURIAS (PRINCIPADO DE);3.3.-Corrupción de menores o incapacitados;2017;1
ASTURIAS (PRINCIPADO DE);3.3.-Corrupción de menores o incapacitados;2016;2
ASTURIAS (PRINCIPADO DE);3.3.-Corrupción de menores o incapacitados;2015;7
ASTURIAS (PRINCIPADO DE);3.3.-Corrupción de menores o incapacitados;2014;8
ASTURIAS (PRINCIPADO DE);3.3.-Corrupción de menores o incapacitados;2013;7
ASTURIAS (PRINCIPADO DE);3.3.-Corrupción de menores o incapacitados;2012;2
ASTURIAS (PRINCIPADO DE);3.3.-Corrupción de menores o incapacitados;2011;8
ASTURIAS (PRINCIPADO DE);3.3.-Corrupción de menores o incapacitados;2010;6
ASTURIAS (PRINCIPADO DE);3.4.-Pornografía de menores;2023;14
ASTURIAS (PRINCIPADO DE);3.4.-Pornografía de menores;2022;11
ASTURIAS (PRINCIPADO DE);3.4.-Pornografía de menores;2021;19
ASTURIAS (PRINCIPADO DE);3.4.-Pornografía de menores;2020;12
ASTURIAS (PRINCIPADO DE);3.4.-Pornografía de menores;2019;11
ASTURIAS (PRINCIPADO DE);3.4.-Pornografía de menores;2018;11
ASTURIAS (PRINCIPADO DE);3.4.-Pornografía de menores;2017;8
ASTURIAS (PRINCIPADO DE);3.4.-Pornografía de menores;2016;10
ASTURIAS (PRINCIPADO DE);3.4.-Pornografía de menores;2015;10
ASTURIAS (PRINCIPADO DE);3.4.-Pornografía de menores;2014;7
ASTURIAS (PRINCIPADO DE);3.4.-Pornografía de menores;2013;9
ASTURIAS (PRINCIPADO DE);3.4.-Pornografía de menores;2012;11
ASTURIAS (PRINCIPADO DE);3.4.-Pornografía de menores;2011;8
ASTURIAS (PRINCIPADO DE);3.4.-Pornografía de menores;2010;25
ASTURIAS (PRINCIPADO DE);3.5.-Otros contra la libertad sexual;2023;37
ASTURIAS (PRINCIPADO DE);3.5.-Otros contra la libertad sexual;2022;37
ASTURIAS (PRINCIPADO DE);3.5.-Otros contra la libertad sexual;2021;37
ASTURIAS (PRINCIPADO DE);3.5.-Otros contra la libertad sexual;2020;39
ASTURIAS (PRINCIPADO DE);3.5.-Otros contra la libertad sexual;2019;30
ASTURIAS (PRINCIPADO DE);3.5.-Otros contra la libertad sexual;2018;36
ASTURIAS (PRINCIPADO DE);3.5.-Otros contra la libertad sexual;2017;23
ASTURIAS (PRINCIPADO DE);3.5.-Otros contra la libertad sexual;2016;24
ASTURIAS (PRINCIPADO DE);3.5.-Otros contra la libertad sexual;2015;23
ASTURIAS (PRINCIPADO DE);3.5.-Otros contra la libertad sexual;2014;18
ASTURIAS (PRINCIPADO DE);3.5.-Otros contra la libertad sexual;2013;22
ASTURIAS (PRINCIPADO DE);3.5.-Otros contra la libertad sexual;2012;17
ASTURIAS (PRINCIPADO DE);3.5.-Otros contra la libertad sexual;2011;19
ASTURIAS (PRINCIPADO DE);3.5.-Otros contra la libertad sexual;2010;21
ASTURIAS (PRINCIPADO DE);4. RELACIONES FAMILIARES;2023;95
ASTURIAS (PRINCIPADO DE);4. RELACIONES FAMILIARES;2022;69
ASTURIAS (PRINCIPADO DE);4. RELACIONES FAMILIARES;2021;91
ASTURIAS (PRINCIPADO DE);4. RELACIONES FAMILIARES;2020;78
ASTURIAS (PRINCIPADO DE);4. RELACIONES FAMILIARES;2019;99
ASTURIAS (PRINCIPADO DE);4. RELACIONES FAMILIARES;2018;104
ASTURIAS (PRINCIPADO DE);4. RELACIONES FAMILIARES;2017;117
ASTURIAS (PRINCIPADO DE);4. RELACIONES FAMILIARES;2016;106
ASTURIAS (PRINCIPADO DE);4. RELACIONES FAMILIARES;2015;149
ASTURIAS (PRINCIPADO DE);4. RELACIONES FAMILIARES;2014;137
ASTURIAS (PRINCIPADO DE);4. RELACIONES FAMILIARES;2013;144
ASTURIAS (PRINCIPADO DE);4. RELACIONES FAMILIARES;2012;160
ASTURIAS (PRINCIPADO DE);4. RELACIONES FAMILIARES;2011;160
ASTURIAS (PRINCIPADO DE);4. RELACIONES FAMILIARES;2010;117
ASTURIAS (PRINCIPADO DE);5. PATRIMONIO;2023;23.761
ASTURIAS (PRINCIPADO DE);5. PATRIMONIO;2022;22.476
ASTURIAS (PRINCIPADO DE);5. PATRIMONIO;2021;18.028
ASTURIAS (PRINCIPADO DE);5. PATRIMONIO;2020;16.593
ASTURIAS (PRINCIPADO DE);5. PATRIMONIO;2019;19.066
ASTURIAS (PRINCIPADO DE);5. PATRIMONIO;2018;18.807
ASTURIAS (PRINCIPADO DE);5. PATRIMONIO;2017;17.964
ASTURIAS (PRINCIPADO DE);5. PATRIMONIO;2016;18.359
ASTURIAS (PRINCIPADO DE);5. PATRIMONIO;2015;18.946
ASTURIAS (PRINCIPADO DE);5. PATRIMONIO;2014;19.530
ASTURIAS (PRINCIPADO DE);5. PATRIMONIO;2013;20.834
ASTURIAS (PRINCIPADO DE);5. PATRIMONIO;2012;20.612
ASTURIAS (PRINCIPADO DE);5. PATRIMONIO;2011;18.959
ASTURIAS (PRINCIPADO DE);5. PATRIMONIO;2010;18.724
ASTURIAS (PRINCIPADO DE);5.1.-Hurtos;2023;7.681
ASTURIAS (PRINCIPADO DE);5.1.-Hurtos;2022;6.810
ASTURIAS (PRINCIPADO DE);5.1.-Hurtos;2021;4.705
ASTURIAS (PRINCIPADO DE);5.1.-Hurtos;2020;4.148
ASTURIAS (PRINCIPADO DE);5.1.-Hurtos;2019;6.780
ASTURIAS (PRINCIPADO DE);5.1.-Hurtos;2018;7.223
ASTURIAS (PRINCIPADO DE);5.1.-Hurtos;2017;7.261
ASTURIAS (PRINCIPADO DE);5.1.-Hurtos;2016;7.638
ASTURIAS (PRINCIPADO DE);5.1.-Hurtos;2015;8.275
ASTURIAS (PRINCIPADO DE);5.1.-Hurtos;2014;8.715
ASTURIAS (PRINCIPADO DE);5.1.-Hurtos;2013;10.060
ASTURIAS (PRINCIPADO DE);5.1.-Hurtos;2012;10.381
ASTURIAS (PRINCIPADO DE);5.1.-Hurtos;2011;9.322
ASTURIAS (PRINCIPADO DE);5.1.-Hurtos;2010;8.721
ASTURIAS (PRINCIPADO DE);5.2.-Robos con fuerza en las cosas;2023;2.581
ASTURIAS (PRINCIPADO DE);5.2.-Robos con fuerza en las cosas;2022;2.083
ASTURIAS (PRINCIPADO DE);5.2.-Robos con fuerza en las cosas;2021;1.976
ASTURIAS (PRINCIPADO DE);5.2.-Robos con fuerza en las cosas;2020;1.891
ASTURIAS (PRINCIPADO DE);5.2.-Robos con fuerza en las cosas;2019;2.440
ASTURIAS (PRINCIPADO DE);5.2.-Robos con fuerza en las cosas;2018;2.359
ASTURIAS (PRINCIPADO DE);5.2.-Robos con fuerza en las cosas;2017;2.650
ASTURIAS (PRINCIPADO DE);5.2.-Robos con fuerza en las cosas;2016;3.043
ASTURIAS (PRINCIPADO DE);5.2.-Robos con fuerza en las cosas;2015;3.075
ASTURIAS (PRINCIPADO DE);5.2.-Robos con fuerza en las cosas;2014;3.222
ASTURIAS (PRINCIPADO DE);5.2.-Robos con fuerza en las cosas;2013;3.348
ASTURIAS (PRINCIPADO DE);5.2.-Robos con fuerza en las cosas;2012;3.553
ASTURIAS (PRINCIPADO DE);5.2.-Robos con fuerza en las cosas;2011;3.489
ASTURIAS (PRINCIPADO DE);5.2.-Robos con fuerza en las cosas;2010;4.028
ASTURIAS (PRINCIPADO DE);5.2.1.-Robos con fuerza en las cosas en el interior de vehículos;2023;586
ASTURIAS (PRINCIPADO DE);5.2.1.-Robos con fuerza en las cosas en el interior de vehículos;2022;458
ASTURIAS (PRINCIPADO DE);5.2.1.-Robos con fuerza en las cosas en el interior de vehículos;2021;394
ASTURIAS (PRINCIPADO DE);5.2.1.-Robos con fuerza en las cosas en el interior de vehículos;2020;389
ASTURIAS (PRINCIPADO DE);5.2.1.-Robos con fuerza en las cosas en el interior de vehículos;2019;421
ASTURIAS (PRINCIPADO DE);5.2.1.-Robos con fuerza en las cosas en el interior de vehículos;2018;466
ASTURIAS (PRINCIPADO DE);5.2.1.-Robos con fuerza en las cosas en el interior de vehículos;2017;485
ASTURIAS (PRINCIPADO DE);5.2.1.-Robos con fuerza en las cosas en el interior de vehículos;2016;565
ASTURIAS (PRINCIPADO DE);5.2.1.-Robos con fuerza en las cosas en el interior de vehículos;2015;467
ASTURIAS (PRINCIPADO DE);5.2.1.-Robos con fuerza en las cosas en el interior de vehículos;2014;568
ASTURIAS (PRINCIPADO DE);5.2.1.-Robos con fuerza en las cosas en el interior de vehículos;2013;568
ASTURIAS (PRINCIPADO DE);5.2.1.-Robos con fuerza en las cosas en el interior de vehículos;2012;677
ASTURIAS (PRINCIPADO DE);5.2.1.-Robos con fuerza en las cosas en el interior de vehículos;2011;736
ASTURIAS (PRINCIPADO DE);5.2.1.-Robos con fuerza en las cosas en el interior de vehículos;2010;797
ASTURIAS (PRINCIPADO DE);5.2.2.-Robos con fuerza en viviendas;2023;990
ASTURIAS (PRINCIPADO DE);5.2.2.-Robos con fuerza en viviendas;2022;830
ASTURIAS (PRINCIPADO DE);5.2.2.-Robos con fuerza en viviendas;2021;832
ASTURIAS (PRINCIPADO DE);5.2.2.-Robos con fuerza en viviendas;2020;650
ASTURIAS (PRINCIPADO DE);5.2.2.-Robos con fuerza en viviendas;2019;908
ASTURIAS (PRINCIPADO DE);5.2.2.-Robos con fuerza en viviendas;2018;871
ASTURIAS (PRINCIPADO DE);5.2.2.-Robos con fuerza en viviendas;2017;956
ASTURIAS (PRINCIPADO DE);5.2.2.-Robos con fuerza en viviendas;2016;1.101
ASTURIAS (PRINCIPADO DE);5.2.2.-Robos con fuerza en viviendas;2015;956
ASTURIAS (PRINCIPADO DE);5.2.2.-Robos con fuerza en viviendas;2014;931
ASTURIAS (PRINCIPADO DE);5.2.2.-Robos con fuerza en viviendas;2013;1.029
ASTURIAS (PRINCIPADO DE);5.2.2.-Robos con fuerza en viviendas;2012;1.130
ASTURIAS (PRINCIPADO DE);5.2.2.-Robos con fuerza en viviendas;2011;683
ASTURIAS (PRINCIPADO DE);5.2.2.-Robos con fuerza en viviendas;2010;770
ASTURIAS (PRINCIPADO DE);5.2.3.-Robos con fuerza en establecimientos;2023;561
ASTURIAS (PRINCIPADO DE);5.2.3.-Robos con fuerza en establecimientos;2022;353
ASTURIAS (PRINCIPADO DE);5.2.3.-Robos con fuerza en establecimientos;2021;365
ASTURIAS (PRINCIPADO DE);5.2.3.-Robos con fuerza en establecimientos;2020;459
ASTURIAS (PRINCIPADO DE);5.2.3.-Robos con fuerza en establecimientos;2019;618
ASTURIAS (PRINCIPADO DE);5.2.3.-Robos con fuerza en establecimientos;2018;594
ASTURIAS (PRINCIPADO DE);5.2.3.-Robos con fuerza en establecimientos;2017;762
ASTURIAS (PRINCIPADO DE);5.2.3.-Robos con fuerza en establecimientos;2016;832
ASTURIAS (PRINCIPADO DE);5.2.3.-Robos con fuerza en establecimientos;2015;1.000
ASTURIAS (PRINCIPADO DE);5.2.3.-Robos con fuerza en establecimientos;2014;944
ASTURIAS (PRINCIPADO DE);5.2.3.-Robos con fuerza en establecimientos;2013;896
ASTURIAS (PRINCIPADO DE);5.2.3.-Robos con fuerza en establecimientos;2012;867
ASTURIAS (PRINCIPADO DE);5.2.3.-Robos con fuerza en establecimientos;2011;1.038
ASTURIAS (PRINCIPADO DE);5.2.3.-Robos con fuerza en establecimientos;2010;1.122
ASTURIAS (PRINCIPADO DE);5.3.-Robos con violencia o intimidación;2023;424
ASTURIAS (PRINCIPADO DE);5.3.-Robos con violencia o intimidación;2022;392
ASTURIAS (PRINCIPADO DE);5.3.-Robos con violencia o intimidación;2021;295
ASTURIAS (PRINCIPADO DE);5.3.-Robos con violencia o intimidación;2020;317
ASTURIAS (PRINCIPADO DE);5.3.-Robos con violencia o intimidación;2019;362
ASTURIAS (PRINCIPADO DE);5.3.-Robos con violencia o intimidación;2018;355
ASTURIAS (PRINCIPADO DE);5.3.-Robos con violencia o intimidación;2017;371
ASTURIAS (PRINCIPADO DE);5.3.-Robos con violencia o intimidación;2016;531
ASTURIAS (PRINCIPADO DE);5.3.-Robos con violencia o intimidación;2015;603
ASTURIAS (PRINCIPADO DE);5.3.-Robos con violencia o intimidación;2014;683
ASTURIAS (PRINCIPADO DE);5.3.-Robos con violencia o intimidación;2013;766
ASTURIAS (PRINCIPADO DE);5.3.-Robos con violencia o intimidación;2012;836
ASTURIAS (PRINCIPADO DE);5.3.-Robos con violencia o intimidación;2011;643
ASTURIAS (PRINCIPADO DE);5.3.-Robos con violencia o intimidación;2010;612
ASTURIAS (PRINCIPADO DE);5.3.1.-Robos con violencia en vía pública;2023;216
ASTURIAS (PRINCIPADO DE);5.3.1.-Robos con violencia en vía pública;2022;212
ASTURIAS (PRINCIPADO DE);5.3.1.-Robos con violencia en vía pública;2021;155
ASTURIAS (PRINCIPADO DE);5.3.1.-Robos con violencia en vía pública;2020;164
ASTURIAS (PRINCIPADO DE);5.3.1.-Robos con violencia en vía pública;2019;196
ASTURIAS (PRINCIPADO DE);5.3.1.-Robos con violencia en vía pública;2018;207
ASTURIAS (PRINCIPADO DE);5.3.1.-Robos con violencia en vía pública;2017;218
ASTURIAS (PRINCIPADO DE);5.3.1.-Robos con violencia en vía pública;2016;321
ASTURIAS (PRINCIPADO DE);5.3.1.-Robos con violencia en vía pública;2015;360
ASTURIAS (PRINCIPADO DE);5.3.1.-Robos con violencia en vía pública;2014;408
ASTURIAS (PRINCIPADO DE);5.3.1.-Robos con violencia en vía pública;2013;458
ASTURIAS (PRINCIPADO DE);5.3.1.-Robos con violencia en vía pública;2012;540
ASTURIAS (PRINCIPADO DE);5.3.1.-Robos con violencia en vía pública;2011;429
ASTURIAS (PRINCIPADO DE);5.3.1.-Robos con violencia en vía pública;2010;396
ASTURIAS (PRINCIPADO DE);5.3.2.-Robos con violencia en viviendas;2023;44
ASTURIAS (PRINCIPADO DE);5.3.2.-Robos con violencia en viviendas;2022;35
ASTURIAS (PRINCIPADO DE);5.3.2.-Robos con violencia en viviendas;2021;25
ASTURIAS (PRINCIPADO DE);5.3.2.-Robos con violencia en viviendas;2020;41
ASTURIAS (PRINCIPADO DE);5.3.2.-Robos con violencia en viviendas;2019;41
ASTURIAS (PRINCIPADO DE);5.3.2.-Robos con violencia en viviendas;2018;35
ASTURIAS (PRINCIPADO DE);5.3.2.-Robos con violencia en viviendas;2017;35
ASTURIAS (PRINCIPADO DE);5.3.2.-Robos con violencia en viviendas;2016;44
ASTURIAS (PRINCIPADO DE);5.3.2.-Robos con violencia en viviendas;2015;64
ASTURIAS (PRINCIPADO DE);5.3.2.-Robos con violencia en viviendas;2014;85
ASTURIAS (PRINCIPADO DE);5.3.2.-Robos con violencia en viviendas;2013;81
ASTURIAS (PRINCIPADO DE);5.3.2.-Robos con violencia en viviendas;2012;71
ASTURIAS (PRINCIPADO DE);5.3.2.-Robos con violencia en viviendas;2011;57
ASTURIAS (PRINCIPADO DE);5.3.2.-Robos con violencia en viviendas;2010;46
ASTURIAS (PRINCIPADO DE);5.3.3.-Robos con violencia en establecimientos;2023;109
ASTURIAS (PRINCIPADO DE);5.3.3.-Robos con violencia en establecimientos;2022;95
ASTURIAS (PRINCIPADO DE);5.3.3.-Robos con violencia en establecimientos;2021;67
ASTURIAS (PRINCIPADO DE);5.3.3.-Robos con violencia en establecimientos;2020;78
ASTURIAS (PRINCIPADO DE);5.3.3.-Robos con violencia en establecimientos;2019;97
ASTURIAS (PRINCIPADO DE);5.3.3.-Robos con violencia en establecimientos;2018;76
ASTURIAS (PRINCIPADO DE);5.3.3.-Robos con violencia en establecimientos;2017;70
ASTURIAS (PRINCIPADO DE);5.3.3.-Robos con violencia en establecimientos;2016;103
ASTURIAS (PRINCIPADO DE);5.3.3.-Robos con violencia en establecimientos;2015;130
ASTURIAS (PRINCIPADO DE);5.3.3.-Robos con violencia en establecimientos;2014;116
ASTURIAS (PRINCIPADO DE);5.3.3.-Robos con violencia en establecimientos;2013;130
ASTURIAS (PRINCIPADO DE);5.3.3.-Robos con violencia en establecimientos;2012;117
ASTURIAS (PRINCIPADO DE);5.3.3.-Robos con violencia en establecimientos;2011;84
ASTURIAS (PRINCIPADO DE);5.3.3.-Robos con violencia en establecimientos;2010;114
ASTURIAS (PRINCIPADO DE);5.4.-Sustracción de vehículos;2023;259
ASTURIAS (PRINCIPADO DE);5.4.-Sustracción de vehículos;2022;239
ASTURIAS (PRINCIPADO DE);5.4.-Sustracción de vehículos;2021;259
ASTURIAS (PRINCIPADO DE);5.4.-Sustracción de vehículos;2020;289
ASTURIAS (PRINCIPADO DE);5.4.-Sustracción de vehículos;2019;224
ASTURIAS (PRINCIPADO DE);5.4.-Sustracción de vehículos;2018;211
ASTURIAS (PRINCIPADO DE);5.4.-Sustracción de vehículos;2017;394
ASTURIAS (PRINCIPADO DE);5.4.-Sustracción de vehículos;2016;371
ASTURIAS (PRINCIPADO DE);5.4.-Sustracción de vehículos;2015;449
ASTURIAS (PRINCIPADO DE);5.4.-Sustracción de vehículos;2014;484
ASTURIAS (PRINCIPADO DE);5.4.-Sustracción de vehículos;2013;451
ASTURIAS (PRINCIPADO DE);5.4.-Sustracción de vehículos;2012;480
ASTURIAS (PRINCIPADO DE);5.4.-Sustracción de vehículos;2011;664
ASTURIAS (PRINCIPADO DE);5.4.-Sustracción de vehículos;2010;665
ASTURIAS (PRINCIPADO DE);5.5.-Estafas;2023;8.907
ASTURIAS (PRINCIPADO DE);5.5.-Estafas;2022;8.809
ASTURIAS (PRINCIPADO DE);5.5.-Estafas;2021;7.061
ASTURIAS (PRINCIPADO DE);5.5.-Estafas;2020;6.533
ASTURIAS (PRINCIPADO DE);5.5.-Estafas;2019;5.577
ASTURIAS (PRINCIPADO DE);5.5.-Estafas;2018;4.817
ASTURIAS (PRINCIPADO DE);5.5.-Estafas;2017;3.553
ASTURIAS (PRINCIPADO DE);5.5.-Estafas;2016;2.955
ASTURIAS (PRINCIPADO DE);5.5.-Estafas;2015;2.446
ASTURIAS (PRINCIPADO DE);5.5.-Estafas;2014;2.033
ASTURIAS (PRINCIPADO DE);5.5.-Estafas;2013;1.646
ASTURIAS (PRINCIPADO DE);5.5.-Estafas;2012;1.545
ASTURIAS (PRINCIPADO DE);5.5.-Estafas;2011;1.353
ASTURIAS (PRINCIPADO DE);5.5.-Estafas;2010;1.125
ASTURIAS (PRINCIPADO DE);5.5.1.-Estafas informáticas;2023;7.897
ASTURIAS (PRINCIPADO DE);5.5.1.-Estafas informáticas;2022;7.661
ASTURIAS (PRINCIPADO DE);5.5.1.-Estafas informáticas;2021;6.187
ASTURIAS (PRINCIPADO DE);5.5.1.-Estafas informáticas;2020;5.623
ASTURIAS (PRINCIPADO DE);5.5.1.-Estafas informáticas;2019;3.657
ASTURIAS (PRINCIPADO DE);5.5.1.-Estafas informáticas;2018;2.371
ASTURIAS (PRINCIPADO DE);5.5.1.-Estafas informáticas;2017;1.677
ASTURIAS (PRINCIPADO DE);5.5.1.-Estafas informáticas;2016;1.277
ASTURIAS (PRINCIPADO DE);5.5.1.-Estafas informáticas;2015;1.002
ASTURIAS (PRINCIPADO DE);5.5.1.-Estafas informáticas;2014;690
ASTURIAS (PRINCIPADO DE);5.5.1.-Estafas informáticas;2013;585
ASTURIAS (PRINCIPADO DE);5.5.1.-Estafas informáticas;2012;475
ASTURIAS (PRINCIPADO DE);5.5.1.-Estafas informáticas;2011;376
ASTURIAS (PRINCIPADO DE);5.5.1.-Estafas informáticas;2010;320
ASTURIAS (PRINCIPADO DE);5.6.-Daños;2023;2.931
ASTURIAS (PRINCIPADO DE);5.6.-Daños;2022;3.151
ASTURIAS (PRINCIPADO DE);5.6.-Daños;2021;2.931
ASTURIAS (PRINCIPADO DE);5.6.-Daños;2020;2.625
ASTURIAS (PRINCIPADO DE);5.6.-Daños;2019;2.824
ASTURIAS (PRINCIPADO DE);5.6.-Daños;2018;2.994
ASTURIAS (PRINCIPADO DE);5.6.-Daños;2017;3.008
ASTURIAS (PRINCIPADO DE);5.6.-Daños;2016;3.025
ASTURIAS (PRINCIPADO DE);5.6.-Daños;2015;3.112
ASTURIAS (PRINCIPADO DE);5.6.-Daños;2014;3.265
ASTURIAS (PRINCIPADO DE);5.6.-Daños;2013;3.718
ASTURIAS (PRINCIPADO DE);5.6.-Daños;2012;3.429
ASTURIAS (PRINCIPADO DE);5.6.-Daños;2011;3.195
ASTURIAS (PRINCIPADO DE);5.6.-Daños;2010;3.294
ASTURIAS (PRINCIPADO DE);5.7.-Contra la propiedad intelectual/industrial;2023;9
ASTURIAS (PRINCIPADO DE);5.7.-Contra la propiedad intelectual/industrial;2022;13
ASTURIAS (PRINCIPADO DE);5.7.-Contra la propiedad intelectual/industrial;2021;11
ASTURIAS (PRINCIPADO DE);5.7.-Contra la propiedad intelectual/industrial;2020;6
ASTURIAS (PRINCIPADO DE);5.7.-Contra la propiedad intelectual/industrial;2019;18
ASTURIAS (PRINCIPADO DE);5.7.-Contra la propiedad intelectual/industrial;2018;37
ASTURIAS (PRINCIPADO DE);5.7.-Contra la propiedad intelectual/industrial;2017;7
ASTURIAS (PRINCIPADO DE);5.7.-Contra la propiedad intelectual/industrial;2016;12
ASTURIAS (PRINCIPADO DE);5.7.-Contra la propiedad intelectual/industrial;2015;16
ASTURIAS (PRINCIPADO DE);5.7.-Contra la propiedad intelectual/industrial;2014;26
ASTURIAS (PRINCIPADO DE);5.7.-Contra la propiedad intelectual/industrial;2013;23
ASTURIAS (PRINCIPADO DE);5.7.-Contra la propiedad intelectual/industrial;2012;32
ASTURIAS (PRINCIPADO DE);5.7.-Contra la propiedad intelectual/industrial;2011;19
ASTURIAS (PRINCIPADO DE);5.7.-Contra la propiedad intelectual/industrial;2010;32
ASTURIAS (PRINCIPADO DE);5.8.-Blanqueo de capitales;2023;2
ASTURIAS (PRINCIPADO DE);5.8.-Blanqueo de capitales;2022;1
ASTURIAS (PRINCIPADO DE);5.8.-Blanqueo de capitales;2021;1
ASTURIAS (PRINCIPADO DE);5.8.-Blanqueo de capitales;2020;1
ASTURIAS (PRINCIPADO DE);5.8.-Blanqueo de capitales;2019;1
ASTURIAS (PRINCIPADO DE);5.8.-Blanqueo de capitales;2018;4
ASTURIAS (PRINCIPADO DE);5.8.-Blanqueo de capitales;2017;3
ASTURIAS (PRINCIPADO DE);5.8.-Blanqueo de capitales;2016;0
ASTURIAS (PRINCIPADO DE);5.8.-Blanqueo de capitales;2015;1
ASTURIAS (PRINCIPADO DE);5.8.-Blanqueo de capitales;2014;1
ASTURIAS (PRINCIPADO DE);5.8.-Blanqueo de capitales;2013;3
ASTURIAS (PRINCIPADO DE);5.8.-Blanqueo de capitales;2012;0
ASTURIAS (PRINCIPADO DE);5.8.-Blanqueo de capitales;2011;2
ASTURIAS (PRINCIPADO DE);5.8.-Blanqueo de capitales;2010;1
ASTURIAS (PRINCIPADO DE);5.9.-Otros contra el patrimonio;2023;967
ASTURIAS (PRINCIPADO DE);5.9.-Otros contra el patrimonio;2022;978
ASTURIAS (PRINCIPADO DE);5.9.-Otros contra el patrimonio;2021;789
ASTURIAS (PRINCIPADO DE);5.9.-Otros contra el patrimonio;2020;783
ASTURIAS (PRINCIPADO DE);5.9.-Otros contra el patrimonio;2019;840
ASTURIAS (PRINCIPADO DE);5.9.-Otros contra el patrimonio;2018;807
ASTURIAS (PRINCIPADO DE);5.9.-Otros contra el patrimonio;2017;717
ASTURIAS (PRINCIPADO DE);5.9.-Otros contra el patrimonio;2016;784
ASTURIAS (PRINCIPADO DE);5.9.-Otros contra el patrimonio;2015;969
ASTURIAS (PRINCIPADO DE);5.9.-Otros contra el patrimonio;2014;1.101
ASTURIAS (PRINCIPADO DE);5.9.-Otros contra el patrimonio;2013;819
ASTURIAS (PRINCIPADO DE);5.9.-Otros contra el patrimonio;2012;356
ASTURIAS (PRINCIPADO DE);5.9.-Otros contra el patrimonio;2011;272
ASTURIAS (PRINCIPADO DE);5.9.-Otros contra el patrimonio;2010;246
ASTURIAS (PRINCIPADO DE);6. SEGURIDAD COLECTIVA;2023;1.047
ASTURIAS (PRINCIPADO DE);6. SEGURIDAD COLECTIVA;2022;1.080
ASTURIAS (PRINCIPADO DE);6. SEGURIDAD COLECTIVA;2021;1.098
ASTURIAS (PRINCIPADO DE);6. SEGURIDAD COLECTIVA;2020;924
ASTURIAS (PRINCIPADO DE);6. SEGURIDAD COLECTIVA;2019;1.205
ASTURIAS (PRINCIPADO DE);6. SEGURIDAD COLECTIVA;2018;1.051
ASTURIAS (PRINCIPADO DE);6. SEGURIDAD COLECTIVA;2017;1.052
ASTURIAS (PRINCIPADO DE);6. SEGURIDAD COLECTIVA;2016;1.108
ASTURIAS (PRINCIPADO DE);6. SEGURIDAD COLECTIVA;2015;1.111
ASTURIAS (PRINCIPADO DE);6. SEGURIDAD COLECTIVA;2014;1.320
ASTURIAS (PRINCIPADO DE);6. SEGURIDAD COLECTIVA;2013;1.458
ASTURIAS (PRINCIPADO DE);6. SEGURIDAD COLECTIVA;2012;1.545
ASTURIAS (PRINCIPADO DE);6. SEGURIDAD COLECTIVA;2011;1.583
ASTURIAS (PRINCIPADO DE);6. SEGURIDAD COLECTIVA;2010;1.194
ASTURIAS (PRINCIPADO DE);6.1.-Tráfico de drogas;2023;190
ASTURIAS (PRINCIPADO DE);6.1.-Tráfico de drogas;2022;170
ASTURIAS (PRINCIPADO DE);6.1.-Tráfico de drogas;2021;166
ASTURIAS (PRINCIPADO DE);6.1.-Tráfico de drogas;2020;180
ASTURIAS (PRINCIPADO DE);6.1.-Tráfico de drogas;2019;206
ASTURIAS (PRINCIPADO DE);6.1.-Tráfico de drogas;2018;140
ASTURIAS (PRINCIPADO DE);6.1.-Tráfico de drogas;2017;130
ASTURIAS (PRINCIPADO DE);6.1.-Tráfico de drogas;2016;103
ASTURIAS (PRINCIPADO DE);6.1.-Tráfico de drogas;2015;154
ASTURIAS (PRINCIPADO DE);6.1.-Tráfico de drogas;2014;167
ASTURIAS (PRINCIPADO DE);6.1.-Tráfico de drogas;2013;189
ASTURIAS (PRINCIPADO DE);6.1.-Tráfico de drogas;2012;206
ASTURIAS (PRINCIPADO DE);6.1.-Tráfico de drogas;2011;240
ASTURIAS (PRINCIPADO DE);6.1.-Tráfico de drogas;2010;154
ASTURIAS (PRINCIPADO DE);6.2.-Contra la seguridad vial;2023;779
ASTURIAS (PRINCIPADO DE);6.2.-Contra la seguridad vial;2022;859
ASTURIAS (PRINCIPADO DE);6.2.-Contra la seguridad vial;2021;855
ASTURIAS (PRINCIPADO DE);6.2.-Contra la seguridad vial;2020;688
ASTURIAS (PRINCIPADO DE);6.2.-Contra la seguridad vial;2019;948
ASTURIAS (PRINCIPADO DE);6.2.-Contra la seguridad vial;2018;865
ASTURIAS (PRINCIPADO DE);6.2.-Contra la seguridad vial;2017;860
ASTURIAS (PRINCIPADO DE);6.2.-Contra la seguridad vial;2016;946
ASTURIAS (PRINCIPADO DE);6.2.-Contra la seguridad vial;2015;924
ASTURIAS (PRINCIPADO DE);6.2.-Contra la seguridad vial;2014;1.105
ASTURIAS (PRINCIPADO DE);6.2.-Contra la seguridad vial;2013;1.219
ASTURIAS (PRINCIPADO DE);6.2.-Contra la seguridad vial;2012;1.295
ASTURIAS (PRINCIPADO DE);6.2.-Contra la seguridad vial;2011;1.300
ASTURIAS (PRINCIPADO DE);6.2.-Contra la seguridad vial;2010;994
ASTURIAS (PRINCIPADO DE);6.3.-Otros contra la seguridad colectiva;2023;78
ASTURIAS (PRINCIPADO DE);6.3.-Otros contra la seguridad colectiva;2022;51
ASTURIAS (PRINCIPADO DE);6.3.-Otros contra la seguridad colectiva;2021;77
ASTURIAS (PRINCIPADO DE);6.3.-Otros contra la seguridad colectiva;2020;56
ASTURIAS (PRINCIPADO DE);6.3.-Otros contra la seguridad colectiva;2019;51
ASTURIAS (PRINCIPADO DE);6.3.-Otros contra la seguridad colectiva;2018;46
ASTURIAS (PRINCIPADO DE);6.3.-Otros contra la seguridad colectiva;2017;62
ASTURIAS (PRINCIPADO DE);6.3.-Otros contra la seguridad colectiva;2016;59
ASTURIAS (PRINCIPADO DE);6.3.-Otros contra la seguridad colectiva;2015;33
ASTURIAS (PRINCIPADO DE);6.3.-Otros contra la seguridad colectiva;2014;48
ASTURIAS (PRINCIPADO DE);6.3.-Otros contra la seguridad colectiva;2013;50
ASTURIAS (PRINCIPADO DE);6.3.-Otros contra la seguridad colectiva;2012;44
ASTURIAS (PRINCIPADO DE);6.3.-Otros contra la seguridad colectiva;2011;43
ASTURIAS (PRINCIPADO DE);6.3.-Otros contra la seguridad colectiva;2010;46
ASTURIAS (PRINCIPADO DE);7. FALSEDADES;2023;439
ASTURIAS (PRINCIPADO DE);7. FALSEDADES;2022;592
ASTURIAS (PRINCIPADO DE);7. FALSEDADES;2021;411
ASTURIAS (PRINCIPADO DE);7. FALSEDADES;2020;305
ASTURIAS (PRINCIPADO DE);7. FALSEDADES;2019;220
ASTURIAS (PRINCIPADO DE);7. FALSEDADES;2018;185
ASTURIAS (PRINCIPADO DE);7. FALSEDADES;2017;178
ASTURIAS (PRINCIPADO DE);7. FALSEDADES;2016;201
ASTURIAS (PRINCIPADO DE);7. FALSEDADES;2015;188
ASTURIAS (PRINCIPADO DE);7. FALSEDADES;2014;185
ASTURIAS (PRINCIPADO DE);7. FALSEDADES;2013;157
ASTURIAS (PRINCIPADO DE);7. FALSEDADES;2012;204
ASTURIAS (PRINCIPADO DE);7. FALSEDADES;2011;179
ASTURIAS (PRINCIPADO DE);7. FALSEDADES;2010;129
ASTURIAS (PRINCIPADO DE);8. ADMÓN. PÚBLICA;2023;4
ASTURIAS (PRINCIPADO DE);8. ADMÓN. PÚBLICA;2022;2
ASTURIAS (PRINCIPADO DE);8. ADMÓN. PÚBLICA;2021;8
ASTURIAS (PRINCIPADO DE);8. ADMÓN. PÚBLICA;2020;2
ASTURIAS (PRINCIPADO DE);8. ADMÓN. PÚBLICA;2019;6
ASTURIAS (PRINCIPADO DE);8. ADMÓN. PÚBLICA;2018;3
ASTURIAS (PRINCIPADO DE);8. ADMÓN. PÚBLICA;2017;3
ASTURIAS (PRINCIPADO DE);8. ADMÓN. PÚBLICA;2016;0
ASTURIAS (PRINCIPADO DE);8. ADMÓN. PÚBLICA;2015;4
ASTURIAS (PRINCIPADO DE);8. ADMÓN. PÚBLICA;2014;0
ASTURIAS (PRINCIPADO DE);8. ADMÓN. PÚBLICA;2013;8
ASTURIAS (PRINCIPADO DE);8. ADMÓN. PÚBLICA;2012;6
ASTURIAS (PRINCIPADO DE);8. ADMÓN. PÚBLICA;2011;7
ASTURIAS (PRINCIPADO DE);8. ADMÓN. PÚBLICA;2010;2
ASTURIAS (PRINCIPADO DE);9. ADMÓN. JUSTICIA;2023;838
ASTURIAS (PRINCIPADO DE);9. ADMÓN. JUSTICIA;2022;729
ASTURIAS (PRINCIPADO DE);9. ADMÓN. JUSTICIA;2021;568
ASTURIAS (PRINCIPADO DE);9. ADMÓN. JUSTICIA;2020;560
ASTURIAS (PRINCIPADO DE);9. ADMÓN. JUSTICIA;2019;567
ASTURIAS (PRINCIPADO DE);9. ADMÓN. JUSTICIA;2018;557
ASTURIAS (PRINCIPADO DE);9. ADMÓN. JUSTICIA;2017;575
ASTURIAS (PRINCIPADO DE);9. ADMÓN. JUSTICIA;2016;512
ASTURIAS (PRINCIPADO DE);9. ADMÓN. JUSTICIA;2015;446
ASTURIAS (PRINCIPADO DE);9. ADMÓN. JUSTICIA;2014;502
ASTURIAS (PRINCIPADO DE);9. ADMÓN. JUSTICIA;2013;447
ASTURIAS (PRINCIPADO DE);9. ADMÓN. JUSTICIA;2012;408
ASTURIAS (PRINCIPADO DE);9. ADMÓN. JUSTICIA;2011;516
ASTURIAS (PRINCIPADO DE);9. ADMÓN. JUSTICIA;2010;519
ASTURIAS (PRINCIPADO DE);10. ORDEN PÚBLICO;2023;511
ASTURIAS (PRINCIPADO DE);10. ORDEN PÚBLICO;2022;506
ASTURIAS (PRINCIPADO DE);10. ORDEN PÚBLICO;2021;489
ASTURIAS (PRINCIPADO DE);10. ORDEN PÚBLICO;2020;540
ASTURIAS (PRINCIPADO DE);10. ORDEN PÚBLICO;2019;360
ASTURIAS (PRINCIPADO DE);10. ORDEN PÚBLICO;2018;376
ASTURIAS (PRINCIPADO DE);10. ORDEN PÚBLICO;2017;409
ASTURIAS (PRINCIPADO DE);10. ORDEN PÚBLICO;2016;368
ASTURIAS (PRINCIPADO DE);10. ORDEN PÚBLICO;2015;449
ASTURIAS (PRINCIPADO DE);10. ORDEN PÚBLICO;2014;626
ASTURIAS (PRINCIPADO DE);10. ORDEN PÚBLICO;2013;664
ASTURIAS (PRINCIPADO DE);10. ORDEN PÚBLICO;2012;781
ASTURIAS (PRINCIPADO DE);10. ORDEN PÚBLICO;2011;766
ASTURIAS (PRINCIPADO DE);10. ORDEN PÚBLICO;2010;708
ASTURIAS (PRINCIPADO DE);11. LEGISLACIÓN ESPECIAL;2023;5
ASTURIAS (PRINCIPADO DE);11. LEGISLACIÓN ESPECIAL;2022;1
ASTURIAS (PRINCIPADO DE);11. LEGISLACIÓN ESPECIAL;2021;1
ASTURIAS (PRINCIPADO DE);11. LEGISLACIÓN ESPECIAL;2020;1
ASTURIAS (PRINCIPADO DE);11. LEGISLACIÓN ESPECIAL;2019;2
ASTURIAS (PRINCIPADO DE);11. LEGISLACIÓN ESPECIAL;2018;0
ASTURIAS (PRINCIPADO DE);11. LEGISLACIÓN ESPECIAL;2017;1
ASTURIAS (PRINCIPADO DE);11. LEGISLACIÓN ESPECIAL;2016;0
ASTURIAS (PRINCIPADO DE);11. LEGISLACIÓN ESPECIAL;2015;0
ASTURIAS (PRINCIPADO DE);11. LEGISLACIÓN ESPECIAL;2014;2
ASTURIAS (PRINCIPADO DE);11. LEGISLACIÓN ESPECIAL;2013;1
ASTURIAS (PRINCIPADO DE);11. LEGISLACIÓN ESPECIAL;2012;1
ASTURIAS (PRINCIPADO DE);11. LEGISLACIÓN ESPECIAL;2011;0
ASTURIAS (PRINCIPADO DE);11. LEGISLACIÓN ESPECIAL;2010;2
ASTURIAS (PRINCIPADO DE);12. OTRAS INFRACCIONES PENALES;2023;257
ASTURIAS (PRINCIPADO DE);12. OTRAS INFRACCIONES PENALES;2022;238
ASTURIAS (PRINCIPADO DE);12. OTRAS INFRACCIONES PENALES;2021;226
ASTURIAS (PRINCIPADO DE);12. OTRAS INFRACCIONES PENALES;2020;176
ASTURIAS (PRINCIPADO DE);12. OTRAS INFRACCIONES PENALES;2019;205
ASTURIAS (PRINCIPADO DE);12. OTRAS INFRACCIONES PENALES;2018;233
ASTURIAS (PRINCIPADO DE);12. OTRAS INFRACCIONES PENALES;2017;205
ASTURIAS (PRINCIPADO DE);12. OTRAS INFRACCIONES PENALES;2016;230
ASTURIAS (PRINCIPADO DE);12. OTRAS INFRACCIONES PENALES;2015;149
ASTURIAS (PRINCIPADO DE);12. OTRAS INFRACCIONES PENALES;2014;80
ASTURIAS (PRINCIPADO DE);12. OTRAS INFRACCIONES PENALES;2013;87
ASTURIAS (PRINCIPADO DE);12. OTRAS INFRACCIONES PENALES;2012;82
ASTURIAS (PRINCIPADO DE);12. OTRAS INFRACCIONES PENALES;2011;75
ASTURIAS (PRINCIPADO DE);12. OTRAS INFRACCIONES PENALES;2010;102
ASTURIAS (PRINCIPADO DE);TOTAL INFRACCIONES PENALES;2023;33.888
ASTURIAS (PRINCIPADO DE);TOTAL INFRACCIONES PENALES;2022;32.093
ASTURIAS (PRINCIPADO DE);TOTAL INFRACCIONES PENALES;2021;26.340
ASTURIAS (PRINCIPADO DE);TOTAL INFRACCIONES PENALES;2020;24.324
ASTURIAS (PRINCIPADO DE);TOTAL INFRACCIONES PENALES;2019;27.163
ASTURIAS (PRINCIPADO DE);TOTAL INFRACCIONES PENALES;2018;26.433
ASTURIAS (PRINCIPADO DE);TOTAL INFRACCIONES PENALES;2017;25.652
ASTURIAS (PRINCIPADO DE);TOTAL INFRACCIONES PENALES;2016;26.093
ASTURIAS (PRINCIPADO DE);TOTAL INFRACCIONES PENALES;2015;26.982
ASTURIAS (PRINCIPADO DE);TOTAL INFRACCIONES PENALES;2014;28.430
ASTURIAS (PRINCIPADO DE);TOTAL INFRACCIONES PENALES;2013;30.049
ASTURIAS (PRINCIPADO DE);TOTAL INFRACCIONES PENALES;2012;30.164
ASTURIAS (PRINCIPADO DE);TOTAL INFRACCIONES PENALES;2011;29.158
ASTURIAS (PRINCIPADO DE);TOTAL INFRACCIONES PENALES;2010;28.481
BALEARS (ILLES);1. CONTRA LAS PERSONAS;2023;10.159
BALEARS (ILLES);1. CONTRA LAS PERSONAS;2022;9.288
BALEARS (ILLES);1. CONTRA LAS PERSONAS;2021;7.431
BALEARS (ILLES);1. CONTRA LAS PERSONAS;2020;6.407
BALEARS (ILLES);1. CONTRA LAS PERSONAS;2019;8.110
BALEARS (ILLES);1. CONTRA LAS PERSONAS;2018;7.545
BALEARS (ILLES);1. CONTRA LAS PERSONAS;2017;7.096
BALEARS (ILLES);1. CONTRA LAS PERSONAS;2016;6.609
BALEARS (ILLES);1. CONTRA LAS PERSONAS;2015;7.774
BALEARS (ILLES);1. CONTRA LAS PERSONAS;2014;9.299
BALEARS (ILLES);1. CONTRA LAS PERSONAS;2013;9.030
BALEARS (ILLES);1. CONTRA LAS PERSONAS;2012;8.966
BALEARS (ILLES);1. CONTRA LAS PERSONAS;2011;9.608
BALEARS (ILLES);1. CONTRA LAS PERSONAS;2010;8.938
BALEARS (ILLES);1.1.-Homicidios dolosos/asesinatos;2023;50
BALEARS (ILLES);1.1.-Homicidios dolosos/asesinatos;2022;39
BALEARS (ILLES);1.1.-Homicidios dolosos/asesinatos;2021;38
BALEARS (ILLES);1.1.-Homicidios dolosos/asesinatos;2020;37
BALEARS (ILLES);1.1.-Homicidios dolosos/asesinatos;2019;48
BALEARS (ILLES);1.1.-Homicidios dolosos/asesinatos;2018;44
BALEARS (ILLES);1.1.-Homicidios dolosos/asesinatos;2017;32
BALEARS (ILLES);1.1.-Homicidios dolosos/asesinatos;2016;32
BALEARS (ILLES);1.1.-Homicidios dolosos/asesinatos;2015;35
BALEARS (ILLES);1.1.-Homicidios dolosos/asesinatos;2014;33
BALEARS (ILLES);1.1.-Homicidios dolosos/asesinatos;2013;33
BALEARS (ILLES);1.1.-Homicidios dolosos/asesinatos;2012;30
BALEARS (ILLES);1.1.-Homicidios dolosos/asesinatos;2011;60
BALEARS (ILLES);1.1.-Homicidios dolosos/asesinatos;2010;41
BALEARS (ILLES);1.1.1.-Homicidios dolosos/asesinatos consumados;2023;8
BALEARS (ILLES);1.1.1.-Homicidios dolosos/asesinatos consumados;2022;3
BALEARS (ILLES);1.1.1.-Homicidios dolosos/asesinatos consumados;2021;6
BALEARS (ILLES);1.1.1.-Homicidios dolosos/asesinatos consumados;2020;7
BALEARS (ILLES);1.1.1.-Homicidios dolosos/asesinatos consumados;2019;6
BALEARS (ILLES);1.1.1.-Homicidios dolosos/asesinatos consumados;2018;8
BALEARS (ILLES);1.1.1.-Homicidios dolosos/asesinatos consumados;2017;4
BALEARS (ILLES);1.1.1.-Homicidios dolosos/asesinatos consumados;2016;9
BALEARS (ILLES);1.1.1.-Homicidios dolosos/asesinatos consumados;2015;8
BALEARS (ILLES);1.1.1.-Homicidios dolosos/asesinatos consumados;2014;12
BALEARS (ILLES);1.1.1.-Homicidios dolosos/asesinatos consumados;2013;10
BALEARS (ILLES);1.1.1.-Homicidios dolosos/asesinatos consumados;2012;5
BALEARS (ILLES);1.1.1.-Homicidios dolosos/asesinatos consumados;2011;12
BALEARS (ILLES);1.1.1.-Homicidios dolosos/asesinatos consumados;2010;6
BALEARS (ILLES);1.2.-Lesiones;2023;4.495
BALEARS (ILLES);1.2.-Lesiones;2022;4.169
BALEARS (ILLES);1.2.-Lesiones;2021;3.101
BALEARS (ILLES);1.2.-Lesiones;2020;2.765
BALEARS (ILLES);1.2.-Lesiones;2019;3.774
BALEARS (ILLES);1.2.-Lesiones;2018;3.806
BALEARS (ILLES);1.2.-Lesiones;2017;3.679
BALEARS (ILLES);1.2.-Lesiones;2016;3.456
BALEARS (ILLES);1.2.-Lesiones;2015;3.301
BALEARS (ILLES);1.2.-Lesiones;2014;3.325
BALEARS (ILLES);1.2.-Lesiones;2013;3.325
BALEARS (ILLES);1.2.-Lesiones;2012;3.387
BALEARS (ILLES);1.2.-Lesiones;2011;3.702
BALEARS (ILLES);1.2.-Lesiones;2010;3.358
BALEARS (ILLES);1.3.-Malos tratos ámbito familiar;2023;5.341
BALEARS (ILLES);1.3.-Malos tratos ámbito familiar;2022;4.868
BALEARS (ILLES);1.3.-Malos tratos ámbito familiar;2021;4.114
BALEARS (ILLES);1.3.-Malos tratos ámbito familiar;2020;3.474
BALEARS (ILLES);1.3.-Malos tratos ámbito familiar;2019;4.123
BALEARS (ILLES);1.3.-Malos tratos ámbito familiar;2018;3.558
BALEARS (ILLES);1.3.-Malos tratos ámbito familiar;2017;3.253
BALEARS (ILLES);1.3.-Malos tratos ámbito familiar;2016;3.045
BALEARS (ILLES);1.3.-Malos tratos ámbito familiar;2015;2.647
BALEARS (ILLES);1.3.-Malos tratos ámbito familiar;2014;2.502
BALEARS (ILLES);1.3.-Malos tratos ámbito familiar;2013;2.425
BALEARS (ILLES);1.3.-Malos tratos ámbito familiar;2012;2.232
BALEARS (ILLES);1.3.-Malos tratos ámbito familiar;2011;2.347
BALEARS (ILLES);1.3.-Malos tratos ámbito familiar;2010;2.137
BALEARS (ILLES);1.4.-Otros contra las personas;2023;273
BALEARS (ILLES);1.4.-Otros contra las personas;2022;212
BALEARS (ILLES);1.4.-Otros contra las personas;2021;178
BALEARS (ILLES);1.4.-Otros contra las personas;2020;131
BALEARS (ILLES);1.4.-Otros contra las personas;2019;165
BALEARS (ILLES);1.4.-Otros contra las personas;2018;137
BALEARS (ILLES);1.4.-Otros contra las personas;2017;132
BALEARS (ILLES);1.4.-Otros contra las personas;2016;76
BALEARS (ILLES);1.4.-Otros contra las personas;2015;1.791
BALEARS (ILLES);1.4.-Otros contra las personas;2014;3.439
BALEARS (ILLES);1.4.-Otros contra las personas;2013;3.247
BALEARS (ILLES);1.4.-Otros contra las personas;2012;3.317
BALEARS (ILLES);1.4.-Otros contra las personas;2011;3.499
BALEARS (ILLES);1.4.-Otros contra las personas;2010;3.402
BALEARS (ILLES);2. CONTRA LA LIBERTAD;2023;6.339
BALEARS (ILLES);2. CONTRA LA LIBERTAD;2022;5.863
BALEARS (ILLES);2. CONTRA LA LIBERTAD;2021;5.619
BALEARS (ILLES);2. CONTRA LA LIBERTAD;2020;5.083
BALEARS (ILLES);2. CONTRA LA LIBERTAD;2019;4.718
BALEARS (ILLES);2. CONTRA LA LIBERTAD;2018;4.373
BALEARS (ILLES);2. CONTRA LA LIBERTAD;2017;4.377
BALEARS (ILLES);2. CONTRA LA LIBERTAD;2016;4.258
BALEARS (ILLES);2. CONTRA LA LIBERTAD;2015;2.685
BALEARS (ILLES);2. CONTRA LA LIBERTAD;2014;1.350
BALEARS (ILLES);2. CONTRA LA LIBERTAD;2013;1.327
BALEARS (ILLES);2. CONTRA LA LIBERTAD;2012;1.384
BALEARS (ILLES);2. CONTRA LA LIBERTAD;2011;1.590
BALEARS (ILLES);2. CONTRA LA LIBERTAD;2010;1.515
BALEARS (ILLES);2.1.-Malos tratos habituales en el ámbito familiar;2023;678
BALEARS (ILLES);2.1.-Malos tratos habituales en el ámbito familiar;2022;642
BALEARS (ILLES);2.1.-Malos tratos habituales en el ámbito familiar;2021;682
BALEARS (ILLES);2.1.-Malos tratos habituales en el ámbito familiar;2020;569
BALEARS (ILLES);2.1.-Malos tratos habituales en el ámbito familiar;2019;526
BALEARS (ILLES);2.1.-Malos tratos habituales en el ámbito familiar;2018;509
BALEARS (ILLES);2.1.-Malos tratos habituales en el ámbito familiar;2017;484
BALEARS (ILLES);2.1.-Malos tratos habituales en el ámbito familiar;2016;514
BALEARS (ILLES);2.1.-Malos tratos habituales en el ámbito familiar;2015;472
BALEARS (ILLES);2.1.-Malos tratos habituales en el ámbito familiar;2014;428
BALEARS (ILLES);2.1.-Malos tratos habituales en el ámbito familiar;2013;474
BALEARS (ILLES);2.1.-Malos tratos habituales en el ámbito familiar;2012;506
BALEARS (ILLES);2.1.-Malos tratos habituales en el ámbito familiar;2011;619
BALEARS (ILLES);2.1.-Malos tratos habituales en el ámbito familiar;2010;592
BALEARS (ILLES);2.2.-Otros contra la libertad;2023;5.661
BALEARS (ILLES);2.2.-Otros contra la libertad;2022;5.221
BALEARS (ILLES);2.2.-Otros contra la libertad;2021;4.937
BALEARS (ILLES);2.2.-Otros contra la libertad;2020;4.514
BALEARS (ILLES);2.2.-Otros contra la libertad;2019;4.192
BALEARS (ILLES);2.2.-Otros contra la libertad;2018;3.864
BALEARS (ILLES);2.2.-Otros contra la libertad;2017;3.893
BALEARS (ILLES);2.2.-Otros contra la libertad;2016;3.744
BALEARS (ILLES);2.2.-Otros contra la libertad;2015;2.213
BALEARS (ILLES);2.2.-Otros contra la libertad;2014;922
BALEARS (ILLES);2.2.-Otros contra la libertad;2013;853
BALEARS (ILLES);2.2.-Otros contra la libertad;2012;878
BALEARS (ILLES);2.2.-Otros contra la libertad;2011;971
BALEARS (ILLES);2.2.-Otros contra la libertad;2010;923
BALEARS (ILLES);3. LIBERTAD SEXUAL;2023;1.050
BALEARS (ILLES);3. LIBERTAD SEXUAL;2022;915
BALEARS (ILLES);3. LIBERTAD SEXUAL;2021;777
BALEARS (ILLES);3. LIBERTAD SEXUAL;2020;520
BALEARS (ILLES);3. LIBERTAD SEXUAL;2019;743
BALEARS (ILLES);3. LIBERTAD SEXUAL;2018;584
BALEARS (ILLES);3. LIBERTAD SEXUAL;2017;517
BALEARS (ILLES);3. LIBERTAD SEXUAL;2016;442
BALEARS (ILLES);3. LIBERTAD SEXUAL;2015;411
BALEARS (ILLES);3. LIBERTAD SEXUAL;2014;394
BALEARS (ILLES);3. LIBERTAD SEXUAL;2013;406
BALEARS (ILLES);3. LIBERTAD SEXUAL;2012;383
BALEARS (ILLES);3. LIBERTAD SEXUAL;2011;419
BALEARS (ILLES);3. LIBERTAD SEXUAL;2010;426
BALEARS (ILLES);3.1.-Agresión sexual;2023;709
BALEARS (ILLES);3.1.-Agresión sexual;2022;597
BALEARS (ILLES);3.1.-Agresión sexual;2021;513
BALEARS (ILLES);3.1.-Agresión sexual;2020;305
BALEARS (ILLES);3.1.-Agresión sexual;2019;492
BALEARS (ILLES);3.1.-Agresión sexual;2018;371
BALEARS (ILLES);3.1.-Agresión sexual;2017;336
BALEARS (ILLES);3.1.-Agresión sexual;2016;256
BALEARS (ILLES);3.1.-Agresión sexual;2015;238
BALEARS (ILLES);3.1.-Agresión sexual;2014;219
BALEARS (ILLES);3.1.-Agresión sexual;2013;225
BALEARS (ILLES);3.1.-Agresión sexual;2012;211
BALEARS (ILLES);3.1.-Agresión sexual;2011;238
BALEARS (ILLES);3.1.-Agresión sexual;2010;213
BALEARS (ILLES);3.2.-Agresión sexual con penetración;2023;156
BALEARS (ILLES);3.2.-Agresión sexual con penetración;2022;157
BALEARS (ILLES);3.2.-Agresión sexual con penetración;2021;122
BALEARS (ILLES);3.2.-Agresión sexual con penetración;2020;84
BALEARS (ILLES);3.2.-Agresión sexual con penetración;2019;126
BALEARS (ILLES);3.2.-Agresión sexual con penetración;2018;108
BALEARS (ILLES);3.2.-Agresión sexual con penetración;2017;67
BALEARS (ILLES);3.2.-Agresión sexual con penetración;2016;69
BALEARS (ILLES);3.2.-Agresión sexual con penetración;2015;69
BALEARS (ILLES);3.2.-Agresión sexual con penetración;2014;77
BALEARS (ILLES);3.2.-Agresión sexual con penetración;2013;87
BALEARS (ILLES);3.2.-Agresión sexual con penetración;2012;78
BALEARS (ILLES);3.2.-Agresión sexual con penetración;2011;68
BALEARS (ILLES);3.2.-Agresión sexual con penetración;2010;65
BALEARS (ILLES);3.3.-Corrupción de menores o incapacitados;2023;21
BALEARS (ILLES);3.3.-Corrupción de menores o incapacitados;2022;23
BALEARS (ILLES);3.3.-Corrupción de menores o incapacitados;2021;19
BALEARS (ILLES);3.3.-Corrupción de menores o incapacitados;2020;28
BALEARS (ILLES);3.3.-Corrupción de menores o incapacitados;2019;14
BALEARS (ILLES);3.3.-Corrupción de menores o incapacitados;2018;16
BALEARS (ILLES);3.3.-Corrupción de menores o incapacitados;2017;9
BALEARS (ILLES);3.3.-Corrupción de menores o incapacitados;2016;27
BALEARS (ILLES);3.3.-Corrupción de menores o incapacitados;2015;17
BALEARS (ILLES);3.3.-Corrupción de menores o incapacitados;2014;19
BALEARS (ILLES);3.3.-Corrupción de menores o incapacitados;2013;18
BALEARS (ILLES);3.3.-Corrupción de menores o incapacitados;2012;20
BALEARS (ILLES);3.3.-Corrupción de menores o incapacitados;2011;15
BALEARS (ILLES);3.3.-Corrupción de menores o incapacitados;2010;16
BALEARS (ILLES);3.4.-Pornografía de menores;2023;32
BALEARS (ILLES);3.4.-Pornografía de menores;2022;14
BALEARS (ILLES);3.4.-Pornografía de menores;2021;22
BALEARS (ILLES);3.4.-Pornografía de menores;2020;17
BALEARS (ILLES);3.4.-Pornografía de menores;2019;16
BALEARS (ILLES);3.4.-Pornografía de menores;2018;17
BALEARS (ILLES);3.4.-Pornografía de menores;2017;19
BALEARS (ILLES);3.4.-Pornografía de menores;2016;17
BALEARS (ILLES);3.4.-Pornografía de menores;2015;11
BALEARS (ILLES);3.4.-Pornografía de menores;2014;23
BALEARS (ILLES);3.4.-Pornografía de menores;2013;27
BALEARS (ILLES);3.4.-Pornografía de menores;2012;13
BALEARS (ILLES);3.4.-Pornografía de menores;2011;24
BALEARS (ILLES);3.4.-Pornografía de menores;2010;43
BALEARS (ILLES);3.5.-Otros contra la libertad sexual;2023;132
BALEARS (ILLES);3.5.-Otros contra la libertad sexual;2022;124
BALEARS (ILLES);3.5.-Otros contra la libertad sexual;2021;101
BALEARS (ILLES);3.5.-Otros contra la libertad sexual;2020;86
BALEARS (ILLES);3.5.-Otros contra la libertad sexual;2019;95
BALEARS (ILLES);3.5.-Otros contra la libertad sexual;2018;72
BALEARS (ILLES);3.5.-Otros contra la libertad sexual;2017;86
BALEARS (ILLES);3.5.-Otros contra la libertad sexual;2016;73
BALEARS (ILLES);3.5.-Otros contra la libertad sexual;2015;76
BALEARS (ILLES);3.5.-Otros contra la libertad sexual;2014;56
BALEARS (ILLES);3.5.-Otros contra la libertad sexual;2013;49
BALEARS (ILLES);3.5.-Otros contra la libertad sexual;2012;61
BALEARS (ILLES);3.5.-Otros contra la libertad sexual;2011;74
BALEARS (ILLES);3.5.-Otros contra la libertad sexual;2010;89
BALEARS (ILLES);4. RELACIONES FAMILIARES;2023;237
BALEARS (ILLES);4. RELACIONES FAMILIARES;2022;280
BALEARS (ILLES);4. RELACIONES FAMILIARES;2021;270
BALEARS (ILLES);4. RELACIONES FAMILIARES;2020;194
BALEARS (ILLES);4. RELACIONES FAMILIARES;2019;188
BALEARS (ILLES);4. RELACIONES FAMILIARES;2018;168
BALEARS (ILLES);4. RELACIONES FAMILIARES;2017;180
BALEARS (ILLES);4. RELACIONES FAMILIARES;2016;212
BALEARS (ILLES);4. RELACIONES FAMILIARES;2015;234
BALEARS (ILLES);4. RELACIONES FAMILIARES;2014;255
BALEARS (ILLES);4. RELACIONES FAMILIARES;2013;274
BALEARS (ILLES);4. RELACIONES FAMILIARES;2012;258
BALEARS (ILLES);4. RELACIONES FAMILIARES;2011;212
BALEARS (ILLES);4. RELACIONES FAMILIARES;2010;161
BALEARS (ILLES);5. PATRIMONIO;2023;53.976
BALEARS (ILLES);5. PATRIMONIO;2022;53.397
BALEARS (ILLES);5. PATRIMONIO;2021;41.567
BALEARS (ILLES);5. PATRIMONIO;2020;42.187
BALEARS (ILLES);5. PATRIMONIO;2019;58.274
BALEARS (ILLES);5. PATRIMONIO;2018;55.800
BALEARS (ILLES);5. PATRIMONIO;2017;55.129
BALEARS (ILLES);5. PATRIMONIO;2016;51.859
BALEARS (ILLES);5. PATRIMONIO;2015;50.642
BALEARS (ILLES);5. PATRIMONIO;2014;52.211
BALEARS (ILLES);5. PATRIMONIO;2013;57.282
BALEARS (ILLES);5. PATRIMONIO;2012;58.202
BALEARS (ILLES);5. PATRIMONIO;2011;57.572
BALEARS (ILLES);5. PATRIMONIO;2010;54.693
BALEARS (ILLES);5.1.-Hurtos;2023;23.009
BALEARS (ILLES);5.1.-Hurtos;2022;24.460
BALEARS (ILLES);5.1.-Hurtos;2021;16.433
BALEARS (ILLES);5.1.-Hurtos;2020;12.478
BALEARS (ILLES);5.1.-Hurtos;2019;26.584
BALEARS (ILLES);5.1.-Hurtos;2018;27.629
BALEARS (ILLES);5.1.-Hurtos;2017;29.183
BALEARS (ILLES);5.1.-Hurtos;2016;27.962
BALEARS (ILLES);5.1.-Hurtos;2015;27.662
BALEARS (ILLES);5.1.-Hurtos;2014;29.784
BALEARS (ILLES);5.1.-Hurtos;2013;34.526
BALEARS (ILLES);5.1.-Hurtos;2012;33.392
BALEARS (ILLES);5.1.-Hurtos;2011;31.650
BALEARS (ILLES);5.1.-Hurtos;2010;28.551
BALEARS (ILLES);5.2.-Robos con fuerza en las cosas;2023;6.806
BALEARS (ILLES);5.2.-Robos con fuerza en las cosas;2022;7.048
BALEARS (ILLES);5.2.-Robos con fuerza en las cosas;2021;6.119
BALEARS (ILLES);5.2.-Robos con fuerza en las cosas;2020;5.724
BALEARS (ILLES);5.2.-Robos con fuerza en las cosas;2019;7.883
BALEARS (ILLES);5.2.-Robos con fuerza en las cosas;2018;7.967
BALEARS (ILLES);5.2.-Robos con fuerza en las cosas;2017;8.666
BALEARS (ILLES);5.2.-Robos con fuerza en las cosas;2016;8.737
BALEARS (ILLES);5.2.-Robos con fuerza en las cosas;2015;8.506
BALEARS (ILLES);5.2.-Robos con fuerza en las cosas;2014;9.219
BALEARS (ILLES);5.2.-Robos con fuerza en las cosas;2013;10.050
BALEARS (ILLES);5.2.-Robos con fuerza en las cosas;2012;11.756
BALEARS (ILLES);5.2.-Robos con fuerza en las cosas;2011;13.000
BALEARS (ILLES);5.2.-Robos con fuerza en las cosas;2010;13.221
BALEARS (ILLES);5.2.1.-Robos con fuerza en las cosas en el interior de vehículos;2023;3.195
BALEARS (ILLES);5.2.1.-Robos con fuerza en las cosas en el interior de vehículos;2022;3.192
BALEARS (ILLES);5.2.1.-Robos con fuerza en las cosas en el interior de vehículos;2021;2.582
BALEARS (ILLES);5.2.1.-Robos con fuerza en las cosas en el interior de vehículos;2020;2.257
BALEARS (ILLES);5.2.1.-Robos con fuerza en las cosas en el interior de vehículos;2019;2.893
BALEARS (ILLES);5.2.1.-Robos con fuerza en las cosas en el interior de vehículos;2018;2.455
BALEARS (ILLES);5.2.1.-Robos con fuerza en las cosas en el interior de vehículos;2017;2.895
BALEARS (ILLES);5.2.1.-Robos con fuerza en las cosas en el interior de vehículos;2016;2.965
BALEARS (ILLES);5.2.1.-Robos con fuerza en las cosas en el interior de vehículos;2015;2.528
BALEARS (ILLES);5.2.1.-Robos con fuerza en las cosas en el interior de vehículos;2014;2.878
BALEARS (ILLES);5.2.1.-Robos con fuerza en las cosas en el interior de vehículos;2013;3.037
BALEARS (ILLES);5.2.1.-Robos con fuerza en las cosas en el interior de vehículos;2012;3.694
BALEARS (ILLES);5.2.1.-Robos con fuerza en las cosas en el interior de vehículos;2011;4.211
BALEARS (ILLES);5.2.1.-Robos con fuerza en las cosas en el interior de vehículos;2010;2.774
BALEARS (ILLES);5.2.2.-Robos con fuerza en viviendas;2023;1.937
BALEARS (ILLES);5.2.2.-Robos con fuerza en viviendas;2022;2.174
BALEARS (ILLES);5.2.2.-Robos con fuerza en viviendas;2021;1.921
BALEARS (ILLES);5.2.2.-Robos con fuerza en viviendas;2020;1.857
BALEARS (ILLES);5.2.2.-Robos con fuerza en viviendas;2019;2.598
BALEARS (ILLES);5.2.2.-Robos con fuerza en viviendas;2018;3.067
BALEARS (ILLES);5.2.2.-Robos con fuerza en viviendas;2017;3.125
BALEARS (ILLES);5.2.2.-Robos con fuerza en viviendas;2016;3.104
BALEARS (ILLES);5.2.2.-Robos con fuerza en viviendas;2015;3.323
BALEARS (ILLES);5.2.2.-Robos con fuerza en viviendas;2014;3.608
BALEARS (ILLES);5.2.2.-Robos con fuerza en viviendas;2013;3.540
BALEARS (ILLES);5.2.2.-Robos con fuerza en viviendas;2012;4.337
BALEARS (ILLES);5.2.2.-Robos con fuerza en viviendas;2011;2.921
BALEARS (ILLES);5.2.2.-Robos con fuerza en viviendas;2010;3.476
BALEARS (ILLES);5.2.3.-Robos con fuerza en establecimientos;2023;738
BALEARS (ILLES);5.2.3.-Robos con fuerza en establecimientos;2022;748
BALEARS (ILLES);5.2.3.-Robos con fuerza en establecimientos;2021;725
BALEARS (ILLES);5.2.3.-Robos con fuerza en establecimientos;2020;748
BALEARS (ILLES);5.2.3.-Robos con fuerza en establecimientos;2019;965
BALEARS (ILLES);5.2.3.-Robos con fuerza en establecimientos;2018;1.030
BALEARS (ILLES);5.2.3.-Robos con fuerza en establecimientos;2017;1.145
BALEARS (ILLES);5.2.3.-Robos con fuerza en establecimientos;2016;1.138
BALEARS (ILLES);5.2.3.-Robos con fuerza en establecimientos;2015;1.042
BALEARS (ILLES);5.2.3.-Robos con fuerza en establecimientos;2014;1.027
BALEARS (ILLES);5.2.3.-Robos con fuerza en establecimientos;2013;1.300
BALEARS (ILLES);5.2.3.-Robos con fuerza en establecimientos;2012;1.346
BALEARS (ILLES);5.2.3.-Robos con fuerza en establecimientos;2011;1.945
BALEARS (ILLES);5.2.3.-Robos con fuerza en establecimientos;2010;2.468
BALEARS (ILLES);5.3.-Robos con violencia o intimidación;2023;1.519
BALEARS (ILLES);5.3.-Robos con violencia o intimidación;2022;1.272
BALEARS (ILLES);5.3.-Robos con violencia o intimidación;2021;896
BALEARS (ILLES);5.3.-Robos con violencia o intimidación;2020;749
BALEARS (ILLES);5.3.-Robos con violencia o intimidación;2019;1.314
BALEARS (ILLES);5.3.-Robos con violencia o intimidación;2018;1.230
BALEARS (ILLES);5.3.-Robos con violencia o intimidación;2017;1.354
BALEARS (ILLES);5.3.-Robos con violencia o intimidación;2016;1.186
BALEARS (ILLES);5.3.-Robos con violencia o intimidación;2015;1.069
BALEARS (ILLES);5.3.-Robos con violencia o intimidación;2014;1.217
BALEARS (ILLES);5.3.-Robos con violencia o intimidación;2013;1.319
BALEARS (ILLES);5.3.-Robos con violencia o intimidación;2012;1.585
BALEARS (ILLES);5.3.-Robos con violencia o intimidación;2011;1.608
BALEARS (ILLES);5.3.-Robos con violencia o intimidación;2010;1.476
BALEARS (ILLES);5.3.1.-Robos con violencia en vía pública;2023;994
BALEARS (ILLES);5.3.1.-Robos con violencia en vía pública;2022;811
BALEARS (ILLES);5.3.1.-Robos con violencia en vía pública;2021;571
BALEARS (ILLES);5.3.1.-Robos con violencia en vía pública;2020;465
BALEARS (ILLES);5.3.1.-Robos con violencia en vía pública;2019;843
BALEARS (ILLES);5.3.1.-Robos con violencia en vía pública;2018;771
BALEARS (ILLES);5.3.1.-Robos con violencia en vía pública;2017;899
BALEARS (ILLES);5.3.1.-Robos con violencia en vía pública;2016;721
BALEARS (ILLES);5.3.1.-Robos con violencia en vía pública;2015;652
BALEARS (ILLES);5.3.1.-Robos con violencia en vía pública;2014;769
BALEARS (ILLES);5.3.1.-Robos con violencia en vía pública;2013;851
BALEARS (ILLES);5.3.1.-Robos con violencia en vía pública;2012;1.031
BALEARS (ILLES);5.3.1.-Robos con violencia en vía pública;2011;939
BALEARS (ILLES);5.3.1.-Robos con violencia en vía pública;2010;1.031
BALEARS (ILLES);5.3.2.-Robos con violencia en viviendas;2023;82
BALEARS (ILLES);5.3.2.-Robos con violencia en viviendas;2022;88
BALEARS (ILLES);5.3.2.-Robos con violencia en viviendas;2021;79
BALEARS (ILLES);5.3.2.-Robos con violencia en viviendas;2020;72
BALEARS (ILLES);5.3.2.-Robos con violencia en viviendas;2019;85
BALEARS (ILLES);5.3.2.-Robos con violencia en viviendas;2018;89
BALEARS (ILLES);5.3.2.-Robos con violencia en viviendas;2017;68
BALEARS (ILLES);5.3.2.-Robos con violencia en viviendas;2016;78
BALEARS (ILLES);5.3.2.-Robos con violencia en viviendas;2015;61
BALEARS (ILLES);5.3.2.-Robos con violencia en viviendas;2014;89
BALEARS (ILLES);5.3.2.-Robos con violencia en viviendas;2013;78
BALEARS (ILLES);5.3.2.-Robos con violencia en viviendas;2012;101
BALEARS (ILLES);5.3.2.-Robos con violencia en viviendas;2011;82
BALEARS (ILLES);5.3.2.-Robos con violencia en viviendas;2010;73
BALEARS (ILLES);5.3.3.-Robos con violencia en establecimientos;2023;228
BALEARS (ILLES);5.3.3.-Robos con violencia en establecimientos;2022;167
BALEARS (ILLES);5.3.3.-Robos con violencia en establecimientos;2021;118
BALEARS (ILLES);5.3.3.-Robos con violencia en establecimientos;2020;113
BALEARS (ILLES);5.3.3.-Robos con violencia en establecimientos;2019;164
BALEARS (ILLES);5.3.3.-Robos con violencia en establecimientos;2018;157
BALEARS (ILLES);5.3.3.-Robos con violencia en establecimientos;2017;186
BALEARS (ILLES);5.3.3.-Robos con violencia en establecimientos;2016;175
BALEARS (ILLES);5.3.3.-Robos con violencia en establecimientos;2015;141
BALEARS (ILLES);5.3.3.-Robos con violencia en establecimientos;2014;150
BALEARS (ILLES);5.3.3.-Robos con violencia en establecimientos;2013;169
BALEARS (ILLES);5.3.3.-Robos con violencia en establecimientos;2012;190
BALEARS (ILLES);5.3.3.-Robos con violencia en establecimientos;2011;156
BALEARS (ILLES);5.3.3.-Robos con violencia en establecimientos;2010;189
BALEARS (ILLES);5.4.-Sustracción de vehículos;2023;1.832
BALEARS (ILLES);5.4.-Sustracción de vehículos;2022;1.564
BALEARS (ILLES);5.4.-Sustracción de vehículos;2021;1.073
BALEARS (ILLES);5.4.-Sustracción de vehículos;2020;1.021
BALEARS (ILLES);5.4.-Sustracción de vehículos;2019;1.429
BALEARS (ILLES);5.4.-Sustracción de vehículos;2018;1.432
BALEARS (ILLES);5.4.-Sustracción de vehículos;2017;1.717
BALEARS (ILLES);5.4.-Sustracción de vehículos;2016;1.925
BALEARS (ILLES);5.4.-Sustracción de vehículos;2015;1.770
BALEARS (ILLES);5.4.-Sustracción de vehículos;2014;1.445
BALEARS (ILLES);5.4.-Sustracción de vehículos;2013;1.582
BALEARS (ILLES);5.4.-Sustracción de vehículos;2012;1.650
BALEARS (ILLES);5.4.-Sustracción de vehículos;2011;1.861
BALEARS (ILLES);5.4.-Sustracción de vehículos;2010;1.970
BALEARS (ILLES);5.5.-Estafas;2023;13.522
BALEARS (ILLES);5.5.-Estafas;2022;11.589
BALEARS (ILLES);5.5.-Estafas;2021;10.035
BALEARS (ILLES);5.5.-Estafas;2020;15.850
BALEARS (ILLES);5.5.-Estafas;2019;13.091
BALEARS (ILLES);5.5.-Estafas;2018;9.821
BALEARS (ILLES);5.5.-Estafas;2017;6.699
BALEARS (ILLES);5.5.-Estafas;2016;5.028
BALEARS (ILLES);5.5.-Estafas;2015;4.744
BALEARS (ILLES);5.5.-Estafas;2014;3.651
BALEARS (ILLES);5.5.-Estafas;2013;3.221
BALEARS (ILLES);5.5.-Estafas;2012;3.177
BALEARS (ILLES);5.5.-Estafas;2011;2.826
BALEARS (ILLES);5.5.-Estafas;2010;2.634
BALEARS (ILLES);5.5.1.-Estafas informáticas;2023;10.299
BALEARS (ILLES);5.5.1.-Estafas informáticas;2022;7.452
BALEARS (ILLES);5.5.1.-Estafas informáticas;2021;7.005
BALEARS (ILLES);5.5.1.-Estafas informáticas;2020;10.879
BALEARS (ILLES);5.5.1.-Estafas informáticas;2019;7.702
BALEARS (ILLES);5.5.1.-Estafas informáticas;2018;5.491
BALEARS (ILLES);5.5.1.-Estafas informáticas;2017;3.156
BALEARS (ILLES);5.5.1.-Estafas informáticas;2016;2.113
BALEARS (ILLES);5.5.1.-Estafas informáticas;2015;2.264
BALEARS (ILLES);5.5.1.-Estafas informáticas;2014;1.304
BALEARS (ILLES);5.5.1.-Estafas informáticas;2013;1.049
BALEARS (ILLES);5.5.1.-Estafas informáticas;2012;956
BALEARS (ILLES);5.5.1.-Estafas informáticas;2011;749
BALEARS (ILLES);5.5.1.-Estafas informáticas;2010;546
BALEARS (ILLES);5.6.-Daños;2023;4.912
BALEARS (ILLES);5.6.-Daños;2022;5.284
BALEARS (ILLES);5.6.-Daños;2021;5.010
BALEARS (ILLES);5.6.-Daños;2020;4.596
BALEARS (ILLES);5.6.-Daños;2019;5.625
BALEARS (ILLES);5.6.-Daños;2018;5.479
BALEARS (ILLES);5.6.-Daños;2017;5.290
BALEARS (ILLES);5.6.-Daños;2016;5.064
BALEARS (ILLES);5.6.-Daños;2015;4.994
BALEARS (ILLES);5.6.-Daños;2014;4.949
BALEARS (ILLES);5.6.-Daños;2013;4.821
BALEARS (ILLES);5.6.-Daños;2012;5.391
BALEARS (ILLES);5.6.-Daños;2011;5.573
BALEARS (ILLES);5.6.-Daños;2010;5.763
BALEARS (ILLES);5.7.-Contra la propiedad intelectual/industrial;2023;89
BALEARS (ILLES);5.7.-Contra la propiedad intelectual/industrial;2022;72
BALEARS (ILLES);5.7.-Contra la propiedad intelectual/industrial;2021;74
BALEARS (ILLES);5.7.-Contra la propiedad intelectual/industrial;2020;31
BALEARS (ILLES);5.7.-Contra la propiedad intelectual/industrial;2019;133
BALEARS (ILLES);5.7.-Contra la propiedad intelectual/industrial;2018;109
BALEARS (ILLES);5.7.-Contra la propiedad intelectual/industrial;2017;77
BALEARS (ILLES);5.7.-Contra la propiedad intelectual/industrial;2016;91
BALEARS (ILLES);5.7.-Contra la propiedad intelectual/industrial;2015;116
BALEARS (ILLES);5.7.-Contra la propiedad intelectual/industrial;2014;140
BALEARS (ILLES);5.7.-Contra la propiedad intelectual/industrial;2013;113
BALEARS (ILLES);5.7.-Contra la propiedad intelectual/industrial;2012;83
BALEARS (ILLES);5.7.-Contra la propiedad intelectual/industrial;2011;79
BALEARS (ILLES);5.7.-Contra la propiedad intelectual/industrial;2010;89
BALEARS (ILLES);5.8.-Blanqueo de capitales;2023;7
BALEARS (ILLES);5.8.-Blanqueo de capitales;2022;9
BALEARS (ILLES);5.8.-Blanqueo de capitales;2021;4
BALEARS (ILLES);5.8.-Blanqueo de capitales;2020;8
BALEARS (ILLES);5.8.-Blanqueo de capitales;2019;8
BALEARS (ILLES);5.8.-Blanqueo de capitales;2018;5
BALEARS (ILLES);5.8.-Blanqueo de capitales;2017;4
BALEARS (ILLES);5.8.-Blanqueo de capitales;2016;4
BALEARS (ILLES);5.8.-Blanqueo de capitales;2015;8
BALEARS (ILLES);5.8.-Blanqueo de capitales;2014;6
BALEARS (ILLES);5.8.-Blanqueo de capitales;2013;4
BALEARS (ILLES);5.8.-Blanqueo de capitales;2012;4
BALEARS (ILLES);5.8.-Blanqueo de capitales;2011;10
BALEARS (ILLES);5.8.-Blanqueo de capitales;2010;10
BALEARS (ILLES);5.9.-Otros contra el patrimonio;2023;2.280
BALEARS (ILLES);5.9.-Otros contra el patrimonio;2022;2.099
BALEARS (ILLES);5.9.-Otros contra el patrimonio;2021;1.923
BALEARS (ILLES);5.9.-Otros contra el patrimonio;2020;1.730
BALEARS (ILLES);5.9.-Otros contra el patrimonio;2019;2.207
BALEARS (ILLES);5.9.-Otros contra el patrimonio;2018;2.128
BALEARS (ILLES);5.9.-Otros contra el patrimonio;2017;2.139
BALEARS (ILLES);5.9.-Otros contra el patrimonio;2016;1.862
BALEARS (ILLES);5.9.-Otros contra el patrimonio;2015;1.773
BALEARS (ILLES);5.9.-Otros contra el patrimonio;2014;1.800
BALEARS (ILLES);5.9.-Otros contra el patrimonio;2013;1.646
BALEARS (ILLES);5.9.-Otros contra el patrimonio;2012;1.164
BALEARS (ILLES);5.9.-Otros contra el patrimonio;2011;965
BALEARS (ILLES);5.9.-Otros contra el patrimonio;2010;979
BALEARS (ILLES);6. SEGURIDAD COLECTIVA;2023;2.871
BALEARS (ILLES);6. SEGURIDAD COLECTIVA;2022;2.458
BALEARS (ILLES);6. SEGURIDAD COLECTIVA;2021;1.988
BALEARS (ILLES);6. SEGURIDAD COLECTIVA;2020;2.132
BALEARS (ILLES);6. SEGURIDAD COLECTIVA;2019;2.880
BALEARS (ILLES);6. SEGURIDAD COLECTIVA;2018;2.676
BALEARS (ILLES);6. SEGURIDAD COLECTIVA;2017;2.534
BALEARS (ILLES);6. SEGURIDAD COLECTIVA;2016;2.332
BALEARS (ILLES);6. SEGURIDAD COLECTIVA;2015;2.517
BALEARS (ILLES);6. SEGURIDAD COLECTIVA;2014;2.810
BALEARS (ILLES);6. SEGURIDAD COLECTIVA;2013;3.052
BALEARS (ILLES);6. SEGURIDAD COLECTIVA;2012;2.948
BALEARS (ILLES);6. SEGURIDAD COLECTIVA;2011;2.524
BALEARS (ILLES);6. SEGURIDAD COLECTIVA;2010;2.078
BALEARS (ILLES);6.1.-Tráfico de drogas;2023;776
BALEARS (ILLES);6.1.-Tráfico de drogas;2022;627
BALEARS (ILLES);6.1.-Tráfico de drogas;2021;389
BALEARS (ILLES);6.1.-Tráfico de drogas;2020;431
BALEARS (ILLES);6.1.-Tráfico de drogas;2019;656
BALEARS (ILLES);6.1.-Tráfico de drogas;2018;514
BALEARS (ILLES);6.1.-Tráfico de drogas;2017;483
BALEARS (ILLES);6.1.-Tráfico de drogas;2016;500
BALEARS (ILLES);6.1.-Tráfico de drogas;2015;419
BALEARS (ILLES);6.1.-Tráfico de drogas;2014;560
BALEARS (ILLES);6.1.-Tráfico de drogas;2013;561
BALEARS (ILLES);6.1.-Tráfico de drogas;2012;435
BALEARS (ILLES);6.1.-Tráfico de drogas;2011;436
BALEARS (ILLES);6.1.-Tráfico de drogas;2010;320
BALEARS (ILLES);6.2.-Contra la seguridad vial;2023;1.892
BALEARS (ILLES);6.2.-Contra la seguridad vial;2022;1.692
BALEARS (ILLES);6.2.-Contra la seguridad vial;2021;1.532
BALEARS (ILLES);6.2.-Contra la seguridad vial;2020;1.637
BALEARS (ILLES);6.2.-Contra la seguridad vial;2019;2.051
BALEARS (ILLES);6.2.-Contra la seguridad vial;2018;1.997
BALEARS (ILLES);6.2.-Contra la seguridad vial;2017;1.973
BALEARS (ILLES);6.2.-Contra la seguridad vial;2016;1.764
BALEARS (ILLES);6.2.-Contra la seguridad vial;2015;2.017
BALEARS (ILLES);6.2.-Contra la seguridad vial;2014;2.154
BALEARS (ILLES);6.2.-Contra la seguridad vial;2013;2.413
BALEARS (ILLES);6.2.-Contra la seguridad vial;2012;2.421
BALEARS (ILLES);6.2.-Contra la seguridad vial;2011;1.988
BALEARS (ILLES);6.2.-Contra la seguridad vial;2010;1.638
BALEARS (ILLES);6.3.-Otros contra la seguridad colectiva;2023;203
BALEARS (ILLES);6.3.-Otros contra la seguridad colectiva;2022;139
BALEARS (ILLES);6.3.-Otros contra la seguridad colectiva;2021;67
BALEARS (ILLES);6.3.-Otros contra la seguridad colectiva;2020;64
BALEARS (ILLES);6.3.-Otros contra la seguridad colectiva;2019;173
BALEARS (ILLES);6.3.-Otros contra la seguridad colectiva;2018;165
BALEARS (ILLES);6.3.-Otros contra la seguridad colectiva;2017;78
BALEARS (ILLES);6.3.-Otros contra la seguridad colectiva;2016;68
BALEARS (ILLES);6.3.-Otros contra la seguridad colectiva;2015;81
BALEARS (ILLES);6.3.-Otros contra la seguridad colectiva;2014;96
BALEARS (ILLES);6.3.-Otros contra la seguridad colectiva;2013;78
BALEARS (ILLES);6.3.-Otros contra la seguridad colectiva;2012;92
BALEARS (ILLES);6.3.-Otros contra la seguridad colectiva;2011;100
BALEARS (ILLES);6.3.-Otros contra la seguridad colectiva;2010;120
BALEARS (ILLES);7. FALSEDADES;2023;912
BALEARS (ILLES);7. FALSEDADES;2022;1.045
BALEARS (ILLES);7. FALSEDADES;2021;1.008
BALEARS (ILLES);7. FALSEDADES;2020;671
BALEARS (ILLES);7. FALSEDADES;2019;716
BALEARS (ILLES);7. FALSEDADES;2018;639
BALEARS (ILLES);7. FALSEDADES;2017;476
BALEARS (ILLES);7. FALSEDADES;2016;479
BALEARS (ILLES);7. FALSEDADES;2015;417
BALEARS (ILLES);7. FALSEDADES;2014;380
BALEARS (ILLES);7. FALSEDADES;2013;405
BALEARS (ILLES);7. FALSEDADES;2012;419
BALEARS (ILLES);7. FALSEDADES;2011;450
BALEARS (ILLES);7. FALSEDADES;2010;388
BALEARS (ILLES);8. ADMÓN. PÚBLICA;2023;18
BALEARS (ILLES);8. ADMÓN. PÚBLICA;2022;22
BALEARS (ILLES);8. ADMÓN. PÚBLICA;2021;7
BALEARS (ILLES);8. ADMÓN. PÚBLICA;2020;16
BALEARS (ILLES);8. ADMÓN. PÚBLICA;2019;11
BALEARS (ILLES);8. ADMÓN. PÚBLICA;2018;6
BALEARS (ILLES);8. ADMÓN. PÚBLICA;2017;18
BALEARS (ILLES);8. ADMÓN. PÚBLICA;2016;27
BALEARS (ILLES);8. ADMÓN. PÚBLICA;2015;8
BALEARS (ILLES);8. ADMÓN. PÚBLICA;2014;15
BALEARS (ILLES);8. ADMÓN. PÚBLICA;2013;7
BALEARS (ILLES);8. ADMÓN. PÚBLICA;2012;15
BALEARS (ILLES);8. ADMÓN. PÚBLICA;2011;24
BALEARS (ILLES);8. ADMÓN. PÚBLICA;2010;20
BALEARS (ILLES);9. ADMÓN. JUSTICIA;2023;1.667
BALEARS (ILLES);9. ADMÓN. JUSTICIA;2022;1.499
BALEARS (ILLES);9. ADMÓN. JUSTICIA;2021;1.357
BALEARS (ILLES);9. ADMÓN. JUSTICIA;2020;1.215
BALEARS (ILLES);9. ADMÓN. JUSTICIA;2019;1.095
BALEARS (ILLES);9. ADMÓN. JUSTICIA;2018;963
BALEARS (ILLES);9. ADMÓN. JUSTICIA;2017;950
BALEARS (ILLES);9. ADMÓN. JUSTICIA;2016;980
BALEARS (ILLES);9. ADMÓN. JUSTICIA;2015;916
BALEARS (ILLES);9. ADMÓN. JUSTICIA;2014;846
BALEARS (ILLES);9. ADMÓN. JUSTICIA;2013;798
BALEARS (ILLES);9. ADMÓN. JUSTICIA;2012;781
BALEARS (ILLES);9. ADMÓN. JUSTICIA;2011;832
BALEARS (ILLES);9. ADMÓN. JUSTICIA;2010;888
BALEARS (ILLES);10. ORDEN PÚBLICO;2023;914
BALEARS (ILLES);10. ORDEN PÚBLICO;2022;884
BALEARS (ILLES);10. ORDEN PÚBLICO;2021;718
BALEARS (ILLES);10. ORDEN PÚBLICO;2020;1.047
BALEARS (ILLES);10. ORDEN PÚBLICO;2019;652
BALEARS (ILLES);10. ORDEN PÚBLICO;2018;599
BALEARS (ILLES);10. ORDEN PÚBLICO;2017;634
BALEARS (ILLES);10. ORDEN PÚBLICO;2016;643
BALEARS (ILLES);10. ORDEN PÚBLICO;2015;791
BALEARS (ILLES);10. ORDEN PÚBLICO;2014;947
BALEARS (ILLES);10. ORDEN PÚBLICO;2013;1.009
BALEARS (ILLES);10. ORDEN PÚBLICO;2012;1.003
BALEARS (ILLES);10. ORDEN PÚBLICO;2011;1.000
BALEARS (ILLES);10. ORDEN PÚBLICO;2010;854
BALEARS (ILLES);11. LEGISLACIÓN ESPECIAL;2023;3
BALEARS (ILLES);11. LEGISLACIÓN ESPECIAL;2022;1
BALEARS (ILLES);11. LEGISLACIÓN ESPECIAL;2021;0
BALEARS (ILLES);11. LEGISLACIÓN ESPECIAL;2020;1
BALEARS (ILLES);11. LEGISLACIÓN ESPECIAL;2019;0
BALEARS (ILLES);11. LEGISLACIÓN ESPECIAL;2018;2
BALEARS (ILLES);11. LEGISLACIÓN ESPECIAL;2017;0
BALEARS (ILLES);11. LEGISLACIÓN ESPECIAL;2016;3
BALEARS (ILLES);11. LEGISLACIÓN ESPECIAL;2015;2
BALEARS (ILLES);11. LEGISLACIÓN ESPECIAL;2014;3
BALEARS (ILLES);11. LEGISLACIÓN ESPECIAL;2013;1
BALEARS (ILLES);11. LEGISLACIÓN ESPECIAL;2012;0
BALEARS (ILLES);11. LEGISLACIÓN ESPECIAL;2011;0
BALEARS (ILLES);11. LEGISLACIÓN ESPECIAL;2010;1
BALEARS (ILLES);12. OTRAS INFRACCIONES PENALES;2023;363
BALEARS (ILLES);12. OTRAS INFRACCIONES PENALES;2022;330
BALEARS (ILLES);12. OTRAS INFRACCIONES PENALES;2021;273
BALEARS (ILLES);12. OTRAS INFRACCIONES PENALES;2020;277
BALEARS (ILLES);12. OTRAS INFRACCIONES PENALES;2019;275
BALEARS (ILLES);12. OTRAS INFRACCIONES PENALES;2018;306
BALEARS (ILLES);12. OTRAS INFRACCIONES PENALES;2017;246
BALEARS (ILLES);12. OTRAS INFRACCIONES PENALES;2016;316
BALEARS (ILLES);12. OTRAS INFRACCIONES PENALES;2015;283
BALEARS (ILLES);12. OTRAS INFRACCIONES PENALES;2014;237
BALEARS (ILLES);12. OTRAS INFRACCIONES PENALES;2013;242
BALEARS (ILLES);12. OTRAS INFRACCIONES PENALES;2012;199
BALEARS (ILLES);12. OTRAS INFRACCIONES PENALES;2011;224
BALEARS (ILLES);12. OTRAS INFRACCIONES PENALES;2010;200
BALEARS (ILLES);TOTAL INFRACCIONES PENALES;2023;78.509
BALEARS (ILLES);TOTAL INFRACCIONES PENALES;2022;75.982
BALEARS (ILLES);TOTAL INFRACCIONES PENALES;2021;61.015
BALEARS (ILLES);TOTAL INFRACCIONES PENALES;2020;59.750
BALEARS (ILLES);TOTAL INFRACCIONES PENALES;2019;77.662
BALEARS (ILLES);TOTAL INFRACCIONES PENALES;2018;73.661
BALEARS (ILLES);TOTAL INFRACCIONES PENALES;2017;72.157
BALEARS (ILLES);TOTAL INFRACCIONES PENALES;2016;68.160
BALEARS (ILLES);TOTAL INFRACCIONES PENALES;2015;66.680
BALEARS (ILLES);TOTAL INFRACCIONES PENALES;2014;68.747
BALEARS (ILLES);TOTAL INFRACCIONES PENALES;2013;73.833
BALEARS (ILLES);TOTAL INFRACCIONES PENALES;2012;74.558
BALEARS (ILLES);TOTAL INFRACCIONES PENALES;2011;74.455
BALEARS (ILLES);TOTAL INFRACCIONES PENALES;2010;70.162
CANARIAS;1. CONTRA LAS PERSONAS;2023;15.210
CANARIAS;1. CONTRA LAS PERSONAS;2022;13.601
CANARIAS;1. CONTRA LAS PERSONAS;2021;12.465
CANARIAS;1. CONTRA LAS PERSONAS;2020;11.643
CANARIAS;1. CONTRA LAS PERSONAS;2019;12.396
CANARIAS;1. CONTRA LAS PERSONAS;2018;11.805
CANARIAS;1. CONTRA LAS PERSONAS;2017;11.744
CANARIAS;1. CONTRA LAS PERSONAS;2016;11.021
CANARIAS;1. CONTRA LAS PERSONAS;2015;15.540
CANARIAS;1. CONTRA LAS PERSONAS;2014;19.560
CANARIAS;1. CONTRA LAS PERSONAS;2013;19.224
CANARIAS;1. CONTRA LAS PERSONAS;2012;19.993
CANARIAS;1. CONTRA LAS PERSONAS;2011;21.243
CANARIAS;1. CONTRA LAS PERSONAS;2010;21.268
CANARIAS;1.1.-Homicidios dolosos/asesinatos;2023;77
CANARIAS;1.1.-Homicidios dolosos/asesinatos;2022;60
CANARIAS;1.1.-Homicidios dolosos/asesinatos;2021;53
CANARIAS;1.1.-Homicidios dolosos/asesinatos;2020;54
CANARIAS;1.1.-Homicidios dolosos/asesinatos;2019;64
CANARIAS;1.1.-Homicidios dolosos/asesinatos;2018;66
CANARIAS;1.1.-Homicidios dolosos/asesinatos;2017;56
CANARIAS;1.1.-Homicidios dolosos/asesinatos;2016;65
CANARIAS;1.1.-Homicidios dolosos/asesinatos;2015;64
CANARIAS;1.1.-Homicidios dolosos/asesinatos;2014;55
CANARIAS;1.1.-Homicidios dolosos/asesinatos;2013;50
CANARIAS;1.1.-Homicidios dolosos/asesinatos;2012;55
CANARIAS;1.1.-Homicidios dolosos/asesinatos;2011;58
CANARIAS;1.1.-Homicidios dolosos/asesinatos;2010;61
CANARIAS;1.1.1.-Homicidios dolosos/asesinatos consumados;2023;17
CANARIAS;1.1.1.-Homicidios dolosos/asesinatos consumados;2022;13
CANARIAS;1.1.1.-Homicidios dolosos/asesinatos consumados;2021;16
CANARIAS;1.1.1.-Homicidios dolosos/asesinatos consumados;2020;12
CANARIAS;1.1.1.-Homicidios dolosos/asesinatos consumados;2019;20
CANARIAS;1.1.1.-Homicidios dolosos/asesinatos consumados;2018;25
CANARIAS;1.1.1.-Homicidios dolosos/asesinatos consumados;2017;20
CANARIAS;1.1.1.-Homicidios dolosos/asesinatos consumados;2016;21
CANARIAS;1.1.1.-Homicidios dolosos/asesinatos consumados;2015;20
CANARIAS;1.1.1.-Homicidios dolosos/asesinatos consumados;2014;12
CANARIAS;1.1.1.-Homicidios dolosos/asesinatos consumados;2013;13
CANARIAS;1.1.1.-Homicidios dolosos/asesinatos consumados;2012;15
CANARIAS;1.1.1.-Homicidios dolosos/asesinatos consumados;2011;17
CANARIAS;1.1.1.-Homicidios dolosos/asesinatos consumados;2010;17
CANARIAS;1.2.-Lesiones;2023;7.847
CANARIAS;1.2.-Lesiones;2022;7.038
CANARIAS;1.2.-Lesiones;2021;6.534
CANARIAS;1.2.-Lesiones;2020;5.938
CANARIAS;1.2.-Lesiones;2019;6.922
CANARIAS;1.2.-Lesiones;2018;6.629
CANARIAS;1.2.-Lesiones;2017;6.892
CANARIAS;1.2.-Lesiones;2016;6.370
CANARIAS;1.2.-Lesiones;2015;6.409
CANARIAS;1.2.-Lesiones;2014;6.075
CANARIAS;1.2.-Lesiones;2013;6.408
CANARIAS;1.2.-Lesiones;2012;6.839
CANARIAS;1.2.-Lesiones;2011;6.839
CANARIAS;1.2.-Lesiones;2010;7.562
CANARIAS;1.3.-Malos tratos ámbito familiar;2023;6.765
CANARIAS;1.3.-Malos tratos ámbito familiar;2022;6.060
CANARIAS;1.3.-Malos tratos ámbito familiar;2021;5.498
CANARIAS;1.3.-Malos tratos ámbito familiar;2020;5.333
CANARIAS;1.3.-Malos tratos ámbito familiar;2019;5.042
CANARIAS;1.3.-Malos tratos ámbito familiar;2018;4.775
CANARIAS;1.3.-Malos tratos ámbito familiar;2017;4.650
CANARIAS;1.3.-Malos tratos ámbito familiar;2016;4.487
CANARIAS;1.3.-Malos tratos ámbito familiar;2015;4.346
CANARIAS;1.3.-Malos tratos ámbito familiar;2014;3.927
CANARIAS;1.3.-Malos tratos ámbito familiar;2013;4.024
CANARIAS;1.3.-Malos tratos ámbito familiar;2012;3.935
CANARIAS;1.3.-Malos tratos ámbito familiar;2011;4.109
CANARIAS;1.3.-Malos tratos ámbito familiar;2010;3.512
CANARIAS;1.4.-Otros contra las personas;2023;521
CANARIAS;1.4.-Otros contra las personas;2022;443
CANARIAS;1.4.-Otros contra las personas;2021;380
CANARIAS;1.4.-Otros contra las personas;2020;318
CANARIAS;1.4.-Otros contra las personas;2019;368
CANARIAS;1.4.-Otros contra las personas;2018;335
CANARIAS;1.4.-Otros contra las personas;2017;146
CANARIAS;1.4.-Otros contra las personas;2016;99
CANARIAS;1.4.-Otros contra las personas;2015;4.721
CANARIAS;1.4.-Otros contra las personas;2014;9.503
CANARIAS;1.4.-Otros contra las personas;2013;8.742
CANARIAS;1.4.-Otros contra las personas;2012;9.164
CANARIAS;1.4.-Otros contra las personas;2011;10.237
CANARIAS;1.4.-Otros contra las personas;2010;10.133
CANARIAS;2. CONTRA LA LIBERTAD;2023;11.181
CANARIAS;2. CONTRA LA LIBERTAD;2022;9.960
CANARIAS;2. CONTRA LA LIBERTAD;2021;10.102
CANARIAS;2. CONTRA LA LIBERTAD;2020;9.855
CANARIAS;2. CONTRA LA LIBERTAD;2019;9.328
CANARIAS;2. CONTRA LA LIBERTAD;2018;8.955
CANARIAS;2. CONTRA LA LIBERTAD;2017;8.825
CANARIAS;2. CONTRA LA LIBERTAD;2016;8.344
CANARIAS;2. CONTRA LA LIBERTAD;2015;5.244
CANARIAS;2. CONTRA LA LIBERTAD;2014;2.014
CANARIAS;2. CONTRA LA LIBERTAD;2013;2.103
CANARIAS;2. CONTRA LA LIBERTAD;2012;1.983
CANARIAS;2. CONTRA LA LIBERTAD;2011;2.228
CANARIAS;2. CONTRA LA LIBERTAD;2010;2.133
CANARIAS;2.1.-Malos tratos habituales en el ámbito familiar;2023;1.078
CANARIAS;2.1.-Malos tratos habituales en el ámbito familiar;2022;841
CANARIAS;2.1.-Malos tratos habituales en el ámbito familiar;2021;910
CANARIAS;2.1.-Malos tratos habituales en el ámbito familiar;2020;852
CANARIAS;2.1.-Malos tratos habituales en el ámbito familiar;2019;850
CANARIAS;2.1.-Malos tratos habituales en el ámbito familiar;2018;713
CANARIAS;2.1.-Malos tratos habituales en el ámbito familiar;2017;751
CANARIAS;2.1.-Malos tratos habituales en el ámbito familiar;2016;695
CANARIAS;2.1.-Malos tratos habituales en el ámbito familiar;2015;681
CANARIAS;2.1.-Malos tratos habituales en el ámbito familiar;2014;681
CANARIAS;2.1.-Malos tratos habituales en el ámbito familiar;2013;708
CANARIAS;2.1.-Malos tratos habituales en el ámbito familiar;2012;700
CANARIAS;2.1.-Malos tratos habituales en el ámbito familiar;2011;811
CANARIAS;2.1.-Malos tratos habituales en el ámbito familiar;2010;967
CANARIAS;2.2.-Otros contra la libertad;2023;10.103
CANARIAS;2.2.-Otros contra la libertad;2022;9.119
CANARIAS;2.2.-Otros contra la libertad;2021;9.192
CANARIAS;2.2.-Otros contra la libertad;2020;9.003
CANARIAS;2.2.-Otros contra la libertad;2019;8.478
CANARIAS;2.2.-Otros contra la libertad;2018;8.242
CANARIAS;2.2.-Otros contra la libertad;2017;8.074
CANARIAS;2.2.-Otros contra la libertad;2016;7.649
CANARIAS;2.2.-Otros contra la libertad;2015;4.563
CANARIAS;2.2.-Otros contra la libertad;2014;1.333
CANARIAS;2.2.-Otros contra la libertad;2013;1.395
CANARIAS;2.2.-Otros contra la libertad;2012;1.283
CANARIAS;2.2.-Otros contra la libertad;2011;1.417
CANARIAS;2.2.-Otros contra la libertad;2010;1.166
CANARIAS;3. LIBERTAD SEXUAL;2023;1.189
CANARIAS;3. LIBERTAD SEXUAL;2022;1.148
CANARIAS;3. LIBERTAD SEXUAL;2021;946
CANARIAS;3. LIBERTAD SEXUAL;2020;875
CANARIAS;3. LIBERTAD SEXUAL;2019;907
CANARIAS;3. LIBERTAD SEXUAL;2018;750
CANARIAS;3. LIBERTAD SEXUAL;2017;625
CANARIAS;3. LIBERTAD SEXUAL;2016;530
CANARIAS;3. LIBERTAD SEXUAL;2015;506
CANARIAS;3. LIBERTAD SEXUAL;2014;446
CANARIAS;3. LIBERTAD SEXUAL;2013;469
CANARIAS;3. LIBERTAD SEXUAL;2012;525
CANARIAS;3. LIBERTAD SEXUAL;2011;529
CANARIAS;3. LIBERTAD SEXUAL;2010;598
CANARIAS;3.1.-Agresión sexual;2023;750
CANARIAS;3.1.-Agresión sexual;2022;748
CANARIAS;3.1.-Agresión sexual;2021;612
CANARIAS;3.1.-Agresión sexual;2020;509
CANARIAS;3.1.-Agresión sexual;2019;591
CANARIAS;3.1.-Agresión sexual;2018;462
CANARIAS;3.1.-Agresión sexual;2017;350
CANARIAS;3.1.-Agresión sexual;2016;318
CANARIAS;3.1.-Agresión sexual;2015;286
CANARIAS;3.1.-Agresión sexual;2014;282
CANARIAS;3.1.-Agresión sexual;2013;285
CANARIAS;3.1.-Agresión sexual;2012;325
CANARIAS;3.1.-Agresión sexual;2011;306
CANARIAS;3.1.-Agresión sexual;2010;283
CANARIAS;3.2.-Agresión sexual con penetración;2023;221
CANARIAS;3.2.-Agresión sexual con penetración;2022;234
CANARIAS;3.2.-Agresión sexual con penetración;2021;177
CANARIAS;3.2.-Agresión sexual con penetración;2020;169
CANARIAS;3.2.-Agresión sexual con penetración;2019;117
CANARIAS;3.2.-Agresión sexual con penetración;2018;149
CANARIAS;3.2.-Agresión sexual con penetración;2017;122
CANARIAS;3.2.-Agresión sexual con penetración;2016;76
CANARIAS;3.2.-Agresión sexual con penetración;2015;101
CANARIAS;3.2.-Agresión sexual con penetración;2014;63
CANARIAS;3.2.-Agresión sexual con penetración;2013;78
CANARIAS;3.2.-Agresión sexual con penetración;2012;73
CANARIAS;3.2.-Agresión sexual con penetración;2011;93
CANARIAS;3.2.-Agresión sexual con penetración;2010;165
CANARIAS;3.3.-Corrupción de menores o incapacitados;2023;31
CANARIAS;3.3.-Corrupción de menores o incapacitados;2022;19
CANARIAS;3.3.-Corrupción de menores o incapacitados;2021;11
CANARIAS;3.3.-Corrupción de menores o incapacitados;2020;42
CANARIAS;3.3.-Corrupción de menores o incapacitados;2019;34
CANARIAS;3.3.-Corrupción de menores o incapacitados;2018;8
CANARIAS;3.3.-Corrupción de menores o incapacitados;2017;25
CANARIAS;3.3.-Corrupción de menores o incapacitados;2016;23
CANARIAS;3.3.-Corrupción de menores o incapacitados;2015;31
CANARIAS;3.3.-Corrupción de menores o incapacitados;2014;15
CANARIAS;3.3.-Corrupción de menores o incapacitados;2013;14
CANARIAS;3.3.-Corrupción de menores o incapacitados;2012;30
CANARIAS;3.3.-Corrupción de menores o incapacitados;2011;24
CANARIAS;3.3.-Corrupción de menores o incapacitados;2010;29
CANARIAS;3.4.-Pornografía de menores;2023;53
CANARIAS;3.4.-Pornografía de menores;2022;33
CANARIAS;3.4.-Pornografía de menores;2021;54
CANARIAS;3.4.-Pornografía de menores;2020;54
CANARIAS;3.4.-Pornografía de menores;2019;68
CANARIAS;3.4.-Pornografía de menores;2018;52
CANARIAS;3.4.-Pornografía de menores;2017;45
CANARIAS;3.4.-Pornografía de menores;2016;26
CANARIAS;3.4.-Pornografía de menores;2015;27
CANARIAS;3.4.-Pornografía de menores;2014;34
CANARIAS;3.4.-Pornografía de menores;2013;32
CANARIAS;3.4.-Pornografía de menores;2012;38
CANARIAS;3.4.-Pornografía de menores;2011;27
CANARIAS;3.4.-Pornografía de menores;2010;51
CANARIAS;3.5.-Otros contra la libertad sexual;2023;134
CANARIAS;3.5.-Otros contra la libertad sexual;2022;114
CANARIAS;3.5.-Otros contra la libertad sexual;2021;92
CANARIAS;3.5.-Otros contra la libertad sexual;2020;101
CANARIAS;3.5.-Otros contra la libertad sexual;2019;97
CANARIAS;3.5.-Otros contra la libertad sexual;2018;79
CANARIAS;3.5.-Otros contra la libertad sexual;2017;83
CANARIAS;3.5.-Otros contra la libertad sexual;2016;87
CANARIAS;3.5.-Otros contra la libertad sexual;2015;61
CANARIAS;3.5.-Otros contra la libertad sexual;2014;52
CANARIAS;3.5.-Otros contra la libertad sexual;2013;60
CANARIAS;3.5.-Otros contra la libertad sexual;2012;59
CANARIAS;3.5.-Otros contra la libertad sexual;2011;79
CANARIAS;3.5.-Otros contra la libertad sexual;2010;70
CANARIAS;4. RELACIONES FAMILIARES;2023;564
CANARIAS;4. RELACIONES FAMILIARES;2022;599
CANARIAS;4. RELACIONES FAMILIARES;2021;631
CANARIAS;4. RELACIONES FAMILIARES;2020;654
CANARIAS;4. RELACIONES FAMILIARES;2019;639
CANARIAS;4. RELACIONES FAMILIARES;2018;754
CANARIAS;4. RELACIONES FAMILIARES;2017;833
CANARIAS;4. RELACIONES FAMILIARES;2016;837
CANARIAS;4. RELACIONES FAMILIARES;2015;1.010
CANARIAS;4. RELACIONES FAMILIARES;2014;1.153
CANARIAS;4. RELACIONES FAMILIARES;2013;1.117
CANARIAS;4. RELACIONES FAMILIARES;2012;1.016
CANARIAS;4. RELACIONES FAMILIARES;2011;919
CANARIAS;4. RELACIONES FAMILIARES;2010;836
CANARIAS;5. PATRIMONIO;2023;66.962
CANARIAS;5. PATRIMONIO;2022;61.602
CANARIAS;5. PATRIMONIO;2021;49.285
CANARIAS;5. PATRIMONIO;2020;53.017
CANARIAS;5. PATRIMONIO;2019;64.716
CANARIAS;5. PATRIMONIO;2018;61.599
CANARIAS;5. PATRIMONIO;2017;62.255
CANARIAS;5. PATRIMONIO;2016;61.781
CANARIAS;5. PATRIMONIO;2015;60.740
CANARIAS;5. PATRIMONIO;2014;59.759
CANARIAS;5. PATRIMONIO;2013;62.970
CANARIAS;5. PATRIMONIO;2012;66.731
CANARIAS;5. PATRIMONIO;2011;65.378
CANARIAS;5. PATRIMONIO;2010;61.351
CANARIAS;5.1.-Hurtos;2023;26.245
CANARIAS;5.1.-Hurtos;2022;23.596
CANARIAS;5.1.-Hurtos;2021;17.144
CANARIAS;5.1.-Hurtos;2020;16.683
CANARIAS;5.1.-Hurtos;2019;26.122
CANARIAS;5.1.-Hurtos;2018;27.229
CANARIAS;5.1.-Hurtos;2017;30.127
CANARIAS;5.1.-Hurtos;2016;30.971
CANARIAS;5.1.-Hurtos;2015;30.242
CANARIAS;5.1.-Hurtos;2014;30.658
CANARIAS;5.1.-Hurtos;2013;32.519
CANARIAS;5.1.-Hurtos;2012;32.454
CANARIAS;5.1.-Hurtos;2011;31.825
CANARIAS;5.1.-Hurtos;2010;29.107
CANARIAS;5.2.-Robos con fuerza en las cosas;2023;7.853
CANARIAS;5.2.-Robos con fuerza en las cosas;2022;8.596
CANARIAS;5.2.-Robos con fuerza en las cosas;2021;7.639
CANARIAS;5.2.-Robos con fuerza en las cosas;2020;7.501
CANARIAS;5.2.-Robos con fuerza en las cosas;2019;10.888
CANARIAS;5.2.-Robos con fuerza en las cosas;2018;11.598
CANARIAS;5.2.-Robos con fuerza en las cosas;2017;12.638
CANARIAS;5.2.-Robos con fuerza en las cosas;2016;12.658
CANARIAS;5.2.-Robos con fuerza en las cosas;2015;12.752
CANARIAS;5.2.-Robos con fuerza en las cosas;2014;12.614
CANARIAS;5.2.-Robos con fuerza en las cosas;2013;13.661
CANARIAS;5.2.-Robos con fuerza en las cosas;2012;14.956
CANARIAS;5.2.-Robos con fuerza en las cosas;2011;14.378
CANARIAS;5.2.-Robos con fuerza en las cosas;2010;13.784
CANARIAS;5.2.1.-Robos con fuerza en las cosas en el interior de vehículos;2023;2.969
CANARIAS;5.2.1.-Robos con fuerza en las cosas en el interior de vehículos;2022;3.373
CANARIAS;5.2.1.-Robos con fuerza en las cosas en el interior de vehículos;2021;2.915
CANARIAS;5.2.1.-Robos con fuerza en las cosas en el interior de vehículos;2020;2.682
CANARIAS;5.2.1.-Robos con fuerza en las cosas en el interior de vehículos;2019;4.544
CANARIAS;5.2.1.-Robos con fuerza en las cosas en el interior de vehículos;2018;4.250
CANARIAS;5.2.1.-Robos con fuerza en las cosas en el interior de vehículos;2017;4.674
CANARIAS;5.2.1.-Robos con fuerza en las cosas en el interior de vehículos;2016;4.507
CANARIAS;5.2.1.-Robos con fuerza en las cosas en el interior de vehículos;2015;4.766
CANARIAS;5.2.1.-Robos con fuerza en las cosas en el interior de vehículos;2014;4.614
CANARIAS;5.2.1.-Robos con fuerza en las cosas en el interior de vehículos;2013;4.598
CANARIAS;5.2.1.-Robos con fuerza en las cosas en el interior de vehículos;2012;4.838
CANARIAS;5.2.1.-Robos con fuerza en las cosas en el interior de vehículos;2011;4.939
CANARIAS;5.2.1.-Robos con fuerza en las cosas en el interior de vehículos;2010;3.573
CANARIAS;5.2.2.-Robos con fuerza en viviendas;2023;2.120
CANARIAS;5.2.2.-Robos con fuerza en viviendas;2022;2.370
CANARIAS;5.2.2.-Robos con fuerza en viviendas;2021;2.428
CANARIAS;5.2.2.-Robos con fuerza en viviendas;2020;2.356
CANARIAS;5.2.2.-Robos con fuerza en viviendas;2019;2.886
CANARIAS;5.2.2.-Robos con fuerza en viviendas;2018;3.229
CANARIAS;5.2.2.-Robos con fuerza en viviendas;2017;3.263
CANARIAS;5.2.2.-Robos con fuerza en viviendas;2016;3.572
CANARIAS;5.2.2.-Robos con fuerza en viviendas;2015;3.398
CANARIAS;5.2.2.-Robos con fuerza en viviendas;2014;3.609
CANARIAS;5.2.2.-Robos con fuerza en viviendas;2013;4.001
CANARIAS;5.2.2.-Robos con fuerza en viviendas;2012;4.294
CANARIAS;5.2.2.-Robos con fuerza en viviendas;2011;3.109
CANARIAS;5.2.2.-Robos con fuerza en viviendas;2010;3.750
CANARIAS;5.2.3.-Robos con fuerza en establecimientos;2023;1.249
CANARIAS;5.2.3.-Robos con fuerza en establecimientos;2022;1.241
CANARIAS;5.2.3.-Robos con fuerza en establecimientos;2021;956
CANARIAS;5.2.3.-Robos con fuerza en establecimientos;2020;1.100
CANARIAS;5.2.3.-Robos con fuerza en establecimientos;2019;1.358
CANARIAS;5.2.3.-Robos con fuerza en establecimientos;2018;1.739
CANARIAS;5.2.3.-Robos con fuerza en establecimientos;2017;2.028
CANARIAS;5.2.3.-Robos con fuerza en establecimientos;2016;2.053
CANARIAS;5.2.3.-Robos con fuerza en establecimientos;2015;2.011
CANARIAS;5.2.3.-Robos con fuerza en establecimientos;2014;1.743
CANARIAS;5.2.3.-Robos con fuerza en establecimientos;2013;1.809
CANARIAS;5.2.3.-Robos con fuerza en establecimientos;2012;1.901
CANARIAS;5.2.3.-Robos con fuerza en establecimientos;2011;1.600
CANARIAS;5.2.3.-Robos con fuerza en establecimientos;2010;2.204
CANARIAS;5.3.-Robos con violencia o intimidación;2023;1.858
CANARIAS;5.3.-Robos con violencia o intimidación;2022;1.615
CANARIAS;5.3.-Robos con violencia o intimidación;2021;1.316
CANARIAS;5.3.-Robos con violencia o intimidación;2020;1.180
CANARIAS;5.3.-Robos con violencia o intimidación;2019;1.535
CANARIAS;5.3.-Robos con violencia o intimidación;2018;1.490
CANARIAS;5.3.-Robos con violencia o intimidación;2017;1.436
CANARIAS;5.3.-Robos con violencia o intimidación;2016;1.537
CANARIAS;5.3.-Robos con violencia o intimidación;2015;1.530
CANARIAS;5.3.-Robos con violencia o intimidación;2014;1.628
CANARIAS;5.3.-Robos con violencia o intimidación;2013;1.818
CANARIAS;5.3.-Robos con violencia o intimidación;2012;2.011
CANARIAS;5.3.-Robos con violencia o intimidación;2011;2.017
CANARIAS;5.3.-Robos con violencia o intimidación;2010;1.944
CANARIAS;5.3.1.-Robos con violencia en vía pública;2023;1.106
CANARIAS;5.3.1.-Robos con violencia en vía pública;2022;948
CANARIAS;5.3.1.-Robos con violencia en vía pública;2021;745
CANARIAS;5.3.1.-Robos con violencia en vía pública;2020;622
CANARIAS;5.3.1.-Robos con violencia en vía pública;2019;905
CANARIAS;5.3.1.-Robos con violencia en vía pública;2018;870
CANARIAS;5.3.1.-Robos con violencia en vía pública;2017;878
CANARIAS;5.3.1.-Robos con violencia en vía pública;2016;962
CANARIAS;5.3.1.-Robos con violencia en vía pública;2015;940
CANARIAS;5.3.1.-Robos con violencia en vía pública;2014;1.061
CANARIAS;5.3.1.-Robos con violencia en vía pública;2013;1.208
CANARIAS;5.3.1.-Robos con violencia en vía pública;2012;1.346
CANARIAS;5.3.1.-Robos con violencia en vía pública;2011;1.226
CANARIAS;5.3.1.-Robos con violencia en vía pública;2010;1.321
CANARIAS;5.3.2.-Robos con violencia en viviendas;2023;148
CANARIAS;5.3.2.-Robos con violencia en viviendas;2022;138
CANARIAS;5.3.2.-Robos con violencia en viviendas;2021;121
CANARIAS;5.3.2.-Robos con violencia en viviendas;2020;148
CANARIAS;5.3.2.-Robos con violencia en viviendas;2019;154
CANARIAS;5.3.2.-Robos con violencia en viviendas;2018;124
CANARIAS;5.3.2.-Robos con violencia en viviendas;2017;116
CANARIAS;5.3.2.-Robos con violencia en viviendas;2016;132
CANARIAS;5.3.2.-Robos con violencia en viviendas;2015;130
CANARIAS;5.3.2.-Robos con violencia en viviendas;2014;108
CANARIAS;5.3.2.-Robos con violencia en viviendas;2013;138
CANARIAS;5.3.2.-Robos con violencia en viviendas;2012;134
CANARIAS;5.3.2.-Robos con violencia en viviendas;2011;112
CANARIAS;5.3.2.-Robos con violencia en viviendas;2010;124
CANARIAS;5.3.3.-Robos con violencia en establecimientos;2023;333
CANARIAS;5.3.3.-Robos con violencia en establecimientos;2022;300
CANARIAS;5.3.3.-Robos con violencia en establecimientos;2021;255
CANARIAS;5.3.3.-Robos con violencia en establecimientos;2020;246
CANARIAS;5.3.3.-Robos con violencia en establecimientos;2019;256
CANARIAS;5.3.3.-Robos con violencia en establecimientos;2018;288
CANARIAS;5.3.3.-Robos con violencia en establecimientos;2017;245
CANARIAS;5.3.3.-Robos con violencia en establecimientos;2016;249
CANARIAS;5.3.3.-Robos con violencia en establecimientos;2015;246
CANARIAS;5.3.3.-Robos con violencia en establecimientos;2014;243
CANARIAS;5.3.3.-Robos con violencia en establecimientos;2013;222
CANARIAS;5.3.3.-Robos con violencia en establecimientos;2012;248
CANARIAS;5.3.3.-Robos con violencia en establecimientos;2011;264
CANARIAS;5.3.3.-Robos con violencia en establecimientos;2010;281
CANARIAS;5.4.-Sustracción de vehículos;2023;1.451
CANARIAS;5.4.-Sustracción de vehículos;2022;1.244
CANARIAS;5.4.-Sustracción de vehículos;2021;983
CANARIAS;5.4.-Sustracción de vehículos;2020;1.012
CANARIAS;5.4.-Sustracción de vehículos;2019;1.295
CANARIAS;5.4.-Sustracción de vehículos;2018;1.354
CANARIAS;5.4.-Sustracción de vehículos;2017;1.797
CANARIAS;5.4.-Sustracción de vehículos;2016;1.606
CANARIAS;5.4.-Sustracción de vehículos;2015;1.677
CANARIAS;5.4.-Sustracción de vehículos;2014;1.822
CANARIAS;5.4.-Sustracción de vehículos;2013;1.893
CANARIAS;5.4.-Sustracción de vehículos;2012;2.168
CANARIAS;5.4.-Sustracción de vehículos;2011;2.789
CANARIAS;5.4.-Sustracción de vehículos;2010;2.929
CANARIAS;5.5.-Estafas;2023;19.297
CANARIAS;5.5.-Estafas;2022;16.324
CANARIAS;5.5.-Estafas;2021;12.702
CANARIAS;5.5.-Estafas;2020;17.540
CANARIAS;5.5.-Estafas;2019;14.386
CANARIAS;5.5.-Estafas;2018;9.983
CANARIAS;5.5.-Estafas;2017;6.448
CANARIAS;5.5.-Estafas;2016;5.481
CANARIAS;5.5.-Estafas;2015;5.290
CANARIAS;5.5.-Estafas;2014;4.198
CANARIAS;5.5.-Estafas;2013;3.736
CANARIAS;5.5.-Estafas;2012;5.267
CANARIAS;5.5.-Estafas;2011;4.207
CANARIAS;5.5.-Estafas;2010;3.335
CANARIAS;5.5.1.-Estafas informáticas;2023;15.752
CANARIAS;5.5.1.-Estafas informáticas;2022;11.699
CANARIAS;5.5.1.-Estafas informáticas;2021;8.916
CANARIAS;5.5.1.-Estafas informáticas;2020;12.642
CANARIAS;5.5.1.-Estafas informáticas;2019;7.286
CANARIAS;5.5.1.-Estafas informáticas;2018;3.097
CANARIAS;5.5.1.-Estafas informáticas;2017;2.172
CANARIAS;5.5.1.-Estafas informáticas;2016;1.696
CANARIAS;5.5.1.-Estafas informáticas;2015;1.838
CANARIAS;5.5.1.-Estafas informáticas;2014;1.371
CANARIAS;5.5.1.-Estafas informáticas;2013;1.161
CANARIAS;5.5.1.-Estafas informáticas;2012;2.118
CANARIAS;5.5.1.-Estafas informáticas;2011;1.384
CANARIAS;5.5.1.-Estafas informáticas;2010;978
CANARIAS;5.6.-Daños;2023;7.441
CANARIAS;5.6.-Daños;2022;7.688
CANARIAS;5.6.-Daños;2021;7.413
CANARIAS;5.6.-Daños;2020;6.729
CANARIAS;5.6.-Daños;2019;7.480
CANARIAS;5.6.-Daños;2018;7.217
CANARIAS;5.6.-Daños;2017;7.324
CANARIAS;5.6.-Daños;2016;7.240
CANARIAS;5.6.-Daños;2015;7.168
CANARIAS;5.6.-Daños;2014;7.170
CANARIAS;5.6.-Daños;2013;8.060
CANARIAS;5.6.-Daños;2012;8.721
CANARIAS;5.6.-Daños;2011;9.131
CANARIAS;5.6.-Daños;2010;9.348
CANARIAS;5.7.-Contra la propiedad intelectual/industrial;2023;107
CANARIAS;5.7.-Contra la propiedad intelectual/industrial;2022;91
CANARIAS;5.7.-Contra la propiedad intelectual/industrial;2021;48
CANARIAS;5.7.-Contra la propiedad intelectual/industrial;2020;36
CANARIAS;5.7.-Contra la propiedad intelectual/industrial;2019;154
CANARIAS;5.7.-Contra la propiedad intelectual/industrial;2018;112
CANARIAS;5.7.-Contra la propiedad intelectual/industrial;2017;75
CANARIAS;5.7.-Contra la propiedad intelectual/industrial;2016;87
CANARIAS;5.7.-Contra la propiedad intelectual/industrial;2015;86
CANARIAS;5.7.-Contra la propiedad intelectual/industrial;2014;68
CANARIAS;5.7.-Contra la propiedad intelectual/industrial;2013;82
CANARIAS;5.7.-Contra la propiedad intelectual/industrial;2012;73
CANARIAS;5.7.-Contra la propiedad intelectual/industrial;2011;44
CANARIAS;5.7.-Contra la propiedad intelectual/industrial;2010;61
CANARIAS;5.8.-Blanqueo de capitales;2023;19
CANARIAS;5.8.-Blanqueo de capitales;2022;10
CANARIAS;5.8.-Blanqueo de capitales;2021;15
CANARIAS;5.8.-Blanqueo de capitales;2020;8
CANARIAS;5.8.-Blanqueo de capitales;2019;14
CANARIAS;5.8.-Blanqueo de capitales;2018;14
CANARIAS;5.8.-Blanqueo de capitales;2017;13
CANARIAS;5.8.-Blanqueo de capitales;2016;15
CANARIAS;5.8.-Blanqueo de capitales;2015;21
CANARIAS;5.8.-Blanqueo de capitales;2014;5
CANARIAS;5.8.-Blanqueo de capitales;2013;5
CANARIAS;5.8.-Blanqueo de capitales;2012;10
CANARIAS;5.8.-Blanqueo de capitales;2011;4
CANARIAS;5.8.-Blanqueo de capitales;2010;2
CANARIAS;5.9.-Otros contra el patrimonio;2023;2.691
CANARIAS;5.9.-Otros contra el patrimonio;2022;2.438
CANARIAS;5.9.-Otros contra el patrimonio;2021;2.025
CANARIAS;5.9.-Otros contra el patrimonio;2020;2.328
CANARIAS;5.9.-Otros contra el patrimonio;2019;2.842
CANARIAS;5.9.-Otros contra el patrimonio;2018;2.602
CANARIAS;5.9.-Otros contra el patrimonio;2017;2.397
CANARIAS;5.9.-Otros contra el patrimonio;2016;2.186
CANARIAS;5.9.-Otros contra el patrimonio;2015;1.974
CANARIAS;5.9.-Otros contra el patrimonio;2014;1.596
CANARIAS;5.9.-Otros contra el patrimonio;2013;1.196
CANARIAS;5.9.-Otros contra el patrimonio;2012;1.071
CANARIAS;5.9.-Otros contra el patrimonio;2011;983
CANARIAS;5.9.-Otros contra el patrimonio;2010;841
CANARIAS;6. SEGURIDAD COLECTIVA;2023;3.725
CANARIAS;6. SEGURIDAD COLECTIVA;2022;3.649
CANARIAS;6. SEGURIDAD COLECTIVA;2021;3.096
CANARIAS;6. SEGURIDAD COLECTIVA;2020;2.965
CANARIAS;6. SEGURIDAD COLECTIVA;2019;3.439
CANARIAS;6. SEGURIDAD COLECTIVA;2018;3.296
CANARIAS;6. SEGURIDAD COLECTIVA;2017;3.287
CANARIAS;6. SEGURIDAD COLECTIVA;2016;3.029
CANARIAS;6. SEGURIDAD COLECTIVA;2015;3.140
CANARIAS;6. SEGURIDAD COLECTIVA;2014;3.681
CANARIAS;6. SEGURIDAD COLECTIVA;2013;4.159
CANARIAS;6. SEGURIDAD COLECTIVA;2012;4.127
CANARIAS;6. SEGURIDAD COLECTIVA;2011;4.722
CANARIAS;6. SEGURIDAD COLECTIVA;2010;4.187
CANARIAS;6.1.-Tráfico de drogas;2023;764
CANARIAS;6.1.-Tráfico de drogas;2022;744
CANARIAS;6.1.-Tráfico de drogas;2021;531
CANARIAS;6.1.-Tráfico de drogas;2020;573
CANARIAS;6.1.-Tráfico de drogas;2019;603
CANARIAS;6.1.-Tráfico de drogas;2018;620
CANARIAS;6.1.-Tráfico de drogas;2017;597
CANARIAS;6.1.-Tráfico de drogas;2016;601
CANARIAS;6.1.-Tráfico de drogas;2015;569
CANARIAS;6.1.-Tráfico de drogas;2014;557
CANARIAS;6.1.-Tráfico de drogas;2013;615
CANARIAS;6.1.-Tráfico de drogas;2012;614
CANARIAS;6.1.-Tráfico de drogas;2011;777
CANARIAS;6.1.-Tráfico de drogas;2010;799
CANARIAS;6.2.-Contra la seguridad vial;2023;2.802
CANARIAS;6.2.-Contra la seguridad vial;2022;2.799
CANARIAS;6.2.-Contra la seguridad vial;2021;2.494
CANARIAS;6.2.-Contra la seguridad vial;2020;2.316
CANARIAS;6.2.-Contra la seguridad vial;2019;2.779
CANARIAS;6.2.-Contra la seguridad vial;2018;2.590
CANARIAS;6.2.-Contra la seguridad vial;2017;2.612
CANARIAS;6.2.-Contra la seguridad vial;2016;2.363
CANARIAS;6.2.-Contra la seguridad vial;2015;2.489
CANARIAS;6.2.-Contra la seguridad vial;2014;3.022
CANARIAS;6.2.-Contra la seguridad vial;2013;3.443
CANARIAS;6.2.-Contra la seguridad vial;2012;3.406
CANARIAS;6.2.-Contra la seguridad vial;2011;3.854
CANARIAS;6.2.-Contra la seguridad vial;2010;3.267
CANARIAS;6.3.-Otros contra la seguridad colectiva;2023;159
CANARIAS;6.3.-Otros contra la seguridad colectiva;2022;106
CANARIAS;6.3.-Otros contra la seguridad colectiva;2021;71
CANARIAS;6.3.-Otros contra la seguridad colectiva;2020;76
CANARIAS;6.3.-Otros contra la seguridad colectiva;2019;57
CANARIAS;6.3.-Otros contra la seguridad colectiva;2018;86
CANARIAS;6.3.-Otros contra la seguridad colectiva;2017;78
CANARIAS;6.3.-Otros contra la seguridad colectiva;2016;65
CANARIAS;6.3.-Otros contra la seguridad colectiva;2015;82
CANARIAS;6.3.-Otros contra la seguridad colectiva;2014;102
CANARIAS;6.3.-Otros contra la seguridad colectiva;2013;101
CANARIAS;6.3.-Otros contra la seguridad colectiva;2012;107
CANARIAS;6.3.-Otros contra la seguridad colectiva;2011;91
CANARIAS;6.3.-Otros contra la seguridad colectiva;2010;121
CANARIAS;7. FALSEDADES;2023;1.269
CANARIAS;7. FALSEDADES;2022;1.290
CANARIAS;7. FALSEDADES;2021;1.208
CANARIAS;7. FALSEDADES;2020;1.000
CANARIAS;7. FALSEDADES;2019;1.114
CANARIAS;7. FALSEDADES;2018;754
CANARIAS;7. FALSEDADES;2017;875
CANARIAS;7. FALSEDADES;2016;643
CANARIAS;7. FALSEDADES;2015;701
CANARIAS;7. FALSEDADES;2014;552
CANARIAS;7. FALSEDADES;2013;516
CANARIAS;7. FALSEDADES;2012;554
CANARIAS;7. FALSEDADES;2011;662
CANARIAS;7. FALSEDADES;2010;439
CANARIAS;8. ADMÓN. PÚBLICA;2023;25
CANARIAS;8. ADMÓN. PÚBLICA;2022;23
CANARIAS;8. ADMÓN. PÚBLICA;2021;33
CANARIAS;8. ADMÓN. PÚBLICA;2020;17
CANARIAS;8. ADMÓN. PÚBLICA;2019;17
CANARIAS;8. ADMÓN. PÚBLICA;2018;13
CANARIAS;8. ADMÓN. PÚBLICA;2017;135
CANARIAS;8. ADMÓN. PÚBLICA;2016;26
CANARIAS;8. ADMÓN. PÚBLICA;2015;18
CANARIAS;8. ADMÓN. PÚBLICA;2014;17
CANARIAS;8. ADMÓN. PÚBLICA;2013;12
CANARIAS;8. ADMÓN. PÚBLICA;2012;21
CANARIAS;8. ADMÓN. PÚBLICA;2011;16
CANARIAS;8. ADMÓN. PÚBLICA;2010;22
CANARIAS;9. ADMÓN. JUSTICIA;2023;2.295
CANARIAS;9. ADMÓN. JUSTICIA;2022;1.975
CANARIAS;9. ADMÓN. JUSTICIA;2021;1.821
CANARIAS;9. ADMÓN. JUSTICIA;2020;1.720
CANARIAS;9. ADMÓN. JUSTICIA;2019;1.721
CANARIAS;9. ADMÓN. JUSTICIA;2018;1.485
CANARIAS;9. ADMÓN. JUSTICIA;2017;1.521
CANARIAS;9. ADMÓN. JUSTICIA;2016;1.298
CANARIAS;9. ADMÓN. JUSTICIA;2015;1.266
CANARIAS;9. ADMÓN. JUSTICIA;2014;1.339
CANARIAS;9. ADMÓN. JUSTICIA;2013;1.298
CANARIAS;9. ADMÓN. JUSTICIA;2012;1.329
CANARIAS;9. ADMÓN. JUSTICIA;2011;1.428
CANARIAS;9. ADMÓN. JUSTICIA;2010;1.312
CANARIAS;10. ORDEN PÚBLICO;2023;1.099
CANARIAS;10. ORDEN PÚBLICO;2022;935
CANARIAS;10. ORDEN PÚBLICO;2021;1.082
CANARIAS;10. ORDEN PÚBLICO;2020;1.395
CANARIAS;10. ORDEN PÚBLICO;2019;922
CANARIAS;10. ORDEN PÚBLICO;2018;855
CANARIAS;10. ORDEN PÚBLICO;2017;886
CANARIAS;10. ORDEN PÚBLICO;2016;863
CANARIAS;10. ORDEN PÚBLICO;2015;1.001
CANARIAS;10. ORDEN PÚBLICO;2014;1.309
CANARIAS;10. ORDEN PÚBLICO;2013;1.293
CANARIAS;10. ORDEN PÚBLICO;2012;1.497
CANARIAS;10. ORDEN PÚBLICO;2011;1.586
CANARIAS;10. ORDEN PÚBLICO;2010;1.643
CANARIAS;11. LEGISLACIÓN ESPECIAL;2023;10
CANARIAS;11. LEGISLACIÓN ESPECIAL;2022;1
CANARIAS;11. LEGISLACIÓN ESPECIAL;2021;1
CANARIAS;11. LEGISLACIÓN ESPECIAL;2020;1
CANARIAS;11. LEGISLACIÓN ESPECIAL;2019;13
CANARIAS;11. LEGISLACIÓN ESPECIAL;2018;0
CANARIAS;11. LEGISLACIÓN ESPECIAL;2017;1
CANARIAS;11. LEGISLACIÓN ESPECIAL;2016;3
CANARIAS;11. LEGISLACIÓN ESPECIAL;2015;5
CANARIAS;11. LEGISLACIÓN ESPECIAL;2014;3
CANARIAS;11. LEGISLACIÓN ESPECIAL;2013;4
CANARIAS;11. LEGISLACIÓN ESPECIAL;2012;5
CANARIAS;11. LEGISLACIÓN ESPECIAL;2011;19
CANARIAS;11. LEGISLACIÓN ESPECIAL;2010;5
CANARIAS;12. OTRAS INFRACCIONES PENALES;2023;693
CANARIAS;12. OTRAS INFRACCIONES PENALES;2022;668
CANARIAS;12. OTRAS INFRACCIONES PENALES;2021;562
CANARIAS;12. OTRAS INFRACCIONES PENALES;2020;493
CANARIAS;12. OTRAS INFRACCIONES PENALES;2019;427
CANARIAS;12. OTRAS INFRACCIONES PENALES;2018;383
CANARIAS;12. OTRAS INFRACCIONES PENALES;2017;372
CANARIAS;12. OTRAS INFRACCIONES PENALES;2016;407
CANARIAS;12. OTRAS INFRACCIONES PENALES;2015;368
CANARIAS;12. OTRAS INFRACCIONES PENALES;2014;300
CANARIAS;12. OTRAS INFRACCIONES PENALES;2013;176
CANARIAS;12. OTRAS INFRACCIONES PENALES;2012;192
CANARIAS;12. OTRAS INFRACCIONES PENALES;2011;212
CANARIAS;12. OTRAS INFRACCIONES PENALES;2010;171
CANARIAS;TOTAL INFRACCIONES PENALES;2023;104.222
CANARIAS;TOTAL INFRACCIONES PENALES;2022;95.451
CANARIAS;TOTAL INFRACCIONES PENALES;2021;81.232
CANARIAS;TOTAL INFRACCIONES PENALES;2020;83.635
CANARIAS;TOTAL INFRACCIONES PENALES;2019;95.639
CANARIAS;TOTAL INFRACCIONES PENALES;2018;90.649
CANARIAS;TOTAL INFRACCIONES PENALES;2017;91.359
CANARIAS;TOTAL INFRACCIONES PENALES;2016;88.782
CANARIAS;TOTAL INFRACCIONES PENALES;2015;89.539
CANARIAS;TOTAL INFRACCIONES PENALES;2014;90.133
CANARIAS;TOTAL INFRACCIONES PENALES;2013;93.341
CANARIAS;TOTAL INFRACCIONES PENALES;2012;97.973
CANARIAS;TOTAL INFRACCIONES PENALES;2011;98.942
CANARIAS;TOTAL INFRACCIONES PENALES;2010;93.965
CANTABRIA;1. CONTRA LAS PERSONAS;2023;2.738
CANTABRIA;1. CONTRA LAS PERSONAS;2022;2.463
CANTABRIA;1. CONTRA LAS PERSONAS;2021;2.069
CANTABRIA;1. CONTRA LAS PERSONAS;2020;1.748
CANTABRIA;1. CONTRA LAS PERSONAS;2019;2.053
CANTABRIA;1. CONTRA LAS PERSONAS;2018;2.110
CANTABRIA;1. CONTRA LAS PERSONAS;2017;1.941
CANTABRIA;1. CONTRA LAS PERSONAS;2016;1.971
CANTABRIA;1. CONTRA LAS PERSONAS;2015;2.656
CANTABRIA;1. CONTRA LAS PERSONAS;2014;3.312
CANTABRIA;1. CONTRA LAS PERSONAS;2013;3.180
CANTABRIA;1. CONTRA LAS PERSONAS;2012;3.292
CANTABRIA;1. CONTRA LAS PERSONAS;2011;3.711
CANTABRIA;1. CONTRA LAS PERSONAS;2010;3.564
CANTABRIA;1.1.-Homicidios dolosos/asesinatos;2023;10
CANTABRIA;1.1.-Homicidios dolosos/asesinatos;2022;12
CANTABRIA;1.1.-Homicidios dolosos/asesinatos;2021;15
CANTABRIA;1.1.-Homicidios dolosos/asesinatos;2020;4
CANTABRIA;1.1.-Homicidios dolosos/asesinatos;2019;15
CANTABRIA;1.1.-Homicidios dolosos/asesinatos;2018;5
CANTABRIA;1.1.-Homicidios dolosos/asesinatos;2017;7
CANTABRIA;1.1.-Homicidios dolosos/asesinatos;2016;8
CANTABRIA;1.1.-Homicidios dolosos/asesinatos;2015;8
CANTABRIA;1.1.-Homicidios dolosos/asesinatos;2014;4
CANTABRIA;1.1.-Homicidios dolosos/asesinatos;2013;5
CANTABRIA;1.1.-Homicidios dolosos/asesinatos;2012;6
CANTABRIA;1.1.-Homicidios dolosos/asesinatos;2011;4
CANTABRIA;1.1.-Homicidios dolosos/asesinatos;2010;7
CANTABRIA;1.1.1.-Homicidios dolosos/asesinatos consumados;2023;0
CANTABRIA;1.1.1.-Homicidios dolosos/asesinatos consumados;2022;1
CANTABRIA;1.1.1.-Homicidios dolosos/asesinatos consumados;2021;4
CANTABRIA;1.1.1.-Homicidios dolosos/asesinatos consumados;2020;1
CANTABRIA;1.1.1.-Homicidios dolosos/asesinatos consumados;2019;6
CANTABRIA;1.1.1.-Homicidios dolosos/asesinatos consumados;2018;2
CANTABRIA;1.1.1.-Homicidios dolosos/asesinatos consumados;2017;3
CANTABRIA;1.1.1.-Homicidios dolosos/asesinatos consumados;2016;0
CANTABRIA;1.1.1.-Homicidios dolosos/asesinatos consumados;2015;3
CANTABRIA;1.1.1.-Homicidios dolosos/asesinatos consumados;2014;3
CANTABRIA;1.1.1.-Homicidios dolosos/asesinatos consumados;2013;4
CANTABRIA;1.1.1.-Homicidios dolosos/asesinatos consumados;2012;1
CANTABRIA;1.1.1.-Homicidios dolosos/asesinatos consumados;2011;2
CANTABRIA;1.1.1.-Homicidios dolosos/asesinatos consumados;2010;2
CANTABRIA;1.2.-Lesiones;2023;1.587
CANTABRIA;1.2.-Lesiones;2022;1.504
CANTABRIA;1.2.-Lesiones;2021;1.244
CANTABRIA;1.2.-Lesiones;2020;1.042
CANTABRIA;1.2.-Lesiones;2019;1.300
CANTABRIA;1.2.-Lesiones;2018;1.424
CANTABRIA;1.2.-Lesiones;2017;1.323
CANTABRIA;1.2.-Lesiones;2016;1.341
CANTABRIA;1.2.-Lesiones;2015;1.366
CANTABRIA;1.2.-Lesiones;2014;1.304
CANTABRIA;1.2.-Lesiones;2013;1.405
CANTABRIA;1.2.-Lesiones;2012;1.448
CANTABRIA;1.2.-Lesiones;2011;1.603
CANTABRIA;1.2.-Lesiones;2010;1.519
CANTABRIA;1.3.-Malos tratos ámbito familiar;2023;1.032
CANTABRIA;1.3.-Malos tratos ámbito familiar;2022;865
CANTABRIA;1.3.-Malos tratos ámbito familiar;2021;708
CANTABRIA;1.3.-Malos tratos ámbito familiar;2020;609
CANTABRIA;1.3.-Malos tratos ámbito familiar;2019;633
CANTABRIA;1.3.-Malos tratos ámbito familiar;2018;599
CANTABRIA;1.3.-Malos tratos ámbito familiar;2017;556
CANTABRIA;1.3.-Malos tratos ámbito familiar;2016;572
CANTABRIA;1.3.-Malos tratos ámbito familiar;2015;582
CANTABRIA;1.3.-Malos tratos ámbito familiar;2014;548
CANTABRIA;1.3.-Malos tratos ámbito familiar;2013;547
CANTABRIA;1.3.-Malos tratos ámbito familiar;2012;534
CANTABRIA;1.3.-Malos tratos ámbito familiar;2011;572
CANTABRIA;1.3.-Malos tratos ámbito familiar;2010;562
CANTABRIA;1.4.-Otros contra las personas;2023;109
CANTABRIA;1.4.-Otros contra las personas;2022;82
CANTABRIA;1.4.-Otros contra las personas;2021;102
CANTABRIA;1.4.-Otros contra las personas;2020;93
CANTABRIA;1.4.-Otros contra las personas;2019;105
CANTABRIA;1.4.-Otros contra las personas;2018;82
CANTABRIA;1.4.-Otros contra las personas;2017;55
CANTABRIA;1.4.-Otros contra las personas;2016;50
CANTABRIA;1.4.-Otros contra las personas;2015;700
CANTABRIA;1.4.-Otros contra las personas;2014;1.456
CANTABRIA;1.4.-Otros contra las personas;2013;1.223
CANTABRIA;1.4.-Otros contra las personas;2012;1.304
CANTABRIA;1.4.-Otros contra las personas;2011;1.532
CANTABRIA;1.4.-Otros contra las personas;2010;1.476
CANTABRIA;2. CONTRA LA LIBERTAD;2023;1.775
CANTABRIA;2. CONTRA LA LIBERTAD;2022;1.655
CANTABRIA;2. CONTRA LA LIBERTAD;2021;1.695
CANTABRIA;2. CONTRA LA LIBERTAD;2020;1.450
CANTABRIA;2. CONTRA LA LIBERTAD;2019;1.455
CANTABRIA;2. CONTRA LA LIBERTAD;2018;1.366
CANTABRIA;2. CONTRA LA LIBERTAD;2017;1.344
CANTABRIA;2. CONTRA LA LIBERTAD;2016;1.261
CANTABRIA;2. CONTRA LA LIBERTAD;2015;864
CANTABRIA;2. CONTRA LA LIBERTAD;2014;356
CANTABRIA;2. CONTRA LA LIBERTAD;2013;331
CANTABRIA;2. CONTRA LA LIBERTAD;2012;359
CANTABRIA;2. CONTRA LA LIBERTAD;2011;384
CANTABRIA;2. CONTRA LA LIBERTAD;2010;375
CANTABRIA;2.1.-Malos tratos habituales en el ámbito familiar;2023;190
CANTABRIA;2.1.-Malos tratos habituales en el ámbito familiar;2022;163
CANTABRIA;2.1.-Malos tratos habituales en el ámbito familiar;2021;149
CANTABRIA;2.1.-Malos tratos habituales en el ámbito familiar;2020;129
CANTABRIA;2.1.-Malos tratos habituales en el ámbito familiar;2019;135
CANTABRIA;2.1.-Malos tratos habituales en el ámbito familiar;2018;121
CANTABRIA;2.1.-Malos tratos habituales en el ámbito familiar;2017;125
CANTABRIA;2.1.-Malos tratos habituales en el ámbito familiar;2016;145
CANTABRIA;2.1.-Malos tratos habituales en el ámbito familiar;2015;126
CANTABRIA;2.1.-Malos tratos habituales en el ámbito familiar;2014;133
CANTABRIA;2.1.-Malos tratos habituales en el ámbito familiar;2013;138
CANTABRIA;2.1.-Malos tratos habituales en el ámbito familiar;2012;146
CANTABRIA;2.1.-Malos tratos habituales en el ámbito familiar;2011;157
CANTABRIA;2.1.-Malos tratos habituales en el ámbito familiar;2010;188
CANTABRIA;2.2.-Otros contra la libertad;2023;1.585
CANTABRIA;2.2.-Otros contra la libertad;2022;1.492
CANTABRIA;2.2.-Otros contra la libertad;2021;1.546
CANTABRIA;2.2.-Otros contra la libertad;2020;1.321
CANTABRIA;2.2.-Otros contra la libertad;2019;1.320
CANTABRIA;2.2.-Otros contra la libertad;2018;1.245
CANTABRIA;2.2.-Otros contra la libertad;2017;1.219
CANTABRIA;2.2.-Otros contra la libertad;2016;1.116
CANTABRIA;2.2.-Otros contra la libertad;2015;738
CANTABRIA;2.2.-Otros contra la libertad;2014;223
CANTABRIA;2.2.-Otros contra la libertad;2013;193
CANTABRIA;2.2.-Otros contra la libertad;2012;213
CANTABRIA;2.2.-Otros contra la libertad;2011;227
CANTABRIA;2.2.-Otros contra la libertad;2010;187
CANTABRIA;3. LIBERTAD SEXUAL;2023;169
CANTABRIA;3. LIBERTAD SEXUAL;2022;162
CANTABRIA;3. LIBERTAD SEXUAL;2021;130
CANTABRIA;3. LIBERTAD SEXUAL;2020;89
CANTABRIA;3. LIBERTAD SEXUAL;2019;107
CANTABRIA;3. LIBERTAD SEXUAL;2018;102
CANTABRIA;3. LIBERTAD SEXUAL;2017;84
CANTABRIA;3. LIBERTAD SEXUAL;2016;69
CANTABRIA;3. LIBERTAD SEXUAL;2015;70
CANTABRIA;3. LIBERTAD SEXUAL;2014;74
CANTABRIA;3. LIBERTAD SEXUAL;2013;55
CANTABRIA;3. LIBERTAD SEXUAL;2012;48
CANTABRIA;3. LIBERTAD SEXUAL;2011;81
CANTABRIA;3. LIBERTAD SEXUAL;2010;106
CANTABRIA;3.1.-Agresión sexual;2023;103
CANTABRIA;3.1.-Agresión sexual;2022;90
CANTABRIA;3.1.-Agresión sexual;2021;78
CANTABRIA;3.1.-Agresión sexual;2020;48
CANTABRIA;3.1.-Agresión sexual;2019;66
CANTABRIA;3.1.-Agresión sexual;2018;60
CANTABRIA;3.1.-Agresión sexual;2017;52
CANTABRIA;3.1.-Agresión sexual;2016;36
CANTABRIA;3.1.-Agresión sexual;2015;36
CANTABRIA;3.1.-Agresión sexual;2014;47
CANTABRIA;3.1.-Agresión sexual;2013;36
CANTABRIA;3.1.-Agresión sexual;2012;27
CANTABRIA;3.1.-Agresión sexual;2011;49
CANTABRIA;3.1.-Agresión sexual;2010;44
CANTABRIA;3.2.-Agresión sexual con penetración;2023;34
CANTABRIA;3.2.-Agresión sexual con penetración;2022;39
CANTABRIA;3.2.-Agresión sexual con penetración;2021;30
CANTABRIA;3.2.-Agresión sexual con penetración;2020;16
CANTABRIA;3.2.-Agresión sexual con penetración;2019;15
CANTABRIA;3.2.-Agresión sexual con penetración;2018;15
CANTABRIA;3.2.-Agresión sexual con penetración;2017;16
CANTABRIA;3.2.-Agresión sexual con penetración;2016;8
CANTABRIA;3.2.-Agresión sexual con penetración;2015;13
CANTABRIA;3.2.-Agresión sexual con penetración;2014;8
CANTABRIA;3.2.-Agresión sexual con penetración;2013;7
CANTABRIA;3.2.-Agresión sexual con penetración;2012;9
CANTABRIA;3.2.-Agresión sexual con penetración;2011;16
CANTABRIA;3.2.-Agresión sexual con penetración;2010;22
CANTABRIA;3.3.-Corrupción de menores o incapacitados;2023;3
CANTABRIA;3.3.-Corrupción de menores o incapacitados;2022;4
CANTABRIA;3.3.-Corrupción de menores o incapacitados;2021;1
CANTABRIA;3.3.-Corrupción de menores o incapacitados;2020;2
CANTABRIA;3.3.-Corrupción de menores o incapacitados;2019;2
CANTABRIA;3.3.-Corrupción de menores o incapacitados;2018;1
CANTABRIA;3.3.-Corrupción de menores o incapacitados;2017;0
CANTABRIA;3.3.-Corrupción de menores o incapacitados;2016;0
CANTABRIA;3.3.-Corrupción de menores o incapacitados;2015;1
CANTABRIA;3.3.-Corrupción de menores o incapacitados;2014;4
CANTABRIA;3.3.-Corrupción de menores o incapacitados;2013;0
CANTABRIA;3.3.-Corrupción de menores o incapacitados;2012;2
CANTABRIA;3.3.-Corrupción de menores o incapacitados;2011;0
CANTABRIA;3.3.-Corrupción de menores o incapacitados;2010;5
CANTABRIA;3.4.-Pornografía de menores;2023;7
CANTABRIA;3.4.-Pornografía de menores;2022;11
CANTABRIA;3.4.-Pornografía de menores;2021;5
CANTABRIA;3.4.-Pornografía de menores;2020;5
CANTABRIA;3.4.-Pornografía de menores;2019;8
CANTABRIA;3.4.-Pornografía de menores;2018;8
CANTABRIA;3.4.-Pornografía de menores;2017;4
CANTABRIA;3.4.-Pornografía de menores;2016;8
CANTABRIA;3.4.-Pornografía de menores;2015;12
CANTABRIA;3.4.-Pornografía de menores;2014;8
CANTABRIA;3.4.-Pornografía de menores;2013;4
CANTABRIA;3.4.-Pornografía de menores;2012;4
CANTABRIA;3.4.-Pornografía de menores;2011;6
CANTABRIA;3.4.-Pornografía de menores;2010;16
CANTABRIA;3.5.-Otros contra la libertad sexual;2023;22
CANTABRIA;3.5.-Otros contra la libertad sexual;2022;18
CANTABRIA;3.5.-Otros contra la libertad sexual;2021;16
CANTABRIA;3.5.-Otros contra la libertad sexual;2020;18
CANTABRIA;3.5.-Otros contra la libertad sexual;2019;16
CANTABRIA;3.5.-Otros contra la libertad sexual;2018;18
CANTABRIA;3.5.-Otros contra la libertad sexual;2017;12
CANTABRIA;3.5.-Otros contra la libertad sexual;2016;17
CANTABRIA;3.5.-Otros contra la libertad sexual;2015;8
CANTABRIA;3.5.-Otros contra la libertad sexual;2014;7
CANTABRIA;3.5.-Otros contra la libertad sexual;2013;8
CANTABRIA;3.5.-Otros contra la libertad sexual;2012;6
CANTABRIA;3.5.-Otros contra la libertad sexual;2011;10
CANTABRIA;3.5.-Otros contra la libertad sexual;2010;19
CANTABRIA;4. RELACIONES FAMILIARES;2023;53
CANTABRIA;4. RELACIONES FAMILIARES;2022;55
CANTABRIA;4. RELACIONES FAMILIARES;2021;38
CANTABRIA;4. RELACIONES FAMILIARES;2020;40
CANTABRIA;4. RELACIONES FAMILIARES;2019;41
CANTABRIA;4. RELACIONES FAMILIARES;2018;43
CANTABRIA;4. RELACIONES FAMILIARES;2017;46
CANTABRIA;4. RELACIONES FAMILIARES;2016;37
CANTABRIA;4. RELACIONES FAMILIARES;2015;51
CANTABRIA;4. RELACIONES FAMILIARES;2014;64
CANTABRIA;4. RELACIONES FAMILIARES;2013;54
CANTABRIA;4. RELACIONES FAMILIARES;2012;40
CANTABRIA;4. RELACIONES FAMILIARES;2011;50
CANTABRIA;4. RELACIONES FAMILIARES;2010;56
CANTABRIA;5. PATRIMONIO;2023;17.503
CANTABRIA;5. PATRIMONIO;2022;17.321
CANTABRIA;5. PATRIMONIO;2021;14.239
CANTABRIA;5. PATRIMONIO;2020;11.558
CANTABRIA;5. PATRIMONIO;2019;12.953
CANTABRIA;5. PATRIMONIO;2018;12.552
CANTABRIA;5. PATRIMONIO;2017;12.678
CANTABRIA;5. PATRIMONIO;2016;12.290
CANTABRIA;5. PATRIMONIO;2015;11.661
CANTABRIA;5. PATRIMONIO;2014;11.701
CANTABRIA;5. PATRIMONIO;2013;11.875
CANTABRIA;5. PATRIMONIO;2012;12.651
CANTABRIA;5. PATRIMONIO;2011;11.901
CANTABRIA;5. PATRIMONIO;2010;11.770
CANTABRIA;5.1.-Hurtos;2023;4.831
CANTABRIA;5.1.-Hurtos;2022;4.878
CANTABRIA;5.1.-Hurtos;2021;3.820
CANTABRIA;5.1.-Hurtos;2020;3.236
CANTABRIA;5.1.-Hurtos;2019;4.868
CANTABRIA;5.1.-Hurtos;2018;4.669
CANTABRIA;5.1.-Hurtos;2017;4.983
CANTABRIA;5.1.-Hurtos;2016;5.108
CANTABRIA;5.1.-Hurtos;2015;5.097
CANTABRIA;5.1.-Hurtos;2014;5.436
CANTABRIA;5.1.-Hurtos;2013;5.940
CANTABRIA;5.1.-Hurtos;2012;6.011
CANTABRIA;5.1.-Hurtos;2011;5.391
CANTABRIA;5.1.-Hurtos;2010;5.194
CANTABRIA;5.2.-Robos con fuerza en las cosas;2023;2.797
CANTABRIA;5.2.-Robos con fuerza en las cosas;2022;2.841
CANTABRIA;5.2.-Robos con fuerza en las cosas;2021;2.528
CANTABRIA;5.2.-Robos con fuerza en las cosas;2020;2.225
CANTABRIA;5.2.-Robos con fuerza en las cosas;2019;2.471
CANTABRIA;5.2.-Robos con fuerza en las cosas;2018;2.559
CANTABRIA;5.2.-Robos con fuerza en las cosas;2017;2.600
CANTABRIA;5.2.-Robos con fuerza en las cosas;2016;2.562
CANTABRIA;5.2.-Robos con fuerza en las cosas;2015;2.279
CANTABRIA;5.2.-Robos con fuerza en las cosas;2014;2.550
CANTABRIA;5.2.-Robos con fuerza en las cosas;2013;2.432
CANTABRIA;5.2.-Robos con fuerza en las cosas;2012;2.859
CANTABRIA;5.2.-Robos con fuerza en las cosas;2011;2.560
CANTABRIA;5.2.-Robos con fuerza en las cosas;2010;2.547
CANTABRIA;5.2.1.-Robos con fuerza en las cosas en el interior de vehículos;2023;511
CANTABRIA;5.2.1.-Robos con fuerza en las cosas en el interior de vehículos;2022;578
CANTABRIA;5.2.1.-Robos con fuerza en las cosas en el interior de vehículos;2021;501
CANTABRIA;5.2.1.-Robos con fuerza en las cosas en el interior de vehículos;2020;464
CANTABRIA;5.2.1.-Robos con fuerza en las cosas en el interior de vehículos;2019;439
CANTABRIA;5.2.1.-Robos con fuerza en las cosas en el interior de vehículos;2018;519
CANTABRIA;5.2.1.-Robos con fuerza en las cosas en el interior de vehículos;2017;486
CANTABRIA;5.2.1.-Robos con fuerza en las cosas en el interior de vehículos;2016;407
CANTABRIA;5.2.1.-Robos con fuerza en las cosas en el interior de vehículos;2015;499
CANTABRIA;5.2.1.-Robos con fuerza en las cosas en el interior de vehículos;2014;615
CANTABRIA;5.2.1.-Robos con fuerza en las cosas en el interior de vehículos;2013;450
CANTABRIA;5.2.1.-Robos con fuerza en las cosas en el interior de vehículos;2012;672
CANTABRIA;5.2.1.-Robos con fuerza en las cosas en el interior de vehículos;2011;675
CANTABRIA;5.2.1.-Robos con fuerza en las cosas en el interior de vehículos;2010;383
CANTABRIA;5.2.2.-Robos con fuerza en viviendas;2023;1.291
CANTABRIA;5.2.2.-Robos con fuerza en viviendas;2022;1.348
CANTABRIA;5.2.2.-Robos con fuerza en viviendas;2021;1.167
CANTABRIA;5.2.2.-Robos con fuerza en viviendas;2020;858
CANTABRIA;5.2.2.-Robos con fuerza en viviendas;2019;1.068
CANTABRIA;5.2.2.-Robos con fuerza en viviendas;2018;979
CANTABRIA;5.2.2.-Robos con fuerza en viviendas;2017;939
CANTABRIA;5.2.2.-Robos con fuerza en viviendas;2016;982
CANTABRIA;5.2.2.-Robos con fuerza en viviendas;2015;733
CANTABRIA;5.2.2.-Robos con fuerza en viviendas;2014;860
CANTABRIA;5.2.2.-Robos con fuerza en viviendas;2013;905
CANTABRIA;5.2.2.-Robos con fuerza en viviendas;2012;1.004
CANTABRIA;5.2.2.-Robos con fuerza en viviendas;2011;543
CANTABRIA;5.2.2.-Robos con fuerza en viviendas;2010;604
CANTABRIA;5.2.3.-Robos con fuerza en establecimientos;2023;465
CANTABRIA;5.2.3.-Robos con fuerza en establecimientos;2022;445
CANTABRIA;5.2.3.-Robos con fuerza en establecimientos;2021;437
CANTABRIA;5.2.3.-Robos con fuerza en establecimientos;2020;499
CANTABRIA;5.2.3.-Robos con fuerza en establecimientos;2019;540
CANTABRIA;5.2.3.-Robos con fuerza en establecimientos;2018;581
CANTABRIA;5.2.3.-Robos con fuerza en establecimientos;2017;686
CANTABRIA;5.2.3.-Robos con fuerza en establecimientos;2016;664
CANTABRIA;5.2.3.-Robos con fuerza en establecimientos;2015;528
CANTABRIA;5.2.3.-Robos con fuerza en establecimientos;2014;532
CANTABRIA;5.2.3.-Robos con fuerza en establecimientos;2013;543
CANTABRIA;5.2.3.-Robos con fuerza en establecimientos;2012;603
CANTABRIA;5.2.3.-Robos con fuerza en establecimientos;2011;507
CANTABRIA;5.2.3.-Robos con fuerza en establecimientos;2010;641
CANTABRIA;5.3.-Robos con violencia o intimidación;2023;255
CANTABRIA;5.3.-Robos con violencia o intimidación;2022;242
CANTABRIA;5.3.-Robos con violencia o intimidación;2021;194
CANTABRIA;5.3.-Robos con violencia o intimidación;2020;178
CANTABRIA;5.3.-Robos con violencia o intimidación;2019;223
CANTABRIA;5.3.-Robos con violencia o intimidación;2018;177
CANTABRIA;5.3.-Robos con violencia o intimidación;2017;214
CANTABRIA;5.3.-Robos con violencia o intimidación;2016;214
CANTABRIA;5.3.-Robos con violencia o intimidación;2015;261
CANTABRIA;5.3.-Robos con violencia o intimidación;2014;296
CANTABRIA;5.3.-Robos con violencia o intimidación;2013;371
CANTABRIA;5.3.-Robos con violencia o intimidación;2012;419
CANTABRIA;5.3.-Robos con violencia o intimidación;2011;323
CANTABRIA;5.3.-Robos con violencia o intimidación;2010;397
CANTABRIA;5.3.1.-Robos con violencia en vía pública;2023;129
CANTABRIA;5.3.1.-Robos con violencia en vía pública;2022;109
CANTABRIA;5.3.1.-Robos con violencia en vía pública;2021;99
CANTABRIA;5.3.1.-Robos con violencia en vía pública;2020;82
CANTABRIA;5.3.1.-Robos con violencia en vía pública;2019;110
CANTABRIA;5.3.1.-Robos con violencia en vía pública;2018;88
CANTABRIA;5.3.1.-Robos con violencia en vía pública;2017;127
CANTABRIA;5.3.1.-Robos con violencia en vía pública;2016;109
CANTABRIA;5.3.1.-Robos con violencia en vía pública;2015;149
CANTABRIA;5.3.1.-Robos con violencia en vía pública;2014;166
CANTABRIA;5.3.1.-Robos con violencia en vía pública;2013;199
CANTABRIA;5.3.1.-Robos con violencia en vía pública;2012;242
CANTABRIA;5.3.1.-Robos con violencia en vía pública;2011;185
CANTABRIA;5.3.1.-Robos con violencia en vía pública;2010;277
CANTABRIA;5.3.2.-Robos con violencia en viviendas;2023;32
CANTABRIA;5.3.2.-Robos con violencia en viviendas;2022;31
CANTABRIA;5.3.2.-Robos con violencia en viviendas;2021;25
CANTABRIA;5.3.2.-Robos con violencia en viviendas;2020;20
CANTABRIA;5.3.2.-Robos con violencia en viviendas;2019;25
CANTABRIA;5.3.2.-Robos con violencia en viviendas;2018;16
CANTABRIA;5.3.2.-Robos con violencia en viviendas;2017;25
CANTABRIA;5.3.2.-Robos con violencia en viviendas;2016;23
CANTABRIA;5.3.2.-Robos con violencia en viviendas;2015;19
CANTABRIA;5.3.2.-Robos con violencia en viviendas;2014;27
CANTABRIA;5.3.2.-Robos con violencia en viviendas;2013;45
CANTABRIA;5.3.2.-Robos con violencia en viviendas;2012;43
CANTABRIA;5.3.2.-Robos con violencia en viviendas;2011;24
CANTABRIA;5.3.2.-Robos con violencia en viviendas;2010;27
CANTABRIA;5.3.3.-Robos con violencia en establecimientos;2023;63
CANTABRIA;5.3.3.-Robos con violencia en establecimientos;2022;71
CANTABRIA;5.3.3.-Robos con violencia en establecimientos;2021;38
CANTABRIA;5.3.3.-Robos con violencia en establecimientos;2020;37
CANTABRIA;5.3.3.-Robos con violencia en establecimientos;2019;54
CANTABRIA;5.3.3.-Robos con violencia en establecimientos;2018;40
CANTABRIA;5.3.3.-Robos con violencia en establecimientos;2017;29
CANTABRIA;5.3.3.-Robos con violencia en establecimientos;2016;55
CANTABRIA;5.3.3.-Robos con violencia en establecimientos;2015;45
CANTABRIA;5.3.3.-Robos con violencia en establecimientos;2014;58
CANTABRIA;5.3.3.-Robos con violencia en establecimientos;2013;79
CANTABRIA;5.3.3.-Robos con violencia en establecimientos;2012;79
CANTABRIA;5.3.3.-Robos con violencia en establecimientos;2011;49
CANTABRIA;5.3.3.-Robos con violencia en establecimientos;2010;70
CANTABRIA;5.4.-Sustracción de vehículos;2023;116
CANTABRIA;5.4.-Sustracción de vehículos;2022;86
CANTABRIA;5.4.-Sustracción de vehículos;2021;140
CANTABRIA;5.4.-Sustracción de vehículos;2020;100
CANTABRIA;5.4.-Sustracción de vehículos;2019;132
CANTABRIA;5.4.-Sustracción de vehículos;2018;123
CANTABRIA;5.4.-Sustracción de vehículos;2017;207
CANTABRIA;5.4.-Sustracción de vehículos;2016;245
CANTABRIA;5.4.-Sustracción de vehículos;2015;250
CANTABRIA;5.4.-Sustracción de vehículos;2014;245
CANTABRIA;5.4.-Sustracción de vehículos;2013;264
CANTABRIA;5.4.-Sustracción de vehículos;2012;344
CANTABRIA;5.4.-Sustracción de vehículos;2011;330
CANTABRIA;5.4.-Sustracción de vehículos;2010;396
CANTABRIA;5.5.-Estafas;2023;6.161
CANTABRIA;5.5.-Estafas;2022;5.888
CANTABRIA;5.5.-Estafas;2021;4.483
CANTABRIA;5.5.-Estafas;2020;3.271
CANTABRIA;5.5.-Estafas;2019;2.261
CANTABRIA;5.5.-Estafas;2018;2.241
CANTABRIA;5.5.-Estafas;2017;2.140
CANTABRIA;5.5.-Estafas;2016;1.666
CANTABRIA;5.5.-Estafas;2015;1.371
CANTABRIA;5.5.-Estafas;2014;1.046
CANTABRIA;5.5.-Estafas;2013;803
CANTABRIA;5.5.-Estafas;2012;708
CANTABRIA;5.5.-Estafas;2011;795
CANTABRIA;5.5.-Estafas;2010;681
CANTABRIA;5.5.1.-Estafas informáticas;2023;5.428
CANTABRIA;5.5.1.-Estafas informáticas;2022;4.349
CANTABRIA;5.5.1.-Estafas informáticas;2021;3.243
CANTABRIA;5.5.1.-Estafas informáticas;2020;2.513
CANTABRIA;5.5.1.-Estafas informáticas;2019;1.766
CANTABRIA;5.5.1.-Estafas informáticas;2018;1.704
CANTABRIA;5.5.1.-Estafas informáticas;2017;1.419
CANTABRIA;5.5.1.-Estafas informáticas;2016;1.028
CANTABRIA;5.5.1.-Estafas informáticas;2015;776
CANTABRIA;5.5.1.-Estafas informáticas;2014;589
CANTABRIA;5.5.1.-Estafas informáticas;2013;281
CANTABRIA;5.5.1.-Estafas informáticas;2012;233
CANTABRIA;5.5.1.-Estafas informáticas;2011;231
CANTABRIA;5.5.1.-Estafas informáticas;2010;210
CANTABRIA;5.6.-Daños;2023;2.620
CANTABRIA;5.6.-Daños;2022;2.760
CANTABRIA;5.6.-Daños;2021;2.426
CANTABRIA;5.6.-Daños;2020;2.039
CANTABRIA;5.6.-Daños;2019;2.245
CANTABRIA;5.6.-Daños;2018;2.052
CANTABRIA;5.6.-Daños;2017;2.024
CANTABRIA;5.6.-Daños;2016;1.956
CANTABRIA;5.6.-Daños;2015;1.735
CANTABRIA;5.6.-Daños;2014;1.672
CANTABRIA;5.6.-Daños;2013;1.672
CANTABRIA;5.6.-Daños;2012;1.935
CANTABRIA;5.6.-Daños;2011;2.207
CANTABRIA;5.6.-Daños;2010;2.286
CANTABRIA;5.7.-Contra la propiedad intelectual/industrial;2023;18
CANTABRIA;5.7.-Contra la propiedad intelectual/industrial;2022;22
CANTABRIA;5.7.-Contra la propiedad intelectual/industrial;2021;24
CANTABRIA;5.7.-Contra la propiedad intelectual/industrial;2020;12
CANTABRIA;5.7.-Contra la propiedad intelectual/industrial;2019;17
CANTABRIA;5.7.-Contra la propiedad intelectual/industrial;2018;19
CANTABRIA;5.7.-Contra la propiedad intelectual/industrial;2017;6
CANTABRIA;5.7.-Contra la propiedad intelectual/industrial;2016;11
CANTABRIA;5.7.-Contra la propiedad intelectual/industrial;2015;10
CANTABRIA;5.7.-Contra la propiedad intelectual/industrial;2014;28
CANTABRIA;5.7.-Contra la propiedad intelectual/industrial;2013;25
CANTABRIA;5.7.-Contra la propiedad intelectual/industrial;2012;26
CANTABRIA;5.7.-Contra la propiedad intelectual/industrial;2011;18
CANTABRIA;5.7.-Contra la propiedad intelectual/industrial;2010;31
CANTABRIA;5.8.-Blanqueo de capitales;2023;6
CANTABRIA;5.8.-Blanqueo de capitales;2022;2
CANTABRIA;5.8.-Blanqueo de capitales;2021;2
CANTABRIA;5.8.-Blanqueo de capitales;2020;0
CANTABRIA;5.8.-Blanqueo de capitales;2019;0
CANTABRIA;5.8.-Blanqueo de capitales;2018;2
CANTABRIA;5.8.-Blanqueo de capitales;2017;1
CANTABRIA;5.8.-Blanqueo de capitales;2016;1
CANTABRIA;5.8.-Blanqueo de capitales;2015;3
CANTABRIA;5.8.-Blanqueo de capitales;2014;0
CANTABRIA;5.8.-Blanqueo de capitales;2013;0
CANTABRIA;5.8.-Blanqueo de capitales;2012;2
CANTABRIA;5.8.-Blanqueo de capitales;2011;3
CANTABRIA;5.8.-Blanqueo de capitales;2010;16
CANTABRIA;5.9.-Otros contra el patrimonio;2023;699
CANTABRIA;5.9.-Otros contra el patrimonio;2022;602
CANTABRIA;5.9.-Otros contra el patrimonio;2021;622
CANTABRIA;5.9.-Otros contra el patrimonio;2020;497
CANTABRIA;5.9.-Otros contra el patrimonio;2019;736
CANTABRIA;5.9.-Otros contra el patrimonio;2018;710
CANTABRIA;5.9.-Otros contra el patrimonio;2017;503
CANTABRIA;5.9.-Otros contra el patrimonio;2016;527
CANTABRIA;5.9.-Otros contra el patrimonio;2015;655
CANTABRIA;5.9.-Otros contra el patrimonio;2014;428
CANTABRIA;5.9.-Otros contra el patrimonio;2013;368
CANTABRIA;5.9.-Otros contra el patrimonio;2012;347
CANTABRIA;5.9.-Otros contra el patrimonio;2011;274
CANTABRIA;5.9.-Otros contra el patrimonio;2010;222
CANTABRIA;6. SEGURIDAD COLECTIVA;2023;854
CANTABRIA;6. SEGURIDAD COLECTIVA;2022;895
CANTABRIA;6. SEGURIDAD COLECTIVA;2021;777
CANTABRIA;6. SEGURIDAD COLECTIVA;2020;676
CANTABRIA;6. SEGURIDAD COLECTIVA;2019;716
CANTABRIA;6. SEGURIDAD COLECTIVA;2018;748
CANTABRIA;6. SEGURIDAD COLECTIVA;2017;695
CANTABRIA;6. SEGURIDAD COLECTIVA;2016;733
CANTABRIA;6. SEGURIDAD COLECTIVA;2015;768
CANTABRIA;6. SEGURIDAD COLECTIVA;2014;880
CANTABRIA;6. SEGURIDAD COLECTIVA;2013;873
CANTABRIA;6. SEGURIDAD COLECTIVA;2012;1.005
CANTABRIA;6. SEGURIDAD COLECTIVA;2011;1.098
CANTABRIA;6. SEGURIDAD COLECTIVA;2010;777
CANTABRIA;6.1.-Tráfico de drogas;2023;114
CANTABRIA;6.1.-Tráfico de drogas;2022;83
CANTABRIA;6.1.-Tráfico de drogas;2021;96
CANTABRIA;6.1.-Tráfico de drogas;2020;96
CANTABRIA;6.1.-Tráfico de drogas;2019;86
CANTABRIA;6.1.-Tráfico de drogas;2018;87
CANTABRIA;6.1.-Tráfico de drogas;2017;63
CANTABRIA;6.1.-Tráfico de drogas;2016;92
CANTABRIA;6.1.-Tráfico de drogas;2015;115
CANTABRIA;6.1.-Tráfico de drogas;2014;110
CANTABRIA;6.1.-Tráfico de drogas;2013;92
CANTABRIA;6.1.-Tráfico de drogas;2012;103
CANTABRIA;6.1.-Tráfico de drogas;2011;101
CANTABRIA;6.1.-Tráfico de drogas;2010;102
CANTABRIA;6.2.-Contra la seguridad vial;2023;706
CANTABRIA;6.2.-Contra la seguridad vial;2022;772
CANTABRIA;6.2.-Contra la seguridad vial;2021;660
CANTABRIA;6.2.-Contra la seguridad vial;2020;563
CANTABRIA;6.2.-Contra la seguridad vial;2019;622
CANTABRIA;6.2.-Contra la seguridad vial;2018;644
CANTABRIA;6.2.-Contra la seguridad vial;2017;602
CANTABRIA;6.2.-Contra la seguridad vial;2016;618
CANTABRIA;6.2.-Contra la seguridad vial;2015;628
CANTABRIA;6.2.-Contra la seguridad vial;2014;740
CANTABRIA;6.2.-Contra la seguridad vial;2013;769
CANTABRIA;6.2.-Contra la seguridad vial;2012;887
CANTABRIA;6.2.-Contra la seguridad vial;2011;981
CANTABRIA;6.2.-Contra la seguridad vial;2010;637
CANTABRIA;6.3.-Otros contra la seguridad colectiva;2023;34
CANTABRIA;6.3.-Otros contra la seguridad colectiva;2022;40
CANTABRIA;6.3.-Otros contra la seguridad colectiva;2021;21
CANTABRIA;6.3.-Otros contra la seguridad colectiva;2020;17
CANTABRIA;6.3.-Otros contra la seguridad colectiva;2019;8
CANTABRIA;6.3.-Otros contra la seguridad colectiva;2018;17
CANTABRIA;6.3.-Otros contra la seguridad colectiva;2017;30
CANTABRIA;6.3.-Otros contra la seguridad colectiva;2016;23
CANTABRIA;6.3.-Otros contra la seguridad colectiva;2015;25
CANTABRIA;6.3.-Otros contra la seguridad colectiva;2014;30
CANTABRIA;6.3.-Otros contra la seguridad colectiva;2013;12
CANTABRIA;6.3.-Otros contra la seguridad colectiva;2012;15
CANTABRIA;6.3.-Otros contra la seguridad colectiva;2011;16
CANTABRIA;6.3.-Otros contra la seguridad colectiva;2010;38
CANTABRIA;7. FALSEDADES;2023;251
CANTABRIA;7. FALSEDADES;2022;259
CANTABRIA;7. FALSEDADES;2021;222
CANTABRIA;7. FALSEDADES;2020;150
CANTABRIA;7. FALSEDADES;2019;162
CANTABRIA;7. FALSEDADES;2018;124
CANTABRIA;7. FALSEDADES;2017;106
CANTABRIA;7. FALSEDADES;2016;145
CANTABRIA;7. FALSEDADES;2015;113
CANTABRIA;7. FALSEDADES;2014;99
CANTABRIA;7. FALSEDADES;2013;99
CANTABRIA;7. FALSEDADES;2012;138
CANTABRIA;7. FALSEDADES;2011;159
CANTABRIA;7. FALSEDADES;2010;104
CANTABRIA;8. ADMÓN. PÚBLICA;2023;8
CANTABRIA;8. ADMÓN. PÚBLICA;2022;2
CANTABRIA;8. ADMÓN. PÚBLICA;2021;2
CANTABRIA;8. ADMÓN. PÚBLICA;2020;4
CANTABRIA;8. ADMÓN. PÚBLICA;2019;3
CANTABRIA;8. ADMÓN. PÚBLICA;2018;0
CANTABRIA;8. ADMÓN. PÚBLICA;2017;3
CANTABRIA;8. ADMÓN. PÚBLICA;2016;2
CANTABRIA;8. ADMÓN. PÚBLICA;2015;3
CANTABRIA;8. ADMÓN. PÚBLICA;2014;1
CANTABRIA;8. ADMÓN. PÚBLICA;2013;1
CANTABRIA;8. ADMÓN. PÚBLICA;2012;2
CANTABRIA;8. ADMÓN. PÚBLICA;2011;1
CANTABRIA;8. ADMÓN. PÚBLICA;2010;3
CANTABRIA;9. ADMÓN. JUSTICIA;2023;447
CANTABRIA;9. ADMÓN. JUSTICIA;2022;390
CANTABRIA;9. ADMÓN. JUSTICIA;2021;276
CANTABRIA;9. ADMÓN. JUSTICIA;2020;278
CANTABRIA;9. ADMÓN. JUSTICIA;2019;282
CANTABRIA;9. ADMÓN. JUSTICIA;2018;318
CANTABRIA;9. ADMÓN. JUSTICIA;2017;269
CANTABRIA;9. ADMÓN. JUSTICIA;2016;229
CANTABRIA;9. ADMÓN. JUSTICIA;2015;256
CANTABRIA;9. ADMÓN. JUSTICIA;2014;277
CANTABRIA;9. ADMÓN. JUSTICIA;2013;300
CANTABRIA;9. ADMÓN. JUSTICIA;2012;306
CANTABRIA;9. ADMÓN. JUSTICIA;2011;327
CANTABRIA;9. ADMÓN. JUSTICIA;2010;246
CANTABRIA;10. ORDEN PÚBLICO;2023;281
CANTABRIA;10. ORDEN PÚBLICO;2022;362
CANTABRIA;10. ORDEN PÚBLICO;2021;279
CANTABRIA;10. ORDEN PÚBLICO;2020;440
CANTABRIA;10. ORDEN PÚBLICO;2019;168
CANTABRIA;10. ORDEN PÚBLICO;2018;166
CANTABRIA;10. ORDEN PÚBLICO;2017;165
CANTABRIA;10. ORDEN PÚBLICO;2016;154
CANTABRIA;10. ORDEN PÚBLICO;2015;230
CANTABRIA;10. ORDEN PÚBLICO;2014;377
CANTABRIA;10. ORDEN PÚBLICO;2013;410
CANTABRIA;10. ORDEN PÚBLICO;2012;433
CANTABRIA;10. ORDEN PÚBLICO;2011;481
CANTABRIA;10. ORDEN PÚBLICO;2010;412
CANTABRIA;11. LEGISLACIÓN ESPECIAL;2023;5
CANTABRIA;11. LEGISLACIÓN ESPECIAL;2022;1
CANTABRIA;11. LEGISLACIÓN ESPECIAL;2021;2
CANTABRIA;11. LEGISLACIÓN ESPECIAL;2020;0
CANTABRIA;11. LEGISLACIÓN ESPECIAL;2019;0
CANTABRIA;11. LEGISLACIÓN ESPECIAL;2018;2
CANTABRIA;11. LEGISLACIÓN ESPECIAL;2017;1
CANTABRIA;11. LEGISLACIÓN ESPECIAL;2016;1
CANTABRIA;11. LEGISLACIÓN ESPECIAL;2015;1
CANTABRIA;11. LEGISLACIÓN ESPECIAL;2014;0
CANTABRIA;11. LEGISLACIÓN ESPECIAL;2013;0
CANTABRIA;11. LEGISLACIÓN ESPECIAL;2012;0
CANTABRIA;11. LEGISLACIÓN ESPECIAL;2011;3
CANTABRIA;11. LEGISLACIÓN ESPECIAL;2010;1
CANTABRIA;12. OTRAS INFRACCIONES PENALES;2023;128
CANTABRIA;12. OTRAS INFRACCIONES PENALES;2022;144
CANTABRIA;12. OTRAS INFRACCIONES PENALES;2021;165
CANTABRIA;12. OTRAS INFRACCIONES PENALES;2020;152
CANTABRIA;12. OTRAS INFRACCIONES PENALES;2019;133
CANTABRIA;12. OTRAS INFRACCIONES PENALES;2018;143
CANTABRIA;12. OTRAS INFRACCIONES PENALES;2017;108
CANTABRIA;12. OTRAS INFRACCIONES PENALES;2016;110
CANTABRIA;12. OTRAS INFRACCIONES PENALES;2015;81
CANTABRIA;12. OTRAS INFRACCIONES PENALES;2014;46
CANTABRIA;12. OTRAS INFRACCIONES PENALES;2013;61
CANTABRIA;12. OTRAS INFRACCIONES PENALES;2012;23
CANTABRIA;12. OTRAS INFRACCIONES PENALES;2011;53
CANTABRIA;12. OTRAS INFRACCIONES PENALES;2010;73
CANTABRIA;TOTAL INFRACCIONES PENALES;2023;24.212
CANTABRIA;TOTAL INFRACCIONES PENALES;2022;23.709
CANTABRIA;TOTAL INFRACCIONES PENALES;2021;19.894
CANTABRIA;TOTAL INFRACCIONES PENALES;2020;16.585
CANTABRIA;TOTAL INFRACCIONES PENALES;2019;18.073
CANTABRIA;TOTAL INFRACCIONES PENALES;2018;17.674
CANTABRIA;TOTAL INFRACCIONES PENALES;2017;17.440
CANTABRIA;TOTAL INFRACCIONES PENALES;2016;17.002
CANTABRIA;TOTAL INFRACCIONES PENALES;2015;16.754
CANTABRIA;TOTAL INFRACCIONES PENALES;2014;17.187
CANTABRIA;TOTAL INFRACCIONES PENALES;2013;17.239
CANTABRIA;TOTAL INFRACCIONES PENALES;2012;18.297
CANTABRIA;TOTAL INFRACCIONES PENALES;2011;18.249
CANTABRIA;TOTAL INFRACCIONES PENALES;2010;17.487
CASTILLA Y LEÓN;1. CONTRA LAS PERSONAS;2023;9.010
CASTILLA Y LEÓN;1. CONTRA LAS PERSONAS;2022;8.473
CASTILLA Y LEÓN;1. CONTRA LAS PERSONAS;2021;7.252
CASTILLA Y LEÓN;1. CONTRA LAS PERSONAS;2020;6.231
CASTILLA Y LEÓN;1. CONTRA LAS PERSONAS;2019;7.345
CASTILLA Y LEÓN;1. CONTRA LAS PERSONAS;2018;7.213
CASTILLA Y LEÓN;1. CONTRA LAS PERSONAS;2017;7.127
CASTILLA Y LEÓN;1. CONTRA LAS PERSONAS;2016;6.922
CASTILLA Y LEÓN;1. CONTRA LAS PERSONAS;2015;10.203
CASTILLA Y LEÓN;1. CONTRA LAS PERSONAS;2014;13.110
CASTILLA Y LEÓN;1. CONTRA LAS PERSONAS;2013;13.015
CASTILLA Y LEÓN;1. CONTRA LAS PERSONAS;2012;13.943
CASTILLA Y LEÓN;1. CONTRA LAS PERSONAS;2011;14.733
CASTILLA Y LEÓN;1. CONTRA LAS PERSONAS;2010;14.241
CASTILLA Y LEÓN;1.1.-Homicidios dolosos/asesinatos;2023;58
CASTILLA Y LEÓN;1.1.-Homicidios dolosos/asesinatos;2022;55
CASTILLA Y LEÓN;1.1.-Homicidios dolosos/asesinatos;2021;38
CASTILLA Y LEÓN;1.1.-Homicidios dolosos/asesinatos;2020;44
CASTILLA Y LEÓN;1.1.-Homicidios dolosos/asesinatos;2019;38
CASTILLA Y LEÓN;1.1.-Homicidios dolosos/asesinatos;2018;34
CASTILLA Y LEÓN;1.1.-Homicidios dolosos/asesinatos;2017;30
CASTILLA Y LEÓN;1.1.-Homicidios dolosos/asesinatos;2016;28
CASTILLA Y LEÓN;1.1.-Homicidios dolosos/asesinatos;2015;27
CASTILLA Y LEÓN;1.1.-Homicidios dolosos/asesinatos;2014;44
CASTILLA Y LEÓN;1.1.-Homicidios dolosos/asesinatos;2013;41
CASTILLA Y LEÓN;1.1.-Homicidios dolosos/asesinatos;2012;48
CASTILLA Y LEÓN;1.1.-Homicidios dolosos/asesinatos;2011;47
CASTILLA Y LEÓN;1.1.-Homicidios dolosos/asesinatos;2010;38
CASTILLA Y LEÓN;1.1.1.-Homicidios dolosos/asesinatos consumados;2023;10
CASTILLA Y LEÓN;1.1.1.-Homicidios dolosos/asesinatos consumados;2022;16
CASTILLA Y LEÓN;1.1.1.-Homicidios dolosos/asesinatos consumados;2021;13
CASTILLA Y LEÓN;1.1.1.-Homicidios dolosos/asesinatos consumados;2020;16
CASTILLA Y LEÓN;1.1.1.-Homicidios dolosos/asesinatos consumados;2019;8
CASTILLA Y LEÓN;1.1.1.-Homicidios dolosos/asesinatos consumados;2018;11
CASTILLA Y LEÓN;1.1.1.-Homicidios dolosos/asesinatos consumados;2017;13
CASTILLA Y LEÓN;1.1.1.-Homicidios dolosos/asesinatos consumados;2016;11
CASTILLA Y LEÓN;1.1.1.-Homicidios dolosos/asesinatos consumados;2015;9
CASTILLA Y LEÓN;1.1.1.-Homicidios dolosos/asesinatos consumados;2014;14
CASTILLA Y LEÓN;1.1.1.-Homicidios dolosos/asesinatos consumados;2013;19
CASTILLA Y LEÓN;1.1.1.-Homicidios dolosos/asesinatos consumados;2012;15
CASTILLA Y LEÓN;1.1.1.-Homicidios dolosos/asesinatos consumados;2011;20
CASTILLA Y LEÓN;1.1.1.-Homicidios dolosos/asesinatos consumados;2010;10
CASTILLA Y LEÓN;1.2.-Lesiones;2023;5.181
CASTILLA Y LEÓN;1.2.-Lesiones;2022;5.126
CASTILLA Y LEÓN;1.2.-Lesiones;2021;4.220
CASTILLA Y LEÓN;1.2.-Lesiones;2020;3.471
CASTILLA Y LEÓN;1.2.-Lesiones;2019;4.571
CASTILLA Y LEÓN;1.2.-Lesiones;2018;4.594
CASTILLA Y LEÓN;1.2.-Lesiones;2017;4.650
CASTILLA Y LEÓN;1.2.-Lesiones;2016;4.523
CASTILLA Y LEÓN;1.2.-Lesiones;2015;4.725
CASTILLA Y LEÓN;1.2.-Lesiones;2014;4.708
CASTILLA Y LEÓN;1.2.-Lesiones;2013;4.668
CASTILLA Y LEÓN;1.2.-Lesiones;2012;5.410
CASTILLA Y LEÓN;1.2.-Lesiones;2011;5.702
CASTILLA Y LEÓN;1.2.-Lesiones;2010;5.484
CASTILLA Y LEÓN;1.3.-Malos tratos ámbito familiar;2023;3.475
CASTILLA Y LEÓN;1.3.-Malos tratos ámbito familiar;2022;3.046
CASTILLA Y LEÓN;1.3.-Malos tratos ámbito familiar;2021;2.786
CASTILLA Y LEÓN;1.3.-Malos tratos ámbito familiar;2020;2.513
CASTILLA Y LEÓN;1.3.-Malos tratos ámbito familiar;2019;2.447
CASTILLA Y LEÓN;1.3.-Malos tratos ámbito familiar;2018;2.376
CASTILLA Y LEÓN;1.3.-Malos tratos ámbito familiar;2017;2.332
CASTILLA Y LEÓN;1.3.-Malos tratos ámbito familiar;2016;2.298
CASTILLA Y LEÓN;1.3.-Malos tratos ámbito familiar;2015;2.240
CASTILLA Y LEÓN;1.3.-Malos tratos ámbito familiar;2014;2.257
CASTILLA Y LEÓN;1.3.-Malos tratos ámbito familiar;2013;2.135
CASTILLA Y LEÓN;1.3.-Malos tratos ámbito familiar;2012;2.171
CASTILLA Y LEÓN;1.3.-Malos tratos ámbito familiar;2011;2.310
CASTILLA Y LEÓN;1.3.-Malos tratos ámbito familiar;2010;2.214
CASTILLA Y LEÓN;1.4.-Otros contra las personas;2023;296
CASTILLA Y LEÓN;1.4.-Otros contra las personas;2022;246
CASTILLA Y LEÓN;1.4.-Otros contra las personas;2021;208
CASTILLA Y LEÓN;1.4.-Otros contra las personas;2020;203
CASTILLA Y LEÓN;1.4.-Otros contra las personas;2019;289
CASTILLA Y LEÓN;1.4.-Otros contra las personas;2018;209
CASTILLA Y LEÓN;1.4.-Otros contra las personas;2017;115
CASTILLA Y LEÓN;1.4.-Otros contra las personas;2016;73
CASTILLA Y LEÓN;1.4.-Otros contra las personas;2015;3.211
CASTILLA Y LEÓN;1.4.-Otros contra las personas;2014;6.101
CASTILLA Y LEÓN;1.4.-Otros contra las personas;2013;6.171
CASTILLA Y LEÓN;1.4.-Otros contra las personas;2012;6.314
CASTILLA Y LEÓN;1.4.-Otros contra las personas;2011;6.674
CASTILLA Y LEÓN;1.4.-Otros contra las personas;2010;6.505
CASTILLA Y LEÓN;2. CONTRA LA LIBERTAD;2023;6.397
CASTILLA Y LEÓN;2. CONTRA LA LIBERTAD;2022;6.075
CASTILLA Y LEÓN;2. CONTRA LA LIBERTAD;2021;6.143
CASTILLA Y LEÓN;2. CONTRA LA LIBERTAD;2020;5.340
CASTILLA Y LEÓN;2. CONTRA LA LIBERTAD;2019;5.398
CASTILLA Y LEÓN;2. CONTRA LA LIBERTAD;2018;5.270
CASTILLA Y LEÓN;2. CONTRA LA LIBERTAD;2017;5.083
CASTILLA Y LEÓN;2. CONTRA LA LIBERTAD;2016;5.110
CASTILLA Y LEÓN;2. CONTRA LA LIBERTAD;2015;3.208
CASTILLA Y LEÓN;2. CONTRA LA LIBERTAD;2014;1.242
CASTILLA Y LEÓN;2. CONTRA LA LIBERTAD;2013;1.221
CASTILLA Y LEÓN;2. CONTRA LA LIBERTAD;2012;1.220
CASTILLA Y LEÓN;2. CONTRA LA LIBERTAD;2011;1.266
CASTILLA Y LEÓN;2. CONTRA LA LIBERTAD;2010;1.260
CASTILLA Y LEÓN;2.1.-Malos tratos habituales en el ámbito familiar;2023;692
CASTILLA Y LEÓN;2.1.-Malos tratos habituales en el ámbito familiar;2022;584
CASTILLA Y LEÓN;2.1.-Malos tratos habituales en el ámbito familiar;2021;601
CASTILLA Y LEÓN;2.1.-Malos tratos habituales en el ámbito familiar;2020;523
CASTILLA Y LEÓN;2.1.-Malos tratos habituales en el ámbito familiar;2019;532
CASTILLA Y LEÓN;2.1.-Malos tratos habituales en el ámbito familiar;2018;539
CASTILLA Y LEÓN;2.1.-Malos tratos habituales en el ámbito familiar;2017;526
CASTILLA Y LEÓN;2.1.-Malos tratos habituales en el ámbito familiar;2016;545
CASTILLA Y LEÓN;2.1.-Malos tratos habituales en el ámbito familiar;2015;523
CASTILLA Y LEÓN;2.1.-Malos tratos habituales en el ámbito familiar;2014;500
CASTILLA Y LEÓN;2.1.-Malos tratos habituales en el ámbito familiar;2013;484
CASTILLA Y LEÓN;2.1.-Malos tratos habituales en el ámbito familiar;2012;480
CASTILLA Y LEÓN;2.1.-Malos tratos habituales en el ámbito familiar;2011;539
CASTILLA Y LEÓN;2.1.-Malos tratos habituales en el ámbito familiar;2010;569
CASTILLA Y LEÓN;2.2.-Otros contra la libertad;2023;5.705
CASTILLA Y LEÓN;2.2.-Otros contra la libertad;2022;5.491
CASTILLA Y LEÓN;2.2.-Otros contra la libertad;2021;5.542
CASTILLA Y LEÓN;2.2.-Otros contra la libertad;2020;4.817
CASTILLA Y LEÓN;2.2.-Otros contra la libertad;2019;4.866
CASTILLA Y LEÓN;2.2.-Otros contra la libertad;2018;4.731
CASTILLA Y LEÓN;2.2.-Otros contra la libertad;2017;4.557
CASTILLA Y LEÓN;2.2.-Otros contra la libertad;2016;4.565
CASTILLA Y LEÓN;2.2.-Otros contra la libertad;2015;2.685
CASTILLA Y LEÓN;2.2.-Otros contra la libertad;2014;742
CASTILLA Y LEÓN;2.2.-Otros contra la libertad;2013;737
CASTILLA Y LEÓN;2.2.-Otros contra la libertad;2012;740
CASTILLA Y LEÓN;2.2.-Otros contra la libertad;2011;727
CASTILLA Y LEÓN;2.2.-Otros contra la libertad;2010;691
CASTILLA Y LEÓN;3. LIBERTAD SEXUAL;2023;711
CASTILLA Y LEÓN;3. LIBERTAD SEXUAL;2022;620
CASTILLA Y LEÓN;3. LIBERTAD SEXUAL;2021;527
CASTILLA Y LEÓN;3. LIBERTAD SEXUAL;2020;415
CASTILLA Y LEÓN;3. LIBERTAD SEXUAL;2019;507
CASTILLA Y LEÓN;3. LIBERTAD SEXUAL;2018;439
CASTILLA Y LEÓN;3. LIBERTAD SEXUAL;2017;368
CASTILLA Y LEÓN;3. LIBERTAD SEXUAL;2016;289
CASTILLA Y LEÓN;3. LIBERTAD SEXUAL;2015;282
CASTILLA Y LEÓN;3. LIBERTAD SEXUAL;2014;281
CASTILLA Y LEÓN;3. LIBERTAD SEXUAL;2013;238
CASTILLA Y LEÓN;3. LIBERTAD SEXUAL;2012;309
CASTILLA Y LEÓN;3. LIBERTAD SEXUAL;2011;278
CASTILLA Y LEÓN;3. LIBERTAD SEXUAL;2010;295
CASTILLA Y LEÓN;3.1.-Agresión sexual;2023;419
CASTILLA Y LEÓN;3.1.-Agresión sexual;2022;362
CASTILLA Y LEÓN;3.1.-Agresión sexual;2021;300
CASTILLA Y LEÓN;3.1.-Agresión sexual;2020;226
CASTILLA Y LEÓN;3.1.-Agresión sexual;2019;275
CASTILLA Y LEÓN;3.1.-Agresión sexual;2018;246
CASTILLA Y LEÓN;3.1.-Agresión sexual;2017;207
CASTILLA Y LEÓN;3.1.-Agresión sexual;2016;167
CASTILLA Y LEÓN;3.1.-Agresión sexual;2015;140
CASTILLA Y LEÓN;3.1.-Agresión sexual;2014;143
CASTILLA Y LEÓN;3.1.-Agresión sexual;2013;150
CASTILLA Y LEÓN;3.1.-Agresión sexual;2012;181
CASTILLA Y LEÓN;3.1.-Agresión sexual;2011;164
CASTILLA Y LEÓN;3.1.-Agresión sexual;2010;155
CASTILLA Y LEÓN;3.2.-Agresión sexual con penetración;2023;141
CASTILLA Y LEÓN;3.2.-Agresión sexual con penetración;2022;107
CASTILLA Y LEÓN;3.2.-Agresión sexual con penetración;2021;120
CASTILLA Y LEÓN;3.2.-Agresión sexual con penetración;2020;70
CASTILLA Y LEÓN;3.2.-Agresión sexual con penetración;2019;81
CASTILLA Y LEÓN;3.2.-Agresión sexual con penetración;2018;79
CASTILLA Y LEÓN;3.2.-Agresión sexual con penetración;2017;50
CASTILLA Y LEÓN;3.2.-Agresión sexual con penetración;2016;39
CASTILLA Y LEÓN;3.2.-Agresión sexual con penetración;2015;41
CASTILLA Y LEÓN;3.2.-Agresión sexual con penetración;2014;33
CASTILLA Y LEÓN;3.2.-Agresión sexual con penetración;2013;35
CASTILLA Y LEÓN;3.2.-Agresión sexual con penetración;2012;46
CASTILLA Y LEÓN;3.2.-Agresión sexual con penetración;2011;51
CASTILLA Y LEÓN;3.2.-Agresión sexual con penetración;2010;41
CASTILLA Y LEÓN;3.3.-Corrupción de menores o incapacitados;2023;22
CASTILLA Y LEÓN;3.3.-Corrupción de menores o incapacitados;2022;23
CASTILLA Y LEÓN;3.3.-Corrupción de menores o incapacitados;2021;19
CASTILLA Y LEÓN;3.3.-Corrupción de menores o incapacitados;2020;12
CASTILLA Y LEÓN;3.3.-Corrupción de menores o incapacitados;2019;15
CASTILLA Y LEÓN;3.3.-Corrupción de menores o incapacitados;2018;10
CASTILLA Y LEÓN;3.3.-Corrupción de menores o incapacitados;2017;21
CASTILLA Y LEÓN;3.3.-Corrupción de menores o incapacitados;2016;10
CASTILLA Y LEÓN;3.3.-Corrupción de menores o incapacitados;2015;23
CASTILLA Y LEÓN;3.3.-Corrupción de menores o incapacitados;2014;18
CASTILLA Y LEÓN;3.3.-Corrupción de menores o incapacitados;2013;7
CASTILLA Y LEÓN;3.3.-Corrupción de menores o incapacitados;2012;7
CASTILLA Y LEÓN;3.3.-Corrupción de menores o incapacitados;2011;6
CASTILLA Y LEÓN;3.3.-Corrupción de menores o incapacitados;2010;7
CASTILLA Y LEÓN;3.4.-Pornografía de menores;2023;34
CASTILLA Y LEÓN;3.4.-Pornografía de menores;2022;44
CASTILLA Y LEÓN;3.4.-Pornografía de menores;2021;22
CASTILLA Y LEÓN;3.4.-Pornografía de menores;2020;27
CASTILLA Y LEÓN;3.4.-Pornografía de menores;2019;31
CASTILLA Y LEÓN;3.4.-Pornografía de menores;2018;44
CASTILLA Y LEÓN;3.4.-Pornografía de menores;2017;23
CASTILLA Y LEÓN;3.4.-Pornografía de menores;2016;28
CASTILLA Y LEÓN;3.4.-Pornografía de menores;2015;21
CASTILLA Y LEÓN;3.4.-Pornografía de menores;2014;20
CASTILLA Y LEÓN;3.4.-Pornografía de menores;2013;15
CASTILLA Y LEÓN;3.4.-Pornografía de menores;2012;26
CASTILLA Y LEÓN;3.4.-Pornografía de menores;2011;16
CASTILLA Y LEÓN;3.4.-Pornografía de menores;2010;34
CASTILLA Y LEÓN;3.5.-Otros contra la libertad sexual;2023;95
CASTILLA Y LEÓN;3.5.-Otros contra la libertad sexual;2022;84
CASTILLA Y LEÓN;3.5.-Otros contra la libertad sexual;2021;66
CASTILLA Y LEÓN;3.5.-Otros contra la libertad sexual;2020;80
CASTILLA Y LEÓN;3.5.-Otros contra la libertad sexual;2019;105
CASTILLA Y LEÓN;3.5.-Otros contra la libertad sexual;2018;60
CASTILLA Y LEÓN;3.5.-Otros contra la libertad sexual;2017;67
CASTILLA Y LEÓN;3.5.-Otros contra la libertad sexual;2016;45
CASTILLA Y LEÓN;3.5.-Otros contra la libertad sexual;2015;57
CASTILLA Y LEÓN;3.5.-Otros contra la libertad sexual;2014;67
CASTILLA Y LEÓN;3.5.-Otros contra la libertad sexual;2013;31
CASTILLA Y LEÓN;3.5.-Otros contra la libertad sexual;2012;49
CASTILLA Y LEÓN;3.5.-Otros contra la libertad sexual;2011;41
CASTILLA Y LEÓN;3.5.-Otros contra la libertad sexual;2010;58
CASTILLA Y LEÓN;4. RELACIONES FAMILIARES;2023;201
CASTILLA Y LEÓN;4. RELACIONES FAMILIARES;2022;189
CASTILLA Y LEÓN;4. RELACIONES FAMILIARES;2021;174
CASTILLA Y LEÓN;4. RELACIONES FAMILIARES;2020;138
CASTILLA Y LEÓN;4. RELACIONES FAMILIARES;2019;196
CASTILLA Y LEÓN;4. RELACIONES FAMILIARES;2018;180
CASTILLA Y LEÓN;4. RELACIONES FAMILIARES;2017;226
CASTILLA Y LEÓN;4. RELACIONES FAMILIARES;2016;203
CASTILLA Y LEÓN;4. RELACIONES FAMILIARES;2015;251
CASTILLA Y LEÓN;4. RELACIONES FAMILIARES;2014;270
CASTILLA Y LEÓN;4. RELACIONES FAMILIARES;2013;282
CASTILLA Y LEÓN;4. RELACIONES FAMILIARES;2012;290
CASTILLA Y LEÓN;4. RELACIONES FAMILIARES;2011;248
CASTILLA Y LEÓN;4. RELACIONES FAMILIARES;2010;229
CASTILLA Y LEÓN;5. PATRIMONIO;2023;65.001
CASTILLA Y LEÓN;5. PATRIMONIO;2022;63.435
CASTILLA Y LEÓN;5. PATRIMONIO;2021;52.662
CASTILLA Y LEÓN;5. PATRIMONIO;2020;46.705
CASTILLA Y LEÓN;5. PATRIMONIO;2019;56.640
CASTILLA Y LEÓN;5. PATRIMONIO;2018;55.843
CASTILLA Y LEÓN;5. PATRIMONIO;2017;53.459
CASTILLA Y LEÓN;5. PATRIMONIO;2016;54.234
CASTILLA Y LEÓN;5. PATRIMONIO;2015;54.991
CASTILLA Y LEÓN;5. PATRIMONIO;2014;55.997
CASTILLA Y LEÓN;5. PATRIMONIO;2013;58.837
CASTILLA Y LEÓN;5. PATRIMONIO;2012;61.485
CASTILLA Y LEÓN;5. PATRIMONIO;2011;59.573
CASTILLA Y LEÓN;5. PATRIMONIO;2010;61.232
CASTILLA Y LEÓN;5.1.-Hurtos;2023;17.611
CASTILLA Y LEÓN;5.1.-Hurtos;2022;17.361
CASTILLA Y LEÓN;5.1.-Hurtos;2021;13.785
CASTILLA Y LEÓN;5.1.-Hurtos;2020;11.414
CASTILLA Y LEÓN;5.1.-Hurtos;2019;19.206
CASTILLA Y LEÓN;5.1.-Hurtos;2018;19.715
CASTILLA Y LEÓN;5.1.-Hurtos;2017;21.070
CASTILLA Y LEÓN;5.1.-Hurtos;2016;22.480
CASTILLA Y LEÓN;5.1.-Hurtos;2015;24.474
CASTILLA Y LEÓN;5.1.-Hurtos;2014;25.336
CASTILLA Y LEÓN;5.1.-Hurtos;2013;28.107
CASTILLA Y LEÓN;5.1.-Hurtos;2012;28.694
CASTILLA Y LEÓN;5.1.-Hurtos;2011;27.745
CASTILLA Y LEÓN;5.1.-Hurtos;2010;28.537
CASTILLA Y LEÓN;5.2.-Robos con fuerza en las cosas;2023;8.284
CASTILLA Y LEÓN;5.2.-Robos con fuerza en las cosas;2022;8.160
CASTILLA Y LEÓN;5.2.-Robos con fuerza en las cosas;2021;6.994
CASTILLA Y LEÓN;5.2.-Robos con fuerza en las cosas;2020;6.517
CASTILLA Y LEÓN;5.2.-Robos con fuerza en las cosas;2019;8.819
CASTILLA Y LEÓN;5.2.-Robos con fuerza en las cosas;2018;9.513
CASTILLA Y LEÓN;5.2.-Robos con fuerza en las cosas;2017;9.684
CASTILLA Y LEÓN;5.2.-Robos con fuerza en las cosas;2016;10.186
CASTILLA Y LEÓN;5.2.-Robos con fuerza en las cosas;2015;10.304
CASTILLA Y LEÓN;5.2.-Robos con fuerza en las cosas;2014;11.363
CASTILLA Y LEÓN;5.2.-Robos con fuerza en las cosas;2013;12.317
CASTILLA Y LEÓN;5.2.-Robos con fuerza en las cosas;2012;13.456
CASTILLA Y LEÓN;5.2.-Robos con fuerza en las cosas;2011;12.460
CASTILLA Y LEÓN;5.2.-Robos con fuerza en las cosas;2010;13.339
CASTILLA Y LEÓN;5.2.1.-Robos con fuerza en las cosas en el interior de vehículos;2023;1.964
CASTILLA Y LEÓN;5.2.1.-Robos con fuerza en las cosas en el interior de vehículos;2022;1.564
CASTILLA Y LEÓN;5.2.1.-Robos con fuerza en las cosas en el interior de vehículos;2021;1.528
CASTILLA Y LEÓN;5.2.1.-Robos con fuerza en las cosas en el interior de vehículos;2020;1.526
CASTILLA Y LEÓN;5.2.1.-Robos con fuerza en las cosas en el interior de vehículos;2019;1.658
CASTILLA Y LEÓN;5.2.1.-Robos con fuerza en las cosas en el interior de vehículos;2018;1.650
CASTILLA Y LEÓN;5.2.1.-Robos con fuerza en las cosas en el interior de vehículos;2017;1.679
CASTILLA Y LEÓN;5.2.1.-Robos con fuerza en las cosas en el interior de vehículos;2016;1.637
CASTILLA Y LEÓN;5.2.1.-Robos con fuerza en las cosas en el interior de vehículos;2015;1.667
CASTILLA Y LEÓN;5.2.1.-Robos con fuerza en las cosas en el interior de vehículos;2014;1.954
CASTILLA Y LEÓN;5.2.1.-Robos con fuerza en las cosas en el interior de vehículos;2013;2.203
CASTILLA Y LEÓN;5.2.1.-Robos con fuerza en las cosas en el interior de vehículos;2012;2.333
CASTILLA Y LEÓN;5.2.1.-Robos con fuerza en las cosas en el interior de vehículos;2011;2.850
CASTILLA Y LEÓN;5.2.1.-Robos con fuerza en las cosas en el interior de vehículos;2010;2.862
CASTILLA Y LEÓN;5.2.2.-Robos con fuerza en viviendas;2023;2.786
CASTILLA Y LEÓN;5.2.2.-Robos con fuerza en viviendas;2022;2.966
CASTILLA Y LEÓN;5.2.2.-Robos con fuerza en viviendas;2021;2.523
CASTILLA Y LEÓN;5.2.2.-Robos con fuerza en viviendas;2020;2.117
CASTILLA Y LEÓN;5.2.2.-Robos con fuerza en viviendas;2019;2.965
CASTILLA Y LEÓN;5.2.2.-Robos con fuerza en viviendas;2018;3.569
CASTILLA Y LEÓN;5.2.2.-Robos con fuerza en viviendas;2017;3.154
CASTILLA Y LEÓN;5.2.2.-Robos con fuerza en viviendas;2016;3.521
CASTILLA Y LEÓN;5.2.2.-Robos con fuerza en viviendas;2015;3.547
CASTILLA Y LEÓN;5.2.2.-Robos con fuerza en viviendas;2014;3.847
CASTILLA Y LEÓN;5.2.2.-Robos con fuerza en viviendas;2013;3.818
CASTILLA Y LEÓN;5.2.2.-Robos con fuerza en viviendas;2012;3.940
CASTILLA Y LEÓN;5.2.2.-Robos con fuerza en viviendas;2011;2.390
CASTILLA Y LEÓN;5.2.2.-Robos con fuerza en viviendas;2010;2.802
CASTILLA Y LEÓN;5.2.3.-Robos con fuerza en establecimientos;2023;1.295
CASTILLA Y LEÓN;5.2.3.-Robos con fuerza en establecimientos;2022;1.318
CASTILLA Y LEÓN;5.2.3.-Robos con fuerza en establecimientos;2021;1.172
CASTILLA Y LEÓN;5.2.3.-Robos con fuerza en establecimientos;2020;1.179
CASTILLA Y LEÓN;5.2.3.-Robos con fuerza en establecimientos;2019;1.720
CASTILLA Y LEÓN;5.2.3.-Robos con fuerza en establecimientos;2018;1.701
CASTILLA Y LEÓN;5.2.3.-Robos con fuerza en establecimientos;2017;1.960
CASTILLA Y LEÓN;5.2.3.-Robos con fuerza en establecimientos;2016;2.165
CASTILLA Y LEÓN;5.2.3.-Robos con fuerza en establecimientos;2015;1.993
CASTILLA Y LEÓN;5.2.3.-Robos con fuerza en establecimientos;2014;2.217
CASTILLA Y LEÓN;5.2.3.-Robos con fuerza en establecimientos;2013;2.402
CASTILLA Y LEÓN;5.2.3.-Robos con fuerza en establecimientos;2012;2.480
CASTILLA Y LEÓN;5.2.3.-Robos con fuerza en establecimientos;2011;2.451
CASTILLA Y LEÓN;5.2.3.-Robos con fuerza en establecimientos;2010;2.865
CASTILLA Y LEÓN;5.3.-Robos con violencia o intimidación;2023;817
CASTILLA Y LEÓN;5.3.-Robos con violencia o intimidación;2022;710
CASTILLA Y LEÓN;5.3.-Robos con violencia o intimidación;2021;625
CASTILLA Y LEÓN;5.3.-Robos con violencia o intimidación;2020;542
CASTILLA Y LEÓN;5.3.-Robos con violencia o intimidación;2019;706
CASTILLA Y LEÓN;5.3.-Robos con violencia o intimidación;2018;708
CASTILLA Y LEÓN;5.3.-Robos con violencia o intimidación;2017;726
CASTILLA Y LEÓN;5.3.-Robos con violencia o intimidación;2016;847
CASTILLA Y LEÓN;5.3.-Robos con violencia o intimidación;2015;914
CASTILLA Y LEÓN;5.3.-Robos con violencia o intimidación;2014;948
CASTILLA Y LEÓN;5.3.-Robos con violencia o intimidación;2013;1.121
CASTILLA Y LEÓN;5.3.-Robos con violencia o intimidación;2012;1.199
CASTILLA Y LEÓN;5.3.-Robos con violencia o intimidación;2011;1.276
CASTILLA Y LEÓN;5.3.-Robos con violencia o intimidación;2010;1.321
CASTILLA Y LEÓN;5.3.1.-Robos con violencia en vía pública;2023;458
CASTILLA Y LEÓN;5.3.1.-Robos con violencia en vía pública;2022;374
CASTILLA Y LEÓN;5.3.1.-Robos con violencia en vía pública;2021;330
CASTILLA Y LEÓN;5.3.1.-Robos con violencia en vía pública;2020;307
CASTILLA Y LEÓN;5.3.1.-Robos con violencia en vía pública;2019;391
CASTILLA Y LEÓN;5.3.1.-Robos con violencia en vía pública;2018;388
CASTILLA Y LEÓN;5.3.1.-Robos con violencia en vía pública;2017;430
CASTILLA Y LEÓN;5.3.1.-Robos con violencia en vía pública;2016;512
CASTILLA Y LEÓN;5.3.1.-Robos con violencia en vía pública;2015;571
CASTILLA Y LEÓN;5.3.1.-Robos con violencia en vía pública;2014;568
CASTILLA Y LEÓN;5.3.1.-Robos con violencia en vía pública;2013;709
CASTILLA Y LEÓN;5.3.1.-Robos con violencia en vía pública;2012;738
CASTILLA Y LEÓN;5.3.1.-Robos con violencia en vía pública;2011;783
CASTILLA Y LEÓN;5.3.1.-Robos con violencia en vía pública;2010;818
CASTILLA Y LEÓN;5.3.2.-Robos con violencia en viviendas;2023;85
CASTILLA Y LEÓN;5.3.2.-Robos con violencia en viviendas;2022;84
CASTILLA Y LEÓN;5.3.2.-Robos con violencia en viviendas;2021;69
CASTILLA Y LEÓN;5.3.2.-Robos con violencia en viviendas;2020;55
CASTILLA Y LEÓN;5.3.2.-Robos con violencia en viviendas;2019;62
CASTILLA Y LEÓN;5.3.2.-Robos con violencia en viviendas;2018;96
CASTILLA Y LEÓN;5.3.2.-Robos con violencia en viviendas;2017;69
CASTILLA Y LEÓN;5.3.2.-Robos con violencia en viviendas;2016;90
CASTILLA Y LEÓN;5.3.2.-Robos con violencia en viviendas;2015;98
CASTILLA Y LEÓN;5.3.2.-Robos con violencia en viviendas;2014;111
CASTILLA Y LEÓN;5.3.2.-Robos con violencia en viviendas;2013;128
CASTILLA Y LEÓN;5.3.2.-Robos con violencia en viviendas;2012;131
CASTILLA Y LEÓN;5.3.2.-Robos con violencia en viviendas;2011;106
CASTILLA Y LEÓN;5.3.2.-Robos con violencia en viviendas;2010;110
CASTILLA Y LEÓN;5.3.3.-Robos con violencia en establecimientos;2023;194
CASTILLA Y LEÓN;5.3.3.-Robos con violencia en establecimientos;2022;159
CASTILLA Y LEÓN;5.3.3.-Robos con violencia en establecimientos;2021;146
CASTILLA Y LEÓN;5.3.3.-Robos con violencia en establecimientos;2020;110
CASTILLA Y LEÓN;5.3.3.-Robos con violencia en establecimientos;2019;163
CASTILLA Y LEÓN;5.3.3.-Robos con violencia en establecimientos;2018;141
CASTILLA Y LEÓN;5.3.3.-Robos con violencia en establecimientos;2017;130
CASTILLA Y LEÓN;5.3.3.-Robos con violencia en establecimientos;2016;130
CASTILLA Y LEÓN;5.3.3.-Robos con violencia en establecimientos;2015;130
CASTILLA Y LEÓN;5.3.3.-Robos con violencia en establecimientos;2014;153
CASTILLA Y LEÓN;5.3.3.-Robos con violencia en establecimientos;2013;168
CASTILLA Y LEÓN;5.3.3.-Robos con violencia en establecimientos;2012;179
CASTILLA Y LEÓN;5.3.3.-Robos con violencia en establecimientos;2011;215
CASTILLA Y LEÓN;5.3.3.-Robos con violencia en establecimientos;2010;273
CASTILLA Y LEÓN;5.4.-Sustracción de vehículos;2023;485
CASTILLA Y LEÓN;5.4.-Sustracción de vehículos;2022;512
CASTILLA Y LEÓN;5.4.-Sustracción de vehículos;2021;466
CASTILLA Y LEÓN;5.4.-Sustracción de vehículos;2020;400
CASTILLA Y LEÓN;5.4.-Sustracción de vehículos;2019;573
CASTILLA Y LEÓN;5.4.-Sustracción de vehículos;2018;572
CASTILLA Y LEÓN;5.4.-Sustracción de vehículos;2017;659
CASTILLA Y LEÓN;5.4.-Sustracción de vehículos;2016;901
CASTILLA Y LEÓN;5.4.-Sustracción de vehículos;2015;789
CASTILLA Y LEÓN;5.4.-Sustracción de vehículos;2014;757
CASTILLA Y LEÓN;5.4.-Sustracción de vehículos;2013;790
CASTILLA Y LEÓN;5.4.-Sustracción de vehículos;2012;976
CASTILLA Y LEÓN;5.4.-Sustracción de vehículos;2011;1.120
CASTILLA Y LEÓN;5.4.-Sustracción de vehículos;2010;1.410
CASTILLA Y LEÓN;5.5.-Estafas;2023;25.535
CASTILLA Y LEÓN;5.5.-Estafas;2022;23.982
CASTILLA Y LEÓN;5.5.-Estafas;2021;18.445
CASTILLA Y LEÓN;5.5.-Estafas;2020;17.531
CASTILLA Y LEÓN;5.5.-Estafas;2019;14.634
CASTILLA Y LEÓN;5.5.-Estafas;2018;13.157
CASTILLA Y LEÓN;5.5.-Estafas;2017;9.555
CASTILLA Y LEÓN;5.5.-Estafas;2016;7.852
CASTILLA Y LEÓN;5.5.-Estafas;2015;6.319
CASTILLA Y LEÓN;5.5.-Estafas;2014;5.092
CASTILLA Y LEÓN;5.5.-Estafas;2013;4.138
CASTILLA Y LEÓN;5.5.-Estafas;2012;4.130
CASTILLA Y LEÓN;5.5.-Estafas;2011;3.618
CASTILLA Y LEÓN;5.5.-Estafas;2010;3.173
CASTILLA Y LEÓN;5.5.1.-Estafas informáticas;2023;22.722
CASTILLA Y LEÓN;5.5.1.-Estafas informáticas;2022;18.968
CASTILLA Y LEÓN;5.5.1.-Estafas informáticas;2021;14.457
CASTILLA Y LEÓN;5.5.1.-Estafas informáticas;2020;13.841
CASTILLA Y LEÓN;5.5.1.-Estafas informáticas;2019;9.464
CASTILLA Y LEÓN;5.5.1.-Estafas informáticas;2018;6.511
CASTILLA Y LEÓN;5.5.1.-Estafas informáticas;2017;4.606
CASTILLA Y LEÓN;5.5.1.-Estafas informáticas;2016;3.370
CASTILLA Y LEÓN;5.5.1.-Estafas informáticas;2015;2.411
CASTILLA Y LEÓN;5.5.1.-Estafas informáticas;2014;1.874
CASTILLA Y LEÓN;5.5.1.-Estafas informáticas;2013;1.403
CASTILLA Y LEÓN;5.5.1.-Estafas informáticas;2012;1.172
CASTILLA Y LEÓN;5.5.1.-Estafas informáticas;2011;849
CASTILLA Y LEÓN;5.5.1.-Estafas informáticas;2010;845
CASTILLA Y LEÓN;5.6.-Daños;2023;9.892
CASTILLA Y LEÓN;5.6.-Daños;2022;10.495
CASTILLA Y LEÓN;5.6.-Daños;2021;10.243
CASTILLA Y LEÓN;5.6.-Daños;2020;8.662
CASTILLA Y LEÓN;5.6.-Daños;2019;10.845
CASTILLA Y LEÓN;5.6.-Daños;2018;10.388
CASTILLA Y LEÓN;5.6.-Daños;2017;10.399
CASTILLA Y LEÓN;5.6.-Daños;2016;10.667
CASTILLA Y LEÓN;5.6.-Daños;2015;10.672
CASTILLA Y LEÓN;5.6.-Daños;2014;10.879
CASTILLA Y LEÓN;5.6.-Daños;2013;10.914
CASTILLA Y LEÓN;5.6.-Daños;2012;11.887
CASTILLA Y LEÓN;5.6.-Daños;2011;12.354
CASTILLA Y LEÓN;5.6.-Daños;2010;12.712
CASTILLA Y LEÓN;5.7.-Contra la propiedad intelectual/industrial;2023;56
CASTILLA Y LEÓN;5.7.-Contra la propiedad intelectual/industrial;2022;45
CASTILLA Y LEÓN;5.7.-Contra la propiedad intelectual/industrial;2021;66
CASTILLA Y LEÓN;5.7.-Contra la propiedad intelectual/industrial;2020;40
CASTILLA Y LEÓN;5.7.-Contra la propiedad intelectual/industrial;2019;51
CASTILLA Y LEÓN;5.7.-Contra la propiedad intelectual/industrial;2018;80
CASTILLA Y LEÓN;5.7.-Contra la propiedad intelectual/industrial;2017;63
CASTILLA Y LEÓN;5.7.-Contra la propiedad intelectual/industrial;2016;61
CASTILLA Y LEÓN;5.7.-Contra la propiedad intelectual/industrial;2015;64
CASTILLA Y LEÓN;5.7.-Contra la propiedad intelectual/industrial;2014;101
CASTILLA Y LEÓN;5.7.-Contra la propiedad intelectual/industrial;2013;140
CASTILLA Y LEÓN;5.7.-Contra la propiedad intelectual/industrial;2012;69
CASTILLA Y LEÓN;5.7.-Contra la propiedad intelectual/industrial;2011;91
CASTILLA Y LEÓN;5.7.-Contra la propiedad intelectual/industrial;2010;78
CASTILLA Y LEÓN;5.8.-Blanqueo de capitales;2023;18
CASTILLA Y LEÓN;5.8.-Blanqueo de capitales;2022;9
CASTILLA Y LEÓN;5.8.-Blanqueo de capitales;2021;5
CASTILLA Y LEÓN;5.8.-Blanqueo de capitales;2020;6
CASTILLA Y LEÓN;5.8.-Blanqueo de capitales;2019;9
CASTILLA Y LEÓN;5.8.-Blanqueo de capitales;2018;9
CASTILLA Y LEÓN;5.8.-Blanqueo de capitales;2017;6
CASTILLA Y LEÓN;5.8.-Blanqueo de capitales;2016;6
CASTILLA Y LEÓN;5.8.-Blanqueo de capitales;2015;6
CASTILLA Y LEÓN;5.8.-Blanqueo de capitales;2014;3
CASTILLA Y LEÓN;5.8.-Blanqueo de capitales;2013;8
CASTILLA Y LEÓN;5.8.-Blanqueo de capitales;2012;3
CASTILLA Y LEÓN;5.8.-Blanqueo de capitales;2011;3
CASTILLA Y LEÓN;5.8.-Blanqueo de capitales;2010;5
CASTILLA Y LEÓN;5.9.-Otros contra el patrimonio;2023;2.303
CASTILLA Y LEÓN;5.9.-Otros contra el patrimonio;2022;2.161
CASTILLA Y LEÓN;5.9.-Otros contra el patrimonio;2021;2.033
CASTILLA Y LEÓN;5.9.-Otros contra el patrimonio;2020;1.593
CASTILLA Y LEÓN;5.9.-Otros contra el patrimonio;2019;1.797
CASTILLA Y LEÓN;5.9.-Otros contra el patrimonio;2018;1.701
CASTILLA Y LEÓN;5.9.-Otros contra el patrimonio;2017;1.297
CASTILLA Y LEÓN;5.9.-Otros contra el patrimonio;2016;1.234
CASTILLA Y LEÓN;5.9.-Otros contra el patrimonio;2015;1.449
CASTILLA Y LEÓN;5.9.-Otros contra el patrimonio;2014;1.518
CASTILLA Y LEÓN;5.9.-Otros contra el patrimonio;2013;1.302
CASTILLA Y LEÓN;5.9.-Otros contra el patrimonio;2012;1.071
CASTILLA Y LEÓN;5.9.-Otros contra el patrimonio;2011;906
CASTILLA Y LEÓN;5.9.-Otros contra el patrimonio;2010;657
CASTILLA Y LEÓN;6. SEGURIDAD COLECTIVA;2023;3.071
CASTILLA Y LEÓN;6. SEGURIDAD COLECTIVA;2022;3.098
CASTILLA Y LEÓN;6. SEGURIDAD COLECTIVA;2021;2.927
CASTILLA Y LEÓN;6. SEGURIDAD COLECTIVA;2020;2.416
CASTILLA Y LEÓN;6. SEGURIDAD COLECTIVA;2019;2.911
CASTILLA Y LEÓN;6. SEGURIDAD COLECTIVA;2018;2.709
CASTILLA Y LEÓN;6. SEGURIDAD COLECTIVA;2017;2.473
CASTILLA Y LEÓN;6. SEGURIDAD COLECTIVA;2016;2.404
CASTILLA Y LEÓN;6. SEGURIDAD COLECTIVA;2015;2.626
CASTILLA Y LEÓN;6. SEGURIDAD COLECTIVA;2014;3.050
CASTILLA Y LEÓN;6. SEGURIDAD COLECTIVA;2013;3.329
CASTILLA Y LEÓN;6. SEGURIDAD COLECTIVA;2012;3.882
CASTILLA Y LEÓN;6. SEGURIDAD COLECTIVA;2011;4.280
CASTILLA Y LEÓN;6. SEGURIDAD COLECTIVA;2010;3.843
CASTILLA Y LEÓN;6.1.-Tráfico de drogas;2023;492
CASTILLA Y LEÓN;6.1.-Tráfico de drogas;2022;482
CASTILLA Y LEÓN;6.1.-Tráfico de drogas;2021;492
CASTILLA Y LEÓN;6.1.-Tráfico de drogas;2020;502
CASTILLA Y LEÓN;6.1.-Tráfico de drogas;2019;447
CASTILLA Y LEÓN;6.1.-Tráfico de drogas;2018;408
CASTILLA Y LEÓN;6.1.-Tráfico de drogas;2017;334
CASTILLA Y LEÓN;6.1.-Tráfico de drogas;2016;352
CASTILLA Y LEÓN;6.1.-Tráfico de drogas;2015;313
CASTILLA Y LEÓN;6.1.-Tráfico de drogas;2014;380
CASTILLA Y LEÓN;6.1.-Tráfico de drogas;2013;380
CASTILLA Y LEÓN;6.1.-Tráfico de drogas;2012;364
CASTILLA Y LEÓN;6.1.-Tráfico de drogas;2011;407
CASTILLA Y LEÓN;6.1.-Tráfico de drogas;2010;339
CASTILLA Y LEÓN;6.2.-Contra la seguridad vial;2023;2.434
CASTILLA Y LEÓN;6.2.-Contra la seguridad vial;2022;2.493
CASTILLA Y LEÓN;6.2.-Contra la seguridad vial;2021;2.325
CASTILLA Y LEÓN;6.2.-Contra la seguridad vial;2020;1.814
CASTILLA Y LEÓN;6.2.-Contra la seguridad vial;2019;2.355
CASTILLA Y LEÓN;6.2.-Contra la seguridad vial;2018;2.192
CASTILLA Y LEÓN;6.2.-Contra la seguridad vial;2017;1.971
CASTILLA Y LEÓN;6.2.-Contra la seguridad vial;2016;1.949
CASTILLA Y LEÓN;6.2.-Contra la seguridad vial;2015;2.216
CASTILLA Y LEÓN;6.2.-Contra la seguridad vial;2014;2.589
CASTILLA Y LEÓN;6.2.-Contra la seguridad vial;2013;2.886
CASTILLA Y LEÓN;6.2.-Contra la seguridad vial;2012;3.402
CASTILLA Y LEÓN;6.2.-Contra la seguridad vial;2011;3.770
CASTILLA Y LEÓN;6.2.-Contra la seguridad vial;2010;3.375
CASTILLA Y LEÓN;6.3.-Otros contra la seguridad colectiva;2023;145
CASTILLA Y LEÓN;6.3.-Otros contra la seguridad colectiva;2022;123
CASTILLA Y LEÓN;6.3.-Otros contra la seguridad colectiva;2021;110
CASTILLA Y LEÓN;6.3.-Otros contra la seguridad colectiva;2020;100
CASTILLA Y LEÓN;6.3.-Otros contra la seguridad colectiva;2019;109
CASTILLA Y LEÓN;6.3.-Otros contra la seguridad colectiva;2018;109
CASTILLA Y LEÓN;6.3.-Otros contra la seguridad colectiva;2017;168
CASTILLA Y LEÓN;6.3.-Otros contra la seguridad colectiva;2016;103
CASTILLA Y LEÓN;6.3.-Otros contra la seguridad colectiva;2015;97
CASTILLA Y LEÓN;6.3.-Otros contra la seguridad colectiva;2014;81
CASTILLA Y LEÓN;6.3.-Otros contra la seguridad colectiva;2013;63
CASTILLA Y LEÓN;6.3.-Otros contra la seguridad colectiva;2012;116
CASTILLA Y LEÓN;6.3.-Otros contra la seguridad colectiva;2011;103
CASTILLA Y LEÓN;6.3.-Otros contra la seguridad colectiva;2010;129
CASTILLA Y LEÓN;7. FALSEDADES;2023;2.033
CASTILLA Y LEÓN;7. FALSEDADES;2022;1.706
CASTILLA Y LEÓN;7. FALSEDADES;2021;1.517
CASTILLA Y LEÓN;7. FALSEDADES;2020;1.029
CASTILLA Y LEÓN;7. FALSEDADES;2019;840
CASTILLA Y LEÓN;7. FALSEDADES;2018;811
CASTILLA Y LEÓN;7. FALSEDADES;2017;774
CASTILLA Y LEÓN;7. FALSEDADES;2016;643
CASTILLA Y LEÓN;7. FALSEDADES;2015;541
CASTILLA Y LEÓN;7. FALSEDADES;2014;521
CASTILLA Y LEÓN;7. FALSEDADES;2013;474
CASTILLA Y LEÓN;7. FALSEDADES;2012;441
CASTILLA Y LEÓN;7. FALSEDADES;2011;453
CASTILLA Y LEÓN;7. FALSEDADES;2010;432
CASTILLA Y LEÓN;8. ADMÓN. PÚBLICA;2023;33
CASTILLA Y LEÓN;8. ADMÓN. PÚBLICA;2022;18
CASTILLA Y LEÓN;8. ADMÓN. PÚBLICA;2021;19
CASTILLA Y LEÓN;8. ADMÓN. PÚBLICA;2020;13
CASTILLA Y LEÓN;8. ADMÓN. PÚBLICA;2019;14
CASTILLA Y LEÓN;8. ADMÓN. PÚBLICA;2018;17
CASTILLA Y LEÓN;8. ADMÓN. PÚBLICA;2017;26
CASTILLA Y LEÓN;8. ADMÓN. PÚBLICA;2016;8
CASTILLA Y LEÓN;8. ADMÓN. PÚBLICA;2015;10
CASTILLA Y LEÓN;8. ADMÓN. PÚBLICA;2014;9
CASTILLA Y LEÓN;8. ADMÓN. PÚBLICA;2013;8
CASTILLA Y LEÓN;8. ADMÓN. PÚBLICA;2012;10
CASTILLA Y LEÓN;8. ADMÓN. PÚBLICA;2011;4
CASTILLA Y LEÓN;8. ADMÓN. PÚBLICA;2010;12
CASTILLA Y LEÓN;9. ADMÓN. JUSTICIA;2023;1.559
CASTILLA Y LEÓN;9. ADMÓN. JUSTICIA;2022;1.516
CASTILLA Y LEÓN;9. ADMÓN. JUSTICIA;2021;1.240
CASTILLA Y LEÓN;9. ADMÓN. JUSTICIA;2020;1.078
CASTILLA Y LEÓN;9. ADMÓN. JUSTICIA;2019;1.186
CASTILLA Y LEÓN;9. ADMÓN. JUSTICIA;2018;1.097
CASTILLA Y LEÓN;9. ADMÓN. JUSTICIA;2017;1.054
CASTILLA Y LEÓN;9. ADMÓN. JUSTICIA;2016;1.057
CASTILLA Y LEÓN;9. ADMÓN. JUSTICIA;2015;1.005
CASTILLA Y LEÓN;9. ADMÓN. JUSTICIA;2014;1.004
CASTILLA Y LEÓN;9. ADMÓN. JUSTICIA;2013;953
CASTILLA Y LEÓN;9. ADMÓN. JUSTICIA;2012;1.009
CASTILLA Y LEÓN;9. ADMÓN. JUSTICIA;2011;1.105
CASTILLA Y LEÓN;9. ADMÓN. JUSTICIA;2010;1.130
CASTILLA Y LEÓN;10. ORDEN PÚBLICO;2023;1.028
CASTILLA Y LEÓN;10. ORDEN PÚBLICO;2022;1.018
CASTILLA Y LEÓN;10. ORDEN PÚBLICO;2021;962
CASTILLA Y LEÓN;10. ORDEN PÚBLICO;2020;1.078
CASTILLA Y LEÓN;10. ORDEN PÚBLICO;2019;750
CASTILLA Y LEÓN;10. ORDEN PÚBLICO;2018;700
CASTILLA Y LEÓN;10. ORDEN PÚBLICO;2017;699
CASTILLA Y LEÓN;10. ORDEN PÚBLICO;2016;622
CASTILLA Y LEÓN;10. ORDEN PÚBLICO;2015;951
CASTILLA Y LEÓN;10. ORDEN PÚBLICO;2014;1.228
CASTILLA Y LEÓN;10. ORDEN PÚBLICO;2013;1.332
CASTILLA Y LEÓN;10. ORDEN PÚBLICO;2012;1.559
CASTILLA Y LEÓN;10. ORDEN PÚBLICO;2011;1.612
CASTILLA Y LEÓN;10. ORDEN PÚBLICO;2010;1.539
CASTILLA Y LEÓN;11. LEGISLACIÓN ESPECIAL;2023;16
CASTILLA Y LEÓN;11. LEGISLACIÓN ESPECIAL;2022;5
CASTILLA Y LEÓN;11. LEGISLACIÓN ESPECIAL;2021;3
CASTILLA Y LEÓN;11. LEGISLACIÓN ESPECIAL;2020;2
CASTILLA Y LEÓN;11. LEGISLACIÓN ESPECIAL;2019;10
CASTILLA Y LEÓN;11. LEGISLACIÓN ESPECIAL;2018;0
CASTILLA Y LEÓN;11. LEGISLACIÓN ESPECIAL;2017;8
CASTILLA Y LEÓN;11. LEGISLACIÓN ESPECIAL;2016;2
CASTILLA Y LEÓN;11. LEGISLACIÓN ESPECIAL;2015;2
CASTILLA Y LEÓN;11. LEGISLACIÓN ESPECIAL;2014;3
CASTILLA Y LEÓN;11. LEGISLACIÓN ESPECIAL;2013;0
CASTILLA Y LEÓN;11. LEGISLACIÓN ESPECIAL;2012;2
CASTILLA Y LEÓN;11. LEGISLACIÓN ESPECIAL;2011;4
CASTILLA Y LEÓN;11. LEGISLACIÓN ESPECIAL;2010;2
CASTILLA Y LEÓN;12. OTRAS INFRACCIONES PENALES;2023;764
CASTILLA Y LEÓN;12. OTRAS INFRACCIONES PENALES;2022;691
CASTILLA Y LEÓN;12. OTRAS INFRACCIONES PENALES;2021;582
CASTILLA Y LEÓN;12. OTRAS INFRACCIONES PENALES;2020;580
CASTILLA Y LEÓN;12. OTRAS INFRACCIONES PENALES;2019;566
CASTILLA Y LEÓN;12. OTRAS INFRACCIONES PENALES;2018;584
CASTILLA Y LEÓN;12. OTRAS INFRACCIONES PENALES;2017;577
CASTILLA Y LEÓN;12. OTRAS INFRACCIONES PENALES;2016;543
CASTILLA Y LEÓN;12. OTRAS INFRACCIONES PENALES;2015;433
CASTILLA Y LEÓN;12. OTRAS INFRACCIONES PENALES;2014;298
CASTILLA Y LEÓN;12. OTRAS INFRACCIONES PENALES;2013;215
CASTILLA Y LEÓN;12. OTRAS INFRACCIONES PENALES;2012;250
CASTILLA Y LEÓN;12. OTRAS INFRACCIONES PENALES;2011;253
CASTILLA Y LEÓN;12. OTRAS INFRACCIONES PENALES;2010;294
CASTILLA Y LEÓN;TOTAL INFRACCIONES PENALES;2023;89.824
CASTILLA Y LEÓN;TOTAL INFRACCIONES PENALES;2022;86.844
CASTILLA Y LEÓN;TOTAL INFRACCIONES PENALES;2021;74.008
CASTILLA Y LEÓN;TOTAL INFRACCIONES PENALES;2020;65.025
CASTILLA Y LEÓN;TOTAL INFRACCIONES PENALES;2019;76.363
CASTILLA Y LEÓN;TOTAL INFRACCIONES PENALES;2018;74.863
CASTILLA Y LEÓN;TOTAL INFRACCIONES PENALES;2017;71.874
CASTILLA Y LEÓN;TOTAL INFRACCIONES PENALES;2016;72.037
CASTILLA Y LEÓN;TOTAL INFRACCIONES PENALES;2015;74.503
CASTILLA Y LEÓN;TOTAL INFRACCIONES PENALES;2014;77.013
CASTILLA Y LEÓN;TOTAL INFRACCIONES PENALES;2013;79.904
CASTILLA Y LEÓN;TOTAL INFRACCIONES PENALES;2012;84.400
CASTILLA Y LEÓN;TOTAL INFRACCIONES PENALES;2011;83.809
CASTILLA Y LEÓN;TOTAL INFRACCIONES PENALES;2010;84.509
CASTILLA - LA MANCHA;1. CONTRA LAS PERSONAS;2023;8.729
CASTILLA - LA MANCHA;1. CONTRA LAS PERSONAS;2022;8.388
CASTILLA - LA MANCHA;1. CONTRA LAS PERSONAS;2021;7.346
CASTILLA - LA MANCHA;1. CONTRA LAS PERSONAS;2020;6.376
CASTILLA - LA MANCHA;1. CONTRA LAS PERSONAS;2019;7.335
CASTILLA - LA MANCHA;1. CONTRA LAS PERSONAS;2018;6.828
CASTILLA - LA MANCHA;1. CONTRA LAS PERSONAS;2017;6.583
CASTILLA - LA MANCHA;1. CONTRA LAS PERSONAS;2016;6.383
CASTILLA - LA MANCHA;1. CONTRA LAS PERSONAS;2015;8.877
CASTILLA - LA MANCHA;1. CONTRA LAS PERSONAS;2014;11.389
CASTILLA - LA MANCHA;1. CONTRA LAS PERSONAS;2013;11.134
CASTILLA - LA MANCHA;1. CONTRA LAS PERSONAS;2012;11.949
CASTILLA - LA MANCHA;1. CONTRA LAS PERSONAS;2011;12.264
CASTILLA - LA MANCHA;1. CONTRA LAS PERSONAS;2010;12.305
CASTILLA - LA MANCHA;1.1.-Homicidios dolosos/asesinatos;2023;60
CASTILLA - LA MANCHA;1.1.-Homicidios dolosos/asesinatos;2022;66
CASTILLA - LA MANCHA;1.1.-Homicidios dolosos/asesinatos;2021;78
CASTILLA - LA MANCHA;1.1.-Homicidios dolosos/asesinatos;2020;52
CASTILLA - LA MANCHA;1.1.-Homicidios dolosos/asesinatos;2019;41
CASTILLA - LA MANCHA;1.1.-Homicidios dolosos/asesinatos;2018;37
CASTILLA - LA MANCHA;1.1.-Homicidios dolosos/asesinatos;2017;46
CASTILLA - LA MANCHA;1.1.-Homicidios dolosos/asesinatos;2016;38
CASTILLA - LA MANCHA;1.1.-Homicidios dolosos/asesinatos;2015;38
CASTILLA - LA MANCHA;1.1.-Homicidios dolosos/asesinatos;2014;47
CASTILLA - LA MANCHA;1.1.-Homicidios dolosos/asesinatos;2013;34
CASTILLA - LA MANCHA;1.1.-Homicidios dolosos/asesinatos;2012;37
CASTILLA - LA MANCHA;1.1.-Homicidios dolosos/asesinatos;2011;27
CASTILLA - LA MANCHA;1.1.-Homicidios dolosos/asesinatos;2010;44
CASTILLA - LA MANCHA;1.1.1.-Homicidios dolosos/asesinatos consumados;2023;15
CASTILLA - LA MANCHA;1.1.1.-Homicidios dolosos/asesinatos consumados;2022;19
CASTILLA - LA MANCHA;1.1.1.-Homicidios dolosos/asesinatos consumados;2021;10
CASTILLA - LA MANCHA;1.1.1.-Homicidios dolosos/asesinatos consumados;2020;17
CASTILLA - LA MANCHA;1.1.1.-Homicidios dolosos/asesinatos consumados;2019;11
CASTILLA - LA MANCHA;1.1.1.-Homicidios dolosos/asesinatos consumados;2018;8
CASTILLA - LA MANCHA;1.1.1.-Homicidios dolosos/asesinatos consumados;2017;12
CASTILLA - LA MANCHA;1.1.1.-Homicidios dolosos/asesinatos consumados;2016;11
CASTILLA - LA MANCHA;1.1.1.-Homicidios dolosos/asesinatos consumados;2015;13
CASTILLA - LA MANCHA;1.1.1.-Homicidios dolosos/asesinatos consumados;2014;16
CASTILLA - LA MANCHA;1.1.1.-Homicidios dolosos/asesinatos consumados;2013;15
CASTILLA - LA MANCHA;1.1.1.-Homicidios dolosos/asesinatos consumados;2012;17
CASTILLA - LA MANCHA;1.1.1.-Homicidios dolosos/asesinatos consumados;2011;8
CASTILLA - LA MANCHA;1.1.1.-Homicidios dolosos/asesinatos consumados;2010;12
CASTILLA - LA MANCHA;1.2.-Lesiones;2023;4.830
CASTILLA - LA MANCHA;1.2.-Lesiones;2022;4.708
CASTILLA - LA MANCHA;1.2.-Lesiones;2021;4.007
CASTILLA - LA MANCHA;1.2.-Lesiones;2020;3.268
CASTILLA - LA MANCHA;1.2.-Lesiones;2019;4.077
CASTILLA - LA MANCHA;1.2.-Lesiones;2018;3.822
CASTILLA - LA MANCHA;1.2.-Lesiones;2017;3.836
CASTILLA - LA MANCHA;1.2.-Lesiones;2016;3.821
CASTILLA - LA MANCHA;1.2.-Lesiones;2015;3.793
CASTILLA - LA MANCHA;1.2.-Lesiones;2014;4.036
CASTILLA - LA MANCHA;1.2.-Lesiones;2013;3.960
CASTILLA - LA MANCHA;1.2.-Lesiones;2012;4.281
CASTILLA - LA MANCHA;1.2.-Lesiones;2011;4.581
CASTILLA - LA MANCHA;1.2.-Lesiones;2010;4.506
CASTILLA - LA MANCHA;1.3.-Malos tratos ámbito familiar;2023;3.651
CASTILLA - LA MANCHA;1.3.-Malos tratos ámbito familiar;2022;3.436
CASTILLA - LA MANCHA;1.3.-Malos tratos ámbito familiar;2021;3.109
CASTILLA - LA MANCHA;1.3.-Malos tratos ámbito familiar;2020;2.906
CASTILLA - LA MANCHA;1.3.-Malos tratos ámbito familiar;2019;3.048
CASTILLA - LA MANCHA;1.3.-Malos tratos ámbito familiar;2018;2.858
CASTILLA - LA MANCHA;1.3.-Malos tratos ámbito familiar;2017;2.607
CASTILLA - LA MANCHA;1.3.-Malos tratos ámbito familiar;2016;2.457
CASTILLA - LA MANCHA;1.3.-Malos tratos ámbito familiar;2015;2.493
CASTILLA - LA MANCHA;1.3.-Malos tratos ámbito familiar;2014;2.431
CASTILLA - LA MANCHA;1.3.-Malos tratos ámbito familiar;2013;2.334
CASTILLA - LA MANCHA;1.3.-Malos tratos ámbito familiar;2012;2.474
CASTILLA - LA MANCHA;1.3.-Malos tratos ámbito familiar;2011;2.503
CASTILLA - LA MANCHA;1.3.-Malos tratos ámbito familiar;2010;2.635
CASTILLA - LA MANCHA;1.4.-Otros contra las personas;2023;188
CASTILLA - LA MANCHA;1.4.-Otros contra las personas;2022;178
CASTILLA - LA MANCHA;1.4.-Otros contra las personas;2021;152
CASTILLA - LA MANCHA;1.4.-Otros contra las personas;2020;150
CASTILLA - LA MANCHA;1.4.-Otros contra las personas;2019;169
CASTILLA - LA MANCHA;1.4.-Otros contra las personas;2018;111
CASTILLA - LA MANCHA;1.4.-Otros contra las personas;2017;94
CASTILLA - LA MANCHA;1.4.-Otros contra las personas;2016;67
CASTILLA - LA MANCHA;1.4.-Otros contra las personas;2015;2.553
CASTILLA - LA MANCHA;1.4.-Otros contra las personas;2014;4.875
CASTILLA - LA MANCHA;1.4.-Otros contra las personas;2013;4.806
CASTILLA - LA MANCHA;1.4.-Otros contra las personas;2012;5.157
CASTILLA - LA MANCHA;1.4.-Otros contra las personas;2011;5.153
CASTILLA - LA MANCHA;1.4.-Otros contra las personas;2010;5.120
CASTILLA - LA MANCHA;2. CONTRA LA LIBERTAD;2023;6.078
CASTILLA - LA MANCHA;2. CONTRA LA LIBERTAD;2022;5.816
CASTILLA - LA MANCHA;2. CONTRA LA LIBERTAD;2021;5.477
CASTILLA - LA MANCHA;2. CONTRA LA LIBERTAD;2020;4.776
CASTILLA - LA MANCHA;2. CONTRA LA LIBERTAD;2019;4.655
CASTILLA - LA MANCHA;2. CONTRA LA LIBERTAD;2018;4.566
CASTILLA - LA MANCHA;2. CONTRA LA LIBERTAD;2017;4.362
CASTILLA - LA MANCHA;2. CONTRA LA LIBERTAD;2016;4.160
CASTILLA - LA MANCHA;2. CONTRA LA LIBERTAD;2015;2.707
CASTILLA - LA MANCHA;2. CONTRA LA LIBERTAD;2014;1.303
CASTILLA - LA MANCHA;2. CONTRA LA LIBERTAD;2013;1.343
CASTILLA - LA MANCHA;2. CONTRA LA LIBERTAD;2012;1.286
CASTILLA - LA MANCHA;2. CONTRA LA LIBERTAD;2011;1.358
CASTILLA - LA MANCHA;2. CONTRA LA LIBERTAD;2010;1.099
CASTILLA - LA MANCHA;2.1.-Malos tratos habituales en el ámbito familiar;2023;977
CASTILLA - LA MANCHA;2.1.-Malos tratos habituales en el ámbito familiar;2022;807
CASTILLA - LA MANCHA;2.1.-Malos tratos habituales en el ámbito familiar;2021;671
CASTILLA - LA MANCHA;2.1.-Malos tratos habituales en el ámbito familiar;2020;568
CASTILLA - LA MANCHA;2.1.-Malos tratos habituales en el ámbito familiar;2019;597
CASTILLA - LA MANCHA;2.1.-Malos tratos habituales en el ámbito familiar;2018;590
CASTILLA - LA MANCHA;2.1.-Malos tratos habituales en el ámbito familiar;2017;593
CASTILLA - LA MANCHA;2.1.-Malos tratos habituales en el ámbito familiar;2016;516
CASTILLA - LA MANCHA;2.1.-Malos tratos habituales en el ámbito familiar;2015;577
CASTILLA - LA MANCHA;2.1.-Malos tratos habituales en el ámbito familiar;2014;539
CASTILLA - LA MANCHA;2.1.-Malos tratos habituales en el ámbito familiar;2013;563
CASTILLA - LA MANCHA;2.1.-Malos tratos habituales en el ámbito familiar;2012;516
CASTILLA - LA MANCHA;2.1.-Malos tratos habituales en el ámbito familiar;2011;561
CASTILLA - LA MANCHA;2.1.-Malos tratos habituales en el ámbito familiar;2010;494
CASTILLA - LA MANCHA;2.2.-Otros contra la libertad;2023;5.101
CASTILLA - LA MANCHA;2.2.-Otros contra la libertad;2022;5.009
CASTILLA - LA MANCHA;2.2.-Otros contra la libertad;2021;4.806
CASTILLA - LA MANCHA;2.2.-Otros contra la libertad;2020;4.208
CASTILLA - LA MANCHA;2.2.-Otros contra la libertad;2019;4.058
CASTILLA - LA MANCHA;2.2.-Otros contra la libertad;2018;3.976
CASTILLA - LA MANCHA;2.2.-Otros contra la libertad;2017;3.769
CASTILLA - LA MANCHA;2.2.-Otros contra la libertad;2016;3.644
CASTILLA - LA MANCHA;2.2.-Otros contra la libertad;2015;2.130
CASTILLA - LA MANCHA;2.2.-Otros contra la libertad;2014;764
CASTILLA - LA MANCHA;2.2.-Otros contra la libertad;2013;780
CASTILLA - LA MANCHA;2.2.-Otros contra la libertad;2012;770
CASTILLA - LA MANCHA;2.2.-Otros contra la libertad;2011;797
CASTILLA - LA MANCHA;2.2.-Otros contra la libertad;2010;605
CASTILLA - LA MANCHA;3. LIBERTAD SEXUAL;2023;718
CASTILLA - LA MANCHA;3. LIBERTAD SEXUAL;2022;619
CASTILLA - LA MANCHA;3. LIBERTAD SEXUAL;2021;563
CASTILLA - LA MANCHA;3. LIBERTAD SEXUAL;2020;452
CASTILLA - LA MANCHA;3. LIBERTAD SEXUAL;2019;520
CASTILLA - LA MANCHA;3. LIBERTAD SEXUAL;2018;489
CASTILLA - LA MANCHA;3. LIBERTAD SEXUAL;2017;371
CASTILLA - LA MANCHA;3. LIBERTAD SEXUAL;2016;348
CASTILLA - LA MANCHA;3. LIBERTAD SEXUAL;2015;309
CASTILLA - LA MANCHA;3. LIBERTAD SEXUAL;2014;285
CASTILLA - LA MANCHA;3. LIBERTAD SEXUAL;2013;309
CASTILLA - LA MANCHA;3. LIBERTAD SEXUAL;2012;258
CASTILLA - LA MANCHA;3. LIBERTAD SEXUAL;2011;327
CASTILLA - LA MANCHA;3. LIBERTAD SEXUAL;2010;307
CASTILLA - LA MANCHA;3.1.-Agresión sexual;2023;454
CASTILLA - LA MANCHA;3.1.-Agresión sexual;2022;403
CASTILLA - LA MANCHA;3.1.-Agresión sexual;2021;359
CASTILLA - LA MANCHA;3.1.-Agresión sexual;2020;296
CASTILLA - LA MANCHA;3.1.-Agresión sexual;2019;327
CASTILLA - LA MANCHA;3.1.-Agresión sexual;2018;287
CASTILLA - LA MANCHA;3.1.-Agresión sexual;2017;211
CASTILLA - LA MANCHA;3.1.-Agresión sexual;2016;189
CASTILLA - LA MANCHA;3.1.-Agresión sexual;2015;189
CASTILLA - LA MANCHA;3.1.-Agresión sexual;2014;172
CASTILLA - LA MANCHA;3.1.-Agresión sexual;2013;177
CASTILLA - LA MANCHA;3.1.-Agresión sexual;2012;160
CASTILLA - LA MANCHA;3.1.-Agresión sexual;2011;198
CASTILLA - LA MANCHA;3.1.-Agresión sexual;2010;174
CASTILLA - LA MANCHA;3.2.-Agresión sexual con penetración;2023;133
CASTILLA - LA MANCHA;3.2.-Agresión sexual con penetración;2022;116
CASTILLA - LA MANCHA;3.2.-Agresión sexual con penetración;2021;102
CASTILLA - LA MANCHA;3.2.-Agresión sexual con penetración;2020;67
CASTILLA - LA MANCHA;3.2.-Agresión sexual con penetración;2019;72
CASTILLA - LA MANCHA;3.2.-Agresión sexual con penetración;2018;77
CASTILLA - LA MANCHA;3.2.-Agresión sexual con penetración;2017;51
CASTILLA - LA MANCHA;3.2.-Agresión sexual con penetración;2016;55
CASTILLA - LA MANCHA;3.2.-Agresión sexual con penetración;2015;31
CASTILLA - LA MANCHA;3.2.-Agresión sexual con penetración;2014;35
CASTILLA - LA MANCHA;3.2.-Agresión sexual con penetración;2013;47
CASTILLA - LA MANCHA;3.2.-Agresión sexual con penetración;2012;43
CASTILLA - LA MANCHA;3.2.-Agresión sexual con penetración;2011;55
CASTILLA - LA MANCHA;3.2.-Agresión sexual con penetración;2010;47
CASTILLA - LA MANCHA;3.3.-Corrupción de menores o incapacitados;2023;19
CASTILLA - LA MANCHA;3.3.-Corrupción de menores o incapacitados;2022;11
CASTILLA - LA MANCHA;3.3.-Corrupción de menores o incapacitados;2021;20
CASTILLA - LA MANCHA;3.3.-Corrupción de menores o incapacitados;2020;18
CASTILLA - LA MANCHA;3.3.-Corrupción de menores o incapacitados;2019;15
CASTILLA - LA MANCHA;3.3.-Corrupción de menores o incapacitados;2018;17
CASTILLA - LA MANCHA;3.3.-Corrupción de menores o incapacitados;2017;27
CASTILLA - LA MANCHA;3.3.-Corrupción de menores o incapacitados;2016;24
CASTILLA - LA MANCHA;3.3.-Corrupción de menores o incapacitados;2015;17
CASTILLA - LA MANCHA;3.3.-Corrupción de menores o incapacitados;2014;14
CASTILLA - LA MANCHA;3.3.-Corrupción de menores o incapacitados;2013;6
CASTILLA - LA MANCHA;3.3.-Corrupción de menores o incapacitados;2012;10
CASTILLA - LA MANCHA;3.3.-Corrupción de menores o incapacitados;2011;14
CASTILLA - LA MANCHA;3.3.-Corrupción de menores o incapacitados;2010;10
CASTILLA - LA MANCHA;3.4.-Pornografía de menores;2023;27
CASTILLA - LA MANCHA;3.4.-Pornografía de menores;2022;13
CASTILLA - LA MANCHA;3.4.-Pornografía de menores;2021;21
CASTILLA - LA MANCHA;3.4.-Pornografía de menores;2020;16
CASTILLA - LA MANCHA;3.4.-Pornografía de menores;2019;31
CASTILLA - LA MANCHA;3.4.-Pornografía de menores;2018;34
CASTILLA - LA MANCHA;3.4.-Pornografía de menores;2017;18
CASTILLA - LA MANCHA;3.4.-Pornografía de menores;2016;15
CASTILLA - LA MANCHA;3.4.-Pornografía de menores;2015;21
CASTILLA - LA MANCHA;3.4.-Pornografía de menores;2014;18
CASTILLA - LA MANCHA;3.4.-Pornografía de menores;2013;11
CASTILLA - LA MANCHA;3.4.-Pornografía de menores;2012;15
CASTILLA - LA MANCHA;3.4.-Pornografía de menores;2011;12
CASTILLA - LA MANCHA;3.4.-Pornografía de menores;2010;24
CASTILLA - LA MANCHA;3.5.-Otros contra la libertad sexual;2023;85
CASTILLA - LA MANCHA;3.5.-Otros contra la libertad sexual;2022;76
CASTILLA - LA MANCHA;3.5.-Otros contra la libertad sexual;2021;61
CASTILLA - LA MANCHA;3.5.-Otros contra la libertad sexual;2020;55
CASTILLA - LA MANCHA;3.5.-Otros contra la libertad sexual;2019;75
CASTILLA - LA MANCHA;3.5.-Otros contra la libertad sexual;2018;74
CASTILLA - LA MANCHA;3.5.-Otros contra la libertad sexual;2017;64
CASTILLA - LA MANCHA;3.5.-Otros contra la libertad sexual;2016;65
CASTILLA - LA MANCHA;3.5.-Otros contra la libertad sexual;2015;51
CASTILLA - LA MANCHA;3.5.-Otros contra la libertad sexual;2014;46
CASTILLA - LA MANCHA;3.5.-Otros contra la libertad sexual;2013;68
CASTILLA - LA MANCHA;3.5.-Otros contra la libertad sexual;2012;30
CASTILLA - LA MANCHA;3.5.-Otros contra la libertad sexual;2011;48
CASTILLA - LA MANCHA;3.5.-Otros contra la libertad sexual;2010;52
CASTILLA - LA MANCHA;4. RELACIONES FAMILIARES;2023;335
CASTILLA - LA MANCHA;4. RELACIONES FAMILIARES;2022;389
CASTILLA - LA MANCHA;4. RELACIONES FAMILIARES;2021;328
CASTILLA - LA MANCHA;4. RELACIONES FAMILIARES;2020;327
CASTILLA - LA MANCHA;4. RELACIONES FAMILIARES;2019;326
CASTILLA - LA MANCHA;4. RELACIONES FAMILIARES;2018;298
CASTILLA - LA MANCHA;4. RELACIONES FAMILIARES;2017;335
CASTILLA - LA MANCHA;4. RELACIONES FAMILIARES;2016;336
CASTILLA - LA MANCHA;4. RELACIONES FAMILIARES;2015;355
CASTILLA - LA MANCHA;4. RELACIONES FAMILIARES;2014;382
CASTILLA - LA MANCHA;4. RELACIONES FAMILIARES;2013;392
CASTILLA - LA MANCHA;4. RELACIONES FAMILIARES;2012;340
CASTILLA - LA MANCHA;4. RELACIONES FAMILIARES;2011;241
CASTILLA - LA MANCHA;4. RELACIONES FAMILIARES;2010;222
CASTILLA - LA MANCHA;5. PATRIMONIO;2023;58.871
CASTILLA - LA MANCHA;5. PATRIMONIO;2022;57.046
CASTILLA - LA MANCHA;5. PATRIMONIO;2021;45.899
CASTILLA - LA MANCHA;5. PATRIMONIO;2020;42.905
CASTILLA - LA MANCHA;5. PATRIMONIO;2019;50.473
CASTILLA - LA MANCHA;5. PATRIMONIO;2018;49.886
CASTILLA - LA MANCHA;5. PATRIMONIO;2017;46.528
CASTILLA - LA MANCHA;5. PATRIMONIO;2016;46.605
CASTILLA - LA MANCHA;5. PATRIMONIO;2015;49.126
CASTILLA - LA MANCHA;5. PATRIMONIO;2014;50.648
CASTILLA - LA MANCHA;5. PATRIMONIO;2013;53.668
CASTILLA - LA MANCHA;5. PATRIMONIO;2012;53.616
CASTILLA - LA MANCHA;5. PATRIMONIO;2011;52.494
CASTILLA - LA MANCHA;5. PATRIMONIO;2010;50.702
CASTILLA - LA MANCHA;5.1.-Hurtos;2023;14.785
CASTILLA - LA MANCHA;5.1.-Hurtos;2022;14.393
CASTILLA - LA MANCHA;5.1.-Hurtos;2021;10.970
CASTILLA - LA MANCHA;5.1.-Hurtos;2020;9.588
CASTILLA - LA MANCHA;5.1.-Hurtos;2019;13.831
CASTILLA - LA MANCHA;5.1.-Hurtos;2018;14.490
CASTILLA - LA MANCHA;5.1.-Hurtos;2017;15.200
CASTILLA - LA MANCHA;5.1.-Hurtos;2016;15.746
CASTILLA - LA MANCHA;5.1.-Hurtos;2015;17.080
CASTILLA - LA MANCHA;5.1.-Hurtos;2014;17.463
CASTILLA - LA MANCHA;5.1.-Hurtos;2013;18.960
CASTILLA - LA MANCHA;5.1.-Hurtos;2012;18.808
CASTILLA - LA MANCHA;5.1.-Hurtos;2011;18.555
CASTILLA - LA MANCHA;5.1.-Hurtos;2010;17.432
CASTILLA - LA MANCHA;5.2.-Robos con fuerza en las cosas;2023;11.034
CASTILLA - LA MANCHA;5.2.-Robos con fuerza en las cosas;2022;10.344
CASTILLA - LA MANCHA;5.2.-Robos con fuerza en las cosas;2021;8.622
CASTILLA - LA MANCHA;5.2.-Robos con fuerza en las cosas;2020;9.102
CASTILLA - LA MANCHA;5.2.-Robos con fuerza en las cosas;2019;11.888
CASTILLA - LA MANCHA;5.2.-Robos con fuerza en las cosas;2018;13.287
CASTILLA - LA MANCHA;5.2.-Robos con fuerza en las cosas;2017;13.183
CASTILLA - LA MANCHA;5.2.-Robos con fuerza en las cosas;2016;14.383
CASTILLA - LA MANCHA;5.2.-Robos con fuerza en las cosas;2015;15.750
CASTILLA - LA MANCHA;5.2.-Robos con fuerza en las cosas;2014;16.892
CASTILLA - LA MANCHA;5.2.-Robos con fuerza en las cosas;2013;18.593
CASTILLA - LA MANCHA;5.2.-Robos con fuerza en las cosas;2012;18.255
CASTILLA - LA MANCHA;5.2.-Robos con fuerza en las cosas;2011;17.690
CASTILLA - LA MANCHA;5.2.-Robos con fuerza en las cosas;2010;17.045
CASTILLA - LA MANCHA;5.2.1.-Robos con fuerza en las cosas en el interior de vehículos;2023;2.767
CASTILLA - LA MANCHA;5.2.1.-Robos con fuerza en las cosas en el interior de vehículos;2022;2.349
CASTILLA - LA MANCHA;5.2.1.-Robos con fuerza en las cosas en el interior de vehículos;2021;2.010
CASTILLA - LA MANCHA;5.2.1.-Robos con fuerza en las cosas en el interior de vehículos;2020;2.248
CASTILLA - LA MANCHA;5.2.1.-Robos con fuerza en las cosas en el interior de vehículos;2019;2.688
CASTILLA - LA MANCHA;5.2.1.-Robos con fuerza en las cosas en el interior de vehículos;2018;2.917
CASTILLA - LA MANCHA;5.2.1.-Robos con fuerza en las cosas en el interior de vehículos;2017;2.583
CASTILLA - LA MANCHA;5.2.1.-Robos con fuerza en las cosas en el interior de vehículos;2016;2.651
CASTILLA - LA MANCHA;5.2.1.-Robos con fuerza en las cosas en el interior de vehículos;2015;2.760
CASTILLA - LA MANCHA;5.2.1.-Robos con fuerza en las cosas en el interior de vehículos;2014;2.767
CASTILLA - LA MANCHA;5.2.1.-Robos con fuerza en las cosas en el interior de vehículos;2013;3.126
CASTILLA - LA MANCHA;5.2.1.-Robos con fuerza en las cosas en el interior de vehículos;2012;3.357
CASTILLA - LA MANCHA;5.2.1.-Robos con fuerza en las cosas en el interior de vehículos;2011;3.261
CASTILLA - LA MANCHA;5.2.1.-Robos con fuerza en las cosas en el interior de vehículos;2010;2.249
CASTILLA - LA MANCHA;5.2.2.-Robos con fuerza en viviendas;2023;3.588
CASTILLA - LA MANCHA;5.2.2.-Robos con fuerza en viviendas;2022;3.307
CASTILLA - LA MANCHA;5.2.2.-Robos con fuerza en viviendas;2021;3.086
CASTILLA - LA MANCHA;5.2.2.-Robos con fuerza en viviendas;2020;3.473
CASTILLA - LA MANCHA;5.2.2.-Robos con fuerza en viviendas;2019;4.754
CASTILLA - LA MANCHA;5.2.2.-Robos con fuerza en viviendas;2018;5.509
CASTILLA - LA MANCHA;5.2.2.-Robos con fuerza en viviendas;2017;5.500
CASTILLA - LA MANCHA;5.2.2.-Robos con fuerza en viviendas;2016;5.937
CASTILLA - LA MANCHA;5.2.2.-Robos con fuerza en viviendas;2015;6.248
CASTILLA - LA MANCHA;5.2.2.-Robos con fuerza en viviendas;2014;6.627
CASTILLA - LA MANCHA;5.2.2.-Robos con fuerza en viviendas;2013;7.025
CASTILLA - LA MANCHA;5.2.2.-Robos con fuerza en viviendas;2012;6.711
CASTILLA - LA MANCHA;5.2.2.-Robos con fuerza en viviendas;2011;5.728
CASTILLA - LA MANCHA;5.2.2.-Robos con fuerza en viviendas;2010;5.049
CASTILLA - LA MANCHA;5.2.3.-Robos con fuerza en establecimientos;2023;1.369
CASTILLA - LA MANCHA;5.2.3.-Robos con fuerza en establecimientos;2022;1.406
CASTILLA - LA MANCHA;5.2.3.-Robos con fuerza en establecimientos;2021;1.236
CASTILLA - LA MANCHA;5.2.3.-Robos con fuerza en establecimientos;2020;1.186
CASTILLA - LA MANCHA;5.2.3.-Robos con fuerza en establecimientos;2019;1.685
CASTILLA - LA MANCHA;5.2.3.-Robos con fuerza en establecimientos;2018;1.804
CASTILLA - LA MANCHA;5.2.3.-Robos con fuerza en establecimientos;2017;2.159
CASTILLA - LA MANCHA;5.2.3.-Robos con fuerza en establecimientos;2016;2.215
CASTILLA - LA MANCHA;5.2.3.-Robos con fuerza en establecimientos;2015;2.127
CASTILLA - LA MANCHA;5.2.3.-Robos con fuerza en establecimientos;2014;2.073
CASTILLA - LA MANCHA;5.2.3.-Robos con fuerza en establecimientos;2013;2.197
CASTILLA - LA MANCHA;5.2.3.-Robos con fuerza en establecimientos;2012;2.215
CASTILLA - LA MANCHA;5.2.3.-Robos con fuerza en establecimientos;2011;2.572
CASTILLA - LA MANCHA;5.2.3.-Robos con fuerza en establecimientos;2010;2.867
CASTILLA - LA MANCHA;5.3.-Robos con violencia o intimidación;2023;926
CASTILLA - LA MANCHA;5.3.-Robos con violencia o intimidación;2022;899
CASTILLA - LA MANCHA;5.3.-Robos con violencia o intimidación;2021;882
CASTILLA - LA MANCHA;5.3.-Robos con violencia o intimidación;2020;754
CASTILLA - LA MANCHA;5.3.-Robos con violencia o intimidación;2019;978
CASTILLA - LA MANCHA;5.3.-Robos con violencia o intimidación;2018;968
CASTILLA - LA MANCHA;5.3.-Robos con violencia o intimidación;2017;1.026
CASTILLA - LA MANCHA;5.3.-Robos con violencia o intimidación;2016;1.006
CASTILLA - LA MANCHA;5.3.-Robos con violencia o intimidación;2015;1.010
CASTILLA - LA MANCHA;5.3.-Robos con violencia o intimidación;2014;1.091
CASTILLA - LA MANCHA;5.3.-Robos con violencia o intimidación;2013;1.388
CASTILLA - LA MANCHA;5.3.-Robos con violencia o intimidación;2012;1.419
CASTILLA - LA MANCHA;5.3.-Robos con violencia o intimidación;2011;1.346
CASTILLA - LA MANCHA;5.3.-Robos con violencia o intimidación;2010;1.220
CASTILLA - LA MANCHA;5.3.1.-Robos con violencia en vía pública;2023;512
CASTILLA - LA MANCHA;5.3.1.-Robos con violencia en vía pública;2022;534
CASTILLA - LA MANCHA;5.3.1.-Robos con violencia en vía pública;2021;508
CASTILLA - LA MANCHA;5.3.1.-Robos con violencia en vía pública;2020;398
CASTILLA - LA MANCHA;5.3.1.-Robos con violencia en vía pública;2019;586
CASTILLA - LA MANCHA;5.3.1.-Robos con violencia en vía pública;2018;570
CASTILLA - LA MANCHA;5.3.1.-Robos con violencia en vía pública;2017;614
CASTILLA - LA MANCHA;5.3.1.-Robos con violencia en vía pública;2016;608
CASTILLA - LA MANCHA;5.3.1.-Robos con violencia en vía pública;2015;644
CASTILLA - LA MANCHA;5.3.1.-Robos con violencia en vía pública;2014;690
CASTILLA - LA MANCHA;5.3.1.-Robos con violencia en vía pública;2013;849
CASTILLA - LA MANCHA;5.3.1.-Robos con violencia en vía pública;2012;873
CASTILLA - LA MANCHA;5.3.1.-Robos con violencia en vía pública;2011;804
CASTILLA - LA MANCHA;5.3.1.-Robos con violencia en vía pública;2010;772
CASTILLA - LA MANCHA;5.3.2.-Robos con violencia en viviendas;2023;134
CASTILLA - LA MANCHA;5.3.2.-Robos con violencia en viviendas;2022;97
CASTILLA - LA MANCHA;5.3.2.-Robos con violencia en viviendas;2021;84
CASTILLA - LA MANCHA;5.3.2.-Robos con violencia en viviendas;2020;95
CASTILLA - LA MANCHA;5.3.2.-Robos con violencia en viviendas;2019;82
CASTILLA - LA MANCHA;5.3.2.-Robos con violencia en viviendas;2018;98
CASTILLA - LA MANCHA;5.3.2.-Robos con violencia en viviendas;2017;80
CASTILLA - LA MANCHA;5.3.2.-Robos con violencia en viviendas;2016;82
CASTILLA - LA MANCHA;5.3.2.-Robos con violencia en viviendas;2015;83
CASTILLA - LA MANCHA;5.3.2.-Robos con violencia en viviendas;2014;95
CASTILLA - LA MANCHA;5.3.2.-Robos con violencia en viviendas;2013;137
CASTILLA - LA MANCHA;5.3.2.-Robos con violencia en viviendas;2012;127
CASTILLA - LA MANCHA;5.3.2.-Robos con violencia en viviendas;2011;130
CASTILLA - LA MANCHA;5.3.2.-Robos con violencia en viviendas;2010;95
CASTILLA - LA MANCHA;5.3.3.-Robos con violencia en establecimientos;2023;166
CASTILLA - LA MANCHA;5.3.3.-Robos con violencia en establecimientos;2022;149
CASTILLA - LA MANCHA;5.3.3.-Robos con violencia en establecimientos;2021;172
CASTILLA - LA MANCHA;5.3.3.-Robos con violencia en establecimientos;2020;172
CASTILLA - LA MANCHA;5.3.3.-Robos con violencia en establecimientos;2019;162
CASTILLA - LA MANCHA;5.3.3.-Robos con violencia en establecimientos;2018;150
CASTILLA - LA MANCHA;5.3.3.-Robos con violencia en establecimientos;2017;166
CASTILLA - LA MANCHA;5.3.3.-Robos con violencia en establecimientos;2016;150
CASTILLA - LA MANCHA;5.3.3.-Robos con violencia en establecimientos;2015;123
CASTILLA - LA MANCHA;5.3.3.-Robos con violencia en establecimientos;2014;159
CASTILLA - LA MANCHA;5.3.3.-Robos con violencia en establecimientos;2013;188
CASTILLA - LA MANCHA;5.3.3.-Robos con violencia en establecimientos;2012;205
CASTILLA - LA MANCHA;5.3.3.-Robos con violencia en establecimientos;2011;191
CASTILLA - LA MANCHA;5.3.3.-Robos con violencia en establecimientos;2010;226
CASTILLA - LA MANCHA;5.4.-Sustracción de vehículos;2023;645
CASTILLA - LA MANCHA;5.4.-Sustracción de vehículos;2022;654
CASTILLA - LA MANCHA;5.4.-Sustracción de vehículos;2021;521
CASTILLA - LA MANCHA;5.4.-Sustracción de vehículos;2020;488
CASTILLA - LA MANCHA;5.4.-Sustracción de vehículos;2019;615
CASTILLA - LA MANCHA;5.4.-Sustracción de vehículos;2018;668
CASTILLA - LA MANCHA;5.4.-Sustracción de vehículos;2017;1.105
CASTILLA - LA MANCHA;5.4.-Sustracción de vehículos;2016;1.511
CASTILLA - LA MANCHA;5.4.-Sustracción de vehículos;2015;1.283
CASTILLA - LA MANCHA;5.4.-Sustracción de vehículos;2014;1.197
CASTILLA - LA MANCHA;5.4.-Sustracción de vehículos;2013;1.261
CASTILLA - LA MANCHA;5.4.-Sustracción de vehículos;2012;1.450
CASTILLA - LA MANCHA;5.4.-Sustracción de vehículos;2011;1.661
CASTILLA - LA MANCHA;5.4.-Sustracción de vehículos;2010;1.876
CASTILLA - LA MANCHA;5.5.-Estafas;2023;19.751
CASTILLA - LA MANCHA;5.5.-Estafas;2022;18.821
CASTILLA - LA MANCHA;5.5.-Estafas;2021;14.220
CASTILLA - LA MANCHA;5.5.-Estafas;2020;13.307
CASTILLA - LA MANCHA;5.5.-Estafas;2019;11.708
CASTILLA - LA MANCHA;5.5.-Estafas;2018;9.482
CASTILLA - LA MANCHA;5.5.-Estafas;2017;6.232
CASTILLA - LA MANCHA;5.5.-Estafas;2016;4.945
CASTILLA - LA MANCHA;5.5.-Estafas;2015;4.457
CASTILLA - LA MANCHA;5.5.-Estafas;2014;3.957
CASTILLA - LA MANCHA;5.5.-Estafas;2013;3.674
CASTILLA - LA MANCHA;5.5.-Estafas;2012;3.751
CASTILLA - LA MANCHA;5.5.-Estafas;2011;3.306
CASTILLA - LA MANCHA;5.5.-Estafas;2010;2.754
CASTILLA - LA MANCHA;5.5.1.-Estafas informáticas;2023;17.335
CASTILLA - LA MANCHA;5.5.1.-Estafas informáticas;2022;13.608
CASTILLA - LA MANCHA;5.5.1.-Estafas informáticas;2021;9.797
CASTILLA - LA MANCHA;5.5.1.-Estafas informáticas;2020;8.405
CASTILLA - LA MANCHA;5.5.1.-Estafas informáticas;2019;6.445
CASTILLA - LA MANCHA;5.5.1.-Estafas informáticas;2018;4.789
CASTILLA - LA MANCHA;5.5.1.-Estafas informáticas;2017;2.796
CASTILLA - LA MANCHA;5.5.1.-Estafas informáticas;2016;2.075
CASTILLA - LA MANCHA;5.5.1.-Estafas informáticas;2015;2.012
CASTILLA - LA MANCHA;5.5.1.-Estafas informáticas;2014;1.509
CASTILLA - LA MANCHA;5.5.1.-Estafas informáticas;2013;1.255
CASTILLA - LA MANCHA;5.5.1.-Estafas informáticas;2012;1.092
CASTILLA - LA MANCHA;5.5.1.-Estafas informáticas;2011;861
CASTILLA - LA MANCHA;5.5.1.-Estafas informáticas;2010;689
CASTILLA - LA MANCHA;5.6.-Daños;2023;8.893
CASTILLA - LA MANCHA;5.6.-Daños;2022;9.024
CASTILLA - LA MANCHA;5.6.-Daños;2021;8.075
CASTILLA - LA MANCHA;5.6.-Daños;2020;7.228
CASTILLA - LA MANCHA;5.6.-Daños;2019;8.681
CASTILLA - LA MANCHA;5.6.-Daños;2018;8.469
CASTILLA - LA MANCHA;5.6.-Daños;2017;7.785
CASTILLA - LA MANCHA;5.6.-Daños;2016;7.335
CASTILLA - LA MANCHA;5.6.-Daños;2015;7.897
CASTILLA - LA MANCHA;5.6.-Daños;2014;8.177
CASTILLA - LA MANCHA;5.6.-Daños;2013;8.434
CASTILLA - LA MANCHA;5.6.-Daños;2012;8.840
CASTILLA - LA MANCHA;5.6.-Daños;2011;8.962
CASTILLA - LA MANCHA;5.6.-Daños;2010;9.568
CASTILLA - LA MANCHA;5.7.-Contra la propiedad intelectual/industrial;2023;32
CASTILLA - LA MANCHA;5.7.-Contra la propiedad intelectual/industrial;2022;20
CASTILLA - LA MANCHA;5.7.-Contra la propiedad intelectual/industrial;2021;18
CASTILLA - LA MANCHA;5.7.-Contra la propiedad intelectual/industrial;2020;14
CASTILLA - LA MANCHA;5.7.-Contra la propiedad intelectual/industrial;2019;38
CASTILLA - LA MANCHA;5.7.-Contra la propiedad intelectual/industrial;2018;86
CASTILLA - LA MANCHA;5.7.-Contra la propiedad intelectual/industrial;2017;29
CASTILLA - LA MANCHA;5.7.-Contra la propiedad intelectual/industrial;2016;23
CASTILLA - LA MANCHA;5.7.-Contra la propiedad intelectual/industrial;2015;22
CASTILLA - LA MANCHA;5.7.-Contra la propiedad intelectual/industrial;2014;37
CASTILLA - LA MANCHA;5.7.-Contra la propiedad intelectual/industrial;2013;55
CASTILLA - LA MANCHA;5.7.-Contra la propiedad intelectual/industrial;2012;48
CASTILLA - LA MANCHA;5.7.-Contra la propiedad intelectual/industrial;2011;57
CASTILLA - LA MANCHA;5.7.-Contra la propiedad intelectual/industrial;2010;81
CASTILLA - LA MANCHA;5.8.-Blanqueo de capitales;2023;49
CASTILLA - LA MANCHA;5.8.-Blanqueo de capitales;2022;32
CASTILLA - LA MANCHA;5.8.-Blanqueo de capitales;2021;21
CASTILLA - LA MANCHA;5.8.-Blanqueo de capitales;2020;13
CASTILLA - LA MANCHA;5.8.-Blanqueo de capitales;2019;19
CASTILLA - LA MANCHA;5.8.-Blanqueo de capitales;2018;8
CASTILLA - LA MANCHA;5.8.-Blanqueo de capitales;2017;8
CASTILLA - LA MANCHA;5.8.-Blanqueo de capitales;2016;8
CASTILLA - LA MANCHA;5.8.-Blanqueo de capitales;2015;5
CASTILLA - LA MANCHA;5.8.-Blanqueo de capitales;2014;4
CASTILLA - LA MANCHA;5.8.-Blanqueo de capitales;2013;4
CASTILLA - LA MANCHA;5.8.-Blanqueo de capitales;2012;3
CASTILLA - LA MANCHA;5.8.-Blanqueo de capitales;2011;6
CASTILLA - LA MANCHA;5.8.-Blanqueo de capitales;2010;6
CASTILLA - LA MANCHA;5.9.-Otros contra el patrimonio;2023;2.756
CASTILLA - LA MANCHA;5.9.-Otros contra el patrimonio;2022;2.859
CASTILLA - LA MANCHA;5.9.-Otros contra el patrimonio;2021;2.570
CASTILLA - LA MANCHA;5.9.-Otros contra el patrimonio;2020;2.411
CASTILLA - LA MANCHA;5.9.-Otros contra el patrimonio;2019;2.715
CASTILLA - LA MANCHA;5.9.-Otros contra el patrimonio;2018;2.428
CASTILLA - LA MANCHA;5.9.-Otros contra el patrimonio;2017;1.960
CASTILLA - LA MANCHA;5.9.-Otros contra el patrimonio;2016;1.648
CASTILLA - LA MANCHA;5.9.-Otros contra el patrimonio;2015;1.622
CASTILLA - LA MANCHA;5.9.-Otros contra el patrimonio;2014;1.830
CASTILLA - LA MANCHA;5.9.-Otros contra el patrimonio;2013;1.299
CASTILLA - LA MANCHA;5.9.-Otros contra el patrimonio;2012;1.042
CASTILLA - LA MANCHA;5.9.-Otros contra el patrimonio;2011;911
CASTILLA - LA MANCHA;5.9.-Otros contra el patrimonio;2010;720
CASTILLA - LA MANCHA;6. SEGURIDAD COLECTIVA;2023;3.596
CASTILLA - LA MANCHA;6. SEGURIDAD COLECTIVA;2022;3.496
CASTILLA - LA MANCHA;6. SEGURIDAD COLECTIVA;2021;3.186
CASTILLA - LA MANCHA;6. SEGURIDAD COLECTIVA;2020;2.898
CASTILLA - LA MANCHA;6. SEGURIDAD COLECTIVA;2019;3.224
CASTILLA - LA MANCHA;6. SEGURIDAD COLECTIVA;2018;2.798
CASTILLA - LA MANCHA;6. SEGURIDAD COLECTIVA;2017;2.598
CASTILLA - LA MANCHA;6. SEGURIDAD COLECTIVA;2016;2.612
CASTILLA - LA MANCHA;6. SEGURIDAD COLECTIVA;2015;2.548
CASTILLA - LA MANCHA;6. SEGURIDAD COLECTIVA;2014;2.975
CASTILLA - LA MANCHA;6. SEGURIDAD COLECTIVA;2013;3.463
CASTILLA - LA MANCHA;6. SEGURIDAD COLECTIVA;2012;3.749
CASTILLA - LA MANCHA;6. SEGURIDAD COLECTIVA;2011;4.315
CASTILLA - LA MANCHA;6. SEGURIDAD COLECTIVA;2010;3.775
CASTILLA - LA MANCHA;6.1.-Tráfico de drogas;2023;595
CASTILLA - LA MANCHA;6.1.-Tráfico de drogas;2022;560
CASTILLA - LA MANCHA;6.1.-Tráfico de drogas;2021;570
CASTILLA - LA MANCHA;6.1.-Tráfico de drogas;2020;552
CASTILLA - LA MANCHA;6.1.-Tráfico de drogas;2019;465
CASTILLA - LA MANCHA;6.1.-Tráfico de drogas;2018;439
CASTILLA - LA MANCHA;6.1.-Tráfico de drogas;2017;426
CASTILLA - LA MANCHA;6.1.-Tráfico de drogas;2016;361
CASTILLA - LA MANCHA;6.1.-Tráfico de drogas;2015;352
CASTILLA - LA MANCHA;6.1.-Tráfico de drogas;2014;438
CASTILLA - LA MANCHA;6.1.-Tráfico de drogas;2013;482
CASTILLA - LA MANCHA;6.1.-Tráfico de drogas;2012;418
CASTILLA - LA MANCHA;6.1.-Tráfico de drogas;2011;444
CASTILLA - LA MANCHA;6.1.-Tráfico de drogas;2010;409
CASTILLA - LA MANCHA;6.2.-Contra la seguridad vial;2023;2.900
CASTILLA - LA MANCHA;6.2.-Contra la seguridad vial;2022;2.798
CASTILLA - LA MANCHA;6.2.-Contra la seguridad vial;2021;2.514
CASTILLA - LA MANCHA;6.2.-Contra la seguridad vial;2020;2.255
CASTILLA - LA MANCHA;6.2.-Contra la seguridad vial;2019;2.659
CASTILLA - LA MANCHA;6.2.-Contra la seguridad vial;2018;2.287
CASTILLA - LA MANCHA;6.2.-Contra la seguridad vial;2017;2.083
CASTILLA - LA MANCHA;6.2.-Contra la seguridad vial;2016;2.177
CASTILLA - LA MANCHA;6.2.-Contra la seguridad vial;2015;2.105
CASTILLA - LA MANCHA;6.2.-Contra la seguridad vial;2014;2.447
CASTILLA - LA MANCHA;6.2.-Contra la seguridad vial;2013;2.878
CASTILLA - LA MANCHA;6.2.-Contra la seguridad vial;2012;3.246
CASTILLA - LA MANCHA;6.2.-Contra la seguridad vial;2011;3.805
CASTILLA - LA MANCHA;6.2.-Contra la seguridad vial;2010;3.269
CASTILLA - LA MANCHA;6.3.-Otros contra la seguridad colectiva;2023;101
CASTILLA - LA MANCHA;6.3.-Otros contra la seguridad colectiva;2022;138
CASTILLA - LA MANCHA;6.3.-Otros contra la seguridad colectiva;2021;102
CASTILLA - LA MANCHA;6.3.-Otros contra la seguridad colectiva;2020;91
CASTILLA - LA MANCHA;6.3.-Otros contra la seguridad colectiva;2019;100
CASTILLA - LA MANCHA;6.3.-Otros contra la seguridad colectiva;2018;72
CASTILLA - LA MANCHA;6.3.-Otros contra la seguridad colectiva;2017;89
CASTILLA - LA MANCHA;6.3.-Otros contra la seguridad colectiva;2016;74
CASTILLA - LA MANCHA;6.3.-Otros contra la seguridad colectiva;2015;91
CASTILLA - LA MANCHA;6.3.-Otros contra la seguridad colectiva;2014;90
CASTILLA - LA MANCHA;6.3.-Otros contra la seguridad colectiva;2013;103
CASTILLA - LA MANCHA;6.3.-Otros contra la seguridad colectiva;2012;85
CASTILLA - LA MANCHA;6.3.-Otros contra la seguridad colectiva;2011;66
CASTILLA - LA MANCHA;6.3.-Otros contra la seguridad colectiva;2010;97
CASTILLA - LA MANCHA;7. FALSEDADES;2023;1.851
CASTILLA - LA MANCHA;7. FALSEDADES;2022;1.842
CASTILLA - LA MANCHA;7. FALSEDADES;2021;1.748
CASTILLA - LA MANCHA;7. FALSEDADES;2020;1.251
CASTILLA - LA MANCHA;7. FALSEDADES;2019;1.177
CASTILLA - LA MANCHA;7. FALSEDADES;2018;1.061
CASTILLA - LA MANCHA;7. FALSEDADES;2017;942
CASTILLA - LA MANCHA;7. FALSEDADES;2016;840
CASTILLA - LA MANCHA;7. FALSEDADES;2015;752
CASTILLA - LA MANCHA;7. FALSEDADES;2014;804
CASTILLA - LA MANCHA;7. FALSEDADES;2013;706
CASTILLA - LA MANCHA;7. FALSEDADES;2012;663
CASTILLA - LA MANCHA;7. FALSEDADES;2011;713
CASTILLA - LA MANCHA;7. FALSEDADES;2010;550
CASTILLA - LA MANCHA;8. ADMÓN. PÚBLICA;2023;25
CASTILLA - LA MANCHA;8. ADMÓN. PÚBLICA;2022;9
CASTILLA - LA MANCHA;8. ADMÓN. PÚBLICA;2021;41
CASTILLA - LA MANCHA;8. ADMÓN. PÚBLICA;2020;13
CASTILLA - LA MANCHA;8. ADMÓN. PÚBLICA;2019;29
CASTILLA - LA MANCHA;8. ADMÓN. PÚBLICA;2018;37
CASTILLA - LA MANCHA;8. ADMÓN. PÚBLICA;2017;65
CASTILLA - LA MANCHA;8. ADMÓN. PÚBLICA;2016;10
CASTILLA - LA MANCHA;8. ADMÓN. PÚBLICA;2015;13
CASTILLA - LA MANCHA;8. ADMÓN. PÚBLICA;2014;15
CASTILLA - LA MANCHA;8. ADMÓN. PÚBLICA;2013;15
CASTILLA - LA MANCHA;8. ADMÓN. PÚBLICA;2012;7
CASTILLA - LA MANCHA;8. ADMÓN. PÚBLICA;2011;9
CASTILLA - LA MANCHA;8. ADMÓN. PÚBLICA;2010;7
CASTILLA - LA MANCHA;9. ADMÓN. JUSTICIA;2023;1.749
CASTILLA - LA MANCHA;9. ADMÓN. JUSTICIA;2022;1.663
CASTILLA - LA MANCHA;9. ADMÓN. JUSTICIA;2021;1.355
CASTILLA - LA MANCHA;9. ADMÓN. JUSTICIA;2020;1.181
CASTILLA - LA MANCHA;9. ADMÓN. JUSTICIA;2019;1.250
CASTILLA - LA MANCHA;9. ADMÓN. JUSTICIA;2018;1.152
CASTILLA - LA MANCHA;9. ADMÓN. JUSTICIA;2017;1.016
CASTILLA - LA MANCHA;9. ADMÓN. JUSTICIA;2016;1.027
CASTILLA - LA MANCHA;9. ADMÓN. JUSTICIA;2015;1.086
CASTILLA - LA MANCHA;9. ADMÓN. JUSTICIA;2014;1.119
CASTILLA - LA MANCHA;9. ADMÓN. JUSTICIA;2013;1.050
CASTILLA - LA MANCHA;9. ADMÓN. JUSTICIA;2012;1.021
CASTILLA - LA MANCHA;9. ADMÓN. JUSTICIA;2011;1.109
CASTILLA - LA MANCHA;9. ADMÓN. JUSTICIA;2010;1.149
CASTILLA - LA MANCHA;10. ORDEN PÚBLICO;2023;1.081
CASTILLA - LA MANCHA;10. ORDEN PÚBLICO;2022;985
CASTILLA - LA MANCHA;10. ORDEN PÚBLICO;2021;935
CASTILLA - LA MANCHA;10. ORDEN PÚBLICO;2020;1.220
CASTILLA - LA MANCHA;10. ORDEN PÚBLICO;2019;766
CASTILLA - LA MANCHA;10. ORDEN PÚBLICO;2018;702
CASTILLA - LA MANCHA;10. ORDEN PÚBLICO;2017;649
CASTILLA - LA MANCHA;10. ORDEN PÚBLICO;2016;613
CASTILLA - LA MANCHA;10. ORDEN PÚBLICO;2015;693
CASTILLA - LA MANCHA;10. ORDEN PÚBLICO;2014;961
CASTILLA - LA MANCHA;10. ORDEN PÚBLICO;2013;1.106
CASTILLA - LA MANCHA;10. ORDEN PÚBLICO;2012;1.237
CASTILLA - LA MANCHA;10. ORDEN PÚBLICO;2011;1.389
CASTILLA - LA MANCHA;10. ORDEN PÚBLICO;2010;1.275
CASTILLA - LA MANCHA;11. LEGISLACIÓN ESPECIAL;2023;6
CASTILLA - LA MANCHA;11. LEGISLACIÓN ESPECIAL;2022;11
CASTILLA - LA MANCHA;11. LEGISLACIÓN ESPECIAL;2021;3
CASTILLA - LA MANCHA;11. LEGISLACIÓN ESPECIAL;2020;4
CASTILLA - LA MANCHA;11. LEGISLACIÓN ESPECIAL;2019;6
CASTILLA - LA MANCHA;11. LEGISLACIÓN ESPECIAL;2018;9
CASTILLA - LA MANCHA;11. LEGISLACIÓN ESPECIAL;2017;9
CASTILLA - LA MANCHA;11. LEGISLACIÓN ESPECIAL;2016;4
CASTILLA - LA MANCHA;11. LEGISLACIÓN ESPECIAL;2015;7
CASTILLA - LA MANCHA;11. LEGISLACIÓN ESPECIAL;2014;2
CASTILLA - LA MANCHA;11. LEGISLACIÓN ESPECIAL;2013;2
CASTILLA - LA MANCHA;11. LEGISLACIÓN ESPECIAL;2012;0
CASTILLA - LA MANCHA;11. LEGISLACIÓN ESPECIAL;2011;3
CASTILLA - LA MANCHA;11. LEGISLACIÓN ESPECIAL;2010;1
CASTILLA - LA MANCHA;12. OTRAS INFRACCIONES PENALES;2023;669
CASTILLA - LA MANCHA;12. OTRAS INFRACCIONES PENALES;2022;578
CASTILLA - LA MANCHA;12. OTRAS INFRACCIONES PENALES;2021;531
CASTILLA - LA MANCHA;12. OTRAS INFRACCIONES PENALES;2020;505
CASTILLA - LA MANCHA;12. OTRAS INFRACCIONES PENALES;2019;547
CASTILLA - LA MANCHA;12. OTRAS INFRACCIONES PENALES;2018;506
CASTILLA - LA MANCHA;12. OTRAS INFRACCIONES PENALES;2017;548
CASTILLA - LA MANCHA;12. OTRAS INFRACCIONES PENALES;2016;641
CASTILLA - LA MANCHA;12. OTRAS INFRACCIONES PENALES;2015;505
CASTILLA - LA MANCHA;12. OTRAS INFRACCIONES PENALES;2014;315
CASTILLA - LA MANCHA;12. OTRAS INFRACCIONES PENALES;2013;275
CASTILLA - LA MANCHA;12. OTRAS INFRACCIONES PENALES;2012;277
CASTILLA - LA MANCHA;12. OTRAS INFRACCIONES PENALES;2011;238
CASTILLA - LA MANCHA;12. OTRAS INFRACCIONES PENALES;2010;211
CASTILLA - LA MANCHA;TOTAL INFRACCIONES PENALES;2023;83.708
CASTILLA - LA MANCHA;TOTAL INFRACCIONES PENALES;2022;80.842
CASTILLA - LA MANCHA;TOTAL INFRACCIONES PENALES;2021;67.412
CASTILLA - LA MANCHA;TOTAL INFRACCIONES PENALES;2020;61.908
CASTILLA - LA MANCHA;TOTAL INFRACCIONES PENALES;2019;70.308
CASTILLA - LA MANCHA;TOTAL INFRACCIONES PENALES;2018;68.332
CASTILLA - LA MANCHA;TOTAL INFRACCIONES PENALES;2017;64.006
CASTILLA - LA MANCHA;TOTAL INFRACCIONES PENALES;2016;63.579
CASTILLA - LA MANCHA;TOTAL INFRACCIONES PENALES;2015;66.978
CASTILLA - LA MANCHA;TOTAL INFRACCIONES PENALES;2014;70.198
CASTILLA - LA MANCHA;TOTAL INFRACCIONES PENALES;2013;73.463
CASTILLA - LA MANCHA;TOTAL INFRACCIONES PENALES;2012;74.403
CASTILLA - LA MANCHA;TOTAL INFRACCIONES PENALES;2011;74.460
CASTILLA - LA MANCHA;TOTAL INFRACCIONES PENALES;2010;71.603
CATALUÑA;1. CONTRA LAS PERSONAS;2023;23.941
CATALUÑA;1. CONTRA LAS PERSONAS;2022;23.180
CATALUÑA;1. CONTRA LAS PERSONAS;2021;19.854
CATALUÑA;1. CONTRA LAS PERSONAS;2020;16.105
CATALUÑA;1. CONTRA LAS PERSONAS;2019;21.109
CATALUÑA;1. CONTRA LAS PERSONAS;2018;20.684
CATALUÑA;1. CONTRA LAS PERSONAS;2017;20.582
CATALUÑA;1. CONTRA LAS PERSONAS;2016;19.569
CATALUÑA;1. CONTRA LAS PERSONAS;2015;27.269
CATALUÑA;1. CONTRA LAS PERSONAS;2014;36.313
CATALUÑA;1. CONTRA LAS PERSONAS;2013;35.622
CATALUÑA;1. CONTRA LAS PERSONAS;2012;37.270
CATALUÑA;1. CONTRA LAS PERSONAS;2011;38.159
CATALUÑA;1. CONTRA LAS PERSONAS;2010;37.650
CATALUÑA;1.1.-Homicidios dolosos/asesinatos;2023;310
CATALUÑA;1.1.-Homicidios dolosos/asesinatos;2022;264
CATALUÑA;1.1.-Homicidios dolosos/asesinatos;2021;270
CATALUÑA;1.1.-Homicidios dolosos/asesinatos;2020;198
CATALUÑA;1.1.-Homicidios dolosos/asesinatos;2019;248
CATALUÑA;1.1.-Homicidios dolosos/asesinatos;2018;213
CATALUÑA;1.1.-Homicidios dolosos/asesinatos;2017;209
CATALUÑA;1.1.-Homicidios dolosos/asesinatos;2016;196
CATALUÑA;1.1.-Homicidios dolosos/asesinatos;2015;151
CATALUÑA;1.1.-Homicidios dolosos/asesinatos;2014;197
CATALUÑA;1.1.-Homicidios dolosos/asesinatos;2013;178
CATALUÑA;1.1.-Homicidios dolosos/asesinatos;2012;275
CATALUÑA;1.1.-Homicidios dolosos/asesinatos;2011;242
CATALUÑA;1.1.-Homicidios dolosos/asesinatos;2010;270
CATALUÑA;1.1.1.-Homicidios dolosos/asesinatos consumados;2023;71
CATALUÑA;1.1.1.-Homicidios dolosos/asesinatos consumados;2022;63
CATALUÑA;1.1.1.-Homicidios dolosos/asesinatos consumados;2021;57
CATALUÑA;1.1.1.-Homicidios dolosos/asesinatos consumados;2020;48
CATALUÑA;1.1.1.-Homicidios dolosos/asesinatos consumados;2019;58
CATALUÑA;1.1.1.-Homicidios dolosos/asesinatos consumados;2018;45
CATALUÑA;1.1.1.-Homicidios dolosos/asesinatos consumados;2017;65
CATALUÑA;1.1.1.-Homicidios dolosos/asesinatos consumados;2016;54
CATALUÑA;1.1.1.-Homicidios dolosos/asesinatos consumados;2015;42
CATALUÑA;1.1.1.-Homicidios dolosos/asesinatos consumados;2014;57
CATALUÑA;1.1.1.-Homicidios dolosos/asesinatos consumados;2013;43
CATALUÑA;1.1.1.-Homicidios dolosos/asesinatos consumados;2012;74
CATALUÑA;1.1.1.-Homicidios dolosos/asesinatos consumados;2011;76
CATALUÑA;1.1.1.-Homicidios dolosos/asesinatos consumados;2010;97
CATALUÑA;1.2.-Lesiones;2023;15.019
CATALUÑA;1.2.-Lesiones;2022;14.828
CATALUÑA;1.2.-Lesiones;2021;12.456
CATALUÑA;1.2.-Lesiones;2020;9.617
CATALUÑA;1.2.-Lesiones;2019;14.002
CATALUÑA;1.2.-Lesiones;2018;13.726
CATALUÑA;1.2.-Lesiones;2017;13.698
CATALUÑA;1.2.-Lesiones;2016;13.227
CATALUÑA;1.2.-Lesiones;2015;13.296
CATALUÑA;1.2.-Lesiones;2014;13.505
CATALUÑA;1.2.-Lesiones;2013;13.579
CATALUÑA;1.2.-Lesiones;2012;14.751
CATALUÑA;1.2.-Lesiones;2011;15.687
CATALUÑA;1.2.-Lesiones;2010;15.552
CATALUÑA;1.3.-Malos tratos ámbito familiar;2023;8.064
CATALUÑA;1.3.-Malos tratos ámbito familiar;2022;7.644
CATALUÑA;1.3.-Malos tratos ámbito familiar;2021;6.748
CATALUÑA;1.3.-Malos tratos ámbito familiar;2020;5.938
CATALUÑA;1.3.-Malos tratos ámbito familiar;2019;6.488
CATALUÑA;1.3.-Malos tratos ámbito familiar;2018;6.358
CATALUÑA;1.3.-Malos tratos ámbito familiar;2017;6.251
CATALUÑA;1.3.-Malos tratos ámbito familiar;2016;6.112
CATALUÑA;1.3.-Malos tratos ámbito familiar;2015;5.828
CATALUÑA;1.3.-Malos tratos ámbito familiar;2014;6.230
CATALUÑA;1.3.-Malos tratos ámbito familiar;2013;6.311
CATALUÑA;1.3.-Malos tratos ámbito familiar;2012;6.266
CATALUÑA;1.3.-Malos tratos ámbito familiar;2011;6.365
CATALUÑA;1.3.-Malos tratos ámbito familiar;2010;6.481
CATALUÑA;1.4.-Otros contra las personas;2023;548
CATALUÑA;1.4.-Otros contra las personas;2022;444
CATALUÑA;1.4.-Otros contra las personas;2021;380
CATALUÑA;1.4.-Otros contra las personas;2020;352
CATALUÑA;1.4.-Otros contra las personas;2019;371
CATALUÑA;1.4.-Otros contra las personas;2018;387
CATALUÑA;1.4.-Otros contra las personas;2017;424
CATALUÑA;1.4.-Otros contra las personas;2016;34
CATALUÑA;1.4.-Otros contra las personas;2015;7.994
CATALUÑA;1.4.-Otros contra las personas;2014;16.381
CATALUÑA;1.4.-Otros contra las personas;2013;15.554
CATALUÑA;1.4.-Otros contra las personas;2012;15.978
CATALUÑA;1.4.-Otros contra las personas;2011;15.865
CATALUÑA;1.4.-Otros contra las personas;2010;15.347
CATALUÑA;2. CONTRA LA LIBERTAD;2023;23.322
CATALUÑA;2. CONTRA LA LIBERTAD;2022;21.400
CATALUÑA;2. CONTRA LA LIBERTAD;2021;20.540
CATALUÑA;2. CONTRA LA LIBERTAD;2020;15.736
CATALUÑA;2. CONTRA LA LIBERTAD;2019;18.675
CATALUÑA;2. CONTRA LA LIBERTAD;2018;18.562
CATALUÑA;2. CONTRA LA LIBERTAD;2017;18.110
CATALUÑA;2. CONTRA LA LIBERTAD;2016;18.226
CATALUÑA;2. CONTRA LA LIBERTAD;2015;15.034
CATALUÑA;2. CONTRA LA LIBERTAD;2014;10.222
CATALUÑA;2. CONTRA LA LIBERTAD;2013;10.144
CATALUÑA;2. CONTRA LA LIBERTAD;2012;10.819
CATALUÑA;2. CONTRA LA LIBERTAD;2011;10.904
CATALUÑA;2. CONTRA LA LIBERTAD;2010;10.503
CATALUÑA;2.1.-Malos tratos habituales en el ámbito familiar;2023;1.794
CATALUÑA;2.1.-Malos tratos habituales en el ámbito familiar;2022;1.716
CATALUÑA;2.1.-Malos tratos habituales en el ámbito familiar;2021;1.693
CATALUÑA;2.1.-Malos tratos habituales en el ámbito familiar;2020;1.315
CATALUÑA;2.1.-Malos tratos habituales en el ámbito familiar;2019;1.507
CATALUÑA;2.1.-Malos tratos habituales en el ámbito familiar;2018;1.730
CATALUÑA;2.1.-Malos tratos habituales en el ámbito familiar;2017;1.740
CATALUÑA;2.1.-Malos tratos habituales en el ámbito familiar;2016;1.962
CATALUÑA;2.1.-Malos tratos habituales en el ámbito familiar;2015;2.771
CATALUÑA;2.1.-Malos tratos habituales en el ámbito familiar;2014;2.574
CATALUÑA;2.1.-Malos tratos habituales en el ámbito familiar;2013;2.621
CATALUÑA;2.1.-Malos tratos habituales en el ámbito familiar;2012;3.301
CATALUÑA;2.1.-Malos tratos habituales en el ámbito familiar;2011;3.370
CATALUÑA;2.1.-Malos tratos habituales en el ámbito familiar;2010;3.878
CATALUÑA;2.2.-Otros contra la libertad;2023;21.528
CATALUÑA;2.2.-Otros contra la libertad;2022;19.684
CATALUÑA;2.2.-Otros contra la libertad;2021;18.847
CATALUÑA;2.2.-Otros contra la libertad;2020;14.421
CATALUÑA;2.2.-Otros contra la libertad;2019;17.168
CATALUÑA;2.2.-Otros contra la libertad;2018;16.832
CATALUÑA;2.2.-Otros contra la libertad;2017;16.370
CATALUÑA;2.2.-Otros contra la libertad;2016;16.264
CATALUÑA;2.2.-Otros contra la libertad;2015;12.263
CATALUÑA;2.2.-Otros contra la libertad;2014;7.648
CATALUÑA;2.2.-Otros contra la libertad;2013;7.523
CATALUÑA;2.2.-Otros contra la libertad;2012;7.518
CATALUÑA;2.2.-Otros contra la libertad;2011;7.534
CATALUÑA;2.2.-Otros contra la libertad;2010;6.625
CATALUÑA;3. LIBERTAD SEXUAL;2023;4.361
CATALUÑA;3. LIBERTAD SEXUAL;2022;3.671
CATALUÑA;3. LIBERTAD SEXUAL;2021;3.316
CATALUÑA;3. LIBERTAD SEXUAL;2020;2.306
CATALUÑA;3. LIBERTAD SEXUAL;2019;3.034
CATALUÑA;3. LIBERTAD SEXUAL;2018;2.598
CATALUÑA;3. LIBERTAD SEXUAL;2017;2.212
CATALUÑA;3. LIBERTAD SEXUAL;2016;2.249
CATALUÑA;3. LIBERTAD SEXUAL;2015;1.928
CATALUÑA;3. LIBERTAD SEXUAL;2014;1.877
CATALUÑA;3. LIBERTAD SEXUAL;2013;1.647
CATALUÑA;3. LIBERTAD SEXUAL;2012;1.633
CATALUÑA;3. LIBERTAD SEXUAL;2011;1.862
CATALUÑA;3. LIBERTAD SEXUAL;2010;1.825
CATALUÑA;3.1.-Agresión sexual;2023;2.095
CATALUÑA;3.1.-Agresión sexual;2022;1.986
CATALUÑA;3.1.-Agresión sexual;2021;1.766
CATALUÑA;3.1.-Agresión sexual;2020;1.149
CATALUÑA;3.1.-Agresión sexual;2019;1.545
CATALUÑA;3.1.-Agresión sexual;2018;1.277
CATALUÑA;3.1.-Agresión sexual;2017;1.151
CATALUÑA;3.1.-Agresión sexual;2016;1.301
CATALUÑA;3.1.-Agresión sexual;2015;970
CATALUÑA;3.1.-Agresión sexual;2014;904
CATALUÑA;3.1.-Agresión sexual;2013;795
CATALUÑA;3.1.-Agresión sexual;2012;844
CATALUÑA;3.1.-Agresión sexual;2011;931
CATALUÑA;3.1.-Agresión sexual;2010;823
CATALUÑA;3.2.-Agresión sexual con penetración;2023;1.589
CATALUÑA;3.2.-Agresión sexual con penetración;2022;1.184
CATALUÑA;3.2.-Agresión sexual con penetración;2021;1.091
CATALUÑA;3.2.-Agresión sexual con penetración;2020;695
CATALUÑA;3.2.-Agresión sexual con penetración;2019;953
CATALUÑA;3.2.-Agresión sexual con penetración;2018;821
CATALUÑA;3.2.-Agresión sexual con penetración;2017;600
CATALUÑA;3.2.-Agresión sexual con penetración;2016;455
CATALUÑA;3.2.-Agresión sexual con penetración;2015;439
CATALUÑA;3.2.-Agresión sexual con penetración;2014;457
CATALUÑA;3.2.-Agresión sexual con penetración;2013;415
CATALUÑA;3.2.-Agresión sexual con penetración;2012;388
CATALUÑA;3.2.-Agresión sexual con penetración;2011;469
CATALUÑA;3.2.-Agresión sexual con penetración;2010;495
CATALUÑA;3.3.-Corrupción de menores o incapacitados;2023;8
CATALUÑA;3.3.-Corrupción de menores o incapacitados;2022;17
CATALUÑA;3.3.-Corrupción de menores o incapacitados;2021;5
CATALUÑA;3.3.-Corrupción de menores o incapacitados;2020;4
CATALUÑA;3.3.-Corrupción de menores o incapacitados;2019;7
CATALUÑA;3.3.-Corrupción de menores o incapacitados;2018;6
CATALUÑA;3.3.-Corrupción de menores o incapacitados;2017;5
CATALUÑA;3.3.-Corrupción de menores o incapacitados;2016;4
CATALUÑA;3.3.-Corrupción de menores o incapacitados;2015;16
CATALUÑA;3.3.-Corrupción de menores o incapacitados;2014;8
CATALUÑA;3.3.-Corrupción de menores o incapacitados;2013;5
CATALUÑA;3.3.-Corrupción de menores o incapacitados;2012;6
CATALUÑA;3.3.-Corrupción de menores o incapacitados;2011;11
CATALUÑA;3.3.-Corrupción de menores o incapacitados;2010;59
CATALUÑA;3.4.-Pornografía de menores;2023;198
CATALUÑA;3.4.-Pornografía de menores;2022;189
CATALUÑA;3.4.-Pornografía de menores;2021;140
CATALUÑA;3.4.-Pornografía de menores;2020;172
CATALUÑA;3.4.-Pornografía de menores;2019;211
CATALUÑA;3.4.-Pornografía de menores;2018;225
CATALUÑA;3.4.-Pornografía de menores;2017;168
CATALUÑA;3.4.-Pornografía de menores;2016;157
CATALUÑA;3.4.-Pornografía de menores;2015;195
CATALUÑA;3.4.-Pornografía de menores;2014;182
CATALUÑA;3.4.-Pornografía de menores;2013;122
CATALUÑA;3.4.-Pornografía de menores;2012;138
CATALUÑA;3.4.-Pornografía de menores;2011;173
CATALUÑA;3.4.-Pornografía de menores;2010;157
CATALUÑA;3.5.-Otros contra la libertad sexual;2023;471
CATALUÑA;3.5.-Otros contra la libertad sexual;2022;295
CATALUÑA;3.5.-Otros contra la libertad sexual;2021;314
CATALUÑA;3.5.-Otros contra la libertad sexual;2020;286
CATALUÑA;3.5.-Otros contra la libertad sexual;2019;318
CATALUÑA;3.5.-Otros contra la libertad sexual;2018;269
CATALUÑA;3.5.-Otros contra la libertad sexual;2017;288
CATALUÑA;3.5.-Otros contra la libertad sexual;2016;332
CATALUÑA;3.5.-Otros contra la libertad sexual;2015;308
CATALUÑA;3.5.-Otros contra la libertad sexual;2014;326
CATALUÑA;3.5.-Otros contra la libertad sexual;2013;310
CATALUÑA;3.5.-Otros contra la libertad sexual;2012;257
CATALUÑA;3.5.-Otros contra la libertad sexual;2011;278
CATALUÑA;3.5.-Otros contra la libertad sexual;2010;291
CATALUÑA;4. RELACIONES FAMILIARES;2023;1.110
CATALUÑA;4. RELACIONES FAMILIARES;2022;1.082
CATALUÑA;4. RELACIONES FAMILIARES;2021;1.022
CATALUÑA;4. RELACIONES FAMILIARES;2020;953
CATALUÑA;4. RELACIONES FAMILIARES;2019;1.134
CATALUÑA;4. RELACIONES FAMILIARES;2018;1.216
CATALUÑA;4. RELACIONES FAMILIARES;2017;1.320
CATALUÑA;4. RELACIONES FAMILIARES;2016;1.417
CATALUÑA;4. RELACIONES FAMILIARES;2015;2.012
CATALUÑA;4. RELACIONES FAMILIARES;2014;2.294
CATALUÑA;4. RELACIONES FAMILIARES;2013;2.358
CATALUÑA;4. RELACIONES FAMILIARES;2012;2.416
CATALUÑA;4. RELACIONES FAMILIARES;2011;2.087
CATALUÑA;4. RELACIONES FAMILIARES;2010;1.800
CATALUÑA;5. PATRIMONIO;2023;431.028
CATALUÑA;5. PATRIMONIO;2022;400.321
CATALUÑA;5. PATRIMONIO;2021;322.683
CATALUÑA;5. PATRIMONIO;2020;300.574
CATALUÑA;5. PATRIMONIO;2019;425.113
CATALUÑA;5. PATRIMONIO;2018;409.295
CATALUÑA;5. PATRIMONIO;2017;361.790
CATALUÑA;5. PATRIMONIO;2016;344.365
CATALUÑA;5. PATRIMONIO;2015;350.445
CATALUÑA;5. PATRIMONIO;2014;351.985
CATALUÑA;5. PATRIMONIO;2013;361.187
CATALUÑA;5. PATRIMONIO;2012;379.323
CATALUÑA;5. PATRIMONIO;2011;375.452
CATALUÑA;5. PATRIMONIO;2010;388.023
CATALUÑA;5.1.-Hurtos;2023;170.164
CATALUÑA;5.1.-Hurtos;2022;162.170
CATALUÑA;5.1.-Hurtos;2021;118.746
CATALUÑA;5.1.-Hurtos;2020;110.685
CATALUÑA;5.1.-Hurtos;2019;192.053
CATALUÑA;5.1.-Hurtos;2018;192.054
CATALUÑA;5.1.-Hurtos;2017;173.684
CATALUÑA;5.1.-Hurtos;2016;162.942
CATALUÑA;5.1.-Hurtos;2015;165.519
CATALUÑA;5.1.-Hurtos;2014;164.413
CATALUÑA;5.1.-Hurtos;2013;166.537
CATALUÑA;5.1.-Hurtos;2012;177.583
CATALUÑA;5.1.-Hurtos;2011;179.788
CATALUÑA;5.1.-Hurtos;2010;181.198
CATALUÑA;5.2.-Robos con fuerza en las cosas;2023;62.232
CATALUÑA;5.2.-Robos con fuerza en las cosas;2022;64.306
CATALUÑA;5.2.-Robos con fuerza en las cosas;2021;57.748
CATALUÑA;5.2.-Robos con fuerza en las cosas;2020;55.190
CATALUÑA;5.2.-Robos con fuerza en las cosas;2019;76.612
CATALUÑA;5.2.-Robos con fuerza en las cosas;2018;71.069
CATALUÑA;5.2.-Robos con fuerza en las cosas;2017;65.020
CATALUÑA;5.2.-Robos con fuerza en las cosas;2016;66.104
CATALUÑA;5.2.-Robos con fuerza en las cosas;2015;68.484
CATALUÑA;5.2.-Robos con fuerza en las cosas;2014;71.452
CATALUÑA;5.2.-Robos con fuerza en las cosas;2013;78.187
CATALUÑA;5.2.-Robos con fuerza en las cosas;2012;83.150
CATALUÑA;5.2.-Robos con fuerza en las cosas;2011;83.564
CATALUÑA;5.2.-Robos con fuerza en las cosas;2010;93.702
CATALUÑA;5.2.1.-Robos con fuerza en las cosas en el interior de vehículos;2023;27.779
CATALUÑA;5.2.1.-Robos con fuerza en las cosas en el interior de vehículos;2022;29.452
CATALUÑA;5.2.1.-Robos con fuerza en las cosas en el interior de vehículos;2021;29.150
CATALUÑA;5.2.1.-Robos con fuerza en las cosas en el interior de vehículos;2020;148
CATALUÑA;5.2.1.-Robos con fuerza en las cosas en el interior de vehículos;2019;33.293
CATALUÑA;5.2.1.-Robos con fuerza en las cosas en el interior de vehículos;2018;27.340
CATALUÑA;5.2.1.-Robos con fuerza en las cosas en el interior de vehículos;2017;24.940
CATALUÑA;5.2.1.-Robos con fuerza en las cosas en el interior de vehículos;2016;24.579
CATALUÑA;5.2.1.-Robos con fuerza en las cosas en el interior de vehículos;2015;23.665
CATALUÑA;5.2.1.-Robos con fuerza en las cosas en el interior de vehículos;2014;25.644
CATALUÑA;5.2.1.-Robos con fuerza en las cosas en el interior de vehículos;2013;30.795
CATALUÑA;5.2.1.-Robos con fuerza en las cosas en el interior de vehículos;2012;33.772
CATALUÑA;5.2.1.-Robos con fuerza en las cosas en el interior de vehículos;2011;37.019
CATALUÑA;5.2.1.-Robos con fuerza en las cosas en el interior de vehículos;2010;44.719
CATALUÑA;5.2.2.-Robos con fuerza en viviendas;2023;18.485
CATALUÑA;5.2.2.-Robos con fuerza en viviendas;2022;20.019
CATALUÑA;5.2.2.-Robos con fuerza en viviendas;2021;16.631
CATALUÑA;5.2.2.-Robos con fuerza en viviendas;2020;17.116
CATALUÑA;5.2.2.-Robos con fuerza en viviendas;2019;23.753
CATALUÑA;5.2.2.-Robos con fuerza en viviendas;2018;25.792
CATALUÑA;5.2.2.-Robos con fuerza en viviendas;2017;23.313
CATALUÑA;5.2.2.-Robos con fuerza en viviendas;2016;23.655
CATALUÑA;5.2.2.-Robos con fuerza en viviendas;2015;24.592
CATALUÑA;5.2.2.-Robos con fuerza en viviendas;2014;22.825
CATALUÑA;5.2.2.-Robos con fuerza en viviendas;2013;23.636
CATALUÑA;5.2.2.-Robos con fuerza en viviendas;2012;23.319
CATALUÑA;5.2.2.-Robos con fuerza en viviendas;2011;21.249
CATALUÑA;5.2.2.-Robos con fuerza en viviendas;2010;21.337
CATALUÑA;5.2.3.-Robos con fuerza en establecimientos;2023;7.502
CATALUÑA;5.2.3.-Robos con fuerza en establecimientos;2022;6.671
CATALUÑA;5.2.3.-Robos con fuerza en establecimientos;2021;5.174
CATALUÑA;5.2.3.-Robos con fuerza en establecimientos;2020;6.744
CATALUÑA;5.2.3.-Robos con fuerza en establecimientos;2019;11
CATALUÑA;5.2.3.-Robos con fuerza en establecimientos;2018;9
CATALUÑA;5.2.3.-Robos con fuerza en establecimientos;2017;7
CATALUÑA;5.2.3.-Robos con fuerza en establecimientos;2016;21
CATALUÑA;5.2.3.-Robos con fuerza en establecimientos;2015;18
CATALUÑA;5.2.3.-Robos con fuerza en establecimientos;2014;11
CATALUÑA;5.2.3.-Robos con fuerza en establecimientos;2013;8
CATALUÑA;5.2.3.-Robos con fuerza en establecimientos;2012;8
CATALUÑA;5.2.3.-Robos con fuerza en establecimientos;2011;19
CATALUÑA;5.2.3.-Robos con fuerza en establecimientos;2010;26
CATALUÑA;5.3.-Robos con violencia o intimidación;2023;25.421
CATALUÑA;5.3.-Robos con violencia o intimidación;2022;25.049
CATALUÑA;5.3.-Robos con violencia o intimidación;2021;20.501
CATALUÑA;5.3.-Robos con violencia o intimidación;2020;17.082
CATALUÑA;5.3.-Robos con violencia o intimidación;2019;26.448
CATALUÑA;5.3.-Robos con violencia o intimidación;2018;22.506
CATALUÑA;5.3.-Robos con violencia o intimidación;2017;20.615
CATALUÑA;5.3.-Robos con violencia o intimidación;2016;20.152
CATALUÑA;5.3.-Robos con violencia o intimidación;2015;21.514
CATALUÑA;5.3.-Robos con violencia o intimidación;2014;24.213
CATALUÑA;5.3.-Robos con violencia o intimidación;2013;28.950
CATALUÑA;5.3.-Robos con violencia o intimidación;2012;31.792
CATALUÑA;5.3.-Robos con violencia o intimidación;2011;27.961
CATALUÑA;5.3.-Robos con violencia o intimidación;2010;25.154
CATALUÑA;5.3.1.-Robos con violencia en vía pública;2023;18.950
CATALUÑA;5.3.1.-Robos con violencia en vía pública;2022;18.090
CATALUÑA;5.3.1.-Robos con violencia en vía pública;2021;14.773
CATALUÑA;5.3.1.-Robos con violencia en vía pública;2020;12.297
CATALUÑA;5.3.1.-Robos con violencia en vía pública;2019;82
CATALUÑA;5.3.1.-Robos con violencia en vía pública;2018;69
CATALUÑA;5.3.1.-Robos con violencia en vía pública;2017;61
CATALUÑA;5.3.1.-Robos con violencia en vía pública;2016;66
CATALUÑA;5.3.1.-Robos con violencia en vía pública;2015;81
CATALUÑA;5.3.1.-Robos con violencia en vía pública;2014;57
CATALUÑA;5.3.1.-Robos con violencia en vía pública;2013;64
CATALUÑA;5.3.1.-Robos con violencia en vía pública;2012;77
CATALUÑA;5.3.1.-Robos con violencia en vía pública;2011;54
CATALUÑA;5.3.1.-Robos con violencia en vía pública;2010;63
CATALUÑA;5.3.2.-Robos con violencia en viviendas;2023;1.012
CATALUÑA;5.3.2.-Robos con violencia en viviendas;2022;1.098
CATALUÑA;5.3.2.-Robos con violencia en viviendas;2021;959
CATALUÑA;5.3.2.-Robos con violencia en viviendas;2020;861
CATALUÑA;5.3.2.-Robos con violencia en viviendas;2019;390
CATALUÑA;5.3.2.-Robos con violencia en viviendas;2018;387
CATALUÑA;5.3.2.-Robos con violencia en viviendas;2017;386
CATALUÑA;5.3.2.-Robos con violencia en viviendas;2016;344
CATALUÑA;5.3.2.-Robos con violencia en viviendas;2015;343
CATALUÑA;5.3.2.-Robos con violencia en viviendas;2014;642
CATALUÑA;5.3.2.-Robos con violencia en viviendas;2013;1.408
CATALUÑA;5.3.2.-Robos con violencia en viviendas;2012;1.595
CATALUÑA;5.3.2.-Robos con violencia en viviendas;2011;1.325
CATALUÑA;5.3.2.-Robos con violencia en viviendas;2010;1.344
CATALUÑA;5.3.3.-Robos con violencia en establecimientos;2023;2.211
CATALUÑA;5.3.3.-Robos con violencia en establecimientos;2022;2.495
CATALUÑA;5.3.3.-Robos con violencia en establecimientos;2021;1.996
CATALUÑA;5.3.3.-Robos con violencia en establecimientos;2020;1.682
CATALUÑA;5.3.3.-Robos con violencia en establecimientos;2019;11
CATALUÑA;5.3.3.-Robos con violencia en establecimientos;2018;8
CATALUÑA;5.3.3.-Robos con violencia en establecimientos;2017;6
CATALUÑA;5.3.3.-Robos con violencia en establecimientos;2016;6
CATALUÑA;5.3.3.-Robos con violencia en establecimientos;2015;7
CATALUÑA;5.3.3.-Robos con violencia en establecimientos;2014;4
CATALUÑA;5.3.3.-Robos con violencia en establecimientos;2013;6
CATALUÑA;5.3.3.-Robos con violencia en establecimientos;2012;7
CATALUÑA;5.3.3.-Robos con violencia en establecimientos;2011;8
CATALUÑA;5.3.3.-Robos con violencia en establecimientos;2010;10
CATALUÑA;5.4.-Sustracción de vehículos;2023;8.466
CATALUÑA;5.4.-Sustracción de vehículos;2022;7.411
CATALUÑA;5.4.-Sustracción de vehículos;2021;6.168
CATALUÑA;5.4.-Sustracción de vehículos;2020;6.130
CATALUÑA;5.4.-Sustracción de vehículos;2019;9.711
CATALUÑA;5.4.-Sustracción de vehículos;2018;9.193
CATALUÑA;5.4.-Sustracción de vehículos;2017;8.855
CATALUÑA;5.4.-Sustracción de vehículos;2016;7.976
CATALUÑA;5.4.-Sustracción de vehículos;2015;8.651
CATALUÑA;5.4.-Sustracción de vehículos;2014;9.102
CATALUÑA;5.4.-Sustracción de vehículos;2013;10.426
CATALUÑA;5.4.-Sustracción de vehículos;2012;11.227
CATALUÑA;5.4.-Sustracción de vehículos;2011;11.887
CATALUÑA;5.4.-Sustracción de vehículos;2010;12.538
CATALUÑA;5.5.-Estafas;2023;111.977
CATALUÑA;5.5.-Estafas;2022;88.657
CATALUÑA;5.5.-Estafas;2021;67.922
CATALUÑA;5.5.-Estafas;2020;64.214
CATALUÑA;5.5.-Estafas;2019;63.313
CATALUÑA;5.5.-Estafas;2018;62.522
CATALUÑA;5.5.-Estafas;2017;45.006
CATALUÑA;5.5.-Estafas;2016;38.526
CATALUÑA;5.5.-Estafas;2015;35.532
CATALUÑA;5.5.-Estafas;2014;29.703
CATALUÑA;5.5.-Estafas;2013;25.363
CATALUÑA;5.5.-Estafas;2012;24.758
CATALUÑA;5.5.-Estafas;2011;17.427
CATALUÑA;5.5.-Estafas;2010;16.275
CATALUÑA;5.5.1.-Estafas informáticas;2023;73.994
CATALUÑA;5.5.1.-Estafas informáticas;2022;61.607
CATALUÑA;5.5.1.-Estafas informáticas;2021;47.314
CATALUÑA;5.5.1.-Estafas informáticas;2020;46.982
CATALUÑA;5.5.1.-Estafas informáticas;2019;40.016
CATALUÑA;5.5.1.-Estafas informáticas;2018;36.808
CATALUÑA;5.5.1.-Estafas informáticas;2017;26.574
CATALUÑA;5.5.1.-Estafas informáticas;2016;18.077
CATALUÑA;5.5.1.-Estafas informáticas;2015;15.791
CATALUÑA;5.5.1.-Estafas informáticas;2014;593
CATALUÑA;5.5.1.-Estafas informáticas;2013;585
CATALUÑA;5.5.1.-Estafas informáticas;2012;583
CATALUÑA;5.5.1.-Estafas informáticas;2011;491
CATALUÑA;5.5.1.-Estafas informáticas;2010;552
CATALUÑA;5.6.-Daños;2023;38.765
CATALUÑA;5.6.-Daños;2022;39.074
CATALUÑA;5.6.-Daños;2021;38.295
CATALUÑA;5.6.-Daños;2020;35.469
CATALUÑA;5.6.-Daños;2019;43.433
CATALUÑA;5.6.-Daños;2018;40.176
CATALUÑA;5.6.-Daños;2017;38.529
CATALUÑA;5.6.-Daños;2016;38.365
CATALUÑA;5.6.-Daños;2015;38.961
CATALUÑA;5.6.-Daños;2014;37.739
CATALUÑA;5.6.-Daños;2013;39.097
CATALUÑA;5.6.-Daños;2012;40.860
CATALUÑA;5.6.-Daños;2011;43.557
CATALUÑA;5.6.-Daños;2010;47.961
CATALUÑA;5.7.-Contra la propiedad intelectual/industrial;2023;235
CATALUÑA;5.7.-Contra la propiedad intelectual/industrial;2022;243
CATALUÑA;5.7.-Contra la propiedad intelectual/industrial;2021;288
CATALUÑA;5.7.-Contra la propiedad intelectual/industrial;2020;178
CATALUÑA;5.7.-Contra la propiedad intelectual/industrial;2019;260
CATALUÑA;5.7.-Contra la propiedad intelectual/industrial;2018;346
CATALUÑA;5.7.-Contra la propiedad intelectual/industrial;2017;233
CATALUÑA;5.7.-Contra la propiedad intelectual/industrial;2016;352
CATALUÑA;5.7.-Contra la propiedad intelectual/industrial;2015;376
CATALUÑA;5.7.-Contra la propiedad intelectual/industrial;2014;421
CATALUÑA;5.7.-Contra la propiedad intelectual/industrial;2013;444
CATALUÑA;5.7.-Contra la propiedad intelectual/industrial;2012;553
CATALUÑA;5.7.-Contra la propiedad intelectual/industrial;2011;670
CATALUÑA;5.7.-Contra la propiedad intelectual/industrial;2010;596
CATALUÑA;5.8.-Blanqueo de capitales;2023;66
CATALUÑA;5.8.-Blanqueo de capitales;2022;47
CATALUÑA;5.8.-Blanqueo de capitales;2021;38
CATALUÑA;5.8.-Blanqueo de capitales;2020;31
CATALUÑA;5.8.-Blanqueo de capitales;2019;22
CATALUÑA;5.8.-Blanqueo de capitales;2018;23
CATALUÑA;5.8.-Blanqueo de capitales;2017;27
CATALUÑA;5.8.-Blanqueo de capitales;2016;42
CATALUÑA;5.8.-Blanqueo de capitales;2015;29
CATALUÑA;5.8.-Blanqueo de capitales;2014;34
CATALUÑA;5.8.-Blanqueo de capitales;2013;34
CATALUÑA;5.8.-Blanqueo de capitales;2012;28
CATALUÑA;5.8.-Blanqueo de capitales;2011;28
CATALUÑA;5.8.-Blanqueo de capitales;2010;21
CATALUÑA;5.9.-Otros contra el patrimonio;2023;13.702
CATALUÑA;5.9.-Otros contra el patrimonio;2022;13.364
CATALUÑA;5.9.-Otros contra el patrimonio;2021;12.977
CATALUÑA;5.9.-Otros contra el patrimonio;2020;11.595
CATALUÑA;5.9.-Otros contra el patrimonio;2019;13.261
CATALUÑA;5.9.-Otros contra el patrimonio;2018;11.406
CATALUÑA;5.9.-Otros contra el patrimonio;2017;9.821
CATALUÑA;5.9.-Otros contra el patrimonio;2016;9.906
CATALUÑA;5.9.-Otros contra el patrimonio;2015;11.379
CATALUÑA;5.9.-Otros contra el patrimonio;2014;14.908
CATALUÑA;5.9.-Otros contra el patrimonio;2013;12.149
CATALUÑA;5.9.-Otros contra el patrimonio;2012;9.372
CATALUÑA;5.9.-Otros contra el patrimonio;2011;10.570
CATALUÑA;5.9.-Otros contra el patrimonio;2010;10.578
CATALUÑA;6. SEGURIDAD COLECTIVA;2023;11.802
CATALUÑA;6. SEGURIDAD COLECTIVA;2022;11.531
CATALUÑA;6. SEGURIDAD COLECTIVA;2021;10.499
CATALUÑA;6. SEGURIDAD COLECTIVA;2020;7.799
CATALUÑA;6. SEGURIDAD COLECTIVA;2019;8.938
CATALUÑA;6. SEGURIDAD COLECTIVA;2018;8.724
CATALUÑA;6. SEGURIDAD COLECTIVA;2017;8.273
CATALUÑA;6. SEGURIDAD COLECTIVA;2016;8.126
CATALUÑA;6. SEGURIDAD COLECTIVA;2015;7.760
CATALUÑA;6. SEGURIDAD COLECTIVA;2014;7.804
CATALUÑA;6. SEGURIDAD COLECTIVA;2013;8.111
CATALUÑA;6. SEGURIDAD COLECTIVA;2012;8.282
CATALUÑA;6. SEGURIDAD COLECTIVA;2011;11.715
CATALUÑA;6. SEGURIDAD COLECTIVA;2010;10.534
CATALUÑA;6.1.-Tráfico de drogas;2023;4.368
CATALUÑA;6.1.-Tráfico de drogas;2022;3.965
CATALUÑA;6.1.-Tráfico de drogas;2021;3.874
CATALUÑA;6.1.-Tráfico de drogas;2020;2.946
CATALUÑA;6.1.-Tráfico de drogas;2019;2.615
CATALUÑA;6.1.-Tráfico de drogas;2018;2.452
CATALUÑA;6.1.-Tráfico de drogas;2017;2.269
CATALUÑA;6.1.-Tráfico de drogas;2016;2.183
CATALUÑA;6.1.-Tráfico de drogas;2015;1.953
CATALUÑA;6.1.-Tráfico de drogas;2014;2.051
CATALUÑA;6.1.-Tráfico de drogas;2013;2.064
CATALUÑA;6.1.-Tráfico de drogas;2012;2.074
CATALUÑA;6.1.-Tráfico de drogas;2011;2.169
CATALUÑA;6.1.-Tráfico de drogas;2010;1.715
CATALUÑA;6.2.-Contra la seguridad vial;2023;7.189
CATALUÑA;6.2.-Contra la seguridad vial;2022;7.346
CATALUÑA;6.2.-Contra la seguridad vial;2021;6.442
CATALUÑA;6.2.-Contra la seguridad vial;2020;4.693
CATALUÑA;6.2.-Contra la seguridad vial;2019;6.107
CATALUÑA;6.2.-Contra la seguridad vial;2018;6.130
CATALUÑA;6.2.-Contra la seguridad vial;2017;5.860
CATALUÑA;6.2.-Contra la seguridad vial;2016;5.805
CATALUÑA;6.2.-Contra la seguridad vial;2015;5.672
CATALUÑA;6.2.-Contra la seguridad vial;2014;5.607
CATALUÑA;6.2.-Contra la seguridad vial;2013;5.928
CATALUÑA;6.2.-Contra la seguridad vial;2012;6.033
CATALUÑA;6.2.-Contra la seguridad vial;2011;9.349
CATALUÑA;6.2.-Contra la seguridad vial;2010;8.624
CATALUÑA;6.3.-Otros contra la seguridad colectiva;2023;245
CATALUÑA;6.3.-Otros contra la seguridad colectiva;2022;220
CATALUÑA;6.3.-Otros contra la seguridad colectiva;2021;183
CATALUÑA;6.3.-Otros contra la seguridad colectiva;2020;160
CATALUÑA;6.3.-Otros contra la seguridad colectiva;2019;216
CATALUÑA;6.3.-Otros contra la seguridad colectiva;2018;142
CATALUÑA;6.3.-Otros contra la seguridad colectiva;2017;144
CATALUÑA;6.3.-Otros contra la seguridad colectiva;2016;138
CATALUÑA;6.3.-Otros contra la seguridad colectiva;2015;135
CATALUÑA;6.3.-Otros contra la seguridad colectiva;2014;146
CATALUÑA;6.3.-Otros contra la seguridad colectiva;2013;119
CATALUÑA;6.3.-Otros contra la seguridad colectiva;2012;175
CATALUÑA;6.3.-Otros contra la seguridad colectiva;2011;197
CATALUÑA;6.3.-Otros contra la seguridad colectiva;2010;195
CATALUÑA;7. FALSEDADES;2023;4.490
CATALUÑA;7. FALSEDADES;2022;4.715
CATALUÑA;7. FALSEDADES;2021;4.097
CATALUÑA;7. FALSEDADES;2020;2.787
CATALUÑA;7. FALSEDADES;2019;3.791
CATALUÑA;7. FALSEDADES;2018;3.456
CATALUÑA;7. FALSEDADES;2017;3.235
CATALUÑA;7. FALSEDADES;2016;3.563
CATALUÑA;7. FALSEDADES;2015;3.241
CATALUÑA;7. FALSEDADES;2014;3.368
CATALUÑA;7. FALSEDADES;2013;3.486
CATALUÑA;7. FALSEDADES;2012;3.855
CATALUÑA;7. FALSEDADES;2011;4.339
CATALUÑA;7. FALSEDADES;2010;4.550
CATALUÑA;8. ADMÓN. PÚBLICA;2023;63
CATALUÑA;8. ADMÓN. PÚBLICA;2022;152
CATALUÑA;8. ADMÓN. PÚBLICA;2021;106
CATALUÑA;8. ADMÓN. PÚBLICA;2020;34
CATALUÑA;8. ADMÓN. PÚBLICA;2019;58
CATALUÑA;8. ADMÓN. PÚBLICA;2018;52
CATALUÑA;8. ADMÓN. PÚBLICA;2017;81
CATALUÑA;8. ADMÓN. PÚBLICA;2016;65
CATALUÑA;8. ADMÓN. PÚBLICA;2015;58
CATALUÑA;8. ADMÓN. PÚBLICA;2014;67
CATALUÑA;8. ADMÓN. PÚBLICA;2013;68
CATALUÑA;8. ADMÓN. PÚBLICA;2012;30
CATALUÑA;8. ADMÓN. PÚBLICA;2011;45
CATALUÑA;8. ADMÓN. PÚBLICA;2010;52
CATALUÑA;9. ADMÓN. JUSTICIA;2023;4.773
CATALUÑA;9. ADMÓN. JUSTICIA;2022;4.043
CATALUÑA;9. ADMÓN. JUSTICIA;2021;3.680
CATALUÑA;9. ADMÓN. JUSTICIA;2020;3.172
CATALUÑA;9. ADMÓN. JUSTICIA;2019;3.519
CATALUÑA;9. ADMÓN. JUSTICIA;2018;3.464
CATALUÑA;9. ADMÓN. JUSTICIA;2017;3.383
CATALUÑA;9. ADMÓN. JUSTICIA;2016;3.240
CATALUÑA;9. ADMÓN. JUSTICIA;2015;3.261
CATALUÑA;9. ADMÓN. JUSTICIA;2014;3.405
CATALUÑA;9. ADMÓN. JUSTICIA;2013;3.450
CATALUÑA;9. ADMÓN. JUSTICIA;2012;3.478
CATALUÑA;9. ADMÓN. JUSTICIA;2011;3.724
CATALUÑA;9. ADMÓN. JUSTICIA;2010;3.766
CATALUÑA;10. ORDEN PÚBLICO;2023;4.171
CATALUÑA;10. ORDEN PÚBLICO;2022;4.138
CATALUÑA;10. ORDEN PÚBLICO;2021;3.785
CATALUÑA;10. ORDEN PÚBLICO;2020;2.962
CATALUÑA;10. ORDEN PÚBLICO;2019;3.073
CATALUÑA;10. ORDEN PÚBLICO;2018;2.775
CATALUÑA;10. ORDEN PÚBLICO;2017;2.539
CATALUÑA;10. ORDEN PÚBLICO;2016;2.304
CATALUÑA;10. ORDEN PÚBLICO;2015;3.236
CATALUÑA;10. ORDEN PÚBLICO;2014;3.908
CATALUÑA;10. ORDEN PÚBLICO;2013;4.467
CATALUÑA;10. ORDEN PÚBLICO;2012;4.634
CATALUÑA;10. ORDEN PÚBLICO;2011;5.258
CATALUÑA;10. ORDEN PÚBLICO;2010;4.677
CATALUÑA;11. LEGISLACIÓN ESPECIAL;2023;141
CATALUÑA;11. LEGISLACIÓN ESPECIAL;2022;15
CATALUÑA;11. LEGISLACIÓN ESPECIAL;2021;13
CATALUÑA;11. LEGISLACIÓN ESPECIAL;2020;10
CATALUÑA;11. LEGISLACIÓN ESPECIAL;2019;13
CATALUÑA;11. LEGISLACIÓN ESPECIAL;2018;17
CATALUÑA;11. LEGISLACIÓN ESPECIAL;2017;10
CATALUÑA;11. LEGISLACIÓN ESPECIAL;2016;19
CATALUÑA;11. LEGISLACIÓN ESPECIAL;2015;46
CATALUÑA;11. LEGISLACIÓN ESPECIAL;2014;78
CATALUÑA;11. LEGISLACIÓN ESPECIAL;2013;83
CATALUÑA;11. LEGISLACIÓN ESPECIAL;2012;116
CATALUÑA;11. LEGISLACIÓN ESPECIAL;2011;79
CATALUÑA;11. LEGISLACIÓN ESPECIAL;2010;97
CATALUÑA;12. OTRAS INFRACCIONES PENALES;2023;970
CATALUÑA;12. OTRAS INFRACCIONES PENALES;2022;783
CATALUÑA;12. OTRAS INFRACCIONES PENALES;2021;761
CATALUÑA;12. OTRAS INFRACCIONES PENALES;2020;614
CATALUÑA;12. OTRAS INFRACCIONES PENALES;2019;808
CATALUÑA;12. OTRAS INFRACCIONES PENALES;2018;667
CATALUÑA;12. OTRAS INFRACCIONES PENALES;2017;751
CATALUÑA;12. OTRAS INFRACCIONES PENALES;2016;785
CATALUÑA;12. OTRAS INFRACCIONES PENALES;2015;1.174
CATALUÑA;12. OTRAS INFRACCIONES PENALES;2014;1.543
CATALUÑA;12. OTRAS INFRACCIONES PENALES;2013;1.291
CATALUÑA;12. OTRAS INFRACCIONES PENALES;2012;1.300
CATALUÑA;12. OTRAS INFRACCIONES PENALES;2011;1.247
CATALUÑA;12. OTRAS INFRACCIONES PENALES;2010;1.446
CATALUÑA;TOTAL INFRACCIONES PENALES;2023;510.172
CATALUÑA;TOTAL INFRACCIONES PENALES;2022;475.031
CATALUÑA;TOTAL INFRACCIONES PENALES;2021;390.356
CATALUÑA;TOTAL INFRACCIONES PENALES;2020;353.052
CATALUÑA;TOTAL INFRACCIONES PENALES;2019;489.265
CATALUÑA;TOTAL INFRACCIONES PENALES;2018;471.510
CATALUÑA;TOTAL INFRACCIONES PENALES;2017;422.286
CATALUÑA;TOTAL INFRACCIONES PENALES;2016;403.928
CATALUÑA;TOTAL INFRACCIONES PENALES;2015;415.464
CATALUÑA;TOTAL INFRACCIONES PENALES;2014;422.864
CATALUÑA;TOTAL INFRACCIONES PENALES;2013;431.914
CATALUÑA;TOTAL INFRACCIONES PENALES;2012;453.156
CATALUÑA;TOTAL INFRACCIONES PENALES;2011;454.871
CATALUÑA;TOTAL INFRACCIONES PENALES;2010;464.923
COMUNITAT VALENCIANA;1. CONTRA LAS PERSONAS;2023;28.927
COMUNITAT VALENCIANA;1. CONTRA LAS PERSONAS;2022;27.316
COMUNITAT VALENCIANA;1. CONTRA LAS PERSONAS;2021;23.240
COMUNITAT VALENCIANA;1. CONTRA LAS PERSONAS;2020;20.231
COMUNITAT VALENCIANA;1. CONTRA LAS PERSONAS;2019;23.332
COMUNITAT VALENCIANA;1. CONTRA LAS PERSONAS;2018;22.039
COMUNITAT VALENCIANA;1. CONTRA LAS PERSONAS;2017;21.164
COMUNITAT VALENCIANA;1. CONTRA LAS PERSONAS;2016;20.598
COMUNITAT VALENCIANA;1. CONTRA LAS PERSONAS;2015;26.573
COMUNITAT VALENCIANA;1. CONTRA LAS PERSONAS;2014;33.506
COMUNITAT VALENCIANA;1. CONTRA LAS PERSONAS;2013;32.380
COMUNITAT VALENCIANA;1. CONTRA LAS PERSONAS;2012;33.893
COMUNITAT VALENCIANA;1. CONTRA LAS PERSONAS;2011;34.817
COMUNITAT VALENCIANA;1. CONTRA LAS PERSONAS;2010;34.995
COMUNITAT VALENCIANA;1.1.-Homicidios dolosos/asesinatos;2023;200
COMUNITAT VALENCIANA;1.1.-Homicidios dolosos/asesinatos;2022;175
COMUNITAT VALENCIANA;1.1.-Homicidios dolosos/asesinatos;2021;152
COMUNITAT VALENCIANA;1.1.-Homicidios dolosos/asesinatos;2020;126
COMUNITAT VALENCIANA;1.1.-Homicidios dolosos/asesinatos;2019;148
COMUNITAT VALENCIANA;1.1.-Homicidios dolosos/asesinatos;2018;118
COMUNITAT VALENCIANA;1.1.-Homicidios dolosos/asesinatos;2017;106
COMUNITAT VALENCIANA;1.1.-Homicidios dolosos/asesinatos;2016;125
COMUNITAT VALENCIANA;1.1.-Homicidios dolosos/asesinatos;2015;100
COMUNITAT VALENCIANA;1.1.-Homicidios dolosos/asesinatos;2014;100
COMUNITAT VALENCIANA;1.1.-Homicidios dolosos/asesinatos;2013;76
COMUNITAT VALENCIANA;1.1.-Homicidios dolosos/asesinatos;2012;114
COMUNITAT VALENCIANA;1.1.-Homicidios dolosos/asesinatos;2011;125
COMUNITAT VALENCIANA;1.1.-Homicidios dolosos/asesinatos;2010;106
COMUNITAT VALENCIANA;1.1.1.-Homicidios dolosos/asesinatos consumados;2023;34
COMUNITAT VALENCIANA;1.1.1.-Homicidios dolosos/asesinatos consumados;2022;38
COMUNITAT VALENCIANA;1.1.1.-Homicidios dolosos/asesinatos consumados;2021;35
COMUNITAT VALENCIANA;1.1.1.-Homicidios dolosos/asesinatos consumados;2020;37
COMUNITAT VALENCIANA;1.1.1.-Homicidios dolosos/asesinatos consumados;2019;40
COMUNITAT VALENCIANA;1.1.1.-Homicidios dolosos/asesinatos consumados;2018;25
COMUNITAT VALENCIANA;1.1.1.-Homicidios dolosos/asesinatos consumados;2017;41
COMUNITAT VALENCIANA;1.1.1.-Homicidios dolosos/asesinatos consumados;2016;30
COMUNITAT VALENCIANA;1.1.1.-Homicidios dolosos/asesinatos consumados;2015;48
COMUNITAT VALENCIANA;1.1.1.-Homicidios dolosos/asesinatos consumados;2014;32
COMUNITAT VALENCIANA;1.1.1.-Homicidios dolosos/asesinatos consumados;2013;32
COMUNITAT VALENCIANA;1.1.1.-Homicidios dolosos/asesinatos consumados;2012;51
COMUNITAT VALENCIANA;1.1.1.-Homicidios dolosos/asesinatos consumados;2011;46
COMUNITAT VALENCIANA;1.1.1.-Homicidios dolosos/asesinatos consumados;2010;46
COMUNITAT VALENCIANA;1.2.-Lesiones;2023;14.127
COMUNITAT VALENCIANA;1.2.-Lesiones;2022;13.947
COMUNITAT VALENCIANA;1.2.-Lesiones;2021;11.279
COMUNITAT VALENCIANA;1.2.-Lesiones;2020;9.208
COMUNITAT VALENCIANA;1.2.-Lesiones;2019;11.815
COMUNITAT VALENCIANA;1.2.-Lesiones;2018;11.366
COMUNITAT VALENCIANA;1.2.-Lesiones;2017;11.154
COMUNITAT VALENCIANA;1.2.-Lesiones;2016;11.061
COMUNITAT VALENCIANA;1.2.-Lesiones;2015;10.833
COMUNITAT VALENCIANA;1.2.-Lesiones;2014;11.396
COMUNITAT VALENCIANA;1.2.-Lesiones;2013;11.626
COMUNITAT VALENCIANA;1.2.-Lesiones;2012;12.168
COMUNITAT VALENCIANA;1.2.-Lesiones;2011;12.963
COMUNITAT VALENCIANA;1.2.-Lesiones;2010;12.694
COMUNITAT VALENCIANA;1.3.-Malos tratos ámbito familiar;2023;14.053
COMUNITAT VALENCIANA;1.3.-Malos tratos ámbito familiar;2022;12.711
COMUNITAT VALENCIANA;1.3.-Malos tratos ámbito familiar;2021;11.402
COMUNITAT VALENCIANA;1.3.-Malos tratos ámbito familiar;2020;10.608
COMUNITAT VALENCIANA;1.3.-Malos tratos ámbito familiar;2019;11.011
COMUNITAT VALENCIANA;1.3.-Malos tratos ámbito familiar;2018;10.209
COMUNITAT VALENCIANA;1.3.-Malos tratos ámbito familiar;2017;9.653
COMUNITAT VALENCIANA;1.3.-Malos tratos ámbito familiar;2016;9.254
COMUNITAT VALENCIANA;1.3.-Malos tratos ámbito familiar;2015;9.032
COMUNITAT VALENCIANA;1.3.-Malos tratos ámbito familiar;2014;8.763
COMUNITAT VALENCIANA;1.3.-Malos tratos ámbito familiar;2013;8.356
COMUNITAT VALENCIANA;1.3.-Malos tratos ámbito familiar;2012;8.319
COMUNITAT VALENCIANA;1.3.-Malos tratos ámbito familiar;2011;8.416
COMUNITAT VALENCIANA;1.3.-Malos tratos ámbito familiar;2010;9.012
COMUNITAT VALENCIANA;1.4.-Otros contra las personas;2023;547
COMUNITAT VALENCIANA;1.4.-Otros contra las personas;2022;483
COMUNITAT VALENCIANA;1.4.-Otros contra las personas;2021;407
COMUNITAT VALENCIANA;1.4.-Otros contra las personas;2020;289
COMUNITAT VALENCIANA;1.4.-Otros contra las personas;2019;358
COMUNITAT VALENCIANA;1.4.-Otros contra las personas;2018;346
COMUNITAT VALENCIANA;1.4.-Otros contra las personas;2017;251
COMUNITAT VALENCIANA;1.4.-Otros contra las personas;2016;158
COMUNITAT VALENCIANA;1.4.-Otros contra las personas;2015;6.608
COMUNITAT VALENCIANA;1.4.-Otros contra las personas;2014;13.247
COMUNITAT VALENCIANA;1.4.-Otros contra las personas;2013;12.322
COMUNITAT VALENCIANA;1.4.-Otros contra las personas;2012;13.292
COMUNITAT VALENCIANA;1.4.-Otros contra las personas;2011;13.313
COMUNITAT VALENCIANA;1.4.-Otros contra las personas;2010;13.183
COMUNITAT VALENCIANA;2. CONTRA LA LIBERTAD;2023;17.389
COMUNITAT VALENCIANA;2. CONTRA LA LIBERTAD;2022;15.991
COMUNITAT VALENCIANA;2. CONTRA LA LIBERTAD;2021;15.180
COMUNITAT VALENCIANA;2. CONTRA LA LIBERTAD;2020;13.334
COMUNITAT VALENCIANA;2. CONTRA LA LIBERTAD;2019;13.046
COMUNITAT VALENCIANA;2. CONTRA LA LIBERTAD;2018;12.488
COMUNITAT VALENCIANA;2. CONTRA LA LIBERTAD;2017;12.282
COMUNITAT VALENCIANA;2. CONTRA LA LIBERTAD;2016;11.726
COMUNITAT VALENCIANA;2. CONTRA LA LIBERTAD;2015;7.906
COMUNITAT VALENCIANA;2. CONTRA LA LIBERTAD;2014;4.413
COMUNITAT VALENCIANA;2. CONTRA LA LIBERTAD;2013;4.454
COMUNITAT VALENCIANA;2. CONTRA LA LIBERTAD;2012;4.640
COMUNITAT VALENCIANA;2. CONTRA LA LIBERTAD;2011;4.863
COMUNITAT VALENCIANA;2. CONTRA LA LIBERTAD;2010;4.431
COMUNITAT VALENCIANA;2.1.-Malos tratos habituales en el ámbito familiar;2023;2.480
COMUNITAT VALENCIANA;2.1.-Malos tratos habituales en el ámbito familiar;2022;2.441
COMUNITAT VALENCIANA;2.1.-Malos tratos habituales en el ámbito familiar;2021;1.847
COMUNITAT VALENCIANA;2.1.-Malos tratos habituales en el ámbito familiar;2020;1.631
COMUNITAT VALENCIANA;2.1.-Malos tratos habituales en el ámbito familiar;2019;1.764
COMUNITAT VALENCIANA;2.1.-Malos tratos habituales en el ámbito familiar;2018;1.670
COMUNITAT VALENCIANA;2.1.-Malos tratos habituales en el ámbito familiar;2017;1.500
COMUNITAT VALENCIANA;2.1.-Malos tratos habituales en el ámbito familiar;2016;1.488
COMUNITAT VALENCIANA;2.1.-Malos tratos habituales en el ámbito familiar;2015;1.518
COMUNITAT VALENCIANA;2.1.-Malos tratos habituales en el ámbito familiar;2014;1.721
COMUNITAT VALENCIANA;2.1.-Malos tratos habituales en el ámbito familiar;2013;1.762
COMUNITAT VALENCIANA;2.1.-Malos tratos habituales en el ámbito familiar;2012;1.908
COMUNITAT VALENCIANA;2.1.-Malos tratos habituales en el ámbito familiar;2011;1.973
COMUNITAT VALENCIANA;2.1.-Malos tratos habituales en el ámbito familiar;2010;1.573
COMUNITAT VALENCIANA;2.2.-Otros contra la libertad;2023;14.909
COMUNITAT VALENCIANA;2.2.-Otros contra la libertad;2022;13.550
COMUNITAT VALENCIANA;2.2.-Otros contra la libertad;2021;13.333
COMUNITAT VALENCIANA;2.2.-Otros contra la libertad;2020;11.703
COMUNITAT VALENCIANA;2.2.-Otros contra la libertad;2019;11.282
COMUNITAT VALENCIANA;2.2.-Otros contra la libertad;2018;10.818
COMUNITAT VALENCIANA;2.2.-Otros contra la libertad;2017;10.782
COMUNITAT VALENCIANA;2.2.-Otros contra la libertad;2016;10.238
COMUNITAT VALENCIANA;2.2.-Otros contra la libertad;2015;6.388
COMUNITAT VALENCIANA;2.2.-Otros contra la libertad;2014;2.692
COMUNITAT VALENCIANA;2.2.-Otros contra la libertad;2013;2.692
COMUNITAT VALENCIANA;2.2.-Otros contra la libertad;2012;2.732
COMUNITAT VALENCIANA;2.2.-Otros contra la libertad;2011;2.890
COMUNITAT VALENCIANA;2.2.-Otros contra la libertad;2010;2.858
COMUNITAT VALENCIANA;3. LIBERTAD SEXUAL;2023;2.575
COMUNITAT VALENCIANA;3. LIBERTAD SEXUAL;2022;2.390
COMUNITAT VALENCIANA;3. LIBERTAD SEXUAL;2021;2.173
COMUNITAT VALENCIANA;3. LIBERTAD SEXUAL;2020;1.518
COMUNITAT VALENCIANA;3. LIBERTAD SEXUAL;2019;1.749
COMUNITAT VALENCIANA;3. LIBERTAD SEXUAL;2018;1.580
COMUNITAT VALENCIANA;3. LIBERTAD SEXUAL;2017;1.348
COMUNITAT VALENCIANA;3. LIBERTAD SEXUAL;2016;1.343
COMUNITAT VALENCIANA;3. LIBERTAD SEXUAL;2015;1.216
COMUNITAT VALENCIANA;3. LIBERTAD SEXUAL;2014;1.143
COMUNITAT VALENCIANA;3. LIBERTAD SEXUAL;2013;1.102
COMUNITAT VALENCIANA;3. LIBERTAD SEXUAL;2012;1.175
COMUNITAT VALENCIANA;3. LIBERTAD SEXUAL;2011;1.244
COMUNITAT VALENCIANA;3. LIBERTAD SEXUAL;2010;1.303
COMUNITAT VALENCIANA;3.1.-Agresión sexual;2023;1.666
COMUNITAT VALENCIANA;3.1.-Agresión sexual;2022;1.485
COMUNITAT VALENCIANA;3.1.-Agresión sexual;2021;1.407
COMUNITAT VALENCIANA;3.1.-Agresión sexual;2020;904
COMUNITAT VALENCIANA;3.1.-Agresión sexual;2019;1.057
COMUNITAT VALENCIANA;3.1.-Agresión sexual;2018;988
COMUNITAT VALENCIANA;3.1.-Agresión sexual;2017;797
COMUNITAT VALENCIANA;3.1.-Agresión sexual;2016;775
COMUNITAT VALENCIANA;3.1.-Agresión sexual;2015;658
COMUNITAT VALENCIANA;3.1.-Agresión sexual;2014;625
COMUNITAT VALENCIANA;3.1.-Agresión sexual;2013;567
COMUNITAT VALENCIANA;3.1.-Agresión sexual;2012;653
COMUNITAT VALENCIANA;3.1.-Agresión sexual;2011;640
COMUNITAT VALENCIANA;3.1.-Agresión sexual;2010;636
COMUNITAT VALENCIANA;3.2.-Agresión sexual con penetración;2023;472
COMUNITAT VALENCIANA;3.2.-Agresión sexual con penetración;2022;513
COMUNITAT VALENCIANA;3.2.-Agresión sexual con penetración;2021;387
COMUNITAT VALENCIANA;3.2.-Agresión sexual con penetración;2020;279
COMUNITAT VALENCIANA;3.2.-Agresión sexual con penetración;2019;289
COMUNITAT VALENCIANA;3.2.-Agresión sexual con penetración;2018;252
COMUNITAT VALENCIANA;3.2.-Agresión sexual con penetración;2017;179
COMUNITAT VALENCIANA;3.2.-Agresión sexual con penetración;2016;186
COMUNITAT VALENCIANA;3.2.-Agresión sexual con penetración;2015;156
COMUNITAT VALENCIANA;3.2.-Agresión sexual con penetración;2014;154
COMUNITAT VALENCIANA;3.2.-Agresión sexual con penetración;2013;202
COMUNITAT VALENCIANA;3.2.-Agresión sexual con penetración;2012;163
COMUNITAT VALENCIANA;3.2.-Agresión sexual con penetración;2011;226
COMUNITAT VALENCIANA;3.2.-Agresión sexual con penetración;2010;230
COMUNITAT VALENCIANA;3.3.-Corrupción de menores o incapacitados;2023;53
COMUNITAT VALENCIANA;3.3.-Corrupción de menores o incapacitados;2022;66
COMUNITAT VALENCIANA;3.3.-Corrupción de menores o incapacitados;2021;67
COMUNITAT VALENCIANA;3.3.-Corrupción de menores o incapacitados;2020;43
COMUNITAT VALENCIANA;3.3.-Corrupción de menores o incapacitados;2019;57
COMUNITAT VALENCIANA;3.3.-Corrupción de menores o incapacitados;2018;35
COMUNITAT VALENCIANA;3.3.-Corrupción de menores o incapacitados;2017;76
COMUNITAT VALENCIANA;3.3.-Corrupción de menores o incapacitados;2016;52
COMUNITAT VALENCIANA;3.3.-Corrupción de menores o incapacitados;2015;86
COMUNITAT VALENCIANA;3.3.-Corrupción de menores o incapacitados;2014;63
COMUNITAT VALENCIANA;3.3.-Corrupción de menores o incapacitados;2013;57
COMUNITAT VALENCIANA;3.3.-Corrupción de menores o incapacitados;2012;55
COMUNITAT VALENCIANA;3.3.-Corrupción de menores o incapacitados;2011;45
COMUNITAT VALENCIANA;3.3.-Corrupción de menores o incapacitados;2010;39
COMUNITAT VALENCIANA;3.4.-Pornografía de menores;2023;89
COMUNITAT VALENCIANA;3.4.-Pornografía de menores;2022;78
COMUNITAT VALENCIANA;3.4.-Pornografía de menores;2021;73
COMUNITAT VALENCIANA;3.4.-Pornografía de menores;2020;62
COMUNITAT VALENCIANA;3.4.-Pornografía de menores;2019;100
COMUNITAT VALENCIANA;3.4.-Pornografía de menores;2018;87
COMUNITAT VALENCIANA;3.4.-Pornografía de menores;2017;85
COMUNITAT VALENCIANA;3.4.-Pornografía de menores;2016;78
COMUNITAT VALENCIANA;3.4.-Pornografía de menores;2015;88
COMUNITAT VALENCIANA;3.4.-Pornografía de menores;2014;71
COMUNITAT VALENCIANA;3.4.-Pornografía de menores;2013;59
COMUNITAT VALENCIANA;3.4.-Pornografía de menores;2012;73
COMUNITAT VALENCIANA;3.4.-Pornografía de menores;2011;109
COMUNITAT VALENCIANA;3.4.-Pornografía de menores;2010;167
COMUNITAT VALENCIANA;3.5.-Otros contra la libertad sexual;2023;295
COMUNITAT VALENCIANA;3.5.-Otros contra la libertad sexual;2022;248
COMUNITAT VALENCIANA;3.5.-Otros contra la libertad sexual;2021;239
COMUNITAT VALENCIANA;3.5.-Otros contra la libertad sexual;2020;230
COMUNITAT VALENCIANA;3.5.-Otros contra la libertad sexual;2019;246
COMUNITAT VALENCIANA;3.5.-Otros contra la libertad sexual;2018;218
COMUNITAT VALENCIANA;3.5.-Otros contra la libertad sexual;2017;211
COMUNITAT VALENCIANA;3.5.-Otros contra la libertad sexual;2016;252
COMUNITAT VALENCIANA;3.5.-Otros contra la libertad sexual;2015;228
COMUNITAT VALENCIANA;3.5.-Otros contra la libertad sexual;2014;230
COMUNITAT VALENCIANA;3.5.-Otros contra la libertad sexual;2013;217
COMUNITAT VALENCIANA;3.5.-Otros contra la libertad sexual;2012;231
COMUNITAT VALENCIANA;3.5.-Otros contra la libertad sexual;2011;224
COMUNITAT VALENCIANA;3.5.-Otros contra la libertad sexual;2010;231
COMUNITAT VALENCIANA;4. RELACIONES FAMILIARES;2023;910
COMUNITAT VALENCIANA;4. RELACIONES FAMILIARES;2022;912
COMUNITAT VALENCIANA;4. RELACIONES FAMILIARES;2021;838
COMUNITAT VALENCIANA;4. RELACIONES FAMILIARES;2020;793
COMUNITAT VALENCIANA;4. RELACIONES FAMILIARES;2019;858
COMUNITAT VALENCIANA;4. RELACIONES FAMILIARES;2018;890
COMUNITAT VALENCIANA;4. RELACIONES FAMILIARES;2017;889
COMUNITAT VALENCIANA;4. RELACIONES FAMILIARES;2016;880
COMUNITAT VALENCIANA;4. RELACIONES FAMILIARES;2015;988
COMUNITAT VALENCIANA;4. RELACIONES FAMILIARES;2014;1.056
COMUNITAT VALENCIANA;4. RELACIONES FAMILIARES;2013;967
COMUNITAT VALENCIANA;4. RELACIONES FAMILIARES;2012;1.018
COMUNITAT VALENCIANA;4. RELACIONES FAMILIARES;2011;941
COMUNITAT VALENCIANA;4. RELACIONES FAMILIARES;2010;802
COMUNITAT VALENCIANA;5. PATRIMONIO;2023;211.176
COMUNITAT VALENCIANA;5. PATRIMONIO;2022;191.865
COMUNITAT VALENCIANA;5. PATRIMONIO;2021;161.695
COMUNITAT VALENCIANA;5. PATRIMONIO;2020;137.438
COMUNITAT VALENCIANA;5. PATRIMONIO;2019;174.091
COMUNITAT VALENCIANA;5. PATRIMONIO;2018;175.524
COMUNITAT VALENCIANA;5. PATRIMONIO;2017;173.357
COMUNITAT VALENCIANA;5. PATRIMONIO;2016;177.644
COMUNITAT VALENCIANA;5. PATRIMONIO;2015;179.704
COMUNITAT VALENCIANA;5. PATRIMONIO;2014;187.271
COMUNITAT VALENCIANA;5. PATRIMONIO;2013;201.297
COMUNITAT VALENCIANA;5. PATRIMONIO;2012;217.131
COMUNITAT VALENCIANA;5. PATRIMONIO;2011;221.719
COMUNITAT VALENCIANA;5. PATRIMONIO;2010;225.991
COMUNITAT VALENCIANA;5.1.-Hurtos;2023;77.573
COMUNITAT VALENCIANA;5.1.-Hurtos;2022;71.315
COMUNITAT VALENCIANA;5.1.-Hurtos;2021;57.738
COMUNITAT VALENCIANA;5.1.-Hurtos;2020;43.801
COMUNITAT VALENCIANA;5.1.-Hurtos;2019;68.122
COMUNITAT VALENCIANA;5.1.-Hurtos;2018;70.169
COMUNITAT VALENCIANA;5.1.-Hurtos;2017;73.922
COMUNITAT VALENCIANA;5.1.-Hurtos;2016;77.169
COMUNITAT VALENCIANA;5.1.-Hurtos;2015;78.850
COMUNITAT VALENCIANA;5.1.-Hurtos;2014;80.030
COMUNITAT VALENCIANA;5.1.-Hurtos;2013;84.869
COMUNITAT VALENCIANA;5.1.-Hurtos;2012;88.359
COMUNITAT VALENCIANA;5.1.-Hurtos;2011;89.452
COMUNITAT VALENCIANA;5.1.-Hurtos;2010;90.667
COMUNITAT VALENCIANA;5.2.-Robos con fuerza en las cosas;2023;37.462
COMUNITAT VALENCIANA;5.2.-Robos con fuerza en las cosas;2022;33.752
COMUNITAT VALENCIANA;5.2.-Robos con fuerza en las cosas;2021;28.638
COMUNITAT VALENCIANA;5.2.-Robos con fuerza en las cosas;2020;26.465
COMUNITAT VALENCIANA;5.2.-Robos con fuerza en las cosas;2019;35.068
COMUNITAT VALENCIANA;5.2.-Robos con fuerza en las cosas;2018;36.312
COMUNITAT VALENCIANA;5.2.-Robos con fuerza en las cosas;2017;37.439
COMUNITAT VALENCIANA;5.2.-Robos con fuerza en las cosas;2016;40.730
COMUNITAT VALENCIANA;5.2.-Robos con fuerza en las cosas;2015;41.473
COMUNITAT VALENCIANA;5.2.-Robos con fuerza en las cosas;2014;47.121
COMUNITAT VALENCIANA;5.2.-Robos con fuerza en las cosas;2013;53.803
COMUNITAT VALENCIANA;5.2.-Robos con fuerza en las cosas;2012;59.885
COMUNITAT VALENCIANA;5.2.-Robos con fuerza en las cosas;2011;63.936
COMUNITAT VALENCIANA;5.2.-Robos con fuerza en las cosas;2010;67.089
COMUNITAT VALENCIANA;5.2.1.-Robos con fuerza en las cosas en el interior de vehículos;2023;14.322
COMUNITAT VALENCIANA;5.2.1.-Robos con fuerza en las cosas en el interior de vehículos;2022;11.423
COMUNITAT VALENCIANA;5.2.1.-Robos con fuerza en las cosas en el interior de vehículos;2021;9.144
COMUNITAT VALENCIANA;5.2.1.-Robos con fuerza en las cosas en el interior de vehículos;2020;8.189
COMUNITAT VALENCIANA;5.2.1.-Robos con fuerza en las cosas en el interior de vehículos;2019;10.880
COMUNITAT VALENCIANA;5.2.1.-Robos con fuerza en las cosas en el interior de vehículos;2018;9.906
COMUNITAT VALENCIANA;5.2.1.-Robos con fuerza en las cosas en el interior de vehículos;2017;11.287
COMUNITAT VALENCIANA;5.2.1.-Robos con fuerza en las cosas en el interior de vehículos;2016;11.346
COMUNITAT VALENCIANA;5.2.1.-Robos con fuerza en las cosas en el interior de vehículos;2015;10.618
COMUNITAT VALENCIANA;5.2.1.-Robos con fuerza en las cosas en el interior de vehículos;2014;12.860
COMUNITAT VALENCIANA;5.2.1.-Robos con fuerza en las cosas en el interior de vehículos;2013;15.308
COMUNITAT VALENCIANA;5.2.1.-Robos con fuerza en las cosas en el interior de vehículos;2012;18.383
COMUNITAT VALENCIANA;5.2.1.-Robos con fuerza en las cosas en el interior de vehículos;2011;21.679
COMUNITAT VALENCIANA;5.2.1.-Robos con fuerza en las cosas en el interior de vehículos;2010;15.266
COMUNITAT VALENCIANA;5.2.2.-Robos con fuerza en viviendas;2023;14.495
COMUNITAT VALENCIANA;5.2.2.-Robos con fuerza en viviendas;2022;14.601
COMUNITAT VALENCIANA;5.2.2.-Robos con fuerza en viviendas;2021;12.853
COMUNITAT VALENCIANA;5.2.2.-Robos con fuerza en viviendas;2020;11.681
COMUNITAT VALENCIANA;5.2.2.-Robos con fuerza en viviendas;2019;15.271
COMUNITAT VALENCIANA;5.2.2.-Robos con fuerza en viviendas;2018;17.440
COMUNITAT VALENCIANA;5.2.2.-Robos con fuerza en viviendas;2017;16.928
COMUNITAT VALENCIANA;5.2.2.-Robos con fuerza en viviendas;2016;19.096
COMUNITAT VALENCIANA;5.2.2.-Robos con fuerza en viviendas;2015;19.712
COMUNITAT VALENCIANA;5.2.2.-Robos con fuerza en viviendas;2014;21.449
COMUNITAT VALENCIANA;5.2.2.-Robos con fuerza en viviendas;2013;23.665
COMUNITAT VALENCIANA;5.2.2.-Robos con fuerza en viviendas;2012;25.388
COMUNITAT VALENCIANA;5.2.2.-Robos con fuerza en viviendas;2011;18.988
COMUNITAT VALENCIANA;5.2.2.-Robos con fuerza en viviendas;2010;23.268
COMUNITAT VALENCIANA;5.2.3.-Robos con fuerza en establecimientos;2023;3.788
COMUNITAT VALENCIANA;5.2.3.-Robos con fuerza en establecimientos;2022;3.216
COMUNITAT VALENCIANA;5.2.3.-Robos con fuerza en establecimientos;2021;2.858
COMUNITAT VALENCIANA;5.2.3.-Robos con fuerza en establecimientos;2020;3.276
COMUNITAT VALENCIANA;5.2.3.-Robos con fuerza en establecimientos;2019;4.276
COMUNITAT VALENCIANA;5.2.3.-Robos con fuerza en establecimientos;2018;4.222
COMUNITAT VALENCIANA;5.2.3.-Robos con fuerza en establecimientos;2017;4.472
COMUNITAT VALENCIANA;5.2.3.-Robos con fuerza en establecimientos;2016;4.919
COMUNITAT VALENCIANA;5.2.3.-Robos con fuerza en establecimientos;2015;4.850
COMUNITAT VALENCIANA;5.2.3.-Robos con fuerza en establecimientos;2014;5.424
COMUNITAT VALENCIANA;5.2.3.-Robos con fuerza en establecimientos;2013;5.681
COMUNITAT VALENCIANA;5.2.3.-Robos con fuerza en establecimientos;2012;6.056
COMUNITAT VALENCIANA;5.2.3.-Robos con fuerza en establecimientos;2011;6.155
COMUNITAT VALENCIANA;5.2.3.-Robos con fuerza en establecimientos;2010;7.526
COMUNITAT VALENCIANA;5.3.-Robos con violencia o intimidación;2023;6.170
COMUNITAT VALENCIANA;5.3.-Robos con violencia o intimidación;2022;5.663
COMUNITAT VALENCIANA;5.3.-Robos con violencia o intimidación;2021;4.578
COMUNITAT VALENCIANA;5.3.-Robos con violencia o intimidación;2020;3.772
COMUNITAT VALENCIANA;5.3.-Robos con violencia o intimidación;2019;4.950
COMUNITAT VALENCIANA;5.3.-Robos con violencia o intimidación;2018;5.065
COMUNITAT VALENCIANA;5.3.-Robos con violencia o intimidación;2017;5.393
COMUNITAT VALENCIANA;5.3.-Robos con violencia o intimidación;2016;5.917
COMUNITAT VALENCIANA;5.3.-Robos con violencia o intimidación;2015;6.152
COMUNITAT VALENCIANA;5.3.-Robos con violencia o intimidación;2014;6.988
COMUNITAT VALENCIANA;5.3.-Robos con violencia o intimidación;2013;9.141
COMUNITAT VALENCIANA;5.3.-Robos con violencia o intimidación;2012;10.643
COMUNITAT VALENCIANA;5.3.-Robos con violencia o intimidación;2011;10.166
COMUNITAT VALENCIANA;5.3.-Robos con violencia o intimidación;2010;10.385
COMUNITAT VALENCIANA;5.3.1.-Robos con violencia en vía pública;2023;3.812
COMUNITAT VALENCIANA;5.3.1.-Robos con violencia en vía pública;2022;3.532
COMUNITAT VALENCIANA;5.3.1.-Robos con violencia en vía pública;2021;2.732
COMUNITAT VALENCIANA;5.3.1.-Robos con violencia en vía pública;2020;2.189
COMUNITAT VALENCIANA;5.3.1.-Robos con violencia en vía pública;2019;3.020
COMUNITAT VALENCIANA;5.3.1.-Robos con violencia en vía pública;2018;2.976
COMUNITAT VALENCIANA;5.3.1.-Robos con violencia en vía pública;2017;3.341
COMUNITAT VALENCIANA;5.3.1.-Robos con violencia en vía pública;2016;3.725
COMUNITAT VALENCIANA;5.3.1.-Robos con violencia en vía pública;2015;3.925
COMUNITAT VALENCIANA;5.3.1.-Robos con violencia en vía pública;2014;4.542
COMUNITAT VALENCIANA;5.3.1.-Robos con violencia en vía pública;2013;5.974
COMUNITAT VALENCIANA;5.3.1.-Robos con violencia en vía pública;2012;7.154
COMUNITAT VALENCIANA;5.3.1.-Robos con violencia en vía pública;2011;5.767
COMUNITAT VALENCIANA;5.3.1.-Robos con violencia en vía pública;2010;7.295
COMUNITAT VALENCIANA;5.3.2.-Robos con violencia en viviendas;2023;491
COMUNITAT VALENCIANA;5.3.2.-Robos con violencia en viviendas;2022;449
COMUNITAT VALENCIANA;5.3.2.-Robos con violencia en viviendas;2021;442
COMUNITAT VALENCIANA;5.3.2.-Robos con violencia en viviendas;2020;397
COMUNITAT VALENCIANA;5.3.2.-Robos con violencia en viviendas;2019;452
COMUNITAT VALENCIANA;5.3.2.-Robos con violencia en viviendas;2018;442
COMUNITAT VALENCIANA;5.3.2.-Robos con violencia en viviendas;2017;456
COMUNITAT VALENCIANA;5.3.2.-Robos con violencia en viviendas;2016;462
COMUNITAT VALENCIANA;5.3.2.-Robos con violencia en viviendas;2015;535
COMUNITAT VALENCIANA;5.3.2.-Robos con violencia en viviendas;2014;569
COMUNITAT VALENCIANA;5.3.2.-Robos con violencia en viviendas;2013;770
COMUNITAT VALENCIANA;5.3.2.-Robos con violencia en viviendas;2012;848
COMUNITAT VALENCIANA;5.3.2.-Robos con violencia en viviendas;2011;670
COMUNITAT VALENCIANA;5.3.2.-Robos con violencia en viviendas;2010;646
COMUNITAT VALENCIANA;5.3.3.-Robos con violencia en establecimientos;2023;957
COMUNITAT VALENCIANA;5.3.3.-Robos con violencia en establecimientos;2022;839
COMUNITAT VALENCIANA;5.3.3.-Robos con violencia en establecimientos;2021;754
COMUNITAT VALENCIANA;5.3.3.-Robos con violencia en establecimientos;2020;628
COMUNITAT VALENCIANA;5.3.3.-Robos con violencia en establecimientos;2019;766
COMUNITAT VALENCIANA;5.3.3.-Robos con violencia en establecimientos;2018;818
COMUNITAT VALENCIANA;5.3.3.-Robos con violencia en establecimientos;2017;805
COMUNITAT VALENCIANA;5.3.3.-Robos con violencia en establecimientos;2016;851
COMUNITAT VALENCIANA;5.3.3.-Robos con violencia en establecimientos;2015;782
COMUNITAT VALENCIANA;5.3.3.-Robos con violencia en establecimientos;2014;911
COMUNITAT VALENCIANA;5.3.3.-Robos con violencia en establecimientos;2013;1.138
COMUNITAT VALENCIANA;5.3.3.-Robos con violencia en establecimientos;2012;1.163
COMUNITAT VALENCIANA;5.3.3.-Robos con violencia en establecimientos;2011;1.048
COMUNITAT VALENCIANA;5.3.3.-Robos con violencia en establecimientos;2010;1.288
COMUNITAT VALENCIANA;5.4.-Sustracción de vehículos;2023;3.258
COMUNITAT VALENCIANA;5.4.-Sustracción de vehículos;2022;3.160
COMUNITAT VALENCIANA;5.4.-Sustracción de vehículos;2021;2.491
COMUNITAT VALENCIANA;5.4.-Sustracción de vehículos;2020;2.377
COMUNITAT VALENCIANA;5.4.-Sustracción de vehículos;2019;3.190
COMUNITAT VALENCIANA;5.4.-Sustracción de vehículos;2018;3.282
COMUNITAT VALENCIANA;5.4.-Sustracción de vehículos;2017;3.918
COMUNITAT VALENCIANA;5.4.-Sustracción de vehículos;2016;4.390
COMUNITAT VALENCIANA;5.4.-Sustracción de vehículos;2015;4.358
COMUNITAT VALENCIANA;5.4.-Sustracción de vehículos;2014;4.660
COMUNITAT VALENCIANA;5.4.-Sustracción de vehículos;2013;5.119
COMUNITAT VALENCIANA;5.4.-Sustracción de vehículos;2012;5.986
COMUNITAT VALENCIANA;5.4.-Sustracción de vehículos;2011;7.072
COMUNITAT VALENCIANA;5.4.-Sustracción de vehículos;2010;8.033
COMUNITAT VALENCIANA;5.5.-Estafas;2023;51.860
COMUNITAT VALENCIANA;5.5.-Estafas;2022;43.615
COMUNITAT VALENCIANA;5.5.-Estafas;2021;36.352
COMUNITAT VALENCIANA;5.5.-Estafas;2020;32.774
COMUNITAT VALENCIANA;5.5.-Estafas;2019;29.697
COMUNITAT VALENCIANA;5.5.-Estafas;2018;27.937
COMUNITAT VALENCIANA;5.5.-Estafas;2017;20.851
COMUNITAT VALENCIANA;5.5.-Estafas;2016;17.631
COMUNITAT VALENCIANA;5.5.-Estafas;2015;15.845
COMUNITAT VALENCIANA;5.5.-Estafas;2014;13.978
COMUNITAT VALENCIANA;5.5.-Estafas;2013;12.428
COMUNITAT VALENCIANA;5.5.-Estafas;2012;12.604
COMUNITAT VALENCIANA;5.5.-Estafas;2011;11.011
COMUNITAT VALENCIANA;5.5.-Estafas;2010;9.050
COMUNITAT VALENCIANA;5.5.1.-Estafas informáticas;2023;41.313
COMUNITAT VALENCIANA;5.5.1.-Estafas informáticas;2022;29.040
COMUNITAT VALENCIANA;5.5.1.-Estafas informáticas;2021;24.428
COMUNITAT VALENCIANA;5.5.1.-Estafas informáticas;2020;21.917
COMUNITAT VALENCIANA;5.5.1.-Estafas informáticas;2019;15.758
COMUNITAT VALENCIANA;5.5.1.-Estafas informáticas;2018;11.283
COMUNITAT VALENCIANA;5.5.1.-Estafas informáticas;2017;7.989
COMUNITAT VALENCIANA;5.5.1.-Estafas informáticas;2016;6.246
COMUNITAT VALENCIANA;5.5.1.-Estafas informáticas;2015;5.004
COMUNITAT VALENCIANA;5.5.1.-Estafas informáticas;2014;3.898
COMUNITAT VALENCIANA;5.5.1.-Estafas informáticas;2013;3.133
COMUNITAT VALENCIANA;5.5.1.-Estafas informáticas;2012;3.193
COMUNITAT VALENCIANA;5.5.1.-Estafas informáticas;2011;2.451
COMUNITAT VALENCIANA;5.5.1.-Estafas informáticas;2010;2.269
COMUNITAT VALENCIANA;5.6.-Daños;2023;26.859
COMUNITAT VALENCIANA;5.6.-Daños;2022;26.456
COMUNITAT VALENCIANA;5.6.-Daños;2021;25.274
COMUNITAT VALENCIANA;5.6.-Daños;2020;22.310
COMUNITAT VALENCIANA;5.6.-Daños;2019;26.649
COMUNITAT VALENCIANA;5.6.-Daños;2018;26.842
COMUNITAT VALENCIANA;5.6.-Daños;2017;26.863
COMUNITAT VALENCIANA;5.6.-Daños;2016;27.228
COMUNITAT VALENCIANA;5.6.-Daños;2015;27.949
COMUNITAT VALENCIANA;5.6.-Daños;2014;29.589
COMUNITAT VALENCIANA;5.6.-Daños;2013;31.442
COMUNITAT VALENCIANA;5.6.-Daños;2012;35.361
COMUNITAT VALENCIANA;5.6.-Daños;2011;36.589
COMUNITAT VALENCIANA;5.6.-Daños;2010;37.604
COMUNITAT VALENCIANA;5.7.-Contra la propiedad intelectual/industrial;2023;225
COMUNITAT VALENCIANA;5.7.-Contra la propiedad intelectual/industrial;2022;195
COMUNITAT VALENCIANA;5.7.-Contra la propiedad intelectual/industrial;2021;196
COMUNITAT VALENCIANA;5.7.-Contra la propiedad intelectual/industrial;2020;146
COMUNITAT VALENCIANA;5.7.-Contra la propiedad intelectual/industrial;2019;177
COMUNITAT VALENCIANA;5.7.-Contra la propiedad intelectual/industrial;2018;285
COMUNITAT VALENCIANA;5.7.-Contra la propiedad intelectual/industrial;2017;235
COMUNITAT VALENCIANA;5.7.-Contra la propiedad intelectual/industrial;2016;245
COMUNITAT VALENCIANA;5.7.-Contra la propiedad intelectual/industrial;2015;254
COMUNITAT VALENCIANA;5.7.-Contra la propiedad intelectual/industrial;2014;243
COMUNITAT VALENCIANA;5.7.-Contra la propiedad intelectual/industrial;2013;302
COMUNITAT VALENCIANA;5.7.-Contra la propiedad intelectual/industrial;2012;316
COMUNITAT VALENCIANA;5.7.-Contra la propiedad intelectual/industrial;2011;283
COMUNITAT VALENCIANA;5.7.-Contra la propiedad intelectual/industrial;2010;494
COMUNITAT VALENCIANA;5.8.-Blanqueo de capitales;2023;78
COMUNITAT VALENCIANA;5.8.-Blanqueo de capitales;2022;55
COMUNITAT VALENCIANA;5.8.-Blanqueo de capitales;2021;77
COMUNITAT VALENCIANA;5.8.-Blanqueo de capitales;2020;63
COMUNITAT VALENCIANA;5.8.-Blanqueo de capitales;2019;55
COMUNITAT VALENCIANA;5.8.-Blanqueo de capitales;2018;55
COMUNITAT VALENCIANA;5.8.-Blanqueo de capitales;2017;46
COMUNITAT VALENCIANA;5.8.-Blanqueo de capitales;2016;44
COMUNITAT VALENCIANA;5.8.-Blanqueo de capitales;2015;24
COMUNITAT VALENCIANA;5.8.-Blanqueo de capitales;2014;30
COMUNITAT VALENCIANA;5.8.-Blanqueo de capitales;2013;50
COMUNITAT VALENCIANA;5.8.-Blanqueo de capitales;2012;21
COMUNITAT VALENCIANA;5.8.-Blanqueo de capitales;2011;7
COMUNITAT VALENCIANA;5.8.-Blanqueo de capitales;2010;11
COMUNITAT VALENCIANA;5.9.-Otros contra el patrimonio;2023;7.691
COMUNITAT VALENCIANA;5.9.-Otros contra el patrimonio;2022;7.654
COMUNITAT VALENCIANA;5.9.-Otros contra el patrimonio;2021;6.351
COMUNITAT VALENCIANA;5.9.-Otros contra el patrimonio;2020;5.730
COMUNITAT VALENCIANA;5.9.-Otros contra el patrimonio;2019;6.183
COMUNITAT VALENCIANA;5.9.-Otros contra el patrimonio;2018;5.577
COMUNITAT VALENCIANA;5.9.-Otros contra el patrimonio;2017;4.690
COMUNITAT VALENCIANA;5.9.-Otros contra el patrimonio;2016;4.290
COMUNITAT VALENCIANA;5.9.-Otros contra el patrimonio;2015;4.799
COMUNITAT VALENCIANA;5.9.-Otros contra el patrimonio;2014;4.632
COMUNITAT VALENCIANA;5.9.-Otros contra el patrimonio;2013;4.143
COMUNITAT VALENCIANA;5.9.-Otros contra el patrimonio;2012;3.956
COMUNITAT VALENCIANA;5.9.-Otros contra el patrimonio;2011;3.203
COMUNITAT VALENCIANA;5.9.-Otros contra el patrimonio;2010;2.658
COMUNITAT VALENCIANA;6. SEGURIDAD COLECTIVA;2023;9.533
COMUNITAT VALENCIANA;6. SEGURIDAD COLECTIVA;2022;9.192
COMUNITAT VALENCIANA;6. SEGURIDAD COLECTIVA;2021;8.083
COMUNITAT VALENCIANA;6. SEGURIDAD COLECTIVA;2020;6.714
COMUNITAT VALENCIANA;6. SEGURIDAD COLECTIVA;2019;7.739
COMUNITAT VALENCIANA;6. SEGURIDAD COLECTIVA;2018;7.805
COMUNITAT VALENCIANA;6. SEGURIDAD COLECTIVA;2017;7.273
COMUNITAT VALENCIANA;6. SEGURIDAD COLECTIVA;2016;7.465
COMUNITAT VALENCIANA;6. SEGURIDAD COLECTIVA;2015;7.501
COMUNITAT VALENCIANA;6. SEGURIDAD COLECTIVA;2014;8.470
COMUNITAT VALENCIANA;6. SEGURIDAD COLECTIVA;2013;8.696
COMUNITAT VALENCIANA;6. SEGURIDAD COLECTIVA;2012;8.518
COMUNITAT VALENCIANA;6. SEGURIDAD COLECTIVA;2011;8.729
COMUNITAT VALENCIANA;6. SEGURIDAD COLECTIVA;2010;7.933
COMUNITAT VALENCIANA;6.1.-Tráfico de drogas;2023;2.566
COMUNITAT VALENCIANA;6.1.-Tráfico de drogas;2022;2.034
COMUNITAT VALENCIANA;6.1.-Tráfico de drogas;2021;1.983
COMUNITAT VALENCIANA;6.1.-Tráfico de drogas;2020;1.863
COMUNITAT VALENCIANA;6.1.-Tráfico de drogas;2019;1.979
COMUNITAT VALENCIANA;6.1.-Tráfico de drogas;2018;1.759
COMUNITAT VALENCIANA;6.1.-Tráfico de drogas;2017;1.592
COMUNITAT VALENCIANA;6.1.-Tráfico de drogas;2016;1.654
COMUNITAT VALENCIANA;6.1.-Tráfico de drogas;2015;1.506
COMUNITAT VALENCIANA;6.1.-Tráfico de drogas;2014;1.651
COMUNITAT VALENCIANA;6.1.-Tráfico de drogas;2013;1.872
COMUNITAT VALENCIANA;6.1.-Tráfico de drogas;2012;1.494
COMUNITAT VALENCIANA;6.1.-Tráfico de drogas;2011;1.399
COMUNITAT VALENCIANA;6.1.-Tráfico de drogas;2010;1.409
COMUNITAT VALENCIANA;6.2.-Contra la seguridad vial;2023;6.627
COMUNITAT VALENCIANA;6.2.-Contra la seguridad vial;2022;6.880
COMUNITAT VALENCIANA;6.2.-Contra la seguridad vial;2021;5.841
COMUNITAT VALENCIANA;6.2.-Contra la seguridad vial;2020;4.618
COMUNITAT VALENCIANA;6.2.-Contra la seguridad vial;2019;5.525
COMUNITAT VALENCIANA;6.2.-Contra la seguridad vial;2018;5.741
COMUNITAT VALENCIANA;6.2.-Contra la seguridad vial;2017;5.415
COMUNITAT VALENCIANA;6.2.-Contra la seguridad vial;2016;5.525
COMUNITAT VALENCIANA;6.2.-Contra la seguridad vial;2015;5.658
COMUNITAT VALENCIANA;6.2.-Contra la seguridad vial;2014;6.469
COMUNITAT VALENCIANA;6.2.-Contra la seguridad vial;2013;6.460
COMUNITAT VALENCIANA;6.2.-Contra la seguridad vial;2012;6.460
COMUNITAT VALENCIANA;6.2.-Contra la seguridad vial;2011;6.734
COMUNITAT VALENCIANA;6.2.-Contra la seguridad vial;2010;6.011
COMUNITAT VALENCIANA;6.3.-Otros contra la seguridad colectiva;2023;340
COMUNITAT VALENCIANA;6.3.-Otros contra la seguridad colectiva;2022;278
COMUNITAT VALENCIANA;6.3.-Otros contra la seguridad colectiva;2021;259
COMUNITAT VALENCIANA;6.3.-Otros contra la seguridad colectiva;2020;233
COMUNITAT VALENCIANA;6.3.-Otros contra la seguridad colectiva;2019;235
COMUNITAT VALENCIANA;6.3.-Otros contra la seguridad colectiva;2018;305
COMUNITAT VALENCIANA;6.3.-Otros contra la seguridad colectiva;2017;266
COMUNITAT VALENCIANA;6.3.-Otros contra la seguridad colectiva;2016;286
COMUNITAT VALENCIANA;6.3.-Otros contra la seguridad colectiva;2015;337
COMUNITAT VALENCIANA;6.3.-Otros contra la seguridad colectiva;2014;350
COMUNITAT VALENCIANA;6.3.-Otros contra la seguridad colectiva;2013;364
COMUNITAT VALENCIANA;6.3.-Otros contra la seguridad colectiva;2012;564
COMUNITAT VALENCIANA;6.3.-Otros contra la seguridad colectiva;2011;596
COMUNITAT VALENCIANA;6.3.-Otros contra la seguridad colectiva;2010;513
COMUNITAT VALENCIANA;7. FALSEDADES;2023;5.655
COMUNITAT VALENCIANA;7. FALSEDADES;2022;4.883
COMUNITAT VALENCIANA;7. FALSEDADES;2021;4.535
COMUNITAT VALENCIANA;7. FALSEDADES;2020;3.109
COMUNITAT VALENCIANA;7. FALSEDADES;2019;3.250
COMUNITAT VALENCIANA;7. FALSEDADES;2018;3.206
COMUNITAT VALENCIANA;7. FALSEDADES;2017;2.794
COMUNITAT VALENCIANA;7. FALSEDADES;2016;2.687
COMUNITAT VALENCIANA;7. FALSEDADES;2015;2.379
COMUNITAT VALENCIANA;7. FALSEDADES;2014;2.403
COMUNITAT VALENCIANA;7. FALSEDADES;2013;2.102
COMUNITAT VALENCIANA;7. FALSEDADES;2012;2.234
COMUNITAT VALENCIANA;7. FALSEDADES;2011;2.569
COMUNITAT VALENCIANA;7. FALSEDADES;2010;2.259
COMUNITAT VALENCIANA;8. ADMÓN. PÚBLICA;2023;71
COMUNITAT VALENCIANA;8. ADMÓN. PÚBLICA;2022;52
COMUNITAT VALENCIANA;8. ADMÓN. PÚBLICA;2021;89
COMUNITAT VALENCIANA;8. ADMÓN. PÚBLICA;2020;48
COMUNITAT VALENCIANA;8. ADMÓN. PÚBLICA;2019;48
COMUNITAT VALENCIANA;8. ADMÓN. PÚBLICA;2018;79
COMUNITAT VALENCIANA;8. ADMÓN. PÚBLICA;2017;72
COMUNITAT VALENCIANA;8. ADMÓN. PÚBLICA;2016;48
COMUNITAT VALENCIANA;8. ADMÓN. PÚBLICA;2015;97
COMUNITAT VALENCIANA;8. ADMÓN. PÚBLICA;2014;37
COMUNITAT VALENCIANA;8. ADMÓN. PÚBLICA;2013;31
COMUNITAT VALENCIANA;8. ADMÓN. PÚBLICA;2012;55
COMUNITAT VALENCIANA;8. ADMÓN. PÚBLICA;2011;42
COMUNITAT VALENCIANA;8. ADMÓN. PÚBLICA;2010;60
COMUNITAT VALENCIANA;9. ADMÓN. JUSTICIA;2023;5.936
COMUNITAT VALENCIANA;9. ADMÓN. JUSTICIA;2022;5.525
COMUNITAT VALENCIANA;9. ADMÓN. JUSTICIA;2021;4.897
COMUNITAT VALENCIANA;9. ADMÓN. JUSTICIA;2020;4.721
COMUNITAT VALENCIANA;9. ADMÓN. JUSTICIA;2019;4.643
COMUNITAT VALENCIANA;9. ADMÓN. JUSTICIA;2018;4.361
COMUNITAT VALENCIANA;9. ADMÓN. JUSTICIA;2017;4.214
COMUNITAT VALENCIANA;9. ADMÓN. JUSTICIA;2016;4.019
COMUNITAT VALENCIANA;9. ADMÓN. JUSTICIA;2015;4.137
COMUNITAT VALENCIANA;9. ADMÓN. JUSTICIA;2014;4.086
COMUNITAT VALENCIANA;9. ADMÓN. JUSTICIA;2013;4.054
COMUNITAT VALENCIANA;9. ADMÓN. JUSTICIA;2012;4.215
COMUNITAT VALENCIANA;9. ADMÓN. JUSTICIA;2011;4.337
COMUNITAT VALENCIANA;9. ADMÓN. JUSTICIA;2010;4.249
COMUNITAT VALENCIANA;10. ORDEN PÚBLICO;2023;4.020
COMUNITAT VALENCIANA;10. ORDEN PÚBLICO;2022;3.717
COMUNITAT VALENCIANA;10. ORDEN PÚBLICO;2021;3.522
COMUNITAT VALENCIANA;10. ORDEN PÚBLICO;2020;4.137
COMUNITAT VALENCIANA;10. ORDEN PÚBLICO;2019;2.671
COMUNITAT VALENCIANA;10. ORDEN PÚBLICO;2018;2.577
COMUNITAT VALENCIANA;10. ORDEN PÚBLICO;2017;2.532
COMUNITAT VALENCIANA;10. ORDEN PÚBLICO;2016;2.450
COMUNITAT VALENCIANA;10. ORDEN PÚBLICO;2015;3.100
COMUNITAT VALENCIANA;10. ORDEN PÚBLICO;2014;4.201
COMUNITAT VALENCIANA;10. ORDEN PÚBLICO;2013;4.333
COMUNITAT VALENCIANA;10. ORDEN PÚBLICO;2012;4.478
COMUNITAT VALENCIANA;10. ORDEN PÚBLICO;2011;4.733
COMUNITAT VALENCIANA;10. ORDEN PÚBLICO;2010;4.383
COMUNITAT VALENCIANA;11. LEGISLACIÓN ESPECIAL;2023;46
COMUNITAT VALENCIANA;11. LEGISLACIÓN ESPECIAL;2022;26
COMUNITAT VALENCIANA;11. LEGISLACIÓN ESPECIAL;2021;29
COMUNITAT VALENCIANA;11. LEGISLACIÓN ESPECIAL;2020;28
COMUNITAT VALENCIANA;11. LEGISLACIÓN ESPECIAL;2019;11
COMUNITAT VALENCIANA;11. LEGISLACIÓN ESPECIAL;2018;13
COMUNITAT VALENCIANA;11. LEGISLACIÓN ESPECIAL;2017;6
COMUNITAT VALENCIANA;11. LEGISLACIÓN ESPECIAL;2016;6
COMUNITAT VALENCIANA;11. LEGISLACIÓN ESPECIAL;2015;17
COMUNITAT VALENCIANA;11. LEGISLACIÓN ESPECIAL;2014;6
COMUNITAT VALENCIANA;11. LEGISLACIÓN ESPECIAL;2013;8
COMUNITAT VALENCIANA;11. LEGISLACIÓN ESPECIAL;2012;5
COMUNITAT VALENCIANA;11. LEGISLACIÓN ESPECIAL;2011;12
COMUNITAT VALENCIANA;11. LEGISLACIÓN ESPECIAL;2010;19
COMUNITAT VALENCIANA;12. OTRAS INFRACCIONES PENALES;2023;1.141
COMUNITAT VALENCIANA;12. OTRAS INFRACCIONES PENALES;2022;1.102
COMUNITAT VALENCIANA;12. OTRAS INFRACCIONES PENALES;2021;1.056
COMUNITAT VALENCIANA;12. OTRAS INFRACCIONES PENALES;2020;1.151
COMUNITAT VALENCIANA;12. OTRAS INFRACCIONES PENALES;2019;1.111
COMUNITAT VALENCIANA;12. OTRAS INFRACCIONES PENALES;2018;1.065
COMUNITAT VALENCIANA;12. OTRAS INFRACCIONES PENALES;2017;1.171
COMUNITAT VALENCIANA;12. OTRAS INFRACCIONES PENALES;2016;1.343
COMUNITAT VALENCIANA;12. OTRAS INFRACCIONES PENALES;2015;1.107
COMUNITAT VALENCIANA;12. OTRAS INFRACCIONES PENALES;2014;779
COMUNITAT VALENCIANA;12. OTRAS INFRACCIONES PENALES;2013;864
COMUNITAT VALENCIANA;12. OTRAS INFRACCIONES PENALES;2012;555
COMUNITAT VALENCIANA;12. OTRAS INFRACCIONES PENALES;2011;690
COMUNITAT VALENCIANA;12. OTRAS INFRACCIONES PENALES;2010;733
COMUNITAT VALENCIANA;TOTAL INFRACCIONES PENALES;2023;287.379
COMUNITAT VALENCIANA;TOTAL INFRACCIONES PENALES;2022;262.971
COMUNITAT VALENCIANA;TOTAL INFRACCIONES PENALES;2021;225.337
COMUNITAT VALENCIANA;TOTAL INFRACCIONES PENALES;2020;193.222
COMUNITAT VALENCIANA;TOTAL INFRACCIONES PENALES;2019;232.549
COMUNITAT VALENCIANA;TOTAL INFRACCIONES PENALES;2018;231.627
COMUNITAT VALENCIANA;TOTAL INFRACCIONES PENALES;2017;227.102
COMUNITAT VALENCIANA;TOTAL INFRACCIONES PENALES;2016;230.209
COMUNITAT VALENCIANA;TOTAL INFRACCIONES PENALES;2015;234.725
COMUNITAT VALENCIANA;TOTAL INFRACCIONES PENALES;2014;247.371
COMUNITAT VALENCIANA;TOTAL INFRACCIONES PENALES;2013;260.288
COMUNITAT VALENCIANA;TOTAL INFRACCIONES PENALES;2012;277.917
COMUNITAT VALENCIANA;TOTAL INFRACCIONES PENALES;2011;284.696
COMUNITAT VALENCIANA;TOTAL INFRACCIONES PENALES;2010;287.158
EXTREMADURA;1. CONTRA LAS PERSONAS;2023;3.787
EXTREMADURA;1. CONTRA LAS PERSONAS;2022;3.304
EXTREMADURA;1. CONTRA LAS PERSONAS;2021;3.086
EXTREMADURA;1. CONTRA LAS PERSONAS;2020;2.740
EXTREMADURA;1. CONTRA LAS PERSONAS;2019;3.185
EXTREMADURA;1. CONTRA LAS PERSONAS;2018;3.097
EXTREMADURA;1. CONTRA LAS PERSONAS;2017;3.184
EXTREMADURA;1. CONTRA LAS PERSONAS;2016;3.130
EXTREMADURA;1. CONTRA LAS PERSONAS;2015;4.245
EXTREMADURA;1. CONTRA LAS PERSONAS;2014;5.421
EXTREMADURA;1. CONTRA LAS PERSONAS;2013;5.210
EXTREMADURA;1. CONTRA LAS PERSONAS;2012;5.312
EXTREMADURA;1. CONTRA LAS PERSONAS;2011;5.655
EXTREMADURA;1. CONTRA LAS PERSONAS;2010;6.059
EXTREMADURA;1.1.-Homicidios dolosos/asesinatos;2023;21
EXTREMADURA;1.1.-Homicidios dolosos/asesinatos;2022;10
EXTREMADURA;1.1.-Homicidios dolosos/asesinatos;2021;25
EXTREMADURA;1.1.-Homicidios dolosos/asesinatos;2020;21
EXTREMADURA;1.1.-Homicidios dolosos/asesinatos;2019;13
EXTREMADURA;1.1.-Homicidios dolosos/asesinatos;2018;17
EXTREMADURA;1.1.-Homicidios dolosos/asesinatos;2017;24
EXTREMADURA;1.1.-Homicidios dolosos/asesinatos;2016;17
EXTREMADURA;1.1.-Homicidios dolosos/asesinatos;2015;9
EXTREMADURA;1.1.-Homicidios dolosos/asesinatos;2014;13
EXTREMADURA;1.1.-Homicidios dolosos/asesinatos;2013;17
EXTREMADURA;1.1.-Homicidios dolosos/asesinatos;2012;21
EXTREMADURA;1.1.-Homicidios dolosos/asesinatos;2011;26
EXTREMADURA;1.1.-Homicidios dolosos/asesinatos;2010;15
EXTREMADURA;1.1.1.-Homicidios dolosos/asesinatos consumados;2023;4
EXTREMADURA;1.1.1.-Homicidios dolosos/asesinatos consumados;2022;3
EXTREMADURA;1.1.1.-Homicidios dolosos/asesinatos consumados;2021;4
EXTREMADURA;1.1.1.-Homicidios dolosos/asesinatos consumados;2020;9
EXTREMADURA;1.1.1.-Homicidios dolosos/asesinatos consumados;2019;5
EXTREMADURA;1.1.1.-Homicidios dolosos/asesinatos consumados;2018;4
EXTREMADURA;1.1.1.-Homicidios dolosos/asesinatos consumados;2017;8
EXTREMADURA;1.1.1.-Homicidios dolosos/asesinatos consumados;2016;7
EXTREMADURA;1.1.1.-Homicidios dolosos/asesinatos consumados;2015;1
EXTREMADURA;1.1.1.-Homicidios dolosos/asesinatos consumados;2014;4
EXTREMADURA;1.1.1.-Homicidios dolosos/asesinatos consumados;2013;7
EXTREMADURA;1.1.1.-Homicidios dolosos/asesinatos consumados;2012;13
EXTREMADURA;1.1.1.-Homicidios dolosos/asesinatos consumados;2011;10
EXTREMADURA;1.1.1.-Homicidios dolosos/asesinatos consumados;2010;3
EXTREMADURA;1.2.-Lesiones;2023;2.357
EXTREMADURA;1.2.-Lesiones;2022;1.972
EXTREMADURA;1.2.-Lesiones;2021;1.849
EXTREMADURA;1.2.-Lesiones;2020;1.579
EXTREMADURA;1.2.-Lesiones;2019;1.932
EXTREMADURA;1.2.-Lesiones;2018;1.955
EXTREMADURA;1.2.-Lesiones;2017;2.087
EXTREMADURA;1.2.-Lesiones;2016;2.059
EXTREMADURA;1.2.-Lesiones;2015;1.902
EXTREMADURA;1.2.-Lesiones;2014;1.936
EXTREMADURA;1.2.-Lesiones;2013;1.926
EXTREMADURA;1.2.-Lesiones;2012;2.057
EXTREMADURA;1.2.-Lesiones;2011;2.150
EXTREMADURA;1.2.-Lesiones;2010;2.380
EXTREMADURA;1.3.-Malos tratos ámbito familiar;2023;1.347
EXTREMADURA;1.3.-Malos tratos ámbito familiar;2022;1.267
EXTREMADURA;1.3.-Malos tratos ámbito familiar;2021;1.146
EXTREMADURA;1.3.-Malos tratos ámbito familiar;2020;1.084
EXTREMADURA;1.3.-Malos tratos ámbito familiar;2019;1.173
EXTREMADURA;1.3.-Malos tratos ámbito familiar;2018;1.050
EXTREMADURA;1.3.-Malos tratos ámbito familiar;2017;1.034
EXTREMADURA;1.3.-Malos tratos ámbito familiar;2016;1.019
EXTREMADURA;1.3.-Malos tratos ámbito familiar;2015;1.013
EXTREMADURA;1.3.-Malos tratos ámbito familiar;2014;986
EXTREMADURA;1.3.-Malos tratos ámbito familiar;2013;980
EXTREMADURA;1.3.-Malos tratos ámbito familiar;2012;961
EXTREMADURA;1.3.-Malos tratos ámbito familiar;2011;948
EXTREMADURA;1.3.-Malos tratos ámbito familiar;2010;924
EXTREMADURA;1.4.-Otros contra las personas;2023;62
EXTREMADURA;1.4.-Otros contra las personas;2022;55
EXTREMADURA;1.4.-Otros contra las personas;2021;66
EXTREMADURA;1.4.-Otros contra las personas;2020;56
EXTREMADURA;1.4.-Otros contra las personas;2019;67
EXTREMADURA;1.4.-Otros contra las personas;2018;75
EXTREMADURA;1.4.-Otros contra las personas;2017;39
EXTREMADURA;1.4.-Otros contra las personas;2016;35
EXTREMADURA;1.4.-Otros contra las personas;2015;1.321
EXTREMADURA;1.4.-Otros contra las personas;2014;2.486
EXTREMADURA;1.4.-Otros contra las personas;2013;2.287
EXTREMADURA;1.4.-Otros contra las personas;2012;2.273
EXTREMADURA;1.4.-Otros contra las personas;2011;2.531
EXTREMADURA;1.4.-Otros contra las personas;2010;2.740
EXTREMADURA;2. CONTRA LA LIBERTAD;2023;3.069
EXTREMADURA;2. CONTRA LA LIBERTAD;2022;2.637
EXTREMADURA;2. CONTRA LA LIBERTAD;2021;2.602
EXTREMADURA;2. CONTRA LA LIBERTAD;2020;2.382
EXTREMADURA;2. CONTRA LA LIBERTAD;2019;2.423
EXTREMADURA;2. CONTRA LA LIBERTAD;2018;2.198
EXTREMADURA;2. CONTRA LA LIBERTAD;2017;2.233
EXTREMADURA;2. CONTRA LA LIBERTAD;2016;2.092
EXTREMADURA;2. CONTRA LA LIBERTAD;2015;1.312
EXTREMADURA;2. CONTRA LA LIBERTAD;2014;706
EXTREMADURA;2. CONTRA LA LIBERTAD;2013;663
EXTREMADURA;2. CONTRA LA LIBERTAD;2012;629
EXTREMADURA;2. CONTRA LA LIBERTAD;2011;683
EXTREMADURA;2. CONTRA LA LIBERTAD;2010;570
EXTREMADURA;2.1.-Malos tratos habituales en el ámbito familiar;2023;311
EXTREMADURA;2.1.-Malos tratos habituales en el ámbito familiar;2022;272
EXTREMADURA;2.1.-Malos tratos habituales en el ámbito familiar;2021;311
EXTREMADURA;2.1.-Malos tratos habituales en el ámbito familiar;2020;261
EXTREMADURA;2.1.-Malos tratos habituales en el ámbito familiar;2019;265
EXTREMADURA;2.1.-Malos tratos habituales en el ámbito familiar;2018;208
EXTREMADURA;2.1.-Malos tratos habituales en el ámbito familiar;2017;208
EXTREMADURA;2.1.-Malos tratos habituales en el ámbito familiar;2016;246
EXTREMADURA;2.1.-Malos tratos habituales en el ámbito familiar;2015;277
EXTREMADURA;2.1.-Malos tratos habituales en el ámbito familiar;2014;305
EXTREMADURA;2.1.-Malos tratos habituales en el ámbito familiar;2013;320
EXTREMADURA;2.1.-Malos tratos habituales en el ámbito familiar;2012;262
EXTREMADURA;2.1.-Malos tratos habituales en el ámbito familiar;2011;267
EXTREMADURA;2.1.-Malos tratos habituales en el ámbito familiar;2010;206
EXTREMADURA;2.2.-Otros contra la libertad;2023;2.758
EXTREMADURA;2.2.-Otros contra la libertad;2022;2.365
EXTREMADURA;2.2.-Otros contra la libertad;2021;2.291
EXTREMADURA;2.2.-Otros contra la libertad;2020;2.121
EXTREMADURA;2.2.-Otros contra la libertad;2019;2.158
EXTREMADURA;2.2.-Otros contra la libertad;2018;1.990
EXTREMADURA;2.2.-Otros contra la libertad;2017;2.025
EXTREMADURA;2.2.-Otros contra la libertad;2016;1.846
EXTREMADURA;2.2.-Otros contra la libertad;2015;1.035
EXTREMADURA;2.2.-Otros contra la libertad;2014;401
EXTREMADURA;2.2.-Otros contra la libertad;2013;343
EXTREMADURA;2.2.-Otros contra la libertad;2012;367
EXTREMADURA;2.2.-Otros contra la libertad;2011;416
EXTREMADURA;2.2.-Otros contra la libertad;2010;364
EXTREMADURA;3. LIBERTAD SEXUAL;2023;310
EXTREMADURA;3. LIBERTAD SEXUAL;2022;295
EXTREMADURA;3. LIBERTAD SEXUAL;2021;223
EXTREMADURA;3. LIBERTAD SEXUAL;2020;184
EXTREMADURA;3. LIBERTAD SEXUAL;2019;214
EXTREMADURA;3. LIBERTAD SEXUAL;2018;209
EXTREMADURA;3. LIBERTAD SEXUAL;2017;153
EXTREMADURA;3. LIBERTAD SEXUAL;2016;157
EXTREMADURA;3. LIBERTAD SEXUAL;2015;164
EXTREMADURA;3. LIBERTAD SEXUAL;2014;143
EXTREMADURA;3. LIBERTAD SEXUAL;2013;147
EXTREMADURA;3. LIBERTAD SEXUAL;2012;134
EXTREMADURA;3. LIBERTAD SEXUAL;2011;178
EXTREMADURA;3. LIBERTAD SEXUAL;2010;159
EXTREMADURA;3.1.-Agresión sexual;2023;188
EXTREMADURA;3.1.-Agresión sexual;2022;198
EXTREMADURA;3.1.-Agresión sexual;2021;136
EXTREMADURA;3.1.-Agresión sexual;2020;112
EXTREMADURA;3.1.-Agresión sexual;2019;135
EXTREMADURA;3.1.-Agresión sexual;2018;131
EXTREMADURA;3.1.-Agresión sexual;2017;90
EXTREMADURA;3.1.-Agresión sexual;2016;96
EXTREMADURA;3.1.-Agresión sexual;2015;91
EXTREMADURA;3.1.-Agresión sexual;2014;72
EXTREMADURA;3.1.-Agresión sexual;2013;88
EXTREMADURA;3.1.-Agresión sexual;2012;89
EXTREMADURA;3.1.-Agresión sexual;2011;105
EXTREMADURA;3.1.-Agresión sexual;2010;85
EXTREMADURA;3.2.-Agresión sexual con penetración;2023;44
EXTREMADURA;3.2.-Agresión sexual con penetración;2022;51
EXTREMADURA;3.2.-Agresión sexual con penetración;2021;36
EXTREMADURA;3.2.-Agresión sexual con penetración;2020;24
EXTREMADURA;3.2.-Agresión sexual con penetración;2019;25
EXTREMADURA;3.2.-Agresión sexual con penetración;2018;33
EXTREMADURA;3.2.-Agresión sexual con penetración;2017;16
EXTREMADURA;3.2.-Agresión sexual con penetración;2016;20
EXTREMADURA;3.2.-Agresión sexual con penetración;2015;20
EXTREMADURA;3.2.-Agresión sexual con penetración;2014;13
EXTREMADURA;3.2.-Agresión sexual con penetración;2013;27
EXTREMADURA;3.2.-Agresión sexual con penetración;2012;20
EXTREMADURA;3.2.-Agresión sexual con penetración;2011;24
EXTREMADURA;3.2.-Agresión sexual con penetración;2010;27
EXTREMADURA;3.3.-Corrupción de menores o incapacitados;2023;12
EXTREMADURA;3.3.-Corrupción de menores o incapacitados;2022;8
EXTREMADURA;3.3.-Corrupción de menores o incapacitados;2021;10
EXTREMADURA;3.3.-Corrupción de menores o incapacitados;2020;8
EXTREMADURA;3.3.-Corrupción de menores o incapacitados;2019;12
EXTREMADURA;3.3.-Corrupción de menores o incapacitados;2018;5
EXTREMADURA;3.3.-Corrupción de menores o incapacitados;2017;5
EXTREMADURA;3.3.-Corrupción de menores o incapacitados;2016;11
EXTREMADURA;3.3.-Corrupción de menores o incapacitados;2015;10
EXTREMADURA;3.3.-Corrupción de menores o incapacitados;2014;12
EXTREMADURA;3.3.-Corrupción de menores o incapacitados;2013;6
EXTREMADURA;3.3.-Corrupción de menores o incapacitados;2012;3
EXTREMADURA;3.3.-Corrupción de menores o incapacitados;2011;5
EXTREMADURA;3.3.-Corrupción de menores o incapacitados;2010;8
EXTREMADURA;3.4.-Pornografía de menores;2023;11
EXTREMADURA;3.4.-Pornografía de menores;2022;10
EXTREMADURA;3.4.-Pornografía de menores;2021;12
EXTREMADURA;3.4.-Pornografía de menores;2020;5
EXTREMADURA;3.4.-Pornografía de menores;2019;9
EXTREMADURA;3.4.-Pornografía de menores;2018;11
EXTREMADURA;3.4.-Pornografía de menores;2017;12
EXTREMADURA;3.4.-Pornografía de menores;2016;7
EXTREMADURA;3.4.-Pornografía de menores;2015;15
EXTREMADURA;3.4.-Pornografía de menores;2014;9
EXTREMADURA;3.4.-Pornografía de menores;2013;8
EXTREMADURA;3.4.-Pornografía de menores;2012;5
EXTREMADURA;3.4.-Pornografía de menores;2011;16
EXTREMADURA;3.4.-Pornografía de menores;2010;18
EXTREMADURA;3.5.-Otros contra la libertad sexual;2023;55
EXTREMADURA;3.5.-Otros contra la libertad sexual;2022;28
EXTREMADURA;3.5.-Otros contra la libertad sexual;2021;29
EXTREMADURA;3.5.-Otros contra la libertad sexual;2020;35
EXTREMADURA;3.5.-Otros contra la libertad sexual;2019;33
EXTREMADURA;3.5.-Otros contra la libertad sexual;2018;29
EXTREMADURA;3.5.-Otros contra la libertad sexual;2017;30
EXTREMADURA;3.5.-Otros contra la libertad sexual;2016;23
EXTREMADURA;3.5.-Otros contra la libertad sexual;2015;28
EXTREMADURA;3.5.-Otros contra la libertad sexual;2014;37
EXTREMADURA;3.5.-Otros contra la libertad sexual;2013;18
EXTREMADURA;3.5.-Otros contra la libertad sexual;2012;17
EXTREMADURA;3.5.-Otros contra la libertad sexual;2011;28
EXTREMADURA;3.5.-Otros contra la libertad sexual;2010;21
EXTREMADURA;4. RELACIONES FAMILIARES;2023;231
EXTREMADURA;4. RELACIONES FAMILIARES;2022;238
EXTREMADURA;4. RELACIONES FAMILIARES;2021;214
EXTREMADURA;4. RELACIONES FAMILIARES;2020;204
EXTREMADURA;4. RELACIONES FAMILIARES;2019;224
EXTREMADURA;4. RELACIONES FAMILIARES;2018;209
EXTREMADURA;4. RELACIONES FAMILIARES;2017;216
EXTREMADURA;4. RELACIONES FAMILIARES;2016;207
EXTREMADURA;4. RELACIONES FAMILIARES;2015;231
EXTREMADURA;4. RELACIONES FAMILIARES;2014;252
EXTREMADURA;4. RELACIONES FAMILIARES;2013;251
EXTREMADURA;4. RELACIONES FAMILIARES;2012;248
EXTREMADURA;4. RELACIONES FAMILIARES;2011;159
EXTREMADURA;4. RELACIONES FAMILIARES;2010;182
EXTREMADURA;5. PATRIMONIO;2023;23.968
EXTREMADURA;5. PATRIMONIO;2022;22.187
EXTREMADURA;5. PATRIMONIO;2021;17.870
EXTREMADURA;5. PATRIMONIO;2020;16.499
EXTREMADURA;5. PATRIMONIO;2019;18.583
EXTREMADURA;5. PATRIMONIO;2018;18.333
EXTREMADURA;5. PATRIMONIO;2017;18.059
EXTREMADURA;5. PATRIMONIO;2016;18.274
EXTREMADURA;5. PATRIMONIO;2015;18.942
EXTREMADURA;5. PATRIMONIO;2014;19.164
EXTREMADURA;5. PATRIMONIO;2013;20.336
EXTREMADURA;5. PATRIMONIO;2012;20.166
EXTREMADURA;5. PATRIMONIO;2011;19.568
EXTREMADURA;5. PATRIMONIO;2010;20.060
EXTREMADURA;5.1.-Hurtos;2023;6.793
EXTREMADURA;5.1.-Hurtos;2022;6.388
EXTREMADURA;5.1.-Hurtos;2021;4.820
EXTREMADURA;5.1.-Hurtos;2020;4.228
EXTREMADURA;5.1.-Hurtos;2019;6.566
EXTREMADURA;5.1.-Hurtos;2018;6.616
EXTREMADURA;5.1.-Hurtos;2017;7.245
EXTREMADURA;5.1.-Hurtos;2016;7.456
EXTREMADURA;5.1.-Hurtos;2015;8.083
EXTREMADURA;5.1.-Hurtos;2014;8.619
EXTREMADURA;5.1.-Hurtos;2013;9.523
EXTREMADURA;5.1.-Hurtos;2012;9.014
EXTREMADURA;5.1.-Hurtos;2011;8.411
EXTREMADURA;5.1.-Hurtos;2010;8.710
EXTREMADURA;5.2.-Robos con fuerza en las cosas;2023;3.740
EXTREMADURA;5.2.-Robos con fuerza en las cosas;2022;3.490
EXTREMADURA;5.2.-Robos con fuerza en las cosas;2021;2.773
EXTREMADURA;5.2.-Robos con fuerza en las cosas;2020;2.876
EXTREMADURA;5.2.-Robos con fuerza en las cosas;2019;3.379
EXTREMADURA;5.2.-Robos con fuerza en las cosas;2018;3.747
EXTREMADURA;5.2.-Robos con fuerza en las cosas;2017;3.994
EXTREMADURA;5.2.-Robos con fuerza en las cosas;2016;4.414
EXTREMADURA;5.2.-Robos con fuerza en las cosas;2015;4.585
EXTREMADURA;5.2.-Robos con fuerza en las cosas;2014;4.687
EXTREMADURA;5.2.-Robos con fuerza en las cosas;2013;5.079
EXTREMADURA;5.2.-Robos con fuerza en las cosas;2012;5.207
EXTREMADURA;5.2.-Robos con fuerza en las cosas;2011;5.313
EXTREMADURA;5.2.-Robos con fuerza en las cosas;2010;5.273
EXTREMADURA;5.2.1.-Robos con fuerza en las cosas en el interior de vehículos;2023;792
EXTREMADURA;5.2.1.-Robos con fuerza en las cosas en el interior de vehículos;2022;565
EXTREMADURA;5.2.1.-Robos con fuerza en las cosas en el interior de vehículos;2021;511
EXTREMADURA;5.2.1.-Robos con fuerza en las cosas en el interior de vehículos;2020;481
EXTREMADURA;5.2.1.-Robos con fuerza en las cosas en el interior de vehículos;2019;706
EXTREMADURA;5.2.1.-Robos con fuerza en las cosas en el interior de vehículos;2018;685
EXTREMADURA;5.2.1.-Robos con fuerza en las cosas en el interior de vehículos;2017;745
EXTREMADURA;5.2.1.-Robos con fuerza en las cosas en el interior de vehículos;2016;880
EXTREMADURA;5.2.1.-Robos con fuerza en las cosas en el interior de vehículos;2015;878
EXTREMADURA;5.2.1.-Robos con fuerza en las cosas en el interior de vehículos;2014;877
EXTREMADURA;5.2.1.-Robos con fuerza en las cosas en el interior de vehículos;2013;971
EXTREMADURA;5.2.1.-Robos con fuerza en las cosas en el interior de vehículos;2012;1.129
EXTREMADURA;5.2.1.-Robos con fuerza en las cosas en el interior de vehículos;2011;1.260
EXTREMADURA;5.2.1.-Robos con fuerza en las cosas en el interior de vehículos;2010;1.224
EXTREMADURA;5.2.2.-Robos con fuerza en viviendas;2023;1.266
EXTREMADURA;5.2.2.-Robos con fuerza en viviendas;2022;1.198
EXTREMADURA;5.2.2.-Robos con fuerza en viviendas;2021;962
EXTREMADURA;5.2.2.-Robos con fuerza en viviendas;2020;990
EXTREMADURA;5.2.2.-Robos con fuerza en viviendas;2019;994
EXTREMADURA;5.2.2.-Robos con fuerza en viviendas;2018;1.178
EXTREMADURA;5.2.2.-Robos con fuerza en viviendas;2017;1.288
EXTREMADURA;5.2.2.-Robos con fuerza en viviendas;2016;1.337
EXTREMADURA;5.2.2.-Robos con fuerza en viviendas;2015;1.334
EXTREMADURA;5.2.2.-Robos con fuerza en viviendas;2014;1.407
EXTREMADURA;5.2.2.-Robos con fuerza en viviendas;2013;1.439
EXTREMADURA;5.2.2.-Robos con fuerza en viviendas;2012;1.398
EXTREMADURA;5.2.2.-Robos con fuerza en viviendas;2011;1.030
EXTREMADURA;5.2.2.-Robos con fuerza en viviendas;2010;1.187
EXTREMADURA;5.2.3.-Robos con fuerza en establecimientos;2023;579
EXTREMADURA;5.2.3.-Robos con fuerza en establecimientos;2022;614
EXTREMADURA;5.2.3.-Robos con fuerza en establecimientos;2021;461
EXTREMADURA;5.2.3.-Robos con fuerza en establecimientos;2020;559
EXTREMADURA;5.2.3.-Robos con fuerza en establecimientos;2019;646
EXTREMADURA;5.2.3.-Robos con fuerza en establecimientos;2018;818
EXTREMADURA;5.2.3.-Robos con fuerza en establecimientos;2017;862
EXTREMADURA;5.2.3.-Robos con fuerza en establecimientos;2016;962
EXTREMADURA;5.2.3.-Robos con fuerza en establecimientos;2015;904
EXTREMADURA;5.2.3.-Robos con fuerza en establecimientos;2014;931
EXTREMADURA;5.2.3.-Robos con fuerza en establecimientos;2013;965
EXTREMADURA;5.2.3.-Robos con fuerza en establecimientos;2012;918
EXTREMADURA;5.2.3.-Robos con fuerza en establecimientos;2011;1.033
EXTREMADURA;5.2.3.-Robos con fuerza en establecimientos;2010;1.080
EXTREMADURA;5.3.-Robos con violencia o intimidación;2023;312
EXTREMADURA;5.3.-Robos con violencia o intimidación;2022;296
EXTREMADURA;5.3.-Robos con violencia o intimidación;2021;224
EXTREMADURA;5.3.-Robos con violencia o intimidación;2020;211
EXTREMADURA;5.3.-Robos con violencia o intimidación;2019;320
EXTREMADURA;5.3.-Robos con violencia o intimidación;2018;252
EXTREMADURA;5.3.-Robos con violencia o intimidación;2017;277
EXTREMADURA;5.3.-Robos con violencia o intimidación;2016;302
EXTREMADURA;5.3.-Robos con violencia o intimidación;2015;308
EXTREMADURA;5.3.-Robos con violencia o intimidación;2014;297
EXTREMADURA;5.3.-Robos con violencia o intimidación;2013;390
EXTREMADURA;5.3.-Robos con violencia o intimidación;2012;388
EXTREMADURA;5.3.-Robos con violencia o intimidación;2011;378
EXTREMADURA;5.3.-Robos con violencia o intimidación;2010;441
EXTREMADURA;5.3.1.-Robos con violencia en vía pública;2023;147
EXTREMADURA;5.3.1.-Robos con violencia en vía pública;2022;154
EXTREMADURA;5.3.1.-Robos con violencia en vía pública;2021;121
EXTREMADURA;5.3.1.-Robos con violencia en vía pública;2020;102
EXTREMADURA;5.3.1.-Robos con violencia en vía pública;2019;177
EXTREMADURA;5.3.1.-Robos con violencia en vía pública;2018;138
EXTREMADURA;5.3.1.-Robos con violencia en vía pública;2017;152
EXTREMADURA;5.3.1.-Robos con violencia en vía pública;2016;175
EXTREMADURA;5.3.1.-Robos con violencia en vía pública;2015;187
EXTREMADURA;5.3.1.-Robos con violencia en vía pública;2014;174
EXTREMADURA;5.3.1.-Robos con violencia en vía pública;2013;206
EXTREMADURA;5.3.1.-Robos con violencia en vía pública;2012;239
EXTREMADURA;5.3.1.-Robos con violencia en vía pública;2011;222
EXTREMADURA;5.3.1.-Robos con violencia en vía pública;2010;275
EXTREMADURA;5.3.2.-Robos con violencia en viviendas;2023;47
EXTREMADURA;5.3.2.-Robos con violencia en viviendas;2022;52
EXTREMADURA;5.3.2.-Robos con violencia en viviendas;2021;33
EXTREMADURA;5.3.2.-Robos con violencia en viviendas;2020;29
EXTREMADURA;5.3.2.-Robos con violencia en viviendas;2019;35
EXTREMADURA;5.3.2.-Robos con violencia en viviendas;2018;27
EXTREMADURA;5.3.2.-Robos con violencia en viviendas;2017;23
EXTREMADURA;5.3.2.-Robos con violencia en viviendas;2016;30
EXTREMADURA;5.3.2.-Robos con violencia en viviendas;2015;38
EXTREMADURA;5.3.2.-Robos con violencia en viviendas;2014;27
EXTREMADURA;5.3.2.-Robos con violencia en viviendas;2013;48
EXTREMADURA;5.3.2.-Robos con violencia en viviendas;2012;37
EXTREMADURA;5.3.2.-Robos con violencia en viviendas;2011;42
EXTREMADURA;5.3.2.-Robos con violencia en viviendas;2010;29
EXTREMADURA;5.3.3.-Robos con violencia en establecimientos;2023;81
EXTREMADURA;5.3.3.-Robos con violencia en establecimientos;2022;61
EXTREMADURA;5.3.3.-Robos con violencia en establecimientos;2021;49
EXTREMADURA;5.3.3.-Robos con violencia en establecimientos;2020;58
EXTREMADURA;5.3.3.-Robos con violencia en establecimientos;2019;71
EXTREMADURA;5.3.3.-Robos con violencia en establecimientos;2018;57
EXTREMADURA;5.3.3.-Robos con violencia en establecimientos;2017;66
EXTREMADURA;5.3.3.-Robos con violencia en establecimientos;2016;56
EXTREMADURA;5.3.3.-Robos con violencia en establecimientos;2015;52
EXTREMADURA;5.3.3.-Robos con violencia en establecimientos;2014;55
EXTREMADURA;5.3.3.-Robos con violencia en establecimientos;2013;81
EXTREMADURA;5.3.3.-Robos con violencia en establecimientos;2012;73
EXTREMADURA;5.3.3.-Robos con violencia en establecimientos;2011;71
EXTREMADURA;5.3.3.-Robos con violencia en establecimientos;2010;100
EXTREMADURA;5.4.-Sustracción de vehículos;2023;195
EXTREMADURA;5.4.-Sustracción de vehículos;2022;163
EXTREMADURA;5.4.-Sustracción de vehículos;2021;152
EXTREMADURA;5.4.-Sustracción de vehículos;2020;151
EXTREMADURA;5.4.-Sustracción de vehículos;2019;144
EXTREMADURA;5.4.-Sustracción de vehículos;2018;160
EXTREMADURA;5.4.-Sustracción de vehículos;2017;336
EXTREMADURA;5.4.-Sustracción de vehículos;2016;416
EXTREMADURA;5.4.-Sustracción de vehículos;2015;382
EXTREMADURA;5.4.-Sustracción de vehículos;2014;379
EXTREMADURA;5.4.-Sustracción de vehículos;2013;402
EXTREMADURA;5.4.-Sustracción de vehículos;2012;418
EXTREMADURA;5.4.-Sustracción de vehículos;2011;560
EXTREMADURA;5.4.-Sustracción de vehículos;2010;610
EXTREMADURA;5.5.-Estafas;2023;8.335
EXTREMADURA;5.5.-Estafas;2022;7.595
EXTREMADURA;5.5.-Estafas;2021;5.765
EXTREMADURA;5.5.-Estafas;2020;5.381
EXTREMADURA;5.5.-Estafas;2019;3.873
EXTREMADURA;5.5.-Estafas;2018;3.454
EXTREMADURA;5.5.-Estafas;2017;2.268
EXTREMADURA;5.5.-Estafas;2016;1.953
EXTREMADURA;5.5.-Estafas;2015;1.748
EXTREMADURA;5.5.-Estafas;2014;1.344
EXTREMADURA;5.5.-Estafas;2013;1.048
EXTREMADURA;5.5.-Estafas;2012;1.124
EXTREMADURA;5.5.-Estafas;2011;1.005
EXTREMADURA;5.5.-Estafas;2010;907
EXTREMADURA;5.5.1.-Estafas informáticas;2023;7.449
EXTREMADURA;5.5.1.-Estafas informáticas;2022;6.577
EXTREMADURA;5.5.1.-Estafas informáticas;2021;4.594
EXTREMADURA;5.5.1.-Estafas informáticas;2020;3.917
EXTREMADURA;5.5.1.-Estafas informáticas;2019;2.410
EXTREMADURA;5.5.1.-Estafas informáticas;2018;1.879
EXTREMADURA;5.5.1.-Estafas informáticas;2017;1.031
EXTREMADURA;5.5.1.-Estafas informáticas;2016;852
EXTREMADURA;5.5.1.-Estafas informáticas;2015;602
EXTREMADURA;5.5.1.-Estafas informáticas;2014;517
EXTREMADURA;5.5.1.-Estafas informáticas;2013;330
EXTREMADURA;5.5.1.-Estafas informáticas;2012;400
EXTREMADURA;5.5.1.-Estafas informáticas;2011;287
EXTREMADURA;5.5.1.-Estafas informáticas;2010;279
EXTREMADURA;5.6.-Daños;2023;3.654
EXTREMADURA;5.6.-Daños;2022;3.521
EXTREMADURA;5.6.-Daños;2021;3.380
EXTREMADURA;5.6.-Daños;2020;2.967
EXTREMADURA;5.6.-Daños;2019;3.504
EXTREMADURA;5.6.-Daños;2018;3.225
EXTREMADURA;5.6.-Daños;2017;3.326
EXTREMADURA;5.6.-Daños;2016;3.171
EXTREMADURA;5.6.-Daños;2015;3.196
EXTREMADURA;5.6.-Daños;2014;3.173
EXTREMADURA;5.6.-Daños;2013;3.269
EXTREMADURA;5.6.-Daños;2012;3.510
EXTREMADURA;5.6.-Daños;2011;3.560
EXTREMADURA;5.6.-Daños;2010;3.816
EXTREMADURA;5.7.-Contra la propiedad intelectual/industrial;2023;25
EXTREMADURA;5.7.-Contra la propiedad intelectual/industrial;2022;12
EXTREMADURA;5.7.-Contra la propiedad intelectual/industrial;2021;15
EXTREMADURA;5.7.-Contra la propiedad intelectual/industrial;2020;25
EXTREMADURA;5.7.-Contra la propiedad intelectual/industrial;2019;42
EXTREMADURA;5.7.-Contra la propiedad intelectual/industrial;2018;63
EXTREMADURA;5.7.-Contra la propiedad intelectual/industrial;2017;23
EXTREMADURA;5.7.-Contra la propiedad intelectual/industrial;2016;37
EXTREMADURA;5.7.-Contra la propiedad intelectual/industrial;2015;34
EXTREMADURA;5.7.-Contra la propiedad intelectual/industrial;2014;37
EXTREMADURA;5.7.-Contra la propiedad intelectual/industrial;2013;48
EXTREMADURA;5.7.-Contra la propiedad intelectual/industrial;2012;36
EXTREMADURA;5.7.-Contra la propiedad intelectual/industrial;2011;43
EXTREMADURA;5.7.-Contra la propiedad intelectual/industrial;2010;58
EXTREMADURA;5.8.-Blanqueo de capitales;2023;7
EXTREMADURA;5.8.-Blanqueo de capitales;2022;4
EXTREMADURA;5.8.-Blanqueo de capitales;2021;7
EXTREMADURA;5.8.-Blanqueo de capitales;2020;5
EXTREMADURA;5.8.-Blanqueo de capitales;2019;2
EXTREMADURA;5.8.-Blanqueo de capitales;2018;1
EXTREMADURA;5.8.-Blanqueo de capitales;2017;2
EXTREMADURA;5.8.-Blanqueo de capitales;2016;3
EXTREMADURA;5.8.-Blanqueo de capitales;2015;3
EXTREMADURA;5.8.-Blanqueo de capitales;2014;1
EXTREMADURA;5.8.-Blanqueo de capitales;2013;0
EXTREMADURA;5.8.-Blanqueo de capitales;2012;0
EXTREMADURA;5.8.-Blanqueo de capitales;2011;0
EXTREMADURA;5.8.-Blanqueo de capitales;2010;0
EXTREMADURA;5.9.-Otros contra el patrimonio;2023;907
EXTREMADURA;5.9.-Otros contra el patrimonio;2022;718
EXTREMADURA;5.9.-Otros contra el patrimonio;2021;734
EXTREMADURA;5.9.-Otros contra el patrimonio;2020;655
EXTREMADURA;5.9.-Otros contra el patrimonio;2019;753
EXTREMADURA;5.9.-Otros contra el patrimonio;2018;815
EXTREMADURA;5.9.-Otros contra el patrimonio;2017;588
EXTREMADURA;5.9.-Otros contra el patrimonio;2016;522
EXTREMADURA;5.9.-Otros contra el patrimonio;2015;603
EXTREMADURA;5.9.-Otros contra el patrimonio;2014;627
EXTREMADURA;5.9.-Otros contra el patrimonio;2013;577
EXTREMADURA;5.9.-Otros contra el patrimonio;2012;469
EXTREMADURA;5.9.-Otros contra el patrimonio;2011;298
EXTREMADURA;5.9.-Otros contra el patrimonio;2010;245
EXTREMADURA;6. SEGURIDAD COLECTIVA;2023;1.277
EXTREMADURA;6. SEGURIDAD COLECTIVA;2022;1.262
EXTREMADURA;6. SEGURIDAD COLECTIVA;2021;1.240
EXTREMADURA;6. SEGURIDAD COLECTIVA;2020;1.036
EXTREMADURA;6. SEGURIDAD COLECTIVA;2019;1.248
EXTREMADURA;6. SEGURIDAD COLECTIVA;2018;1.138
EXTREMADURA;6. SEGURIDAD COLECTIVA;2017;976
EXTREMADURA;6. SEGURIDAD COLECTIVA;2016;904
EXTREMADURA;6. SEGURIDAD COLECTIVA;2015;966
EXTREMADURA;6. SEGURIDAD COLECTIVA;2014;1.076
EXTREMADURA;6. SEGURIDAD COLECTIVA;2013;1.233
EXTREMADURA;6. SEGURIDAD COLECTIVA;2012;1.480
EXTREMADURA;6. SEGURIDAD COLECTIVA;2011;1.638
EXTREMADURA;6. SEGURIDAD COLECTIVA;2010;1.489
EXTREMADURA;6.1.-Tráfico de drogas;2023;315
EXTREMADURA;6.1.-Tráfico de drogas;2022;265
EXTREMADURA;6.1.-Tráfico de drogas;2021;324
EXTREMADURA;6.1.-Tráfico de drogas;2020;301
EXTREMADURA;6.1.-Tráfico de drogas;2019;323
EXTREMADURA;6.1.-Tráfico de drogas;2018;233
EXTREMADURA;6.1.-Tráfico de drogas;2017;201
EXTREMADURA;6.1.-Tráfico de drogas;2016;198
EXTREMADURA;6.1.-Tráfico de drogas;2015;201
EXTREMADURA;6.1.-Tráfico de drogas;2014;270
EXTREMADURA;6.1.-Tráfico de drogas;2013;306
EXTREMADURA;6.1.-Tráfico de drogas;2012;291
EXTREMADURA;6.1.-Tráfico de drogas;2011;313
EXTREMADURA;6.1.-Tráfico de drogas;2010;253
EXTREMADURA;6.2.-Contra la seguridad vial;2023;902
EXTREMADURA;6.2.-Contra la seguridad vial;2022;890
EXTREMADURA;6.2.-Contra la seguridad vial;2021;861
EXTREMADURA;6.2.-Contra la seguridad vial;2020;690
EXTREMADURA;6.2.-Contra la seguridad vial;2019;843
EXTREMADURA;6.2.-Contra la seguridad vial;2018;834
EXTREMADURA;6.2.-Contra la seguridad vial;2017;687
EXTREMADURA;6.2.-Contra la seguridad vial;2016;660
EXTREMADURA;6.2.-Contra la seguridad vial;2015;711
EXTREMADURA;6.2.-Contra la seguridad vial;2014;753
EXTREMADURA;6.2.-Contra la seguridad vial;2013;889
EXTREMADURA;6.2.-Contra la seguridad vial;2012;1.153
EXTREMADURA;6.2.-Contra la seguridad vial;2011;1.297
EXTREMADURA;6.2.-Contra la seguridad vial;2010;1.197
EXTREMADURA;6.3.-Otros contra la seguridad colectiva;2023;60
EXTREMADURA;6.3.-Otros contra la seguridad colectiva;2022;107
EXTREMADURA;6.3.-Otros contra la seguridad colectiva;2021;55
EXTREMADURA;6.3.-Otros contra la seguridad colectiva;2020;45
EXTREMADURA;6.3.-Otros contra la seguridad colectiva;2019;82
EXTREMADURA;6.3.-Otros contra la seguridad colectiva;2018;71
EXTREMADURA;6.3.-Otros contra la seguridad colectiva;2017;88
EXTREMADURA;6.3.-Otros contra la seguridad colectiva;2016;46
EXTREMADURA;6.3.-Otros contra la seguridad colectiva;2015;54
EXTREMADURA;6.3.-Otros contra la seguridad colectiva;2014;53
EXTREMADURA;6.3.-Otros contra la seguridad colectiva;2013;38
EXTREMADURA;6.3.-Otros contra la seguridad colectiva;2012;36
EXTREMADURA;6.3.-Otros contra la seguridad colectiva;2011;28
EXTREMADURA;6.3.-Otros contra la seguridad colectiva;2010;39
EXTREMADURA;7. FALSEDADES;2023;998
EXTREMADURA;7. FALSEDADES;2022;705
EXTREMADURA;7. FALSEDADES;2021;714
EXTREMADURA;7. FALSEDADES;2020;524
EXTREMADURA;7. FALSEDADES;2019;445
EXTREMADURA;7. FALSEDADES;2018;445
EXTREMADURA;7. FALSEDADES;2017;373
EXTREMADURA;7. FALSEDADES;2016;347
EXTREMADURA;7. FALSEDADES;2015;299
EXTREMADURA;7. FALSEDADES;2014;269
EXTREMADURA;7. FALSEDADES;2013;237
EXTREMADURA;7. FALSEDADES;2012;246
EXTREMADURA;7. FALSEDADES;2011;246
EXTREMADURA;7. FALSEDADES;2010;197
EXTREMADURA;8. ADMÓN. PÚBLICA;2023;9
EXTREMADURA;8. ADMÓN. PÚBLICA;2022;2
EXTREMADURA;8. ADMÓN. PÚBLICA;2021;14
EXTREMADURA;8. ADMÓN. PÚBLICA;2020;2
EXTREMADURA;8. ADMÓN. PÚBLICA;2019;8
EXTREMADURA;8. ADMÓN. PÚBLICA;2018;10
EXTREMADURA;8. ADMÓN. PÚBLICA;2017;4
EXTREMADURA;8. ADMÓN. PÚBLICA;2016;11
EXTREMADURA;8. ADMÓN. PÚBLICA;2015;1
EXTREMADURA;8. ADMÓN. PÚBLICA;2014;2
EXTREMADURA;8. ADMÓN. PÚBLICA;2013;3
EXTREMADURA;8. ADMÓN. PÚBLICA;2012;5
EXTREMADURA;8. ADMÓN. PÚBLICA;2011;5
EXTREMADURA;8. ADMÓN. PÚBLICA;2010;3
EXTREMADURA;9. ADMÓN. JUSTICIA;2023;852
EXTREMADURA;9. ADMÓN. JUSTICIA;2022;785
EXTREMADURA;9. ADMÓN. JUSTICIA;2021;696
EXTREMADURA;9. ADMÓN. JUSTICIA;2020;662
EXTREMADURA;9. ADMÓN. JUSTICIA;2019;680
EXTREMADURA;9. ADMÓN. JUSTICIA;2018;602
EXTREMADURA;9. ADMÓN. JUSTICIA;2017;614
EXTREMADURA;9. ADMÓN. JUSTICIA;2016;599
EXTREMADURA;9. ADMÓN. JUSTICIA;2015;530
EXTREMADURA;9. ADMÓN. JUSTICIA;2014;523
EXTREMADURA;9. ADMÓN. JUSTICIA;2013;603
EXTREMADURA;9. ADMÓN. JUSTICIA;2012;514
EXTREMADURA;9. ADMÓN. JUSTICIA;2011;542
EXTREMADURA;9. ADMÓN. JUSTICIA;2010;536
EXTREMADURA;10. ORDEN PÚBLICO;2023;423
EXTREMADURA;10. ORDEN PÚBLICO;2022;336
EXTREMADURA;10. ORDEN PÚBLICO;2021;335
EXTREMADURA;10. ORDEN PÚBLICO;2020;488
EXTREMADURA;10. ORDEN PÚBLICO;2019;290
EXTREMADURA;10. ORDEN PÚBLICO;2018;246
EXTREMADURA;10. ORDEN PÚBLICO;2017;281
EXTREMADURA;10. ORDEN PÚBLICO;2016;288
EXTREMADURA;10. ORDEN PÚBLICO;2015;354
EXTREMADURA;10. ORDEN PÚBLICO;2014;452
EXTREMADURA;10. ORDEN PÚBLICO;2013;463
EXTREMADURA;10. ORDEN PÚBLICO;2012;575
EXTREMADURA;10. ORDEN PÚBLICO;2011;635
EXTREMADURA;10. ORDEN PÚBLICO;2010;573
EXTREMADURA;11. LEGISLACIÓN ESPECIAL;2023;11
EXTREMADURA;11. LEGISLACIÓN ESPECIAL;2022;9
EXTREMADURA;11. LEGISLACIÓN ESPECIAL;2021;9
EXTREMADURA;11. LEGISLACIÓN ESPECIAL;2020;7
EXTREMADURA;11. LEGISLACIÓN ESPECIAL;2019;5
EXTREMADURA;11. LEGISLACIÓN ESPECIAL;2018;17
EXTREMADURA;11. LEGISLACIÓN ESPECIAL;2017;16
EXTREMADURA;11. LEGISLACIÓN ESPECIAL;2016;0
EXTREMADURA;11. LEGISLACIÓN ESPECIAL;2015;1
EXTREMADURA;11. LEGISLACIÓN ESPECIAL;2014;2
EXTREMADURA;11. LEGISLACIÓN ESPECIAL;2013;3
EXTREMADURA;11. LEGISLACIÓN ESPECIAL;2012;1
EXTREMADURA;11. LEGISLACIÓN ESPECIAL;2011;2
EXTREMADURA;11. LEGISLACIÓN ESPECIAL;2010;0
EXTREMADURA;12. OTRAS INFRACCIONES PENALES;2023;334
EXTREMADURA;12. OTRAS INFRACCIONES PENALES;2022;333
EXTREMADURA;12. OTRAS INFRACCIONES PENALES;2021;263
EXTREMADURA;12. OTRAS INFRACCIONES PENALES;2020;313
EXTREMADURA;12. OTRAS INFRACCIONES PENALES;2019;286
EXTREMADURA;12. OTRAS INFRACCIONES PENALES;2018;309
EXTREMADURA;12. OTRAS INFRACCIONES PENALES;2017;302
EXTREMADURA;12. OTRAS INFRACCIONES PENALES;2016;277
EXTREMADURA;12. OTRAS INFRACCIONES PENALES;2015;206
EXTREMADURA;12. OTRAS INFRACCIONES PENALES;2014;211
EXTREMADURA;12. OTRAS INFRACCIONES PENALES;2013;189
EXTREMADURA;12. OTRAS INFRACCIONES PENALES;2012;160
EXTREMADURA;12. OTRAS INFRACCIONES PENALES;2011;168
EXTREMADURA;12. OTRAS INFRACCIONES PENALES;2010;188
EXTREMADURA;TOTAL INFRACCIONES PENALES;2023;35.269
EXTREMADURA;TOTAL INFRACCIONES PENALES;2022;32.093
EXTREMADURA;TOTAL INFRACCIONES PENALES;2021;27.266
EXTREMADURA;TOTAL INFRACCIONES PENALES;2020;25.041
EXTREMADURA;TOTAL INFRACCIONES PENALES;2019;27.591
EXTREMADURA;TOTAL INFRACCIONES PENALES;2018;26.813
EXTREMADURA;TOTAL INFRACCIONES PENALES;2017;26.411
EXTREMADURA;TOTAL INFRACCIONES PENALES;2016;26.286
EXTREMADURA;TOTAL INFRACCIONES PENALES;2015;27.251
EXTREMADURA;TOTAL INFRACCIONES PENALES;2014;28.221
EXTREMADURA;TOTAL INFRACCIONES PENALES;2013;29.338
EXTREMADURA;TOTAL INFRACCIONES PENALES;2012;29.470
EXTREMADURA;TOTAL INFRACCIONES PENALES;2011;29.479
EXTREMADURA;TOTAL INFRACCIONES PENALES;2010;30.016
GALICIA;1. CONTRA LAS PERSONAS;2023;9.981
GALICIA;1. CONTRA LAS PERSONAS;2022;9.217
GALICIA;1. CONTRA LAS PERSONAS;2021;7.841
GALICIA;1. CONTRA LAS PERSONAS;2020;7.268
GALICIA;1. CONTRA LAS PERSONAS;2019;8.027
GALICIA;1. CONTRA LAS PERSONAS;2018;8.039
GALICIA;1. CONTRA LAS PERSONAS;2017;7.927
GALICIA;1. CONTRA LAS PERSONAS;2016;7.854
GALICIA;1. CONTRA LAS PERSONAS;2015;11.296
GALICIA;1. CONTRA LAS PERSONAS;2014;14.264
GALICIA;1. CONTRA LAS PERSONAS;2013;14.182
GALICIA;1. CONTRA LAS PERSONAS;2012;14.814
GALICIA;1. CONTRA LAS PERSONAS;2011;14.957
GALICIA;1. CONTRA LAS PERSONAS;2010;14.617
GALICIA;1.1.-Homicidios dolosos/asesinatos;2023;70
GALICIA;1.1.-Homicidios dolosos/asesinatos;2022;52
GALICIA;1.1.-Homicidios dolosos/asesinatos;2021;52
GALICIA;1.1.-Homicidios dolosos/asesinatos;2020;44
GALICIA;1.1.-Homicidios dolosos/asesinatos;2019;41
GALICIA;1.1.-Homicidios dolosos/asesinatos;2018;33
GALICIA;1.1.-Homicidios dolosos/asesinatos;2017;40
GALICIA;1.1.-Homicidios dolosos/asesinatos;2016;35
GALICIA;1.1.-Homicidios dolosos/asesinatos;2015;56
GALICIA;1.1.-Homicidios dolosos/asesinatos;2014;62
GALICIA;1.1.-Homicidios dolosos/asesinatos;2013;50
GALICIA;1.1.-Homicidios dolosos/asesinatos;2012;46
GALICIA;1.1.-Homicidios dolosos/asesinatos;2011;53
GALICIA;1.1.-Homicidios dolosos/asesinatos;2010;50
GALICIA;1.1.1.-Homicidios dolosos/asesinatos consumados;2023;18
GALICIA;1.1.1.-Homicidios dolosos/asesinatos consumados;2022;7
GALICIA;1.1.1.-Homicidios dolosos/asesinatos consumados;2021;18
GALICIA;1.1.1.-Homicidios dolosos/asesinatos consumados;2020;11
GALICIA;1.1.1.-Homicidios dolosos/asesinatos consumados;2019;16
GALICIA;1.1.1.-Homicidios dolosos/asesinatos consumados;2018;8
GALICIA;1.1.1.-Homicidios dolosos/asesinatos consumados;2017;13
GALICIA;1.1.1.-Homicidios dolosos/asesinatos consumados;2016;12
GALICIA;1.1.1.-Homicidios dolosos/asesinatos consumados;2015;19
GALICIA;1.1.1.-Homicidios dolosos/asesinatos consumados;2014;20
GALICIA;1.1.1.-Homicidios dolosos/asesinatos consumados;2013;15
GALICIA;1.1.1.-Homicidios dolosos/asesinatos consumados;2012;16
GALICIA;1.1.1.-Homicidios dolosos/asesinatos consumados;2011;14
GALICIA;1.1.1.-Homicidios dolosos/asesinatos consumados;2010;17
GALICIA;1.2.-Lesiones;2023;5.748
GALICIA;1.2.-Lesiones;2022;5.454
GALICIA;1.2.-Lesiones;2021;4.606
GALICIA;1.2.-Lesiones;2020;4.044
GALICIA;1.2.-Lesiones;2019;4.804
GALICIA;1.2.-Lesiones;2018;4.876
GALICIA;1.2.-Lesiones;2017;4.905
GALICIA;1.2.-Lesiones;2016;4.989
GALICIA;1.2.-Lesiones;2015;5.114
GALICIA;1.2.-Lesiones;2014;5.147
GALICIA;1.2.-Lesiones;2013;5.337
GALICIA;1.2.-Lesiones;2012;5.765
GALICIA;1.2.-Lesiones;2011;5.977
GALICIA;1.2.-Lesiones;2010;5.876
GALICIA;1.3.-Malos tratos ámbito familiar;2023;3.810
GALICIA;1.3.-Malos tratos ámbito familiar;2022;3.480
GALICIA;1.3.-Malos tratos ámbito familiar;2021;2.979
GALICIA;1.3.-Malos tratos ámbito familiar;2020;3.022
GALICIA;1.3.-Malos tratos ámbito familiar;2019;3.004
GALICIA;1.3.-Malos tratos ámbito familiar;2018;2.939
GALICIA;1.3.-Malos tratos ámbito familiar;2017;2.832
GALICIA;1.3.-Malos tratos ámbito familiar;2016;2.714
GALICIA;1.3.-Malos tratos ámbito familiar;2015;2.651
GALICIA;1.3.-Malos tratos ámbito familiar;2014;2.559
GALICIA;1.3.-Malos tratos ámbito familiar;2013;2.645
GALICIA;1.3.-Malos tratos ámbito familiar;2012;2.435
GALICIA;1.3.-Malos tratos ámbito familiar;2011;2.525
GALICIA;1.3.-Malos tratos ámbito familiar;2010;2.477
GALICIA;1.4.-Otros contra las personas;2023;353
GALICIA;1.4.-Otros contra las personas;2022;231
GALICIA;1.4.-Otros contra las personas;2021;204
GALICIA;1.4.-Otros contra las personas;2020;158
GALICIA;1.4.-Otros contra las personas;2019;178
GALICIA;1.4.-Otros contra las personas;2018;191
GALICIA;1.4.-Otros contra las personas;2017;150
GALICIA;1.4.-Otros contra las personas;2016;116
GALICIA;1.4.-Otros contra las personas;2015;3.475
GALICIA;1.4.-Otros contra las personas;2014;6.496
GALICIA;1.4.-Otros contra las personas;2013;6.150
GALICIA;1.4.-Otros contra las personas;2012;6.568
GALICIA;1.4.-Otros contra las personas;2011;6.402
GALICIA;1.4.-Otros contra las personas;2010;6.214
GALICIA;2. CONTRA LA LIBERTAD;2023;7.986
GALICIA;2. CONTRA LA LIBERTAD;2022;6.959
GALICIA;2. CONTRA LA LIBERTAD;2021;6.840
GALICIA;2. CONTRA LA LIBERTAD;2020;6.035
GALICIA;2. CONTRA LA LIBERTAD;2019;5.692
GALICIA;2. CONTRA LA LIBERTAD;2018;5.819
GALICIA;2. CONTRA LA LIBERTAD;2017;5.935
GALICIA;2. CONTRA LA LIBERTAD;2016;5.838
GALICIA;2. CONTRA LA LIBERTAD;2015;3.736
GALICIA;2. CONTRA LA LIBERTAD;2014;1.761
GALICIA;2. CONTRA LA LIBERTAD;2013;1.667
GALICIA;2. CONTRA LA LIBERTAD;2012;1.761
GALICIA;2. CONTRA LA LIBERTAD;2011;1.807
GALICIA;2. CONTRA LA LIBERTAD;2010;1.750
GALICIA;2.1.-Malos tratos habituales en el ámbito familiar;2023;859
GALICIA;2.1.-Malos tratos habituales en el ámbito familiar;2022;691
GALICIA;2.1.-Malos tratos habituales en el ámbito familiar;2021;606
GALICIA;2.1.-Malos tratos habituales en el ámbito familiar;2020;620
GALICIA;2.1.-Malos tratos habituales en el ámbito familiar;2019;700
GALICIA;2.1.-Malos tratos habituales en el ámbito familiar;2018;631
GALICIA;2.1.-Malos tratos habituales en el ámbito familiar;2017;658
GALICIA;2.1.-Malos tratos habituales en el ámbito familiar;2016;703
GALICIA;2.1.-Malos tratos habituales en el ámbito familiar;2015;651
GALICIA;2.1.-Malos tratos habituales en el ámbito familiar;2014;635
GALICIA;2.1.-Malos tratos habituales en el ámbito familiar;2013;635
GALICIA;2.1.-Malos tratos habituales en el ámbito familiar;2012;658
GALICIA;2.1.-Malos tratos habituales en el ámbito familiar;2011;784
GALICIA;2.1.-Malos tratos habituales en el ámbito familiar;2010;851
GALICIA;2.2.-Otros contra la libertad;2023;7.127
GALICIA;2.2.-Otros contra la libertad;2022;6.268
GALICIA;2.2.-Otros contra la libertad;2021;6.234
GALICIA;2.2.-Otros contra la libertad;2020;5.415
GALICIA;2.2.-Otros contra la libertad;2019;4.992
GALICIA;2.2.-Otros contra la libertad;2018;5.188
GALICIA;2.2.-Otros contra la libertad;2017;5.277
GALICIA;2.2.-Otros contra la libertad;2016;5.135
GALICIA;2.2.-Otros contra la libertad;2015;3.085
GALICIA;2.2.-Otros contra la libertad;2014;1.126
GALICIA;2.2.-Otros contra la libertad;2013;1.032
GALICIA;2.2.-Otros contra la libertad;2012;1.103
GALICIA;2.2.-Otros contra la libertad;2011;1.023
GALICIA;2.2.-Otros contra la libertad;2010;899
GALICIA;3. LIBERTAD SEXUAL;2023;924
GALICIA;3. LIBERTAD SEXUAL;2022;719
GALICIA;3. LIBERTAD SEXUAL;2021;707
GALICIA;3. LIBERTAD SEXUAL;2020;547
GALICIA;3. LIBERTAD SEXUAL;2019;634
GALICIA;3. LIBERTAD SEXUAL;2018;536
GALICIA;3. LIBERTAD SEXUAL;2017;459
GALICIA;3. LIBERTAD SEXUAL;2016;434
GALICIA;3. LIBERTAD SEXUAL;2015;434
GALICIA;3. LIBERTAD SEXUAL;2014;377
GALICIA;3. LIBERTAD SEXUAL;2013;340
GALICIA;3. LIBERTAD SEXUAL;2012;358
GALICIA;3. LIBERTAD SEXUAL;2011;398
GALICIA;3. LIBERTAD SEXUAL;2010;389
GALICIA;3.1.-Agresión sexual;2023;502
GALICIA;3.1.-Agresión sexual;2022;433
GALICIA;3.1.-Agresión sexual;2021;396
GALICIA;3.1.-Agresión sexual;2020;309
GALICIA;3.1.-Agresión sexual;2019;368
GALICIA;3.1.-Agresión sexual;2018;341
GALICIA;3.1.-Agresión sexual;2017;281
GALICIA;3.1.-Agresión sexual;2016;241
GALICIA;3.1.-Agresión sexual;2015;263
GALICIA;3.1.-Agresión sexual;2014;227
GALICIA;3.1.-Agresión sexual;2013;196
GALICIA;3.1.-Agresión sexual;2012;222
GALICIA;3.1.-Agresión sexual;2011;240
GALICIA;3.1.-Agresión sexual;2010;213
GALICIA;3.2.-Agresión sexual con penetración;2023;201
GALICIA;3.2.-Agresión sexual con penetración;2022;155
GALICIA;3.2.-Agresión sexual con penetración;2021;144
GALICIA;3.2.-Agresión sexual con penetración;2020;108
GALICIA;3.2.-Agresión sexual con penetración;2019;124
GALICIA;3.2.-Agresión sexual con penetración;2018;88
GALICIA;3.2.-Agresión sexual con penetración;2017;60
GALICIA;3.2.-Agresión sexual con penetración;2016;65
GALICIA;3.2.-Agresión sexual con penetración;2015;70
GALICIA;3.2.-Agresión sexual con penetración;2014;64
GALICIA;3.2.-Agresión sexual con penetración;2013;69
GALICIA;3.2.-Agresión sexual con penetración;2012;60
GALICIA;3.2.-Agresión sexual con penetración;2011;63
GALICIA;3.2.-Agresión sexual con penetración;2010;75
GALICIA;3.3.-Corrupción de menores o incapacitados;2023;12
GALICIA;3.3.-Corrupción de menores o incapacitados;2022;19
GALICIA;3.3.-Corrupción de menores o incapacitados;2021;8
GALICIA;3.3.-Corrupción de menores o incapacitados;2020;7
GALICIA;3.3.-Corrupción de menores o incapacitados;2019;14
GALICIA;3.3.-Corrupción de menores o incapacitados;2018;4
GALICIA;3.3.-Corrupción de menores o incapacitados;2017;15
GALICIA;3.3.-Corrupción de menores o incapacitados;2016;19
GALICIA;3.3.-Corrupción de menores o incapacitados;2015;11
GALICIA;3.3.-Corrupción de menores o incapacitados;2014;25
GALICIA;3.3.-Corrupción de menores o incapacitados;2013;18
GALICIA;3.3.-Corrupción de menores o incapacitados;2012;14
GALICIA;3.3.-Corrupción de menores o incapacitados;2011;6
GALICIA;3.3.-Corrupción de menores o incapacitados;2010;10
GALICIA;3.4.-Pornografía de menores;2023;43
GALICIA;3.4.-Pornografía de menores;2022;29
GALICIA;3.4.-Pornografía de menores;2021;40
GALICIA;3.4.-Pornografía de menores;2020;36
GALICIA;3.4.-Pornografía de menores;2019;39
GALICIA;3.4.-Pornografía de menores;2018;36
GALICIA;3.4.-Pornografía de menores;2017;30
GALICIA;3.4.-Pornografía de menores;2016;33
GALICIA;3.4.-Pornografía de menores;2015;37
GALICIA;3.4.-Pornografía de menores;2014;18
GALICIA;3.4.-Pornografía de menores;2013;17
GALICIA;3.4.-Pornografía de menores;2012;19
GALICIA;3.4.-Pornografía de menores;2011;26
GALICIA;3.4.-Pornografía de menores;2010;37
GALICIA;3.5.-Otros contra la libertad sexual;2023;166
GALICIA;3.5.-Otros contra la libertad sexual;2022;83
GALICIA;3.5.-Otros contra la libertad sexual;2021;119
GALICIA;3.5.-Otros contra la libertad sexual;2020;87
GALICIA;3.5.-Otros contra la libertad sexual;2019;89
GALICIA;3.5.-Otros contra la libertad sexual;2018;67
GALICIA;3.5.-Otros contra la libertad sexual;2017;73
GALICIA;3.5.-Otros contra la libertad sexual;2016;76
GALICIA;3.5.-Otros contra la libertad sexual;2015;53
GALICIA;3.5.-Otros contra la libertad sexual;2014;43
GALICIA;3.5.-Otros contra la libertad sexual;2013;40
GALICIA;3.5.-Otros contra la libertad sexual;2012;43
GALICIA;3.5.-Otros contra la libertad sexual;2011;63
GALICIA;3.5.-Otros contra la libertad sexual;2010;54
GALICIA;4. RELACIONES FAMILIARES;2023;204
GALICIA;4. RELACIONES FAMILIARES;2022;190
GALICIA;4. RELACIONES FAMILIARES;2021;167
GALICIA;4. RELACIONES FAMILIARES;2020;177
GALICIA;4. RELACIONES FAMILIARES;2019;171
GALICIA;4. RELACIONES FAMILIARES;2018;190
GALICIA;4. RELACIONES FAMILIARES;2017;224
GALICIA;4. RELACIONES FAMILIARES;2016;242
GALICIA;4. RELACIONES FAMILIARES;2015;286
GALICIA;4. RELACIONES FAMILIARES;2014;298
GALICIA;4. RELACIONES FAMILIARES;2013;236
GALICIA;4. RELACIONES FAMILIARES;2012;236
GALICIA;4. RELACIONES FAMILIARES;2011;169
GALICIA;4. RELACIONES FAMILIARES;2010;169
GALICIA;5. PATRIMONIO;2023;65.713
GALICIA;5. PATRIMONIO;2022;68.054
GALICIA;5. PATRIMONIO;2021;63.769
GALICIA;5. PATRIMONIO;2020;50.924
GALICIA;5. PATRIMONIO;2019;56.924
GALICIA;5. PATRIMONIO;2018;55.664
GALICIA;5. PATRIMONIO;2017;51.864
GALICIA;5. PATRIMONIO;2016;52.691
GALICIA;5. PATRIMONIO;2015;53.286
GALICIA;5. PATRIMONIO;2014;53.652
GALICIA;5. PATRIMONIO;2013;56.486
GALICIA;5. PATRIMONIO;2012;56.690
GALICIA;5. PATRIMONIO;2011;54.185
GALICIA;5. PATRIMONIO;2010;51.987
GALICIA;5.1.-Hurtos;2023;20.300
GALICIA;5.1.-Hurtos;2022;19.527
GALICIA;5.1.-Hurtos;2021;15.367
GALICIA;5.1.-Hurtos;2020;12.348
GALICIA;5.1.-Hurtos;2019;18.846
GALICIA;5.1.-Hurtos;2018;19.903
GALICIA;5.1.-Hurtos;2017;20.320
GALICIA;5.1.-Hurtos;2016;21.326
GALICIA;5.1.-Hurtos;2015;22.032
GALICIA;5.1.-Hurtos;2014;23.027
GALICIA;5.1.-Hurtos;2013;24.200
GALICIA;5.1.-Hurtos;2012;23.606
GALICIA;5.1.-Hurtos;2011;22.464
GALICIA;5.1.-Hurtos;2010;21.461
GALICIA;5.2.-Robos con fuerza en las cosas;2023;9.491
GALICIA;5.2.-Robos con fuerza en las cosas;2022;8.661
GALICIA;5.2.-Robos con fuerza en las cosas;2021;7.873
GALICIA;5.2.-Robos con fuerza en las cosas;2020;7.538
GALICIA;5.2.-Robos con fuerza en las cosas;2019;9.618
GALICIA;5.2.-Robos con fuerza en las cosas;2018;9.990
GALICIA;5.2.-Robos con fuerza en las cosas;2017;10.055
GALICIA;5.2.-Robos con fuerza en las cosas;2016;10.893
GALICIA;5.2.-Robos con fuerza en las cosas;2015;11.616
GALICIA;5.2.-Robos con fuerza en las cosas;2014;12.017
GALICIA;5.2.-Robos con fuerza en las cosas;2013;13.303
GALICIA;5.2.-Robos con fuerza en las cosas;2012;13.300
GALICIA;5.2.-Robos con fuerza en las cosas;2011;12.513
GALICIA;5.2.-Robos con fuerza en las cosas;2010;11.989
GALICIA;5.2.1.-Robos con fuerza en las cosas en el interior de vehículos;2023;3.251
GALICIA;5.2.1.-Robos con fuerza en las cosas en el interior de vehículos;2022;3.193
GALICIA;5.2.1.-Robos con fuerza en las cosas en el interior de vehículos;2021;2.917
GALICIA;5.2.1.-Robos con fuerza en las cosas en el interior de vehículos;2020;2.288
GALICIA;5.2.1.-Robos con fuerza en las cosas en el interior de vehículos;2019;2.759
GALICIA;5.2.1.-Robos con fuerza en las cosas en el interior de vehículos;2018;2.945
GALICIA;5.2.1.-Robos con fuerza en las cosas en el interior de vehículos;2017;3.022
GALICIA;5.2.1.-Robos con fuerza en las cosas en el interior de vehículos;2016;3.040
GALICIA;5.2.1.-Robos con fuerza en las cosas en el interior de vehículos;2015;2.827
GALICIA;5.2.1.-Robos con fuerza en las cosas en el interior de vehículos;2014;2.909
GALICIA;5.2.1.-Robos con fuerza en las cosas en el interior de vehículos;2013;3.302
GALICIA;5.2.1.-Robos con fuerza en las cosas en el interior de vehículos;2012;3.667
GALICIA;5.2.1.-Robos con fuerza en las cosas en el interior de vehículos;2011;3.384
GALICIA;5.2.1.-Robos con fuerza en las cosas en el interior de vehículos;2010;2.213
GALICIA;5.2.2.-Robos con fuerza en viviendas;2023;2.684
GALICIA;5.2.2.-Robos con fuerza en viviendas;2022;2.690
GALICIA;5.2.2.-Robos con fuerza en viviendas;2021;2.593
GALICIA;5.2.2.-Robos con fuerza en viviendas;2020;2.403
GALICIA;5.2.2.-Robos con fuerza en viviendas;2019;3.135
GALICIA;5.2.2.-Robos con fuerza en viviendas;2018;3.395
GALICIA;5.2.2.-Robos con fuerza en viviendas;2017;3.402
GALICIA;5.2.2.-Robos con fuerza en viviendas;2016;3.684
GALICIA;5.2.2.-Robos con fuerza en viviendas;2015;4.235
GALICIA;5.2.2.-Robos con fuerza en viviendas;2014;4.314
GALICIA;5.2.2.-Robos con fuerza en viviendas;2013;4.563
GALICIA;5.2.2.-Robos con fuerza en viviendas;2012;3.845
GALICIA;5.2.2.-Robos con fuerza en viviendas;2011;2.875
GALICIA;5.2.2.-Robos con fuerza en viviendas;2010;2.731
GALICIA;5.2.3.-Robos con fuerza en establecimientos;2023;1.934
GALICIA;5.2.3.-Robos con fuerza en establecimientos;2022;1.361
GALICIA;5.2.3.-Robos con fuerza en establecimientos;2021;1.110
GALICIA;5.2.3.-Robos con fuerza en establecimientos;2020;1.568
GALICIA;5.2.3.-Robos con fuerza en establecimientos;2019;2.072
GALICIA;5.2.3.-Robos con fuerza en establecimientos;2018;1.933
GALICIA;5.2.3.-Robos con fuerza en establecimientos;2017;1.979
GALICIA;5.2.3.-Robos con fuerza en establecimientos;2016;2.320
GALICIA;5.2.3.-Robos con fuerza en establecimientos;2015;2.264
GALICIA;5.2.3.-Robos con fuerza en establecimientos;2014;2.468
GALICIA;5.2.3.-Robos con fuerza en establecimientos;2013;2.696
GALICIA;5.2.3.-Robos con fuerza en establecimientos;2012;2.810
GALICIA;5.2.3.-Robos con fuerza en establecimientos;2011;2.582
GALICIA;5.2.3.-Robos con fuerza en establecimientos;2010;2.756
GALICIA;5.3.-Robos con violencia o intimidación;2023;1.049
GALICIA;5.3.-Robos con violencia o intimidación;2022;963
GALICIA;5.3.-Robos con violencia o intimidación;2021;853
GALICIA;5.3.-Robos con violencia o intimidación;2020;767
GALICIA;5.3.-Robos con violencia o intimidación;2019;945
GALICIA;5.3.-Robos con violencia o intimidación;2018;951
GALICIA;5.3.-Robos con violencia o intimidación;2017;1.057
GALICIA;5.3.-Robos con violencia o intimidación;2016;1.086
GALICIA;5.3.-Robos con violencia o intimidación;2015;1.070
GALICIA;5.3.-Robos con violencia o intimidación;2014;1.116
GALICIA;5.3.-Robos con violencia o intimidación;2013;1.338
GALICIA;5.3.-Robos con violencia o intimidación;2012;1.558
GALICIA;5.3.-Robos con violencia o intimidación;2011;1.364
GALICIA;5.3.-Robos con violencia o intimidación;2010;1.440
GALICIA;5.3.1.-Robos con violencia en vía pública;2023;552
GALICIA;5.3.1.-Robos con violencia en vía pública;2022;529
GALICIA;5.3.1.-Robos con violencia en vía pública;2021;474
GALICIA;5.3.1.-Robos con violencia en vía pública;2020;343
GALICIA;5.3.1.-Robos con violencia en vía pública;2019;450
GALICIA;5.3.1.-Robos con violencia en vía pública;2018;497
GALICIA;5.3.1.-Robos con violencia en vía pública;2017;572
GALICIA;5.3.1.-Robos con violencia en vía pública;2016;565
GALICIA;5.3.1.-Robos con violencia en vía pública;2015;567
GALICIA;5.3.1.-Robos con violencia en vía pública;2014;632
GALICIA;5.3.1.-Robos con violencia en vía pública;2013;668
GALICIA;5.3.1.-Robos con violencia en vía pública;2012;877
GALICIA;5.3.1.-Robos con violencia en vía pública;2011;692
GALICIA;5.3.1.-Robos con violencia en vía pública;2010;895
GALICIA;5.3.2.-Robos con violencia en viviendas;2023;100
GALICIA;5.3.2.-Robos con violencia en viviendas;2022;95
GALICIA;5.3.2.-Robos con violencia en viviendas;2021;84
GALICIA;5.3.2.-Robos con violencia en viviendas;2020;105
GALICIA;5.3.2.-Robos con violencia en viviendas;2019;114
GALICIA;5.3.2.-Robos con violencia en viviendas;2018;119
GALICIA;5.3.2.-Robos con violencia en viviendas;2017;117
GALICIA;5.3.2.-Robos con violencia en viviendas;2016;122
GALICIA;5.3.2.-Robos con violencia en viviendas;2015;113
GALICIA;5.3.2.-Robos con violencia en viviendas;2014;137
GALICIA;5.3.2.-Robos con violencia en viviendas;2013;150
GALICIA;5.3.2.-Robos con violencia en viviendas;2012;142
GALICIA;5.3.2.-Robos con violencia en viviendas;2011;120
GALICIA;5.3.2.-Robos con violencia en viviendas;2010;119
GALICIA;5.3.3.-Robos con violencia en establecimientos;2023;274
GALICIA;5.3.3.-Robos con violencia en establecimientos;2022;215
GALICIA;5.3.3.-Robos con violencia en establecimientos;2021;197
GALICIA;5.3.3.-Robos con violencia en establecimientos;2020;224
GALICIA;5.3.3.-Robos con violencia en establecimientos;2019;234
GALICIA;5.3.3.-Robos con violencia en establecimientos;2018;212
GALICIA;5.3.3.-Robos con violencia en establecimientos;2017;217
GALICIA;5.3.3.-Robos con violencia en establecimientos;2016;243
GALICIA;5.3.3.-Robos con violencia en establecimientos;2015;253
GALICIA;5.3.3.-Robos con violencia en establecimientos;2014;220
GALICIA;5.3.3.-Robos con violencia en establecimientos;2013;346
GALICIA;5.3.3.-Robos con violencia en establecimientos;2012;340
GALICIA;5.3.3.-Robos con violencia en establecimientos;2011;299
GALICIA;5.3.3.-Robos con violencia en establecimientos;2010;305
GALICIA;5.4.-Sustracción de vehículos;2023;580
GALICIA;5.4.-Sustracción de vehículos;2022;528
GALICIA;5.4.-Sustracción de vehículos;2021;405
GALICIA;5.4.-Sustracción de vehículos;2020;437
GALICIA;5.4.-Sustracción de vehículos;2019;604
GALICIA;5.4.-Sustracción de vehículos;2018;584
GALICIA;5.4.-Sustracción de vehículos;2017;794
GALICIA;5.4.-Sustracción de vehículos;2016;1.032
GALICIA;5.4.-Sustracción de vehículos;2015;980
GALICIA;5.4.-Sustracción de vehículos;2014;1.258
GALICIA;5.4.-Sustracción de vehículos;2013;1.435
GALICIA;5.4.-Sustracción de vehículos;2012;1.696
GALICIA;5.4.-Sustracción de vehículos;2011;1.750
GALICIA;5.4.-Sustracción de vehículos;2010;1.934
GALICIA;5.5.-Estafas;2023;21.800
GALICIA;5.5.-Estafas;2022;25.902
GALICIA;5.5.-Estafas;2021;28.236
GALICIA;5.5.-Estafas;2020;19.807
GALICIA;5.5.-Estafas;2019;15.690
GALICIA;5.5.-Estafas;2018;12.961
GALICIA;5.5.-Estafas;2017;8.590
GALICIA;5.5.-Estafas;2016;7.197
GALICIA;5.5.-Estafas;2015;6.171
GALICIA;5.5.-Estafas;2014;4.866
GALICIA;5.5.-Estafas;2013;4.168
GALICIA;5.5.-Estafas;2012;3.983
GALICIA;5.5.-Estafas;2011;3.383
GALICIA;5.5.-Estafas;2010;2.934
GALICIA;5.5.1.-Estafas informáticas;2023;18.721
GALICIA;5.5.1.-Estafas informáticas;2022;18.456
GALICIA;5.5.1.-Estafas informáticas;2021;19.496
GALICIA;5.5.1.-Estafas informáticas;2020;12.696
GALICIA;5.5.1.-Estafas informáticas;2019;9.999
GALICIA;5.5.1.-Estafas informáticas;2018;6.836
GALICIA;5.5.1.-Estafas informáticas;2017;4.428
GALICIA;5.5.1.-Estafas informáticas;2016;3.070
GALICIA;5.5.1.-Estafas informáticas;2015;2.628
GALICIA;5.5.1.-Estafas informáticas;2014;1.882
GALICIA;5.5.1.-Estafas informáticas;2013;1.518
GALICIA;5.5.1.-Estafas informáticas;2012;1.456
GALICIA;5.5.1.-Estafas informáticas;2011;1.070
GALICIA;5.5.1.-Estafas informáticas;2010;946
GALICIA;5.6.-Daños;2023;9.927
GALICIA;5.6.-Daños;2022;10.280
GALICIA;5.6.-Daños;2021;9.089
GALICIA;5.6.-Daños;2020;8.188
GALICIA;5.6.-Daños;2019;9.311
GALICIA;5.6.-Daños;2018;9.413
GALICIA;5.6.-Daños;2017;9.537
GALICIA;5.6.-Daños;2016;9.760
GALICIA;5.6.-Daños;2015;9.924
GALICIA;5.6.-Daños;2014;9.934
GALICIA;5.6.-Daños;2013;10.771
GALICIA;5.6.-Daños;2012;11.394
GALICIA;5.6.-Daños;2011;11.670
GALICIA;5.6.-Daños;2010;11.332
GALICIA;5.7.-Contra la propiedad intelectual/industrial;2023;37
GALICIA;5.7.-Contra la propiedad intelectual/industrial;2022;40
GALICIA;5.7.-Contra la propiedad intelectual/industrial;2021;29
GALICIA;5.7.-Contra la propiedad intelectual/industrial;2020;31
GALICIA;5.7.-Contra la propiedad intelectual/industrial;2019;101
GALICIA;5.7.-Contra la propiedad intelectual/industrial;2018;117
GALICIA;5.7.-Contra la propiedad intelectual/industrial;2017;54
GALICIA;5.7.-Contra la propiedad intelectual/industrial;2016;53
GALICIA;5.7.-Contra la propiedad intelectual/industrial;2015;77
GALICIA;5.7.-Contra la propiedad intelectual/industrial;2014;73
GALICIA;5.7.-Contra la propiedad intelectual/industrial;2013;112
GALICIA;5.7.-Contra la propiedad intelectual/industrial;2012;98
GALICIA;5.7.-Contra la propiedad intelectual/industrial;2011;116
GALICIA;5.7.-Contra la propiedad intelectual/industrial;2010;159
GALICIA;5.8.-Blanqueo de capitales;2023;13
GALICIA;5.8.-Blanqueo de capitales;2022;13
GALICIA;5.8.-Blanqueo de capitales;2021;4
GALICIA;5.8.-Blanqueo de capitales;2020;17
GALICIA;5.8.-Blanqueo de capitales;2019;8
GALICIA;5.8.-Blanqueo de capitales;2018;13
GALICIA;5.8.-Blanqueo de capitales;2017;11
GALICIA;5.8.-Blanqueo de capitales;2016;11
GALICIA;5.8.-Blanqueo de capitales;2015;8
GALICIA;5.8.-Blanqueo de capitales;2014;2
GALICIA;5.8.-Blanqueo de capitales;2013;3
GALICIA;5.8.-Blanqueo de capitales;2012;7
GALICIA;5.8.-Blanqueo de capitales;2011;0
GALICIA;5.8.-Blanqueo de capitales;2010;2
GALICIA;5.9.-Otros contra el patrimonio;2023;2.516
GALICIA;5.9.-Otros contra el patrimonio;2022;2.140
GALICIA;5.9.-Otros contra el patrimonio;2021;1.913
GALICIA;5.9.-Otros contra el patrimonio;2020;1.791
GALICIA;5.9.-Otros contra el patrimonio;2019;1.801
GALICIA;5.9.-Otros contra el patrimonio;2018;1.732
GALICIA;5.9.-Otros contra el patrimonio;2017;1.446
GALICIA;5.9.-Otros contra el patrimonio;2016;1.333
GALICIA;5.9.-Otros contra el patrimonio;2015;1.408
GALICIA;5.9.-Otros contra el patrimonio;2014;1.359
GALICIA;5.9.-Otros contra el patrimonio;2013;1.156
GALICIA;5.9.-Otros contra el patrimonio;2012;1.048
GALICIA;5.9.-Otros contra el patrimonio;2011;925
GALICIA;5.9.-Otros contra el patrimonio;2010;736
GALICIA;6. SEGURIDAD COLECTIVA;2023;4.789
GALICIA;6. SEGURIDAD COLECTIVA;2022;5.169
GALICIA;6. SEGURIDAD COLECTIVA;2021;4.459
GALICIA;6. SEGURIDAD COLECTIVA;2020;4.324
GALICIA;6. SEGURIDAD COLECTIVA;2019;4.992
GALICIA;6. SEGURIDAD COLECTIVA;2018;4.806
GALICIA;6. SEGURIDAD COLECTIVA;2017;4.424
GALICIA;6. SEGURIDAD COLECTIVA;2016;4.197
GALICIA;6. SEGURIDAD COLECTIVA;2015;4.513
GALICIA;6. SEGURIDAD COLECTIVA;2014;4.801
GALICIA;6. SEGURIDAD COLECTIVA;2013;5.145
GALICIA;6. SEGURIDAD COLECTIVA;2012;6.032
GALICIA;6. SEGURIDAD COLECTIVA;2011;6.888
GALICIA;6. SEGURIDAD COLECTIVA;2010;5.266
GALICIA;6.1.-Tráfico de drogas;2023;488
GALICIA;6.1.-Tráfico de drogas;2022;505
GALICIA;6.1.-Tráfico de drogas;2021;458
GALICIA;6.1.-Tráfico de drogas;2020;552
GALICIA;6.1.-Tráfico de drogas;2019;517
GALICIA;6.1.-Tráfico de drogas;2018;433
GALICIA;6.1.-Tráfico de drogas;2017;371
GALICIA;6.1.-Tráfico de drogas;2016;345
GALICIA;6.1.-Tráfico de drogas;2015;348
GALICIA;6.1.-Tráfico de drogas;2014;374
GALICIA;6.1.-Tráfico de drogas;2013;409
GALICIA;6.1.-Tráfico de drogas;2012;432
GALICIA;6.1.-Tráfico de drogas;2011;460
GALICIA;6.1.-Tráfico de drogas;2010;459
GALICIA;6.2.-Contra la seguridad vial;2023;4.147
GALICIA;6.2.-Contra la seguridad vial;2022;4.481
GALICIA;6.2.-Contra la seguridad vial;2021;3.844
GALICIA;6.2.-Contra la seguridad vial;2020;3.609
GALICIA;6.2.-Contra la seguridad vial;2019;4.331
GALICIA;6.2.-Contra la seguridad vial;2018;4.246
GALICIA;6.2.-Contra la seguridad vial;2017;3.888
GALICIA;6.2.-Contra la seguridad vial;2016;3.716
GALICIA;6.2.-Contra la seguridad vial;2015;4.020
GALICIA;6.2.-Contra la seguridad vial;2014;4.332
GALICIA;6.2.-Contra la seguridad vial;2013;4.497
GALICIA;6.2.-Contra la seguridad vial;2012;5.412
GALICIA;6.2.-Contra la seguridad vial;2011;6.256
GALICIA;6.2.-Contra la seguridad vial;2010;4.611
GALICIA;6.3.-Otros contra la seguridad colectiva;2023;154
GALICIA;6.3.-Otros contra la seguridad colectiva;2022;183
GALICIA;6.3.-Otros contra la seguridad colectiva;2021;157
GALICIA;6.3.-Otros contra la seguridad colectiva;2020;163
GALICIA;6.3.-Otros contra la seguridad colectiva;2019;144
GALICIA;6.3.-Otros contra la seguridad colectiva;2018;127
GALICIA;6.3.-Otros contra la seguridad colectiva;2017;165
GALICIA;6.3.-Otros contra la seguridad colectiva;2016;136
GALICIA;6.3.-Otros contra la seguridad colectiva;2015;145
GALICIA;6.3.-Otros contra la seguridad colectiva;2014;95
GALICIA;6.3.-Otros contra la seguridad colectiva;2013;239
GALICIA;6.3.-Otros contra la seguridad colectiva;2012;188
GALICIA;6.3.-Otros contra la seguridad colectiva;2011;172
GALICIA;6.3.-Otros contra la seguridad colectiva;2010;196
GALICIA;7. FALSEDADES;2023;1.634
GALICIA;7. FALSEDADES;2022;1.404
GALICIA;7. FALSEDADES;2021;1.491
GALICIA;7. FALSEDADES;2020;1.004
GALICIA;7. FALSEDADES;2019;886
GALICIA;7. FALSEDADES;2018;803
GALICIA;7. FALSEDADES;2017;708
GALICIA;7. FALSEDADES;2016;652
GALICIA;7. FALSEDADES;2015;630
GALICIA;7. FALSEDADES;2014;573
GALICIA;7. FALSEDADES;2013;573
GALICIA;7. FALSEDADES;2012;549
GALICIA;7. FALSEDADES;2011;540
GALICIA;7. FALSEDADES;2010;447
GALICIA;8. ADMÓN. PÚBLICA;2023;33
GALICIA;8. ADMÓN. PÚBLICA;2022;25
GALICIA;8. ADMÓN. PÚBLICA;2021;11
GALICIA;8. ADMÓN. PÚBLICA;2020;19
GALICIA;8. ADMÓN. PÚBLICA;2019;21
GALICIA;8. ADMÓN. PÚBLICA;2018;16
GALICIA;8. ADMÓN. PÚBLICA;2017;17
GALICIA;8. ADMÓN. PÚBLICA;2016;18
GALICIA;8. ADMÓN. PÚBLICA;2015;37
GALICIA;8. ADMÓN. PÚBLICA;2014;38
GALICIA;8. ADMÓN. PÚBLICA;2013;21
GALICIA;8. ADMÓN. PÚBLICA;2012;10
GALICIA;8. ADMÓN. PÚBLICA;2011;22
GALICIA;8. ADMÓN. PÚBLICA;2010;17
GALICIA;9. ADMÓN. JUSTICIA;2023;1.779
GALICIA;9. ADMÓN. JUSTICIA;2022;1.568
GALICIA;9. ADMÓN. JUSTICIA;2021;1.459
GALICIA;9. ADMÓN. JUSTICIA;2020;1.403
GALICIA;9. ADMÓN. JUSTICIA;2019;1.409
GALICIA;9. ADMÓN. JUSTICIA;2018;1.266
GALICIA;9. ADMÓN. JUSTICIA;2017;1.228
GALICIA;9. ADMÓN. JUSTICIA;2016;1.061
GALICIA;9. ADMÓN. JUSTICIA;2015;1.032
GALICIA;9. ADMÓN. JUSTICIA;2014;1.054
GALICIA;9. ADMÓN. JUSTICIA;2013;1.022
GALICIA;9. ADMÓN. JUSTICIA;2012;1.048
GALICIA;9. ADMÓN. JUSTICIA;2011;1.120
GALICIA;9. ADMÓN. JUSTICIA;2010;1.150
GALICIA;10. ORDEN PÚBLICO;2023;988
GALICIA;10. ORDEN PÚBLICO;2022;973
GALICIA;10. ORDEN PÚBLICO;2021;916
GALICIA;10. ORDEN PÚBLICO;2020;1.108
GALICIA;10. ORDEN PÚBLICO;2019;718
GALICIA;10. ORDEN PÚBLICO;2018;795
GALICIA;10. ORDEN PÚBLICO;2017;732
GALICIA;10. ORDEN PÚBLICO;2016;746
GALICIA;10. ORDEN PÚBLICO;2015;937
GALICIA;10. ORDEN PÚBLICO;2014;1.189
GALICIA;10. ORDEN PÚBLICO;2013;1.323
GALICIA;10. ORDEN PÚBLICO;2012;1.452
GALICIA;10. ORDEN PÚBLICO;2011;1.523
GALICIA;10. ORDEN PÚBLICO;2010;1.518
GALICIA;11. LEGISLACIÓN ESPECIAL;2023;7
GALICIA;11. LEGISLACIÓN ESPECIAL;2022;7
GALICIA;11. LEGISLACIÓN ESPECIAL;2021;1
GALICIA;11. LEGISLACIÓN ESPECIAL;2020;7
GALICIA;11. LEGISLACIÓN ESPECIAL;2019;6
GALICIA;11. LEGISLACIÓN ESPECIAL;2018;1
GALICIA;11. LEGISLACIÓN ESPECIAL;2017;2
GALICIA;11. LEGISLACIÓN ESPECIAL;2016;3
GALICIA;11. LEGISLACIÓN ESPECIAL;2015;9
GALICIA;11. LEGISLACIÓN ESPECIAL;2014;8
GALICIA;11. LEGISLACIÓN ESPECIAL;2013;6
GALICIA;11. LEGISLACIÓN ESPECIAL;2012;2
GALICIA;11. LEGISLACIÓN ESPECIAL;2011;9
GALICIA;11. LEGISLACIÓN ESPECIAL;2010;5
GALICIA;12. OTRAS INFRACCIONES PENALES;2023;762
GALICIA;12. OTRAS INFRACCIONES PENALES;2022;619
GALICIA;12. OTRAS INFRACCIONES PENALES;2021;594
GALICIA;12. OTRAS INFRACCIONES PENALES;2020;528
GALICIA;12. OTRAS INFRACCIONES PENALES;2019;544
GALICIA;12. OTRAS INFRACCIONES PENALES;2018;591
GALICIA;12. OTRAS INFRACCIONES PENALES;2017;654
GALICIA;12. OTRAS INFRACCIONES PENALES;2016;669
GALICIA;12. OTRAS INFRACCIONES PENALES;2015;424
GALICIA;12. OTRAS INFRACCIONES PENALES;2014;238
GALICIA;12. OTRAS INFRACCIONES PENALES;2013;236
GALICIA;12. OTRAS INFRACCIONES PENALES;2012;228
GALICIA;12. OTRAS INFRACCIONES PENALES;2011;197
GALICIA;12. OTRAS INFRACCIONES PENALES;2010;233
GALICIA;TOTAL INFRACCIONES PENALES;2023;94.800
GALICIA;TOTAL INFRACCIONES PENALES;2022;94.904
GALICIA;TOTAL INFRACCIONES PENALES;2021;88.255
GALICIA;TOTAL INFRACCIONES PENALES;2020;73.344
GALICIA;TOTAL INFRACCIONES PENALES;2019;80.024
GALICIA;TOTAL INFRACCIONES PENALES;2018;78.526
GALICIA;TOTAL INFRACCIONES PENALES;2017;74.174
GALICIA;TOTAL INFRACCIONES PENALES;2016;74.405
GALICIA;TOTAL INFRACCIONES PENALES;2015;76.620
GALICIA;TOTAL INFRACCIONES PENALES;2014;78.253
GALICIA;TOTAL INFRACCIONES PENALES;2013;81.237
GALICIA;TOTAL INFRACCIONES PENALES;2012;83.180
GALICIA;TOTAL INFRACCIONES PENALES;2011;81.815
GALICIA;TOTAL INFRACCIONES PENALES;2010;77.548
MADRID (COMUNIDAD DE);1. CONTRA LAS PERSONAS;2023;34.880
MADRID (COMUNIDAD DE);1. CONTRA LAS PERSONAS;2022;33.243
MADRID (COMUNIDAD DE);1. CONTRA LAS PERSONAS;2021;29.383
MADRID (COMUNIDAD DE);1. CONTRA LAS PERSONAS;2020;25.967
MADRID (COMUNIDAD DE);1. CONTRA LAS PERSONAS;2019;29.288
MADRID (COMUNIDAD DE);1. CONTRA LAS PERSONAS;2018;27.360
MADRID (COMUNIDAD DE);1. CONTRA LAS PERSONAS;2017;27.093
MADRID (COMUNIDAD DE);1. CONTRA LAS PERSONAS;2016;25.275
MADRID (COMUNIDAD DE);1. CONTRA LAS PERSONAS;2015;30.615
MADRID (COMUNIDAD DE);1. CONTRA LAS PERSONAS;2014;35.230
MADRID (COMUNIDAD DE);1. CONTRA LAS PERSONAS;2013;35.149
MADRID (COMUNIDAD DE);1. CONTRA LAS PERSONAS;2012;37.374
MADRID (COMUNIDAD DE);1. CONTRA LAS PERSONAS;2011;38.965
MADRID (COMUNIDAD DE);1. CONTRA LAS PERSONAS;2010;39.030
MADRID (COMUNIDAD DE);1.1.-Homicidios dolosos/asesinatos;2023;206
MADRID (COMUNIDAD DE);1.1.-Homicidios dolosos/asesinatos;2022;183
MADRID (COMUNIDAD DE);1.1.-Homicidios dolosos/asesinatos;2021;131
MADRID (COMUNIDAD DE);1.1.-Homicidios dolosos/asesinatos;2020;136
MADRID (COMUNIDAD DE);1.1.-Homicidios dolosos/asesinatos;2019;110
MADRID (COMUNIDAD DE);1.1.-Homicidios dolosos/asesinatos;2018;114
MADRID (COMUNIDAD DE);1.1.-Homicidios dolosos/asesinatos;2017;125
MADRID (COMUNIDAD DE);1.1.-Homicidios dolosos/asesinatos;2016;117
MADRID (COMUNIDAD DE);1.1.-Homicidios dolosos/asesinatos;2015;90
MADRID (COMUNIDAD DE);1.1.-Homicidios dolosos/asesinatos;2014;110
MADRID (COMUNIDAD DE);1.1.-Homicidios dolosos/asesinatos;2013;90
MADRID (COMUNIDAD DE);1.1.-Homicidios dolosos/asesinatos;2012;107
MADRID (COMUNIDAD DE);1.1.-Homicidios dolosos/asesinatos;2011;95
MADRID (COMUNIDAD DE);1.1.-Homicidios dolosos/asesinatos;2010;98
MADRID (COMUNIDAD DE);1.1.1.-Homicidios dolosos/asesinatos consumados;2023;33
MADRID (COMUNIDAD DE);1.1.1.-Homicidios dolosos/asesinatos consumados;2022;46
MADRID (COMUNIDAD DE);1.1.1.-Homicidios dolosos/asesinatos consumados;2021;37
MADRID (COMUNIDAD DE);1.1.1.-Homicidios dolosos/asesinatos consumados;2020;38
MADRID (COMUNIDAD DE);1.1.1.-Homicidios dolosos/asesinatos consumados;2019;32
MADRID (COMUNIDAD DE);1.1.1.-Homicidios dolosos/asesinatos consumados;2018;36
MADRID (COMUNIDAD DE);1.1.1.-Homicidios dolosos/asesinatos consumados;2017;39
MADRID (COMUNIDAD DE);1.1.1.-Homicidios dolosos/asesinatos consumados;2016;33
MADRID (COMUNIDAD DE);1.1.1.-Homicidios dolosos/asesinatos consumados;2015;30
MADRID (COMUNIDAD DE);1.1.1.-Homicidios dolosos/asesinatos consumados;2014;41
MADRID (COMUNIDAD DE);1.1.1.-Homicidios dolosos/asesinatos consumados;2013;37
MADRID (COMUNIDAD DE);1.1.1.-Homicidios dolosos/asesinatos consumados;2012;48
MADRID (COMUNIDAD DE);1.1.1.-Homicidios dolosos/asesinatos consumados;2011;46
MADRID (COMUNIDAD DE);1.1.1.-Homicidios dolosos/asesinatos consumados;2010;51
MADRID (COMUNIDAD DE);1.2.-Lesiones;2023;13.662
MADRID (COMUNIDAD DE);1.2.-Lesiones;2022;13.585
MADRID (COMUNIDAD DE);1.2.-Lesiones;2021;12.094
MADRID (COMUNIDAD DE);1.2.-Lesiones;2020;10.596
MADRID (COMUNIDAD DE);1.2.-Lesiones;2019;13.704
MADRID (COMUNIDAD DE);1.2.-Lesiones;2018;13.078
MADRID (COMUNIDAD DE);1.2.-Lesiones;2017;13.088
MADRID (COMUNIDAD DE);1.2.-Lesiones;2016;12.717
MADRID (COMUNIDAD DE);1.2.-Lesiones;2015;12.700
MADRID (COMUNIDAD DE);1.2.-Lesiones;2014;12.354
MADRID (COMUNIDAD DE);1.2.-Lesiones;2013;12.860
MADRID (COMUNIDAD DE);1.2.-Lesiones;2012;13.361
MADRID (COMUNIDAD DE);1.2.-Lesiones;2011;14.689
MADRID (COMUNIDAD DE);1.2.-Lesiones;2010;14.764
MADRID (COMUNIDAD DE);1.3.-Malos tratos ámbito familiar;2023;20.263
MADRID (COMUNIDAD DE);1.3.-Malos tratos ámbito familiar;2022;18.839
MADRID (COMUNIDAD DE);1.3.-Malos tratos ámbito familiar;2021;16.618
MADRID (COMUNIDAD DE);1.3.-Malos tratos ámbito familiar;2020;14.809
MADRID (COMUNIDAD DE);1.3.-Malos tratos ámbito familiar;2019;14.907
MADRID (COMUNIDAD DE);1.3.-Malos tratos ámbito familiar;2018;13.753
MADRID (COMUNIDAD DE);1.3.-Malos tratos ámbito familiar;2017;13.546
MADRID (COMUNIDAD DE);1.3.-Malos tratos ámbito familiar;2016;12.111
MADRID (COMUNIDAD DE);1.3.-Malos tratos ámbito familiar;2015;11.249
MADRID (COMUNIDAD DE);1.3.-Malos tratos ámbito familiar;2014;11.061
MADRID (COMUNIDAD DE);1.3.-Malos tratos ámbito familiar;2013;10.396
MADRID (COMUNIDAD DE);1.3.-Malos tratos ámbito familiar;2012;10.683
MADRID (COMUNIDAD DE);1.3.-Malos tratos ámbito familiar;2011;10.587
MADRID (COMUNIDAD DE);1.3.-Malos tratos ámbito familiar;2010;10.360
MADRID (COMUNIDAD DE);1.4.-Otros contra las personas;2023;749
MADRID (COMUNIDAD DE);1.4.-Otros contra las personas;2022;636
MADRID (COMUNIDAD DE);1.4.-Otros contra las personas;2021;540
MADRID (COMUNIDAD DE);1.4.-Otros contra las personas;2020;426
MADRID (COMUNIDAD DE);1.4.-Otros contra las personas;2019;567
MADRID (COMUNIDAD DE);1.4.-Otros contra las personas;2018;415
MADRID (COMUNIDAD DE);1.4.-Otros contra las personas;2017;334
MADRID (COMUNIDAD DE);1.4.-Otros contra las personas;2016;330
MADRID (COMUNIDAD DE);1.4.-Otros contra las personas;2015;6.576
MADRID (COMUNIDAD DE);1.4.-Otros contra las personas;2014;11.705
MADRID (COMUNIDAD DE);1.4.-Otros contra las personas;2013;11.803
MADRID (COMUNIDAD DE);1.4.-Otros contra las personas;2012;13.223
MADRID (COMUNIDAD DE);1.4.-Otros contra las personas;2011;13.594
MADRID (COMUNIDAD DE);1.4.-Otros contra las personas;2010;13.808
MADRID (COMUNIDAD DE);2. CONTRA LA LIBERTAD;2023;18.647
MADRID (COMUNIDAD DE);2. CONTRA LA LIBERTAD;2022;17.369
MADRID (COMUNIDAD DE);2. CONTRA LA LIBERTAD;2021;17.576
MADRID (COMUNIDAD DE);2. CONTRA LA LIBERTAD;2020;15.636
MADRID (COMUNIDAD DE);2. CONTRA LA LIBERTAD;2019;15.655
MADRID (COMUNIDAD DE);2. CONTRA LA LIBERTAD;2018;14.497
MADRID (COMUNIDAD DE);2. CONTRA LA LIBERTAD;2017;14.066
MADRID (COMUNIDAD DE);2. CONTRA LA LIBERTAD;2016;13.350
MADRID (COMUNIDAD DE);2. CONTRA LA LIBERTAD;2015;8.609
MADRID (COMUNIDAD DE);2. CONTRA LA LIBERTAD;2014;3.784
MADRID (COMUNIDAD DE);2. CONTRA LA LIBERTAD;2013;3.797
MADRID (COMUNIDAD DE);2. CONTRA LA LIBERTAD;2012;3.846
MADRID (COMUNIDAD DE);2. CONTRA LA LIBERTAD;2011;4.105
MADRID (COMUNIDAD DE);2. CONTRA LA LIBERTAD;2010;3.796
MADRID (COMUNIDAD DE);2.1.-Malos tratos habituales en el ámbito familiar;2023;1.347
MADRID (COMUNIDAD DE);2.1.-Malos tratos habituales en el ámbito familiar;2022;1.183
MADRID (COMUNIDAD DE);2.1.-Malos tratos habituales en el ámbito familiar;2021;1.284
MADRID (COMUNIDAD DE);2.1.-Malos tratos habituales en el ámbito familiar;2020;1.104
MADRID (COMUNIDAD DE);2.1.-Malos tratos habituales en el ámbito familiar;2019;1.223
MADRID (COMUNIDAD DE);2.1.-Malos tratos habituales en el ámbito familiar;2018;1.038
MADRID (COMUNIDAD DE);2.1.-Malos tratos habituales en el ámbito familiar;2017;1.137
MADRID (COMUNIDAD DE);2.1.-Malos tratos habituales en el ámbito familiar;2016;1.025
MADRID (COMUNIDAD DE);2.1.-Malos tratos habituales en el ámbito familiar;2015;1.145
MADRID (COMUNIDAD DE);2.1.-Malos tratos habituales en el ámbito familiar;2014;1.096
MADRID (COMUNIDAD DE);2.1.-Malos tratos habituales en el ámbito familiar;2013;1.114
MADRID (COMUNIDAD DE);2.1.-Malos tratos habituales en el ámbito familiar;2012;1.184
MADRID (COMUNIDAD DE);2.1.-Malos tratos habituales en el ámbito familiar;2011;1.384
MADRID (COMUNIDAD DE);2.1.-Malos tratos habituales en el ámbito familiar;2010;1.173
MADRID (COMUNIDAD DE);2.2.-Otros contra la libertad;2023;17.300
MADRID (COMUNIDAD DE);2.2.-Otros contra la libertad;2022;16.186
MADRID (COMUNIDAD DE);2.2.-Otros contra la libertad;2021;16.292
MADRID (COMUNIDAD DE);2.2.-Otros contra la libertad;2020;14.532
MADRID (COMUNIDAD DE);2.2.-Otros contra la libertad;2019;14.432
MADRID (COMUNIDAD DE);2.2.-Otros contra la libertad;2018;13.459
MADRID (COMUNIDAD DE);2.2.-Otros contra la libertad;2017;12.929
MADRID (COMUNIDAD DE);2.2.-Otros contra la libertad;2016;12.325
MADRID (COMUNIDAD DE);2.2.-Otros contra la libertad;2015;7.464
MADRID (COMUNIDAD DE);2.2.-Otros contra la libertad;2014;2.688
MADRID (COMUNIDAD DE);2.2.-Otros contra la libertad;2013;2.683
MADRID (COMUNIDAD DE);2.2.-Otros contra la libertad;2012;2.662
MADRID (COMUNIDAD DE);2.2.-Otros contra la libertad;2011;2.721
MADRID (COMUNIDAD DE);2.2.-Otros contra la libertad;2010;2.623
MADRID (COMUNIDAD DE);3. LIBERTAD SEXUAL;2023;3.066
MADRID (COMUNIDAD DE);3. LIBERTAD SEXUAL;2022;2.663
MADRID (COMUNIDAD DE);3. LIBERTAD SEXUAL;2021;2.420
MADRID (COMUNIDAD DE);3. LIBERTAD SEXUAL;2020;1.976
MADRID (COMUNIDAD DE);3. LIBERTAD SEXUAL;2019;2.215
MADRID (COMUNIDAD DE);3. LIBERTAD SEXUAL;2018;2.014
MADRID (COMUNIDAD DE);3. LIBERTAD SEXUAL;2017;1.776
MADRID (COMUNIDAD DE);3. LIBERTAD SEXUAL;2016;1.551
MADRID (COMUNIDAD DE);3. LIBERTAD SEXUAL;2015;1.415
MADRID (COMUNIDAD DE);3. LIBERTAD SEXUAL;2014;1.401
MADRID (COMUNIDAD DE);3. LIBERTAD SEXUAL;2013;1.320
MADRID (COMUNIDAD DE);3. LIBERTAD SEXUAL;2012;1.310
MADRID (COMUNIDAD DE);3. LIBERTAD SEXUAL;2011;1.443
MADRID (COMUNIDAD DE);3. LIBERTAD SEXUAL;2010;1.339
MADRID (COMUNIDAD DE);3.1.-Agresión sexual;2023;1.804
MADRID (COMUNIDAD DE);3.1.-Agresión sexual;2022;1.578
MADRID (COMUNIDAD DE);3.1.-Agresión sexual;2021;1.390
MADRID (COMUNIDAD DE);3.1.-Agresión sexual;2020;1.084
MADRID (COMUNIDAD DE);3.1.-Agresión sexual;2019;1.292
MADRID (COMUNIDAD DE);3.1.-Agresión sexual;2018;1.172
MADRID (COMUNIDAD DE);3.1.-Agresión sexual;2017;977
MADRID (COMUNIDAD DE);3.1.-Agresión sexual;2016;864
MADRID (COMUNIDAD DE);3.1.-Agresión sexual;2015;770
MADRID (COMUNIDAD DE);3.1.-Agresión sexual;2014;752
MADRID (COMUNIDAD DE);3.1.-Agresión sexual;2013;710
MADRID (COMUNIDAD DE);3.1.-Agresión sexual;2012;750
MADRID (COMUNIDAD DE);3.1.-Agresión sexual;2011;799
MADRID (COMUNIDAD DE);3.1.-Agresión sexual;2010;708
MADRID (COMUNIDAD DE);3.2.-Agresión sexual con penetración;2023;649
MADRID (COMUNIDAD DE);3.2.-Agresión sexual con penetración;2022;613
MADRID (COMUNIDAD DE);3.2.-Agresión sexual con penetración;2021;538
MADRID (COMUNIDAD DE);3.2.-Agresión sexual con penetración;2020;473
MADRID (COMUNIDAD DE);3.2.-Agresión sexual con penetración;2019;455
MADRID (COMUNIDAD DE);3.2.-Agresión sexual con penetración;2018;408
MADRID (COMUNIDAD DE);3.2.-Agresión sexual con penetración;2017;368
MADRID (COMUNIDAD DE);3.2.-Agresión sexual con penetración;2016;302
MADRID (COMUNIDAD DE);3.2.-Agresión sexual con penetración;2015;284
MADRID (COMUNIDAD DE);3.2.-Agresión sexual con penetración;2014;296
MADRID (COMUNIDAD DE);3.2.-Agresión sexual con penetración;2013;267
MADRID (COMUNIDAD DE);3.2.-Agresión sexual con penetración;2012;273
MADRID (COMUNIDAD DE);3.2.-Agresión sexual con penetración;2011;306
MADRID (COMUNIDAD DE);3.2.-Agresión sexual con penetración;2010;298
MADRID (COMUNIDAD DE);3.3.-Corrupción de menores o incapacitados;2023;50
MADRID (COMUNIDAD DE);3.3.-Corrupción de menores o incapacitados;2022;43
MADRID (COMUNIDAD DE);3.3.-Corrupción de menores o incapacitados;2021;46
MADRID (COMUNIDAD DE);3.3.-Corrupción de menores o incapacitados;2020;46
MADRID (COMUNIDAD DE);3.3.-Corrupción de menores o incapacitados;2019;55
MADRID (COMUNIDAD DE);3.3.-Corrupción de menores o incapacitados;2018;45
MADRID (COMUNIDAD DE);3.3.-Corrupción de menores o incapacitados;2017;57
MADRID (COMUNIDAD DE);3.3.-Corrupción de menores o incapacitados;2016;63
MADRID (COMUNIDAD DE);3.3.-Corrupción de menores o incapacitados;2015;47
MADRID (COMUNIDAD DE);3.3.-Corrupción de menores o incapacitados;2014;41
MADRID (COMUNIDAD DE);3.3.-Corrupción de menores o incapacitados;2013;46
MADRID (COMUNIDAD DE);3.3.-Corrupción de menores o incapacitados;2012;29
MADRID (COMUNIDAD DE);3.3.-Corrupción de menores o incapacitados;2011;16
MADRID (COMUNIDAD DE);3.3.-Corrupción de menores o incapacitados;2010;29
MADRID (COMUNIDAD DE);3.4.-Pornografía de menores;2023;135
MADRID (COMUNIDAD DE);3.4.-Pornografía de menores;2022;88
MADRID (COMUNIDAD DE);3.4.-Pornografía de menores;2021;104
MADRID (COMUNIDAD DE);3.4.-Pornografía de menores;2020;95
MADRID (COMUNIDAD DE);3.4.-Pornografía de menores;2019;108
MADRID (COMUNIDAD DE);3.4.-Pornografía de menores;2018;99
MADRID (COMUNIDAD DE);3.4.-Pornografía de menores;2017;94
MADRID (COMUNIDAD DE);3.4.-Pornografía de menores;2016;55
MADRID (COMUNIDAD DE);3.4.-Pornografía de menores;2015;87
MADRID (COMUNIDAD DE);3.4.-Pornografía de menores;2014;73
MADRID (COMUNIDAD DE);3.4.-Pornografía de menores;2013;67
MADRID (COMUNIDAD DE);3.4.-Pornografía de menores;2012;67
MADRID (COMUNIDAD DE);3.4.-Pornografía de menores;2011;91
MADRID (COMUNIDAD DE);3.4.-Pornografía de menores;2010;90
MADRID (COMUNIDAD DE);3.5.-Otros contra la libertad sexual;2023;428
MADRID (COMUNIDAD DE);3.5.-Otros contra la libertad sexual;2022;341
MADRID (COMUNIDAD DE);3.5.-Otros contra la libertad sexual;2021;342
MADRID (COMUNIDAD DE);3.5.-Otros contra la libertad sexual;2020;278
MADRID (COMUNIDAD DE);3.5.-Otros contra la libertad sexual;2019;305
MADRID (COMUNIDAD DE);3.5.-Otros contra la libertad sexual;2018;290
MADRID (COMUNIDAD DE);3.5.-Otros contra la libertad sexual;2017;280
MADRID (COMUNIDAD DE);3.5.-Otros contra la libertad sexual;2016;267
MADRID (COMUNIDAD DE);3.5.-Otros contra la libertad sexual;2015;227
MADRID (COMUNIDAD DE);3.5.-Otros contra la libertad sexual;2014;239
MADRID (COMUNIDAD DE);3.5.-Otros contra la libertad sexual;2013;230
MADRID (COMUNIDAD DE);3.5.-Otros contra la libertad sexual;2012;191
MADRID (COMUNIDAD DE);3.5.-Otros contra la libertad sexual;2011;231
MADRID (COMUNIDAD DE);3.5.-Otros contra la libertad sexual;2010;214
MADRID (COMUNIDAD DE);4. RELACIONES FAMILIARES;2023;723
MADRID (COMUNIDAD DE);4. RELACIONES FAMILIARES;2022;862
MADRID (COMUNIDAD DE);4. RELACIONES FAMILIARES;2021;930
MADRID (COMUNIDAD DE);4. RELACIONES FAMILIARES;2020;754
MADRID (COMUNIDAD DE);4. RELACIONES FAMILIARES;2019;822
MADRID (COMUNIDAD DE);4. RELACIONES FAMILIARES;2018;862
MADRID (COMUNIDAD DE);4. RELACIONES FAMILIARES;2017;804
MADRID (COMUNIDAD DE);4. RELACIONES FAMILIARES;2016;893
MADRID (COMUNIDAD DE);4. RELACIONES FAMILIARES;2015;1.228
MADRID (COMUNIDAD DE);4. RELACIONES FAMILIARES;2014;1.241
MADRID (COMUNIDAD DE);4. RELACIONES FAMILIARES;2013;1.232
MADRID (COMUNIDAD DE);4. RELACIONES FAMILIARES;2012;1.302
MADRID (COMUNIDAD DE);4. RELACIONES FAMILIARES;2011;1.174
MADRID (COMUNIDAD DE);4. RELACIONES FAMILIARES;2010;726
MADRID (COMUNIDAD DE);5. PATRIMONIO;2023;323.394
MADRID (COMUNIDAD DE);5. PATRIMONIO;2022;319.089
MADRID (COMUNIDAD DE);5. PATRIMONIO;2021;269.675
MADRID (COMUNIDAD DE);5. PATRIMONIO;2020;243.275
MADRID (COMUNIDAD DE);5. PATRIMONIO;2019;337.836
MADRID (COMUNIDAD DE);5. PATRIMONIO;2018;325.802
MADRID (COMUNIDAD DE);5. PATRIMONIO;2017;319.369
MADRID (COMUNIDAD DE);5. PATRIMONIO;2016;314.569
MADRID (COMUNIDAD DE);5. PATRIMONIO;2015;304.377
MADRID (COMUNIDAD DE);5. PATRIMONIO;2014;304.167
MADRID (COMUNIDAD DE);5. PATRIMONIO;2013;317.363
MADRID (COMUNIDAD DE);5. PATRIMONIO;2012;329.046
MADRID (COMUNIDAD DE);5. PATRIMONIO;2011;325.156
MADRID (COMUNIDAD DE);5. PATRIMONIO;2010;336.388
MADRID (COMUNIDAD DE);5.1.-Hurtos;2023;128.366
MADRID (COMUNIDAD DE);5.1.-Hurtos;2022;132.920
MADRID (COMUNIDAD DE);5.1.-Hurtos;2021;108.778
MADRID (COMUNIDAD DE);5.1.-Hurtos;2020;92.213
MADRID (COMUNIDAD DE);5.1.-Hurtos;2019;154.169
MADRID (COMUNIDAD DE);5.1.-Hurtos;2018;152.704
MADRID (COMUNIDAD DE);5.1.-Hurtos;2017;156.329
MADRID (COMUNIDAD DE);5.1.-Hurtos;2016;150.409
MADRID (COMUNIDAD DE);5.1.-Hurtos;2015;144.569
MADRID (COMUNIDAD DE);5.1.-Hurtos;2014;145.386
MADRID (COMUNIDAD DE);5.1.-Hurtos;2013;151.459
MADRID (COMUNIDAD DE);5.1.-Hurtos;2012;152.503
MADRID (COMUNIDAD DE);5.1.-Hurtos;2011;153.109
MADRID (COMUNIDAD DE);5.1.-Hurtos;2010;156.514
MADRID (COMUNIDAD DE);5.2.-Robos con fuerza en las cosas;2023;41.106
MADRID (COMUNIDAD DE);5.2.-Robos con fuerza en las cosas;2022;39.960
MADRID (COMUNIDAD DE);5.2.-Robos con fuerza en las cosas;2021;33.408
MADRID (COMUNIDAD DE);5.2.-Robos con fuerza en las cosas;2020;31.715
MADRID (COMUNIDAD DE);5.2.-Robos con fuerza en las cosas;2019;47.391
MADRID (COMUNIDAD DE);5.2.-Robos con fuerza en las cosas;2018;49.133
MADRID (COMUNIDAD DE);5.2.-Robos con fuerza en las cosas;2017;48.650
MADRID (COMUNIDAD DE);5.2.-Robos con fuerza en las cosas;2016;54.586
MADRID (COMUNIDAD DE);5.2.-Robos con fuerza en las cosas;2015;52.667
MADRID (COMUNIDAD DE);5.2.-Robos con fuerza en las cosas;2014;55.553
MADRID (COMUNIDAD DE);5.2.-Robos con fuerza en las cosas;2013;59.488
MADRID (COMUNIDAD DE);5.2.-Robos con fuerza en las cosas;2012;63.266
MADRID (COMUNIDAD DE);5.2.-Robos con fuerza en las cosas;2011;65.192
MADRID (COMUNIDAD DE);5.2.-Robos con fuerza en las cosas;2010;70.721
MADRID (COMUNIDAD DE);5.2.1.-Robos con fuerza en las cosas en el interior de vehículos;2023;21.961
MADRID (COMUNIDAD DE);5.2.1.-Robos con fuerza en las cosas en el interior de vehículos;2022;21.974
MADRID (COMUNIDAD DE);5.2.1.-Robos con fuerza en las cosas en el interior de vehículos;2021;17.229
MADRID (COMUNIDAD DE);5.2.1.-Robos con fuerza en las cosas en el interior de vehículos;2020;15.947
MADRID (COMUNIDAD DE);5.2.1.-Robos con fuerza en las cosas en el interior de vehículos;2019;24.125
MADRID (COMUNIDAD DE);5.2.1.-Robos con fuerza en las cosas en el interior de vehículos;2018;24.583
MADRID (COMUNIDAD DE);5.2.1.-Robos con fuerza en las cosas en el interior de vehículos;2017;24.412
MADRID (COMUNIDAD DE);5.2.1.-Robos con fuerza en las cosas en el interior de vehículos;2016;26.262
MADRID (COMUNIDAD DE);5.2.1.-Robos con fuerza en las cosas en el interior de vehículos;2015;24.021
MADRID (COMUNIDAD DE);5.2.1.-Robos con fuerza en las cosas en el interior de vehículos;2014;25.162
MADRID (COMUNIDAD DE);5.2.1.-Robos con fuerza en las cosas en el interior de vehículos;2013;29.116
MADRID (COMUNIDAD DE);5.2.1.-Robos con fuerza en las cosas en el interior de vehículos;2012;34.034
MADRID (COMUNIDAD DE);5.2.1.-Robos con fuerza en las cosas en el interior de vehículos;2011;36.153
MADRID (COMUNIDAD DE);5.2.1.-Robos con fuerza en las cosas en el interior de vehículos;2010;34.265
MADRID (COMUNIDAD DE);5.2.2.-Robos con fuerza en viviendas;2023;9.336
MADRID (COMUNIDAD DE);5.2.2.-Robos con fuerza en viviendas;2022;9.518
MADRID (COMUNIDAD DE);5.2.2.-Robos con fuerza en viviendas;2021;8.243
MADRID (COMUNIDAD DE);5.2.2.-Robos con fuerza en viviendas;2020;7.052
MADRID (COMUNIDAD DE);5.2.2.-Robos con fuerza en viviendas;2019;11.469
MADRID (COMUNIDAD DE);5.2.2.-Robos con fuerza en viviendas;2018;12.781
MADRID (COMUNIDAD DE);5.2.2.-Robos con fuerza en viviendas;2017;12.562
MADRID (COMUNIDAD DE);5.2.2.-Robos con fuerza en viviendas;2016;15.783
MADRID (COMUNIDAD DE);5.2.2.-Robos con fuerza en viviendas;2015;15.915
MADRID (COMUNIDAD DE);5.2.2.-Robos con fuerza en viviendas;2014;16.656
MADRID (COMUNIDAD DE);5.2.2.-Robos con fuerza en viviendas;2013;15.924
MADRID (COMUNIDAD DE);5.2.2.-Robos con fuerza en viviendas;2012;14.341
MADRID (COMUNIDAD DE);5.2.2.-Robos con fuerza en viviendas;2011;11.279
MADRID (COMUNIDAD DE);5.2.2.-Robos con fuerza en viviendas;2010;13.005
MADRID (COMUNIDAD DE);5.2.3.-Robos con fuerza en establecimientos;2023;4.998
MADRID (COMUNIDAD DE);5.2.3.-Robos con fuerza en establecimientos;2022;4.034
MADRID (COMUNIDAD DE);5.2.3.-Robos con fuerza en establecimientos;2021;3.940
MADRID (COMUNIDAD DE);5.2.3.-Robos con fuerza en establecimientos;2020;4.972
MADRID (COMUNIDAD DE);5.2.3.-Robos con fuerza en establecimientos;2019;6.462
MADRID (COMUNIDAD DE);5.2.3.-Robos con fuerza en establecimientos;2018;6.282
MADRID (COMUNIDAD DE);5.2.3.-Robos con fuerza en establecimientos;2017;6.457
MADRID (COMUNIDAD DE);5.2.3.-Robos con fuerza en establecimientos;2016;7.175
MADRID (COMUNIDAD DE);5.2.3.-Robos con fuerza en establecimientos;2015;6.488
MADRID (COMUNIDAD DE);5.2.3.-Robos con fuerza en establecimientos;2014;7.154
MADRID (COMUNIDAD DE);5.2.3.-Robos con fuerza en establecimientos;2013;7.347
MADRID (COMUNIDAD DE);5.2.3.-Robos con fuerza en establecimientos;2012;7.457
MADRID (COMUNIDAD DE);5.2.3.-Robos con fuerza en establecimientos;2011;7.016
MADRID (COMUNIDAD DE);5.2.3.-Robos con fuerza en establecimientos;2010;7.890
MADRID (COMUNIDAD DE);5.3.-Robos con violencia o intimidación;2023;12.015
MADRID (COMUNIDAD DE);5.3.-Robos con violencia o intimidación;2022;12.626
MADRID (COMUNIDAD DE);5.3.-Robos con violencia o intimidación;2021;12.153
MADRID (COMUNIDAD DE);5.3.-Robos con violencia o intimidación;2020;10.688
MADRID (COMUNIDAD DE);5.3.-Robos con violencia o intimidación;2019;15.372
MADRID (COMUNIDAD DE);5.3.-Robos con violencia o intimidación;2018;14.268
MADRID (COMUNIDAD DE);5.3.-Robos con violencia o intimidación;2017;16.314
MADRID (COMUNIDAD DE);5.3.-Robos con violencia o intimidación;2016;16.992
MADRID (COMUNIDAD DE);5.3.-Robos con violencia o intimidación;2015;17.454
MADRID (COMUNIDAD DE);5.3.-Robos con violencia o intimidación;2014;18.466
MADRID (COMUNIDAD DE);5.3.-Robos con violencia o intimidación;2013;21.921
MADRID (COMUNIDAD DE);5.3.-Robos con violencia o intimidación;2012;24.795
MADRID (COMUNIDAD DE);5.3.-Robos con violencia o intimidación;2011;21.619
MADRID (COMUNIDAD DE);5.3.-Robos con violencia o intimidación;2010;20.832
MADRID (COMUNIDAD DE);5.3.1.-Robos con violencia en vía pública;2023;8.252
MADRID (COMUNIDAD DE);5.3.1.-Robos con violencia en vía pública;2022;8.560
MADRID (COMUNIDAD DE);5.3.1.-Robos con violencia en vía pública;2021;8.283
MADRID (COMUNIDAD DE);5.3.1.-Robos con violencia en vía pública;2020;7.362
MADRID (COMUNIDAD DE);5.3.1.-Robos con violencia en vía pública;2019;10.896
MADRID (COMUNIDAD DE);5.3.1.-Robos con violencia en vía pública;2018;9.938
MADRID (COMUNIDAD DE);5.3.1.-Robos con violencia en vía pública;2017;11.551
MADRID (COMUNIDAD DE);5.3.1.-Robos con violencia en vía pública;2016;12.130
MADRID (COMUNIDAD DE);5.3.1.-Robos con violencia en vía pública;2015;12.307
MADRID (COMUNIDAD DE);5.3.1.-Robos con violencia en vía pública;2014;13.157
MADRID (COMUNIDAD DE);5.3.1.-Robos con violencia en vía pública;2013;15.807
MADRID (COMUNIDAD DE);5.3.1.-Robos con violencia en vía pública;2012;18.007
MADRID (COMUNIDAD DE);5.3.1.-Robos con violencia en vía pública;2011;15.033
MADRID (COMUNIDAD DE);5.3.1.-Robos con violencia en vía pública;2010;15.318
MADRID (COMUNIDAD DE);5.3.2.-Robos con violencia en viviendas;2023;646
MADRID (COMUNIDAD DE);5.3.2.-Robos con violencia en viviendas;2022;582
MADRID (COMUNIDAD DE);5.3.2.-Robos con violencia en viviendas;2021;721
MADRID (COMUNIDAD DE);5.3.2.-Robos con violencia en viviendas;2020;633
MADRID (COMUNIDAD DE);5.3.2.-Robos con violencia en viviendas;2019;871
MADRID (COMUNIDAD DE);5.3.2.-Robos con violencia en viviendas;2018;881
MADRID (COMUNIDAD DE);5.3.2.-Robos con violencia en viviendas;2017;1.093
MADRID (COMUNIDAD DE);5.3.2.-Robos con violencia en viviendas;2016;1.134
MADRID (COMUNIDAD DE);5.3.2.-Robos con violencia en viviendas;2015;1.463
MADRID (COMUNIDAD DE);5.3.2.-Robos con violencia en viviendas;2014;1.754
MADRID (COMUNIDAD DE);5.3.2.-Robos con violencia en viviendas;2013;2.013
MADRID (COMUNIDAD DE);5.3.2.-Robos con violencia en viviendas;2012;2.116
MADRID (COMUNIDAD DE);5.3.2.-Robos con violencia en viviendas;2011;1.576
MADRID (COMUNIDAD DE);5.3.2.-Robos con violencia en viviendas;2010;1.213
MADRID (COMUNIDAD DE);5.3.3.-Robos con violencia en establecimientos;2023;1.495
MADRID (COMUNIDAD DE);5.3.3.-Robos con violencia en establecimientos;2022;1.661
MADRID (COMUNIDAD DE);5.3.3.-Robos con violencia en establecimientos;2021;1.277
MADRID (COMUNIDAD DE);5.3.3.-Robos con violencia en establecimientos;2020;1.304
MADRID (COMUNIDAD DE);5.3.3.-Robos con violencia en establecimientos;2019;1.595
MADRID (COMUNIDAD DE);5.3.3.-Robos con violencia en establecimientos;2018;1.572
MADRID (COMUNIDAD DE);5.3.3.-Robos con violencia en establecimientos;2017;1.616
MADRID (COMUNIDAD DE);5.3.3.-Robos con violencia en establecimientos;2016;1.547
MADRID (COMUNIDAD DE);5.3.3.-Robos con violencia en establecimientos;2015;1.607
MADRID (COMUNIDAD DE);5.3.3.-Robos con violencia en establecimientos;2014;1.610
MADRID (COMUNIDAD DE);5.3.3.-Robos con violencia en establecimientos;2013;1.829
MADRID (COMUNIDAD DE);5.3.3.-Robos con violencia en establecimientos;2012;1.929
MADRID (COMUNIDAD DE);5.3.3.-Robos con violencia en establecimientos;2011;1.776
MADRID (COMUNIDAD DE);5.3.3.-Robos con violencia en establecimientos;2010;2.205
MADRID (COMUNIDAD DE);5.4.-Sustracción de vehículos;2023;7.061
MADRID (COMUNIDAD DE);5.4.-Sustracción de vehículos;2022;7.397
MADRID (COMUNIDAD DE);5.4.-Sustracción de vehículos;2021;6.922
MADRID (COMUNIDAD DE);5.4.-Sustracción de vehículos;2020;6.235
MADRID (COMUNIDAD DE);5.4.-Sustracción de vehículos;2019;8.030
MADRID (COMUNIDAD DE);5.4.-Sustracción de vehículos;2018;8.620
MADRID (COMUNIDAD DE);5.4.-Sustracción de vehículos;2017;10.715
MADRID (COMUNIDAD DE);5.4.-Sustracción de vehículos;2016;10.504
MADRID (COMUNIDAD DE);5.4.-Sustracción de vehículos;2015;10.113
MADRID (COMUNIDAD DE);5.4.-Sustracción de vehículos;2014;10.352
MADRID (COMUNIDAD DE);5.4.-Sustracción de vehículos;2013;12.333
MADRID (COMUNIDAD DE);5.4.-Sustracción de vehículos;2012;13.236
MADRID (COMUNIDAD DE);5.4.-Sustracción de vehículos;2011;13.571
MADRID (COMUNIDAD DE);5.4.-Sustracción de vehículos;2010;13.739
MADRID (COMUNIDAD DE);5.5.-Estafas;2023;90.148
MADRID (COMUNIDAD DE);5.5.-Estafas;2022;80.979
MADRID (COMUNIDAD DE);5.5.-Estafas;2021;66.395
MADRID (COMUNIDAD DE);5.5.-Estafas;2020;64.133
MADRID (COMUNIDAD DE);5.5.-Estafas;2019;62.020
MADRID (COMUNIDAD DE);5.5.-Estafas;2018;51.869
MADRID (COMUNIDAD DE);5.5.-Estafas;2017;38.712
MADRID (COMUNIDAD DE);5.5.-Estafas;2016;32.206
MADRID (COMUNIDAD DE);5.5.-Estafas;2015;28.952
MADRID (COMUNIDAD DE);5.5.-Estafas;2014;23.698
MADRID (COMUNIDAD DE);5.5.-Estafas;2013;21.601
MADRID (COMUNIDAD DE);5.5.-Estafas;2012;22.223
MADRID (COMUNIDAD DE);5.5.-Estafas;2011;20.151
MADRID (COMUNIDAD DE);5.5.-Estafas;2010;21.502
MADRID (COMUNIDAD DE);5.5.1.-Estafas informáticas;2023;71.534
MADRID (COMUNIDAD DE);5.5.1.-Estafas informáticas;2022;57.794
MADRID (COMUNIDAD DE);5.5.1.-Estafas informáticas;2021;46.978
MADRID (COMUNIDAD DE);5.5.1.-Estafas informáticas;2020;44.139
MADRID (COMUNIDAD DE);5.5.1.-Estafas informáticas;2019;32.841
MADRID (COMUNIDAD DE);5.5.1.-Estafas informáticas;2018;16.509
MADRID (COMUNIDAD DE);5.5.1.-Estafas informáticas;2017;8.887
MADRID (COMUNIDAD DE);5.5.1.-Estafas informáticas;2016;7.210
MADRID (COMUNIDAD DE);5.5.1.-Estafas informáticas;2015;7.001
MADRID (COMUNIDAD DE);5.5.1.-Estafas informáticas;2014;5.128
MADRID (COMUNIDAD DE);5.5.1.-Estafas informáticas;2013;4.625
MADRID (COMUNIDAD DE);5.5.1.-Estafas informáticas;2012;4.826
MADRID (COMUNIDAD DE);5.5.1.-Estafas informáticas;2011;3.665
MADRID (COMUNIDAD DE);5.5.1.-Estafas informáticas;2010;3.226
MADRID (COMUNIDAD DE);5.6.-Daños;2023;34.276
MADRID (COMUNIDAD DE);5.6.-Daños;2022;35.696
MADRID (COMUNIDAD DE);5.6.-Daños;2021;34.336
MADRID (COMUNIDAD DE);5.6.-Daños;2020;31.429
MADRID (COMUNIDAD DE);5.6.-Daños;2019;42.315
MADRID (COMUNIDAD DE);5.6.-Daños;2018;40.852
MADRID (COMUNIDAD DE);5.6.-Daños;2017;41.989
MADRID (COMUNIDAD DE);5.6.-Daños;2016;44.007
MADRID (COMUNIDAD DE);5.6.-Daños;2015;43.823
MADRID (COMUNIDAD DE);5.6.-Daños;2014;43.351
MADRID (COMUNIDAD DE);5.6.-Daños;2013;44.149
MADRID (COMUNIDAD DE);5.6.-Daños;2012;47.782
MADRID (COMUNIDAD DE);5.6.-Daños;2011;47.421
MADRID (COMUNIDAD DE);5.6.-Daños;2010;49.311
MADRID (COMUNIDAD DE);5.7.-Contra la propiedad intelectual/industrial;2023;119
MADRID (COMUNIDAD DE);5.7.-Contra la propiedad intelectual/industrial;2022;183
MADRID (COMUNIDAD DE);5.7.-Contra la propiedad intelectual/industrial;2021;93
MADRID (COMUNIDAD DE);5.7.-Contra la propiedad intelectual/industrial;2020;76
MADRID (COMUNIDAD DE);5.7.-Contra la propiedad intelectual/industrial;2019;202
MADRID (COMUNIDAD DE);5.7.-Contra la propiedad intelectual/industrial;2018;234
MADRID (COMUNIDAD DE);5.7.-Contra la propiedad intelectual/industrial;2017;235
MADRID (COMUNIDAD DE);5.7.-Contra la propiedad intelectual/industrial;2016;255
MADRID (COMUNIDAD DE);5.7.-Contra la propiedad intelectual/industrial;2015;285
MADRID (COMUNIDAD DE);5.7.-Contra la propiedad intelectual/industrial;2014;472
MADRID (COMUNIDAD DE);5.7.-Contra la propiedad intelectual/industrial;2013;709
MADRID (COMUNIDAD DE);5.7.-Contra la propiedad intelectual/industrial;2012;543
MADRID (COMUNIDAD DE);5.7.-Contra la propiedad intelectual/industrial;2011;470
MADRID (COMUNIDAD DE);5.7.-Contra la propiedad intelectual/industrial;2010;819
MADRID (COMUNIDAD DE);5.8.-Blanqueo de capitales;2023;81
MADRID (COMUNIDAD DE);5.8.-Blanqueo de capitales;2022;73
MADRID (COMUNIDAD DE);5.8.-Blanqueo de capitales;2021;47
MADRID (COMUNIDAD DE);5.8.-Blanqueo de capitales;2020;42
MADRID (COMUNIDAD DE);5.8.-Blanqueo de capitales;2019;35
MADRID (COMUNIDAD DE);5.8.-Blanqueo de capitales;2018;32
MADRID (COMUNIDAD DE);5.8.-Blanqueo de capitales;2017;43
MADRID (COMUNIDAD DE);5.8.-Blanqueo de capitales;2016;37
MADRID (COMUNIDAD DE);5.8.-Blanqueo de capitales;2015;74
MADRID (COMUNIDAD DE);5.8.-Blanqueo de capitales;2014;36
MADRID (COMUNIDAD DE);5.8.-Blanqueo de capitales;2013;34
MADRID (COMUNIDAD DE);5.8.-Blanqueo de capitales;2012;49
MADRID (COMUNIDAD DE);5.8.-Blanqueo de capitales;2011;30
MADRID (COMUNIDAD DE);5.8.-Blanqueo de capitales;2010;37
MADRID (COMUNIDAD DE);5.9.-Otros contra el patrimonio;2023;10.222
MADRID (COMUNIDAD DE);5.9.-Otros contra el patrimonio;2022;9.255
MADRID (COMUNIDAD DE);5.9.-Otros contra el patrimonio;2021;7.543
MADRID (COMUNIDAD DE);5.9.-Otros contra el patrimonio;2020;6.744
MADRID (COMUNIDAD DE);5.9.-Otros contra el patrimonio;2019;8.302
MADRID (COMUNIDAD DE);5.9.-Otros contra el patrimonio;2018;8.090
MADRID (COMUNIDAD DE);5.9.-Otros contra el patrimonio;2017;6.382
MADRID (COMUNIDAD DE);5.9.-Otros contra el patrimonio;2016;5.573
MADRID (COMUNIDAD DE);5.9.-Otros contra el patrimonio;2015;6.440
MADRID (COMUNIDAD DE);5.9.-Otros contra el patrimonio;2014;6.853
MADRID (COMUNIDAD DE);5.9.-Otros contra el patrimonio;2013;5.669
MADRID (COMUNIDAD DE);5.9.-Otros contra el patrimonio;2012;4.649
MADRID (COMUNIDAD DE);5.9.-Otros contra el patrimonio;2011;3.593
MADRID (COMUNIDAD DE);5.9.-Otros contra el patrimonio;2010;2.913
MADRID (COMUNIDAD DE);6. SEGURIDAD COLECTIVA;2023;8.997
MADRID (COMUNIDAD DE);6. SEGURIDAD COLECTIVA;2022;8.640
MADRID (COMUNIDAD DE);6. SEGURIDAD COLECTIVA;2021;7.463
MADRID (COMUNIDAD DE);6. SEGURIDAD COLECTIVA;2020;6.933
MADRID (COMUNIDAD DE);6. SEGURIDAD COLECTIVA;2019;7.696
MADRID (COMUNIDAD DE);6. SEGURIDAD COLECTIVA;2018;6.607
MADRID (COMUNIDAD DE);6. SEGURIDAD COLECTIVA;2017;5.830
MADRID (COMUNIDAD DE);6. SEGURIDAD COLECTIVA;2016;5.913
MADRID (COMUNIDAD DE);6. SEGURIDAD COLECTIVA;2015;6.081
MADRID (COMUNIDAD DE);6. SEGURIDAD COLECTIVA;2014;7.092
MADRID (COMUNIDAD DE);6. SEGURIDAD COLECTIVA;2013;7.690
MADRID (COMUNIDAD DE);6. SEGURIDAD COLECTIVA;2012;7.649
MADRID (COMUNIDAD DE);6. SEGURIDAD COLECTIVA;2011;7.342
MADRID (COMUNIDAD DE);6. SEGURIDAD COLECTIVA;2010;7.563
MADRID (COMUNIDAD DE);6.1.-Tráfico de drogas;2023;3.389
MADRID (COMUNIDAD DE);6.1.-Tráfico de drogas;2022;2.984
MADRID (COMUNIDAD DE);6.1.-Tráfico de drogas;2021;2.502
MADRID (COMUNIDAD DE);6.1.-Tráfico de drogas;2020;2.470
MADRID (COMUNIDAD DE);6.1.-Tráfico de drogas;2019;2.577
MADRID (COMUNIDAD DE);6.1.-Tráfico de drogas;2018;1.955
MADRID (COMUNIDAD DE);6.1.-Tráfico de drogas;2017;1.608
MADRID (COMUNIDAD DE);6.1.-Tráfico de drogas;2016;1.463
MADRID (COMUNIDAD DE);6.1.-Tráfico de drogas;2015;1.441
MADRID (COMUNIDAD DE);6.1.-Tráfico de drogas;2014;1.599
MADRID (COMUNIDAD DE);6.1.-Tráfico de drogas;2013;1.737
MADRID (COMUNIDAD DE);6.1.-Tráfico de drogas;2012;1.943
MADRID (COMUNIDAD DE);6.1.-Tráfico de drogas;2011;2.112
MADRID (COMUNIDAD DE);6.1.-Tráfico de drogas;2010;2.876
MADRID (COMUNIDAD DE);6.2.-Contra la seguridad vial;2023;5.381
MADRID (COMUNIDAD DE);6.2.-Contra la seguridad vial;2022;5.425
MADRID (COMUNIDAD DE);6.2.-Contra la seguridad vial;2021;4.759
MADRID (COMUNIDAD DE);6.2.-Contra la seguridad vial;2020;4.270
MADRID (COMUNIDAD DE);6.2.-Contra la seguridad vial;2019;4.873
MADRID (COMUNIDAD DE);6.2.-Contra la seguridad vial;2018;4.278
MADRID (COMUNIDAD DE);6.2.-Contra la seguridad vial;2017;3.966
MADRID (COMUNIDAD DE);6.2.-Contra la seguridad vial;2016;4.227
MADRID (COMUNIDAD DE);6.2.-Contra la seguridad vial;2015;4.373
MADRID (COMUNIDAD DE);6.2.-Contra la seguridad vial;2014;5.207
MADRID (COMUNIDAD DE);6.2.-Contra la seguridad vial;2013;5.688
MADRID (COMUNIDAD DE);6.2.-Contra la seguridad vial;2012;5.448
MADRID (COMUNIDAD DE);6.2.-Contra la seguridad vial;2011;4.976
MADRID (COMUNIDAD DE);6.2.-Contra la seguridad vial;2010;4.473
MADRID (COMUNIDAD DE);6.3.-Otros contra la seguridad colectiva;2023;227
MADRID (COMUNIDAD DE);6.3.-Otros contra la seguridad colectiva;2022;231
MADRID (COMUNIDAD DE);6.3.-Otros contra la seguridad colectiva;2021;202
MADRID (COMUNIDAD DE);6.3.-Otros contra la seguridad colectiva;2020;193
MADRID (COMUNIDAD DE);6.3.-Otros contra la seguridad colectiva;2019;246
MADRID (COMUNIDAD DE);6.3.-Otros contra la seguridad colectiva;2018;374
MADRID (COMUNIDAD DE);6.3.-Otros contra la seguridad colectiva;2017;256
MADRID (COMUNIDAD DE);6.3.-Otros contra la seguridad colectiva;2016;223
MADRID (COMUNIDAD DE);6.3.-Otros contra la seguridad colectiva;2015;267
MADRID (COMUNIDAD DE);6.3.-Otros contra la seguridad colectiva;2014;286
MADRID (COMUNIDAD DE);6.3.-Otros contra la seguridad colectiva;2013;265
MADRID (COMUNIDAD DE);6.3.-Otros contra la seguridad colectiva;2012;258
MADRID (COMUNIDAD DE);6.3.-Otros contra la seguridad colectiva;2011;254
MADRID (COMUNIDAD DE);6.3.-Otros contra la seguridad colectiva;2010;214
MADRID (COMUNIDAD DE);7. FALSEDADES;2023;9.589
MADRID (COMUNIDAD DE);7. FALSEDADES;2022;8.149
MADRID (COMUNIDAD DE);7. FALSEDADES;2021;6.857
MADRID (COMUNIDAD DE);7. FALSEDADES;2020;4.584
MADRID (COMUNIDAD DE);7. FALSEDADES;2019;4.042
MADRID (COMUNIDAD DE);7. FALSEDADES;2018;3.445
MADRID (COMUNIDAD DE);7. FALSEDADES;2017;3.257
MADRID (COMUNIDAD DE);7. FALSEDADES;2016;2.931
MADRID (COMUNIDAD DE);7. FALSEDADES;2015;3.371
MADRID (COMUNIDAD DE);7. FALSEDADES;2014;3.170
MADRID (COMUNIDAD DE);7. FALSEDADES;2013;2.823
MADRID (COMUNIDAD DE);7. FALSEDADES;2012;2.996
MADRID (COMUNIDAD DE);7. FALSEDADES;2011;3.737
MADRID (COMUNIDAD DE);7. FALSEDADES;2010;3.370
MADRID (COMUNIDAD DE);8. ADMÓN. PÚBLICA;2023;42
MADRID (COMUNIDAD DE);8. ADMÓN. PÚBLICA;2022;59
MADRID (COMUNIDAD DE);8. ADMÓN. PÚBLICA;2021;60
MADRID (COMUNIDAD DE);8. ADMÓN. PÚBLICA;2020;35
MADRID (COMUNIDAD DE);8. ADMÓN. PÚBLICA;2019;55
MADRID (COMUNIDAD DE);8. ADMÓN. PÚBLICA;2018;87
MADRID (COMUNIDAD DE);8. ADMÓN. PÚBLICA;2017;37
MADRID (COMUNIDAD DE);8. ADMÓN. PÚBLICA;2016;78
MADRID (COMUNIDAD DE);8. ADMÓN. PÚBLICA;2015;57
MADRID (COMUNIDAD DE);8. ADMÓN. PÚBLICA;2014;32
MADRID (COMUNIDAD DE);8. ADMÓN. PÚBLICA;2013;24
MADRID (COMUNIDAD DE);8. ADMÓN. PÚBLICA;2012;37
MADRID (COMUNIDAD DE);8. ADMÓN. PÚBLICA;2011;28
MADRID (COMUNIDAD DE);8. ADMÓN. PÚBLICA;2010;46
MADRID (COMUNIDAD DE);9. ADMÓN. JUSTICIA;2023;5.631
MADRID (COMUNIDAD DE);9. ADMÓN. JUSTICIA;2022;5.377
MADRID (COMUNIDAD DE);9. ADMÓN. JUSTICIA;2021;5.006
MADRID (COMUNIDAD DE);9. ADMÓN. JUSTICIA;2020;4.481
MADRID (COMUNIDAD DE);9. ADMÓN. JUSTICIA;2019;4.671
MADRID (COMUNIDAD DE);9. ADMÓN. JUSTICIA;2018;4.464
MADRID (COMUNIDAD DE);9. ADMÓN. JUSTICIA;2017;4.319
MADRID (COMUNIDAD DE);9. ADMÓN. JUSTICIA;2016;4.029
MADRID (COMUNIDAD DE);9. ADMÓN. JUSTICIA;2015;3.587
MADRID (COMUNIDAD DE);9. ADMÓN. JUSTICIA;2014;3.505
MADRID (COMUNIDAD DE);9. ADMÓN. JUSTICIA;2013;3.553
MADRID (COMUNIDAD DE);9. ADMÓN. JUSTICIA;2012;4.013
MADRID (COMUNIDAD DE);9. ADMÓN. JUSTICIA;2011;4.387
MADRID (COMUNIDAD DE);9. ADMÓN. JUSTICIA;2010;3.802
MADRID (COMUNIDAD DE);10. ORDEN PÚBLICO;2023;5.706
MADRID (COMUNIDAD DE);10. ORDEN PÚBLICO;2022;5.479
MADRID (COMUNIDAD DE);10. ORDEN PÚBLICO;2021;5.747
MADRID (COMUNIDAD DE);10. ORDEN PÚBLICO;2020;5.673
MADRID (COMUNIDAD DE);10. ORDEN PÚBLICO;2019;4.428
MADRID (COMUNIDAD DE);10. ORDEN PÚBLICO;2018;3.754
MADRID (COMUNIDAD DE);10. ORDEN PÚBLICO;2017;3.824
MADRID (COMUNIDAD DE);10. ORDEN PÚBLICO;2016;3.793
MADRID (COMUNIDAD DE);10. ORDEN PÚBLICO;2015;4.178
MADRID (COMUNIDAD DE);10. ORDEN PÚBLICO;2014;4.930
MADRID (COMUNIDAD DE);10. ORDEN PÚBLICO;2013;5.168
MADRID (COMUNIDAD DE);10. ORDEN PÚBLICO;2012;5.528
MADRID (COMUNIDAD DE);10. ORDEN PÚBLICO;2011;5.948
MADRID (COMUNIDAD DE);10. ORDEN PÚBLICO;2010;5.136
MADRID (COMUNIDAD DE);11. LEGISLACIÓN ESPECIAL;2023;35
MADRID (COMUNIDAD DE);11. LEGISLACIÓN ESPECIAL;2022;11
MADRID (COMUNIDAD DE);11. LEGISLACIÓN ESPECIAL;2021;22
MADRID (COMUNIDAD DE);11. LEGISLACIÓN ESPECIAL;2020;9
MADRID (COMUNIDAD DE);11. LEGISLACIÓN ESPECIAL;2019;24
MADRID (COMUNIDAD DE);11. LEGISLACIÓN ESPECIAL;2018;10
MADRID (COMUNIDAD DE);11. LEGISLACIÓN ESPECIAL;2017;15
MADRID (COMUNIDAD DE);11. LEGISLACIÓN ESPECIAL;2016;10
MADRID (COMUNIDAD DE);11. LEGISLACIÓN ESPECIAL;2015;19
MADRID (COMUNIDAD DE);11. LEGISLACIÓN ESPECIAL;2014;9
MADRID (COMUNIDAD DE);11. LEGISLACIÓN ESPECIAL;2013;10
MADRID (COMUNIDAD DE);11. LEGISLACIÓN ESPECIAL;2012;17
MADRID (COMUNIDAD DE);11. LEGISLACIÓN ESPECIAL;2011;15
MADRID (COMUNIDAD DE);11. LEGISLACIÓN ESPECIAL;2010;2
MADRID (COMUNIDAD DE);12. OTRAS INFRACCIONES PENALES;2023;1.072
MADRID (COMUNIDAD DE);12. OTRAS INFRACCIONES PENALES;2022;983
MADRID (COMUNIDAD DE);12. OTRAS INFRACCIONES PENALES;2021;848
MADRID (COMUNIDAD DE);12. OTRAS INFRACCIONES PENALES;2020;871
MADRID (COMUNIDAD DE);12. OTRAS INFRACCIONES PENALES;2019;1.004
MADRID (COMUNIDAD DE);12. OTRAS INFRACCIONES PENALES;2018;1.012
MADRID (COMUNIDAD DE);12. OTRAS INFRACCIONES PENALES;2017;852
MADRID (COMUNIDAD DE);12. OTRAS INFRACCIONES PENALES;2016;1.010
MADRID (COMUNIDAD DE);12. OTRAS INFRACCIONES PENALES;2015;1.469
MADRID (COMUNIDAD DE);12. OTRAS INFRACCIONES PENALES;2014;1.038
MADRID (COMUNIDAD DE);12. OTRAS INFRACCIONES PENALES;2013;985
MADRID (COMUNIDAD DE);12. OTRAS INFRACCIONES PENALES;2012;754
MADRID (COMUNIDAD DE);12. OTRAS INFRACCIONES PENALES;2011;729
MADRID (COMUNIDAD DE);12. OTRAS INFRACCIONES PENALES;2010;673
MADRID (COMUNIDAD DE);TOTAL INFRACCIONES PENALES;2023;411.782
MADRID (COMUNIDAD DE);TOTAL INFRACCIONES PENALES;2022;401.924
MADRID (COMUNIDAD DE);TOTAL INFRACCIONES PENALES;2021;345.987
MADRID (COMUNIDAD DE);TOTAL INFRACCIONES PENALES;2020;310.194
MADRID (COMUNIDAD DE);TOTAL INFRACCIONES PENALES;2019;407.736
MADRID (COMUNIDAD DE);TOTAL INFRACCIONES PENALES;2018;389.914
MADRID (COMUNIDAD DE);TOTAL INFRACCIONES PENALES;2017;381.242
MADRID (COMUNIDAD DE);TOTAL INFRACCIONES PENALES;2016;373.402
MADRID (COMUNIDAD DE);TOTAL INFRACCIONES PENALES;2015;365.006
MADRID (COMUNIDAD DE);TOTAL INFRACCIONES PENALES;2014;365.599
MADRID (COMUNIDAD DE);TOTAL INFRACCIONES PENALES;2013;379.114
MADRID (COMUNIDAD DE);TOTAL INFRACCIONES PENALES;2012;393.872
MADRID (COMUNIDAD DE);TOTAL INFRACCIONES PENALES;2011;393.029
MADRID (COMUNIDAD DE);TOTAL INFRACCIONES PENALES;2010;401.871
MURCIA (REGIÓN DE);1. CONTRA LAS PERSONAS;2023;8.520
MURCIA (REGIÓN DE);1. CONTRA LAS PERSONAS;2022;7.590
MURCIA (REGIÓN DE);1. CONTRA LAS PERSONAS;2021;6.658
MURCIA (REGIÓN DE);1. CONTRA LAS PERSONAS;2020;5.597
MURCIA (REGIÓN DE);1. CONTRA LAS PERSONAS;2019;6.237
MURCIA (REGIÓN DE);1. CONTRA LAS PERSONAS;2018;6.010
MURCIA (REGIÓN DE);1. CONTRA LAS PERSONAS;2017;6.033
MURCIA (REGIÓN DE);1. CONTRA LAS PERSONAS;2016;5.768
MURCIA (REGIÓN DE);1. CONTRA LAS PERSONAS;2015;7.534
MURCIA (REGIÓN DE);1. CONTRA LAS PERSONAS;2014;8.920
MURCIA (REGIÓN DE);1. CONTRA LAS PERSONAS;2013;8.457
MURCIA (REGIÓN DE);1. CONTRA LAS PERSONAS;2012;9.550
MURCIA (REGIÓN DE);1. CONTRA LAS PERSONAS;2011;10.017
MURCIA (REGIÓN DE);1. CONTRA LAS PERSONAS;2010;9.882
MURCIA (REGIÓN DE);1.1.-Homicidios dolosos/asesinatos;2023;80
MURCIA (REGIÓN DE);1.1.-Homicidios dolosos/asesinatos;2022;59
MURCIA (REGIÓN DE);1.1.-Homicidios dolosos/asesinatos;2021;60
MURCIA (REGIÓN DE);1.1.-Homicidios dolosos/asesinatos;2020;51
MURCIA (REGIÓN DE);1.1.-Homicidios dolosos/asesinatos;2019;39
MURCIA (REGIÓN DE);1.1.-Homicidios dolosos/asesinatos;2018;36
MURCIA (REGIÓN DE);1.1.-Homicidios dolosos/asesinatos;2017;45
MURCIA (REGIÓN DE);1.1.-Homicidios dolosos/asesinatos;2016;34
MURCIA (REGIÓN DE);1.1.-Homicidios dolosos/asesinatos;2015;37
MURCIA (REGIÓN DE);1.1.-Homicidios dolosos/asesinatos;2014;33
MURCIA (REGIÓN DE);1.1.-Homicidios dolosos/asesinatos;2013;26
MURCIA (REGIÓN DE);1.1.-Homicidios dolosos/asesinatos;2012;36
MURCIA (REGIÓN DE);1.1.-Homicidios dolosos/asesinatos;2011;39
MURCIA (REGIÓN DE);1.1.-Homicidios dolosos/asesinatos;2010;43
MURCIA (REGIÓN DE);1.1.1.-Homicidios dolosos/asesinatos consumados;2023;15
MURCIA (REGIÓN DE);1.1.1.-Homicidios dolosos/asesinatos consumados;2022;8
MURCIA (REGIÓN DE);1.1.1.-Homicidios dolosos/asesinatos consumados;2021;14
MURCIA (REGIÓN DE);1.1.1.-Homicidios dolosos/asesinatos consumados;2020;10
MURCIA (REGIÓN DE);1.1.1.-Homicidios dolosos/asesinatos consumados;2019;13
MURCIA (REGIÓN DE);1.1.1.-Homicidios dolosos/asesinatos consumados;2018;11
MURCIA (REGIÓN DE);1.1.1.-Homicidios dolosos/asesinatos consumados;2017;14
MURCIA (REGIÓN DE);1.1.1.-Homicidios dolosos/asesinatos consumados;2016;12
MURCIA (REGIÓN DE);1.1.1.-Homicidios dolosos/asesinatos consumados;2015;12
MURCIA (REGIÓN DE);1.1.1.-Homicidios dolosos/asesinatos consumados;2014;8
MURCIA (REGIÓN DE);1.1.1.-Homicidios dolosos/asesinatos consumados;2013;5
MURCIA (REGIÓN DE);1.1.1.-Homicidios dolosos/asesinatos consumados;2012;10
MURCIA (REGIÓN DE);1.1.1.-Homicidios dolosos/asesinatos consumados;2011;10
MURCIA (REGIÓN DE);1.1.1.-Homicidios dolosos/asesinatos consumados;2010;15
MURCIA (REGIÓN DE);1.2.-Lesiones;2023;4.325
MURCIA (REGIÓN DE);1.2.-Lesiones;2022;4.129
MURCIA (REGIÓN DE);1.2.-Lesiones;2021;3.484
MURCIA (REGIÓN DE);1.2.-Lesiones;2020;2.966
MURCIA (REGIÓN DE);1.2.-Lesiones;2019;3.449
MURCIA (REGIÓN DE);1.2.-Lesiones;2018;3.333
MURCIA (REGIÓN DE);1.2.-Lesiones;2017;3.379
MURCIA (REGIÓN DE);1.2.-Lesiones;2016;3.185
MURCIA (REGIÓN DE);1.2.-Lesiones;2015;3.241
MURCIA (REGIÓN DE);1.2.-Lesiones;2014;3.289
MURCIA (REGIÓN DE);1.2.-Lesiones;2013;3.209
MURCIA (REGIÓN DE);1.2.-Lesiones;2012;3.545
MURCIA (REGIÓN DE);1.2.-Lesiones;2011;3.727
MURCIA (REGIÓN DE);1.2.-Lesiones;2010;3.953
MURCIA (REGIÓN DE);1.3.-Malos tratos ámbito familiar;2023;3.957
MURCIA (REGIÓN DE);1.3.-Malos tratos ámbito familiar;2022;3.290
MURCIA (REGIÓN DE);1.3.-Malos tratos ámbito familiar;2021;3.030
MURCIA (REGIÓN DE);1.3.-Malos tratos ámbito familiar;2020;2.504
MURCIA (REGIÓN DE);1.3.-Malos tratos ámbito familiar;2019;2.678
MURCIA (REGIÓN DE);1.3.-Malos tratos ámbito familiar;2018;2.580
MURCIA (REGIÓN DE);1.3.-Malos tratos ámbito familiar;2017;2.566
MURCIA (REGIÓN DE);1.3.-Malos tratos ámbito familiar;2016;2.510
MURCIA (REGIÓN DE);1.3.-Malos tratos ámbito familiar;2015;2.516
MURCIA (REGIÓN DE);1.3.-Malos tratos ámbito familiar;2014;2.400
MURCIA (REGIÓN DE);1.3.-Malos tratos ámbito familiar;2013;2.319
MURCIA (REGIÓN DE);1.3.-Malos tratos ámbito familiar;2012;2.415
MURCIA (REGIÓN DE);1.3.-Malos tratos ámbito familiar;2011;2.478
MURCIA (REGIÓN DE);1.3.-Malos tratos ámbito familiar;2010;2.391
MURCIA (REGIÓN DE);1.4.-Otros contra las personas;2023;158
MURCIA (REGIÓN DE);1.4.-Otros contra las personas;2022;112
MURCIA (REGIÓN DE);1.4.-Otros contra las personas;2021;84
MURCIA (REGIÓN DE);1.4.-Otros contra las personas;2020;76
MURCIA (REGIÓN DE);1.4.-Otros contra las personas;2019;71
MURCIA (REGIÓN DE);1.4.-Otros contra las personas;2018;61
MURCIA (REGIÓN DE);1.4.-Otros contra las personas;2017;43
MURCIA (REGIÓN DE);1.4.-Otros contra las personas;2016;39
MURCIA (REGIÓN DE);1.4.-Otros contra las personas;2015;1.740
MURCIA (REGIÓN DE);1.4.-Otros contra las personas;2014;3.198
MURCIA (REGIÓN DE);1.4.-Otros contra las personas;2013;2.903
MURCIA (REGIÓN DE);1.4.-Otros contra las personas;2012;3.554
MURCIA (REGIÓN DE);1.4.-Otros contra las personas;2011;3.773
MURCIA (REGIÓN DE);1.4.-Otros contra las personas;2010;3.495
MURCIA (REGIÓN DE);2. CONTRA LA LIBERTAD;2023;5.396
MURCIA (REGIÓN DE);2. CONTRA LA LIBERTAD;2022;4.748
MURCIA (REGIÓN DE);2. CONTRA LA LIBERTAD;2021;4.415
MURCIA (REGIÓN DE);2. CONTRA LA LIBERTAD;2020;4.019
MURCIA (REGIÓN DE);2. CONTRA LA LIBERTAD;2019;3.741
MURCIA (REGIÓN DE);2. CONTRA LA LIBERTAD;2018;3.414
MURCIA (REGIÓN DE);2. CONTRA LA LIBERTAD;2017;3.312
MURCIA (REGIÓN DE);2. CONTRA LA LIBERTAD;2016;3.032
MURCIA (REGIÓN DE);2. CONTRA LA LIBERTAD;2015;2.122
MURCIA (REGIÓN DE);2. CONTRA LA LIBERTAD;2014;1.169
MURCIA (REGIÓN DE);2. CONTRA LA LIBERTAD;2013;1.128
MURCIA (REGIÓN DE);2. CONTRA LA LIBERTAD;2012;1.191
MURCIA (REGIÓN DE);2. CONTRA LA LIBERTAD;2011;1.294
MURCIA (REGIÓN DE);2. CONTRA LA LIBERTAD;2010;1.169
MURCIA (REGIÓN DE);2.1.-Malos tratos habituales en el ámbito familiar;2023;388
MURCIA (REGIÓN DE);2.1.-Malos tratos habituales en el ámbito familiar;2022;352
MURCIA (REGIÓN DE);2.1.-Malos tratos habituales en el ámbito familiar;2021;354
MURCIA (REGIÓN DE);2.1.-Malos tratos habituales en el ámbito familiar;2020;378
MURCIA (REGIÓN DE);2.1.-Malos tratos habituales en el ámbito familiar;2019;364
MURCIA (REGIÓN DE);2.1.-Malos tratos habituales en el ámbito familiar;2018;337
MURCIA (REGIÓN DE);2.1.-Malos tratos habituales en el ámbito familiar;2017;317
MURCIA (REGIÓN DE);2.1.-Malos tratos habituales en el ámbito familiar;2016;318
MURCIA (REGIÓN DE);2.1.-Malos tratos habituales en el ámbito familiar;2015;329
MURCIA (REGIÓN DE);2.1.-Malos tratos habituales en el ámbito familiar;2014;301
MURCIA (REGIÓN DE);2.1.-Malos tratos habituales en el ámbito familiar;2013;306
MURCIA (REGIÓN DE);2.1.-Malos tratos habituales en el ámbito familiar;2012;313
MURCIA (REGIÓN DE);2.1.-Malos tratos habituales en el ámbito familiar;2011;389
MURCIA (REGIÓN DE);2.1.-Malos tratos habituales en el ámbito familiar;2010;428
MURCIA (REGIÓN DE);2.2.-Otros contra la libertad;2023;5.008
MURCIA (REGIÓN DE);2.2.-Otros contra la libertad;2022;4.396
MURCIA (REGIÓN DE);2.2.-Otros contra la libertad;2021;4.061
MURCIA (REGIÓN DE);2.2.-Otros contra la libertad;2020;3.641
MURCIA (REGIÓN DE);2.2.-Otros contra la libertad;2019;3.377
MURCIA (REGIÓN DE);2.2.-Otros contra la libertad;2018;3.077
MURCIA (REGIÓN DE);2.2.-Otros contra la libertad;2017;2.995
MURCIA (REGIÓN DE);2.2.-Otros contra la libertad;2016;2.714
MURCIA (REGIÓN DE);2.2.-Otros contra la libertad;2015;1.793
MURCIA (REGIÓN DE);2.2.-Otros contra la libertad;2014;868
MURCIA (REGIÓN DE);2.2.-Otros contra la libertad;2013;822
MURCIA (REGIÓN DE);2.2.-Otros contra la libertad;2012;878
MURCIA (REGIÓN DE);2.2.-Otros contra la libertad;2011;905
MURCIA (REGIÓN DE);2.2.-Otros contra la libertad;2010;741
MURCIA (REGIÓN DE);3. LIBERTAD SEXUAL;2023;721
MURCIA (REGIÓN DE);3. LIBERTAD SEXUAL;2022;620
MURCIA (REGIÓN DE);3. LIBERTAD SEXUAL;2021;613
MURCIA (REGIÓN DE);3. LIBERTAD SEXUAL;2020;505
MURCIA (REGIÓN DE);3. LIBERTAD SEXUAL;2019;535
MURCIA (REGIÓN DE);3. LIBERTAD SEXUAL;2018;478
MURCIA (REGIÓN DE);3. LIBERTAD SEXUAL;2017;391
MURCIA (REGIÓN DE);3. LIBERTAD SEXUAL;2016;379
MURCIA (REGIÓN DE);3. LIBERTAD SEXUAL;2015;368
MURCIA (REGIÓN DE);3. LIBERTAD SEXUAL;2014;377
MURCIA (REGIÓN DE);3. LIBERTAD SEXUAL;2013;288
MURCIA (REGIÓN DE);3. LIBERTAD SEXUAL;2012;285
MURCIA (REGIÓN DE);3. LIBERTAD SEXUAL;2011;316
MURCIA (REGIÓN DE);3. LIBERTAD SEXUAL;2010;288
MURCIA (REGIÓN DE);3.1.-Agresión sexual;2023;472
MURCIA (REGIÓN DE);3.1.-Agresión sexual;2022;436
MURCIA (REGIÓN DE);3.1.-Agresión sexual;2021;395
MURCIA (REGIÓN DE);3.1.-Agresión sexual;2020;296
MURCIA (REGIÓN DE);3.1.-Agresión sexual;2019;341
MURCIA (REGIÓN DE);3.1.-Agresión sexual;2018;312
MURCIA (REGIÓN DE);3.1.-Agresión sexual;2017;240
MURCIA (REGIÓN DE);3.1.-Agresión sexual;2016;229
MURCIA (REGIÓN DE);3.1.-Agresión sexual;2015;197
MURCIA (REGIÓN DE);3.1.-Agresión sexual;2014;207
MURCIA (REGIÓN DE);3.1.-Agresión sexual;2013;152
MURCIA (REGIÓN DE);3.1.-Agresión sexual;2012;160
MURCIA (REGIÓN DE);3.1.-Agresión sexual;2011;186
MURCIA (REGIÓN DE);3.1.-Agresión sexual;2010;146
MURCIA (REGIÓN DE);3.2.-Agresión sexual con penetración;2023;110
MURCIA (REGIÓN DE);3.2.-Agresión sexual con penetración;2022;93
MURCIA (REGIÓN DE);3.2.-Agresión sexual con penetración;2021;110
MURCIA (REGIÓN DE);3.2.-Agresión sexual con penetración;2020;94
MURCIA (REGIÓN DE);3.2.-Agresión sexual con penetración;2019;73
MURCIA (REGIÓN DE);3.2.-Agresión sexual con penetración;2018;68
MURCIA (REGIÓN DE);3.2.-Agresión sexual con penetración;2017;59
MURCIA (REGIÓN DE);3.2.-Agresión sexual con penetración;2016;51
MURCIA (REGIÓN DE);3.2.-Agresión sexual con penetración;2015;53
MURCIA (REGIÓN DE);3.2.-Agresión sexual con penetración;2014;59
MURCIA (REGIÓN DE);3.2.-Agresión sexual con penetración;2013;55
MURCIA (REGIÓN DE);3.2.-Agresión sexual con penetración;2012;59
MURCIA (REGIÓN DE);3.2.-Agresión sexual con penetración;2011;62
MURCIA (REGIÓN DE);3.2.-Agresión sexual con penetración;2010;63
MURCIA (REGIÓN DE);3.3.-Corrupción de menores o incapacitados;2023;22
MURCIA (REGIÓN DE);3.3.-Corrupción de menores o incapacitados;2022;7
MURCIA (REGIÓN DE);3.3.-Corrupción de menores o incapacitados;2021;16
MURCIA (REGIÓN DE);3.3.-Corrupción de menores o incapacitados;2020;14
MURCIA (REGIÓN DE);3.3.-Corrupción de menores o incapacitados;2019;18
MURCIA (REGIÓN DE);3.3.-Corrupción de menores o incapacitados;2018;15
MURCIA (REGIÓN DE);3.3.-Corrupción de menores o incapacitados;2017;7
MURCIA (REGIÓN DE);3.3.-Corrupción de menores o incapacitados;2016;14
MURCIA (REGIÓN DE);3.3.-Corrupción de menores o incapacitados;2015;17
MURCIA (REGIÓN DE);3.3.-Corrupción de menores o incapacitados;2014;18
MURCIA (REGIÓN DE);3.3.-Corrupción de menores o incapacitados;2013;4
MURCIA (REGIÓN DE);3.3.-Corrupción de menores o incapacitados;2012;7
MURCIA (REGIÓN DE);3.3.-Corrupción de menores o incapacitados;2011;3
MURCIA (REGIÓN DE);3.3.-Corrupción de menores o incapacitados;2010;14
MURCIA (REGIÓN DE);3.4.-Pornografía de menores;2023;33
MURCIA (REGIÓN DE);3.4.-Pornografía de menores;2022;20
MURCIA (REGIÓN DE);3.4.-Pornografía de menores;2021;27
MURCIA (REGIÓN DE);3.4.-Pornografía de menores;2020;32
MURCIA (REGIÓN DE);3.4.-Pornografía de menores;2019;27
MURCIA (REGIÓN DE);3.4.-Pornografía de menores;2018;14
MURCIA (REGIÓN DE);3.4.-Pornografía de menores;2017;18
MURCIA (REGIÓN DE);3.4.-Pornografía de menores;2016;16
MURCIA (REGIÓN DE);3.4.-Pornografía de menores;2015;22
MURCIA (REGIÓN DE);3.4.-Pornografía de menores;2014;14
MURCIA (REGIÓN DE);3.4.-Pornografía de menores;2013;10
MURCIA (REGIÓN DE);3.4.-Pornografía de menores;2012;10
MURCIA (REGIÓN DE);3.4.-Pornografía de menores;2011;14
MURCIA (REGIÓN DE);3.4.-Pornografía de menores;2010;9
MURCIA (REGIÓN DE);3.5.-Otros contra la libertad sexual;2023;84
MURCIA (REGIÓN DE);3.5.-Otros contra la libertad sexual;2022;64
MURCIA (REGIÓN DE);3.5.-Otros contra la libertad sexual;2021;65
MURCIA (REGIÓN DE);3.5.-Otros contra la libertad sexual;2020;69
MURCIA (REGIÓN DE);3.5.-Otros contra la libertad sexual;2019;76
MURCIA (REGIÓN DE);3.5.-Otros contra la libertad sexual;2018;69
MURCIA (REGIÓN DE);3.5.-Otros contra la libertad sexual;2017;67
MURCIA (REGIÓN DE);3.5.-Otros contra la libertad sexual;2016;69
MURCIA (REGIÓN DE);3.5.-Otros contra la libertad sexual;2015;79
MURCIA (REGIÓN DE);3.5.-Otros contra la libertad sexual;2014;79
MURCIA (REGIÓN DE);3.5.-Otros contra la libertad sexual;2013;67
MURCIA (REGIÓN DE);3.5.-Otros contra la libertad sexual;2012;49
MURCIA (REGIÓN DE);3.5.-Otros contra la libertad sexual;2011;51
MURCIA (REGIÓN DE);3.5.-Otros contra la libertad sexual;2010;56
MURCIA (REGIÓN DE);4. RELACIONES FAMILIARES;2023;660
MURCIA (REGIÓN DE);4. RELACIONES FAMILIARES;2022;592
MURCIA (REGIÓN DE);4. RELACIONES FAMILIARES;2021;615
MURCIA (REGIÓN DE);4. RELACIONES FAMILIARES;2020;534
MURCIA (REGIÓN DE);4. RELACIONES FAMILIARES;2019;552
MURCIA (REGIÓN DE);4. RELACIONES FAMILIARES;2018;588
MURCIA (REGIÓN DE);4. RELACIONES FAMILIARES;2017;570
MURCIA (REGIÓN DE);4. RELACIONES FAMILIARES;2016;535
MURCIA (REGIÓN DE);4. RELACIONES FAMILIARES;2015;581
MURCIA (REGIÓN DE);4. RELACIONES FAMILIARES;2014;573
MURCIA (REGIÓN DE);4. RELACIONES FAMILIARES;2013;493
MURCIA (REGIÓN DE);4. RELACIONES FAMILIARES;2012;571
MURCIA (REGIÓN DE);4. RELACIONES FAMILIARES;2011;505
MURCIA (REGIÓN DE);4. RELACIONES FAMILIARES;2010;490
MURCIA (REGIÓN DE);5. PATRIMONIO;2023;52.383
MURCIA (REGIÓN DE);5. PATRIMONIO;2022;49.030
MURCIA (REGIÓN DE);5. PATRIMONIO;2021;40.153
MURCIA (REGIÓN DE);5. PATRIMONIO;2020;35.539
MURCIA (REGIÓN DE);5. PATRIMONIO;2019;41.700
MURCIA (REGIÓN DE);5. PATRIMONIO;2018;40.812
MURCIA (REGIÓN DE);5. PATRIMONIO;2017;38.611
MURCIA (REGIÓN DE);5. PATRIMONIO;2016;38.128
MURCIA (REGIÓN DE);5. PATRIMONIO;2015;39.276
MURCIA (REGIÓN DE);5. PATRIMONIO;2014;37.824
MURCIA (REGIÓN DE);5. PATRIMONIO;2013;40.564
MURCIA (REGIÓN DE);5. PATRIMONIO;2012;41.734
MURCIA (REGIÓN DE);5. PATRIMONIO;2011;41.304
MURCIA (REGIÓN DE);5. PATRIMONIO;2010;41.988
MURCIA (REGIÓN DE);5.1.-Hurtos;2023;16.564
MURCIA (REGIÓN DE);5.1.-Hurtos;2022;15.475
MURCIA (REGIÓN DE);5.1.-Hurtos;2021;11.925
MURCIA (REGIÓN DE);5.1.-Hurtos;2020;9.925
MURCIA (REGIÓN DE);5.1.-Hurtos;2019;15.138
MURCIA (REGIÓN DE);5.1.-Hurtos;2018;14.888
MURCIA (REGIÓN DE);5.1.-Hurtos;2017;15.261
MURCIA (REGIÓN DE);5.1.-Hurtos;2016;15.735
MURCIA (REGIÓN DE);5.1.-Hurtos;2015;16.697
MURCIA (REGIÓN DE);5.1.-Hurtos;2014;15.551
MURCIA (REGIÓN DE);5.1.-Hurtos;2013;17.166
MURCIA (REGIÓN DE);5.1.-Hurtos;2012;17.034
MURCIA (REGIÓN DE);5.1.-Hurtos;2011;16.390
MURCIA (REGIÓN DE);5.1.-Hurtos;2010;16.128
MURCIA (REGIÓN DE);5.2.-Robos con fuerza en las cosas;2023;10.318
MURCIA (REGIÓN DE);5.2.-Robos con fuerza en las cosas;2022;10.214
MURCIA (REGIÓN DE);5.2.-Robos con fuerza en las cosas;2021;9.127
MURCIA (REGIÓN DE);5.2.-Robos con fuerza en las cosas;2020;8.287
MURCIA (REGIÓN DE);5.2.-Robos con fuerza en las cosas;2019;10.780
MURCIA (REGIÓN DE);5.2.-Robos con fuerza en las cosas;2018;11.206
MURCIA (REGIÓN DE);5.2.-Robos con fuerza en las cosas;2017;11.571
MURCIA (REGIÓN DE);5.2.-Robos con fuerza en las cosas;2016;11.120
MURCIA (REGIÓN DE);5.2.-Robos con fuerza en las cosas;2015;11.376
MURCIA (REGIÓN DE);5.2.-Robos con fuerza en las cosas;2014;11.745
MURCIA (REGIÓN DE);5.2.-Robos con fuerza en las cosas;2013;12.637
MURCIA (REGIÓN DE);5.2.-Robos con fuerza en las cosas;2012;12.954
MURCIA (REGIÓN DE);5.2.-Robos con fuerza en las cosas;2011;13.165
MURCIA (REGIÓN DE);5.2.-Robos con fuerza en las cosas;2010;13.907
MURCIA (REGIÓN DE);5.2.1.-Robos con fuerza en las cosas en el interior de vehículos;2023;3.248
MURCIA (REGIÓN DE);5.2.1.-Robos con fuerza en las cosas en el interior de vehículos;2022;2.922
MURCIA (REGIÓN DE);5.2.1.-Robos con fuerza en las cosas en el interior de vehículos;2021;2.940
MURCIA (REGIÓN DE);5.2.1.-Robos con fuerza en las cosas en el interior de vehículos;2020;2.352
MURCIA (REGIÓN DE);5.2.1.-Robos con fuerza en las cosas en el interior de vehículos;2019;2.902
MURCIA (REGIÓN DE);5.2.1.-Robos con fuerza en las cosas en el interior de vehículos;2018;2.805
MURCIA (REGIÓN DE);5.2.1.-Robos con fuerza en las cosas en el interior de vehículos;2017;3.223
MURCIA (REGIÓN DE);5.2.1.-Robos con fuerza en las cosas en el interior de vehículos;2016;3.099
MURCIA (REGIÓN DE);5.2.1.-Robos con fuerza en las cosas en el interior de vehículos;2015;2.885
MURCIA (REGIÓN DE);5.2.1.-Robos con fuerza en las cosas en el interior de vehículos;2014;2.635
MURCIA (REGIÓN DE);5.2.1.-Robos con fuerza en las cosas en el interior de vehículos;2013;2.898
MURCIA (REGIÓN DE);5.2.1.-Robos con fuerza en las cosas en el interior de vehículos;2012;3.030
MURCIA (REGIÓN DE);5.2.1.-Robos con fuerza en las cosas en el interior de vehículos;2011;3.883
MURCIA (REGIÓN DE);5.2.1.-Robos con fuerza en las cosas en el interior de vehículos;2010;2.365
MURCIA (REGIÓN DE);5.2.2.-Robos con fuerza en viviendas;2023;3.909
MURCIA (REGIÓN DE);5.2.2.-Robos con fuerza en viviendas;2022;4.001
MURCIA (REGIÓN DE);5.2.2.-Robos con fuerza en viviendas;2021;3.793
MURCIA (REGIÓN DE);5.2.2.-Robos con fuerza en viviendas;2020;3.796
MURCIA (REGIÓN DE);5.2.2.-Robos con fuerza en viviendas;2019;5.017
MURCIA (REGIÓN DE);5.2.2.-Robos con fuerza en viviendas;2018;5.662
MURCIA (REGIÓN DE);5.2.2.-Robos con fuerza en viviendas;2017;5.826
MURCIA (REGIÓN DE);5.2.2.-Robos con fuerza en viviendas;2016;5.370
MURCIA (REGIÓN DE);5.2.2.-Robos con fuerza en viviendas;2015;5.068
MURCIA (REGIÓN DE);5.2.2.-Robos con fuerza en viviendas;2014;5.429
MURCIA (REGIÓN DE);5.2.2.-Robos con fuerza en viviendas;2013;5.878
MURCIA (REGIÓN DE);5.2.2.-Robos con fuerza en viviendas;2012;5.534
MURCIA (REGIÓN DE);5.2.2.-Robos con fuerza en viviendas;2011;4.228
MURCIA (REGIÓN DE);5.2.2.-Robos con fuerza en viviendas;2010;4.972
MURCIA (REGIÓN DE);5.2.3.-Robos con fuerza en establecimientos;2023;1.356
MURCIA (REGIÓN DE);5.2.3.-Robos con fuerza en establecimientos;2022;1.306
MURCIA (REGIÓN DE);5.2.3.-Robos con fuerza en establecimientos;2021;1.028
MURCIA (REGIÓN DE);5.2.3.-Robos con fuerza en establecimientos;2020;859
MURCIA (REGIÓN DE);5.2.3.-Robos con fuerza en establecimientos;2019;1.096
MURCIA (REGIÓN DE);5.2.3.-Robos con fuerza en establecimientos;2018;1.073
MURCIA (REGIÓN DE);5.2.3.-Robos con fuerza en establecimientos;2017;1.105
MURCIA (REGIÓN DE);5.2.3.-Robos con fuerza en establecimientos;2016;1.173
MURCIA (REGIÓN DE);5.2.3.-Robos con fuerza en establecimientos;2015;1.319
MURCIA (REGIÓN DE);5.2.3.-Robos con fuerza en establecimientos;2014;1.616
MURCIA (REGIÓN DE);5.2.3.-Robos con fuerza en establecimientos;2013;1.372
MURCIA (REGIÓN DE);5.2.3.-Robos con fuerza en establecimientos;2012;1.668
MURCIA (REGIÓN DE);5.2.3.-Robos con fuerza en establecimientos;2011;1.454
MURCIA (REGIÓN DE);5.2.3.-Robos con fuerza en establecimientos;2010;1.433
MURCIA (REGIÓN DE);5.3.-Robos con violencia o intimidación;2023;2.071
MURCIA (REGIÓN DE);5.3.-Robos con violencia o intimidación;2022;1.999
MURCIA (REGIÓN DE);5.3.-Robos con violencia o intimidación;2021;1.375
MURCIA (REGIÓN DE);5.3.-Robos con violencia o intimidación;2020;1.207
MURCIA (REGIÓN DE);5.3.-Robos con violencia o intimidación;2019;1.536
MURCIA (REGIÓN DE);5.3.-Robos con violencia o intimidación;2018;1.444
MURCIA (REGIÓN DE);5.3.-Robos con violencia o intimidación;2017;1.458
MURCIA (REGIÓN DE);5.3.-Robos con violencia o intimidación;2016;1.495
MURCIA (REGIÓN DE);5.3.-Robos con violencia o intimidación;2015;1.480
MURCIA (REGIÓN DE);5.3.-Robos con violencia o intimidación;2014;1.433
MURCIA (REGIÓN DE);5.3.-Robos con violencia o intimidación;2013;1.690
MURCIA (REGIÓN DE);5.3.-Robos con violencia o intimidación;2012;1.787
MURCIA (REGIÓN DE);5.3.-Robos con violencia o intimidación;2011;1.723
MURCIA (REGIÓN DE);5.3.-Robos con violencia o intimidación;2010;1.581
MURCIA (REGIÓN DE);5.3.1.-Robos con violencia en vía pública;2023;1.307
MURCIA (REGIÓN DE);5.3.1.-Robos con violencia en vía pública;2022;1.293
MURCIA (REGIÓN DE);5.3.1.-Robos con violencia en vía pública;2021;809
MURCIA (REGIÓN DE);5.3.1.-Robos con violencia en vía pública;2020;742
MURCIA (REGIÓN DE);5.3.1.-Robos con violencia en vía pública;2019;917
MURCIA (REGIÓN DE);5.3.1.-Robos con violencia en vía pública;2018;968
MURCIA (REGIÓN DE);5.3.1.-Robos con violencia en vía pública;2017;938
MURCIA (REGIÓN DE);5.3.1.-Robos con violencia en vía pública;2016;962
MURCIA (REGIÓN DE);5.3.1.-Robos con violencia en vía pública;2015;925
MURCIA (REGIÓN DE);5.3.1.-Robos con violencia en vía pública;2014;930
MURCIA (REGIÓN DE);5.3.1.-Robos con violencia en vía pública;2013;1.073
MURCIA (REGIÓN DE);5.3.1.-Robos con violencia en vía pública;2012;1.181
MURCIA (REGIÓN DE);5.3.1.-Robos con violencia en vía pública;2011;946
MURCIA (REGIÓN DE);5.3.1.-Robos con violencia en vía pública;2010;1.079
MURCIA (REGIÓN DE);5.3.2.-Robos con violencia en viviendas;2023;143
MURCIA (REGIÓN DE);5.3.2.-Robos con violencia en viviendas;2022;130
MURCIA (REGIÓN DE);5.3.2.-Robos con violencia en viviendas;2021;112
MURCIA (REGIÓN DE);5.3.2.-Robos con violencia en viviendas;2020;123
MURCIA (REGIÓN DE);5.3.2.-Robos con violencia en viviendas;2019;124
MURCIA (REGIÓN DE);5.3.2.-Robos con violencia en viviendas;2018;109
MURCIA (REGIÓN DE);5.3.2.-Robos con violencia en viviendas;2017;131
MURCIA (REGIÓN DE);5.3.2.-Robos con violencia en viviendas;2016;123
MURCIA (REGIÓN DE);5.3.2.-Robos con violencia en viviendas;2015;139
MURCIA (REGIÓN DE);5.3.2.-Robos con violencia en viviendas;2014;157
MURCIA (REGIÓN DE);5.3.2.-Robos con violencia en viviendas;2013;150
MURCIA (REGIÓN DE);5.3.2.-Robos con violencia en viviendas;2012;148
MURCIA (REGIÓN DE);5.3.2.-Robos con violencia en viviendas;2011;121
MURCIA (REGIÓN DE);5.3.2.-Robos con violencia en viviendas;2010;101
MURCIA (REGIÓN DE);5.3.3.-Robos con violencia en establecimientos;2023;345
MURCIA (REGIÓN DE);5.3.3.-Robos con violencia en establecimientos;2022;317
MURCIA (REGIÓN DE);5.3.3.-Robos con violencia en establecimientos;2021;236
MURCIA (REGIÓN DE);5.3.3.-Robos con violencia en establecimientos;2020;176
MURCIA (REGIÓN DE);5.3.3.-Robos con violencia en establecimientos;2019;258
MURCIA (REGIÓN DE);5.3.3.-Robos con violencia en establecimientos;2018;191
MURCIA (REGIÓN DE);5.3.3.-Robos con violencia en establecimientos;2017;197
MURCIA (REGIÓN DE);5.3.3.-Robos con violencia en establecimientos;2016;189
MURCIA (REGIÓN DE);5.3.3.-Robos con violencia en establecimientos;2015;204
MURCIA (REGIÓN DE);5.3.3.-Robos con violencia en establecimientos;2014;193
MURCIA (REGIÓN DE);5.3.3.-Robos con violencia en establecimientos;2013;246
MURCIA (REGIÓN DE);5.3.3.-Robos con violencia en establecimientos;2012;210
MURCIA (REGIÓN DE);5.3.3.-Robos con violencia en establecimientos;2011;248
MURCIA (REGIÓN DE);5.3.3.-Robos con violencia en establecimientos;2010;250
MURCIA (REGIÓN DE);5.4.-Sustracción de vehículos;2023;970
MURCIA (REGIÓN DE);5.4.-Sustracción de vehículos;2022;774
MURCIA (REGIÓN DE);5.4.-Sustracción de vehículos;2021;666
MURCIA (REGIÓN DE);5.4.-Sustracción de vehículos;2020;726
MURCIA (REGIÓN DE);5.4.-Sustracción de vehículos;2019;909
MURCIA (REGIÓN DE);5.4.-Sustracción de vehículos;2018;951
MURCIA (REGIÓN DE);5.4.-Sustracción de vehículos;2017;1.293
MURCIA (REGIÓN DE);5.4.-Sustracción de vehículos;2016;1.352
MURCIA (REGIÓN DE);5.4.-Sustracción de vehículos;2015;1.332
MURCIA (REGIÓN DE);5.4.-Sustracción de vehículos;2014;1.224
MURCIA (REGIÓN DE);5.4.-Sustracción de vehículos;2013;1.422
MURCIA (REGIÓN DE);5.4.-Sustracción de vehículos;2012;1.582
MURCIA (REGIÓN DE);5.4.-Sustracción de vehículos;2011;1.747
MURCIA (REGIÓN DE);5.4.-Sustracción de vehículos;2010;2.393
MURCIA (REGIÓN DE);5.5.-Estafas;2023;14.416
MURCIA (REGIÓN DE);5.5.-Estafas;2022;12.221
MURCIA (REGIÓN DE);5.5.-Estafas;2021;9.632
MURCIA (REGIÓN DE);5.5.-Estafas;2020;8.822
MURCIA (REGIÓN DE);5.5.-Estafas;2019;6.657
MURCIA (REGIÓN DE);5.5.-Estafas;2018;5.948
MURCIA (REGIÓN DE);5.5.-Estafas;2017;3.246
MURCIA (REGIÓN DE);5.5.-Estafas;2016;2.846
MURCIA (REGIÓN DE);5.5.-Estafas;2015;2.543
MURCIA (REGIÓN DE);5.5.-Estafas;2014;2.236
MURCIA (REGIÓN DE);5.5.-Estafas;2013;2.047
MURCIA (REGIÓN DE);5.5.-Estafas;2012;2.315
MURCIA (REGIÓN DE);5.5.-Estafas;2011;1.914
MURCIA (REGIÓN DE);5.5.-Estafas;2010;1.483
MURCIA (REGIÓN DE);5.5.1.-Estafas informáticas;2023;12.310
MURCIA (REGIÓN DE);5.5.1.-Estafas informáticas;2022;8.651
MURCIA (REGIÓN DE);5.5.1.-Estafas informáticas;2021;6.754
MURCIA (REGIÓN DE);5.5.1.-Estafas informáticas;2020;5.887
MURCIA (REGIÓN DE);5.5.1.-Estafas informáticas;2019;3.358
MURCIA (REGIÓN DE);5.5.1.-Estafas informáticas;2018;2.034
MURCIA (REGIÓN DE);5.5.1.-Estafas informáticas;2017;1.183
MURCIA (REGIÓN DE);5.5.1.-Estafas informáticas;2016;885
MURCIA (REGIÓN DE);5.5.1.-Estafas informáticas;2015;718
MURCIA (REGIÓN DE);5.5.1.-Estafas informáticas;2014;581
MURCIA (REGIÓN DE);5.5.1.-Estafas informáticas;2013;428
MURCIA (REGIÓN DE);5.5.1.-Estafas informáticas;2012;482
MURCIA (REGIÓN DE);5.5.1.-Estafas informáticas;2011;306
MURCIA (REGIÓN DE);5.5.1.-Estafas informáticas;2010;297
MURCIA (REGIÓN DE);5.6.-Daños;2023;5.752
MURCIA (REGIÓN DE);5.6.-Daños;2022;6.140
MURCIA (REGIÓN DE);5.6.-Daños;2021;5.447
MURCIA (REGIÓN DE);5.6.-Daños;2020;4.733
MURCIA (REGIÓN DE);5.6.-Daños;2019;4.813
MURCIA (REGIÓN DE);5.6.-Daños;2018;4.848
MURCIA (REGIÓN DE);5.6.-Daños;2017;4.783
MURCIA (REGIÓN DE);5.6.-Daños;2016;4.715
MURCIA (REGIÓN DE);5.6.-Daños;2015;4.661
MURCIA (REGIÓN DE);5.6.-Daños;2014;4.668
MURCIA (REGIÓN DE);5.6.-Daños;2013;4.730
MURCIA (REGIÓN DE);5.6.-Daños;2012;5.202
MURCIA (REGIÓN DE);5.6.-Daños;2011;5.622
MURCIA (REGIÓN DE);5.6.-Daños;2010;5.869
MURCIA (REGIÓN DE);5.7.-Contra la propiedad intelectual/industrial;2023;37
MURCIA (REGIÓN DE);5.7.-Contra la propiedad intelectual/industrial;2022;37
MURCIA (REGIÓN DE);5.7.-Contra la propiedad intelectual/industrial;2021;45
MURCIA (REGIÓN DE);5.7.-Contra la propiedad intelectual/industrial;2020;50
MURCIA (REGIÓN DE);5.7.-Contra la propiedad intelectual/industrial;2019;43
MURCIA (REGIÓN DE);5.7.-Contra la propiedad intelectual/industrial;2018;52
MURCIA (REGIÓN DE);5.7.-Contra la propiedad intelectual/industrial;2017;55
MURCIA (REGIÓN DE);5.7.-Contra la propiedad intelectual/industrial;2016;46
MURCIA (REGIÓN DE);5.7.-Contra la propiedad intelectual/industrial;2015;61
MURCIA (REGIÓN DE);5.7.-Contra la propiedad intelectual/industrial;2014;44
MURCIA (REGIÓN DE);5.7.-Contra la propiedad intelectual/industrial;2013;69
MURCIA (REGIÓN DE);5.7.-Contra la propiedad intelectual/industrial;2012;50
MURCIA (REGIÓN DE);5.7.-Contra la propiedad intelectual/industrial;2011;58
MURCIA (REGIÓN DE);5.7.-Contra la propiedad intelectual/industrial;2010;143
MURCIA (REGIÓN DE);5.8.-Blanqueo de capitales;2023;11
MURCIA (REGIÓN DE);5.8.-Blanqueo de capitales;2022;10
MURCIA (REGIÓN DE);5.8.-Blanqueo de capitales;2021;15
MURCIA (REGIÓN DE);5.8.-Blanqueo de capitales;2020;13
MURCIA (REGIÓN DE);5.8.-Blanqueo de capitales;2019;8
MURCIA (REGIÓN DE);5.8.-Blanqueo de capitales;2018;4
MURCIA (REGIÓN DE);5.8.-Blanqueo de capitales;2017;5
MURCIA (REGIÓN DE);5.8.-Blanqueo de capitales;2016;6
MURCIA (REGIÓN DE);5.8.-Blanqueo de capitales;2015;7
MURCIA (REGIÓN DE);5.8.-Blanqueo de capitales;2014;1
MURCIA (REGIÓN DE);5.8.-Blanqueo de capitales;2013;8
MURCIA (REGIÓN DE);5.8.-Blanqueo de capitales;2012;3
MURCIA (REGIÓN DE);5.8.-Blanqueo de capitales;2011;5
MURCIA (REGIÓN DE);5.8.-Blanqueo de capitales;2010;7
MURCIA (REGIÓN DE);5.9.-Otros contra el patrimonio;2023;2.244
MURCIA (REGIÓN DE);5.9.-Otros contra el patrimonio;2022;2.160
MURCIA (REGIÓN DE);5.9.-Otros contra el patrimonio;2021;1.921
MURCIA (REGIÓN DE);5.9.-Otros contra el patrimonio;2020;1.776
MURCIA (REGIÓN DE);5.9.-Otros contra el patrimonio;2019;1.816
MURCIA (REGIÓN DE);5.9.-Otros contra el patrimonio;2018;1.471
MURCIA (REGIÓN DE);5.9.-Otros contra el patrimonio;2017;939
MURCIA (REGIÓN DE);5.9.-Otros contra el patrimonio;2016;813
MURCIA (REGIÓN DE);5.9.-Otros contra el patrimonio;2015;1.119
MURCIA (REGIÓN DE);5.9.-Otros contra el patrimonio;2014;922
MURCIA (REGIÓN DE);5.9.-Otros contra el patrimonio;2013;795
MURCIA (REGIÓN DE);5.9.-Otros contra el patrimonio;2012;807
MURCIA (REGIÓN DE);5.9.-Otros contra el patrimonio;2011;680
MURCIA (REGIÓN DE);5.9.-Otros contra el patrimonio;2010;477
MURCIA (REGIÓN DE);6. SEGURIDAD COLECTIVA;2023;1.737
MURCIA (REGIÓN DE);6. SEGURIDAD COLECTIVA;2022;1.786
MURCIA (REGIÓN DE);6. SEGURIDAD COLECTIVA;2021;1.497
MURCIA (REGIÓN DE);6. SEGURIDAD COLECTIVA;2020;1.308
MURCIA (REGIÓN DE);6. SEGURIDAD COLECTIVA;2019;1.664
MURCIA (REGIÓN DE);6. SEGURIDAD COLECTIVA;2018;1.502
MURCIA (REGIÓN DE);6. SEGURIDAD COLECTIVA;2017;1.392
MURCIA (REGIÓN DE);6. SEGURIDAD COLECTIVA;2016;1.261
MURCIA (REGIÓN DE);6. SEGURIDAD COLECTIVA;2015;1.411
MURCIA (REGIÓN DE);6. SEGURIDAD COLECTIVA;2014;1.534
MURCIA (REGIÓN DE);6. SEGURIDAD COLECTIVA;2013;1.666
MURCIA (REGIÓN DE);6. SEGURIDAD COLECTIVA;2012;1.684
MURCIA (REGIÓN DE);6. SEGURIDAD COLECTIVA;2011;1.748
MURCIA (REGIÓN DE);6. SEGURIDAD COLECTIVA;2010;1.579
MURCIA (REGIÓN DE);6.1.-Tráfico de drogas;2023;580
MURCIA (REGIÓN DE);6.1.-Tráfico de drogas;2022;527
MURCIA (REGIÓN DE);6.1.-Tráfico de drogas;2021;506
MURCIA (REGIÓN DE);6.1.-Tráfico de drogas;2020;389
MURCIA (REGIÓN DE);6.1.-Tráfico de drogas;2019;360
MURCIA (REGIÓN DE);6.1.-Tráfico de drogas;2018;287
MURCIA (REGIÓN DE);6.1.-Tráfico de drogas;2017;293
MURCIA (REGIÓN DE);6.1.-Tráfico de drogas;2016;264
MURCIA (REGIÓN DE);6.1.-Tráfico de drogas;2015;248
MURCIA (REGIÓN DE);6.1.-Tráfico de drogas;2014;239
MURCIA (REGIÓN DE);6.1.-Tráfico de drogas;2013;317
MURCIA (REGIÓN DE);6.1.-Tráfico de drogas;2012;312
MURCIA (REGIÓN DE);6.1.-Tráfico de drogas;2011;305
MURCIA (REGIÓN DE);6.1.-Tráfico de drogas;2010;314
MURCIA (REGIÓN DE);6.2.-Contra la seguridad vial;2023;1.062
MURCIA (REGIÓN DE);6.2.-Contra la seguridad vial;2022;1.186
MURCIA (REGIÓN DE);6.2.-Contra la seguridad vial;2021;935
MURCIA (REGIÓN DE);6.2.-Contra la seguridad vial;2020;865
MURCIA (REGIÓN DE);6.2.-Contra la seguridad vial;2019;1.244
MURCIA (REGIÓN DE);6.2.-Contra la seguridad vial;2018;1.143
MURCIA (REGIÓN DE);6.2.-Contra la seguridad vial;2017;1.036
MURCIA (REGIÓN DE);6.2.-Contra la seguridad vial;2016;930
MURCIA (REGIÓN DE);6.2.-Contra la seguridad vial;2015;1.116
MURCIA (REGIÓN DE);6.2.-Contra la seguridad vial;2014;1.255
MURCIA (REGIÓN DE);6.2.-Contra la seguridad vial;2013;1.301
MURCIA (REGIÓN DE);6.2.-Contra la seguridad vial;2012;1.330
MURCIA (REGIÓN DE);6.2.-Contra la seguridad vial;2011;1.375
MURCIA (REGIÓN DE);6.2.-Contra la seguridad vial;2010;1.201
MURCIA (REGIÓN DE);6.3.-Otros contra la seguridad colectiva;2023;95
MURCIA (REGIÓN DE);6.3.-Otros contra la seguridad colectiva;2022;73
MURCIA (REGIÓN DE);6.3.-Otros contra la seguridad colectiva;2021;56
MURCIA (REGIÓN DE);6.3.-Otros contra la seguridad colectiva;2020;54
MURCIA (REGIÓN DE);6.3.-Otros contra la seguridad colectiva;2019;60
MURCIA (REGIÓN DE);6.3.-Otros contra la seguridad colectiva;2018;72
MURCIA (REGIÓN DE);6.3.-Otros contra la seguridad colectiva;2017;63
MURCIA (REGIÓN DE);6.3.-Otros contra la seguridad colectiva;2016;67
MURCIA (REGIÓN DE);6.3.-Otros contra la seguridad colectiva;2015;47
MURCIA (REGIÓN DE);6.3.-Otros contra la seguridad colectiva;2014;40
MURCIA (REGIÓN DE);6.3.-Otros contra la seguridad colectiva;2013;48
MURCIA (REGIÓN DE);6.3.-Otros contra la seguridad colectiva;2012;42
MURCIA (REGIÓN DE);6.3.-Otros contra la seguridad colectiva;2011;68
MURCIA (REGIÓN DE);6.3.-Otros contra la seguridad colectiva;2010;64
MURCIA (REGIÓN DE);7. FALSEDADES;2023;1.447
MURCIA (REGIÓN DE);7. FALSEDADES;2022;1.378
MURCIA (REGIÓN DE);7. FALSEDADES;2021;1.336
MURCIA (REGIÓN DE);7. FALSEDADES;2020;929
MURCIA (REGIÓN DE);7. FALSEDADES;2019;708
MURCIA (REGIÓN DE);7. FALSEDADES;2018;679
MURCIA (REGIÓN DE);7. FALSEDADES;2017;540
MURCIA (REGIÓN DE);7. FALSEDADES;2016;466
MURCIA (REGIÓN DE);7. FALSEDADES;2015;532
MURCIA (REGIÓN DE);7. FALSEDADES;2014;469
MURCIA (REGIÓN DE);7. FALSEDADES;2013;405
MURCIA (REGIÓN DE);7. FALSEDADES;2012;542
MURCIA (REGIÓN DE);7. FALSEDADES;2011;620
MURCIA (REGIÓN DE);7. FALSEDADES;2010;485
MURCIA (REGIÓN DE);8. ADMÓN. PÚBLICA;2023;20
MURCIA (REGIÓN DE);8. ADMÓN. PÚBLICA;2022;9
MURCIA (REGIÓN DE);8. ADMÓN. PÚBLICA;2021;28
MURCIA (REGIÓN DE);8. ADMÓN. PÚBLICA;2020;25
MURCIA (REGIÓN DE);8. ADMÓN. PÚBLICA;2019;14
MURCIA (REGIÓN DE);8. ADMÓN. PÚBLICA;2018;16
MURCIA (REGIÓN DE);8. ADMÓN. PÚBLICA;2017;23
MURCIA (REGIÓN DE);8. ADMÓN. PÚBLICA;2016;10
MURCIA (REGIÓN DE);8. ADMÓN. PÚBLICA;2015;5
MURCIA (REGIÓN DE);8. ADMÓN. PÚBLICA;2014;6
MURCIA (REGIÓN DE);8. ADMÓN. PÚBLICA;2013;8
MURCIA (REGIÓN DE);8. ADMÓN. PÚBLICA;2012;9
MURCIA (REGIÓN DE);8. ADMÓN. PÚBLICA;2011;3
MURCIA (REGIÓN DE);8. ADMÓN. PÚBLICA;2010;10
MURCIA (REGIÓN DE);9. ADMÓN. JUSTICIA;2023;1.766
MURCIA (REGIÓN DE);9. ADMÓN. JUSTICIA;2022;1.618
MURCIA (REGIÓN DE);9. ADMÓN. JUSTICIA;2021;1.250
MURCIA (REGIÓN DE);9. ADMÓN. JUSTICIA;2020;1.159
MURCIA (REGIÓN DE);9. ADMÓN. JUSTICIA;2019;1.040
MURCIA (REGIÓN DE);9. ADMÓN. JUSTICIA;2018;1.009
MURCIA (REGIÓN DE);9. ADMÓN. JUSTICIA;2017;893
MURCIA (REGIÓN DE);9. ADMÓN. JUSTICIA;2016;894
MURCIA (REGIÓN DE);9. ADMÓN. JUSTICIA;2015;810
MURCIA (REGIÓN DE);9. ADMÓN. JUSTICIA;2014;884
MURCIA (REGIÓN DE);9. ADMÓN. JUSTICIA;2013;783
MURCIA (REGIÓN DE);9. ADMÓN. JUSTICIA;2012;971
MURCIA (REGIÓN DE);9. ADMÓN. JUSTICIA;2011;931
MURCIA (REGIÓN DE);9. ADMÓN. JUSTICIA;2010;882
MURCIA (REGIÓN DE);10. ORDEN PÚBLICO;2023;1.025
MURCIA (REGIÓN DE);10. ORDEN PÚBLICO;2022;884
MURCIA (REGIÓN DE);10. ORDEN PÚBLICO;2021;816
MURCIA (REGIÓN DE);10. ORDEN PÚBLICO;2020;900
MURCIA (REGIÓN DE);10. ORDEN PÚBLICO;2019;564
MURCIA (REGIÓN DE);10. ORDEN PÚBLICO;2018;570
MURCIA (REGIÓN DE);10. ORDEN PÚBLICO;2017;550
MURCIA (REGIÓN DE);10. ORDEN PÚBLICO;2016;534
MURCIA (REGIÓN DE);10. ORDEN PÚBLICO;2015;492
MURCIA (REGIÓN DE);10. ORDEN PÚBLICO;2014;677
MURCIA (REGIÓN DE);10. ORDEN PÚBLICO;2013;673
MURCIA (REGIÓN DE);10. ORDEN PÚBLICO;2012;722
MURCIA (REGIÓN DE);10. ORDEN PÚBLICO;2011;898
MURCIA (REGIÓN DE);10. ORDEN PÚBLICO;2010;822
MURCIA (REGIÓN DE);11. LEGISLACIÓN ESPECIAL;2023;16
MURCIA (REGIÓN DE);11. LEGISLACIÓN ESPECIAL;2022;14
MURCIA (REGIÓN DE);11. LEGISLACIÓN ESPECIAL;2021;10
MURCIA (REGIÓN DE);11. LEGISLACIÓN ESPECIAL;2020;14
MURCIA (REGIÓN DE);11. LEGISLACIÓN ESPECIAL;2019;1
MURCIA (REGIÓN DE);11. LEGISLACIÓN ESPECIAL;2018;2
MURCIA (REGIÓN DE);11. LEGISLACIÓN ESPECIAL;2017;2
MURCIA (REGIÓN DE);11. LEGISLACIÓN ESPECIAL;2016;0
MURCIA (REGIÓN DE);11. LEGISLACIÓN ESPECIAL;2015;1
MURCIA (REGIÓN DE);11. LEGISLACIÓN ESPECIAL;2014;0
MURCIA (REGIÓN DE);11. LEGISLACIÓN ESPECIAL;2013;1
MURCIA (REGIÓN DE);11. LEGISLACIÓN ESPECIAL;2012;2
MURCIA (REGIÓN DE);11. LEGISLACIÓN ESPECIAL;2011;1
MURCIA (REGIÓN DE);11. LEGISLACIÓN ESPECIAL;2010;1
MURCIA (REGIÓN DE);12. OTRAS INFRACCIONES PENALES;2023;503
MURCIA (REGIÓN DE);12. OTRAS INFRACCIONES PENALES;2022;448
MURCIA (REGIÓN DE);12. OTRAS INFRACCIONES PENALES;2021;583
MURCIA (REGIÓN DE);12. OTRAS INFRACCIONES PENALES;2020;440
MURCIA (REGIÓN DE);12. OTRAS INFRACCIONES PENALES;2019;343
MURCIA (REGIÓN DE);12. OTRAS INFRACCIONES PENALES;2018;318
MURCIA (REGIÓN DE);12. OTRAS INFRACCIONES PENALES;2017;373
MURCIA (REGIÓN DE);12. OTRAS INFRACCIONES PENALES;2016;302
MURCIA (REGIÓN DE);12. OTRAS INFRACCIONES PENALES;2015;242
MURCIA (REGIÓN DE);12. OTRAS INFRACCIONES PENALES;2014;222
MURCIA (REGIÓN DE);12. OTRAS INFRACCIONES PENALES;2013;158
MURCIA (REGIÓN DE);12. OTRAS INFRACCIONES PENALES;2012;188
MURCIA (REGIÓN DE);12. OTRAS INFRACCIONES PENALES;2011;245
MURCIA (REGIÓN DE);12. OTRAS INFRACCIONES PENALES;2010;173
MURCIA (REGIÓN DE);TOTAL INFRACCIONES PENALES;2023;74.194
MURCIA (REGIÓN DE);TOTAL INFRACCIONES PENALES;2022;68.717
MURCIA (REGIÓN DE);TOTAL INFRACCIONES PENALES;2021;57.974
MURCIA (REGIÓN DE);TOTAL INFRACCIONES PENALES;2020;50.969
MURCIA (REGIÓN DE);TOTAL INFRACCIONES PENALES;2019;57.099
MURCIA (REGIÓN DE);TOTAL INFRACCIONES PENALES;2018;55.398
MURCIA (REGIÓN DE);TOTAL INFRACCIONES PENALES;2017;52.690
MURCIA (REGIÓN DE);TOTAL INFRACCIONES PENALES;2016;51.309
MURCIA (REGIÓN DE);TOTAL INFRACCIONES PENALES;2015;53.374
MURCIA (REGIÓN DE);TOTAL INFRACCIONES PENALES;2014;52.655
MURCIA (REGIÓN DE);TOTAL INFRACCIONES PENALES;2013;54.624
MURCIA (REGIÓN DE);TOTAL INFRACCIONES PENALES;2012;57.449
MURCIA (REGIÓN DE);TOTAL INFRACCIONES PENALES;2011;57.882
MURCIA (REGIÓN DE);TOTAL INFRACCIONES PENALES;2010;57.769
NAVARRA (COMUNIDAD FORAL DE);1. CONTRA LAS PERSONAS;2023;3.028
NAVARRA (COMUNIDAD FORAL DE);1. CONTRA LAS PERSONAS;2022;3.098
NAVARRA (COMUNIDAD FORAL DE);1. CONTRA LAS PERSONAS;2021;2.470
NAVARRA (COMUNIDAD FORAL DE);1. CONTRA LAS PERSONAS;2020;2.109
NAVARRA (COMUNIDAD FORAL DE);1. CONTRA LAS PERSONAS;2019;2.693
NAVARRA (COMUNIDAD FORAL DE);1. CONTRA LAS PERSONAS;2018;2.589
NAVARRA (COMUNIDAD FORAL DE);1. CONTRA LAS PERSONAS;2017;2.427
NAVARRA (COMUNIDAD FORAL DE);1. CONTRA LAS PERSONAS;2016;2.352
NAVARRA (COMUNIDAD FORAL DE);1. CONTRA LAS PERSONAS;2015;2.945
NAVARRA (COMUNIDAD FORAL DE);1. CONTRA LAS PERSONAS;2014;4.294
NAVARRA (COMUNIDAD FORAL DE);1. CONTRA LAS PERSONAS;2013;3.712
NAVARRA (COMUNIDAD FORAL DE);1. CONTRA LAS PERSONAS;2012;2.563
NAVARRA (COMUNIDAD FORAL DE);1. CONTRA LAS PERSONAS;2011;2.961
NAVARRA (COMUNIDAD FORAL DE);1. CONTRA LAS PERSONAS;2010;2.726
NAVARRA (COMUNIDAD FORAL DE);1.1.-Homicidios dolosos/asesinatos;2023;38
NAVARRA (COMUNIDAD FORAL DE);1.1.-Homicidios dolosos/asesinatos;2022;24
NAVARRA (COMUNIDAD FORAL DE);1.1.-Homicidios dolosos/asesinatos;2021;23
NAVARRA (COMUNIDAD FORAL DE);1.1.-Homicidios dolosos/asesinatos;2020;23
NAVARRA (COMUNIDAD FORAL DE);1.1.-Homicidios dolosos/asesinatos;2019;18
NAVARRA (COMUNIDAD FORAL DE);1.1.-Homicidios dolosos/asesinatos;2018;25
NAVARRA (COMUNIDAD FORAL DE);1.1.-Homicidios dolosos/asesinatos;2017;28
NAVARRA (COMUNIDAD FORAL DE);1.1.-Homicidios dolosos/asesinatos;2016;7
NAVARRA (COMUNIDAD FORAL DE);1.1.-Homicidios dolosos/asesinatos;2015;15
NAVARRA (COMUNIDAD FORAL DE);1.1.-Homicidios dolosos/asesinatos;2014;15
NAVARRA (COMUNIDAD FORAL DE);1.1.-Homicidios dolosos/asesinatos;2013;15
NAVARRA (COMUNIDAD FORAL DE);1.1.-Homicidios dolosos/asesinatos;2012;10
NAVARRA (COMUNIDAD FORAL DE);1.1.-Homicidios dolosos/asesinatos;2011;16
NAVARRA (COMUNIDAD FORAL DE);1.1.-Homicidios dolosos/asesinatos;2010;13
NAVARRA (COMUNIDAD FORAL DE);1.1.1.-Homicidios dolosos/asesinatos consumados;2023;6
NAVARRA (COMUNIDAD FORAL DE);1.1.1.-Homicidios dolosos/asesinatos consumados;2022;3
NAVARRA (COMUNIDAD FORAL DE);1.1.1.-Homicidios dolosos/asesinatos consumados;2021;2
NAVARRA (COMUNIDAD FORAL DE);1.1.1.-Homicidios dolosos/asesinatos consumados;2020;1
NAVARRA (COMUNIDAD FORAL DE);1.1.1.-Homicidios dolosos/asesinatos consumados;2019;5
NAVARRA (COMUNIDAD FORAL DE);1.1.1.-Homicidios dolosos/asesinatos consumados;2018;10
NAVARRA (COMUNIDAD FORAL DE);1.1.1.-Homicidios dolosos/asesinatos consumados;2017;7
NAVARRA (COMUNIDAD FORAL DE);1.1.1.-Homicidios dolosos/asesinatos consumados;2016;1
NAVARRA (COMUNIDAD FORAL DE);1.1.1.-Homicidios dolosos/asesinatos consumados;2015;3
NAVARRA (COMUNIDAD FORAL DE);1.1.1.-Homicidios dolosos/asesinatos consumados;2014;1
NAVARRA (COMUNIDAD FORAL DE);1.1.1.-Homicidios dolosos/asesinatos consumados;2013;4
NAVARRA (COMUNIDAD FORAL DE);1.1.1.-Homicidios dolosos/asesinatos consumados;2012;2
NAVARRA (COMUNIDAD FORAL DE);1.1.1.-Homicidios dolosos/asesinatos consumados;2011;5
NAVARRA (COMUNIDAD FORAL DE);1.1.1.-Homicidios dolosos/asesinatos consumados;2010;3
NAVARRA (COMUNIDAD FORAL DE);1.2.-Lesiones;2023;1.784
NAVARRA (COMUNIDAD FORAL DE);1.2.-Lesiones;2022;1.838
NAVARRA (COMUNIDAD FORAL DE);1.2.-Lesiones;2021;1.448
NAVARRA (COMUNIDAD FORAL DE);1.2.-Lesiones;2020;1.108
NAVARRA (COMUNIDAD FORAL DE);1.2.-Lesiones;2019;1.638
NAVARRA (COMUNIDAD FORAL DE);1.2.-Lesiones;2018;1.506
NAVARRA (COMUNIDAD FORAL DE);1.2.-Lesiones;2017;1.409
NAVARRA (COMUNIDAD FORAL DE);1.2.-Lesiones;2016;1.382
NAVARRA (COMUNIDAD FORAL DE);1.2.-Lesiones;2015;1.299
NAVARRA (COMUNIDAD FORAL DE);1.2.-Lesiones;2014;1.484
NAVARRA (COMUNIDAD FORAL DE);1.2.-Lesiones;2013;1.321
NAVARRA (COMUNIDAD FORAL DE);1.2.-Lesiones;2012;928
NAVARRA (COMUNIDAD FORAL DE);1.2.-Lesiones;2011;1.040
NAVARRA (COMUNIDAD FORAL DE);1.2.-Lesiones;2010;973
NAVARRA (COMUNIDAD FORAL DE);1.3.-Malos tratos ámbito familiar;2023;1.102
NAVARRA (COMUNIDAD FORAL DE);1.3.-Malos tratos ámbito familiar;2022;1.109
NAVARRA (COMUNIDAD FORAL DE);1.3.-Malos tratos ámbito familiar;2021;936
NAVARRA (COMUNIDAD FORAL DE);1.3.-Malos tratos ámbito familiar;2020;933
NAVARRA (COMUNIDAD FORAL DE);1.3.-Malos tratos ámbito familiar;2019;1.001
NAVARRA (COMUNIDAD FORAL DE);1.3.-Malos tratos ámbito familiar;2018;1.016
NAVARRA (COMUNIDAD FORAL DE);1.3.-Malos tratos ámbito familiar;2017;956
NAVARRA (COMUNIDAD FORAL DE);1.3.-Malos tratos ámbito familiar;2016;929
NAVARRA (COMUNIDAD FORAL DE);1.3.-Malos tratos ámbito familiar;2015;759
NAVARRA (COMUNIDAD FORAL DE);1.3.-Malos tratos ámbito familiar;2014;823
NAVARRA (COMUNIDAD FORAL DE);1.3.-Malos tratos ámbito familiar;2013;660
NAVARRA (COMUNIDAD FORAL DE);1.3.-Malos tratos ámbito familiar;2012;444
NAVARRA (COMUNIDAD FORAL DE);1.3.-Malos tratos ámbito familiar;2011;456
NAVARRA (COMUNIDAD FORAL DE);1.3.-Malos tratos ámbito familiar;2010;541
NAVARRA (COMUNIDAD FORAL DE);1.4.-Otros contra las personas;2023;104
NAVARRA (COMUNIDAD FORAL DE);1.4.-Otros contra las personas;2022;127
NAVARRA (COMUNIDAD FORAL DE);1.4.-Otros contra las personas;2021;63
NAVARRA (COMUNIDAD FORAL DE);1.4.-Otros contra las personas;2020;45
NAVARRA (COMUNIDAD FORAL DE);1.4.-Otros contra las personas;2019;36
NAVARRA (COMUNIDAD FORAL DE);1.4.-Otros contra las personas;2018;42
NAVARRA (COMUNIDAD FORAL DE);1.4.-Otros contra las personas;2017;34
NAVARRA (COMUNIDAD FORAL DE);1.4.-Otros contra las personas;2016;34
NAVARRA (COMUNIDAD FORAL DE);1.4.-Otros contra las personas;2015;872
NAVARRA (COMUNIDAD FORAL DE);1.4.-Otros contra las personas;2014;1.972
NAVARRA (COMUNIDAD FORAL DE);1.4.-Otros contra las personas;2013;1.716
NAVARRA (COMUNIDAD FORAL DE);1.4.-Otros contra las personas;2012;1.181
NAVARRA (COMUNIDAD FORAL DE);1.4.-Otros contra las personas;2011;1.449
NAVARRA (COMUNIDAD FORAL DE);1.4.-Otros contra las personas;2010;1.199
NAVARRA (COMUNIDAD FORAL DE);2. CONTRA LA LIBERTAD;2023;2.522
NAVARRA (COMUNIDAD FORAL DE);2. CONTRA LA LIBERTAD;2022;2.343
NAVARRA (COMUNIDAD FORAL DE);2. CONTRA LA LIBERTAD;2021;2.060
NAVARRA (COMUNIDAD FORAL DE);2. CONTRA LA LIBERTAD;2020;1.712
NAVARRA (COMUNIDAD FORAL DE);2. CONTRA LA LIBERTAD;2019;1.799
NAVARRA (COMUNIDAD FORAL DE);2. CONTRA LA LIBERTAD;2018;1.681
NAVARRA (COMUNIDAD FORAL DE);2. CONTRA LA LIBERTAD;2017;1.677
NAVARRA (COMUNIDAD FORAL DE);2. CONTRA LA LIBERTAD;2016;1.812
NAVARRA (COMUNIDAD FORAL DE);2. CONTRA LA LIBERTAD;2015;977
NAVARRA (COMUNIDAD FORAL DE);2. CONTRA LA LIBERTAD;2014;523
NAVARRA (COMUNIDAD FORAL DE);2. CONTRA LA LIBERTAD;2013;748
NAVARRA (COMUNIDAD FORAL DE);2. CONTRA LA LIBERTAD;2012;974
NAVARRA (COMUNIDAD FORAL DE);2. CONTRA LA LIBERTAD;2011;711
NAVARRA (COMUNIDAD FORAL DE);2. CONTRA LA LIBERTAD;2010;675
NAVARRA (COMUNIDAD FORAL DE);2.1.-Malos tratos habituales en el ámbito familiar;2023;310
NAVARRA (COMUNIDAD FORAL DE);2.1.-Malos tratos habituales en el ámbito familiar;2022;246
NAVARRA (COMUNIDAD FORAL DE);2.1.-Malos tratos habituales en el ámbito familiar;2021;150
NAVARRA (COMUNIDAD FORAL DE);2.1.-Malos tratos habituales en el ámbito familiar;2020;143
NAVARRA (COMUNIDAD FORAL DE);2.1.-Malos tratos habituales en el ámbito familiar;2019;151
NAVARRA (COMUNIDAD FORAL DE);2.1.-Malos tratos habituales en el ámbito familiar;2018;111
NAVARRA (COMUNIDAD FORAL DE);2.1.-Malos tratos habituales en el ámbito familiar;2017;128
NAVARRA (COMUNIDAD FORAL DE);2.1.-Malos tratos habituales en el ámbito familiar;2016;119
NAVARRA (COMUNIDAD FORAL DE);2.1.-Malos tratos habituales en el ámbito familiar;2015;137
NAVARRA (COMUNIDAD FORAL DE);2.1.-Malos tratos habituales en el ámbito familiar;2014;113
NAVARRA (COMUNIDAD FORAL DE);2.1.-Malos tratos habituales en el ámbito familiar;2013;118
NAVARRA (COMUNIDAD FORAL DE);2.1.-Malos tratos habituales en el ámbito familiar;2012;176
NAVARRA (COMUNIDAD FORAL DE);2.1.-Malos tratos habituales en el ámbito familiar;2011;146
NAVARRA (COMUNIDAD FORAL DE);2.1.-Malos tratos habituales en el ámbito familiar;2010;119
NAVARRA (COMUNIDAD FORAL DE);2.2.-Otros contra la libertad;2023;2.212
NAVARRA (COMUNIDAD FORAL DE);2.2.-Otros contra la libertad;2022;2.097
NAVARRA (COMUNIDAD FORAL DE);2.2.-Otros contra la libertad;2021;1.910
NAVARRA (COMUNIDAD FORAL DE);2.2.-Otros contra la libertad;2020;1.569
NAVARRA (COMUNIDAD FORAL DE);2.2.-Otros contra la libertad;2019;1.648
NAVARRA (COMUNIDAD FORAL DE);2.2.-Otros contra la libertad;2018;1.570
NAVARRA (COMUNIDAD FORAL DE);2.2.-Otros contra la libertad;2017;1.549
NAVARRA (COMUNIDAD FORAL DE);2.2.-Otros contra la libertad;2016;1.693
NAVARRA (COMUNIDAD FORAL DE);2.2.-Otros contra la libertad;2015;840
NAVARRA (COMUNIDAD FORAL DE);2.2.-Otros contra la libertad;2014;410
NAVARRA (COMUNIDAD FORAL DE);2.2.-Otros contra la libertad;2013;630
NAVARRA (COMUNIDAD FORAL DE);2.2.-Otros contra la libertad;2012;798
NAVARRA (COMUNIDAD FORAL DE);2.2.-Otros contra la libertad;2011;565
NAVARRA (COMUNIDAD FORAL DE);2.2.-Otros contra la libertad;2010;556
NAVARRA (COMUNIDAD FORAL DE);3. LIBERTAD SEXUAL;2023;462
NAVARRA (COMUNIDAD FORAL DE);3. LIBERTAD SEXUAL;2022;347
NAVARRA (COMUNIDAD FORAL DE);3. LIBERTAD SEXUAL;2021;264
NAVARRA (COMUNIDAD FORAL DE);3. LIBERTAD SEXUAL;2020;241
NAVARRA (COMUNIDAD FORAL DE);3. LIBERTAD SEXUAL;2019;232
NAVARRA (COMUNIDAD FORAL DE);3. LIBERTAD SEXUAL;2018;271
NAVARRA (COMUNIDAD FORAL DE);3. LIBERTAD SEXUAL;2017;232
NAVARRA (COMUNIDAD FORAL DE);3. LIBERTAD SEXUAL;2016;219
NAVARRA (COMUNIDAD FORAL DE);3. LIBERTAD SEXUAL;2015;139
NAVARRA (COMUNIDAD FORAL DE);3. LIBERTAD SEXUAL;2014;160
NAVARRA (COMUNIDAD FORAL DE);3. LIBERTAD SEXUAL;2013;119
NAVARRA (COMUNIDAD FORAL DE);3. LIBERTAD SEXUAL;2012;111
NAVARRA (COMUNIDAD FORAL DE);3. LIBERTAD SEXUAL;2011;113
NAVARRA (COMUNIDAD FORAL DE);3. LIBERTAD SEXUAL;2010;130
NAVARRA (COMUNIDAD FORAL DE);3.1.-Agresión sexual;2023;274
NAVARRA (COMUNIDAD FORAL DE);3.1.-Agresión sexual;2022;218
NAVARRA (COMUNIDAD FORAL DE);3.1.-Agresión sexual;2021;144
NAVARRA (COMUNIDAD FORAL DE);3.1.-Agresión sexual;2020;129
NAVARRA (COMUNIDAD FORAL DE);3.1.-Agresión sexual;2019;126
NAVARRA (COMUNIDAD FORAL DE);3.1.-Agresión sexual;2018;144
NAVARRA (COMUNIDAD FORAL DE);3.1.-Agresión sexual;2017;127
NAVARRA (COMUNIDAD FORAL DE);3.1.-Agresión sexual;2016;109
NAVARRA (COMUNIDAD FORAL DE);3.1.-Agresión sexual;2015;60
NAVARRA (COMUNIDAD FORAL DE);3.1.-Agresión sexual;2014;107
NAVARRA (COMUNIDAD FORAL DE);3.1.-Agresión sexual;2013;76
NAVARRA (COMUNIDAD FORAL DE);3.1.-Agresión sexual;2012;58
NAVARRA (COMUNIDAD FORAL DE);3.1.-Agresión sexual;2011;67
NAVARRA (COMUNIDAD FORAL DE);3.1.-Agresión sexual;2010;95
NAVARRA (COMUNIDAD FORAL DE);3.2.-Agresión sexual con penetración;2023;82
NAVARRA (COMUNIDAD FORAL DE);3.2.-Agresión sexual con penetración;2022;76
NAVARRA (COMUNIDAD FORAL DE);3.2.-Agresión sexual con penetración;2021;66
NAVARRA (COMUNIDAD FORAL DE);3.2.-Agresión sexual con penetración;2020;36
NAVARRA (COMUNIDAD FORAL DE);3.2.-Agresión sexual con penetración;2019;52
NAVARRA (COMUNIDAD FORAL DE);3.2.-Agresión sexual con penetración;2018;64
NAVARRA (COMUNIDAD FORAL DE);3.2.-Agresión sexual con penetración;2017;49
NAVARRA (COMUNIDAD FORAL DE);3.2.-Agresión sexual con penetración;2016;51
NAVARRA (COMUNIDAD FORAL DE);3.2.-Agresión sexual con penetración;2015;26
NAVARRA (COMUNIDAD FORAL DE);3.2.-Agresión sexual con penetración;2014;28
NAVARRA (COMUNIDAD FORAL DE);3.2.-Agresión sexual con penetración;2013;14
NAVARRA (COMUNIDAD FORAL DE);3.2.-Agresión sexual con penetración;2012;14
NAVARRA (COMUNIDAD FORAL DE);3.2.-Agresión sexual con penetración;2011;18
NAVARRA (COMUNIDAD FORAL DE);3.2.-Agresión sexual con penetración;2010;14
NAVARRA (COMUNIDAD FORAL DE);3.3.-Corrupción de menores o incapacitados;2023;18
NAVARRA (COMUNIDAD FORAL DE);3.3.-Corrupción de menores o incapacitados;2022;11
NAVARRA (COMUNIDAD FORAL DE);3.3.-Corrupción de menores o incapacitados;2021;17
NAVARRA (COMUNIDAD FORAL DE);3.3.-Corrupción de menores o incapacitados;2020;15
NAVARRA (COMUNIDAD FORAL DE);3.3.-Corrupción de menores o incapacitados;2019;8
NAVARRA (COMUNIDAD FORAL DE);3.3.-Corrupción de menores o incapacitados;2018;7
NAVARRA (COMUNIDAD FORAL DE);3.3.-Corrupción de menores o incapacitados;2017;19
NAVARRA (COMUNIDAD FORAL DE);3.3.-Corrupción de menores o incapacitados;2016;18
NAVARRA (COMUNIDAD FORAL DE);3.3.-Corrupción de menores o incapacitados;2015;9
NAVARRA (COMUNIDAD FORAL DE);3.3.-Corrupción de menores o incapacitados;2014;4
NAVARRA (COMUNIDAD FORAL DE);3.3.-Corrupción de menores o incapacitados;2013;13
NAVARRA (COMUNIDAD FORAL DE);3.3.-Corrupción de menores o incapacitados;2012;14
NAVARRA (COMUNIDAD FORAL DE);3.3.-Corrupción de menores o incapacitados;2011;6
NAVARRA (COMUNIDAD FORAL DE);3.3.-Corrupción de menores o incapacitados;2010;6
NAVARRA (COMUNIDAD FORAL DE);3.4.-Pornografía de menores;2023;25
NAVARRA (COMUNIDAD FORAL DE);3.4.-Pornografía de menores;2022;6
NAVARRA (COMUNIDAD FORAL DE);3.4.-Pornografía de menores;2021;8
NAVARRA (COMUNIDAD FORAL DE);3.4.-Pornografía de menores;2020;13
NAVARRA (COMUNIDAD FORAL DE);3.4.-Pornografía de menores;2019;7
NAVARRA (COMUNIDAD FORAL DE);3.4.-Pornografía de menores;2018;12
NAVARRA (COMUNIDAD FORAL DE);3.4.-Pornografía de menores;2017;10
NAVARRA (COMUNIDAD FORAL DE);3.4.-Pornografía de menores;2016;6
NAVARRA (COMUNIDAD FORAL DE);3.4.-Pornografía de menores;2015;8
NAVARRA (COMUNIDAD FORAL DE);3.4.-Pornografía de menores;2014;5
NAVARRA (COMUNIDAD FORAL DE);3.4.-Pornografía de menores;2013;1
NAVARRA (COMUNIDAD FORAL DE);3.4.-Pornografía de menores;2012;3
NAVARRA (COMUNIDAD FORAL DE);3.4.-Pornografía de menores;2011;7
NAVARRA (COMUNIDAD FORAL DE);3.4.-Pornografía de menores;2010;8
NAVARRA (COMUNIDAD FORAL DE);3.5.-Otros contra la libertad sexual;2023;63
NAVARRA (COMUNIDAD FORAL DE);3.5.-Otros contra la libertad sexual;2022;36
NAVARRA (COMUNIDAD FORAL DE);3.5.-Otros contra la libertad sexual;2021;29
NAVARRA (COMUNIDAD FORAL DE);3.5.-Otros contra la libertad sexual;2020;48
NAVARRA (COMUNIDAD FORAL DE);3.5.-Otros contra la libertad sexual;2019;39
NAVARRA (COMUNIDAD FORAL DE);3.5.-Otros contra la libertad sexual;2018;44
NAVARRA (COMUNIDAD FORAL DE);3.5.-Otros contra la libertad sexual;2017;27
NAVARRA (COMUNIDAD FORAL DE);3.5.-Otros contra la libertad sexual;2016;35
NAVARRA (COMUNIDAD FORAL DE);3.5.-Otros contra la libertad sexual;2015;36
NAVARRA (COMUNIDAD FORAL DE);3.5.-Otros contra la libertad sexual;2014;16
NAVARRA (COMUNIDAD FORAL DE);3.5.-Otros contra la libertad sexual;2013;15
NAVARRA (COMUNIDAD FORAL DE);3.5.-Otros contra la libertad sexual;2012;22
NAVARRA (COMUNIDAD FORAL DE);3.5.-Otros contra la libertad sexual;2011;15
NAVARRA (COMUNIDAD FORAL DE);3.5.-Otros contra la libertad sexual;2010;7
NAVARRA (COMUNIDAD FORAL DE);4. RELACIONES FAMILIARES;2023;94
NAVARRA (COMUNIDAD FORAL DE);4. RELACIONES FAMILIARES;2022;96
NAVARRA (COMUNIDAD FORAL DE);4. RELACIONES FAMILIARES;2021;100
NAVARRA (COMUNIDAD FORAL DE);4. RELACIONES FAMILIARES;2020;96
NAVARRA (COMUNIDAD FORAL DE);4. RELACIONES FAMILIARES;2019;74
NAVARRA (COMUNIDAD FORAL DE);4. RELACIONES FAMILIARES;2018;73
NAVARRA (COMUNIDAD FORAL DE);4. RELACIONES FAMILIARES;2017;94
NAVARRA (COMUNIDAD FORAL DE);4. RELACIONES FAMILIARES;2016;89
NAVARRA (COMUNIDAD FORAL DE);4. RELACIONES FAMILIARES;2015;122
NAVARRA (COMUNIDAD FORAL DE);4. RELACIONES FAMILIARES;2014;97
NAVARRA (COMUNIDAD FORAL DE);4. RELACIONES FAMILIARES;2013;119
NAVARRA (COMUNIDAD FORAL DE);4. RELACIONES FAMILIARES;2012;87
NAVARRA (COMUNIDAD FORAL DE);4. RELACIONES FAMILIARES;2011;105
NAVARRA (COMUNIDAD FORAL DE);4. RELACIONES FAMILIARES;2010;82
NAVARRA (COMUNIDAD FORAL DE);5. PATRIMONIO;2023;25.568
NAVARRA (COMUNIDAD FORAL DE);5. PATRIMONIO;2022;23.928
NAVARRA (COMUNIDAD FORAL DE);5. PATRIMONIO;2021;18.724
NAVARRA (COMUNIDAD FORAL DE);5. PATRIMONIO;2020;16.861
NAVARRA (COMUNIDAD FORAL DE);5. PATRIMONIO;2019;21.485
NAVARRA (COMUNIDAD FORAL DE);5. PATRIMONIO;2018;19.908
NAVARRA (COMUNIDAD FORAL DE);5. PATRIMONIO;2017;18.463
NAVARRA (COMUNIDAD FORAL DE);5. PATRIMONIO;2016;18.875
NAVARRA (COMUNIDAD FORAL DE);5. PATRIMONIO;2015;17.511
NAVARRA (COMUNIDAD FORAL DE);5. PATRIMONIO;2014;19.231
NAVARRA (COMUNIDAD FORAL DE);5. PATRIMONIO;2013;17.447
NAVARRA (COMUNIDAD FORAL DE);5. PATRIMONIO;2012;15.739
NAVARRA (COMUNIDAD FORAL DE);5. PATRIMONIO;2011;14.576
NAVARRA (COMUNIDAD FORAL DE);5. PATRIMONIO;2010;13.770
NAVARRA (COMUNIDAD FORAL DE);5.1.-Hurtos;2023;8.661
NAVARRA (COMUNIDAD FORAL DE);5.1.-Hurtos;2022;8.108
NAVARRA (COMUNIDAD FORAL DE);5.1.-Hurtos;2021;5.523
NAVARRA (COMUNIDAD FORAL DE);5.1.-Hurtos;2020;4.469
NAVARRA (COMUNIDAD FORAL DE);5.1.-Hurtos;2019;8.538
NAVARRA (COMUNIDAD FORAL DE);5.1.-Hurtos;2018;7.741
NAVARRA (COMUNIDAD FORAL DE);5.1.-Hurtos;2017;7.572
NAVARRA (COMUNIDAD FORAL DE);5.1.-Hurtos;2016;8.259
NAVARRA (COMUNIDAD FORAL DE);5.1.-Hurtos;2015;7.845
NAVARRA (COMUNIDAD FORAL DE);5.1.-Hurtos;2014;8.954
NAVARRA (COMUNIDAD FORAL DE);5.1.-Hurtos;2013;8.231
NAVARRA (COMUNIDAD FORAL DE);5.1.-Hurtos;2012;6.661
NAVARRA (COMUNIDAD FORAL DE);5.1.-Hurtos;2011;6.124
NAVARRA (COMUNIDAD FORAL DE);5.1.-Hurtos;2010;5.834
NAVARRA (COMUNIDAD FORAL DE);5.2.-Robos con fuerza en las cosas;2023;2.939
NAVARRA (COMUNIDAD FORAL DE);5.2.-Robos con fuerza en las cosas;2022;2.850
NAVARRA (COMUNIDAD FORAL DE);5.2.-Robos con fuerza en las cosas;2021;2.358
NAVARRA (COMUNIDAD FORAL DE);5.2.-Robos con fuerza en las cosas;2020;2.202
NAVARRA (COMUNIDAD FORAL DE);5.2.-Robos con fuerza en las cosas;2019;2.912
NAVARRA (COMUNIDAD FORAL DE);5.2.-Robos con fuerza en las cosas;2018;3.093
NAVARRA (COMUNIDAD FORAL DE);5.2.-Robos con fuerza en las cosas;2017;2.877
NAVARRA (COMUNIDAD FORAL DE);5.2.-Robos con fuerza en las cosas;2016;3.253
NAVARRA (COMUNIDAD FORAL DE);5.2.-Robos con fuerza en las cosas;2015;2.833
NAVARRA (COMUNIDAD FORAL DE);5.2.-Robos con fuerza en las cosas;2014;3.505
NAVARRA (COMUNIDAD FORAL DE);5.2.-Robos con fuerza en las cosas;2013;3.310
NAVARRA (COMUNIDAD FORAL DE);5.2.-Robos con fuerza en las cosas;2012;3.733
NAVARRA (COMUNIDAD FORAL DE);5.2.-Robos con fuerza en las cosas;2011;3.667
NAVARRA (COMUNIDAD FORAL DE);5.2.-Robos con fuerza en las cosas;2010;3.570
NAVARRA (COMUNIDAD FORAL DE);5.2.1.-Robos con fuerza en las cosas en el interior de vehículos;2023;628
NAVARRA (COMUNIDAD FORAL DE);5.2.1.-Robos con fuerza en las cosas en el interior de vehículos;2022;649
NAVARRA (COMUNIDAD FORAL DE);5.2.1.-Robos con fuerza en las cosas en el interior de vehículos;2021;510
NAVARRA (COMUNIDAD FORAL DE);5.2.1.-Robos con fuerza en las cosas en el interior de vehículos;2020;635
NAVARRA (COMUNIDAD FORAL DE);5.2.1.-Robos con fuerza en las cosas en el interior de vehículos;2019;744
NAVARRA (COMUNIDAD FORAL DE);5.2.1.-Robos con fuerza en las cosas en el interior de vehículos;2018;819
NAVARRA (COMUNIDAD FORAL DE);5.2.1.-Robos con fuerza en las cosas en el interior de vehículos;2017;664
NAVARRA (COMUNIDAD FORAL DE);5.2.1.-Robos con fuerza en las cosas en el interior de vehículos;2016;927
NAVARRA (COMUNIDAD FORAL DE);5.2.1.-Robos con fuerza en las cosas en el interior de vehículos;2015;617
NAVARRA (COMUNIDAD FORAL DE);5.2.1.-Robos con fuerza en las cosas en el interior de vehículos;2014;691
NAVARRA (COMUNIDAD FORAL DE);5.2.1.-Robos con fuerza en las cosas en el interior de vehículos;2013;741
NAVARRA (COMUNIDAD FORAL DE);5.2.1.-Robos con fuerza en las cosas en el interior de vehículos;2012;719
NAVARRA (COMUNIDAD FORAL DE);5.2.1.-Robos con fuerza en las cosas en el interior de vehículos;2011;690
NAVARRA (COMUNIDAD FORAL DE);5.2.1.-Robos con fuerza en las cosas en el interior de vehículos;2010;492
NAVARRA (COMUNIDAD FORAL DE);5.2.2.-Robos con fuerza en viviendas;2023;1.034
NAVARRA (COMUNIDAD FORAL DE);5.2.2.-Robos con fuerza en viviendas;2022;985
NAVARRA (COMUNIDAD FORAL DE);5.2.2.-Robos con fuerza en viviendas;2021;824
NAVARRA (COMUNIDAD FORAL DE);5.2.2.-Robos con fuerza en viviendas;2020;666
NAVARRA (COMUNIDAD FORAL DE);5.2.2.-Robos con fuerza en viviendas;2019;1.006
NAVARRA (COMUNIDAD FORAL DE);5.2.2.-Robos con fuerza en viviendas;2018;987
NAVARRA (COMUNIDAD FORAL DE);5.2.2.-Robos con fuerza en viviendas;2017;955
NAVARRA (COMUNIDAD FORAL DE);5.2.2.-Robos con fuerza en viviendas;2016;1.029
NAVARRA (COMUNIDAD FORAL DE);5.2.2.-Robos con fuerza en viviendas;2015;967
NAVARRA (COMUNIDAD FORAL DE);5.2.2.-Robos con fuerza en viviendas;2014;1.133
NAVARRA (COMUNIDAD FORAL DE);5.2.2.-Robos con fuerza en viviendas;2013;1.058
NAVARRA (COMUNIDAD FORAL DE);5.2.2.-Robos con fuerza en viviendas;2012;1.176
NAVARRA (COMUNIDAD FORAL DE);5.2.2.-Robos con fuerza en viviendas;2011;868
NAVARRA (COMUNIDAD FORAL DE);5.2.2.-Robos con fuerza en viviendas;2010;854
NAVARRA (COMUNIDAD FORAL DE);5.2.3.-Robos con fuerza en establecimientos;2023;419
NAVARRA (COMUNIDAD FORAL DE);5.2.3.-Robos con fuerza en establecimientos;2022;419
NAVARRA (COMUNIDAD FORAL DE);5.2.3.-Robos con fuerza en establecimientos;2021;399
NAVARRA (COMUNIDAD FORAL DE);5.2.3.-Robos con fuerza en establecimientos;2020;388
NAVARRA (COMUNIDAD FORAL DE);5.2.3.-Robos con fuerza en establecimientos;2019;458
NAVARRA (COMUNIDAD FORAL DE);5.2.3.-Robos con fuerza en establecimientos;2018;476
NAVARRA (COMUNIDAD FORAL DE);5.2.3.-Robos con fuerza en establecimientos;2017;504
NAVARRA (COMUNIDAD FORAL DE);5.2.3.-Robos con fuerza en establecimientos;2016;440
NAVARRA (COMUNIDAD FORAL DE);5.2.3.-Robos con fuerza en establecimientos;2015;342
NAVARRA (COMUNIDAD FORAL DE);5.2.3.-Robos con fuerza en establecimientos;2014;520
NAVARRA (COMUNIDAD FORAL DE);5.2.3.-Robos con fuerza en establecimientos;2013;473
NAVARRA (COMUNIDAD FORAL DE);5.2.3.-Robos con fuerza en establecimientos;2012;545
NAVARRA (COMUNIDAD FORAL DE);5.2.3.-Robos con fuerza en establecimientos;2011;601
NAVARRA (COMUNIDAD FORAL DE);5.2.3.-Robos con fuerza en establecimientos;2010;626
NAVARRA (COMUNIDAD FORAL DE);5.3.-Robos con violencia o intimidación;2023;467
NAVARRA (COMUNIDAD FORAL DE);5.3.-Robos con violencia o intimidación;2022;422
NAVARRA (COMUNIDAD FORAL DE);5.3.-Robos con violencia o intimidación;2021;298
NAVARRA (COMUNIDAD FORAL DE);5.3.-Robos con violencia o intimidación;2020;226
NAVARRA (COMUNIDAD FORAL DE);5.3.-Robos con violencia o intimidación;2019;331
NAVARRA (COMUNIDAD FORAL DE);5.3.-Robos con violencia o intimidación;2018;255
NAVARRA (COMUNIDAD FORAL DE);5.3.-Robos con violencia o intimidación;2017;432
NAVARRA (COMUNIDAD FORAL DE);5.3.-Robos con violencia o intimidación;2016;424
NAVARRA (COMUNIDAD FORAL DE);5.3.-Robos con violencia o intimidación;2015;351
NAVARRA (COMUNIDAD FORAL DE);5.3.-Robos con violencia o intimidación;2014;309
NAVARRA (COMUNIDAD FORAL DE);5.3.-Robos con violencia o intimidación;2013;354
NAVARRA (COMUNIDAD FORAL DE);5.3.-Robos con violencia o intimidación;2012;313
NAVARRA (COMUNIDAD FORAL DE);5.3.-Robos con violencia o intimidación;2011;175
NAVARRA (COMUNIDAD FORAL DE);5.3.-Robos con violencia o intimidación;2010;218
NAVARRA (COMUNIDAD FORAL DE);5.3.1.-Robos con violencia en vía pública;2023;346
NAVARRA (COMUNIDAD FORAL DE);5.3.1.-Robos con violencia en vía pública;2022;303
NAVARRA (COMUNIDAD FORAL DE);5.3.1.-Robos con violencia en vía pública;2021;200
NAVARRA (COMUNIDAD FORAL DE);5.3.1.-Robos con violencia en vía pública;2020;151
NAVARRA (COMUNIDAD FORAL DE);5.3.1.-Robos con violencia en vía pública;2019;232
NAVARRA (COMUNIDAD FORAL DE);5.3.1.-Robos con violencia en vía pública;2018;173
NAVARRA (COMUNIDAD FORAL DE);5.3.1.-Robos con violencia en vía pública;2017;299
NAVARRA (COMUNIDAD FORAL DE);5.3.1.-Robos con violencia en vía pública;2016;302
NAVARRA (COMUNIDAD FORAL DE);5.3.1.-Robos con violencia en vía pública;2015;203
NAVARRA (COMUNIDAD FORAL DE);5.3.1.-Robos con violencia en vía pública;2014;203
NAVARRA (COMUNIDAD FORAL DE);5.3.1.-Robos con violencia en vía pública;2013;219
NAVARRA (COMUNIDAD FORAL DE);5.3.1.-Robos con violencia en vía pública;2012;178
NAVARRA (COMUNIDAD FORAL DE);5.3.1.-Robos con violencia en vía pública;2011;95
NAVARRA (COMUNIDAD FORAL DE);5.3.1.-Robos con violencia en vía pública;2010;117
NAVARRA (COMUNIDAD FORAL DE);5.3.2.-Robos con violencia en viviendas;2023;22
NAVARRA (COMUNIDAD FORAL DE);5.3.2.-Robos con violencia en viviendas;2022;27
NAVARRA (COMUNIDAD FORAL DE);5.3.2.-Robos con violencia en viviendas;2021;16
NAVARRA (COMUNIDAD FORAL DE);5.3.2.-Robos con violencia en viviendas;2020;17
NAVARRA (COMUNIDAD FORAL DE);5.3.2.-Robos con violencia en viviendas;2019;17
NAVARRA (COMUNIDAD FORAL DE);5.3.2.-Robos con violencia en viviendas;2018;20
NAVARRA (COMUNIDAD FORAL DE);5.3.2.-Robos con violencia en viviendas;2017;24
NAVARRA (COMUNIDAD FORAL DE);5.3.2.-Robos con violencia en viviendas;2016;23
NAVARRA (COMUNIDAD FORAL DE);5.3.2.-Robos con violencia en viviendas;2015;27
NAVARRA (COMUNIDAD FORAL DE);5.3.2.-Robos con violencia en viviendas;2014;23
NAVARRA (COMUNIDAD FORAL DE);5.3.2.-Robos con violencia en viviendas;2013;23
NAVARRA (COMUNIDAD FORAL DE);5.3.2.-Robos con violencia en viviendas;2012;31
NAVARRA (COMUNIDAD FORAL DE);5.3.2.-Robos con violencia en viviendas;2011;10
NAVARRA (COMUNIDAD FORAL DE);5.3.2.-Robos con violencia en viviendas;2010;15
NAVARRA (COMUNIDAD FORAL DE);5.3.3.-Robos con violencia en establecimientos;2023;57
NAVARRA (COMUNIDAD FORAL DE);5.3.3.-Robos con violencia en establecimientos;2022;55
NAVARRA (COMUNIDAD FORAL DE);5.3.3.-Robos con violencia en establecimientos;2021;43
NAVARRA (COMUNIDAD FORAL DE);5.3.3.-Robos con violencia en establecimientos;2020;32
NAVARRA (COMUNIDAD FORAL DE);5.3.3.-Robos con violencia en establecimientos;2019;54
NAVARRA (COMUNIDAD FORAL DE);5.3.3.-Robos con violencia en establecimientos;2018;44
NAVARRA (COMUNIDAD FORAL DE);5.3.3.-Robos con violencia en establecimientos;2017;57
NAVARRA (COMUNIDAD FORAL DE);5.3.3.-Robos con violencia en establecimientos;2016;44
NAVARRA (COMUNIDAD FORAL DE);5.3.3.-Robos con violencia en establecimientos;2015;68
NAVARRA (COMUNIDAD FORAL DE);5.3.3.-Robos con violencia en establecimientos;2014;48
NAVARRA (COMUNIDAD FORAL DE);5.3.3.-Robos con violencia en establecimientos;2013;60
NAVARRA (COMUNIDAD FORAL DE);5.3.3.-Robos con violencia en establecimientos;2012;56
NAVARRA (COMUNIDAD FORAL DE);5.3.3.-Robos con violencia en establecimientos;2011;32
NAVARRA (COMUNIDAD FORAL DE);5.3.3.-Robos con violencia en establecimientos;2010;46
NAVARRA (COMUNIDAD FORAL DE);5.4.-Sustracción de vehículos;2023;154
NAVARRA (COMUNIDAD FORAL DE);5.4.-Sustracción de vehículos;2022;132
NAVARRA (COMUNIDAD FORAL DE);5.4.-Sustracción de vehículos;2021;122
NAVARRA (COMUNIDAD FORAL DE);5.4.-Sustracción de vehículos;2020;131
NAVARRA (COMUNIDAD FORAL DE);5.4.-Sustracción de vehículos;2019;183
NAVARRA (COMUNIDAD FORAL DE);5.4.-Sustracción de vehículos;2018;173
NAVARRA (COMUNIDAD FORAL DE);5.4.-Sustracción de vehículos;2017;169
NAVARRA (COMUNIDAD FORAL DE);5.4.-Sustracción de vehículos;2016;214
NAVARRA (COMUNIDAD FORAL DE);5.4.-Sustracción de vehículos;2015;186
NAVARRA (COMUNIDAD FORAL DE);5.4.-Sustracción de vehículos;2014;244
NAVARRA (COMUNIDAD FORAL DE);5.4.-Sustracción de vehículos;2013;268
NAVARRA (COMUNIDAD FORAL DE);5.4.-Sustracción de vehículos;2012;187
NAVARRA (COMUNIDAD FORAL DE);5.4.-Sustracción de vehículos;2011;216
NAVARRA (COMUNIDAD FORAL DE);5.4.-Sustracción de vehículos;2010;207
NAVARRA (COMUNIDAD FORAL DE);5.5.-Estafas;2023;9.253
NAVARRA (COMUNIDAD FORAL DE);5.5.-Estafas;2022;7.834
NAVARRA (COMUNIDAD FORAL DE);5.5.-Estafas;2021;6.023
NAVARRA (COMUNIDAD FORAL DE);5.5.-Estafas;2020;6.393
NAVARRA (COMUNIDAD FORAL DE);5.5.-Estafas;2019;5.440
NAVARRA (COMUNIDAD FORAL DE);5.5.-Estafas;2018;4.651
NAVARRA (COMUNIDAD FORAL DE);5.5.-Estafas;2017;3.526
NAVARRA (COMUNIDAD FORAL DE);5.5.-Estafas;2016;2.935
NAVARRA (COMUNIDAD FORAL DE);5.5.-Estafas;2015;2.633
NAVARRA (COMUNIDAD FORAL DE);5.5.-Estafas;2014;2.064
NAVARRA (COMUNIDAD FORAL DE);5.5.-Estafas;2013;1.540
NAVARRA (COMUNIDAD FORAL DE);5.5.-Estafas;2012;1.565
NAVARRA (COMUNIDAD FORAL DE);5.5.-Estafas;2011;1.262
NAVARRA (COMUNIDAD FORAL DE);5.5.-Estafas;2010;1.138
NAVARRA (COMUNIDAD FORAL DE);5.5.1.-Estafas informáticas;2023;6.576
NAVARRA (COMUNIDAD FORAL DE);5.5.1.-Estafas informáticas;2022;4.816
NAVARRA (COMUNIDAD FORAL DE);5.5.1.-Estafas informáticas;2021;3.673
NAVARRA (COMUNIDAD FORAL DE);5.5.1.-Estafas informáticas;2020;3.903
NAVARRA (COMUNIDAD FORAL DE);5.5.1.-Estafas informáticas;2019;2.734
NAVARRA (COMUNIDAD FORAL DE);5.5.1.-Estafas informáticas;2018;2.126
NAVARRA (COMUNIDAD FORAL DE);5.5.1.-Estafas informáticas;2017;1.728
NAVARRA (COMUNIDAD FORAL DE);5.5.1.-Estafas informáticas;2016;1.424
NAVARRA (COMUNIDAD FORAL DE);5.5.1.-Estafas informáticas;2015;1.285
NAVARRA (COMUNIDAD FORAL DE);5.5.1.-Estafas informáticas;2014;792
NAVARRA (COMUNIDAD FORAL DE);5.5.1.-Estafas informáticas;2013;612
NAVARRA (COMUNIDAD FORAL DE);5.5.1.-Estafas informáticas;2012;512
NAVARRA (COMUNIDAD FORAL DE);5.5.1.-Estafas informáticas;2011;310
NAVARRA (COMUNIDAD FORAL DE);5.5.1.-Estafas informáticas;2010;280
NAVARRA (COMUNIDAD FORAL DE);5.6.-Daños;2023;3.264
NAVARRA (COMUNIDAD FORAL DE);5.6.-Daños;2022;3.759
NAVARRA (COMUNIDAD FORAL DE);5.6.-Daños;2021;3.667
NAVARRA (COMUNIDAD FORAL DE);5.6.-Daños;2020;2.841
NAVARRA (COMUNIDAD FORAL DE);5.6.-Daños;2019;3.401
NAVARRA (COMUNIDAD FORAL DE);5.6.-Daños;2018;3.303
NAVARRA (COMUNIDAD FORAL DE);5.6.-Daños;2017;3.321
NAVARRA (COMUNIDAD FORAL DE);5.6.-Daños;2016;3.238
NAVARRA (COMUNIDAD FORAL DE);5.6.-Daños;2015;3.158
NAVARRA (COMUNIDAD FORAL DE);5.6.-Daños;2014;3.532
NAVARRA (COMUNIDAD FORAL DE);5.6.-Daños;2013;3.218
NAVARRA (COMUNIDAD FORAL DE);5.6.-Daños;2012;2.920
NAVARRA (COMUNIDAD FORAL DE);5.6.-Daños;2011;2.874
NAVARRA (COMUNIDAD FORAL DE);5.6.-Daños;2010;2.537
NAVARRA (COMUNIDAD FORAL DE);5.7.-Contra la propiedad intelectual/industrial;2023;43
NAVARRA (COMUNIDAD FORAL DE);5.7.-Contra la propiedad intelectual/industrial;2022;12
NAVARRA (COMUNIDAD FORAL DE);5.7.-Contra la propiedad intelectual/industrial;2021;8
NAVARRA (COMUNIDAD FORAL DE);5.7.-Contra la propiedad intelectual/industrial;2020;9
NAVARRA (COMUNIDAD FORAL DE);5.7.-Contra la propiedad intelectual/industrial;2019;27
NAVARRA (COMUNIDAD FORAL DE);5.7.-Contra la propiedad intelectual/industrial;2018;38
NAVARRA (COMUNIDAD FORAL DE);5.7.-Contra la propiedad intelectual/industrial;2017;13
NAVARRA (COMUNIDAD FORAL DE);5.7.-Contra la propiedad intelectual/industrial;2016;29
NAVARRA (COMUNIDAD FORAL DE);5.7.-Contra la propiedad intelectual/industrial;2015;33
NAVARRA (COMUNIDAD FORAL DE);5.7.-Contra la propiedad intelectual/industrial;2014;54
NAVARRA (COMUNIDAD FORAL DE);5.7.-Contra la propiedad intelectual/industrial;2013;70
NAVARRA (COMUNIDAD FORAL DE);5.7.-Contra la propiedad intelectual/industrial;2012;8
NAVARRA (COMUNIDAD FORAL DE);5.7.-Contra la propiedad intelectual/industrial;2011;4
NAVARRA (COMUNIDAD FORAL DE);5.7.-Contra la propiedad intelectual/industrial;2010;10
NAVARRA (COMUNIDAD FORAL DE);5.8.-Blanqueo de capitales;2023;22
NAVARRA (COMUNIDAD FORAL DE);5.8.-Blanqueo de capitales;2022;7
NAVARRA (COMUNIDAD FORAL DE);5.8.-Blanqueo de capitales;2021;10
NAVARRA (COMUNIDAD FORAL DE);5.8.-Blanqueo de capitales;2020;6
NAVARRA (COMUNIDAD FORAL DE);5.8.-Blanqueo de capitales;2019;4
NAVARRA (COMUNIDAD FORAL DE);5.8.-Blanqueo de capitales;2018;2
NAVARRA (COMUNIDAD FORAL DE);5.8.-Blanqueo de capitales;2017;3
NAVARRA (COMUNIDAD FORAL DE);5.8.-Blanqueo de capitales;2016;3
NAVARRA (COMUNIDAD FORAL DE);5.8.-Blanqueo de capitales;2015;3
NAVARRA (COMUNIDAD FORAL DE);5.8.-Blanqueo de capitales;2014;1
NAVARRA (COMUNIDAD FORAL DE);5.8.-Blanqueo de capitales;2013;0
NAVARRA (COMUNIDAD FORAL DE);5.8.-Blanqueo de capitales;2012;0
NAVARRA (COMUNIDAD FORAL DE);5.8.-Blanqueo de capitales;2011;0
NAVARRA (COMUNIDAD FORAL DE);5.8.-Blanqueo de capitales;2010;1
NAVARRA (COMUNIDAD FORAL DE);5.9.-Otros contra el patrimonio;2023;765
NAVARRA (COMUNIDAD FORAL DE);5.9.-Otros contra el patrimonio;2022;804
NAVARRA (COMUNIDAD FORAL DE);5.9.-Otros contra el patrimonio;2021;715
NAVARRA (COMUNIDAD FORAL DE);5.9.-Otros contra el patrimonio;2020;584
NAVARRA (COMUNIDAD FORAL DE);5.9.-Otros contra el patrimonio;2019;649
NAVARRA (COMUNIDAD FORAL DE);5.9.-Otros contra el patrimonio;2018;652
NAVARRA (COMUNIDAD FORAL DE);5.9.-Otros contra el patrimonio;2017;550
NAVARRA (COMUNIDAD FORAL DE);5.9.-Otros contra el patrimonio;2016;520
NAVARRA (COMUNIDAD FORAL DE);5.9.-Otros contra el patrimonio;2015;469
NAVARRA (COMUNIDAD FORAL DE);5.9.-Otros contra el patrimonio;2014;568
NAVARRA (COMUNIDAD FORAL DE);5.9.-Otros contra el patrimonio;2013;456
NAVARRA (COMUNIDAD FORAL DE);5.9.-Otros contra el patrimonio;2012;352
NAVARRA (COMUNIDAD FORAL DE);5.9.-Otros contra el patrimonio;2011;254
NAVARRA (COMUNIDAD FORAL DE);5.9.-Otros contra el patrimonio;2010;255
NAVARRA (COMUNIDAD FORAL DE);6. SEGURIDAD COLECTIVA;2023;1.541
NAVARRA (COMUNIDAD FORAL DE);6. SEGURIDAD COLECTIVA;2022;1.745
NAVARRA (COMUNIDAD FORAL DE);6. SEGURIDAD COLECTIVA;2021;1.370
NAVARRA (COMUNIDAD FORAL DE);6. SEGURIDAD COLECTIVA;2020;1.162
NAVARRA (COMUNIDAD FORAL DE);6. SEGURIDAD COLECTIVA;2019;1.583
NAVARRA (COMUNIDAD FORAL DE);6. SEGURIDAD COLECTIVA;2018;1.495
NAVARRA (COMUNIDAD FORAL DE);6. SEGURIDAD COLECTIVA;2017;845
NAVARRA (COMUNIDAD FORAL DE);6. SEGURIDAD COLECTIVA;2016;921
NAVARRA (COMUNIDAD FORAL DE);6. SEGURIDAD COLECTIVA;2015;990
NAVARRA (COMUNIDAD FORAL DE);6. SEGURIDAD COLECTIVA;2014;949
NAVARRA (COMUNIDAD FORAL DE);6. SEGURIDAD COLECTIVA;2013;647
NAVARRA (COMUNIDAD FORAL DE);6. SEGURIDAD COLECTIVA;2012;1.022
NAVARRA (COMUNIDAD FORAL DE);6. SEGURIDAD COLECTIVA;2011;1.194
NAVARRA (COMUNIDAD FORAL DE);6. SEGURIDAD COLECTIVA;2010;1.059
NAVARRA (COMUNIDAD FORAL DE);6.1.-Tráfico de drogas;2023;158
NAVARRA (COMUNIDAD FORAL DE);6.1.-Tráfico de drogas;2022;147
NAVARRA (COMUNIDAD FORAL DE);6.1.-Tráfico de drogas;2021;147
NAVARRA (COMUNIDAD FORAL DE);6.1.-Tráfico de drogas;2020;146
NAVARRA (COMUNIDAD FORAL DE);6.1.-Tráfico de drogas;2019;159
NAVARRA (COMUNIDAD FORAL DE);6.1.-Tráfico de drogas;2018;140
NAVARRA (COMUNIDAD FORAL DE);6.1.-Tráfico de drogas;2017;134
NAVARRA (COMUNIDAD FORAL DE);6.1.-Tráfico de drogas;2016;200
NAVARRA (COMUNIDAD FORAL DE);6.1.-Tráfico de drogas;2015;146
NAVARRA (COMUNIDAD FORAL DE);6.1.-Tráfico de drogas;2014;196
NAVARRA (COMUNIDAD FORAL DE);6.1.-Tráfico de drogas;2013;137
NAVARRA (COMUNIDAD FORAL DE);6.1.-Tráfico de drogas;2012;105
NAVARRA (COMUNIDAD FORAL DE);6.1.-Tráfico de drogas;2011;146
NAVARRA (COMUNIDAD FORAL DE);6.1.-Tráfico de drogas;2010;131
NAVARRA (COMUNIDAD FORAL DE);6.2.-Contra la seguridad vial;2023;1.338
NAVARRA (COMUNIDAD FORAL DE);6.2.-Contra la seguridad vial;2022;1.535
NAVARRA (COMUNIDAD FORAL DE);6.2.-Contra la seguridad vial;2021;1.187
NAVARRA (COMUNIDAD FORAL DE);6.2.-Contra la seguridad vial;2020;976
NAVARRA (COMUNIDAD FORAL DE);6.2.-Contra la seguridad vial;2019;1.369
NAVARRA (COMUNIDAD FORAL DE);6.2.-Contra la seguridad vial;2018;1.277
NAVARRA (COMUNIDAD FORAL DE);6.2.-Contra la seguridad vial;2017;669
NAVARRA (COMUNIDAD FORAL DE);6.2.-Contra la seguridad vial;2016;691
NAVARRA (COMUNIDAD FORAL DE);6.2.-Contra la seguridad vial;2015;791
NAVARRA (COMUNIDAD FORAL DE);6.2.-Contra la seguridad vial;2014;711
NAVARRA (COMUNIDAD FORAL DE);6.2.-Contra la seguridad vial;2013;489
NAVARRA (COMUNIDAD FORAL DE);6.2.-Contra la seguridad vial;2012;894
NAVARRA (COMUNIDAD FORAL DE);6.2.-Contra la seguridad vial;2011;1.025
NAVARRA (COMUNIDAD FORAL DE);6.2.-Contra la seguridad vial;2010;878
NAVARRA (COMUNIDAD FORAL DE);6.3.-Otros contra la seguridad colectiva;2023;45
NAVARRA (COMUNIDAD FORAL DE);6.3.-Otros contra la seguridad colectiva;2022;63
NAVARRA (COMUNIDAD FORAL DE);6.3.-Otros contra la seguridad colectiva;2021;36
NAVARRA (COMUNIDAD FORAL DE);6.3.-Otros contra la seguridad colectiva;2020;40
NAVARRA (COMUNIDAD FORAL DE);6.3.-Otros contra la seguridad colectiva;2019;55
NAVARRA (COMUNIDAD FORAL DE);6.3.-Otros contra la seguridad colectiva;2018;78
NAVARRA (COMUNIDAD FORAL DE);6.3.-Otros contra la seguridad colectiva;2017;42
NAVARRA (COMUNIDAD FORAL DE);6.3.-Otros contra la seguridad colectiva;2016;30
NAVARRA (COMUNIDAD FORAL DE);6.3.-Otros contra la seguridad colectiva;2015;53
NAVARRA (COMUNIDAD FORAL DE);6.3.-Otros contra la seguridad colectiva;2014;42
NAVARRA (COMUNIDAD FORAL DE);6.3.-Otros contra la seguridad colectiva;2013;21
NAVARRA (COMUNIDAD FORAL DE);6.3.-Otros contra la seguridad colectiva;2012;23
NAVARRA (COMUNIDAD FORAL DE);6.3.-Otros contra la seguridad colectiva;2011;23
NAVARRA (COMUNIDAD FORAL DE);6.3.-Otros contra la seguridad colectiva;2010;50
NAVARRA (COMUNIDAD FORAL DE);7. FALSEDADES;2023;676
NAVARRA (COMUNIDAD FORAL DE);7. FALSEDADES;2022;617
NAVARRA (COMUNIDAD FORAL DE);7. FALSEDADES;2021;693
NAVARRA (COMUNIDAD FORAL DE);7. FALSEDADES;2020;435
NAVARRA (COMUNIDAD FORAL DE);7. FALSEDADES;2019;374
NAVARRA (COMUNIDAD FORAL DE);7. FALSEDADES;2018;340
NAVARRA (COMUNIDAD FORAL DE);7. FALSEDADES;2017;269
NAVARRA (COMUNIDAD FORAL DE);7. FALSEDADES;2016;515
NAVARRA (COMUNIDAD FORAL DE);7. FALSEDADES;2015;245
NAVARRA (COMUNIDAD FORAL DE);7. FALSEDADES;2014;294
NAVARRA (COMUNIDAD FORAL DE);7. FALSEDADES;2013;227
NAVARRA (COMUNIDAD FORAL DE);7. FALSEDADES;2012;226
NAVARRA (COMUNIDAD FORAL DE);7. FALSEDADES;2011;264
NAVARRA (COMUNIDAD FORAL DE);7. FALSEDADES;2010;259
NAVARRA (COMUNIDAD FORAL DE);8. ADMÓN. PÚBLICA;2023;15
NAVARRA (COMUNIDAD FORAL DE);8. ADMÓN. PÚBLICA;2022;13
NAVARRA (COMUNIDAD FORAL DE);8. ADMÓN. PÚBLICA;2021;16
NAVARRA (COMUNIDAD FORAL DE);8. ADMÓN. PÚBLICA;2020;18
NAVARRA (COMUNIDAD FORAL DE);8. ADMÓN. PÚBLICA;2019;10
NAVARRA (COMUNIDAD FORAL DE);8. ADMÓN. PÚBLICA;2018;17
NAVARRA (COMUNIDAD FORAL DE);8. ADMÓN. PÚBLICA;2017;25
NAVARRA (COMUNIDAD FORAL DE);8. ADMÓN. PÚBLICA;2016;10
NAVARRA (COMUNIDAD FORAL DE);8. ADMÓN. PÚBLICA;2015;15
NAVARRA (COMUNIDAD FORAL DE);8. ADMÓN. PÚBLICA;2014;12
NAVARRA (COMUNIDAD FORAL DE);8. ADMÓN. PÚBLICA;2013;23
NAVARRA (COMUNIDAD FORAL DE);8. ADMÓN. PÚBLICA;2012;13
NAVARRA (COMUNIDAD FORAL DE);8. ADMÓN. PÚBLICA;2011;21
NAVARRA (COMUNIDAD FORAL DE);8. ADMÓN. PÚBLICA;2010;21
NAVARRA (COMUNIDAD FORAL DE);9. ADMÓN. JUSTICIA;2023;489
NAVARRA (COMUNIDAD FORAL DE);9. ADMÓN. JUSTICIA;2022;500
NAVARRA (COMUNIDAD FORAL DE);9. ADMÓN. JUSTICIA;2021;390
NAVARRA (COMUNIDAD FORAL DE);9. ADMÓN. JUSTICIA;2020;387
NAVARRA (COMUNIDAD FORAL DE);9. ADMÓN. JUSTICIA;2019;415
NAVARRA (COMUNIDAD FORAL DE);9. ADMÓN. JUSTICIA;2018;407
NAVARRA (COMUNIDAD FORAL DE);9. ADMÓN. JUSTICIA;2017;327
NAVARRA (COMUNIDAD FORAL DE);9. ADMÓN. JUSTICIA;2016;341
NAVARRA (COMUNIDAD FORAL DE);9. ADMÓN. JUSTICIA;2015;321
NAVARRA (COMUNIDAD FORAL DE);9. ADMÓN. JUSTICIA;2014;261
NAVARRA (COMUNIDAD FORAL DE);9. ADMÓN. JUSTICIA;2013;198
NAVARRA (COMUNIDAD FORAL DE);9. ADMÓN. JUSTICIA;2012;234
NAVARRA (COMUNIDAD FORAL DE);9. ADMÓN. JUSTICIA;2011;230
NAVARRA (COMUNIDAD FORAL DE);9. ADMÓN. JUSTICIA;2010;235
NAVARRA (COMUNIDAD FORAL DE);10. ORDEN PÚBLICO;2023;539
NAVARRA (COMUNIDAD FORAL DE);10. ORDEN PÚBLICO;2022;535
NAVARRA (COMUNIDAD FORAL DE);10. ORDEN PÚBLICO;2021;452
NAVARRA (COMUNIDAD FORAL DE);10. ORDEN PÚBLICO;2020;428
NAVARRA (COMUNIDAD FORAL DE);10. ORDEN PÚBLICO;2019;365
NAVARRA (COMUNIDAD FORAL DE);10. ORDEN PÚBLICO;2018;306
NAVARRA (COMUNIDAD FORAL DE);10. ORDEN PÚBLICO;2017;294
NAVARRA (COMUNIDAD FORAL DE);10. ORDEN PÚBLICO;2016;340
NAVARRA (COMUNIDAD FORAL DE);10. ORDEN PÚBLICO;2015;453
NAVARRA (COMUNIDAD FORAL DE);10. ORDEN PÚBLICO;2014;627
NAVARRA (COMUNIDAD FORAL DE);10. ORDEN PÚBLICO;2013;510
NAVARRA (COMUNIDAD FORAL DE);10. ORDEN PÚBLICO;2012;431
NAVARRA (COMUNIDAD FORAL DE);10. ORDEN PÚBLICO;2011;357
NAVARRA (COMUNIDAD FORAL DE);10. ORDEN PÚBLICO;2010;324
NAVARRA (COMUNIDAD FORAL DE);11. LEGISLACIÓN ESPECIAL;2023;0
NAVARRA (COMUNIDAD FORAL DE);11. LEGISLACIÓN ESPECIAL;2022;5
NAVARRA (COMUNIDAD FORAL DE);11. LEGISLACIÓN ESPECIAL;2021;0
NAVARRA (COMUNIDAD FORAL DE);11. LEGISLACIÓN ESPECIAL;2020;0
NAVARRA (COMUNIDAD FORAL DE);11. LEGISLACIÓN ESPECIAL;2019;0
NAVARRA (COMUNIDAD FORAL DE);11. LEGISLACIÓN ESPECIAL;2018;1
NAVARRA (COMUNIDAD FORAL DE);11. LEGISLACIÓN ESPECIAL;2017;0
NAVARRA (COMUNIDAD FORAL DE);11. LEGISLACIÓN ESPECIAL;2016;0
NAVARRA (COMUNIDAD FORAL DE);11. LEGISLACIÓN ESPECIAL;2015;3
NAVARRA (COMUNIDAD FORAL DE);11. LEGISLACIÓN ESPECIAL;2014;1
NAVARRA (COMUNIDAD FORAL DE);11. LEGISLACIÓN ESPECIAL;2013;1
NAVARRA (COMUNIDAD FORAL DE);11. LEGISLACIÓN ESPECIAL;2012;0
NAVARRA (COMUNIDAD FORAL DE);11. LEGISLACIÓN ESPECIAL;2011;8
NAVARRA (COMUNIDAD FORAL DE);11. LEGISLACIÓN ESPECIAL;2010;3
NAVARRA (COMUNIDAD FORAL DE);12. OTRAS INFRACCIONES PENALES;2023;160
NAVARRA (COMUNIDAD FORAL DE);12. OTRAS INFRACCIONES PENALES;2022;182
NAVARRA (COMUNIDAD FORAL DE);12. OTRAS INFRACCIONES PENALES;2021;180
NAVARRA (COMUNIDAD FORAL DE);12. OTRAS INFRACCIONES PENALES;2020;147
NAVARRA (COMUNIDAD FORAL DE);12. OTRAS INFRACCIONES PENALES;2019;140
NAVARRA (COMUNIDAD FORAL DE);12. OTRAS INFRACCIONES PENALES;2018;181
NAVARRA (COMUNIDAD FORAL DE);12. OTRAS INFRACCIONES PENALES;2017;174
NAVARRA (COMUNIDAD FORAL DE);12. OTRAS INFRACCIONES PENALES;2016;230
NAVARRA (COMUNIDAD FORAL DE);12. OTRAS INFRACCIONES PENALES;2015;211
NAVARRA (COMUNIDAD FORAL DE);12. OTRAS INFRACCIONES PENALES;2014;109
NAVARRA (COMUNIDAD FORAL DE);12. OTRAS INFRACCIONES PENALES;2013;160
NAVARRA (COMUNIDAD FORAL DE);12. OTRAS INFRACCIONES PENALES;2012;235
NAVARRA (COMUNIDAD FORAL DE);12. OTRAS INFRACCIONES PENALES;2011;240
NAVARRA (COMUNIDAD FORAL DE);12. OTRAS INFRACCIONES PENALES;2010;190
NAVARRA (COMUNIDAD FORAL DE);TOTAL INFRACCIONES PENALES;2023;35.094
NAVARRA (COMUNIDAD FORAL DE);TOTAL INFRACCIONES PENALES;2022;33.409
NAVARRA (COMUNIDAD FORAL DE);TOTAL INFRACCIONES PENALES;2021;26.719
NAVARRA (COMUNIDAD FORAL DE);TOTAL INFRACCIONES PENALES;2020;23.596
NAVARRA (COMUNIDAD FORAL DE);TOTAL INFRACCIONES PENALES;2019;29.170
NAVARRA (COMUNIDAD FORAL DE);TOTAL INFRACCIONES PENALES;2018;27.269
NAVARRA (COMUNIDAD FORAL DE);TOTAL INFRACCIONES PENALES;2017;24.827
NAVARRA (COMUNIDAD FORAL DE);TOTAL INFRACCIONES PENALES;2016;25.704
NAVARRA (COMUNIDAD FORAL DE);TOTAL INFRACCIONES PENALES;2015;23.932
NAVARRA (COMUNIDAD FORAL DE);TOTAL INFRACCIONES PENALES;2014;26.558
NAVARRA (COMUNIDAD FORAL DE);TOTAL INFRACCIONES PENALES;2013;23.911
NAVARRA (COMUNIDAD FORAL DE);TOTAL INFRACCIONES PENALES;2012;21.635
NAVARRA (COMUNIDAD FORAL DE);TOTAL INFRACCIONES PENALES;2011;20.780
NAVARRA (COMUNIDAD FORAL DE);TOTAL INFRACCIONES PENALES;2010;19.474
PAÍS VASCO;1. CONTRA LAS PERSONAS;2023;8.715
PAÍS VASCO;1. CONTRA LAS PERSONAS;2022;8.330
PAÍS VASCO;1. CONTRA LAS PERSONAS;2021;6.457
PAÍS VASCO;1. CONTRA LAS PERSONAS;2020;5.730
PAÍS VASCO;1. CONTRA LAS PERSONAS;2019;6.884
PAÍS VASCO;1. CONTRA LAS PERSONAS;2018;6.391
PAÍS VASCO;1. CONTRA LAS PERSONAS;2017;6.193
PAÍS VASCO;1. CONTRA LAS PERSONAS;2016;5.393
PAÍS VASCO;1. CONTRA LAS PERSONAS;2015;8.881
PAÍS VASCO;1. CONTRA LAS PERSONAS;2014;12.313
PAÍS VASCO;1. CONTRA LAS PERSONAS;2013;12.268
PAÍS VASCO;1. CONTRA LAS PERSONAS;2012;12.425
PAÍS VASCO;1. CONTRA LAS PERSONAS;2011;12.633
PAÍS VASCO;1. CONTRA LAS PERSONAS;2010;11.792
PAÍS VASCO;1.1.-Homicidios dolosos/asesinatos;2023;50
PAÍS VASCO;1.1.-Homicidios dolosos/asesinatos;2022;71
PAÍS VASCO;1.1.-Homicidios dolosos/asesinatos;2021;62
PAÍS VASCO;1.1.-Homicidios dolosos/asesinatos;2020;42
PAÍS VASCO;1.1.-Homicidios dolosos/asesinatos;2019;37
PAÍS VASCO;1.1.-Homicidios dolosos/asesinatos;2018;43
PAÍS VASCO;1.1.-Homicidios dolosos/asesinatos;2017;41
PAÍS VASCO;1.1.-Homicidios dolosos/asesinatos;2016;37
PAÍS VASCO;1.1.-Homicidios dolosos/asesinatos;2015;54
PAÍS VASCO;1.1.-Homicidios dolosos/asesinatos;2014;37
PAÍS VASCO;1.1.-Homicidios dolosos/asesinatos;2013;41
PAÍS VASCO;1.1.-Homicidios dolosos/asesinatos;2012;35
PAÍS VASCO;1.1.-Homicidios dolosos/asesinatos;2011;50
PAÍS VASCO;1.1.-Homicidios dolosos/asesinatos;2010;38
PAÍS VASCO;1.1.1.-Homicidios dolosos/asesinatos consumados;2023;6
PAÍS VASCO;1.1.1.-Homicidios dolosos/asesinatos consumados;2022;8
PAÍS VASCO;1.1.1.-Homicidios dolosos/asesinatos consumados;2021;11
PAÍS VASCO;1.1.1.-Homicidios dolosos/asesinatos consumados;2020;13
PAÍS VASCO;1.1.1.-Homicidios dolosos/asesinatos consumados;2019;10
PAÍS VASCO;1.1.1.-Homicidios dolosos/asesinatos consumados;2018;6
PAÍS VASCO;1.1.1.-Homicidios dolosos/asesinatos consumados;2017;5
PAÍS VASCO;1.1.1.-Homicidios dolosos/asesinatos consumados;2016;6
PAÍS VASCO;1.1.1.-Homicidios dolosos/asesinatos consumados;2015;11
PAÍS VASCO;1.1.1.-Homicidios dolosos/asesinatos consumados;2014;10
PAÍS VASCO;1.1.1.-Homicidios dolosos/asesinatos consumados;2013;13
PAÍS VASCO;1.1.1.-Homicidios dolosos/asesinatos consumados;2012;12
PAÍS VASCO;1.1.1.-Homicidios dolosos/asesinatos consumados;2011;12
PAÍS VASCO;1.1.1.-Homicidios dolosos/asesinatos consumados;2010;10
PAÍS VASCO;1.2.-Lesiones;2023;5.502
PAÍS VASCO;1.2.-Lesiones;2022;5.353
PAÍS VASCO;1.2.-Lesiones;2021;4.151
PAÍS VASCO;1.2.-Lesiones;2020;3.609
PAÍS VASCO;1.2.-Lesiones;2019;4.742
PAÍS VASCO;1.2.-Lesiones;2018;4.579
PAÍS VASCO;1.2.-Lesiones;2017;4.588
PAÍS VASCO;1.2.-Lesiones;2016;4.191
PAÍS VASCO;1.2.-Lesiones;2015;4.223
PAÍS VASCO;1.2.-Lesiones;2014;4.537
PAÍS VASCO;1.2.-Lesiones;2013;4.643
PAÍS VASCO;1.2.-Lesiones;2012;5.024
PAÍS VASCO;1.2.-Lesiones;2011;5.419
PAÍS VASCO;1.2.-Lesiones;2010;4.968
PAÍS VASCO;1.3.-Malos tratos ámbito familiar;2023;2.681
PAÍS VASCO;1.3.-Malos tratos ámbito familiar;2022;2.418
PAÍS VASCO;1.3.-Malos tratos ámbito familiar;2021;1.836
PAÍS VASCO;1.3.-Malos tratos ámbito familiar;2020;1.661
PAÍS VASCO;1.3.-Malos tratos ámbito familiar;2019;1.666
PAÍS VASCO;1.3.-Malos tratos ámbito familiar;2018;1.320
PAÍS VASCO;1.3.-Malos tratos ámbito familiar;2017;1.159
PAÍS VASCO;1.3.-Malos tratos ámbito familiar;2016;750
PAÍS VASCO;1.3.-Malos tratos ámbito familiar;2015;796
PAÍS VASCO;1.3.-Malos tratos ámbito familiar;2014;732
PAÍS VASCO;1.3.-Malos tratos ámbito familiar;2013;743
PAÍS VASCO;1.3.-Malos tratos ámbito familiar;2012;651
PAÍS VASCO;1.3.-Malos tratos ámbito familiar;2011;707
PAÍS VASCO;1.3.-Malos tratos ámbito familiar;2010;653
PAÍS VASCO;1.4.-Otros contra las personas;2023;482
PAÍS VASCO;1.4.-Otros contra las personas;2022;488
PAÍS VASCO;1.4.-Otros contra las personas;2021;408
PAÍS VASCO;1.4.-Otros contra las personas;2020;418
PAÍS VASCO;1.4.-Otros contra las personas;2019;439
PAÍS VASCO;1.4.-Otros contra las personas;2018;449
PAÍS VASCO;1.4.-Otros contra las personas;2017;405
PAÍS VASCO;1.4.-Otros contra las personas;2016;415
PAÍS VASCO;1.4.-Otros contra las personas;2015;3.808
PAÍS VASCO;1.4.-Otros contra las personas;2014;7.007
PAÍS VASCO;1.4.-Otros contra las personas;2013;6.841
PAÍS VASCO;1.4.-Otros contra las personas;2012;6.715
PAÍS VASCO;1.4.-Otros contra las personas;2011;6.457
PAÍS VASCO;1.4.-Otros contra las personas;2010;6.133
PAÍS VASCO;2. CONTRA LA LIBERTAD;2023;8.817
PAÍS VASCO;2. CONTRA LA LIBERTAD;2022;7.686
PAÍS VASCO;2. CONTRA LA LIBERTAD;2021;7.754
PAÍS VASCO;2. CONTRA LA LIBERTAD;2020;7.630
PAÍS VASCO;2. CONTRA LA LIBERTAD;2019;7.779
PAÍS VASCO;2. CONTRA LA LIBERTAD;2018;7.830
PAÍS VASCO;2. CONTRA LA LIBERTAD;2017;7.722
PAÍS VASCO;2. CONTRA LA LIBERTAD;2016;7.684
PAÍS VASCO;2. CONTRA LA LIBERTAD;2015;6.342
PAÍS VASCO;2. CONTRA LA LIBERTAD;2014;4.788
PAÍS VASCO;2. CONTRA LA LIBERTAD;2013;4.680
PAÍS VASCO;2. CONTRA LA LIBERTAD;2012;4.713
PAÍS VASCO;2. CONTRA LA LIBERTAD;2011;4.679
PAÍS VASCO;2. CONTRA LA LIBERTAD;2010;4.257
PAÍS VASCO;2.1.-Malos tratos habituales en el ámbito familiar;2023;2.500
PAÍS VASCO;2.1.-Malos tratos habituales en el ámbito familiar;2022;2.321
PAÍS VASCO;2.1.-Malos tratos habituales en el ámbito familiar;2021;2.427
PAÍS VASCO;2.1.-Malos tratos habituales en el ámbito familiar;2020;2.716
PAÍS VASCO;2.1.-Malos tratos habituales en el ámbito familiar;2019;2.727
PAÍS VASCO;2.1.-Malos tratos habituales en el ámbito familiar;2018;2.868
PAÍS VASCO;2.1.-Malos tratos habituales en el ámbito familiar;2017;2.782
PAÍS VASCO;2.1.-Malos tratos habituales en el ámbito familiar;2016;3.084
PAÍS VASCO;2.1.-Malos tratos habituales en el ámbito familiar;2015;3.223
PAÍS VASCO;2.1.-Malos tratos habituales en el ámbito familiar;2014;3.362
PAÍS VASCO;2.1.-Malos tratos habituales en el ámbito familiar;2013;3.251
PAÍS VASCO;2.1.-Malos tratos habituales en el ámbito familiar;2012;3.276
PAÍS VASCO;2.1.-Malos tratos habituales en el ámbito familiar;2011;3.144
PAÍS VASCO;2.1.-Malos tratos habituales en el ámbito familiar;2010;2.818
PAÍS VASCO;2.2.-Otros contra la libertad;2023;6.317
PAÍS VASCO;2.2.-Otros contra la libertad;2022;5.365
PAÍS VASCO;2.2.-Otros contra la libertad;2021;5.327
PAÍS VASCO;2.2.-Otros contra la libertad;2020;4.914
PAÍS VASCO;2.2.-Otros contra la libertad;2019;5.052
PAÍS VASCO;2.2.-Otros contra la libertad;2018;4.962
PAÍS VASCO;2.2.-Otros contra la libertad;2017;4.940
PAÍS VASCO;2.2.-Otros contra la libertad;2016;4.600
PAÍS VASCO;2.2.-Otros contra la libertad;2015;3.119
PAÍS VASCO;2.2.-Otros contra la libertad;2014;1.426
PAÍS VASCO;2.2.-Otros contra la libertad;2013;1.429
PAÍS VASCO;2.2.-Otros contra la libertad;2012;1.437
PAÍS VASCO;2.2.-Otros contra la libertad;2011;1.535
PAÍS VASCO;2.2.-Otros contra la libertad;2010;1.439
PAÍS VASCO;3. LIBERTAD SEXUAL;2023;969
PAÍS VASCO;3. LIBERTAD SEXUAL;2022;813
PAÍS VASCO;3. LIBERTAD SEXUAL;2021;718
PAÍS VASCO;3. LIBERTAD SEXUAL;2020;602
PAÍS VASCO;3. LIBERTAD SEXUAL;2019;668
PAÍS VASCO;3. LIBERTAD SEXUAL;2018;659
PAÍS VASCO;3. LIBERTAD SEXUAL;2017;500
PAÍS VASCO;3. LIBERTAD SEXUAL;2016;394
PAÍS VASCO;3. LIBERTAD SEXUAL;2015;411
PAÍS VASCO;3. LIBERTAD SEXUAL;2014;391
PAÍS VASCO;3. LIBERTAD SEXUAL;2013;397
PAÍS VASCO;3. LIBERTAD SEXUAL;2012;371
PAÍS VASCO;3. LIBERTAD SEXUAL;2011;435
PAÍS VASCO;3. LIBERTAD SEXUAL;2010;417
PAÍS VASCO;3.1.-Agresión sexual;2023;538
PAÍS VASCO;3.1.-Agresión sexual;2022;443
PAÍS VASCO;3.1.-Agresión sexual;2021;366
PAÍS VASCO;3.1.-Agresión sexual;2020;293
PAÍS VASCO;3.1.-Agresión sexual;2019;347
PAÍS VASCO;3.1.-Agresión sexual;2018;324
PAÍS VASCO;3.1.-Agresión sexual;2017;268
PAÍS VASCO;3.1.-Agresión sexual;2016;241
PAÍS VASCO;3.1.-Agresión sexual;2015;238
PAÍS VASCO;3.1.-Agresión sexual;2014;218
PAÍS VASCO;3.1.-Agresión sexual;2013;258
PAÍS VASCO;3.1.-Agresión sexual;2012;207
PAÍS VASCO;3.1.-Agresión sexual;2011;265
PAÍS VASCO;3.1.-Agresión sexual;2010;240
PAÍS VASCO;3.2.-Agresión sexual con penetración;2023;235
PAÍS VASCO;3.2.-Agresión sexual con penetración;2022;235
PAÍS VASCO;3.2.-Agresión sexual con penetración;2021;215
PAÍS VASCO;3.2.-Agresión sexual con penetración;2020;158
PAÍS VASCO;3.2.-Agresión sexual con penetración;2019;170
PAÍS VASCO;3.2.-Agresión sexual con penetración;2018;162
PAÍS VASCO;3.2.-Agresión sexual con penetración;2017;118
PAÍS VASCO;3.2.-Agresión sexual con penetración;2016;52
PAÍS VASCO;3.2.-Agresión sexual con penetración;2015;47
PAÍS VASCO;3.2.-Agresión sexual con penetración;2014;59
PAÍS VASCO;3.2.-Agresión sexual con penetración;2013;62
PAÍS VASCO;3.2.-Agresión sexual con penetración;2012;61
PAÍS VASCO;3.2.-Agresión sexual con penetración;2011;50
PAÍS VASCO;3.2.-Agresión sexual con penetración;2010;47
PAÍS VASCO;3.3.-Corrupción de menores o incapacitados;2023;14
PAÍS VASCO;3.3.-Corrupción de menores o incapacitados;2022;15
PAÍS VASCO;3.3.-Corrupción de menores o incapacitados;2021;10
PAÍS VASCO;3.3.-Corrupción de menores o incapacitados;2020;14
PAÍS VASCO;3.3.-Corrupción de menores o incapacitados;2019;8
PAÍS VASCO;3.3.-Corrupción de menores o incapacitados;2018;11
PAÍS VASCO;3.3.-Corrupción de menores o incapacitados;2017;11
PAÍS VASCO;3.3.-Corrupción de menores o incapacitados;2016;9
PAÍS VASCO;3.3.-Corrupción de menores o incapacitados;2015;16
PAÍS VASCO;3.3.-Corrupción de menores o incapacitados;2014;17
PAÍS VASCO;3.3.-Corrupción de menores o incapacitados;2013;7
PAÍS VASCO;3.3.-Corrupción de menores o incapacitados;2012;17
PAÍS VASCO;3.3.-Corrupción de menores o incapacitados;2011;10
PAÍS VASCO;3.3.-Corrupción de menores o incapacitados;2010;12
PAÍS VASCO;3.4.-Pornografía de menores;2023;40
PAÍS VASCO;3.4.-Pornografía de menores;2022;16
PAÍS VASCO;3.4.-Pornografía de menores;2021;30
PAÍS VASCO;3.4.-Pornografía de menores;2020;41
PAÍS VASCO;3.4.-Pornografía de menores;2019;34
PAÍS VASCO;3.4.-Pornografía de menores;2018;43
PAÍS VASCO;3.4.-Pornografía de menores;2017;42
PAÍS VASCO;3.4.-Pornografía de menores;2016;39
PAÍS VASCO;3.4.-Pornografía de menores;2015;34
PAÍS VASCO;3.4.-Pornografía de menores;2014;28
PAÍS VASCO;3.4.-Pornografía de menores;2013;19
PAÍS VASCO;3.4.-Pornografía de menores;2012;38
PAÍS VASCO;3.4.-Pornografía de menores;2011;46
PAÍS VASCO;3.4.-Pornografía de menores;2010;77
PAÍS VASCO;3.5.-Otros contra la libertad sexual;2023;142
PAÍS VASCO;3.5.-Otros contra la libertad sexual;2022;104
PAÍS VASCO;3.5.-Otros contra la libertad sexual;2021;97
PAÍS VASCO;3.5.-Otros contra la libertad sexual;2020;96
PAÍS VASCO;3.5.-Otros contra la libertad sexual;2019;109
PAÍS VASCO;3.5.-Otros contra la libertad sexual;2018;119
PAÍS VASCO;3.5.-Otros contra la libertad sexual;2017;61
PAÍS VASCO;3.5.-Otros contra la libertad sexual;2016;53
PAÍS VASCO;3.5.-Otros contra la libertad sexual;2015;76
PAÍS VASCO;3.5.-Otros contra la libertad sexual;2014;69
PAÍS VASCO;3.5.-Otros contra la libertad sexual;2013;51
PAÍS VASCO;3.5.-Otros contra la libertad sexual;2012;48
PAÍS VASCO;3.5.-Otros contra la libertad sexual;2011;64
PAÍS VASCO;3.5.-Otros contra la libertad sexual;2010;41
PAÍS VASCO;4. RELACIONES FAMILIARES;2023;195
PAÍS VASCO;4. RELACIONES FAMILIARES;2022;125
PAÍS VASCO;4. RELACIONES FAMILIARES;2021;120
PAÍS VASCO;4. RELACIONES FAMILIARES;2020;136
PAÍS VASCO;4. RELACIONES FAMILIARES;2019;139
PAÍS VASCO;4. RELACIONES FAMILIARES;2018;205
PAÍS VASCO;4. RELACIONES FAMILIARES;2017;188
PAÍS VASCO;4. RELACIONES FAMILIARES;2016;181
PAÍS VASCO;4. RELACIONES FAMILIARES;2015;302
PAÍS VASCO;4. RELACIONES FAMILIARES;2014;375
PAÍS VASCO;4. RELACIONES FAMILIARES;2013;498
PAÍS VASCO;4. RELACIONES FAMILIARES;2012;435
PAÍS VASCO;4. RELACIONES FAMILIARES;2011;380
PAÍS VASCO;4. RELACIONES FAMILIARES;2010;337
PAÍS VASCO;5. PATRIMONIO;2023;80.195
PAÍS VASCO;5. PATRIMONIO;2022;75.817
PAÍS VASCO;5. PATRIMONIO;2021;61.679
PAÍS VASCO;5. PATRIMONIO;2020;55.878
PAÍS VASCO;5. PATRIMONIO;2019;71.978
PAÍS VASCO;5. PATRIMONIO;2018;68.582
PAÍS VASCO;5. PATRIMONIO;2017;62.871
PAÍS VASCO;5. PATRIMONIO;2016;62.837
PAÍS VASCO;5. PATRIMONIO;2015;62.875
PAÍS VASCO;5. PATRIMONIO;2014;63.332
PAÍS VASCO;5. PATRIMONIO;2013;65.419
PAÍS VASCO;5. PATRIMONIO;2012;66.523
PAÍS VASCO;5. PATRIMONIO;2011;63.215
PAÍS VASCO;5. PATRIMONIO;2010;65.555
PAÍS VASCO;5.1.-Hurtos;2023;30.129
PAÍS VASCO;5.1.-Hurtos;2022;29.230
PAÍS VASCO;5.1.-Hurtos;2021;22.253
PAÍS VASCO;5.1.-Hurtos;2020;17.916
PAÍS VASCO;5.1.-Hurtos;2019;30.254
PAÍS VASCO;5.1.-Hurtos;2018;29.376
PAÍS VASCO;5.1.-Hurtos;2017;27.873
PAÍS VASCO;5.1.-Hurtos;2016;28.944
PAÍS VASCO;5.1.-Hurtos;2015;28.194
PAÍS VASCO;5.1.-Hurtos;2014;28.217
PAÍS VASCO;5.1.-Hurtos;2013;28.484
PAÍS VASCO;5.1.-Hurtos;2012;27.500
PAÍS VASCO;5.1.-Hurtos;2011;26.242
PAÍS VASCO;5.1.-Hurtos;2010;26.549
PAÍS VASCO;5.2.-Robos con fuerza en las cosas;2023;10.344
PAÍS VASCO;5.2.-Robos con fuerza en las cosas;2022;12.113
PAÍS VASCO;5.2.-Robos con fuerza en las cosas;2021;10.684
PAÍS VASCO;5.2.-Robos con fuerza en las cosas;2020;9.408
PAÍS VASCO;5.2.-Robos con fuerza en las cosas;2019;12.683
PAÍS VASCO;5.2.-Robos con fuerza en las cosas;2018;12.528
PAÍS VASCO;5.2.-Robos con fuerza en las cosas;2017;12.539
PAÍS VASCO;5.2.-Robos con fuerza en las cosas;2016;13.167
PAÍS VASCO;5.2.-Robos con fuerza en las cosas;2015;14.029
PAÍS VASCO;5.2.-Robos con fuerza en las cosas;2014;16.002
PAÍS VASCO;5.2.-Robos con fuerza en las cosas;2013;17.789
PAÍS VASCO;5.2.-Robos con fuerza en las cosas;2012;17.519
PAÍS VASCO;5.2.-Robos con fuerza en las cosas;2011;17.473
PAÍS VASCO;5.2.-Robos con fuerza en las cosas;2010;20.220
PAÍS VASCO;5.2.1.-Robos con fuerza en las cosas en el interior de vehículos;2023;30
PAÍS VASCO;5.2.1.-Robos con fuerza en las cosas en el interior de vehículos;2022;32
PAÍS VASCO;5.2.1.-Robos con fuerza en las cosas en el interior de vehículos;2021;30
PAÍS VASCO;5.2.1.-Robos con fuerza en las cosas en el interior de vehículos;2020;30
PAÍS VASCO;5.2.1.-Robos con fuerza en las cosas en el interior de vehículos;2019;36
PAÍS VASCO;5.2.1.-Robos con fuerza en las cosas en el interior de vehículos;2018;26
PAÍS VASCO;5.2.1.-Robos con fuerza en las cosas en el interior de vehículos;2017;27
PAÍS VASCO;5.2.1.-Robos con fuerza en las cosas en el interior de vehículos;2016;34
PAÍS VASCO;5.2.1.-Robos con fuerza en las cosas en el interior de vehículos;2015;26
PAÍS VASCO;5.2.1.-Robos con fuerza en las cosas en el interior de vehículos;2014;37
PAÍS VASCO;5.2.1.-Robos con fuerza en las cosas en el interior de vehículos;2013;41
PAÍS VASCO;5.2.1.-Robos con fuerza en las cosas en el interior de vehículos;2012;41
PAÍS VASCO;5.2.1.-Robos con fuerza en las cosas en el interior de vehículos;2011;49
PAÍS VASCO;5.2.1.-Robos con fuerza en las cosas en el interior de vehículos;2010;51
PAÍS VASCO;5.2.2.-Robos con fuerza en viviendas;2023;4.079
PAÍS VASCO;5.2.2.-Robos con fuerza en viviendas;2022;5.113
PAÍS VASCO;5.2.2.-Robos con fuerza en viviendas;2021;4.350
PAÍS VASCO;5.2.2.-Robos con fuerza en viviendas;2020;3.651
PAÍS VASCO;5.2.2.-Robos con fuerza en viviendas;2019;5.018
PAÍS VASCO;5.2.2.-Robos con fuerza en viviendas;2018;4.534
PAÍS VASCO;5.2.2.-Robos con fuerza en viviendas;2017;4.058
PAÍS VASCO;5.2.2.-Robos con fuerza en viviendas;2016;4.117
PAÍS VASCO;5.2.2.-Robos con fuerza en viviendas;2015;4.739
PAÍS VASCO;5.2.2.-Robos con fuerza en viviendas;2014;6.007
PAÍS VASCO;5.2.2.-Robos con fuerza en viviendas;2013;5.753
PAÍS VASCO;5.2.2.-Robos con fuerza en viviendas;2012;4.948
PAÍS VASCO;5.2.2.-Robos con fuerza en viviendas;2011;4.787
PAÍS VASCO;5.2.2.-Robos con fuerza en viviendas;2010;4.366
PAÍS VASCO;5.2.3.-Robos con fuerza en establecimientos;2023;1.890
PAÍS VASCO;5.2.3.-Robos con fuerza en establecimientos;2022;1.948
PAÍS VASCO;5.2.3.-Robos con fuerza en establecimientos;2021;1.761
PAÍS VASCO;5.2.3.-Robos con fuerza en establecimientos;2020;1.503
PAÍS VASCO;5.2.3.-Robos con fuerza en establecimientos;2019;2.626
PAÍS VASCO;5.2.3.-Robos con fuerza en establecimientos;2018;2.759
PAÍS VASCO;5.2.3.-Robos con fuerza en establecimientos;2017;2.687
PAÍS VASCO;5.2.3.-Robos con fuerza en establecimientos;2016;2.829
PAÍS VASCO;5.2.3.-Robos con fuerza en establecimientos;2015;2.773
PAÍS VASCO;5.2.3.-Robos con fuerza en establecimientos;2014;2.615
PAÍS VASCO;5.2.3.-Robos con fuerza en establecimientos;2013;2.848
PAÍS VASCO;5.2.3.-Robos con fuerza en establecimientos;2012;2.823
PAÍS VASCO;5.2.3.-Robos con fuerza en establecimientos;2011;2.781
PAÍS VASCO;5.2.3.-Robos con fuerza en establecimientos;2010;2.991
PAÍS VASCO;5.3.-Robos con violencia o intimidación;2023;2.107
PAÍS VASCO;5.3.-Robos con violencia o intimidación;2022;2.201
PAÍS VASCO;5.3.-Robos con violencia o intimidación;2021;1.426
PAÍS VASCO;5.3.-Robos con violencia o intimidación;2020;1.053
PAÍS VASCO;5.3.-Robos con violencia o intimidación;2019;1.643
PAÍS VASCO;5.3.-Robos con violencia o intimidación;2018;1.791
PAÍS VASCO;5.3.-Robos con violencia o intimidación;2017;1.787
PAÍS VASCO;5.3.-Robos con violencia o intimidación;2016;1.993
PAÍS VASCO;5.3.-Robos con violencia o intimidación;2015;1.908
PAÍS VASCO;5.3.-Robos con violencia o intimidación;2014;2.136
PAÍS VASCO;5.3.-Robos con violencia o intimidación;2013;2.733
PAÍS VASCO;5.3.-Robos con violencia o intimidación;2012;3.861
PAÍS VASCO;5.3.-Robos con violencia o intimidación;2011;2.888
PAÍS VASCO;5.3.-Robos con violencia o intimidación;2010;2.791
PAÍS VASCO;5.3.1.-Robos con violencia en vía pública;2023;1.519
PAÍS VASCO;5.3.1.-Robos con violencia en vía pública;2022;1.614
PAÍS VASCO;5.3.1.-Robos con violencia en vía pública;2021;996
PAÍS VASCO;5.3.1.-Robos con violencia en vía pública;2020;725
PAÍS VASCO;5.3.1.-Robos con violencia en vía pública;2019;1.076
PAÍS VASCO;5.3.1.-Robos con violencia en vía pública;2018;1.194
PAÍS VASCO;5.3.1.-Robos con violencia en vía pública;2017;1.224
PAÍS VASCO;5.3.1.-Robos con violencia en vía pública;2016;1.372
PAÍS VASCO;5.3.1.-Robos con violencia en vía pública;2015;1.238
PAÍS VASCO;5.3.1.-Robos con violencia en vía pública;2014;1.415
PAÍS VASCO;5.3.1.-Robos con violencia en vía pública;2013;1.743
PAÍS VASCO;5.3.1.-Robos con violencia en vía pública;2012;2.619
PAÍS VASCO;5.3.1.-Robos con violencia en vía pública;2011;1.940
PAÍS VASCO;5.3.1.-Robos con violencia en vía pública;2010;1.967
PAÍS VASCO;5.3.2.-Robos con violencia en viviendas;2023;129
PAÍS VASCO;5.3.2.-Robos con violencia en viviendas;2022;103
PAÍS VASCO;5.3.2.-Robos con violencia en viviendas;2021;83
PAÍS VASCO;5.3.2.-Robos con violencia en viviendas;2020;93
PAÍS VASCO;5.3.2.-Robos con violencia en viviendas;2019;103
PAÍS VASCO;5.3.2.-Robos con violencia en viviendas;2018;149
PAÍS VASCO;5.3.2.-Robos con violencia en viviendas;2017;123
PAÍS VASCO;5.3.2.-Robos con violencia en viviendas;2016;164
PAÍS VASCO;5.3.2.-Robos con violencia en viviendas;2015;205
PAÍS VASCO;5.3.2.-Robos con violencia en viviendas;2014;188
PAÍS VASCO;5.3.2.-Robos con violencia en viviendas;2013;314
PAÍS VASCO;5.3.2.-Robos con violencia en viviendas;2012;515
PAÍS VASCO;5.3.2.-Robos con violencia en viviendas;2011;322
PAÍS VASCO;5.3.2.-Robos con violencia en viviendas;2010;204
PAÍS VASCO;5.3.3.-Robos con violencia en establecimientos;2023;259
PAÍS VASCO;5.3.3.-Robos con violencia en establecimientos;2022;264
PAÍS VASCO;5.3.3.-Robos con violencia en establecimientos;2021;221
PAÍS VASCO;5.3.3.-Robos con violencia en establecimientos;2020;138
PAÍS VASCO;5.3.3.-Robos con violencia en establecimientos;2019;296
PAÍS VASCO;5.3.3.-Robos con violencia en establecimientos;2018;283
PAÍS VASCO;5.3.3.-Robos con violencia en establecimientos;2017;241
PAÍS VASCO;5.3.3.-Robos con violencia en establecimientos;2016;236
PAÍS VASCO;5.3.3.-Robos con violencia en establecimientos;2015;258
PAÍS VASCO;5.3.3.-Robos con violencia en establecimientos;2014;283
PAÍS VASCO;5.3.3.-Robos con violencia en establecimientos;2013;364
PAÍS VASCO;5.3.3.-Robos con violencia en establecimientos;2012;362
PAÍS VASCO;5.3.3.-Robos con violencia en establecimientos;2011;392
PAÍS VASCO;5.3.3.-Robos con violencia en establecimientos;2010;385
PAÍS VASCO;5.4.-Sustracción de vehículos;2023;751
PAÍS VASCO;5.4.-Sustracción de vehículos;2022;718
PAÍS VASCO;5.4.-Sustracción de vehículos;2021;694
PAÍS VASCO;5.4.-Sustracción de vehículos;2020;632
PAÍS VASCO;5.4.-Sustracción de vehículos;2019;890
PAÍS VASCO;5.4.-Sustracción de vehículos;2018;928
PAÍS VASCO;5.4.-Sustracción de vehículos;2017;900
PAÍS VASCO;5.4.-Sustracción de vehículos;2016;985
PAÍS VASCO;5.4.-Sustracción de vehículos;2015;879
PAÍS VASCO;5.4.-Sustracción de vehículos;2014;667
PAÍS VASCO;5.4.-Sustracción de vehículos;2013;733
PAÍS VASCO;5.4.-Sustracción de vehículos;2012;811
PAÍS VASCO;5.4.-Sustracción de vehículos;2011;974
PAÍS VASCO;5.4.-Sustracción de vehículos;2010;1.179
PAÍS VASCO;5.5.-Estafas;2023;26.619
PAÍS VASCO;5.5.-Estafas;2022;21.346
PAÍS VASCO;5.5.-Estafas;2021;17.352
PAÍS VASCO;5.5.-Estafas;2020;18.882
PAÍS VASCO;5.5.-Estafas;2019;16.597
PAÍS VASCO;5.5.-Estafas;2018;14.570
PAÍS VASCO;5.5.-Estafas;2017;10.724
PAÍS VASCO;5.5.-Estafas;2016;8.997
PAÍS VASCO;5.5.-Estafas;2015;8.465
PAÍS VASCO;5.5.-Estafas;2014;6.994
PAÍS VASCO;5.5.-Estafas;2013;6.312
PAÍS VASCO;5.5.-Estafas;2012;6.108
PAÍS VASCO;5.5.-Estafas;2011;4.755
PAÍS VASCO;5.5.-Estafas;2010;3.208
PAÍS VASCO;5.5.1.-Estafas informáticas;2023;25.095
PAÍS VASCO;5.5.1.-Estafas informáticas;2022;18.861
PAÍS VASCO;5.5.1.-Estafas informáticas;2021;15.016
PAÍS VASCO;5.5.1.-Estafas informáticas;2020;16.591
PAÍS VASCO;5.5.1.-Estafas informáticas;2019;13.793
PAÍS VASCO;5.5.1.-Estafas informáticas;2018;12.151
PAÍS VASCO;5.5.1.-Estafas informáticas;2017;8.546
PAÍS VASCO;5.5.1.-Estafas informáticas;2016;6.954
PAÍS VASCO;5.5.1.-Estafas informáticas;2015;6.133
PAÍS VASCO;5.5.1.-Estafas informáticas;2014;163
PAÍS VASCO;5.5.1.-Estafas informáticas;2013;195
PAÍS VASCO;5.5.1.-Estafas informáticas;2012;207
PAÍS VASCO;5.5.1.-Estafas informáticas;2011;141
PAÍS VASCO;5.5.1.-Estafas informáticas;2010;173
PAÍS VASCO;5.6.-Daños;2023;7.939
PAÍS VASCO;5.6.-Daños;2022;8.193
PAÍS VASCO;5.6.-Daños;2021;7.359
PAÍS VASCO;5.6.-Daños;2020;6.414
PAÍS VASCO;5.6.-Daños;2019;8.103
PAÍS VASCO;5.6.-Daños;2018;7.596
PAÍS VASCO;5.6.-Daños;2017;7.729
PAÍS VASCO;5.6.-Daños;2016;7.481
PAÍS VASCO;5.6.-Daños;2015;7.588
PAÍS VASCO;5.6.-Daños;2014;7.825
PAÍS VASCO;5.6.-Daños;2013;7.967
PAÍS VASCO;5.6.-Daños;2012;9.493
PAÍS VASCO;5.6.-Daños;2011;9.779
PAÍS VASCO;5.6.-Daños;2010;10.629
PAÍS VASCO;5.7.-Contra la propiedad intelectual/industrial;2023;58
PAÍS VASCO;5.7.-Contra la propiedad intelectual/industrial;2022;30
PAÍS VASCO;5.7.-Contra la propiedad intelectual/industrial;2021;11
PAÍS VASCO;5.7.-Contra la propiedad intelectual/industrial;2020;10
PAÍS VASCO;5.7.-Contra la propiedad intelectual/industrial;2019;15
PAÍS VASCO;5.7.-Contra la propiedad intelectual/industrial;2018;13
PAÍS VASCO;5.7.-Contra la propiedad intelectual/industrial;2017;7
PAÍS VASCO;5.7.-Contra la propiedad intelectual/industrial;2016;10
PAÍS VASCO;5.7.-Contra la propiedad intelectual/industrial;2015;24
PAÍS VASCO;5.7.-Contra la propiedad intelectual/industrial;2014;19
PAÍS VASCO;5.7.-Contra la propiedad intelectual/industrial;2013;15
PAÍS VASCO;5.7.-Contra la propiedad intelectual/industrial;2012;33
PAÍS VASCO;5.7.-Contra la propiedad intelectual/industrial;2011;17
PAÍS VASCO;5.7.-Contra la propiedad intelectual/industrial;2010;26
PAÍS VASCO;5.8.-Blanqueo de capitales;2023;12
PAÍS VASCO;5.8.-Blanqueo de capitales;2022;10
PAÍS VASCO;5.8.-Blanqueo de capitales;2021;4
PAÍS VASCO;5.8.-Blanqueo de capitales;2020;9
PAÍS VASCO;5.8.-Blanqueo de capitales;2019;8
PAÍS VASCO;5.8.-Blanqueo de capitales;2018;5
PAÍS VASCO;5.8.-Blanqueo de capitales;2017;10
PAÍS VASCO;5.8.-Blanqueo de capitales;2016;2
PAÍS VASCO;5.8.-Blanqueo de capitales;2015;5
PAÍS VASCO;5.8.-Blanqueo de capitales;2014;3
PAÍS VASCO;5.8.-Blanqueo de capitales;2013;1
PAÍS VASCO;5.8.-Blanqueo de capitales;2012;3
PAÍS VASCO;5.8.-Blanqueo de capitales;2011;8
PAÍS VASCO;5.8.-Blanqueo de capitales;2010;4
PAÍS VASCO;5.9.-Otros contra el patrimonio;2023;2.236
PAÍS VASCO;5.9.-Otros contra el patrimonio;2022;1.976
PAÍS VASCO;5.9.-Otros contra el patrimonio;2021;1.896
PAÍS VASCO;5.9.-Otros contra el patrimonio;2020;1.554
PAÍS VASCO;5.9.-Otros contra el patrimonio;2019;1.785
PAÍS VASCO;5.9.-Otros contra el patrimonio;2018;1.775
PAÍS VASCO;5.9.-Otros contra el patrimonio;2017;1.302
PAÍS VASCO;5.9.-Otros contra el patrimonio;2016;1.258
PAÍS VASCO;5.9.-Otros contra el patrimonio;2015;1.783
PAÍS VASCO;5.9.-Otros contra el patrimonio;2014;1.469
PAÍS VASCO;5.9.-Otros contra el patrimonio;2013;1.385
PAÍS VASCO;5.9.-Otros contra el patrimonio;2012;1.195
PAÍS VASCO;5.9.-Otros contra el patrimonio;2011;1.079
PAÍS VASCO;5.9.-Otros contra el patrimonio;2010;949
PAÍS VASCO;6. SEGURIDAD COLECTIVA;2023;3.190
PAÍS VASCO;6. SEGURIDAD COLECTIVA;2022;3.527
PAÍS VASCO;6. SEGURIDAD COLECTIVA;2021;3.021
PAÍS VASCO;6. SEGURIDAD COLECTIVA;2020;2.464
PAÍS VASCO;6. SEGURIDAD COLECTIVA;2019;2.773
PAÍS VASCO;6. SEGURIDAD COLECTIVA;2018;2.605
PAÍS VASCO;6. SEGURIDAD COLECTIVA;2017;2.424
PAÍS VASCO;6. SEGURIDAD COLECTIVA;2016;2.386
PAÍS VASCO;6. SEGURIDAD COLECTIVA;2015;2.392
PAÍS VASCO;6. SEGURIDAD COLECTIVA;2014;2.656
PAÍS VASCO;6. SEGURIDAD COLECTIVA;2013;2.787
PAÍS VASCO;6. SEGURIDAD COLECTIVA;2012;3.335
PAÍS VASCO;6. SEGURIDAD COLECTIVA;2011;3.568
PAÍS VASCO;6. SEGURIDAD COLECTIVA;2010;3.241
PAÍS VASCO;6.1.-Tráfico de drogas;2023;597
PAÍS VASCO;6.1.-Tráfico de drogas;2022;623
PAÍS VASCO;6.1.-Tráfico de drogas;2021;525
PAÍS VASCO;6.1.-Tráfico de drogas;2020;566
PAÍS VASCO;6.1.-Tráfico de drogas;2019;421
PAÍS VASCO;6.1.-Tráfico de drogas;2018;368
PAÍS VASCO;6.1.-Tráfico de drogas;2017;332
PAÍS VASCO;6.1.-Tráfico de drogas;2016;321
PAÍS VASCO;6.1.-Tráfico de drogas;2015;356
PAÍS VASCO;6.1.-Tráfico de drogas;2014;367
PAÍS VASCO;6.1.-Tráfico de drogas;2013;345
PAÍS VASCO;6.1.-Tráfico de drogas;2012;394
PAÍS VASCO;6.1.-Tráfico de drogas;2011;384
PAÍS VASCO;6.1.-Tráfico de drogas;2010;420
PAÍS VASCO;6.2.-Contra la seguridad vial;2023;2.517
PAÍS VASCO;6.2.-Contra la seguridad vial;2022;2.800
PAÍS VASCO;6.2.-Contra la seguridad vial;2021;2.335
PAÍS VASCO;6.2.-Contra la seguridad vial;2020;1.788
PAÍS VASCO;6.2.-Contra la seguridad vial;2019;2.168
PAÍS VASCO;6.2.-Contra la seguridad vial;2018;2.091
PAÍS VASCO;6.2.-Contra la seguridad vial;2017;1.916
PAÍS VASCO;6.2.-Contra la seguridad vial;2016;1.936
PAÍS VASCO;6.2.-Contra la seguridad vial;2015;1.978
PAÍS VASCO;6.2.-Contra la seguridad vial;2014;2.218
PAÍS VASCO;6.2.-Contra la seguridad vial;2013;2.405
PAÍS VASCO;6.2.-Contra la seguridad vial;2012;2.863
PAÍS VASCO;6.2.-Contra la seguridad vial;2011;3.135
PAÍS VASCO;6.2.-Contra la seguridad vial;2010;2.777
PAÍS VASCO;6.3.-Otros contra la seguridad colectiva;2023;76
PAÍS VASCO;6.3.-Otros contra la seguridad colectiva;2022;104
PAÍS VASCO;6.3.-Otros contra la seguridad colectiva;2021;161
PAÍS VASCO;6.3.-Otros contra la seguridad colectiva;2020;110
PAÍS VASCO;6.3.-Otros contra la seguridad colectiva;2019;184
PAÍS VASCO;6.3.-Otros contra la seguridad colectiva;2018;146
PAÍS VASCO;6.3.-Otros contra la seguridad colectiva;2017;176
PAÍS VASCO;6.3.-Otros contra la seguridad colectiva;2016;129
PAÍS VASCO;6.3.-Otros contra la seguridad colectiva;2015;58
PAÍS VASCO;6.3.-Otros contra la seguridad colectiva;2014;71
PAÍS VASCO;6.3.-Otros contra la seguridad colectiva;2013;37
PAÍS VASCO;6.3.-Otros contra la seguridad colectiva;2012;78
PAÍS VASCO;6.3.-Otros contra la seguridad colectiva;2011;49
PAÍS VASCO;6.3.-Otros contra la seguridad colectiva;2010;44
PAÍS VASCO;7. FALSEDADES;2023;1.868
PAÍS VASCO;7. FALSEDADES;2022;1.687
PAÍS VASCO;7. FALSEDADES;2021;1.461
PAÍS VASCO;7. FALSEDADES;2020;1.087
PAÍS VASCO;7. FALSEDADES;2019;1.195
PAÍS VASCO;7. FALSEDADES;2018;1.025
PAÍS VASCO;7. FALSEDADES;2017;963
PAÍS VASCO;7. FALSEDADES;2016;952
PAÍS VASCO;7. FALSEDADES;2015;1.017
PAÍS VASCO;7. FALSEDADES;2014;829
PAÍS VASCO;7. FALSEDADES;2013;799
PAÍS VASCO;7. FALSEDADES;2012;680
PAÍS VASCO;7. FALSEDADES;2011;702
PAÍS VASCO;7. FALSEDADES;2010;543
PAÍS VASCO;8. ADMÓN. PÚBLICA;2023;18
PAÍS VASCO;8. ADMÓN. PÚBLICA;2022;15
PAÍS VASCO;8. ADMÓN. PÚBLICA;2021;16
PAÍS VASCO;8. ADMÓN. PÚBLICA;2020;18
PAÍS VASCO;8. ADMÓN. PÚBLICA;2019;12
PAÍS VASCO;8. ADMÓN. PÚBLICA;2018;13
PAÍS VASCO;8. ADMÓN. PÚBLICA;2017;17
PAÍS VASCO;8. ADMÓN. PÚBLICA;2016;27
PAÍS VASCO;8. ADMÓN. PÚBLICA;2015;34
PAÍS VASCO;8. ADMÓN. PÚBLICA;2014;36
PAÍS VASCO;8. ADMÓN. PÚBLICA;2013;24
PAÍS VASCO;8. ADMÓN. PÚBLICA;2012;26
PAÍS VASCO;8. ADMÓN. PÚBLICA;2011;18
PAÍS VASCO;8. ADMÓN. PÚBLICA;2010;25
PAÍS VASCO;9. ADMÓN. JUSTICIA;2023;1.838
PAÍS VASCO;9. ADMÓN. JUSTICIA;2022;1.736
PAÍS VASCO;9. ADMÓN. JUSTICIA;2021;1.525
PAÍS VASCO;9. ADMÓN. JUSTICIA;2020;1.401
PAÍS VASCO;9. ADMÓN. JUSTICIA;2019;1.573
PAÍS VASCO;9. ADMÓN. JUSTICIA;2018;1.502
PAÍS VASCO;9. ADMÓN. JUSTICIA;2017;1.417
PAÍS VASCO;9. ADMÓN. JUSTICIA;2016;1.492
PAÍS VASCO;9. ADMÓN. JUSTICIA;2015;1.479
PAÍS VASCO;9. ADMÓN. JUSTICIA;2014;1.418
PAÍS VASCO;9. ADMÓN. JUSTICIA;2013;1.470
PAÍS VASCO;9. ADMÓN. JUSTICIA;2012;1.458
PAÍS VASCO;9. ADMÓN. JUSTICIA;2011;1.357
PAÍS VASCO;9. ADMÓN. JUSTICIA;2010;1.170
PAÍS VASCO;10. ORDEN PÚBLICO;2023;1.405
PAÍS VASCO;10. ORDEN PÚBLICO;2022;1.437
PAÍS VASCO;10. ORDEN PÚBLICO;2021;1.490
PAÍS VASCO;10. ORDEN PÚBLICO;2020;1.680
PAÍS VASCO;10. ORDEN PÚBLICO;2019;985
PAÍS VASCO;10. ORDEN PÚBLICO;2018;897
PAÍS VASCO;10. ORDEN PÚBLICO;2017;897
PAÍS VASCO;10. ORDEN PÚBLICO;2016;892
PAÍS VASCO;10. ORDEN PÚBLICO;2015;1.165
PAÍS VASCO;10. ORDEN PÚBLICO;2014;1.636
PAÍS VASCO;10. ORDEN PÚBLICO;2013;1.839
PAÍS VASCO;10. ORDEN PÚBLICO;2012;2.143
PAÍS VASCO;10. ORDEN PÚBLICO;2011;2.161
PAÍS VASCO;10. ORDEN PÚBLICO;2010;2.405
PAÍS VASCO;11. LEGISLACIÓN ESPECIAL;2023;10
PAÍS VASCO;11. LEGISLACIÓN ESPECIAL;2022;1
PAÍS VASCO;11. LEGISLACIÓN ESPECIAL;2021;2
PAÍS VASCO;11. LEGISLACIÓN ESPECIAL;2020;6
PAÍS VASCO;11. LEGISLACIÓN ESPECIAL;2019;7
PAÍS VASCO;11. LEGISLACIÓN ESPECIAL;2018;0
PAÍS VASCO;11. LEGISLACIÓN ESPECIAL;2017;1
PAÍS VASCO;11. LEGISLACIÓN ESPECIAL;2016;1
PAÍS VASCO;11. LEGISLACIÓN ESPECIAL;2015;3
PAÍS VASCO;11. LEGISLACIÓN ESPECIAL;2014;3
PAÍS VASCO;11. LEGISLACIÓN ESPECIAL;2013;5
PAÍS VASCO;11. LEGISLACIÓN ESPECIAL;2012;0
PAÍS VASCO;11. LEGISLACIÓN ESPECIAL;2011;2
PAÍS VASCO;11. LEGISLACIÓN ESPECIAL;2010;1
PAÍS VASCO;12. OTRAS INFRACCIONES PENALES;2023;603
PAÍS VASCO;12. OTRAS INFRACCIONES PENALES;2022;582
PAÍS VASCO;12. OTRAS INFRACCIONES PENALES;2021;538
PAÍS VASCO;12. OTRAS INFRACCIONES PENALES;2020;544
PAÍS VASCO;12. OTRAS INFRACCIONES PENALES;2019;543
PAÍS VASCO;12. OTRAS INFRACCIONES PENALES;2018;544
PAÍS VASCO;12. OTRAS INFRACCIONES PENALES;2017;494
PAÍS VASCO;12. OTRAS INFRACCIONES PENALES;2016;570
PAÍS VASCO;12. OTRAS INFRACCIONES PENALES;2015;600
PAÍS VASCO;12. OTRAS INFRACCIONES PENALES;2014;454
PAÍS VASCO;12. OTRAS INFRACCIONES PENALES;2013;413
PAÍS VASCO;12. OTRAS INFRACCIONES PENALES;2012;499
PAÍS VASCO;12. OTRAS INFRACCIONES PENALES;2011;417
PAÍS VASCO;12. OTRAS INFRACCIONES PENALES;2010;432
PAÍS VASCO;TOTAL INFRACCIONES PENALES;2023;107.823
PAÍS VASCO;TOTAL INFRACCIONES PENALES;2022;101.756
PAÍS VASCO;TOTAL INFRACCIONES PENALES;2021;84.781
PAÍS VASCO;TOTAL INFRACCIONES PENALES;2020;77.176
PAÍS VASCO;TOTAL INFRACCIONES PENALES;2019;94.536
PAÍS VASCO;TOTAL INFRACCIONES PENALES;2018;90.253
PAÍS VASCO;TOTAL INFRACCIONES PENALES;2017;83.687
PAÍS VASCO;TOTAL INFRACCIONES PENALES;2016;82.809
PAÍS VASCO;TOTAL INFRACCIONES PENALES;2015;85.501
PAÍS VASCO;TOTAL INFRACCIONES PENALES;2014;88.231
PAÍS VASCO;TOTAL INFRACCIONES PENALES;2013;90.599
PAÍS VASCO;TOTAL INFRACCIONES PENALES;2012;92.608
PAÍS VASCO;TOTAL INFRACCIONES PENALES;2011;89.567
PAÍS VASCO;TOTAL INFRACCIONES PENALES;2010;90.175
RIOJA (LA);1. CONTRA LAS PERSONAS;2023;1.490
RIOJA (LA);1. CONTRA LAS PERSONAS;2022;1.391
RIOJA (LA);1. CONTRA LAS PERSONAS;2021;1.166
RIOJA (LA);1. CONTRA LAS PERSONAS;2020;942
RIOJA (LA);1. CONTRA LAS PERSONAS;2019;1.042
RIOJA (LA);1. CONTRA LAS PERSONAS;2018;1.057
RIOJA (LA);1. CONTRA LAS PERSONAS;2017;1.006
RIOJA (LA);1. CONTRA LAS PERSONAS;2016;979
RIOJA (LA);1. CONTRA LAS PERSONAS;2015;1.176
RIOJA (LA);1. CONTRA LAS PERSONAS;2014;1.527
RIOJA (LA);1. CONTRA LAS PERSONAS;2013;1.462
RIOJA (LA);1. CONTRA LAS PERSONAS;2012;1.623
RIOJA (LA);1. CONTRA LAS PERSONAS;2011;1.625
RIOJA (LA);1. CONTRA LAS PERSONAS;2010;1.695
RIOJA (LA);1.1.-Homicidios dolosos/asesinatos;2023;15
RIOJA (LA);1.1.-Homicidios dolosos/asesinatos;2022;9
RIOJA (LA);1.1.-Homicidios dolosos/asesinatos;2021;8
RIOJA (LA);1.1.-Homicidios dolosos/asesinatos;2020;8
RIOJA (LA);1.1.-Homicidios dolosos/asesinatos;2019;5
RIOJA (LA);1.1.-Homicidios dolosos/asesinatos;2018;3
RIOJA (LA);1.1.-Homicidios dolosos/asesinatos;2017;6
RIOJA (LA);1.1.-Homicidios dolosos/asesinatos;2016;3
RIOJA (LA);1.1.-Homicidios dolosos/asesinatos;2015;6
RIOJA (LA);1.1.-Homicidios dolosos/asesinatos;2014;9
RIOJA (LA);1.1.-Homicidios dolosos/asesinatos;2013;7
RIOJA (LA);1.1.-Homicidios dolosos/asesinatos;2012;6
RIOJA (LA);1.1.-Homicidios dolosos/asesinatos;2011;7
RIOJA (LA);1.1.-Homicidios dolosos/asesinatos;2010;6
RIOJA (LA);1.1.1.-Homicidios dolosos/asesinatos consumados;2023;3
RIOJA (LA);1.1.1.-Homicidios dolosos/asesinatos consumados;2022;1
RIOJA (LA);1.1.1.-Homicidios dolosos/asesinatos consumados;2021;3
RIOJA (LA);1.1.1.-Homicidios dolosos/asesinatos consumados;2020;5
RIOJA (LA);1.1.1.-Homicidios dolosos/asesinatos consumados;2019;0
RIOJA (LA);1.1.1.-Homicidios dolosos/asesinatos consumados;2018;1
RIOJA (LA);1.1.1.-Homicidios dolosos/asesinatos consumados;2017;0
RIOJA (LA);1.1.1.-Homicidios dolosos/asesinatos consumados;2016;0
RIOJA (LA);1.1.1.-Homicidios dolosos/asesinatos consumados;2015;1
RIOJA (LA);1.1.1.-Homicidios dolosos/asesinatos consumados;2014;3
RIOJA (LA);1.1.1.-Homicidios dolosos/asesinatos consumados;2013;0
RIOJA (LA);1.1.1.-Homicidios dolosos/asesinatos consumados;2012;1
RIOJA (LA);1.1.1.-Homicidios dolosos/asesinatos consumados;2011;2
RIOJA (LA);1.1.1.-Homicidios dolosos/asesinatos consumados;2010;2
RIOJA (LA);1.2.-Lesiones;2023;753
RIOJA (LA);1.2.-Lesiones;2022;792
RIOJA (LA);1.2.-Lesiones;2021;658
RIOJA (LA);1.2.-Lesiones;2020;500
RIOJA (LA);1.2.-Lesiones;2019;577
RIOJA (LA);1.2.-Lesiones;2018;562
RIOJA (LA);1.2.-Lesiones;2017;549
RIOJA (LA);1.2.-Lesiones;2016;557
RIOJA (LA);1.2.-Lesiones;2015;543
RIOJA (LA);1.2.-Lesiones;2014;603
RIOJA (LA);1.2.-Lesiones;2013;632
RIOJA (LA);1.2.-Lesiones;2012;666
RIOJA (LA);1.2.-Lesiones;2011;760
RIOJA (LA);1.2.-Lesiones;2010;847
RIOJA (LA);1.3.-Malos tratos ámbito familiar;2023;676
RIOJA (LA);1.3.-Malos tratos ámbito familiar;2022;550
RIOJA (LA);1.3.-Malos tratos ámbito familiar;2021;482
RIOJA (LA);1.3.-Malos tratos ámbito familiar;2020;413
RIOJA (LA);1.3.-Malos tratos ámbito familiar;2019;447
RIOJA (LA);1.3.-Malos tratos ámbito familiar;2018;479
RIOJA (LA);1.3.-Malos tratos ámbito familiar;2017;438
RIOJA (LA);1.3.-Malos tratos ámbito familiar;2016;406
RIOJA (LA);1.3.-Malos tratos ámbito familiar;2015;414
RIOJA (LA);1.3.-Malos tratos ámbito familiar;2014;399
RIOJA (LA);1.3.-Malos tratos ámbito familiar;2013;369
RIOJA (LA);1.3.-Malos tratos ámbito familiar;2012;398
RIOJA (LA);1.3.-Malos tratos ámbito familiar;2011;362
RIOJA (LA);1.3.-Malos tratos ámbito familiar;2010;327
RIOJA (LA);1.4.-Otros contra las personas;2023;46
RIOJA (LA);1.4.-Otros contra las personas;2022;40
RIOJA (LA);1.4.-Otros contra las personas;2021;18
RIOJA (LA);1.4.-Otros contra las personas;2020;21
RIOJA (LA);1.4.-Otros contra las personas;2019;13
RIOJA (LA);1.4.-Otros contra las personas;2018;13
RIOJA (LA);1.4.-Otros contra las personas;2017;13
RIOJA (LA);1.4.-Otros contra las personas;2016;13
RIOJA (LA);1.4.-Otros contra las personas;2015;213
RIOJA (LA);1.4.-Otros contra las personas;2014;516
RIOJA (LA);1.4.-Otros contra las personas;2013;454
RIOJA (LA);1.4.-Otros contra las personas;2012;553
RIOJA (LA);1.4.-Otros contra las personas;2011;496
RIOJA (LA);1.4.-Otros contra las personas;2010;515
RIOJA (LA);2. CONTRA LA LIBERTAD;2023;858
RIOJA (LA);2. CONTRA LA LIBERTAD;2022;816
RIOJA (LA);2. CONTRA LA LIBERTAD;2021;775
RIOJA (LA);2. CONTRA LA LIBERTAD;2020;555
RIOJA (LA);2. CONTRA LA LIBERTAD;2019;518
RIOJA (LA);2. CONTRA LA LIBERTAD;2018;502
RIOJA (LA);2. CONTRA LA LIBERTAD;2017;461
RIOJA (LA);2. CONTRA LA LIBERTAD;2016;444
RIOJA (LA);2. CONTRA LA LIBERTAD;2015;327
RIOJA (LA);2. CONTRA LA LIBERTAD;2014;194
RIOJA (LA);2. CONTRA LA LIBERTAD;2013;165
RIOJA (LA);2. CONTRA LA LIBERTAD;2012;195
RIOJA (LA);2. CONTRA LA LIBERTAD;2011;150
RIOJA (LA);2. CONTRA LA LIBERTAD;2010;170
RIOJA (LA);2.1.-Malos tratos habituales en el ámbito familiar;2023;94
RIOJA (LA);2.1.-Malos tratos habituales en el ámbito familiar;2022;97
RIOJA (LA);2.1.-Malos tratos habituales en el ámbito familiar;2021;91
RIOJA (LA);2.1.-Malos tratos habituales en el ámbito familiar;2020;73
RIOJA (LA);2.1.-Malos tratos habituales en el ámbito familiar;2019;68
RIOJA (LA);2.1.-Malos tratos habituales en el ámbito familiar;2018;48
RIOJA (LA);2.1.-Malos tratos habituales en el ámbito familiar;2017;51
RIOJA (LA);2.1.-Malos tratos habituales en el ámbito familiar;2016;42
RIOJA (LA);2.1.-Malos tratos habituales en el ámbito familiar;2015;46
RIOJA (LA);2.1.-Malos tratos habituales en el ámbito familiar;2014;43
RIOJA (LA);2.1.-Malos tratos habituales en el ámbito familiar;2013;38
RIOJA (LA);2.1.-Malos tratos habituales en el ámbito familiar;2012;41
RIOJA (LA);2.1.-Malos tratos habituales en el ámbito familiar;2011;31
RIOJA (LA);2.1.-Malos tratos habituales en el ámbito familiar;2010;37
RIOJA (LA);2.2.-Otros contra la libertad;2023;764
RIOJA (LA);2.2.-Otros contra la libertad;2022;719
RIOJA (LA);2.2.-Otros contra la libertad;2021;684
RIOJA (LA);2.2.-Otros contra la libertad;2020;482
RIOJA (LA);2.2.-Otros contra la libertad;2019;450
RIOJA (LA);2.2.-Otros contra la libertad;2018;454
RIOJA (LA);2.2.-Otros contra la libertad;2017;410
RIOJA (LA);2.2.-Otros contra la libertad;2016;402
RIOJA (LA);2.2.-Otros contra la libertad;2015;281
RIOJA (LA);2.2.-Otros contra la libertad;2014;151
RIOJA (LA);2.2.-Otros contra la libertad;2013;127
RIOJA (LA);2.2.-Otros contra la libertad;2012;154
RIOJA (LA);2.2.-Otros contra la libertad;2011;119
RIOJA (LA);2.2.-Otros contra la libertad;2010;133
RIOJA (LA);3. LIBERTAD SEXUAL;2023;124
RIOJA (LA);3. LIBERTAD SEXUAL;2022;109
RIOJA (LA);3. LIBERTAD SEXUAL;2021;102
RIOJA (LA);3. LIBERTAD SEXUAL;2020;104
RIOJA (LA);3. LIBERTAD SEXUAL;2019;92
RIOJA (LA);3. LIBERTAD SEXUAL;2018;61
RIOJA (LA);3. LIBERTAD SEXUAL;2017;57
RIOJA (LA);3. LIBERTAD SEXUAL;2016;48
RIOJA (LA);3. LIBERTAD SEXUAL;2015;49
RIOJA (LA);3. LIBERTAD SEXUAL;2014;40
RIOJA (LA);3. LIBERTAD SEXUAL;2013;37
RIOJA (LA);3. LIBERTAD SEXUAL;2012;47
RIOJA (LA);3. LIBERTAD SEXUAL;2011;62
RIOJA (LA);3. LIBERTAD SEXUAL;2010;49
RIOJA (LA);3.1.-Agresión sexual;2023;82
RIOJA (LA);3.1.-Agresión sexual;2022;77
RIOJA (LA);3.1.-Agresión sexual;2021;69
RIOJA (LA);3.1.-Agresión sexual;2020;47
RIOJA (LA);3.1.-Agresión sexual;2019;65
RIOJA (LA);3.1.-Agresión sexual;2018;39
RIOJA (LA);3.1.-Agresión sexual;2017;40
RIOJA (LA);3.1.-Agresión sexual;2016;34
RIOJA (LA);3.1.-Agresión sexual;2015;30
RIOJA (LA);3.1.-Agresión sexual;2014;28
RIOJA (LA);3.1.-Agresión sexual;2013;22
RIOJA (LA);3.1.-Agresión sexual;2012;27
RIOJA (LA);3.1.-Agresión sexual;2011;41
RIOJA (LA);3.1.-Agresión sexual;2010;20
RIOJA (LA);3.2.-Agresión sexual con penetración;2023;18
RIOJA (LA);3.2.-Agresión sexual con penetración;2022;19
RIOJA (LA);3.2.-Agresión sexual con penetración;2021;14
RIOJA (LA);3.2.-Agresión sexual con penetración;2020;13
RIOJA (LA);3.2.-Agresión sexual con penetración;2019;15
RIOJA (LA);3.2.-Agresión sexual con penetración;2018;8
RIOJA (LA);3.2.-Agresión sexual con penetración;2017;7
RIOJA (LA);3.2.-Agresión sexual con penetración;2016;7
RIOJA (LA);3.2.-Agresión sexual con penetración;2015;9
RIOJA (LA);3.2.-Agresión sexual con penetración;2014;3
RIOJA (LA);3.2.-Agresión sexual con penetración;2013;6
RIOJA (LA);3.2.-Agresión sexual con penetración;2012;10
RIOJA (LA);3.2.-Agresión sexual con penetración;2011;11
RIOJA (LA);3.2.-Agresión sexual con penetración;2010;14
RIOJA (LA);3.3.-Corrupción de menores o incapacitados;2023;5
RIOJA (LA);3.3.-Corrupción de menores o incapacitados;2022;5
RIOJA (LA);3.3.-Corrupción de menores o incapacitados;2021;3
RIOJA (LA);3.3.-Corrupción de menores o incapacitados;2020;8
RIOJA (LA);3.3.-Corrupción de menores o incapacitados;2019;4
RIOJA (LA);3.3.-Corrupción de menores o incapacitados;2018;1
RIOJA (LA);3.3.-Corrupción de menores o incapacitados;2017;3
RIOJA (LA);3.3.-Corrupción de menores o incapacitados;2016;3
RIOJA (LA);3.3.-Corrupción de menores o incapacitados;2015;3
RIOJA (LA);3.3.-Corrupción de menores o incapacitados;2014;5
RIOJA (LA);3.3.-Corrupción de menores o incapacitados;2013;4
RIOJA (LA);3.3.-Corrupción de menores o incapacitados;2012;5
RIOJA (LA);3.3.-Corrupción de menores o incapacitados;2011;2
RIOJA (LA);3.3.-Corrupción de menores o incapacitados;2010;3
RIOJA (LA);3.4.-Pornografía de menores;2023;7
RIOJA (LA);3.4.-Pornografía de menores;2022;2
RIOJA (LA);3.4.-Pornografía de menores;2021;3
RIOJA (LA);3.4.-Pornografía de menores;2020;4
RIOJA (LA);3.4.-Pornografía de menores;2019;2
RIOJA (LA);3.4.-Pornografía de menores;2018;7
RIOJA (LA);3.4.-Pornografía de menores;2017;1
RIOJA (LA);3.4.-Pornografía de menores;2016;1
RIOJA (LA);3.4.-Pornografía de menores;2015;1
RIOJA (LA);3.4.-Pornografía de menores;2014;3
RIOJA (LA);3.4.-Pornografía de menores;2013;3
RIOJA (LA);3.4.-Pornografía de menores;2012;2
RIOJA (LA);3.4.-Pornografía de menores;2011;5
RIOJA (LA);3.4.-Pornografía de menores;2010;7
RIOJA (LA);3.5.-Otros contra la libertad sexual;2023;12
RIOJA (LA);3.5.-Otros contra la libertad sexual;2022;6
RIOJA (LA);3.5.-Otros contra la libertad sexual;2021;13
RIOJA (LA);3.5.-Otros contra la libertad sexual;2020;32
RIOJA (LA);3.5.-Otros contra la libertad sexual;2019;6
RIOJA (LA);3.5.-Otros contra la libertad sexual;2018;6
RIOJA (LA);3.5.-Otros contra la libertad sexual;2017;6
RIOJA (LA);3.5.-Otros contra la libertad sexual;2016;3
RIOJA (LA);3.5.-Otros contra la libertad sexual;2015;6
RIOJA (LA);3.5.-Otros contra la libertad sexual;2014;1
RIOJA (LA);3.5.-Otros contra la libertad sexual;2013;2
RIOJA (LA);3.5.-Otros contra la libertad sexual;2012;3
RIOJA (LA);3.5.-Otros contra la libertad sexual;2011;3
RIOJA (LA);3.5.-Otros contra la libertad sexual;2010;5
RIOJA (LA);4. RELACIONES FAMILIARES;2023;30
RIOJA (LA);4. RELACIONES FAMILIARES;2022;32
RIOJA (LA);4. RELACIONES FAMILIARES;2021;20
RIOJA (LA);4. RELACIONES FAMILIARES;2020;25
RIOJA (LA);4. RELACIONES FAMILIARES;2019;31
RIOJA (LA);4. RELACIONES FAMILIARES;2018;20
RIOJA (LA);4. RELACIONES FAMILIARES;2017;23
RIOJA (LA);4. RELACIONES FAMILIARES;2016;20
RIOJA (LA);4. RELACIONES FAMILIARES;2015;34
RIOJA (LA);4. RELACIONES FAMILIARES;2014;36
RIOJA (LA);4. RELACIONES FAMILIARES;2013;32
RIOJA (LA);4. RELACIONES FAMILIARES;2012;26
RIOJA (LA);4. RELACIONES FAMILIARES;2011;18
RIOJA (LA);4. RELACIONES FAMILIARES;2010;31
RIOJA (LA);5. PATRIMONIO;2023;8.570
RIOJA (LA);5. PATRIMONIO;2022;8.254
RIOJA (LA);5. PATRIMONIO;2021;5.983
RIOJA (LA);5. PATRIMONIO;2020;5.460
RIOJA (LA);5. PATRIMONIO;2019;6.179
RIOJA (LA);5. PATRIMONIO;2018;5.894
RIOJA (LA);5. PATRIMONIO;2017;5.676
RIOJA (LA);5. PATRIMONIO;2016;5.764
RIOJA (LA);5. PATRIMONIO;2015;6.260
RIOJA (LA);5. PATRIMONIO;2014;6.352
RIOJA (LA);5. PATRIMONIO;2013;7.086
RIOJA (LA);5. PATRIMONIO;2012;7.267
RIOJA (LA);5. PATRIMONIO;2011;7.007
RIOJA (LA);5. PATRIMONIO;2010;6.555
RIOJA (LA);5.1.-Hurtos;2023;2.974
RIOJA (LA);5.1.-Hurtos;2022;2.743
RIOJA (LA);5.1.-Hurtos;2021;1.789
RIOJA (LA);5.1.-Hurtos;2020;1.475
RIOJA (LA);5.1.-Hurtos;2019;2.415
RIOJA (LA);5.1.-Hurtos;2018;2.366
RIOJA (LA);5.1.-Hurtos;2017;2.563
RIOJA (LA);5.1.-Hurtos;2016;2.791
RIOJA (LA);5.1.-Hurtos;2015;2.877
RIOJA (LA);5.1.-Hurtos;2014;2.725
RIOJA (LA);5.1.-Hurtos;2013;2.943
RIOJA (LA);5.1.-Hurtos;2012;3.144
RIOJA (LA);5.1.-Hurtos;2011;2.855
RIOJA (LA);5.1.-Hurtos;2010;2.668
RIOJA (LA);5.2.-Robos con fuerza en las cosas;2023;1.356
RIOJA (LA);5.2.-Robos con fuerza en las cosas;2022;1.251
RIOJA (LA);5.2.-Robos con fuerza en las cosas;2021;844
RIOJA (LA);5.2.-Robos con fuerza en las cosas;2020;806
RIOJA (LA);5.2.-Robos con fuerza en las cosas;2019;942
RIOJA (LA);5.2.-Robos con fuerza en las cosas;2018;1.001
RIOJA (LA);5.2.-Robos con fuerza en las cosas;2017;1.271
RIOJA (LA);5.2.-Robos con fuerza en las cosas;2016;1.187
RIOJA (LA);5.2.-Robos con fuerza en las cosas;2015;1.438
RIOJA (LA);5.2.-Robos con fuerza en las cosas;2014;1.676
RIOJA (LA);5.2.-Robos con fuerza en las cosas;2013;2.066
RIOJA (LA);5.2.-Robos con fuerza en las cosas;2012;1.931
RIOJA (LA);5.2.-Robos con fuerza en las cosas;2011;1.967
RIOJA (LA);5.2.-Robos con fuerza en las cosas;2010;2.043
RIOJA (LA);5.2.1.-Robos con fuerza en las cosas en el interior de vehículos;2023;260
RIOJA (LA);5.2.1.-Robos con fuerza en las cosas en el interior de vehículos;2022;208
RIOJA (LA);5.2.1.-Robos con fuerza en las cosas en el interior de vehículos;2021;178
RIOJA (LA);5.2.1.-Robos con fuerza en las cosas en el interior de vehículos;2020;155
RIOJA (LA);5.2.1.-Robos con fuerza en las cosas en el interior de vehículos;2019;185
RIOJA (LA);5.2.1.-Robos con fuerza en las cosas en el interior de vehículos;2018;177
RIOJA (LA);5.2.1.-Robos con fuerza en las cosas en el interior de vehículos;2017;222
RIOJA (LA);5.2.1.-Robos con fuerza en las cosas en el interior de vehículos;2016;223
RIOJA (LA);5.2.1.-Robos con fuerza en las cosas en el interior de vehículos;2015;229
RIOJA (LA);5.2.1.-Robos con fuerza en las cosas en el interior de vehículos;2014;387
RIOJA (LA);5.2.1.-Robos con fuerza en las cosas en el interior de vehículos;2013;446
RIOJA (LA);5.2.1.-Robos con fuerza en las cosas en el interior de vehículos;2012;435
RIOJA (LA);5.2.1.-Robos con fuerza en las cosas en el interior de vehículos;2011;405
RIOJA (LA);5.2.1.-Robos con fuerza en las cosas en el interior de vehículos;2010;327
RIOJA (LA);5.2.2.-Robos con fuerza en viviendas;2023;559
RIOJA (LA);5.2.2.-Robos con fuerza en viviendas;2022;527
RIOJA (LA);5.2.2.-Robos con fuerza en viviendas;2021;397
RIOJA (LA);5.2.2.-Robos con fuerza en viviendas;2020;352
RIOJA (LA);5.2.2.-Robos con fuerza en viviendas;2019;437
RIOJA (LA);5.2.2.-Robos con fuerza en viviendas;2018;466
RIOJA (LA);5.2.2.-Robos con fuerza en viviendas;2017;587
RIOJA (LA);5.2.2.-Robos con fuerza en viviendas;2016;494
RIOJA (LA);5.2.2.-Robos con fuerza en viviendas;2015;647
RIOJA (LA);5.2.2.-Robos con fuerza en viviendas;2014;629
RIOJA (LA);5.2.2.-Robos con fuerza en viviendas;2013;823
RIOJA (LA);5.2.2.-Robos con fuerza en viviendas;2012;628
RIOJA (LA);5.2.2.-Robos con fuerza en viviendas;2011;327
RIOJA (LA);5.2.2.-Robos con fuerza en viviendas;2010;489
RIOJA (LA);5.2.3.-Robos con fuerza en establecimientos;2023;145
RIOJA (LA);5.2.3.-Robos con fuerza en establecimientos;2022;167
RIOJA (LA);5.2.3.-Robos con fuerza en establecimientos;2021;92
RIOJA (LA);5.2.3.-Robos con fuerza en establecimientos;2020;99
RIOJA (LA);5.2.3.-Robos con fuerza en establecimientos;2019;109
RIOJA (LA);5.2.3.-Robos con fuerza en establecimientos;2018;133
RIOJA (LA);5.2.3.-Robos con fuerza en establecimientos;2017;124
RIOJA (LA);5.2.3.-Robos con fuerza en establecimientos;2016;148
RIOJA (LA);5.2.3.-Robos con fuerza en establecimientos;2015;170
RIOJA (LA);5.2.3.-Robos con fuerza en establecimientos;2014;210
RIOJA (LA);5.2.3.-Robos con fuerza en establecimientos;2013;262
RIOJA (LA);5.2.3.-Robos con fuerza en establecimientos;2012;311
RIOJA (LA);5.2.3.-Robos con fuerza en establecimientos;2011;261
RIOJA (LA);5.2.3.-Robos con fuerza en establecimientos;2010;363
RIOJA (LA);5.3.-Robos con violencia o intimidación;2023;150
RIOJA (LA);5.3.-Robos con violencia o intimidación;2022;121
RIOJA (LA);5.3.-Robos con violencia o intimidación;2021;116
RIOJA (LA);5.3.-Robos con violencia o intimidación;2020;78
RIOJA (LA);5.3.-Robos con violencia o intimidación;2019;91
RIOJA (LA);5.3.-Robos con violencia o intimidación;2018;77
RIOJA (LA);5.3.-Robos con violencia o intimidación;2017;104
RIOJA (LA);5.3.-Robos con violencia o intimidación;2016;119
RIOJA (LA);5.3.-Robos con violencia o intimidación;2015;136
RIOJA (LA);5.3.-Robos con violencia o intimidación;2014;172
RIOJA (LA);5.3.-Robos con violencia o intimidación;2013;211
RIOJA (LA);5.3.-Robos con violencia o intimidación;2012;242
RIOJA (LA);5.3.-Robos con violencia o intimidación;2011;224
RIOJA (LA);5.3.-Robos con violencia o intimidación;2010;220
RIOJA (LA);5.3.1.-Robos con violencia en vía pública;2023;88
RIOJA (LA);5.3.1.-Robos con violencia en vía pública;2022;69
RIOJA (LA);5.3.1.-Robos con violencia en vía pública;2021;68
RIOJA (LA);5.3.1.-Robos con violencia en vía pública;2020;44
RIOJA (LA);5.3.1.-Robos con violencia en vía pública;2019;41
RIOJA (LA);5.3.1.-Robos con violencia en vía pública;2018;46
RIOJA (LA);5.3.1.-Robos con violencia en vía pública;2017;54
RIOJA (LA);5.3.1.-Robos con violencia en vía pública;2016;75
RIOJA (LA);5.3.1.-Robos con violencia en vía pública;2015;92
RIOJA (LA);5.3.1.-Robos con violencia en vía pública;2014;106
RIOJA (LA);5.3.1.-Robos con violencia en vía pública;2013;137
RIOJA (LA);5.3.1.-Robos con violencia en vía pública;2012;171
RIOJA (LA);5.3.1.-Robos con violencia en vía pública;2011;111
RIOJA (LA);5.3.1.-Robos con violencia en vía pública;2010;135
RIOJA (LA);5.3.2.-Robos con violencia en viviendas;2023;12
RIOJA (LA);5.3.2.-Robos con violencia en viviendas;2022;8
RIOJA (LA);5.3.2.-Robos con violencia en viviendas;2021;7
RIOJA (LA);5.3.2.-Robos con violencia en viviendas;2020;5
RIOJA (LA);5.3.2.-Robos con violencia en viviendas;2019;7
RIOJA (LA);5.3.2.-Robos con violencia en viviendas;2018;8
RIOJA (LA);5.3.2.-Robos con violencia en viviendas;2017;11
RIOJA (LA);5.3.2.-Robos con violencia en viviendas;2016;4
RIOJA (LA);5.3.2.-Robos con violencia en viviendas;2015;11
RIOJA (LA);5.3.2.-Robos con violencia en viviendas;2014;17
RIOJA (LA);5.3.2.-Robos con violencia en viviendas;2013;17
RIOJA (LA);5.3.2.-Robos con violencia en viviendas;2012;22
RIOJA (LA);5.3.2.-Robos con violencia en viviendas;2011;20
RIOJA (LA);5.3.2.-Robos con violencia en viviendas;2010;17
RIOJA (LA);5.3.3.-Robos con violencia en establecimientos;2023;36
RIOJA (LA);5.3.3.-Robos con violencia en establecimientos;2022;29
RIOJA (LA);5.3.3.-Robos con violencia en establecimientos;2021;25
RIOJA (LA);5.3.3.-Robos con violencia en establecimientos;2020;19
RIOJA (LA);5.3.3.-Robos con violencia en establecimientos;2019;32
RIOJA (LA);5.3.3.-Robos con violencia en establecimientos;2018;12
RIOJA (LA);5.3.3.-Robos con violencia en establecimientos;2017;24
RIOJA (LA);5.3.3.-Robos con violencia en establecimientos;2016;27
RIOJA (LA);5.3.3.-Robos con violencia en establecimientos;2015;17
RIOJA (LA);5.3.3.-Robos con violencia en establecimientos;2014;26
RIOJA (LA);5.3.3.-Robos con violencia en establecimientos;2013;43
RIOJA (LA);5.3.3.-Robos con violencia en establecimientos;2012;28
RIOJA (LA);5.3.3.-Robos con violencia en establecimientos;2011;51
RIOJA (LA);5.3.3.-Robos con violencia en establecimientos;2010;48
RIOJA (LA);5.4.-Sustracción de vehículos;2023;68
RIOJA (LA);5.4.-Sustracción de vehículos;2022;77
RIOJA (LA);5.4.-Sustracción de vehículos;2021;59
RIOJA (LA);5.4.-Sustracción de vehículos;2020;31
RIOJA (LA);5.4.-Sustracción de vehículos;2019;69
RIOJA (LA);5.4.-Sustracción de vehículos;2018;78
RIOJA (LA);5.4.-Sustracción de vehículos;2017;89
RIOJA (LA);5.4.-Sustracción de vehículos;2016;99
RIOJA (LA);5.4.-Sustracción de vehículos;2015;132
RIOJA (LA);5.4.-Sustracción de vehículos;2014;78
RIOJA (LA);5.4.-Sustracción de vehículos;2013;134
RIOJA (LA);5.4.-Sustracción de vehículos;2012;126
RIOJA (LA);5.4.-Sustracción de vehículos;2011;149
RIOJA (LA);5.4.-Sustracción de vehículos;2010;165
RIOJA (LA);5.5.-Estafas;2023;2.324
RIOJA (LA);5.5.-Estafas;2022;2.494
RIOJA (LA);5.5.-Estafas;2021;1.981
RIOJA (LA);5.5.-Estafas;2020;2.015
RIOJA (LA);5.5.-Estafas;2019;1.326
RIOJA (LA);5.5.-Estafas;2018;1.052
RIOJA (LA);5.5.-Estafas;2017;458
RIOJA (LA);5.5.-Estafas;2016;397
RIOJA (LA);5.5.-Estafas;2015;449
RIOJA (LA);5.5.-Estafas;2014;444
RIOJA (LA);5.5.-Estafas;2013;482
RIOJA (LA);5.5.-Estafas;2012;532
RIOJA (LA);5.5.-Estafas;2011;475
RIOJA (LA);5.5.-Estafas;2010;308
RIOJA (LA);5.5.1.-Estafas informáticas;2023;2.021
RIOJA (LA);5.5.1.-Estafas informáticas;2022;2.152
RIOJA (LA);5.5.1.-Estafas informáticas;2021;1.794
RIOJA (LA);5.5.1.-Estafas informáticas;2020;1.787
RIOJA (LA);5.5.1.-Estafas informáticas;2019;996
RIOJA (LA);5.5.1.-Estafas informáticas;2018;675
RIOJA (LA);5.5.1.-Estafas informáticas;2017;168
RIOJA (LA);5.5.1.-Estafas informáticas;2016;142
RIOJA (LA);5.5.1.-Estafas informáticas;2015;159
RIOJA (LA);5.5.1.-Estafas informáticas;2014;133
RIOJA (LA);5.5.1.-Estafas informáticas;2013;122
RIOJA (LA);5.5.1.-Estafas informáticas;2012;123
RIOJA (LA);5.5.1.-Estafas informáticas;2011;64
RIOJA (LA);5.5.1.-Estafas informáticas;2010;86
RIOJA (LA);5.6.-Daños;2023;1.252
RIOJA (LA);5.6.-Daños;2022;1.270
RIOJA (LA);5.6.-Daños;2021;931
RIOJA (LA);5.6.-Daños;2020;852
RIOJA (LA);5.6.-Daños;2019;979
RIOJA (LA);5.6.-Daños;2018;1.097
RIOJA (LA);5.6.-Daños;2017;1.013
RIOJA (LA);5.6.-Daños;2016;1.004
RIOJA (LA);5.6.-Daños;2015;1.042
RIOJA (LA);5.6.-Daños;2014;1.092
RIOJA (LA);5.6.-Daños;2013;1.089
RIOJA (LA);5.6.-Daños;2012;1.182
RIOJA (LA);5.6.-Daños;2011;1.214
RIOJA (LA);5.6.-Daños;2010;1.066
RIOJA (LA);5.7.-Contra la propiedad intelectual/industrial;2023;3
RIOJA (LA);5.7.-Contra la propiedad intelectual/industrial;2022;2
RIOJA (LA);5.7.-Contra la propiedad intelectual/industrial;2021;1
RIOJA (LA);5.7.-Contra la propiedad intelectual/industrial;2020;2
RIOJA (LA);5.7.-Contra la propiedad intelectual/industrial;2019;42
RIOJA (LA);5.7.-Contra la propiedad intelectual/industrial;2018;17
RIOJA (LA);5.7.-Contra la propiedad intelectual/industrial;2017;4
RIOJA (LA);5.7.-Contra la propiedad intelectual/industrial;2016;8
RIOJA (LA);5.7.-Contra la propiedad intelectual/industrial;2015;2
RIOJA (LA);5.7.-Contra la propiedad intelectual/industrial;2014;1
RIOJA (LA);5.7.-Contra la propiedad intelectual/industrial;2013;3
RIOJA (LA);5.7.-Contra la propiedad intelectual/industrial;2012;6
RIOJA (LA);5.7.-Contra la propiedad intelectual/industrial;2011;10
RIOJA (LA);5.7.-Contra la propiedad intelectual/industrial;2010;7
RIOJA (LA);5.8.-Blanqueo de capitales;2023;0
RIOJA (LA);5.8.-Blanqueo de capitales;2022;2
RIOJA (LA);5.8.-Blanqueo de capitales;2021;0
RIOJA (LA);5.8.-Blanqueo de capitales;2020;1
RIOJA (LA);5.8.-Blanqueo de capitales;2019;2
RIOJA (LA);5.8.-Blanqueo de capitales;2018;1
RIOJA (LA);5.8.-Blanqueo de capitales;2017;1
RIOJA (LA);5.8.-Blanqueo de capitales;2016;2
RIOJA (LA);5.8.-Blanqueo de capitales;2015;1
RIOJA (LA);5.8.-Blanqueo de capitales;2014;2
RIOJA (LA);5.8.-Blanqueo de capitales;2013;0
RIOJA (LA);5.8.-Blanqueo de capitales;2012;1
RIOJA (LA);5.8.-Blanqueo de capitales;2011;1
RIOJA (LA);5.8.-Blanqueo de capitales;2010;2
RIOJA (LA);5.9.-Otros contra el patrimonio;2023;443
RIOJA (LA);5.9.-Otros contra el patrimonio;2022;294
RIOJA (LA);5.9.-Otros contra el patrimonio;2021;262
RIOJA (LA);5.9.-Otros contra el patrimonio;2020;200
RIOJA (LA);5.9.-Otros contra el patrimonio;2019;313
RIOJA (LA);5.9.-Otros contra el patrimonio;2018;205
RIOJA (LA);5.9.-Otros contra el patrimonio;2017;173
RIOJA (LA);5.9.-Otros contra el patrimonio;2016;157
RIOJA (LA);5.9.-Otros contra el patrimonio;2015;183
RIOJA (LA);5.9.-Otros contra el patrimonio;2014;162
RIOJA (LA);5.9.-Otros contra el patrimonio;2013;158
RIOJA (LA);5.9.-Otros contra el patrimonio;2012;103
RIOJA (LA);5.9.-Otros contra el patrimonio;2011;112
RIOJA (LA);5.9.-Otros contra el patrimonio;2010;76
RIOJA (LA);6. SEGURIDAD COLECTIVA;2023;454
RIOJA (LA);6. SEGURIDAD COLECTIVA;2022;507
RIOJA (LA);6. SEGURIDAD COLECTIVA;2021;440
RIOJA (LA);6. SEGURIDAD COLECTIVA;2020;295
RIOJA (LA);6. SEGURIDAD COLECTIVA;2019;413
RIOJA (LA);6. SEGURIDAD COLECTIVA;2018;349
RIOJA (LA);6. SEGURIDAD COLECTIVA;2017;294
RIOJA (LA);6. SEGURIDAD COLECTIVA;2016;347
RIOJA (LA);6. SEGURIDAD COLECTIVA;2015;339
RIOJA (LA);6. SEGURIDAD COLECTIVA;2014;384
RIOJA (LA);6. SEGURIDAD COLECTIVA;2013;396
RIOJA (LA);6. SEGURIDAD COLECTIVA;2012;516
RIOJA (LA);6. SEGURIDAD COLECTIVA;2011;618
RIOJA (LA);6. SEGURIDAD COLECTIVA;2010;519
RIOJA (LA);6.1.-Tráfico de drogas;2023;93
RIOJA (LA);6.1.-Tráfico de drogas;2022;98
RIOJA (LA);6.1.-Tráfico de drogas;2021;75
RIOJA (LA);6.1.-Tráfico de drogas;2020;72
RIOJA (LA);6.1.-Tráfico de drogas;2019;105
RIOJA (LA);6.1.-Tráfico de drogas;2018;73
RIOJA (LA);6.1.-Tráfico de drogas;2017;80
RIOJA (LA);6.1.-Tráfico de drogas;2016;63
RIOJA (LA);6.1.-Tráfico de drogas;2015;61
RIOJA (LA);6.1.-Tráfico de drogas;2014;62
RIOJA (LA);6.1.-Tráfico de drogas;2013;69
RIOJA (LA);6.1.-Tráfico de drogas;2012;69
RIOJA (LA);6.1.-Tráfico de drogas;2011;62
RIOJA (LA);6.1.-Tráfico de drogas;2010;64
RIOJA (LA);6.2.-Contra la seguridad vial;2023;334
RIOJA (LA);6.2.-Contra la seguridad vial;2022;373
RIOJA (LA);6.2.-Contra la seguridad vial;2021;320
RIOJA (LA);6.2.-Contra la seguridad vial;2020;199
RIOJA (LA);6.2.-Contra la seguridad vial;2019;292
RIOJA (LA);6.2.-Contra la seguridad vial;2018;262
RIOJA (LA);6.2.-Contra la seguridad vial;2017;198
RIOJA (LA);6.2.-Contra la seguridad vial;2016;274
RIOJA (LA);6.2.-Contra la seguridad vial;2015;270
RIOJA (LA);6.2.-Contra la seguridad vial;2014;313
RIOJA (LA);6.2.-Contra la seguridad vial;2013;317
RIOJA (LA);6.2.-Contra la seguridad vial;2012;434
RIOJA (LA);6.2.-Contra la seguridad vial;2011;546
RIOJA (LA);6.2.-Contra la seguridad vial;2010;436
RIOJA (LA);6.3.-Otros contra la seguridad colectiva;2023;27
RIOJA (LA);6.3.-Otros contra la seguridad colectiva;2022;36
RIOJA (LA);6.3.-Otros contra la seguridad colectiva;2021;45
RIOJA (LA);6.3.-Otros contra la seguridad colectiva;2020;24
RIOJA (LA);6.3.-Otros contra la seguridad colectiva;2019;16
RIOJA (LA);6.3.-Otros contra la seguridad colectiva;2018;14
RIOJA (LA);6.3.-Otros contra la seguridad colectiva;2017;16
RIOJA (LA);6.3.-Otros contra la seguridad colectiva;2016;10
RIOJA (LA);6.3.-Otros contra la seguridad colectiva;2015;8
RIOJA (LA);6.3.-Otros contra la seguridad colectiva;2014;9
RIOJA (LA);6.3.-Otros contra la seguridad colectiva;2013;10
RIOJA (LA);6.3.-Otros contra la seguridad colectiva;2012;13
RIOJA (LA);6.3.-Otros contra la seguridad colectiva;2011;10
RIOJA (LA);6.3.-Otros contra la seguridad colectiva;2010;19
RIOJA (LA);7. FALSEDADES;2023;128
RIOJA (LA);7. FALSEDADES;2022;180
RIOJA (LA);7. FALSEDADES;2021;174
RIOJA (LA);7. FALSEDADES;2020;55
RIOJA (LA);7. FALSEDADES;2019;73
RIOJA (LA);7. FALSEDADES;2018;64
RIOJA (LA);7. FALSEDADES;2017;52
RIOJA (LA);7. FALSEDADES;2016;66
RIOJA (LA);7. FALSEDADES;2015;62
RIOJA (LA);7. FALSEDADES;2014;73
RIOJA (LA);7. FALSEDADES;2013;52
RIOJA (LA);7. FALSEDADES;2012;81
RIOJA (LA);7. FALSEDADES;2011;93
RIOJA (LA);7. FALSEDADES;2010;54
RIOJA (LA);8. ADMÓN. PÚBLICA;2023;5
RIOJA (LA);8. ADMÓN. PÚBLICA;2022;1
RIOJA (LA);8. ADMÓN. PÚBLICA;2021;4
RIOJA (LA);8. ADMÓN. PÚBLICA;2020;0
RIOJA (LA);8. ADMÓN. PÚBLICA;2019;5
RIOJA (LA);8. ADMÓN. PÚBLICA;2018;2
RIOJA (LA);8. ADMÓN. PÚBLICA;2017;3
RIOJA (LA);8. ADMÓN. PÚBLICA;2016;3
RIOJA (LA);8. ADMÓN. PÚBLICA;2015;1
RIOJA (LA);8. ADMÓN. PÚBLICA;2014;2
RIOJA (LA);8. ADMÓN. PÚBLICA;2013;0
RIOJA (LA);8. ADMÓN. PÚBLICA;2012;1
RIOJA (LA);8. ADMÓN. PÚBLICA;2011;0
RIOJA (LA);8. ADMÓN. PÚBLICA;2010;0
RIOJA (LA);9. ADMÓN. JUSTICIA;2023;284
RIOJA (LA);9. ADMÓN. JUSTICIA;2022;267
RIOJA (LA);9. ADMÓN. JUSTICIA;2021;223
RIOJA (LA);9. ADMÓN. JUSTICIA;2020;139
RIOJA (LA);9. ADMÓN. JUSTICIA;2019;229
RIOJA (LA);9. ADMÓN. JUSTICIA;2018;185
RIOJA (LA);9. ADMÓN. JUSTICIA;2017;136
RIOJA (LA);9. ADMÓN. JUSTICIA;2016;157
RIOJA (LA);9. ADMÓN. JUSTICIA;2015;126
RIOJA (LA);9. ADMÓN. JUSTICIA;2014;131
RIOJA (LA);9. ADMÓN. JUSTICIA;2013;115
RIOJA (LA);9. ADMÓN. JUSTICIA;2012;147
RIOJA (LA);9. ADMÓN. JUSTICIA;2011;141
RIOJA (LA);9. ADMÓN. JUSTICIA;2010;137
RIOJA (LA);10. ORDEN PÚBLICO;2023;149
RIOJA (LA);10. ORDEN PÚBLICO;2022;147
RIOJA (LA);10. ORDEN PÚBLICO;2021;177
RIOJA (LA);10. ORDEN PÚBLICO;2020;208
RIOJA (LA);10. ORDEN PÚBLICO;2019;117
RIOJA (LA);10. ORDEN PÚBLICO;2018;87
RIOJA (LA);10. ORDEN PÚBLICO;2017;126
RIOJA (LA);10. ORDEN PÚBLICO;2016;111
RIOJA (LA);10. ORDEN PÚBLICO;2015;123
RIOJA (LA);10. ORDEN PÚBLICO;2014;163
RIOJA (LA);10. ORDEN PÚBLICO;2013;196
RIOJA (LA);10. ORDEN PÚBLICO;2012;224
RIOJA (LA);10. ORDEN PÚBLICO;2011;263
RIOJA (LA);10. ORDEN PÚBLICO;2010;212
RIOJA (LA);11. LEGISLACIÓN ESPECIAL;2023;3
RIOJA (LA);11. LEGISLACIÓN ESPECIAL;2022;1
RIOJA (LA);11. LEGISLACIÓN ESPECIAL;2021;0
RIOJA (LA);11. LEGISLACIÓN ESPECIAL;2020;0
RIOJA (LA);11. LEGISLACIÓN ESPECIAL;2019;0
RIOJA (LA);11. LEGISLACIÓN ESPECIAL;2018;0
RIOJA (LA);11. LEGISLACIÓN ESPECIAL;2017;0
RIOJA (LA);11. LEGISLACIÓN ESPECIAL;2016;1
RIOJA (LA);11. LEGISLACIÓN ESPECIAL;2015;0
RIOJA (LA);11. LEGISLACIÓN ESPECIAL;2014;1
RIOJA (LA);11. LEGISLACIÓN ESPECIAL;2013;0
RIOJA (LA);11. LEGISLACIÓN ESPECIAL;2012;1
RIOJA (LA);11. LEGISLACIÓN ESPECIAL;2011;0
RIOJA (LA);11. LEGISLACIÓN ESPECIAL;2010;0
RIOJA (LA);12. OTRAS INFRACCIONES PENALES;2023;57
RIOJA (LA);12. OTRAS INFRACCIONES PENALES;2022;49
RIOJA (LA);12. OTRAS INFRACCIONES PENALES;2021;51
RIOJA (LA);12. OTRAS INFRACCIONES PENALES;2020;44
RIOJA (LA);12. OTRAS INFRACCIONES PENALES;2019;51
RIOJA (LA);12. OTRAS INFRACCIONES PENALES;2018;53
RIOJA (LA);12. OTRAS INFRACCIONES PENALES;2017;43
RIOJA (LA);12. OTRAS INFRACCIONES PENALES;2016;57
RIOJA (LA);12. OTRAS INFRACCIONES PENALES;2015;30
RIOJA (LA);12. OTRAS INFRACCIONES PENALES;2014;22
RIOJA (LA);12. OTRAS INFRACCIONES PENALES;2013;23
RIOJA (LA);12. OTRAS INFRACCIONES PENALES;2012;26
RIOJA (LA);12. OTRAS INFRACCIONES PENALES;2011;21
RIOJA (LA);12. OTRAS INFRACCIONES PENALES;2010;26
RIOJA (LA);TOTAL INFRACCIONES PENALES;2023;12.152
RIOJA (LA);TOTAL INFRACCIONES PENALES;2022;11.754
RIOJA (LA);TOTAL INFRACCIONES PENALES;2021;9.115
RIOJA (LA);TOTAL INFRACCIONES PENALES;2020;7.827
RIOJA (LA);TOTAL INFRACCIONES PENALES;2019;8.750
RIOJA (LA);TOTAL INFRACCIONES PENALES;2018;8.274
RIOJA (LA);TOTAL INFRACCIONES PENALES;2017;7.877
RIOJA (LA);TOTAL INFRACCIONES PENALES;2016;7.997
RIOJA (LA);TOTAL INFRACCIONES PENALES;2015;8.527
RIOJA (LA);TOTAL INFRACCIONES PENALES;2014;8.925
RIOJA (LA);TOTAL INFRACCIONES PENALES;2013;9.564
RIOJA (LA);TOTAL INFRACCIONES PENALES;2012;10.154
RIOJA (LA);TOTAL INFRACCIONES PENALES;2011;9.998
RIOJA (LA);TOTAL INFRACCIONES PENALES;2010;9.448
CIUDAD AUTÓNOMA DE CEUTA;1. CONTRA LAS PERSONAS;2023;644
CIUDAD AUTÓNOMA DE CEUTA;1. CONTRA LAS PERSONAS;2022;738
CIUDAD AUTÓNOMA DE CEUTA;1. CONTRA LAS PERSONAS;2021;835
CIUDAD AUTÓNOMA DE CEUTA;1. CONTRA LAS PERSONAS;2020;633
CIUDAD AUTÓNOMA DE CEUTA;1. CONTRA LAS PERSONAS;2019;710
CIUDAD AUTÓNOMA DE CEUTA;1. CONTRA LAS PERSONAS;2018;707
CIUDAD AUTÓNOMA DE CEUTA;1. CONTRA LAS PERSONAS;2017;700
CIUDAD AUTÓNOMA DE CEUTA;1. CONTRA LAS PERSONAS;2016;680
CIUDAD AUTÓNOMA DE CEUTA;1. CONTRA LAS PERSONAS;2015;697
CIUDAD AUTÓNOMA DE CEUTA;1. CONTRA LAS PERSONAS;2014;736
CIUDAD AUTÓNOMA DE CEUTA;1. CONTRA LAS PERSONAS;2013;743
CIUDAD AUTÓNOMA DE CEUTA;1. CONTRA LAS PERSONAS;2012;812
CIUDAD AUTÓNOMA DE CEUTA;1. CONTRA LAS PERSONAS;2011;783
CIUDAD AUTÓNOMA DE CEUTA;1. CONTRA LAS PERSONAS;2010;833
CIUDAD AUTÓNOMA DE CEUTA;1.1.-Homicidios dolosos/asesinatos;2023;11
CIUDAD AUTÓNOMA DE CEUTA;1.1.-Homicidios dolosos/asesinatos;2022;35
CIUDAD AUTÓNOMA DE CEUTA;1.1.-Homicidios dolosos/asesinatos;2021;12
CIUDAD AUTÓNOMA DE CEUTA;1.1.-Homicidios dolosos/asesinatos;2020;7
CIUDAD AUTÓNOMA DE CEUTA;1.1.-Homicidios dolosos/asesinatos;2019;20
CIUDAD AUTÓNOMA DE CEUTA;1.1.-Homicidios dolosos/asesinatos;2018;2
CIUDAD AUTÓNOMA DE CEUTA;1.1.-Homicidios dolosos/asesinatos;2017;8
CIUDAD AUTÓNOMA DE CEUTA;1.1.-Homicidios dolosos/asesinatos;2016;14
CIUDAD AUTÓNOMA DE CEUTA;1.1.-Homicidios dolosos/asesinatos;2015;7
CIUDAD AUTÓNOMA DE CEUTA;1.1.-Homicidios dolosos/asesinatos;2014;15
CIUDAD AUTÓNOMA DE CEUTA;1.1.-Homicidios dolosos/asesinatos;2013;17
CIUDAD AUTÓNOMA DE CEUTA;1.1.-Homicidios dolosos/asesinatos;2012;11
CIUDAD AUTÓNOMA DE CEUTA;1.1.-Homicidios dolosos/asesinatos;2011;11
CIUDAD AUTÓNOMA DE CEUTA;1.1.-Homicidios dolosos/asesinatos;2010;5
CIUDAD AUTÓNOMA DE CEUTA;1.1.1.-Homicidios dolosos/asesinatos consumados;2023;5
CIUDAD AUTÓNOMA DE CEUTA;1.1.1.-Homicidios dolosos/asesinatos consumados;2022;4
CIUDAD AUTÓNOMA DE CEUTA;1.1.1.-Homicidios dolosos/asesinatos consumados;2021;2
CIUDAD AUTÓNOMA DE CEUTA;1.1.1.-Homicidios dolosos/asesinatos consumados;2020;2
CIUDAD AUTÓNOMA DE CEUTA;1.1.1.-Homicidios dolosos/asesinatos consumados;2019;4
CIUDAD AUTÓNOMA DE CEUTA;1.1.1.-Homicidios dolosos/asesinatos consumados;2018;1
CIUDAD AUTÓNOMA DE CEUTA;1.1.1.-Homicidios dolosos/asesinatos consumados;2017;1
CIUDAD AUTÓNOMA DE CEUTA;1.1.1.-Homicidios dolosos/asesinatos consumados;2016;4
CIUDAD AUTÓNOMA DE CEUTA;1.1.1.-Homicidios dolosos/asesinatos consumados;2015;1
CIUDAD AUTÓNOMA DE CEUTA;1.1.1.-Homicidios dolosos/asesinatos consumados;2014;6
CIUDAD AUTÓNOMA DE CEUTA;1.1.1.-Homicidios dolosos/asesinatos consumados;2013;2
CIUDAD AUTÓNOMA DE CEUTA;1.1.1.-Homicidios dolosos/asesinatos consumados;2012;0
CIUDAD AUTÓNOMA DE CEUTA;1.1.1.-Homicidios dolosos/asesinatos consumados;2011;4
CIUDAD AUTÓNOMA DE CEUTA;1.1.1.-Homicidios dolosos/asesinatos consumados;2010;1
CIUDAD AUTÓNOMA DE CEUTA;1.2.-Lesiones;2023;348
CIUDAD AUTÓNOMA DE CEUTA;1.2.-Lesiones;2022;432
CIUDAD AUTÓNOMA DE CEUTA;1.2.-Lesiones;2021;500
CIUDAD AUTÓNOMA DE CEUTA;1.2.-Lesiones;2020;398
CIUDAD AUTÓNOMA DE CEUTA;1.2.-Lesiones;2019;437
CIUDAD AUTÓNOMA DE CEUTA;1.2.-Lesiones;2018;439
CIUDAD AUTÓNOMA DE CEUTA;1.2.-Lesiones;2017;418
CIUDAD AUTÓNOMA DE CEUTA;1.2.-Lesiones;2016;421
CIUDAD AUTÓNOMA DE CEUTA;1.2.-Lesiones;2015;400
CIUDAD AUTÓNOMA DE CEUTA;1.2.-Lesiones;2014;362
CIUDAD AUTÓNOMA DE CEUTA;1.2.-Lesiones;2013;404
CIUDAD AUTÓNOMA DE CEUTA;1.2.-Lesiones;2012;370
CIUDAD AUTÓNOMA DE CEUTA;1.2.-Lesiones;2011;395
CIUDAD AUTÓNOMA DE CEUTA;1.2.-Lesiones;2010;393
CIUDAD AUTÓNOMA DE CEUTA;1.3.-Malos tratos ámbito familiar;2023;283
CIUDAD AUTÓNOMA DE CEUTA;1.3.-Malos tratos ámbito familiar;2022;268
CIUDAD AUTÓNOMA DE CEUTA;1.3.-Malos tratos ámbito familiar;2021;317
CIUDAD AUTÓNOMA DE CEUTA;1.3.-Malos tratos ámbito familiar;2020;224
CIUDAD AUTÓNOMA DE CEUTA;1.3.-Malos tratos ámbito familiar;2019;250
CIUDAD AUTÓNOMA DE CEUTA;1.3.-Malos tratos ámbito familiar;2018;264
CIUDAD AUTÓNOMA DE CEUTA;1.3.-Malos tratos ámbito familiar;2017;263
CIUDAD AUTÓNOMA DE CEUTA;1.3.-Malos tratos ámbito familiar;2016;242
CIUDAD AUTÓNOMA DE CEUTA;1.3.-Malos tratos ámbito familiar;2015;190
CIUDAD AUTÓNOMA DE CEUTA;1.3.-Malos tratos ámbito familiar;2014;153
CIUDAD AUTÓNOMA DE CEUTA;1.3.-Malos tratos ámbito familiar;2013;110
CIUDAD AUTÓNOMA DE CEUTA;1.3.-Malos tratos ámbito familiar;2012;118
CIUDAD AUTÓNOMA DE CEUTA;1.3.-Malos tratos ámbito familiar;2011;54
CIUDAD AUTÓNOMA DE CEUTA;1.3.-Malos tratos ámbito familiar;2010;71
CIUDAD AUTÓNOMA DE CEUTA;1.4.-Otros contra las personas;2023;2
CIUDAD AUTÓNOMA DE CEUTA;1.4.-Otros contra las personas;2022;3
CIUDAD AUTÓNOMA DE CEUTA;1.4.-Otros contra las personas;2021;6
CIUDAD AUTÓNOMA DE CEUTA;1.4.-Otros contra las personas;2020;4
CIUDAD AUTÓNOMA DE CEUTA;1.4.-Otros contra las personas;2019;3
CIUDAD AUTÓNOMA DE CEUTA;1.4.-Otros contra las personas;2018;2
CIUDAD AUTÓNOMA DE CEUTA;1.4.-Otros contra las personas;2017;11
CIUDAD AUTÓNOMA DE CEUTA;1.4.-Otros contra las personas;2016;3
CIUDAD AUTÓNOMA DE CEUTA;1.4.-Otros contra las personas;2015;100
CIUDAD AUTÓNOMA DE CEUTA;1.4.-Otros contra las personas;2014;206
CIUDAD AUTÓNOMA DE CEUTA;1.4.-Otros contra las personas;2013;212
CIUDAD AUTÓNOMA DE CEUTA;1.4.-Otros contra las personas;2012;313
CIUDAD AUTÓNOMA DE CEUTA;1.4.-Otros contra las personas;2011;323
CIUDAD AUTÓNOMA DE CEUTA;1.4.-Otros contra las personas;2010;364
CIUDAD AUTÓNOMA DE CEUTA;2. CONTRA LA LIBERTAD;2023;311
CIUDAD AUTÓNOMA DE CEUTA;2. CONTRA LA LIBERTAD;2022;335
CIUDAD AUTÓNOMA DE CEUTA;2. CONTRA LA LIBERTAD;2021;376
CIUDAD AUTÓNOMA DE CEUTA;2. CONTRA LA LIBERTAD;2020;338
CIUDAD AUTÓNOMA DE CEUTA;2. CONTRA LA LIBERTAD;2019;283
CIUDAD AUTÓNOMA DE CEUTA;2. CONTRA LA LIBERTAD;2018;248
CIUDAD AUTÓNOMA DE CEUTA;2. CONTRA LA LIBERTAD;2017;252
CIUDAD AUTÓNOMA DE CEUTA;2. CONTRA LA LIBERTAD;2016;322
CIUDAD AUTÓNOMA DE CEUTA;2. CONTRA LA LIBERTAD;2015;182
CIUDAD AUTÓNOMA DE CEUTA;2. CONTRA LA LIBERTAD;2014;109
CIUDAD AUTÓNOMA DE CEUTA;2. CONTRA LA LIBERTAD;2013;143
CIUDAD AUTÓNOMA DE CEUTA;2. CONTRA LA LIBERTAD;2012;175
CIUDAD AUTÓNOMA DE CEUTA;2. CONTRA LA LIBERTAD;2011;203
CIUDAD AUTÓNOMA DE CEUTA;2. CONTRA LA LIBERTAD;2010;277
CIUDAD AUTÓNOMA DE CEUTA;2.1.-Malos tratos habituales en el ámbito familiar;2023;8
CIUDAD AUTÓNOMA DE CEUTA;2.1.-Malos tratos habituales en el ámbito familiar;2022;12
CIUDAD AUTÓNOMA DE CEUTA;2.1.-Malos tratos habituales en el ámbito familiar;2021;11
CIUDAD AUTÓNOMA DE CEUTA;2.1.-Malos tratos habituales en el ámbito familiar;2020;5
CIUDAD AUTÓNOMA DE CEUTA;2.1.-Malos tratos habituales en el ámbito familiar;2019;4
CIUDAD AUTÓNOMA DE CEUTA;2.1.-Malos tratos habituales en el ámbito familiar;2018;16
CIUDAD AUTÓNOMA DE CEUTA;2.1.-Malos tratos habituales en el ámbito familiar;2017;21
CIUDAD AUTÓNOMA DE CEUTA;2.1.-Malos tratos habituales en el ámbito familiar;2016;40
CIUDAD AUTÓNOMA DE CEUTA;2.1.-Malos tratos habituales en el ámbito familiar;2015;35
CIUDAD AUTÓNOMA DE CEUTA;2.1.-Malos tratos habituales en el ámbito familiar;2014;51
CIUDAD AUTÓNOMA DE CEUTA;2.1.-Malos tratos habituales en el ámbito familiar;2013;81
CIUDAD AUTÓNOMA DE CEUTA;2.1.-Malos tratos habituales en el ámbito familiar;2012;98
CIUDAD AUTÓNOMA DE CEUTA;2.1.-Malos tratos habituales en el ámbito familiar;2011;162
CIUDAD AUTÓNOMA DE CEUTA;2.1.-Malos tratos habituales en el ámbito familiar;2010;221
CIUDAD AUTÓNOMA DE CEUTA;2.2.-Otros contra la libertad;2023;303
CIUDAD AUTÓNOMA DE CEUTA;2.2.-Otros contra la libertad;2022;323
CIUDAD AUTÓNOMA DE CEUTA;2.2.-Otros contra la libertad;2021;365
CIUDAD AUTÓNOMA DE CEUTA;2.2.-Otros contra la libertad;2020;333
CIUDAD AUTÓNOMA DE CEUTA;2.2.-Otros contra la libertad;2019;279
CIUDAD AUTÓNOMA DE CEUTA;2.2.-Otros contra la libertad;2018;232
CIUDAD AUTÓNOMA DE CEUTA;2.2.-Otros contra la libertad;2017;231
CIUDAD AUTÓNOMA DE CEUTA;2.2.-Otros contra la libertad;2016;282
CIUDAD AUTÓNOMA DE CEUTA;2.2.-Otros contra la libertad;2015;147
CIUDAD AUTÓNOMA DE CEUTA;2.2.-Otros contra la libertad;2014;58
CIUDAD AUTÓNOMA DE CEUTA;2.2.-Otros contra la libertad;2013;62
CIUDAD AUTÓNOMA DE CEUTA;2.2.-Otros contra la libertad;2012;77
CIUDAD AUTÓNOMA DE CEUTA;2.2.-Otros contra la libertad;2011;41
CIUDAD AUTÓNOMA DE CEUTA;2.2.-Otros contra la libertad;2010;56
CIUDAD AUTÓNOMA DE CEUTA;3. LIBERTAD SEXUAL;2023;45
CIUDAD AUTÓNOMA DE CEUTA;3. LIBERTAD SEXUAL;2022;46
CIUDAD AUTÓNOMA DE CEUTA;3. LIBERTAD SEXUAL;2021;47
CIUDAD AUTÓNOMA DE CEUTA;3. LIBERTAD SEXUAL;2020;37
CIUDAD AUTÓNOMA DE CEUTA;3. LIBERTAD SEXUAL;2019;23
CIUDAD AUTÓNOMA DE CEUTA;3. LIBERTAD SEXUAL;2018;50
CIUDAD AUTÓNOMA DE CEUTA;3. LIBERTAD SEXUAL;2017;25
CIUDAD AUTÓNOMA DE CEUTA;3. LIBERTAD SEXUAL;2016;39
CIUDAD AUTÓNOMA DE CEUTA;3. LIBERTAD SEXUAL;2015;17
CIUDAD AUTÓNOMA DE CEUTA;3. LIBERTAD SEXUAL;2014;10
CIUDAD AUTÓNOMA DE CEUTA;3. LIBERTAD SEXUAL;2013;16
CIUDAD AUTÓNOMA DE CEUTA;3. LIBERTAD SEXUAL;2012;15
CIUDAD AUTÓNOMA DE CEUTA;3. LIBERTAD SEXUAL;2011;13
CIUDAD AUTÓNOMA DE CEUTA;3. LIBERTAD SEXUAL;2010;18
CIUDAD AUTÓNOMA DE CEUTA;3.1.-Agresión sexual;2023;32
CIUDAD AUTÓNOMA DE CEUTA;3.1.-Agresión sexual;2022;35
CIUDAD AUTÓNOMA DE CEUTA;3.1.-Agresión sexual;2021;31
CIUDAD AUTÓNOMA DE CEUTA;3.1.-Agresión sexual;2020;22
CIUDAD AUTÓNOMA DE CEUTA;3.1.-Agresión sexual;2019;15
CIUDAD AUTÓNOMA DE CEUTA;3.1.-Agresión sexual;2018;36
CIUDAD AUTÓNOMA DE CEUTA;3.1.-Agresión sexual;2017;14
CIUDAD AUTÓNOMA DE CEUTA;3.1.-Agresión sexual;2016;24
CIUDAD AUTÓNOMA DE CEUTA;3.1.-Agresión sexual;2015;10
CIUDAD AUTÓNOMA DE CEUTA;3.1.-Agresión sexual;2014;6
CIUDAD AUTÓNOMA DE CEUTA;3.1.-Agresión sexual;2013;10
CIUDAD AUTÓNOMA DE CEUTA;3.1.-Agresión sexual;2012;14
CIUDAD AUTÓNOMA DE CEUTA;3.1.-Agresión sexual;2011;10
CIUDAD AUTÓNOMA DE CEUTA;3.1.-Agresión sexual;2010;9
CIUDAD AUTÓNOMA DE CEUTA;3.2.-Agresión sexual con penetración;2023;8
CIUDAD AUTÓNOMA DE CEUTA;3.2.-Agresión sexual con penetración;2022;5
CIUDAD AUTÓNOMA DE CEUTA;3.2.-Agresión sexual con penetración;2021;4
CIUDAD AUTÓNOMA DE CEUTA;3.2.-Agresión sexual con penetración;2020;3
CIUDAD AUTÓNOMA DE CEUTA;3.2.-Agresión sexual con penetración;2019;2
CIUDAD AUTÓNOMA DE CEUTA;3.2.-Agresión sexual con penetración;2018;6
CIUDAD AUTÓNOMA DE CEUTA;3.2.-Agresión sexual con penetración;2017;5
CIUDAD AUTÓNOMA DE CEUTA;3.2.-Agresión sexual con penetración;2016;4
CIUDAD AUTÓNOMA DE CEUTA;3.2.-Agresión sexual con penetración;2015;4
CIUDAD AUTÓNOMA DE CEUTA;3.2.-Agresión sexual con penetración;2014;0
CIUDAD AUTÓNOMA DE CEUTA;3.2.-Agresión sexual con penetración;2013;1
CIUDAD AUTÓNOMA DE CEUTA;3.2.-Agresión sexual con penetración;2012;0
CIUDAD AUTÓNOMA DE CEUTA;3.2.-Agresión sexual con penetración;2011;1
CIUDAD AUTÓNOMA DE CEUTA;3.2.-Agresión sexual con penetración;2010;0
CIUDAD AUTÓNOMA DE CEUTA;3.3.-Corrupción de menores o incapacitados;2023;1
CIUDAD AUTÓNOMA DE CEUTA;3.3.-Corrupción de menores o incapacitados;2022;1
CIUDAD AUTÓNOMA DE CEUTA;3.3.-Corrupción de menores o incapacitados;2021;0
CIUDAD AUTÓNOMA DE CEUTA;3.3.-Corrupción de menores o incapacitados;2020;1
CIUDAD AUTÓNOMA DE CEUTA;3.3.-Corrupción de menores o incapacitados;2019;0
CIUDAD AUTÓNOMA DE CEUTA;3.3.-Corrupción de menores o incapacitados;2018;0
CIUDAD AUTÓNOMA DE CEUTA;3.3.-Corrupción de menores o incapacitados;2017;1
CIUDAD AUTÓNOMA DE CEUTA;3.3.-Corrupción de menores o incapacitados;2016;4
CIUDAD AUTÓNOMA DE CEUTA;3.3.-Corrupción de menores o incapacitados;2015;0
CIUDAD AUTÓNOMA DE CEUTA;3.3.-Corrupción de menores o incapacitados;2014;0
CIUDAD AUTÓNOMA DE CEUTA;3.3.-Corrupción de menores o incapacitados;2013;1
CIUDAD AUTÓNOMA DE CEUTA;3.3.-Corrupción de menores o incapacitados;2012;0
CIUDAD AUTÓNOMA DE CEUTA;3.3.-Corrupción de menores o incapacitados;2011;0
CIUDAD AUTÓNOMA DE CEUTA;3.3.-Corrupción de menores o incapacitados;2010;3
CIUDAD AUTÓNOMA DE CEUTA;3.4.-Pornografía de menores;2023;2
CIUDAD AUTÓNOMA DE CEUTA;3.4.-Pornografía de menores;2022;3
CIUDAD AUTÓNOMA DE CEUTA;3.4.-Pornografía de menores;2021;2
CIUDAD AUTÓNOMA DE CEUTA;3.4.-Pornografía de menores;2020;1
CIUDAD AUTÓNOMA DE CEUTA;3.4.-Pornografía de menores;2019;0
CIUDAD AUTÓNOMA DE CEUTA;3.4.-Pornografía de menores;2018;2
CIUDAD AUTÓNOMA DE CEUTA;3.4.-Pornografía de menores;2017;0
CIUDAD AUTÓNOMA DE CEUTA;3.4.-Pornografía de menores;2016;0
CIUDAD AUTÓNOMA DE CEUTA;3.4.-Pornografía de menores;2015;0
CIUDAD AUTÓNOMA DE CEUTA;3.4.-Pornografía de menores;2014;1
CIUDAD AUTÓNOMA DE CEUTA;3.4.-Pornografía de menores;2013;0
CIUDAD AUTÓNOMA DE CEUTA;3.4.-Pornografía de menores;2012;0
CIUDAD AUTÓNOMA DE CEUTA;3.4.-Pornografía de menores;2011;0
CIUDAD AUTÓNOMA DE CEUTA;3.4.-Pornografía de menores;2010;3
CIUDAD AUTÓNOMA DE CEUTA;3.5.-Otros contra la libertad sexual;2023;2
CIUDAD AUTÓNOMA DE CEUTA;3.5.-Otros contra la libertad sexual;2022;2
CIUDAD AUTÓNOMA DE CEUTA;3.5.-Otros contra la libertad sexual;2021;10
CIUDAD AUTÓNOMA DE CEUTA;3.5.-Otros contra la libertad sexual;2020;10
CIUDAD AUTÓNOMA DE CEUTA;3.5.-Otros contra la libertad sexual;2019;6
CIUDAD AUTÓNOMA DE CEUTA;3.5.-Otros contra la libertad sexual;2018;6
CIUDAD AUTÓNOMA DE CEUTA;3.5.-Otros contra la libertad sexual;2017;5
CIUDAD AUTÓNOMA DE CEUTA;3.5.-Otros contra la libertad sexual;2016;7
CIUDAD AUTÓNOMA DE CEUTA;3.5.-Otros contra la libertad sexual;2015;3
CIUDAD AUTÓNOMA DE CEUTA;3.5.-Otros contra la libertad sexual;2014;3
CIUDAD AUTÓNOMA DE CEUTA;3.5.-Otros contra la libertad sexual;2013;4
CIUDAD AUTÓNOMA DE CEUTA;3.5.-Otros contra la libertad sexual;2012;1
CIUDAD AUTÓNOMA DE CEUTA;3.5.-Otros contra la libertad sexual;2011;2
CIUDAD AUTÓNOMA DE CEUTA;3.5.-Otros contra la libertad sexual;2010;3
CIUDAD AUTÓNOMA DE CEUTA;4. RELACIONES FAMILIARES;2023;19
CIUDAD AUTÓNOMA DE CEUTA;4. RELACIONES FAMILIARES;2022;29
CIUDAD AUTÓNOMA DE CEUTA;4. RELACIONES FAMILIARES;2021;17
CIUDAD AUTÓNOMA DE CEUTA;4. RELACIONES FAMILIARES;2020;16
CIUDAD AUTÓNOMA DE CEUTA;4. RELACIONES FAMILIARES;2019;31
CIUDAD AUTÓNOMA DE CEUTA;4. RELACIONES FAMILIARES;2018;28
CIUDAD AUTÓNOMA DE CEUTA;4. RELACIONES FAMILIARES;2017;28
CIUDAD AUTÓNOMA DE CEUTA;4. RELACIONES FAMILIARES;2016;43
CIUDAD AUTÓNOMA DE CEUTA;4. RELACIONES FAMILIARES;2015;42
CIUDAD AUTÓNOMA DE CEUTA;4. RELACIONES FAMILIARES;2014;57
CIUDAD AUTÓNOMA DE CEUTA;4. RELACIONES FAMILIARES;2013;55
CIUDAD AUTÓNOMA DE CEUTA;4. RELACIONES FAMILIARES;2012;74
CIUDAD AUTÓNOMA DE CEUTA;4. RELACIONES FAMILIARES;2011;39
CIUDAD AUTÓNOMA DE CEUTA;4. RELACIONES FAMILIARES;2010;31
CIUDAD AUTÓNOMA DE CEUTA;5. PATRIMONIO;2023;1.909
CIUDAD AUTÓNOMA DE CEUTA;5. PATRIMONIO;2022;1.817
CIUDAD AUTÓNOMA DE CEUTA;5. PATRIMONIO;2021;1.800
CIUDAD AUTÓNOMA DE CEUTA;5. PATRIMONIO;2020;1.714
CIUDAD AUTÓNOMA DE CEUTA;5. PATRIMONIO;2019;2.159
CIUDAD AUTÓNOMA DE CEUTA;5. PATRIMONIO;2018;2.243
CIUDAD AUTÓNOMA DE CEUTA;5. PATRIMONIO;2017;2.132
CIUDAD AUTÓNOMA DE CEUTA;5. PATRIMONIO;2016;2.361
CIUDAD AUTÓNOMA DE CEUTA;5. PATRIMONIO;2015;2.723
CIUDAD AUTÓNOMA DE CEUTA;5. PATRIMONIO;2014;2.767
CIUDAD AUTÓNOMA DE CEUTA;5. PATRIMONIO;2013;3.046
CIUDAD AUTÓNOMA DE CEUTA;5. PATRIMONIO;2012;3.433
CIUDAD AUTÓNOMA DE CEUTA;5. PATRIMONIO;2011;2.860
CIUDAD AUTÓNOMA DE CEUTA;5. PATRIMONIO;2010;3.053
CIUDAD AUTÓNOMA DE CEUTA;5.1.-Hurtos;2023;529
CIUDAD AUTÓNOMA DE CEUTA;5.1.-Hurtos;2022;425
CIUDAD AUTÓNOMA DE CEUTA;5.1.-Hurtos;2021;434
CIUDAD AUTÓNOMA DE CEUTA;5.1.-Hurtos;2020;471
CIUDAD AUTÓNOMA DE CEUTA;5.1.-Hurtos;2019;819
CIUDAD AUTÓNOMA DE CEUTA;5.1.-Hurtos;2018;864
CIUDAD AUTÓNOMA DE CEUTA;5.1.-Hurtos;2017;810
CIUDAD AUTÓNOMA DE CEUTA;5.1.-Hurtos;2016;950
CIUDAD AUTÓNOMA DE CEUTA;5.1.-Hurtos;2015;1.067
CIUDAD AUTÓNOMA DE CEUTA;5.1.-Hurtos;2014;1.193
CIUDAD AUTÓNOMA DE CEUTA;5.1.-Hurtos;2013;1.260
CIUDAD AUTÓNOMA DE CEUTA;5.1.-Hurtos;2012;1.243
CIUDAD AUTÓNOMA DE CEUTA;5.1.-Hurtos;2011;1.081
CIUDAD AUTÓNOMA DE CEUTA;5.1.-Hurtos;2010;983
CIUDAD AUTÓNOMA DE CEUTA;5.2.-Robos con fuerza en las cosas;2023;192
CIUDAD AUTÓNOMA DE CEUTA;5.2.-Robos con fuerza en las cosas;2022;211
CIUDAD AUTÓNOMA DE CEUTA;5.2.-Robos con fuerza en las cosas;2021;189
CIUDAD AUTÓNOMA DE CEUTA;5.2.-Robos con fuerza en las cosas;2020;198
CIUDAD AUTÓNOMA DE CEUTA;5.2.-Robos con fuerza en las cosas;2019;241
CIUDAD AUTÓNOMA DE CEUTA;5.2.-Robos con fuerza en las cosas;2018;313
CIUDAD AUTÓNOMA DE CEUTA;5.2.-Robos con fuerza en las cosas;2017;455
CIUDAD AUTÓNOMA DE CEUTA;5.2.-Robos con fuerza en las cosas;2016;346
CIUDAD AUTÓNOMA DE CEUTA;5.2.-Robos con fuerza en las cosas;2015;621
CIUDAD AUTÓNOMA DE CEUTA;5.2.-Robos con fuerza en las cosas;2014;455
CIUDAD AUTÓNOMA DE CEUTA;5.2.-Robos con fuerza en las cosas;2013;615
CIUDAD AUTÓNOMA DE CEUTA;5.2.-Robos con fuerza en las cosas;2012;667
CIUDAD AUTÓNOMA DE CEUTA;5.2.-Robos con fuerza en las cosas;2011;479
CIUDAD AUTÓNOMA DE CEUTA;5.2.-Robos con fuerza en las cosas;2010;723
CIUDAD AUTÓNOMA DE CEUTA;5.2.1.-Robos con fuerza en las cosas en el interior de vehículos;2023;115
CIUDAD AUTÓNOMA DE CEUTA;5.2.1.-Robos con fuerza en las cosas en el interior de vehículos;2022;134
CIUDAD AUTÓNOMA DE CEUTA;5.2.1.-Robos con fuerza en las cosas en el interior de vehículos;2021;106
CIUDAD AUTÓNOMA DE CEUTA;5.2.1.-Robos con fuerza en las cosas en el interior de vehículos;2020;90
CIUDAD AUTÓNOMA DE CEUTA;5.2.1.-Robos con fuerza en las cosas en el interior de vehículos;2019;154
CIUDAD AUTÓNOMA DE CEUTA;5.2.1.-Robos con fuerza en las cosas en el interior de vehículos;2018;186
CIUDAD AUTÓNOMA DE CEUTA;5.2.1.-Robos con fuerza en las cosas en el interior de vehículos;2017;347
CIUDAD AUTÓNOMA DE CEUTA;5.2.1.-Robos con fuerza en las cosas en el interior de vehículos;2016;223
CIUDAD AUTÓNOMA DE CEUTA;5.2.1.-Robos con fuerza en las cosas en el interior de vehículos;2015;465
CIUDAD AUTÓNOMA DE CEUTA;5.2.1.-Robos con fuerza en las cosas en el interior de vehículos;2014;315
CIUDAD AUTÓNOMA DE CEUTA;5.2.1.-Robos con fuerza en las cosas en el interior de vehículos;2013;397
CIUDAD AUTÓNOMA DE CEUTA;5.2.1.-Robos con fuerza en las cosas en el interior de vehículos;2012;385
CIUDAD AUTÓNOMA DE CEUTA;5.2.1.-Robos con fuerza en las cosas en el interior de vehículos;2011;281
CIUDAD AUTÓNOMA DE CEUTA;5.2.1.-Robos con fuerza en las cosas en el interior de vehículos;2010;497
CIUDAD AUTÓNOMA DE CEUTA;5.2.2.-Robos con fuerza en viviendas;2023;33
CIUDAD AUTÓNOMA DE CEUTA;5.2.2.-Robos con fuerza en viviendas;2022;31
CIUDAD AUTÓNOMA DE CEUTA;5.2.2.-Robos con fuerza en viviendas;2021;31
CIUDAD AUTÓNOMA DE CEUTA;5.2.2.-Robos con fuerza en viviendas;2020;37
CIUDAD AUTÓNOMA DE CEUTA;5.2.2.-Robos con fuerza en viviendas;2019;42
CIUDAD AUTÓNOMA DE CEUTA;5.2.2.-Robos con fuerza en viviendas;2018;60
CIUDAD AUTÓNOMA DE CEUTA;5.2.2.-Robos con fuerza en viviendas;2017;57
CIUDAD AUTÓNOMA DE CEUTA;5.2.2.-Robos con fuerza en viviendas;2016;67
CIUDAD AUTÓNOMA DE CEUTA;5.2.2.-Robos con fuerza en viviendas;2015;88
CIUDAD AUTÓNOMA DE CEUTA;5.2.2.-Robos con fuerza en viviendas;2014;77
CIUDAD AUTÓNOMA DE CEUTA;5.2.2.-Robos con fuerza en viviendas;2013;80
CIUDAD AUTÓNOMA DE CEUTA;5.2.2.-Robos con fuerza en viviendas;2012;115
CIUDAD AUTÓNOMA DE CEUTA;5.2.2.-Robos con fuerza en viviendas;2011;79
CIUDAD AUTÓNOMA DE CEUTA;5.2.2.-Robos con fuerza en viviendas;2010;93
CIUDAD AUTÓNOMA DE CEUTA;5.2.3.-Robos con fuerza en establecimientos;2023;19
CIUDAD AUTÓNOMA DE CEUTA;5.2.3.-Robos con fuerza en establecimientos;2022;13
CIUDAD AUTÓNOMA DE CEUTA;5.2.3.-Robos con fuerza en establecimientos;2021;25
CIUDAD AUTÓNOMA DE CEUTA;5.2.3.-Robos con fuerza en establecimientos;2020;30
CIUDAD AUTÓNOMA DE CEUTA;5.2.3.-Robos con fuerza en establecimientos;2019;16
CIUDAD AUTÓNOMA DE CEUTA;5.2.3.-Robos con fuerza en establecimientos;2018;25
CIUDAD AUTÓNOMA DE CEUTA;5.2.3.-Robos con fuerza en establecimientos;2017;26
CIUDAD AUTÓNOMA DE CEUTA;5.2.3.-Robos con fuerza en establecimientos;2016;32
CIUDAD AUTÓNOMA DE CEUTA;5.2.3.-Robos con fuerza en establecimientos;2015;21
CIUDAD AUTÓNOMA DE CEUTA;5.2.3.-Robos con fuerza en establecimientos;2014;30
CIUDAD AUTÓNOMA DE CEUTA;5.2.3.-Robos con fuerza en establecimientos;2013;83
CIUDAD AUTÓNOMA DE CEUTA;5.2.3.-Robos con fuerza en establecimientos;2012;87
CIUDAD AUTÓNOMA DE CEUTA;5.2.3.-Robos con fuerza en establecimientos;2011;62
CIUDAD AUTÓNOMA DE CEUTA;5.2.3.-Robos con fuerza en establecimientos;2010;49
CIUDAD AUTÓNOMA DE CEUTA;5.3.-Robos con violencia o intimidación;2023;84
CIUDAD AUTÓNOMA DE CEUTA;5.3.-Robos con violencia o intimidación;2022;107
CIUDAD AUTÓNOMA DE CEUTA;5.3.-Robos con violencia o intimidación;2021;195
CIUDAD AUTÓNOMA DE CEUTA;5.3.-Robos con violencia o intimidación;2020;128
CIUDAD AUTÓNOMA DE CEUTA;5.3.-Robos con violencia o intimidación;2019;147
CIUDAD AUTÓNOMA DE CEUTA;5.3.-Robos con violencia o intimidación;2018;150
CIUDAD AUTÓNOMA DE CEUTA;5.3.-Robos con violencia o intimidación;2017;131
CIUDAD AUTÓNOMA DE CEUTA;5.3.-Robos con violencia o intimidación;2016;197
CIUDAD AUTÓNOMA DE CEUTA;5.3.-Robos con violencia o intimidación;2015;174
CIUDAD AUTÓNOMA DE CEUTA;5.3.-Robos con violencia o intimidación;2014;189
CIUDAD AUTÓNOMA DE CEUTA;5.3.-Robos con violencia o intimidación;2013;223
CIUDAD AUTÓNOMA DE CEUTA;5.3.-Robos con violencia o intimidación;2012;165
CIUDAD AUTÓNOMA DE CEUTA;5.3.-Robos con violencia o intimidación;2011;168
CIUDAD AUTÓNOMA DE CEUTA;5.3.-Robos con violencia o intimidación;2010;189
CIUDAD AUTÓNOMA DE CEUTA;5.3.1.-Robos con violencia en vía pública;2023;62
CIUDAD AUTÓNOMA DE CEUTA;5.3.1.-Robos con violencia en vía pública;2022;75
CIUDAD AUTÓNOMA DE CEUTA;5.3.1.-Robos con violencia en vía pública;2021;148
CIUDAD AUTÓNOMA DE CEUTA;5.3.1.-Robos con violencia en vía pública;2020;97
CIUDAD AUTÓNOMA DE CEUTA;5.3.1.-Robos con violencia en vía pública;2019;112
CIUDAD AUTÓNOMA DE CEUTA;5.3.1.-Robos con violencia en vía pública;2018;115
CIUDAD AUTÓNOMA DE CEUTA;5.3.1.-Robos con violencia en vía pública;2017;110
CIUDAD AUTÓNOMA DE CEUTA;5.3.1.-Robos con violencia en vía pública;2016;156
CIUDAD AUTÓNOMA DE CEUTA;5.3.1.-Robos con violencia en vía pública;2015;141
CIUDAD AUTÓNOMA DE CEUTA;5.3.1.-Robos con violencia en vía pública;2014;156
CIUDAD AUTÓNOMA DE CEUTA;5.3.1.-Robos con violencia en vía pública;2013;169
CIUDAD AUTÓNOMA DE CEUTA;5.3.1.-Robos con violencia en vía pública;2012;141
CIUDAD AUTÓNOMA DE CEUTA;5.3.1.-Robos con violencia en vía pública;2011;125
CIUDAD AUTÓNOMA DE CEUTA;5.3.1.-Robos con violencia en vía pública;2010;141
CIUDAD AUTÓNOMA DE CEUTA;5.3.2.-Robos con violencia en viviendas;2023;7
CIUDAD AUTÓNOMA DE CEUTA;5.3.2.-Robos con violencia en viviendas;2022;5
CIUDAD AUTÓNOMA DE CEUTA;5.3.2.-Robos con violencia en viviendas;2021;4
CIUDAD AUTÓNOMA DE CEUTA;5.3.2.-Robos con violencia en viviendas;2020;6
CIUDAD AUTÓNOMA DE CEUTA;5.3.2.-Robos con violencia en viviendas;2019;6
CIUDAD AUTÓNOMA DE CEUTA;5.3.2.-Robos con violencia en viviendas;2018;7
CIUDAD AUTÓNOMA DE CEUTA;5.3.2.-Robos con violencia en viviendas;2017;2
CIUDAD AUTÓNOMA DE CEUTA;5.3.2.-Robos con violencia en viviendas;2016;8
CIUDAD AUTÓNOMA DE CEUTA;5.3.2.-Robos con violencia en viviendas;2015;8
CIUDAD AUTÓNOMA DE CEUTA;5.3.2.-Robos con violencia en viviendas;2014;13
CIUDAD AUTÓNOMA DE CEUTA;5.3.2.-Robos con violencia en viviendas;2013;13
CIUDAD AUTÓNOMA DE CEUTA;5.3.2.-Robos con violencia en viviendas;2012;5
CIUDAD AUTÓNOMA DE CEUTA;5.3.2.-Robos con violencia en viviendas;2011;16
CIUDAD AUTÓNOMA DE CEUTA;5.3.2.-Robos con violencia en viviendas;2010;8
CIUDAD AUTÓNOMA DE CEUTA;5.3.3.-Robos con violencia en establecimientos;2023;10
CIUDAD AUTÓNOMA DE CEUTA;5.3.3.-Robos con violencia en establecimientos;2022;10
CIUDAD AUTÓNOMA DE CEUTA;5.3.3.-Robos con violencia en establecimientos;2021;9
CIUDAD AUTÓNOMA DE CEUTA;5.3.3.-Robos con violencia en establecimientos;2020;8
CIUDAD AUTÓNOMA DE CEUTA;5.3.3.-Robos con violencia en establecimientos;2019;10
CIUDAD AUTÓNOMA DE CEUTA;5.3.3.-Robos con violencia en establecimientos;2018;7
CIUDAD AUTÓNOMA DE CEUTA;5.3.3.-Robos con violencia en establecimientos;2017;5
CIUDAD AUTÓNOMA DE CEUTA;5.3.3.-Robos con violencia en establecimientos;2016;4
CIUDAD AUTÓNOMA DE CEUTA;5.3.3.-Robos con violencia en establecimientos;2015;7
CIUDAD AUTÓNOMA DE CEUTA;5.3.3.-Robos con violencia en establecimientos;2014;8
CIUDAD AUTÓNOMA DE CEUTA;5.3.3.-Robos con violencia en establecimientos;2013;25
CIUDAD AUTÓNOMA DE CEUTA;5.3.3.-Robos con violencia en establecimientos;2012;5
CIUDAD AUTÓNOMA DE CEUTA;5.3.3.-Robos con violencia en establecimientos;2011;6
CIUDAD AUTÓNOMA DE CEUTA;5.3.3.-Robos con violencia en establecimientos;2010;13
CIUDAD AUTÓNOMA DE CEUTA;5.4.-Sustracción de vehículos;2023;108
CIUDAD AUTÓNOMA DE CEUTA;5.4.-Sustracción de vehículos;2022;107
CIUDAD AUTÓNOMA DE CEUTA;5.4.-Sustracción de vehículos;2021;103
CIUDAD AUTÓNOMA DE CEUTA;5.4.-Sustracción de vehículos;2020;84
CIUDAD AUTÓNOMA DE CEUTA;5.4.-Sustracción de vehículos;2019;168
CIUDAD AUTÓNOMA DE CEUTA;5.4.-Sustracción de vehículos;2018;247
CIUDAD AUTÓNOMA DE CEUTA;5.4.-Sustracción de vehículos;2017;216
CIUDAD AUTÓNOMA DE CEUTA;5.4.-Sustracción de vehículos;2016;387
CIUDAD AUTÓNOMA DE CEUTA;5.4.-Sustracción de vehículos;2015;350
CIUDAD AUTÓNOMA DE CEUTA;5.4.-Sustracción de vehículos;2014;319
CIUDAD AUTÓNOMA DE CEUTA;5.4.-Sustracción de vehículos;2013;403
CIUDAD AUTÓNOMA DE CEUTA;5.4.-Sustracción de vehículos;2012;653
CIUDAD AUTÓNOMA DE CEUTA;5.4.-Sustracción de vehículos;2011;463
CIUDAD AUTÓNOMA DE CEUTA;5.4.-Sustracción de vehículos;2010;436
CIUDAD AUTÓNOMA DE CEUTA;5.5.-Estafas;2023;617
CIUDAD AUTÓNOMA DE CEUTA;5.5.-Estafas;2022;529
CIUDAD AUTÓNOMA DE CEUTA;5.5.-Estafas;2021;452
CIUDAD AUTÓNOMA DE CEUTA;5.5.-Estafas;2020;432
CIUDAD AUTÓNOMA DE CEUTA;5.5.-Estafas;2019;404
CIUDAD AUTÓNOMA DE CEUTA;5.5.-Estafas;2018;291
CIUDAD AUTÓNOMA DE CEUTA;5.5.-Estafas;2017;166
CIUDAD AUTÓNOMA DE CEUTA;5.5.-Estafas;2016;142
CIUDAD AUTÓNOMA DE CEUTA;5.5.-Estafas;2015;152
CIUDAD AUTÓNOMA DE CEUTA;5.5.-Estafas;2014;156
CIUDAD AUTÓNOMA DE CEUTA;5.5.-Estafas;2013;94
CIUDAD AUTÓNOMA DE CEUTA;5.5.-Estafas;2012;137
CIUDAD AUTÓNOMA DE CEUTA;5.5.-Estafas;2011;117
CIUDAD AUTÓNOMA DE CEUTA;5.5.-Estafas;2010;96
CIUDAD AUTÓNOMA DE CEUTA;5.5.1.-Estafas informáticas;2023;514
CIUDAD AUTÓNOMA DE CEUTA;5.5.1.-Estafas informáticas;2022;469
CIUDAD AUTÓNOMA DE CEUTA;5.5.1.-Estafas informáticas;2021;402
CIUDAD AUTÓNOMA DE CEUTA;5.5.1.-Estafas informáticas;2020;359
CIUDAD AUTÓNOMA DE CEUTA;5.5.1.-Estafas informáticas;2019;324
CIUDAD AUTÓNOMA DE CEUTA;5.5.1.-Estafas informáticas;2018;182
CIUDAD AUTÓNOMA DE CEUTA;5.5.1.-Estafas informáticas;2017;72
CIUDAD AUTÓNOMA DE CEUTA;5.5.1.-Estafas informáticas;2016;64
CIUDAD AUTÓNOMA DE CEUTA;5.5.1.-Estafas informáticas;2015;62
CIUDAD AUTÓNOMA DE CEUTA;5.5.1.-Estafas informáticas;2014;64
CIUDAD AUTÓNOMA DE CEUTA;5.5.1.-Estafas informáticas;2013;32
CIUDAD AUTÓNOMA DE CEUTA;5.5.1.-Estafas informáticas;2012;66
CIUDAD AUTÓNOMA DE CEUTA;5.5.1.-Estafas informáticas;2011;63
CIUDAD AUTÓNOMA DE CEUTA;5.5.1.-Estafas informáticas;2010;60
CIUDAD AUTÓNOMA DE CEUTA;5.6.-Daños;2023;311
CIUDAD AUTÓNOMA DE CEUTA;5.6.-Daños;2022;378
CIUDAD AUTÓNOMA DE CEUTA;5.6.-Daños;2021;344
CIUDAD AUTÓNOMA DE CEUTA;5.6.-Daños;2020;350
CIUDAD AUTÓNOMA DE CEUTA;5.6.-Daños;2019;331
CIUDAD AUTÓNOMA DE CEUTA;5.6.-Daños;2018;324
CIUDAD AUTÓNOMA DE CEUTA;5.6.-Daños;2017;313
CIUDAD AUTÓNOMA DE CEUTA;5.6.-Daños;2016;296
CIUDAD AUTÓNOMA DE CEUTA;5.6.-Daños;2015;327
CIUDAD AUTÓNOMA DE CEUTA;5.6.-Daños;2014;411
CIUDAD AUTÓNOMA DE CEUTA;5.6.-Daños;2013;416
CIUDAD AUTÓNOMA DE CEUTA;5.6.-Daños;2012;486
CIUDAD AUTÓNOMA DE CEUTA;5.6.-Daños;2011;485
CIUDAD AUTÓNOMA DE CEUTA;5.6.-Daños;2010;553
CIUDAD AUTÓNOMA DE CEUTA;5.7.-Contra la propiedad intelectual/industrial;2023;1
CIUDAD AUTÓNOMA DE CEUTA;5.7.-Contra la propiedad intelectual/industrial;2022;2
CIUDAD AUTÓNOMA DE CEUTA;5.7.-Contra la propiedad intelectual/industrial;2021;1
CIUDAD AUTÓNOMA DE CEUTA;5.7.-Contra la propiedad intelectual/industrial;2020;1
CIUDAD AUTÓNOMA DE CEUTA;5.7.-Contra la propiedad intelectual/industrial;2019;2
CIUDAD AUTÓNOMA DE CEUTA;5.7.-Contra la propiedad intelectual/industrial;2018;0
CIUDAD AUTÓNOMA DE CEUTA;5.7.-Contra la propiedad intelectual/industrial;2017;3
CIUDAD AUTÓNOMA DE CEUTA;5.7.-Contra la propiedad intelectual/industrial;2016;6
CIUDAD AUTÓNOMA DE CEUTA;5.7.-Contra la propiedad intelectual/industrial;2015;2
CIUDAD AUTÓNOMA DE CEUTA;5.7.-Contra la propiedad intelectual/industrial;2014;6
CIUDAD AUTÓNOMA DE CEUTA;5.7.-Contra la propiedad intelectual/industrial;2013;2
CIUDAD AUTÓNOMA DE CEUTA;5.7.-Contra la propiedad intelectual/industrial;2012;14
CIUDAD AUTÓNOMA DE CEUTA;5.7.-Contra la propiedad intelectual/industrial;2011;6
CIUDAD AUTÓNOMA DE CEUTA;5.7.-Contra la propiedad intelectual/industrial;2010;9
CIUDAD AUTÓNOMA DE CEUTA;5.8.-Blanqueo de capitales;2023;0
CIUDAD AUTÓNOMA DE CEUTA;5.8.-Blanqueo de capitales;2022;1
CIUDAD AUTÓNOMA DE CEUTA;5.8.-Blanqueo de capitales;2021;0
CIUDAD AUTÓNOMA DE CEUTA;5.8.-Blanqueo de capitales;2020;0
CIUDAD AUTÓNOMA DE CEUTA;5.8.-Blanqueo de capitales;2019;1
CIUDAD AUTÓNOMA DE CEUTA;5.8.-Blanqueo de capitales;2018;4
CIUDAD AUTÓNOMA DE CEUTA;5.8.-Blanqueo de capitales;2017;1
CIUDAD AUTÓNOMA DE CEUTA;5.8.-Blanqueo de capitales;2016;1
CIUDAD AUTÓNOMA DE CEUTA;5.8.-Blanqueo de capitales;2015;0
CIUDAD AUTÓNOMA DE CEUTA;5.8.-Blanqueo de capitales;2014;1
CIUDAD AUTÓNOMA DE CEUTA;5.8.-Blanqueo de capitales;2013;0
CIUDAD AUTÓNOMA DE CEUTA;5.8.-Blanqueo de capitales;2012;0
CIUDAD AUTÓNOMA DE CEUTA;5.8.-Blanqueo de capitales;2011;1
CIUDAD AUTÓNOMA DE CEUTA;5.8.-Blanqueo de capitales;2010;0
CIUDAD AUTÓNOMA DE CEUTA;5.9.-Otros contra el patrimonio;2023;67
CIUDAD AUTÓNOMA DE CEUTA;5.9.-Otros contra el patrimonio;2022;57
CIUDAD AUTÓNOMA DE CEUTA;5.9.-Otros contra el patrimonio;2021;82
CIUDAD AUTÓNOMA DE CEUTA;5.9.-Otros contra el patrimonio;2020;50
CIUDAD AUTÓNOMA DE CEUTA;5.9.-Otros contra el patrimonio;2019;46
CIUDAD AUTÓNOMA DE CEUTA;5.9.-Otros contra el patrimonio;2018;50
CIUDAD AUTÓNOMA DE CEUTA;5.9.-Otros contra el patrimonio;2017;37
CIUDAD AUTÓNOMA DE CEUTA;5.9.-Otros contra el patrimonio;2016;36
CIUDAD AUTÓNOMA DE CEUTA;5.9.-Otros contra el patrimonio;2015;30
CIUDAD AUTÓNOMA DE CEUTA;5.9.-Otros contra el patrimonio;2014;37
CIUDAD AUTÓNOMA DE CEUTA;5.9.-Otros contra el patrimonio;2013;33
CIUDAD AUTÓNOMA DE CEUTA;5.9.-Otros contra el patrimonio;2012;68
CIUDAD AUTÓNOMA DE CEUTA;5.9.-Otros contra el patrimonio;2011;60
CIUDAD AUTÓNOMA DE CEUTA;5.9.-Otros contra el patrimonio;2010;64
CIUDAD AUTÓNOMA DE CEUTA;6. SEGURIDAD COLECTIVA;2023;264
CIUDAD AUTÓNOMA DE CEUTA;6. SEGURIDAD COLECTIVA;2022;277
CIUDAD AUTÓNOMA DE CEUTA;6. SEGURIDAD COLECTIVA;2021;399
CIUDAD AUTÓNOMA DE CEUTA;6. SEGURIDAD COLECTIVA;2020;356
CIUDAD AUTÓNOMA DE CEUTA;6. SEGURIDAD COLECTIVA;2019;509
CIUDAD AUTÓNOMA DE CEUTA;6. SEGURIDAD COLECTIVA;2018;385
CIUDAD AUTÓNOMA DE CEUTA;6. SEGURIDAD COLECTIVA;2017;434
CIUDAD AUTÓNOMA DE CEUTA;6. SEGURIDAD COLECTIVA;2016;451
CIUDAD AUTÓNOMA DE CEUTA;6. SEGURIDAD COLECTIVA;2015;601
CIUDAD AUTÓNOMA DE CEUTA;6. SEGURIDAD COLECTIVA;2014;829
CIUDAD AUTÓNOMA DE CEUTA;6. SEGURIDAD COLECTIVA;2013;1.163
CIUDAD AUTÓNOMA DE CEUTA;6. SEGURIDAD COLECTIVA;2012;1.806
CIUDAD AUTÓNOMA DE CEUTA;6. SEGURIDAD COLECTIVA;2011;1.741
CIUDAD AUTÓNOMA DE CEUTA;6. SEGURIDAD COLECTIVA;2010;1.381
CIUDAD AUTÓNOMA DE CEUTA;6.1.-Tráfico de drogas;2023;99
CIUDAD AUTÓNOMA DE CEUTA;6.1.-Tráfico de drogas;2022;115
CIUDAD AUTÓNOMA DE CEUTA;6.1.-Tráfico de drogas;2021;205
CIUDAD AUTÓNOMA DE CEUTA;6.1.-Tráfico de drogas;2020;220
CIUDAD AUTÓNOMA DE CEUTA;6.1.-Tráfico de drogas;2019;297
CIUDAD AUTÓNOMA DE CEUTA;6.1.-Tráfico de drogas;2018;166
CIUDAD AUTÓNOMA DE CEUTA;6.1.-Tráfico de drogas;2017;227
CIUDAD AUTÓNOMA DE CEUTA;6.1.-Tráfico de drogas;2016;257
CIUDAD AUTÓNOMA DE CEUTA;6.1.-Tráfico de drogas;2015;388
CIUDAD AUTÓNOMA DE CEUTA;6.1.-Tráfico de drogas;2014;567
CIUDAD AUTÓNOMA DE CEUTA;6.1.-Tráfico de drogas;2013;894
CIUDAD AUTÓNOMA DE CEUTA;6.1.-Tráfico de drogas;2012;1.417
CIUDAD AUTÓNOMA DE CEUTA;6.1.-Tráfico de drogas;2011;1.413
CIUDAD AUTÓNOMA DE CEUTA;6.1.-Tráfico de drogas;2010;1.116
CIUDAD AUTÓNOMA DE CEUTA;6.2.-Contra la seguridad vial;2023;161
CIUDAD AUTÓNOMA DE CEUTA;6.2.-Contra la seguridad vial;2022;153
CIUDAD AUTÓNOMA DE CEUTA;6.2.-Contra la seguridad vial;2021;186
CIUDAD AUTÓNOMA DE CEUTA;6.2.-Contra la seguridad vial;2020;133
CIUDAD AUTÓNOMA DE CEUTA;6.2.-Contra la seguridad vial;2019;207
CIUDAD AUTÓNOMA DE CEUTA;6.2.-Contra la seguridad vial;2018;215
CIUDAD AUTÓNOMA DE CEUTA;6.2.-Contra la seguridad vial;2017;205
CIUDAD AUTÓNOMA DE CEUTA;6.2.-Contra la seguridad vial;2016;189
CIUDAD AUTÓNOMA DE CEUTA;6.2.-Contra la seguridad vial;2015;209
CIUDAD AUTÓNOMA DE CEUTA;6.2.-Contra la seguridad vial;2014;256
CIUDAD AUTÓNOMA DE CEUTA;6.2.-Contra la seguridad vial;2013;261
CIUDAD AUTÓNOMA DE CEUTA;6.2.-Contra la seguridad vial;2012;378
CIUDAD AUTÓNOMA DE CEUTA;6.2.-Contra la seguridad vial;2011;326
CIUDAD AUTÓNOMA DE CEUTA;6.2.-Contra la seguridad vial;2010;263
CIUDAD AUTÓNOMA DE CEUTA;6.3.-Otros contra la seguridad colectiva;2023;4
CIUDAD AUTÓNOMA DE CEUTA;6.3.-Otros contra la seguridad colectiva;2022;9
CIUDAD AUTÓNOMA DE CEUTA;6.3.-Otros contra la seguridad colectiva;2021;8
CIUDAD AUTÓNOMA DE CEUTA;6.3.-Otros contra la seguridad colectiva;2020;3
CIUDAD AUTÓNOMA DE CEUTA;6.3.-Otros contra la seguridad colectiva;2019;5
CIUDAD AUTÓNOMA DE CEUTA;6.3.-Otros contra la seguridad colectiva;2018;4
CIUDAD AUTÓNOMA DE CEUTA;6.3.-Otros contra la seguridad colectiva;2017;2
CIUDAD AUTÓNOMA DE CEUTA;6.3.-Otros contra la seguridad colectiva;2016;5
CIUDAD AUTÓNOMA DE CEUTA;6.3.-Otros contra la seguridad colectiva;2015;4
CIUDAD AUTÓNOMA DE CEUTA;6.3.-Otros contra la seguridad colectiva;2014;6
CIUDAD AUTÓNOMA DE CEUTA;6.3.-Otros contra la seguridad colectiva;2013;8
CIUDAD AUTÓNOMA DE CEUTA;6.3.-Otros contra la seguridad colectiva;2012;11
CIUDAD AUTÓNOMA DE CEUTA;6.3.-Otros contra la seguridad colectiva;2011;2
CIUDAD AUTÓNOMA DE CEUTA;6.3.-Otros contra la seguridad colectiva;2010;2
CIUDAD AUTÓNOMA DE CEUTA;7. FALSEDADES;2023;96
CIUDAD AUTÓNOMA DE CEUTA;7. FALSEDADES;2022;78
CIUDAD AUTÓNOMA DE CEUTA;7. FALSEDADES;2021;108
CIUDAD AUTÓNOMA DE CEUTA;7. FALSEDADES;2020;192
CIUDAD AUTÓNOMA DE CEUTA;7. FALSEDADES;2019;543
CIUDAD AUTÓNOMA DE CEUTA;7. FALSEDADES;2018;602
CIUDAD AUTÓNOMA DE CEUTA;7. FALSEDADES;2017;474
CIUDAD AUTÓNOMA DE CEUTA;7. FALSEDADES;2016;362
CIUDAD AUTÓNOMA DE CEUTA;7. FALSEDADES;2015;343
CIUDAD AUTÓNOMA DE CEUTA;7. FALSEDADES;2014;399
CIUDAD AUTÓNOMA DE CEUTA;7. FALSEDADES;2013;301
CIUDAD AUTÓNOMA DE CEUTA;7. FALSEDADES;2012;325
CIUDAD AUTÓNOMA DE CEUTA;7. FALSEDADES;2011;339
CIUDAD AUTÓNOMA DE CEUTA;7. FALSEDADES;2010;53
CIUDAD AUTÓNOMA DE CEUTA;8. ADMÓN. PÚBLICA;2023;1
CIUDAD AUTÓNOMA DE CEUTA;8. ADMÓN. PÚBLICA;2022;0
CIUDAD AUTÓNOMA DE CEUTA;8. ADMÓN. PÚBLICA;2021;0
CIUDAD AUTÓNOMA DE CEUTA;8. ADMÓN. PÚBLICA;2020;1
CIUDAD AUTÓNOMA DE CEUTA;8. ADMÓN. PÚBLICA;2019;8
CIUDAD AUTÓNOMA DE CEUTA;8. ADMÓN. PÚBLICA;2018;8
CIUDAD AUTÓNOMA DE CEUTA;8. ADMÓN. PÚBLICA;2017;11
CIUDAD AUTÓNOMA DE CEUTA;8. ADMÓN. PÚBLICA;2016;4
CIUDAD AUTÓNOMA DE CEUTA;8. ADMÓN. PÚBLICA;2015;5
CIUDAD AUTÓNOMA DE CEUTA;8. ADMÓN. PÚBLICA;2014;5
CIUDAD AUTÓNOMA DE CEUTA;8. ADMÓN. PÚBLICA;2013;5
CIUDAD AUTÓNOMA DE CEUTA;8. ADMÓN. PÚBLICA;2012;2
CIUDAD AUTÓNOMA DE CEUTA;8. ADMÓN. PÚBLICA;2011;4
CIUDAD AUTÓNOMA DE CEUTA;8. ADMÓN. PÚBLICA;2010;2
CIUDAD AUTÓNOMA DE CEUTA;9. ADMÓN. JUSTICIA;2023;95
CIUDAD AUTÓNOMA DE CEUTA;9. ADMÓN. JUSTICIA;2022;108
CIUDAD AUTÓNOMA DE CEUTA;9. ADMÓN. JUSTICIA;2021;99
CIUDAD AUTÓNOMA DE CEUTA;9. ADMÓN. JUSTICIA;2020;116
CIUDAD AUTÓNOMA DE CEUTA;9. ADMÓN. JUSTICIA;2019;148
CIUDAD AUTÓNOMA DE CEUTA;9. ADMÓN. JUSTICIA;2018;178
CIUDAD AUTÓNOMA DE CEUTA;9. ADMÓN. JUSTICIA;2017;185
CIUDAD AUTÓNOMA DE CEUTA;9. ADMÓN. JUSTICIA;2016;148
CIUDAD AUTÓNOMA DE CEUTA;9. ADMÓN. JUSTICIA;2015;129
CIUDAD AUTÓNOMA DE CEUTA;9. ADMÓN. JUSTICIA;2014;119
CIUDAD AUTÓNOMA DE CEUTA;9. ADMÓN. JUSTICIA;2013;125
CIUDAD AUTÓNOMA DE CEUTA;9. ADMÓN. JUSTICIA;2012;157
CIUDAD AUTÓNOMA DE CEUTA;9. ADMÓN. JUSTICIA;2011;84
CIUDAD AUTÓNOMA DE CEUTA;9. ADMÓN. JUSTICIA;2010;101
CIUDAD AUTÓNOMA DE CEUTA;10. ORDEN PÚBLICO;2023;120
CIUDAD AUTÓNOMA DE CEUTA;10. ORDEN PÚBLICO;2022;152
CIUDAD AUTÓNOMA DE CEUTA;10. ORDEN PÚBLICO;2021;183
CIUDAD AUTÓNOMA DE CEUTA;10. ORDEN PÚBLICO;2020;174
CIUDAD AUTÓNOMA DE CEUTA;10. ORDEN PÚBLICO;2019;165
CIUDAD AUTÓNOMA DE CEUTA;10. ORDEN PÚBLICO;2018;134
CIUDAD AUTÓNOMA DE CEUTA;10. ORDEN PÚBLICO;2017;159
CIUDAD AUTÓNOMA DE CEUTA;10. ORDEN PÚBLICO;2016;120
CIUDAD AUTÓNOMA DE CEUTA;10. ORDEN PÚBLICO;2015;120
CIUDAD AUTÓNOMA DE CEUTA;10. ORDEN PÚBLICO;2014;168
CIUDAD AUTÓNOMA DE CEUTA;10. ORDEN PÚBLICO;2013;168
CIUDAD AUTÓNOMA DE CEUTA;10. ORDEN PÚBLICO;2012;174
CIUDAD AUTÓNOMA DE CEUTA;10. ORDEN PÚBLICO;2011;155
CIUDAD AUTÓNOMA DE CEUTA;10. ORDEN PÚBLICO;2010;160
CIUDAD AUTÓNOMA DE CEUTA;11. LEGISLACIÓN ESPECIAL;2023;0
CIUDAD AUTÓNOMA DE CEUTA;11. LEGISLACIÓN ESPECIAL;2022;2
CIUDAD AUTÓNOMA DE CEUTA;11. LEGISLACIÓN ESPECIAL;2021;2
CIUDAD AUTÓNOMA DE CEUTA;11. LEGISLACIÓN ESPECIAL;2020;4
CIUDAD AUTÓNOMA DE CEUTA;11. LEGISLACIÓN ESPECIAL;2019;5
CIUDAD AUTÓNOMA DE CEUTA;11. LEGISLACIÓN ESPECIAL;2018;3
CIUDAD AUTÓNOMA DE CEUTA;11. LEGISLACIÓN ESPECIAL;2017;1
CIUDAD AUTÓNOMA DE CEUTA;11. LEGISLACIÓN ESPECIAL;2016;3
CIUDAD AUTÓNOMA DE CEUTA;11. LEGISLACIÓN ESPECIAL;2015;0
CIUDAD AUTÓNOMA DE CEUTA;11. LEGISLACIÓN ESPECIAL;2014;0
CIUDAD AUTÓNOMA DE CEUTA;11. LEGISLACIÓN ESPECIAL;2013;0
CIUDAD AUTÓNOMA DE CEUTA;11. LEGISLACIÓN ESPECIAL;2012;0
CIUDAD AUTÓNOMA DE CEUTA;11. LEGISLACIÓN ESPECIAL;2011;10
CIUDAD AUTÓNOMA DE CEUTA;11. LEGISLACIÓN ESPECIAL;2010;13
CIUDAD AUTÓNOMA DE CEUTA;12. OTRAS INFRACCIONES PENALES;2023;37
CIUDAD AUTÓNOMA DE CEUTA;12. OTRAS INFRACCIONES PENALES;2022;53
CIUDAD AUTÓNOMA DE CEUTA;12. OTRAS INFRACCIONES PENALES;2021;50
CIUDAD AUTÓNOMA DE CEUTA;12. OTRAS INFRACCIONES PENALES;2020;67
CIUDAD AUTÓNOMA DE CEUTA;12. OTRAS INFRACCIONES PENALES;2019;162
CIUDAD AUTÓNOMA DE CEUTA;12. OTRAS INFRACCIONES PENALES;2018;136
CIUDAD AUTÓNOMA DE CEUTA;12. OTRAS INFRACCIONES PENALES;2017;102
CIUDAD AUTÓNOMA DE CEUTA;12. OTRAS INFRACCIONES PENALES;2016;100
CIUDAD AUTÓNOMA DE CEUTA;12. OTRAS INFRACCIONES PENALES;2015;102
CIUDAD AUTÓNOMA DE CEUTA;12. OTRAS INFRACCIONES PENALES;2014;103
CIUDAD AUTÓNOMA DE CEUTA;12. OTRAS INFRACCIONES PENALES;2013;85
CIUDAD AUTÓNOMA DE CEUTA;12. OTRAS INFRACCIONES PENALES;2012;79
CIUDAD AUTÓNOMA DE CEUTA;12. OTRAS INFRACCIONES PENALES;2011;63
CIUDAD AUTÓNOMA DE CEUTA;12. OTRAS INFRACCIONES PENALES;2010;52
CIUDAD AUTÓNOMA DE CEUTA;TOTAL INFRACCIONES PENALES;2023;3.541
CIUDAD AUTÓNOMA DE CEUTA;TOTAL INFRACCIONES PENALES;2022;3.635
CIUDAD AUTÓNOMA DE CEUTA;TOTAL INFRACCIONES PENALES;2021;3.916
CIUDAD AUTÓNOMA DE CEUTA;TOTAL INFRACCIONES PENALES;2020;3.648
CIUDAD AUTÓNOMA DE CEUTA;TOTAL INFRACCIONES PENALES;2019;4.746
CIUDAD AUTÓNOMA DE CEUTA;TOTAL INFRACCIONES PENALES;2018;4.722
CIUDAD AUTÓNOMA DE CEUTA;TOTAL INFRACCIONES PENALES;2017;4.503
CIUDAD AUTÓNOMA DE CEUTA;TOTAL INFRACCIONES PENALES;2016;4.633
CIUDAD AUTÓNOMA DE CEUTA;TOTAL INFRACCIONES PENALES;2015;4.961
CIUDAD AUTÓNOMA DE CEUTA;TOTAL INFRACCIONES PENALES;2014;5.302
CIUDAD AUTÓNOMA DE CEUTA;TOTAL INFRACCIONES PENALES;2013;5.850
CIUDAD AUTÓNOMA DE CEUTA;TOTAL INFRACCIONES PENALES;2012;7.052
CIUDAD AUTÓNOMA DE CEUTA;TOTAL INFRACCIONES PENALES;2011;6.294
CIUDAD AUTÓNOMA DE CEUTA;TOTAL INFRACCIONES PENALES;2010;5.974
CIUDAD AUTÓNOMA DE MELILLA;1. CONTRA LAS PERSONAS;2023;923
CIUDAD AUTÓNOMA DE MELILLA;1. CONTRA LAS PERSONAS;2022;926
CIUDAD AUTÓNOMA DE MELILLA;1. CONTRA LAS PERSONAS;2021;900
CIUDAD AUTÓNOMA DE MELILLA;1. CONTRA LAS PERSONAS;2020;870
CIUDAD AUTÓNOMA DE MELILLA;1. CONTRA LAS PERSONAS;2019;931
CIUDAD AUTÓNOMA DE MELILLA;1. CONTRA LAS PERSONAS;2018;874
CIUDAD AUTÓNOMA DE MELILLA;1. CONTRA LAS PERSONAS;2017;889
CIUDAD AUTÓNOMA DE MELILLA;1. CONTRA LAS PERSONAS;2016;888
CIUDAD AUTÓNOMA DE MELILLA;1. CONTRA LAS PERSONAS;2015;979
CIUDAD AUTÓNOMA DE MELILLA;1. CONTRA LAS PERSONAS;2014;1.057
CIUDAD AUTÓNOMA DE MELILLA;1. CONTRA LAS PERSONAS;2013;879
CIUDAD AUTÓNOMA DE MELILLA;1. CONTRA LAS PERSONAS;2012;887
CIUDAD AUTÓNOMA DE MELILLA;1. CONTRA LAS PERSONAS;2011;948
CIUDAD AUTÓNOMA DE MELILLA;1. CONTRA LAS PERSONAS;2010;1.011
CIUDAD AUTÓNOMA DE MELILLA;1.1.-Homicidios dolosos/asesinatos;2023;3
CIUDAD AUTÓNOMA DE MELILLA;1.1.-Homicidios dolosos/asesinatos;2022;7
CIUDAD AUTÓNOMA DE MELILLA;1.1.-Homicidios dolosos/asesinatos;2021;4
CIUDAD AUTÓNOMA DE MELILLA;1.1.-Homicidios dolosos/asesinatos;2020;2
CIUDAD AUTÓNOMA DE MELILLA;1.1.-Homicidios dolosos/asesinatos;2019;9
CIUDAD AUTÓNOMA DE MELILLA;1.1.-Homicidios dolosos/asesinatos;2018;1
CIUDAD AUTÓNOMA DE MELILLA;1.1.-Homicidios dolosos/asesinatos;2017;8
CIUDAD AUTÓNOMA DE MELILLA;1.1.-Homicidios dolosos/asesinatos;2016;9
CIUDAD AUTÓNOMA DE MELILLA;1.1.-Homicidios dolosos/asesinatos;2015;5
CIUDAD AUTÓNOMA DE MELILLA;1.1.-Homicidios dolosos/asesinatos;2014;4
CIUDAD AUTÓNOMA DE MELILLA;1.1.-Homicidios dolosos/asesinatos;2013;4
CIUDAD AUTÓNOMA DE MELILLA;1.1.-Homicidios dolosos/asesinatos;2012;9
CIUDAD AUTÓNOMA DE MELILLA;1.1.-Homicidios dolosos/asesinatos;2011;7
CIUDAD AUTÓNOMA DE MELILLA;1.1.-Homicidios dolosos/asesinatos;2010;4
CIUDAD AUTÓNOMA DE MELILLA;1.1.1.-Homicidios dolosos/asesinatos consumados;2023;0
CIUDAD AUTÓNOMA DE MELILLA;1.1.1.-Homicidios dolosos/asesinatos consumados;2022;2
CIUDAD AUTÓNOMA DE MELILLA;1.1.1.-Homicidios dolosos/asesinatos consumados;2021;0
CIUDAD AUTÓNOMA DE MELILLA;1.1.1.-Homicidios dolosos/asesinatos consumados;2020;0
CIUDAD AUTÓNOMA DE MELILLA;1.1.1.-Homicidios dolosos/asesinatos consumados;2019;1
CIUDAD AUTÓNOMA DE MELILLA;1.1.1.-Homicidios dolosos/asesinatos consumados;2018;0
CIUDAD AUTÓNOMA DE MELILLA;1.1.1.-Homicidios dolosos/asesinatos consumados;2017;0
CIUDAD AUTÓNOMA DE MELILLA;1.1.1.-Homicidios dolosos/asesinatos consumados;2016;1
CIUDAD AUTÓNOMA DE MELILLA;1.1.1.-Homicidios dolosos/asesinatos consumados;2015;1
CIUDAD AUTÓNOMA DE MELILLA;1.1.1.-Homicidios dolosos/asesinatos consumados;2014;3
CIUDAD AUTÓNOMA DE MELILLA;1.1.1.-Homicidios dolosos/asesinatos consumados;2013;1
CIUDAD AUTÓNOMA DE MELILLA;1.1.1.-Homicidios dolosos/asesinatos consumados;2012;4
CIUDAD AUTÓNOMA DE MELILLA;1.1.1.-Homicidios dolosos/asesinatos consumados;2011;0
CIUDAD AUTÓNOMA DE MELILLA;1.1.1.-Homicidios dolosos/asesinatos consumados;2010;0
CIUDAD AUTÓNOMA DE MELILLA;1.2.-Lesiones;2023;509
CIUDAD AUTÓNOMA DE MELILLA;1.2.-Lesiones;2022;532
CIUDAD AUTÓNOMA DE MELILLA;1.2.-Lesiones;2021;539
CIUDAD AUTÓNOMA DE MELILLA;1.2.-Lesiones;2020;522
CIUDAD AUTÓNOMA DE MELILLA;1.2.-Lesiones;2019;592
CIUDAD AUTÓNOMA DE MELILLA;1.2.-Lesiones;2018;574
CIUDAD AUTÓNOMA DE MELILLA;1.2.-Lesiones;2017;569
CIUDAD AUTÓNOMA DE MELILLA;1.2.-Lesiones;2016;578
CIUDAD AUTÓNOMA DE MELILLA;1.2.-Lesiones;2015;491
CIUDAD AUTÓNOMA DE MELILLA;1.2.-Lesiones;2014;523
CIUDAD AUTÓNOMA DE MELILLA;1.2.-Lesiones;2013;474
CIUDAD AUTÓNOMA DE MELILLA;1.2.-Lesiones;2012;452
CIUDAD AUTÓNOMA DE MELILLA;1.2.-Lesiones;2011;478
CIUDAD AUTÓNOMA DE MELILLA;1.2.-Lesiones;2010;501
CIUDAD AUTÓNOMA DE MELILLA;1.3.-Malos tratos ámbito familiar;2023;396
CIUDAD AUTÓNOMA DE MELILLA;1.3.-Malos tratos ámbito familiar;2022;368
CIUDAD AUTÓNOMA DE MELILLA;1.3.-Malos tratos ámbito familiar;2021;333
CIUDAD AUTÓNOMA DE MELILLA;1.3.-Malos tratos ámbito familiar;2020;322
CIUDAD AUTÓNOMA DE MELILLA;1.3.-Malos tratos ámbito familiar;2019;319
CIUDAD AUTÓNOMA DE MELILLA;1.3.-Malos tratos ámbito familiar;2018;275
CIUDAD AUTÓNOMA DE MELILLA;1.3.-Malos tratos ámbito familiar;2017;304
CIUDAD AUTÓNOMA DE MELILLA;1.3.-Malos tratos ámbito familiar;2016;293
CIUDAD AUTÓNOMA DE MELILLA;1.3.-Malos tratos ámbito familiar;2015;350
CIUDAD AUTÓNOMA DE MELILLA;1.3.-Malos tratos ámbito familiar;2014;302
CIUDAD AUTÓNOMA DE MELILLA;1.3.-Malos tratos ámbito familiar;2013;226
CIUDAD AUTÓNOMA DE MELILLA;1.3.-Malos tratos ámbito familiar;2012;242
CIUDAD AUTÓNOMA DE MELILLA;1.3.-Malos tratos ámbito familiar;2011;259
CIUDAD AUTÓNOMA DE MELILLA;1.3.-Malos tratos ámbito familiar;2010;252
CIUDAD AUTÓNOMA DE MELILLA;1.4.-Otros contra las personas;2023;15
CIUDAD AUTÓNOMA DE MELILLA;1.4.-Otros contra las personas;2022;19
CIUDAD AUTÓNOMA DE MELILLA;1.4.-Otros contra las personas;2021;24
CIUDAD AUTÓNOMA DE MELILLA;1.4.-Otros contra las personas;2020;24
CIUDAD AUTÓNOMA DE MELILLA;1.4.-Otros contra las personas;2019;11
CIUDAD AUTÓNOMA DE MELILLA;1.4.-Otros contra las personas;2018;24
CIUDAD AUTÓNOMA DE MELILLA;1.4.-Otros contra las personas;2017;8
CIUDAD AUTÓNOMA DE MELILLA;1.4.-Otros contra las personas;2016;8
CIUDAD AUTÓNOMA DE MELILLA;1.4.-Otros contra las personas;2015;133
CIUDAD AUTÓNOMA DE MELILLA;1.4.-Otros contra las personas;2014;228
CIUDAD AUTÓNOMA DE MELILLA;1.4.-Otros contra las personas;2013;175
CIUDAD AUTÓNOMA DE MELILLA;1.4.-Otros contra las personas;2012;184
CIUDAD AUTÓNOMA DE MELILLA;1.4.-Otros contra las personas;2011;204
CIUDAD AUTÓNOMA DE MELILLA;1.4.-Otros contra las personas;2010;254
CIUDAD AUTÓNOMA DE MELILLA;2. CONTRA LA LIBERTAD;2023;462
CIUDAD AUTÓNOMA DE MELILLA;2. CONTRA LA LIBERTAD;2022;430
CIUDAD AUTÓNOMA DE MELILLA;2. CONTRA LA LIBERTAD;2021;443
CIUDAD AUTÓNOMA DE MELILLA;2. CONTRA LA LIBERTAD;2020;381
CIUDAD AUTÓNOMA DE MELILLA;2. CONTRA LA LIBERTAD;2019;296
CIUDAD AUTÓNOMA DE MELILLA;2. CONTRA LA LIBERTAD;2018;340
CIUDAD AUTÓNOMA DE MELILLA;2. CONTRA LA LIBERTAD;2017;356
CIUDAD AUTÓNOMA DE MELILLA;2. CONTRA LA LIBERTAD;2016;290
CIUDAD AUTÓNOMA DE MELILLA;2. CONTRA LA LIBERTAD;2015;172
CIUDAD AUTÓNOMA DE MELILLA;2. CONTRA LA LIBERTAD;2014;82
CIUDAD AUTÓNOMA DE MELILLA;2. CONTRA LA LIBERTAD;2013;89
CIUDAD AUTÓNOMA DE MELILLA;2. CONTRA LA LIBERTAD;2012;87
CIUDAD AUTÓNOMA DE MELILLA;2. CONTRA LA LIBERTAD;2011;95
CIUDAD AUTÓNOMA DE MELILLA;2. CONTRA LA LIBERTAD;2010;126
CIUDAD AUTÓNOMA DE MELILLA;2.1.-Malos tratos habituales en el ámbito familiar;2023;1
CIUDAD AUTÓNOMA DE MELILLA;2.1.-Malos tratos habituales en el ámbito familiar;2022;14
CIUDAD AUTÓNOMA DE MELILLA;2.1.-Malos tratos habituales en el ámbito familiar;2021;4
CIUDAD AUTÓNOMA DE MELILLA;2.1.-Malos tratos habituales en el ámbito familiar;2020;6
CIUDAD AUTÓNOMA DE MELILLA;2.1.-Malos tratos habituales en el ámbito familiar;2019;9
CIUDAD AUTÓNOMA DE MELILLA;2.1.-Malos tratos habituales en el ámbito familiar;2018;3
CIUDAD AUTÓNOMA DE MELILLA;2.1.-Malos tratos habituales en el ámbito familiar;2017;12
CIUDAD AUTÓNOMA DE MELILLA;2.1.-Malos tratos habituales en el ámbito familiar;2016;12
CIUDAD AUTÓNOMA DE MELILLA;2.1.-Malos tratos habituales en el ámbito familiar;2015;15
CIUDAD AUTÓNOMA DE MELILLA;2.1.-Malos tratos habituales en el ámbito familiar;2014;11
CIUDAD AUTÓNOMA DE MELILLA;2.1.-Malos tratos habituales en el ámbito familiar;2013;20
CIUDAD AUTÓNOMA DE MELILLA;2.1.-Malos tratos habituales en el ámbito familiar;2012;5
CIUDAD AUTÓNOMA DE MELILLA;2.1.-Malos tratos habituales en el ámbito familiar;2011;3
CIUDAD AUTÓNOMA DE MELILLA;2.1.-Malos tratos habituales en el ámbito familiar;2010;23
CIUDAD AUTÓNOMA DE MELILLA;2.2.-Otros contra la libertad;2023;461
CIUDAD AUTÓNOMA DE MELILLA;2.2.-Otros contra la libertad;2022;416
CIUDAD AUTÓNOMA DE MELILLA;2.2.-Otros contra la libertad;2021;439
CIUDAD AUTÓNOMA DE MELILLA;2.2.-Otros contra la libertad;2020;375
CIUDAD AUTÓNOMA DE MELILLA;2.2.-Otros contra la libertad;2019;287
CIUDAD AUTÓNOMA DE MELILLA;2.2.-Otros contra la libertad;2018;337
CIUDAD AUTÓNOMA DE MELILLA;2.2.-Otros contra la libertad;2017;344
CIUDAD AUTÓNOMA DE MELILLA;2.2.-Otros contra la libertad;2016;278
CIUDAD AUTÓNOMA DE MELILLA;2.2.-Otros contra la libertad;2015;157
CIUDAD AUTÓNOMA DE MELILLA;2.2.-Otros contra la libertad;2014;71
CIUDAD AUTÓNOMA DE MELILLA;2.2.-Otros contra la libertad;2013;69
CIUDAD AUTÓNOMA DE MELILLA;2.2.-Otros contra la libertad;2012;82
CIUDAD AUTÓNOMA DE MELILLA;2.2.-Otros contra la libertad;2011;92
CIUDAD AUTÓNOMA DE MELILLA;2.2.-Otros contra la libertad;2010;103
CIUDAD AUTÓNOMA DE MELILLA;3. LIBERTAD SEXUAL;2023;41
CIUDAD AUTÓNOMA DE MELILLA;3. LIBERTAD SEXUAL;2022;22
CIUDAD AUTÓNOMA DE MELILLA;3. LIBERTAD SEXUAL;2021;39
CIUDAD AUTÓNOMA DE MELILLA;3. LIBERTAD SEXUAL;2020;34
CIUDAD AUTÓNOMA DE MELILLA;3. LIBERTAD SEXUAL;2019;33
CIUDAD AUTÓNOMA DE MELILLA;3. LIBERTAD SEXUAL;2018;27
CIUDAD AUTÓNOMA DE MELILLA;3. LIBERTAD SEXUAL;2017;29
CIUDAD AUTÓNOMA DE MELILLA;3. LIBERTAD SEXUAL;2016;51
CIUDAD AUTÓNOMA DE MELILLA;3. LIBERTAD SEXUAL;2015;30
CIUDAD AUTÓNOMA DE MELILLA;3. LIBERTAD SEXUAL;2014;31
CIUDAD AUTÓNOMA DE MELILLA;3. LIBERTAD SEXUAL;2013;38
CIUDAD AUTÓNOMA DE MELILLA;3. LIBERTAD SEXUAL;2012;26
CIUDAD AUTÓNOMA DE MELILLA;3. LIBERTAD SEXUAL;2011;34
CIUDAD AUTÓNOMA DE MELILLA;3. LIBERTAD SEXUAL;2010;38
CIUDAD AUTÓNOMA DE MELILLA;3.1.-Agresión sexual;2023;31
CIUDAD AUTÓNOMA DE MELILLA;3.1.-Agresión sexual;2022;15
CIUDAD AUTÓNOMA DE MELILLA;3.1.-Agresión sexual;2021;28
CIUDAD AUTÓNOMA DE MELILLA;3.1.-Agresión sexual;2020;19
CIUDAD AUTÓNOMA DE MELILLA;3.1.-Agresión sexual;2019;22
CIUDAD AUTÓNOMA DE MELILLA;3.1.-Agresión sexual;2018;18
CIUDAD AUTÓNOMA DE MELILLA;3.1.-Agresión sexual;2017;19
CIUDAD AUTÓNOMA DE MELILLA;3.1.-Agresión sexual;2016;45
CIUDAD AUTÓNOMA DE MELILLA;3.1.-Agresión sexual;2015;21
CIUDAD AUTÓNOMA DE MELILLA;3.1.-Agresión sexual;2014;21
CIUDAD AUTÓNOMA DE MELILLA;3.1.-Agresión sexual;2013;25
CIUDAD AUTÓNOMA DE MELILLA;3.1.-Agresión sexual;2012;21
CIUDAD AUTÓNOMA DE MELILLA;3.1.-Agresión sexual;2011;25
CIUDAD AUTÓNOMA DE MELILLA;3.1.-Agresión sexual;2010;16
CIUDAD AUTÓNOMA DE MELILLA;3.2.-Agresión sexual con penetración;2023;3
CIUDAD AUTÓNOMA DE MELILLA;3.2.-Agresión sexual con penetración;2022;4
CIUDAD AUTÓNOMA DE MELILLA;3.2.-Agresión sexual con penetración;2021;5
CIUDAD AUTÓNOMA DE MELILLA;3.2.-Agresión sexual con penetración;2020;7
CIUDAD AUTÓNOMA DE MELILLA;3.2.-Agresión sexual con penetración;2019;5
CIUDAD AUTÓNOMA DE MELILLA;3.2.-Agresión sexual con penetración;2018;2
CIUDAD AUTÓNOMA DE MELILLA;3.2.-Agresión sexual con penetración;2017;3
CIUDAD AUTÓNOMA DE MELILLA;3.2.-Agresión sexual con penetración;2016;3
CIUDAD AUTÓNOMA DE MELILLA;3.2.-Agresión sexual con penetración;2015;2
CIUDAD AUTÓNOMA DE MELILLA;3.2.-Agresión sexual con penetración;2014;4
CIUDAD AUTÓNOMA DE MELILLA;3.2.-Agresión sexual con penetración;2013;6
CIUDAD AUTÓNOMA DE MELILLA;3.2.-Agresión sexual con penetración;2012;2
CIUDAD AUTÓNOMA DE MELILLA;3.2.-Agresión sexual con penetración;2011;2
CIUDAD AUTÓNOMA DE MELILLA;3.2.-Agresión sexual con penetración;2010;10
CIUDAD AUTÓNOMA DE MELILLA;3.3.-Corrupción de menores o incapacitados;2023;0
CIUDAD AUTÓNOMA DE MELILLA;3.3.-Corrupción de menores o incapacitados;2022;0
CIUDAD AUTÓNOMA DE MELILLA;3.3.-Corrupción de menores o incapacitados;2021;1
CIUDAD AUTÓNOMA DE MELILLA;3.3.-Corrupción de menores o incapacitados;2020;1
CIUDAD AUTÓNOMA DE MELILLA;3.3.-Corrupción de menores o incapacitados;2019;0
CIUDAD AUTÓNOMA DE MELILLA;3.3.-Corrupción de menores o incapacitados;2018;1
CIUDAD AUTÓNOMA DE MELILLA;3.3.-Corrupción de menores o incapacitados;2017;0
CIUDAD AUTÓNOMA DE MELILLA;3.3.-Corrupción de menores o incapacitados;2016;0
CIUDAD AUTÓNOMA DE MELILLA;3.3.-Corrupción de menores o incapacitados;2015;1
CIUDAD AUTÓNOMA DE MELILLA;3.3.-Corrupción de menores o incapacitados;2014;0
CIUDAD AUTÓNOMA DE MELILLA;3.3.-Corrupción de menores o incapacitados;2013;2
CIUDAD AUTÓNOMA DE MELILLA;3.3.-Corrupción de menores o incapacitados;2012;0
CIUDAD AUTÓNOMA DE MELILLA;3.3.-Corrupción de menores o incapacitados;2011;1
CIUDAD AUTÓNOMA DE MELILLA;3.3.-Corrupción de menores o incapacitados;2010;1
CIUDAD AUTÓNOMA DE MELILLA;3.4.-Pornografía de menores;2023;2
CIUDAD AUTÓNOMA DE MELILLA;3.4.-Pornografía de menores;2022;0
CIUDAD AUTÓNOMA DE MELILLA;3.4.-Pornografía de menores;2021;2
CIUDAD AUTÓNOMA DE MELILLA;3.4.-Pornografía de menores;2020;0
CIUDAD AUTÓNOMA DE MELILLA;3.4.-Pornografía de menores;2019;0
CIUDAD AUTÓNOMA DE MELILLA;3.4.-Pornografía de menores;2018;2
CIUDAD AUTÓNOMA DE MELILLA;3.4.-Pornografía de menores;2017;3
CIUDAD AUTÓNOMA DE MELILLA;3.4.-Pornografía de menores;2016;0
CIUDAD AUTÓNOMA DE MELILLA;3.4.-Pornografía de menores;2015;1
CIUDAD AUTÓNOMA DE MELILLA;3.4.-Pornografía de menores;2014;0
CIUDAD AUTÓNOMA DE MELILLA;3.4.-Pornografía de menores;2013;0
CIUDAD AUTÓNOMA DE MELILLA;3.4.-Pornografía de menores;2012;0
CIUDAD AUTÓNOMA DE MELILLA;3.4.-Pornografía de menores;2011;0
CIUDAD AUTÓNOMA DE MELILLA;3.4.-Pornografía de menores;2010;3
CIUDAD AUTÓNOMA DE MELILLA;3.5.-Otros contra la libertad sexual;2023;5
CIUDAD AUTÓNOMA DE MELILLA;3.5.-Otros contra la libertad sexual;2022;3
CIUDAD AUTÓNOMA DE MELILLA;3.5.-Otros contra la libertad sexual;2021;3
CIUDAD AUTÓNOMA DE MELILLA;3.5.-Otros contra la libertad sexual;2020;7
CIUDAD AUTÓNOMA DE MELILLA;3.5.-Otros contra la libertad sexual;2019;6
CIUDAD AUTÓNOMA DE MELILLA;3.5.-Otros contra la libertad sexual;2018;4
CIUDAD AUTÓNOMA DE MELILLA;3.5.-Otros contra la libertad sexual;2017;4
CIUDAD AUTÓNOMA DE MELILLA;3.5.-Otros contra la libertad sexual;2016;3
CIUDAD AUTÓNOMA DE MELILLA;3.5.-Otros contra la libertad sexual;2015;5
CIUDAD AUTÓNOMA DE MELILLA;3.5.-Otros contra la libertad sexual;2014;6
CIUDAD AUTÓNOMA DE MELILLA;3.5.-Otros contra la libertad sexual;2013;5
CIUDAD AUTÓNOMA DE MELILLA;3.5.-Otros contra la libertad sexual;2012;3
CIUDAD AUTÓNOMA DE MELILLA;3.5.-Otros contra la libertad sexual;2011;6
CIUDAD AUTÓNOMA DE MELILLA;3.5.-Otros contra la libertad sexual;2010;8
CIUDAD AUTÓNOMA DE MELILLA;4. RELACIONES FAMILIARES;2023;12
CIUDAD AUTÓNOMA DE MELILLA;4. RELACIONES FAMILIARES;2022;13
CIUDAD AUTÓNOMA DE MELILLA;4. RELACIONES FAMILIARES;2021;26
CIUDAD AUTÓNOMA DE MELILLA;4. RELACIONES FAMILIARES;2020;24
CIUDAD AUTÓNOMA DE MELILLA;4. RELACIONES FAMILIARES;2019;25
CIUDAD AUTÓNOMA DE MELILLA;4. RELACIONES FAMILIARES;2018;22
CIUDAD AUTÓNOMA DE MELILLA;4. RELACIONES FAMILIARES;2017;31
CIUDAD AUTÓNOMA DE MELILLA;4. RELACIONES FAMILIARES;2016;25
CIUDAD AUTÓNOMA DE MELILLA;4. RELACIONES FAMILIARES;2015;35
CIUDAD AUTÓNOMA DE MELILLA;4. RELACIONES FAMILIARES;2014;34
CIUDAD AUTÓNOMA DE MELILLA;4. RELACIONES FAMILIARES;2013;22
CIUDAD AUTÓNOMA DE MELILLA;4. RELACIONES FAMILIARES;2012;21
CIUDAD AUTÓNOMA DE MELILLA;4. RELACIONES FAMILIARES;2011;27
CIUDAD AUTÓNOMA DE MELILLA;4. RELACIONES FAMILIARES;2010;30
CIUDAD AUTÓNOMA DE MELILLA;5. PATRIMONIO;2023;2.213
CIUDAD AUTÓNOMA DE MELILLA;5. PATRIMONIO;2022;2.276
CIUDAD AUTÓNOMA DE MELILLA;5. PATRIMONIO;2021;1.984
CIUDAD AUTÓNOMA DE MELILLA;5. PATRIMONIO;2020;2.319
CIUDAD AUTÓNOMA DE MELILLA;5. PATRIMONIO;2019;3.281
CIUDAD AUTÓNOMA DE MELILLA;5. PATRIMONIO;2018;3.329
CIUDAD AUTÓNOMA DE MELILLA;5. PATRIMONIO;2017;2.826
CIUDAD AUTÓNOMA DE MELILLA;5. PATRIMONIO;2016;2.953
CIUDAD AUTÓNOMA DE MELILLA;5. PATRIMONIO;2015;2.955
CIUDAD AUTÓNOMA DE MELILLA;5. PATRIMONIO;2014;2.627
CIUDAD AUTÓNOMA DE MELILLA;5. PATRIMONIO;2013;2.834
CIUDAD AUTÓNOMA DE MELILLA;5. PATRIMONIO;2012;2.770
CIUDAD AUTÓNOMA DE MELILLA;5. PATRIMONIO;2011;2.917
CIUDAD AUTÓNOMA DE MELILLA;5. PATRIMONIO;2010;2.810
CIUDAD AUTÓNOMA DE MELILLA;5.1.-Hurtos;2023;747
CIUDAD AUTÓNOMA DE MELILLA;5.1.-Hurtos;2022;732
CIUDAD AUTÓNOMA DE MELILLA;5.1.-Hurtos;2021;576
CIUDAD AUTÓNOMA DE MELILLA;5.1.-Hurtos;2020;778
CIUDAD AUTÓNOMA DE MELILLA;5.1.-Hurtos;2019;1.202
CIUDAD AUTÓNOMA DE MELILLA;5.1.-Hurtos;2018;1.237
CIUDAD AUTÓNOMA DE MELILLA;5.1.-Hurtos;2017;1.154
CIUDAD AUTÓNOMA DE MELILLA;5.1.-Hurtos;2016;1.312
CIUDAD AUTÓNOMA DE MELILLA;5.1.-Hurtos;2015;1.328
CIUDAD AUTÓNOMA DE MELILLA;5.1.-Hurtos;2014;1.116
CIUDAD AUTÓNOMA DE MELILLA;5.1.-Hurtos;2013;1.192
CIUDAD AUTÓNOMA DE MELILLA;5.1.-Hurtos;2012;1.250
CIUDAD AUTÓNOMA DE MELILLA;5.1.-Hurtos;2011;1.181
CIUDAD AUTÓNOMA DE MELILLA;5.1.-Hurtos;2010;1.043
CIUDAD AUTÓNOMA DE MELILLA;5.2.-Robos con fuerza en las cosas;2023;248
CIUDAD AUTÓNOMA DE MELILLA;5.2.-Robos con fuerza en las cosas;2022;307
CIUDAD AUTÓNOMA DE MELILLA;5.2.-Robos con fuerza en las cosas;2021;251
CIUDAD AUTÓNOMA DE MELILLA;5.2.-Robos con fuerza en las cosas;2020;364
CIUDAD AUTÓNOMA DE MELILLA;5.2.-Robos con fuerza en las cosas;2019;766
CIUDAD AUTÓNOMA DE MELILLA;5.2.-Robos con fuerza en las cosas;2018;787
CIUDAD AUTÓNOMA DE MELILLA;5.2.-Robos con fuerza en las cosas;2017;587
CIUDAD AUTÓNOMA DE MELILLA;5.2.-Robos con fuerza en las cosas;2016;620
CIUDAD AUTÓNOMA DE MELILLA;5.2.-Robos con fuerza en las cosas;2015;686
CIUDAD AUTÓNOMA DE MELILLA;5.2.-Robos con fuerza en las cosas;2014;566
CIUDAD AUTÓNOMA DE MELILLA;5.2.-Robos con fuerza en las cosas;2013;668
CIUDAD AUTÓNOMA DE MELILLA;5.2.-Robos con fuerza en las cosas;2012;592
CIUDAD AUTÓNOMA DE MELILLA;5.2.-Robos con fuerza en las cosas;2011;774
CIUDAD AUTÓNOMA DE MELILLA;5.2.-Robos con fuerza en las cosas;2010;774
CIUDAD AUTÓNOMA DE MELILLA;5.2.1.-Robos con fuerza en las cosas en el interior de vehículos;2023;104
CIUDAD AUTÓNOMA DE MELILLA;5.2.1.-Robos con fuerza en las cosas en el interior de vehículos;2022;191
CIUDAD AUTÓNOMA DE MELILLA;5.2.1.-Robos con fuerza en las cosas en el interior de vehículos;2021;138
CIUDAD AUTÓNOMA DE MELILLA;5.2.1.-Robos con fuerza en las cosas en el interior de vehículos;2020;246
CIUDAD AUTÓNOMA DE MELILLA;5.2.1.-Robos con fuerza en las cosas en el interior de vehículos;2019;618
CIUDAD AUTÓNOMA DE MELILLA;5.2.1.-Robos con fuerza en las cosas en el interior de vehículos;2018;589
CIUDAD AUTÓNOMA DE MELILLA;5.2.1.-Robos con fuerza en las cosas en el interior de vehículos;2017;375
CIUDAD AUTÓNOMA DE MELILLA;5.2.1.-Robos con fuerza en las cosas en el interior de vehículos;2016;368
CIUDAD AUTÓNOMA DE MELILLA;5.2.1.-Robos con fuerza en las cosas en el interior de vehículos;2015;417
CIUDAD AUTÓNOMA DE MELILLA;5.2.1.-Robos con fuerza en las cosas en el interior de vehículos;2014;342
CIUDAD AUTÓNOMA DE MELILLA;5.2.1.-Robos con fuerza en las cosas en el interior de vehículos;2013;424
CIUDAD AUTÓNOMA DE MELILLA;5.2.1.-Robos con fuerza en las cosas en el interior de vehículos;2012;328
CIUDAD AUTÓNOMA DE MELILLA;5.2.1.-Robos con fuerza en las cosas en el interior de vehículos;2011;474
CIUDAD AUTÓNOMA DE MELILLA;5.2.1.-Robos con fuerza en las cosas en el interior de vehículos;2010;427
CIUDAD AUTÓNOMA DE MELILLA;5.2.2.-Robos con fuerza en viviendas;2023;60
CIUDAD AUTÓNOMA DE MELILLA;5.2.2.-Robos con fuerza en viviendas;2022;46
CIUDAD AUTÓNOMA DE MELILLA;5.2.2.-Robos con fuerza en viviendas;2021;55
CIUDAD AUTÓNOMA DE MELILLA;5.2.2.-Robos con fuerza en viviendas;2020;44
CIUDAD AUTÓNOMA DE MELILLA;5.2.2.-Robos con fuerza en viviendas;2019;71
CIUDAD AUTÓNOMA DE MELILLA;5.2.2.-Robos con fuerza en viviendas;2018;91
CIUDAD AUTÓNOMA DE MELILLA;5.2.2.-Robos con fuerza en viviendas;2017;99
CIUDAD AUTÓNOMA DE MELILLA;5.2.2.-Robos con fuerza en viviendas;2016;159
CIUDAD AUTÓNOMA DE MELILLA;5.2.2.-Robos con fuerza en viviendas;2015;97
CIUDAD AUTÓNOMA DE MELILLA;5.2.2.-Robos con fuerza en viviendas;2014;87
CIUDAD AUTÓNOMA DE MELILLA;5.2.2.-Robos con fuerza en viviendas;2013;82
CIUDAD AUTÓNOMA DE MELILLA;5.2.2.-Robos con fuerza en viviendas;2012;103
CIUDAD AUTÓNOMA DE MELILLA;5.2.2.-Robos con fuerza en viviendas;2011;90
CIUDAD AUTÓNOMA DE MELILLA;5.2.2.-Robos con fuerza en viviendas;2010;156
CIUDAD AUTÓNOMA DE MELILLA;5.2.3.-Robos con fuerza en establecimientos;2023;59
CIUDAD AUTÓNOMA DE MELILLA;5.2.3.-Robos con fuerza en establecimientos;2022;38
CIUDAD AUTÓNOMA DE MELILLA;5.2.3.-Robos con fuerza en establecimientos;2021;14
CIUDAD AUTÓNOMA DE MELILLA;5.2.3.-Robos con fuerza en establecimientos;2020;22
CIUDAD AUTÓNOMA DE MELILLA;5.2.3.-Robos con fuerza en establecimientos;2019;26
CIUDAD AUTÓNOMA DE MELILLA;5.2.3.-Robos con fuerza en establecimientos;2018;35
CIUDAD AUTÓNOMA DE MELILLA;5.2.3.-Robos con fuerza en establecimientos;2017;39
CIUDAD AUTÓNOMA DE MELILLA;5.2.3.-Robos con fuerza en establecimientos;2016;36
CIUDAD AUTÓNOMA DE MELILLA;5.2.3.-Robos con fuerza en establecimientos;2015;58
CIUDAD AUTÓNOMA DE MELILLA;5.2.3.-Robos con fuerza en establecimientos;2014;49
CIUDAD AUTÓNOMA DE MELILLA;5.2.3.-Robos con fuerza en establecimientos;2013;64
CIUDAD AUTÓNOMA DE MELILLA;5.2.3.-Robos con fuerza en establecimientos;2012;54
CIUDAD AUTÓNOMA DE MELILLA;5.2.3.-Robos con fuerza en establecimientos;2011;91
CIUDAD AUTÓNOMA DE MELILLA;5.2.3.-Robos con fuerza en establecimientos;2010;79
CIUDAD AUTÓNOMA DE MELILLA;5.3.-Robos con violencia o intimidación;2023;119
CIUDAD AUTÓNOMA DE MELILLA;5.3.-Robos con violencia o intimidación;2022;121
CIUDAD AUTÓNOMA DE MELILLA;5.3.-Robos con violencia o intimidación;2021;201
CIUDAD AUTÓNOMA DE MELILLA;5.3.-Robos con violencia o intimidación;2020;300
CIUDAD AUTÓNOMA DE MELILLA;5.3.-Robos con violencia o intimidación;2019;375
CIUDAD AUTÓNOMA DE MELILLA;5.3.-Robos con violencia o intimidación;2018;332
CIUDAD AUTÓNOMA DE MELILLA;5.3.-Robos con violencia o intimidación;2017;356
CIUDAD AUTÓNOMA DE MELILLA;5.3.-Robos con violencia o intimidación;2016;377
CIUDAD AUTÓNOMA DE MELILLA;5.3.-Robos con violencia o intimidación;2015;320
CIUDAD AUTÓNOMA DE MELILLA;5.3.-Robos con violencia o intimidación;2014;265
CIUDAD AUTÓNOMA DE MELILLA;5.3.-Robos con violencia o intimidación;2013;295
CIUDAD AUTÓNOMA DE MELILLA;5.3.-Robos con violencia o intimidación;2012;256
CIUDAD AUTÓNOMA DE MELILLA;5.3.-Robos con violencia o intimidación;2011;240
CIUDAD AUTÓNOMA DE MELILLA;5.3.-Robos con violencia o intimidación;2010;194
CIUDAD AUTÓNOMA DE MELILLA;5.3.1.-Robos con violencia en vía pública;2023;86
CIUDAD AUTÓNOMA DE MELILLA;5.3.1.-Robos con violencia en vía pública;2022;96
CIUDAD AUTÓNOMA DE MELILLA;5.3.1.-Robos con violencia en vía pública;2021;145
CIUDAD AUTÓNOMA DE MELILLA;5.3.1.-Robos con violencia en vía pública;2020;220
CIUDAD AUTÓNOMA DE MELILLA;5.3.1.-Robos con violencia en vía pública;2019;243
CIUDAD AUTÓNOMA DE MELILLA;5.3.1.-Robos con violencia en vía pública;2018;260
CIUDAD AUTÓNOMA DE MELILLA;5.3.1.-Robos con violencia en vía pública;2017;277
CIUDAD AUTÓNOMA DE MELILLA;5.3.1.-Robos con violencia en vía pública;2016;316
CIUDAD AUTÓNOMA DE MELILLA;5.3.1.-Robos con violencia en vía pública;2015;270
CIUDAD AUTÓNOMA DE MELILLA;5.3.1.-Robos con violencia en vía pública;2014;233
CIUDAD AUTÓNOMA DE MELILLA;5.3.1.-Robos con violencia en vía pública;2013;251
CIUDAD AUTÓNOMA DE MELILLA;5.3.1.-Robos con violencia en vía pública;2012;210
CIUDAD AUTÓNOMA DE MELILLA;5.3.1.-Robos con violencia en vía pública;2011;182
CIUDAD AUTÓNOMA DE MELILLA;5.3.1.-Robos con violencia en vía pública;2010;171
CIUDAD AUTÓNOMA DE MELILLA;5.3.2.-Robos con violencia en viviendas;2023;9
CIUDAD AUTÓNOMA DE MELILLA;5.3.2.-Robos con violencia en viviendas;2022;6
CIUDAD AUTÓNOMA DE MELILLA;5.3.2.-Robos con violencia en viviendas;2021;2
CIUDAD AUTÓNOMA DE MELILLA;5.3.2.-Robos con violencia en viviendas;2020;2
CIUDAD AUTÓNOMA DE MELILLA;5.3.2.-Robos con violencia en viviendas;2019;8
CIUDAD AUTÓNOMA DE MELILLA;5.3.2.-Robos con violencia en viviendas;2018;6
CIUDAD AUTÓNOMA DE MELILLA;5.3.2.-Robos con violencia en viviendas;2017;4
CIUDAD AUTÓNOMA DE MELILLA;5.3.2.-Robos con violencia en viviendas;2016;1
CIUDAD AUTÓNOMA DE MELILLA;5.3.2.-Robos con violencia en viviendas;2015;4
CIUDAD AUTÓNOMA DE MELILLA;5.3.2.-Robos con violencia en viviendas;2014;6
CIUDAD AUTÓNOMA DE MELILLA;5.3.2.-Robos con violencia en viviendas;2013;10
CIUDAD AUTÓNOMA DE MELILLA;5.3.2.-Robos con violencia en viviendas;2012;6
CIUDAD AUTÓNOMA DE MELILLA;5.3.2.-Robos con violencia en viviendas;2011;3
CIUDAD AUTÓNOMA DE MELILLA;5.3.2.-Robos con violencia en viviendas;2010;1
CIUDAD AUTÓNOMA DE MELILLA;5.3.3.-Robos con violencia en establecimientos;2023;12
CIUDAD AUTÓNOMA DE MELILLA;5.3.3.-Robos con violencia en establecimientos;2022;9
CIUDAD AUTÓNOMA DE MELILLA;5.3.3.-Robos con violencia en establecimientos;2021;14
CIUDAD AUTÓNOMA DE MELILLA;5.3.3.-Robos con violencia en establecimientos;2020;16
CIUDAD AUTÓNOMA DE MELILLA;5.3.3.-Robos con violencia en establecimientos;2019;13
CIUDAD AUTÓNOMA DE MELILLA;5.3.3.-Robos con violencia en establecimientos;2018;8
CIUDAD AUTÓNOMA DE MELILLA;5.3.3.-Robos con violencia en establecimientos;2017;16
CIUDAD AUTÓNOMA DE MELILLA;5.3.3.-Robos con violencia en establecimientos;2016;3
CIUDAD AUTÓNOMA DE MELILLA;5.3.3.-Robos con violencia en establecimientos;2015;4
CIUDAD AUTÓNOMA DE MELILLA;5.3.3.-Robos con violencia en establecimientos;2014;4
CIUDAD AUTÓNOMA DE MELILLA;5.3.3.-Robos con violencia en establecimientos;2013;12
CIUDAD AUTÓNOMA DE MELILLA;5.3.3.-Robos con violencia en establecimientos;2012;16
CIUDAD AUTÓNOMA DE MELILLA;5.3.3.-Robos con violencia en establecimientos;2011;15
CIUDAD AUTÓNOMA DE MELILLA;5.3.3.-Robos con violencia en establecimientos;2010;8
CIUDAD AUTÓNOMA DE MELILLA;5.4.-Sustracción de vehículos;2023;65
CIUDAD AUTÓNOMA DE MELILLA;5.4.-Sustracción de vehículos;2022;78
CIUDAD AUTÓNOMA DE MELILLA;5.4.-Sustracción de vehículos;2021;35
CIUDAD AUTÓNOMA DE MELILLA;5.4.-Sustracción de vehículos;2020;42
CIUDAD AUTÓNOMA DE MELILLA;5.4.-Sustracción de vehículos;2019;76
CIUDAD AUTÓNOMA DE MELILLA;5.4.-Sustracción de vehículos;2018;88
CIUDAD AUTÓNOMA DE MELILLA;5.4.-Sustracción de vehículos;2017;113
CIUDAD AUTÓNOMA DE MELILLA;5.4.-Sustracción de vehículos;2016;105
CIUDAD AUTÓNOMA DE MELILLA;5.4.-Sustracción de vehículos;2015;120
CIUDAD AUTÓNOMA DE MELILLA;5.4.-Sustracción de vehículos;2014;179
CIUDAD AUTÓNOMA DE MELILLA;5.4.-Sustracción de vehículos;2013;221
CIUDAD AUTÓNOMA DE MELILLA;5.4.-Sustracción de vehículos;2012;191
CIUDAD AUTÓNOMA DE MELILLA;5.4.-Sustracción de vehículos;2011;260
CIUDAD AUTÓNOMA DE MELILLA;5.4.-Sustracción de vehículos;2010;250
CIUDAD AUTÓNOMA DE MELILLA;5.5.-Estafas;2023;506
CIUDAD AUTÓNOMA DE MELILLA;5.5.-Estafas;2022;536
CIUDAD AUTÓNOMA DE MELILLA;5.5.-Estafas;2021;448
CIUDAD AUTÓNOMA DE MELILLA;5.5.-Estafas;2020;442
CIUDAD AUTÓNOMA DE MELILLA;5.5.-Estafas;2019;386
CIUDAD AUTÓNOMA DE MELILLA;5.5.-Estafas;2018;373
CIUDAD AUTÓNOMA DE MELILLA;5.5.-Estafas;2017;98
CIUDAD AUTÓNOMA DE MELILLA;5.5.-Estafas;2016;100
CIUDAD AUTÓNOMA DE MELILLA;5.5.-Estafas;2015;119
CIUDAD AUTÓNOMA DE MELILLA;5.5.-Estafas;2014;127
CIUDAD AUTÓNOMA DE MELILLA;5.5.-Estafas;2013;94
CIUDAD AUTÓNOMA DE MELILLA;5.5.-Estafas;2012;69
CIUDAD AUTÓNOMA DE MELILLA;5.5.-Estafas;2011;67
CIUDAD AUTÓNOMA DE MELILLA;5.5.-Estafas;2010;68
CIUDAD AUTÓNOMA DE MELILLA;5.5.1.-Estafas informáticas;2023;409
CIUDAD AUTÓNOMA DE MELILLA;5.5.1.-Estafas informáticas;2022;329
CIUDAD AUTÓNOMA DE MELILLA;5.5.1.-Estafas informáticas;2021;348
CIUDAD AUTÓNOMA DE MELILLA;5.5.1.-Estafas informáticas;2020;351
CIUDAD AUTÓNOMA DE MELILLA;5.5.1.-Estafas informáticas;2019;241
CIUDAD AUTÓNOMA DE MELILLA;5.5.1.-Estafas informáticas;2018;176
CIUDAD AUTÓNOMA DE MELILLA;5.5.1.-Estafas informáticas;2017;32
CIUDAD AUTÓNOMA DE MELILLA;5.5.1.-Estafas informáticas;2016;29
CIUDAD AUTÓNOMA DE MELILLA;5.5.1.-Estafas informáticas;2015;30
CIUDAD AUTÓNOMA DE MELILLA;5.5.1.-Estafas informáticas;2014;37
CIUDAD AUTÓNOMA DE MELILLA;5.5.1.-Estafas informáticas;2013;20
CIUDAD AUTÓNOMA DE MELILLA;5.5.1.-Estafas informáticas;2012;12
CIUDAD AUTÓNOMA DE MELILLA;5.5.1.-Estafas informáticas;2011;22
CIUDAD AUTÓNOMA DE MELILLA;5.5.1.-Estafas informáticas;2010;23
CIUDAD AUTÓNOMA DE MELILLA;5.6.-Daños;2023;447
CIUDAD AUTÓNOMA DE MELILLA;5.6.-Daños;2022;427
CIUDAD AUTÓNOMA DE MELILLA;5.6.-Daños;2021;406
CIUDAD AUTÓNOMA DE MELILLA;5.6.-Daños;2020;323
CIUDAD AUTÓNOMA DE MELILLA;5.6.-Daños;2019;380
CIUDAD AUTÓNOMA DE MELILLA;5.6.-Daños;2018;445
CIUDAD AUTÓNOMA DE MELILLA;5.6.-Daños;2017;421
CIUDAD AUTÓNOMA DE MELILLA;5.6.-Daños;2016;375
CIUDAD AUTÓNOMA DE MELILLA;5.6.-Daños;2015;348
CIUDAD AUTÓNOMA DE MELILLA;5.6.-Daños;2014;321
CIUDAD AUTÓNOMA DE MELILLA;5.6.-Daños;2013;327
CIUDAD AUTÓNOMA DE MELILLA;5.6.-Daños;2012;363
CIUDAD AUTÓNOMA DE MELILLA;5.6.-Daños;2011;336
CIUDAD AUTÓNOMA DE MELILLA;5.6.-Daños;2010;438
CIUDAD AUTÓNOMA DE MELILLA;5.7.-Contra la propiedad intelectual/industrial;2023;1
CIUDAD AUTÓNOMA DE MELILLA;5.7.-Contra la propiedad intelectual/industrial;2022;0
CIUDAD AUTÓNOMA DE MELILLA;5.7.-Contra la propiedad intelectual/industrial;2021;1
CIUDAD AUTÓNOMA DE MELILLA;5.7.-Contra la propiedad intelectual/industrial;2020;1
CIUDAD AUTÓNOMA DE MELILLA;5.7.-Contra la propiedad intelectual/industrial;2019;7
CIUDAD AUTÓNOMA DE MELILLA;5.7.-Contra la propiedad intelectual/industrial;2018;11
CIUDAD AUTÓNOMA DE MELILLA;5.7.-Contra la propiedad intelectual/industrial;2017;31
CIUDAD AUTÓNOMA DE MELILLA;5.7.-Contra la propiedad intelectual/industrial;2016;7
CIUDAD AUTÓNOMA DE MELILLA;5.7.-Contra la propiedad intelectual/industrial;2015;4
CIUDAD AUTÓNOMA DE MELILLA;5.7.-Contra la propiedad intelectual/industrial;2014;7
CIUDAD AUTÓNOMA DE MELILLA;5.7.-Contra la propiedad intelectual/industrial;2013;5
CIUDAD AUTÓNOMA DE MELILLA;5.7.-Contra la propiedad intelectual/industrial;2012;12
CIUDAD AUTÓNOMA DE MELILLA;5.7.-Contra la propiedad intelectual/industrial;2011;11
CIUDAD AUTÓNOMA DE MELILLA;5.7.-Contra la propiedad intelectual/industrial;2010;14
CIUDAD AUTÓNOMA DE MELILLA;5.8.-Blanqueo de capitales;2023;0
CIUDAD AUTÓNOMA DE MELILLA;5.8.-Blanqueo de capitales;2022;1
CIUDAD AUTÓNOMA DE MELILLA;5.8.-Blanqueo de capitales;2021;1
CIUDAD AUTÓNOMA DE MELILLA;5.8.-Blanqueo de capitales;2020;0
CIUDAD AUTÓNOMA DE MELILLA;5.8.-Blanqueo de capitales;2019;5
CIUDAD AUTÓNOMA DE MELILLA;5.8.-Blanqueo de capitales;2018;0
CIUDAD AUTÓNOMA DE MELILLA;5.8.-Blanqueo de capitales;2017;1
CIUDAD AUTÓNOMA DE MELILLA;5.8.-Blanqueo de capitales;2016;1
CIUDAD AUTÓNOMA DE MELILLA;5.8.-Blanqueo de capitales;2015;1
CIUDAD AUTÓNOMA DE MELILLA;5.8.-Blanqueo de capitales;2014;1
CIUDAD AUTÓNOMA DE MELILLA;5.8.-Blanqueo de capitales;2013;1
CIUDAD AUTÓNOMA DE MELILLA;5.8.-Blanqueo de capitales;2012;1
CIUDAD AUTÓNOMA DE MELILLA;5.8.-Blanqueo de capitales;2011;3
CIUDAD AUTÓNOMA DE MELILLA;5.8.-Blanqueo de capitales;2010;0
CIUDAD AUTÓNOMA DE MELILLA;5.9.-Otros contra el patrimonio;2023;80
CIUDAD AUTÓNOMA DE MELILLA;5.9.-Otros contra el patrimonio;2022;74
CIUDAD AUTÓNOMA DE MELILLA;5.9.-Otros contra el patrimonio;2021;65
CIUDAD AUTÓNOMA DE MELILLA;5.9.-Otros contra el patrimonio;2020;69
CIUDAD AUTÓNOMA DE MELILLA;5.9.-Otros contra el patrimonio;2019;84
CIUDAD AUTÓNOMA DE MELILLA;5.9.-Otros contra el patrimonio;2018;56
CIUDAD AUTÓNOMA DE MELILLA;5.9.-Otros contra el patrimonio;2017;65
CIUDAD AUTÓNOMA DE MELILLA;5.9.-Otros contra el patrimonio;2016;56
CIUDAD AUTÓNOMA DE MELILLA;5.9.-Otros contra el patrimonio;2015;29
CIUDAD AUTÓNOMA DE MELILLA;5.9.-Otros contra el patrimonio;2014;45
CIUDAD AUTÓNOMA DE MELILLA;5.9.-Otros contra el patrimonio;2013;31
CIUDAD AUTÓNOMA DE MELILLA;5.9.-Otros contra el patrimonio;2012;36
CIUDAD AUTÓNOMA DE MELILLA;5.9.-Otros contra el patrimonio;2011;45
CIUDAD AUTÓNOMA DE MELILLA;5.9.-Otros contra el patrimonio;2010;29
CIUDAD AUTÓNOMA DE MELILLA;6. SEGURIDAD COLECTIVA;2023;323
CIUDAD AUTÓNOMA DE MELILLA;6. SEGURIDAD COLECTIVA;2022;303
CIUDAD AUTÓNOMA DE MELILLA;6. SEGURIDAD COLECTIVA;2021;398
CIUDAD AUTÓNOMA DE MELILLA;6. SEGURIDAD COLECTIVA;2020;419
CIUDAD AUTÓNOMA DE MELILLA;6. SEGURIDAD COLECTIVA;2019;348
CIUDAD AUTÓNOMA DE MELILLA;6. SEGURIDAD COLECTIVA;2018;314
CIUDAD AUTÓNOMA DE MELILLA;6. SEGURIDAD COLECTIVA;2017;212
CIUDAD AUTÓNOMA DE MELILLA;6. SEGURIDAD COLECTIVA;2016;223
CIUDAD AUTÓNOMA DE MELILLA;6. SEGURIDAD COLECTIVA;2015;272
CIUDAD AUTÓNOMA DE MELILLA;6. SEGURIDAD COLECTIVA;2014;302
CIUDAD AUTÓNOMA DE MELILLA;6. SEGURIDAD COLECTIVA;2013;379
CIUDAD AUTÓNOMA DE MELILLA;6. SEGURIDAD COLECTIVA;2012;314
CIUDAD AUTÓNOMA DE MELILLA;6. SEGURIDAD COLECTIVA;2011;347
CIUDAD AUTÓNOMA DE MELILLA;6. SEGURIDAD COLECTIVA;2010;304
CIUDAD AUTÓNOMA DE MELILLA;6.1.-Tráfico de drogas;2023;60
CIUDAD AUTÓNOMA DE MELILLA;6.1.-Tráfico de drogas;2022;69
CIUDAD AUTÓNOMA DE MELILLA;6.1.-Tráfico de drogas;2021;230
CIUDAD AUTÓNOMA DE MELILLA;6.1.-Tráfico de drogas;2020;232
CIUDAD AUTÓNOMA DE MELILLA;6.1.-Tráfico de drogas;2019;76
CIUDAD AUTÓNOMA DE MELILLA;6.1.-Tráfico de drogas;2018;48
CIUDAD AUTÓNOMA DE MELILLA;6.1.-Tráfico de drogas;2017;64
CIUDAD AUTÓNOMA DE MELILLA;6.1.-Tráfico de drogas;2016;82
CIUDAD AUTÓNOMA DE MELILLA;6.1.-Tráfico de drogas;2015;112
CIUDAD AUTÓNOMA DE MELILLA;6.1.-Tráfico de drogas;2014;158
CIUDAD AUTÓNOMA DE MELILLA;6.1.-Tráfico de drogas;2013;206
CIUDAD AUTÓNOMA DE MELILLA;6.1.-Tráfico de drogas;2012;167
CIUDAD AUTÓNOMA DE MELILLA;6.1.-Tráfico de drogas;2011;198
CIUDAD AUTÓNOMA DE MELILLA;6.1.-Tráfico de drogas;2010;174
CIUDAD AUTÓNOMA DE MELILLA;6.2.-Contra la seguridad vial;2023;253
CIUDAD AUTÓNOMA DE MELILLA;6.2.-Contra la seguridad vial;2022;232
CIUDAD AUTÓNOMA DE MELILLA;6.2.-Contra la seguridad vial;2021;157
CIUDAD AUTÓNOMA DE MELILLA;6.2.-Contra la seguridad vial;2020;180
CIUDAD AUTÓNOMA DE MELILLA;6.2.-Contra la seguridad vial;2019;254
CIUDAD AUTÓNOMA DE MELILLA;6.2.-Contra la seguridad vial;2018;232
CIUDAD AUTÓNOMA DE MELILLA;6.2.-Contra la seguridad vial;2017;116
CIUDAD AUTÓNOMA DE MELILLA;6.2.-Contra la seguridad vial;2016;105
CIUDAD AUTÓNOMA DE MELILLA;6.2.-Contra la seguridad vial;2015;124
CIUDAD AUTÓNOMA DE MELILLA;6.2.-Contra la seguridad vial;2014;134
CIUDAD AUTÓNOMA DE MELILLA;6.2.-Contra la seguridad vial;2013;158
CIUDAD AUTÓNOMA DE MELILLA;6.2.-Contra la seguridad vial;2012;132
CIUDAD AUTÓNOMA DE MELILLA;6.2.-Contra la seguridad vial;2011;137
CIUDAD AUTÓNOMA DE MELILLA;6.2.-Contra la seguridad vial;2010;121
CIUDAD AUTÓNOMA DE MELILLA;6.3.-Otros contra la seguridad colectiva;2023;10
CIUDAD AUTÓNOMA DE MELILLA;6.3.-Otros contra la seguridad colectiva;2022;2
CIUDAD AUTÓNOMA DE MELILLA;6.3.-Otros contra la seguridad colectiva;2021;11
CIUDAD AUTÓNOMA DE MELILLA;6.3.-Otros contra la seguridad colectiva;2020;7
CIUDAD AUTÓNOMA DE MELILLA;6.3.-Otros contra la seguridad colectiva;2019;18
CIUDAD AUTÓNOMA DE MELILLA;6.3.-Otros contra la seguridad colectiva;2018;34
CIUDAD AUTÓNOMA DE MELILLA;6.3.-Otros contra la seguridad colectiva;2017;32
CIUDAD AUTÓNOMA DE MELILLA;6.3.-Otros contra la seguridad colectiva;2016;36
CIUDAD AUTÓNOMA DE MELILLA;6.3.-Otros contra la seguridad colectiva;2015;36
CIUDAD AUTÓNOMA DE MELILLA;6.3.-Otros contra la seguridad colectiva;2014;10
CIUDAD AUTÓNOMA DE MELILLA;6.3.-Otros contra la seguridad colectiva;2013;15
CIUDAD AUTÓNOMA DE MELILLA;6.3.-Otros contra la seguridad colectiva;2012;15
CIUDAD AUTÓNOMA DE MELILLA;6.3.-Otros contra la seguridad colectiva;2011;12
CIUDAD AUTÓNOMA DE MELILLA;6.3.-Otros contra la seguridad colectiva;2010;9
CIUDAD AUTÓNOMA DE MELILLA;7. FALSEDADES;2023;70
CIUDAD AUTÓNOMA DE MELILLA;7. FALSEDADES;2022;58
CIUDAD AUTÓNOMA DE MELILLA;7. FALSEDADES;2021;50
CIUDAD AUTÓNOMA DE MELILLA;7. FALSEDADES;2020;99
CIUDAD AUTÓNOMA DE MELILLA;7. FALSEDADES;2019;289
CIUDAD AUTÓNOMA DE MELILLA;7. FALSEDADES;2018;196
CIUDAD AUTÓNOMA DE MELILLA;7. FALSEDADES;2017;42
CIUDAD AUTÓNOMA DE MELILLA;7. FALSEDADES;2016;52
CIUDAD AUTÓNOMA DE MELILLA;7. FALSEDADES;2015;91
CIUDAD AUTÓNOMA DE MELILLA;7. FALSEDADES;2014;77
CIUDAD AUTÓNOMA DE MELILLA;7. FALSEDADES;2013;145
CIUDAD AUTÓNOMA DE MELILLA;7. FALSEDADES;2012;244
CIUDAD AUTÓNOMA DE MELILLA;7. FALSEDADES;2011;248
CIUDAD AUTÓNOMA DE MELILLA;7. FALSEDADES;2010;42
CIUDAD AUTÓNOMA DE MELILLA;8. ADMÓN. PÚBLICA;2023;5
CIUDAD AUTÓNOMA DE MELILLA;8. ADMÓN. PÚBLICA;2022;1
CIUDAD AUTÓNOMA DE MELILLA;8. ADMÓN. PÚBLICA;2021;3
CIUDAD AUTÓNOMA DE MELILLA;8. ADMÓN. PÚBLICA;2020;1
CIUDAD AUTÓNOMA DE MELILLA;8. ADMÓN. PÚBLICA;2019;1
CIUDAD AUTÓNOMA DE MELILLA;8. ADMÓN. PÚBLICA;2018;1
CIUDAD AUTÓNOMA DE MELILLA;8. ADMÓN. PÚBLICA;2017;2
CIUDAD AUTÓNOMA DE MELILLA;8. ADMÓN. PÚBLICA;2016;3
CIUDAD AUTÓNOMA DE MELILLA;8. ADMÓN. PÚBLICA;2015;12
CIUDAD AUTÓNOMA DE MELILLA;8. ADMÓN. PÚBLICA;2014;3
CIUDAD AUTÓNOMA DE MELILLA;8. ADMÓN. PÚBLICA;2013;6
CIUDAD AUTÓNOMA DE MELILLA;8. ADMÓN. PÚBLICA;2012;3
CIUDAD AUTÓNOMA DE MELILLA;8. ADMÓN. PÚBLICA;2011;2
CIUDAD AUTÓNOMA DE MELILLA;8. ADMÓN. PÚBLICA;2010;1
CIUDAD AUTÓNOMA DE MELILLA;9. ADMÓN. JUSTICIA;2023;141
CIUDAD AUTÓNOMA DE MELILLA;9. ADMÓN. JUSTICIA;2022;106
CIUDAD AUTÓNOMA DE MELILLA;9. ADMÓN. JUSTICIA;2021;84
CIUDAD AUTÓNOMA DE MELILLA;9. ADMÓN. JUSTICIA;2020;101
CIUDAD AUTÓNOMA DE MELILLA;9. ADMÓN. JUSTICIA;2019;97
CIUDAD AUTÓNOMA DE MELILLA;9. ADMÓN. JUSTICIA;2018;78
CIUDAD AUTÓNOMA DE MELILLA;9. ADMÓN. JUSTICIA;2017;67
CIUDAD AUTÓNOMA DE MELILLA;9. ADMÓN. JUSTICIA;2016;78
CIUDAD AUTÓNOMA DE MELILLA;9. ADMÓN. JUSTICIA;2015;80
CIUDAD AUTÓNOMA DE MELILLA;9. ADMÓN. JUSTICIA;2014;77
CIUDAD AUTÓNOMA DE MELILLA;9. ADMÓN. JUSTICIA;2013;43
CIUDAD AUTÓNOMA DE MELILLA;9. ADMÓN. JUSTICIA;2012;69
CIUDAD AUTÓNOMA DE MELILLA;9. ADMÓN. JUSTICIA;2011;67
CIUDAD AUTÓNOMA DE MELILLA;9. ADMÓN. JUSTICIA;2010;70
CIUDAD AUTÓNOMA DE MELILLA;10. ORDEN PÚBLICO;2023;101
CIUDAD AUTÓNOMA DE MELILLA;10. ORDEN PÚBLICO;2022;106
CIUDAD AUTÓNOMA DE MELILLA;10. ORDEN PÚBLICO;2021;133
CIUDAD AUTÓNOMA DE MELILLA;10. ORDEN PÚBLICO;2020;174
CIUDAD AUTÓNOMA DE MELILLA;10. ORDEN PÚBLICO;2019;137
CIUDAD AUTÓNOMA DE MELILLA;10. ORDEN PÚBLICO;2018;165
CIUDAD AUTÓNOMA DE MELILLA;10. ORDEN PÚBLICO;2017;166
CIUDAD AUTÓNOMA DE MELILLA;10. ORDEN PÚBLICO;2016;134
CIUDAD AUTÓNOMA DE MELILLA;10. ORDEN PÚBLICO;2015;135
CIUDAD AUTÓNOMA DE MELILLA;10. ORDEN PÚBLICO;2014;200
CIUDAD AUTÓNOMA DE MELILLA;10. ORDEN PÚBLICO;2013;130
CIUDAD AUTÓNOMA DE MELILLA;10. ORDEN PÚBLICO;2012;147
CIUDAD AUTÓNOMA DE MELILLA;10. ORDEN PÚBLICO;2011;187
CIUDAD AUTÓNOMA DE MELILLA;10. ORDEN PÚBLICO;2010;170
CIUDAD AUTÓNOMA DE MELILLA;11. LEGISLACIÓN ESPECIAL;2023;4
CIUDAD AUTÓNOMA DE MELILLA;11. LEGISLACIÓN ESPECIAL;2022;0
CIUDAD AUTÓNOMA DE MELILLA;11. LEGISLACIÓN ESPECIAL;2021;3
CIUDAD AUTÓNOMA DE MELILLA;11. LEGISLACIÓN ESPECIAL;2020;0
CIUDAD AUTÓNOMA DE MELILLA;11. LEGISLACIÓN ESPECIAL;2019;9
CIUDAD AUTÓNOMA DE MELILLA;11. LEGISLACIÓN ESPECIAL;2018;1
CIUDAD AUTÓNOMA DE MELILLA;11. LEGISLACIÓN ESPECIAL;2017;0
CIUDAD AUTÓNOMA DE MELILLA;11. LEGISLACIÓN ESPECIAL;2016;0
CIUDAD AUTÓNOMA DE MELILLA;11. LEGISLACIÓN ESPECIAL;2015;1
CIUDAD AUTÓNOMA DE MELILLA;11. LEGISLACIÓN ESPECIAL;2014;4
CIUDAD AUTÓNOMA DE MELILLA;11. LEGISLACIÓN ESPECIAL;2013;1
CIUDAD AUTÓNOMA DE MELILLA;11. LEGISLACIÓN ESPECIAL;2012;0
CIUDAD AUTÓNOMA DE MELILLA;11. LEGISLACIÓN ESPECIAL;2011;3
CIUDAD AUTÓNOMA DE MELILLA;11. LEGISLACIÓN ESPECIAL;2010;0
CIUDAD AUTÓNOMA DE MELILLA;12. OTRAS INFRACCIONES PENALES;2023;62
CIUDAD AUTÓNOMA DE MELILLA;12. OTRAS INFRACCIONES PENALES;2022;68
CIUDAD AUTÓNOMA DE MELILLA;12. OTRAS INFRACCIONES PENALES;2021;53
CIUDAD AUTÓNOMA DE MELILLA;12. OTRAS INFRACCIONES PENALES;2020;48
CIUDAD AUTÓNOMA DE MELILLA;12. OTRAS INFRACCIONES PENALES;2019;135
CIUDAD AUTÓNOMA DE MELILLA;12. OTRAS INFRACCIONES PENALES;2018;141
CIUDAD AUTÓNOMA DE MELILLA;12. OTRAS INFRACCIONES PENALES;2017;124
CIUDAD AUTÓNOMA DE MELILLA;12. OTRAS INFRACCIONES PENALES;2016;135
CIUDAD AUTÓNOMA DE MELILLA;12. OTRAS INFRACCIONES PENALES;2015;134
CIUDAD AUTÓNOMA DE MELILLA;12. OTRAS INFRACCIONES PENALES;2014;124
CIUDAD AUTÓNOMA DE MELILLA;12. OTRAS INFRACCIONES PENALES;2013;130
CIUDAD AUTÓNOMA DE MELILLA;12. OTRAS INFRACCIONES PENALES;2012;71
CIUDAD AUTÓNOMA DE MELILLA;12. OTRAS INFRACCIONES PENALES;2011;67
CIUDAD AUTÓNOMA DE MELILLA;12. OTRAS INFRACCIONES PENALES;2010;50
CIUDAD AUTÓNOMA DE MELILLA;TOTAL INFRACCIONES PENALES;2023;4.357
CIUDAD AUTÓNOMA DE MELILLA;TOTAL INFRACCIONES PENALES;2022;4.309
CIUDAD AUTÓNOMA DE MELILLA;TOTAL INFRACCIONES PENALES;2021;4.116
CIUDAD AUTÓNOMA DE MELILLA;TOTAL INFRACCIONES PENALES;2020;4.470
CIUDAD AUTÓNOMA DE MELILLA;TOTAL INFRACCIONES PENALES;2019;5.582
CIUDAD AUTÓNOMA DE MELILLA;TOTAL INFRACCIONES PENALES;2018;5.488
CIUDAD AUTÓNOMA DE MELILLA;TOTAL INFRACCIONES PENALES;2017;4.744
CIUDAD AUTÓNOMA DE MELILLA;TOTAL INFRACCIONES PENALES;2016;4.832
CIUDAD AUTÓNOMA DE MELILLA;TOTAL INFRACCIONES PENALES;2015;4.896
CIUDAD AUTÓNOMA DE MELILLA;TOTAL INFRACCIONES PENALES;2014;4.618
CIUDAD AUTÓNOMA DE MELILLA;TOTAL INFRACCIONES PENALES;2013;4.696
CIUDAD AUTÓNOMA DE MELILLA;TOTAL INFRACCIONES PENALES;2012;4.639
CIUDAD AUTÓNOMA DE MELILLA;TOTAL INFRACCIONES PENALES;2011;4.942
CIUDAD AUTÓNOMA DE MELILLA;TOTAL INFRACCIONES PENALES;2010;4.652
EN EL EXTRANJERO;1. CONTRA LAS PERSONAS;2023;187
EN EL EXTRANJERO;1. CONTRA LAS PERSONAS;2022;172
EN EL EXTRANJERO;1. CONTRA LAS PERSONAS;2021;103
EN EL EXTRANJERO;1. CONTRA LAS PERSONAS;2020;110
EN EL EXTRANJERO;1. CONTRA LAS PERSONAS;2019;175
EN EL EXTRANJERO;1. CONTRA LAS PERSONAS;2018;141
EN EL EXTRANJERO;1. CONTRA LAS PERSONAS;2017;135
EN EL EXTRANJERO;1. CONTRA LAS PERSONAS;2016;134
EN EL EXTRANJERO;1. CONTRA LAS PERSONAS;2015;240
EN EL EXTRANJERO;1. CONTRA LAS PERSONAS;2014;284
EN EL EXTRANJERO;1. CONTRA LAS PERSONAS;2013;221
EN EL EXTRANJERO;1. CONTRA LAS PERSONAS;2012;222
EN EL EXTRANJERO;1. CONTRA LAS PERSONAS;2011;190
EN EL EXTRANJERO;1. CONTRA LAS PERSONAS;2010;158
EN EL EXTRANJERO;1.1.-Homicidios dolosos/asesinatos;2023;2
EN EL EXTRANJERO;1.1.-Homicidios dolosos/asesinatos;2022;1
EN EL EXTRANJERO;1.1.-Homicidios dolosos/asesinatos;2021;0
EN EL EXTRANJERO;1.1.-Homicidios dolosos/asesinatos;2020;1
EN EL EXTRANJERO;1.1.-Homicidios dolosos/asesinatos;2019;2
EN EL EXTRANJERO;1.1.-Homicidios dolosos/asesinatos;2018;0
EN EL EXTRANJERO;1.1.-Homicidios dolosos/asesinatos;2017;0
EN EL EXTRANJERO;1.1.-Homicidios dolosos/asesinatos;2016;0
EN EL EXTRANJERO;1.1.-Homicidios dolosos/asesinatos;2015;3
EN EL EXTRANJERO;1.1.-Homicidios dolosos/asesinatos;2014;1
EN EL EXTRANJERO;1.1.-Homicidios dolosos/asesinatos;2013;2
EN EL EXTRANJERO;1.1.-Homicidios dolosos/asesinatos;2012;1
EN EL EXTRANJERO;1.1.-Homicidios dolosos/asesinatos;2011;2
EN EL EXTRANJERO;1.1.-Homicidios dolosos/asesinatos;2010;2
EN EL EXTRANJERO;1.1.1.-Homicidios dolosos/asesinatos consumados;2023;2
EN EL EXTRANJERO;1.1.1.-Homicidios dolosos/asesinatos consumados;2022;1
EN EL EXTRANJERO;1.1.1.-Homicidios dolosos/asesinatos consumados;2021;0
EN EL EXTRANJERO;1.1.1.-Homicidios dolosos/asesinatos consumados;2020;1
EN EL EXTRANJERO;1.1.1.-Homicidios dolosos/asesinatos consumados;2019;1
EN EL EXTRANJERO;1.1.1.-Homicidios dolosos/asesinatos consumados;2018;0
EN EL EXTRANJERO;1.1.1.-Homicidios dolosos/asesinatos consumados;2017;0
EN EL EXTRANJERO;1.1.1.-Homicidios dolosos/asesinatos consumados;2016;0
EN EL EXTRANJERO;1.1.1.-Homicidios dolosos/asesinatos consumados;2015;2
EN EL EXTRANJERO;1.1.1.-Homicidios dolosos/asesinatos consumados;2014;0
EN EL EXTRANJERO;1.1.1.-Homicidios dolosos/asesinatos consumados;2013;2
EN EL EXTRANJERO;1.1.1.-Homicidios dolosos/asesinatos consumados;2012;0
EN EL EXTRANJERO;1.1.1.-Homicidios dolosos/asesinatos consumados;2011;1
EN EL EXTRANJERO;1.1.1.-Homicidios dolosos/asesinatos consumados;2010;2
EN EL EXTRANJERO;1.2.-Lesiones;2023;19
EN EL EXTRANJERO;1.2.-Lesiones;2022;28
EN EL EXTRANJERO;1.2.-Lesiones;2021;15
EN EL EXTRANJERO;1.2.-Lesiones;2020;19
EN EL EXTRANJERO;1.2.-Lesiones;2019;27
EN EL EXTRANJERO;1.2.-Lesiones;2018;19
EN EL EXTRANJERO;1.2.-Lesiones;2017;19
EN EL EXTRANJERO;1.2.-Lesiones;2016;19
EN EL EXTRANJERO;1.2.-Lesiones;2015;25
EN EL EXTRANJERO;1.2.-Lesiones;2014;29
EN EL EXTRANJERO;1.2.-Lesiones;2013;29
EN EL EXTRANJERO;1.2.-Lesiones;2012;44
EN EL EXTRANJERO;1.2.-Lesiones;2011;27
EN EL EXTRANJERO;1.2.-Lesiones;2010;17
EN EL EXTRANJERO;1.3.-Malos tratos ámbito familiar;2023;161
EN EL EXTRANJERO;1.3.-Malos tratos ámbito familiar;2022;137
EN EL EXTRANJERO;1.3.-Malos tratos ámbito familiar;2021;87
EN EL EXTRANJERO;1.3.-Malos tratos ámbito familiar;2020;90
EN EL EXTRANJERO;1.3.-Malos tratos ámbito familiar;2019;142
EN EL EXTRANJERO;1.3.-Malos tratos ámbito familiar;2018;120
EN EL EXTRANJERO;1.3.-Malos tratos ámbito familiar;2017;115
EN EL EXTRANJERO;1.3.-Malos tratos ámbito familiar;2016;113
EN EL EXTRANJERO;1.3.-Malos tratos ámbito familiar;2015;116
EN EL EXTRANJERO;1.3.-Malos tratos ámbito familiar;2014;80
EN EL EXTRANJERO;1.3.-Malos tratos ámbito familiar;2013;64
EN EL EXTRANJERO;1.3.-Malos tratos ámbito familiar;2012;65
EN EL EXTRANJERO;1.3.-Malos tratos ámbito familiar;2011;75
EN EL EXTRANJERO;1.3.-Malos tratos ámbito familiar;2010;53
EN EL EXTRANJERO;1.4.-Otros contra las personas;2023;5
EN EL EXTRANJERO;1.4.-Otros contra las personas;2022;6
EN EL EXTRANJERO;1.4.-Otros contra las personas;2021;1
EN EL EXTRANJERO;1.4.-Otros contra las personas;2020;0
EN EL EXTRANJERO;1.4.-Otros contra las personas;2019;4
EN EL EXTRANJERO;1.4.-Otros contra las personas;2018;2
EN EL EXTRANJERO;1.4.-Otros contra las personas;2017;1
EN EL EXTRANJERO;1.4.-Otros contra las personas;2016;2
EN EL EXTRANJERO;1.4.-Otros contra las personas;2015;96
EN EL EXTRANJERO;1.4.-Otros contra las personas;2014;174
EN EL EXTRANJERO;1.4.-Otros contra las personas;2013;126
EN EL EXTRANJERO;1.4.-Otros contra las personas;2012;112
EN EL EXTRANJERO;1.4.-Otros contra las personas;2011;86
EN EL EXTRANJERO;1.4.-Otros contra las personas;2010;86
EN EL EXTRANJERO;2. CONTRA LA LIBERTAD;2023;239
EN EL EXTRANJERO;2. CONTRA LA LIBERTAD;2022;213
EN EL EXTRANJERO;2. CONTRA LA LIBERTAD;2021;248
EN EL EXTRANJERO;2. CONTRA LA LIBERTAD;2020;266
EN EL EXTRANJERO;2. CONTRA LA LIBERTAD;2019;325
EN EL EXTRANJERO;2. CONTRA LA LIBERTAD;2018;313
EN EL EXTRANJERO;2. CONTRA LA LIBERTAD;2017;294
EN EL EXTRANJERO;2. CONTRA LA LIBERTAD;2016;402
EN EL EXTRANJERO;2. CONTRA LA LIBERTAD;2015;262
EN EL EXTRANJERO;2. CONTRA LA LIBERTAD;2014;170
EN EL EXTRANJERO;2. CONTRA LA LIBERTAD;2013;124
EN EL EXTRANJERO;2. CONTRA LA LIBERTAD;2012;90
EN EL EXTRANJERO;2. CONTRA LA LIBERTAD;2011;94
EN EL EXTRANJERO;2. CONTRA LA LIBERTAD;2010;70
EN EL EXTRANJERO;2.1.-Malos tratos habituales en el ámbito familiar;2023;13
EN EL EXTRANJERO;2.1.-Malos tratos habituales en el ámbito familiar;2022;20
EN EL EXTRANJERO;2.1.-Malos tratos habituales en el ámbito familiar;2021;12
EN EL EXTRANJERO;2.1.-Malos tratos habituales en el ámbito familiar;2020;15
EN EL EXTRANJERO;2.1.-Malos tratos habituales en el ámbito familiar;2019;9
EN EL EXTRANJERO;2.1.-Malos tratos habituales en el ámbito familiar;2018;8
EN EL EXTRANJERO;2.1.-Malos tratos habituales en el ámbito familiar;2017;11
EN EL EXTRANJERO;2.1.-Malos tratos habituales en el ámbito familiar;2016;16
EN EL EXTRANJERO;2.1.-Malos tratos habituales en el ámbito familiar;2015;10
EN EL EXTRANJERO;2.1.-Malos tratos habituales en el ámbito familiar;2014;8
EN EL EXTRANJERO;2.1.-Malos tratos habituales en el ámbito familiar;2013;8
EN EL EXTRANJERO;2.1.-Malos tratos habituales en el ámbito familiar;2012;16
EN EL EXTRANJERO;2.1.-Malos tratos habituales en el ámbito familiar;2011;15
EN EL EXTRANJERO;2.1.-Malos tratos habituales en el ámbito familiar;2010;17
EN EL EXTRANJERO;2.2.-Otros contra la libertad;2023;226
EN EL EXTRANJERO;2.2.-Otros contra la libertad;2022;193
EN EL EXTRANJERO;2.2.-Otros contra la libertad;2021;236
EN EL EXTRANJERO;2.2.-Otros contra la libertad;2020;251
EN EL EXTRANJERO;2.2.-Otros contra la libertad;2019;316
EN EL EXTRANJERO;2.2.-Otros contra la libertad;2018;305
EN EL EXTRANJERO;2.2.-Otros contra la libertad;2017;283
EN EL EXTRANJERO;2.2.-Otros contra la libertad;2016;386
EN EL EXTRANJERO;2.2.-Otros contra la libertad;2015;252
EN EL EXTRANJERO;2.2.-Otros contra la libertad;2014;162
EN EL EXTRANJERO;2.2.-Otros contra la libertad;2013;116
EN EL EXTRANJERO;2.2.-Otros contra la libertad;2012;74
EN EL EXTRANJERO;2.2.-Otros contra la libertad;2011;79
EN EL EXTRANJERO;2.2.-Otros contra la libertad;2010;53
EN EL EXTRANJERO;3. LIBERTAD SEXUAL;2023;81
EN EL EXTRANJERO;3. LIBERTAD SEXUAL;2022;87
EN EL EXTRANJERO;3. LIBERTAD SEXUAL;2021;52
EN EL EXTRANJERO;3. LIBERTAD SEXUAL;2020;44
EN EL EXTRANJERO;3. LIBERTAD SEXUAL;2019;73
EN EL EXTRANJERO;3. LIBERTAD SEXUAL;2018;43
EN EL EXTRANJERO;3. LIBERTAD SEXUAL;2017;61
EN EL EXTRANJERO;3. LIBERTAD SEXUAL;2016;32
EN EL EXTRANJERO;3. LIBERTAD SEXUAL;2015;21
EN EL EXTRANJERO;3. LIBERTAD SEXUAL;2014;33
EN EL EXTRANJERO;3. LIBERTAD SEXUAL;2013;20
EN EL EXTRANJERO;3. LIBERTAD SEXUAL;2012;24
EN EL EXTRANJERO;3. LIBERTAD SEXUAL;2011;37
EN EL EXTRANJERO;3. LIBERTAD SEXUAL;2010;33
EN EL EXTRANJERO;3.1.-Agresión sexual;2023;35
EN EL EXTRANJERO;3.1.-Agresión sexual;2022;55
EN EL EXTRANJERO;3.1.-Agresión sexual;2021;29
EN EL EXTRANJERO;3.1.-Agresión sexual;2020;19
EN EL EXTRANJERO;3.1.-Agresión sexual;2019;26
EN EL EXTRANJERO;3.1.-Agresión sexual;2018;19
EN EL EXTRANJERO;3.1.-Agresión sexual;2017;20
EN EL EXTRANJERO;3.1.-Agresión sexual;2016;12
EN EL EXTRANJERO;3.1.-Agresión sexual;2015;10
EN EL EXTRANJERO;3.1.-Agresión sexual;2014;11
EN EL EXTRANJERO;3.1.-Agresión sexual;2013;5
EN EL EXTRANJERO;3.1.-Agresión sexual;2012;12
EN EL EXTRANJERO;3.1.-Agresión sexual;2011;10
EN EL EXTRANJERO;3.1.-Agresión sexual;2010;3
EN EL EXTRANJERO;3.2.-Agresión sexual con penetración;2023;31
EN EL EXTRANJERO;3.2.-Agresión sexual con penetración;2022;22
EN EL EXTRANJERO;3.2.-Agresión sexual con penetración;2021;14
EN EL EXTRANJERO;3.2.-Agresión sexual con penetración;2020;10
EN EL EXTRANJERO;3.2.-Agresión sexual con penetración;2019;29
EN EL EXTRANJERO;3.2.-Agresión sexual con penetración;2018;10
EN EL EXTRANJERO;3.2.-Agresión sexual con penetración;2017;17
EN EL EXTRANJERO;3.2.-Agresión sexual con penetración;2016;10
EN EL EXTRANJERO;3.2.-Agresión sexual con penetración;2015;3
EN EL EXTRANJERO;3.2.-Agresión sexual con penetración;2014;5
EN EL EXTRANJERO;3.2.-Agresión sexual con penetración;2013;5
EN EL EXTRANJERO;3.2.-Agresión sexual con penetración;2012;2
EN EL EXTRANJERO;3.2.-Agresión sexual con penetración;2011;10
EN EL EXTRANJERO;3.2.-Agresión sexual con penetración;2010;8
EN EL EXTRANJERO;3.3.-Corrupción de menores o incapacitados;2023;3
EN EL EXTRANJERO;3.3.-Corrupción de menores o incapacitados;2022;1
EN EL EXTRANJERO;3.3.-Corrupción de menores o incapacitados;2021;4
EN EL EXTRANJERO;3.3.-Corrupción de menores o incapacitados;2020;1
EN EL EXTRANJERO;3.3.-Corrupción de menores o incapacitados;2019;0
EN EL EXTRANJERO;3.3.-Corrupción de menores o incapacitados;2018;1
EN EL EXTRANJERO;3.3.-Corrupción de menores o incapacitados;2017;3
EN EL EXTRANJERO;3.3.-Corrupción de menores o incapacitados;2016;1
EN EL EXTRANJERO;3.3.-Corrupción de menores o incapacitados;2015;1
EN EL EXTRANJERO;3.3.-Corrupción de menores o incapacitados;2014;3
EN EL EXTRANJERO;3.3.-Corrupción de menores o incapacitados;2013;0
EN EL EXTRANJERO;3.3.-Corrupción de menores o incapacitados;2012;2
EN EL EXTRANJERO;3.3.-Corrupción de menores o incapacitados;2011;2
EN EL EXTRANJERO;3.3.-Corrupción de menores o incapacitados;2010;5
EN EL EXTRANJERO;3.4.-Pornografía de menores;2023;6
EN EL EXTRANJERO;3.4.-Pornografía de menores;2022;2
EN EL EXTRANJERO;3.4.-Pornografía de menores;2021;2
EN EL EXTRANJERO;3.4.-Pornografía de menores;2020;8
EN EL EXTRANJERO;3.4.-Pornografía de menores;2019;12
EN EL EXTRANJERO;3.4.-Pornografía de menores;2018;8
EN EL EXTRANJERO;3.4.-Pornografía de menores;2017;16
EN EL EXTRANJERO;3.4.-Pornografía de menores;2016;6
EN EL EXTRANJERO;3.4.-Pornografía de menores;2015;3
EN EL EXTRANJERO;3.4.-Pornografía de menores;2014;10
EN EL EXTRANJERO;3.4.-Pornografía de menores;2013;4
EN EL EXTRANJERO;3.4.-Pornografía de menores;2012;5
EN EL EXTRANJERO;3.4.-Pornografía de menores;2011;13
EN EL EXTRANJERO;3.4.-Pornografía de menores;2010;15
EN EL EXTRANJERO;3.5.-Otros contra la libertad sexual;2023;6
EN EL EXTRANJERO;3.5.-Otros contra la libertad sexual;2022;7
EN EL EXTRANJERO;3.5.-Otros contra la libertad sexual;2021;3
EN EL EXTRANJERO;3.5.-Otros contra la libertad sexual;2020;6
EN EL EXTRANJERO;3.5.-Otros contra la libertad sexual;2019;6
EN EL EXTRANJERO;3.5.-Otros contra la libertad sexual;2018;5
EN EL EXTRANJERO;3.5.-Otros contra la libertad sexual;2017;5
EN EL EXTRANJERO;3.5.-Otros contra la libertad sexual;2016;3
EN EL EXTRANJERO;3.5.-Otros contra la libertad sexual;2015;4
EN EL EXTRANJERO;3.5.-Otros contra la libertad sexual;2014;4
EN EL EXTRANJERO;3.5.-Otros contra la libertad sexual;2013;6
EN EL EXTRANJERO;3.5.-Otros contra la libertad sexual;2012;3
EN EL EXTRANJERO;3.5.-Otros contra la libertad sexual;2011;2
EN EL EXTRANJERO;3.5.-Otros contra la libertad sexual;2010;2
EN EL EXTRANJERO;4. RELACIONES FAMILIARES;2023;57
EN EL EXTRANJERO;4. RELACIONES FAMILIARES;2022;54
EN EL EXTRANJERO;4. RELACIONES FAMILIARES;2021;78
EN EL EXTRANJERO;4. RELACIONES FAMILIARES;2020;45
EN EL EXTRANJERO;4. RELACIONES FAMILIARES;2019;74
EN EL EXTRANJERO;4. RELACIONES FAMILIARES;2018;74
EN EL EXTRANJERO;4. RELACIONES FAMILIARES;2017;69
EN EL EXTRANJERO;4. RELACIONES FAMILIARES;2016;98
EN EL EXTRANJERO;4. RELACIONES FAMILIARES;2015;103
EN EL EXTRANJERO;4. RELACIONES FAMILIARES;2014;89
EN EL EXTRANJERO;4. RELACIONES FAMILIARES;2013;78
EN EL EXTRANJERO;4. RELACIONES FAMILIARES;2012;47
EN EL EXTRANJERO;4. RELACIONES FAMILIARES;2011;34
EN EL EXTRANJERO;4. RELACIONES FAMILIARES;2010;29
EN EL EXTRANJERO;5. PATRIMONIO;2023;8.957
EN EL EXTRANJERO;5. PATRIMONIO;2022;9.917
EN EL EXTRANJERO;5. PATRIMONIO;2021;6.661
EN EL EXTRANJERO;5. PATRIMONIO;2020;8.725
EN EL EXTRANJERO;5. PATRIMONIO;2019;14.331
EN EL EXTRANJERO;5. PATRIMONIO;2018;13.478
EN EL EXTRANJERO;5. PATRIMONIO;2017;20.298
EN EL EXTRANJERO;5. PATRIMONIO;2016;17.341
EN EL EXTRANJERO;5. PATRIMONIO;2015;18.447
EN EL EXTRANJERO;5. PATRIMONIO;2014;17.927
EN EL EXTRANJERO;5. PATRIMONIO;2013;15.697
EN EL EXTRANJERO;5. PATRIMONIO;2012;15.899
EN EL EXTRANJERO;5. PATRIMONIO;2011;15.035
EN EL EXTRANJERO;5. PATRIMONIO;2010;20.188
EN EL EXTRANJERO;5.1.-Hurtos;2023;2.517
EN EL EXTRANJERO;5.1.-Hurtos;2022;2.078
EN EL EXTRANJERO;5.1.-Hurtos;2021;832
EN EL EXTRANJERO;5.1.-Hurtos;2020;912
EN EL EXTRANJERO;5.1.-Hurtos;2019;3.096
EN EL EXTRANJERO;5.1.-Hurtos;2018;3.030
EN EL EXTRANJERO;5.1.-Hurtos;2017;3.091
EN EL EXTRANJERO;5.1.-Hurtos;2016;2.882
EN EL EXTRANJERO;5.1.-Hurtos;2015;2.655
EN EL EXTRANJERO;5.1.-Hurtos;2014;2.552
EN EL EXTRANJERO;5.1.-Hurtos;2013;2.329
EN EL EXTRANJERO;5.1.-Hurtos;2012;2.567
EN EL EXTRANJERO;5.1.-Hurtos;2011;2.902
EN EL EXTRANJERO;5.1.-Hurtos;2010;2.427
EN EL EXTRANJERO;5.2.-Robos con fuerza en las cosas;2023;328
EN EL EXTRANJERO;5.2.-Robos con fuerza en las cosas;2022;353
EN EL EXTRANJERO;5.2.-Robos con fuerza en las cosas;2021;162
EN EL EXTRANJERO;5.2.-Robos con fuerza en las cosas;2020;173
EN EL EXTRANJERO;5.2.-Robos con fuerza en las cosas;2019;304
EN EL EXTRANJERO;5.2.-Robos con fuerza en las cosas;2018;297
EN EL EXTRANJERO;5.2.-Robos con fuerza en las cosas;2017;253
EN EL EXTRANJERO;5.2.-Robos con fuerza en las cosas;2016;277
EN EL EXTRANJERO;5.2.-Robos con fuerza en las cosas;2015;297
EN EL EXTRANJERO;5.2.-Robos con fuerza en las cosas;2014;257
EN EL EXTRANJERO;5.2.-Robos con fuerza en las cosas;2013;272
EN EL EXTRANJERO;5.2.-Robos con fuerza en las cosas;2012;325
EN EL EXTRANJERO;5.2.-Robos con fuerza en las cosas;2011;445
EN EL EXTRANJERO;5.2.-Robos con fuerza en las cosas;2010;674
EN EL EXTRANJERO;5.2.1.-Robos con fuerza en las cosas en el interior de vehículos;2023;247
EN EL EXTRANJERO;5.2.1.-Robos con fuerza en las cosas en el interior de vehículos;2022;218
EN EL EXTRANJERO;5.2.1.-Robos con fuerza en las cosas en el interior de vehículos;2021;128
EN EL EXTRANJERO;5.2.1.-Robos con fuerza en las cosas en el interior de vehículos;2020;122
EN EL EXTRANJERO;5.2.1.-Robos con fuerza en las cosas en el interior de vehículos;2019;198
EN EL EXTRANJERO;5.2.1.-Robos con fuerza en las cosas en el interior de vehículos;2018;192
EN EL EXTRANJERO;5.2.1.-Robos con fuerza en las cosas en el interior de vehículos;2017;169
EN EL EXTRANJERO;5.2.1.-Robos con fuerza en las cosas en el interior de vehículos;2016;168
EN EL EXTRANJERO;5.2.1.-Robos con fuerza en las cosas en el interior de vehículos;2015;178
EN EL EXTRANJERO;5.2.1.-Robos con fuerza en las cosas en el interior de vehículos;2014;145
EN EL EXTRANJERO;5.2.1.-Robos con fuerza en las cosas en el interior de vehículos;2013;153
EN EL EXTRANJERO;5.2.1.-Robos con fuerza en las cosas en el interior de vehículos;2012;131
EN EL EXTRANJERO;5.2.1.-Robos con fuerza en las cosas en el interior de vehículos;2011;144
EN EL EXTRANJERO;5.2.1.-Robos con fuerza en las cosas en el interior de vehículos;2010;142
EN EL EXTRANJERO;5.2.2.-Robos con fuerza en viviendas;2023;13
EN EL EXTRANJERO;5.2.2.-Robos con fuerza en viviendas;2022;17
EN EL EXTRANJERO;5.2.2.-Robos con fuerza en viviendas;2021;9
EN EL EXTRANJERO;5.2.2.-Robos con fuerza en viviendas;2020;15
EN EL EXTRANJERO;5.2.2.-Robos con fuerza en viviendas;2019;17
EN EL EXTRANJERO;5.2.2.-Robos con fuerza en viviendas;2018;26
EN EL EXTRANJERO;5.2.2.-Robos con fuerza en viviendas;2017;20
EN EL EXTRANJERO;5.2.2.-Robos con fuerza en viviendas;2016;26
EN EL EXTRANJERO;5.2.2.-Robos con fuerza en viviendas;2015;22
EN EL EXTRANJERO;5.2.2.-Robos con fuerza en viviendas;2014;22
EN EL EXTRANJERO;5.2.2.-Robos con fuerza en viviendas;2013;15
EN EL EXTRANJERO;5.2.2.-Robos con fuerza en viviendas;2012;22
EN EL EXTRANJERO;5.2.2.-Robos con fuerza en viviendas;2011;16
EN EL EXTRANJERO;5.2.2.-Robos con fuerza en viviendas;2010;19
EN EL EXTRANJERO;5.2.3.-Robos con fuerza en establecimientos;2023;6
EN EL EXTRANJERO;5.2.3.-Robos con fuerza en establecimientos;2022;11
EN EL EXTRANJERO;5.2.3.-Robos con fuerza en establecimientos;2021;1
EN EL EXTRANJERO;5.2.3.-Robos con fuerza en establecimientos;2020;4
EN EL EXTRANJERO;5.2.3.-Robos con fuerza en establecimientos;2019;7
EN EL EXTRANJERO;5.2.3.-Robos con fuerza en establecimientos;2018;14
EN EL EXTRANJERO;5.2.3.-Robos con fuerza en establecimientos;2017;11
EN EL EXTRANJERO;5.2.3.-Robos con fuerza en establecimientos;2016;12
EN EL EXTRANJERO;5.2.3.-Robos con fuerza en establecimientos;2015;13
EN EL EXTRANJERO;5.2.3.-Robos con fuerza en establecimientos;2014;8
EN EL EXTRANJERO;5.2.3.-Robos con fuerza en establecimientos;2013;10
EN EL EXTRANJERO;5.2.3.-Robos con fuerza en establecimientos;2012;13
EN EL EXTRANJERO;5.2.3.-Robos con fuerza en establecimientos;2011;14
EN EL EXTRANJERO;5.2.3.-Robos con fuerza en establecimientos;2010;51
EN EL EXTRANJERO;5.3.-Robos con violencia o intimidación;2023;195
EN EL EXTRANJERO;5.3.-Robos con violencia o intimidación;2022;164
EN EL EXTRANJERO;5.3.-Robos con violencia o intimidación;2021;74
EN EL EXTRANJERO;5.3.-Robos con violencia o intimidación;2020;75
EN EL EXTRANJERO;5.3.-Robos con violencia o intimidación;2019;263
EN EL EXTRANJERO;5.3.-Robos con violencia o intimidación;2018;264
EN EL EXTRANJERO;5.3.-Robos con violencia o intimidación;2017;246
EN EL EXTRANJERO;5.3.-Robos con violencia o intimidación;2016;236
EN EL EXTRANJERO;5.3.-Robos con violencia o intimidación;2015;224
EN EL EXTRANJERO;5.3.-Robos con violencia o intimidación;2014;202
EN EL EXTRANJERO;5.3.-Robos con violencia o intimidación;2013;234
EN EL EXTRANJERO;5.3.-Robos con violencia o intimidación;2012;205
EN EL EXTRANJERO;5.3.-Robos con violencia o intimidación;2011;162
EN EL EXTRANJERO;5.3.-Robos con violencia o intimidación;2010;177
EN EL EXTRANJERO;5.3.1.-Robos con violencia en vía pública;2023;140
EN EL EXTRANJERO;5.3.1.-Robos con violencia en vía pública;2022;111
EN EL EXTRANJERO;5.3.1.-Robos con violencia en vía pública;2021;54
EN EL EXTRANJERO;5.3.1.-Robos con violencia en vía pública;2020;58
EN EL EXTRANJERO;5.3.1.-Robos con violencia en vía pública;2019;195
EN EL EXTRANJERO;5.3.1.-Robos con violencia en vía pública;2018;191
EN EL EXTRANJERO;5.3.1.-Robos con violencia en vía pública;2017;182
EN EL EXTRANJERO;5.3.1.-Robos con violencia en vía pública;2016;159
EN EL EXTRANJERO;5.3.1.-Robos con violencia en vía pública;2015;151
EN EL EXTRANJERO;5.3.1.-Robos con violencia en vía pública;2014;145
EN EL EXTRANJERO;5.3.1.-Robos con violencia en vía pública;2013;163
EN EL EXTRANJERO;5.3.1.-Robos con violencia en vía pública;2012;144
EN EL EXTRANJERO;5.3.1.-Robos con violencia en vía pública;2011;101
EN EL EXTRANJERO;5.3.1.-Robos con violencia en vía pública;2010;138
EN EL EXTRANJERO;5.3.2.-Robos con violencia en viviendas;2023;6
EN EL EXTRANJERO;5.3.2.-Robos con violencia en viviendas;2022;0
EN EL EXTRANJERO;5.3.2.-Robos con violencia en viviendas;2021;2
EN EL EXTRANJERO;5.3.2.-Robos con violencia en viviendas;2020;1
EN EL EXTRANJERO;5.3.2.-Robos con violencia en viviendas;2019;2
EN EL EXTRANJERO;5.3.2.-Robos con violencia en viviendas;2018;1
EN EL EXTRANJERO;5.3.2.-Robos con violencia en viviendas;2017;4
EN EL EXTRANJERO;5.3.2.-Robos con violencia en viviendas;2016;1
EN EL EXTRANJERO;5.3.2.-Robos con violencia en viviendas;2015;1
EN EL EXTRANJERO;5.3.2.-Robos con violencia en viviendas;2014;3
EN EL EXTRANJERO;5.3.2.-Robos con violencia en viviendas;2013;2
EN EL EXTRANJERO;5.3.2.-Robos con violencia en viviendas;2012;3
EN EL EXTRANJERO;5.3.2.-Robos con violencia en viviendas;2011;0
EN EL EXTRANJERO;5.3.2.-Robos con violencia en viviendas;2010;5
EN EL EXTRANJERO;5.3.3.-Robos con violencia en establecimientos;2023;10
EN EL EXTRANJERO;5.3.3.-Robos con violencia en establecimientos;2022;10
EN EL EXTRANJERO;5.3.3.-Robos con violencia en establecimientos;2021;2
EN EL EXTRANJERO;5.3.3.-Robos con violencia en establecimientos;2020;1
EN EL EXTRANJERO;5.3.3.-Robos con violencia en establecimientos;2019;17
EN EL EXTRANJERO;5.3.3.-Robos con violencia en establecimientos;2018;14
EN EL EXTRANJERO;5.3.3.-Robos con violencia en establecimientos;2017;13
EN EL EXTRANJERO;5.3.3.-Robos con violencia en establecimientos;2016;22
EN EL EXTRANJERO;5.3.3.-Robos con violencia en establecimientos;2015;21
EN EL EXTRANJERO;5.3.3.-Robos con violencia en establecimientos;2014;10
EN EL EXTRANJERO;5.3.3.-Robos con violencia en establecimientos;2013;14
EN EL EXTRANJERO;5.3.3.-Robos con violencia en establecimientos;2012;10
EN EL EXTRANJERO;5.3.3.-Robos con violencia en establecimientos;2011;2
EN EL EXTRANJERO;5.3.3.-Robos con violencia en establecimientos;2010;6
EN EL EXTRANJERO;5.4.-Sustracción de vehículos;2023;100
EN EL EXTRANJERO;5.4.-Sustracción de vehículos;2022;66
EN EL EXTRANJERO;5.4.-Sustracción de vehículos;2021;58
EN EL EXTRANJERO;5.4.-Sustracción de vehículos;2020;90
EN EL EXTRANJERO;5.4.-Sustracción de vehículos;2019;110
EN EL EXTRANJERO;5.4.-Sustracción de vehículos;2018;82
EN EL EXTRANJERO;5.4.-Sustracción de vehículos;2017;95
EN EL EXTRANJERO;5.4.-Sustracción de vehículos;2016;93
EN EL EXTRANJERO;5.4.-Sustracción de vehículos;2015;88
EN EL EXTRANJERO;5.4.-Sustracción de vehículos;2014;76
EN EL EXTRANJERO;5.4.-Sustracción de vehículos;2013;89
EN EL EXTRANJERO;5.4.-Sustracción de vehículos;2012;149
EN EL EXTRANJERO;5.4.-Sustracción de vehículos;2011;137
EN EL EXTRANJERO;5.4.-Sustracción de vehículos;2010;125
EN EL EXTRANJERO;5.5.-Estafas;2023;5.543
EN EL EXTRANJERO;5.5.-Estafas;2022;7.029
EN EL EXTRANJERO;5.5.-Estafas;2021;5.349
EN EL EXTRANJERO;5.5.-Estafas;2020;7.281
EN EL EXTRANJERO;5.5.-Estafas;2019;10.329
EN EL EXTRANJERO;5.5.-Estafas;2018;9.536
EN EL EXTRANJERO;5.5.-Estafas;2017;16.344
EN EL EXTRANJERO;5.5.-Estafas;2016;13.535
EN EL EXTRANJERO;5.5.-Estafas;2015;14.973
EN EL EXTRANJERO;5.5.-Estafas;2014;14.697
EN EL EXTRANJERO;5.5.-Estafas;2013;12.627
EN EL EXTRANJERO;5.5.-Estafas;2012;12.541
EN EL EXTRANJERO;5.5.-Estafas;2011;11.261
EN EL EXTRANJERO;5.5.-Estafas;2010;16.688
EN EL EXTRANJERO;5.5.1.-Estafas informáticas;2023;4.393
EN EL EXTRANJERO;5.5.1.-Estafas informáticas;2022;5.451
EN EL EXTRANJERO;5.5.1.-Estafas informáticas;2021;4.011
EN EL EXTRANJERO;5.5.1.-Estafas informáticas;2020;5.469
EN EL EXTRANJERO;5.5.1.-Estafas informáticas;2019;5.812
EN EL EXTRANJERO;5.5.1.-Estafas informáticas;2018;3.822
EN EL EXTRANJERO;5.5.1.-Estafas informáticas;2017;6.102
EN EL EXTRANJERO;5.5.1.-Estafas informáticas;2016;4.064
EN EL EXTRANJERO;5.5.1.-Estafas informáticas;2015;4.316
EN EL EXTRANJERO;5.5.1.-Estafas informáticas;2014;4.625
EN EL EXTRANJERO;5.5.1.-Estafas informáticas;2013;3.922
EN EL EXTRANJERO;5.5.1.-Estafas informáticas;2012;3.963
EN EL EXTRANJERO;5.5.1.-Estafas informáticas;2011;3.502
EN EL EXTRANJERO;5.5.1.-Estafas informáticas;2010;4.647
EN EL EXTRANJERO;5.6.-Daños;2023;32
EN EL EXTRANJERO;5.6.-Daños;2022;40
EN EL EXTRANJERO;5.6.-Daños;2021;28
EN EL EXTRANJERO;5.6.-Daños;2020;18
EN EL EXTRANJERO;5.6.-Daños;2019;51
EN EL EXTRANJERO;5.6.-Daños;2018;55
EN EL EXTRANJERO;5.6.-Daños;2017;55
EN EL EXTRANJERO;5.6.-Daños;2016;32
EN EL EXTRANJERO;5.6.-Daños;2015;30
EN EL EXTRANJERO;5.6.-Daños;2014;19
EN EL EXTRANJERO;5.6.-Daños;2013;45
EN EL EXTRANJERO;5.6.-Daños;2012;41
EN EL EXTRANJERO;5.6.-Daños;2011;45
EN EL EXTRANJERO;5.6.-Daños;2010;28
EN EL EXTRANJERO;5.7.-Contra la propiedad intelectual/industrial;2023;1
EN EL EXTRANJERO;5.7.-Contra la propiedad intelectual/industrial;2022;1
EN EL EXTRANJERO;5.7.-Contra la propiedad intelectual/industrial;2021;1
EN EL EXTRANJERO;5.7.-Contra la propiedad intelectual/industrial;2020;2
EN EL EXTRANJERO;5.7.-Contra la propiedad intelectual/industrial;2019;5
EN EL EXTRANJERO;5.7.-Contra la propiedad intelectual/industrial;2018;3
EN EL EXTRANJERO;5.7.-Contra la propiedad intelectual/industrial;2017;6
EN EL EXTRANJERO;5.7.-Contra la propiedad intelectual/industrial;2016;5
EN EL EXTRANJERO;5.7.-Contra la propiedad intelectual/industrial;2015;8
EN EL EXTRANJERO;5.7.-Contra la propiedad intelectual/industrial;2014;6
EN EL EXTRANJERO;5.7.-Contra la propiedad intelectual/industrial;2013;5
EN EL EXTRANJERO;5.7.-Contra la propiedad intelectual/industrial;2012;2
EN EL EXTRANJERO;5.7.-Contra la propiedad intelectual/industrial;2011;4
EN EL EXTRANJERO;5.7.-Contra la propiedad intelectual/industrial;2010;1
EN EL EXTRANJERO;5.8.-Blanqueo de capitales;2023;15
EN EL EXTRANJERO;5.8.-Blanqueo de capitales;2022;8
EN EL EXTRANJERO;5.8.-Blanqueo de capitales;2021;0
EN EL EXTRANJERO;5.8.-Blanqueo de capitales;2020;3
EN EL EXTRANJERO;5.8.-Blanqueo de capitales;2019;9
EN EL EXTRANJERO;5.8.-Blanqueo de capitales;2018;6
EN EL EXTRANJERO;5.8.-Blanqueo de capitales;2017;11
EN EL EXTRANJERO;5.8.-Blanqueo de capitales;2016;11
EN EL EXTRANJERO;5.8.-Blanqueo de capitales;2015;15
EN EL EXTRANJERO;5.8.-Blanqueo de capitales;2014;7
EN EL EXTRANJERO;5.8.-Blanqueo de capitales;2013;10
EN EL EXTRANJERO;5.8.-Blanqueo de capitales;2012;6
EN EL EXTRANJERO;5.8.-Blanqueo de capitales;2011;8
EN EL EXTRANJERO;5.8.-Blanqueo de capitales;2010;5
EN EL EXTRANJERO;5.9.-Otros contra el patrimonio;2023;226
EN EL EXTRANJERO;5.9.-Otros contra el patrimonio;2022;178
EN EL EXTRANJERO;5.9.-Otros contra el patrimonio;2021;157
EN EL EXTRANJERO;5.9.-Otros contra el patrimonio;2020;171
EN EL EXTRANJERO;5.9.-Otros contra el patrimonio;2019;164
EN EL EXTRANJERO;5.9.-Otros contra el patrimonio;2018;205
EN EL EXTRANJERO;5.9.-Otros contra el patrimonio;2017;197
EN EL EXTRANJERO;5.9.-Otros contra el patrimonio;2016;270
EN EL EXTRANJERO;5.9.-Otros contra el patrimonio;2015;157
EN EL EXTRANJERO;5.9.-Otros contra el patrimonio;2014;111
EN EL EXTRANJERO;5.9.-Otros contra el patrimonio;2013;86
EN EL EXTRANJERO;5.9.-Otros contra el patrimonio;2012;63
EN EL EXTRANJERO;5.9.-Otros contra el patrimonio;2011;71
EN EL EXTRANJERO;5.9.-Otros contra el patrimonio;2010;63
EN EL EXTRANJERO;6. SEGURIDAD COLECTIVA;2023;51
EN EL EXTRANJERO;6. SEGURIDAD COLECTIVA;2022;24
EN EL EXTRANJERO;6. SEGURIDAD COLECTIVA;2021;17
EN EL EXTRANJERO;6. SEGURIDAD COLECTIVA;2020;21
EN EL EXTRANJERO;6. SEGURIDAD COLECTIVA;2019;17
EN EL EXTRANJERO;6. SEGURIDAD COLECTIVA;2018;12
EN EL EXTRANJERO;6. SEGURIDAD COLECTIVA;2017;14
EN EL EXTRANJERO;6. SEGURIDAD COLECTIVA;2016;15
EN EL EXTRANJERO;6. SEGURIDAD COLECTIVA;2015;16
EN EL EXTRANJERO;6. SEGURIDAD COLECTIVA;2014;21
EN EL EXTRANJERO;6. SEGURIDAD COLECTIVA;2013;5
EN EL EXTRANJERO;6. SEGURIDAD COLECTIVA;2012;9
EN EL EXTRANJERO;6. SEGURIDAD COLECTIVA;2011;17
EN EL EXTRANJERO;6. SEGURIDAD COLECTIVA;2010;6
EN EL EXTRANJERO;6.1.-Tráfico de drogas;2023;47
EN EL EXTRANJERO;6.1.-Tráfico de drogas;2022;23
EN EL EXTRANJERO;6.1.-Tráfico de drogas;2021;17
EN EL EXTRANJERO;6.1.-Tráfico de drogas;2020;19
EN EL EXTRANJERO;6.1.-Tráfico de drogas;2019;15
EN EL EXTRANJERO;6.1.-Tráfico de drogas;2018;12
EN EL EXTRANJERO;6.1.-Tráfico de drogas;2017;12
EN EL EXTRANJERO;6.1.-Tráfico de drogas;2016;14
EN EL EXTRANJERO;6.1.-Tráfico de drogas;2015;16
EN EL EXTRANJERO;6.1.-Tráfico de drogas;2014;16
EN EL EXTRANJERO;6.1.-Tráfico de drogas;2013;4
EN EL EXTRANJERO;6.1.-Tráfico de drogas;2012;2
EN EL EXTRANJERO;6.1.-Tráfico de drogas;2011;16
EN EL EXTRANJERO;6.1.-Tráfico de drogas;2010;6
EN EL EXTRANJERO;6.2.-Contra la seguridad vial;2023;1
EN EL EXTRANJERO;6.2.-Contra la seguridad vial;2022;1
EN EL EXTRANJERO;6.2.-Contra la seguridad vial;2021;0
EN EL EXTRANJERO;6.2.-Contra la seguridad vial;2020;0
EN EL EXTRANJERO;6.2.-Contra la seguridad vial;2019;0
EN EL EXTRANJERO;6.2.-Contra la seguridad vial;2018;0
EN EL EXTRANJERO;6.2.-Contra la seguridad vial;2017;0
EN EL EXTRANJERO;6.2.-Contra la seguridad vial;2016;1
EN EL EXTRANJERO;6.2.-Contra la seguridad vial;2015;0
EN EL EXTRANJERO;6.2.-Contra la seguridad vial;2014;4
EN EL EXTRANJERO;6.2.-Contra la seguridad vial;2013;0
EN EL EXTRANJERO;6.2.-Contra la seguridad vial;2012;7
EN EL EXTRANJERO;6.2.-Contra la seguridad vial;2011;1
EN EL EXTRANJERO;6.2.-Contra la seguridad vial;2010;0
EN EL EXTRANJERO;6.3.-Otros contra la seguridad colectiva;2023;3
EN EL EXTRANJERO;6.3.-Otros contra la seguridad colectiva;2022;0
EN EL EXTRANJERO;6.3.-Otros contra la seguridad colectiva;2021;0
EN EL EXTRANJERO;6.3.-Otros contra la seguridad colectiva;2020;2
EN EL EXTRANJERO;6.3.-Otros contra la seguridad colectiva;2019;2
EN EL EXTRANJERO;6.3.-Otros contra la seguridad colectiva;2018;0
EN EL EXTRANJERO;6.3.-Otros contra la seguridad colectiva;2017;2
EN EL EXTRANJERO;6.3.-Otros contra la seguridad colectiva;2016;0
EN EL EXTRANJERO;6.3.-Otros contra la seguridad colectiva;2015;0
EN EL EXTRANJERO;6.3.-Otros contra la seguridad colectiva;2014;1
EN EL EXTRANJERO;6.3.-Otros contra la seguridad colectiva;2013;1
EN EL EXTRANJERO;6.3.-Otros contra la seguridad colectiva;2012;0
EN EL EXTRANJERO;6.3.-Otros contra la seguridad colectiva;2011;0
EN EL EXTRANJERO;6.3.-Otros contra la seguridad colectiva;2010;0
EN EL EXTRANJERO;7. FALSEDADES;2023;144
EN EL EXTRANJERO;7. FALSEDADES;2022;113
EN EL EXTRANJERO;7. FALSEDADES;2021;112
EN EL EXTRANJERO;7. FALSEDADES;2020;148
EN EL EXTRANJERO;7. FALSEDADES;2019;270
EN EL EXTRANJERO;7. FALSEDADES;2018;391
EN EL EXTRANJERO;7. FALSEDADES;2017;631
EN EL EXTRANJERO;7. FALSEDADES;2016;478
EN EL EXTRANJERO;7. FALSEDADES;2015;475
EN EL EXTRANJERO;7. FALSEDADES;2014;487
EN EL EXTRANJERO;7. FALSEDADES;2013;403
EN EL EXTRANJERO;7. FALSEDADES;2012;286
EN EL EXTRANJERO;7. FALSEDADES;2011;189
EN EL EXTRANJERO;7. FALSEDADES;2010;226
EN EL EXTRANJERO;8. ADMÓN. PÚBLICA;2023;1
EN EL EXTRANJERO;8. ADMÓN. PÚBLICA;2022;1
EN EL EXTRANJERO;8. ADMÓN. PÚBLICA;2021;0
EN EL EXTRANJERO;8. ADMÓN. PÚBLICA;2020;2
EN EL EXTRANJERO;8. ADMÓN. PÚBLICA;2019;0
EN EL EXTRANJERO;8. ADMÓN. PÚBLICA;2018;1
EN EL EXTRANJERO;8. ADMÓN. PÚBLICA;2017;0
EN EL EXTRANJERO;8. ADMÓN. PÚBLICA;2016;4
EN EL EXTRANJERO;8. ADMÓN. PÚBLICA;2015;1
EN EL EXTRANJERO;8. ADMÓN. PÚBLICA;2014;0
EN EL EXTRANJERO;8. ADMÓN. PÚBLICA;2013;4
EN EL EXTRANJERO;8. ADMÓN. PÚBLICA;2012;0
EN EL EXTRANJERO;8. ADMÓN. PÚBLICA;2011;1
EN EL EXTRANJERO;8. ADMÓN. PÚBLICA;2010;1
EN EL EXTRANJERO;9. ADMÓN. JUSTICIA;2023;27
EN EL EXTRANJERO;9. ADMÓN. JUSTICIA;2022;20
EN EL EXTRANJERO;9. ADMÓN. JUSTICIA;2021;16
EN EL EXTRANJERO;9. ADMÓN. JUSTICIA;2020;18
EN EL EXTRANJERO;9. ADMÓN. JUSTICIA;2019;30
EN EL EXTRANJERO;9. ADMÓN. JUSTICIA;2018;28
EN EL EXTRANJERO;9. ADMÓN. JUSTICIA;2017;25
EN EL EXTRANJERO;9. ADMÓN. JUSTICIA;2016;22
EN EL EXTRANJERO;9. ADMÓN. JUSTICIA;2015;18
EN EL EXTRANJERO;9. ADMÓN. JUSTICIA;2014;26
EN EL EXTRANJERO;9. ADMÓN. JUSTICIA;2013;20
EN EL EXTRANJERO;9. ADMÓN. JUSTICIA;2012;7
EN EL EXTRANJERO;9. ADMÓN. JUSTICIA;2011;8
EN EL EXTRANJERO;9. ADMÓN. JUSTICIA;2010;13
EN EL EXTRANJERO;10. ORDEN PÚBLICO;2023;28
EN EL EXTRANJERO;10. ORDEN PÚBLICO;2022;9
EN EL EXTRANJERO;10. ORDEN PÚBLICO;2021;8
EN EL EXTRANJERO;10. ORDEN PÚBLICO;2020;6
EN EL EXTRANJERO;10. ORDEN PÚBLICO;2019;4
EN EL EXTRANJERO;10. ORDEN PÚBLICO;2018;2
EN EL EXTRANJERO;10. ORDEN PÚBLICO;2017;3
EN EL EXTRANJERO;10. ORDEN PÚBLICO;2016;4
EN EL EXTRANJERO;10. ORDEN PÚBLICO;2015;6
EN EL EXTRANJERO;10. ORDEN PÚBLICO;2014;7
EN EL EXTRANJERO;10. ORDEN PÚBLICO;2013;6
EN EL EXTRANJERO;10. ORDEN PÚBLICO;2012;5
EN EL EXTRANJERO;10. ORDEN PÚBLICO;2011;3
EN EL EXTRANJERO;10. ORDEN PÚBLICO;2010;2
EN EL EXTRANJERO;11. LEGISLACIÓN ESPECIAL;2023;0
EN EL EXTRANJERO;11. LEGISLACIÓN ESPECIAL;2022;1
EN EL EXTRANJERO;11. LEGISLACIÓN ESPECIAL;2021;1
EN EL EXTRANJERO;11. LEGISLACIÓN ESPECIAL;2020;0
EN EL EXTRANJERO;11. LEGISLACIÓN ESPECIAL;2019;1
EN EL EXTRANJERO;11. LEGISLACIÓN ESPECIAL;2018;0
EN EL EXTRANJERO;11. LEGISLACIÓN ESPECIAL;2017;0
EN EL EXTRANJERO;11. LEGISLACIÓN ESPECIAL;2016;0
EN EL EXTRANJERO;11. LEGISLACIÓN ESPECIAL;2015;1
EN EL EXTRANJERO;11. LEGISLACIÓN ESPECIAL;2014;0
EN EL EXTRANJERO;11. LEGISLACIÓN ESPECIAL;2013;0
EN EL EXTRANJERO;11. LEGISLACIÓN ESPECIAL;2012;0
EN EL EXTRANJERO;11. LEGISLACIÓN ESPECIAL;2011;3
EN EL EXTRANJERO;11. LEGISLACIÓN ESPECIAL;2010;0
EN EL EXTRANJERO;12. OTRAS INFRACCIONES PENALES;2023;15
EN EL EXTRANJERO;12. OTRAS INFRACCIONES PENALES;2022;18
EN EL EXTRANJERO;12. OTRAS INFRACCIONES PENALES;2021;10
EN EL EXTRANJERO;12. OTRAS INFRACCIONES PENALES;2020;10
EN EL EXTRANJERO;12. OTRAS INFRACCIONES PENALES;2019;15
EN EL EXTRANJERO;12. OTRAS INFRACCIONES PENALES;2018;21
EN EL EXTRANJERO;12. OTRAS INFRACCIONES PENALES;2017;14
EN EL EXTRANJERO;12. OTRAS INFRACCIONES PENALES;2016;11
EN EL EXTRANJERO;12. OTRAS INFRACCIONES PENALES;2015;24
EN EL EXTRANJERO;12. OTRAS INFRACCIONES PENALES;2014;10
EN EL EXTRANJERO;12. OTRAS INFRACCIONES PENALES;2013;10
EN EL EXTRANJERO;12. OTRAS INFRACCIONES PENALES;2012;10
EN EL EXTRANJERO;12. OTRAS INFRACCIONES PENALES;2011;5
EN EL EXTRANJERO;12. OTRAS INFRACCIONES PENALES;2010;8
EN EL EXTRANJERO;TOTAL INFRACCIONES PENALES;2023;9.787
EN EL EXTRANJERO;TOTAL INFRACCIONES PENALES;2022;10.629
EN EL EXTRANJERO;TOTAL INFRACCIONES PENALES;2021;7.306
EN EL EXTRANJERO;TOTAL INFRACCIONES PENALES;2020;9.395
EN EL EXTRANJERO;TOTAL INFRACCIONES PENALES;2019;15.315
EN EL EXTRANJERO;TOTAL INFRACCIONES PENALES;2018;14.504
EN EL EXTRANJERO;TOTAL INFRACCIONES PENALES;2017;21.544
EN EL EXTRANJERO;TOTAL INFRACCIONES PENALES;2016;18.541
EN EL EXTRANJERO;TOTAL INFRACCIONES PENALES;2015;19.614
EN EL EXTRANJERO;TOTAL INFRACCIONES PENALES;2014;19.054
EN EL EXTRANJERO;TOTAL INFRACCIONES PENALES;2013;16.588
EN EL EXTRANJERO;TOTAL INFRACCIONES PENALES;2012;16.599
EN EL EXTRANJERO;TOTAL INFRACCIONES PENALES;2011;15.616
EN EL EXTRANJERO;TOTAL INFRACCIONES PENALES;2010;20.734
DESCONOCIDA;1. CONTRA LAS PERSONAS;2023;0
DESCONOCIDA;1. CONTRA LAS PERSONAS;2022;0
DESCONOCIDA;1. CONTRA LAS PERSONAS;2021;0
DESCONOCIDA;1. CONTRA LAS PERSONAS;2020;0
DESCONOCIDA;1. CONTRA LAS PERSONAS;2019;0
DESCONOCIDA;1. CONTRA LAS PERSONAS;2018;0
DESCONOCIDA;1. CONTRA LAS PERSONAS;2017;0
DESCONOCIDA;1. CONTRA LAS PERSONAS;2016;0
DESCONOCIDA;1. CONTRA LAS PERSONAS;2015;0
DESCONOCIDA;1. CONTRA LAS PERSONAS;2014;0
DESCONOCIDA;1. CONTRA LAS PERSONAS;2013;0
DESCONOCIDA;1. CONTRA LAS PERSONAS;2012;0
DESCONOCIDA;1. CONTRA LAS PERSONAS;2011;6
DESCONOCIDA;1. CONTRA LAS PERSONAS;2010;6
DESCONOCIDA;1.1.-Homicidios dolosos/asesinatos;2023;0
DESCONOCIDA;1.1.-Homicidios dolosos/asesinatos;2022;0
DESCONOCIDA;1.1.-Homicidios dolosos/asesinatos;2021;0
DESCONOCIDA;1.1.-Homicidios dolosos/asesinatos;2020;0
DESCONOCIDA;1.1.-Homicidios dolosos/asesinatos;2019;0
DESCONOCIDA;1.1.-Homicidios dolosos/asesinatos;2018;0
DESCONOCIDA;1.1.-Homicidios dolosos/asesinatos;2017;0
DESCONOCIDA;1.1.-Homicidios dolosos/asesinatos;2016;0
DESCONOCIDA;1.1.-Homicidios dolosos/asesinatos;2015;0
DESCONOCIDA;1.1.-Homicidios dolosos/asesinatos;2014;0
DESCONOCIDA;1.1.-Homicidios dolosos/asesinatos;2013;0
DESCONOCIDA;1.1.-Homicidios dolosos/asesinatos;2012;0
DESCONOCIDA;1.1.-Homicidios dolosos/asesinatos;2011;0
DESCONOCIDA;1.1.-Homicidios dolosos/asesinatos;2010;0
DESCONOCIDA;1.1.1.-Homicidios dolosos/asesinatos consumados;2023;0
DESCONOCIDA;1.1.1.-Homicidios dolosos/asesinatos consumados;2022;0
DESCONOCIDA;1.1.1.-Homicidios dolosos/asesinatos consumados;2021;0
DESCONOCIDA;1.1.1.-Homicidios dolosos/asesinatos consumados;2020;0
DESCONOCIDA;1.1.1.-Homicidios dolosos/asesinatos consumados;2019;0
DESCONOCIDA;1.1.1.-Homicidios dolosos/asesinatos consumados;2018;0
DESCONOCIDA;1.1.1.-Homicidios dolosos/asesinatos consumados;2017;0
DESCONOCIDA;1.1.1.-Homicidios dolosos/asesinatos consumados;2016;0
DESCONOCIDA;1.1.1.-Homicidios dolosos/asesinatos consumados;2015;0
DESCONOCIDA;1.1.1.-Homicidios dolosos/asesinatos consumados;2014;0
DESCONOCIDA;1.1.1.-Homicidios dolosos/asesinatos consumados;2013;0
DESCONOCIDA;1.1.1.-Homicidios dolosos/asesinatos consumados;2012;0
DESCONOCIDA;1.1.1.-Homicidios dolosos/asesinatos consumados;2011;0
DESCONOCIDA;1.1.1.-Homicidios dolosos/asesinatos consumados;2010;0
DESCONOCIDA;1.2.-Lesiones;2023;0
DESCONOCIDA;1.2.-Lesiones;2022;0
DESCONOCIDA;1.2.-Lesiones;2021;0
DESCONOCIDA;1.2.-Lesiones;2020;0
DESCONOCIDA;1.2.-Lesiones;2019;0
DESCONOCIDA;1.2.-Lesiones;2018;0
DESCONOCIDA;1.2.-Lesiones;2017;0
DESCONOCIDA;1.2.-Lesiones;2016;0
DESCONOCIDA;1.2.-Lesiones;2015;0
DESCONOCIDA;1.2.-Lesiones;2014;0
DESCONOCIDA;1.2.-Lesiones;2013;0
DESCONOCIDA;1.2.-Lesiones;2012;0
DESCONOCIDA;1.2.-Lesiones;2011;1
DESCONOCIDA;1.2.-Lesiones;2010;5
DESCONOCIDA;1.3.-Malos tratos ámbito familiar;2023;0
DESCONOCIDA;1.3.-Malos tratos ámbito familiar;2022;0
DESCONOCIDA;1.3.-Malos tratos ámbito familiar;2021;0
DESCONOCIDA;1.3.-Malos tratos ámbito familiar;2020;0
DESCONOCIDA;1.3.-Malos tratos ámbito familiar;2019;0
DESCONOCIDA;1.3.-Malos tratos ámbito familiar;2018;0
DESCONOCIDA;1.3.-Malos tratos ámbito familiar;2017;0
DESCONOCIDA;1.3.-Malos tratos ámbito familiar;2016;0
DESCONOCIDA;1.3.-Malos tratos ámbito familiar;2015;0
DESCONOCIDA;1.3.-Malos tratos ámbito familiar;2014;0
DESCONOCIDA;1.3.-Malos tratos ámbito familiar;2013;0
DESCONOCIDA;1.3.-Malos tratos ámbito familiar;2012;0
DESCONOCIDA;1.3.-Malos tratos ámbito familiar;2011;3
DESCONOCIDA;1.3.-Malos tratos ámbito familiar;2010;1
DESCONOCIDA;1.4.-Otros contra las personas;2023;0
DESCONOCIDA;1.4.-Otros contra las personas;2022;0
DESCONOCIDA;1.4.-Otros contra las personas;2021;0
DESCONOCIDA;1.4.-Otros contra las personas;2020;0
DESCONOCIDA;1.4.-Otros contra las personas;2019;0
DESCONOCIDA;1.4.-Otros contra las personas;2018;0
DESCONOCIDA;1.4.-Otros contra las personas;2017;0
DESCONOCIDA;1.4.-Otros contra las personas;2016;0
DESCONOCIDA;1.4.-Otros contra las personas;2015;0
DESCONOCIDA;1.4.-Otros contra las personas;2014;0
DESCONOCIDA;1.4.-Otros contra las personas;2013;0
DESCONOCIDA;1.4.-Otros contra las personas;2012;0
DESCONOCIDA;1.4.-Otros contra las personas;2011;2
DESCONOCIDA;1.4.-Otros contra las personas;2010;0
DESCONOCIDA;2. CONTRA LA LIBERTAD;2023;0
DESCONOCIDA;2. CONTRA LA LIBERTAD;2022;0
DESCONOCIDA;2. CONTRA LA LIBERTAD;2021;0
DESCONOCIDA;2. CONTRA LA LIBERTAD;2020;0
DESCONOCIDA;2. CONTRA LA LIBERTAD;2019;0
DESCONOCIDA;2. CONTRA LA LIBERTAD;2018;0
DESCONOCIDA;2. CONTRA LA LIBERTAD;2017;0
DESCONOCIDA;2. CONTRA LA LIBERTAD;2016;0
DESCONOCIDA;2. CONTRA LA LIBERTAD;2015;0
DESCONOCIDA;2. CONTRA LA LIBERTAD;2014;0
DESCONOCIDA;2. CONTRA LA LIBERTAD;2013;0
DESCONOCIDA;2. CONTRA LA LIBERTAD;2012;0
DESCONOCIDA;2. CONTRA LA LIBERTAD;2011;2
DESCONOCIDA;2. CONTRA LA LIBERTAD;2010;4
DESCONOCIDA;2.1.-Malos tratos habituales en el ámbito familiar;2023;0
DESCONOCIDA;2.1.-Malos tratos habituales en el ámbito familiar;2022;0
DESCONOCIDA;2.1.-Malos tratos habituales en el ámbito familiar;2021;0
DESCONOCIDA;2.1.-Malos tratos habituales en el ámbito familiar;2020;0
DESCONOCIDA;2.1.-Malos tratos habituales en el ámbito familiar;2019;0
DESCONOCIDA;2.1.-Malos tratos habituales en el ámbito familiar;2018;0
DESCONOCIDA;2.1.-Malos tratos habituales en el ámbito familiar;2017;0
DESCONOCIDA;2.1.-Malos tratos habituales en el ámbito familiar;2016;0
DESCONOCIDA;2.1.-Malos tratos habituales en el ámbito familiar;2015;0
DESCONOCIDA;2.1.-Malos tratos habituales en el ámbito familiar;2014;0
DESCONOCIDA;2.1.-Malos tratos habituales en el ámbito familiar;2013;0
DESCONOCIDA;2.1.-Malos tratos habituales en el ámbito familiar;2012;0
DESCONOCIDA;2.1.-Malos tratos habituales en el ámbito familiar;2011;1
DESCONOCIDA;2.1.-Malos tratos habituales en el ámbito familiar;2010;2
DESCONOCIDA;2.2.-Otros contra la libertad;2023;0
DESCONOCIDA;2.2.-Otros contra la libertad;2022;0
DESCONOCIDA;2.2.-Otros contra la libertad;2021;0
DESCONOCIDA;2.2.-Otros contra la libertad;2020;0
DESCONOCIDA;2.2.-Otros contra la libertad;2019;0
DESCONOCIDA;2.2.-Otros contra la libertad;2018;0
DESCONOCIDA;2.2.-Otros contra la libertad;2017;0
DESCONOCIDA;2.2.-Otros contra la libertad;2016;0
DESCONOCIDA;2.2.-Otros contra la libertad;2015;0
DESCONOCIDA;2.2.-Otros contra la libertad;2014;0
DESCONOCIDA;2.2.-Otros contra la libertad;2013;0
DESCONOCIDA;2.2.-Otros contra la libertad;2012;0
DESCONOCIDA;2.2.-Otros contra la libertad;2011;1
DESCONOCIDA;2.2.-Otros contra la libertad;2010;2
DESCONOCIDA;3. LIBERTAD SEXUAL;2023;0
DESCONOCIDA;3. LIBERTAD SEXUAL;2022;0
DESCONOCIDA;3. LIBERTAD SEXUAL;2021;0
DESCONOCIDA;3. LIBERTAD SEXUAL;2020;0
DESCONOCIDA;3. LIBERTAD SEXUAL;2019;0
DESCONOCIDA;3. LIBERTAD SEXUAL;2018;0
DESCONOCIDA;3. LIBERTAD SEXUAL;2017;0
DESCONOCIDA;3. LIBERTAD SEXUAL;2016;0
DESCONOCIDA;3. LIBERTAD SEXUAL;2015;0
DESCONOCIDA;3. LIBERTAD SEXUAL;2014;0
DESCONOCIDA;3. LIBERTAD SEXUAL;2013;0
DESCONOCIDA;3. LIBERTAD SEXUAL;2012;0
DESCONOCIDA;3. LIBERTAD SEXUAL;2011;2
DESCONOCIDA;3. LIBERTAD SEXUAL;2010;6
DESCONOCIDA;3.1.-Agresión sexual;2023;0
DESCONOCIDA;3.1.-Agresión sexual;2022;0
DESCONOCIDA;3.1.-Agresión sexual;2021;0
DESCONOCIDA;3.1.-Agresión sexual;2020;0
DESCONOCIDA;3.1.-Agresión sexual;2019;0
DESCONOCIDA;3.1.-Agresión sexual;2018;0
DESCONOCIDA;3.1.-Agresión sexual;2017;0
DESCONOCIDA;3.1.-Agresión sexual;2016;0
DESCONOCIDA;3.1.-Agresión sexual;2015;0
DESCONOCIDA;3.1.-Agresión sexual;2014;0
DESCONOCIDA;3.1.-Agresión sexual;2013;0
DESCONOCIDA;3.1.-Agresión sexual;2012;0
DESCONOCIDA;3.1.-Agresión sexual;2011;1
DESCONOCIDA;3.1.-Agresión sexual;2010;2
DESCONOCIDA;3.2.-Agresión sexual con penetración;2023;0
DESCONOCIDA;3.2.-Agresión sexual con penetración;2022;0
DESCONOCIDA;3.2.-Agresión sexual con penetración;2021;0
DESCONOCIDA;3.2.-Agresión sexual con penetración;2020;0
DESCONOCIDA;3.2.-Agresión sexual con penetración;2019;0
DESCONOCIDA;3.2.-Agresión sexual con penetración;2018;0
DESCONOCIDA;3.2.-Agresión sexual con penetración;2017;0
DESCONOCIDA;3.2.-Agresión sexual con penetración;2016;0
DESCONOCIDA;3.2.-Agresión sexual con penetración;2015;0
DESCONOCIDA;3.2.-Agresión sexual con penetración;2014;0
DESCONOCIDA;3.2.-Agresión sexual con penetración;2013;0
DESCONOCIDA;3.2.-Agresión sexual con penetración;2012;0
DESCONOCIDA;3.2.-Agresión sexual con penetración;2011;0
DESCONOCIDA;3.2.-Agresión sexual con penetración;2010;1
DESCONOCIDA;3.3.-Corrupción de menores o incapacitados;2023;0
DESCONOCIDA;3.3.-Corrupción de menores o incapacitados;2022;0
DESCONOCIDA;3.3.-Corrupción de menores o incapacitados;2021;0
DESCONOCIDA;3.3.-Corrupción de menores o incapacitados;2020;0
DESCONOCIDA;3.3.-Corrupción de menores o incapacitados;2019;0
DESCONOCIDA;3.3.-Corrupción de menores o incapacitados;2018;0
DESCONOCIDA;3.3.-Corrupción de menores o incapacitados;2017;0
DESCONOCIDA;3.3.-Corrupción de menores o incapacitados;2016;0
DESCONOCIDA;3.3.-Corrupción de menores o incapacitados;2015;0
DESCONOCIDA;3.3.-Corrupción de menores o incapacitados;2014;0
DESCONOCIDA;3.3.-Corrupción de menores o incapacitados;2013;0
DESCONOCIDA;3.3.-Corrupción de menores o incapacitados;2012;0
DESCONOCIDA;3.3.-Corrupción de menores o incapacitados;2011;0
DESCONOCIDA;3.3.-Corrupción de menores o incapacitados;2010;1
DESCONOCIDA;3.4.-Pornografía de menores;2023;0
DESCONOCIDA;3.4.-Pornografía de menores;2022;0
DESCONOCIDA;3.4.-Pornografía de menores;2021;0
DESCONOCIDA;3.4.-Pornografía de menores;2020;0
DESCONOCIDA;3.4.-Pornografía de menores;2019;0
DESCONOCIDA;3.4.-Pornografía de menores;2018;0
DESCONOCIDA;3.4.-Pornografía de menores;2017;0
DESCONOCIDA;3.4.-Pornografía de menores;2016;0
DESCONOCIDA;3.4.-Pornografía de menores;2015;0
DESCONOCIDA;3.4.-Pornografía de menores;2014;0
DESCONOCIDA;3.4.-Pornografía de menores;2013;0
DESCONOCIDA;3.4.-Pornografía de menores;2012;0
DESCONOCIDA;3.4.-Pornografía de menores;2011;1
DESCONOCIDA;3.4.-Pornografía de menores;2010;2
DESCONOCIDA;3.5.-Otros contra la libertad sexual;2023;0
DESCONOCIDA;3.5.-Otros contra la libertad sexual;2022;0
DESCONOCIDA;3.5.-Otros contra la libertad sexual;2021;0
DESCONOCIDA;3.5.-Otros contra la libertad sexual;2020;0
DESCONOCIDA;3.5.-Otros contra la libertad sexual;2019;0
DESCONOCIDA;3.5.-Otros contra la libertad sexual;2018;0
DESCONOCIDA;3.5.-Otros contra la libertad sexual;2017;0
DESCONOCIDA;3.5.-Otros contra la libertad sexual;2016;0
DESCONOCIDA;3.5.-Otros contra la libertad sexual;2015;0
DESCONOCIDA;3.5.-Otros contra la libertad sexual;2014;0
DESCONOCIDA;3.5.-Otros contra la libertad sexual;2013;0
DESCONOCIDA;3.5.-Otros contra la libertad sexual;2012;0
DESCONOCIDA;3.5.-Otros contra la libertad sexual;2011;0
DESCONOCIDA;3.5.-Otros contra la libertad sexual;2010;0
DESCONOCIDA;4. RELACIONES FAMILIARES;2023;0
DESCONOCIDA;4. RELACIONES FAMILIARES;2022;0
DESCONOCIDA;4. RELACIONES FAMILIARES;2021;0
DESCONOCIDA;4. RELACIONES FAMILIARES;2020;0
DESCONOCIDA;4. RELACIONES FAMILIARES;2019;0
DESCONOCIDA;4. RELACIONES FAMILIARES;2018;0
DESCONOCIDA;4. RELACIONES FAMILIARES;2017;0
DESCONOCIDA;4. RELACIONES FAMILIARES;2016;0
DESCONOCIDA;4. RELACIONES FAMILIARES;2015;0
DESCONOCIDA;4. RELACIONES FAMILIARES;2014;0
DESCONOCIDA;4. RELACIONES FAMILIARES;2013;0
DESCONOCIDA;4. RELACIONES FAMILIARES;2012;0
DESCONOCIDA;4. RELACIONES FAMILIARES;2011;0
DESCONOCIDA;4. RELACIONES FAMILIARES;2010;2
DESCONOCIDA;5. PATRIMONIO;2023;0
DESCONOCIDA;5. PATRIMONIO;2022;0
DESCONOCIDA;5. PATRIMONIO;2021;0
DESCONOCIDA;5. PATRIMONIO;2020;0
DESCONOCIDA;5. PATRIMONIO;2019;0
DESCONOCIDA;5. PATRIMONIO;2018;0
DESCONOCIDA;5. PATRIMONIO;2017;0
DESCONOCIDA;5. PATRIMONIO;2016;0
DESCONOCIDA;5. PATRIMONIO;2015;0
DESCONOCIDA;5. PATRIMONIO;2014;0
DESCONOCIDA;5. PATRIMONIO;2013;0
DESCONOCIDA;5. PATRIMONIO;2012;0
DESCONOCIDA;5. PATRIMONIO;2011;118
DESCONOCIDA;5. PATRIMONIO;2010;897
DESCONOCIDA;5.1.-Hurtos;2023;0
DESCONOCIDA;5.1.-Hurtos;2022;0
DESCONOCIDA;5.1.-Hurtos;2021;0
DESCONOCIDA;5.1.-Hurtos;2020;0
DESCONOCIDA;5.1.-Hurtos;2019;0
DESCONOCIDA;5.1.-Hurtos;2018;0
DESCONOCIDA;5.1.-Hurtos;2017;0
DESCONOCIDA;5.1.-Hurtos;2016;0
DESCONOCIDA;5.1.-Hurtos;2015;0
DESCONOCIDA;5.1.-Hurtos;2014;0
DESCONOCIDA;5.1.-Hurtos;2013;0
DESCONOCIDA;5.1.-Hurtos;2012;0
DESCONOCIDA;5.1.-Hurtos;2011;46
DESCONOCIDA;5.1.-Hurtos;2010;188
DESCONOCIDA;5.2.-Robos con fuerza en las cosas;2023;0
DESCONOCIDA;5.2.-Robos con fuerza en las cosas;2022;0
DESCONOCIDA;5.2.-Robos con fuerza en las cosas;2021;0
DESCONOCIDA;5.2.-Robos con fuerza en las cosas;2020;0
DESCONOCIDA;5.2.-Robos con fuerza en las cosas;2019;0
DESCONOCIDA;5.2.-Robos con fuerza en las cosas;2018;0
DESCONOCIDA;5.2.-Robos con fuerza en las cosas;2017;0
DESCONOCIDA;5.2.-Robos con fuerza en las cosas;2016;0
DESCONOCIDA;5.2.-Robos con fuerza en las cosas;2015;0
DESCONOCIDA;5.2.-Robos con fuerza en las cosas;2014;0
DESCONOCIDA;5.2.-Robos con fuerza en las cosas;2013;0
DESCONOCIDA;5.2.-Robos con fuerza en las cosas;2012;0
DESCONOCIDA;5.2.-Robos con fuerza en las cosas;2011;23
DESCONOCIDA;5.2.-Robos con fuerza en las cosas;2010;218
DESCONOCIDA;5.2.1.-Robos con fuerza en las cosas en el interior de vehículos;2023;0
DESCONOCIDA;5.2.1.-Robos con fuerza en las cosas en el interior de vehículos;2022;0
DESCONOCIDA;5.2.1.-Robos con fuerza en las cosas en el interior de vehículos;2021;0
DESCONOCIDA;5.2.1.-Robos con fuerza en las cosas en el interior de vehículos;2020;0
DESCONOCIDA;5.2.1.-Robos con fuerza en las cosas en el interior de vehículos;2019;0
DESCONOCIDA;5.2.1.-Robos con fuerza en las cosas en el interior de vehículos;2018;0
DESCONOCIDA;5.2.1.-Robos con fuerza en las cosas en el interior de vehículos;2017;0
DESCONOCIDA;5.2.1.-Robos con fuerza en las cosas en el interior de vehículos;2016;0
DESCONOCIDA;5.2.1.-Robos con fuerza en las cosas en el interior de vehículos;2015;0
DESCONOCIDA;5.2.1.-Robos con fuerza en las cosas en el interior de vehículos;2014;0
DESCONOCIDA;5.2.1.-Robos con fuerza en las cosas en el interior de vehículos;2013;0
DESCONOCIDA;5.2.1.-Robos con fuerza en las cosas en el interior de vehículos;2012;0
DESCONOCIDA;5.2.1.-Robos con fuerza en las cosas en el interior de vehículos;2011;10
DESCONOCIDA;5.2.1.-Robos con fuerza en las cosas en el interior de vehículos;2010;0
DESCONOCIDA;5.2.2.-Robos con fuerza en viviendas;2023;0
DESCONOCIDA;5.2.2.-Robos con fuerza en viviendas;2022;0
DESCONOCIDA;5.2.2.-Robos con fuerza en viviendas;2021;0
DESCONOCIDA;5.2.2.-Robos con fuerza en viviendas;2020;0
DESCONOCIDA;5.2.2.-Robos con fuerza en viviendas;2019;0
DESCONOCIDA;5.2.2.-Robos con fuerza en viviendas;2018;0
DESCONOCIDA;5.2.2.-Robos con fuerza en viviendas;2017;0
DESCONOCIDA;5.2.2.-Robos con fuerza en viviendas;2016;0
DESCONOCIDA;5.2.2.-Robos con fuerza en viviendas;2015;0
DESCONOCIDA;5.2.2.-Robos con fuerza en viviendas;2014;0
DESCONOCIDA;5.2.2.-Robos con fuerza en viviendas;2013;0
DESCONOCIDA;5.2.2.-Robos con fuerza en viviendas;2012;0
DESCONOCIDA;5.2.2.-Robos con fuerza en viviendas;2011;0
DESCONOCIDA;5.2.2.-Robos con fuerza en viviendas;2010;3
DESCONOCIDA;5.2.3.-Robos con fuerza en establecimientos;2023;0
DESCONOCIDA;5.2.3.-Robos con fuerza en establecimientos;2022;0
DESCONOCIDA;5.2.3.-Robos con fuerza en establecimientos;2021;0
DESCONOCIDA;5.2.3.-Robos con fuerza en establecimientos;2020;0
DESCONOCIDA;5.2.3.-Robos con fuerza en establecimientos;2019;0
DESCONOCIDA;5.2.3.-Robos con fuerza en establecimientos;2018;0
DESCONOCIDA;5.2.3.-Robos con fuerza en establecimientos;2017;0
DESCONOCIDA;5.2.3.-Robos con fuerza en establecimientos;2016;0
DESCONOCIDA;5.2.3.-Robos con fuerza en establecimientos;2015;0
DESCONOCIDA;5.2.3.-Robos con fuerza en establecimientos;2014;0
DESCONOCIDA;5.2.3.-Robos con fuerza en establecimientos;2013;0
DESCONOCIDA;5.2.3.-Robos con fuerza en establecimientos;2012;0
DESCONOCIDA;5.2.3.-Robos con fuerza en establecimientos;2011;3
DESCONOCIDA;5.2.3.-Robos con fuerza en establecimientos;2010;30
DESCONOCIDA;5.3.-Robos con violencia o intimidación;2023;0
DESCONOCIDA;5.3.-Robos con violencia o intimidación;2022;0
DESCONOCIDA;5.3.-Robos con violencia o intimidación;2021;0
DESCONOCIDA;5.3.-Robos con violencia o intimidación;2020;0
DESCONOCIDA;5.3.-Robos con violencia o intimidación;2019;0
DESCONOCIDA;5.3.-Robos con violencia o intimidación;2018;0
DESCONOCIDA;5.3.-Robos con violencia o intimidación;2017;0
DESCONOCIDA;5.3.-Robos con violencia o intimidación;2016;0
DESCONOCIDA;5.3.-Robos con violencia o intimidación;2015;0
DESCONOCIDA;5.3.-Robos con violencia o intimidación;2014;0
DESCONOCIDA;5.3.-Robos con violencia o intimidación;2013;0
DESCONOCIDA;5.3.-Robos con violencia o intimidación;2012;0
DESCONOCIDA;5.3.-Robos con violencia o intimidación;2011;4
DESCONOCIDA;5.3.-Robos con violencia o intimidación;2010;5
DESCONOCIDA;5.3.1.-Robos con violencia en vía pública;2023;0
DESCONOCIDA;5.3.1.-Robos con violencia en vía pública;2022;0
DESCONOCIDA;5.3.1.-Robos con violencia en vía pública;2021;0
DESCONOCIDA;5.3.1.-Robos con violencia en vía pública;2020;0
DESCONOCIDA;5.3.1.-Robos con violencia en vía pública;2019;0
DESCONOCIDA;5.3.1.-Robos con violencia en vía pública;2018;0
DESCONOCIDA;5.3.1.-Robos con violencia en vía pública;2017;0
DESCONOCIDA;5.3.1.-Robos con violencia en vía pública;2016;0
DESCONOCIDA;5.3.1.-Robos con violencia en vía pública;2015;0
DESCONOCIDA;5.3.1.-Robos con violencia en vía pública;2014;0
DESCONOCIDA;5.3.1.-Robos con violencia en vía pública;2013;0
DESCONOCIDA;5.3.1.-Robos con violencia en vía pública;2012;0
DESCONOCIDA;5.3.1.-Robos con violencia en vía pública;2011;0
DESCONOCIDA;5.3.1.-Robos con violencia en vía pública;2010;2
DESCONOCIDA;5.3.2.-Robos con violencia en viviendas;2023;0
DESCONOCIDA;5.3.2.-Robos con violencia en viviendas;2022;0
DESCONOCIDA;5.3.2.-Robos con violencia en viviendas;2021;0
DESCONOCIDA;5.3.2.-Robos con violencia en viviendas;2020;0
DESCONOCIDA;5.3.2.-Robos con violencia en viviendas;2019;0
DESCONOCIDA;5.3.2.-Robos con violencia en viviendas;2018;0
DESCONOCIDA;5.3.2.-Robos con violencia en viviendas;2017;0
DESCONOCIDA;5.3.2.-Robos con violencia en viviendas;2016;0
DESCONOCIDA;5.3.2.-Robos con violencia en viviendas;2015;0
DESCONOCIDA;5.3.2.-Robos con violencia en viviendas;2014;0
DESCONOCIDA;5.3.2.-Robos con violencia en viviendas;2013;0
DESCONOCIDA;5.3.2.-Robos con violencia en viviendas;2012;0
DESCONOCIDA;5.3.2.-Robos con violencia en viviendas;2011;0
DESCONOCIDA;5.3.2.-Robos con violencia en viviendas;2010;1
DESCONOCIDA;5.3.3.-Robos con violencia en establecimientos;2023;0
DESCONOCIDA;5.3.3.-Robos con violencia en establecimientos;2022;0
DESCONOCIDA;5.3.3.-Robos con violencia en establecimientos;2021;0
DESCONOCIDA;5.3.3.-Robos con violencia en establecimientos;2020;0
DESCONOCIDA;5.3.3.-Robos con violencia en establecimientos;2019;0
DESCONOCIDA;5.3.3.-Robos con violencia en establecimientos;2018;0
DESCONOCIDA;5.3.3.-Robos con violencia en establecimientos;2017;0
DESCONOCIDA;5.3.3.-Robos con violencia en establecimientos;2016;0
DESCONOCIDA;5.3.3.-Robos con violencia en establecimientos;2015;0
DESCONOCIDA;5.3.3.-Robos con violencia en establecimientos;2014;0
DESCONOCIDA;5.3.3.-Robos con violencia en establecimientos;2013;0
DESCONOCIDA;5.3.3.-Robos con violencia en establecimientos;2012;0
DESCONOCIDA;5.3.3.-Robos con violencia en establecimientos;2011;0
DESCONOCIDA;5.3.3.-Robos con violencia en establecimientos;2010;0
DESCONOCIDA;5.4.-Sustracción de vehículos;2023;0
DESCONOCIDA;5.4.-Sustracción de vehículos;2022;0
DESCONOCIDA;5.4.-Sustracción de vehículos;2021;0
DESCONOCIDA;5.4.-Sustracción de vehículos;2020;0
DESCONOCIDA;5.4.-Sustracción de vehículos;2019;0
DESCONOCIDA;5.4.-Sustracción de vehículos;2018;0
DESCONOCIDA;5.4.-Sustracción de vehículos;2017;0
DESCONOCIDA;5.4.-Sustracción de vehículos;2016;0
DESCONOCIDA;5.4.-Sustracción de vehículos;2015;0
DESCONOCIDA;5.4.-Sustracción de vehículos;2014;0
DESCONOCIDA;5.4.-Sustracción de vehículos;2013;0
DESCONOCIDA;5.4.-Sustracción de vehículos;2012;0
DESCONOCIDA;5.4.-Sustracción de vehículos;2011;2
DESCONOCIDA;5.4.-Sustracción de vehículos;2010;11
DESCONOCIDA;5.5.-Estafas;2023;0
DESCONOCIDA;5.5.-Estafas;2022;0
DESCONOCIDA;5.5.-Estafas;2021;0
DESCONOCIDA;5.5.-Estafas;2020;0
DESCONOCIDA;5.5.-Estafas;2019;0
DESCONOCIDA;5.5.-Estafas;2018;0
DESCONOCIDA;5.5.-Estafas;2017;0
DESCONOCIDA;5.5.-Estafas;2016;0
DESCONOCIDA;5.5.-Estafas;2015;0
DESCONOCIDA;5.5.-Estafas;2014;0
DESCONOCIDA;5.5.-Estafas;2013;0
DESCONOCIDA;5.5.-Estafas;2012;0
DESCONOCIDA;5.5.-Estafas;2011;30
DESCONOCIDA;5.5.-Estafas;2010;446
DESCONOCIDA;5.5.1.-Estafas informáticas;2023;0
DESCONOCIDA;5.5.1.-Estafas informáticas;2022;0
DESCONOCIDA;5.5.1.-Estafas informáticas;2021;0
DESCONOCIDA;5.5.1.-Estafas informáticas;2020;0
DESCONOCIDA;5.5.1.-Estafas informáticas;2019;0
DESCONOCIDA;5.5.1.-Estafas informáticas;2018;0
DESCONOCIDA;5.5.1.-Estafas informáticas;2017;0
DESCONOCIDA;5.5.1.-Estafas informáticas;2016;0
DESCONOCIDA;5.5.1.-Estafas informáticas;2015;0
DESCONOCIDA;5.5.1.-Estafas informáticas;2014;0
DESCONOCIDA;5.5.1.-Estafas informáticas;2013;0
DESCONOCIDA;5.5.1.-Estafas informáticas;2012;0
DESCONOCIDA;5.5.1.-Estafas informáticas;2011;13
DESCONOCIDA;5.5.1.-Estafas informáticas;2010;168
DESCONOCIDA;5.6.-Daños;2023;0
DESCONOCIDA;5.6.-Daños;2022;0
DESCONOCIDA;5.6.-Daños;2021;0
DESCONOCIDA;5.6.-Daños;2020;0
DESCONOCIDA;5.6.-Daños;2019;0
DESCONOCIDA;5.6.-Daños;2018;0
DESCONOCIDA;5.6.-Daños;2017;0
DESCONOCIDA;5.6.-Daños;2016;0
DESCONOCIDA;5.6.-Daños;2015;0
DESCONOCIDA;5.6.-Daños;2014;0
DESCONOCIDA;5.6.-Daños;2013;0
DESCONOCIDA;5.6.-Daños;2012;0
DESCONOCIDA;5.6.-Daños;2011;9
DESCONOCIDA;5.6.-Daños;2010;4
DESCONOCIDA;5.7.-Contra la propiedad intelectual/industrial;2023;0
DESCONOCIDA;5.7.-Contra la propiedad intelectual/industrial;2022;0
DESCONOCIDA;5.7.-Contra la propiedad intelectual/industrial;2021;0
DESCONOCIDA;5.7.-Contra la propiedad intelectual/industrial;2020;0
DESCONOCIDA;5.7.-Contra la propiedad intelectual/industrial;2019;0
DESCONOCIDA;5.7.-Contra la propiedad intelectual/industrial;2018;0
DESCONOCIDA;5.7.-Contra la propiedad intelectual/industrial;2017;0
DESCONOCIDA;5.7.-Contra la propiedad intelectual/industrial;2016;0
DESCONOCIDA;5.7.-Contra la propiedad intelectual/industrial;2015;0
DESCONOCIDA;5.7.-Contra la propiedad intelectual/industrial;2014;0
DESCONOCIDA;5.7.-Contra la propiedad intelectual/industrial;2013;0
DESCONOCIDA;5.7.-Contra la propiedad intelectual/industrial;2012;0
DESCONOCIDA;5.7.-Contra la propiedad intelectual/industrial;2011;0
DESCONOCIDA;5.7.-Contra la propiedad intelectual/industrial;2010;1
DESCONOCIDA;5.8.-Blanqueo de capitales;2023;0
DESCONOCIDA;5.8.-Blanqueo de capitales;2022;0
DESCONOCIDA;5.8.-Blanqueo de capitales;2021;0
DESCONOCIDA;5.8.-Blanqueo de capitales;2020;0
DESCONOCIDA;5.8.-Blanqueo de capitales;2019;0
DESCONOCIDA;5.8.-Blanqueo de capitales;2018;0
DESCONOCIDA;5.8.-Blanqueo de capitales;2017;0
DESCONOCIDA;5.8.-Blanqueo de capitales;2016;0
DESCONOCIDA;5.8.-Blanqueo de capitales;2015;0
DESCONOCIDA;5.8.-Blanqueo de capitales;2014;0
DESCONOCIDA;5.8.-Blanqueo de capitales;2013;0
DESCONOCIDA;5.8.-Blanqueo de capitales;2012;0
DESCONOCIDA;5.8.-Blanqueo de capitales;2011;0
DESCONOCIDA;5.8.-Blanqueo de capitales;2010;0
DESCONOCIDA;5.9.-Otros contra el patrimonio;2023;0
DESCONOCIDA;5.9.-Otros contra el patrimonio;2022;0
DESCONOCIDA;5.9.-Otros contra el patrimonio;2021;0
DESCONOCIDA;5.9.-Otros contra el patrimonio;2020;0
DESCONOCIDA;5.9.-Otros contra el patrimonio;2019;0
DESCONOCIDA;5.9.-Otros contra el patrimonio;2018;0
DESCONOCIDA;5.9.-Otros contra el patrimonio;2017;0
DESCONOCIDA;5.9.-Otros contra el patrimonio;2016;0
DESCONOCIDA;5.9.-Otros contra el patrimonio;2015;0
DESCONOCIDA;5.9.-Otros contra el patrimonio;2014;0
DESCONOCIDA;5.9.-Otros contra el patrimonio;2013;0
DESCONOCIDA;5.9.-Otros contra el patrimonio;2012;0
DESCONOCIDA;5.9.-Otros contra el patrimonio;2011;4
DESCONOCIDA;5.9.-Otros contra el patrimonio;2010;24
DESCONOCIDA;6. SEGURIDAD COLECTIVA;2023;0
DESCONOCIDA;6. SEGURIDAD COLECTIVA;2022;0
DESCONOCIDA;6. SEGURIDAD COLECTIVA;2021;0
DESCONOCIDA;6. SEGURIDAD COLECTIVA;2020;0
DESCONOCIDA;6. SEGURIDAD COLECTIVA;2019;0
DESCONOCIDA;6. SEGURIDAD COLECTIVA;2018;0
DESCONOCIDA;6. SEGURIDAD COLECTIVA;2017;0
DESCONOCIDA;6. SEGURIDAD COLECTIVA;2016;0
DESCONOCIDA;6. SEGURIDAD COLECTIVA;2015;0
DESCONOCIDA;6. SEGURIDAD COLECTIVA;2014;0
DESCONOCIDA;6. SEGURIDAD COLECTIVA;2013;0
DESCONOCIDA;6. SEGURIDAD COLECTIVA;2012;0
DESCONOCIDA;6. SEGURIDAD COLECTIVA;2011;7
DESCONOCIDA;6. SEGURIDAD COLECTIVA;2010;1
DESCONOCIDA;6.1.-Tráfico de drogas;2023;0
DESCONOCIDA;6.1.-Tráfico de drogas;2022;0
DESCONOCIDA;6.1.-Tráfico de drogas;2021;0
DESCONOCIDA;6.1.-Tráfico de drogas;2020;0
DESCONOCIDA;6.1.-Tráfico de drogas;2019;0
DESCONOCIDA;6.1.-Tráfico de drogas;2018;0
DESCONOCIDA;6.1.-Tráfico de drogas;2017;0
DESCONOCIDA;6.1.-Tráfico de drogas;2016;0
DESCONOCIDA;6.1.-Tráfico de drogas;2015;0
DESCONOCIDA;6.1.-Tráfico de drogas;2014;0
DESCONOCIDA;6.1.-Tráfico de drogas;2013;0
DESCONOCIDA;6.1.-Tráfico de drogas;2012;0
DESCONOCIDA;6.1.-Tráfico de drogas;2011;7
DESCONOCIDA;6.1.-Tráfico de drogas;2010;1
DESCONOCIDA;6.2.-Contra la seguridad vial;2023;0
DESCONOCIDA;6.2.-Contra la seguridad vial;2022;0
DESCONOCIDA;6.2.-Contra la seguridad vial;2021;0
DESCONOCIDA;6.2.-Contra la seguridad vial;2020;0
DESCONOCIDA;6.2.-Contra la seguridad vial;2019;0
DESCONOCIDA;6.2.-Contra la seguridad vial;2018;0
DESCONOCIDA;6.2.-Contra la seguridad vial;2017;0
DESCONOCIDA;6.2.-Contra la seguridad vial;2016;0
DESCONOCIDA;6.2.-Contra la seguridad vial;2015;0
DESCONOCIDA;6.2.-Contra la seguridad vial;2014;0
DESCONOCIDA;6.2.-Contra la seguridad vial;2013;0
DESCONOCIDA;6.2.-Contra la seguridad vial;2012;0
DESCONOCIDA;6.2.-Contra la seguridad vial;2011;0
DESCONOCIDA;6.2.-Contra la seguridad vial;2010;0
DESCONOCIDA;6.3.-Otros contra la seguridad colectiva;2023;0
DESCONOCIDA;6.3.-Otros contra la seguridad colectiva;2022;0
DESCONOCIDA;6.3.-Otros contra la seguridad colectiva;2021;0
DESCONOCIDA;6.3.-Otros contra la seguridad colectiva;2020;0
DESCONOCIDA;6.3.-Otros contra la seguridad colectiva;2019;0
DESCONOCIDA;6.3.-Otros contra la seguridad colectiva;2018;0
DESCONOCIDA;6.3.-Otros contra la seguridad colectiva;2017;0
DESCONOCIDA;6.3.-Otros contra la seguridad colectiva;2016;0
DESCONOCIDA;6.3.-Otros contra la seguridad colectiva;2015;0
DESCONOCIDA;6.3.-Otros contra la seguridad colectiva;2014;0
DESCONOCIDA;6.3.-Otros contra la seguridad colectiva;2013;0
DESCONOCIDA;6.3.-Otros contra la seguridad colectiva;2012;0
DESCONOCIDA;6.3.-Otros contra la seguridad colectiva;2011;0
DESCONOCIDA;6.3.-Otros contra la seguridad colectiva;2010;0
DESCONOCIDA;7. FALSEDADES;2023;0
DESCONOCIDA;7. FALSEDADES;2022;0
DESCONOCIDA;7. FALSEDADES;2021;0
DESCONOCIDA;7. FALSEDADES;2020;0
DESCONOCIDA;7. FALSEDADES;2019;0
DESCONOCIDA;7. FALSEDADES;2018;0
DESCONOCIDA;7. FALSEDADES;2017;0
DESCONOCIDA;7. FALSEDADES;2016;0
DESCONOCIDA;7. FALSEDADES;2015;0
DESCONOCIDA;7. FALSEDADES;2014;0
DESCONOCIDA;7. FALSEDADES;2013;0
DESCONOCIDA;7. FALSEDADES;2012;0
DESCONOCIDA;7. FALSEDADES;2011;7
DESCONOCIDA;7. FALSEDADES;2010;6
DESCONOCIDA;8. ADMÓN. PÚBLICA;2023;0
DESCONOCIDA;8. ADMÓN. PÚBLICA;2022;0
DESCONOCIDA;8. ADMÓN. PÚBLICA;2021;0
DESCONOCIDA;8. ADMÓN. PÚBLICA;2020;0
DESCONOCIDA;8. ADMÓN. PÚBLICA;2019;0
DESCONOCIDA;8. ADMÓN. PÚBLICA;2018;0
DESCONOCIDA;8. ADMÓN. PÚBLICA;2017;0
DESCONOCIDA;8. ADMÓN. PÚBLICA;2016;0
DESCONOCIDA;8. ADMÓN. PÚBLICA;2015;0
DESCONOCIDA;8. ADMÓN. PÚBLICA;2014;0
DESCONOCIDA;8. ADMÓN. PÚBLICA;2013;0
DESCONOCIDA;8. ADMÓN. PÚBLICA;2012;0
DESCONOCIDA;8. ADMÓN. PÚBLICA;2011;2
DESCONOCIDA;8. ADMÓN. PÚBLICA;2010;0
DESCONOCIDA;9. ADMÓN. JUSTICIA;2023;0
DESCONOCIDA;9. ADMÓN. JUSTICIA;2022;0
DESCONOCIDA;9. ADMÓN. JUSTICIA;2021;0
DESCONOCIDA;9. ADMÓN. JUSTICIA;2020;0
DESCONOCIDA;9. ADMÓN. JUSTICIA;2019;0
DESCONOCIDA;9. ADMÓN. JUSTICIA;2018;0
DESCONOCIDA;9. ADMÓN. JUSTICIA;2017;0
DESCONOCIDA;9. ADMÓN. JUSTICIA;2016;0
DESCONOCIDA;9. ADMÓN. JUSTICIA;2015;0
DESCONOCIDA;9. ADMÓN. JUSTICIA;2014;0
DESCONOCIDA;9. ADMÓN. JUSTICIA;2013;0
DESCONOCIDA;9. ADMÓN. JUSTICIA;2012;0
DESCONOCIDA;9. ADMÓN. JUSTICIA;2011;1
DESCONOCIDA;9. ADMÓN. JUSTICIA;2010;0
DESCONOCIDA;10. ORDEN PÚBLICO;2023;0
DESCONOCIDA;10. ORDEN PÚBLICO;2022;0
DESCONOCIDA;10. ORDEN PÚBLICO;2021;0
DESCONOCIDA;10. ORDEN PÚBLICO;2020;0
DESCONOCIDA;10. ORDEN PÚBLICO;2019;0
DESCONOCIDA;10. ORDEN PÚBLICO;2018;0
DESCONOCIDA;10. ORDEN PÚBLICO;2017;0
DESCONOCIDA;10. ORDEN PÚBLICO;2016;0
DESCONOCIDA;10. ORDEN PÚBLICO;2015;0
DESCONOCIDA;10. ORDEN PÚBLICO;2014;0
DESCONOCIDA;10. ORDEN PÚBLICO;2013;0
DESCONOCIDA;10. ORDEN PÚBLICO;2012;0
DESCONOCIDA;10. ORDEN PÚBLICO;2011;2
DESCONOCIDA;10. ORDEN PÚBLICO;2010;1
DESCONOCIDA;11. LEGISLACIÓN ESPECIAL;2023;0
DESCONOCIDA;11. LEGISLACIÓN ESPECIAL;2022;0
DESCONOCIDA;11. LEGISLACIÓN ESPECIAL;2021;0
DESCONOCIDA;11. LEGISLACIÓN ESPECIAL;2020;0
DESCONOCIDA;11. LEGISLACIÓN ESPECIAL;2019;0
DESCONOCIDA;11. LEGISLACIÓN ESPECIAL;2018;0
DESCONOCIDA;11. LEGISLACIÓN ESPECIAL;2017;0
DESCONOCIDA;11. LEGISLACIÓN ESPECIAL;2016;0
DESCONOCIDA;11. LEGISLACIÓN ESPECIAL;2015;0
DESCONOCIDA;11. LEGISLACIÓN ESPECIAL;2014;0
DESCONOCIDA;11. LEGISLACIÓN ESPECIAL;2013;0
DESCONOCIDA;11. LEGISLACIÓN ESPECIAL;2012;0
DESCONOCIDA;11. LEGISLACIÓN ESPECIAL;2011;0
DESCONOCIDA;11. LEGISLACIÓN ESPECIAL;2010;0
DESCONOCIDA;12. OTRAS INFRACCIONES PENALES;2023;0
DESCONOCIDA;12. OTRAS INFRACCIONES PENALES;2022;0
DESCONOCIDA;12. OTRAS INFRACCIONES PENALES;2021;0
DESCONOCIDA;12. OTRAS INFRACCIONES PENALES;2020;0
DESCONOCIDA;12. OTRAS INFRACCIONES PENALES;2019;0
DESCONOCIDA;12. OTRAS INFRACCIONES PENALES;2018;0
DESCONOCIDA;12. OTRAS INFRACCIONES PENALES;2017;0
DESCONOCIDA;12. OTRAS INFRACCIONES PENALES;2016;0
DESCONOCIDA;12. OTRAS INFRACCIONES PENALES;2015;0
DESCONOCIDA;12. OTRAS INFRACCIONES PENALES;2014;0
DESCONOCIDA;12. OTRAS INFRACCIONES PENALES;2013;0
DESCONOCIDA;12. OTRAS INFRACCIONES PENALES;2012;0
DESCONOCIDA;12. OTRAS INFRACCIONES PENALES;2011;6
DESCONOCIDA;12. OTRAS INFRACCIONES PENALES;2010;2
DESCONOCIDA;TOTAL INFRACCIONES PENALES;2023;0
DESCONOCIDA;TOTAL INFRACCIONES PENALES;2022;0
DESCONOCIDA;TOTAL INFRACCIONES PENALES;2021;0
DESCONOCIDA;TOTAL INFRACCIONES PENALES;2020;0
DESCONOCIDA;TOTAL INFRACCIONES PENALES;2019;0
DESCONOCIDA;TOTAL INFRACCIONES PENALES;2018;0
DESCONOCIDA;TOTAL INFRACCIONES PENALES;2017;0
DESCONOCIDA;TOTAL INFRACCIONES PENALES;2016;0
DESCONOCIDA;TOTAL INFRACCIONES PENALES;2015;0
DESCONOCIDA;TOTAL INFRACCIONES PENALES;2014;0
DESCONOCIDA;TOTAL INFRACCIONES PENALES;2013;0
DESCONOCIDA;TOTAL INFRACCIONES PENALES;2012;0
DESCONOCIDA;TOTAL INFRACCIONES PENALES;2011;153
DESCONOCIDA;TOTAL INFRACCIONES PENALES;2010;925
