Comunidades autónomas;Tipología penal;periodo;Total
TOTAL NACIONAL;1. CONTRA LAS PERSONAS;2023;195.302
TOTAL NACIONAL;1. CONTRA LAS PERSONAS;2022;181.894
TOTAL NACIONAL;1. CONTRA LAS PERSONAS;2021;159.540
TOTAL NACIONAL;1. CONTRA LAS PERSONAS;2020;141.869
TOTAL NACIONAL;1. CONTRA LAS PERSONAS;2019;159.909
TOTAL NACIONAL;1. CONTRA LAS PERSONAS;2018;153.525
TOTAL NACIONAL;1. CONTRA LAS PERSONAS;2017;150.363
TOTAL NACIONAL;1. CONTRA LAS PERSONAS;2016;145.212
TOTAL NACIONAL;1. CONTRA LAS PERSONAS;2015;189.246
TOTAL NACIONAL;1. CONTRA LAS PERSONAS;2014;233.846
TOTAL NACIONAL;1. CONTRA LAS PERSONAS;2013;230.390
TOTAL NACIONAL;1. CONTRA LAS PERSONAS;2012;237.300
TOTAL NACIONAL;1. CONTRA LAS PERSONAS;2011;244.461
TOTAL NACIONAL;1. CONTRA LAS PERSONAS;2010;244.533
TOTAL NACIONAL;1.1.-Homicidios dolosos/asesinatos;2023;1.544
TOTAL NACIONAL;1.1.-Homicidios dolosos/asesinatos;2022;1.384
TOTAL NACIONAL;1.1.-Homicidios dolosos/asesinatos;2021;1.165
TOTAL NACIONAL;1.1.-Homicidios dolosos/asesinatos;2020;1.101
TOTAL NACIONAL;1.1.-Homicidios dolosos/asesinatos;2019;1.090
TOTAL NACIONAL;1.1.-Homicidios dolosos/asesinatos;2018;1.008
TOTAL NACIONAL;1.1.-Homicidios dolosos/asesinatos;2017;1.029
TOTAL NACIONAL;1.1.-Homicidios dolosos/asesinatos;2016;1.019
TOTAL NACIONAL;1.1.-Homicidios dolosos/asesinatos;2015;893
TOTAL NACIONAL;1.1.-Homicidios dolosos/asesinatos;2014;950
TOTAL NACIONAL;1.1.-Homicidios dolosos/asesinatos;2013;889
TOTAL NACIONAL;1.1.-Homicidios dolosos/asesinatos;2012;1.031
TOTAL NACIONAL;1.1.-Homicidios dolosos/asesinatos;2011;1.107
TOTAL NACIONAL;1.1.-Homicidios dolosos/asesinatos;2010;1.103
TOTAL NACIONAL;1.1.1.-Homicidios dolosos/asesinatos consumados;2023;315
TOTAL NACIONAL;1.1.1.-Homicidios dolosos/asesinatos consumados;2022;319
TOTAL NACIONAL;1.1.1.-Homicidios dolosos/asesinatos consumados;2021;261
TOTAL NACIONAL;1.1.1.-Homicidios dolosos/asesinatos consumados;2020;279
TOTAL NACIONAL;1.1.1.-Homicidios dolosos/asesinatos consumados;2019;254
TOTAL NACIONAL;1.1.1.-Homicidios dolosos/asesinatos consumados;2018;227
TOTAL NACIONAL;1.1.1.-Homicidios dolosos/asesinatos consumados;2017;236
TOTAL NACIONAL;1.1.1.-Homicidios dolosos/asesinatos consumados;2016;210
TOTAL NACIONAL;1.1.1.-Homicidios dolosos/asesinatos consumados;2015;244
TOTAL NACIONAL;1.1.1.-Homicidios dolosos/asesinatos consumados;2014;232
TOTAL NACIONAL;1.1.1.-Homicidios dolosos/asesinatos consumados;2013;228
TOTAL NACIONAL;1.1.1.-Homicidios dolosos/asesinatos consumados;2012;252
TOTAL NACIONAL;1.1.1.-Homicidios dolosos/asesinatos consumados;2011;271
TOTAL NACIONAL;1.1.1.-Homicidios dolosos/asesinatos consumados;2010;281
TOTAL NACIONAL;1.2.-Lesiones;2023;90.444
TOTAL NACIONAL;1.2.-Lesiones;2022;86.577
TOTAL NACIONAL;1.2.-Lesiones;2021;74.813
TOTAL NACIONAL;1.2.-Lesiones;2020;64.416
TOTAL NACIONAL;1.2.-Lesiones;2019;79.537
TOTAL NACIONAL;1.2.-Lesiones;2018;78.214
TOTAL NACIONAL;1.2.-Lesiones;2017;78.624
TOTAL NACIONAL;1.2.-Lesiones;2016;77.292
TOTAL NACIONAL;1.2.-Lesiones;2015;76.483
TOTAL NACIONAL;1.2.-Lesiones;2014;78.117
TOTAL NACIONAL;1.2.-Lesiones;2013;80.397
TOTAL NACIONAL;1.2.-Lesiones;2012;83.307
TOTAL NACIONAL;1.2.-Lesiones;2011;86.806
TOTAL NACIONAL;1.2.-Lesiones;2010;88.238
TOTAL NACIONAL;1.3.-Malos tratos ámbito familiar;2023;98.901
TOTAL NACIONAL;1.3.-Malos tratos ámbito familiar;2022;90.267
TOTAL NACIONAL;1.3.-Malos tratos ámbito familiar;2021;80.426
TOTAL NACIONAL;1.3.-Malos tratos ámbito familiar;2020;73.699
TOTAL NACIONAL;1.3.-Malos tratos ámbito familiar;2019;76.160
TOTAL NACIONAL;1.3.-Malos tratos ámbito familiar;2018;71.414
TOTAL NACIONAL;1.3.-Malos tratos ámbito familiar;2017;68.589
TOTAL NACIONAL;1.3.-Malos tratos ámbito familiar;2016;65.493
TOTAL NACIONAL;1.3.-Malos tratos ámbito familiar;2015;63.117
TOTAL NACIONAL;1.3.-Malos tratos ámbito familiar;2014;61.442
TOTAL NACIONAL;1.3.-Malos tratos ámbito familiar;2013;58.989
TOTAL NACIONAL;1.3.-Malos tratos ámbito familiar;2012;58.903
TOTAL NACIONAL;1.3.-Malos tratos ámbito familiar;2011;61.043
TOTAL NACIONAL;1.3.-Malos tratos ámbito familiar;2010;59.593
TOTAL NACIONAL;1.4.-Otros contra las personas;2023;4.413
TOTAL NACIONAL;1.4.-Otros contra las personas;2022;3.666
TOTAL NACIONAL;1.4.-Otros contra las personas;2021;3.136
TOTAL NACIONAL;1.4.-Otros contra las personas;2020;2.653
TOTAL NACIONAL;1.4.-Otros contra las personas;2019;3.122
TOTAL NACIONAL;1.4.-Otros contra las personas;2018;2.889
TOTAL NACIONAL;1.4.-Otros contra las personas;2017;2.121
TOTAL NACIONAL;1.4.-Otros contra las personas;2016;1.408
TOTAL NACIONAL;1.4.-Otros contra las personas;2015;48.753
TOTAL NACIONAL;1.4.-Otros contra las personas;2014;93.337
TOTAL NACIONAL;1.4.-Otros contra las personas;2013;90.115
TOTAL NACIONAL;1.4.-Otros contra las personas;2012;94.059
TOTAL NACIONAL;1.4.-Otros contra las personas;2011;95.505
TOTAL NACIONAL;1.4.-Otros contra las personas;2010;95.599
TOTAL NACIONAL;2. CONTRA LA LIBERTAD;2023;120.003
TOTAL NACIONAL;2. CONTRA LA LIBERTAD;2022;107.702
TOTAL NACIONAL;2. CONTRA LA LIBERTAD;2021;104.418
TOTAL NACIONAL;2. CONTRA LA LIBERTAD;2020;94.335
TOTAL NACIONAL;2. CONTRA LA LIBERTAD;2019;96.246
TOTAL NACIONAL;2. CONTRA LA LIBERTAD;2018;92.985
TOTAL NACIONAL;2. CONTRA LA LIBERTAD;2017;93.015
TOTAL NACIONAL;2. CONTRA LA LIBERTAD;2016;89.305
TOTAL NACIONAL;2. CONTRA LA LIBERTAD;2015;60.388
TOTAL NACIONAL;2. CONTRA LA LIBERTAD;2014;34.292
TOTAL NACIONAL;2. CONTRA LA LIBERTAD;2013;35.164
TOTAL NACIONAL;2. CONTRA LA LIBERTAD;2012;35.858
TOTAL NACIONAL;2. CONTRA LA LIBERTAD;2011;36.522
TOTAL NACIONAL;2. CONTRA LA LIBERTAD;2010;34.862
TOTAL NACIONAL;2.1.-Malos tratos habituales en el ámbito familiar;2023;14.705
TOTAL NACIONAL;2.1.-Malos tratos habituales en el ámbito familiar;2022;13.288
TOTAL NACIONAL;2.1.-Malos tratos habituales en el ámbito familiar;2021;12.617
TOTAL NACIONAL;2.1.-Malos tratos habituales en el ámbito familiar;2020;11.329
TOTAL NACIONAL;2.1.-Malos tratos habituales en el ámbito familiar;2019;11.860
TOTAL NACIONAL;2.1.-Malos tratos habituales en el ámbito familiar;2018;11.347
TOTAL NACIONAL;2.1.-Malos tratos habituales en el ámbito familiar;2017;11.379
TOTAL NACIONAL;2.1.-Malos tratos habituales en el ámbito familiar;2016;11.489
TOTAL NACIONAL;2.1.-Malos tratos habituales en el ámbito familiar;2015;12.230
TOTAL NACIONAL;2.1.-Malos tratos habituales en el ámbito familiar;2014;12.410
TOTAL NACIONAL;2.1.-Malos tratos habituales en el ámbito familiar;2013;13.344
TOTAL NACIONAL;2.1.-Malos tratos habituales en el ámbito familiar;2012;14.114
TOTAL NACIONAL;2.1.-Malos tratos habituales en el ámbito familiar;2011;14.324
TOTAL NACIONAL;2.1.-Malos tratos habituales en el ámbito familiar;2010;14.403
TOTAL NACIONAL;2.2.-Otros contra la libertad;2023;105.298
TOTAL NACIONAL;2.2.-Otros contra la libertad;2022;94.414
TOTAL NACIONAL;2.2.-Otros contra la libertad;2021;91.801
TOTAL NACIONAL;2.2.-Otros contra la libertad;2020;83.006
TOTAL NACIONAL;2.2.-Otros contra la libertad;2019;84.386
TOTAL NACIONAL;2.2.-Otros contra la libertad;2018;81.638
TOTAL NACIONAL;2.2.-Otros contra la libertad;2017;81.636
TOTAL NACIONAL;2.2.-Otros contra la libertad;2016;77.816
TOTAL NACIONAL;2.2.-Otros contra la libertad;2015;48.158
TOTAL NACIONAL;2.2.-Otros contra la libertad;2014;21.882
TOTAL NACIONAL;2.2.-Otros contra la libertad;2013;21.820
TOTAL NACIONAL;2.2.-Otros contra la libertad;2012;21.744
TOTAL NACIONAL;2.2.-Otros contra la libertad;2011;22.198
TOTAL NACIONAL;2.2.-Otros contra la libertad;2010;20.459
TOTAL NACIONAL;3. LIBERTAD SEXUAL;2023;17.064
TOTAL NACIONAL;3. LIBERTAD SEXUAL;2022;14.555
TOTAL NACIONAL;3. LIBERTAD SEXUAL;2021;13.253
TOTAL NACIONAL;3. LIBERTAD SEXUAL;2020;10.293
TOTAL NACIONAL;3. LIBERTAD SEXUAL;2019;11.887
TOTAL NACIONAL;3. LIBERTAD SEXUAL;2018;10.674
TOTAL NACIONAL;3. LIBERTAD SEXUAL;2017;8.894
TOTAL NACIONAL;3. LIBERTAD SEXUAL;2016;8.381
TOTAL NACIONAL;3. LIBERTAD SEXUAL;2015;7.500
TOTAL NACIONAL;3. LIBERTAD SEXUAL;2014;7.088
TOTAL NACIONAL;3. LIBERTAD SEXUAL;2013;6.766
TOTAL NACIONAL;3. LIBERTAD SEXUAL;2012;6.698
TOTAL NACIONAL;3. LIBERTAD SEXUAL;2011;7.155
TOTAL NACIONAL;3. LIBERTAD SEXUAL;2010;7.651
TOTAL NACIONAL;3.1.-Agresión sexual;2023;10.096
TOTAL NACIONAL;3.1.-Agresión sexual;2022;8.980
TOTAL NACIONAL;3.1.-Agresión sexual;2021;8.052
TOTAL NACIONAL;3.1.-Agresión sexual;2020;5.964
TOTAL NACIONAL;3.1.-Agresión sexual;2019;7.022
TOTAL NACIONAL;3.1.-Agresión sexual;2018;6.224
TOTAL NACIONAL;3.1.-Agresión sexual;2017;5.040
TOTAL NACIONAL;3.1.-Agresión sexual;2016;4.806
TOTAL NACIONAL;3.1.-Agresión sexual;2015;4.026
TOTAL NACIONAL;3.1.-Agresión sexual;2014;3.806
TOTAL NACIONAL;3.1.-Agresión sexual;2013;3.605
TOTAL NACIONAL;3.1.-Agresión sexual;2012;3.763
TOTAL NACIONAL;3.1.-Agresión sexual;2011;3.946
TOTAL NACIONAL;3.1.-Agresión sexual;2010;4.004
TOTAL NACIONAL;3.2.-Agresión sexual con penetración;2023;4.052
TOTAL NACIONAL;3.2.-Agresión sexual con penetración;2022;3.410
TOTAL NACIONAL;3.2.-Agresión sexual con penetración;2021;3.128
TOTAL NACIONAL;3.2.-Agresión sexual con penetración;2020;2.364
TOTAL NACIONAL;3.2.-Agresión sexual con penetración;2019;2.554
TOTAL NACIONAL;3.2.-Agresión sexual con penetración;2018;2.318
TOTAL NACIONAL;3.2.-Agresión sexual con penetración;2017;1.760
TOTAL NACIONAL;3.2.-Agresión sexual con penetración;2016;1.514
TOTAL NACIONAL;3.2.-Agresión sexual con penetración;2015;1.399
TOTAL NACIONAL;3.2.-Agresión sexual con penetración;2014;1.325
TOTAL NACIONAL;3.2.-Agresión sexual con penetración;2013;1.395
TOTAL NACIONAL;3.2.-Agresión sexual con penetración;2012;1.326
TOTAL NACIONAL;3.2.-Agresión sexual con penetración;2011;1.519
TOTAL NACIONAL;3.2.-Agresión sexual con penetración;2010;1.670
TOTAL NACIONAL;3.3.-Corrupción de menores o incapacitados;2023;269
TOTAL NACIONAL;3.3.-Corrupción de menores o incapacitados;2022;269
TOTAL NACIONAL;3.3.-Corrupción de menores o incapacitados;2021;239
TOTAL NACIONAL;3.3.-Corrupción de menores o incapacitados;2020;242
TOTAL NACIONAL;3.3.-Corrupción de menores o incapacitados;2019;276
TOTAL NACIONAL;3.3.-Corrupción de menores o incapacitados;2018;206
TOTAL NACIONAL;3.3.-Corrupción de menores o incapacitados;2017;333
TOTAL NACIONAL;3.3.-Corrupción de menores o incapacitados;2016;292
TOTAL NACIONAL;3.3.-Corrupción de menores o incapacitados;2015;358
TOTAL NACIONAL;3.3.-Corrupción de menores o incapacitados;2014;286
TOTAL NACIONAL;3.3.-Corrupción de menores o incapacitados;2013;253
TOTAL NACIONAL;3.3.-Corrupción de menores o incapacitados;2012;197
TOTAL NACIONAL;3.3.-Corrupción de menores o incapacitados;2011;173
TOTAL NACIONAL;3.3.-Corrupción de menores o incapacitados;2010;244
TOTAL NACIONAL;3.4.-Pornografía de menores;2023;670
TOTAL NACIONAL;3.4.-Pornografía de menores;2022;464
TOTAL NACIONAL;3.4.-Pornografía de menores;2021;502
TOTAL NACIONAL;3.4.-Pornografía de menores;2020;450
TOTAL NACIONAL;3.4.-Pornografía de menores;2019;620
TOTAL NACIONAL;3.4.-Pornografía de menores;2018;668
TOTAL NACIONAL;3.4.-Pornografía de menores;2017;518
TOTAL NACIONAL;3.4.-Pornografía de menores;2016;477
TOTAL NACIONAL;3.4.-Pornografía de menores;2015;540
TOTAL NACIONAL;3.4.-Pornografía de menores;2014;425
TOTAL NACIONAL;3.4.-Pornografía de menores;2013;305
TOTAL NACIONAL;3.4.-Pornografía de menores;2012;363
TOTAL NACIONAL;3.4.-Pornografía de menores;2011;348
TOTAL NACIONAL;3.4.-Pornografía de menores;2010;483
TOTAL NACIONAL;3.5.-Otros contra la libertad sexual;2023;1.977
TOTAL NACIONAL;3.5.-Otros contra la libertad sexual;2022;1.432
TOTAL NACIONAL;3.5.-Otros contra la libertad sexual;2021;1.332
TOTAL NACIONAL;3.5.-Otros contra la libertad sexual;2020;1.273
TOTAL NACIONAL;3.5.-Otros contra la libertad sexual;2019;1.415
TOTAL NACIONAL;3.5.-Otros contra la libertad sexual;2018;1.258
TOTAL NACIONAL;3.5.-Otros contra la libertad sexual;2017;1.243
TOTAL NACIONAL;3.5.-Otros contra la libertad sexual;2016;1.292
TOTAL NACIONAL;3.5.-Otros contra la libertad sexual;2015;1.177
TOTAL NACIONAL;3.5.-Otros contra la libertad sexual;2014;1.246
TOTAL NACIONAL;3.5.-Otros contra la libertad sexual;2013;1.208
TOTAL NACIONAL;3.5.-Otros contra la libertad sexual;2012;1.049
TOTAL NACIONAL;3.5.-Otros contra la libertad sexual;2011;1.169
TOTAL NACIONAL;3.5.-Otros contra la libertad sexual;2010;1.250
TOTAL NACIONAL;4. RELACIONES FAMILIARES;2023;7.043
TOTAL NACIONAL;4. RELACIONES FAMILIARES;2022;7.055
TOTAL NACIONAL;4. RELACIONES FAMILIARES;2021;6.970
TOTAL NACIONAL;4. RELACIONES FAMILIARES;2020;6.397
TOTAL NACIONAL;4. RELACIONES FAMILIARES;2019;6.846
TOTAL NACIONAL;4. RELACIONES FAMILIARES;2018;7.089
TOTAL NACIONAL;4. RELACIONES FAMILIARES;2017;7.401
TOTAL NACIONAL;4. RELACIONES FAMILIARES;2016;7.465
TOTAL NACIONAL;4. RELACIONES FAMILIARES;2015;8.794
TOTAL NACIONAL;4. RELACIONES FAMILIARES;2014;9.435
TOTAL NACIONAL;4. RELACIONES FAMILIARES;2013;9.143
TOTAL NACIONAL;4. RELACIONES FAMILIARES;2012;9.157
TOTAL NACIONAL;4. RELACIONES FAMILIARES;2011;7.977
TOTAL NACIONAL;4. RELACIONES FAMILIARES;2010;7.057
TOTAL NACIONAL;5. PATRIMONIO;2023;343.285
TOTAL NACIONAL;5. PATRIMONIO;2022;305.922
TOTAL NACIONAL;5. PATRIMONIO;2021;260.085
TOTAL NACIONAL;5. PATRIMONIO;2020;233.211
TOTAL NACIONAL;5. PATRIMONIO;2019;291.270
TOTAL NACIONAL;5. PATRIMONIO;2018;281.008
TOTAL NACIONAL;5. PATRIMONIO;2017;274.547
TOTAL NACIONAL;5. PATRIMONIO;2016;273.027
TOTAL NACIONAL;5. PATRIMONIO;2015;273.069
TOTAL NACIONAL;5. PATRIMONIO;2014;298.162
TOTAL NACIONAL;5. PATRIMONIO;2013;314.507
TOTAL NACIONAL;5. PATRIMONIO;2012;293.922
TOTAL NACIONAL;5. PATRIMONIO;2011;282.680
TOTAL NACIONAL;5. PATRIMONIO;2010;286.627
TOTAL NACIONAL;5.1.-Hurtos;2023;132.759
TOTAL NACIONAL;5.1.-Hurtos;2022;113.226
TOTAL NACIONAL;5.1.-Hurtos;2021;89.799
TOTAL NACIONAL;5.1.-Hurtos;2020;77.262
TOTAL NACIONAL;5.1.-Hurtos;2019;111.318
TOTAL NACIONAL;5.1.-Hurtos;2018;109.908
TOTAL NACIONAL;5.1.-Hurtos;2017;109.895
TOTAL NACIONAL;5.1.-Hurtos;2016;109.627
TOTAL NACIONAL;5.1.-Hurtos;2015;111.625
TOTAL NACIONAL;5.1.-Hurtos;2014;120.763
TOTAL NACIONAL;5.1.-Hurtos;2013;126.519
TOTAL NACIONAL;5.1.-Hurtos;2012;117.459
TOTAL NACIONAL;5.1.-Hurtos;2011;109.396
TOTAL NACIONAL;5.1.-Hurtos;2010;105.448
TOTAL NACIONAL;5.2.-Robos con fuerza en las cosas;2023;40.050
TOTAL NACIONAL;5.2.-Robos con fuerza en las cosas;2022;35.668
TOTAL NACIONAL;5.2.-Robos con fuerza en las cosas;2021;31.201
TOTAL NACIONAL;5.2.-Robos con fuerza en las cosas;2020;31.282
TOTAL NACIONAL;5.2.-Robos con fuerza en las cosas;2019;39.704
TOTAL NACIONAL;5.2.-Robos con fuerza en las cosas;2018;40.365
TOTAL NACIONAL;5.2.-Robos con fuerza en las cosas;2017;43.532
TOTAL NACIONAL;5.2.-Robos con fuerza en las cosas;2016;45.511
TOTAL NACIONAL;5.2.-Robos con fuerza en las cosas;2015;44.417
TOTAL NACIONAL;5.2.-Robos con fuerza en las cosas;2014;54.622
TOTAL NACIONAL;5.2.-Robos con fuerza en las cosas;2013;62.150
TOTAL NACIONAL;5.2.-Robos con fuerza en las cosas;2012;54.572
TOTAL NACIONAL;5.2.-Robos con fuerza en las cosas;2011;55.755
TOTAL NACIONAL;5.2.-Robos con fuerza en las cosas;2010;61.805
TOTAL NACIONAL;5.2.1.-Robos con fuerza en las cosas en el interior de vehículos;2023;10.438
TOTAL NACIONAL;5.2.1.-Robos con fuerza en las cosas en el interior de vehículos;2022;9.060
TOTAL NACIONAL;5.2.1.-Robos con fuerza en las cosas en el interior de vehículos;2021;7.742
TOTAL NACIONAL;5.2.1.-Robos con fuerza en las cosas en el interior de vehículos;2020;6.103
TOTAL NACIONAL;5.2.1.-Robos con fuerza en las cosas en el interior de vehículos;2019;8.567
TOTAL NACIONAL;5.2.1.-Robos con fuerza en las cosas en el interior de vehículos;2018;8.272
TOTAL NACIONAL;5.2.1.-Robos con fuerza en las cosas en el interior de vehículos;2017;10.239
TOTAL NACIONAL;5.2.1.-Robos con fuerza en las cosas en el interior de vehículos;2016;10.574
TOTAL NACIONAL;5.2.1.-Robos con fuerza en las cosas en el interior de vehículos;2015;9.754
TOTAL NACIONAL;5.2.1.-Robos con fuerza en las cosas en el interior de vehículos;2014;11.754
TOTAL NACIONAL;5.2.1.-Robos con fuerza en las cosas en el interior de vehículos;2013;13.496
TOTAL NACIONAL;5.2.1.-Robos con fuerza en las cosas en el interior de vehículos;2012;13.354
TOTAL NACIONAL;5.2.1.-Robos con fuerza en las cosas en el interior de vehículos;2011;14.786
TOTAL NACIONAL;5.2.1.-Robos con fuerza en las cosas en el interior de vehículos;2010;14.007
TOTAL NACIONAL;5.2.2.-Robos con fuerza en viviendas;2023;11.762
TOTAL NACIONAL;5.2.2.-Robos con fuerza en viviendas;2022;10.927
TOTAL NACIONAL;5.2.2.-Robos con fuerza en viviendas;2021;10.004
TOTAL NACIONAL;5.2.2.-Robos con fuerza en viviendas;2020;10.753
TOTAL NACIONAL;5.2.2.-Robos con fuerza en viviendas;2019;10.775
TOTAL NACIONAL;5.2.2.-Robos con fuerza en viviendas;2018;12.028
TOTAL NACIONAL;5.2.2.-Robos con fuerza en viviendas;2017;13.030
TOTAL NACIONAL;5.2.2.-Robos con fuerza en viviendas;2016;13.715
TOTAL NACIONAL;5.2.2.-Robos con fuerza en viviendas;2015;12.995
TOTAL NACIONAL;5.2.2.-Robos con fuerza en viviendas;2014;16.754
TOTAL NACIONAL;5.2.2.-Robos con fuerza en viviendas;2013;18.416
TOTAL NACIONAL;5.2.2.-Robos con fuerza en viviendas;2012;13.643
TOTAL NACIONAL;5.2.2.-Robos con fuerza en viviendas;2011;10.737
TOTAL NACIONAL;5.2.2.-Robos con fuerza en viviendas;2010;12.948
TOTAL NACIONAL;5.2.3.-Robos con fuerza en establecimientos;2023;9.411
TOTAL NACIONAL;5.2.3.-Robos con fuerza en establecimientos;2022;8.086
TOTAL NACIONAL;5.2.3.-Robos con fuerza en establecimientos;2021;7.145
TOTAL NACIONAL;5.2.3.-Robos con fuerza en establecimientos;2020;7.570
TOTAL NACIONAL;5.2.3.-Robos con fuerza en establecimientos;2019;7.461
TOTAL NACIONAL;5.2.3.-Robos con fuerza en establecimientos;2018;7.005
TOTAL NACIONAL;5.2.3.-Robos con fuerza en establecimientos;2017;7.789
TOTAL NACIONAL;5.2.3.-Robos con fuerza en establecimientos;2016;7.900
TOTAL NACIONAL;5.2.3.-Robos con fuerza en establecimientos;2015;7.448
TOTAL NACIONAL;5.2.3.-Robos con fuerza en establecimientos;2014;8.235
TOTAL NACIONAL;5.2.3.-Robos con fuerza en establecimientos;2013;9.040
TOTAL NACIONAL;5.2.3.-Robos con fuerza en establecimientos;2012;8.198
TOTAL NACIONAL;5.2.3.-Robos con fuerza en establecimientos;2011;8.548
TOTAL NACIONAL;5.2.3.-Robos con fuerza en establecimientos;2010;9.832
TOTAL NACIONAL;5.3.-Robos con violencia o intimidación;2023;21.381
TOTAL NACIONAL;5.3.-Robos con violencia o intimidación;2022;19.040
TOTAL NACIONAL;5.3.-Robos con violencia o intimidación;2021;16.037
TOTAL NACIONAL;5.3.-Robos con violencia o intimidación;2020;14.569
TOTAL NACIONAL;5.3.-Robos con violencia o intimidación;2019;18.196
TOTAL NACIONAL;5.3.-Robos con violencia o intimidación;2018;16.043
TOTAL NACIONAL;5.3.-Robos con violencia o intimidación;2017;16.049
TOTAL NACIONAL;5.3.-Robos con violencia o intimidación;2016;16.355
TOTAL NACIONAL;5.3.-Robos con violencia o intimidación;2015;16.028
TOTAL NACIONAL;5.3.-Robos con violencia o intimidación;2014;18.383
TOTAL NACIONAL;5.3.-Robos con violencia o intimidación;2013;22.064
TOTAL NACIONAL;5.3.-Robos con violencia o intimidación;2012;21.820
TOTAL NACIONAL;5.3.-Robos con violencia o intimidación;2011;21.146
TOTAL NACIONAL;5.3.-Robos con violencia o intimidación;2010;21.666
TOTAL NACIONAL;5.3.1.-Robos con violencia en vía pública;2023;12.405
TOTAL NACIONAL;5.3.1.-Robos con violencia en vía pública;2022;10.911
TOTAL NACIONAL;5.3.1.-Robos con violencia en vía pública;2021;8.999
TOTAL NACIONAL;5.3.1.-Robos con violencia en vía pública;2020;7.998
TOTAL NACIONAL;5.3.1.-Robos con violencia en vía pública;2019;6.927
TOTAL NACIONAL;5.3.1.-Robos con violencia en vía pública;2018;5.996
TOTAL NACIONAL;5.3.1.-Robos con violencia en vía pública;2017;6.463
TOTAL NACIONAL;5.3.1.-Robos con violencia en vía pública;2016;6.737
TOTAL NACIONAL;5.3.1.-Robos con violencia en vía pública;2015;6.414
TOTAL NACIONAL;5.3.1.-Robos con violencia en vía pública;2014;7.558
TOTAL NACIONAL;5.3.1.-Robos con violencia en vía pública;2013;8.937
TOTAL NACIONAL;5.3.1.-Robos con violencia en vía pública;2012;9.278
TOTAL NACIONAL;5.3.1.-Robos con violencia en vía pública;2011;8.516
TOTAL NACIONAL;5.3.1.-Robos con violencia en vía pública;2010;9.330
TOTAL NACIONAL;5.3.2.-Robos con violencia en viviendas;2023;1.646
TOTAL NACIONAL;5.3.2.-Robos con violencia en viviendas;2022;1.492
TOTAL NACIONAL;5.3.2.-Robos con violencia en viviendas;2021;1.479
TOTAL NACIONAL;5.3.2.-Robos con violencia en viviendas;2020;1.351
TOTAL NACIONAL;5.3.2.-Robos con violencia en viviendas;2019;1.181
TOTAL NACIONAL;5.3.2.-Robos con violencia en viviendas;2018;1.154
TOTAL NACIONAL;5.3.2.-Robos con violencia en viviendas;2017;1.119
TOTAL NACIONAL;5.3.2.-Robos con violencia en viviendas;2016;1.169
TOTAL NACIONAL;5.3.2.-Robos con violencia en viviendas;2015;1.195
TOTAL NACIONAL;5.3.2.-Robos con violencia en viviendas;2014;1.334
TOTAL NACIONAL;5.3.2.-Robos con violencia en viviendas;2013;1.641
TOTAL NACIONAL;5.3.2.-Robos con violencia en viviendas;2012;1.420
TOTAL NACIONAL;5.3.2.-Robos con violencia en viviendas;2011;1.205
TOTAL NACIONAL;5.3.2.-Robos con violencia en viviendas;2010;1.211
TOTAL NACIONAL;5.3.3.-Robos con violencia en establecimientos;2023;5.101
TOTAL NACIONAL;5.3.3.-Robos con violencia en establecimientos;2022;4.508
TOTAL NACIONAL;5.3.3.-Robos con violencia en establecimientos;2021;3.644
TOTAL NACIONAL;5.3.3.-Robos con violencia en establecimientos;2020;3.558
TOTAL NACIONAL;5.3.3.-Robos con violencia en establecimientos;2019;3.129
TOTAL NACIONAL;5.3.3.-Robos con violencia en establecimientos;2018;2.954
TOTAL NACIONAL;5.3.3.-Robos con violencia en establecimientos;2017;2.901
TOTAL NACIONAL;5.3.3.-Robos con violencia en establecimientos;2016;2.625
TOTAL NACIONAL;5.3.3.-Robos con violencia en establecimientos;2015;2.500
TOTAL NACIONAL;5.3.3.-Robos con violencia en establecimientos;2014;2.791
TOTAL NACIONAL;5.3.3.-Robos con violencia en establecimientos;2013;3.245
TOTAL NACIONAL;5.3.3.-Robos con violencia en establecimientos;2012;2.965
TOTAL NACIONAL;5.3.3.-Robos con violencia en establecimientos;2011;2.898
TOTAL NACIONAL;5.3.3.-Robos con violencia en establecimientos;2010;3.474
TOTAL NACIONAL;5.4.-Sustracción de vehículos;2023;10.854
TOTAL NACIONAL;5.4.-Sustracción de vehículos;2022;9.325
TOTAL NACIONAL;5.4.-Sustracción de vehículos;2021;7.893
TOTAL NACIONAL;5.4.-Sustracción de vehículos;2020;8.159
TOTAL NACIONAL;5.4.-Sustracción de vehículos;2019;10.981
TOTAL NACIONAL;5.4.-Sustracción de vehículos;2018;10.988
TOTAL NACIONAL;5.4.-Sustracción de vehículos;2017;11.909
TOTAL NACIONAL;5.4.-Sustracción de vehículos;2016;11.878
TOTAL NACIONAL;5.4.-Sustracción de vehículos;2015;11.660
TOTAL NACIONAL;5.4.-Sustracción de vehículos;2014;11.690
TOTAL NACIONAL;5.4.-Sustracción de vehículos;2013;13.105
TOTAL NACIONAL;5.4.-Sustracción de vehículos;2012;13.875
TOTAL NACIONAL;5.4.-Sustracción de vehículos;2011;15.519
TOTAL NACIONAL;5.4.-Sustracción de vehículos;2010;17.252
TOTAL NACIONAL;5.5.-Estafas;2023;71.284
TOTAL NACIONAL;5.5.-Estafas;2022;63.046
TOTAL NACIONAL;5.5.-Estafas;2021;53.765
TOTAL NACIONAL;5.5.-Estafas;2020;46.601
TOTAL NACIONAL;5.5.-Estafas;2019;49.856
TOTAL NACIONAL;5.5.-Estafas;2018;46.091
TOTAL NACIONAL;5.5.-Estafas;2017;39.235
TOTAL NACIONAL;5.5.-Estafas;2016;37.910
TOTAL NACIONAL;5.5.-Estafas;2015;36.074
TOTAL NACIONAL;5.5.-Estafas;2014;35.659
TOTAL NACIONAL;5.5.-Estafas;2013;34.852
TOTAL NACIONAL;5.5.-Estafas;2012;34.019
TOTAL NACIONAL;5.5.-Estafas;2011;30.319
TOTAL NACIONAL;5.5.-Estafas;2010;28.514
TOTAL NACIONAL;5.5.1.-Estafas informáticas;2023;47.029
TOTAL NACIONAL;5.5.1.-Estafas informáticas;2022;37.607
TOTAL NACIONAL;5.5.1.-Estafas informáticas;2021;32.085
TOTAL NACIONAL;5.5.1.-Estafas informáticas;2020;25.596
TOTAL NACIONAL;5.5.1.-Estafas informáticas;2019;18.712
TOTAL NACIONAL;5.5.1.-Estafas informáticas;2018;15.542
TOTAL NACIONAL;5.5.1.-Estafas informáticas;2017;12.893
TOTAL NACIONAL;5.5.1.-Estafas informáticas;2016;11.494
TOTAL NACIONAL;5.5.1.-Estafas informáticas;2015;10.344
TOTAL NACIONAL;5.5.1.-Estafas informáticas;2014;7.884
TOTAL NACIONAL;5.5.1.-Estafas informáticas;2013;7.017
TOTAL NACIONAL;5.5.1.-Estafas informáticas;2012;5.938
TOTAL NACIONAL;5.5.1.-Estafas informáticas;2011;4.735
TOTAL NACIONAL;5.5.1.-Estafas informáticas;2010;4.931
TOTAL NACIONAL;5.6.-Daños;2023;31.896
TOTAL NACIONAL;5.6.-Daños;2022;31.558
TOTAL NACIONAL;5.6.-Daños;2021;29.943
TOTAL NACIONAL;5.6.-Daños;2020;25.708
TOTAL NACIONAL;5.6.-Daños;2019;28.309
TOTAL NACIONAL;5.6.-Daños;2018;26.845
TOTAL NACIONAL;5.6.-Daños;2017;27.284
TOTAL NACIONAL;5.6.-Daños;2016;26.196
TOTAL NACIONAL;5.6.-Daños;2015;26.091
TOTAL NACIONAL;5.6.-Daños;2014;27.775
TOTAL NACIONAL;5.6.-Daños;2013;28.849
TOTAL NACIONAL;5.6.-Daños;2012;30.207
TOTAL NACIONAL;5.6.-Daños;2011;31.461
TOTAL NACIONAL;5.6.-Daños;2010;33.303
TOTAL NACIONAL;5.7.-Contra la propiedad intelectual/industrial;2023;1.252
TOTAL NACIONAL;5.7.-Contra la propiedad intelectual/industrial;2022;1.068
TOTAL NACIONAL;5.7.-Contra la propiedad intelectual/industrial;2021;1.018
TOTAL NACIONAL;5.7.-Contra la propiedad intelectual/industrial;2020;792
TOTAL NACIONAL;5.7.-Contra la propiedad intelectual/industrial;2019;1.573
TOTAL NACIONAL;5.7.-Contra la propiedad intelectual/industrial;2018;2.020
TOTAL NACIONAL;5.7.-Contra la propiedad intelectual/industrial;2017;1.447
TOTAL NACIONAL;5.7.-Contra la propiedad intelectual/industrial;2016;1.713
TOTAL NACIONAL;5.7.-Contra la propiedad intelectual/industrial;2015;1.865
TOTAL NACIONAL;5.7.-Contra la propiedad intelectual/industrial;2014;2.456
TOTAL NACIONAL;5.7.-Contra la propiedad intelectual/industrial;2013;3.145
TOTAL NACIONAL;5.7.-Contra la propiedad intelectual/industrial;2012;2.696
TOTAL NACIONAL;5.7.-Contra la propiedad intelectual/industrial;2011;2.363
TOTAL NACIONAL;5.7.-Contra la propiedad intelectual/industrial;2010;3.421
TOTAL NACIONAL;5.8.-Blanqueo de capitales;2023;510
TOTAL NACIONAL;5.8.-Blanqueo de capitales;2022;367
TOTAL NACIONAL;5.8.-Blanqueo de capitales;2021;311
TOTAL NACIONAL;5.8.-Blanqueo de capitales;2020;287
TOTAL NACIONAL;5.8.-Blanqueo de capitales;2019;265
TOTAL NACIONAL;5.8.-Blanqueo de capitales;2018;257
TOTAL NACIONAL;5.8.-Blanqueo de capitales;2017;241
TOTAL NACIONAL;5.8.-Blanqueo de capitales;2016;244
TOTAL NACIONAL;5.8.-Blanqueo de capitales;2015;273
TOTAL NACIONAL;5.8.-Blanqueo de capitales;2014;216
TOTAL NACIONAL;5.8.-Blanqueo de capitales;2013;241
TOTAL NACIONAL;5.8.-Blanqueo de capitales;2012;182
TOTAL NACIONAL;5.8.-Blanqueo de capitales;2011;149
TOTAL NACIONAL;5.8.-Blanqueo de capitales;2010;162
TOTAL NACIONAL;5.9.-Otros contra el patrimonio;2023;33.299
TOTAL NACIONAL;5.9.-Otros contra el patrimonio;2022;32.624
TOTAL NACIONAL;5.9.-Otros contra el patrimonio;2021;30.118
TOTAL NACIONAL;5.9.-Otros contra el patrimonio;2020;28.551
TOTAL NACIONAL;5.9.-Otros contra el patrimonio;2019;31.068
TOTAL NACIONAL;5.9.-Otros contra el patrimonio;2018;28.491
TOTAL NACIONAL;5.9.-Otros contra el patrimonio;2017;24.955
TOTAL NACIONAL;5.9.-Otros contra el patrimonio;2016;23.593
TOTAL NACIONAL;5.9.-Otros contra el patrimonio;2015;25.036
TOTAL NACIONAL;5.9.-Otros contra el patrimonio;2014;26.598
TOTAL NACIONAL;5.9.-Otros contra el patrimonio;2013;23.582
TOTAL NACIONAL;5.9.-Otros contra el patrimonio;2012;19.092
TOTAL NACIONAL;5.9.-Otros contra el patrimonio;2011;16.572
TOTAL NACIONAL;5.9.-Otros contra el patrimonio;2010;15.056
TOTAL NACIONAL;6. SEGURIDAD COLECTIVA;2023;70.346
TOTAL NACIONAL;6. SEGURIDAD COLECTIVA;2022;68.559
TOTAL NACIONAL;6. SEGURIDAD COLECTIVA;2021;61.529
TOTAL NACIONAL;6. SEGURIDAD COLECTIVA;2020;54.163
TOTAL NACIONAL;6. SEGURIDAD COLECTIVA;2019;63.291
TOTAL NACIONAL;6. SEGURIDAD COLECTIVA;2018;59.223
TOTAL NACIONAL;6. SEGURIDAD COLECTIVA;2017;54.620
TOTAL NACIONAL;6. SEGURIDAD COLECTIVA;2016;53.781
TOTAL NACIONAL;6. SEGURIDAD COLECTIVA;2015;55.506
TOTAL NACIONAL;6. SEGURIDAD COLECTIVA;2014;62.185
TOTAL NACIONAL;6. SEGURIDAD COLECTIVA;2013;68.223
TOTAL NACIONAL;6. SEGURIDAD COLECTIVA;2012;72.382
TOTAL NACIONAL;6. SEGURIDAD COLECTIVA;2011;80.297
TOTAL NACIONAL;6. SEGURIDAD COLECTIVA;2010;69.842
TOTAL NACIONAL;6.1.-Tráfico de drogas;2023;18.947
TOTAL NACIONAL;6.1.-Tráfico de drogas;2022;16.629
TOTAL NACIONAL;6.1.-Tráfico de drogas;2021;15.631
TOTAL NACIONAL;6.1.-Tráfico de drogas;2020;14.717
TOTAL NACIONAL;6.1.-Tráfico de drogas;2019;15.191
TOTAL NACIONAL;6.1.-Tráfico de drogas;2018;13.140
TOTAL NACIONAL;6.1.-Tráfico de drogas;2017;12.126
TOTAL NACIONAL;6.1.-Tráfico de drogas;2016;11.700
TOTAL NACIONAL;6.1.-Tráfico de drogas;2015;11.390
TOTAL NACIONAL;6.1.-Tráfico de drogas;2014;12.657
TOTAL NACIONAL;6.1.-Tráfico de drogas;2013;13.844
TOTAL NACIONAL;6.1.-Tráfico de drogas;2012;13.920
TOTAL NACIONAL;6.1.-Tráfico de drogas;2011;14.583
TOTAL NACIONAL;6.1.-Tráfico de drogas;2010;13.155
TOTAL NACIONAL;6.2.-Contra la seguridad vial;2023;49.678
TOTAL NACIONAL;6.2.-Contra la seguridad vial;2022;50.252
TOTAL NACIONAL;6.2.-Contra la seguridad vial;2021;44.553
TOTAL NACIONAL;6.2.-Contra la seguridad vial;2020;38.210
TOTAL NACIONAL;6.2.-Contra la seguridad vial;2019;46.622
TOTAL NACIONAL;6.2.-Contra la seguridad vial;2018;44.382
TOTAL NACIONAL;6.2.-Contra la seguridad vial;2017;40.882
TOTAL NACIONAL;6.2.-Contra la seguridad vial;2016;40.694
TOTAL NACIONAL;6.2.-Contra la seguridad vial;2015;42.718
TOTAL NACIONAL;6.2.-Contra la seguridad vial;2014;48.027
TOTAL NACIONAL;6.2.-Contra la seguridad vial;2013;52.869
TOTAL NACIONAL;6.2.-Contra la seguridad vial;2012;56.652
TOTAL NACIONAL;6.2.-Contra la seguridad vial;2011;64.012
TOTAL NACIONAL;6.2.-Contra la seguridad vial;2010;54.703
TOTAL NACIONAL;6.3.-Otros contra la seguridad colectiva;2023;1.721
TOTAL NACIONAL;6.3.-Otros contra la seguridad colectiva;2022;1.678
TOTAL NACIONAL;6.3.-Otros contra la seguridad colectiva;2021;1.345
TOTAL NACIONAL;6.3.-Otros contra la seguridad colectiva;2020;1.236
TOTAL NACIONAL;6.3.-Otros contra la seguridad colectiva;2019;1.478
TOTAL NACIONAL;6.3.-Otros contra la seguridad colectiva;2018;1.701
TOTAL NACIONAL;6.3.-Otros contra la seguridad colectiva;2017;1.612
TOTAL NACIONAL;6.3.-Otros contra la seguridad colectiva;2016;1.387
TOTAL NACIONAL;6.3.-Otros contra la seguridad colectiva;2015;1.398
TOTAL NACIONAL;6.3.-Otros contra la seguridad colectiva;2014;1.501
TOTAL NACIONAL;6.3.-Otros contra la seguridad colectiva;2013;1.510
TOTAL NACIONAL;6.3.-Otros contra la seguridad colectiva;2012;1.810
TOTAL NACIONAL;6.3.-Otros contra la seguridad colectiva;2011;1.702
TOTAL NACIONAL;6.3.-Otros contra la seguridad colectiva;2010;1.984
TOTAL NACIONAL;7. FALSEDADES;2023;15.783
TOTAL NACIONAL;7. FALSEDADES;2022;15.190
TOTAL NACIONAL;7. FALSEDADES;2021;14.417
TOTAL NACIONAL;7. FALSEDADES;2020;11.492
TOTAL NACIONAL;7. FALSEDADES;2019;14.629
TOTAL NACIONAL;7. FALSEDADES;2018;14.042
TOTAL NACIONAL;7. FALSEDADES;2017;12.764
TOTAL NACIONAL;7. FALSEDADES;2016;12.378
TOTAL NACIONAL;7. FALSEDADES;2015;11.438
TOTAL NACIONAL;7. FALSEDADES;2014;11.383
TOTAL NACIONAL;7. FALSEDADES;2013;11.173
TOTAL NACIONAL;7. FALSEDADES;2012;11.745
TOTAL NACIONAL;7. FALSEDADES;2011;11.860
TOTAL NACIONAL;7. FALSEDADES;2010;11.343
TOTAL NACIONAL;8. ADMÓN. PÚBLICA;2023;353
TOTAL NACIONAL;8. ADMÓN. PÚBLICA;2022;363
TOTAL NACIONAL;8. ADMÓN. PÚBLICA;2021;407
TOTAL NACIONAL;8. ADMÓN. PÚBLICA;2020;231
TOTAL NACIONAL;8. ADMÓN. PÚBLICA;2019;327
TOTAL NACIONAL;8. ADMÓN. PÚBLICA;2018;447
TOTAL NACIONAL;8. ADMÓN. PÚBLICA;2017;532
TOTAL NACIONAL;8. ADMÓN. PÚBLICA;2016;418
TOTAL NACIONAL;8. ADMÓN. PÚBLICA;2015;384
TOTAL NACIONAL;8. ADMÓN. PÚBLICA;2014;426
TOTAL NACIONAL;8. ADMÓN. PÚBLICA;2013;310
TOTAL NACIONAL;8. ADMÓN. PÚBLICA;2012;238
TOTAL NACIONAL;8. ADMÓN. PÚBLICA;2011;268
TOTAL NACIONAL;8. ADMÓN. PÚBLICA;2010;345
TOTAL NACIONAL;9. ADMÓN. JUSTICIA;2023;40.110
TOTAL NACIONAL;9. ADMÓN. JUSTICIA;2022;35.972
TOTAL NACIONAL;9. ADMÓN. JUSTICIA;2021;31.841
TOTAL NACIONAL;9. ADMÓN. JUSTICIA;2020;29.679
TOTAL NACIONAL;9. ADMÓN. JUSTICIA;2019;30.472
TOTAL NACIONAL;9. ADMÓN. JUSTICIA;2018;28.851
TOTAL NACIONAL;9. ADMÓN. JUSTICIA;2017;27.356
TOTAL NACIONAL;9. ADMÓN. JUSTICIA;2016;26.178
TOTAL NACIONAL;9. ADMÓN. JUSTICIA;2015;25.917
TOTAL NACIONAL;9. ADMÓN. JUSTICIA;2014;26.405
TOTAL NACIONAL;9. ADMÓN. JUSTICIA;2013;26.383
TOTAL NACIONAL;9. ADMÓN. JUSTICIA;2012;26.279
TOTAL NACIONAL;9. ADMÓN. JUSTICIA;2011;27.459
TOTAL NACIONAL;9. ADMÓN. JUSTICIA;2010;26.593
TOTAL NACIONAL;10. ORDEN PÚBLICO;2023;27.986
TOTAL NACIONAL;10. ORDEN PÚBLICO;2022;26.520
TOTAL NACIONAL;10. ORDEN PÚBLICO;2021;25.517
TOTAL NACIONAL;10. ORDEN PÚBLICO;2020;28.039
TOTAL NACIONAL;10. ORDEN PÚBLICO;2019;20.350
TOTAL NACIONAL;10. ORDEN PÚBLICO;2018;18.781
TOTAL NACIONAL;10. ORDEN PÚBLICO;2017;18.235
TOTAL NACIONAL;10. ORDEN PÚBLICO;2016;17.642
TOTAL NACIONAL;10. ORDEN PÚBLICO;2015;21.118
TOTAL NACIONAL;10. ORDEN PÚBLICO;2014;26.958
TOTAL NACIONAL;10. ORDEN PÚBLICO;2013;29.157
TOTAL NACIONAL;10. ORDEN PÚBLICO;2012;30.724
TOTAL NACIONAL;10. ORDEN PÚBLICO;2011;32.851
TOTAL NACIONAL;10. ORDEN PÚBLICO;2010;31.038
TOTAL NACIONAL;11. LEGISLACIÓN ESPECIAL;2023;392
TOTAL NACIONAL;11. LEGISLACIÓN ESPECIAL;2022;287
TOTAL NACIONAL;11. LEGISLACIÓN ESPECIAL;2021;289
TOTAL NACIONAL;11. LEGISLACIÓN ESPECIAL;2020;270
TOTAL NACIONAL;11. LEGISLACIÓN ESPECIAL;2019;259
TOTAL NACIONAL;11. LEGISLACIÓN ESPECIAL;2018;193
TOTAL NACIONAL;11. LEGISLACIÓN ESPECIAL;2017;152
TOTAL NACIONAL;11. LEGISLACIÓN ESPECIAL;2016;131
TOTAL NACIONAL;11. LEGISLACIÓN ESPECIAL;2015;180
TOTAL NACIONAL;11. LEGISLACIÓN ESPECIAL;2014;188
TOTAL NACIONAL;11. LEGISLACIÓN ESPECIAL;2013;261
TOTAL NACIONAL;11. LEGISLACIÓN ESPECIAL;2012;257
TOTAL NACIONAL;11. LEGISLACIÓN ESPECIAL;2011;262
TOTAL NACIONAL;11. LEGISLACIÓN ESPECIAL;2010;212
TOTAL NACIONAL;12. OTRAS INFRACCIONES PENALES;2023;8.178
TOTAL NACIONAL;12. OTRAS INFRACCIONES PENALES;2022;7.283
TOTAL NACIONAL;12. OTRAS INFRACCIONES PENALES;2021;7.117
TOTAL NACIONAL;12. OTRAS INFRACCIONES PENALES;2020;6.686
TOTAL NACIONAL;12. OTRAS INFRACCIONES PENALES;2019;7.058
TOTAL NACIONAL;12. OTRAS INFRACCIONES PENALES;2018;6.776
TOTAL NACIONAL;12. OTRAS INFRACCIONES PENALES;2017;6.942
TOTAL NACIONAL;12. OTRAS INFRACCIONES PENALES;2016;7.435
TOTAL NACIONAL;12. OTRAS INFRACCIONES PENALES;2015;6.247
TOTAL NACIONAL;12. OTRAS INFRACCIONES PENALES;2014;4.989
TOTAL NACIONAL;12. OTRAS INFRACCIONES PENALES;2013;4.891
TOTAL NACIONAL;12. OTRAS INFRACCIONES PENALES;2012;4.369
TOTAL NACIONAL;12. OTRAS INFRACCIONES PENALES;2011;4.383
TOTAL NACIONAL;12. OTRAS INFRACCIONES PENALES;2010;4.892
TOTAL NACIONAL;TOTAL INFRACCIONES PENALES;2023;845.845
TOTAL NACIONAL;TOTAL INFRACCIONES PENALES;2022;771.302
TOTAL NACIONAL;TOTAL INFRACCIONES PENALES;2021;685.383
TOTAL NACIONAL;TOTAL INFRACCIONES PENALES;2020;616.665
TOTAL NACIONAL;TOTAL INFRACCIONES PENALES;2019;702.544
TOTAL NACIONAL;TOTAL INFRACCIONES PENALES;2018;673.594
TOTAL NACIONAL;TOTAL INFRACCIONES PENALES;2017;654.821
TOTAL NACIONAL;TOTAL INFRACCIONES PENALES;2016;641.353
TOTAL NACIONAL;TOTAL INFRACCIONES PENALES;2015;659.787
TOTAL NACIONAL;TOTAL INFRACCIONES PENALES;2014;715.357
TOTAL NACIONAL;TOTAL INFRACCIONES PENALES;2013;736.368
TOTAL NACIONAL;TOTAL INFRACCIONES PENALES;2012;728.929
TOTAL NACIONAL;TOTAL INFRACCIONES PENALES;2011;736.175
TOTAL NACIONAL;TOTAL INFRACCIONES PENALES;2010;724.995
ANDALUCÍA;1. CONTRA LAS PERSONAS;2023;40.910
ANDALUCÍA;1. CONTRA LAS PERSONAS;2022;38.080
ANDALUCÍA;1. CONTRA LAS PERSONAS;2021;33.685
ANDALUCÍA;1. CONTRA LAS PERSONAS;2020;30.706
ANDALUCÍA;1. CONTRA LAS PERSONAS;2019;33.503
ANDALUCÍA;1. CONTRA LAS PERSONAS;2018;31.872
ANDALUCÍA;1. CONTRA LAS PERSONAS;2017;31.647
ANDALUCÍA;1. CONTRA LAS PERSONAS;2016;30.676
ANDALUCÍA;1. CONTRA LAS PERSONAS;2015;42.430
ANDALUCÍA;1. CONTRA LAS PERSONAS;2014;52.827
ANDALUCÍA;1. CONTRA LAS PERSONAS;2013;51.311
ANDALUCÍA;1. CONTRA LAS PERSONAS;2012;53.296
ANDALUCÍA;1. CONTRA LAS PERSONAS;2011;56.170
ANDALUCÍA;1. CONTRA LAS PERSONAS;2010;55.826
ANDALUCÍA;1.1.-Homicidios dolosos/asesinatos;2023;337
ANDALUCÍA;1.1.-Homicidios dolosos/asesinatos;2022;329
ANDALUCÍA;1.1.-Homicidios dolosos/asesinatos;2021;264
ANDALUCÍA;1.1.-Homicidios dolosos/asesinatos;2020;297
ANDALUCÍA;1.1.-Homicidios dolosos/asesinatos;2019;225
ANDALUCÍA;1.1.-Homicidios dolosos/asesinatos;2018;244
ANDALUCÍA;1.1.-Homicidios dolosos/asesinatos;2017;246
ANDALUCÍA;1.1.-Homicidios dolosos/asesinatos;2016;274
ANDALUCÍA;1.1.-Homicidios dolosos/asesinatos;2015;211
ANDALUCÍA;1.1.-Homicidios dolosos/asesinatos;2014;210
ANDALUCÍA;1.1.-Homicidios dolosos/asesinatos;2013;232
ANDALUCÍA;1.1.-Homicidios dolosos/asesinatos;2012;240
ANDALUCÍA;1.1.-Homicidios dolosos/asesinatos;2011;284
ANDALUCÍA;1.1.-Homicidios dolosos/asesinatos;2010;275
ANDALUCÍA;1.1.1.-Homicidios dolosos/asesinatos consumados;2023;61
ANDALUCÍA;1.1.1.-Homicidios dolosos/asesinatos consumados;2022;74
ANDALUCÍA;1.1.1.-Homicidios dolosos/asesinatos consumados;2021;50
ANDALUCÍA;1.1.1.-Homicidios dolosos/asesinatos consumados;2020;67
ANDALUCÍA;1.1.1.-Homicidios dolosos/asesinatos consumados;2019;75
ANDALUCÍA;1.1.1.-Homicidios dolosos/asesinatos consumados;2018;67
ANDALUCÍA;1.1.1.-Homicidios dolosos/asesinatos consumados;2017;52
ANDALUCÍA;1.1.1.-Homicidios dolosos/asesinatos consumados;2016;62
ANDALUCÍA;1.1.1.-Homicidios dolosos/asesinatos consumados;2015;61
ANDALUCÍA;1.1.1.-Homicidios dolosos/asesinatos consumados;2014;63
ANDALUCÍA;1.1.1.-Homicidios dolosos/asesinatos consumados;2013;55
ANDALUCÍA;1.1.1.-Homicidios dolosos/asesinatos consumados;2012;66
ANDALUCÍA;1.1.1.-Homicidios dolosos/asesinatos consumados;2011;77
ANDALUCÍA;1.1.1.-Homicidios dolosos/asesinatos consumados;2010;80
ANDALUCÍA;1.2.-Lesiones;2023;20.241
ANDALUCÍA;1.2.-Lesiones;2022;18.851
ANDALUCÍA;1.2.-Lesiones;2021;16.477
ANDALUCÍA;1.2.-Lesiones;2020;14.592
ANDALUCÍA;1.2.-Lesiones;2019;17.105
ANDALUCÍA;1.2.-Lesiones;2018;16.429
ANDALUCÍA;1.2.-Lesiones;2017;16.767
ANDALUCÍA;1.2.-Lesiones;2016;16.117
ANDALUCÍA;1.2.-Lesiones;2015;16.389
ANDALUCÍA;1.2.-Lesiones;2014;17.083
ANDALUCÍA;1.2.-Lesiones;2013;17.566
ANDALUCÍA;1.2.-Lesiones;2012;18.117
ANDALUCÍA;1.2.-Lesiones;2011;18.669
ANDALUCÍA;1.2.-Lesiones;2010;19.331
ANDALUCÍA;1.3.-Malos tratos ámbito familiar;2023;19.378
ANDALUCÍA;1.3.-Malos tratos ámbito familiar;2022;18.153
ANDALUCÍA;1.3.-Malos tratos ámbito familiar;2021;16.350
ANDALUCÍA;1.3.-Malos tratos ámbito familiar;2020;15.269
ANDALUCÍA;1.3.-Malos tratos ámbito familiar;2019;15.524
ANDALUCÍA;1.3.-Malos tratos ámbito familiar;2018;14.542
ANDALUCÍA;1.3.-Malos tratos ámbito familiar;2017;14.166
ANDALUCÍA;1.3.-Malos tratos ámbito familiar;2016;13.893
ANDALUCÍA;1.3.-Malos tratos ámbito familiar;2015;14.056
ANDALUCÍA;1.3.-Malos tratos ámbito familiar;2014;13.362
ANDALUCÍA;1.3.-Malos tratos ámbito familiar;2013;12.288
ANDALUCÍA;1.3.-Malos tratos ámbito familiar;2012;12.559
ANDALUCÍA;1.3.-Malos tratos ámbito familiar;2011;13.787
ANDALUCÍA;1.3.-Malos tratos ámbito familiar;2010;12.865
ANDALUCÍA;1.4.-Otros contra las personas;2023;954
ANDALUCÍA;1.4.-Otros contra las personas;2022;747
ANDALUCÍA;1.4.-Otros contra las personas;2021;594
ANDALUCÍA;1.4.-Otros contra las personas;2020;548
ANDALUCÍA;1.4.-Otros contra las personas;2019;649
ANDALUCÍA;1.4.-Otros contra las personas;2018;657
ANDALUCÍA;1.4.-Otros contra las personas;2017;468
ANDALUCÍA;1.4.-Otros contra las personas;2016;392
ANDALUCÍA;1.4.-Otros contra las personas;2015;11.774
ANDALUCÍA;1.4.-Otros contra las personas;2014;22.172
ANDALUCÍA;1.4.-Otros contra las personas;2013;21.225
ANDALUCÍA;1.4.-Otros contra las personas;2012;22.380
ANDALUCÍA;1.4.-Otros contra las personas;2011;23.430
ANDALUCÍA;1.4.-Otros contra las personas;2010;23.355
ANDALUCÍA;2. CONTRA LA LIBERTAD;2023;26.310
ANDALUCÍA;2. CONTRA LA LIBERTAD;2022;22.674
ANDALUCÍA;2. CONTRA LA LIBERTAD;2021;21.927
ANDALUCÍA;2. CONTRA LA LIBERTAD;2020;21.092
ANDALUCÍA;2. CONTRA LA LIBERTAD;2019;21.205
ANDALUCÍA;2. CONTRA LA LIBERTAD;2018;20.209
ANDALUCÍA;2. CONTRA LA LIBERTAD;2017;20.640
ANDALUCÍA;2. CONTRA LA LIBERTAD;2016;19.222
ANDALUCÍA;2. CONTRA LA LIBERTAD;2015;12.241
ANDALUCÍA;2. CONTRA LA LIBERTAD;2014;6.789
ANDALUCÍA;2. CONTRA LA LIBERTAD;2013;7.259
ANDALUCÍA;2. CONTRA LA LIBERTAD;2012;7.127
ANDALUCÍA;2. CONTRA LA LIBERTAD;2011;6.575
ANDALUCÍA;2. CONTRA LA LIBERTAD;2010;6.084
ANDALUCÍA;2.1.-Malos tratos habituales en el ámbito familiar;2023;3.008
ANDALUCÍA;2.1.-Malos tratos habituales en el ámbito familiar;2022;2.850
ANDALUCÍA;2.1.-Malos tratos habituales en el ámbito familiar;2021;2.816
ANDALUCÍA;2.1.-Malos tratos habituales en el ámbito familiar;2020;2.724
ANDALUCÍA;2.1.-Malos tratos habituales en el ámbito familiar;2019;2.758
ANDALUCÍA;2.1.-Malos tratos habituales en el ámbito familiar;2018;2.681
ANDALUCÍA;2.1.-Malos tratos habituales en el ámbito familiar;2017;2.844
ANDALUCÍA;2.1.-Malos tratos habituales en el ámbito familiar;2016;2.699
ANDALUCÍA;2.1.-Malos tratos habituales en el ámbito familiar;2015;2.685
ANDALUCÍA;2.1.-Malos tratos habituales en el ámbito familiar;2014;2.973
ANDALUCÍA;2.1.-Malos tratos habituales en el ámbito familiar;2013;3.589
ANDALUCÍA;2.1.-Malos tratos habituales en el ámbito familiar;2012;3.491
ANDALUCÍA;2.1.-Malos tratos habituales en el ámbito familiar;2011;2.767
ANDALUCÍA;2.1.-Malos tratos habituales en el ámbito familiar;2010;2.488
ANDALUCÍA;2.2.-Otros contra la libertad;2023;23.302
ANDALUCÍA;2.2.-Otros contra la libertad;2022;19.824
ANDALUCÍA;2.2.-Otros contra la libertad;2021;19.111
ANDALUCÍA;2.2.-Otros contra la libertad;2020;18.368
ANDALUCÍA;2.2.-Otros contra la libertad;2019;18.447
ANDALUCÍA;2.2.-Otros contra la libertad;2018;17.528
ANDALUCÍA;2.2.-Otros contra la libertad;2017;17.796
ANDALUCÍA;2.2.-Otros contra la libertad;2016;16.523
ANDALUCÍA;2.2.-Otros contra la libertad;2015;9.556
ANDALUCÍA;2.2.-Otros contra la libertad;2014;3.816
ANDALUCÍA;2.2.-Otros contra la libertad;2013;3.670
ANDALUCÍA;2.2.-Otros contra la libertad;2012;3.636
ANDALUCÍA;2.2.-Otros contra la libertad;2011;3.808
ANDALUCÍA;2.2.-Otros contra la libertad;2010;3.596
ANDALUCÍA;3. LIBERTAD SEXUAL;2023;2.890
ANDALUCÍA;3. LIBERTAD SEXUAL;2022;2.457
ANDALUCÍA;3. LIBERTAD SEXUAL;2021;2.202
ANDALUCÍA;3. LIBERTAD SEXUAL;2020;1.824
ANDALUCÍA;3. LIBERTAD SEXUAL;2019;2.068
ANDALUCÍA;3. LIBERTAD SEXUAL;2018;1.909
ANDALUCÍA;3. LIBERTAD SEXUAL;2017;1.642
ANDALUCÍA;3. LIBERTAD SEXUAL;2016;1.470
ANDALUCÍA;3. LIBERTAD SEXUAL;2015;1.369
ANDALUCÍA;3. LIBERTAD SEXUAL;2014;1.342
ANDALUCÍA;3. LIBERTAD SEXUAL;2013;1.334
ANDALUCÍA;3. LIBERTAD SEXUAL;2012;1.272
ANDALUCÍA;3. LIBERTAD SEXUAL;2011;1.352
ANDALUCÍA;3. LIBERTAD SEXUAL;2010;1.395
ANDALUCÍA;3.1.-Agresión sexual;2023;1.713
ANDALUCÍA;3.1.-Agresión sexual;2022;1.589
ANDALUCÍA;3.1.-Agresión sexual;2021;1.386
ANDALUCÍA;3.1.-Agresión sexual;2020;1.083
ANDALUCÍA;3.1.-Agresión sexual;2019;1.244
ANDALUCÍA;3.1.-Agresión sexual;2018;1.181
ANDALUCÍA;3.1.-Agresión sexual;2017;953
ANDALUCÍA;3.1.-Agresión sexual;2016;866
ANDALUCÍA;3.1.-Agresión sexual;2015;734
ANDALUCÍA;3.1.-Agresión sexual;2014;742
ANDALUCÍA;3.1.-Agresión sexual;2013;729
ANDALUCÍA;3.1.-Agresión sexual;2012;734
ANDALUCÍA;3.1.-Agresión sexual;2011;778
ANDALUCÍA;3.1.-Agresión sexual;2010;769
ANDALUCÍA;3.2.-Agresión sexual con penetración;2023;537
ANDALUCÍA;3.2.-Agresión sexual con penetración;2022;439
ANDALUCÍA;3.2.-Agresión sexual con penetración;2021;394
ANDALUCÍA;3.2.-Agresión sexual con penetración;2020;332
ANDALUCÍA;3.2.-Agresión sexual con penetración;2019;354
ANDALUCÍA;3.2.-Agresión sexual con penetración;2018;284
ANDALUCÍA;3.2.-Agresión sexual con penetración;2017;238
ANDALUCÍA;3.2.-Agresión sexual con penetración;2016;226
ANDALUCÍA;3.2.-Agresión sexual con penetración;2015;207
ANDALUCÍA;3.2.-Agresión sexual con penetración;2014;181
ANDALUCÍA;3.2.-Agresión sexual con penetración;2013;213
ANDALUCÍA;3.2.-Agresión sexual con penetración;2012;216
ANDALUCÍA;3.2.-Agresión sexual con penetración;2011;240
ANDALUCÍA;3.2.-Agresión sexual con penetración;2010;247
ANDALUCÍA;3.3.-Corrupción de menores o incapacitados;2023;59
ANDALUCÍA;3.3.-Corrupción de menores o incapacitados;2022;51
ANDALUCÍA;3.3.-Corrupción de menores o incapacitados;2021;42
ANDALUCÍA;3.3.-Corrupción de menores o incapacitados;2020;53
ANDALUCÍA;3.3.-Corrupción de menores o incapacitados;2019;66
ANDALUCÍA;3.3.-Corrupción de menores o incapacitados;2018;51
ANDALUCÍA;3.3.-Corrupción de menores o incapacitados;2017;85
ANDALUCÍA;3.3.-Corrupción de menores o incapacitados;2016;49
ANDALUCÍA;3.3.-Corrupción de menores o incapacitados;2015;88
ANDALUCÍA;3.3.-Corrupción de menores o incapacitados;2014;75
ANDALUCÍA;3.3.-Corrupción de menores o incapacitados;2013;79
ANDALUCÍA;3.3.-Corrupción de menores o incapacitados;2012;36
ANDALUCÍA;3.3.-Corrupción de menores o incapacitados;2011;51
ANDALUCÍA;3.3.-Corrupción de menores o incapacitados;2010;59
ANDALUCÍA;3.4.-Pornografía de menores;2023;111
ANDALUCÍA;3.4.-Pornografía de menores;2022;82
ANDALUCÍA;3.4.-Pornografía de menores;2021;94
ANDALUCÍA;3.4.-Pornografía de menores;2020;105
ANDALUCÍA;3.4.-Pornografía de menores;2019;100
ANDALUCÍA;3.4.-Pornografía de menores;2018;121
ANDALUCÍA;3.4.-Pornografía de menores;2017;109
ANDALUCÍA;3.4.-Pornografía de menores;2016;88
ANDALUCÍA;3.4.-Pornografía de menores;2015;103
ANDALUCÍA;3.4.-Pornografía de menores;2014;63
ANDALUCÍA;3.4.-Pornografía de menores;2013;57
ANDALUCÍA;3.4.-Pornografía de menores;2012;52
ANDALUCÍA;3.4.-Pornografía de menores;2011;44
ANDALUCÍA;3.4.-Pornografía de menores;2010;64
ANDALUCÍA;3.5.-Otros contra la libertad sexual;2023;470
ANDALUCÍA;3.5.-Otros contra la libertad sexual;2022;296
ANDALUCÍA;3.5.-Otros contra la libertad sexual;2021;286
ANDALUCÍA;3.5.-Otros contra la libertad sexual;2020;251
ANDALUCÍA;3.5.-Otros contra la libertad sexual;2019;304
ANDALUCÍA;3.5.-Otros contra la libertad sexual;2018;272
ANDALUCÍA;3.5.-Otros contra la libertad sexual;2017;257
ANDALUCÍA;3.5.-Otros contra la libertad sexual;2016;241
ANDALUCÍA;3.5.-Otros contra la libertad sexual;2015;237
ANDALUCÍA;3.5.-Otros contra la libertad sexual;2014;281
ANDALUCÍA;3.5.-Otros contra la libertad sexual;2013;256
ANDALUCÍA;3.5.-Otros contra la libertad sexual;2012;234
ANDALUCÍA;3.5.-Otros contra la libertad sexual;2011;239
ANDALUCÍA;3.5.-Otros contra la libertad sexual;2010;256
ANDALUCÍA;4. RELACIONES FAMILIARES;2023;1.609
ANDALUCÍA;4. RELACIONES FAMILIARES;2022;1.488
ANDALUCÍA;4. RELACIONES FAMILIARES;2021;1.529
ANDALUCÍA;4. RELACIONES FAMILIARES;2020;1.428
ANDALUCÍA;4. RELACIONES FAMILIARES;2019;1.451
ANDALUCÍA;4. RELACIONES FAMILIARES;2018;1.456
ANDALUCÍA;4. RELACIONES FAMILIARES;2017;1.506
ANDALUCÍA;4. RELACIONES FAMILIARES;2016;1.468
ANDALUCÍA;4. RELACIONES FAMILIARES;2015;1.558
ANDALUCÍA;4. RELACIONES FAMILIARES;2014;1.568
ANDALUCÍA;4. RELACIONES FAMILIARES;2013;1.485
ANDALUCÍA;4. RELACIONES FAMILIARES;2012;1.520
ANDALUCÍA;4. RELACIONES FAMILIARES;2011;1.400
ANDALUCÍA;4. RELACIONES FAMILIARES;2010;1.317
ANDALUCÍA;5. PATRIMONIO;2023;64.297
ANDALUCÍA;5. PATRIMONIO;2022;56.923
ANDALUCÍA;5. PATRIMONIO;2021;49.028
ANDALUCÍA;5. PATRIMONIO;2020;43.658
ANDALUCÍA;5. PATRIMONIO;2019;51.761
ANDALUCÍA;5. PATRIMONIO;2018;51.256
ANDALUCÍA;5. PATRIMONIO;2017;51.251
ANDALUCÍA;5. PATRIMONIO;2016;49.448
ANDALUCÍA;5. PATRIMONIO;2015;50.214
ANDALUCÍA;5. PATRIMONIO;2014;53.849
ANDALUCÍA;5. PATRIMONIO;2013;57.538
ANDALUCÍA;5. PATRIMONIO;2012;54.704
ANDALUCÍA;5. PATRIMONIO;2011;51.414
ANDALUCÍA;5. PATRIMONIO;2010;52.828
ANDALUCÍA;5.1.-Hurtos;2023;22.455
ANDALUCÍA;5.1.-Hurtos;2022;18.910
ANDALUCÍA;5.1.-Hurtos;2021;15.117
ANDALUCÍA;5.1.-Hurtos;2020;12.869
ANDALUCÍA;5.1.-Hurtos;2019;18.160
ANDALUCÍA;5.1.-Hurtos;2018;18.258
ANDALUCÍA;5.1.-Hurtos;2017;19.097
ANDALUCÍA;5.1.-Hurtos;2016;19.124
ANDALUCÍA;5.1.-Hurtos;2015;20.281
ANDALUCÍA;5.1.-Hurtos;2014;22.250
ANDALUCÍA;5.1.-Hurtos;2013;22.824
ANDALUCÍA;5.1.-Hurtos;2012;21.658
ANDALUCÍA;5.1.-Hurtos;2011;19.394
ANDALUCÍA;5.1.-Hurtos;2010;18.730
ANDALUCÍA;5.2.-Robos con fuerza en las cosas;2023;8.774
ANDALUCÍA;5.2.-Robos con fuerza en las cosas;2022;7.755
ANDALUCÍA;5.2.-Robos con fuerza en las cosas;2021;6.969
ANDALUCÍA;5.2.-Robos con fuerza en las cosas;2020;6.465
ANDALUCÍA;5.2.-Robos con fuerza en las cosas;2019;7.476
ANDALUCÍA;5.2.-Robos con fuerza en las cosas;2018;8.228
ANDALUCÍA;5.2.-Robos con fuerza en las cosas;2017;8.975
ANDALUCÍA;5.2.-Robos con fuerza en las cosas;2016;8.675
ANDALUCÍA;5.2.-Robos con fuerza en las cosas;2015;8.591
ANDALUCÍA;5.2.-Robos con fuerza en las cosas;2014;9.639
ANDALUCÍA;5.2.-Robos con fuerza en las cosas;2013;11.846
ANDALUCÍA;5.2.-Robos con fuerza en las cosas;2012;10.744
ANDALUCÍA;5.2.-Robos con fuerza en las cosas;2011;11.047
ANDALUCÍA;5.2.-Robos con fuerza en las cosas;2010;12.521
ANDALUCÍA;5.2.1.-Robos con fuerza en las cosas en el interior de vehículos;2023;2.331
ANDALUCÍA;5.2.1.-Robos con fuerza en las cosas en el interior de vehículos;2022;2.033
ANDALUCÍA;5.2.1.-Robos con fuerza en las cosas en el interior de vehículos;2021;1.797
ANDALUCÍA;5.2.1.-Robos con fuerza en las cosas en el interior de vehículos;2020;1.543
ANDALUCÍA;5.2.1.-Robos con fuerza en las cosas en el interior de vehículos;2019;1.701
ANDALUCÍA;5.2.1.-Robos con fuerza en las cosas en el interior de vehículos;2018;2.043
ANDALUCÍA;5.2.1.-Robos con fuerza en las cosas en el interior de vehículos;2017;2.515
ANDALUCÍA;5.2.1.-Robos con fuerza en las cosas en el interior de vehículos;2016;2.380
ANDALUCÍA;5.2.1.-Robos con fuerza en las cosas en el interior de vehículos;2015;2.128
ANDALUCÍA;5.2.1.-Robos con fuerza en las cosas en el interior de vehículos;2014;2.220
ANDALUCÍA;5.2.1.-Robos con fuerza en las cosas en el interior de vehículos;2013;2.682
ANDALUCÍA;5.2.1.-Robos con fuerza en las cosas en el interior de vehículos;2012;2.741
ANDALUCÍA;5.2.1.-Robos con fuerza en las cosas en el interior de vehículos;2011;2.994
ANDALUCÍA;5.2.1.-Robos con fuerza en las cosas en el interior de vehículos;2010;2.743
ANDALUCÍA;5.2.2.-Robos con fuerza en viviendas;2023;2.641
ANDALUCÍA;5.2.2.-Robos con fuerza en viviendas;2022;2.518
ANDALUCÍA;5.2.2.-Robos con fuerza en viviendas;2021;2.297
ANDALUCÍA;5.2.2.-Robos con fuerza en viviendas;2020;2.162
ANDALUCÍA;5.2.2.-Robos con fuerza en viviendas;2019;2.551
ANDALUCÍA;5.2.2.-Robos con fuerza en viviendas;2018;2.797
ANDALUCÍA;5.2.2.-Robos con fuerza en viviendas;2017;3.204
ANDALUCÍA;5.2.2.-Robos con fuerza en viviendas;2016;3.162
ANDALUCÍA;5.2.2.-Robos con fuerza en viviendas;2015;3.156
ANDALUCÍA;5.2.2.-Robos con fuerza en viviendas;2014;3.582
ANDALUCÍA;5.2.2.-Robos con fuerza en viviendas;2013;4.436
ANDALUCÍA;5.2.2.-Robos con fuerza en viviendas;2012;3.571
ANDALUCÍA;5.2.2.-Robos con fuerza en viviendas;2011;3.001
ANDALUCÍA;5.2.2.-Robos con fuerza en viviendas;2010;3.663
ANDALUCÍA;5.2.3.-Robos con fuerza en establecimientos;2023;2.089
ANDALUCÍA;5.2.3.-Robos con fuerza en establecimientos;2022;1.731
ANDALUCÍA;5.2.3.-Robos con fuerza en establecimientos;2021;1.565
ANDALUCÍA;5.2.3.-Robos con fuerza en establecimientos;2020;1.556
ANDALUCÍA;5.2.3.-Robos con fuerza en establecimientos;2019;1.814
ANDALUCÍA;5.2.3.-Robos con fuerza en establecimientos;2018;1.958
ANDALUCÍA;5.2.3.-Robos con fuerza en establecimientos;2017;1.882
ANDALUCÍA;5.2.3.-Robos con fuerza en establecimientos;2016;1.783
ANDALUCÍA;5.2.3.-Robos con fuerza en establecimientos;2015;1.757
ANDALUCÍA;5.2.3.-Robos con fuerza en establecimientos;2014;1.728
ANDALUCÍA;5.2.3.-Robos con fuerza en establecimientos;2013;1.933
ANDALUCÍA;5.2.3.-Robos con fuerza en establecimientos;2012;1.907
ANDALUCÍA;5.2.3.-Robos con fuerza en establecimientos;2011;1.922
ANDALUCÍA;5.2.3.-Robos con fuerza en establecimientos;2010;2.326
ANDALUCÍA;5.3.-Robos con violencia o intimidación;2023;3.367
ANDALUCÍA;5.3.-Robos con violencia o intimidación;2022;3.169
ANDALUCÍA;5.3.-Robos con violencia o intimidación;2021;2.631
ANDALUCÍA;5.3.-Robos con violencia o intimidación;2020;2.462
ANDALUCÍA;5.3.-Robos con violencia o intimidación;2019;3.013
ANDALUCÍA;5.3.-Robos con violencia o intimidación;2018;2.811
ANDALUCÍA;5.3.-Robos con violencia o intimidación;2017;2.889
ANDALUCÍA;5.3.-Robos con violencia o intimidación;2016;2.731
ANDALUCÍA;5.3.-Robos con violencia o intimidación;2015;2.744
ANDALUCÍA;5.3.-Robos con violencia o intimidación;2014;3.108
ANDALUCÍA;5.3.-Robos con violencia o intimidación;2013;3.613
ANDALUCÍA;5.3.-Robos con violencia o intimidación;2012;3.661
ANDALUCÍA;5.3.-Robos con violencia o intimidación;2011;3.545
ANDALUCÍA;5.3.-Robos con violencia o intimidación;2010;3.699
ANDALUCÍA;5.3.1.-Robos con violencia en vía pública;2023;1.862
ANDALUCÍA;5.3.1.-Robos con violencia en vía pública;2022;1.849
ANDALUCÍA;5.3.1.-Robos con violencia en vía pública;2021;1.542
ANDALUCÍA;5.3.1.-Robos con violencia en vía pública;2020;1.303
ANDALUCÍA;5.3.1.-Robos con violencia en vía pública;2019;1.647
ANDALUCÍA;5.3.1.-Robos con violencia en vía pública;2018;1.454
ANDALUCÍA;5.3.1.-Robos con violencia en vía pública;2017;1.610
ANDALUCÍA;5.3.1.-Robos con violencia en vía pública;2016;1.613
ANDALUCÍA;5.3.1.-Robos con violencia en vía pública;2015;1.652
ANDALUCÍA;5.3.1.-Robos con violencia en vía pública;2014;1.917
ANDALUCÍA;5.3.1.-Robos con violencia en vía pública;2013;2.188
ANDALUCÍA;5.3.1.-Robos con violencia en vía pública;2012;2.308
ANDALUCÍA;5.3.1.-Robos con violencia en vía pública;2011;2.137
ANDALUCÍA;5.3.1.-Robos con violencia en vía pública;2010;2.187
ANDALUCÍA;5.3.2.-Robos con violencia en viviendas;2023;345
ANDALUCÍA;5.3.2.-Robos con violencia en viviendas;2022;323
ANDALUCÍA;5.3.2.-Robos con violencia en viviendas;2021;319
ANDALUCÍA;5.3.2.-Robos con violencia en viviendas;2020;267
ANDALUCÍA;5.3.2.-Robos con violencia en viviendas;2019;309
ANDALUCÍA;5.3.2.-Robos con violencia en viviendas;2018;332
ANDALUCÍA;5.3.2.-Robos con violencia en viviendas;2017;293
ANDALUCÍA;5.3.2.-Robos con violencia en viviendas;2016;300
ANDALUCÍA;5.3.2.-Robos con violencia en viviendas;2015;270
ANDALUCÍA;5.3.2.-Robos con violencia en viviendas;2014;256
ANDALUCÍA;5.3.2.-Robos con violencia en viviendas;2013;308
ANDALUCÍA;5.3.2.-Robos con violencia en viviendas;2012;306
ANDALUCÍA;5.3.2.-Robos con violencia en viviendas;2011;251
ANDALUCÍA;5.3.2.-Robos con violencia en viviendas;2010;276
ANDALUCÍA;5.3.3.-Robos con violencia en establecimientos;2023;831
ANDALUCÍA;5.3.3.-Robos con violencia en establecimientos;2022;703
ANDALUCÍA;5.3.3.-Robos con violencia en establecimientos;2021;552
ANDALUCÍA;5.3.3.-Robos con violencia en establecimientos;2020;663
ANDALUCÍA;5.3.3.-Robos con violencia en establecimientos;2019;755
ANDALUCÍA;5.3.3.-Robos con violencia en establecimientos;2018;707
ANDALUCÍA;5.3.3.-Robos con violencia en establecimientos;2017;697
ANDALUCÍA;5.3.3.-Robos con violencia en establecimientos;2016;549
ANDALUCÍA;5.3.3.-Robos con violencia en establecimientos;2015;552
ANDALUCÍA;5.3.3.-Robos con violencia en establecimientos;2014;663
ANDALUCÍA;5.3.3.-Robos con violencia en establecimientos;2013;776
ANDALUCÍA;5.3.3.-Robos con violencia en establecimientos;2012;722
ANDALUCÍA;5.3.3.-Robos con violencia en establecimientos;2011;657
ANDALUCÍA;5.3.3.-Robos con violencia en establecimientos;2010;929
ANDALUCÍA;5.4.-Sustracción de vehículos;2023;1.870
ANDALUCÍA;5.4.-Sustracción de vehículos;2022;1.678
ANDALUCÍA;5.4.-Sustracción de vehículos;2021;1.532
ANDALUCÍA;5.4.-Sustracción de vehículos;2020;1.433
ANDALUCÍA;5.4.-Sustracción de vehículos;2019;1.758
ANDALUCÍA;5.4.-Sustracción de vehículos;2018;1.699
ANDALUCÍA;5.4.-Sustracción de vehículos;2017;2.086
ANDALUCÍA;5.4.-Sustracción de vehículos;2016;2.098
ANDALUCÍA;5.4.-Sustracción de vehículos;2015;1.815
ANDALUCÍA;5.4.-Sustracción de vehículos;2014;1.863
ANDALUCÍA;5.4.-Sustracción de vehículos;2013;2.154
ANDALUCÍA;5.4.-Sustracción de vehículos;2012;2.428
ANDALUCÍA;5.4.-Sustracción de vehículos;2011;2.613
ANDALUCÍA;5.4.-Sustracción de vehículos;2010;2.918
ANDALUCÍA;5.5.-Estafas;2023;14.457
ANDALUCÍA;5.5.-Estafas;2022;12.370
ANDALUCÍA;5.5.-Estafas;2021;10.664
ANDALUCÍA;5.5.-Estafas;2020;9.318
ANDALUCÍA;5.5.-Estafas;2019;9.422
ANDALUCÍA;5.5.-Estafas;2018;8.720
ANDALUCÍA;5.5.-Estafas;2017;7.377
ANDALUCÍA;5.5.-Estafas;2016;7.180
ANDALUCÍA;5.5.-Estafas;2015;6.971
ANDALUCÍA;5.5.-Estafas;2014;6.692
ANDALUCÍA;5.5.-Estafas;2013;6.605
ANDALUCÍA;5.5.-Estafas;2012;6.480
ANDALUCÍA;5.5.-Estafas;2011;5.849
ANDALUCÍA;5.5.-Estafas;2010;5.651
ANDALUCÍA;5.5.1.-Estafas informáticas;2023;9.841
ANDALUCÍA;5.5.1.-Estafas informáticas;2022;7.213
ANDALUCÍA;5.5.1.-Estafas informáticas;2021;6.171
ANDALUCÍA;5.5.1.-Estafas informáticas;2020;5.180
ANDALUCÍA;5.5.1.-Estafas informáticas;2019;3.958
ANDALUCÍA;5.5.1.-Estafas informáticas;2018;3.064
ANDALUCÍA;5.5.1.-Estafas informáticas;2017;2.649
ANDALUCÍA;5.5.1.-Estafas informáticas;2016;2.468
ANDALUCÍA;5.5.1.-Estafas informáticas;2015;2.269
ANDALUCÍA;5.5.1.-Estafas informáticas;2014;1.835
ANDALUCÍA;5.5.1.-Estafas informáticas;2013;1.615
ANDALUCÍA;5.5.1.-Estafas informáticas;2012;1.410
ANDALUCÍA;5.5.1.-Estafas informáticas;2011;1.140
ANDALUCÍA;5.5.1.-Estafas informáticas;2010;1.199
ANDALUCÍA;5.6.-Daños;2023;6.394
ANDALUCÍA;5.6.-Daños;2022;6.038
ANDALUCÍA;5.6.-Daños;2021;5.803
ANDALUCÍA;5.6.-Daños;2020;5.174
ANDALUCÍA;5.6.-Daños;2019;5.468
ANDALUCÍA;5.6.-Daños;2018;5.141
ANDALUCÍA;5.6.-Daños;2017;5.310
ANDALUCÍA;5.6.-Daños;2016;4.817
ANDALUCÍA;5.6.-Daños;2015;4.684
ANDALUCÍA;5.6.-Daños;2014;4.801
ANDALUCÍA;5.6.-Daños;2013;5.187
ANDALUCÍA;5.6.-Daños;2012;5.698
ANDALUCÍA;5.6.-Daños;2011;5.685
ANDALUCÍA;5.6.-Daños;2010;6.008
ANDALUCÍA;5.7.-Contra la propiedad intelectual/industrial;2023;316
ANDALUCÍA;5.7.-Contra la propiedad intelectual/industrial;2022;162
ANDALUCÍA;5.7.-Contra la propiedad intelectual/industrial;2021;199
ANDALUCÍA;5.7.-Contra la propiedad intelectual/industrial;2020;224
ANDALUCÍA;5.7.-Contra la propiedad intelectual/industrial;2019;418
ANDALUCÍA;5.7.-Contra la propiedad intelectual/industrial;2018;543
ANDALUCÍA;5.7.-Contra la propiedad intelectual/industrial;2017;417
ANDALUCÍA;5.7.-Contra la propiedad intelectual/industrial;2016;494
ANDALUCÍA;5.7.-Contra la propiedad intelectual/industrial;2015;489
ANDALUCÍA;5.7.-Contra la propiedad intelectual/industrial;2014;710
ANDALUCÍA;5.7.-Contra la propiedad intelectual/industrial;2013;930
ANDALUCÍA;5.7.-Contra la propiedad intelectual/industrial;2012;764
ANDALUCÍA;5.7.-Contra la propiedad intelectual/industrial;2011;504
ANDALUCÍA;5.7.-Contra la propiedad intelectual/industrial;2010;767
ANDALUCÍA;5.8.-Blanqueo de capitales;2023;107
ANDALUCÍA;5.8.-Blanqueo de capitales;2022;95
ANDALUCÍA;5.8.-Blanqueo de capitales;2021;80
ANDALUCÍA;5.8.-Blanqueo de capitales;2020;66
ANDALUCÍA;5.8.-Blanqueo de capitales;2019;81
ANDALUCÍA;5.8.-Blanqueo de capitales;2018;80
ANDALUCÍA;5.8.-Blanqueo de capitales;2017;54
ANDALUCÍA;5.8.-Blanqueo de capitales;2016;55
ANDALUCÍA;5.8.-Blanqueo de capitales;2015;68
ANDALUCÍA;5.8.-Blanqueo de capitales;2014;85
ANDALUCÍA;5.8.-Blanqueo de capitales;2013;70
ANDALUCÍA;5.8.-Blanqueo de capitales;2012;52
ANDALUCÍA;5.8.-Blanqueo de capitales;2011;43
ANDALUCÍA;5.8.-Blanqueo de capitales;2010;44
ANDALUCÍA;5.9.-Otros contra el patrimonio;2023;6.557
ANDALUCÍA;5.9.-Otros contra el patrimonio;2022;6.746
ANDALUCÍA;5.9.-Otros contra el patrimonio;2021;6.033
ANDALUCÍA;5.9.-Otros contra el patrimonio;2020;5.647
ANDALUCÍA;5.9.-Otros contra el patrimonio;2019;5.965
ANDALUCÍA;5.9.-Otros contra el patrimonio;2018;5.776
ANDALUCÍA;5.9.-Otros contra el patrimonio;2017;5.046
ANDALUCÍA;5.9.-Otros contra el patrimonio;2016;4.274
ANDALUCÍA;5.9.-Otros contra el patrimonio;2015;4.571
ANDALUCÍA;5.9.-Otros contra el patrimonio;2014;4.701
ANDALUCÍA;5.9.-Otros contra el patrimonio;2013;4.309
ANDALUCÍA;5.9.-Otros contra el patrimonio;2012;3.219
ANDALUCÍA;5.9.-Otros contra el patrimonio;2011;2.734
ANDALUCÍA;5.9.-Otros contra el patrimonio;2010;2.490
ANDALUCÍA;6. SEGURIDAD COLECTIVA;2023;15.349
ANDALUCÍA;6. SEGURIDAD COLECTIVA;2022;15.101
ANDALUCÍA;6. SEGURIDAD COLECTIVA;2021;14.422
ANDALUCÍA;6. SEGURIDAD COLECTIVA;2020;13.322
ANDALUCÍA;6. SEGURIDAD COLECTIVA;2019;14.283
ANDALUCÍA;6. SEGURIDAD COLECTIVA;2018;13.201
ANDALUCÍA;6. SEGURIDAD COLECTIVA;2017;12.384
ANDALUCÍA;6. SEGURIDAD COLECTIVA;2016;12.256
ANDALUCÍA;6. SEGURIDAD COLECTIVA;2015;12.947
ANDALUCÍA;6. SEGURIDAD COLECTIVA;2014;14.673
ANDALUCÍA;6. SEGURIDAD COLECTIVA;2013;15.887
ANDALUCÍA;6. SEGURIDAD COLECTIVA;2012;16.997
ANDALUCÍA;6. SEGURIDAD COLECTIVA;2011;18.764
ANDALUCÍA;6. SEGURIDAD COLECTIVA;2010;15.822
ANDALUCÍA;6.1.-Tráfico de drogas;2023;4.314
ANDALUCÍA;6.1.-Tráfico de drogas;2022;4.087
ANDALUCÍA;6.1.-Tráfico de drogas;2021;4.238
ANDALUCÍA;6.1.-Tráfico de drogas;2020;4.183
ANDALUCÍA;6.1.-Tráfico de drogas;2019;3.983
ANDALUCÍA;6.1.-Tráfico de drogas;2018;3.422
ANDALUCÍA;6.1.-Tráfico de drogas;2017;3.169
ANDALUCÍA;6.1.-Tráfico de drogas;2016;2.875
ANDALUCÍA;6.1.-Tráfico de drogas;2015;2.854
ANDALUCÍA;6.1.-Tráfico de drogas;2014;3.168
ANDALUCÍA;6.1.-Tráfico de drogas;2013;3.167
ANDALUCÍA;6.1.-Tráfico de drogas;2012;3.286
ANDALUCÍA;6.1.-Tráfico de drogas;2011;3.377
ANDALUCÍA;6.1.-Tráfico de drogas;2010;2.948
ANDALUCÍA;6.2.-Contra la seguridad vial;2023;10.708
ANDALUCÍA;6.2.-Contra la seguridad vial;2022;10.654
ANDALUCÍA;6.2.-Contra la seguridad vial;2021;9.858
ANDALUCÍA;6.2.-Contra la seguridad vial;2020;8.826
ANDALUCÍA;6.2.-Contra la seguridad vial;2019;9.988
ANDALUCÍA;6.2.-Contra la seguridad vial;2018;9.460
ANDALUCÍA;6.2.-Contra la seguridad vial;2017;8.864
ANDALUCÍA;6.2.-Contra la seguridad vial;2016;9.105
ANDALUCÍA;6.2.-Contra la seguridad vial;2015;9.819
ANDALUCÍA;6.2.-Contra la seguridad vial;2014;11.175
ANDALUCÍA;6.2.-Contra la seguridad vial;2013;12.409
ANDALUCÍA;6.2.-Contra la seguridad vial;2012;13.349
ANDALUCÍA;6.2.-Contra la seguridad vial;2011;15.072
ANDALUCÍA;6.2.-Contra la seguridad vial;2010;12.365
ANDALUCÍA;6.3.-Otros contra la seguridad colectiva;2023;327
ANDALUCÍA;6.3.-Otros contra la seguridad colectiva;2022;360
ANDALUCÍA;6.3.-Otros contra la seguridad colectiva;2021;326
ANDALUCÍA;6.3.-Otros contra la seguridad colectiva;2020;313
ANDALUCÍA;6.3.-Otros contra la seguridad colectiva;2019;312
ANDALUCÍA;6.3.-Otros contra la seguridad colectiva;2018;319
ANDALUCÍA;6.3.-Otros contra la seguridad colectiva;2017;351
ANDALUCÍA;6.3.-Otros contra la seguridad colectiva;2016;276
ANDALUCÍA;6.3.-Otros contra la seguridad colectiva;2015;274
ANDALUCÍA;6.3.-Otros contra la seguridad colectiva;2014;330
ANDALUCÍA;6.3.-Otros contra la seguridad colectiva;2013;311
ANDALUCÍA;6.3.-Otros contra la seguridad colectiva;2012;362
ANDALUCÍA;6.3.-Otros contra la seguridad colectiva;2011;315
ANDALUCÍA;6.3.-Otros contra la seguridad colectiva;2010;509
ANDALUCÍA;7. FALSEDADES;2023;3.035
ANDALUCÍA;7. FALSEDADES;2022;2.799
ANDALUCÍA;7. FALSEDADES;2021;2.614
ANDALUCÍA;7. FALSEDADES;2020;2.122
ANDALUCÍA;7. FALSEDADES;2019;2.303
ANDALUCÍA;7. FALSEDADES;2018;2.333
ANDALUCÍA;7. FALSEDADES;2017;2.133
ANDALUCÍA;7. FALSEDADES;2016;2.171
ANDALUCÍA;7. FALSEDADES;2015;2.077
ANDALUCÍA;7. FALSEDADES;2014;1.920
ANDALUCÍA;7. FALSEDADES;2013;1.996
ANDALUCÍA;7. FALSEDADES;2012;2.109
ANDALUCÍA;7. FALSEDADES;2011;2.043
ANDALUCÍA;7. FALSEDADES;2010;1.871
ANDALUCÍA;8. ADMÓN. PÚBLICA;2023;79
ANDALUCÍA;8. ADMÓN. PÚBLICA;2022;68
ANDALUCÍA;8. ADMÓN. PÚBLICA;2021;62
ANDALUCÍA;8. ADMÓN. PÚBLICA;2020;54
ANDALUCÍA;8. ADMÓN. PÚBLICA;2019;84
ANDALUCÍA;8. ADMÓN. PÚBLICA;2018;109
ANDALUCÍA;8. ADMÓN. PÚBLICA;2017;98
ANDALUCÍA;8. ADMÓN. PÚBLICA;2016;141
ANDALUCÍA;8. ADMÓN. PÚBLICA;2015;116
ANDALUCÍA;8. ADMÓN. PÚBLICA;2014;201
ANDALUCÍA;8. ADMÓN. PÚBLICA;2013;95
ANDALUCÍA;8. ADMÓN. PÚBLICA;2012;57
ANDALUCÍA;8. ADMÓN. PÚBLICA;2011;62
ANDALUCÍA;8. ADMÓN. PÚBLICA;2010;89
ANDALUCÍA;9. ADMÓN. JUSTICIA;2023;8.706
ANDALUCÍA;9. ADMÓN. JUSTICIA;2022;7.544
ANDALUCÍA;9. ADMÓN. JUSTICIA;2021;6.697
ANDALUCÍA;9. ADMÓN. JUSTICIA;2020;6.625
ANDALUCÍA;9. ADMÓN. JUSTICIA;2019;6.708
ANDALUCÍA;9. ADMÓN. JUSTICIA;2018;6.422
ANDALUCÍA;9. ADMÓN. JUSTICIA;2017;6.057
ANDALUCÍA;9. ADMÓN. JUSTICIA;2016;5.850
ANDALUCÍA;9. ADMÓN. JUSTICIA;2015;6.266
ANDALUCÍA;9. ADMÓN. JUSTICIA;2014;6.600
ANDALUCÍA;9. ADMÓN. JUSTICIA;2013;6.567
ANDALUCÍA;9. ADMÓN. JUSTICIA;2012;6.277
ANDALUCÍA;9. ADMÓN. JUSTICIA;2011;6.398
ANDALUCÍA;9. ADMÓN. JUSTICIA;2010;5.912
ANDALUCÍA;10. ORDEN PÚBLICO;2023;5.321
ANDALUCÍA;10. ORDEN PÚBLICO;2022;4.964
ANDALUCÍA;10. ORDEN PÚBLICO;2021;4.776
ANDALUCÍA;10. ORDEN PÚBLICO;2020;5.675
ANDALUCÍA;10. ORDEN PÚBLICO;2019;4.057
ANDALUCÍA;10. ORDEN PÚBLICO;2018;3.765
ANDALUCÍA;10. ORDEN PÚBLICO;2017;3.473
ANDALUCÍA;10. ORDEN PÚBLICO;2016;3.371
ANDALUCÍA;10. ORDEN PÚBLICO;2015;4.132
ANDALUCÍA;10. ORDEN PÚBLICO;2014;5.075
ANDALUCÍA;10. ORDEN PÚBLICO;2013;5.588
ANDALUCÍA;10. ORDEN PÚBLICO;2012;5.672
ANDALUCÍA;10. ORDEN PÚBLICO;2011;6.282
ANDALUCÍA;10. ORDEN PÚBLICO;2010;6.068
ANDALUCÍA;11. LEGISLACIÓN ESPECIAL;2023;119
ANDALUCÍA;11. LEGISLACIÓN ESPECIAL;2022;184
ANDALUCÍA;11. LEGISLACIÓN ESPECIAL;2021;201
ANDALUCÍA;11. LEGISLACIÓN ESPECIAL;2020;196
ANDALUCÍA;11. LEGISLACIÓN ESPECIAL;2019;169
ANDALUCÍA;11. LEGISLACIÓN ESPECIAL;2018;124
ANDALUCÍA;11. LEGISLACIÓN ESPECIAL;2017;85
ANDALUCÍA;11. LEGISLACIÓN ESPECIAL;2016;82
ANDALUCÍA;11. LEGISLACIÓN ESPECIAL;2015;64
ANDALUCÍA;11. LEGISLACIÓN ESPECIAL;2014;55
ANDALUCÍA;11. LEGISLACIÓN ESPECIAL;2013;76
ANDALUCÍA;11. LEGISLACIÓN ESPECIAL;2012;76
ANDALUCÍA;11. LEGISLACIÓN ESPECIAL;2011;98
ANDALUCÍA;11. LEGISLACIÓN ESPECIAL;2010;75
ANDALUCÍA;12. OTRAS INFRACCIONES PENALES;2023;2.138
ANDALUCÍA;12. OTRAS INFRACCIONES PENALES;2022;1.829
ANDALUCÍA;12. OTRAS INFRACCIONES PENALES;2021;2.068
ANDALUCÍA;12. OTRAS INFRACCIONES PENALES;2020;1.909
ANDALUCÍA;12. OTRAS INFRACCIONES PENALES;2019;1.858
ANDALUCÍA;12. OTRAS INFRACCIONES PENALES;2018;1.708
ANDALUCÍA;12. OTRAS INFRACCIONES PENALES;2017;1.845
ANDALUCÍA;12. OTRAS INFRACCIONES PENALES;2016;1.824
ANDALUCÍA;12. OTRAS INFRACCIONES PENALES;2015;1.464
ANDALUCÍA;12. OTRAS INFRACCIONES PENALES;2014;1.058
ANDALUCÍA;12. OTRAS INFRACCIONES PENALES;2013;1.031
ANDALUCÍA;12. OTRAS INFRACCIONES PENALES;2012;1.022
ANDALUCÍA;12. OTRAS INFRACCIONES PENALES;2011;902
ANDALUCÍA;12. OTRAS INFRACCIONES PENALES;2010;1.046
ANDALUCÍA;TOTAL INFRACCIONES PENALES;2023;170.763
ANDALUCÍA;TOTAL INFRACCIONES PENALES;2022;154.111
ANDALUCÍA;TOTAL INFRACCIONES PENALES;2021;139.211
ANDALUCÍA;TOTAL INFRACCIONES PENALES;2020;128.611
ANDALUCÍA;TOTAL INFRACCIONES PENALES;2019;139.450
ANDALUCÍA;TOTAL INFRACCIONES PENALES;2018;134.364
ANDALUCÍA;TOTAL INFRACCIONES PENALES;2017;132.761
ANDALUCÍA;TOTAL INFRACCIONES PENALES;2016;127.979
ANDALUCÍA;TOTAL INFRACCIONES PENALES;2015;134.878
ANDALUCÍA;TOTAL INFRACCIONES PENALES;2014;145.957
ANDALUCÍA;TOTAL INFRACCIONES PENALES;2013;150.167
ANDALUCÍA;TOTAL INFRACCIONES PENALES;2012;150.129
ANDALUCÍA;TOTAL INFRACCIONES PENALES;2011;151.460
ANDALUCÍA;TOTAL INFRACCIONES PENALES;2010;148.333
ARAGÓN;1. CONTRA LAS PERSONAS;2023;5.500
ARAGÓN;1. CONTRA LAS PERSONAS;2022;5.087
ARAGÓN;1. CONTRA LAS PERSONAS;2021;4.071
ARAGÓN;1. CONTRA LAS PERSONAS;2020;3.780
ARAGÓN;1. CONTRA LAS PERSONAS;2019;4.264
ARAGÓN;1. CONTRA LAS PERSONAS;2018;4.094
ARAGÓN;1. CONTRA LAS PERSONAS;2017;3.806
ARAGÓN;1. CONTRA LAS PERSONAS;2016;3.684
ARAGÓN;1. CONTRA LAS PERSONAS;2015;4.285
ARAGÓN;1. CONTRA LAS PERSONAS;2014;5.248
ARAGÓN;1. CONTRA LAS PERSONAS;2013;5.614
ARAGÓN;1. CONTRA LAS PERSONAS;2012;5.302
ARAGÓN;1. CONTRA LAS PERSONAS;2011;5.938
ARAGÓN;1. CONTRA LAS PERSONAS;2010;5.680
ARAGÓN;1.1.-Homicidios dolosos/asesinatos;2023;46
ARAGÓN;1.1.-Homicidios dolosos/asesinatos;2022;37
ARAGÓN;1.1.-Homicidios dolosos/asesinatos;2021;17
ARAGÓN;1.1.-Homicidios dolosos/asesinatos;2020;40
ARAGÓN;1.1.-Homicidios dolosos/asesinatos;2019;16
ARAGÓN;1.1.-Homicidios dolosos/asesinatos;2018;14
ARAGÓN;1.1.-Homicidios dolosos/asesinatos;2017;24
ARAGÓN;1.1.-Homicidios dolosos/asesinatos;2016;25
ARAGÓN;1.1.-Homicidios dolosos/asesinatos;2015;21
ARAGÓN;1.1.-Homicidios dolosos/asesinatos;2014;18
ARAGÓN;1.1.-Homicidios dolosos/asesinatos;2013;14
ARAGÓN;1.1.-Homicidios dolosos/asesinatos;2012;17
ARAGÓN;1.1.-Homicidios dolosos/asesinatos;2011;14
ARAGÓN;1.1.-Homicidios dolosos/asesinatos;2010;22
ARAGÓN;1.1.1.-Homicidios dolosos/asesinatos consumados;2023;8
ARAGÓN;1.1.1.-Homicidios dolosos/asesinatos consumados;2022;10
ARAGÓN;1.1.1.-Homicidios dolosos/asesinatos consumados;2021;5
ARAGÓN;1.1.1.-Homicidios dolosos/asesinatos consumados;2020;4
ARAGÓN;1.1.1.-Homicidios dolosos/asesinatos consumados;2019;7
ARAGÓN;1.1.1.-Homicidios dolosos/asesinatos consumados;2018;7
ARAGÓN;1.1.1.-Homicidios dolosos/asesinatos consumados;2017;8
ARAGÓN;1.1.1.-Homicidios dolosos/asesinatos consumados;2016;9
ARAGÓN;1.1.1.-Homicidios dolosos/asesinatos consumados;2015;7
ARAGÓN;1.1.1.-Homicidios dolosos/asesinatos consumados;2014;5
ARAGÓN;1.1.1.-Homicidios dolosos/asesinatos consumados;2013;7
ARAGÓN;1.1.1.-Homicidios dolosos/asesinatos consumados;2012;7
ARAGÓN;1.1.1.-Homicidios dolosos/asesinatos consumados;2011;6
ARAGÓN;1.1.1.-Homicidios dolosos/asesinatos consumados;2010;10
ARAGÓN;1.2.-Lesiones;2023;2.397
ARAGÓN;1.2.-Lesiones;2022;2.335
ARAGÓN;1.2.-Lesiones;2021;1.798
ARAGÓN;1.2.-Lesiones;2020;1.524
ARAGÓN;1.2.-Lesiones;2019;1.938
ARAGÓN;1.2.-Lesiones;2018;1.903
ARAGÓN;1.2.-Lesiones;2017;1.804
ARAGÓN;1.2.-Lesiones;2016;1.756
ARAGÓN;1.2.-Lesiones;2015;1.726
ARAGÓN;1.2.-Lesiones;2014;1.886
ARAGÓN;1.2.-Lesiones;2013;2.002
ARAGÓN;1.2.-Lesiones;2012;1.930
ARAGÓN;1.2.-Lesiones;2011;2.125
ARAGÓN;1.2.-Lesiones;2010;2.110
ARAGÓN;1.3.-Malos tratos ámbito familiar;2023;2.958
ARAGÓN;1.3.-Malos tratos ámbito familiar;2022;2.628
ARAGÓN;1.3.-Malos tratos ámbito familiar;2021;2.164
ARAGÓN;1.3.-Malos tratos ámbito familiar;2020;2.146
ARAGÓN;1.3.-Malos tratos ámbito familiar;2019;2.229
ARAGÓN;1.3.-Malos tratos ámbito familiar;2018;2.077
ARAGÓN;1.3.-Malos tratos ámbito familiar;2017;1.929
ARAGÓN;1.3.-Malos tratos ámbito familiar;2016;1.862
ARAGÓN;1.3.-Malos tratos ámbito familiar;2015;1.696
ARAGÓN;1.3.-Malos tratos ámbito familiar;2014;1.723
ARAGÓN;1.3.-Malos tratos ámbito familiar;2013;1.724
ARAGÓN;1.3.-Malos tratos ámbito familiar;2012;1.556
ARAGÓN;1.3.-Malos tratos ámbito familiar;2011;1.905
ARAGÓN;1.3.-Malos tratos ámbito familiar;2010;1.510
ARAGÓN;1.4.-Otros contra las personas;2023;99
ARAGÓN;1.4.-Otros contra las personas;2022;87
ARAGÓN;1.4.-Otros contra las personas;2021;92
ARAGÓN;1.4.-Otros contra las personas;2020;70
ARAGÓN;1.4.-Otros contra las personas;2019;81
ARAGÓN;1.4.-Otros contra las personas;2018;100
ARAGÓN;1.4.-Otros contra las personas;2017;49
ARAGÓN;1.4.-Otros contra las personas;2016;41
ARAGÓN;1.4.-Otros contra las personas;2015;842
ARAGÓN;1.4.-Otros contra las personas;2014;1.621
ARAGÓN;1.4.-Otros contra las personas;2013;1.874
ARAGÓN;1.4.-Otros contra las personas;2012;1.799
ARAGÓN;1.4.-Otros contra las personas;2011;1.894
ARAGÓN;1.4.-Otros contra las personas;2010;2.038
ARAGÓN;2. CONTRA LA LIBERTAD;2023;2.519
ARAGÓN;2. CONTRA LA LIBERTAD;2022;2.179
ARAGÓN;2. CONTRA LA LIBERTAD;2021;2.140
ARAGÓN;2. CONTRA LA LIBERTAD;2020;1.966
ARAGÓN;2. CONTRA LA LIBERTAD;2019;1.928
ARAGÓN;2. CONTRA LA LIBERTAD;2018;1.875
ARAGÓN;2. CONTRA LA LIBERTAD;2017;1.768
ARAGÓN;2. CONTRA LA LIBERTAD;2016;1.760
ARAGÓN;2. CONTRA LA LIBERTAD;2015;1.200
ARAGÓN;2. CONTRA LA LIBERTAD;2014;826
ARAGÓN;2. CONTRA LA LIBERTAD;2013;816
ARAGÓN;2. CONTRA LA LIBERTAD;2012;840
ARAGÓN;2. CONTRA LA LIBERTAD;2011;953
ARAGÓN;2. CONTRA LA LIBERTAD;2010;868
ARAGÓN;2.1.-Malos tratos habituales en el ámbito familiar;2023;300
ARAGÓN;2.1.-Malos tratos habituales en el ámbito familiar;2022;278
ARAGÓN;2.1.-Malos tratos habituales en el ámbito familiar;2021;305
ARAGÓN;2.1.-Malos tratos habituales en el ámbito familiar;2020;302
ARAGÓN;2.1.-Malos tratos habituales en el ámbito familiar;2019;281
ARAGÓN;2.1.-Malos tratos habituales en el ámbito familiar;2018;271
ARAGÓN;2.1.-Malos tratos habituales en el ámbito familiar;2017;249
ARAGÓN;2.1.-Malos tratos habituales en el ámbito familiar;2016;251
ARAGÓN;2.1.-Malos tratos habituales en el ámbito familiar;2015;294
ARAGÓN;2.1.-Malos tratos habituales en el ámbito familiar;2014;363
ARAGÓN;2.1.-Malos tratos habituales en el ámbito familiar;2013;386
ARAGÓN;2.1.-Malos tratos habituales en el ámbito familiar;2012;379
ARAGÓN;2.1.-Malos tratos habituales en el ámbito familiar;2011;464
ARAGÓN;2.1.-Malos tratos habituales en el ámbito familiar;2010;416
ARAGÓN;2.2.-Otros contra la libertad;2023;2.219
ARAGÓN;2.2.-Otros contra la libertad;2022;1.901
ARAGÓN;2.2.-Otros contra la libertad;2021;1.835
ARAGÓN;2.2.-Otros contra la libertad;2020;1.664
ARAGÓN;2.2.-Otros contra la libertad;2019;1.647
ARAGÓN;2.2.-Otros contra la libertad;2018;1.604
ARAGÓN;2.2.-Otros contra la libertad;2017;1.519
ARAGÓN;2.2.-Otros contra la libertad;2016;1.509
ARAGÓN;2.2.-Otros contra la libertad;2015;906
ARAGÓN;2.2.-Otros contra la libertad;2014;463
ARAGÓN;2.2.-Otros contra la libertad;2013;430
ARAGÓN;2.2.-Otros contra la libertad;2012;461
ARAGÓN;2.2.-Otros contra la libertad;2011;489
ARAGÓN;2.2.-Otros contra la libertad;2010;452
ARAGÓN;3. LIBERTAD SEXUAL;2023;409
ARAGÓN;3. LIBERTAD SEXUAL;2022;369
ARAGÓN;3. LIBERTAD SEXUAL;2021;384
ARAGÓN;3. LIBERTAD SEXUAL;2020;272
ARAGÓN;3. LIBERTAD SEXUAL;2019;267
ARAGÓN;3. LIBERTAD SEXUAL;2018;272
ARAGÓN;3. LIBERTAD SEXUAL;2017;226
ARAGÓN;3. LIBERTAD SEXUAL;2016;229
ARAGÓN;3. LIBERTAD SEXUAL;2015;198
ARAGÓN;3. LIBERTAD SEXUAL;2014;178
ARAGÓN;3. LIBERTAD SEXUAL;2013;177
ARAGÓN;3. LIBERTAD SEXUAL;2012;170
ARAGÓN;3. LIBERTAD SEXUAL;2011;215
ARAGÓN;3. LIBERTAD SEXUAL;2010;233
ARAGÓN;3.1.-Agresión sexual;2023;263
ARAGÓN;3.1.-Agresión sexual;2022;215
ARAGÓN;3.1.-Agresión sexual;2021;221
ARAGÓN;3.1.-Agresión sexual;2020;148
ARAGÓN;3.1.-Agresión sexual;2019;176
ARAGÓN;3.1.-Agresión sexual;2018;157
ARAGÓN;3.1.-Agresión sexual;2017;126
ARAGÓN;3.1.-Agresión sexual;2016;135
ARAGÓN;3.1.-Agresión sexual;2015;108
ARAGÓN;3.1.-Agresión sexual;2014;93
ARAGÓN;3.1.-Agresión sexual;2013;83
ARAGÓN;3.1.-Agresión sexual;2012;83
ARAGÓN;3.1.-Agresión sexual;2011;122
ARAGÓN;3.1.-Agresión sexual;2010;121
ARAGÓN;3.2.-Agresión sexual con penetración;2023;82
ARAGÓN;3.2.-Agresión sexual con penetración;2022;82
ARAGÓN;3.2.-Agresión sexual con penetración;2021;95
ARAGÓN;3.2.-Agresión sexual con penetración;2020;60
ARAGÓN;3.2.-Agresión sexual con penetración;2019;39
ARAGÓN;3.2.-Agresión sexual con penetración;2018;51
ARAGÓN;3.2.-Agresión sexual con penetración;2017;39
ARAGÓN;3.2.-Agresión sexual con penetración;2016;47
ARAGÓN;3.2.-Agresión sexual con penetración;2015;31
ARAGÓN;3.2.-Agresión sexual con penetración;2014;35
ARAGÓN;3.2.-Agresión sexual con penetración;2013;38
ARAGÓN;3.2.-Agresión sexual con penetración;2012;45
ARAGÓN;3.2.-Agresión sexual con penetración;2011;45
ARAGÓN;3.2.-Agresión sexual con penetración;2010;55
ARAGÓN;3.3.-Corrupción de menores o incapacitados;2023;6
ARAGÓN;3.3.-Corrupción de menores o incapacitados;2022;10
ARAGÓN;3.3.-Corrupción de menores o incapacitados;2021;8
ARAGÓN;3.3.-Corrupción de menores o incapacitados;2020;7
ARAGÓN;3.3.-Corrupción de menores o incapacitados;2019;9
ARAGÓN;3.3.-Corrupción de menores o incapacitados;2018;6
ARAGÓN;3.3.-Corrupción de menores o incapacitados;2017;13
ARAGÓN;3.3.-Corrupción de menores o incapacitados;2016;14
ARAGÓN;3.3.-Corrupción de menores o incapacitados;2015;16
ARAGÓN;3.3.-Corrupción de menores o incapacitados;2014;13
ARAGÓN;3.3.-Corrupción de menores o incapacitados;2013;15
ARAGÓN;3.3.-Corrupción de menores o incapacitados;2012;8
ARAGÓN;3.3.-Corrupción de menores o incapacitados;2011;11
ARAGÓN;3.3.-Corrupción de menores o incapacitados;2010;7
ARAGÓN;3.4.-Pornografía de menores;2023;19
ARAGÓN;3.4.-Pornografía de menores;2022;16
ARAGÓN;3.4.-Pornografía de menores;2021;21
ARAGÓN;3.4.-Pornografía de menores;2020;12
ARAGÓN;3.4.-Pornografía de menores;2019;15
ARAGÓN;3.4.-Pornografía de menores;2018;24
ARAGÓN;3.4.-Pornografía de menores;2017;18
ARAGÓN;3.4.-Pornografía de menores;2016;4
ARAGÓN;3.4.-Pornografía de menores;2015;18
ARAGÓN;3.4.-Pornografía de menores;2014;12
ARAGÓN;3.4.-Pornografía de menores;2013;10
ARAGÓN;3.4.-Pornografía de menores;2012;12
ARAGÓN;3.4.-Pornografía de menores;2011;10
ARAGÓN;3.4.-Pornografía de menores;2010;17
ARAGÓN;3.5.-Otros contra la libertad sexual;2023;39
ARAGÓN;3.5.-Otros contra la libertad sexual;2022;46
ARAGÓN;3.5.-Otros contra la libertad sexual;2021;39
ARAGÓN;3.5.-Otros contra la libertad sexual;2020;45
ARAGÓN;3.5.-Otros contra la libertad sexual;2019;28
ARAGÓN;3.5.-Otros contra la libertad sexual;2018;34
ARAGÓN;3.5.-Otros contra la libertad sexual;2017;30
ARAGÓN;3.5.-Otros contra la libertad sexual;2016;29
ARAGÓN;3.5.-Otros contra la libertad sexual;2015;25
ARAGÓN;3.5.-Otros contra la libertad sexual;2014;25
ARAGÓN;3.5.-Otros contra la libertad sexual;2013;31
ARAGÓN;3.5.-Otros contra la libertad sexual;2012;22
ARAGÓN;3.5.-Otros contra la libertad sexual;2011;27
ARAGÓN;3.5.-Otros contra la libertad sexual;2010;33
ARAGÓN;4. RELACIONES FAMILIARES;2023;161
ARAGÓN;4. RELACIONES FAMILIARES;2022;182
ARAGÓN;4. RELACIONES FAMILIARES;2021;151
ARAGÓN;4. RELACIONES FAMILIARES;2020;147
ARAGÓN;4. RELACIONES FAMILIARES;2019;152
ARAGÓN;4. RELACIONES FAMILIARES;2018;172
ARAGÓN;4. RELACIONES FAMILIARES;2017;159
ARAGÓN;4. RELACIONES FAMILIARES;2016;153
ARAGÓN;4. RELACIONES FAMILIARES;2015;153
ARAGÓN;4. RELACIONES FAMILIARES;2014;203
ARAGÓN;4. RELACIONES FAMILIARES;2013;161
ARAGÓN;4. RELACIONES FAMILIARES;2012;138
ARAGÓN;4. RELACIONES FAMILIARES;2011;134
ARAGÓN;4. RELACIONES FAMILIARES;2010;137
ARAGÓN;5. PATRIMONIO;2023;7.686
ARAGÓN;5. PATRIMONIO;2022;7.171
ARAGÓN;5. PATRIMONIO;2021;6.273
ARAGÓN;5. PATRIMONIO;2020;5.265
ARAGÓN;5. PATRIMONIO;2019;6.140
ARAGÓN;5. PATRIMONIO;2018;6.098
ARAGÓN;5. PATRIMONIO;2017;6.140
ARAGÓN;5. PATRIMONIO;2016;6.361
ARAGÓN;5. PATRIMONIO;2015;5.888
ARAGÓN;5. PATRIMONIO;2014;6.931
ARAGÓN;5. PATRIMONIO;2013;7.228
ARAGÓN;5. PATRIMONIO;2012;6.750
ARAGÓN;5. PATRIMONIO;2011;6.792
ARAGÓN;5. PATRIMONIO;2010;6.812
ARAGÓN;5.1.-Hurtos;2023;2.848
ARAGÓN;5.1.-Hurtos;2022;2.564
ARAGÓN;5.1.-Hurtos;2021;2.150
ARAGÓN;5.1.-Hurtos;2020;1.731
ARAGÓN;5.1.-Hurtos;2019;2.387
ARAGÓN;5.1.-Hurtos;2018;2.504
ARAGÓN;5.1.-Hurtos;2017;2.452
ARAGÓN;5.1.-Hurtos;2016;2.555
ARAGÓN;5.1.-Hurtos;2015;2.579
ARAGÓN;5.1.-Hurtos;2014;2.833
ARAGÓN;5.1.-Hurtos;2013;3.020
ARAGÓN;5.1.-Hurtos;2012;2.773
ARAGÓN;5.1.-Hurtos;2011;2.601
ARAGÓN;5.1.-Hurtos;2010;2.716
ARAGÓN;5.2.-Robos con fuerza en las cosas;2023;909
ARAGÓN;5.2.-Robos con fuerza en las cosas;2022;900
ARAGÓN;5.2.-Robos con fuerza en las cosas;2021;788
ARAGÓN;5.2.-Robos con fuerza en las cosas;2020;795
ARAGÓN;5.2.-Robos con fuerza en las cosas;2019;825
ARAGÓN;5.2.-Robos con fuerza en las cosas;2018;732
ARAGÓN;5.2.-Robos con fuerza en las cosas;2017;909
ARAGÓN;5.2.-Robos con fuerza en las cosas;2016;1.011
ARAGÓN;5.2.-Robos con fuerza en las cosas;2015;799
ARAGÓN;5.2.-Robos con fuerza en las cosas;2014;1.240
ARAGÓN;5.2.-Robos con fuerza en las cosas;2013;1.327
ARAGÓN;5.2.-Robos con fuerza en las cosas;2012;1.127
ARAGÓN;5.2.-Robos con fuerza en las cosas;2011;1.253
ARAGÓN;5.2.-Robos con fuerza en las cosas;2010;1.228
ARAGÓN;5.2.1.-Robos con fuerza en las cosas en el interior de vehículos;2023;152
ARAGÓN;5.2.1.-Robos con fuerza en las cosas en el interior de vehículos;2022;125
ARAGÓN;5.2.1.-Robos con fuerza en las cosas en el interior de vehículos;2021;127
ARAGÓN;5.2.1.-Robos con fuerza en las cosas en el interior de vehículos;2020;123
ARAGÓN;5.2.1.-Robos con fuerza en las cosas en el interior de vehículos;2019;123
ARAGÓN;5.2.1.-Robos con fuerza en las cosas en el interior de vehículos;2018;99
ARAGÓN;5.2.1.-Robos con fuerza en las cosas en el interior de vehículos;2017;160
ARAGÓN;5.2.1.-Robos con fuerza en las cosas en el interior de vehículos;2016;209
ARAGÓN;5.2.1.-Robos con fuerza en las cosas en el interior de vehículos;2015;169
ARAGÓN;5.2.1.-Robos con fuerza en las cosas en el interior de vehículos;2014;207
ARAGÓN;5.2.1.-Robos con fuerza en las cosas en el interior de vehículos;2013;211
ARAGÓN;5.2.1.-Robos con fuerza en las cosas en el interior de vehículos;2012;170
ARAGÓN;5.2.1.-Robos con fuerza en las cosas en el interior de vehículos;2011;193
ARAGÓN;5.2.1.-Robos con fuerza en las cosas en el interior de vehículos;2010;145
ARAGÓN;5.2.2.-Robos con fuerza en viviendas;2023;299
ARAGÓN;5.2.2.-Robos con fuerza en viviendas;2022;240
ARAGÓN;5.2.2.-Robos con fuerza en viviendas;2021;228
ARAGÓN;5.2.2.-Robos con fuerza en viviendas;2020;251
ARAGÓN;5.2.2.-Robos con fuerza en viviendas;2019;272
ARAGÓN;5.2.2.-Robos con fuerza en viviendas;2018;318
ARAGÓN;5.2.2.-Robos con fuerza en viviendas;2017;390
ARAGÓN;5.2.2.-Robos con fuerza en viviendas;2016;369
ARAGÓN;5.2.2.-Robos con fuerza en viviendas;2015;321
ARAGÓN;5.2.2.-Robos con fuerza en viviendas;2014;417
ARAGÓN;5.2.2.-Robos con fuerza en viviendas;2013;470
ARAGÓN;5.2.2.-Robos con fuerza en viviendas;2012;355
ARAGÓN;5.2.2.-Robos con fuerza en viviendas;2011;259
ARAGÓN;5.2.2.-Robos con fuerza en viviendas;2010;295
ARAGÓN;5.2.3.-Robos con fuerza en establecimientos;2023;206
ARAGÓN;5.2.3.-Robos con fuerza en establecimientos;2022;305
ARAGÓN;5.2.3.-Robos con fuerza en establecimientos;2021;212
ARAGÓN;5.2.3.-Robos con fuerza en establecimientos;2020;274
ARAGÓN;5.2.3.-Robos con fuerza en establecimientos;2019;188
ARAGÓN;5.2.3.-Robos con fuerza en establecimientos;2018;125
ARAGÓN;5.2.3.-Robos con fuerza en establecimientos;2017;178
ARAGÓN;5.2.3.-Robos con fuerza en establecimientos;2016;182
ARAGÓN;5.2.3.-Robos con fuerza en establecimientos;2015;118
ARAGÓN;5.2.3.-Robos con fuerza en establecimientos;2014;202
ARAGÓN;5.2.3.-Robos con fuerza en establecimientos;2013;241
ARAGÓN;5.2.3.-Robos con fuerza en establecimientos;2012;280
ARAGÓN;5.2.3.-Robos con fuerza en establecimientos;2011;298
ARAGÓN;5.2.3.-Robos con fuerza en establecimientos;2010;324
ARAGÓN;5.3.-Robos con violencia o intimidación;2023;514
ARAGÓN;5.3.-Robos con violencia o intimidación;2022;569
ARAGÓN;5.3.-Robos con violencia o intimidación;2021;458
ARAGÓN;5.3.-Robos con violencia o intimidación;2020;369
ARAGÓN;5.3.-Robos con violencia o intimidación;2019;397
ARAGÓN;5.3.-Robos con violencia o intimidación;2018;368
ARAGÓN;5.3.-Robos con violencia o intimidación;2017;347
ARAGÓN;5.3.-Robos con violencia o intimidación;2016;376
ARAGÓN;5.3.-Robos con violencia o intimidación;2015;321
ARAGÓN;5.3.-Robos con violencia o intimidación;2014;372
ARAGÓN;5.3.-Robos con violencia o intimidación;2013;455
ARAGÓN;5.3.-Robos con violencia o intimidación;2012;507
ARAGÓN;5.3.-Robos con violencia o intimidación;2011;491
ARAGÓN;5.3.-Robos con violencia o intimidación;2010;463
ARAGÓN;5.3.1.-Robos con violencia en vía pública;2023;301
ARAGÓN;5.3.1.-Robos con violencia en vía pública;2022;354
ARAGÓN;5.3.1.-Robos con violencia en vía pública;2021;249
ARAGÓN;5.3.1.-Robos con violencia en vía pública;2020;212
ARAGÓN;5.3.1.-Robos con violencia en vía pública;2019;219
ARAGÓN;5.3.1.-Robos con violencia en vía pública;2018;200
ARAGÓN;5.3.1.-Robos con violencia en vía pública;2017;191
ARAGÓN;5.3.1.-Robos con violencia en vía pública;2016;222
ARAGÓN;5.3.1.-Robos con violencia en vía pública;2015;162
ARAGÓN;5.3.1.-Robos con violencia en vía pública;2014;198
ARAGÓN;5.3.1.-Robos con violencia en vía pública;2013;240
ARAGÓN;5.3.1.-Robos con violencia en vía pública;2012;286
ARAGÓN;5.3.1.-Robos con violencia en vía pública;2011;237
ARAGÓN;5.3.1.-Robos con violencia en vía pública;2010;253
ARAGÓN;5.3.2.-Robos con violencia en viviendas;2023;29
ARAGÓN;5.3.2.-Robos con violencia en viviendas;2022;30
ARAGÓN;5.3.2.-Robos con violencia en viviendas;2021;31
ARAGÓN;5.3.2.-Robos con violencia en viviendas;2020;16
ARAGÓN;5.3.2.-Robos con violencia en viviendas;2019;20
ARAGÓN;5.3.2.-Robos con violencia en viviendas;2018;23
ARAGÓN;5.3.2.-Robos con violencia en viviendas;2017;28
ARAGÓN;5.3.2.-Robos con violencia en viviendas;2016;29
ARAGÓN;5.3.2.-Robos con violencia en viviendas;2015;28
ARAGÓN;5.3.2.-Robos con violencia en viviendas;2014;40
ARAGÓN;5.3.2.-Robos con violencia en viviendas;2013;30
ARAGÓN;5.3.2.-Robos con violencia en viviendas;2012;47
ARAGÓN;5.3.2.-Robos con violencia en viviendas;2011;34
ARAGÓN;5.3.2.-Robos con violencia en viviendas;2010;29
ARAGÓN;5.3.3.-Robos con violencia en establecimientos;2023;149
ARAGÓN;5.3.3.-Robos con violencia en establecimientos;2022;156
ARAGÓN;5.3.3.-Robos con violencia en establecimientos;2021;129
ARAGÓN;5.3.3.-Robos con violencia en establecimientos;2020;112
ARAGÓN;5.3.3.-Robos con violencia en establecimientos;2019;127
ARAGÓN;5.3.3.-Robos con violencia en establecimientos;2018;105
ARAGÓN;5.3.3.-Robos con violencia en establecimientos;2017;98
ARAGÓN;5.3.3.-Robos con violencia en establecimientos;2016;91
ARAGÓN;5.3.3.-Robos con violencia en establecimientos;2015;104
ARAGÓN;5.3.3.-Robos con violencia en establecimientos;2014;100
ARAGÓN;5.3.3.-Robos con violencia en establecimientos;2013;139
ARAGÓN;5.3.3.-Robos con violencia en establecimientos;2012;123
ARAGÓN;5.3.3.-Robos con violencia en establecimientos;2011;137
ARAGÓN;5.3.3.-Robos con violencia en establecimientos;2010;140
ARAGÓN;5.4.-Sustracción de vehículos;2023;133
ARAGÓN;5.4.-Sustracción de vehículos;2022;97
ARAGÓN;5.4.-Sustracción de vehículos;2021;93
ARAGÓN;5.4.-Sustracción de vehículos;2020;81
ARAGÓN;5.4.-Sustracción de vehículos;2019;67
ARAGÓN;5.4.-Sustracción de vehículos;2018;106
ARAGÓN;5.4.-Sustracción de vehículos;2017;126
ARAGÓN;5.4.-Sustracción de vehículos;2016;108
ARAGÓN;5.4.-Sustracción de vehículos;2015;106
ARAGÓN;5.4.-Sustracción de vehículos;2014;137
ARAGÓN;5.4.-Sustracción de vehículos;2013;157
ARAGÓN;5.4.-Sustracción de vehículos;2012;166
ARAGÓN;5.4.-Sustracción de vehículos;2011;206
ARAGÓN;5.4.-Sustracción de vehículos;2010;205
ARAGÓN;5.5.-Estafas;2023;1.874
ARAGÓN;5.5.-Estafas;2022;1.619
ARAGÓN;5.5.-Estafas;2021;1.376
ARAGÓN;5.5.-Estafas;2020;1.048
ARAGÓN;5.5.-Estafas;2019;1.182
ARAGÓN;5.5.-Estafas;2018;1.116
ARAGÓN;5.5.-Estafas;2017;1.056
ARAGÓN;5.5.-Estafas;2016;1.017
ARAGÓN;5.5.-Estafas;2015;836
ARAGÓN;5.5.-Estafas;2014;863
ARAGÓN;5.5.-Estafas;2013;871
ARAGÓN;5.5.-Estafas;2012;818
ARAGÓN;5.5.-Estafas;2011;823
ARAGÓN;5.5.-Estafas;2010;747
ARAGÓN;5.5.1.-Estafas informáticas;2023;1.274
ARAGÓN;5.5.1.-Estafas informáticas;2022;944
ARAGÓN;5.5.1.-Estafas informáticas;2021;827
ARAGÓN;5.5.1.-Estafas informáticas;2020;645
ARAGÓN;5.5.1.-Estafas informáticas;2019;505
ARAGÓN;5.5.1.-Estafas informáticas;2018;442
ARAGÓN;5.5.1.-Estafas informáticas;2017;342
ARAGÓN;5.5.1.-Estafas informáticas;2016;306
ARAGÓN;5.5.1.-Estafas informáticas;2015;245
ARAGÓN;5.5.1.-Estafas informáticas;2014;238
ARAGÓN;5.5.1.-Estafas informáticas;2013;197
ARAGÓN;5.5.1.-Estafas informáticas;2012;185
ARAGÓN;5.5.1.-Estafas informáticas;2011;152
ARAGÓN;5.5.1.-Estafas informáticas;2010;141
ARAGÓN;5.6.-Daños;2023;851
ARAGÓN;5.6.-Daños;2022;871
ARAGÓN;5.6.-Daños;2021;860
ARAGÓN;5.6.-Daños;2020;727
ARAGÓN;5.6.-Daños;2019;701
ARAGÓN;5.6.-Daños;2018;686
ARAGÓN;5.6.-Daños;2017;770
ARAGÓN;5.6.-Daños;2016;789
ARAGÓN;5.6.-Daños;2015;687
ARAGÓN;5.6.-Daños;2014;849
ARAGÓN;5.6.-Daños;2013;810
ARAGÓN;5.6.-Daños;2012;917
ARAGÓN;5.6.-Daños;2011;994
ARAGÓN;5.6.-Daños;2010;1.020
ARAGÓN;5.7.-Contra la propiedad intelectual/industrial;2023;21
ARAGÓN;5.7.-Contra la propiedad intelectual/industrial;2022;17
ARAGÓN;5.7.-Contra la propiedad intelectual/industrial;2021;24
ARAGÓN;5.7.-Contra la propiedad intelectual/industrial;2020;15
ARAGÓN;5.7.-Contra la propiedad intelectual/industrial;2019;28
ARAGÓN;5.7.-Contra la propiedad intelectual/industrial;2018;18
ARAGÓN;5.7.-Contra la propiedad intelectual/industrial;2017;16
ARAGÓN;5.7.-Contra la propiedad intelectual/industrial;2016;26
ARAGÓN;5.7.-Contra la propiedad intelectual/industrial;2015;44
ARAGÓN;5.7.-Contra la propiedad intelectual/industrial;2014;61
ARAGÓN;5.7.-Contra la propiedad intelectual/industrial;2013;61
ARAGÓN;5.7.-Contra la propiedad intelectual/industrial;2012;48
ARAGÓN;5.7.-Contra la propiedad intelectual/industrial;2011;63
ARAGÓN;5.7.-Contra la propiedad intelectual/industrial;2010;95
ARAGÓN;5.8.-Blanqueo de capitales;2023;5
ARAGÓN;5.8.-Blanqueo de capitales;2022;11
ARAGÓN;5.8.-Blanqueo de capitales;2021;7
ARAGÓN;5.8.-Blanqueo de capitales;2020;9
ARAGÓN;5.8.-Blanqueo de capitales;2019;2
ARAGÓN;5.8.-Blanqueo de capitales;2018;2
ARAGÓN;5.8.-Blanqueo de capitales;2017;3
ARAGÓN;5.8.-Blanqueo de capitales;2016;9
ARAGÓN;5.8.-Blanqueo de capitales;2015;4
ARAGÓN;5.8.-Blanqueo de capitales;2014;4
ARAGÓN;5.8.-Blanqueo de capitales;2013;7
ARAGÓN;5.8.-Blanqueo de capitales;2012;4
ARAGÓN;5.8.-Blanqueo de capitales;2011;6
ARAGÓN;5.8.-Blanqueo de capitales;2010;1
ARAGÓN;5.9.-Otros contra el patrimonio;2023;531
ARAGÓN;5.9.-Otros contra el patrimonio;2022;523
ARAGÓN;5.9.-Otros contra el patrimonio;2021;517
ARAGÓN;5.9.-Otros contra el patrimonio;2020;490
ARAGÓN;5.9.-Otros contra el patrimonio;2019;551
ARAGÓN;5.9.-Otros contra el patrimonio;2018;566
ARAGÓN;5.9.-Otros contra el patrimonio;2017;461
ARAGÓN;5.9.-Otros contra el patrimonio;2016;470
ARAGÓN;5.9.-Otros contra el patrimonio;2015;512
ARAGÓN;5.9.-Otros contra el patrimonio;2014;572
ARAGÓN;5.9.-Otros contra el patrimonio;2013;520
ARAGÓN;5.9.-Otros contra el patrimonio;2012;390
ARAGÓN;5.9.-Otros contra el patrimonio;2011;355
ARAGÓN;5.9.-Otros contra el patrimonio;2010;337
ARAGÓN;6. SEGURIDAD COLECTIVA;2023;1.599
ARAGÓN;6. SEGURIDAD COLECTIVA;2022;1.629
ARAGÓN;6. SEGURIDAD COLECTIVA;2021;1.368
ARAGÓN;6. SEGURIDAD COLECTIVA;2020;1.107
ARAGÓN;6. SEGURIDAD COLECTIVA;2019;1.326
ARAGÓN;6. SEGURIDAD COLECTIVA;2018;1.218
ARAGÓN;6. SEGURIDAD COLECTIVA;2017;1.057
ARAGÓN;6. SEGURIDAD COLECTIVA;2016;1.016
ARAGÓN;6. SEGURIDAD COLECTIVA;2015;1.000
ARAGÓN;6. SEGURIDAD COLECTIVA;2014;1.121
ARAGÓN;6. SEGURIDAD COLECTIVA;2013;1.179
ARAGÓN;6. SEGURIDAD COLECTIVA;2012;1.330
ARAGÓN;6. SEGURIDAD COLECTIVA;2011;1.525
ARAGÓN;6. SEGURIDAD COLECTIVA;2010;1.263
ARAGÓN;6.1.-Tráfico de drogas;2023;548
ARAGÓN;6.1.-Tráfico de drogas;2022;411
ARAGÓN;6.1.-Tráfico de drogas;2021;403
ARAGÓN;6.1.-Tráfico de drogas;2020;316
ARAGÓN;6.1.-Tráfico de drogas;2019;343
ARAGÓN;6.1.-Tráfico de drogas;2018;328
ARAGÓN;6.1.-Tráfico de drogas;2017;262
ARAGÓN;6.1.-Tráfico de drogas;2016;240
ARAGÓN;6.1.-Tráfico de drogas;2015;268
ARAGÓN;6.1.-Tráfico de drogas;2014;303
ARAGÓN;6.1.-Tráfico de drogas;2013;341
ARAGÓN;6.1.-Tráfico de drogas;2012;256
ARAGÓN;6.1.-Tráfico de drogas;2011;312
ARAGÓN;6.1.-Tráfico de drogas;2010;305
ARAGÓN;6.2.-Contra la seguridad vial;2023;1.012
ARAGÓN;6.2.-Contra la seguridad vial;2022;1.183
ARAGÓN;6.2.-Contra la seguridad vial;2021;944
ARAGÓN;6.2.-Contra la seguridad vial;2020;771
ARAGÓN;6.2.-Contra la seguridad vial;2019;960
ARAGÓN;6.2.-Contra la seguridad vial;2018;846
ARAGÓN;6.2.-Contra la seguridad vial;2017;753
ARAGÓN;6.2.-Contra la seguridad vial;2016;720
ARAGÓN;6.2.-Contra la seguridad vial;2015;683
ARAGÓN;6.2.-Contra la seguridad vial;2014;758
ARAGÓN;6.2.-Contra la seguridad vial;2013;811
ARAGÓN;6.2.-Contra la seguridad vial;2012;987
ARAGÓN;6.2.-Contra la seguridad vial;2011;1.157
ARAGÓN;6.2.-Contra la seguridad vial;2010;906
ARAGÓN;6.3.-Otros contra la seguridad colectiva;2023;39
ARAGÓN;6.3.-Otros contra la seguridad colectiva;2022;35
ARAGÓN;6.3.-Otros contra la seguridad colectiva;2021;21
ARAGÓN;6.3.-Otros contra la seguridad colectiva;2020;20
ARAGÓN;6.3.-Otros contra la seguridad colectiva;2019;23
ARAGÓN;6.3.-Otros contra la seguridad colectiva;2018;44
ARAGÓN;6.3.-Otros contra la seguridad colectiva;2017;42
ARAGÓN;6.3.-Otros contra la seguridad colectiva;2016;56
ARAGÓN;6.3.-Otros contra la seguridad colectiva;2015;49
ARAGÓN;6.3.-Otros contra la seguridad colectiva;2014;60
ARAGÓN;6.3.-Otros contra la seguridad colectiva;2013;27
ARAGÓN;6.3.-Otros contra la seguridad colectiva;2012;87
ARAGÓN;6.3.-Otros contra la seguridad colectiva;2011;56
ARAGÓN;6.3.-Otros contra la seguridad colectiva;2010;52
ARAGÓN;7. FALSEDADES;2023;296
ARAGÓN;7. FALSEDADES;2022;324
ARAGÓN;7. FALSEDADES;2021;318
ARAGÓN;7. FALSEDADES;2020;278
ARAGÓN;7. FALSEDADES;2019;258
ARAGÓN;7. FALSEDADES;2018;258
ARAGÓN;7. FALSEDADES;2017;221
ARAGÓN;7. FALSEDADES;2016;219
ARAGÓN;7. FALSEDADES;2015;181
ARAGÓN;7. FALSEDADES;2014;197
ARAGÓN;7. FALSEDADES;2013;241
ARAGÓN;7. FALSEDADES;2012;223
ARAGÓN;7. FALSEDADES;2011;213
ARAGÓN;7. FALSEDADES;2010;193
ARAGÓN;8. ADMÓN. PÚBLICA;2023;7
ARAGÓN;8. ADMÓN. PÚBLICA;2022;12
ARAGÓN;8. ADMÓN. PÚBLICA;2021;1
ARAGÓN;8. ADMÓN. PÚBLICA;2020;12
ARAGÓN;8. ADMÓN. PÚBLICA;2019;3
ARAGÓN;8. ADMÓN. PÚBLICA;2018;7
ARAGÓN;8. ADMÓN. PÚBLICA;2017;6
ARAGÓN;8. ADMÓN. PÚBLICA;2016;6
ARAGÓN;8. ADMÓN. PÚBLICA;2015;10
ARAGÓN;8. ADMÓN. PÚBLICA;2014;9
ARAGÓN;8. ADMÓN. PÚBLICA;2013;20
ARAGÓN;8. ADMÓN. PÚBLICA;2012;3
ARAGÓN;8. ADMÓN. PÚBLICA;2011;16
ARAGÓN;8. ADMÓN. PÚBLICA;2010;9
ARAGÓN;9. ADMÓN. JUSTICIA;2023;1.056
ARAGÓN;9. ADMÓN. JUSTICIA;2022;861
ARAGÓN;9. ADMÓN. JUSTICIA;2021;683
ARAGÓN;9. ADMÓN. JUSTICIA;2020;679
ARAGÓN;9. ADMÓN. JUSTICIA;2019;785
ARAGÓN;9. ADMÓN. JUSTICIA;2018;714
ARAGÓN;9. ADMÓN. JUSTICIA;2017;606
ARAGÓN;9. ADMÓN. JUSTICIA;2016;582
ARAGÓN;9. ADMÓN. JUSTICIA;2015;665
ARAGÓN;9. ADMÓN. JUSTICIA;2014;783
ARAGÓN;9. ADMÓN. JUSTICIA;2013;648
ARAGÓN;9. ADMÓN. JUSTICIA;2012;603
ARAGÓN;9. ADMÓN. JUSTICIA;2011;625
ARAGÓN;9. ADMÓN. JUSTICIA;2010;585
ARAGÓN;10. ORDEN PÚBLICO;2023;952
ARAGÓN;10. ORDEN PÚBLICO;2022;862
ARAGÓN;10. ORDEN PÚBLICO;2021;656
ARAGÓN;10. ORDEN PÚBLICO;2020;806
ARAGÓN;10. ORDEN PÚBLICO;2019;562
ARAGÓN;10. ORDEN PÚBLICO;2018;515
ARAGÓN;10. ORDEN PÚBLICO;2017;445
ARAGÓN;10. ORDEN PÚBLICO;2016;422
ARAGÓN;10. ORDEN PÚBLICO;2015;483
ARAGÓN;10. ORDEN PÚBLICO;2014;617
ARAGÓN;10. ORDEN PÚBLICO;2013;726
ARAGÓN;10. ORDEN PÚBLICO;2012;736
ARAGÓN;10. ORDEN PÚBLICO;2011;844
ARAGÓN;10. ORDEN PÚBLICO;2010;755
ARAGÓN;11. LEGISLACIÓN ESPECIAL;2023;4
ARAGÓN;11. LEGISLACIÓN ESPECIAL;2022;3
ARAGÓN;11. LEGISLACIÓN ESPECIAL;2021;0
ARAGÓN;11. LEGISLACIÓN ESPECIAL;2020;1
ARAGÓN;11. LEGISLACIÓN ESPECIAL;2019;2
ARAGÓN;11. LEGISLACIÓN ESPECIAL;2018;2
ARAGÓN;11. LEGISLACIÓN ESPECIAL;2017;1
ARAGÓN;11. LEGISLACIÓN ESPECIAL;2016;1
ARAGÓN;11. LEGISLACIÓN ESPECIAL;2015;2
ARAGÓN;11. LEGISLACIÓN ESPECIAL;2014;3
ARAGÓN;11. LEGISLACIÓN ESPECIAL;2013;3
ARAGÓN;11. LEGISLACIÓN ESPECIAL;2012;3
ARAGÓN;11. LEGISLACIÓN ESPECIAL;2011;5
ARAGÓN;11. LEGISLACIÓN ESPECIAL;2010;2
ARAGÓN;12. OTRAS INFRACCIONES PENALES;2023;185
ARAGÓN;12. OTRAS INFRACCIONES PENALES;2022;167
ARAGÓN;12. OTRAS INFRACCIONES PENALES;2021;174
ARAGÓN;12. OTRAS INFRACCIONES PENALES;2020;199
ARAGÓN;12. OTRAS INFRACCIONES PENALES;2019;191
ARAGÓN;12. OTRAS INFRACCIONES PENALES;2018;210
ARAGÓN;12. OTRAS INFRACCIONES PENALES;2017;186
ARAGÓN;12. OTRAS INFRACCIONES PENALES;2016;205
ARAGÓN;12. OTRAS INFRACCIONES PENALES;2015;169
ARAGÓN;12. OTRAS INFRACCIONES PENALES;2014;87
ARAGÓN;12. OTRAS INFRACCIONES PENALES;2013;118
ARAGÓN;12. OTRAS INFRACCIONES PENALES;2012;118
ARAGÓN;12. OTRAS INFRACCIONES PENALES;2011;101
ARAGÓN;12. OTRAS INFRACCIONES PENALES;2010;107
ARAGÓN;TOTAL INFRACCIONES PENALES;2023;20.374
ARAGÓN;TOTAL INFRACCIONES PENALES;2022;18.846
ARAGÓN;TOTAL INFRACCIONES PENALES;2021;16.219
ARAGÓN;TOTAL INFRACCIONES PENALES;2020;14.512
ARAGÓN;TOTAL INFRACCIONES PENALES;2019;15.878
ARAGÓN;TOTAL INFRACCIONES PENALES;2018;15.435
ARAGÓN;TOTAL INFRACCIONES PENALES;2017;14.621
ARAGÓN;TOTAL INFRACCIONES PENALES;2016;14.638
ARAGÓN;TOTAL INFRACCIONES PENALES;2015;14.234
ARAGÓN;TOTAL INFRACCIONES PENALES;2014;16.203
ARAGÓN;TOTAL INFRACCIONES PENALES;2013;16.931
ARAGÓN;TOTAL INFRACCIONES PENALES;2012;16.216
ARAGÓN;TOTAL INFRACCIONES PENALES;2011;17.361
ARAGÓN;TOTAL INFRACCIONES PENALES;2010;16.644
ASTURIAS (PRINCIPADO DE);1. CONTRA LAS PERSONAS;2023;3.933
ASTURIAS (PRINCIPADO DE);1. CONTRA LAS PERSONAS;2022;3.651
ASTURIAS (PRINCIPADO DE);1. CONTRA LAS PERSONAS;2021;3.060
ASTURIAS (PRINCIPADO DE);1. CONTRA LAS PERSONAS;2020;2.908
ASTURIAS (PRINCIPADO DE);1. CONTRA LAS PERSONAS;2019;3.174
ASTURIAS (PRINCIPADO DE);1. CONTRA LAS PERSONAS;2018;2.971
ASTURIAS (PRINCIPADO DE);1. CONTRA LAS PERSONAS;2017;2.977
ASTURIAS (PRINCIPADO DE);1. CONTRA LAS PERSONAS;2016;2.990
ASTURIAS (PRINCIPADO DE);1. CONTRA LAS PERSONAS;2015;3.942
ASTURIAS (PRINCIPADO DE);1. CONTRA LAS PERSONAS;2014;4.935
ASTURIAS (PRINCIPADO DE);1. CONTRA LAS PERSONAS;2013;5.161
ASTURIAS (PRINCIPADO DE);1. CONTRA LAS PERSONAS;2012;5.125
ASTURIAS (PRINCIPADO DE);1. CONTRA LAS PERSONAS;2011;5.650
ASTURIAS (PRINCIPADO DE);1. CONTRA LAS PERSONAS;2010;5.422
ASTURIAS (PRINCIPADO DE);1.1.-Homicidios dolosos/asesinatos;2023;21
ASTURIAS (PRINCIPADO DE);1.1.-Homicidios dolosos/asesinatos;2022;22
ASTURIAS (PRINCIPADO DE);1.1.-Homicidios dolosos/asesinatos;2021;9
ASTURIAS (PRINCIPADO DE);1.1.-Homicidios dolosos/asesinatos;2020;15
ASTURIAS (PRINCIPADO DE);1.1.-Homicidios dolosos/asesinatos;2019;19
ASTURIAS (PRINCIPADO DE);1.1.-Homicidios dolosos/asesinatos;2018;18
ASTURIAS (PRINCIPADO DE);1.1.-Homicidios dolosos/asesinatos;2017;14
ASTURIAS (PRINCIPADO DE);1.1.-Homicidios dolosos/asesinatos;2016;21
ASTURIAS (PRINCIPADO DE);1.1.-Homicidios dolosos/asesinatos;2015;17
ASTURIAS (PRINCIPADO DE);1.1.-Homicidios dolosos/asesinatos;2014;25
ASTURIAS (PRINCIPADO DE);1.1.-Homicidios dolosos/asesinatos;2013;17
ASTURIAS (PRINCIPADO DE);1.1.-Homicidios dolosos/asesinatos;2012;15
ASTURIAS (PRINCIPADO DE);1.1.-Homicidios dolosos/asesinatos;2011;22
ASTURIAS (PRINCIPADO DE);1.1.-Homicidios dolosos/asesinatos;2010;36
ASTURIAS (PRINCIPADO DE);1.1.1.-Homicidios dolosos/asesinatos consumados;2023;6
ASTURIAS (PRINCIPADO DE);1.1.1.-Homicidios dolosos/asesinatos consumados;2022;6
ASTURIAS (PRINCIPADO DE);1.1.1.-Homicidios dolosos/asesinatos consumados;2021;1
ASTURIAS (PRINCIPADO DE);1.1.1.-Homicidios dolosos/asesinatos consumados;2020;6
ASTURIAS (PRINCIPADO DE);1.1.1.-Homicidios dolosos/asesinatos consumados;2019;7
ASTURIAS (PRINCIPADO DE);1.1.1.-Homicidios dolosos/asesinatos consumados;2018;8
ASTURIAS (PRINCIPADO DE);1.1.1.-Homicidios dolosos/asesinatos consumados;2017;4
ASTURIAS (PRINCIPADO DE);1.1.1.-Homicidios dolosos/asesinatos consumados;2016;5
ASTURIAS (PRINCIPADO DE);1.1.1.-Homicidios dolosos/asesinatos consumados;2015;4
ASTURIAS (PRINCIPADO DE);1.1.1.-Homicidios dolosos/asesinatos consumados;2014;7
ASTURIAS (PRINCIPADO DE);1.1.1.-Homicidios dolosos/asesinatos consumados;2013;8
ASTURIAS (PRINCIPADO DE);1.1.1.-Homicidios dolosos/asesinatos consumados;2012;6
ASTURIAS (PRINCIPADO DE);1.1.1.-Homicidios dolosos/asesinatos consumados;2011;9
ASTURIAS (PRINCIPADO DE);1.1.1.-Homicidios dolosos/asesinatos consumados;2010;18
ASTURIAS (PRINCIPADO DE);1.2.-Lesiones;2023;1.973
ASTURIAS (PRINCIPADO DE);1.2.-Lesiones;2022;1.968
ASTURIAS (PRINCIPADO DE);1.2.-Lesiones;2021;1.587
ASTURIAS (PRINCIPADO DE);1.2.-Lesiones;2020;1.453
ASTURIAS (PRINCIPADO DE);1.2.-Lesiones;2019;1.748
ASTURIAS (PRINCIPADO DE);1.2.-Lesiones;2018;1.654
ASTURIAS (PRINCIPADO DE);1.2.-Lesiones;2017;1.726
ASTURIAS (PRINCIPADO DE);1.2.-Lesiones;2016;1.741
ASTURIAS (PRINCIPADO DE);1.2.-Lesiones;2015;1.736
ASTURIAS (PRINCIPADO DE);1.2.-Lesiones;2014;1.690
ASTURIAS (PRINCIPADO DE);1.2.-Lesiones;2013;1.888
ASTURIAS (PRINCIPADO DE);1.2.-Lesiones;2012;1.901
ASTURIAS (PRINCIPADO DE);1.2.-Lesiones;2011;2.091
ASTURIAS (PRINCIPADO DE);1.2.-Lesiones;2010;1.990
ASTURIAS (PRINCIPADO DE);1.3.-Malos tratos ámbito familiar;2023;1.875
ASTURIAS (PRINCIPADO DE);1.3.-Malos tratos ámbito familiar;2022;1.601
ASTURIAS (PRINCIPADO DE);1.3.-Malos tratos ámbito familiar;2021;1.406
ASTURIAS (PRINCIPADO DE);1.3.-Malos tratos ámbito familiar;2020;1.390
ASTURIAS (PRINCIPADO DE);1.3.-Malos tratos ámbito familiar;2019;1.355
ASTURIAS (PRINCIPADO DE);1.3.-Malos tratos ámbito familiar;2018;1.252
ASTURIAS (PRINCIPADO DE);1.3.-Malos tratos ámbito familiar;2017;1.190
ASTURIAS (PRINCIPADO DE);1.3.-Malos tratos ámbito familiar;2016;1.182
ASTURIAS (PRINCIPADO DE);1.3.-Malos tratos ámbito familiar;2015;1.178
ASTURIAS (PRINCIPADO DE);1.3.-Malos tratos ámbito familiar;2014;1.208
ASTURIAS (PRINCIPADO DE);1.3.-Malos tratos ámbito familiar;2013;1.215
ASTURIAS (PRINCIPADO DE);1.3.-Malos tratos ámbito familiar;2012;1.281
ASTURIAS (PRINCIPADO DE);1.3.-Malos tratos ámbito familiar;2011;1.473
ASTURIAS (PRINCIPADO DE);1.3.-Malos tratos ámbito familiar;2010;1.332
ASTURIAS (PRINCIPADO DE);1.4.-Otros contra las personas;2023;64
ASTURIAS (PRINCIPADO DE);1.4.-Otros contra las personas;2022;60
ASTURIAS (PRINCIPADO DE);1.4.-Otros contra las personas;2021;58
ASTURIAS (PRINCIPADO DE);1.4.-Otros contra las personas;2020;50
ASTURIAS (PRINCIPADO DE);1.4.-Otros contra las personas;2019;52
ASTURIAS (PRINCIPADO DE);1.4.-Otros contra las personas;2018;47
ASTURIAS (PRINCIPADO DE);1.4.-Otros contra las personas;2017;47
ASTURIAS (PRINCIPADO DE);1.4.-Otros contra las personas;2016;46
ASTURIAS (PRINCIPADO DE);1.4.-Otros contra las personas;2015;1.011
ASTURIAS (PRINCIPADO DE);1.4.-Otros contra las personas;2014;2.012
ASTURIAS (PRINCIPADO DE);1.4.-Otros contra las personas;2013;2.041
ASTURIAS (PRINCIPADO DE);1.4.-Otros contra las personas;2012;1.928
ASTURIAS (PRINCIPADO DE);1.4.-Otros contra las personas;2011;2.064
ASTURIAS (PRINCIPADO DE);1.4.-Otros contra las personas;2010;2.064
ASTURIAS (PRINCIPADO DE);2. CONTRA LA LIBERTAD;2023;2.075
ASTURIAS (PRINCIPADO DE);2. CONTRA LA LIBERTAD;2022;1.876
ASTURIAS (PRINCIPADO DE);2. CONTRA LA LIBERTAD;2021;1.641
ASTURIAS (PRINCIPADO DE);2. CONTRA LA LIBERTAD;2020;1.622
ASTURIAS (PRINCIPADO DE);2. CONTRA LA LIBERTAD;2019;1.658
ASTURIAS (PRINCIPADO DE);2. CONTRA LA LIBERTAD;2018;1.551
ASTURIAS (PRINCIPADO DE);2. CONTRA LA LIBERTAD;2017;1.685
ASTURIAS (PRINCIPADO DE);2. CONTRA LA LIBERTAD;2016;1.617
ASTURIAS (PRINCIPADO DE);2. CONTRA LA LIBERTAD;2015;1.029
ASTURIAS (PRINCIPADO DE);2. CONTRA LA LIBERTAD;2014;460
ASTURIAS (PRINCIPADO DE);2. CONTRA LA LIBERTAD;2013;485
ASTURIAS (PRINCIPADO DE);2. CONTRA LA LIBERTAD;2012;510
ASTURIAS (PRINCIPADO DE);2. CONTRA LA LIBERTAD;2011;492
ASTURIAS (PRINCIPADO DE);2. CONTRA LA LIBERTAD;2010;617
ASTURIAS (PRINCIPADO DE);2.1.-Malos tratos habituales en el ámbito familiar;2023;94
ASTURIAS (PRINCIPADO DE);2.1.-Malos tratos habituales en el ámbito familiar;2022;108
ASTURIAS (PRINCIPADO DE);2.1.-Malos tratos habituales en el ámbito familiar;2021;88
ASTURIAS (PRINCIPADO DE);2.1.-Malos tratos habituales en el ámbito familiar;2020;72
ASTURIAS (PRINCIPADO DE);2.1.-Malos tratos habituales en el ámbito familiar;2019;109
ASTURIAS (PRINCIPADO DE);2.1.-Malos tratos habituales en el ámbito familiar;2018;116
ASTURIAS (PRINCIPADO DE);2.1.-Malos tratos habituales en el ámbito familiar;2017;89
ASTURIAS (PRINCIPADO DE);2.1.-Malos tratos habituales en el ámbito familiar;2016;133
ASTURIAS (PRINCIPADO DE);2.1.-Malos tratos habituales en el ámbito familiar;2015;130
ASTURIAS (PRINCIPADO DE);2.1.-Malos tratos habituales en el ámbito familiar;2014;109
ASTURIAS (PRINCIPADO DE);2.1.-Malos tratos habituales en el ámbito familiar;2013;70
ASTURIAS (PRINCIPADO DE);2.1.-Malos tratos habituales en el ámbito familiar;2012;81
ASTURIAS (PRINCIPADO DE);2.1.-Malos tratos habituales en el ámbito familiar;2011;99
ASTURIAS (PRINCIPADO DE);2.1.-Malos tratos habituales en el ámbito familiar;2010;207
ASTURIAS (PRINCIPADO DE);2.2.-Otros contra la libertad;2023;1.981
ASTURIAS (PRINCIPADO DE);2.2.-Otros contra la libertad;2022;1.768
ASTURIAS (PRINCIPADO DE);2.2.-Otros contra la libertad;2021;1.553
ASTURIAS (PRINCIPADO DE);2.2.-Otros contra la libertad;2020;1.550
ASTURIAS (PRINCIPADO DE);2.2.-Otros contra la libertad;2019;1.549
ASTURIAS (PRINCIPADO DE);2.2.-Otros contra la libertad;2018;1.435
ASTURIAS (PRINCIPADO DE);2.2.-Otros contra la libertad;2017;1.596
ASTURIAS (PRINCIPADO DE);2.2.-Otros contra la libertad;2016;1.484
ASTURIAS (PRINCIPADO DE);2.2.-Otros contra la libertad;2015;899
ASTURIAS (PRINCIPADO DE);2.2.-Otros contra la libertad;2014;351
ASTURIAS (PRINCIPADO DE);2.2.-Otros contra la libertad;2013;415
ASTURIAS (PRINCIPADO DE);2.2.-Otros contra la libertad;2012;429
ASTURIAS (PRINCIPADO DE);2.2.-Otros contra la libertad;2011;393
ASTURIAS (PRINCIPADO DE);2.2.-Otros contra la libertad;2010;410
ASTURIAS (PRINCIPADO DE);3. LIBERTAD SEXUAL;2023;291
ASTURIAS (PRINCIPADO DE);3. LIBERTAD SEXUAL;2022;246
ASTURIAS (PRINCIPADO DE);3. LIBERTAD SEXUAL;2021;238
ASTURIAS (PRINCIPADO DE);3. LIBERTAD SEXUAL;2020;177
ASTURIAS (PRINCIPADO DE);3. LIBERTAD SEXUAL;2019;174
ASTURIAS (PRINCIPADO DE);3. LIBERTAD SEXUAL;2018;177
ASTURIAS (PRINCIPADO DE);3. LIBERTAD SEXUAL;2017;128
ASTURIAS (PRINCIPADO DE);3. LIBERTAD SEXUAL;2016;116
ASTURIAS (PRINCIPADO DE);3. LIBERTAD SEXUAL;2015;104
ASTURIAS (PRINCIPADO DE);3. LIBERTAD SEXUAL;2014;101
ASTURIAS (PRINCIPADO DE);3. LIBERTAD SEXUAL;2013;92
ASTURIAS (PRINCIPADO DE);3. LIBERTAD SEXUAL;2012;118
ASTURIAS (PRINCIPADO DE);3. LIBERTAD SEXUAL;2011;96
ASTURIAS (PRINCIPADO DE);3. LIBERTAD SEXUAL;2010;114
ASTURIAS (PRINCIPADO DE);3.1.-Agresión sexual;2023;183
ASTURIAS (PRINCIPADO DE);3.1.-Agresión sexual;2022;158
ASTURIAS (PRINCIPADO DE);3.1.-Agresión sexual;2021;123
ASTURIAS (PRINCIPADO DE);3.1.-Agresión sexual;2020;106
ASTURIAS (PRINCIPADO DE);3.1.-Agresión sexual;2019;116
ASTURIAS (PRINCIPADO DE);3.1.-Agresión sexual;2018;101
ASTURIAS (PRINCIPADO DE);3.1.-Agresión sexual;2017;76
ASTURIAS (PRINCIPADO DE);3.1.-Agresión sexual;2016;65
ASTURIAS (PRINCIPADO DE);3.1.-Agresión sexual;2015;68
ASTURIAS (PRINCIPADO DE);3.1.-Agresión sexual;2014;54
ASTURIAS (PRINCIPADO DE);3.1.-Agresión sexual;2013;41
ASTURIAS (PRINCIPADO DE);3.1.-Agresión sexual;2012;77
ASTURIAS (PRINCIPADO DE);3.1.-Agresión sexual;2011;54
ASTURIAS (PRINCIPADO DE);3.1.-Agresión sexual;2010;57
ASTURIAS (PRINCIPADO DE);3.2.-Agresión sexual con penetración;2023;61
ASTURIAS (PRINCIPADO DE);3.2.-Agresión sexual con penetración;2022;46
ASTURIAS (PRINCIPADO DE);3.2.-Agresión sexual con penetración;2021;63
ASTURIAS (PRINCIPADO DE);3.2.-Agresión sexual con penetración;2020;45
ASTURIAS (PRINCIPADO DE);3.2.-Agresión sexual con penetración;2019;25
ASTURIAS (PRINCIPADO DE);3.2.-Agresión sexual con penetración;2018;26
ASTURIAS (PRINCIPADO DE);3.2.-Agresión sexual con penetración;2017;27
ASTURIAS (PRINCIPADO DE);3.2.-Agresión sexual con penetración;2016;20
ASTURIAS (PRINCIPADO DE);3.2.-Agresión sexual con penetración;2015;15
ASTURIAS (PRINCIPADO DE);3.2.-Agresión sexual con penetración;2014;16
ASTURIAS (PRINCIPADO DE);3.2.-Agresión sexual con penetración;2013;19
ASTURIAS (PRINCIPADO DE);3.2.-Agresión sexual con penetración;2012;16
ASTURIAS (PRINCIPADO DE);3.2.-Agresión sexual con penetración;2011;18
ASTURIAS (PRINCIPADO DE);3.2.-Agresión sexual con penetración;2010;21
ASTURIAS (PRINCIPADO DE);3.3.-Corrupción de menores o incapacitados;2023;6
ASTURIAS (PRINCIPADO DE);3.3.-Corrupción de menores o incapacitados;2022;8
ASTURIAS (PRINCIPADO DE);3.3.-Corrupción de menores o incapacitados;2021;7
ASTURIAS (PRINCIPADO DE);3.3.-Corrupción de menores o incapacitados;2020;0
ASTURIAS (PRINCIPADO DE);3.3.-Corrupción de menores o incapacitados;2019;2
ASTURIAS (PRINCIPADO DE);3.3.-Corrupción de menores o incapacitados;2018;9
ASTURIAS (PRINCIPADO DE);3.3.-Corrupción de menores o incapacitados;2017;1
ASTURIAS (PRINCIPADO DE);3.3.-Corrupción de menores o incapacitados;2016;2
ASTURIAS (PRINCIPADO DE);3.3.-Corrupción de menores o incapacitados;2015;3
ASTURIAS (PRINCIPADO DE);3.3.-Corrupción de menores o incapacitados;2014;5
ASTURIAS (PRINCIPADO DE);3.3.-Corrupción de menores o incapacitados;2013;7
ASTURIAS (PRINCIPADO DE);3.3.-Corrupción de menores o incapacitados;2012;2
ASTURIAS (PRINCIPADO DE);3.3.-Corrupción de menores o incapacitados;2011;7
ASTURIAS (PRINCIPADO DE);3.3.-Corrupción de menores o incapacitados;2010;4
ASTURIAS (PRINCIPADO DE);3.4.-Pornografía de menores;2023;14
ASTURIAS (PRINCIPADO DE);3.4.-Pornografía de menores;2022;8
ASTURIAS (PRINCIPADO DE);3.4.-Pornografía de menores;2021;17
ASTURIAS (PRINCIPADO DE);3.4.-Pornografía de menores;2020;8
ASTURIAS (PRINCIPADO DE);3.4.-Pornografía de menores;2019;9
ASTURIAS (PRINCIPADO DE);3.4.-Pornografía de menores;2018;11
ASTURIAS (PRINCIPADO DE);3.4.-Pornografía de menores;2017;8
ASTURIAS (PRINCIPADO DE);3.4.-Pornografía de menores;2016;8
ASTURIAS (PRINCIPADO DE);3.4.-Pornografía de menores;2015;7
ASTURIAS (PRINCIPADO DE);3.4.-Pornografía de menores;2014;7
ASTURIAS (PRINCIPADO DE);3.4.-Pornografía de menores;2013;9
ASTURIAS (PRINCIPADO DE);3.4.-Pornografía de menores;2012;10
ASTURIAS (PRINCIPADO DE);3.4.-Pornografía de menores;2011;6
ASTURIAS (PRINCIPADO DE);3.4.-Pornografía de menores;2010;18
ASTURIAS (PRINCIPADO DE);3.5.-Otros contra la libertad sexual;2023;27
ASTURIAS (PRINCIPADO DE);3.5.-Otros contra la libertad sexual;2022;26
ASTURIAS (PRINCIPADO DE);3.5.-Otros contra la libertad sexual;2021;28
ASTURIAS (PRINCIPADO DE);3.5.-Otros contra la libertad sexual;2020;18
ASTURIAS (PRINCIPADO DE);3.5.-Otros contra la libertad sexual;2019;22
ASTURIAS (PRINCIPADO DE);3.5.-Otros contra la libertad sexual;2018;30
ASTURIAS (PRINCIPADO DE);3.5.-Otros contra la libertad sexual;2017;16
ASTURIAS (PRINCIPADO DE);3.5.-Otros contra la libertad sexual;2016;21
ASTURIAS (PRINCIPADO DE);3.5.-Otros contra la libertad sexual;2015;11
ASTURIAS (PRINCIPADO DE);3.5.-Otros contra la libertad sexual;2014;19
ASTURIAS (PRINCIPADO DE);3.5.-Otros contra la libertad sexual;2013;16
ASTURIAS (PRINCIPADO DE);3.5.-Otros contra la libertad sexual;2012;13
ASTURIAS (PRINCIPADO DE);3.5.-Otros contra la libertad sexual;2011;11
ASTURIAS (PRINCIPADO DE);3.5.-Otros contra la libertad sexual;2010;14
ASTURIAS (PRINCIPADO DE);4. RELACIONES FAMILIARES;2023;92
ASTURIAS (PRINCIPADO DE);4. RELACIONES FAMILIARES;2022;69
ASTURIAS (PRINCIPADO DE);4. RELACIONES FAMILIARES;2021;88
ASTURIAS (PRINCIPADO DE);4. RELACIONES FAMILIARES;2020;78
ASTURIAS (PRINCIPADO DE);4. RELACIONES FAMILIARES;2019;97
ASTURIAS (PRINCIPADO DE);4. RELACIONES FAMILIARES;2018;101
ASTURIAS (PRINCIPADO DE);4. RELACIONES FAMILIARES;2017;118
ASTURIAS (PRINCIPADO DE);4. RELACIONES FAMILIARES;2016;104
ASTURIAS (PRINCIPADO DE);4. RELACIONES FAMILIARES;2015;145
ASTURIAS (PRINCIPADO DE);4. RELACIONES FAMILIARES;2014;136
ASTURIAS (PRINCIPADO DE);4. RELACIONES FAMILIARES;2013;142
ASTURIAS (PRINCIPADO DE);4. RELACIONES FAMILIARES;2012;159
ASTURIAS (PRINCIPADO DE);4. RELACIONES FAMILIARES;2011;152
ASTURIAS (PRINCIPADO DE);4. RELACIONES FAMILIARES;2010;111
ASTURIAS (PRINCIPADO DE);5. PATRIMONIO;2023;7.338
ASTURIAS (PRINCIPADO DE);5. PATRIMONIO;2022;6.150
ASTURIAS (PRINCIPADO DE);5. PATRIMONIO;2021;4.908
ASTURIAS (PRINCIPADO DE);5. PATRIMONIO;2020;4.235
ASTURIAS (PRINCIPADO DE);5. PATRIMONIO;2019;5.016
ASTURIAS (PRINCIPADO DE);5. PATRIMONIO;2018;4.682
ASTURIAS (PRINCIPADO DE);5. PATRIMONIO;2017;4.662
ASTURIAS (PRINCIPADO DE);5. PATRIMONIO;2016;4.709
ASTURIAS (PRINCIPADO DE);5. PATRIMONIO;2015;4.832
ASTURIAS (PRINCIPADO DE);5. PATRIMONIO;2014;5.699
ASTURIAS (PRINCIPADO DE);5. PATRIMONIO;2013;5.843
ASTURIAS (PRINCIPADO DE);5. PATRIMONIO;2012;5.381
ASTURIAS (PRINCIPADO DE);5. PATRIMONIO;2011;5.097
ASTURIAS (PRINCIPADO DE);5. PATRIMONIO;2010;5.200
ASTURIAS (PRINCIPADO DE);5.1.-Hurtos;2023;3.132
ASTURIAS (PRINCIPADO DE);5.1.-Hurtos;2022;2.175
ASTURIAS (PRINCIPADO DE);5.1.-Hurtos;2021;1.600
ASTURIAS (PRINCIPADO DE);5.1.-Hurtos;2020;1.372
ASTURIAS (PRINCIPADO DE);5.1.-Hurtos;2019;2.088
ASTURIAS (PRINCIPADO DE);5.1.-Hurtos;2018;2.030
ASTURIAS (PRINCIPADO DE);5.1.-Hurtos;2017;1.911
ASTURIAS (PRINCIPADO DE);5.1.-Hurtos;2016;1.809
ASTURIAS (PRINCIPADO DE);5.1.-Hurtos;2015;1.897
ASTURIAS (PRINCIPADO DE);5.1.-Hurtos;2014;2.295
ASTURIAS (PRINCIPADO DE);5.1.-Hurtos;2013;2.496
ASTURIAS (PRINCIPADO DE);5.1.-Hurtos;2012;2.407
ASTURIAS (PRINCIPADO DE);5.1.-Hurtos;2011;2.016
ASTURIAS (PRINCIPADO DE);5.1.-Hurtos;2010;1.961
ASTURIAS (PRINCIPADO DE);5.2.-Robos con fuerza en las cosas;2023;691
ASTURIAS (PRINCIPADO DE);5.2.-Robos con fuerza en las cosas;2022;596
ASTURIAS (PRINCIPADO DE);5.2.-Robos con fuerza en las cosas;2021;565
ASTURIAS (PRINCIPADO DE);5.2.-Robos con fuerza en las cosas;2020;537
ASTURIAS (PRINCIPADO DE);5.2.-Robos con fuerza en las cosas;2019;706
ASTURIAS (PRINCIPADO DE);5.2.-Robos con fuerza en las cosas;2018;648
ASTURIAS (PRINCIPADO DE);5.2.-Robos con fuerza en las cosas;2017;776
ASTURIAS (PRINCIPADO DE);5.2.-Robos con fuerza en las cosas;2016;802
ASTURIAS (PRINCIPADO DE);5.2.-Robos con fuerza en las cosas;2015;799
ASTURIAS (PRINCIPADO DE);5.2.-Robos con fuerza en las cosas;2014;858
ASTURIAS (PRINCIPADO DE);5.2.-Robos con fuerza en las cosas;2013;1.026
ASTURIAS (PRINCIPADO DE);5.2.-Robos con fuerza en las cosas;2012;758
ASTURIAS (PRINCIPADO DE);5.2.-Robos con fuerza en las cosas;2011;913
ASTURIAS (PRINCIPADO DE);5.2.-Robos con fuerza en las cosas;2010;1.117
ASTURIAS (PRINCIPADO DE);5.2.1.-Robos con fuerza en las cosas en el interior de vehículos;2023;138
ASTURIAS (PRINCIPADO DE);5.2.1.-Robos con fuerza en las cosas en el interior de vehículos;2022;116
ASTURIAS (PRINCIPADO DE);5.2.1.-Robos con fuerza en las cosas en el interior de vehículos;2021;92
ASTURIAS (PRINCIPADO DE);5.2.1.-Robos con fuerza en las cosas en el interior de vehículos;2020;86
ASTURIAS (PRINCIPADO DE);5.2.1.-Robos con fuerza en las cosas en el interior de vehículos;2019;109
ASTURIAS (PRINCIPADO DE);5.2.1.-Robos con fuerza en las cosas en el interior de vehículos;2018;87
ASTURIAS (PRINCIPADO DE);5.2.1.-Robos con fuerza en las cosas en el interior de vehículos;2017;130
ASTURIAS (PRINCIPADO DE);5.2.1.-Robos con fuerza en las cosas en el interior de vehículos;2016;140
ASTURIAS (PRINCIPADO DE);5.2.1.-Robos con fuerza en las cosas en el interior de vehículos;2015;111
ASTURIAS (PRINCIPADO DE);5.2.1.-Robos con fuerza en las cosas en el interior de vehículos;2014;127
ASTURIAS (PRINCIPADO DE);5.2.1.-Robos con fuerza en las cosas en el interior de vehículos;2013;150
ASTURIAS (PRINCIPADO DE);5.2.1.-Robos con fuerza en las cosas en el interior de vehículos;2012;97
ASTURIAS (PRINCIPADO DE);5.2.1.-Robos con fuerza en las cosas en el interior de vehículos;2011;154
ASTURIAS (PRINCIPADO DE);5.2.1.-Robos con fuerza en las cosas en el interior de vehículos;2010;184
ASTURIAS (PRINCIPADO DE);5.2.2.-Robos con fuerza en viviendas;2023;233
ASTURIAS (PRINCIPADO DE);5.2.2.-Robos con fuerza en viviendas;2022;183
ASTURIAS (PRINCIPADO DE);5.2.2.-Robos con fuerza en viviendas;2021;181
ASTURIAS (PRINCIPADO DE);5.2.2.-Robos con fuerza en viviendas;2020;127
ASTURIAS (PRINCIPADO DE);5.2.2.-Robos con fuerza en viviendas;2019;177
ASTURIAS (PRINCIPADO DE);5.2.2.-Robos con fuerza en viviendas;2018;185
ASTURIAS (PRINCIPADO DE);5.2.2.-Robos con fuerza en viviendas;2017;284
ASTURIAS (PRINCIPADO DE);5.2.2.-Robos con fuerza en viviendas;2016;210
ASTURIAS (PRINCIPADO DE);5.2.2.-Robos con fuerza en viviendas;2015;216
ASTURIAS (PRINCIPADO DE);5.2.2.-Robos con fuerza en viviendas;2014;196
ASTURIAS (PRINCIPADO DE);5.2.2.-Robos con fuerza en viviendas;2013;305
ASTURIAS (PRINCIPADO DE);5.2.2.-Robos con fuerza en viviendas;2012;213
ASTURIAS (PRINCIPADO DE);5.2.2.-Robos con fuerza en viviendas;2011;172
ASTURIAS (PRINCIPADO DE);5.2.2.-Robos con fuerza en viviendas;2010;225
ASTURIAS (PRINCIPADO DE);5.2.3.-Robos con fuerza en establecimientos;2023;200
ASTURIAS (PRINCIPADO DE);5.2.3.-Robos con fuerza en establecimientos;2022;147
ASTURIAS (PRINCIPADO DE);5.2.3.-Robos con fuerza en establecimientos;2021;170
ASTURIAS (PRINCIPADO DE);5.2.3.-Robos con fuerza en establecimientos;2020;197
ASTURIAS (PRINCIPADO DE);5.2.3.-Robos con fuerza en establecimientos;2019;246
ASTURIAS (PRINCIPADO DE);5.2.3.-Robos con fuerza en establecimientos;2018;234
ASTURIAS (PRINCIPADO DE);5.2.3.-Robos con fuerza en establecimientos;2017;256
ASTURIAS (PRINCIPADO DE);5.2.3.-Robos con fuerza en establecimientos;2016;284
ASTURIAS (PRINCIPADO DE);5.2.3.-Robos con fuerza en establecimientos;2015;317
ASTURIAS (PRINCIPADO DE);5.2.3.-Robos con fuerza en establecimientos;2014;310
ASTURIAS (PRINCIPADO DE);5.2.3.-Robos con fuerza en establecimientos;2013;311
ASTURIAS (PRINCIPADO DE);5.2.3.-Robos con fuerza en establecimientos;2012;247
ASTURIAS (PRINCIPADO DE);5.2.3.-Robos con fuerza en establecimientos;2011;348
ASTURIAS (PRINCIPADO DE);5.2.3.-Robos con fuerza en establecimientos;2010;311
ASTURIAS (PRINCIPADO DE);5.3.-Robos con violencia o intimidación;2023;273
ASTURIAS (PRINCIPADO DE);5.3.-Robos con violencia o intimidación;2022;236
ASTURIAS (PRINCIPADO DE);5.3.-Robos con violencia o intimidación;2021;203
ASTURIAS (PRINCIPADO DE);5.3.-Robos con violencia o intimidación;2020;217
ASTURIAS (PRINCIPADO DE);5.3.-Robos con violencia o intimidación;2019;203
ASTURIAS (PRINCIPADO DE);5.3.-Robos con violencia o intimidación;2018;177
ASTURIAS (PRINCIPADO DE);5.3.-Robos con violencia o intimidación;2017;180
ASTURIAS (PRINCIPADO DE);5.3.-Robos con violencia o intimidación;2016;267
ASTURIAS (PRINCIPADO DE);5.3.-Robos con violencia o intimidación;2015;252
ASTURIAS (PRINCIPADO DE);5.3.-Robos con violencia o intimidación;2014;317
ASTURIAS (PRINCIPADO DE);5.3.-Robos con violencia o intimidación;2013;368
ASTURIAS (PRINCIPADO DE);5.3.-Robos con violencia o intimidación;2012;382
ASTURIAS (PRINCIPADO DE);5.3.-Robos con violencia o intimidación;2011;284
ASTURIAS (PRINCIPADO DE);5.3.-Robos con violencia o intimidación;2010;284
ASTURIAS (PRINCIPADO DE);5.3.1.-Robos con violencia en vía pública;2023;133
ASTURIAS (PRINCIPADO DE);5.3.1.-Robos con violencia en vía pública;2022;107
ASTURIAS (PRINCIPADO DE);5.3.1.-Robos con violencia en vía pública;2021;94
ASTURIAS (PRINCIPADO DE);5.3.1.-Robos con violencia en vía pública;2020;110
ASTURIAS (PRINCIPADO DE);5.3.1.-Robos con violencia en vía pública;2019;91
ASTURIAS (PRINCIPADO DE);5.3.1.-Robos con violencia en vía pública;2018;82
ASTURIAS (PRINCIPADO DE);5.3.1.-Robos con violencia en vía pública;2017;104
ASTURIAS (PRINCIPADO DE);5.3.1.-Robos con violencia en vía pública;2016;138
ASTURIAS (PRINCIPADO DE);5.3.1.-Robos con violencia en vía pública;2015;122
ASTURIAS (PRINCIPADO DE);5.3.1.-Robos con violencia en vía pública;2014;168
ASTURIAS (PRINCIPADO DE);5.3.1.-Robos con violencia en vía pública;2013;188
ASTURIAS (PRINCIPADO DE);5.3.1.-Robos con violencia en vía pública;2012;218
ASTURIAS (PRINCIPADO DE);5.3.1.-Robos con violencia en vía pública;2011;181
ASTURIAS (PRINCIPADO DE);5.3.1.-Robos con violencia en vía pública;2010;158
ASTURIAS (PRINCIPADO DE);5.3.2.-Robos con violencia en viviendas;2023;28
ASTURIAS (PRINCIPADO DE);5.3.2.-Robos con violencia en viviendas;2022;21
ASTURIAS (PRINCIPADO DE);5.3.2.-Robos con violencia en viviendas;2021;24
ASTURIAS (PRINCIPADO DE);5.3.2.-Robos con violencia en viviendas;2020;21
ASTURIAS (PRINCIPADO DE);5.3.2.-Robos con violencia en viviendas;2019;23
ASTURIAS (PRINCIPADO DE);5.3.2.-Robos con violencia en viviendas;2018;22
ASTURIAS (PRINCIPADO DE);5.3.2.-Robos con violencia en viviendas;2017;23
ASTURIAS (PRINCIPADO DE);5.3.2.-Robos con violencia en viviendas;2016;23
ASTURIAS (PRINCIPADO DE);5.3.2.-Robos con violencia en viviendas;2015;26
ASTURIAS (PRINCIPADO DE);5.3.2.-Robos con violencia en viviendas;2014;35
ASTURIAS (PRINCIPADO DE);5.3.2.-Robos con violencia en viviendas;2013;51
ASTURIAS (PRINCIPADO DE);5.3.2.-Robos con violencia en viviendas;2012;30
ASTURIAS (PRINCIPADO DE);5.3.2.-Robos con violencia en viviendas;2011;22
ASTURIAS (PRINCIPADO DE);5.3.2.-Robos con violencia en viviendas;2010;22
ASTURIAS (PRINCIPADO DE);5.3.3.-Robos con violencia en establecimientos;2023;80
ASTURIAS (PRINCIPADO DE);5.3.3.-Robos con violencia en establecimientos;2022;79
ASTURIAS (PRINCIPADO DE);5.3.3.-Robos con violencia en establecimientos;2021;58
ASTURIAS (PRINCIPADO DE);5.3.3.-Robos con violencia en establecimientos;2020;66
ASTURIAS (PRINCIPADO DE);5.3.3.-Robos con violencia en establecimientos;2019;72
ASTURIAS (PRINCIPADO DE);5.3.3.-Robos con violencia en establecimientos;2018;57
ASTURIAS (PRINCIPADO DE);5.3.3.-Robos con violencia en establecimientos;2017;42
ASTURIAS (PRINCIPADO DE);5.3.3.-Robos con violencia en establecimientos;2016;71
ASTURIAS (PRINCIPADO DE);5.3.3.-Robos con violencia en establecimientos;2015;93
ASTURIAS (PRINCIPADO DE);5.3.3.-Robos con violencia en establecimientos;2014;79
ASTURIAS (PRINCIPADO DE);5.3.3.-Robos con violencia en establecimientos;2013;87
ASTURIAS (PRINCIPADO DE);5.3.3.-Robos con violencia en establecimientos;2012;83
ASTURIAS (PRINCIPADO DE);5.3.3.-Robos con violencia en establecimientos;2011;49
ASTURIAS (PRINCIPADO DE);5.3.3.-Robos con violencia en establecimientos;2010;79
ASTURIAS (PRINCIPADO DE);5.4.-Sustracción de vehículos;2023;133
ASTURIAS (PRINCIPADO DE);5.4.-Sustracción de vehículos;2022;133
ASTURIAS (PRINCIPADO DE);5.4.-Sustracción de vehículos;2021;112
ASTURIAS (PRINCIPADO DE);5.4.-Sustracción de vehículos;2020;107
ASTURIAS (PRINCIPADO DE);5.4.-Sustracción de vehículos;2019;88
ASTURIAS (PRINCIPADO DE);5.4.-Sustracción de vehículos;2018;94
ASTURIAS (PRINCIPADO DE);5.4.-Sustracción de vehículos;2017;169
ASTURIAS (PRINCIPADO DE);5.4.-Sustracción de vehículos;2016;169
ASTURIAS (PRINCIPADO DE);5.4.-Sustracción de vehículos;2015;169
ASTURIAS (PRINCIPADO DE);5.4.-Sustracción de vehículos;2014;232
ASTURIAS (PRINCIPADO DE);5.4.-Sustracción de vehículos;2013;181
ASTURIAS (PRINCIPADO DE);5.4.-Sustracción de vehículos;2012;200
ASTURIAS (PRINCIPADO DE);5.4.-Sustracción de vehículos;2011;237
ASTURIAS (PRINCIPADO DE);5.4.-Sustracción de vehículos;2010;234
ASTURIAS (PRINCIPADO DE);5.5.-Estafas;2023;1.981
ASTURIAS (PRINCIPADO DE);5.5.-Estafas;2022;1.921
ASTURIAS (PRINCIPADO DE);5.5.-Estafas;2021;1.378
ASTURIAS (PRINCIPADO DE);5.5.-Estafas;2020;1.103
ASTURIAS (PRINCIPADO DE);5.5.-Estafas;2019;931
ASTURIAS (PRINCIPADO DE);5.5.-Estafas;2018;840
ASTURIAS (PRINCIPADO DE);5.5.-Estafas;2017;762
ASTURIAS (PRINCIPADO DE);5.5.-Estafas;2016;754
ASTURIAS (PRINCIPADO DE);5.5.-Estafas;2015;765
ASTURIAS (PRINCIPADO DE);5.5.-Estafas;2014;937
ASTURIAS (PRINCIPADO DE);5.5.-Estafas;2013;714
ASTURIAS (PRINCIPADO DE);5.5.-Estafas;2012;672
ASTURIAS (PRINCIPADO DE);5.5.-Estafas;2011;606
ASTURIAS (PRINCIPADO DE);5.5.-Estafas;2010;576
ASTURIAS (PRINCIPADO DE);5.5.1.-Estafas informáticas;2023;1.394
ASTURIAS (PRINCIPADO DE);5.5.1.-Estafas informáticas;2022;1.330
ASTURIAS (PRINCIPADO DE);5.5.1.-Estafas informáticas;2021;934
ASTURIAS (PRINCIPADO DE);5.5.1.-Estafas informáticas;2020;710
ASTURIAS (PRINCIPADO DE);5.5.1.-Estafas informáticas;2019;401
ASTURIAS (PRINCIPADO DE);5.5.1.-Estafas informáticas;2018;316
ASTURIAS (PRINCIPADO DE);5.5.1.-Estafas informáticas;2017;312
ASTURIAS (PRINCIPADO DE);5.5.1.-Estafas informáticas;2016;288
ASTURIAS (PRINCIPADO DE);5.5.1.-Estafas informáticas;2015;243
ASTURIAS (PRINCIPADO DE);5.5.1.-Estafas informáticas;2014;197
ASTURIAS (PRINCIPADO DE);5.5.1.-Estafas informáticas;2013;188
ASTURIAS (PRINCIPADO DE);5.5.1.-Estafas informáticas;2012;142
ASTURIAS (PRINCIPADO DE);5.5.1.-Estafas informáticas;2011;129
ASTURIAS (PRINCIPADO DE);5.5.1.-Estafas informáticas;2010;135
ASTURIAS (PRINCIPADO DE);5.6.-Daños;2023;720
ASTURIAS (PRINCIPADO DE);5.6.-Daños;2022;661
ASTURIAS (PRINCIPADO DE);5.6.-Daños;2021;680
ASTURIAS (PRINCIPADO DE);5.6.-Daños;2020;532
ASTURIAS (PRINCIPADO DE);5.6.-Daños;2019;640
ASTURIAS (PRINCIPADO DE);5.6.-Daños;2018;510
ASTURIAS (PRINCIPADO DE);5.6.-Daños;2017;570
ASTURIAS (PRINCIPADO DE);5.6.-Daños;2016;570
ASTURIAS (PRINCIPADO DE);5.6.-Daños;2015;567
ASTURIAS (PRINCIPADO DE);5.6.-Daños;2014;653
ASTURIAS (PRINCIPADO DE);5.6.-Daños;2013;653
ASTURIAS (PRINCIPADO DE);5.6.-Daños;2012;688
ASTURIAS (PRINCIPADO DE);5.6.-Daños;2011;826
ASTURIAS (PRINCIPADO DE);5.6.-Daños;2010;807
ASTURIAS (PRINCIPADO DE);5.7.-Contra la propiedad intelectual/industrial;2023;8
ASTURIAS (PRINCIPADO DE);5.7.-Contra la propiedad intelectual/industrial;2022;11
ASTURIAS (PRINCIPADO DE);5.7.-Contra la propiedad intelectual/industrial;2021;6
ASTURIAS (PRINCIPADO DE);5.7.-Contra la propiedad intelectual/industrial;2020;4
ASTURIAS (PRINCIPADO DE);5.7.-Contra la propiedad intelectual/industrial;2019;16
ASTURIAS (PRINCIPADO DE);5.7.-Contra la propiedad intelectual/industrial;2018;37
ASTURIAS (PRINCIPADO DE);5.7.-Contra la propiedad intelectual/industrial;2017;7
ASTURIAS (PRINCIPADO DE);5.7.-Contra la propiedad intelectual/industrial;2016;10
ASTURIAS (PRINCIPADO DE);5.7.-Contra la propiedad intelectual/industrial;2015;15
ASTURIAS (PRINCIPADO DE);5.7.-Contra la propiedad intelectual/industrial;2014;26
ASTURIAS (PRINCIPADO DE);5.7.-Contra la propiedad intelectual/industrial;2013;20
ASTURIAS (PRINCIPADO DE);5.7.-Contra la propiedad intelectual/industrial;2012;28
ASTURIAS (PRINCIPADO DE);5.7.-Contra la propiedad intelectual/industrial;2011;18
ASTURIAS (PRINCIPADO DE);5.7.-Contra la propiedad intelectual/industrial;2010;30
ASTURIAS (PRINCIPADO DE);5.8.-Blanqueo de capitales;2023;2
ASTURIAS (PRINCIPADO DE);5.8.-Blanqueo de capitales;2022;1
ASTURIAS (PRINCIPADO DE);5.8.-Blanqueo de capitales;2021;1
ASTURIAS (PRINCIPADO DE);5.8.-Blanqueo de capitales;2020;1
ASTURIAS (PRINCIPADO DE);5.8.-Blanqueo de capitales;2019;2
ASTURIAS (PRINCIPADO DE);5.8.-Blanqueo de capitales;2018;3
ASTURIAS (PRINCIPADO DE);5.8.-Blanqueo de capitales;2017;3
ASTURIAS (PRINCIPADO DE);5.8.-Blanqueo de capitales;2016;0
ASTURIAS (PRINCIPADO DE);5.8.-Blanqueo de capitales;2015;1
ASTURIAS (PRINCIPADO DE);5.8.-Blanqueo de capitales;2014;1
ASTURIAS (PRINCIPADO DE);5.8.-Blanqueo de capitales;2013;4
ASTURIAS (PRINCIPADO DE);5.8.-Blanqueo de capitales;2012;0
ASTURIAS (PRINCIPADO DE);5.8.-Blanqueo de capitales;2011;2
ASTURIAS (PRINCIPADO DE);5.8.-Blanqueo de capitales;2010;1
ASTURIAS (PRINCIPADO DE);5.9.-Otros contra el patrimonio;2023;398
ASTURIAS (PRINCIPADO DE);5.9.-Otros contra el patrimonio;2022;416
ASTURIAS (PRINCIPADO DE);5.9.-Otros contra el patrimonio;2021;363
ASTURIAS (PRINCIPADO DE);5.9.-Otros contra el patrimonio;2020;362
ASTURIAS (PRINCIPADO DE);5.9.-Otros contra el patrimonio;2019;342
ASTURIAS (PRINCIPADO DE);5.9.-Otros contra el patrimonio;2018;343
ASTURIAS (PRINCIPADO DE);5.9.-Otros contra el patrimonio;2017;284
ASTURIAS (PRINCIPADO DE);5.9.-Otros contra el patrimonio;2016;328
ASTURIAS (PRINCIPADO DE);5.9.-Otros contra el patrimonio;2015;367
ASTURIAS (PRINCIPADO DE);5.9.-Otros contra el patrimonio;2014;380
ASTURIAS (PRINCIPADO DE);5.9.-Otros contra el patrimonio;2013;381
ASTURIAS (PRINCIPADO DE);5.9.-Otros contra el patrimonio;2012;246
ASTURIAS (PRINCIPADO DE);5.9.-Otros contra el patrimonio;2011;195
ASTURIAS (PRINCIPADO DE);5.9.-Otros contra el patrimonio;2010;190
ASTURIAS (PRINCIPADO DE);6. SEGURIDAD COLECTIVA;2023;1.023
ASTURIAS (PRINCIPADO DE);6. SEGURIDAD COLECTIVA;2022;1.044
ASTURIAS (PRINCIPADO DE);6. SEGURIDAD COLECTIVA;2021;1.062
ASTURIAS (PRINCIPADO DE);6. SEGURIDAD COLECTIVA;2020;908
ASTURIAS (PRINCIPADO DE);6. SEGURIDAD COLECTIVA;2019;1.177
ASTURIAS (PRINCIPADO DE);6. SEGURIDAD COLECTIVA;2018;1.035
ASTURIAS (PRINCIPADO DE);6. SEGURIDAD COLECTIVA;2017;1.043
ASTURIAS (PRINCIPADO DE);6. SEGURIDAD COLECTIVA;2016;1.101
ASTURIAS (PRINCIPADO DE);6. SEGURIDAD COLECTIVA;2015;1.094
ASTURIAS (PRINCIPADO DE);6. SEGURIDAD COLECTIVA;2014;1.290
ASTURIAS (PRINCIPADO DE);6. SEGURIDAD COLECTIVA;2013;1.468
ASTURIAS (PRINCIPADO DE);6. SEGURIDAD COLECTIVA;2012;1.531
ASTURIAS (PRINCIPADO DE);6. SEGURIDAD COLECTIVA;2011;1.559
ASTURIAS (PRINCIPADO DE);6. SEGURIDAD COLECTIVA;2010;1.194
ASTURIAS (PRINCIPADO DE);6.1.-Tráfico de drogas;2023;189
ASTURIAS (PRINCIPADO DE);6.1.-Tráfico de drogas;2022;169
ASTURIAS (PRINCIPADO DE);6.1.-Tráfico de drogas;2021;164
ASTURIAS (PRINCIPADO DE);6.1.-Tráfico de drogas;2020;175
ASTURIAS (PRINCIPADO DE);6.1.-Tráfico de drogas;2019;202
ASTURIAS (PRINCIPADO DE);6.1.-Tráfico de drogas;2018;137
ASTURIAS (PRINCIPADO DE);6.1.-Tráfico de drogas;2017;127
ASTURIAS (PRINCIPADO DE);6.1.-Tráfico de drogas;2016;103
ASTURIAS (PRINCIPADO DE);6.1.-Tráfico de drogas;2015;152
ASTURIAS (PRINCIPADO DE);6.1.-Tráfico de drogas;2014;165
ASTURIAS (PRINCIPADO DE);6.1.-Tráfico de drogas;2013;190
ASTURIAS (PRINCIPADO DE);6.1.-Tráfico de drogas;2012;204
ASTURIAS (PRINCIPADO DE);6.1.-Tráfico de drogas;2011;238
ASTURIAS (PRINCIPADO DE);6.1.-Tráfico de drogas;2010;156
ASTURIAS (PRINCIPADO DE);6.2.-Contra la seguridad vial;2023;768
ASTURIAS (PRINCIPADO DE);6.2.-Contra la seguridad vial;2022;836
ASTURIAS (PRINCIPADO DE);6.2.-Contra la seguridad vial;2021;833
ASTURIAS (PRINCIPADO DE);6.2.-Contra la seguridad vial;2020;682
ASTURIAS (PRINCIPADO DE);6.2.-Contra la seguridad vial;2019;933
ASTURIAS (PRINCIPADO DE);6.2.-Contra la seguridad vial;2018;854
ASTURIAS (PRINCIPADO DE);6.2.-Contra la seguridad vial;2017;855
ASTURIAS (PRINCIPADO DE);6.2.-Contra la seguridad vial;2016;942
ASTURIAS (PRINCIPADO DE);6.2.-Contra la seguridad vial;2015;915
ASTURIAS (PRINCIPADO DE);6.2.-Contra la seguridad vial;2014;1.078
ASTURIAS (PRINCIPADO DE);6.2.-Contra la seguridad vial;2013;1.231
ASTURIAS (PRINCIPADO DE);6.2.-Contra la seguridad vial;2012;1.290
ASTURIAS (PRINCIPADO DE);6.2.-Contra la seguridad vial;2011;1.283
ASTURIAS (PRINCIPADO DE);6.2.-Contra la seguridad vial;2010;998
ASTURIAS (PRINCIPADO DE);6.3.-Otros contra la seguridad colectiva;2023;66
ASTURIAS (PRINCIPADO DE);6.3.-Otros contra la seguridad colectiva;2022;39
ASTURIAS (PRINCIPADO DE);6.3.-Otros contra la seguridad colectiva;2021;65
ASTURIAS (PRINCIPADO DE);6.3.-Otros contra la seguridad colectiva;2020;51
ASTURIAS (PRINCIPADO DE);6.3.-Otros contra la seguridad colectiva;2019;42
ASTURIAS (PRINCIPADO DE);6.3.-Otros contra la seguridad colectiva;2018;44
ASTURIAS (PRINCIPADO DE);6.3.-Otros contra la seguridad colectiva;2017;61
ASTURIAS (PRINCIPADO DE);6.3.-Otros contra la seguridad colectiva;2016;56
ASTURIAS (PRINCIPADO DE);6.3.-Otros contra la seguridad colectiva;2015;27
ASTURIAS (PRINCIPADO DE);6.3.-Otros contra la seguridad colectiva;2014;47
ASTURIAS (PRINCIPADO DE);6.3.-Otros contra la seguridad colectiva;2013;47
ASTURIAS (PRINCIPADO DE);6.3.-Otros contra la seguridad colectiva;2012;37
ASTURIAS (PRINCIPADO DE);6.3.-Otros contra la seguridad colectiva;2011;38
ASTURIAS (PRINCIPADO DE);6.3.-Otros contra la seguridad colectiva;2010;40
ASTURIAS (PRINCIPADO DE);7. FALSEDADES;2023;191
ASTURIAS (PRINCIPADO DE);7. FALSEDADES;2022;202
ASTURIAS (PRINCIPADO DE);7. FALSEDADES;2021;196
ASTURIAS (PRINCIPADO DE);7. FALSEDADES;2020;158
ASTURIAS (PRINCIPADO DE);7. FALSEDADES;2019;152
ASTURIAS (PRINCIPADO DE);7. FALSEDADES;2018;130
ASTURIAS (PRINCIPADO DE);7. FALSEDADES;2017;128
ASTURIAS (PRINCIPADO DE);7. FALSEDADES;2016;138
ASTURIAS (PRINCIPADO DE);7. FALSEDADES;2015;126
ASTURIAS (PRINCIPADO DE);7. FALSEDADES;2014;141
ASTURIAS (PRINCIPADO DE);7. FALSEDADES;2013;131
ASTURIAS (PRINCIPADO DE);7. FALSEDADES;2012;147
ASTURIAS (PRINCIPADO DE);7. FALSEDADES;2011;131
ASTURIAS (PRINCIPADO DE);7. FALSEDADES;2010;99
ASTURIAS (PRINCIPADO DE);8. ADMÓN. PÚBLICA;2023;3
ASTURIAS (PRINCIPADO DE);8. ADMÓN. PÚBLICA;2022;0
ASTURIAS (PRINCIPADO DE);8. ADMÓN. PÚBLICA;2021;6
ASTURIAS (PRINCIPADO DE);8. ADMÓN. PÚBLICA;2020;1
ASTURIAS (PRINCIPADO DE);8. ADMÓN. PÚBLICA;2019;5
ASTURIAS (PRINCIPADO DE);8. ADMÓN. PÚBLICA;2018;3
ASTURIAS (PRINCIPADO DE);8. ADMÓN. PÚBLICA;2017;2
ASTURIAS (PRINCIPADO DE);8. ADMÓN. PÚBLICA;2016;0
ASTURIAS (PRINCIPADO DE);8. ADMÓN. PÚBLICA;2015;3
ASTURIAS (PRINCIPADO DE);8. ADMÓN. PÚBLICA;2014;0
ASTURIAS (PRINCIPADO DE);8. ADMÓN. PÚBLICA;2013;6
ASTURIAS (PRINCIPADO DE);8. ADMÓN. PÚBLICA;2012;4
ASTURIAS (PRINCIPADO DE);8. ADMÓN. PÚBLICA;2011;7
ASTURIAS (PRINCIPADO DE);8. ADMÓN. PÚBLICA;2010;2
ASTURIAS (PRINCIPADO DE);9. ADMÓN. JUSTICIA;2023;846
ASTURIAS (PRINCIPADO DE);9. ADMÓN. JUSTICIA;2022;742
ASTURIAS (PRINCIPADO DE);9. ADMÓN. JUSTICIA;2021;569
ASTURIAS (PRINCIPADO DE);9. ADMÓN. JUSTICIA;2020;570
ASTURIAS (PRINCIPADO DE);9. ADMÓN. JUSTICIA;2019;565
ASTURIAS (PRINCIPADO DE);9. ADMÓN. JUSTICIA;2018;569
ASTURIAS (PRINCIPADO DE);9. ADMÓN. JUSTICIA;2017;579
ASTURIAS (PRINCIPADO DE);9. ADMÓN. JUSTICIA;2016;515
ASTURIAS (PRINCIPADO DE);9. ADMÓN. JUSTICIA;2015;444
ASTURIAS (PRINCIPADO DE);9. ADMÓN. JUSTICIA;2014;498
ASTURIAS (PRINCIPADO DE);9. ADMÓN. JUSTICIA;2013;460
ASTURIAS (PRINCIPADO DE);9. ADMÓN. JUSTICIA;2012;402
ASTURIAS (PRINCIPADO DE);9. ADMÓN. JUSTICIA;2011;511
ASTURIAS (PRINCIPADO DE);9. ADMÓN. JUSTICIA;2010;512
ASTURIAS (PRINCIPADO DE);10. ORDEN PÚBLICO;2023;507
ASTURIAS (PRINCIPADO DE);10. ORDEN PÚBLICO;2022;503
ASTURIAS (PRINCIPADO DE);10. ORDEN PÚBLICO;2021;479
ASTURIAS (PRINCIPADO DE);10. ORDEN PÚBLICO;2020;538
ASTURIAS (PRINCIPADO DE);10. ORDEN PÚBLICO;2019;359
ASTURIAS (PRINCIPADO DE);10. ORDEN PÚBLICO;2018;373
ASTURIAS (PRINCIPADO DE);10. ORDEN PÚBLICO;2017;401
ASTURIAS (PRINCIPADO DE);10. ORDEN PÚBLICO;2016;362
ASTURIAS (PRINCIPADO DE);10. ORDEN PÚBLICO;2015;440
ASTURIAS (PRINCIPADO DE);10. ORDEN PÚBLICO;2014;608
ASTURIAS (PRINCIPADO DE);10. ORDEN PÚBLICO;2013;663
ASTURIAS (PRINCIPADO DE);10. ORDEN PÚBLICO;2012;755
ASTURIAS (PRINCIPADO DE);10. ORDEN PÚBLICO;2011;759
ASTURIAS (PRINCIPADO DE);10. ORDEN PÚBLICO;2010;700
ASTURIAS (PRINCIPADO DE);11. LEGISLACIÓN ESPECIAL;2023;5
ASTURIAS (PRINCIPADO DE);11. LEGISLACIÓN ESPECIAL;2022;0
ASTURIAS (PRINCIPADO DE);11. LEGISLACIÓN ESPECIAL;2021;1
ASTURIAS (PRINCIPADO DE);11. LEGISLACIÓN ESPECIAL;2020;1
ASTURIAS (PRINCIPADO DE);11. LEGISLACIÓN ESPECIAL;2019;2
ASTURIAS (PRINCIPADO DE);11. LEGISLACIÓN ESPECIAL;2018;0
ASTURIAS (PRINCIPADO DE);11. LEGISLACIÓN ESPECIAL;2017;1
ASTURIAS (PRINCIPADO DE);11. LEGISLACIÓN ESPECIAL;2016;0
ASTURIAS (PRINCIPADO DE);11. LEGISLACIÓN ESPECIAL;2015;0
ASTURIAS (PRINCIPADO DE);11. LEGISLACIÓN ESPECIAL;2014;2
ASTURIAS (PRINCIPADO DE);11. LEGISLACIÓN ESPECIAL;2013;1
ASTURIAS (PRINCIPADO DE);11. LEGISLACIÓN ESPECIAL;2012;1
ASTURIAS (PRINCIPADO DE);11. LEGISLACIÓN ESPECIAL;2011;0
ASTURIAS (PRINCIPADO DE);11. LEGISLACIÓN ESPECIAL;2010;2
ASTURIAS (PRINCIPADO DE);12. OTRAS INFRACCIONES PENALES;2023;224
ASTURIAS (PRINCIPADO DE);12. OTRAS INFRACCIONES PENALES;2022;188
ASTURIAS (PRINCIPADO DE);12. OTRAS INFRACCIONES PENALES;2021;178
ASTURIAS (PRINCIPADO DE);12. OTRAS INFRACCIONES PENALES;2020;129
ASTURIAS (PRINCIPADO DE);12. OTRAS INFRACCIONES PENALES;2019;171
ASTURIAS (PRINCIPADO DE);12. OTRAS INFRACCIONES PENALES;2018;183
ASTURIAS (PRINCIPADO DE);12. OTRAS INFRACCIONES PENALES;2017;159
ASTURIAS (PRINCIPADO DE);12. OTRAS INFRACCIONES PENALES;2016;176
ASTURIAS (PRINCIPADO DE);12. OTRAS INFRACCIONES PENALES;2015;114
ASTURIAS (PRINCIPADO DE);12. OTRAS INFRACCIONES PENALES;2014;63
ASTURIAS (PRINCIPADO DE);12. OTRAS INFRACCIONES PENALES;2013;69
ASTURIAS (PRINCIPADO DE);12. OTRAS INFRACCIONES PENALES;2012;57
ASTURIAS (PRINCIPADO DE);12. OTRAS INFRACCIONES PENALES;2011;59
ASTURIAS (PRINCIPADO DE);12. OTRAS INFRACCIONES PENALES;2010;84
ASTURIAS (PRINCIPADO DE);TOTAL INFRACCIONES PENALES;2023;16.528
ASTURIAS (PRINCIPADO DE);TOTAL INFRACCIONES PENALES;2022;14.671
ASTURIAS (PRINCIPADO DE);TOTAL INFRACCIONES PENALES;2021;12.426
ASTURIAS (PRINCIPADO DE);TOTAL INFRACCIONES PENALES;2020;11.325
ASTURIAS (PRINCIPADO DE);TOTAL INFRACCIONES PENALES;2019;12.550
ASTURIAS (PRINCIPADO DE);TOTAL INFRACCIONES PENALES;2018;11.775
ASTURIAS (PRINCIPADO DE);TOTAL INFRACCIONES PENALES;2017;11.883
ASTURIAS (PRINCIPADO DE);TOTAL INFRACCIONES PENALES;2016;11.828
ASTURIAS (PRINCIPADO DE);TOTAL INFRACCIONES PENALES;2015;12.273
ASTURIAS (PRINCIPADO DE);TOTAL INFRACCIONES PENALES;2014;13.933
ASTURIAS (PRINCIPADO DE);TOTAL INFRACCIONES PENALES;2013;14.521
ASTURIAS (PRINCIPADO DE);TOTAL INFRACCIONES PENALES;2012;14.190
ASTURIAS (PRINCIPADO DE);TOTAL INFRACCIONES PENALES;2011;14.513
ASTURIAS (PRINCIPADO DE);TOTAL INFRACCIONES PENALES;2010;14.057
BALEARS (ILLES);1. CONTRA LAS PERSONAS;2023;8.860
BALEARS (ILLES);1. CONTRA LAS PERSONAS;2022;8.018
BALEARS (ILLES);1. CONTRA LAS PERSONAS;2021;6.632
BALEARS (ILLES);1. CONTRA LAS PERSONAS;2020;5.741
BALEARS (ILLES);1. CONTRA LAS PERSONAS;2019;6.797
BALEARS (ILLES);1. CONTRA LAS PERSONAS;2018;6.335
BALEARS (ILLES);1. CONTRA LAS PERSONAS;2017;5.935
BALEARS (ILLES);1. CONTRA LAS PERSONAS;2016;5.570
BALEARS (ILLES);1. CONTRA LAS PERSONAS;2015;6.558
BALEARS (ILLES);1. CONTRA LAS PERSONAS;2014;7.590
BALEARS (ILLES);1. CONTRA LAS PERSONAS;2013;7.441
BALEARS (ILLES);1. CONTRA LAS PERSONAS;2012;7.224
BALEARS (ILLES);1. CONTRA LAS PERSONAS;2011;7.539
BALEARS (ILLES);1. CONTRA LAS PERSONAS;2010;7.264
BALEARS (ILLES);1.1.-Homicidios dolosos/asesinatos;2023;47
BALEARS (ILLES);1.1.-Homicidios dolosos/asesinatos;2022;32
BALEARS (ILLES);1.1.-Homicidios dolosos/asesinatos;2021;38
BALEARS (ILLES);1.1.-Homicidios dolosos/asesinatos;2020;37
BALEARS (ILLES);1.1.-Homicidios dolosos/asesinatos;2019;44
BALEARS (ILLES);1.1.-Homicidios dolosos/asesinatos;2018;42
BALEARS (ILLES);1.1.-Homicidios dolosos/asesinatos;2017;32
BALEARS (ILLES);1.1.-Homicidios dolosos/asesinatos;2016;30
BALEARS (ILLES);1.1.-Homicidios dolosos/asesinatos;2015;35
BALEARS (ILLES);1.1.-Homicidios dolosos/asesinatos;2014;28
BALEARS (ILLES);1.1.-Homicidios dolosos/asesinatos;2013;32
BALEARS (ILLES);1.1.-Homicidios dolosos/asesinatos;2012;26
BALEARS (ILLES);1.1.-Homicidios dolosos/asesinatos;2011;47
BALEARS (ILLES);1.1.-Homicidios dolosos/asesinatos;2010;40
BALEARS (ILLES);1.1.1.-Homicidios dolosos/asesinatos consumados;2023;9
BALEARS (ILLES);1.1.1.-Homicidios dolosos/asesinatos consumados;2022;0
BALEARS (ILLES);1.1.1.-Homicidios dolosos/asesinatos consumados;2021;6
BALEARS (ILLES);1.1.1.-Homicidios dolosos/asesinatos consumados;2020;6
BALEARS (ILLES);1.1.1.-Homicidios dolosos/asesinatos consumados;2019;6
BALEARS (ILLES);1.1.1.-Homicidios dolosos/asesinatos consumados;2018;7
BALEARS (ILLES);1.1.1.-Homicidios dolosos/asesinatos consumados;2017;4
BALEARS (ILLES);1.1.1.-Homicidios dolosos/asesinatos consumados;2016;8
BALEARS (ILLES);1.1.1.-Homicidios dolosos/asesinatos consumados;2015;9
BALEARS (ILLES);1.1.1.-Homicidios dolosos/asesinatos consumados;2014;10
BALEARS (ILLES);1.1.1.-Homicidios dolosos/asesinatos consumados;2013;8
BALEARS (ILLES);1.1.1.-Homicidios dolosos/asesinatos consumados;2012;4
BALEARS (ILLES);1.1.1.-Homicidios dolosos/asesinatos consumados;2011;11
BALEARS (ILLES);1.1.1.-Homicidios dolosos/asesinatos consumados;2010;6
BALEARS (ILLES);1.2.-Lesiones;2023;3.215
BALEARS (ILLES);1.2.-Lesiones;2022;3.010
BALEARS (ILLES);1.2.-Lesiones;2021;2.339
BALEARS (ILLES);1.2.-Lesiones;2020;2.146
BALEARS (ILLES);1.2.-Lesiones;2019;2.578
BALEARS (ILLES);1.2.-Lesiones;2018;2.658
BALEARS (ILLES);1.2.-Lesiones;2017;2.603
BALEARS (ILLES);1.2.-Lesiones;2016;2.501
BALEARS (ILLES);1.2.-Lesiones;2015;2.493
BALEARS (ILLES);1.2.-Lesiones;2014;2.511
BALEARS (ILLES);1.2.-Lesiones;2013;2.572
BALEARS (ILLES);1.2.-Lesiones;2012;2.526
BALEARS (ILLES);1.2.-Lesiones;2011;2.735
BALEARS (ILLES);1.2.-Lesiones;2010;2.548
BALEARS (ILLES);1.3.-Malos tratos ámbito familiar;2023;5.381
BALEARS (ILLES);1.3.-Malos tratos ámbito familiar;2022;4.806
BALEARS (ILLES);1.3.-Malos tratos ámbito familiar;2021;4.122
BALEARS (ILLES);1.3.-Malos tratos ámbito familiar;2020;3.464
BALEARS (ILLES);1.3.-Malos tratos ámbito familiar;2019;4.052
BALEARS (ILLES);1.3.-Malos tratos ámbito familiar;2018;3.524
BALEARS (ILLES);1.3.-Malos tratos ámbito familiar;2017;3.214
BALEARS (ILLES);1.3.-Malos tratos ámbito familiar;2016;2.994
BALEARS (ILLES);1.3.-Malos tratos ámbito familiar;2015;2.613
BALEARS (ILLES);1.3.-Malos tratos ámbito familiar;2014;2.475
BALEARS (ILLES);1.3.-Malos tratos ámbito familiar;2013;2.409
BALEARS (ILLES);1.3.-Malos tratos ámbito familiar;2012;2.188
BALEARS (ILLES);1.3.-Malos tratos ámbito familiar;2011;2.214
BALEARS (ILLES);1.3.-Malos tratos ámbito familiar;2010;2.093
BALEARS (ILLES);1.4.-Otros contra las personas;2023;217
BALEARS (ILLES);1.4.-Otros contra las personas;2022;170
BALEARS (ILLES);1.4.-Otros contra las personas;2021;133
BALEARS (ILLES);1.4.-Otros contra las personas;2020;94
BALEARS (ILLES);1.4.-Otros contra las personas;2019;123
BALEARS (ILLES);1.4.-Otros contra las personas;2018;111
BALEARS (ILLES);1.4.-Otros contra las personas;2017;86
BALEARS (ILLES);1.4.-Otros contra las personas;2016;45
BALEARS (ILLES);1.4.-Otros contra las personas;2015;1.417
BALEARS (ILLES);1.4.-Otros contra las personas;2014;2.576
BALEARS (ILLES);1.4.-Otros contra las personas;2013;2.428
BALEARS (ILLES);1.4.-Otros contra las personas;2012;2.484
BALEARS (ILLES);1.4.-Otros contra las personas;2011;2.543
BALEARS (ILLES);1.4.-Otros contra las personas;2010;2.583
BALEARS (ILLES);2. CONTRA LA LIBERTAD;2023;4.657
BALEARS (ILLES);2. CONTRA LA LIBERTAD;2022;4.205
BALEARS (ILLES);2. CONTRA LA LIBERTAD;2021;4.068
BALEARS (ILLES);2. CONTRA LA LIBERTAD;2020;3.802
BALEARS (ILLES);2. CONTRA LA LIBERTAD;2019;3.406
BALEARS (ILLES);2. CONTRA LA LIBERTAD;2018;3.204
BALEARS (ILLES);2. CONTRA LA LIBERTAD;2017;3.310
BALEARS (ILLES);2. CONTRA LA LIBERTAD;2016;3.148
BALEARS (ILLES);2. CONTRA LA LIBERTAD;2015;1.953
BALEARS (ILLES);2. CONTRA LA LIBERTAD;2014;1.128
BALEARS (ILLES);2. CONTRA LA LIBERTAD;2013;1.126
BALEARS (ILLES);2. CONTRA LA LIBERTAD;2012;1.182
BALEARS (ILLES);2. CONTRA LA LIBERTAD;2011;1.324
BALEARS (ILLES);2. CONTRA LA LIBERTAD;2010;1.279
BALEARS (ILLES);2.1.-Malos tratos habituales en el ámbito familiar;2023;680
BALEARS (ILLES);2.1.-Malos tratos habituales en el ámbito familiar;2022;642
BALEARS (ILLES);2.1.-Malos tratos habituales en el ámbito familiar;2021;684
BALEARS (ILLES);2.1.-Malos tratos habituales en el ámbito familiar;2020;569
BALEARS (ILLES);2.1.-Malos tratos habituales en el ámbito familiar;2019;512
BALEARS (ILLES);2.1.-Malos tratos habituales en el ámbito familiar;2018;506
BALEARS (ILLES);2.1.-Malos tratos habituales en el ámbito familiar;2017;480
BALEARS (ILLES);2.1.-Malos tratos habituales en el ámbito familiar;2016;506
BALEARS (ILLES);2.1.-Malos tratos habituales en el ámbito familiar;2015;463
BALEARS (ILLES);2.1.-Malos tratos habituales en el ámbito familiar;2014;415
BALEARS (ILLES);2.1.-Malos tratos habituales en el ámbito familiar;2013;459
BALEARS (ILLES);2.1.-Malos tratos habituales en el ámbito familiar;2012;498
BALEARS (ILLES);2.1.-Malos tratos habituales en el ámbito familiar;2011;593
BALEARS (ILLES);2.1.-Malos tratos habituales en el ámbito familiar;2010;568
BALEARS (ILLES);2.2.-Otros contra la libertad;2023;3.977
BALEARS (ILLES);2.2.-Otros contra la libertad;2022;3.563
BALEARS (ILLES);2.2.-Otros contra la libertad;2021;3.384
BALEARS (ILLES);2.2.-Otros contra la libertad;2020;3.233
BALEARS (ILLES);2.2.-Otros contra la libertad;2019;2.894
BALEARS (ILLES);2.2.-Otros contra la libertad;2018;2.698
BALEARS (ILLES);2.2.-Otros contra la libertad;2017;2.830
BALEARS (ILLES);2.2.-Otros contra la libertad;2016;2.642
BALEARS (ILLES);2.2.-Otros contra la libertad;2015;1.490
BALEARS (ILLES);2.2.-Otros contra la libertad;2014;713
BALEARS (ILLES);2.2.-Otros contra la libertad;2013;667
BALEARS (ILLES);2.2.-Otros contra la libertad;2012;684
BALEARS (ILLES);2.2.-Otros contra la libertad;2011;731
BALEARS (ILLES);2.2.-Otros contra la libertad;2010;711
BALEARS (ILLES);3. LIBERTAD SEXUAL;2023;774
BALEARS (ILLES);3. LIBERTAD SEXUAL;2022;622
BALEARS (ILLES);3. LIBERTAD SEXUAL;2021;557
BALEARS (ILLES);3. LIBERTAD SEXUAL;2020;398
BALEARS (ILLES);3. LIBERTAD SEXUAL;2019;513
BALEARS (ILLES);3. LIBERTAD SEXUAL;2018;409
BALEARS (ILLES);3. LIBERTAD SEXUAL;2017;348
BALEARS (ILLES);3. LIBERTAD SEXUAL;2016;296
BALEARS (ILLES);3. LIBERTAD SEXUAL;2015;285
BALEARS (ILLES);3. LIBERTAD SEXUAL;2014;254
BALEARS (ILLES);3. LIBERTAD SEXUAL;2013;275
BALEARS (ILLES);3. LIBERTAD SEXUAL;2012;253
BALEARS (ILLES);3. LIBERTAD SEXUAL;2011;251
BALEARS (ILLES);3. LIBERTAD SEXUAL;2010;264
BALEARS (ILLES);3.1.-Agresión sexual;2023;521
BALEARS (ILLES);3.1.-Agresión sexual;2022;413
BALEARS (ILLES);3.1.-Agresión sexual;2021;385
BALEARS (ILLES);3.1.-Agresión sexual;2020;241
BALEARS (ILLES);3.1.-Agresión sexual;2019;354
BALEARS (ILLES);3.1.-Agresión sexual;2018;266
BALEARS (ILLES);3.1.-Agresión sexual;2017;248
BALEARS (ILLES);3.1.-Agresión sexual;2016;173
BALEARS (ILLES);3.1.-Agresión sexual;2015;168
BALEARS (ILLES);3.1.-Agresión sexual;2014;150
BALEARS (ILLES);3.1.-Agresión sexual;2013;156
BALEARS (ILLES);3.1.-Agresión sexual;2012;150
BALEARS (ILLES);3.1.-Agresión sexual;2011;148
BALEARS (ILLES);3.1.-Agresión sexual;2010;149
BALEARS (ILLES);3.2.-Agresión sexual con penetración;2023;131
BALEARS (ILLES);3.2.-Agresión sexual con penetración;2022;114
BALEARS (ILLES);3.2.-Agresión sexual con penetración;2021;93
BALEARS (ILLES);3.2.-Agresión sexual con penetración;2020;75
BALEARS (ILLES);3.2.-Agresión sexual con penetración;2019;81
BALEARS (ILLES);3.2.-Agresión sexual con penetración;2018;75
BALEARS (ILLES);3.2.-Agresión sexual con penetración;2017;39
BALEARS (ILLES);3.2.-Agresión sexual con penetración;2016;49
BALEARS (ILLES);3.2.-Agresión sexual con penetración;2015;55
BALEARS (ILLES);3.2.-Agresión sexual con penetración;2014;49
BALEARS (ILLES);3.2.-Agresión sexual con penetración;2013;52
BALEARS (ILLES);3.2.-Agresión sexual con penetración;2012;46
BALEARS (ILLES);3.2.-Agresión sexual con penetración;2011;43
BALEARS (ILLES);3.2.-Agresión sexual con penetración;2010;37
BALEARS (ILLES);3.3.-Corrupción de menores o incapacitados;2023;16
BALEARS (ILLES);3.3.-Corrupción de menores o incapacitados;2022;11
BALEARS (ILLES);3.3.-Corrupción de menores o incapacitados;2021;15
BALEARS (ILLES);3.3.-Corrupción de menores o incapacitados;2020;19
BALEARS (ILLES);3.3.-Corrupción de menores o incapacitados;2019;13
BALEARS (ILLES);3.3.-Corrupción de menores o incapacitados;2018;12
BALEARS (ILLES);3.3.-Corrupción de menores o incapacitados;2017;6
BALEARS (ILLES);3.3.-Corrupción de menores o incapacitados;2016;24
BALEARS (ILLES);3.3.-Corrupción de menores o incapacitados;2015;12
BALEARS (ILLES);3.3.-Corrupción de menores o incapacitados;2014;11
BALEARS (ILLES);3.3.-Corrupción de menores o incapacitados;2013;16
BALEARS (ILLES);3.3.-Corrupción de menores o incapacitados;2012;10
BALEARS (ILLES);3.3.-Corrupción de menores o incapacitados;2011;3
BALEARS (ILLES);3.3.-Corrupción de menores o incapacitados;2010;6
BALEARS (ILLES);3.4.-Pornografía de menores;2023;22
BALEARS (ILLES);3.4.-Pornografía de menores;2022;9
BALEARS (ILLES);3.4.-Pornografía de menores;2021;11
BALEARS (ILLES);3.4.-Pornografía de menores;2020;6
BALEARS (ILLES);3.4.-Pornografía de menores;2019;8
BALEARS (ILLES);3.4.-Pornografía de menores;2018;9
BALEARS (ILLES);3.4.-Pornografía de menores;2017;8
BALEARS (ILLES);3.4.-Pornografía de menores;2016;5
BALEARS (ILLES);3.4.-Pornografía de menores;2015;3
BALEARS (ILLES);3.4.-Pornografía de menores;2014;11
BALEARS (ILLES);3.4.-Pornografía de menores;2013;14
BALEARS (ILLES);3.4.-Pornografía de menores;2012;4
BALEARS (ILLES);3.4.-Pornografía de menores;2011;5
BALEARS (ILLES);3.4.-Pornografía de menores;2010;7
BALEARS (ILLES);3.5.-Otros contra la libertad sexual;2023;84
BALEARS (ILLES);3.5.-Otros contra la libertad sexual;2022;75
BALEARS (ILLES);3.5.-Otros contra la libertad sexual;2021;53
BALEARS (ILLES);3.5.-Otros contra la libertad sexual;2020;57
BALEARS (ILLES);3.5.-Otros contra la libertad sexual;2019;57
BALEARS (ILLES);3.5.-Otros contra la libertad sexual;2018;47
BALEARS (ILLES);3.5.-Otros contra la libertad sexual;2017;47
BALEARS (ILLES);3.5.-Otros contra la libertad sexual;2016;45
BALEARS (ILLES);3.5.-Otros contra la libertad sexual;2015;47
BALEARS (ILLES);3.5.-Otros contra la libertad sexual;2014;33
BALEARS (ILLES);3.5.-Otros contra la libertad sexual;2013;37
BALEARS (ILLES);3.5.-Otros contra la libertad sexual;2012;43
BALEARS (ILLES);3.5.-Otros contra la libertad sexual;2011;52
BALEARS (ILLES);3.5.-Otros contra la libertad sexual;2010;65
BALEARS (ILLES);4. RELACIONES FAMILIARES;2023;219
BALEARS (ILLES);4. RELACIONES FAMILIARES;2022;240
BALEARS (ILLES);4. RELACIONES FAMILIARES;2021;232
BALEARS (ILLES);4. RELACIONES FAMILIARES;2020;166
BALEARS (ILLES);4. RELACIONES FAMILIARES;2019;161
BALEARS (ILLES);4. RELACIONES FAMILIARES;2018;151
BALEARS (ILLES);4. RELACIONES FAMILIARES;2017;155
BALEARS (ILLES);4. RELACIONES FAMILIARES;2016;176
BALEARS (ILLES);4. RELACIONES FAMILIARES;2015;196
BALEARS (ILLES);4. RELACIONES FAMILIARES;2014;221
BALEARS (ILLES);4. RELACIONES FAMILIARES;2013;240
BALEARS (ILLES);4. RELACIONES FAMILIARES;2012;226
BALEARS (ILLES);4. RELACIONES FAMILIARES;2011;180
BALEARS (ILLES);4. RELACIONES FAMILIARES;2010;147
BALEARS (ILLES);5. PATRIMONIO;2023;10.580
BALEARS (ILLES);5. PATRIMONIO;2022;9.725
BALEARS (ILLES);5. PATRIMONIO;2021;7.969
BALEARS (ILLES);5. PATRIMONIO;2020;7.620
BALEARS (ILLES);5. PATRIMONIO;2019;9.263
BALEARS (ILLES);5. PATRIMONIO;2018;8.712
BALEARS (ILLES);5. PATRIMONIO;2017;8.370
BALEARS (ILLES);5. PATRIMONIO;2016;8.527
BALEARS (ILLES);5. PATRIMONIO;2015;7.799
BALEARS (ILLES);5. PATRIMONIO;2014;9.165
BALEARS (ILLES);5. PATRIMONIO;2013;10.215
BALEARS (ILLES);5. PATRIMONIO;2012;8.678
BALEARS (ILLES);5. PATRIMONIO;2011;8.369
BALEARS (ILLES);5. PATRIMONIO;2010;8.372
BALEARS (ILLES);5.1.-Hurtos;2023;4.322
BALEARS (ILLES);5.1.-Hurtos;2022;3.979
BALEARS (ILLES);5.1.-Hurtos;2021;2.729
BALEARS (ILLES);5.1.-Hurtos;2020;2.328
BALEARS (ILLES);5.1.-Hurtos;2019;3.155
BALEARS (ILLES);5.1.-Hurtos;2018;3.292
BALEARS (ILLES);5.1.-Hurtos;2017;3.059
BALEARS (ILLES);5.1.-Hurtos;2016;3.468
BALEARS (ILLES);5.1.-Hurtos;2015;3.241
BALEARS (ILLES);5.1.-Hurtos;2014;3.540
BALEARS (ILLES);5.1.-Hurtos;2013;4.380
BALEARS (ILLES);5.1.-Hurtos;2012;3.351
BALEARS (ILLES);5.1.-Hurtos;2011;3.043
BALEARS (ILLES);5.1.-Hurtos;2010;3.021
BALEARS (ILLES);5.2.-Robos con fuerza en las cosas;2023;1.378
BALEARS (ILLES);5.2.-Robos con fuerza en las cosas;2022;1.363
BALEARS (ILLES);5.2.-Robos con fuerza en las cosas;2021;1.171
BALEARS (ILLES);5.2.-Robos con fuerza en las cosas;2020;1.072
BALEARS (ILLES);5.2.-Robos con fuerza en las cosas;2019;1.518
BALEARS (ILLES);5.2.-Robos con fuerza en las cosas;2018;1.577
BALEARS (ILLES);5.2.-Robos con fuerza en las cosas;2017;1.551
BALEARS (ILLES);5.2.-Robos con fuerza en las cosas;2016;1.633
BALEARS (ILLES);5.2.-Robos con fuerza en las cosas;2015;1.319
BALEARS (ILLES);5.2.-Robos con fuerza en las cosas;2014;2.042
BALEARS (ILLES);5.2.-Robos con fuerza en las cosas;2013;2.107
BALEARS (ILLES);5.2.-Robos con fuerza en las cosas;2012;1.770
BALEARS (ILLES);5.2.-Robos con fuerza en las cosas;2011;1.873
BALEARS (ILLES);5.2.-Robos con fuerza en las cosas;2010;1.811
BALEARS (ILLES);5.2.1.-Robos con fuerza en las cosas en el interior de vehículos;2023;355
BALEARS (ILLES);5.2.1.-Robos con fuerza en las cosas en el interior de vehículos;2022;433
BALEARS (ILLES);5.2.1.-Robos con fuerza en las cosas en el interior de vehículos;2021;247
BALEARS (ILLES);5.2.1.-Robos con fuerza en las cosas en el interior de vehículos;2020;275
BALEARS (ILLES);5.2.1.-Robos con fuerza en las cosas en el interior de vehículos;2019;419
BALEARS (ILLES);5.2.1.-Robos con fuerza en las cosas en el interior de vehículos;2018;266
BALEARS (ILLES);5.2.1.-Robos con fuerza en las cosas en el interior de vehículos;2017;314
BALEARS (ILLES);5.2.1.-Robos con fuerza en las cosas en el interior de vehículos;2016;333
BALEARS (ILLES);5.2.1.-Robos con fuerza en las cosas en el interior de vehículos;2015;265
BALEARS (ILLES);5.2.1.-Robos con fuerza en las cosas en el interior de vehículos;2014;437
BALEARS (ILLES);5.2.1.-Robos con fuerza en las cosas en el interior de vehículos;2013;403
BALEARS (ILLES);5.2.1.-Robos con fuerza en las cosas en el interior de vehículos;2012;307
BALEARS (ILLES);5.2.1.-Robos con fuerza en las cosas en el interior de vehículos;2011;424
BALEARS (ILLES);5.2.1.-Robos con fuerza en las cosas en el interior de vehículos;2010;295
BALEARS (ILLES);5.2.2.-Robos con fuerza en viviendas;2023;494
BALEARS (ILLES);5.2.2.-Robos con fuerza en viviendas;2022;457
BALEARS (ILLES);5.2.2.-Robos con fuerza en viviendas;2021;413
BALEARS (ILLES);5.2.2.-Robos con fuerza en viviendas;2020;391
BALEARS (ILLES);5.2.2.-Robos con fuerza en viviendas;2019;574
BALEARS (ILLES);5.2.2.-Robos con fuerza en viviendas;2018;649
BALEARS (ILLES);5.2.2.-Robos con fuerza en viviendas;2017;555
BALEARS (ILLES);5.2.2.-Robos con fuerza en viviendas;2016;664
BALEARS (ILLES);5.2.2.-Robos con fuerza en viviendas;2015;491
BALEARS (ILLES);5.2.2.-Robos con fuerza en viviendas;2014;883
BALEARS (ILLES);5.2.2.-Robos con fuerza en viviendas;2013;889
BALEARS (ILLES);5.2.2.-Robos con fuerza en viviendas;2012;767
BALEARS (ILLES);5.2.2.-Robos con fuerza en viviendas;2011;524
BALEARS (ILLES);5.2.2.-Robos con fuerza en viviendas;2010;593
BALEARS (ILLES);5.2.3.-Robos con fuerza en establecimientos;2023;294
BALEARS (ILLES);5.2.3.-Robos con fuerza en establecimientos;2022;280
BALEARS (ILLES);5.2.3.-Robos con fuerza en establecimientos;2021;306
BALEARS (ILLES);5.2.3.-Robos con fuerza en establecimientos;2020;224
BALEARS (ILLES);5.2.3.-Robos con fuerza en establecimientos;2019;292
BALEARS (ILLES);5.2.3.-Robos con fuerza en establecimientos;2018;358
BALEARS (ILLES);5.2.3.-Robos con fuerza en establecimientos;2017;338
BALEARS (ILLES);5.2.3.-Robos con fuerza en establecimientos;2016;345
BALEARS (ILLES);5.2.3.-Robos con fuerza en establecimientos;2015;312
BALEARS (ILLES);5.2.3.-Robos con fuerza en establecimientos;2014;339
BALEARS (ILLES);5.2.3.-Robos con fuerza en establecimientos;2013;383
BALEARS (ILLES);5.2.3.-Robos con fuerza en establecimientos;2012;341
BALEARS (ILLES);5.2.3.-Robos con fuerza en establecimientos;2011;382
BALEARS (ILLES);5.2.3.-Robos con fuerza en establecimientos;2010;391
BALEARS (ILLES);5.3.-Robos con violencia o intimidación;2023;595
BALEARS (ILLES);5.3.-Robos con violencia o intimidación;2022;477
BALEARS (ILLES);5.3.-Robos con violencia o intimidación;2021;374
BALEARS (ILLES);5.3.-Robos con violencia o intimidación;2020;349
BALEARS (ILLES);5.3.-Robos con violencia o intimidación;2019;414
BALEARS (ILLES);5.3.-Robos con violencia o intimidación;2018;419
BALEARS (ILLES);5.3.-Robos con violencia o intimidación;2017;435
BALEARS (ILLES);5.3.-Robos con violencia o intimidación;2016;356
BALEARS (ILLES);5.3.-Robos con violencia o intimidación;2015;295
BALEARS (ILLES);5.3.-Robos con violencia o intimidación;2014;351
BALEARS (ILLES);5.3.-Robos con violencia o intimidación;2013;494
BALEARS (ILLES);5.3.-Robos con violencia o intimidación;2012;434
BALEARS (ILLES);5.3.-Robos con violencia o intimidación;2011;478
BALEARS (ILLES);5.3.-Robos con violencia o intimidación;2010;481
BALEARS (ILLES);5.3.1.-Robos con violencia en vía pública;2023;330
BALEARS (ILLES);5.3.1.-Robos con violencia en vía pública;2022;266
BALEARS (ILLES);5.3.1.-Robos con violencia en vía pública;2021;205
BALEARS (ILLES);5.3.1.-Robos con violencia en vía pública;2020;178
BALEARS (ILLES);5.3.1.-Robos con violencia en vía pública;2019;222
BALEARS (ILLES);5.3.1.-Robos con violencia en vía pública;2018;218
BALEARS (ILLES);5.3.1.-Robos con violencia en vía pública;2017;250
BALEARS (ILLES);5.3.1.-Robos con violencia en vía pública;2016;192
BALEARS (ILLES);5.3.1.-Robos con violencia en vía pública;2015;167
BALEARS (ILLES);5.3.1.-Robos con violencia en vía pública;2014;205
BALEARS (ILLES);5.3.1.-Robos con violencia en vía pública;2013;295
BALEARS (ILLES);5.3.1.-Robos con violencia en vía pública;2012;262
BALEARS (ILLES);5.3.1.-Robos con violencia en vía pública;2011;270
BALEARS (ILLES);5.3.1.-Robos con violencia en vía pública;2010;287
BALEARS (ILLES);5.3.2.-Robos con violencia en viviendas;2023;47
BALEARS (ILLES);5.3.2.-Robos con violencia en viviendas;2022;49
BALEARS (ILLES);5.3.2.-Robos con violencia en viviendas;2021;53
BALEARS (ILLES);5.3.2.-Robos con violencia en viviendas;2020;41
BALEARS (ILLES);5.3.2.-Robos con violencia en viviendas;2019;48
BALEARS (ILLES);5.3.2.-Robos con violencia en viviendas;2018;53
BALEARS (ILLES);5.3.2.-Robos con violencia en viviendas;2017;35
BALEARS (ILLES);5.3.2.-Robos con violencia en viviendas;2016;37
BALEARS (ILLES);5.3.2.-Robos con violencia en viviendas;2015;28
BALEARS (ILLES);5.3.2.-Robos con violencia en viviendas;2014;43
BALEARS (ILLES);5.3.2.-Robos con violencia en viviendas;2013;53
BALEARS (ILLES);5.3.2.-Robos con violencia en viviendas;2012;39
BALEARS (ILLES);5.3.2.-Robos con violencia en viviendas;2011;42
BALEARS (ILLES);5.3.2.-Robos con violencia en viviendas;2010;36
BALEARS (ILLES);5.3.3.-Robos con violencia en establecimientos;2023;138
BALEARS (ILLES);5.3.3.-Robos con violencia en establecimientos;2022;103
BALEARS (ILLES);5.3.3.-Robos con violencia en establecimientos;2021;82
BALEARS (ILLES);5.3.3.-Robos con violencia en establecimientos;2020;87
BALEARS (ILLES);5.3.3.-Robos con violencia en establecimientos;2019;83
BALEARS (ILLES);5.3.3.-Robos con violencia en establecimientos;2018;101
BALEARS (ILLES);5.3.3.-Robos con violencia en establecimientos;2017;111
BALEARS (ILLES);5.3.3.-Robos con violencia en establecimientos;2016;81
BALEARS (ILLES);5.3.3.-Robos con violencia en establecimientos;2015;57
BALEARS (ILLES);5.3.3.-Robos con violencia en establecimientos;2014;64
BALEARS (ILLES);5.3.3.-Robos con violencia en establecimientos;2013;98
BALEARS (ILLES);5.3.3.-Robos con violencia en establecimientos;2012;88
BALEARS (ILLES);5.3.3.-Robos con violencia en establecimientos;2011;83
BALEARS (ILLES);5.3.3.-Robos con violencia en establecimientos;2010;113
BALEARS (ILLES);5.4.-Sustracción de vehículos;2023;485
BALEARS (ILLES);5.4.-Sustracción de vehículos;2022;362
BALEARS (ILLES);5.4.-Sustracción de vehículos;2021;291
BALEARS (ILLES);5.4.-Sustracción de vehículos;2020;277
BALEARS (ILLES);5.4.-Sustracción de vehículos;2019;406
BALEARS (ILLES);5.4.-Sustracción de vehículos;2018;483
BALEARS (ILLES);5.4.-Sustracción de vehículos;2017;509
BALEARS (ILLES);5.4.-Sustracción de vehículos;2016;498
BALEARS (ILLES);5.4.-Sustracción de vehículos;2015;424
BALEARS (ILLES);5.4.-Sustracción de vehículos;2014;343
BALEARS (ILLES);5.4.-Sustracción de vehículos;2013;405
BALEARS (ILLES);5.4.-Sustracción de vehículos;2012;354
BALEARS (ILLES);5.4.-Sustracción de vehículos;2011;343
BALEARS (ILLES);5.4.-Sustracción de vehículos;2010;459
BALEARS (ILLES);5.5.-Estafas;2023;1.774
BALEARS (ILLES);5.5.-Estafas;2022;1.671
BALEARS (ILLES);5.5.-Estafas;2021;1.535
BALEARS (ILLES);5.5.-Estafas;2020;1.944
BALEARS (ILLES);5.5.-Estafas;2019;1.746
BALEARS (ILLES);5.5.-Estafas;2018;1.104
BALEARS (ILLES);5.5.-Estafas;2017;1.014
BALEARS (ILLES);5.5.-Estafas;2016;914
BALEARS (ILLES);5.5.-Estafas;2015;820
BALEARS (ILLES);5.5.-Estafas;2014;886
BALEARS (ILLES);5.5.-Estafas;2013;924
BALEARS (ILLES);5.5.-Estafas;2012;975
BALEARS (ILLES);5.5.-Estafas;2011;880
BALEARS (ILLES);5.5.-Estafas;2010;817
BALEARS (ILLES);5.5.1.-Estafas informáticas;2023;918
BALEARS (ILLES);5.5.1.-Estafas informáticas;2022;740
BALEARS (ILLES);5.5.1.-Estafas informáticas;2021;750
BALEARS (ILLES);5.5.1.-Estafas informáticas;2020;968
BALEARS (ILLES);5.5.1.-Estafas informáticas;2019;521
BALEARS (ILLES);5.5.1.-Estafas informáticas;2018;308
BALEARS (ILLES);5.5.1.-Estafas informáticas;2017;241
BALEARS (ILLES);5.5.1.-Estafas informáticas;2016;196
BALEARS (ILLES);5.5.1.-Estafas informáticas;2015;214
BALEARS (ILLES);5.5.1.-Estafas informáticas;2014;180
BALEARS (ILLES);5.5.1.-Estafas informáticas;2013;211
BALEARS (ILLES);5.5.1.-Estafas informáticas;2012;194
BALEARS (ILLES);5.5.1.-Estafas informáticas;2011;135
BALEARS (ILLES);5.5.1.-Estafas informáticas;2010;119
BALEARS (ILLES);5.6.-Daños;2023;1.062
BALEARS (ILLES);5.6.-Daños;2022;962
BALEARS (ILLES);5.6.-Daños;2021;973
BALEARS (ILLES);5.6.-Daños;2020;849
BALEARS (ILLES);5.6.-Daños;2019;1.074
BALEARS (ILLES);5.6.-Daños;2018;941
BALEARS (ILLES);5.6.-Daños;2017;955
BALEARS (ILLES);5.6.-Daños;2016;881
BALEARS (ILLES);5.6.-Daños;2015;870
BALEARS (ILLES);5.6.-Daños;2014;1.008
BALEARS (ILLES);5.6.-Daños;2013;955
BALEARS (ILLES);5.6.-Daños;2012;1.063
BALEARS (ILLES);5.6.-Daños;2011;1.110
BALEARS (ILLES);5.6.-Daños;2010;1.085
BALEARS (ILLES);5.7.-Contra la propiedad intelectual/industrial;2023;69
BALEARS (ILLES);5.7.-Contra la propiedad intelectual/industrial;2022;50
BALEARS (ILLES);5.7.-Contra la propiedad intelectual/industrial;2021;61
BALEARS (ILLES);5.7.-Contra la propiedad intelectual/industrial;2020;21
BALEARS (ILLES);5.7.-Contra la propiedad intelectual/industrial;2019;92
BALEARS (ILLES);5.7.-Contra la propiedad intelectual/industrial;2018;67
BALEARS (ILLES);5.7.-Contra la propiedad intelectual/industrial;2017;64
BALEARS (ILLES);5.7.-Contra la propiedad intelectual/industrial;2016;76
BALEARS (ILLES);5.7.-Contra la propiedad intelectual/industrial;2015;79
BALEARS (ILLES);5.7.-Contra la propiedad intelectual/industrial;2014;131
BALEARS (ILLES);5.7.-Contra la propiedad intelectual/industrial;2013;104
BALEARS (ILLES);5.7.-Contra la propiedad intelectual/industrial;2012;77
BALEARS (ILLES);5.7.-Contra la propiedad intelectual/industrial;2011;72
BALEARS (ILLES);5.7.-Contra la propiedad intelectual/industrial;2010;87
BALEARS (ILLES);5.8.-Blanqueo de capitales;2023;6
BALEARS (ILLES);5.8.-Blanqueo de capitales;2022;9
BALEARS (ILLES);5.8.-Blanqueo de capitales;2021;2
BALEARS (ILLES);5.8.-Blanqueo de capitales;2020;7
BALEARS (ILLES);5.8.-Blanqueo de capitales;2019;6
BALEARS (ILLES);5.8.-Blanqueo de capitales;2018;6
BALEARS (ILLES);5.8.-Blanqueo de capitales;2017;4
BALEARS (ILLES);5.8.-Blanqueo de capitales;2016;4
BALEARS (ILLES);5.8.-Blanqueo de capitales;2015;8
BALEARS (ILLES);5.8.-Blanqueo de capitales;2014;5
BALEARS (ILLES);5.8.-Blanqueo de capitales;2013;4
BALEARS (ILLES);5.8.-Blanqueo de capitales;2012;4
BALEARS (ILLES);5.8.-Blanqueo de capitales;2011;9
BALEARS (ILLES);5.8.-Blanqueo de capitales;2010;10
BALEARS (ILLES);5.9.-Otros contra el patrimonio;2023;889
BALEARS (ILLES);5.9.-Otros contra el patrimonio;2022;852
BALEARS (ILLES);5.9.-Otros contra el patrimonio;2021;833
BALEARS (ILLES);5.9.-Otros contra el patrimonio;2020;773
BALEARS (ILLES);5.9.-Otros contra el patrimonio;2019;852
BALEARS (ILLES);5.9.-Otros contra el patrimonio;2018;823
BALEARS (ILLES);5.9.-Otros contra el patrimonio;2017;779
BALEARS (ILLES);5.9.-Otros contra el patrimonio;2016;697
BALEARS (ILLES);5.9.-Otros contra el patrimonio;2015;743
BALEARS (ILLES);5.9.-Otros contra el patrimonio;2014;859
BALEARS (ILLES);5.9.-Otros contra el patrimonio;2013;842
BALEARS (ILLES);5.9.-Otros contra el patrimonio;2012;650
BALEARS (ILLES);5.9.-Otros contra el patrimonio;2011;561
BALEARS (ILLES);5.9.-Otros contra el patrimonio;2010;601
BALEARS (ILLES);6. SEGURIDAD COLECTIVA;2023;2.718
BALEARS (ILLES);6. SEGURIDAD COLECTIVA;2022;2.313
BALEARS (ILLES);6. SEGURIDAD COLECTIVA;2021;1.873
BALEARS (ILLES);6. SEGURIDAD COLECTIVA;2020;2.003
BALEARS (ILLES);6. SEGURIDAD COLECTIVA;2019;2.760
BALEARS (ILLES);6. SEGURIDAD COLECTIVA;2018;2.576
BALEARS (ILLES);6. SEGURIDAD COLECTIVA;2017;2.479
BALEARS (ILLES);6. SEGURIDAD COLECTIVA;2016;2.238
BALEARS (ILLES);6. SEGURIDAD COLECTIVA;2015;2.456
BALEARS (ILLES);6. SEGURIDAD COLECTIVA;2014;2.742
BALEARS (ILLES);6. SEGURIDAD COLECTIVA;2013;3.028
BALEARS (ILLES);6. SEGURIDAD COLECTIVA;2012;2.886
BALEARS (ILLES);6. SEGURIDAD COLECTIVA;2011;2.435
BALEARS (ILLES);6. SEGURIDAD COLECTIVA;2010;2.031
BALEARS (ILLES);6.1.-Tráfico de drogas;2023;728
BALEARS (ILLES);6.1.-Tráfico de drogas;2022;588
BALEARS (ILLES);6.1.-Tráfico de drogas;2021;349
BALEARS (ILLES);6.1.-Tráfico de drogas;2020;379
BALEARS (ILLES);6.1.-Tráfico de drogas;2019;623
BALEARS (ILLES);6.1.-Tráfico de drogas;2018;487
BALEARS (ILLES);6.1.-Tráfico de drogas;2017;465
BALEARS (ILLES);6.1.-Tráfico de drogas;2016;469
BALEARS (ILLES);6.1.-Tráfico de drogas;2015;408
BALEARS (ILLES);6.1.-Tráfico de drogas;2014;539
BALEARS (ILLES);6.1.-Tráfico de drogas;2013;552
BALEARS (ILLES);6.1.-Tráfico de drogas;2012;427
BALEARS (ILLES);6.1.-Tráfico de drogas;2011;412
BALEARS (ILLES);6.1.-Tráfico de drogas;2010;307
BALEARS (ILLES);6.2.-Contra la seguridad vial;2023;1.836
BALEARS (ILLES);6.2.-Contra la seguridad vial;2022;1.622
BALEARS (ILLES);6.2.-Contra la seguridad vial;2021;1.475
BALEARS (ILLES);6.2.-Contra la seguridad vial;2020;1.586
BALEARS (ILLES);6.2.-Contra la seguridad vial;2019;2.008
BALEARS (ILLES);6.2.-Contra la seguridad vial;2018;1.942
BALEARS (ILLES);6.2.-Contra la seguridad vial;2017;1.948
BALEARS (ILLES);6.2.-Contra la seguridad vial;2016;1.720
BALEARS (ILLES);6.2.-Contra la seguridad vial;2015;1.980
BALEARS (ILLES);6.2.-Contra la seguridad vial;2014;2.117
BALEARS (ILLES);6.2.-Contra la seguridad vial;2013;2.408
BALEARS (ILLES);6.2.-Contra la seguridad vial;2012;2.382
BALEARS (ILLES);6.2.-Contra la seguridad vial;2011;1.951
BALEARS (ILLES);6.2.-Contra la seguridad vial;2010;1.626
BALEARS (ILLES);6.3.-Otros contra la seguridad colectiva;2023;154
BALEARS (ILLES);6.3.-Otros contra la seguridad colectiva;2022;103
BALEARS (ILLES);6.3.-Otros contra la seguridad colectiva;2021;49
BALEARS (ILLES);6.3.-Otros contra la seguridad colectiva;2020;38
BALEARS (ILLES);6.3.-Otros contra la seguridad colectiva;2019;129
BALEARS (ILLES);6.3.-Otros contra la seguridad colectiva;2018;147
BALEARS (ILLES);6.3.-Otros contra la seguridad colectiva;2017;66
BALEARS (ILLES);6.3.-Otros contra la seguridad colectiva;2016;49
BALEARS (ILLES);6.3.-Otros contra la seguridad colectiva;2015;68
BALEARS (ILLES);6.3.-Otros contra la seguridad colectiva;2014;86
BALEARS (ILLES);6.3.-Otros contra la seguridad colectiva;2013;68
BALEARS (ILLES);6.3.-Otros contra la seguridad colectiva;2012;77
BALEARS (ILLES);6.3.-Otros contra la seguridad colectiva;2011;72
BALEARS (ILLES);6.3.-Otros contra la seguridad colectiva;2010;98
BALEARS (ILLES);7. FALSEDADES;2023;359
BALEARS (ILLES);7. FALSEDADES;2022;388
BALEARS (ILLES);7. FALSEDADES;2021;406
BALEARS (ILLES);7. FALSEDADES;2020;285
BALEARS (ILLES);7. FALSEDADES;2019;472
BALEARS (ILLES);7. FALSEDADES;2018;423
BALEARS (ILLES);7. FALSEDADES;2017;280
BALEARS (ILLES);7. FALSEDADES;2016;309
BALEARS (ILLES);7. FALSEDADES;2015;242
BALEARS (ILLES);7. FALSEDADES;2014;219
BALEARS (ILLES);7. FALSEDADES;2013;248
BALEARS (ILLES);7. FALSEDADES;2012;247
BALEARS (ILLES);7. FALSEDADES;2011;293
BALEARS (ILLES);7. FALSEDADES;2010;255
BALEARS (ILLES);8. ADMÓN. PÚBLICA;2023;10
BALEARS (ILLES);8. ADMÓN. PÚBLICA;2022;12
BALEARS (ILLES);8. ADMÓN. PÚBLICA;2021;6
BALEARS (ILLES);8. ADMÓN. PÚBLICA;2020;10
BALEARS (ILLES);8. ADMÓN. PÚBLICA;2019;6
BALEARS (ILLES);8. ADMÓN. PÚBLICA;2018;4
BALEARS (ILLES);8. ADMÓN. PÚBLICA;2017;13
BALEARS (ILLES);8. ADMÓN. PÚBLICA;2016;22
BALEARS (ILLES);8. ADMÓN. PÚBLICA;2015;6
BALEARS (ILLES);8. ADMÓN. PÚBLICA;2014;13
BALEARS (ILLES);8. ADMÓN. PÚBLICA;2013;7
BALEARS (ILLES);8. ADMÓN. PÚBLICA;2012;12
BALEARS (ILLES);8. ADMÓN. PÚBLICA;2011;19
BALEARS (ILLES);8. ADMÓN. PÚBLICA;2010;18
BALEARS (ILLES);9. ADMÓN. JUSTICIA;2023;1.683
BALEARS (ILLES);9. ADMÓN. JUSTICIA;2022;1.461
BALEARS (ILLES);9. ADMÓN. JUSTICIA;2021;1.352
BALEARS (ILLES);9. ADMÓN. JUSTICIA;2020;1.179
BALEARS (ILLES);9. ADMÓN. JUSTICIA;2019;1.045
BALEARS (ILLES);9. ADMÓN. JUSTICIA;2018;939
BALEARS (ILLES);9. ADMÓN. JUSTICIA;2017;927
BALEARS (ILLES);9. ADMÓN. JUSTICIA;2016;948
BALEARS (ILLES);9. ADMÓN. JUSTICIA;2015;877
BALEARS (ILLES);9. ADMÓN. JUSTICIA;2014;815
BALEARS (ILLES);9. ADMÓN. JUSTICIA;2013;774
BALEARS (ILLES);9. ADMÓN. JUSTICIA;2012;757
BALEARS (ILLES);9. ADMÓN. JUSTICIA;2011;785
BALEARS (ILLES);9. ADMÓN. JUSTICIA;2010;863
BALEARS (ILLES);10. ORDEN PÚBLICO;2023;900
BALEARS (ILLES);10. ORDEN PÚBLICO;2022;875
BALEARS (ILLES);10. ORDEN PÚBLICO;2021;713
BALEARS (ILLES);10. ORDEN PÚBLICO;2020;1.048
BALEARS (ILLES);10. ORDEN PÚBLICO;2019;631
BALEARS (ILLES);10. ORDEN PÚBLICO;2018;595
BALEARS (ILLES);10. ORDEN PÚBLICO;2017;615
BALEARS (ILLES);10. ORDEN PÚBLICO;2016;631
BALEARS (ILLES);10. ORDEN PÚBLICO;2015;766
BALEARS (ILLES);10. ORDEN PÚBLICO;2014;918
BALEARS (ILLES);10. ORDEN PÚBLICO;2013;972
BALEARS (ILLES);10. ORDEN PÚBLICO;2012;964
BALEARS (ILLES);10. ORDEN PÚBLICO;2011;914
BALEARS (ILLES);10. ORDEN PÚBLICO;2010;819
BALEARS (ILLES);11. LEGISLACIÓN ESPECIAL;2023;1
BALEARS (ILLES);11. LEGISLACIÓN ESPECIAL;2022;1
BALEARS (ILLES);11. LEGISLACIÓN ESPECIAL;2021;0
BALEARS (ILLES);11. LEGISLACIÓN ESPECIAL;2020;1
BALEARS (ILLES);11. LEGISLACIÓN ESPECIAL;2019;0
BALEARS (ILLES);11. LEGISLACIÓN ESPECIAL;2018;2
BALEARS (ILLES);11. LEGISLACIÓN ESPECIAL;2017;0
BALEARS (ILLES);11. LEGISLACIÓN ESPECIAL;2016;3
BALEARS (ILLES);11. LEGISLACIÓN ESPECIAL;2015;1
BALEARS (ILLES);11. LEGISLACIÓN ESPECIAL;2014;3
BALEARS (ILLES);11. LEGISLACIÓN ESPECIAL;2013;1
BALEARS (ILLES);11. LEGISLACIÓN ESPECIAL;2012;0
BALEARS (ILLES);11. LEGISLACIÓN ESPECIAL;2011;0
BALEARS (ILLES);11. LEGISLACIÓN ESPECIAL;2010;1
BALEARS (ILLES);12. OTRAS INFRACCIONES PENALES;2023;244
BALEARS (ILLES);12. OTRAS INFRACCIONES PENALES;2022;231
BALEARS (ILLES);12. OTRAS INFRACCIONES PENALES;2021;185
BALEARS (ILLES);12. OTRAS INFRACCIONES PENALES;2020;187
BALEARS (ILLES);12. OTRAS INFRACCIONES PENALES;2019;182
BALEARS (ILLES);12. OTRAS INFRACCIONES PENALES;2018;199
BALEARS (ILLES);12. OTRAS INFRACCIONES PENALES;2017;160
BALEARS (ILLES);12. OTRAS INFRACCIONES PENALES;2016;218
BALEARS (ILLES);12. OTRAS INFRACCIONES PENALES;2015;162
BALEARS (ILLES);12. OTRAS INFRACCIONES PENALES;2014;149
BALEARS (ILLES);12. OTRAS INFRACCIONES PENALES;2013;146
BALEARS (ILLES);12. OTRAS INFRACCIONES PENALES;2012;106
BALEARS (ILLES);12. OTRAS INFRACCIONES PENALES;2011;127
BALEARS (ILLES);12. OTRAS INFRACCIONES PENALES;2010;141
BALEARS (ILLES);TOTAL INFRACCIONES PENALES;2023;31.005
BALEARS (ILLES);TOTAL INFRACCIONES PENALES;2022;28.091
BALEARS (ILLES);TOTAL INFRACCIONES PENALES;2021;23.993
BALEARS (ILLES);TOTAL INFRACCIONES PENALES;2020;22.440
BALEARS (ILLES);TOTAL INFRACCIONES PENALES;2019;25.236
BALEARS (ILLES);TOTAL INFRACCIONES PENALES;2018;23.549
BALEARS (ILLES);TOTAL INFRACCIONES PENALES;2017;22.592
BALEARS (ILLES);TOTAL INFRACCIONES PENALES;2016;22.086
BALEARS (ILLES);TOTAL INFRACCIONES PENALES;2015;21.301
BALEARS (ILLES);TOTAL INFRACCIONES PENALES;2014;23.217
BALEARS (ILLES);TOTAL INFRACCIONES PENALES;2013;24.473
BALEARS (ILLES);TOTAL INFRACCIONES PENALES;2012;22.535
BALEARS (ILLES);TOTAL INFRACCIONES PENALES;2011;22.236
BALEARS (ILLES);TOTAL INFRACCIONES PENALES;2010;21.454
CANARIAS;1. CONTRA LAS PERSONAS;2023;13.755
CANARIAS;1. CONTRA LAS PERSONAS;2022;12.580
CANARIAS;1. CONTRA LAS PERSONAS;2021;11.520
CANARIAS;1. CONTRA LAS PERSONAS;2020;10.812
CANARIAS;1. CONTRA LAS PERSONAS;2019;11.427
CANARIAS;1. CONTRA LAS PERSONAS;2018;10.951
CANARIAS;1. CONTRA LAS PERSONAS;2017;10.869
CANARIAS;1. CONTRA LAS PERSONAS;2016;10.178
CANARIAS;1. CONTRA LAS PERSONAS;2015;14.222
CANARIAS;1. CONTRA LAS PERSONAS;2014;17.743
CANARIAS;1. CONTRA LAS PERSONAS;2013;17.710
CANARIAS;1. CONTRA LAS PERSONAS;2012;18.162
CANARIAS;1. CONTRA LAS PERSONAS;2011;19.055
CANARIAS;1. CONTRA LAS PERSONAS;2010;19.164
CANARIAS;1.1.-Homicidios dolosos/asesinatos;2023;75
CANARIAS;1.1.-Homicidios dolosos/asesinatos;2022;55
CANARIAS;1.1.-Homicidios dolosos/asesinatos;2021;48
CANARIAS;1.1.-Homicidios dolosos/asesinatos;2020;50
CANARIAS;1.1.-Homicidios dolosos/asesinatos;2019;67
CANARIAS;1.1.-Homicidios dolosos/asesinatos;2018;63
CANARIAS;1.1.-Homicidios dolosos/asesinatos;2017;54
CANARIAS;1.1.-Homicidios dolosos/asesinatos;2016;63
CANARIAS;1.1.-Homicidios dolosos/asesinatos;2015;63
CANARIAS;1.1.-Homicidios dolosos/asesinatos;2014;52
CANARIAS;1.1.-Homicidios dolosos/asesinatos;2013;51
CANARIAS;1.1.-Homicidios dolosos/asesinatos;2012;52
CANARIAS;1.1.-Homicidios dolosos/asesinatos;2011;58
CANARIAS;1.1.-Homicidios dolosos/asesinatos;2010;61
CANARIAS;1.1.1.-Homicidios dolosos/asesinatos consumados;2023;19
CANARIAS;1.1.1.-Homicidios dolosos/asesinatos consumados;2022;13
CANARIAS;1.1.1.-Homicidios dolosos/asesinatos consumados;2021;12
CANARIAS;1.1.1.-Homicidios dolosos/asesinatos consumados;2020;11
CANARIAS;1.1.1.-Homicidios dolosos/asesinatos consumados;2019;22
CANARIAS;1.1.1.-Homicidios dolosos/asesinatos consumados;2018;23
CANARIAS;1.1.1.-Homicidios dolosos/asesinatos consumados;2017;21
CANARIAS;1.1.1.-Homicidios dolosos/asesinatos consumados;2016;19
CANARIAS;1.1.1.-Homicidios dolosos/asesinatos consumados;2015;20
CANARIAS;1.1.1.-Homicidios dolosos/asesinatos consumados;2014;10
CANARIAS;1.1.1.-Homicidios dolosos/asesinatos consumados;2013;16
CANARIAS;1.1.1.-Homicidios dolosos/asesinatos consumados;2012;12
CANARIAS;1.1.1.-Homicidios dolosos/asesinatos consumados;2011;16
CANARIAS;1.1.1.-Homicidios dolosos/asesinatos consumados;2010;18
CANARIAS;1.2.-Lesiones;2023;6.473
CANARIAS;1.2.-Lesiones;2022;6.023
CANARIAS;1.2.-Lesiones;2021;5.597
CANARIAS;1.2.-Lesiones;2020;5.137
CANARIAS;1.2.-Lesiones;2019;5.950
CANARIAS;1.2.-Lesiones;2018;5.799
CANARIAS;1.2.-Lesiones;2017;6.016
CANARIAS;1.2.-Lesiones;2016;5.513
CANARIAS;1.2.-Lesiones;2015;5.578
CANARIAS;1.2.-Lesiones;2014;5.276
CANARIAS;1.2.-Lesiones;2013;5.681
CANARIAS;1.2.-Lesiones;2012;5.927
CANARIAS;1.2.-Lesiones;2011;5.883
CANARIAS;1.2.-Lesiones;2010;6.612
CANARIAS;1.3.-Malos tratos ámbito familiar;2023;6.765
CANARIAS;1.3.-Malos tratos ámbito familiar;2022;6.103
CANARIAS;1.3.-Malos tratos ámbito familiar;2021;5.533
CANARIAS;1.3.-Malos tratos ámbito familiar;2020;5.346
CANARIAS;1.3.-Malos tratos ámbito familiar;2019;5.078
CANARIAS;1.3.-Malos tratos ámbito familiar;2018;4.796
CANARIAS;1.3.-Malos tratos ámbito familiar;2017;4.668
CANARIAS;1.3.-Malos tratos ámbito familiar;2016;4.507
CANARIAS;1.3.-Malos tratos ámbito familiar;2015;4.334
CANARIAS;1.3.-Malos tratos ámbito familiar;2014;3.893
CANARIAS;1.3.-Malos tratos ámbito familiar;2013;4.016
CANARIAS;1.3.-Malos tratos ámbito familiar;2012;3.935
CANARIAS;1.3.-Malos tratos ámbito familiar;2011;4.090
CANARIAS;1.3.-Malos tratos ámbito familiar;2010;3.490
CANARIAS;1.4.-Otros contra las personas;2023;442
CANARIAS;1.4.-Otros contra las personas;2022;399
CANARIAS;1.4.-Otros contra las personas;2021;342
CANARIAS;1.4.-Otros contra las personas;2020;279
CANARIAS;1.4.-Otros contra las personas;2019;332
CANARIAS;1.4.-Otros contra las personas;2018;293
CANARIAS;1.4.-Otros contra las personas;2017;131
CANARIAS;1.4.-Otros contra las personas;2016;95
CANARIAS;1.4.-Otros contra las personas;2015;4.247
CANARIAS;1.4.-Otros contra las personas;2014;8.522
CANARIAS;1.4.-Otros contra las personas;2013;7.962
CANARIAS;1.4.-Otros contra las personas;2012;8.248
CANARIAS;1.4.-Otros contra las personas;2011;9.024
CANARIAS;1.4.-Otros contra las personas;2010;9.001
CANARIAS;2. CONTRA LA LIBERTAD;2023;9.484
CANARIAS;2. CONTRA LA LIBERTAD;2022;8.568
CANARIAS;2. CONTRA LA LIBERTAD;2021;8.687
CANARIAS;2. CONTRA LA LIBERTAD;2020;8.669
CANARIAS;2. CONTRA LA LIBERTAD;2019;8.243
CANARIAS;2. CONTRA LA LIBERTAD;2018;7.909
CANARIAS;2. CONTRA LA LIBERTAD;2017;7.969
CANARIAS;2. CONTRA LA LIBERTAD;2016;7.444
CANARIAS;2. CONTRA LA LIBERTAD;2015;4.659
CANARIAS;2. CONTRA LA LIBERTAD;2014;1.885
CANARIAS;2. CONTRA LA LIBERTAD;2013;1.980
CANARIAS;2. CONTRA LA LIBERTAD;2012;1.868
CANARIAS;2. CONTRA LA LIBERTAD;2011;2.081
CANARIAS;2. CONTRA LA LIBERTAD;2010;1.994
CANARIAS;2.1.-Malos tratos habituales en el ámbito familiar;2023;1.082
CANARIAS;2.1.-Malos tratos habituales en el ámbito familiar;2022;846
CANARIAS;2.1.-Malos tratos habituales en el ámbito familiar;2021;912
CANARIAS;2.1.-Malos tratos habituales en el ámbito familiar;2020;863
CANARIAS;2.1.-Malos tratos habituales en el ámbito familiar;2019;858
CANARIAS;2.1.-Malos tratos habituales en el ámbito familiar;2018;725
CANARIAS;2.1.-Malos tratos habituales en el ámbito familiar;2017;759
CANARIAS;2.1.-Malos tratos habituales en el ámbito familiar;2016;700
CANARIAS;2.1.-Malos tratos habituales en el ámbito familiar;2015;679
CANARIAS;2.1.-Malos tratos habituales en el ámbito familiar;2014;679
CANARIAS;2.1.-Malos tratos habituales en el ámbito familiar;2013;707
CANARIAS;2.1.-Malos tratos habituales en el ámbito familiar;2012;699
CANARIAS;2.1.-Malos tratos habituales en el ámbito familiar;2011;815
CANARIAS;2.1.-Malos tratos habituales en el ámbito familiar;2010;947
CANARIAS;2.2.-Otros contra la libertad;2023;8.402
CANARIAS;2.2.-Otros contra la libertad;2022;7.722
CANARIAS;2.2.-Otros contra la libertad;2021;7.775
CANARIAS;2.2.-Otros contra la libertad;2020;7.806
CANARIAS;2.2.-Otros contra la libertad;2019;7.385
CANARIAS;2.2.-Otros contra la libertad;2018;7.184
CANARIAS;2.2.-Otros contra la libertad;2017;7.210
CANARIAS;2.2.-Otros contra la libertad;2016;6.744
CANARIAS;2.2.-Otros contra la libertad;2015;3.980
CANARIAS;2.2.-Otros contra la libertad;2014;1.206
CANARIAS;2.2.-Otros contra la libertad;2013;1.273
CANARIAS;2.2.-Otros contra la libertad;2012;1.169
CANARIAS;2.2.-Otros contra la libertad;2011;1.266
CANARIAS;2.2.-Otros contra la libertad;2010;1.047
CANARIAS;3. LIBERTAD SEXUAL;2023;977
CANARIAS;3. LIBERTAD SEXUAL;2022;933
CANARIAS;3. LIBERTAD SEXUAL;2021;815
CANARIAS;3. LIBERTAD SEXUAL;2020;740
CANARIAS;3. LIBERTAD SEXUAL;2019;756
CANARIAS;3. LIBERTAD SEXUAL;2018;668
CANARIAS;3. LIBERTAD SEXUAL;2017;526
CANARIAS;3. LIBERTAD SEXUAL;2016;440
CANARIAS;3. LIBERTAD SEXUAL;2015;421
CANARIAS;3. LIBERTAD SEXUAL;2014;371
CANARIAS;3. LIBERTAD SEXUAL;2013;384
CANARIAS;3. LIBERTAD SEXUAL;2012;425
CANARIAS;3. LIBERTAD SEXUAL;2011;430
CANARIAS;3. LIBERTAD SEXUAL;2010;494
CANARIAS;3.1.-Agresión sexual;2023;632
CANARIAS;3.1.-Agresión sexual;2022;628
CANARIAS;3.1.-Agresión sexual;2021;537
CANARIAS;3.1.-Agresión sexual;2020;445
CANARIAS;3.1.-Agresión sexual;2019;499
CANARIAS;3.1.-Agresión sexual;2018;408
CANARIAS;3.1.-Agresión sexual;2017;297
CANARIAS;3.1.-Agresión sexual;2016;265
CANARIAS;3.1.-Agresión sexual;2015;231
CANARIAS;3.1.-Agresión sexual;2014;237
CANARIAS;3.1.-Agresión sexual;2013;243
CANARIAS;3.1.-Agresión sexual;2012;266
CANARIAS;3.1.-Agresión sexual;2011;262
CANARIAS;3.1.-Agresión sexual;2010;245
CANARIAS;3.2.-Agresión sexual con penetración;2023;191
CANARIAS;3.2.-Agresión sexual con penetración;2022;190
CANARIAS;3.2.-Agresión sexual con penetración;2021;151
CANARIAS;3.2.-Agresión sexual con penetración;2020;161
CANARIAS;3.2.-Agresión sexual con penetración;2019;109
CANARIAS;3.2.-Agresión sexual con penetración;2018;141
CANARIAS;3.2.-Agresión sexual con penetración;2017;103
CANARIAS;3.2.-Agresión sexual con penetración;2016;61
CANARIAS;3.2.-Agresión sexual con penetración;2015;92
CANARIAS;3.2.-Agresión sexual con penetración;2014;57
CANARIAS;3.2.-Agresión sexual con penetración;2013;64
CANARIAS;3.2.-Agresión sexual con penetración;2012;60
CANARIAS;3.2.-Agresión sexual con penetración;2011;78
CANARIAS;3.2.-Agresión sexual con penetración;2010;144
CANARIAS;3.3.-Corrupción de menores o incapacitados;2023;24
CANARIAS;3.3.-Corrupción de menores o incapacitados;2022;13
CANARIAS;3.3.-Corrupción de menores o incapacitados;2021;11
CANARIAS;3.3.-Corrupción de menores o incapacitados;2020;28
CANARIAS;3.3.-Corrupción de menores o incapacitados;2019;22
CANARIAS;3.3.-Corrupción de menores o incapacitados;2018;7
CANARIAS;3.3.-Corrupción de menores o incapacitados;2017;26
CANARIAS;3.3.-Corrupción de menores o incapacitados;2016;18
CANARIAS;3.3.-Corrupción de menores o incapacitados;2015;21
CANARIAS;3.3.-Corrupción de menores o incapacitados;2014;8
CANARIAS;3.3.-Corrupción de menores o incapacitados;2013;10
CANARIAS;3.3.-Corrupción de menores o incapacitados;2012;22
CANARIAS;3.3.-Corrupción de menores o incapacitados;2011;15
CANARIAS;3.3.-Corrupción de menores o incapacitados;2010;22
CANARIAS;3.4.-Pornografía de menores;2023;41
CANARIAS;3.4.-Pornografía de menores;2022;22
CANARIAS;3.4.-Pornografía de menores;2021;44
CANARIAS;3.4.-Pornografía de menores;2020;39
CANARIAS;3.4.-Pornografía de menores;2019;55
CANARIAS;3.4.-Pornografía de menores;2018;46
CANARIAS;3.4.-Pornografía de menores;2017;34
CANARIAS;3.4.-Pornografía de menores;2016;25
CANARIAS;3.4.-Pornografía de menores;2015;22
CANARIAS;3.4.-Pornografía de menores;2014;27
CANARIAS;3.4.-Pornografía de menores;2013;18
CANARIAS;3.4.-Pornografía de menores;2012;26
CANARIAS;3.4.-Pornografía de menores;2011;12
CANARIAS;3.4.-Pornografía de menores;2010;19
CANARIAS;3.5.-Otros contra la libertad sexual;2023;89
CANARIAS;3.5.-Otros contra la libertad sexual;2022;80
CANARIAS;3.5.-Otros contra la libertad sexual;2021;72
CANARIAS;3.5.-Otros contra la libertad sexual;2020;67
CANARIAS;3.5.-Otros contra la libertad sexual;2019;71
CANARIAS;3.5.-Otros contra la libertad sexual;2018;66
CANARIAS;3.5.-Otros contra la libertad sexual;2017;66
CANARIAS;3.5.-Otros contra la libertad sexual;2016;71
CANARIAS;3.5.-Otros contra la libertad sexual;2015;55
CANARIAS;3.5.-Otros contra la libertad sexual;2014;42
CANARIAS;3.5.-Otros contra la libertad sexual;2013;49
CANARIAS;3.5.-Otros contra la libertad sexual;2012;51
CANARIAS;3.5.-Otros contra la libertad sexual;2011;63
CANARIAS;3.5.-Otros contra la libertad sexual;2010;64
CANARIAS;4. RELACIONES FAMILIARES;2023;551
CANARIAS;4. RELACIONES FAMILIARES;2022;597
CANARIAS;4. RELACIONES FAMILIARES;2021;625
CANARIAS;4. RELACIONES FAMILIARES;2020;631
CANARIAS;4. RELACIONES FAMILIARES;2019;627
CANARIAS;4. RELACIONES FAMILIARES;2018;738
CANARIAS;4. RELACIONES FAMILIARES;2017;828
CANARIAS;4. RELACIONES FAMILIARES;2016;823
CANARIAS;4. RELACIONES FAMILIARES;2015;986
CANARIAS;4. RELACIONES FAMILIARES;2014;1.130
CANARIAS;4. RELACIONES FAMILIARES;2013;1.105
CANARIAS;4. RELACIONES FAMILIARES;2012;999
CANARIAS;4. RELACIONES FAMILIARES;2011;896
CANARIAS;4. RELACIONES FAMILIARES;2010;817
CANARIAS;5. PATRIMONIO;2023;17.871
CANARIAS;5. PATRIMONIO;2022;16.244
CANARIAS;5. PATRIMONIO;2021;14.330
CANARIAS;5. PATRIMONIO;2020;13.719
CANARIAS;5. PATRIMONIO;2019;15.485
CANARIAS;5. PATRIMONIO;2018;14.622
CANARIAS;5. PATRIMONIO;2017;14.962
CANARIAS;5. PATRIMONIO;2016;14.401
CANARIAS;5. PATRIMONIO;2015;14.751
CANARIAS;5. PATRIMONIO;2014;14.976
CANARIAS;5. PATRIMONIO;2013;16.096
CANARIAS;5. PATRIMONIO;2012;15.158
CANARIAS;5. PATRIMONIO;2011;14.291
CANARIAS;5. PATRIMONIO;2010;13.619
CANARIAS;5.1.-Hurtos;2023;6.681
CANARIAS;5.1.-Hurtos;2022;5.899
CANARIAS;5.1.-Hurtos;2021;4.913
CANARIAS;5.1.-Hurtos;2020;4.081
CANARIAS;5.1.-Hurtos;2019;5.499
CANARIAS;5.1.-Hurtos;2018;5.486
CANARIAS;5.1.-Hurtos;2017;5.816
CANARIAS;5.1.-Hurtos;2016;5.908
CANARIAS;5.1.-Hurtos;2015;6.005
CANARIAS;5.1.-Hurtos;2014;6.294
CANARIAS;5.1.-Hurtos;2013;6.432
CANARIAS;5.1.-Hurtos;2012;5.965
CANARIAS;5.1.-Hurtos;2011;5.526
CANARIAS;5.1.-Hurtos;2010;4.773
CANARIAS;5.2.-Robos con fuerza en las cosas;2023;1.814
CANARIAS;5.2.-Robos con fuerza en las cosas;2022;1.883
CANARIAS;5.2.-Robos con fuerza en las cosas;2021;1.825
CANARIAS;5.2.-Robos con fuerza en las cosas;2020;1.744
CANARIAS;5.2.-Robos con fuerza en las cosas;2019;2.122
CANARIAS;5.2.-Robos con fuerza en las cosas;2018;2.226
CANARIAS;5.2.-Robos con fuerza en las cosas;2017;2.586
CANARIAS;5.2.-Robos con fuerza en las cosas;2016;2.521
CANARIAS;5.2.-Robos con fuerza en las cosas;2015;2.758
CANARIAS;5.2.-Robos con fuerza en las cosas;2014;2.778
CANARIAS;5.2.-Robos con fuerza en las cosas;2013;3.613
CANARIAS;5.2.-Robos con fuerza en las cosas;2012;3.027
CANARIAS;5.2.-Robos con fuerza en las cosas;2011;2.640
CANARIAS;5.2.-Robos con fuerza en las cosas;2010;2.877
CANARIAS;5.2.1.-Robos con fuerza en las cosas en el interior de vehículos;2023;402
CANARIAS;5.2.1.-Robos con fuerza en las cosas en el interior de vehículos;2022;447
CANARIAS;5.2.1.-Robos con fuerza en las cosas en el interior de vehículos;2021;413
CANARIAS;5.2.1.-Robos con fuerza en las cosas en el interior de vehículos;2020;437
CANARIAS;5.2.1.-Robos con fuerza en las cosas en el interior de vehículos;2019;522
CANARIAS;5.2.1.-Robos con fuerza en las cosas en el interior de vehículos;2018;456
CANARIAS;5.2.1.-Robos con fuerza en las cosas en el interior de vehículos;2017;619
CANARIAS;5.2.1.-Robos con fuerza en las cosas en el interior de vehículos;2016;548
CANARIAS;5.2.1.-Robos con fuerza en las cosas en el interior de vehículos;2015;710
CANARIAS;5.2.1.-Robos con fuerza en las cosas en el interior de vehículos;2014;664
CANARIAS;5.2.1.-Robos con fuerza en las cosas en el interior de vehículos;2013;802
CANARIAS;5.2.1.-Robos con fuerza en las cosas en el interior de vehículos;2012;670
CANARIAS;5.2.1.-Robos con fuerza en las cosas en el interior de vehículos;2011;554
CANARIAS;5.2.1.-Robos con fuerza en las cosas en el interior de vehículos;2010;409
CANARIAS;5.2.2.-Robos con fuerza en viviendas;2023;539
CANARIAS;5.2.2.-Robos con fuerza en viviendas;2022;608
CANARIAS;5.2.2.-Robos con fuerza en viviendas;2021;642
CANARIAS;5.2.2.-Robos con fuerza en viviendas;2020;600
CANARIAS;5.2.2.-Robos con fuerza en viviendas;2019;674
CANARIAS;5.2.2.-Robos con fuerza en viviendas;2018;791
CANARIAS;5.2.2.-Robos con fuerza en viviendas;2017;768
CANARIAS;5.2.2.-Robos con fuerza en viviendas;2016;875
CANARIAS;5.2.2.-Robos con fuerza en viviendas;2015;867
CANARIAS;5.2.2.-Robos con fuerza en viviendas;2014;965
CANARIAS;5.2.2.-Robos con fuerza en viviendas;2013;1.263
CANARIAS;5.2.2.-Robos con fuerza en viviendas;2012;987
CANARIAS;5.2.2.-Robos con fuerza en viviendas;2011;737
CANARIAS;5.2.2.-Robos con fuerza en viviendas;2010;935
CANARIAS;5.2.3.-Robos con fuerza en establecimientos;2023;450
CANARIAS;5.2.3.-Robos con fuerza en establecimientos;2022;406
CANARIAS;5.2.3.-Robos con fuerza en establecimientos;2021;376
CANARIAS;5.2.3.-Robos con fuerza en establecimientos;2020;354
CANARIAS;5.2.3.-Robos con fuerza en establecimientos;2019;439
CANARIAS;5.2.3.-Robos con fuerza en establecimientos;2018;498
CANARIAS;5.2.3.-Robos con fuerza en establecimientos;2017;598
CANARIAS;5.2.3.-Robos con fuerza en establecimientos;2016;542
CANARIAS;5.2.3.-Robos con fuerza en establecimientos;2015;510
CANARIAS;5.2.3.-Robos con fuerza en establecimientos;2014;526
CANARIAS;5.2.3.-Robos con fuerza en establecimientos;2013;553
CANARIAS;5.2.3.-Robos con fuerza en establecimientos;2012;486
CANARIAS;5.2.3.-Robos con fuerza en establecimientos;2011;398
CANARIAS;5.2.3.-Robos con fuerza en establecimientos;2010;559
CANARIAS;5.3.-Robos con violencia o intimidación;2023;973
CANARIAS;5.3.-Robos con violencia o intimidación;2022;824
CANARIAS;5.3.-Robos con violencia o intimidación;2021;733
CANARIAS;5.3.-Robos con violencia o intimidación;2020;708
CANARIAS;5.3.-Robos con violencia o intimidación;2019;783
CANARIAS;5.3.-Robos con violencia o intimidación;2018;735
CANARIAS;5.3.-Robos con violencia o intimidación;2017;634
CANARIAS;5.3.-Robos con violencia o intimidación;2016;709
CANARIAS;5.3.-Robos con violencia o intimidación;2015;756
CANARIAS;5.3.-Robos con violencia o intimidación;2014;791
CANARIAS;5.3.-Robos con violencia o intimidación;2013;878
CANARIAS;5.3.-Robos con violencia o intimidación;2012;903
CANARIAS;5.3.-Robos con violencia o intimidación;2011;853
CANARIAS;5.3.-Robos con violencia o intimidación;2010;836
CANARIAS;5.3.1.-Robos con violencia en vía pública;2023;515
CANARIAS;5.3.1.-Robos con violencia en vía pública;2022;415
CANARIAS;5.3.1.-Robos con violencia en vía pública;2021;363
CANARIAS;5.3.1.-Robos con violencia en vía pública;2020;329
CANARIAS;5.3.1.-Robos con violencia en vía pública;2019;409
CANARIAS;5.3.1.-Robos con violencia en vía pública;2018;371
CANARIAS;5.3.1.-Robos con violencia en vía pública;2017;334
CANARIAS;5.3.1.-Robos con violencia en vía pública;2016;373
CANARIAS;5.3.1.-Robos con violencia en vía pública;2015;422
CANARIAS;5.3.1.-Robos con violencia en vía pública;2014;482
CANARIAS;5.3.1.-Robos con violencia en vía pública;2013;532
CANARIAS;5.3.1.-Robos con violencia en vía pública;2012;540
CANARIAS;5.3.1.-Robos con violencia en vía pública;2011;456
CANARIAS;5.3.1.-Robos con violencia en vía pública;2010;530
CANARIAS;5.3.2.-Robos con violencia en viviendas;2023;105
CANARIAS;5.3.2.-Robos con violencia en viviendas;2022;84
CANARIAS;5.3.2.-Robos con violencia en viviendas;2021;88
CANARIAS;5.3.2.-Robos con violencia en viviendas;2020;109
CANARIAS;5.3.2.-Robos con violencia en viviendas;2019;89
CANARIAS;5.3.2.-Robos con violencia en viviendas;2018;71
CANARIAS;5.3.2.-Robos con violencia en viviendas;2017;70
CANARIAS;5.3.2.-Robos con violencia en viviendas;2016;88
CANARIAS;5.3.2.-Robos con violencia en viviendas;2015;71
CANARIAS;5.3.2.-Robos con violencia en viviendas;2014;54
CANARIAS;5.3.2.-Robos con violencia en viviendas;2013;91
CANARIAS;5.3.2.-Robos con violencia en viviendas;2012;85
CANARIAS;5.3.2.-Robos con violencia en viviendas;2011;66
CANARIAS;5.3.2.-Robos con violencia en viviendas;2010;72
CANARIAS;5.3.3.-Robos con violencia en establecimientos;2023;225
CANARIAS;5.3.3.-Robos con violencia en establecimientos;2022;214
CANARIAS;5.3.3.-Robos con violencia en establecimientos;2021;174
CANARIAS;5.3.3.-Robos con violencia en establecimientos;2020;178
CANARIAS;5.3.3.-Robos con violencia en establecimientos;2019;178
CANARIAS;5.3.3.-Robos con violencia en establecimientos;2018;190
CANARIAS;5.3.3.-Robos con violencia en establecimientos;2017;150
CANARIAS;5.3.3.-Robos con violencia en establecimientos;2016;158
CANARIAS;5.3.3.-Robos con violencia en establecimientos;2015;166
CANARIAS;5.3.3.-Robos con violencia en establecimientos;2014;161
CANARIAS;5.3.3.-Robos con violencia en establecimientos;2013;141
CANARIAS;5.3.3.-Robos con violencia en establecimientos;2012;155
CANARIAS;5.3.3.-Robos con violencia en establecimientos;2011;161
CANARIAS;5.3.3.-Robos con violencia en establecimientos;2010;159
CANARIAS;5.4.-Sustracción de vehículos;2023;688
CANARIAS;5.4.-Sustracción de vehículos;2022;467
CANARIAS;5.4.-Sustracción de vehículos;2021;382
CANARIAS;5.4.-Sustracción de vehículos;2020;466
CANARIAS;5.4.-Sustracción de vehículos;2019;516
CANARIAS;5.4.-Sustracción de vehículos;2018;461
CANARIAS;5.4.-Sustracción de vehículos;2017;609
CANARIAS;5.4.-Sustracción de vehículos;2016;456
CANARIAS;5.4.-Sustracción de vehículos;2015;481
CANARIAS;5.4.-Sustracción de vehículos;2014;512
CANARIAS;5.4.-Sustracción de vehículos;2013;537
CANARIAS;5.4.-Sustracción de vehículos;2012;556
CANARIAS;5.4.-Sustracción de vehículos;2011;697
CANARIAS;5.4.-Sustracción de vehículos;2010;634
CANARIAS;5.5.-Estafas;2023;4.006
CANARIAS;5.5.-Estafas;2022;3.489
CANARIAS;5.5.-Estafas;2021;3.127
CANARIAS;5.5.-Estafas;2020;3.306
CANARIAS;5.5.-Estafas;2019;2.896
CANARIAS;5.5.-Estafas;2018;2.283
CANARIAS;5.5.-Estafas;2017;1.975
CANARIAS;5.5.-Estafas;2016;1.694
CANARIAS;5.5.-Estafas;2015;1.634
CANARIAS;5.5.-Estafas;2014;1.537
CANARIAS;5.5.-Estafas;2013;1.491
CANARIAS;5.5.-Estafas;2012;1.614
CANARIAS;5.5.-Estafas;2011;1.407
CANARIAS;5.5.-Estafas;2010;1.354
CANARIAS;5.5.1.-Estafas informáticas;2023;2.432
CANARIAS;5.5.1.-Estafas informáticas;2022;1.922
CANARIAS;5.5.1.-Estafas informáticas;2021;1.641
CANARIAS;5.5.1.-Estafas informáticas;2020;1.474
CANARIAS;5.5.1.-Estafas informáticas;2019;985
CANARIAS;5.5.1.-Estafas informáticas;2018;646
CANARIAS;5.5.1.-Estafas informáticas;2017;535
CANARIAS;5.5.1.-Estafas informáticas;2016;386
CANARIAS;5.5.1.-Estafas informáticas;2015;334
CANARIAS;5.5.1.-Estafas informáticas;2014;297
CANARIAS;5.5.1.-Estafas informáticas;2013;282
CANARIAS;5.5.1.-Estafas informáticas;2012;271
CANARIAS;5.5.1.-Estafas informáticas;2011;222
CANARIAS;5.5.1.-Estafas informáticas;2010;226
CANARIAS;5.6.-Daños;2023;2.313
CANARIAS;5.6.-Daños;2022;2.390
CANARIAS;5.6.-Daños;2021;2.228
CANARIAS;5.6.-Daños;2020;2.058
CANARIAS;5.6.-Daños;2019;2.153
CANARIAS;5.6.-Daños;2018;1.924
CANARIAS;5.6.-Daños;2017;1.922
CANARIAS;5.6.-Daños;2016;1.827
CANARIAS;5.6.-Daños;2015;1.869
CANARIAS;5.6.-Daños;2014;1.924
CANARIAS;5.6.-Daños;2013;2.210
CANARIAS;5.6.-Daños;2012;2.210
CANARIAS;5.6.-Daños;2011;2.395
CANARIAS;5.6.-Daños;2010;2.460
CANARIAS;5.7.-Contra la propiedad intelectual/industrial;2023;84
CANARIAS;5.7.-Contra la propiedad intelectual/industrial;2022;84
CANARIAS;5.7.-Contra la propiedad intelectual/industrial;2021;45
CANARIAS;5.7.-Contra la propiedad intelectual/industrial;2020;31
CANARIAS;5.7.-Contra la propiedad intelectual/industrial;2019;152
CANARIAS;5.7.-Contra la propiedad intelectual/industrial;2018;109
CANARIAS;5.7.-Contra la propiedad intelectual/industrial;2017;68
CANARIAS;5.7.-Contra la propiedad intelectual/industrial;2016;80
CANARIAS;5.7.-Contra la propiedad intelectual/industrial;2015;81
CANARIAS;5.7.-Contra la propiedad intelectual/industrial;2014;58
CANARIAS;5.7.-Contra la propiedad intelectual/industrial;2013;78
CANARIAS;5.7.-Contra la propiedad intelectual/industrial;2012;68
CANARIAS;5.7.-Contra la propiedad intelectual/industrial;2011;39
CANARIAS;5.7.-Contra la propiedad intelectual/industrial;2010;60
CANARIAS;5.8.-Blanqueo de capitales;2023;13
CANARIAS;5.8.-Blanqueo de capitales;2022;9
CANARIAS;5.8.-Blanqueo de capitales;2021;18
CANARIAS;5.8.-Blanqueo de capitales;2020;8
CANARIAS;5.8.-Blanqueo de capitales;2019;12
CANARIAS;5.8.-Blanqueo de capitales;2018;12
CANARIAS;5.8.-Blanqueo de capitales;2017;15
CANARIAS;5.8.-Blanqueo de capitales;2016;12
CANARIAS;5.8.-Blanqueo de capitales;2015;21
CANARIAS;5.8.-Blanqueo de capitales;2014;3
CANARIAS;5.8.-Blanqueo de capitales;2013;11
CANARIAS;5.8.-Blanqueo de capitales;2012;10
CANARIAS;5.8.-Blanqueo de capitales;2011;3
CANARIAS;5.8.-Blanqueo de capitales;2010;1
CANARIAS;5.9.-Otros contra el patrimonio;2023;1.299
CANARIAS;5.9.-Otros contra el patrimonio;2022;1.199
CANARIAS;5.9.-Otros contra el patrimonio;2021;1.059
CANARIAS;5.9.-Otros contra el patrimonio;2020;1.317
CANARIAS;5.9.-Otros contra el patrimonio;2019;1.352
CANARIAS;5.9.-Otros contra el patrimonio;2018;1.386
CANARIAS;5.9.-Otros contra el patrimonio;2017;1.337
CANARIAS;5.9.-Otros contra el patrimonio;2016;1.194
CANARIAS;5.9.-Otros contra el patrimonio;2015;1.146
CANARIAS;5.9.-Otros contra el patrimonio;2014;1.079
CANARIAS;5.9.-Otros contra el patrimonio;2013;846
CANARIAS;5.9.-Otros contra el patrimonio;2012;805
CANARIAS;5.9.-Otros contra el patrimonio;2011;731
CANARIAS;5.9.-Otros contra el patrimonio;2010;624
CANARIAS;6. SEGURIDAD COLECTIVA;2023;3.557
CANARIAS;6. SEGURIDAD COLECTIVA;2022;3.401
CANARIAS;6. SEGURIDAD COLECTIVA;2021;2.964
CANARIAS;6. SEGURIDAD COLECTIVA;2020;2.812
CANARIAS;6. SEGURIDAD COLECTIVA;2019;3.285
CANARIAS;6. SEGURIDAD COLECTIVA;2018;3.140
CANARIAS;6. SEGURIDAD COLECTIVA;2017;3.153
CANARIAS;6. SEGURIDAD COLECTIVA;2016;2.906
CANARIAS;6. SEGURIDAD COLECTIVA;2015;3.006
CANARIAS;6. SEGURIDAD COLECTIVA;2014;3.545
CANARIAS;6. SEGURIDAD COLECTIVA;2013;4.132
CANARIAS;6. SEGURIDAD COLECTIVA;2012;4.020
CANARIAS;6. SEGURIDAD COLECTIVA;2011;4.412
CANARIAS;6. SEGURIDAD COLECTIVA;2010;4.153
CANARIAS;6.1.-Tráfico de drogas;2023;739
CANARIAS;6.1.-Tráfico de drogas;2022;669
CANARIAS;6.1.-Tráfico de drogas;2021;527
CANARIAS;6.1.-Tráfico de drogas;2020;543
CANARIAS;6.1.-Tráfico de drogas;2019;597
CANARIAS;6.1.-Tráfico de drogas;2018;615
CANARIAS;6.1.-Tráfico de drogas;2017;597
CANARIAS;6.1.-Tráfico de drogas;2016;601
CANARIAS;6.1.-Tráfico de drogas;2015;572
CANARIAS;6.1.-Tráfico de drogas;2014;549
CANARIAS;6.1.-Tráfico de drogas;2013;615
CANARIAS;6.1.-Tráfico de drogas;2012;609
CANARIAS;6.1.-Tráfico de drogas;2011;764
CANARIAS;6.1.-Tráfico de drogas;2010;799
CANARIAS;6.2.-Contra la seguridad vial;2023;2.695
CANARIAS;6.2.-Contra la seguridad vial;2022;2.645
CANARIAS;6.2.-Contra la seguridad vial;2021;2.390
CANARIAS;6.2.-Contra la seguridad vial;2020;2.221
CANARIAS;6.2.-Contra la seguridad vial;2019;2.649
CANARIAS;6.2.-Contra la seguridad vial;2018;2.465
CANARIAS;6.2.-Contra la seguridad vial;2017;2.493
CANARIAS;6.2.-Contra la seguridad vial;2016;2.254
CANARIAS;6.2.-Contra la seguridad vial;2015;2.387
CANARIAS;6.2.-Contra la seguridad vial;2014;2.933
CANARIAS;6.2.-Contra la seguridad vial;2013;3.447
CANARIAS;6.2.-Contra la seguridad vial;2012;3.337
CANARIAS;6.2.-Contra la seguridad vial;2011;3.583
CANARIAS;6.2.-Contra la seguridad vial;2010;3.269
CANARIAS;6.3.-Otros contra la seguridad colectiva;2023;123
CANARIAS;6.3.-Otros contra la seguridad colectiva;2022;87
CANARIAS;6.3.-Otros contra la seguridad colectiva;2021;47
CANARIAS;6.3.-Otros contra la seguridad colectiva;2020;48
CANARIAS;6.3.-Otros contra la seguridad colectiva;2019;39
CANARIAS;6.3.-Otros contra la seguridad colectiva;2018;60
CANARIAS;6.3.-Otros contra la seguridad colectiva;2017;63
CANARIAS;6.3.-Otros contra la seguridad colectiva;2016;51
CANARIAS;6.3.-Otros contra la seguridad colectiva;2015;47
CANARIAS;6.3.-Otros contra la seguridad colectiva;2014;63
CANARIAS;6.3.-Otros contra la seguridad colectiva;2013;70
CANARIAS;6.3.-Otros contra la seguridad colectiva;2012;74
CANARIAS;6.3.-Otros contra la seguridad colectiva;2011;65
CANARIAS;6.3.-Otros contra la seguridad colectiva;2010;85
CANARIAS;7. FALSEDADES;2023;515
CANARIAS;7. FALSEDADES;2022;552
CANARIAS;7. FALSEDADES;2021;618
CANARIAS;7. FALSEDADES;2020;600
CANARIAS;7. FALSEDADES;2019;703
CANARIAS;7. FALSEDADES;2018;527
CANARIAS;7. FALSEDADES;2017;679
CANARIAS;7. FALSEDADES;2016;468
CANARIAS;7. FALSEDADES;2015;493
CANARIAS;7. FALSEDADES;2014;385
CANARIAS;7. FALSEDADES;2013;358
CANARIAS;7. FALSEDADES;2012;372
CANARIAS;7. FALSEDADES;2011;437
CANARIAS;7. FALSEDADES;2010;326
CANARIAS;8. ADMÓN. PÚBLICA;2023;16
CANARIAS;8. ADMÓN. PÚBLICA;2022;19
CANARIAS;8. ADMÓN. PÚBLICA;2021;19
CANARIAS;8. ADMÓN. PÚBLICA;2020;16
CANARIAS;8. ADMÓN. PÚBLICA;2019;14
CANARIAS;8. ADMÓN. PÚBLICA;2018;9
CANARIAS;8. ADMÓN. PÚBLICA;2017;129
CANARIAS;8. ADMÓN. PÚBLICA;2016;24
CANARIAS;8. ADMÓN. PÚBLICA;2015;18
CANARIAS;8. ADMÓN. PÚBLICA;2014;11
CANARIAS;8. ADMÓN. PÚBLICA;2013;12
CANARIAS;8. ADMÓN. PÚBLICA;2012;18
CANARIAS;8. ADMÓN. PÚBLICA;2011;14
CANARIAS;8. ADMÓN. PÚBLICA;2010;18
CANARIAS;9. ADMÓN. JUSTICIA;2023;2.309
CANARIAS;9. ADMÓN. JUSTICIA;2022;1.976
CANARIAS;9. ADMÓN. JUSTICIA;2021;1.836
CANARIAS;9. ADMÓN. JUSTICIA;2020;1.735
CANARIAS;9. ADMÓN. JUSTICIA;2019;1.732
CANARIAS;9. ADMÓN. JUSTICIA;2018;1.492
CANARIAS;9. ADMÓN. JUSTICIA;2017;1.522
CANARIAS;9. ADMÓN. JUSTICIA;2016;1.301
CANARIAS;9. ADMÓN. JUSTICIA;2015;1.261
CANARIAS;9. ADMÓN. JUSTICIA;2014;1.324
CANARIAS;9. ADMÓN. JUSTICIA;2013;1.318
CANARIAS;9. ADMÓN. JUSTICIA;2012;1.319
CANARIAS;9. ADMÓN. JUSTICIA;2011;1.410
CANARIAS;9. ADMÓN. JUSTICIA;2010;1.311
CANARIAS;10. ORDEN PÚBLICO;2023;1.079
CANARIAS;10. ORDEN PÚBLICO;2022;913
CANARIAS;10. ORDEN PÚBLICO;2021;1.066
CANARIAS;10. ORDEN PÚBLICO;2020;1.385
CANARIAS;10. ORDEN PÚBLICO;2019;911
CANARIAS;10. ORDEN PÚBLICO;2018;850
CANARIAS;10. ORDEN PÚBLICO;2017;871
CANARIAS;10. ORDEN PÚBLICO;2016;844
CANARIAS;10. ORDEN PÚBLICO;2015;960
CANARIAS;10. ORDEN PÚBLICO;2014;1.259
CANARIAS;10. ORDEN PÚBLICO;2013;1.271
CANARIAS;10. ORDEN PÚBLICO;2012;1.466
CANARIAS;10. ORDEN PÚBLICO;2011;1.543
CANARIAS;10. ORDEN PÚBLICO;2010;1.636
CANARIAS;11. LEGISLACIÓN ESPECIAL;2023;3
CANARIAS;11. LEGISLACIÓN ESPECIAL;2022;1
CANARIAS;11. LEGISLACIÓN ESPECIAL;2021;2
CANARIAS;11. LEGISLACIÓN ESPECIAL;2020;1
CANARIAS;11. LEGISLACIÓN ESPECIAL;2019;12
CANARIAS;11. LEGISLACIÓN ESPECIAL;2018;0
CANARIAS;11. LEGISLACIÓN ESPECIAL;2017;1
CANARIAS;11. LEGISLACIÓN ESPECIAL;2016;3
CANARIAS;11. LEGISLACIÓN ESPECIAL;2015;1
CANARIAS;11. LEGISLACIÓN ESPECIAL;2014;3
CANARIAS;11. LEGISLACIÓN ESPECIAL;2013;5
CANARIAS;11. LEGISLACIÓN ESPECIAL;2012;5
CANARIAS;11. LEGISLACIÓN ESPECIAL;2011;17
CANARIAS;11. LEGISLACIÓN ESPECIAL;2010;5
CANARIAS;12. OTRAS INFRACCIONES PENALES;2023;555
CANARIAS;12. OTRAS INFRACCIONES PENALES;2022;535
CANARIAS;12. OTRAS INFRACCIONES PENALES;2021;428
CANARIAS;12. OTRAS INFRACCIONES PENALES;2020;379
CANARIAS;12. OTRAS INFRACCIONES PENALES;2019;330
CANARIAS;12. OTRAS INFRACCIONES PENALES;2018;289
CANARIAS;12. OTRAS INFRACCIONES PENALES;2017;269
CANARIAS;12. OTRAS INFRACCIONES PENALES;2016;296
CANARIAS;12. OTRAS INFRACCIONES PENALES;2015;276
CANARIAS;12. OTRAS INFRACCIONES PENALES;2014;158
CANARIAS;12. OTRAS INFRACCIONES PENALES;2013;134
CANARIAS;12. OTRAS INFRACCIONES PENALES;2012;144
CANARIAS;12. OTRAS INFRACCIONES PENALES;2011;155
CANARIAS;12. OTRAS INFRACCIONES PENALES;2010;141
CANARIAS;TOTAL INFRACCIONES PENALES;2023;50.672
CANARIAS;TOTAL INFRACCIONES PENALES;2022;46.319
CANARIAS;TOTAL INFRACCIONES PENALES;2021;42.910
CANARIAS;TOTAL INFRACCIONES PENALES;2020;41.499
CANARIAS;TOTAL INFRACCIONES PENALES;2019;43.525
CANARIAS;TOTAL INFRACCIONES PENALES;2018;41.195
CANARIAS;TOTAL INFRACCIONES PENALES;2017;41.778
CANARIAS;TOTAL INFRACCIONES PENALES;2016;39.128
CANARIAS;TOTAL INFRACCIONES PENALES;2015;41.054
CANARIAS;TOTAL INFRACCIONES PENALES;2014;42.790
CANARIAS;TOTAL INFRACCIONES PENALES;2013;44.505
CANARIAS;TOTAL INFRACCIONES PENALES;2012;43.956
CANARIAS;TOTAL INFRACCIONES PENALES;2011;44.741
CANARIAS;TOTAL INFRACCIONES PENALES;2010;43.678
CANTABRIA;1. CONTRA LAS PERSONAS;2023;2.602
CANTABRIA;1. CONTRA LAS PERSONAS;2022;2.188
CANTABRIA;1. CONTRA LAS PERSONAS;2021;1.881
CANTABRIA;1. CONTRA LAS PERSONAS;2020;1.589
CANTABRIA;1. CONTRA LAS PERSONAS;2019;1.829
CANTABRIA;1. CONTRA LAS PERSONAS;2018;1.953
CANTABRIA;1. CONTRA LAS PERSONAS;2017;1.779
CANTABRIA;1. CONTRA LAS PERSONAS;2016;1.811
CANTABRIA;1. CONTRA LAS PERSONAS;2015;2.424
CANTABRIA;1. CONTRA LAS PERSONAS;2014;3.062
CANTABRIA;1. CONTRA LAS PERSONAS;2013;2.980
CANTABRIA;1. CONTRA LAS PERSONAS;2012;2.987
CANTABRIA;1. CONTRA LAS PERSONAS;2011;3.357
CANTABRIA;1. CONTRA LAS PERSONAS;2010;3.222
CANTABRIA;1.1.-Homicidios dolosos/asesinatos;2023;10
CANTABRIA;1.1.-Homicidios dolosos/asesinatos;2022;12
CANTABRIA;1.1.-Homicidios dolosos/asesinatos;2021;14
CANTABRIA;1.1.-Homicidios dolosos/asesinatos;2020;4
CANTABRIA;1.1.-Homicidios dolosos/asesinatos;2019;15
CANTABRIA;1.1.-Homicidios dolosos/asesinatos;2018;4
CANTABRIA;1.1.-Homicidios dolosos/asesinatos;2017;6
CANTABRIA;1.1.-Homicidios dolosos/asesinatos;2016;8
CANTABRIA;1.1.-Homicidios dolosos/asesinatos;2015;9
CANTABRIA;1.1.-Homicidios dolosos/asesinatos;2014;4
CANTABRIA;1.1.-Homicidios dolosos/asesinatos;2013;5
CANTABRIA;1.1.-Homicidios dolosos/asesinatos;2012;5
CANTABRIA;1.1.-Homicidios dolosos/asesinatos;2011;3
CANTABRIA;1.1.-Homicidios dolosos/asesinatos;2010;6
CANTABRIA;1.1.1.-Homicidios dolosos/asesinatos consumados;2023;0
CANTABRIA;1.1.1.-Homicidios dolosos/asesinatos consumados;2022;1
CANTABRIA;1.1.1.-Homicidios dolosos/asesinatos consumados;2021;4
CANTABRIA;1.1.1.-Homicidios dolosos/asesinatos consumados;2020;1
CANTABRIA;1.1.1.-Homicidios dolosos/asesinatos consumados;2019;6
CANTABRIA;1.1.1.-Homicidios dolosos/asesinatos consumados;2018;1
CANTABRIA;1.1.1.-Homicidios dolosos/asesinatos consumados;2017;2
CANTABRIA;1.1.1.-Homicidios dolosos/asesinatos consumados;2016;0
CANTABRIA;1.1.1.-Homicidios dolosos/asesinatos consumados;2015;4
CANTABRIA;1.1.1.-Homicidios dolosos/asesinatos consumados;2014;2
CANTABRIA;1.1.1.-Homicidios dolosos/asesinatos consumados;2013;4
CANTABRIA;1.1.1.-Homicidios dolosos/asesinatos consumados;2012;1
CANTABRIA;1.1.1.-Homicidios dolosos/asesinatos consumados;2011;2
CANTABRIA;1.1.1.-Homicidios dolosos/asesinatos consumados;2010;1
CANTABRIA;1.2.-Lesiones;2023;1.449
CANTABRIA;1.2.-Lesiones;2022;1.231
CANTABRIA;1.2.-Lesiones;2021;1.072
CANTABRIA;1.2.-Lesiones;2020;899
CANTABRIA;1.2.-Lesiones;2019;1.107
CANTABRIA;1.2.-Lesiones;2018;1.279
CANTABRIA;1.2.-Lesiones;2017;1.159
CANTABRIA;1.2.-Lesiones;2016;1.186
CANTABRIA;1.2.-Lesiones;2015;1.195
CANTABRIA;1.2.-Lesiones;2014;1.163
CANTABRIA;1.2.-Lesiones;2013;1.283
CANTABRIA;1.2.-Lesiones;2012;1.260
CANTABRIA;1.2.-Lesiones;2011;1.408
CANTABRIA;1.2.-Lesiones;2010;1.331
CANTABRIA;1.3.-Malos tratos ámbito familiar;2023;1.040
CANTABRIA;1.3.-Malos tratos ámbito familiar;2022;864
CANTABRIA;1.3.-Malos tratos ámbito familiar;2021;702
CANTABRIA;1.3.-Malos tratos ámbito familiar;2020;601
CANTABRIA;1.3.-Malos tratos ámbito familiar;2019;618
CANTABRIA;1.3.-Malos tratos ámbito familiar;2018;598
CANTABRIA;1.3.-Malos tratos ámbito familiar;2017;562
CANTABRIA;1.3.-Malos tratos ámbito familiar;2016;577
CANTABRIA;1.3.-Malos tratos ámbito familiar;2015;587
CANTABRIA;1.3.-Malos tratos ámbito familiar;2014;544
CANTABRIA;1.3.-Malos tratos ámbito familiar;2013;546
CANTABRIA;1.3.-Malos tratos ámbito familiar;2012;531
CANTABRIA;1.3.-Malos tratos ámbito familiar;2011;565
CANTABRIA;1.3.-Malos tratos ámbito familiar;2010;557
CANTABRIA;1.4.-Otros contra las personas;2023;103
CANTABRIA;1.4.-Otros contra las personas;2022;81
CANTABRIA;1.4.-Otros contra las personas;2021;93
CANTABRIA;1.4.-Otros contra las personas;2020;85
CANTABRIA;1.4.-Otros contra las personas;2019;89
CANTABRIA;1.4.-Otros contra las personas;2018;72
CANTABRIA;1.4.-Otros contra las personas;2017;52
CANTABRIA;1.4.-Otros contra las personas;2016;40
CANTABRIA;1.4.-Otros contra las personas;2015;633
CANTABRIA;1.4.-Otros contra las personas;2014;1.351
CANTABRIA;1.4.-Otros contra las personas;2013;1.146
CANTABRIA;1.4.-Otros contra las personas;2012;1.191
CANTABRIA;1.4.-Otros contra las personas;2011;1.381
CANTABRIA;1.4.-Otros contra las personas;2010;1.328
CANTABRIA;2. CONTRA LA LIBERTAD;2023;1.581
CANTABRIA;2. CONTRA LA LIBERTAD;2022;1.383
CANTABRIA;2. CONTRA LA LIBERTAD;2021;1.385
CANTABRIA;2. CONTRA LA LIBERTAD;2020;1.144
CANTABRIA;2. CONTRA LA LIBERTAD;2019;1.196
CANTABRIA;2. CONTRA LA LIBERTAD;2018;1.198
CANTABRIA;2. CONTRA LA LIBERTAD;2017;1.156
CANTABRIA;2. CONTRA LA LIBERTAD;2016;1.084
CANTABRIA;2. CONTRA LA LIBERTAD;2015;743
CANTABRIA;2. CONTRA LA LIBERTAD;2014;332
CANTABRIA;2. CONTRA LA LIBERTAD;2013;327
CANTABRIA;2. CONTRA LA LIBERTAD;2012;338
CANTABRIA;2. CONTRA LA LIBERTAD;2011;342
CANTABRIA;2. CONTRA LA LIBERTAD;2010;337
CANTABRIA;2.1.-Malos tratos habituales en el ámbito familiar;2023;188
CANTABRIA;2.1.-Malos tratos habituales en el ámbito familiar;2022;168
CANTABRIA;2.1.-Malos tratos habituales en el ámbito familiar;2021;148
CANTABRIA;2.1.-Malos tratos habituales en el ámbito familiar;2020;126
CANTABRIA;2.1.-Malos tratos habituales en el ámbito familiar;2019;133
CANTABRIA;2.1.-Malos tratos habituales en el ámbito familiar;2018;121
CANTABRIA;2.1.-Malos tratos habituales en el ámbito familiar;2017;124
CANTABRIA;2.1.-Malos tratos habituales en el ámbito familiar;2016;144
CANTABRIA;2.1.-Malos tratos habituales en el ámbito familiar;2015;126
CANTABRIA;2.1.-Malos tratos habituales en el ámbito familiar;2014;134
CANTABRIA;2.1.-Malos tratos habituales en el ámbito familiar;2013;141
CANTABRIA;2.1.-Malos tratos habituales en el ámbito familiar;2012;145
CANTABRIA;2.1.-Malos tratos habituales en el ámbito familiar;2011;158
CANTABRIA;2.1.-Malos tratos habituales en el ámbito familiar;2010;188
CANTABRIA;2.2.-Otros contra la libertad;2023;1.393
CANTABRIA;2.2.-Otros contra la libertad;2022;1.215
CANTABRIA;2.2.-Otros contra la libertad;2021;1.237
CANTABRIA;2.2.-Otros contra la libertad;2020;1.018
CANTABRIA;2.2.-Otros contra la libertad;2019;1.063
CANTABRIA;2.2.-Otros contra la libertad;2018;1.077
CANTABRIA;2.2.-Otros contra la libertad;2017;1.032
CANTABRIA;2.2.-Otros contra la libertad;2016;940
CANTABRIA;2.2.-Otros contra la libertad;2015;617
CANTABRIA;2.2.-Otros contra la libertad;2014;198
CANTABRIA;2.2.-Otros contra la libertad;2013;186
CANTABRIA;2.2.-Otros contra la libertad;2012;193
CANTABRIA;2.2.-Otros contra la libertad;2011;184
CANTABRIA;2.2.-Otros contra la libertad;2010;149
CANTABRIA;3. LIBERTAD SEXUAL;2023;155
CANTABRIA;3. LIBERTAD SEXUAL;2022;147
CANTABRIA;3. LIBERTAD SEXUAL;2021;121
CANTABRIA;3. LIBERTAD SEXUAL;2020;74
CANTABRIA;3. LIBERTAD SEXUAL;2019;90
CANTABRIA;3. LIBERTAD SEXUAL;2018;86
CANTABRIA;3. LIBERTAD SEXUAL;2017;78
CANTABRIA;3. LIBERTAD SEXUAL;2016;58
CANTABRIA;3. LIBERTAD SEXUAL;2015;51
CANTABRIA;3. LIBERTAD SEXUAL;2014;61
CANTABRIA;3. LIBERTAD SEXUAL;2013;51
CANTABRIA;3. LIBERTAD SEXUAL;2012;38
CANTABRIA;3. LIBERTAD SEXUAL;2011;63
CANTABRIA;3. LIBERTAD SEXUAL;2010;81
CANTABRIA;3.1.-Agresión sexual;2023;94
CANTABRIA;3.1.-Agresión sexual;2022;82
CANTABRIA;3.1.-Agresión sexual;2021;75
CANTABRIA;3.1.-Agresión sexual;2020;45
CANTABRIA;3.1.-Agresión sexual;2019;55
CANTABRIA;3.1.-Agresión sexual;2018;53
CANTABRIA;3.1.-Agresión sexual;2017;48
CANTABRIA;3.1.-Agresión sexual;2016;29
CANTABRIA;3.1.-Agresión sexual;2015;26
CANTABRIA;3.1.-Agresión sexual;2014;42
CANTABRIA;3.1.-Agresión sexual;2013;34
CANTABRIA;3.1.-Agresión sexual;2012;23
CANTABRIA;3.1.-Agresión sexual;2011;37
CANTABRIA;3.1.-Agresión sexual;2010;33
CANTABRIA;3.2.-Agresión sexual con penetración;2023;35
CANTABRIA;3.2.-Agresión sexual con penetración;2022;40
CANTABRIA;3.2.-Agresión sexual con penetración;2021;28
CANTABRIA;3.2.-Agresión sexual con penetración;2020;14
CANTABRIA;3.2.-Agresión sexual con penetración;2019;15
CANTABRIA;3.2.-Agresión sexual con penetración;2018;13
CANTABRIA;3.2.-Agresión sexual con penetración;2017;16
CANTABRIA;3.2.-Agresión sexual con penetración;2016;10
CANTABRIA;3.2.-Agresión sexual con penetración;2015;11
CANTABRIA;3.2.-Agresión sexual con penetración;2014;7
CANTABRIA;3.2.-Agresión sexual con penetración;2013;7
CANTABRIA;3.2.-Agresión sexual con penetración;2012;7
CANTABRIA;3.2.-Agresión sexual con penetración;2011;14
CANTABRIA;3.2.-Agresión sexual con penetración;2010;21
CANTABRIA;3.3.-Corrupción de menores o incapacitados;2023;4
CANTABRIA;3.3.-Corrupción de menores o incapacitados;2022;3
CANTABRIA;3.3.-Corrupción de menores o incapacitados;2021;1
CANTABRIA;3.3.-Corrupción de menores o incapacitados;2020;0
CANTABRIA;3.3.-Corrupción de menores o incapacitados;2019;0
CANTABRIA;3.3.-Corrupción de menores o incapacitados;2018;1
CANTABRIA;3.3.-Corrupción de menores o incapacitados;2017;1
CANTABRIA;3.3.-Corrupción de menores o incapacitados;2016;0
CANTABRIA;3.3.-Corrupción de menores o incapacitados;2015;1
CANTABRIA;3.3.-Corrupción de menores o incapacitados;2014;1
CANTABRIA;3.3.-Corrupción de menores o incapacitados;2013;0
CANTABRIA;3.3.-Corrupción de menores o incapacitados;2012;2
CANTABRIA;3.3.-Corrupción de menores o incapacitados;2011;0
CANTABRIA;3.3.-Corrupción de menores o incapacitados;2010;2
CANTABRIA;3.4.-Pornografía de menores;2023;7
CANTABRIA;3.4.-Pornografía de menores;2022;7
CANTABRIA;3.4.-Pornografía de menores;2021;5
CANTABRIA;3.4.-Pornografía de menores;2020;4
CANTABRIA;3.4.-Pornografía de menores;2019;7
CANTABRIA;3.4.-Pornografía de menores;2018;8
CANTABRIA;3.4.-Pornografía de menores;2017;4
CANTABRIA;3.4.-Pornografía de menores;2016;7
CANTABRIA;3.4.-Pornografía de menores;2015;8
CANTABRIA;3.4.-Pornografía de menores;2014;5
CANTABRIA;3.4.-Pornografía de menores;2013;3
CANTABRIA;3.4.-Pornografía de menores;2012;3
CANTABRIA;3.4.-Pornografía de menores;2011;4
CANTABRIA;3.4.-Pornografía de menores;2010;9
CANTABRIA;3.5.-Otros contra la libertad sexual;2023;15
CANTABRIA;3.5.-Otros contra la libertad sexual;2022;15
CANTABRIA;3.5.-Otros contra la libertad sexual;2021;12
CANTABRIA;3.5.-Otros contra la libertad sexual;2020;11
CANTABRIA;3.5.-Otros contra la libertad sexual;2019;13
CANTABRIA;3.5.-Otros contra la libertad sexual;2018;11
CANTABRIA;3.5.-Otros contra la libertad sexual;2017;9
CANTABRIA;3.5.-Otros contra la libertad sexual;2016;12
CANTABRIA;3.5.-Otros contra la libertad sexual;2015;5
CANTABRIA;3.5.-Otros contra la libertad sexual;2014;6
CANTABRIA;3.5.-Otros contra la libertad sexual;2013;7
CANTABRIA;3.5.-Otros contra la libertad sexual;2012;3
CANTABRIA;3.5.-Otros contra la libertad sexual;2011;8
CANTABRIA;3.5.-Otros contra la libertad sexual;2010;16
CANTABRIA;4. RELACIONES FAMILIARES;2023;53
CANTABRIA;4. RELACIONES FAMILIARES;2022;51
CANTABRIA;4. RELACIONES FAMILIARES;2021;38
CANTABRIA;4. RELACIONES FAMILIARES;2020;38
CANTABRIA;4. RELACIONES FAMILIARES;2019;43
CANTABRIA;4. RELACIONES FAMILIARES;2018;42
CANTABRIA;4. RELACIONES FAMILIARES;2017;50
CANTABRIA;4. RELACIONES FAMILIARES;2016;34
CANTABRIA;4. RELACIONES FAMILIARES;2015;51
CANTABRIA;4. RELACIONES FAMILIARES;2014;65
CANTABRIA;4. RELACIONES FAMILIARES;2013;54
CANTABRIA;4. RELACIONES FAMILIARES;2012;38
CANTABRIA;4. RELACIONES FAMILIARES;2011;44
CANTABRIA;4. RELACIONES FAMILIARES;2010;57
CANTABRIA;5. PATRIMONIO;2023;4.105
CANTABRIA;5. PATRIMONIO;2022;3.714
CANTABRIA;5. PATRIMONIO;2021;3.310
CANTABRIA;5. PATRIMONIO;2020;2.779
CANTABRIA;5. PATRIMONIO;2019;3.160
CANTABRIA;5. PATRIMONIO;2018;2.938
CANTABRIA;5. PATRIMONIO;2017;3.014
CANTABRIA;5. PATRIMONIO;2016;2.994
CANTABRIA;5. PATRIMONIO;2015;2.943
CANTABRIA;5. PATRIMONIO;2014;3.144
CANTABRIA;5. PATRIMONIO;2013;3.459
CANTABRIA;5. PATRIMONIO;2012;3.149
CANTABRIA;5. PATRIMONIO;2011;2.960
CANTABRIA;5. PATRIMONIO;2010;3.029
CANTABRIA;5.1.-Hurtos;2023;1.554
CANTABRIA;5.1.-Hurtos;2022;1.438
CANTABRIA;5.1.-Hurtos;2021;1.190
CANTABRIA;5.1.-Hurtos;2020;1.012
CANTABRIA;5.1.-Hurtos;2019;1.239
CANTABRIA;5.1.-Hurtos;2018;1.191
CANTABRIA;5.1.-Hurtos;2017;1.224
CANTABRIA;5.1.-Hurtos;2016;1.221
CANTABRIA;5.1.-Hurtos;2015;1.238
CANTABRIA;5.1.-Hurtos;2014;1.382
CANTABRIA;5.1.-Hurtos;2013;1.565
CANTABRIA;5.1.-Hurtos;2012;1.373
CANTABRIA;5.1.-Hurtos;2011;1.212
CANTABRIA;5.1.-Hurtos;2010;1.173
CANTABRIA;5.2.-Robos con fuerza en las cosas;2023;497
CANTABRIA;5.2.-Robos con fuerza en las cosas;2022;391
CANTABRIA;5.2.-Robos con fuerza en las cosas;2021;423
CANTABRIA;5.2.-Robos con fuerza en las cosas;2020;443
CANTABRIA;5.2.-Robos con fuerza en las cosas;2019;510
CANTABRIA;5.2.-Robos con fuerza en las cosas;2018;461
CANTABRIA;5.2.-Robos con fuerza en las cosas;2017;536
CANTABRIA;5.2.-Robos con fuerza en las cosas;2016;579
CANTABRIA;5.2.-Robos con fuerza en las cosas;2015;513
CANTABRIA;5.2.-Robos con fuerza en las cosas;2014;622
CANTABRIA;5.2.-Robos con fuerza en las cosas;2013;651
CANTABRIA;5.2.-Robos con fuerza en las cosas;2012;546
CANTABRIA;5.2.-Robos con fuerza en las cosas;2011;529
CANTABRIA;5.2.-Robos con fuerza en las cosas;2010;580
CANTABRIA;5.2.1.-Robos con fuerza en las cosas en el interior de vehículos;2023;68
CANTABRIA;5.2.1.-Robos con fuerza en las cosas en el interior de vehículos;2022;92
CANTABRIA;5.2.1.-Robos con fuerza en las cosas en el interior de vehículos;2021;83
CANTABRIA;5.2.1.-Robos con fuerza en las cosas en el interior de vehículos;2020;93
CANTABRIA;5.2.1.-Robos con fuerza en las cosas en el interior de vehículos;2019;50
CANTABRIA;5.2.1.-Robos con fuerza en las cosas en el interior de vehículos;2018;54
CANTABRIA;5.2.1.-Robos con fuerza en las cosas en el interior de vehículos;2017;52
CANTABRIA;5.2.1.-Robos con fuerza en las cosas en el interior de vehículos;2016;56
CANTABRIA;5.2.1.-Robos con fuerza en las cosas en el interior de vehículos;2015;75
CANTABRIA;5.2.1.-Robos con fuerza en las cosas en el interior de vehículos;2014;76
CANTABRIA;5.2.1.-Robos con fuerza en las cosas en el interior de vehículos;2013;89
CANTABRIA;5.2.1.-Robos con fuerza en las cosas en el interior de vehículos;2012;81
CANTABRIA;5.2.1.-Robos con fuerza en las cosas en el interior de vehículos;2011;96
CANTABRIA;5.2.1.-Robos con fuerza en las cosas en el interior de vehículos;2010;56
CANTABRIA;5.2.2.-Robos con fuerza en viviendas;2023;138
CANTABRIA;5.2.2.-Robos con fuerza en viviendas;2022;105
CANTABRIA;5.2.2.-Robos con fuerza en viviendas;2021;101
CANTABRIA;5.2.2.-Robos con fuerza en viviendas;2020;134
CANTABRIA;5.2.2.-Robos con fuerza en viviendas;2019;161
CANTABRIA;5.2.2.-Robos con fuerza en viviendas;2018;178
CANTABRIA;5.2.2.-Robos con fuerza en viviendas;2017;187
CANTABRIA;5.2.2.-Robos con fuerza en viviendas;2016;252
CANTABRIA;5.2.2.-Robos con fuerza en viviendas;2015;154
CANTABRIA;5.2.2.-Robos con fuerza en viviendas;2014;236
CANTABRIA;5.2.2.-Robos con fuerza en viviendas;2013;228
CANTABRIA;5.2.2.-Robos con fuerza en viviendas;2012;187
CANTABRIA;5.2.2.-Robos con fuerza en viviendas;2011;110
CANTABRIA;5.2.2.-Robos con fuerza en viviendas;2010;147
CANTABRIA;5.2.3.-Robos con fuerza en establecimientos;2023;147
CANTABRIA;5.2.3.-Robos con fuerza en establecimientos;2022;121
CANTABRIA;5.2.3.-Robos con fuerza en establecimientos;2021;151
CANTABRIA;5.2.3.-Robos con fuerza en establecimientos;2020;135
CANTABRIA;5.2.3.-Robos con fuerza en establecimientos;2019;191
CANTABRIA;5.2.3.-Robos con fuerza en establecimientos;2018;134
CANTABRIA;5.2.3.-Robos con fuerza en establecimientos;2017;196
CANTABRIA;5.2.3.-Robos con fuerza en establecimientos;2016;181
CANTABRIA;5.2.3.-Robos con fuerza en establecimientos;2015;186
CANTABRIA;5.2.3.-Robos con fuerza en establecimientos;2014;142
CANTABRIA;5.2.3.-Robos con fuerza en establecimientos;2013;165
CANTABRIA;5.2.3.-Robos con fuerza en establecimientos;2012;151
CANTABRIA;5.2.3.-Robos con fuerza en establecimientos;2011;159
CANTABRIA;5.2.3.-Robos con fuerza en establecimientos;2010;192
CANTABRIA;5.3.-Robos con violencia o intimidación;2023;124
CANTABRIA;5.3.-Robos con violencia o intimidación;2022;121
CANTABRIA;5.3.-Robos con violencia o intimidación;2021;110
CANTABRIA;5.3.-Robos con violencia o intimidación;2020;119
CANTABRIA;5.3.-Robos con violencia o intimidación;2019;99
CANTABRIA;5.3.-Robos con violencia o intimidación;2018;73
CANTABRIA;5.3.-Robos con violencia o intimidación;2017;80
CANTABRIA;5.3.-Robos con violencia o intimidación;2016;75
CANTABRIA;5.3.-Robos con violencia o intimidación;2015;93
CANTABRIA;5.3.-Robos con violencia o intimidación;2014;128
CANTABRIA;5.3.-Robos con violencia o intimidación;2013;167
CANTABRIA;5.3.-Robos con violencia o intimidación;2012;174
CANTABRIA;5.3.-Robos con violencia o intimidación;2011;146
CANTABRIA;5.3.-Robos con violencia o intimidación;2010;179
CANTABRIA;5.3.1.-Robos con violencia en vía pública;2023;49
CANTABRIA;5.3.1.-Robos con violencia en vía pública;2022;44
CANTABRIA;5.3.1.-Robos con violencia en vía pública;2021;53
CANTABRIA;5.3.1.-Robos con violencia en vía pública;2020;47
CANTABRIA;5.3.1.-Robos con violencia en vía pública;2019;37
CANTABRIA;5.3.1.-Robos con violencia en vía pública;2018;28
CANTABRIA;5.3.1.-Robos con violencia en vía pública;2017;36
CANTABRIA;5.3.1.-Robos con violencia en vía pública;2016;32
CANTABRIA;5.3.1.-Robos con violencia en vía pública;2015;42
CANTABRIA;5.3.1.-Robos con violencia en vía pública;2014;66
CANTABRIA;5.3.1.-Robos con violencia en vía pública;2013;72
CANTABRIA;5.3.1.-Robos con violencia en vía pública;2012;93
CANTABRIA;5.3.1.-Robos con violencia en vía pública;2011;87
CANTABRIA;5.3.1.-Robos con violencia en vía pública;2010;125
CANTABRIA;5.3.2.-Robos con violencia en viviendas;2023;12
CANTABRIA;5.3.2.-Robos con violencia en viviendas;2022;13
CANTABRIA;5.3.2.-Robos con violencia en viviendas;2021;22
CANTABRIA;5.3.2.-Robos con violencia en viviendas;2020;12
CANTABRIA;5.3.2.-Robos con violencia en viviendas;2019;13
CANTABRIA;5.3.2.-Robos con violencia en viviendas;2018;6
CANTABRIA;5.3.2.-Robos con violencia en viviendas;2017;10
CANTABRIA;5.3.2.-Robos con violencia en viviendas;2016;6
CANTABRIA;5.3.2.-Robos con violencia en viviendas;2015;5
CANTABRIA;5.3.2.-Robos con violencia en viviendas;2014;13
CANTABRIA;5.3.2.-Robos con violencia en viviendas;2013;18
CANTABRIA;5.3.2.-Robos con violencia en viviendas;2012;14
CANTABRIA;5.3.2.-Robos con violencia en viviendas;2011;11
CANTABRIA;5.3.2.-Robos con violencia en viviendas;2010;15
CANTABRIA;5.3.3.-Robos con violencia en establecimientos;2023;51
CANTABRIA;5.3.3.-Robos con violencia en establecimientos;2022;51
CANTABRIA;5.3.3.-Robos con violencia en establecimientos;2021;22
CANTABRIA;5.3.3.-Robos con violencia en establecimientos;2020;35
CANTABRIA;5.3.3.-Robos con violencia en establecimientos;2019;35
CANTABRIA;5.3.3.-Robos con violencia en establecimientos;2018;23
CANTABRIA;5.3.3.-Robos con violencia en establecimientos;2017;22
CANTABRIA;5.3.3.-Robos con violencia en establecimientos;2016;32
CANTABRIA;5.3.3.-Robos con violencia en establecimientos;2015;31
CANTABRIA;5.3.3.-Robos con violencia en establecimientos;2014;39
CANTABRIA;5.3.3.-Robos con violencia en establecimientos;2013;53
CANTABRIA;5.3.3.-Robos con violencia en establecimientos;2012;46
CANTABRIA;5.3.3.-Robos con violencia en establecimientos;2011;32
CANTABRIA;5.3.3.-Robos con violencia en establecimientos;2010;29
CANTABRIA;5.4.-Sustracción de vehículos;2023;48
CANTABRIA;5.4.-Sustracción de vehículos;2022;37
CANTABRIA;5.4.-Sustracción de vehículos;2021;63
CANTABRIA;5.4.-Sustracción de vehículos;2020;46
CANTABRIA;5.4.-Sustracción de vehículos;2019;53
CANTABRIA;5.4.-Sustracción de vehículos;2018;53
CANTABRIA;5.4.-Sustracción de vehículos;2017;72
CANTABRIA;5.4.-Sustracción de vehículos;2016;72
CANTABRIA;5.4.-Sustracción de vehículos;2015;70
CANTABRIA;5.4.-Sustracción de vehículos;2014;68
CANTABRIA;5.4.-Sustracción de vehículos;2013;78
CANTABRIA;5.4.-Sustracción de vehículos;2012;91
CANTABRIA;5.4.-Sustracción de vehículos;2011;84
CANTABRIA;5.4.-Sustracción de vehículos;2010;84
CANTABRIA;5.5.-Estafas;2023;1.057
CANTABRIA;5.5.-Estafas;2022;959
CANTABRIA;5.5.-Estafas;2021;758
CANTABRIA;5.5.-Estafas;2020;536
CANTABRIA;5.5.-Estafas;2019;536
CANTABRIA;5.5.-Estafas;2018;425
CANTABRIA;5.5.-Estafas;2017;443
CANTABRIA;5.5.-Estafas;2016;436
CANTABRIA;5.5.-Estafas;2015;385
CANTABRIA;5.5.-Estafas;2014;377
CANTABRIA;5.5.-Estafas;2013;382
CANTABRIA;5.5.-Estafas;2012;339
CANTABRIA;5.5.-Estafas;2011;348
CANTABRIA;5.5.-Estafas;2010;297
CANTABRIA;5.5.1.-Estafas informáticas;2023;686
CANTABRIA;5.5.1.-Estafas informáticas;2022;540
CANTABRIA;5.5.1.-Estafas informáticas;2021;475
CANTABRIA;5.5.1.-Estafas informáticas;2020;312
CANTABRIA;5.5.1.-Estafas informáticas;2019;230
CANTABRIA;5.5.1.-Estafas informáticas;2018;178
CANTABRIA;5.5.1.-Estafas informáticas;2017;191
CANTABRIA;5.5.1.-Estafas informáticas;2016;177
CANTABRIA;5.5.1.-Estafas informáticas;2015;153
CANTABRIA;5.5.1.-Estafas informáticas;2014;141
CANTABRIA;5.5.1.-Estafas informáticas;2013;110
CANTABRIA;5.5.1.-Estafas informáticas;2012;96
CANTABRIA;5.5.1.-Estafas informáticas;2011;75
CANTABRIA;5.5.1.-Estafas informáticas;2010;69
CANTABRIA;5.6.-Daños;2023;525
CANTABRIA;5.6.-Daños;2022;504
CANTABRIA;5.6.-Daños;2021;495
CANTABRIA;5.6.-Daños;2020;416
CANTABRIA;5.6.-Daños;2019;438
CANTABRIA;5.6.-Daños;2018;425
CANTABRIA;5.6.-Daños;2017;444
CANTABRIA;5.6.-Daños;2016;442
CANTABRIA;5.6.-Daños;2015;406
CANTABRIA;5.6.-Daños;2014;366
CANTABRIA;5.6.-Daños;2013;407
CANTABRIA;5.6.-Daños;2012;429
CANTABRIA;5.6.-Daños;2011;493
CANTABRIA;5.6.-Daños;2010;544
CANTABRIA;5.7.-Contra la propiedad intelectual/industrial;2023;17
CANTABRIA;5.7.-Contra la propiedad intelectual/industrial;2022;22
CANTABRIA;5.7.-Contra la propiedad intelectual/industrial;2021;22
CANTABRIA;5.7.-Contra la propiedad intelectual/industrial;2020;11
CANTABRIA;5.7.-Contra la propiedad intelectual/industrial;2019;10
CANTABRIA;5.7.-Contra la propiedad intelectual/industrial;2018;17
CANTABRIA;5.7.-Contra la propiedad intelectual/industrial;2017;4
CANTABRIA;5.7.-Contra la propiedad intelectual/industrial;2016;11
CANTABRIA;5.7.-Contra la propiedad intelectual/industrial;2015;10
CANTABRIA;5.7.-Contra la propiedad intelectual/industrial;2014;23
CANTABRIA;5.7.-Contra la propiedad intelectual/industrial;2013;26
CANTABRIA;5.7.-Contra la propiedad intelectual/industrial;2012;23
CANTABRIA;5.7.-Contra la propiedad intelectual/industrial;2011;15
CANTABRIA;5.7.-Contra la propiedad intelectual/industrial;2010;30
CANTABRIA;5.8.-Blanqueo de capitales;2023;6
CANTABRIA;5.8.-Blanqueo de capitales;2022;2
CANTABRIA;5.8.-Blanqueo de capitales;2021;2
CANTABRIA;5.8.-Blanqueo de capitales;2020;0
CANTABRIA;5.8.-Blanqueo de capitales;2019;0
CANTABRIA;5.8.-Blanqueo de capitales;2018;2
CANTABRIA;5.8.-Blanqueo de capitales;2017;2
CANTABRIA;5.8.-Blanqueo de capitales;2016;1
CANTABRIA;5.8.-Blanqueo de capitales;2015;3
CANTABRIA;5.8.-Blanqueo de capitales;2014;0
CANTABRIA;5.8.-Blanqueo de capitales;2013;0
CANTABRIA;5.8.-Blanqueo de capitales;2012;2
CANTABRIA;5.8.-Blanqueo de capitales;2011;3
CANTABRIA;5.8.-Blanqueo de capitales;2010;14
CANTABRIA;5.9.-Otros contra el patrimonio;2023;277
CANTABRIA;5.9.-Otros contra el patrimonio;2022;240
CANTABRIA;5.9.-Otros contra el patrimonio;2021;247
CANTABRIA;5.9.-Otros contra el patrimonio;2020;196
CANTABRIA;5.9.-Otros contra el patrimonio;2019;275
CANTABRIA;5.9.-Otros contra el patrimonio;2018;291
CANTABRIA;5.9.-Otros contra el patrimonio;2017;209
CANTABRIA;5.9.-Otros contra el patrimonio;2016;157
CANTABRIA;5.9.-Otros contra el patrimonio;2015;225
CANTABRIA;5.9.-Otros contra el patrimonio;2014;178
CANTABRIA;5.9.-Otros contra el patrimonio;2013;183
CANTABRIA;5.9.-Otros contra el patrimonio;2012;172
CANTABRIA;5.9.-Otros contra el patrimonio;2011;130
CANTABRIA;5.9.-Otros contra el patrimonio;2010;128
CANTABRIA;6. SEGURIDAD COLECTIVA;2023;841
CANTABRIA;6. SEGURIDAD COLECTIVA;2022;870
CANTABRIA;6. SEGURIDAD COLECTIVA;2021;754
CANTABRIA;6. SEGURIDAD COLECTIVA;2020;663
CANTABRIA;6. SEGURIDAD COLECTIVA;2019;707
CANTABRIA;6. SEGURIDAD COLECTIVA;2018;742
CANTABRIA;6. SEGURIDAD COLECTIVA;2017;682
CANTABRIA;6. SEGURIDAD COLECTIVA;2016;722
CANTABRIA;6. SEGURIDAD COLECTIVA;2015;744
CANTABRIA;6. SEGURIDAD COLECTIVA;2014;861
CANTABRIA;6. SEGURIDAD COLECTIVA;2013;878
CANTABRIA;6. SEGURIDAD COLECTIVA;2012;999
CANTABRIA;6. SEGURIDAD COLECTIVA;2011;1.096
CANTABRIA;6. SEGURIDAD COLECTIVA;2010;773
CANTABRIA;6.1.-Tráfico de drogas;2023;114
CANTABRIA;6.1.-Tráfico de drogas;2022;81
CANTABRIA;6.1.-Tráfico de drogas;2021;91
CANTABRIA;6.1.-Tráfico de drogas;2020;93
CANTABRIA;6.1.-Tráfico de drogas;2019;85
CANTABRIA;6.1.-Tráfico de drogas;2018;88
CANTABRIA;6.1.-Tráfico de drogas;2017;61
CANTABRIA;6.1.-Tráfico de drogas;2016;90
CANTABRIA;6.1.-Tráfico de drogas;2015;106
CANTABRIA;6.1.-Tráfico de drogas;2014;105
CANTABRIA;6.1.-Tráfico de drogas;2013;92
CANTABRIA;6.1.-Tráfico de drogas;2012;98
CANTABRIA;6.1.-Tráfico de drogas;2011;99
CANTABRIA;6.1.-Tráfico de drogas;2010;101
CANTABRIA;6.2.-Contra la seguridad vial;2023;698
CANTABRIA;6.2.-Contra la seguridad vial;2022;755
CANTABRIA;6.2.-Contra la seguridad vial;2021;646
CANTABRIA;6.2.-Contra la seguridad vial;2020;556
CANTABRIA;6.2.-Contra la seguridad vial;2019;614
CANTABRIA;6.2.-Contra la seguridad vial;2018;638
CANTABRIA;6.2.-Contra la seguridad vial;2017;594
CANTABRIA;6.2.-Contra la seguridad vial;2016;613
CANTABRIA;6.2.-Contra la seguridad vial;2015;627
CANTABRIA;6.2.-Contra la seguridad vial;2014;730
CANTABRIA;6.2.-Contra la seguridad vial;2013;774
CANTABRIA;6.2.-Contra la seguridad vial;2012;889
CANTABRIA;6.2.-Contra la seguridad vial;2011;985
CANTABRIA;6.2.-Contra la seguridad vial;2010;640
CANTABRIA;6.3.-Otros contra la seguridad colectiva;2023;29
CANTABRIA;6.3.-Otros contra la seguridad colectiva;2022;34
CANTABRIA;6.3.-Otros contra la seguridad colectiva;2021;17
CANTABRIA;6.3.-Otros contra la seguridad colectiva;2020;14
CANTABRIA;6.3.-Otros contra la seguridad colectiva;2019;8
CANTABRIA;6.3.-Otros contra la seguridad colectiva;2018;16
CANTABRIA;6.3.-Otros contra la seguridad colectiva;2017;27
CANTABRIA;6.3.-Otros contra la seguridad colectiva;2016;19
CANTABRIA;6.3.-Otros contra la seguridad colectiva;2015;11
CANTABRIA;6.3.-Otros contra la seguridad colectiva;2014;26
CANTABRIA;6.3.-Otros contra la seguridad colectiva;2013;12
CANTABRIA;6.3.-Otros contra la seguridad colectiva;2012;12
CANTABRIA;6.3.-Otros contra la seguridad colectiva;2011;12
CANTABRIA;6.3.-Otros contra la seguridad colectiva;2010;32
CANTABRIA;7. FALSEDADES;2023;141
CANTABRIA;7. FALSEDADES;2022;113
CANTABRIA;7. FALSEDADES;2021;123
CANTABRIA;7. FALSEDADES;2020;78
CANTABRIA;7. FALSEDADES;2019;133
CANTABRIA;7. FALSEDADES;2018;86
CANTABRIA;7. FALSEDADES;2017;65
CANTABRIA;7. FALSEDADES;2016;105
CANTABRIA;7. FALSEDADES;2015;94
CANTABRIA;7. FALSEDADES;2014;86
CANTABRIA;7. FALSEDADES;2013;93
CANTABRIA;7. FALSEDADES;2012;118
CANTABRIA;7. FALSEDADES;2011;127
CANTABRIA;7. FALSEDADES;2010;79
CANTABRIA;8. ADMÓN. PÚBLICA;2023;9
CANTABRIA;8. ADMÓN. PÚBLICA;2022;1
CANTABRIA;8. ADMÓN. PÚBLICA;2021;1
CANTABRIA;8. ADMÓN. PÚBLICA;2020;2
CANTABRIA;8. ADMÓN. PÚBLICA;2019;3
CANTABRIA;8. ADMÓN. PÚBLICA;2018;0
CANTABRIA;8. ADMÓN. PÚBLICA;2017;1
CANTABRIA;8. ADMÓN. PÚBLICA;2016;1
CANTABRIA;8. ADMÓN. PÚBLICA;2015;0
CANTABRIA;8. ADMÓN. PÚBLICA;2014;1
CANTABRIA;8. ADMÓN. PÚBLICA;2013;1
CANTABRIA;8. ADMÓN. PÚBLICA;2012;2
CANTABRIA;8. ADMÓN. PÚBLICA;2011;1
CANTABRIA;8. ADMÓN. PÚBLICA;2010;3
CANTABRIA;9. ADMÓN. JUSTICIA;2023;448
CANTABRIA;9. ADMÓN. JUSTICIA;2022;380
CANTABRIA;9. ADMÓN. JUSTICIA;2021;278
CANTABRIA;9. ADMÓN. JUSTICIA;2020;273
CANTABRIA;9. ADMÓN. JUSTICIA;2019;286
CANTABRIA;9. ADMÓN. JUSTICIA;2018;318
CANTABRIA;9. ADMÓN. JUSTICIA;2017;264
CANTABRIA;9. ADMÓN. JUSTICIA;2016;226
CANTABRIA;9. ADMÓN. JUSTICIA;2015;259
CANTABRIA;9. ADMÓN. JUSTICIA;2014;285
CANTABRIA;9. ADMÓN. JUSTICIA;2013;313
CANTABRIA;9. ADMÓN. JUSTICIA;2012;305
CANTABRIA;9. ADMÓN. JUSTICIA;2011;320
CANTABRIA;9. ADMÓN. JUSTICIA;2010;242
CANTABRIA;10. ORDEN PÚBLICO;2023;280
CANTABRIA;10. ORDEN PÚBLICO;2022;354
CANTABRIA;10. ORDEN PÚBLICO;2021;272
CANTABRIA;10. ORDEN PÚBLICO;2020;431
CANTABRIA;10. ORDEN PÚBLICO;2019;164
CANTABRIA;10. ORDEN PÚBLICO;2018;162
CANTABRIA;10. ORDEN PÚBLICO;2017;164
CANTABRIA;10. ORDEN PÚBLICO;2016;150
CANTABRIA;10. ORDEN PÚBLICO;2015;224
CANTABRIA;10. ORDEN PÚBLICO;2014;368
CANTABRIA;10. ORDEN PÚBLICO;2013;405
CANTABRIA;10. ORDEN PÚBLICO;2012;424
CANTABRIA;10. ORDEN PÚBLICO;2011;478
CANTABRIA;10. ORDEN PÚBLICO;2010;408
CANTABRIA;11. LEGISLACIÓN ESPECIAL;2023;4
CANTABRIA;11. LEGISLACIÓN ESPECIAL;2022;1
CANTABRIA;11. LEGISLACIÓN ESPECIAL;2021;2
CANTABRIA;11. LEGISLACIÓN ESPECIAL;2020;0
CANTABRIA;11. LEGISLACIÓN ESPECIAL;2019;0
CANTABRIA;11. LEGISLACIÓN ESPECIAL;2018;1
CANTABRIA;11. LEGISLACIÓN ESPECIAL;2017;1
CANTABRIA;11. LEGISLACIÓN ESPECIAL;2016;1
CANTABRIA;11. LEGISLACIÓN ESPECIAL;2015;1
CANTABRIA;11. LEGISLACIÓN ESPECIAL;2014;0
CANTABRIA;11. LEGISLACIÓN ESPECIAL;2013;0
CANTABRIA;11. LEGISLACIÓN ESPECIAL;2012;0
CANTABRIA;11. LEGISLACIÓN ESPECIAL;2011;3
CANTABRIA;11. LEGISLACIÓN ESPECIAL;2010;1
CANTABRIA;12. OTRAS INFRACCIONES PENALES;2023;112
CANTABRIA;12. OTRAS INFRACCIONES PENALES;2022;102
CANTABRIA;12. OTRAS INFRACCIONES PENALES;2021;137
CANTABRIA;12. OTRAS INFRACCIONES PENALES;2020;108
CANTABRIA;12. OTRAS INFRACCIONES PENALES;2019;94
CANTABRIA;12. OTRAS INFRACCIONES PENALES;2018;114
CANTABRIA;12. OTRAS INFRACCIONES PENALES;2017;87
CANTABRIA;12. OTRAS INFRACCIONES PENALES;2016;92
CANTABRIA;12. OTRAS INFRACCIONES PENALES;2015;59
CANTABRIA;12. OTRAS INFRACCIONES PENALES;2014;32
CANTABRIA;12. OTRAS INFRACCIONES PENALES;2013;46
CANTABRIA;12. OTRAS INFRACCIONES PENALES;2012;14
CANTABRIA;12. OTRAS INFRACCIONES PENALES;2011;27
CANTABRIA;12. OTRAS INFRACCIONES PENALES;2010;48
CANTABRIA;TOTAL INFRACCIONES PENALES;2023;10.331
CANTABRIA;TOTAL INFRACCIONES PENALES;2022;9.304
CANTABRIA;TOTAL INFRACCIONES PENALES;2021;8.302
CANTABRIA;TOTAL INFRACCIONES PENALES;2020;7.179
CANTABRIA;TOTAL INFRACCIONES PENALES;2019;7.705
CANTABRIA;TOTAL INFRACCIONES PENALES;2018;7.640
CANTABRIA;TOTAL INFRACCIONES PENALES;2017;7.341
CANTABRIA;TOTAL INFRACCIONES PENALES;2016;7.278
CANTABRIA;TOTAL INFRACCIONES PENALES;2015;7.593
CANTABRIA;TOTAL INFRACCIONES PENALES;2014;8.297
CANTABRIA;TOTAL INFRACCIONES PENALES;2013;8.607
CANTABRIA;TOTAL INFRACCIONES PENALES;2012;8.412
CANTABRIA;TOTAL INFRACCIONES PENALES;2011;8.818
CANTABRIA;TOTAL INFRACCIONES PENALES;2010;8.280
CASTILLA Y LEÓN;1. CONTRA LAS PERSONAS;2023;8.269
CASTILLA Y LEÓN;1. CONTRA LAS PERSONAS;2022;7.688
CASTILLA Y LEÓN;1. CONTRA LAS PERSONAS;2021;6.702
CASTILLA Y LEÓN;1. CONTRA LAS PERSONAS;2020;5.787
CASTILLA Y LEÓN;1. CONTRA LAS PERSONAS;2019;6.626
CASTILLA Y LEÓN;1. CONTRA LAS PERSONAS;2018;6.567
CASTILLA Y LEÓN;1. CONTRA LAS PERSONAS;2017;6.480
CASTILLA Y LEÓN;1. CONTRA LAS PERSONAS;2016;6.284
CASTILLA Y LEÓN;1. CONTRA LAS PERSONAS;2015;9.166
CASTILLA Y LEÓN;1. CONTRA LAS PERSONAS;2014;11.708
CASTILLA Y LEÓN;1. CONTRA LAS PERSONAS;2013;11.815
CASTILLA Y LEÓN;1. CONTRA LAS PERSONAS;2012;12.332
CASTILLA Y LEÓN;1. CONTRA LAS PERSONAS;2011;12.766
CASTILLA Y LEÓN;1. CONTRA LAS PERSONAS;2010;12.415
CASTILLA Y LEÓN;1.1.-Homicidios dolosos/asesinatos;2023;57
CASTILLA Y LEÓN;1.1.-Homicidios dolosos/asesinatos;2022;55
CASTILLA Y LEÓN;1.1.-Homicidios dolosos/asesinatos;2021;37
CASTILLA Y LEÓN;1.1.-Homicidios dolosos/asesinatos;2020;42
CASTILLA Y LEÓN;1.1.-Homicidios dolosos/asesinatos;2019;42
CASTILLA Y LEÓN;1.1.-Homicidios dolosos/asesinatos;2018;35
CASTILLA Y LEÓN;1.1.-Homicidios dolosos/asesinatos;2017;29
CASTILLA Y LEÓN;1.1.-Homicidios dolosos/asesinatos;2016;27
CASTILLA Y LEÓN;1.1.-Homicidios dolosos/asesinatos;2015;25
CASTILLA Y LEÓN;1.1.-Homicidios dolosos/asesinatos;2014;46
CASTILLA Y LEÓN;1.1.-Homicidios dolosos/asesinatos;2013;45
CASTILLA Y LEÓN;1.1.-Homicidios dolosos/asesinatos;2012;44
CASTILLA Y LEÓN;1.1.-Homicidios dolosos/asesinatos;2011;42
CASTILLA Y LEÓN;1.1.-Homicidios dolosos/asesinatos;2010;35
CASTILLA Y LEÓN;1.1.1.-Homicidios dolosos/asesinatos consumados;2023;11
CASTILLA Y LEÓN;1.1.1.-Homicidios dolosos/asesinatos consumados;2022;17
CASTILLA Y LEÓN;1.1.1.-Homicidios dolosos/asesinatos consumados;2021;13
CASTILLA Y LEÓN;1.1.1.-Homicidios dolosos/asesinatos consumados;2020;14
CASTILLA Y LEÓN;1.1.1.-Homicidios dolosos/asesinatos consumados;2019;10
CASTILLA Y LEÓN;1.1.1.-Homicidios dolosos/asesinatos consumados;2018;11
CASTILLA Y LEÓN;1.1.1.-Homicidios dolosos/asesinatos consumados;2017;13
CASTILLA Y LEÓN;1.1.1.-Homicidios dolosos/asesinatos consumados;2016;10
CASTILLA Y LEÓN;1.1.1.-Homicidios dolosos/asesinatos consumados;2015;9
CASTILLA Y LEÓN;1.1.1.-Homicidios dolosos/asesinatos consumados;2014;16
CASTILLA Y LEÓN;1.1.1.-Homicidios dolosos/asesinatos consumados;2013;22
CASTILLA Y LEÓN;1.1.1.-Homicidios dolosos/asesinatos consumados;2012;12
CASTILLA Y LEÓN;1.1.1.-Homicidios dolosos/asesinatos consumados;2011;17
CASTILLA Y LEÓN;1.1.1.-Homicidios dolosos/asesinatos consumados;2010;9
CASTILLA Y LEÓN;1.2.-Lesiones;2023;4.430
CASTILLA Y LEÓN;1.2.-Lesiones;2022;4.347
CASTILLA Y LEÓN;1.2.-Lesiones;2021;3.662
CASTILLA Y LEÓN;1.2.-Lesiones;2020;3.027
CASTILLA Y LEÓN;1.2.-Lesiones;2019;3.851
CASTILLA Y LEÓN;1.2.-Lesiones;2018;3.956
CASTILLA Y LEÓN;1.2.-Lesiones;2017;4.001
CASTILLA Y LEÓN;1.2.-Lesiones;2016;3.896
CASTILLA Y LEÓN;1.2.-Lesiones;2015;4.071
CASTILLA Y LEÓN;1.2.-Lesiones;2014;4.093
CASTILLA Y LEÓN;1.2.-Lesiones;2013;4.125
CASTILLA Y LEÓN;1.2.-Lesiones;2012;4.647
CASTILLA Y LEÓN;1.2.-Lesiones;2011;4.798
CASTILLA Y LEÓN;1.2.-Lesiones;2010;4.665
CASTILLA Y LEÓN;1.3.-Malos tratos ámbito familiar;2023;3.520
CASTILLA Y LEÓN;1.3.-Malos tratos ámbito familiar;2022;3.070
CASTILLA Y LEÓN;1.3.-Malos tratos ámbito familiar;2021;2.816
CASTILLA Y LEÓN;1.3.-Malos tratos ámbito familiar;2020;2.535
CASTILLA Y LEÓN;1.3.-Malos tratos ámbito familiar;2019;2.474
CASTILLA Y LEÓN;1.3.-Malos tratos ámbito familiar;2018;2.393
CASTILLA Y LEÓN;1.3.-Malos tratos ámbito familiar;2017;2.347
CASTILLA Y LEÓN;1.3.-Malos tratos ámbito familiar;2016;2.298
CASTILLA Y LEÓN;1.3.-Malos tratos ámbito familiar;2015;2.255
CASTILLA Y LEÓN;1.3.-Malos tratos ámbito familiar;2014;2.258
CASTILLA Y LEÓN;1.3.-Malos tratos ámbito familiar;2013;2.137
CASTILLA Y LEÓN;1.3.-Malos tratos ámbito familiar;2012;2.183
CASTILLA Y LEÓN;1.3.-Malos tratos ámbito familiar;2011;2.307
CASTILLA Y LEÓN;1.3.-Malos tratos ámbito familiar;2010;2.218
CASTILLA Y LEÓN;1.4.-Otros contra las personas;2023;262
CASTILLA Y LEÓN;1.4.-Otros contra las personas;2022;216
CASTILLA Y LEÓN;1.4.-Otros contra las personas;2021;187
CASTILLA Y LEÓN;1.4.-Otros contra las personas;2020;183
CASTILLA Y LEÓN;1.4.-Otros contra las personas;2019;259
CASTILLA Y LEÓN;1.4.-Otros contra las personas;2018;183
CASTILLA Y LEÓN;1.4.-Otros contra las personas;2017;103
CASTILLA Y LEÓN;1.4.-Otros contra las personas;2016;63
CASTILLA Y LEÓN;1.4.-Otros contra las personas;2015;2.815
CASTILLA Y LEÓN;1.4.-Otros contra las personas;2014;5.311
CASTILLA Y LEÓN;1.4.-Otros contra las personas;2013;5.508
CASTILLA Y LEÓN;1.4.-Otros contra las personas;2012;5.458
CASTILLA Y LEÓN;1.4.-Otros contra las personas;2011;5.619
CASTILLA Y LEÓN;1.4.-Otros contra las personas;2010;5.497
CASTILLA Y LEÓN;2. CONTRA LA LIBERTAD;2023;5.287
CASTILLA Y LEÓN;2. CONTRA LA LIBERTAD;2022;4.861
CASTILLA Y LEÓN;2. CONTRA LA LIBERTAD;2021;4.985
CASTILLA Y LEÓN;2. CONTRA LA LIBERTAD;2020;4.378
CASTILLA Y LEÓN;2. CONTRA LA LIBERTAD;2019;4.578
CASTILLA Y LEÓN;2. CONTRA LA LIBERTAD;2018;4.409
CASTILLA Y LEÓN;2. CONTRA LA LIBERTAD;2017;4.338
CASTILLA Y LEÓN;2. CONTRA LA LIBERTAD;2016;4.343
CASTILLA Y LEÓN;2. CONTRA LA LIBERTAD;2015;2.800
CASTILLA Y LEÓN;2. CONTRA LA LIBERTAD;2014;1.148
CASTILLA Y LEÓN;2. CONTRA LA LIBERTAD;2013;1.182
CASTILLA Y LEÓN;2. CONTRA LA LIBERTAD;2012;1.140
CASTILLA Y LEÓN;2. CONTRA LA LIBERTAD;2011;1.200
CASTILLA Y LEÓN;2. CONTRA LA LIBERTAD;2010;1.197
CASTILLA Y LEÓN;2.1.-Malos tratos habituales en el ámbito familiar;2023;710
CASTILLA Y LEÓN;2.1.-Malos tratos habituales en el ámbito familiar;2022;593
CASTILLA Y LEÓN;2.1.-Malos tratos habituales en el ámbito familiar;2021;603
CASTILLA Y LEÓN;2.1.-Malos tratos habituales en el ámbito familiar;2020;516
CASTILLA Y LEÓN;2.1.-Malos tratos habituales en el ámbito familiar;2019;533
CASTILLA Y LEÓN;2.1.-Malos tratos habituales en el ámbito familiar;2018;539
CASTILLA Y LEÓN;2.1.-Malos tratos habituales en el ámbito familiar;2017;527
CASTILLA Y LEÓN;2.1.-Malos tratos habituales en el ámbito familiar;2016;547
CASTILLA Y LEÓN;2.1.-Malos tratos habituales en el ámbito familiar;2015;516
CASTILLA Y LEÓN;2.1.-Malos tratos habituales en el ámbito familiar;2014;502
CASTILLA Y LEÓN;2.1.-Malos tratos habituales en el ámbito familiar;2013;491
CASTILLA Y LEÓN;2.1.-Malos tratos habituales en el ámbito familiar;2012;482
CASTILLA Y LEÓN;2.1.-Malos tratos habituales en el ámbito familiar;2011;540
CASTILLA Y LEÓN;2.1.-Malos tratos habituales en el ámbito familiar;2010;565
CASTILLA Y LEÓN;2.2.-Otros contra la libertad;2023;4.577
CASTILLA Y LEÓN;2.2.-Otros contra la libertad;2022;4.268
CASTILLA Y LEÓN;2.2.-Otros contra la libertad;2021;4.382
CASTILLA Y LEÓN;2.2.-Otros contra la libertad;2020;3.862
CASTILLA Y LEÓN;2.2.-Otros contra la libertad;2019;4.045
CASTILLA Y LEÓN;2.2.-Otros contra la libertad;2018;3.870
CASTILLA Y LEÓN;2.2.-Otros contra la libertad;2017;3.811
CASTILLA Y LEÓN;2.2.-Otros contra la libertad;2016;3.796
CASTILLA Y LEÓN;2.2.-Otros contra la libertad;2015;2.284
CASTILLA Y LEÓN;2.2.-Otros contra la libertad;2014;646
CASTILLA Y LEÓN;2.2.-Otros contra la libertad;2013;691
CASTILLA Y LEÓN;2.2.-Otros contra la libertad;2012;658
CASTILLA Y LEÓN;2.2.-Otros contra la libertad;2011;660
CASTILLA Y LEÓN;2.2.-Otros contra la libertad;2010;632
CASTILLA Y LEÓN;3. LIBERTAD SEXUAL;2023;621
CASTILLA Y LEÓN;3. LIBERTAD SEXUAL;2022;536
CASTILLA Y LEÓN;3. LIBERTAD SEXUAL;2021;476
CASTILLA Y LEÓN;3. LIBERTAD SEXUAL;2020;320
CASTILLA Y LEÓN;3. LIBERTAD SEXUAL;2019;434
CASTILLA Y LEÓN;3. LIBERTAD SEXUAL;2018;378
CASTILLA Y LEÓN;3. LIBERTAD SEXUAL;2017;314
CASTILLA Y LEÓN;3. LIBERTAD SEXUAL;2016;238
CASTILLA Y LEÓN;3. LIBERTAD SEXUAL;2015;227
CASTILLA Y LEÓN;3. LIBERTAD SEXUAL;2014;241
CASTILLA Y LEÓN;3. LIBERTAD SEXUAL;2013;202
CASTILLA Y LEÓN;3. LIBERTAD SEXUAL;2012;257
CASTILLA Y LEÓN;3. LIBERTAD SEXUAL;2011;215
CASTILLA Y LEÓN;3. LIBERTAD SEXUAL;2010;231
CASTILLA Y LEÓN;3.1.-Agresión sexual;2023;374
CASTILLA Y LEÓN;3.1.-Agresión sexual;2022;320
CASTILLA Y LEÓN;3.1.-Agresión sexual;2021;280
CASTILLA Y LEÓN;3.1.-Agresión sexual;2020;183
CASTILLA Y LEÓN;3.1.-Agresión sexual;2019;241
CASTILLA Y LEÓN;3.1.-Agresión sexual;2018;212
CASTILLA Y LEÓN;3.1.-Agresión sexual;2017;184
CASTILLA Y LEÓN;3.1.-Agresión sexual;2016;140
CASTILLA Y LEÓN;3.1.-Agresión sexual;2015;115
CASTILLA Y LEÓN;3.1.-Agresión sexual;2014;125
CASTILLA Y LEÓN;3.1.-Agresión sexual;2013;128
CASTILLA Y LEÓN;3.1.-Agresión sexual;2012;149
CASTILLA Y LEÓN;3.1.-Agresión sexual;2011;119
CASTILLA Y LEÓN;3.1.-Agresión sexual;2010;126
CASTILLA Y LEÓN;3.2.-Agresión sexual con penetración;2023;136
CASTILLA Y LEÓN;3.2.-Agresión sexual con penetración;2022;100
CASTILLA Y LEÓN;3.2.-Agresión sexual con penetración;2021;111
CASTILLA Y LEÓN;3.2.-Agresión sexual con penetración;2020;61
CASTILLA Y LEÓN;3.2.-Agresión sexual con penetración;2019;77
CASTILLA Y LEÓN;3.2.-Agresión sexual con penetración;2018;74
CASTILLA Y LEÓN;3.2.-Agresión sexual con penetración;2017;49
CASTILLA Y LEÓN;3.2.-Agresión sexual con penetración;2016;35
CASTILLA Y LEÓN;3.2.-Agresión sexual con penetración;2015;36
CASTILLA Y LEÓN;3.2.-Agresión sexual con penetración;2014;30
CASTILLA Y LEÓN;3.2.-Agresión sexual con penetración;2013;31
CASTILLA Y LEÓN;3.2.-Agresión sexual con penetración;2012;42
CASTILLA Y LEÓN;3.2.-Agresión sexual con penetración;2011;48
CASTILLA Y LEÓN;3.2.-Agresión sexual con penetración;2010;33
CASTILLA Y LEÓN;3.3.-Corrupción de menores o incapacitados;2023;11
CASTILLA Y LEÓN;3.3.-Corrupción de menores o incapacitados;2022;17
CASTILLA Y LEÓN;3.3.-Corrupción de menores o incapacitados;2021;16
CASTILLA Y LEÓN;3.3.-Corrupción de menores o incapacitados;2020;6
CASTILLA Y LEÓN;3.3.-Corrupción de menores o incapacitados;2019;11
CASTILLA Y LEÓN;3.3.-Corrupción de menores o incapacitados;2018;10
CASTILLA Y LEÓN;3.3.-Corrupción de menores o incapacitados;2017;17
CASTILLA Y LEÓN;3.3.-Corrupción de menores o incapacitados;2016;6
CASTILLA Y LEÓN;3.3.-Corrupción de menores o incapacitados;2015;19
CASTILLA Y LEÓN;3.3.-Corrupción de menores o incapacitados;2014;14
CASTILLA Y LEÓN;3.3.-Corrupción de menores o incapacitados;2013;5
CASTILLA Y LEÓN;3.3.-Corrupción de menores o incapacitados;2012;7
CASTILLA Y LEÓN;3.3.-Corrupción de menores o incapacitados;2011;5
CASTILLA Y LEÓN;3.3.-Corrupción de menores o incapacitados;2010;7
CASTILLA Y LEÓN;3.4.-Pornografía de menores;2023;27
CASTILLA Y LEÓN;3.4.-Pornografía de menores;2022;36
CASTILLA Y LEÓN;3.4.-Pornografía de menores;2021;19
CASTILLA Y LEÓN;3.4.-Pornografía de menores;2020;18
CASTILLA Y LEÓN;3.4.-Pornografía de menores;2019;27
CASTILLA Y LEÓN;3.4.-Pornografía de menores;2018;37
CASTILLA Y LEÓN;3.4.-Pornografía de menores;2017;21
CASTILLA Y LEÓN;3.4.-Pornografía de menores;2016;23
CASTILLA Y LEÓN;3.4.-Pornografía de menores;2015;16
CASTILLA Y LEÓN;3.4.-Pornografía de menores;2014;18
CASTILLA Y LEÓN;3.4.-Pornografía de menores;2013;9
CASTILLA Y LEÓN;3.4.-Pornografía de menores;2012;19
CASTILLA Y LEÓN;3.4.-Pornografía de menores;2011;8
CASTILLA Y LEÓN;3.4.-Pornografía de menores;2010;21
CASTILLA Y LEÓN;3.5.-Otros contra la libertad sexual;2023;73
CASTILLA Y LEÓN;3.5.-Otros contra la libertad sexual;2022;63
CASTILLA Y LEÓN;3.5.-Otros contra la libertad sexual;2021;50
CASTILLA Y LEÓN;3.5.-Otros contra la libertad sexual;2020;52
CASTILLA Y LEÓN;3.5.-Otros contra la libertad sexual;2019;78
CASTILLA Y LEÓN;3.5.-Otros contra la libertad sexual;2018;45
CASTILLA Y LEÓN;3.5.-Otros contra la libertad sexual;2017;43
CASTILLA Y LEÓN;3.5.-Otros contra la libertad sexual;2016;34
CASTILLA Y LEÓN;3.5.-Otros contra la libertad sexual;2015;41
CASTILLA Y LEÓN;3.5.-Otros contra la libertad sexual;2014;54
CASTILLA Y LEÓN;3.5.-Otros contra la libertad sexual;2013;29
CASTILLA Y LEÓN;3.5.-Otros contra la libertad sexual;2012;40
CASTILLA Y LEÓN;3.5.-Otros contra la libertad sexual;2011;35
CASTILLA Y LEÓN;3.5.-Otros contra la libertad sexual;2010;44
CASTILLA Y LEÓN;4. RELACIONES FAMILIARES;2023;187
CASTILLA Y LEÓN;4. RELACIONES FAMILIARES;2022;161
CASTILLA Y LEÓN;4. RELACIONES FAMILIARES;2021;161
CASTILLA Y LEÓN;4. RELACIONES FAMILIARES;2020;136
CASTILLA Y LEÓN;4. RELACIONES FAMILIARES;2019;189
CASTILLA Y LEÓN;4. RELACIONES FAMILIARES;2018;177
CASTILLA Y LEÓN;4. RELACIONES FAMILIARES;2017;224
CASTILLA Y LEÓN;4. RELACIONES FAMILIARES;2016;193
CASTILLA Y LEÓN;4. RELACIONES FAMILIARES;2015;245
CASTILLA Y LEÓN;4. RELACIONES FAMILIARES;2014;257
CASTILLA Y LEÓN;4. RELACIONES FAMILIARES;2013;271
CASTILLA Y LEÓN;4. RELACIONES FAMILIARES;2012;273
CASTILLA Y LEÓN;4. RELACIONES FAMILIARES;2011;244
CASTILLA Y LEÓN;4. RELACIONES FAMILIARES;2010;220
CASTILLA Y LEÓN;5. PATRIMONIO;2023;15.179
CASTILLA Y LEÓN;5. PATRIMONIO;2022;13.998
CASTILLA Y LEÓN;5. PATRIMONIO;2021;11.407
CASTILLA Y LEÓN;5. PATRIMONIO;2020;9.685
CASTILLA Y LEÓN;5. PATRIMONIO;2019;11.978
CASTILLA Y LEÓN;5. PATRIMONIO;2018;11.345
CASTILLA Y LEÓN;5. PATRIMONIO;2017;11.678
CASTILLA Y LEÓN;5. PATRIMONIO;2016;11.486
CASTILLA Y LEÓN;5. PATRIMONIO;2015;11.467
CASTILLA Y LEÓN;5. PATRIMONIO;2014;13.522
CASTILLA Y LEÓN;5. PATRIMONIO;2013;13.168
CASTILLA Y LEÓN;5. PATRIMONIO;2012;12.467
CASTILLA Y LEÓN;5. PATRIMONIO;2011;12.387
CASTILLA Y LEÓN;5. PATRIMONIO;2010;12.960
CASTILLA Y LEÓN;5.1.-Hurtos;2023;5.543
CASTILLA Y LEÓN;5.1.-Hurtos;2022;4.807
CASTILLA Y LEÓN;5.1.-Hurtos;2021;3.737
CASTILLA Y LEÓN;5.1.-Hurtos;2020;3.039
CASTILLA Y LEÓN;5.1.-Hurtos;2019;4.701
CASTILLA Y LEÓN;5.1.-Hurtos;2018;4.287
CASTILLA Y LEÓN;5.1.-Hurtos;2017;4.355
CASTILLA Y LEÓN;5.1.-Hurtos;2016;4.485
CASTILLA Y LEÓN;5.1.-Hurtos;2015;4.629
CASTILLA Y LEÓN;5.1.-Hurtos;2014;5.295
CASTILLA Y LEÓN;5.1.-Hurtos;2013;5.536
CASTILLA Y LEÓN;5.1.-Hurtos;2012;5.183
CASTILLA Y LEÓN;5.1.-Hurtos;2011;4.992
CASTILLA Y LEÓN;5.1.-Hurtos;2010;4.792
CASTILLA Y LEÓN;5.2.-Robos con fuerza en las cosas;2023;1.503
CASTILLA Y LEÓN;5.2.-Robos con fuerza en las cosas;2022;1.439
CASTILLA Y LEÓN;5.2.-Robos con fuerza en las cosas;2021;1.188
CASTILLA Y LEÓN;5.2.-Robos con fuerza en las cosas;2020;1.248
CASTILLA Y LEÓN;5.2.-Robos con fuerza en las cosas;2019;1.687
CASTILLA Y LEÓN;5.2.-Robos con fuerza en las cosas;2018;1.518
CASTILLA Y LEÓN;5.2.-Robos con fuerza en las cosas;2017;2.160
CASTILLA Y LEÓN;5.2.-Robos con fuerza en las cosas;2016;1.740
CASTILLA Y LEÓN;5.2.-Robos con fuerza en las cosas;2015;1.779
CASTILLA Y LEÓN;5.2.-Robos con fuerza en las cosas;2014;2.746
CASTILLA Y LEÓN;5.2.-Robos con fuerza en las cosas;2013;2.394
CASTILLA Y LEÓN;5.2.-Robos con fuerza en las cosas;2012;2.154
CASTILLA Y LEÓN;5.2.-Robos con fuerza en las cosas;2011;2.384
CASTILLA Y LEÓN;5.2.-Robos con fuerza en las cosas;2010;2.857
CASTILLA Y LEÓN;5.2.1.-Robos con fuerza en las cosas en el interior de vehículos;2023;315
CASTILLA Y LEÓN;5.2.1.-Robos con fuerza en las cosas en el interior de vehículos;2022;204
CASTILLA Y LEÓN;5.2.1.-Robos con fuerza en las cosas en el interior de vehículos;2021;210
CASTILLA Y LEÓN;5.2.1.-Robos con fuerza en las cosas en el interior de vehículos;2020;225
CASTILLA Y LEÓN;5.2.1.-Robos con fuerza en las cosas en el interior de vehículos;2019;193
CASTILLA Y LEÓN;5.2.1.-Robos con fuerza en las cosas en el interior de vehículos;2018;220
CASTILLA Y LEÓN;5.2.1.-Robos con fuerza en las cosas en el interior de vehículos;2017;502
CASTILLA Y LEÓN;5.2.1.-Robos con fuerza en las cosas en el interior de vehículos;2016;404
CASTILLA Y LEÓN;5.2.1.-Robos con fuerza en las cosas en el interior de vehículos;2015;317
CASTILLA Y LEÓN;5.2.1.-Robos con fuerza en las cosas en el interior de vehículos;2014;518
CASTILLA Y LEÓN;5.2.1.-Robos con fuerza en las cosas en el interior de vehículos;2013;330
CASTILLA Y LEÓN;5.2.1.-Robos con fuerza en las cosas en el interior de vehículos;2012;356
CASTILLA Y LEÓN;5.2.1.-Robos con fuerza en las cosas en el interior de vehículos;2011;694
CASTILLA Y LEÓN;5.2.1.-Robos con fuerza en las cosas en el interior de vehículos;2010;757
CASTILLA Y LEÓN;5.2.2.-Robos con fuerza en viviendas;2023;420
CASTILLA Y LEÓN;5.2.2.-Robos con fuerza en viviendas;2022;407
CASTILLA Y LEÓN;5.2.2.-Robos con fuerza en viviendas;2021;366
CASTILLA Y LEÓN;5.2.2.-Robos con fuerza en viviendas;2020;368
CASTILLA Y LEÓN;5.2.2.-Robos con fuerza en viviendas;2019;511
CASTILLA Y LEÓN;5.2.2.-Robos con fuerza en viviendas;2018;490
CASTILLA Y LEÓN;5.2.2.-Robos con fuerza en viviendas;2017;614
CASTILLA Y LEÓN;5.2.2.-Robos con fuerza en viviendas;2016;531
CASTILLA Y LEÓN;5.2.2.-Robos con fuerza en viviendas;2015;583
CASTILLA Y LEÓN;5.2.2.-Robos con fuerza en viviendas;2014;863
CASTILLA Y LEÓN;5.2.2.-Robos con fuerza en viviendas;2013;731
CASTILLA Y LEÓN;5.2.2.-Robos con fuerza en viviendas;2012;526
CASTILLA Y LEÓN;5.2.2.-Robos con fuerza en viviendas;2011;414
CASTILLA Y LEÓN;5.2.2.-Robos con fuerza en viviendas;2010;608
CASTILLA Y LEÓN;5.2.3.-Robos con fuerza en establecimientos;2023;372
CASTILLA Y LEÓN;5.2.3.-Robos con fuerza en establecimientos;2022;413
CASTILLA Y LEÓN;5.2.3.-Robos con fuerza en establecimientos;2021;338
CASTILLA Y LEÓN;5.2.3.-Robos con fuerza en establecimientos;2020;330
CASTILLA Y LEÓN;5.2.3.-Robos con fuerza en establecimientos;2019;447
CASTILLA Y LEÓN;5.2.3.-Robos con fuerza en establecimientos;2018;345
CASTILLA Y LEÓN;5.2.3.-Robos con fuerza en establecimientos;2017;524
CASTILLA Y LEÓN;5.2.3.-Robos con fuerza en establecimientos;2016;433
CASTILLA Y LEÓN;5.2.3.-Robos con fuerza en establecimientos;2015;401
CASTILLA Y LEÓN;5.2.3.-Robos con fuerza en establecimientos;2014;629
CASTILLA Y LEÓN;5.2.3.-Robos con fuerza en establecimientos;2013;574
CASTILLA Y LEÓN;5.2.3.-Robos con fuerza en establecimientos;2012;543
CASTILLA Y LEÓN;5.2.3.-Robos con fuerza en establecimientos;2011;498
CASTILLA Y LEÓN;5.2.3.-Robos con fuerza en establecimientos;2010;609
CASTILLA Y LEÓN;5.3.-Robos con violencia o intimidación;2023;480
CASTILLA Y LEÓN;5.3.-Robos con violencia o intimidación;2022;435
CASTILLA Y LEÓN;5.3.-Robos con violencia o intimidación;2021;379
CASTILLA Y LEÓN;5.3.-Robos con violencia o intimidación;2020;327
CASTILLA Y LEÓN;5.3.-Robos con violencia o intimidación;2019;413
CASTILLA Y LEÓN;5.3.-Robos con violencia o intimidación;2018;390
CASTILLA Y LEÓN;5.3.-Robos con violencia o intimidación;2017;339
CASTILLA Y LEÓN;5.3.-Robos con violencia o intimidación;2016;416
CASTILLA Y LEÓN;5.3.-Robos con violencia o intimidación;2015;412
CASTILLA Y LEÓN;5.3.-Robos con violencia o intimidación;2014;470
CASTILLA Y LEÓN;5.3.-Robos con violencia o intimidación;2013;483
CASTILLA Y LEÓN;5.3.-Robos con violencia o intimidación;2012;519
CASTILLA Y LEÓN;5.3.-Robos con violencia o intimidación;2011;556
CASTILLA Y LEÓN;5.3.-Robos con violencia o intimidación;2010;572
CASTILLA Y LEÓN;5.3.1.-Robos con violencia en vía pública;2023;229
CASTILLA Y LEÓN;5.3.1.-Robos con violencia en vía pública;2022;195
CASTILLA Y LEÓN;5.3.1.-Robos con violencia en vía pública;2021;174
CASTILLA Y LEÓN;5.3.1.-Robos con violencia en vía pública;2020;175
CASTILLA Y LEÓN;5.3.1.-Robos con violencia en vía pública;2019;214
CASTILLA Y LEÓN;5.3.1.-Robos con violencia en vía pública;2018;191
CASTILLA Y LEÓN;5.3.1.-Robos con violencia en vía pública;2017;181
CASTILLA Y LEÓN;5.3.1.-Robos con violencia en vía pública;2016;220
CASTILLA Y LEÓN;5.3.1.-Robos con violencia en vía pública;2015;233
CASTILLA Y LEÓN;5.3.1.-Robos con violencia en vía pública;2014;254
CASTILLA Y LEÓN;5.3.1.-Robos con violencia en vía pública;2013;280
CASTILLA Y LEÓN;5.3.1.-Robos con violencia en vía pública;2012;291
CASTILLA Y LEÓN;5.3.1.-Robos con violencia en vía pública;2011;323
CASTILLA Y LEÓN;5.3.1.-Robos con violencia en vía pública;2010;337
CASTILLA Y LEÓN;5.3.2.-Robos con violencia en viviendas;2023;52
CASTILLA Y LEÓN;5.3.2.-Robos con violencia en viviendas;2022;50
CASTILLA Y LEÓN;5.3.2.-Robos con violencia en viviendas;2021;50
CASTILLA Y LEÓN;5.3.2.-Robos con violencia en viviendas;2020;35
CASTILLA Y LEÓN;5.3.2.-Robos con violencia en viviendas;2019;42
CASTILLA Y LEÓN;5.3.2.-Robos con violencia en viviendas;2018;52
CASTILLA Y LEÓN;5.3.2.-Robos con violencia en viviendas;2017;28
CASTILLA Y LEÓN;5.3.2.-Robos con violencia en viviendas;2016;49
CASTILLA Y LEÓN;5.3.2.-Robos con violencia en viviendas;2015;63
CASTILLA Y LEÓN;5.3.2.-Robos con violencia en viviendas;2014;58
CASTILLA Y LEÓN;5.3.2.-Robos con violencia en viviendas;2013;60
CASTILLA Y LEÓN;5.3.2.-Robos con violencia en viviendas;2012;77
CASTILLA Y LEÓN;5.3.2.-Robos con violencia en viviendas;2011;42
CASTILLA Y LEÓN;5.3.2.-Robos con violencia en viviendas;2010;42
CASTILLA Y LEÓN;5.3.3.-Robos con violencia en establecimientos;2023;156
CASTILLA Y LEÓN;5.3.3.-Robos con violencia en establecimientos;2022;145
CASTILLA Y LEÓN;5.3.3.-Robos con violencia en establecimientos;2021;110
CASTILLA Y LEÓN;5.3.3.-Robos con violencia en establecimientos;2020;77
CASTILLA Y LEÓN;5.3.3.-Robos con violencia en establecimientos;2019;116
CASTILLA Y LEÓN;5.3.3.-Robos con violencia en establecimientos;2018;108
CASTILLA Y LEÓN;5.3.3.-Robos con violencia en establecimientos;2017;91
CASTILLA Y LEÓN;5.3.3.-Robos con violencia en establecimientos;2016;103
CASTILLA Y LEÓN;5.3.3.-Robos con violencia en establecimientos;2015;73
CASTILLA Y LEÓN;5.3.3.-Robos con violencia en establecimientos;2014;106
CASTILLA Y LEÓN;5.3.3.-Robos con violencia en establecimientos;2013;98
CASTILLA Y LEÓN;5.3.3.-Robos con violencia en establecimientos;2012;91
CASTILLA Y LEÓN;5.3.3.-Robos con violencia en establecimientos;2011;133
CASTILLA Y LEÓN;5.3.3.-Robos con violencia en establecimientos;2010;141
CASTILLA Y LEÓN;5.4.-Sustracción de vehículos;2023;220
CASTILLA Y LEÓN;5.4.-Sustracción de vehículos;2022;236
CASTILLA Y LEÓN;5.4.-Sustracción de vehículos;2021;197
CASTILLA Y LEÓN;5.4.-Sustracción de vehículos;2020;155
CASTILLA Y LEÓN;5.4.-Sustracción de vehículos;2019;216
CASTILLA Y LEÓN;5.4.-Sustracción de vehículos;2018;189
CASTILLA Y LEÓN;5.4.-Sustracción de vehículos;2017;262
CASTILLA Y LEÓN;5.4.-Sustracción de vehículos;2016;290
CASTILLA Y LEÓN;5.4.-Sustracción de vehículos;2015;296
CASTILLA Y LEÓN;5.4.-Sustracción de vehículos;2014;247
CASTILLA Y LEÓN;5.4.-Sustracción de vehículos;2013;305
CASTILLA Y LEÓN;5.4.-Sustracción de vehículos;2012;322
CASTILLA Y LEÓN;5.4.-Sustracción de vehículos;2011;359
CASTILLA Y LEÓN;5.4.-Sustracción de vehículos;2010;532
CASTILLA Y LEÓN;5.5.-Estafas;2023;4.719
CASTILLA Y LEÓN;5.5.-Estafas;2022;4.372
CASTILLA Y LEÓN;5.5.-Estafas;2021;3.221
CASTILLA Y LEÓN;5.5.-Estafas;2020;2.598
CASTILLA Y LEÓN;5.5.-Estafas;2019;2.547
CASTILLA Y LEÓN;5.5.-Estafas;2018;2.464
CASTILLA Y LEÓN;5.5.-Estafas;2017;2.153
CASTILLA Y LEÓN;5.5.-Estafas;2016;2.202
CASTILLA Y LEÓN;5.5.-Estafas;2015;1.985
CASTILLA Y LEÓN;5.5.-Estafas;2014;1.985
CASTILLA Y LEÓN;5.5.-Estafas;2013;1.760
CASTILLA Y LEÓN;5.5.-Estafas;2012;1.697
CASTILLA Y LEÓN;5.5.-Estafas;2011;1.444
CASTILLA Y LEÓN;5.5.-Estafas;2010;1.418
CASTILLA Y LEÓN;5.5.1.-Estafas informáticas;2023;3.496
CASTILLA Y LEÓN;5.5.1.-Estafas informáticas;2022;2.833
CASTILLA Y LEÓN;5.5.1.-Estafas informáticas;2021;2.092
CASTILLA Y LEÓN;5.5.1.-Estafas informáticas;2020;1.608
CASTILLA Y LEÓN;5.5.1.-Estafas informáticas;2019;1.239
CASTILLA Y LEÓN;5.5.1.-Estafas informáticas;2018;1.032
CASTILLA Y LEÓN;5.5.1.-Estafas informáticas;2017;914
CASTILLA Y LEÓN;5.5.1.-Estafas informáticas;2016;759
CASTILLA Y LEÓN;5.5.1.-Estafas informáticas;2015;655
CASTILLA Y LEÓN;5.5.1.-Estafas informáticas;2014;594
CASTILLA Y LEÓN;5.5.1.-Estafas informáticas;2013;484
CASTILLA Y LEÓN;5.5.1.-Estafas informáticas;2012;413
CASTILLA Y LEÓN;5.5.1.-Estafas informáticas;2011;287
CASTILLA Y LEÓN;5.5.1.-Estafas informáticas;2010;301
CASTILLA Y LEÓN;5.6.-Daños;2023;1.688
CASTILLA Y LEÓN;5.6.-Daños;2022;1.734
CASTILLA Y LEÓN;5.6.-Daños;2021;1.711
CASTILLA Y LEÓN;5.6.-Daños;2020;1.453
CASTILLA Y LEÓN;5.6.-Daños;2019;1.507
CASTILLA Y LEÓN;5.6.-Daños;2018;1.576
CASTILLA Y LEÓN;5.6.-Daños;2017;1.634
CASTILLA Y LEÓN;5.6.-Daños;2016;1.612
CASTILLA Y LEÓN;5.6.-Daños;2015;1.495
CASTILLA Y LEÓN;5.6.-Daños;2014;1.855
CASTILLA Y LEÓN;5.6.-Daños;2013;1.797
CASTILLA Y LEÓN;5.6.-Daños;2012;1.910
CASTILLA Y LEÓN;5.6.-Daños;2011;2.046
CASTILLA Y LEÓN;5.6.-Daños;2010;2.250
CASTILLA Y LEÓN;5.7.-Contra la propiedad intelectual/industrial;2023;51
CASTILLA Y LEÓN;5.7.-Contra la propiedad intelectual/industrial;2022;41
CASTILLA Y LEÓN;5.7.-Contra la propiedad intelectual/industrial;2021;60
CASTILLA Y LEÓN;5.7.-Contra la propiedad intelectual/industrial;2020;33
CASTILLA Y LEÓN;5.7.-Contra la propiedad intelectual/industrial;2019;43
CASTILLA Y LEÓN;5.7.-Contra la propiedad intelectual/industrial;2018;79
CASTILLA Y LEÓN;5.7.-Contra la propiedad intelectual/industrial;2017;59
CASTILLA Y LEÓN;5.7.-Contra la propiedad intelectual/industrial;2016;54
CASTILLA Y LEÓN;5.7.-Contra la propiedad intelectual/industrial;2015;54
CASTILLA Y LEÓN;5.7.-Contra la propiedad intelectual/industrial;2014;110
CASTILLA Y LEÓN;5.7.-Contra la propiedad intelectual/industrial;2013;135
CASTILLA Y LEÓN;5.7.-Contra la propiedad intelectual/industrial;2012;65
CASTILLA Y LEÓN;5.7.-Contra la propiedad intelectual/industrial;2011;83
CASTILLA Y LEÓN;5.7.-Contra la propiedad intelectual/industrial;2010;77
CASTILLA Y LEÓN;5.8.-Blanqueo de capitales;2023;15
CASTILLA Y LEÓN;5.8.-Blanqueo de capitales;2022;9
CASTILLA Y LEÓN;5.8.-Blanqueo de capitales;2021;4
CASTILLA Y LEÓN;5.8.-Blanqueo de capitales;2020;4
CASTILLA Y LEÓN;5.8.-Blanqueo de capitales;2019;8
CASTILLA Y LEÓN;5.8.-Blanqueo de capitales;2018;9
CASTILLA Y LEÓN;5.8.-Blanqueo de capitales;2017;6
CASTILLA Y LEÓN;5.8.-Blanqueo de capitales;2016;6
CASTILLA Y LEÓN;5.8.-Blanqueo de capitales;2015;6
CASTILLA Y LEÓN;5.8.-Blanqueo de capitales;2014;3
CASTILLA Y LEÓN;5.8.-Blanqueo de capitales;2013;6
CASTILLA Y LEÓN;5.8.-Blanqueo de capitales;2012;2
CASTILLA Y LEÓN;5.8.-Blanqueo de capitales;2011;3
CASTILLA Y LEÓN;5.8.-Blanqueo de capitales;2010;5
CASTILLA Y LEÓN;5.9.-Otros contra el patrimonio;2023;960
CASTILLA Y LEÓN;5.9.-Otros contra el patrimonio;2022;925
CASTILLA Y LEÓN;5.9.-Otros contra el patrimonio;2021;910
CASTILLA Y LEÓN;5.9.-Otros contra el patrimonio;2020;828
CASTILLA Y LEÓN;5.9.-Otros contra el patrimonio;2019;856
CASTILLA Y LEÓN;5.9.-Otros contra el patrimonio;2018;833
CASTILLA Y LEÓN;5.9.-Otros contra el patrimonio;2017;710
CASTILLA Y LEÓN;5.9.-Otros contra el patrimonio;2016;681
CASTILLA Y LEÓN;5.9.-Otros contra el patrimonio;2015;811
CASTILLA Y LEÓN;5.9.-Otros contra el patrimonio;2014;811
CASTILLA Y LEÓN;5.9.-Otros contra el patrimonio;2013;752
CASTILLA Y LEÓN;5.9.-Otros contra el patrimonio;2012;615
CASTILLA Y LEÓN;5.9.-Otros contra el patrimonio;2011;520
CASTILLA Y LEÓN;5.9.-Otros contra el patrimonio;2010;457
CASTILLA Y LEÓN;6. SEGURIDAD COLECTIVA;2023;2.945
CASTILLA Y LEÓN;6. SEGURIDAD COLECTIVA;2022;2.937
CASTILLA Y LEÓN;6. SEGURIDAD COLECTIVA;2021;2.812
CASTILLA Y LEÓN;6. SEGURIDAD COLECTIVA;2020;2.281
CASTILLA Y LEÓN;6. SEGURIDAD COLECTIVA;2019;2.809
CASTILLA Y LEÓN;6. SEGURIDAD COLECTIVA;2018;2.631
CASTILLA Y LEÓN;6. SEGURIDAD COLECTIVA;2017;2.333
CASTILLA Y LEÓN;6. SEGURIDAD COLECTIVA;2016;2.302
CASTILLA Y LEÓN;6. SEGURIDAD COLECTIVA;2015;2.549
CASTILLA Y LEÓN;6. SEGURIDAD COLECTIVA;2014;2.918
CASTILLA Y LEÓN;6. SEGURIDAD COLECTIVA;2013;3.297
CASTILLA Y LEÓN;6. SEGURIDAD COLECTIVA;2012;3.824
CASTILLA Y LEÓN;6. SEGURIDAD COLECTIVA;2011;4.233
CASTILLA Y LEÓN;6. SEGURIDAD COLECTIVA;2010;3.799
CASTILLA Y LEÓN;6.1.-Tráfico de drogas;2023;484
CASTILLA Y LEÓN;6.1.-Tráfico de drogas;2022;447
CASTILLA Y LEÓN;6.1.-Tráfico de drogas;2021;463
CASTILLA Y LEÓN;6.1.-Tráfico de drogas;2020;472
CASTILLA Y LEÓN;6.1.-Tráfico de drogas;2019;425
CASTILLA Y LEÓN;6.1.-Tráfico de drogas;2018;386
CASTILLA Y LEÓN;6.1.-Tráfico de drogas;2017;308
CASTILLA Y LEÓN;6.1.-Tráfico de drogas;2016;328
CASTILLA Y LEÓN;6.1.-Tráfico de drogas;2015;293
CASTILLA Y LEÓN;6.1.-Tráfico de drogas;2014;366
CASTILLA Y LEÓN;6.1.-Tráfico de drogas;2013;364
CASTILLA Y LEÓN;6.1.-Tráfico de drogas;2012;340
CASTILLA Y LEÓN;6.1.-Tráfico de drogas;2011;391
CASTILLA Y LEÓN;6.1.-Tráfico de drogas;2010;340
CASTILLA Y LEÓN;6.2.-Contra la seguridad vial;2023;2.371
CASTILLA Y LEÓN;6.2.-Contra la seguridad vial;2022;2.399
CASTILLA Y LEÓN;6.2.-Contra la seguridad vial;2021;2.279
CASTILLA Y LEÓN;6.2.-Contra la seguridad vial;2020;1.765
CASTILLA Y LEÓN;6.2.-Contra la seguridad vial;2019;2.313
CASTILLA Y LEÓN;6.2.-Contra la seguridad vial;2018;2.161
CASTILLA Y LEÓN;6.2.-Contra la seguridad vial;2017;1.933
CASTILLA Y LEÓN;6.2.-Contra la seguridad vial;2016;1.905
CASTILLA Y LEÓN;6.2.-Contra la seguridad vial;2015;2.185
CASTILLA Y LEÓN;6.2.-Contra la seguridad vial;2014;2.499
CASTILLA Y LEÓN;6.2.-Contra la seguridad vial;2013;2.885
CASTILLA Y LEÓN;6.2.-Contra la seguridad vial;2012;3.403
CASTILLA Y LEÓN;6.2.-Contra la seguridad vial;2011;3.769
CASTILLA Y LEÓN;6.2.-Contra la seguridad vial;2010;3.361
CASTILLA Y LEÓN;6.3.-Otros contra la seguridad colectiva;2023;90
CASTILLA Y LEÓN;6.3.-Otros contra la seguridad colectiva;2022;91
CASTILLA Y LEÓN;6.3.-Otros contra la seguridad colectiva;2021;70
CASTILLA Y LEÓN;6.3.-Otros contra la seguridad colectiva;2020;44
CASTILLA Y LEÓN;6.3.-Otros contra la seguridad colectiva;2019;71
CASTILLA Y LEÓN;6.3.-Otros contra la seguridad colectiva;2018;84
CASTILLA Y LEÓN;6.3.-Otros contra la seguridad colectiva;2017;92
CASTILLA Y LEÓN;6.3.-Otros contra la seguridad colectiva;2016;69
CASTILLA Y LEÓN;6.3.-Otros contra la seguridad colectiva;2015;71
CASTILLA Y LEÓN;6.3.-Otros contra la seguridad colectiva;2014;53
CASTILLA Y LEÓN;6.3.-Otros contra la seguridad colectiva;2013;48
CASTILLA Y LEÓN;6.3.-Otros contra la seguridad colectiva;2012;81
CASTILLA Y LEÓN;6.3.-Otros contra la seguridad colectiva;2011;73
CASTILLA Y LEÓN;6.3.-Otros contra la seguridad colectiva;2010;98
CASTILLA Y LEÓN;7. FALSEDADES;2023;723
CASTILLA Y LEÓN;7. FALSEDADES;2022;693
CASTILLA Y LEÓN;7. FALSEDADES;2021;636
CASTILLA Y LEÓN;7. FALSEDADES;2020;489
CASTILLA Y LEÓN;7. FALSEDADES;2019;489
CASTILLA Y LEÓN;7. FALSEDADES;2018;448
CASTILLA Y LEÓN;7. FALSEDADES;2017;380
CASTILLA Y LEÓN;7. FALSEDADES;2016;350
CASTILLA Y LEÓN;7. FALSEDADES;2015;319
CASTILLA Y LEÓN;7. FALSEDADES;2014;356
CASTILLA Y LEÓN;7. FALSEDADES;2013;326
CASTILLA Y LEÓN;7. FALSEDADES;2012;344
CASTILLA Y LEÓN;7. FALSEDADES;2011;340
CASTILLA Y LEÓN;7. FALSEDADES;2010;332
CASTILLA Y LEÓN;8. ADMÓN. PÚBLICA;2023;23
CASTILLA Y LEÓN;8. ADMÓN. PÚBLICA;2022;9
CASTILLA Y LEÓN;8. ADMÓN. PÚBLICA;2021;14
CASTILLA Y LEÓN;8. ADMÓN. PÚBLICA;2020;13
CASTILLA Y LEÓN;8. ADMÓN. PÚBLICA;2019;12
CASTILLA Y LEÓN;8. ADMÓN. PÚBLICA;2018;11
CASTILLA Y LEÓN;8. ADMÓN. PÚBLICA;2017;22
CASTILLA Y LEÓN;8. ADMÓN. PÚBLICA;2016;8
CASTILLA Y LEÓN;8. ADMÓN. PÚBLICA;2015;9
CASTILLA Y LEÓN;8. ADMÓN. PÚBLICA;2014;5
CASTILLA Y LEÓN;8. ADMÓN. PÚBLICA;2013;8
CASTILLA Y LEÓN;8. ADMÓN. PÚBLICA;2012;10
CASTILLA Y LEÓN;8. ADMÓN. PÚBLICA;2011;4
CASTILLA Y LEÓN;8. ADMÓN. PÚBLICA;2010;12
CASTILLA Y LEÓN;9. ADMÓN. JUSTICIA;2023;1.571
CASTILLA Y LEÓN;9. ADMÓN. JUSTICIA;2022;1.526
CASTILLA Y LEÓN;9. ADMÓN. JUSTICIA;2021;1.246
CASTILLA Y LEÓN;9. ADMÓN. JUSTICIA;2020;1.083
CASTILLA Y LEÓN;9. ADMÓN. JUSTICIA;2019;1.200
CASTILLA Y LEÓN;9. ADMÓN. JUSTICIA;2018;1.113
CASTILLA Y LEÓN;9. ADMÓN. JUSTICIA;2017;1.055
CASTILLA Y LEÓN;9. ADMÓN. JUSTICIA;2016;1.055
CASTILLA Y LEÓN;9. ADMÓN. JUSTICIA;2015;1.024
CASTILLA Y LEÓN;9. ADMÓN. JUSTICIA;2014;994
CASTILLA Y LEÓN;9. ADMÓN. JUSTICIA;2013;967
CASTILLA Y LEÓN;9. ADMÓN. JUSTICIA;2012;1.006
CASTILLA Y LEÓN;9. ADMÓN. JUSTICIA;2011;1.100
CASTILLA Y LEÓN;9. ADMÓN. JUSTICIA;2010;1.129
CASTILLA Y LEÓN;10. ORDEN PÚBLICO;2023;1.003
CASTILLA Y LEÓN;10. ORDEN PÚBLICO;2022;989
CASTILLA Y LEÓN;10. ORDEN PÚBLICO;2021;949
CASTILLA Y LEÓN;10. ORDEN PÚBLICO;2020;1.049
CASTILLA Y LEÓN;10. ORDEN PÚBLICO;2019;735
CASTILLA Y LEÓN;10. ORDEN PÚBLICO;2018;687
CASTILLA Y LEÓN;10. ORDEN PÚBLICO;2017;674
CASTILLA Y LEÓN;10. ORDEN PÚBLICO;2016;597
CASTILLA Y LEÓN;10. ORDEN PÚBLICO;2015;918
CASTILLA Y LEÓN;10. ORDEN PÚBLICO;2014;1.181
CASTILLA Y LEÓN;10. ORDEN PÚBLICO;2013;1.312
CASTILLA Y LEÓN;10. ORDEN PÚBLICO;2012;1.529
CASTILLA Y LEÓN;10. ORDEN PÚBLICO;2011;1.569
CASTILLA Y LEÓN;10. ORDEN PÚBLICO;2010;1.504
CASTILLA Y LEÓN;11. LEGISLACIÓN ESPECIAL;2023;9
CASTILLA Y LEÓN;11. LEGISLACIÓN ESPECIAL;2022;2
CASTILLA Y LEÓN;11. LEGISLACIÓN ESPECIAL;2021;3
CASTILLA Y LEÓN;11. LEGISLACIÓN ESPECIAL;2020;2
CASTILLA Y LEÓN;11. LEGISLACIÓN ESPECIAL;2019;7
CASTILLA Y LEÓN;11. LEGISLACIÓN ESPECIAL;2018;0
CASTILLA Y LEÓN;11. LEGISLACIÓN ESPECIAL;2017;8
CASTILLA Y LEÓN;11. LEGISLACIÓN ESPECIAL;2016;1
CASTILLA Y LEÓN;11. LEGISLACIÓN ESPECIAL;2015;2
CASTILLA Y LEÓN;11. LEGISLACIÓN ESPECIAL;2014;3
CASTILLA Y LEÓN;11. LEGISLACIÓN ESPECIAL;2013;0
CASTILLA Y LEÓN;11. LEGISLACIÓN ESPECIAL;2012;2
CASTILLA Y LEÓN;11. LEGISLACIÓN ESPECIAL;2011;4
CASTILLA Y LEÓN;11. LEGISLACIÓN ESPECIAL;2010;1
CASTILLA Y LEÓN;12. OTRAS INFRACCIONES PENALES;2023;544
CASTILLA Y LEÓN;12. OTRAS INFRACCIONES PENALES;2022;459
CASTILLA Y LEÓN;12. OTRAS INFRACCIONES PENALES;2021;407
CASTILLA Y LEÓN;12. OTRAS INFRACCIONES PENALES;2020;413
CASTILLA Y LEÓN;12. OTRAS INFRACCIONES PENALES;2019;380
CASTILLA Y LEÓN;12. OTRAS INFRACCIONES PENALES;2018;421
CASTILLA Y LEÓN;12. OTRAS INFRACCIONES PENALES;2017;413
CASTILLA Y LEÓN;12. OTRAS INFRACCIONES PENALES;2016;410
CASTILLA Y LEÓN;12. OTRAS INFRACCIONES PENALES;2015;315
CASTILLA Y LEÓN;12. OTRAS INFRACCIONES PENALES;2014;208
CASTILLA Y LEÓN;12. OTRAS INFRACCIONES PENALES;2013;159
CASTILLA Y LEÓN;12. OTRAS INFRACCIONES PENALES;2012;186
CASTILLA Y LEÓN;12. OTRAS INFRACCIONES PENALES;2011;183
CASTILLA Y LEÓN;12. OTRAS INFRACCIONES PENALES;2010;218
CASTILLA Y LEÓN;TOTAL INFRACCIONES PENALES;2023;36.361
CASTILLA Y LEÓN;TOTAL INFRACCIONES PENALES;2022;33.859
CASTILLA Y LEÓN;TOTAL INFRACCIONES PENALES;2021;29.798
CASTILLA Y LEÓN;TOTAL INFRACCIONES PENALES;2020;25.636
CASTILLA Y LEÓN;TOTAL INFRACCIONES PENALES;2019;29.437
CASTILLA Y LEÓN;TOTAL INFRACCIONES PENALES;2018;28.187
CASTILLA Y LEÓN;TOTAL INFRACCIONES PENALES;2017;27.919
CASTILLA Y LEÓN;TOTAL INFRACCIONES PENALES;2016;27.267
CASTILLA Y LEÓN;TOTAL INFRACCIONES PENALES;2015;29.041
CASTILLA Y LEÓN;TOTAL INFRACCIONES PENALES;2014;32.541
CASTILLA Y LEÓN;TOTAL INFRACCIONES PENALES;2013;32.707
CASTILLA Y LEÓN;TOTAL INFRACCIONES PENALES;2012;33.370
CASTILLA Y LEÓN;TOTAL INFRACCIONES PENALES;2011;34.245
CASTILLA Y LEÓN;TOTAL INFRACCIONES PENALES;2010;34.018
CASTILLA - LA MANCHA;1. CONTRA LAS PERSONAS;2023;8.059
CASTILLA - LA MANCHA;1. CONTRA LAS PERSONAS;2022;7.596
CASTILLA - LA MANCHA;1. CONTRA LAS PERSONAS;2021;6.760
CASTILLA - LA MANCHA;1. CONTRA LAS PERSONAS;2020;5.869
CASTILLA - LA MANCHA;1. CONTRA LAS PERSONAS;2019;6.686
CASTILLA - LA MANCHA;1. CONTRA LAS PERSONAS;2018;6.309
CASTILLA - LA MANCHA;1. CONTRA LAS PERSONAS;2017;6.003
CASTILLA - LA MANCHA;1. CONTRA LAS PERSONAS;2016;5.822
CASTILLA - LA MANCHA;1. CONTRA LAS PERSONAS;2015;7.904
CASTILLA - LA MANCHA;1. CONTRA LAS PERSONAS;2014;9.991
CASTILLA - LA MANCHA;1. CONTRA LAS PERSONAS;2013;10.131
CASTILLA - LA MANCHA;1. CONTRA LAS PERSONAS;2012;10.760
CASTILLA - LA MANCHA;1. CONTRA LAS PERSONAS;2011;10.872
CASTILLA - LA MANCHA;1. CONTRA LAS PERSONAS;2010;11.015
CASTILLA - LA MANCHA;1.1.-Homicidios dolosos/asesinatos;2023;61
CASTILLA - LA MANCHA;1.1.-Homicidios dolosos/asesinatos;2022;64
CASTILLA - LA MANCHA;1.1.-Homicidios dolosos/asesinatos;2021;75
CASTILLA - LA MANCHA;1.1.-Homicidios dolosos/asesinatos;2020;42
CASTILLA - LA MANCHA;1.1.-Homicidios dolosos/asesinatos;2019;37
CASTILLA - LA MANCHA;1.1.-Homicidios dolosos/asesinatos;2018;35
CASTILLA - LA MANCHA;1.1.-Homicidios dolosos/asesinatos;2017;41
CASTILLA - LA MANCHA;1.1.-Homicidios dolosos/asesinatos;2016;39
CASTILLA - LA MANCHA;1.1.-Homicidios dolosos/asesinatos;2015;36
CASTILLA - LA MANCHA;1.1.-Homicidios dolosos/asesinatos;2014;46
CASTILLA - LA MANCHA;1.1.-Homicidios dolosos/asesinatos;2013;32
CASTILLA - LA MANCHA;1.1.-Homicidios dolosos/asesinatos;2012;36
CASTILLA - LA MANCHA;1.1.-Homicidios dolosos/asesinatos;2011;27
CASTILLA - LA MANCHA;1.1.-Homicidios dolosos/asesinatos;2010;41
CASTILLA - LA MANCHA;1.1.1.-Homicidios dolosos/asesinatos consumados;2023;16
CASTILLA - LA MANCHA;1.1.1.-Homicidios dolosos/asesinatos consumados;2022;17
CASTILLA - LA MANCHA;1.1.1.-Homicidios dolosos/asesinatos consumados;2021;11
CASTILLA - LA MANCHA;1.1.1.-Homicidios dolosos/asesinatos consumados;2020;15
CASTILLA - LA MANCHA;1.1.1.-Homicidios dolosos/asesinatos consumados;2019;12
CASTILLA - LA MANCHA;1.1.1.-Homicidios dolosos/asesinatos consumados;2018;9
CASTILLA - LA MANCHA;1.1.1.-Homicidios dolosos/asesinatos consumados;2017;12
CASTILLA - LA MANCHA;1.1.1.-Homicidios dolosos/asesinatos consumados;2016;12
CASTILLA - LA MANCHA;1.1.1.-Homicidios dolosos/asesinatos consumados;2015;14
CASTILLA - LA MANCHA;1.1.1.-Homicidios dolosos/asesinatos consumados;2014;15
CASTILLA - LA MANCHA;1.1.1.-Homicidios dolosos/asesinatos consumados;2013;14
CASTILLA - LA MANCHA;1.1.1.-Homicidios dolosos/asesinatos consumados;2012;16
CASTILLA - LA MANCHA;1.1.1.-Homicidios dolosos/asesinatos consumados;2011;8
CASTILLA - LA MANCHA;1.1.1.-Homicidios dolosos/asesinatos consumados;2010;11
CASTILLA - LA MANCHA;1.2.-Lesiones;2023;4.136
CASTILLA - LA MANCHA;1.2.-Lesiones;2022;3.921
CASTILLA - LA MANCHA;1.2.-Lesiones;2021;3.409
CASTILLA - LA MANCHA;1.2.-Lesiones;2020;2.766
CASTILLA - LA MANCHA;1.2.-Lesiones;2019;3.428
CASTILLA - LA MANCHA;1.2.-Lesiones;2018;3.284
CASTILLA - LA MANCHA;1.2.-Lesiones;2017;3.266
CASTILLA - LA MANCHA;1.2.-Lesiones;2016;3.249
CASTILLA - LA MANCHA;1.2.-Lesiones;2015;3.249
CASTILLA - LA MANCHA;1.2.-Lesiones;2014;3.450
CASTILLA - LA MANCHA;1.2.-Lesiones;2013;3.542
CASTILLA - LA MANCHA;1.2.-Lesiones;2012;3.764
CASTILLA - LA MANCHA;1.2.-Lesiones;2011;3.926
CASTILLA - LA MANCHA;1.2.-Lesiones;2010;3.918
CASTILLA - LA MANCHA;1.3.-Malos tratos ámbito familiar;2023;3.691
CASTILLA - LA MANCHA;1.3.-Malos tratos ámbito familiar;2022;3.459
CASTILLA - LA MANCHA;1.3.-Malos tratos ámbito familiar;2021;3.139
CASTILLA - LA MANCHA;1.3.-Malos tratos ámbito familiar;2020;2.926
CASTILLA - LA MANCHA;1.3.-Malos tratos ámbito familiar;2019;3.071
CASTILLA - LA MANCHA;1.3.-Malos tratos ámbito familiar;2018;2.895
CASTILLA - LA MANCHA;1.3.-Malos tratos ámbito familiar;2017;2.606
CASTILLA - LA MANCHA;1.3.-Malos tratos ámbito familiar;2016;2.471
CASTILLA - LA MANCHA;1.3.-Malos tratos ámbito familiar;2015;2.507
CASTILLA - LA MANCHA;1.3.-Malos tratos ámbito familiar;2014;2.421
CASTILLA - LA MANCHA;1.3.-Malos tratos ámbito familiar;2013;2.346
CASTILLA - LA MANCHA;1.3.-Malos tratos ámbito familiar;2012;2.497
CASTILLA - LA MANCHA;1.3.-Malos tratos ámbito familiar;2011;2.520
CASTILLA - LA MANCHA;1.3.-Malos tratos ámbito familiar;2010;2.658
CASTILLA - LA MANCHA;1.4.-Otros contra las personas;2023;171
CASTILLA - LA MANCHA;1.4.-Otros contra las personas;2022;152
CASTILLA - LA MANCHA;1.4.-Otros contra las personas;2021;137
CASTILLA - LA MANCHA;1.4.-Otros contra las personas;2020;135
CASTILLA - LA MANCHA;1.4.-Otros contra las personas;2019;150
CASTILLA - LA MANCHA;1.4.-Otros contra las personas;2018;95
CASTILLA - LA MANCHA;1.4.-Otros contra las personas;2017;90
CASTILLA - LA MANCHA;1.4.-Otros contra las personas;2016;63
CASTILLA - LA MANCHA;1.4.-Otros contra las personas;2015;2.112
CASTILLA - LA MANCHA;1.4.-Otros contra las personas;2014;4.074
CASTILLA - LA MANCHA;1.4.-Otros contra las personas;2013;4.211
CASTILLA - LA MANCHA;1.4.-Otros contra las personas;2012;4.463
CASTILLA - LA MANCHA;1.4.-Otros contra las personas;2011;4.399
CASTILLA - LA MANCHA;1.4.-Otros contra las personas;2010;4.398
CASTILLA - LA MANCHA;2. CONTRA LA LIBERTAD;2023;5.133
CASTILLA - LA MANCHA;2. CONTRA LA LIBERTAD;2022;4.774
CASTILLA - LA MANCHA;2. CONTRA LA LIBERTAD;2021;4.505
CASTILLA - LA MANCHA;2. CONTRA LA LIBERTAD;2020;3.924
CASTILLA - LA MANCHA;2. CONTRA LA LIBERTAD;2019;3.911
CASTILLA - LA MANCHA;2. CONTRA LA LIBERTAD;2018;3.869
CASTILLA - LA MANCHA;2. CONTRA LA LIBERTAD;2017;3.790
CASTILLA - LA MANCHA;2. CONTRA LA LIBERTAD;2016;3.594
CASTILLA - LA MANCHA;2. CONTRA LA LIBERTAD;2015;2.350
CASTILLA - LA MANCHA;2. CONTRA LA LIBERTAD;2014;1.212
CASTILLA - LA MANCHA;2. CONTRA LA LIBERTAD;2013;1.267
CASTILLA - LA MANCHA;2. CONTRA LA LIBERTAD;2012;1.215
CASTILLA - LA MANCHA;2. CONTRA LA LIBERTAD;2011;1.305
CASTILLA - LA MANCHA;2. CONTRA LA LIBERTAD;2010;1.055
CASTILLA - LA MANCHA;2.1.-Malos tratos habituales en el ámbito familiar;2023;983
CASTILLA - LA MANCHA;2.1.-Malos tratos habituales en el ámbito familiar;2022;806
CASTILLA - LA MANCHA;2.1.-Malos tratos habituales en el ámbito familiar;2021;675
CASTILLA - LA MANCHA;2.1.-Malos tratos habituales en el ámbito familiar;2020;573
CASTILLA - LA MANCHA;2.1.-Malos tratos habituales en el ámbito familiar;2019;594
CASTILLA - LA MANCHA;2.1.-Malos tratos habituales en el ámbito familiar;2018;590
CASTILLA - LA MANCHA;2.1.-Malos tratos habituales en el ámbito familiar;2017;593
CASTILLA - LA MANCHA;2.1.-Malos tratos habituales en el ámbito familiar;2016;523
CASTILLA - LA MANCHA;2.1.-Malos tratos habituales en el ámbito familiar;2015;568
CASTILLA - LA MANCHA;2.1.-Malos tratos habituales en el ámbito familiar;2014;527
CASTILLA - LA MANCHA;2.1.-Malos tratos habituales en el ámbito familiar;2013;559
CASTILLA - LA MANCHA;2.1.-Malos tratos habituales en el ámbito familiar;2012;517
CASTILLA - LA MANCHA;2.1.-Malos tratos habituales en el ámbito familiar;2011;570
CASTILLA - LA MANCHA;2.1.-Malos tratos habituales en el ámbito familiar;2010;492
CASTILLA - LA MANCHA;2.2.-Otros contra la libertad;2023;4.150
CASTILLA - LA MANCHA;2.2.-Otros contra la libertad;2022;3.968
CASTILLA - LA MANCHA;2.2.-Otros contra la libertad;2021;3.830
CASTILLA - LA MANCHA;2.2.-Otros contra la libertad;2020;3.351
CASTILLA - LA MANCHA;2.2.-Otros contra la libertad;2019;3.317
CASTILLA - LA MANCHA;2.2.-Otros contra la libertad;2018;3.279
CASTILLA - LA MANCHA;2.2.-Otros contra la libertad;2017;3.197
CASTILLA - LA MANCHA;2.2.-Otros contra la libertad;2016;3.071
CASTILLA - LA MANCHA;2.2.-Otros contra la libertad;2015;1.782
CASTILLA - LA MANCHA;2.2.-Otros contra la libertad;2014;685
CASTILLA - LA MANCHA;2.2.-Otros contra la libertad;2013;708
CASTILLA - LA MANCHA;2.2.-Otros contra la libertad;2012;698
CASTILLA - LA MANCHA;2.2.-Otros contra la libertad;2011;735
CASTILLA - LA MANCHA;2.2.-Otros contra la libertad;2010;563
CASTILLA - LA MANCHA;3. LIBERTAD SEXUAL;2023;641
CASTILLA - LA MANCHA;3. LIBERTAD SEXUAL;2022;528
CASTILLA - LA MANCHA;3. LIBERTAD SEXUAL;2021;490
CASTILLA - LA MANCHA;3. LIBERTAD SEXUAL;2020;393
CASTILLA - LA MANCHA;3. LIBERTAD SEXUAL;2019;453
CASTILLA - LA MANCHA;3. LIBERTAD SEXUAL;2018;406
CASTILLA - LA MANCHA;3. LIBERTAD SEXUAL;2017;321
CASTILLA - LA MANCHA;3. LIBERTAD SEXUAL;2016;306
CASTILLA - LA MANCHA;3. LIBERTAD SEXUAL;2015;253
CASTILLA - LA MANCHA;3. LIBERTAD SEXUAL;2014;251
CASTILLA - LA MANCHA;3. LIBERTAD SEXUAL;2013;268
CASTILLA - LA MANCHA;3. LIBERTAD SEXUAL;2012;219
CASTILLA - LA MANCHA;3. LIBERTAD SEXUAL;2011;273
CASTILLA - LA MANCHA;3. LIBERTAD SEXUAL;2010;252
CASTILLA - LA MANCHA;3.1.-Agresión sexual;2023;415
CASTILLA - LA MANCHA;3.1.-Agresión sexual;2022;347
CASTILLA - LA MANCHA;3.1.-Agresión sexual;2021;317
CASTILLA - LA MANCHA;3.1.-Agresión sexual;2020;256
CASTILLA - LA MANCHA;3.1.-Agresión sexual;2019;285
CASTILLA - LA MANCHA;3.1.-Agresión sexual;2018;247
CASTILLA - LA MANCHA;3.1.-Agresión sexual;2017;183
CASTILLA - LA MANCHA;3.1.-Agresión sexual;2016;168
CASTILLA - LA MANCHA;3.1.-Agresión sexual;2015;164
CASTILLA - LA MANCHA;3.1.-Agresión sexual;2014;155
CASTILLA - LA MANCHA;3.1.-Agresión sexual;2013;153
CASTILLA - LA MANCHA;3.1.-Agresión sexual;2012;134
CASTILLA - LA MANCHA;3.1.-Agresión sexual;2011;161
CASTILLA - LA MANCHA;3.1.-Agresión sexual;2010;149
CASTILLA - LA MANCHA;3.2.-Agresión sexual con penetración;2023;118
CASTILLA - LA MANCHA;3.2.-Agresión sexual con penetración;2022;104
CASTILLA - LA MANCHA;3.2.-Agresión sexual con penetración;2021;95
CASTILLA - LA MANCHA;3.2.-Agresión sexual con penetración;2020;64
CASTILLA - LA MANCHA;3.2.-Agresión sexual con penetración;2019;69
CASTILLA - LA MANCHA;3.2.-Agresión sexual con penetración;2018;72
CASTILLA - LA MANCHA;3.2.-Agresión sexual con penetración;2017;46
CASTILLA - LA MANCHA;3.2.-Agresión sexual con penetración;2016;44
CASTILLA - LA MANCHA;3.2.-Agresión sexual con penetración;2015;26
CASTILLA - LA MANCHA;3.2.-Agresión sexual con penetración;2014;32
CASTILLA - LA MANCHA;3.2.-Agresión sexual con penetración;2013;50
CASTILLA - LA MANCHA;3.2.-Agresión sexual con penetración;2012;38
CASTILLA - LA MANCHA;3.2.-Agresión sexual con penetración;2011;56
CASTILLA - LA MANCHA;3.2.-Agresión sexual con penetración;2010;40
CASTILLA - LA MANCHA;3.3.-Corrupción de menores o incapacitados;2023;15
CASTILLA - LA MANCHA;3.3.-Corrupción de menores o incapacitados;2022;9
CASTILLA - LA MANCHA;3.3.-Corrupción de menores o incapacitados;2021;14
CASTILLA - LA MANCHA;3.3.-Corrupción de menores o incapacitados;2020;15
CASTILLA - LA MANCHA;3.3.-Corrupción de menores o incapacitados;2019;13
CASTILLA - LA MANCHA;3.3.-Corrupción de menores o incapacitados;2018;13
CASTILLA - LA MANCHA;3.3.-Corrupción de menores o incapacitados;2017;22
CASTILLA - LA MANCHA;3.3.-Corrupción de menores o incapacitados;2016;28
CASTILLA - LA MANCHA;3.3.-Corrupción de menores o incapacitados;2015;15
CASTILLA - LA MANCHA;3.3.-Corrupción de menores o incapacitados;2014;14
CASTILLA - LA MANCHA;3.3.-Corrupción de menores o incapacitados;2013;7
CASTILLA - LA MANCHA;3.3.-Corrupción de menores o incapacitados;2012;8
CASTILLA - LA MANCHA;3.3.-Corrupción de menores o incapacitados;2011;12
CASTILLA - LA MANCHA;3.3.-Corrupción de menores o incapacitados;2010;6
CASTILLA - LA MANCHA;3.4.-Pornografía de menores;2023;23
CASTILLA - LA MANCHA;3.4.-Pornografía de menores;2022;9
CASTILLA - LA MANCHA;3.4.-Pornografía de menores;2021;17
CASTILLA - LA MANCHA;3.4.-Pornografía de menores;2020;13
CASTILLA - LA MANCHA;3.4.-Pornografía de menores;2019;32
CASTILLA - LA MANCHA;3.4.-Pornografía de menores;2018;26
CASTILLA - LA MANCHA;3.4.-Pornografía de menores;2017;18
CASTILLA - LA MANCHA;3.4.-Pornografía de menores;2016;12
CASTILLA - LA MANCHA;3.4.-Pornografía de menores;2015;14
CASTILLA - LA MANCHA;3.4.-Pornografía de menores;2014;15
CASTILLA - LA MANCHA;3.4.-Pornografía de menores;2013;6
CASTILLA - LA MANCHA;3.4.-Pornografía de menores;2012;13
CASTILLA - LA MANCHA;3.4.-Pornografía de menores;2011;6
CASTILLA - LA MANCHA;3.4.-Pornografía de menores;2010;13
CASTILLA - LA MANCHA;3.5.-Otros contra la libertad sexual;2023;70
CASTILLA - LA MANCHA;3.5.-Otros contra la libertad sexual;2022;59
CASTILLA - LA MANCHA;3.5.-Otros contra la libertad sexual;2021;47
CASTILLA - LA MANCHA;3.5.-Otros contra la libertad sexual;2020;45
CASTILLA - LA MANCHA;3.5.-Otros contra la libertad sexual;2019;54
CASTILLA - LA MANCHA;3.5.-Otros contra la libertad sexual;2018;48
CASTILLA - LA MANCHA;3.5.-Otros contra la libertad sexual;2017;52
CASTILLA - LA MANCHA;3.5.-Otros contra la libertad sexual;2016;54
CASTILLA - LA MANCHA;3.5.-Otros contra la libertad sexual;2015;34
CASTILLA - LA MANCHA;3.5.-Otros contra la libertad sexual;2014;35
CASTILLA - LA MANCHA;3.5.-Otros contra la libertad sexual;2013;52
CASTILLA - LA MANCHA;3.5.-Otros contra la libertad sexual;2012;26
CASTILLA - LA MANCHA;3.5.-Otros contra la libertad sexual;2011;38
CASTILLA - LA MANCHA;3.5.-Otros contra la libertad sexual;2010;44
CASTILLA - LA MANCHA;4. RELACIONES FAMILIARES;2023;325
CASTILLA - LA MANCHA;4. RELACIONES FAMILIARES;2022;386
CASTILLA - LA MANCHA;4. RELACIONES FAMILIARES;2021;323
CASTILLA - LA MANCHA;4. RELACIONES FAMILIARES;2020;318
CASTILLA - LA MANCHA;4. RELACIONES FAMILIARES;2019;310
CASTILLA - LA MANCHA;4. RELACIONES FAMILIARES;2018;293
CASTILLA - LA MANCHA;4. RELACIONES FAMILIARES;2017;320
CASTILLA - LA MANCHA;4. RELACIONES FAMILIARES;2016;334
CASTILLA - LA MANCHA;4. RELACIONES FAMILIARES;2015;346
CASTILLA - LA MANCHA;4. RELACIONES FAMILIARES;2014;370
CASTILLA - LA MANCHA;4. RELACIONES FAMILIARES;2013;368
CASTILLA - LA MANCHA;4. RELACIONES FAMILIARES;2012;313
CASTILLA - LA MANCHA;4. RELACIONES FAMILIARES;2011;228
CASTILLA - LA MANCHA;4. RELACIONES FAMILIARES;2010;216
CASTILLA - LA MANCHA;5. PATRIMONIO;2023;14.121
CASTILLA - LA MANCHA;5. PATRIMONIO;2022;12.281
CASTILLA - LA MANCHA;5. PATRIMONIO;2021;10.647
CASTILLA - LA MANCHA;5. PATRIMONIO;2020;9.367
CASTILLA - LA MANCHA;5. PATRIMONIO;2019;10.926
CASTILLA - LA MANCHA;5. PATRIMONIO;2018;10.131
CASTILLA - LA MANCHA;5. PATRIMONIO;2017;10.396
CASTILLA - LA MANCHA;5. PATRIMONIO;2016;10.718
CASTILLA - LA MANCHA;5. PATRIMONIO;2015;10.649
CASTILLA - LA MANCHA;5. PATRIMONIO;2014;11.423
CASTILLA - LA MANCHA;5. PATRIMONIO;2013;12.355
CASTILLA - LA MANCHA;5. PATRIMONIO;2012;11.061
CASTILLA - LA MANCHA;5. PATRIMONIO;2011;10.308
CASTILLA - LA MANCHA;5. PATRIMONIO;2010;11.156
CASTILLA - LA MANCHA;5.1.-Hurtos;2023;3.859
CASTILLA - LA MANCHA;5.1.-Hurtos;2022;3.234
CASTILLA - LA MANCHA;5.1.-Hurtos;2021;2.556
CASTILLA - LA MANCHA;5.1.-Hurtos;2020;2.440
CASTILLA - LA MANCHA;5.1.-Hurtos;2019;3.003
CASTILLA - LA MANCHA;5.1.-Hurtos;2018;2.963
CASTILLA - LA MANCHA;5.1.-Hurtos;2017;3.090
CASTILLA - LA MANCHA;5.1.-Hurtos;2016;3.324
CASTILLA - LA MANCHA;5.1.-Hurtos;2015;3.455
CASTILLA - LA MANCHA;5.1.-Hurtos;2014;3.699
CASTILLA - LA MANCHA;5.1.-Hurtos;2013;3.875
CASTILLA - LA MANCHA;5.1.-Hurtos;2012;3.525
CASTILLA - LA MANCHA;5.1.-Hurtos;2011;3.344
CASTILLA - LA MANCHA;5.1.-Hurtos;2010;3.429
CASTILLA - LA MANCHA;5.2.-Robos con fuerza en las cosas;2023;2.357
CASTILLA - LA MANCHA;5.2.-Robos con fuerza en las cosas;2022;1.868
CASTILLA - LA MANCHA;5.2.-Robos con fuerza en las cosas;2021;1.593
CASTILLA - LA MANCHA;5.2.-Robos con fuerza en las cosas;2020;1.654
CASTILLA - LA MANCHA;5.2.-Robos con fuerza en las cosas;2019;2.271
CASTILLA - LA MANCHA;5.2.-Robos con fuerza en las cosas;2018;1.930
CASTILLA - LA MANCHA;5.2.-Robos con fuerza en las cosas;2017;2.631
CASTILLA - LA MANCHA;5.2.-Robos con fuerza en las cosas;2016;2.693
CASTILLA - LA MANCHA;5.2.-Robos con fuerza en las cosas;2015;2.607
CASTILLA - LA MANCHA;5.2.-Robos con fuerza en las cosas;2014;3.037
CASTILLA - LA MANCHA;5.2.-Robos con fuerza en las cosas;2013;3.556
CASTILLA - LA MANCHA;5.2.-Robos con fuerza en las cosas;2012;2.713
CASTILLA - LA MANCHA;5.2.-Robos con fuerza en las cosas;2011;2.414
CASTILLA - LA MANCHA;5.2.-Robos con fuerza en las cosas;2010;3.251
CASTILLA - LA MANCHA;5.2.1.-Robos con fuerza en las cosas en el interior de vehículos;2023;511
CASTILLA - LA MANCHA;5.2.1.-Robos con fuerza en las cosas en el interior de vehículos;2022;379
CASTILLA - LA MANCHA;5.2.1.-Robos con fuerza en las cosas en el interior de vehículos;2021;249
CASTILLA - LA MANCHA;5.2.1.-Robos con fuerza en las cosas en el interior de vehículos;2020;332
CASTILLA - LA MANCHA;5.2.1.-Robos con fuerza en las cosas en el interior de vehículos;2019;344
CASTILLA - LA MANCHA;5.2.1.-Robos con fuerza en las cosas en el interior de vehículos;2018;419
CASTILLA - LA MANCHA;5.2.1.-Robos con fuerza en las cosas en el interior de vehículos;2017;396
CASTILLA - LA MANCHA;5.2.1.-Robos con fuerza en las cosas en el interior de vehículos;2016;455
CASTILLA - LA MANCHA;5.2.1.-Robos con fuerza en las cosas en el interior de vehículos;2015;450
CASTILLA - LA MANCHA;5.2.1.-Robos con fuerza en las cosas en el interior de vehículos;2014;516
CASTILLA - LA MANCHA;5.2.1.-Robos con fuerza en las cosas en el interior de vehículos;2013;532
CASTILLA - LA MANCHA;5.2.1.-Robos con fuerza en las cosas en el interior de vehículos;2012;489
CASTILLA - LA MANCHA;5.2.1.-Robos con fuerza en las cosas en el interior de vehículos;2011;377
CASTILLA - LA MANCHA;5.2.1.-Robos con fuerza en las cosas en el interior de vehículos;2010;438
CASTILLA - LA MANCHA;5.2.2.-Robos con fuerza en viviendas;2023;629
CASTILLA - LA MANCHA;5.2.2.-Robos con fuerza en viviendas;2022;572
CASTILLA - LA MANCHA;5.2.2.-Robos con fuerza en viviendas;2021;501
CASTILLA - LA MANCHA;5.2.2.-Robos con fuerza en viviendas;2020;601
CASTILLA - LA MANCHA;5.2.2.-Robos con fuerza en viviendas;2019;750
CASTILLA - LA MANCHA;5.2.2.-Robos con fuerza en viviendas;2018;695
CASTILLA - LA MANCHA;5.2.2.-Robos con fuerza en viviendas;2017;1.082
CASTILLA - LA MANCHA;5.2.2.-Robos con fuerza en viviendas;2016;977
CASTILLA - LA MANCHA;5.2.2.-Robos con fuerza en viviendas;2015;886
CASTILLA - LA MANCHA;5.2.2.-Robos con fuerza en viviendas;2014;1.016
CASTILLA - LA MANCHA;5.2.2.-Robos con fuerza en viviendas;2013;1.288
CASTILLA - LA MANCHA;5.2.2.-Robos con fuerza en viviendas;2012;909
CASTILLA - LA MANCHA;5.2.2.-Robos con fuerza en viviendas;2011;708
CASTILLA - LA MANCHA;5.2.2.-Robos con fuerza en viviendas;2010;897
CASTILLA - LA MANCHA;5.2.3.-Robos con fuerza en establecimientos;2023;452
CASTILLA - LA MANCHA;5.2.3.-Robos con fuerza en establecimientos;2022;414
CASTILLA - LA MANCHA;5.2.3.-Robos con fuerza en establecimientos;2021;399
CASTILLA - LA MANCHA;5.2.3.-Robos con fuerza en establecimientos;2020;344
CASTILLA - LA MANCHA;5.2.3.-Robos con fuerza en establecimientos;2019;624
CASTILLA - LA MANCHA;5.2.3.-Robos con fuerza en establecimientos;2018;351
CASTILLA - LA MANCHA;5.2.3.-Robos con fuerza en establecimientos;2017;617
CASTILLA - LA MANCHA;5.2.3.-Robos con fuerza en establecimientos;2016;550
CASTILLA - LA MANCHA;5.2.3.-Robos con fuerza en establecimientos;2015;508
CASTILLA - LA MANCHA;5.2.3.-Robos con fuerza en establecimientos;2014;551
CASTILLA - LA MANCHA;5.2.3.-Robos con fuerza en establecimientos;2013;621
CASTILLA - LA MANCHA;5.2.3.-Robos con fuerza en establecimientos;2012;434
CASTILLA - LA MANCHA;5.2.3.-Robos con fuerza en establecimientos;2011;437
CASTILLA - LA MANCHA;5.2.3.-Robos con fuerza en establecimientos;2010;639
CASTILLA - LA MANCHA;5.3.-Robos con violencia o intimidación;2023;560
CASTILLA - LA MANCHA;5.3.-Robos con violencia o intimidación;2022;469
CASTILLA - LA MANCHA;5.3.-Robos con violencia o intimidación;2021;453
CASTILLA - LA MANCHA;5.3.-Robos con violencia o intimidación;2020;426
CASTILLA - LA MANCHA;5.3.-Robos con violencia o intimidación;2019;459
CASTILLA - LA MANCHA;5.3.-Robos con violencia o intimidación;2018;429
CASTILLA - LA MANCHA;5.3.-Robos con violencia o intimidación;2017;402
CASTILLA - LA MANCHA;5.3.-Robos con violencia o intimidación;2016;385
CASTILLA - LA MANCHA;5.3.-Robos con violencia o intimidación;2015;410
CASTILLA - LA MANCHA;5.3.-Robos con violencia o intimidación;2014;479
CASTILLA - LA MANCHA;5.3.-Robos con violencia o intimidación;2013;593
CASTILLA - LA MANCHA;5.3.-Robos con violencia o intimidación;2012;556
CASTILLA - LA MANCHA;5.3.-Robos con violencia o intimidación;2011;561
CASTILLA - LA MANCHA;5.3.-Robos con violencia o intimidación;2010;549
CASTILLA - LA MANCHA;5.3.1.-Robos con violencia en vía pública;2023;289
CASTILLA - LA MANCHA;5.3.1.-Robos con violencia en vía pública;2022;242
CASTILLA - LA MANCHA;5.3.1.-Robos con violencia en vía pública;2021;225
CASTILLA - LA MANCHA;5.3.1.-Robos con violencia en vía pública;2020;199
CASTILLA - LA MANCHA;5.3.1.-Robos con violencia en vía pública;2019;237
CASTILLA - LA MANCHA;5.3.1.-Robos con violencia en vía pública;2018;241
CASTILLA - LA MANCHA;5.3.1.-Robos con violencia en vía pública;2017;199
CASTILLA - LA MANCHA;5.3.1.-Robos con violencia en vía pública;2016;207
CASTILLA - LA MANCHA;5.3.1.-Robos con violencia en vía pública;2015;264
CASTILLA - LA MANCHA;5.3.1.-Robos con violencia en vía pública;2014;258
CASTILLA - LA MANCHA;5.3.1.-Robos con violencia en vía pública;2013;324
CASTILLA - LA MANCHA;5.3.1.-Robos con violencia en vía pública;2012;325
CASTILLA - LA MANCHA;5.3.1.-Robos con violencia en vía pública;2011;326
CASTILLA - LA MANCHA;5.3.1.-Robos con violencia en vía pública;2010;337
CASTILLA - LA MANCHA;5.3.2.-Robos con violencia en viviendas;2023;91
CASTILLA - LA MANCHA;5.3.2.-Robos con violencia en viviendas;2022;52
CASTILLA - LA MANCHA;5.3.2.-Robos con violencia en viviendas;2021;45
CASTILLA - LA MANCHA;5.3.2.-Robos con violencia en viviendas;2020;56
CASTILLA - LA MANCHA;5.3.2.-Robos con violencia en viviendas;2019;50
CASTILLA - LA MANCHA;5.3.2.-Robos con violencia en viviendas;2018;53
CASTILLA - LA MANCHA;5.3.2.-Robos con violencia en viviendas;2017;43
CASTILLA - LA MANCHA;5.3.2.-Robos con violencia en viviendas;2016;46
CASTILLA - LA MANCHA;5.3.2.-Robos con violencia en viviendas;2015;33
CASTILLA - LA MANCHA;5.3.2.-Robos con violencia en viviendas;2014;59
CASTILLA - LA MANCHA;5.3.2.-Robos con violencia en viviendas;2013;69
CASTILLA - LA MANCHA;5.3.2.-Robos con violencia en viviendas;2012;54
CASTILLA - LA MANCHA;5.3.2.-Robos con violencia en viviendas;2011;64
CASTILLA - LA MANCHA;5.3.2.-Robos con violencia en viviendas;2010;47
CASTILLA - LA MANCHA;5.3.3.-Robos con violencia en establecimientos;2023;133
CASTILLA - LA MANCHA;5.3.3.-Robos con violencia en establecimientos;2022;124
CASTILLA - LA MANCHA;5.3.3.-Robos con violencia en establecimientos;2021;119
CASTILLA - LA MANCHA;5.3.3.-Robos con violencia en establecimientos;2020;125
CASTILLA - LA MANCHA;5.3.3.-Robos con violencia en establecimientos;2019;105
CASTILLA - LA MANCHA;5.3.3.-Robos con violencia en establecimientos;2018;87
CASTILLA - LA MANCHA;5.3.3.-Robos con violencia en establecimientos;2017;108
CASTILLA - LA MANCHA;5.3.3.-Robos con violencia en establecimientos;2016;82
CASTILLA - LA MANCHA;5.3.3.-Robos con violencia en establecimientos;2015;74
CASTILLA - LA MANCHA;5.3.3.-Robos con violencia en establecimientos;2014;101
CASTILLA - LA MANCHA;5.3.3.-Robos con violencia en establecimientos;2013;122
CASTILLA - LA MANCHA;5.3.3.-Robos con violencia en establecimientos;2012;119
CASTILLA - LA MANCHA;5.3.3.-Robos con violencia en establecimientos;2011;107
CASTILLA - LA MANCHA;5.3.3.-Robos con violencia en establecimientos;2010;104
CASTILLA - LA MANCHA;5.4.-Sustracción de vehículos;2023;308
CASTILLA - LA MANCHA;5.4.-Sustracción de vehículos;2022;263
CASTILLA - LA MANCHA;5.4.-Sustracción de vehículos;2021;214
CASTILLA - LA MANCHA;5.4.-Sustracción de vehículos;2020;183
CASTILLA - LA MANCHA;5.4.-Sustracción de vehículos;2019;233
CASTILLA - LA MANCHA;5.4.-Sustracción de vehículos;2018;210
CASTILLA - LA MANCHA;5.4.-Sustracción de vehículos;2017;311
CASTILLA - LA MANCHA;5.4.-Sustracción de vehículos;2016;431
CASTILLA - LA MANCHA;5.4.-Sustracción de vehículos;2015;371
CASTILLA - LA MANCHA;5.4.-Sustracción de vehículos;2014;341
CASTILLA - LA MANCHA;5.4.-Sustracción de vehículos;2013;366
CASTILLA - LA MANCHA;5.4.-Sustracción de vehículos;2012;397
CASTILLA - LA MANCHA;5.4.-Sustracción de vehículos;2011;438
CASTILLA - LA MANCHA;5.4.-Sustracción de vehículos;2010;570
CASTILLA - LA MANCHA;5.5.-Estafas;2023;3.973
CASTILLA - LA MANCHA;5.5.-Estafas;2022;3.378
CASTILLA - LA MANCHA;5.5.-Estafas;2021;2.922
CASTILLA - LA MANCHA;5.5.-Estafas;2020;2.188
CASTILLA - LA MANCHA;5.5.-Estafas;2019;2.252
CASTILLA - LA MANCHA;5.5.-Estafas;2018;2.038
CASTILLA - LA MANCHA;5.5.-Estafas;2017;1.658
CASTILLA - LA MANCHA;5.5.-Estafas;2016;1.699
CASTILLA - LA MANCHA;5.5.-Estafas;2015;1.605
CASTILLA - LA MANCHA;5.5.-Estafas;2014;1.485
CASTILLA - LA MANCHA;5.5.-Estafas;2013;1.647
CASTILLA - LA MANCHA;5.5.-Estafas;2012;1.706
CASTILLA - LA MANCHA;5.5.-Estafas;2011;1.474
CASTILLA - LA MANCHA;5.5.-Estafas;2010;1.215
CASTILLA - LA MANCHA;5.5.1.-Estafas informáticas;2023;2.850
CASTILLA - LA MANCHA;5.5.1.-Estafas informáticas;2022;2.142
CASTILLA - LA MANCHA;5.5.1.-Estafas informáticas;2021;1.784
CASTILLA - LA MANCHA;5.5.1.-Estafas informáticas;2020;1.234
CASTILLA - LA MANCHA;5.5.1.-Estafas informáticas;2019;1.045
CASTILLA - LA MANCHA;5.5.1.-Estafas informáticas;2018;873
CASTILLA - LA MANCHA;5.5.1.-Estafas informáticas;2017;695
CASTILLA - LA MANCHA;5.5.1.-Estafas informáticas;2016;643
CASTILLA - LA MANCHA;5.5.1.-Estafas informáticas;2015;654
CASTILLA - LA MANCHA;5.5.1.-Estafas informáticas;2014;501
CASTILLA - LA MANCHA;5.5.1.-Estafas informáticas;2013;524
CASTILLA - LA MANCHA;5.5.1.-Estafas informáticas;2012;353
CASTILLA - LA MANCHA;5.5.1.-Estafas informáticas;2011;320
CASTILLA - LA MANCHA;5.5.1.-Estafas informáticas;2010;262
CASTILLA - LA MANCHA;5.6.-Daños;2023;1.551
CASTILLA - LA MANCHA;5.6.-Daños;2022;1.529
CASTILLA - LA MANCHA;5.6.-Daños;2021;1.443
CASTILLA - LA MANCHA;5.6.-Daños;2020;1.186
CASTILLA - LA MANCHA;5.6.-Daños;2019;1.346
CASTILLA - LA MANCHA;5.6.-Daños;2018;1.303
CASTILLA - LA MANCHA;5.6.-Daños;2017;1.257
CASTILLA - LA MANCHA;5.6.-Daños;2016;1.217
CASTILLA - LA MANCHA;5.6.-Daños;2015;1.211
CASTILLA - LA MANCHA;5.6.-Daños;2014;1.335
CASTILLA - LA MANCHA;5.6.-Daños;2013;1.449
CASTILLA - LA MANCHA;5.6.-Daños;2012;1.412
CASTILLA - LA MANCHA;5.6.-Daños;2011;1.419
CASTILLA - LA MANCHA;5.6.-Daños;2010;1.520
CASTILLA - LA MANCHA;5.7.-Contra la propiedad intelectual/industrial;2023;28
CASTILLA - LA MANCHA;5.7.-Contra la propiedad intelectual/industrial;2022;14
CASTILLA - LA MANCHA;5.7.-Contra la propiedad intelectual/industrial;2021;19
CASTILLA - LA MANCHA;5.7.-Contra la propiedad intelectual/industrial;2020;12
CASTILLA - LA MANCHA;5.7.-Contra la propiedad intelectual/industrial;2019;37
CASTILLA - LA MANCHA;5.7.-Contra la propiedad intelectual/industrial;2018;82
CASTILLA - LA MANCHA;5.7.-Contra la propiedad intelectual/industrial;2017;24
CASTILLA - LA MANCHA;5.7.-Contra la propiedad intelectual/industrial;2016;22
CASTILLA - LA MANCHA;5.7.-Contra la propiedad intelectual/industrial;2015;18
CASTILLA - LA MANCHA;5.7.-Contra la propiedad intelectual/industrial;2014;36
CASTILLA - LA MANCHA;5.7.-Contra la propiedad intelectual/industrial;2013;53
CASTILLA - LA MANCHA;5.7.-Contra la propiedad intelectual/industrial;2012;47
CASTILLA - LA MANCHA;5.7.-Contra la propiedad intelectual/industrial;2011;56
CASTILLA - LA MANCHA;5.7.-Contra la propiedad intelectual/industrial;2010;78
CASTILLA - LA MANCHA;5.8.-Blanqueo de capitales;2023;46
CASTILLA - LA MANCHA;5.8.-Blanqueo de capitales;2022;28
CASTILLA - LA MANCHA;5.8.-Blanqueo de capitales;2021;22
CASTILLA - LA MANCHA;5.8.-Blanqueo de capitales;2020;13
CASTILLA - LA MANCHA;5.8.-Blanqueo de capitales;2019;18
CASTILLA - LA MANCHA;5.8.-Blanqueo de capitales;2018;8
CASTILLA - LA MANCHA;5.8.-Blanqueo de capitales;2017;8
CASTILLA - LA MANCHA;5.8.-Blanqueo de capitales;2016;8
CASTILLA - LA MANCHA;5.8.-Blanqueo de capitales;2015;6
CASTILLA - LA MANCHA;5.8.-Blanqueo de capitales;2014;10
CASTILLA - LA MANCHA;5.8.-Blanqueo de capitales;2013;4
CASTILLA - LA MANCHA;5.8.-Blanqueo de capitales;2012;4
CASTILLA - LA MANCHA;5.8.-Blanqueo de capitales;2011;4
CASTILLA - LA MANCHA;5.8.-Blanqueo de capitales;2010;6
CASTILLA - LA MANCHA;5.9.-Otros contra el patrimonio;2023;1.439
CASTILLA - LA MANCHA;5.9.-Otros contra el patrimonio;2022;1.498
CASTILLA - LA MANCHA;5.9.-Otros contra el patrimonio;2021;1.425
CASTILLA - LA MANCHA;5.9.-Otros contra el patrimonio;2020;1.265
CASTILLA - LA MANCHA;5.9.-Otros contra el patrimonio;2019;1.307
CASTILLA - LA MANCHA;5.9.-Otros contra el patrimonio;2018;1.168
CASTILLA - LA MANCHA;5.9.-Otros contra el patrimonio;2017;1.015
CASTILLA - LA MANCHA;5.9.-Otros contra el patrimonio;2016;939
CASTILLA - LA MANCHA;5.9.-Otros contra el patrimonio;2015;966
CASTILLA - LA MANCHA;5.9.-Otros contra el patrimonio;2014;1.001
CASTILLA - LA MANCHA;5.9.-Otros contra el patrimonio;2013;812
CASTILLA - LA MANCHA;5.9.-Otros contra el patrimonio;2012;701
CASTILLA - LA MANCHA;5.9.-Otros contra el patrimonio;2011;598
CASTILLA - LA MANCHA;5.9.-Otros contra el patrimonio;2010;538
CASTILLA - LA MANCHA;6. SEGURIDAD COLECTIVA;2023;3.444
CASTILLA - LA MANCHA;6. SEGURIDAD COLECTIVA;2022;3.304
CASTILLA - LA MANCHA;6. SEGURIDAD COLECTIVA;2021;3.046
CASTILLA - LA MANCHA;6. SEGURIDAD COLECTIVA;2020;2.804
CASTILLA - LA MANCHA;6. SEGURIDAD COLECTIVA;2019;3.101
CASTILLA - LA MANCHA;6. SEGURIDAD COLECTIVA;2018;2.725
CASTILLA - LA MANCHA;6. SEGURIDAD COLECTIVA;2017;2.495
CASTILLA - LA MANCHA;6. SEGURIDAD COLECTIVA;2016;2.545
CASTILLA - LA MANCHA;6. SEGURIDAD COLECTIVA;2015;2.487
CASTILLA - LA MANCHA;6. SEGURIDAD COLECTIVA;2014;2.866
CASTILLA - LA MANCHA;6. SEGURIDAD COLECTIVA;2013;3.446
CASTILLA - LA MANCHA;6. SEGURIDAD COLECTIVA;2012;3.724
CASTILLA - LA MANCHA;6. SEGURIDAD COLECTIVA;2011;4.274
CASTILLA - LA MANCHA;6. SEGURIDAD COLECTIVA;2010;3.735
CASTILLA - LA MANCHA;6.1.-Tráfico de drogas;2023;576
CASTILLA - LA MANCHA;6.1.-Tráfico de drogas;2022;546
CASTILLA - LA MANCHA;6.1.-Tráfico de drogas;2021;553
CASTILLA - LA MANCHA;6.1.-Tráfico de drogas;2020;530
CASTILLA - LA MANCHA;6.1.-Tráfico de drogas;2019;445
CASTILLA - LA MANCHA;6.1.-Tráfico de drogas;2018;424
CASTILLA - LA MANCHA;6.1.-Tráfico de drogas;2017;408
CASTILLA - LA MANCHA;6.1.-Tráfico de drogas;2016;345
CASTILLA - LA MANCHA;6.1.-Tráfico de drogas;2015;343
CASTILLA - LA MANCHA;6.1.-Tráfico de drogas;2014;408
CASTILLA - LA MANCHA;6.1.-Tráfico de drogas;2013;473
CASTILLA - LA MANCHA;6.1.-Tráfico de drogas;2012;414
CASTILLA - LA MANCHA;6.1.-Tráfico de drogas;2011;440
CASTILLA - LA MANCHA;6.1.-Tráfico de drogas;2010;403
CASTILLA - LA MANCHA;6.2.-Contra la seguridad vial;2023;2.797
CASTILLA - LA MANCHA;6.2.-Contra la seguridad vial;2022;2.663
CASTILLA - LA MANCHA;6.2.-Contra la seguridad vial;2021;2.417
CASTILLA - LA MANCHA;6.2.-Contra la seguridad vial;2020;2.209
CASTILLA - LA MANCHA;6.2.-Contra la seguridad vial;2019;2.592
CASTILLA - LA MANCHA;6.2.-Contra la seguridad vial;2018;2.247
CASTILLA - LA MANCHA;6.2.-Contra la seguridad vial;2017;2.031
CASTILLA - LA MANCHA;6.2.-Contra la seguridad vial;2016;2.148
CASTILLA - LA MANCHA;6.2.-Contra la seguridad vial;2015;2.072
CASTILLA - LA MANCHA;6.2.-Contra la seguridad vial;2014;2.392
CASTILLA - LA MANCHA;6.2.-Contra la seguridad vial;2013;2.890
CASTILLA - LA MANCHA;6.2.-Contra la seguridad vial;2012;3.248
CASTILLA - LA MANCHA;6.2.-Contra la seguridad vial;2011;3.778
CASTILLA - LA MANCHA;6.2.-Contra la seguridad vial;2010;3.256
CASTILLA - LA MANCHA;6.3.-Otros contra la seguridad colectiva;2023;71
CASTILLA - LA MANCHA;6.3.-Otros contra la seguridad colectiva;2022;95
CASTILLA - LA MANCHA;6.3.-Otros contra la seguridad colectiva;2021;76
CASTILLA - LA MANCHA;6.3.-Otros contra la seguridad colectiva;2020;65
CASTILLA - LA MANCHA;6.3.-Otros contra la seguridad colectiva;2019;64
CASTILLA - LA MANCHA;6.3.-Otros contra la seguridad colectiva;2018;54
CASTILLA - LA MANCHA;6.3.-Otros contra la seguridad colectiva;2017;56
CASTILLA - LA MANCHA;6.3.-Otros contra la seguridad colectiva;2016;52
CASTILLA - LA MANCHA;6.3.-Otros contra la seguridad colectiva;2015;72
CASTILLA - LA MANCHA;6.3.-Otros contra la seguridad colectiva;2014;66
CASTILLA - LA MANCHA;6.3.-Otros contra la seguridad colectiva;2013;83
CASTILLA - LA MANCHA;6.3.-Otros contra la seguridad colectiva;2012;62
CASTILLA - LA MANCHA;6.3.-Otros contra la seguridad colectiva;2011;56
CASTILLA - LA MANCHA;6.3.-Otros contra la seguridad colectiva;2010;76
CASTILLA - LA MANCHA;7. FALSEDADES;2023;734
CASTILLA - LA MANCHA;7. FALSEDADES;2022;719
CASTILLA - LA MANCHA;7. FALSEDADES;2021;823
CASTILLA - LA MANCHA;7. FALSEDADES;2020;594
CASTILLA - LA MANCHA;7. FALSEDADES;2019;666
CASTILLA - LA MANCHA;7. FALSEDADES;2018;575
CASTILLA - LA MANCHA;7. FALSEDADES;2017;528
CASTILLA - LA MANCHA;7. FALSEDADES;2016;573
CASTILLA - LA MANCHA;7. FALSEDADES;2015;431
CASTILLA - LA MANCHA;7. FALSEDADES;2014;497
CASTILLA - LA MANCHA;7. FALSEDADES;2013;439
CASTILLA - LA MANCHA;7. FALSEDADES;2012;458
CASTILLA - LA MANCHA;7. FALSEDADES;2011;440
CASTILLA - LA MANCHA;7. FALSEDADES;2010;379
CASTILLA - LA MANCHA;8. ADMÓN. PÚBLICA;2023;19
CASTILLA - LA MANCHA;8. ADMÓN. PÚBLICA;2022;7
CASTILLA - LA MANCHA;8. ADMÓN. PÚBLICA;2021;30
CASTILLA - LA MANCHA;8. ADMÓN. PÚBLICA;2020;11
CASTILLA - LA MANCHA;8. ADMÓN. PÚBLICA;2019;23
CASTILLA - LA MANCHA;8. ADMÓN. PÚBLICA;2018;35
CASTILLA - LA MANCHA;8. ADMÓN. PÚBLICA;2017;41
CASTILLA - LA MANCHA;8. ADMÓN. PÚBLICA;2016;8
CASTILLA - LA MANCHA;8. ADMÓN. PÚBLICA;2015;9
CASTILLA - LA MANCHA;8. ADMÓN. PÚBLICA;2014;19
CASTILLA - LA MANCHA;8. ADMÓN. PÚBLICA;2013;12
CASTILLA - LA MANCHA;8. ADMÓN. PÚBLICA;2012;7
CASTILLA - LA MANCHA;8. ADMÓN. PÚBLICA;2011;8
CASTILLA - LA MANCHA;8. ADMÓN. PÚBLICA;2010;7
CASTILLA - LA MANCHA;9. ADMÓN. JUSTICIA;2023;1.802
CASTILLA - LA MANCHA;9. ADMÓN. JUSTICIA;2022;1.661
CASTILLA - LA MANCHA;9. ADMÓN. JUSTICIA;2021;1.386
CASTILLA - LA MANCHA;9. ADMÓN. JUSTICIA;2020;1.228
CASTILLA - LA MANCHA;9. ADMÓN. JUSTICIA;2019;1.283
CASTILLA - LA MANCHA;9. ADMÓN. JUSTICIA;2018;1.193
CASTILLA - LA MANCHA;9. ADMÓN. JUSTICIA;2017;1.043
CASTILLA - LA MANCHA;9. ADMÓN. JUSTICIA;2016;1.046
CASTILLA - LA MANCHA;9. ADMÓN. JUSTICIA;2015;1.100
CASTILLA - LA MANCHA;9. ADMÓN. JUSTICIA;2014;1.104
CASTILLA - LA MANCHA;9. ADMÓN. JUSTICIA;2013;1.070
CASTILLA - LA MANCHA;9. ADMÓN. JUSTICIA;2012;1.004
CASTILLA - LA MANCHA;9. ADMÓN. JUSTICIA;2011;1.107
CASTILLA - LA MANCHA;9. ADMÓN. JUSTICIA;2010;1.163
CASTILLA - LA MANCHA;10. ORDEN PÚBLICO;2023;1.062
CASTILLA - LA MANCHA;10. ORDEN PÚBLICO;2022;973
CASTILLA - LA MANCHA;10. ORDEN PÚBLICO;2021;921
CASTILLA - LA MANCHA;10. ORDEN PÚBLICO;2020;1.192
CASTILLA - LA MANCHA;10. ORDEN PÚBLICO;2019;734
CASTILLA - LA MANCHA;10. ORDEN PÚBLICO;2018;680
CASTILLA - LA MANCHA;10. ORDEN PÚBLICO;2017;638
CASTILLA - LA MANCHA;10. ORDEN PÚBLICO;2016;611
CASTILLA - LA MANCHA;10. ORDEN PÚBLICO;2015;667
CASTILLA - LA MANCHA;10. ORDEN PÚBLICO;2014;910
CASTILLA - LA MANCHA;10. ORDEN PÚBLICO;2013;1.094
CASTILLA - LA MANCHA;10. ORDEN PÚBLICO;2012;1.212
CASTILLA - LA MANCHA;10. ORDEN PÚBLICO;2011;1.337
CASTILLA - LA MANCHA;10. ORDEN PÚBLICO;2010;1.260
CASTILLA - LA MANCHA;11. LEGISLACIÓN ESPECIAL;2023;5
CASTILLA - LA MANCHA;11. LEGISLACIÓN ESPECIAL;2022;11
CASTILLA - LA MANCHA;11. LEGISLACIÓN ESPECIAL;2021;2
CASTILLA - LA MANCHA;11. LEGISLACIÓN ESPECIAL;2020;4
CASTILLA - LA MANCHA;11. LEGISLACIÓN ESPECIAL;2019;6
CASTILLA - LA MANCHA;11. LEGISLACIÓN ESPECIAL;2018;8
CASTILLA - LA MANCHA;11. LEGISLACIÓN ESPECIAL;2017;6
CASTILLA - LA MANCHA;11. LEGISLACIÓN ESPECIAL;2016;4
CASTILLA - LA MANCHA;11. LEGISLACIÓN ESPECIAL;2015;7
CASTILLA - LA MANCHA;11. LEGISLACIÓN ESPECIAL;2014;2
CASTILLA - LA MANCHA;11. LEGISLACIÓN ESPECIAL;2013;3
CASTILLA - LA MANCHA;11. LEGISLACIÓN ESPECIAL;2012;0
CASTILLA - LA MANCHA;11. LEGISLACIÓN ESPECIAL;2011;2
CASTILLA - LA MANCHA;11. LEGISLACIÓN ESPECIAL;2010;1
CASTILLA - LA MANCHA;12. OTRAS INFRACCIONES PENALES;2023;437
CASTILLA - LA MANCHA;12. OTRAS INFRACCIONES PENALES;2022;405
CASTILLA - LA MANCHA;12. OTRAS INFRACCIONES PENALES;2021;382
CASTILLA - LA MANCHA;12. OTRAS INFRACCIONES PENALES;2020;371
CASTILLA - LA MANCHA;12. OTRAS INFRACCIONES PENALES;2019;393
CASTILLA - LA MANCHA;12. OTRAS INFRACCIONES PENALES;2018;355
CASTILLA - LA MANCHA;12. OTRAS INFRACCIONES PENALES;2017;417
CASTILLA - LA MANCHA;12. OTRAS INFRACCIONES PENALES;2016;494
CASTILLA - LA MANCHA;12. OTRAS INFRACCIONES PENALES;2015;385
CASTILLA - LA MANCHA;12. OTRAS INFRACCIONES PENALES;2014;221
CASTILLA - LA MANCHA;12. OTRAS INFRACCIONES PENALES;2013;191
CASTILLA - LA MANCHA;12. OTRAS INFRACCIONES PENALES;2012;190
CASTILLA - LA MANCHA;12. OTRAS INFRACCIONES PENALES;2011;185
CASTILLA - LA MANCHA;12. OTRAS INFRACCIONES PENALES;2010;169
CASTILLA - LA MANCHA;TOTAL INFRACCIONES PENALES;2023;35.782
CASTILLA - LA MANCHA;TOTAL INFRACCIONES PENALES;2022;32.645
CASTILLA - LA MANCHA;TOTAL INFRACCIONES PENALES;2021;29.315
CASTILLA - LA MANCHA;TOTAL INFRACCIONES PENALES;2020;26.075
CASTILLA - LA MANCHA;TOTAL INFRACCIONES PENALES;2019;28.492
CASTILLA - LA MANCHA;TOTAL INFRACCIONES PENALES;2018;26.579
CASTILLA - LA MANCHA;TOTAL INFRACCIONES PENALES;2017;25.998
CASTILLA - LA MANCHA;TOTAL INFRACCIONES PENALES;2016;26.055
CASTILLA - LA MANCHA;TOTAL INFRACCIONES PENALES;2015;26.588
CASTILLA - LA MANCHA;TOTAL INFRACCIONES PENALES;2014;28.866
CASTILLA - LA MANCHA;TOTAL INFRACCIONES PENALES;2013;30.644
CASTILLA - LA MANCHA;TOTAL INFRACCIONES PENALES;2012;30.163
CASTILLA - LA MANCHA;TOTAL INFRACCIONES PENALES;2011;30.339
CASTILLA - LA MANCHA;TOTAL INFRACCIONES PENALES;2010;30.408
CATALUÑA;1. CONTRA LAS PERSONAS;2023;20.184
CATALUÑA;1. CONTRA LAS PERSONAS;2022;19.442
CATALUÑA;1. CONTRA LAS PERSONAS;2021;17.094
CATALUÑA;1. CONTRA LAS PERSONAS;2020;14.074
CATALUÑA;1. CONTRA LAS PERSONAS;2019;18.514
CATALUÑA;1. CONTRA LAS PERSONAS;2018;18.536
CATALUÑA;1. CONTRA LAS PERSONAS;2017;18.309
CATALUÑA;1. CONTRA LAS PERSONAS;2016;17.981
CATALUÑA;1. CONTRA LAS PERSONAS;2015;24.815
CATALUÑA;1. CONTRA LAS PERSONAS;2014;33.217
CATALUÑA;1. CONTRA LAS PERSONAS;2013;32.465
CATALUÑA;1. CONTRA LAS PERSONAS;2012;33.874
CATALUÑA;1. CONTRA LAS PERSONAS;2011;34.716
CATALUÑA;1. CONTRA LAS PERSONAS;2010;34.057
CATALUÑA;1.1.-Homicidios dolosos/asesinatos;2023;260
CATALUÑA;1.1.-Homicidios dolosos/asesinatos;2022;232
CATALUÑA;1.1.-Homicidios dolosos/asesinatos;2021;227
CATALUÑA;1.1.-Homicidios dolosos/asesinatos;2020;170
CATALUÑA;1.1.-Homicidios dolosos/asesinatos;2019;247
CATALUÑA;1.1.-Homicidios dolosos/asesinatos;2018;209
CATALUÑA;1.1.-Homicidios dolosos/asesinatos;2017;208
CATALUÑA;1.1.-Homicidios dolosos/asesinatos;2016;195
CATALUÑA;1.1.-Homicidios dolosos/asesinatos;2015;161
CATALUÑA;1.1.-Homicidios dolosos/asesinatos;2014;194
CATALUÑA;1.1.-Homicidios dolosos/asesinatos;2013;179
CATALUÑA;1.1.-Homicidios dolosos/asesinatos;2012;268
CATALUÑA;1.1.-Homicidios dolosos/asesinatos;2011;263
CATALUÑA;1.1.-Homicidios dolosos/asesinatos;2010;266
CATALUÑA;1.1.1.-Homicidios dolosos/asesinatos consumados;2023;64
CATALUÑA;1.1.1.-Homicidios dolosos/asesinatos consumados;2022;62
CATALUÑA;1.1.1.-Homicidios dolosos/asesinatos consumados;2021;55
CATALUÑA;1.1.1.-Homicidios dolosos/asesinatos consumados;2020;45
CATALUÑA;1.1.1.-Homicidios dolosos/asesinatos consumados;2019;1
CATALUÑA;1.1.1.-Homicidios dolosos/asesinatos consumados;2018;0
CATALUÑA;1.1.1.-Homicidios dolosos/asesinatos consumados;2017;0
CATALUÑA;1.1.1.-Homicidios dolosos/asesinatos consumados;2016;0
CATALUÑA;1.1.1.-Homicidios dolosos/asesinatos consumados;2015;2
CATALUÑA;1.1.1.-Homicidios dolosos/asesinatos consumados;2014;1
CATALUÑA;1.1.1.-Homicidios dolosos/asesinatos consumados;2013;1
CATALUÑA;1.1.1.-Homicidios dolosos/asesinatos consumados;2012;1
CATALUÑA;1.1.1.-Homicidios dolosos/asesinatos consumados;2011;3
CATALUÑA;1.1.1.-Homicidios dolosos/asesinatos consumados;2010;3
CATALUÑA;1.2.-Lesiones;2023;11.585
CATALUÑA;1.2.-Lesiones;2022;11.384
CATALUÑA;1.2.-Lesiones;2021;9.910
CATALUÑA;1.2.-Lesiones;2020;7.770
CATALUÑA;1.2.-Lesiones;2019;11.306
CATALUÑA;1.2.-Lesiones;2018;11.463
CATALUÑA;1.2.-Lesiones;2017;11.337
CATALUÑA;1.2.-Lesiones;2016;11.538
CATALUÑA;1.2.-Lesiones;2015;11.440
CATALUÑA;1.2.-Lesiones;2014;11.762
CATALUÑA;1.2.-Lesiones;2013;11.794
CATALUÑA;1.2.-Lesiones;2012;12.728
CATALUÑA;1.2.-Lesiones;2011;13.574
CATALUÑA;1.2.-Lesiones;2010;13.471
CATALUÑA;1.3.-Malos tratos ámbito familiar;2023;7.910
CATALUÑA;1.3.-Malos tratos ámbito familiar;2022;7.472
CATALUÑA;1.3.-Malos tratos ámbito familiar;2021;6.647
CATALUÑA;1.3.-Malos tratos ámbito familiar;2020;5.849
CATALUÑA;1.3.-Malos tratos ámbito familiar;2019;6.636
CATALUÑA;1.3.-Malos tratos ámbito familiar;2018;6.512
CATALUÑA;1.3.-Malos tratos ámbito familiar;2017;6.391
CATALUÑA;1.3.-Malos tratos ámbito familiar;2016;6.217
CATALUÑA;1.3.-Malos tratos ámbito familiar;2015;5.932
CATALUÑA;1.3.-Malos tratos ámbito familiar;2014;6.346
CATALUÑA;1.3.-Malos tratos ámbito familiar;2013;6.382
CATALUÑA;1.3.-Malos tratos ámbito familiar;2012;6.343
CATALUÑA;1.3.-Malos tratos ámbito familiar;2011;6.479
CATALUÑA;1.3.-Malos tratos ámbito familiar;2010;6.613
CATALUÑA;1.4.-Otros contra las personas;2023;429
CATALUÑA;1.4.-Otros contra las personas;2022;354
CATALUÑA;1.4.-Otros contra las personas;2021;310
CATALUÑA;1.4.-Otros contra las personas;2020;285
CATALUÑA;1.4.-Otros contra las personas;2019;325
CATALUÑA;1.4.-Otros contra las personas;2018;352
CATALUÑA;1.4.-Otros contra las personas;2017;373
CATALUÑA;1.4.-Otros contra las personas;2016;31
CATALUÑA;1.4.-Otros contra las personas;2015;7.282
CATALUÑA;1.4.-Otros contra las personas;2014;14.915
CATALUÑA;1.4.-Otros contra las personas;2013;14.110
CATALUÑA;1.4.-Otros contra las personas;2012;14.535
CATALUÑA;1.4.-Otros contra las personas;2011;14.400
CATALUÑA;1.4.-Otros contra las personas;2010;13.707
CATALUÑA;2. CONTRA LA LIBERTAD;2023;18.544
CATALUÑA;2. CONTRA LA LIBERTAD;2022;17.043
CATALUÑA;2. CONTRA LA LIBERTAD;2021;16.548
CATALUÑA;2. CONTRA LA LIBERTAD;2020;13.002
CATALUÑA;2. CONTRA LA LIBERTAD;2019;16.040
CATALUÑA;2. CONTRA LA LIBERTAD;2018;16.220
CATALUÑA;2. CONTRA LA LIBERTAD;2017;16.153
CATALUÑA;2. CONTRA LA LIBERTAD;2016;16.190
CATALUÑA;2. CONTRA LA LIBERTAD;2015;13.503
CATALUÑA;2. CONTRA LA LIBERTAD;2014;9.380
CATALUÑA;2. CONTRA LA LIBERTAD;2013;9.487
CATALUÑA;2. CONTRA LA LIBERTAD;2012;10.088
CATALUÑA;2. CONTRA LA LIBERTAD;2011;10.244
CATALUÑA;2. CONTRA LA LIBERTAD;2010;9.824
CATALUÑA;2.1.-Malos tratos habituales en el ámbito familiar;2023;1.767
CATALUÑA;2.1.-Malos tratos habituales en el ámbito familiar;2022;1.682
CATALUÑA;2.1.-Malos tratos habituales en el ámbito familiar;2021;1.683
CATALUÑA;2.1.-Malos tratos habituales en el ámbito familiar;2020;1.313
CATALUÑA;2.1.-Malos tratos habituales en el ámbito familiar;2019;1.497
CATALUÑA;2.1.-Malos tratos habituales en el ámbito familiar;2018;1.720
CATALUÑA;2.1.-Malos tratos habituales en el ámbito familiar;2017;1.730
CATALUÑA;2.1.-Malos tratos habituales en el ámbito familiar;2016;1.971
CATALUÑA;2.1.-Malos tratos habituales en el ámbito familiar;2015;2.748
CATALUÑA;2.1.-Malos tratos habituales en el ámbito familiar;2014;2.542
CATALUÑA;2.1.-Malos tratos habituales en el ámbito familiar;2013;2.593
CATALUÑA;2.1.-Malos tratos habituales en el ámbito familiar;2012;3.276
CATALUÑA;2.1.-Malos tratos habituales en el ámbito familiar;2011;3.357
CATALUÑA;2.1.-Malos tratos habituales en el ámbito familiar;2010;3.867
CATALUÑA;2.2.-Otros contra la libertad;2023;16.777
CATALUÑA;2.2.-Otros contra la libertad;2022;15.361
CATALUÑA;2.2.-Otros contra la libertad;2021;14.865
CATALUÑA;2.2.-Otros contra la libertad;2020;11.689
CATALUÑA;2.2.-Otros contra la libertad;2019;14.543
CATALUÑA;2.2.-Otros contra la libertad;2018;14.500
CATALUÑA;2.2.-Otros contra la libertad;2017;14.423
CATALUÑA;2.2.-Otros contra la libertad;2016;14.219
CATALUÑA;2.2.-Otros contra la libertad;2015;10.755
CATALUÑA;2.2.-Otros contra la libertad;2014;6.838
CATALUÑA;2.2.-Otros contra la libertad;2013;6.894
CATALUÑA;2.2.-Otros contra la libertad;2012;6.812
CATALUÑA;2.2.-Otros contra la libertad;2011;6.887
CATALUÑA;2.2.-Otros contra la libertad;2010;5.957
CATALUÑA;3. LIBERTAD SEXUAL;2023;3.314
CATALUÑA;3. LIBERTAD SEXUAL;2022;2.712
CATALUÑA;3. LIBERTAD SEXUAL;2021;2.494
CATALUÑA;3. LIBERTAD SEXUAL;2020;1.744
CATALUÑA;3. LIBERTAD SEXUAL;2019;2.420
CATALUÑA;3. LIBERTAD SEXUAL;2018;2.061
CATALUÑA;3. LIBERTAD SEXUAL;2017;1.799
CATALUÑA;3. LIBERTAD SEXUAL;2016;1.869
CATALUÑA;3. LIBERTAD SEXUAL;2015;1.587
CATALUÑA;3. LIBERTAD SEXUAL;2014;1.502
CATALUÑA;3. LIBERTAD SEXUAL;2013;1.334
CATALUÑA;3. LIBERTAD SEXUAL;2012;1.300
CATALUÑA;3. LIBERTAD SEXUAL;2011;1.479
CATALUÑA;3. LIBERTAD SEXUAL;2010;1.514
CATALUÑA;3.1.-Agresión sexual;2023;1.618
CATALUÑA;3.1.-Agresión sexual;2022;1.496
CATALUÑA;3.1.-Agresión sexual;2021;1.357
CATALUÑA;3.1.-Agresión sexual;2020;913
CATALUÑA;3.1.-Agresión sexual;2019;1.224
CATALUÑA;3.1.-Agresión sexual;2018;969
CATALUÑA;3.1.-Agresión sexual;2017;929
CATALUÑA;3.1.-Agresión sexual;2016;1.075
CATALUÑA;3.1.-Agresión sexual;2015;806
CATALUÑA;3.1.-Agresión sexual;2014;697
CATALUÑA;3.1.-Agresión sexual;2013;622
CATALUÑA;3.1.-Agresión sexual;2012;654
CATALUÑA;3.1.-Agresión sexual;2011;723
CATALUÑA;3.1.-Agresión sexual;2010;669
CATALUÑA;3.2.-Agresión sexual con penetración;2023;1.278
CATALUÑA;3.2.-Agresión sexual con penetración;2022;962
CATALUÑA;3.2.-Agresión sexual con penetración;2021;917
CATALUÑA;3.2.-Agresión sexual con penetración;2020;586
CATALUÑA;3.2.-Agresión sexual con penetración;2019;861
CATALUÑA;3.2.-Agresión sexual con penetración;2018;758
CATALUÑA;3.2.-Agresión sexual con penetración;2017;539
CATALUÑA;3.2.-Agresión sexual con penetración;2016;413
CATALUÑA;3.2.-Agresión sexual con penetración;2015;396
CATALUÑA;3.2.-Agresión sexual con penetración;2014;408
CATALUÑA;3.2.-Agresión sexual con penetración;2013;371
CATALUÑA;3.2.-Agresión sexual con penetración;2012;337
CATALUÑA;3.2.-Agresión sexual con penetración;2011;413
CATALUÑA;3.2.-Agresión sexual con penetración;2010;442
CATALUÑA;3.3.-Corrupción de menores o incapacitados;2023;5
CATALUÑA;3.3.-Corrupción de menores o incapacitados;2022;13
CATALUÑA;3.3.-Corrupción de menores o incapacitados;2021;3
CATALUÑA;3.3.-Corrupción de menores o incapacitados;2020;7
CATALUÑA;3.3.-Corrupción de menores o incapacitados;2019;5
CATALUÑA;3.3.-Corrupción de menores o incapacitados;2018;6
CATALUÑA;3.3.-Corrupción de menores o incapacitados;2017;5
CATALUÑA;3.3.-Corrupción de menores o incapacitados;2016;6
CATALUÑA;3.3.-Corrupción de menores o incapacitados;2015;17
CATALUÑA;3.3.-Corrupción de menores o incapacitados;2014;5
CATALUÑA;3.3.-Corrupción de menores o incapacitados;2013;4
CATALUÑA;3.3.-Corrupción de menores o incapacitados;2012;4
CATALUÑA;3.3.-Corrupción de menores o incapacitados;2011;9
CATALUÑA;3.3.-Corrupción de menores o incapacitados;2010;43
CATALUÑA;3.4.-Pornografía de menores;2023;95
CATALUÑA;3.4.-Pornografía de menores;2022;75
CATALUÑA;3.4.-Pornografía de menores;2021;57
CATALUÑA;3.4.-Pornografía de menores;2020;78
CATALUÑA;3.4.-Pornografía de menores;2019;109
CATALUÑA;3.4.-Pornografía de menores;2018;132
CATALUÑA;3.4.-Pornografía de menores;2017;104
CATALUÑA;3.4.-Pornografía de menores;2016;119
CATALUÑA;3.4.-Pornografía de menores;2015;130
CATALUÑA;3.4.-Pornografía de menores;2014;109
CATALUÑA;3.4.-Pornografía de menores;2013;70
CATALUÑA;3.4.-Pornografía de menores;2012;88
CATALUÑA;3.4.-Pornografía de menores;2011;96
CATALUÑA;3.4.-Pornografía de menores;2010;106
CATALUÑA;3.5.-Otros contra la libertad sexual;2023;318
CATALUÑA;3.5.-Otros contra la libertad sexual;2022;166
CATALUÑA;3.5.-Otros contra la libertad sexual;2021;160
CATALUÑA;3.5.-Otros contra la libertad sexual;2020;160
CATALUÑA;3.5.-Otros contra la libertad sexual;2019;221
CATALUÑA;3.5.-Otros contra la libertad sexual;2018;196
CATALUÑA;3.5.-Otros contra la libertad sexual;2017;222
CATALUÑA;3.5.-Otros contra la libertad sexual;2016;256
CATALUÑA;3.5.-Otros contra la libertad sexual;2015;238
CATALUÑA;3.5.-Otros contra la libertad sexual;2014;283
CATALUÑA;3.5.-Otros contra la libertad sexual;2013;267
CATALUÑA;3.5.-Otros contra la libertad sexual;2012;217
CATALUÑA;3.5.-Otros contra la libertad sexual;2011;238
CATALUÑA;3.5.-Otros contra la libertad sexual;2010;254
CATALUÑA;4. RELACIONES FAMILIARES;2023;1.046
CATALUÑA;4. RELACIONES FAMILIARES;2022;1.031
CATALUÑA;4. RELACIONES FAMILIARES;2021;980
CATALUÑA;4. RELACIONES FAMILIARES;2020;914
CATALUÑA;4. RELACIONES FAMILIARES;2019;1.087
CATALUÑA;4. RELACIONES FAMILIARES;2018;1.201
CATALUÑA;4. RELACIONES FAMILIARES;2017;1.296
CATALUÑA;4. RELACIONES FAMILIARES;2016;1.389
CATALUÑA;4. RELACIONES FAMILIARES;2015;1.989
CATALUÑA;4. RELACIONES FAMILIARES;2014;2.252
CATALUÑA;4. RELACIONES FAMILIARES;2013;2.318
CATALUÑA;4. RELACIONES FAMILIARES;2012;2.385
CATALUÑA;4. RELACIONES FAMILIARES;2011;2.065
CATALUÑA;4. RELACIONES FAMILIARES;2010;1.750
CATALUÑA;5. PATRIMONIO;2023;59.498
CATALUÑA;5. PATRIMONIO;2022;52.430
CATALUÑA;5. PATRIMONIO;2021;43.258
CATALUÑA;5. PATRIMONIO;2020;40.553
CATALUÑA;5. PATRIMONIO;2019;62.878
CATALUÑA;5. PATRIMONIO;2018;60.869
CATALUÑA;5. PATRIMONIO;2017;55.775
CATALUÑA;5. PATRIMONIO;2016;55.849
CATALUÑA;5. PATRIMONIO;2015;56.836
CATALUÑA;5. PATRIMONIO;2014;61.160
CATALUÑA;5. PATRIMONIO;2013;63.711
CATALUÑA;5. PATRIMONIO;2012;62.178
CATALUÑA;5. PATRIMONIO;2011;63.209
CATALUÑA;5. PATRIMONIO;2010;62.094
CATALUÑA;5.1.-Hurtos;2023;24.259
CATALUÑA;5.1.-Hurtos;2022;19.799
CATALUÑA;5.1.-Hurtos;2021;14.384
CATALUÑA;5.1.-Hurtos;2020;13.363
CATALUÑA;5.1.-Hurtos;2019;22.373
CATALUÑA;5.1.-Hurtos;2018;22.063
CATALUÑA;5.1.-Hurtos;2017;20.793
CATALUÑA;5.1.-Hurtos;2016;19.723
CATALUÑA;5.1.-Hurtos;2015;20.440
CATALUÑA;5.1.-Hurtos;2014;21.777
CATALUÑA;5.1.-Hurtos;2013;22.117
CATALUÑA;5.1.-Hurtos;2012;21.800
CATALUÑA;5.1.-Hurtos;2011;21.785
CATALUÑA;5.1.-Hurtos;2010;19.924
CATALUÑA;5.2.-Robos con fuerza en las cosas;2023;5.369
CATALUÑA;5.2.-Robos con fuerza en las cosas;2022;4.969
CATALUÑA;5.2.-Robos con fuerza en las cosas;2021;4.284
CATALUÑA;5.2.-Robos con fuerza en las cosas;2020;4.466
CATALUÑA;5.2.-Robos con fuerza en las cosas;2019;7.987
CATALUÑA;5.2.-Robos con fuerza en las cosas;2018;8.224
CATALUÑA;5.2.-Robos con fuerza en las cosas;2017;7.363
CATALUÑA;5.2.-Robos con fuerza en las cosas;2016;8.468
CATALUÑA;5.2.-Robos con fuerza en las cosas;2015;8.352
CATALUÑA;5.2.-Robos con fuerza en las cosas;2014;9.820
CATALUÑA;5.2.-Robos con fuerza en las cosas;2013;11.420
CATALUÑA;5.2.-Robos con fuerza en las cosas;2012;11.328
CATALUÑA;5.2.-Robos con fuerza en las cosas;2011;12.125
CATALUÑA;5.2.-Robos con fuerza en las cosas;2010;12.964
CATALUÑA;5.2.1.-Robos con fuerza en las cosas en el interior de vehículos;2023;1.486
CATALUÑA;5.2.1.-Robos con fuerza en las cosas en el interior de vehículos;2022;1.393
CATALUÑA;5.2.1.-Robos con fuerza en las cosas en el interior de vehículos;2021;1.268
CATALUÑA;5.2.1.-Robos con fuerza en las cosas en el interior de vehículos;2020;0
CATALUÑA;5.2.1.-Robos con fuerza en las cosas en el interior de vehículos;2019;1.544
CATALUÑA;5.2.1.-Robos con fuerza en las cosas en el interior de vehículos;2018;1.374
CATALUÑA;5.2.1.-Robos con fuerza en las cosas en el interior de vehículos;2017;1.231
CATALUÑA;5.2.1.-Robos con fuerza en las cosas en el interior de vehículos;2016;1.585
CATALUÑA;5.2.1.-Robos con fuerza en las cosas en el interior de vehículos;2015;1.439
CATALUÑA;5.2.1.-Robos con fuerza en las cosas en el interior de vehículos;2014;1.723
CATALUÑA;5.2.1.-Robos con fuerza en las cosas en el interior de vehículos;2013;2.084
CATALUÑA;5.2.1.-Robos con fuerza en las cosas en el interior de vehículos;2012;2.201
CATALUÑA;5.2.1.-Robos con fuerza en las cosas en el interior de vehículos;2011;2.705
CATALUÑA;5.2.1.-Robos con fuerza en las cosas en el interior de vehículos;2010;3.305
CATALUÑA;5.2.2.-Robos con fuerza en viviendas;2023;1.419
CATALUÑA;5.2.2.-Robos con fuerza en viviendas;2022;1.375
CATALUÑA;5.2.2.-Robos con fuerza en viviendas;2021;1.320
CATALUÑA;5.2.2.-Robos con fuerza en viviendas;2020;1.587
CATALUÑA;5.2.2.-Robos con fuerza en viviendas;2019;7
CATALUÑA;5.2.2.-Robos con fuerza en viviendas;2018;11
CATALUÑA;5.2.2.-Robos con fuerza en viviendas;2017;32
CATALUÑA;5.2.2.-Robos con fuerza en viviendas;2016;6
CATALUÑA;5.2.2.-Robos con fuerza en viviendas;2015;18
CATALUÑA;5.2.2.-Robos con fuerza en viviendas;2014;13
CATALUÑA;5.2.2.-Robos con fuerza en viviendas;2013;28
CATALUÑA;5.2.2.-Robos con fuerza en viviendas;2012;28
CATALUÑA;5.2.2.-Robos con fuerza en viviendas;2011;31
CATALUÑA;5.2.2.-Robos con fuerza en viviendas;2010;39
CATALUÑA;5.2.3.-Robos con fuerza en establecimientos;2023;1.249
CATALUÑA;5.2.3.-Robos con fuerza en establecimientos;2022;1.094
CATALUÑA;5.2.3.-Robos con fuerza en establecimientos;2021;843
CATALUÑA;5.2.3.-Robos con fuerza en establecimientos;2020;1.029
CATALUÑA;5.2.3.-Robos con fuerza en establecimientos;2019;8
CATALUÑA;5.2.3.-Robos con fuerza en establecimientos;2018;6
CATALUÑA;5.2.3.-Robos con fuerza en establecimientos;2017;3
CATALUÑA;5.2.3.-Robos con fuerza en establecimientos;2016;9
CATALUÑA;5.2.3.-Robos con fuerza en establecimientos;2015;5
CATALUÑA;5.2.3.-Robos con fuerza en establecimientos;2014;15
CATALUÑA;5.2.3.-Robos con fuerza en establecimientos;2013;9
CATALUÑA;5.2.3.-Robos con fuerza en establecimientos;2012;8
CATALUÑA;5.2.3.-Robos con fuerza en establecimientos;2011;20
CATALUÑA;5.2.3.-Robos con fuerza en establecimientos;2010;38
CATALUÑA;5.3.-Robos con violencia o intimidación;2023;5.392
CATALUÑA;5.3.-Robos con violencia o intimidación;2022;4.606
CATALUÑA;5.3.-Robos con violencia o intimidación;2021;3.679
CATALUÑA;5.3.-Robos con violencia o intimidación;2020;3.170
CATALUÑA;5.3.-Robos con violencia o intimidación;2019;5.422
CATALUÑA;5.3.-Robos con violencia o intimidación;2018;4.585
CATALUÑA;5.3.-Robos con violencia o intimidación;2017;4.299
CATALUÑA;5.3.-Robos con violencia o intimidación;2016;4.592
CATALUÑA;5.3.-Robos con violencia o intimidación;2015;4.784
CATALUÑA;5.3.-Robos con violencia o intimidación;2014;5.489
CATALUÑA;5.3.-Robos con violencia o intimidación;2013;6.580
CATALUÑA;5.3.-Robos con violencia o intimidación;2012;6.501
CATALUÑA;5.3.-Robos con violencia o intimidación;2011;6.347
CATALUÑA;5.3.-Robos con violencia o intimidación;2010;6.280
CATALUÑA;5.3.1.-Robos con violencia en vía pública;2023;3.620
CATALUÑA;5.3.1.-Robos con violencia en vía pública;2022;2.964
CATALUÑA;5.3.1.-Robos con violencia en vía pública;2021;2.189
CATALUÑA;5.3.1.-Robos con violencia en vía pública;2020;1.883
CATALUÑA;5.3.1.-Robos con violencia en vía pública;2019;2
CATALUÑA;5.3.1.-Robos con violencia en vía pública;2018;3
CATALUÑA;5.3.1.-Robos con violencia en vía pública;2017;2
CATALUÑA;5.3.1.-Robos con violencia en vía pública;2016;7
CATALUÑA;5.3.1.-Robos con violencia en vía pública;2015;9
CATALUÑA;5.3.1.-Robos con violencia en vía pública;2014;5
CATALUÑA;5.3.1.-Robos con violencia en vía pública;2013;7
CATALUÑA;5.3.1.-Robos con violencia en vía pública;2012;9
CATALUÑA;5.3.1.-Robos con violencia en vía pública;2011;16
CATALUÑA;5.3.1.-Robos con violencia en vía pública;2010;13
CATALUÑA;5.3.2.-Robos con violencia en viviendas;2023;290
CATALUÑA;5.3.2.-Robos con violencia en viviendas;2022;281
CATALUÑA;5.3.2.-Robos con violencia en viviendas;2021;277
CATALUÑA;5.3.2.-Robos con violencia en viviendas;2020;235
CATALUÑA;5.3.2.-Robos con violencia en viviendas;2019;2
CATALUÑA;5.3.2.-Robos con violencia en viviendas;2018;0
CATALUÑA;5.3.2.-Robos con violencia en viviendas;2017;3
CATALUÑA;5.3.2.-Robos con violencia en viviendas;2016;0
CATALUÑA;5.3.2.-Robos con violencia en viviendas;2015;1
CATALUÑA;5.3.2.-Robos con violencia en viviendas;2014;6
CATALUÑA;5.3.2.-Robos con violencia en viviendas;2013;7
CATALUÑA;5.3.2.-Robos con violencia en viviendas;2012;3
CATALUÑA;5.3.2.-Robos con violencia en viviendas;2011;1
CATALUÑA;5.3.2.-Robos con violencia en viviendas;2010;4
CATALUÑA;5.3.3.-Robos con violencia en establecimientos;2023;1.017
CATALUÑA;5.3.3.-Robos con violencia en establecimientos;2022;889
CATALUÑA;5.3.3.-Robos con violencia en establecimientos;2021;771
CATALUÑA;5.3.3.-Robos con violencia en establecimientos;2020;680
CATALUÑA;5.3.3.-Robos con violencia en establecimientos;2019;7
CATALUÑA;5.3.3.-Robos con violencia en establecimientos;2018;3
CATALUÑA;5.3.3.-Robos con violencia en establecimientos;2017;0
CATALUÑA;5.3.3.-Robos con violencia en establecimientos;2016;4
CATALUÑA;5.3.3.-Robos con violencia en establecimientos;2015;3
CATALUÑA;5.3.3.-Robos con violencia en establecimientos;2014;6
CATALUÑA;5.3.3.-Robos con violencia en establecimientos;2013;4
CATALUÑA;5.3.3.-Robos con violencia en establecimientos;2012;10
CATALUÑA;5.3.3.-Robos con violencia en establecimientos;2011;2
CATALUÑA;5.3.3.-Robos con violencia en establecimientos;2010;14
CATALUÑA;5.4.-Sustracción de vehículos;2023;2.814
CATALUÑA;5.4.-Sustracción de vehículos;2022;2.530
CATALUÑA;5.4.-Sustracción de vehículos;2021;2.062
CATALUÑA;5.4.-Sustracción de vehículos;2020;2.395
CATALUÑA;5.4.-Sustracción de vehículos;2019;4.252
CATALUÑA;5.4.-Sustracción de vehículos;2018;4.271
CATALUÑA;5.4.-Sustracción de vehículos;2017;4.014
CATALUÑA;5.4.-Sustracción de vehículos;2016;3.895
CATALUÑA;5.4.-Sustracción de vehículos;2015;4.337
CATALUÑA;5.4.-Sustracción de vehículos;2014;4.161
CATALUÑA;5.4.-Sustracción de vehículos;2013;4.604
CATALUÑA;5.4.-Sustracción de vehículos;2012;5.006
CATALUÑA;5.4.-Sustracción de vehículos;2011;5.724
CATALUÑA;5.4.-Sustracción de vehículos;2010;6.603
CATALUÑA;5.5.-Estafas;2023;7.060
CATALUÑA;5.5.-Estafas;2022;6.299
CATALUÑA;5.5.-Estafas;2021;5.281
CATALUÑA;5.5.-Estafas;2020;5.137
CATALUÑA;5.5.-Estafas;2019;8.433
CATALUÑA;5.5.-Estafas;2018;8.852
CATALUÑA;5.5.-Estafas;2017;7.673
CATALUÑA;5.5.-Estafas;2016;7.492
CATALUÑA;5.5.-Estafas;2015;6.885
CATALUÑA;5.5.-Estafas;2014;6.908
CATALUÑA;5.5.-Estafas;2013;7.191
CATALUÑA;5.5.-Estafas;2012;6.692
CATALUÑA;5.5.-Estafas;2011;5.915
CATALUÑA;5.5.-Estafas;2010;5.276
CATALUÑA;5.5.1.-Estafas informáticas;2023;4.971
CATALUÑA;5.5.1.-Estafas informáticas;2022;4.453
CATALUÑA;5.5.1.-Estafas informáticas;2021;4.013
CATALUÑA;5.5.1.-Estafas informáticas;2020;3.379
CATALUÑA;5.5.1.-Estafas informáticas;2019;2.298
CATALUÑA;5.5.1.-Estafas informáticas;2018;2.641
CATALUÑA;5.5.1.-Estafas informáticas;2017;2.270
CATALUÑA;5.5.1.-Estafas informáticas;2016;1.822
CATALUÑA;5.5.1.-Estafas informáticas;2015;1.617
CATALUÑA;5.5.1.-Estafas informáticas;2014;346
CATALUÑA;5.5.1.-Estafas informáticas;2013;366
CATALUÑA;5.5.1.-Estafas informáticas;2012;310
CATALUÑA;5.5.1.-Estafas informáticas;2011;246
CATALUÑA;5.5.1.-Estafas informáticas;2010;320
CATALUÑA;5.6.-Daños;2023;4.378
CATALUÑA;5.6.-Daños;2022;4.219
CATALUÑA;5.6.-Daños;2021;4.080
CATALUÑA;5.6.-Daños;2020;3.267
CATALUÑA;5.6.-Daños;2019;4.230
CATALUÑA;5.6.-Daños;2018;4.039
CATALUÑA;5.6.-Daños;2017;4.174
CATALUÑA;5.6.-Daños;2016;4.080
CATALUÑA;5.6.-Daños;2015;4.357
CATALUÑA;5.6.-Daños;2014;4.613
CATALUÑA;5.6.-Daños;2013;4.528
CATALUÑA;5.6.-Daños;2012;4.804
CATALUÑA;5.6.-Daños;2011;5.315
CATALUÑA;5.6.-Daños;2010;5.576
CATALUÑA;5.7.-Contra la propiedad intelectual/industrial;2023;174
CATALUÑA;5.7.-Contra la propiedad intelectual/industrial;2022;203
CATALUÑA;5.7.-Contra la propiedad intelectual/industrial;2021;242
CATALUÑA;5.7.-Contra la propiedad intelectual/industrial;2020;156
CATALUÑA;5.7.-Contra la propiedad intelectual/industrial;2019;212
CATALUÑA;5.7.-Contra la propiedad intelectual/industrial;2018;303
CATALUÑA;5.7.-Contra la propiedad intelectual/industrial;2017;199
CATALUÑA;5.7.-Contra la propiedad intelectual/industrial;2016;305
CATALUÑA;5.7.-Contra la propiedad intelectual/industrial;2015;372
CATALUÑA;5.7.-Contra la propiedad intelectual/industrial;2014;413
CATALUÑA;5.7.-Contra la propiedad intelectual/industrial;2013;481
CATALUÑA;5.7.-Contra la propiedad intelectual/industrial;2012;548
CATALUÑA;5.7.-Contra la propiedad intelectual/industrial;2011;618
CATALUÑA;5.7.-Contra la propiedad intelectual/industrial;2010;553
CATALUÑA;5.8.-Blanqueo de capitales;2023;70
CATALUÑA;5.8.-Blanqueo de capitales;2022;35
CATALUÑA;5.8.-Blanqueo de capitales;2021;27
CATALUÑA;5.8.-Blanqueo de capitales;2020;24
CATALUÑA;5.8.-Blanqueo de capitales;2019;17
CATALUÑA;5.8.-Blanqueo de capitales;2018;21
CATALUÑA;5.8.-Blanqueo de capitales;2017;25
CATALUÑA;5.8.-Blanqueo de capitales;2016;35
CATALUÑA;5.8.-Blanqueo de capitales;2015;32
CATALUÑA;5.8.-Blanqueo de capitales;2014;32
CATALUÑA;5.8.-Blanqueo de capitales;2013;27
CATALUÑA;5.8.-Blanqueo de capitales;2012;21
CATALUÑA;5.8.-Blanqueo de capitales;2011;26
CATALUÑA;5.8.-Blanqueo de capitales;2010;18
CATALUÑA;5.9.-Otros contra el patrimonio;2023;9.982
CATALUÑA;5.9.-Otros contra el patrimonio;2022;9.770
CATALUÑA;5.9.-Otros contra el patrimonio;2021;9.219
CATALUÑA;5.9.-Otros contra el patrimonio;2020;8.575
CATALUÑA;5.9.-Otros contra el patrimonio;2019;9.952
CATALUÑA;5.9.-Otros contra el patrimonio;2018;8.511
CATALUÑA;5.9.-Otros contra el patrimonio;2017;7.235
CATALUÑA;5.9.-Otros contra el patrimonio;2016;7.259
CATALUÑA;5.9.-Otros contra el patrimonio;2015;7.277
CATALUÑA;5.9.-Otros contra el patrimonio;2014;7.947
CATALUÑA;5.9.-Otros contra el patrimonio;2013;6.763
CATALUÑA;5.9.-Otros contra el patrimonio;2012;5.478
CATALUÑA;5.9.-Otros contra el patrimonio;2011;5.354
CATALUÑA;5.9.-Otros contra el patrimonio;2010;4.900
CATALUÑA;6. SEGURIDAD COLECTIVA;2023;10.620
CATALUÑA;6. SEGURIDAD COLECTIVA;2022;10.321
CATALUÑA;6. SEGURIDAD COLECTIVA;2021;9.307
CATALUÑA;6. SEGURIDAD COLECTIVA;2020;7.002
CATALUÑA;6. SEGURIDAD COLECTIVA;2019;8.600
CATALUÑA;6. SEGURIDAD COLECTIVA;2018;8.465
CATALUÑA;6. SEGURIDAD COLECTIVA;2017;8.104
CATALUÑA;6. SEGURIDAD COLECTIVA;2016;7.960
CATALUÑA;6. SEGURIDAD COLECTIVA;2015;7.740
CATALUÑA;6. SEGURIDAD COLECTIVA;2014;7.796
CATALUÑA;6. SEGURIDAD COLECTIVA;2013;8.133
CATALUÑA;6. SEGURIDAD COLECTIVA;2012;8.362
CATALUÑA;6. SEGURIDAD COLECTIVA;2011;11.760
CATALUÑA;6. SEGURIDAD COLECTIVA;2010;10.679
CATALUÑA;6.1.-Tráfico de drogas;2023;3.664
CATALUÑA;6.1.-Tráfico de drogas;2022;3.181
CATALUÑA;6.1.-Tráfico de drogas;2021;3.006
CATALUÑA;6.1.-Tráfico de drogas;2020;2.329
CATALUÑA;6.1.-Tráfico de drogas;2019;2.366
CATALUÑA;6.1.-Tráfico de drogas;2018;2.344
CATALUÑA;6.1.-Tráfico de drogas;2017;2.279
CATALUÑA;6.1.-Tráfico de drogas;2016;2.162
CATALUÑA;6.1.-Tráfico de drogas;2015;1.999
CATALUÑA;6.1.-Tráfico de drogas;2014;2.039
CATALUÑA;6.1.-Tráfico de drogas;2013;2.115
CATALUÑA;6.1.-Tráfico de drogas;2012;2.111
CATALUÑA;6.1.-Tráfico de drogas;2011;2.248
CATALUÑA;6.1.-Tráfico de drogas;2010;1.782
CATALUÑA;6.2.-Contra la seguridad vial;2023;6.820
CATALUÑA;6.2.-Contra la seguridad vial;2022;7.014
CATALUÑA;6.2.-Contra la seguridad vial;2021;6.183
CATALUÑA;6.2.-Contra la seguridad vial;2020;4.562
CATALUÑA;6.2.-Contra la seguridad vial;2019;6.081
CATALUÑA;6.2.-Contra la seguridad vial;2018;6.017
CATALUÑA;6.2.-Contra la seguridad vial;2017;5.728
CATALUÑA;6.2.-Contra la seguridad vial;2016;5.707
CATALUÑA;6.2.-Contra la seguridad vial;2015;5.655
CATALUÑA;6.2.-Contra la seguridad vial;2014;5.644
CATALUÑA;6.2.-Contra la seguridad vial;2013;5.931
CATALUÑA;6.2.-Contra la seguridad vial;2012;6.128
CATALUÑA;6.2.-Contra la seguridad vial;2011;9.385
CATALUÑA;6.2.-Contra la seguridad vial;2010;8.752
CATALUÑA;6.3.-Otros contra la seguridad colectiva;2023;136
CATALUÑA;6.3.-Otros contra la seguridad colectiva;2022;126
CATALUÑA;6.3.-Otros contra la seguridad colectiva;2021;118
CATALUÑA;6.3.-Otros contra la seguridad colectiva;2020;111
CATALUÑA;6.3.-Otros contra la seguridad colectiva;2019;153
CATALUÑA;6.3.-Otros contra la seguridad colectiva;2018;104
CATALUÑA;6.3.-Otros contra la seguridad colectiva;2017;97
CATALUÑA;6.3.-Otros contra la seguridad colectiva;2016;91
CATALUÑA;6.3.-Otros contra la seguridad colectiva;2015;86
CATALUÑA;6.3.-Otros contra la seguridad colectiva;2014;113
CATALUÑA;6.3.-Otros contra la seguridad colectiva;2013;87
CATALUÑA;6.3.-Otros contra la seguridad colectiva;2012;123
CATALUÑA;6.3.-Otros contra la seguridad colectiva;2011;127
CATALUÑA;6.3.-Otros contra la seguridad colectiva;2010;145
CATALUÑA;7. FALSEDADES;2023;2.113
CATALUÑA;7. FALSEDADES;2022;2.403
CATALUÑA;7. FALSEDADES;2021;2.119
CATALUÑA;7. FALSEDADES;2020;1.572
CATALUÑA;7. FALSEDADES;2019;2.710
CATALUÑA;7. FALSEDADES;2018;2.538
CATALUÑA;7. FALSEDADES;2017;2.362
CATALUÑA;7. FALSEDADES;2016;2.564
CATALUÑA;7. FALSEDADES;2015;2.314
CATALUÑA;7. FALSEDADES;2014;2.409
CATALUÑA;7. FALSEDADES;2013;2.604
CATALUÑA;7. FALSEDADES;2012;2.857
CATALUÑA;7. FALSEDADES;2011;2.903
CATALUÑA;7. FALSEDADES;2010;3.156
CATALUÑA;8. ADMÓN. PÚBLICA;2023;46
CATALUÑA;8. ADMÓN. PÚBLICA;2022;126
CATALUÑA;8. ADMÓN. PÚBLICA;2021;94
CATALUÑA;8. ADMÓN. PÚBLICA;2020;14
CATALUÑA;8. ADMÓN. PÚBLICA;2019;40
CATALUÑA;8. ADMÓN. PÚBLICA;2018;57
CATALUÑA;8. ADMÓN. PÚBLICA;2017;64
CATALUÑA;8. ADMÓN. PÚBLICA;2016;55
CATALUÑA;8. ADMÓN. PÚBLICA;2015;33
CATALUÑA;8. ADMÓN. PÚBLICA;2014;55
CATALUÑA;8. ADMÓN. PÚBLICA;2013;53
CATALUÑA;8. ADMÓN. PÚBLICA;2012;23
CATALUÑA;8. ADMÓN. PÚBLICA;2011;40
CATALUÑA;8. ADMÓN. PÚBLICA;2010;56
CATALUÑA;9. ADMÓN. JUSTICIA;2023;4.581
CATALUÑA;9. ADMÓN. JUSTICIA;2022;3.909
CATALUÑA;9. ADMÓN. JUSTICIA;2021;3.593
CATALUÑA;9. ADMÓN. JUSTICIA;2020;3.105
CATALUÑA;9. ADMÓN. JUSTICIA;2019;3.506
CATALUÑA;9. ADMÓN. JUSTICIA;2018;3.528
CATALUÑA;9. ADMÓN. JUSTICIA;2017;3.448
CATALUÑA;9. ADMÓN. JUSTICIA;2016;3.384
CATALUÑA;9. ADMÓN. JUSTICIA;2015;3.416
CATALUÑA;9. ADMÓN. JUSTICIA;2014;3.607
CATALUÑA;9. ADMÓN. JUSTICIA;2013;3.533
CATALUÑA;9. ADMÓN. JUSTICIA;2012;3.541
CATALUÑA;9. ADMÓN. JUSTICIA;2011;3.767
CATALUÑA;9. ADMÓN. JUSTICIA;2010;3.772
CATALUÑA;10. ORDEN PÚBLICO;2023;3.878
CATALUÑA;10. ORDEN PÚBLICO;2022;3.885
CATALUÑA;10. ORDEN PÚBLICO;2021;3.542
CATALUÑA;10. ORDEN PÚBLICO;2020;2.788
CATALUÑA;10. ORDEN PÚBLICO;2019;2.862
CATALUÑA;10. ORDEN PÚBLICO;2018;2.617
CATALUÑA;10. ORDEN PÚBLICO;2017;2.460
CATALUÑA;10. ORDEN PÚBLICO;2016;2.280
CATALUÑA;10. ORDEN PÚBLICO;2015;3.026
CATALUÑA;10. ORDEN PÚBLICO;2014;3.967
CATALUÑA;10. ORDEN PÚBLICO;2013;4.425
CATALUÑA;10. ORDEN PÚBLICO;2012;4.605
CATALUÑA;10. ORDEN PÚBLICO;2011;5.165
CATALUÑA;10. ORDEN PÚBLICO;2010;4.687
CATALUÑA;11. LEGISLACIÓN ESPECIAL;2023;137
CATALUÑA;11. LEGISLACIÓN ESPECIAL;2022;13
CATALUÑA;11. LEGISLACIÓN ESPECIAL;2021;9
CATALUÑA;11. LEGISLACIÓN ESPECIAL;2020;9
CATALUÑA;11. LEGISLACIÓN ESPECIAL;2019;10
CATALUÑA;11. LEGISLACIÓN ESPECIAL;2018;11
CATALUÑA;11. LEGISLACIÓN ESPECIAL;2017;8
CATALUÑA;11. LEGISLACIÓN ESPECIAL;2016;13
CATALUÑA;11. LEGISLACIÓN ESPECIAL;2015;60
CATALUÑA;11. LEGISLACIÓN ESPECIAL;2014;93
CATALUÑA;11. LEGISLACIÓN ESPECIAL;2013;141
CATALUÑA;11. LEGISLACIÓN ESPECIAL;2012;151
CATALUÑA;11. LEGISLACIÓN ESPECIAL;2011;84
CATALUÑA;11. LEGISLACIÓN ESPECIAL;2010;89
CATALUÑA;12. OTRAS INFRACCIONES PENALES;2023;655
CATALUÑA;12. OTRAS INFRACCIONES PENALES;2022;518
CATALUÑA;12. OTRAS INFRACCIONES PENALES;2021;499
CATALUÑA;12. OTRAS INFRACCIONES PENALES;2020;365
CATALUÑA;12. OTRAS INFRACCIONES PENALES;2019;582
CATALUÑA;12. OTRAS INFRACCIONES PENALES;2018;447
CATALUÑA;12. OTRAS INFRACCIONES PENALES;2017;532
CATALUÑA;12. OTRAS INFRACCIONES PENALES;2016;604
CATALUÑA;12. OTRAS INFRACCIONES PENALES;2015;846
CATALUÑA;12. OTRAS INFRACCIONES PENALES;2014;1.061
CATALUÑA;12. OTRAS INFRACCIONES PENALES;2013;960
CATALUÑA;12. OTRAS INFRACCIONES PENALES;2012;960
CATALUÑA;12. OTRAS INFRACCIONES PENALES;2011;1.013
CATALUÑA;12. OTRAS INFRACCIONES PENALES;2010;1.146
CATALUÑA;TOTAL INFRACCIONES PENALES;2023;124.616
CATALUÑA;TOTAL INFRACCIONES PENALES;2022;113.833
CATALUÑA;TOTAL INFRACCIONES PENALES;2021;99.537
CATALUÑA;TOTAL INFRACCIONES PENALES;2020;85.142
CATALUÑA;TOTAL INFRACCIONES PENALES;2019;119.249
CATALUÑA;TOTAL INFRACCIONES PENALES;2018;116.550
CATALUÑA;TOTAL INFRACCIONES PENALES;2017;110.310
CATALUÑA;TOTAL INFRACCIONES PENALES;2016;110.138
CATALUÑA;TOTAL INFRACCIONES PENALES;2015;116.165
CATALUÑA;TOTAL INFRACCIONES PENALES;2014;126.499
CATALUÑA;TOTAL INFRACCIONES PENALES;2013;129.164
CATALUÑA;TOTAL INFRACCIONES PENALES;2012;130.324
CATALUÑA;TOTAL INFRACCIONES PENALES;2011;136.445
CATALUÑA;TOTAL INFRACCIONES PENALES;2010;132.824
COMUNITAT VALENCIANA;1. CONTRA LAS PERSONAS;2023;26.207
COMUNITAT VALENCIANA;1. CONTRA LAS PERSONAS;2022;24.535
COMUNITAT VALENCIANA;1. CONTRA LAS PERSONAS;2021;21.181
COMUNITAT VALENCIANA;1. CONTRA LAS PERSONAS;2020;18.731
COMUNITAT VALENCIANA;1. CONTRA LAS PERSONAS;2019;21.232
COMUNITAT VALENCIANA;1. CONTRA LAS PERSONAS;2018;20.230
COMUNITAT VALENCIANA;1. CONTRA LAS PERSONAS;2017;19.302
COMUNITAT VALENCIANA;1. CONTRA LAS PERSONAS;2016;18.683
COMUNITAT VALENCIANA;1. CONTRA LAS PERSONAS;2015;23.174
COMUNITAT VALENCIANA;1. CONTRA LAS PERSONAS;2014;28.693
COMUNITAT VALENCIANA;1. CONTRA LAS PERSONAS;2013;28.197
COMUNITAT VALENCIANA;1. CONTRA LAS PERSONAS;2012;28.890
COMUNITAT VALENCIANA;1. CONTRA LAS PERSONAS;2011;28.157
COMUNITAT VALENCIANA;1. CONTRA LAS PERSONAS;2010;28.953
COMUNITAT VALENCIANA;1.1.-Homicidios dolosos/asesinatos;2023;196
COMUNITAT VALENCIANA;1.1.-Homicidios dolosos/asesinatos;2022;170
COMUNITAT VALENCIANA;1.1.-Homicidios dolosos/asesinatos;2021;141
COMUNITAT VALENCIANA;1.1.-Homicidios dolosos/asesinatos;2020;123
COMUNITAT VALENCIANA;1.1.-Homicidios dolosos/asesinatos;2019;139
COMUNITAT VALENCIANA;1.1.-Homicidios dolosos/asesinatos;2018;119
COMUNITAT VALENCIANA;1.1.-Homicidios dolosos/asesinatos;2017;107
COMUNITAT VALENCIANA;1.1.-Homicidios dolosos/asesinatos;2016;117
COMUNITAT VALENCIANA;1.1.-Homicidios dolosos/asesinatos;2015;88
COMUNITAT VALENCIANA;1.1.-Homicidios dolosos/asesinatos;2014;91
COMUNITAT VALENCIANA;1.1.-Homicidios dolosos/asesinatos;2013;70
COMUNITAT VALENCIANA;1.1.-Homicidios dolosos/asesinatos;2012;107
COMUNITAT VALENCIANA;1.1.-Homicidios dolosos/asesinatos;2011;113
COMUNITAT VALENCIANA;1.1.-Homicidios dolosos/asesinatos;2010;100
COMUNITAT VALENCIANA;1.1.1.-Homicidios dolosos/asesinatos consumados;2023;34
COMUNITAT VALENCIANA;1.1.1.-Homicidios dolosos/asesinatos consumados;2022;38
COMUNITAT VALENCIANA;1.1.1.-Homicidios dolosos/asesinatos consumados;2021;32
COMUNITAT VALENCIANA;1.1.1.-Homicidios dolosos/asesinatos consumados;2020;36
COMUNITAT VALENCIANA;1.1.1.-Homicidios dolosos/asesinatos consumados;2019;38
COMUNITAT VALENCIANA;1.1.1.-Homicidios dolosos/asesinatos consumados;2018;26
COMUNITAT VALENCIANA;1.1.1.-Homicidios dolosos/asesinatos consumados;2017;42
COMUNITAT VALENCIANA;1.1.1.-Homicidios dolosos/asesinatos consumados;2016;25
COMUNITAT VALENCIANA;1.1.1.-Homicidios dolosos/asesinatos consumados;2015;43
COMUNITAT VALENCIANA;1.1.1.-Homicidios dolosos/asesinatos consumados;2014;26
COMUNITAT VALENCIANA;1.1.1.-Homicidios dolosos/asesinatos consumados;2013;28
COMUNITAT VALENCIANA;1.1.1.-Homicidios dolosos/asesinatos consumados;2012;47
COMUNITAT VALENCIANA;1.1.1.-Homicidios dolosos/asesinatos consumados;2011;38
COMUNITAT VALENCIANA;1.1.1.-Homicidios dolosos/asesinatos consumados;2010;42
COMUNITAT VALENCIANA;1.2.-Lesiones;2023;11.273
COMUNITAT VALENCIANA;1.2.-Lesiones;2022;11.103
COMUNITAT VALENCIANA;1.2.-Lesiones;2021;9.037
COMUNITAT VALENCIANA;1.2.-Lesiones;2020;7.534
COMUNITAT VALENCIANA;1.2.-Lesiones;2019;9.563
COMUNITAT VALENCIANA;1.2.-Lesiones;2018;9.378
COMUNITAT VALENCIANA;1.2.-Lesiones;2017;9.163
COMUNITAT VALENCIANA;1.2.-Lesiones;2016;9.071
COMUNITAT VALENCIANA;1.2.-Lesiones;2015;8.540
COMUNITAT VALENCIANA;1.2.-Lesiones;2014;9.115
COMUNITAT VALENCIANA;1.2.-Lesiones;2013;9.546
COMUNITAT VALENCIANA;1.2.-Lesiones;2012;9.663
COMUNITAT VALENCIANA;1.2.-Lesiones;2011;9.720
COMUNITAT VALENCIANA;1.2.-Lesiones;2010;9.639
COMUNITAT VALENCIANA;1.3.-Malos tratos ámbito familiar;2023;14.281
COMUNITAT VALENCIANA;1.3.-Malos tratos ámbito familiar;2022;12.854
COMUNITAT VALENCIANA;1.3.-Malos tratos ámbito familiar;2021;11.658
COMUNITAT VALENCIANA;1.3.-Malos tratos ámbito familiar;2020;10.827
COMUNITAT VALENCIANA;1.3.-Malos tratos ámbito familiar;2019;11.215
COMUNITAT VALENCIANA;1.3.-Malos tratos ámbito familiar;2018;10.425
COMUNITAT VALENCIANA;1.3.-Malos tratos ámbito familiar;2017;9.820
COMUNITAT VALENCIANA;1.3.-Malos tratos ámbito familiar;2016;9.367
COMUNITAT VALENCIANA;1.3.-Malos tratos ámbito familiar;2015;9.093
COMUNITAT VALENCIANA;1.3.-Malos tratos ámbito familiar;2014;8.761
COMUNITAT VALENCIANA;1.3.-Malos tratos ámbito familiar;2013;8.409
COMUNITAT VALENCIANA;1.3.-Malos tratos ámbito familiar;2012;8.372
COMUNITAT VALENCIANA;1.3.-Malos tratos ámbito familiar;2011;8.364
COMUNITAT VALENCIANA;1.3.-Malos tratos ámbito familiar;2010;8.972
COMUNITAT VALENCIANA;1.4.-Otros contra las personas;2023;457
COMUNITAT VALENCIANA;1.4.-Otros contra las personas;2022;408
COMUNITAT VALENCIANA;1.4.-Otros contra las personas;2021;345
COMUNITAT VALENCIANA;1.4.-Otros contra las personas;2020;247
COMUNITAT VALENCIANA;1.4.-Otros contra las personas;2019;315
COMUNITAT VALENCIANA;1.4.-Otros contra las personas;2018;308
COMUNITAT VALENCIANA;1.4.-Otros contra las personas;2017;212
COMUNITAT VALENCIANA;1.4.-Otros contra las personas;2016;128
COMUNITAT VALENCIANA;1.4.-Otros contra las personas;2015;5.453
COMUNITAT VALENCIANA;1.4.-Otros contra las personas;2014;10.726
COMUNITAT VALENCIANA;1.4.-Otros contra las personas;2013;10.172
COMUNITAT VALENCIANA;1.4.-Otros contra las personas;2012;10.748
COMUNITAT VALENCIANA;1.4.-Otros contra las personas;2011;9.960
COMUNITAT VALENCIANA;1.4.-Otros contra las personas;2010;10.242
COMUNITAT VALENCIANA;2. CONTRA LA LIBERTAD;2023;14.302
COMUNITAT VALENCIANA;2. CONTRA LA LIBERTAD;2022;12.992
COMUNITAT VALENCIANA;2. CONTRA LA LIBERTAD;2021;12.230
COMUNITAT VALENCIANA;2. CONTRA LA LIBERTAD;2020;10.899
COMUNITAT VALENCIANA;2. CONTRA LA LIBERTAD;2019;10.953
COMUNITAT VALENCIANA;2. CONTRA LA LIBERTAD;2018;10.652
COMUNITAT VALENCIANA;2. CONTRA LA LIBERTAD;2017;10.360
COMUNITAT VALENCIANA;2. CONTRA LA LIBERTAD;2016;9.710
COMUNITAT VALENCIANA;2. CONTRA LA LIBERTAD;2015;6.511
COMUNITAT VALENCIANA;2. CONTRA LA LIBERTAD;2014;4.015
COMUNITAT VALENCIANA;2. CONTRA LA LIBERTAD;2013;4.147
COMUNITAT VALENCIANA;2. CONTRA LA LIBERTAD;2012;4.266
COMUNITAT VALENCIANA;2. CONTRA LA LIBERTAD;2011;4.324
COMUNITAT VALENCIANA;2. CONTRA LA LIBERTAD;2010;3.956
COMUNITAT VALENCIANA;2.1.-Malos tratos habituales en el ámbito familiar;2023;2.527
COMUNITAT VALENCIANA;2.1.-Malos tratos habituales en el ámbito familiar;2022;2.444
COMUNITAT VALENCIANA;2.1.-Malos tratos habituales en el ámbito familiar;2021;1.884
COMUNITAT VALENCIANA;2.1.-Malos tratos habituales en el ámbito familiar;2020;1.663
COMUNITAT VALENCIANA;2.1.-Malos tratos habituales en el ámbito familiar;2019;1.799
COMUNITAT VALENCIANA;2.1.-Malos tratos habituales en el ámbito familiar;2018;1.684
COMUNITAT VALENCIANA;2.1.-Malos tratos habituales en el ámbito familiar;2017;1.511
COMUNITAT VALENCIANA;2.1.-Malos tratos habituales en el ámbito familiar;2016;1.499
COMUNITAT VALENCIANA;2.1.-Malos tratos habituales en el ámbito familiar;2015;1.505
COMUNITAT VALENCIANA;2.1.-Malos tratos habituales en el ámbito familiar;2014;1.721
COMUNITAT VALENCIANA;2.1.-Malos tratos habituales en el ámbito familiar;2013;1.773
COMUNITAT VALENCIANA;2.1.-Malos tratos habituales en el ámbito familiar;2012;1.905
COMUNITAT VALENCIANA;2.1.-Malos tratos habituales en el ámbito familiar;2011;1.931
COMUNITAT VALENCIANA;2.1.-Malos tratos habituales en el ámbito familiar;2010;1.546
COMUNITAT VALENCIANA;2.2.-Otros contra la libertad;2023;11.775
COMUNITAT VALENCIANA;2.2.-Otros contra la libertad;2022;10.548
COMUNITAT VALENCIANA;2.2.-Otros contra la libertad;2021;10.346
COMUNITAT VALENCIANA;2.2.-Otros contra la libertad;2020;9.236
COMUNITAT VALENCIANA;2.2.-Otros contra la libertad;2019;9.154
COMUNITAT VALENCIANA;2.2.-Otros contra la libertad;2018;8.968
COMUNITAT VALENCIANA;2.2.-Otros contra la libertad;2017;8.849
COMUNITAT VALENCIANA;2.2.-Otros contra la libertad;2016;8.211
COMUNITAT VALENCIANA;2.2.-Otros contra la libertad;2015;5.006
COMUNITAT VALENCIANA;2.2.-Otros contra la libertad;2014;2.294
COMUNITAT VALENCIANA;2.2.-Otros contra la libertad;2013;2.374
COMUNITAT VALENCIANA;2.2.-Otros contra la libertad;2012;2.361
COMUNITAT VALENCIANA;2.2.-Otros contra la libertad;2011;2.393
COMUNITAT VALENCIANA;2.2.-Otros contra la libertad;2010;2.410
COMUNITAT VALENCIANA;3. LIBERTAD SEXUAL;2023;2.172
COMUNITAT VALENCIANA;3. LIBERTAD SEXUAL;2022;2.004
COMUNITAT VALENCIANA;3. LIBERTAD SEXUAL;2021;1.775
COMUNITAT VALENCIANA;3. LIBERTAD SEXUAL;2020;1.242
COMUNITAT VALENCIANA;3. LIBERTAD SEXUAL;2019;1.441
COMUNITAT VALENCIANA;3. LIBERTAD SEXUAL;2018;1.338
COMUNITAT VALENCIANA;3. LIBERTAD SEXUAL;2017;1.056
COMUNITAT VALENCIANA;3. LIBERTAD SEXUAL;2016;1.107
COMUNITAT VALENCIANA;3. LIBERTAD SEXUAL;2015;993
COMUNITAT VALENCIANA;3. LIBERTAD SEXUAL;2014;899
COMUNITAT VALENCIANA;3. LIBERTAD SEXUAL;2013;912
COMUNITAT VALENCIANA;3. LIBERTAD SEXUAL;2012;962
COMUNITAT VALENCIANA;3. LIBERTAD SEXUAL;2011;913
COMUNITAT VALENCIANA;3. LIBERTAD SEXUAL;2010;980
COMUNITAT VALENCIANA;3.1.-Agresión sexual;2023;1.402
COMUNITAT VALENCIANA;3.1.-Agresión sexual;2022;1.254
COMUNITAT VALENCIANA;3.1.-Agresión sexual;2021;1.159
COMUNITAT VALENCIANA;3.1.-Agresión sexual;2020;751
COMUNITAT VALENCIANA;3.1.-Agresión sexual;2019;878
COMUNITAT VALENCIANA;3.1.-Agresión sexual;2018;849
COMUNITAT VALENCIANA;3.1.-Agresión sexual;2017;641
COMUNITAT VALENCIANA;3.1.-Agresión sexual;2016;637
COMUNITAT VALENCIANA;3.1.-Agresión sexual;2015;533
COMUNITAT VALENCIANA;3.1.-Agresión sexual;2014;490
COMUNITAT VALENCIANA;3.1.-Agresión sexual;2013;458
COMUNITAT VALENCIANA;3.1.-Agresión sexual;2012;536
COMUNITAT VALENCIANA;3.1.-Agresión sexual;2011;476
COMUNITAT VALENCIANA;3.1.-Agresión sexual;2010;491
COMUNITAT VALENCIANA;3.2.-Agresión sexual con penetración;2023;427
COMUNITAT VALENCIANA;3.2.-Agresión sexual con penetración;2022;430
COMUNITAT VALENCIANA;3.2.-Agresión sexual con penetración;2021;341
COMUNITAT VALENCIANA;3.2.-Agresión sexual con penetración;2020;258
COMUNITAT VALENCIANA;3.2.-Agresión sexual con penetración;2019;256
COMUNITAT VALENCIANA;3.2.-Agresión sexual con penetración;2018;221
COMUNITAT VALENCIANA;3.2.-Agresión sexual con penetración;2017;148
COMUNITAT VALENCIANA;3.2.-Agresión sexual con penetración;2016;168
COMUNITAT VALENCIANA;3.2.-Agresión sexual con penetración;2015;133
COMUNITAT VALENCIANA;3.2.-Agresión sexual con penetración;2014;127
COMUNITAT VALENCIANA;3.2.-Agresión sexual con penetración;2013;189
COMUNITAT VALENCIANA;3.2.-Agresión sexual con penetración;2012;148
COMUNITAT VALENCIANA;3.2.-Agresión sexual con penetración;2011;178
COMUNITAT VALENCIANA;3.2.-Agresión sexual con penetración;2010;197
COMUNITAT VALENCIANA;3.3.-Corrupción de menores o incapacitados;2023;38
COMUNITAT VALENCIANA;3.3.-Corrupción de menores o incapacitados;2022;59
COMUNITAT VALENCIANA;3.3.-Corrupción de menores o incapacitados;2021;50
COMUNITAT VALENCIANA;3.3.-Corrupción de menores o incapacitados;2020;28
COMUNITAT VALENCIANA;3.3.-Corrupción de menores o incapacitados;2019;48
COMUNITAT VALENCIANA;3.3.-Corrupción de menores o incapacitados;2018;33
COMUNITAT VALENCIANA;3.3.-Corrupción de menores o incapacitados;2017;62
COMUNITAT VALENCIANA;3.3.-Corrupción de menores o incapacitados;2016;43
COMUNITAT VALENCIANA;3.3.-Corrupción de menores o incapacitados;2015;74
COMUNITAT VALENCIANA;3.3.-Corrupción de menores o incapacitados;2014;48
COMUNITAT VALENCIANA;3.3.-Corrupción de menores o incapacitados;2013;48
COMUNITAT VALENCIANA;3.3.-Corrupción de menores o incapacitados;2012;43
COMUNITAT VALENCIANA;3.3.-Corrupción de menores o incapacitados;2011;34
COMUNITAT VALENCIANA;3.3.-Corrupción de menores o incapacitados;2010;24
COMUNITAT VALENCIANA;3.4.-Pornografía de menores;2023;78
COMUNITAT VALENCIANA;3.4.-Pornografía de menores;2022;65
COMUNITAT VALENCIANA;3.4.-Pornografía de menores;2021;49
COMUNITAT VALENCIANA;3.4.-Pornografía de menores;2020;42
COMUNITAT VALENCIANA;3.4.-Pornografía de menores;2019;81
COMUNITAT VALENCIANA;3.4.-Pornografía de menores;2018;70
COMUNITAT VALENCIANA;3.4.-Pornografía de menores;2017;52
COMUNITAT VALENCIANA;3.4.-Pornografía de menores;2016;60
COMUNITAT VALENCIANA;3.4.-Pornografía de menores;2015;76
COMUNITAT VALENCIANA;3.4.-Pornografía de menores;2014;61
COMUNITAT VALENCIANA;3.4.-Pornografía de menores;2013;34
COMUNITAT VALENCIANA;3.4.-Pornografía de menores;2012;45
COMUNITAT VALENCIANA;3.4.-Pornografía de menores;2011;46
COMUNITAT VALENCIANA;3.4.-Pornografía de menores;2010;82
COMUNITAT VALENCIANA;3.5.-Otros contra la libertad sexual;2023;227
COMUNITAT VALENCIANA;3.5.-Otros contra la libertad sexual;2022;196
COMUNITAT VALENCIANA;3.5.-Otros contra la libertad sexual;2021;176
COMUNITAT VALENCIANA;3.5.-Otros contra la libertad sexual;2020;163
COMUNITAT VALENCIANA;3.5.-Otros contra la libertad sexual;2019;178
COMUNITAT VALENCIANA;3.5.-Otros contra la libertad sexual;2018;165
COMUNITAT VALENCIANA;3.5.-Otros contra la libertad sexual;2017;153
COMUNITAT VALENCIANA;3.5.-Otros contra la libertad sexual;2016;199
COMUNITAT VALENCIANA;3.5.-Otros contra la libertad sexual;2015;177
COMUNITAT VALENCIANA;3.5.-Otros contra la libertad sexual;2014;173
COMUNITAT VALENCIANA;3.5.-Otros contra la libertad sexual;2013;183
COMUNITAT VALENCIANA;3.5.-Otros contra la libertad sexual;2012;190
COMUNITAT VALENCIANA;3.5.-Otros contra la libertad sexual;2011;179
COMUNITAT VALENCIANA;3.5.-Otros contra la libertad sexual;2010;186
COMUNITAT VALENCIANA;4. RELACIONES FAMILIARES;2023;880
COMUNITAT VALENCIANA;4. RELACIONES FAMILIARES;2022;889
COMUNITAT VALENCIANA;4. RELACIONES FAMILIARES;2021;837
COMUNITAT VALENCIANA;4. RELACIONES FAMILIARES;2020;784
COMUNITAT VALENCIANA;4. RELACIONES FAMILIARES;2019;852
COMUNITAT VALENCIANA;4. RELACIONES FAMILIARES;2018;870
COMUNITAT VALENCIANA;4. RELACIONES FAMILIARES;2017;858
COMUNITAT VALENCIANA;4. RELACIONES FAMILIARES;2016;837
COMUNITAT VALENCIANA;4. RELACIONES FAMILIARES;2015;922
COMUNITAT VALENCIANA;4. RELACIONES FAMILIARES;2014;968
COMUNITAT VALENCIANA;4. RELACIONES FAMILIARES;2013;907
COMUNITAT VALENCIANA;4. RELACIONES FAMILIARES;2012;914
COMUNITAT VALENCIANA;4. RELACIONES FAMILIARES;2011;828
COMUNITAT VALENCIANA;4. RELACIONES FAMILIARES;2010;730
COMUNITAT VALENCIANA;5. PATRIMONIO;2023;45.841
COMUNITAT VALENCIANA;5. PATRIMONIO;2022;39.897
COMUNITAT VALENCIANA;5. PATRIMONIO;2021;33.426
COMUNITAT VALENCIANA;5. PATRIMONIO;2020;28.810
COMUNITAT VALENCIANA;5. PATRIMONIO;2019;35.109
COMUNITAT VALENCIANA;5. PATRIMONIO;2018;34.486
COMUNITAT VALENCIANA;5. PATRIMONIO;2017;34.423
COMUNITAT VALENCIANA;5. PATRIMONIO;2016;34.554
COMUNITAT VALENCIANA;5. PATRIMONIO;2015;34.073
COMUNITAT VALENCIANA;5. PATRIMONIO;2014;36.887
COMUNITAT VALENCIANA;5. PATRIMONIO;2013;40.095
COMUNITAT VALENCIANA;5. PATRIMONIO;2012;35.523
COMUNITAT VALENCIANA;5. PATRIMONIO;2011;33.089
COMUNITAT VALENCIANA;5. PATRIMONIO;2010;33.786
COMUNITAT VALENCIANA;5.1.-Hurtos;2023;17.101
COMUNITAT VALENCIANA;5.1.-Hurtos;2022;14.614
COMUNITAT VALENCIANA;5.1.-Hurtos;2021;11.689
COMUNITAT VALENCIANA;5.1.-Hurtos;2020;9.128
COMUNITAT VALENCIANA;5.1.-Hurtos;2019;12.945
COMUNITAT VALENCIANA;5.1.-Hurtos;2018;13.342
COMUNITAT VALENCIANA;5.1.-Hurtos;2017;13.472
COMUNITAT VALENCIANA;5.1.-Hurtos;2016;13.637
COMUNITAT VALENCIANA;5.1.-Hurtos;2015;13.666
COMUNITAT VALENCIANA;5.1.-Hurtos;2014;14.029
COMUNITAT VALENCIANA;5.1.-Hurtos;2013;15.283
COMUNITAT VALENCIANA;5.1.-Hurtos;2012;13.730
COMUNITAT VALENCIANA;5.1.-Hurtos;2011;12.692
COMUNITAT VALENCIANA;5.1.-Hurtos;2010;12.049
COMUNITAT VALENCIANA;5.2.-Robos con fuerza en las cosas;2023;6.720
COMUNITAT VALENCIANA;5.2.-Robos con fuerza en las cosas;2022;5.284
COMUNITAT VALENCIANA;5.2.-Robos con fuerza en las cosas;2021;4.538
COMUNITAT VALENCIANA;5.2.-Robos con fuerza en las cosas;2020;4.675
COMUNITAT VALENCIANA;5.2.-Robos con fuerza en las cosas;2019;5.481
COMUNITAT VALENCIANA;5.2.-Robos con fuerza en las cosas;2018;5.580
COMUNITAT VALENCIANA;5.2.-Robos con fuerza en las cosas;2017;6.223
COMUNITAT VALENCIANA;5.2.-Robos con fuerza en las cosas;2016;6.562
COMUNITAT VALENCIANA;5.2.-Robos con fuerza en las cosas;2015;6.435
COMUNITAT VALENCIANA;5.2.-Robos con fuerza en las cosas;2014;8.400
COMUNITAT VALENCIANA;5.2.-Robos con fuerza en las cosas;2013;9.436
COMUNITAT VALENCIANA;5.2.-Robos con fuerza en las cosas;2012;7.427
COMUNITAT VALENCIANA;5.2.-Robos con fuerza en las cosas;2011;7.200
COMUNITAT VALENCIANA;5.2.-Robos con fuerza en las cosas;2010;8.520
COMUNITAT VALENCIANA;5.2.1.-Robos con fuerza en las cosas en el interior de vehículos;2023;1.945
COMUNITAT VALENCIANA;5.2.1.-Robos con fuerza en las cosas en el interior de vehículos;2022;1.234
COMUNITAT VALENCIANA;5.2.1.-Robos con fuerza en las cosas en el interior de vehículos;2021;1.083
COMUNITAT VALENCIANA;5.2.1.-Robos con fuerza en las cosas en el interior de vehículos;2020;979
COMUNITAT VALENCIANA;5.2.1.-Robos con fuerza en las cosas en el interior de vehículos;2019;1.208
COMUNITAT VALENCIANA;5.2.1.-Robos con fuerza en las cosas en el interior de vehículos;2018;1.112
COMUNITAT VALENCIANA;5.2.1.-Robos con fuerza en las cosas en el interior de vehículos;2017;1.600
COMUNITAT VALENCIANA;5.2.1.-Robos con fuerza en las cosas en el interior de vehículos;2016;1.407
COMUNITAT VALENCIANA;5.2.1.-Robos con fuerza en las cosas en el interior de vehículos;2015;1.425
COMUNITAT VALENCIANA;5.2.1.-Robos con fuerza en las cosas en el interior de vehículos;2014;1.737
COMUNITAT VALENCIANA;5.2.1.-Robos con fuerza en las cosas en el interior de vehículos;2013;2.036
COMUNITAT VALENCIANA;5.2.1.-Robos con fuerza en las cosas en el interior de vehículos;2012;1.956
COMUNITAT VALENCIANA;5.2.1.-Robos con fuerza en las cosas en el interior de vehículos;2011;2.114
COMUNITAT VALENCIANA;5.2.1.-Robos con fuerza en las cosas en el interior de vehículos;2010;1.752
COMUNITAT VALENCIANA;5.2.2.-Robos con fuerza en viviendas;2023;2.396
COMUNITAT VALENCIANA;5.2.2.-Robos con fuerza en viviendas;2022;1.916
COMUNITAT VALENCIANA;5.2.2.-Robos con fuerza en viviendas;2021;1.762
COMUNITAT VALENCIANA;5.2.2.-Robos con fuerza en viviendas;2020;2.012
COMUNITAT VALENCIANA;5.2.2.-Robos con fuerza en viviendas;2019;2.279
COMUNITAT VALENCIANA;5.2.2.-Robos con fuerza en viviendas;2018;2.584
COMUNITAT VALENCIANA;5.2.2.-Robos con fuerza en viviendas;2017;2.727
COMUNITAT VALENCIANA;5.2.2.-Robos con fuerza en viviendas;2016;2.976
COMUNITAT VALENCIANA;5.2.2.-Robos con fuerza en viviendas;2015;2.725
COMUNITAT VALENCIANA;5.2.2.-Robos con fuerza en viviendas;2014;3.823
COMUNITAT VALENCIANA;5.2.2.-Robos con fuerza en viviendas;2013;4.000
COMUNITAT VALENCIANA;5.2.2.-Robos con fuerza en viviendas;2012;2.739
COMUNITAT VALENCIANA;5.2.2.-Robos con fuerza en viviendas;2011;1.873
COMUNITAT VALENCIANA;5.2.2.-Robos con fuerza en viviendas;2010;2.567
COMUNITAT VALENCIANA;5.2.3.-Robos con fuerza en establecimientos;2023;1.183
COMUNITAT VALENCIANA;5.2.3.-Robos con fuerza en establecimientos;2022;1.038
COMUNITAT VALENCIANA;5.2.3.-Robos con fuerza en establecimientos;2021;878
COMUNITAT VALENCIANA;5.2.3.-Robos con fuerza en establecimientos;2020;1.025
COMUNITAT VALENCIANA;5.2.3.-Robos con fuerza en establecimientos;2019;1.085
COMUNITAT VALENCIANA;5.2.3.-Robos con fuerza en establecimientos;2018;1.020
COMUNITAT VALENCIANA;5.2.3.-Robos con fuerza en establecimientos;2017;1.026
COMUNITAT VALENCIANA;5.2.3.-Robos con fuerza en establecimientos;2016;1.212
COMUNITAT VALENCIANA;5.2.3.-Robos con fuerza en establecimientos;2015;1.198
COMUNITAT VALENCIANA;5.2.3.-Robos con fuerza en establecimientos;2014;1.244
COMUNITAT VALENCIANA;5.2.3.-Robos con fuerza en establecimientos;2013;1.405
COMUNITAT VALENCIANA;5.2.3.-Robos con fuerza en establecimientos;2012;1.215
COMUNITAT VALENCIANA;5.2.3.-Robos con fuerza en establecimientos;2011;1.268
COMUNITAT VALENCIANA;5.2.3.-Robos con fuerza en establecimientos;2010;1.598
COMUNITAT VALENCIANA;5.3.-Robos con violencia o intimidación;2023;2.707
COMUNITAT VALENCIANA;5.3.-Robos con violencia o intimidación;2022;2.289
COMUNITAT VALENCIANA;5.3.-Robos con violencia o intimidación;2021;1.796
COMUNITAT VALENCIANA;5.3.-Robos con violencia o intimidación;2020;1.545
COMUNITAT VALENCIANA;5.3.-Robos con violencia o intimidación;2019;1.836
COMUNITAT VALENCIANA;5.3.-Robos con violencia o intimidación;2018;1.681
COMUNITAT VALENCIANA;5.3.-Robos con violencia o intimidación;2017;1.888
COMUNITAT VALENCIANA;5.3.-Robos con violencia o intimidación;2016;1.921
COMUNITAT VALENCIANA;5.3.-Robos con violencia o intimidación;2015;1.790
COMUNITAT VALENCIANA;5.3.-Robos con violencia o intimidación;2014;2.172
COMUNITAT VALENCIANA;5.3.-Robos con violencia o intimidación;2013;2.802
COMUNITAT VALENCIANA;5.3.-Robos con violencia o intimidación;2012;2.481
COMUNITAT VALENCIANA;5.3.-Robos con violencia o intimidación;2011;2.561
COMUNITAT VALENCIANA;5.3.-Robos con violencia o intimidación;2010;2.612
COMUNITAT VALENCIANA;5.3.1.-Robos con violencia en vía pública;2023;1.448
COMUNITAT VALENCIANA;5.3.1.-Robos con violencia en vía pública;2022;1.197
COMUNITAT VALENCIANA;5.3.1.-Robos con violencia en vía pública;2021;878
COMUNITAT VALENCIANA;5.3.1.-Robos con violencia en vía pública;2020;784
COMUNITAT VALENCIANA;5.3.1.-Robos con violencia en vía pública;2019;915
COMUNITAT VALENCIANA;5.3.1.-Robos con violencia en vía pública;2018;774
COMUNITAT VALENCIANA;5.3.1.-Robos con violencia en vía pública;2017;956
COMUNITAT VALENCIANA;5.3.1.-Robos con violencia en vía pública;2016;1.036
COMUNITAT VALENCIANA;5.3.1.-Robos con violencia en vía pública;2015;933
COMUNITAT VALENCIANA;5.3.1.-Robos con violencia en vía pública;2014;1.195
COMUNITAT VALENCIANA;5.3.1.-Robos con violencia en vía pública;2013;1.553
COMUNITAT VALENCIANA;5.3.1.-Robos con violencia en vía pública;2012;1.459
COMUNITAT VALENCIANA;5.3.1.-Robos con violencia en vía pública;2011;1.401
COMUNITAT VALENCIANA;5.3.1.-Robos con violencia en vía pública;2010;1.600
COMUNITAT VALENCIANA;5.3.2.-Robos con violencia en viviendas;2023;239
COMUNITAT VALENCIANA;5.3.2.-Robos con violencia en viviendas;2022;220
COMUNITAT VALENCIANA;5.3.2.-Robos con violencia en viviendas;2021;219
COMUNITAT VALENCIANA;5.3.2.-Robos con violencia en viviendas;2020;199
COMUNITAT VALENCIANA;5.3.2.-Robos con violencia en viviendas;2019;225
COMUNITAT VALENCIANA;5.3.2.-Robos con violencia en viviendas;2018;192
COMUNITAT VALENCIANA;5.3.2.-Robos con violencia en viviendas;2017;215
COMUNITAT VALENCIANA;5.3.2.-Robos con violencia en viviendas;2016;194
COMUNITAT VALENCIANA;5.3.2.-Robos con violencia en viviendas;2015;240
COMUNITAT VALENCIANA;5.3.2.-Robos con violencia en viviendas;2014;258
COMUNITAT VALENCIANA;5.3.2.-Robos con violencia en viviendas;2013;350
COMUNITAT VALENCIANA;5.3.2.-Robos con violencia en viviendas;2012;271
COMUNITAT VALENCIANA;5.3.2.-Robos con violencia en viviendas;2011;224
COMUNITAT VALENCIANA;5.3.2.-Robos con violencia en viviendas;2010;247
COMUNITAT VALENCIANA;5.3.3.-Robos con violencia en establecimientos;2023;699
COMUNITAT VALENCIANA;5.3.3.-Robos con violencia en establecimientos;2022;580
COMUNITAT VALENCIANA;5.3.3.-Robos con violencia en establecimientos;2021;489
COMUNITAT VALENCIANA;5.3.3.-Robos con violencia en establecimientos;2020;406
COMUNITAT VALENCIANA;5.3.3.-Robos con violencia en establecimientos;2019;480
COMUNITAT VALENCIANA;5.3.3.-Robos con violencia en establecimientos;2018;493
COMUNITAT VALENCIANA;5.3.3.-Robos con violencia en establecimientos;2017;491
COMUNITAT VALENCIANA;5.3.3.-Robos con violencia en establecimientos;2016;495
COMUNITAT VALENCIANA;5.3.3.-Robos con violencia en establecimientos;2015;416
COMUNITAT VALENCIANA;5.3.3.-Robos con violencia en establecimientos;2014;496
COMUNITAT VALENCIANA;5.3.3.-Robos con violencia en establecimientos;2013;565
COMUNITAT VALENCIANA;5.3.3.-Robos con violencia en establecimientos;2012;480
COMUNITAT VALENCIANA;5.3.3.-Robos con violencia en establecimientos;2011;494
COMUNITAT VALENCIANA;5.3.3.-Robos con violencia en establecimientos;2010;524
COMUNITAT VALENCIANA;5.4.-Sustracción de vehículos;2023;1.218
COMUNITAT VALENCIANA;5.4.-Sustracción de vehículos;2022;1.055
COMUNITAT VALENCIANA;5.4.-Sustracción de vehículos;2021;897
COMUNITAT VALENCIANA;5.4.-Sustracción de vehículos;2020;847
COMUNITAT VALENCIANA;5.4.-Sustracción de vehículos;2019;954
COMUNITAT VALENCIANA;5.4.-Sustracción de vehículos;2018;990
COMUNITAT VALENCIANA;5.4.-Sustracción de vehículos;2017;1.205
COMUNITAT VALENCIANA;5.4.-Sustracción de vehículos;2016;1.241
COMUNITAT VALENCIANA;5.4.-Sustracción de vehículos;2015;1.115
COMUNITAT VALENCIANA;5.4.-Sustracción de vehículos;2014;1.153
COMUNITAT VALENCIANA;5.4.-Sustracción de vehículos;2013;1.222
COMUNITAT VALENCIANA;5.4.-Sustracción de vehículos;2012;1.191
COMUNITAT VALENCIANA;5.4.-Sustracción de vehículos;2011;1.392
COMUNITAT VALENCIANA;5.4.-Sustracción de vehículos;2010;1.509
COMUNITAT VALENCIANA;5.5.-Estafas;2023;9.728
COMUNITAT VALENCIANA;5.5.-Estafas;2022;8.056
COMUNITAT VALENCIANA;5.5.-Estafas;2021;7.035
COMUNITAT VALENCIANA;5.5.-Estafas;2020;5.781
COMUNITAT VALENCIANA;5.5.-Estafas;2019;6.398
COMUNITAT VALENCIANA;5.5.-Estafas;2018;5.933
COMUNITAT VALENCIANA;5.5.-Estafas;2017;5.003
COMUNITAT VALENCIANA;5.5.-Estafas;2016;4.658
COMUNITAT VALENCIANA;5.5.-Estafas;2015;4.411
COMUNITAT VALENCIANA;5.5.-Estafas;2014;4.250
COMUNITAT VALENCIANA;5.5.-Estafas;2013;4.131
COMUNITAT VALENCIANA;5.5.-Estafas;2012;3.973
COMUNITAT VALENCIANA;5.5.-Estafas;2011;3.389
COMUNITAT VALENCIANA;5.5.-Estafas;2010;3.003
COMUNITAT VALENCIANA;5.5.1.-Estafas informáticas;2023;6.011
COMUNITAT VALENCIANA;5.5.1.-Estafas informáticas;2022;4.268
COMUNITAT VALENCIANA;5.5.1.-Estafas informáticas;2021;3.864
COMUNITAT VALENCIANA;5.5.1.-Estafas informáticas;2020;2.925
COMUNITAT VALENCIANA;5.5.1.-Estafas informáticas;2019;2.430
COMUNITAT VALENCIANA;5.5.1.-Estafas informáticas;2018;2.086
COMUNITAT VALENCIANA;5.5.1.-Estafas informáticas;2017;1.547
COMUNITAT VALENCIANA;5.5.1.-Estafas informáticas;2016;1.412
COMUNITAT VALENCIANA;5.5.1.-Estafas informáticas;2015;1.264
COMUNITAT VALENCIANA;5.5.1.-Estafas informáticas;2014;1.101
COMUNITAT VALENCIANA;5.5.1.-Estafas informáticas;2013;864
COMUNITAT VALENCIANA;5.5.1.-Estafas informáticas;2012;712
COMUNITAT VALENCIANA;5.5.1.-Estafas informáticas;2011;524
COMUNITAT VALENCIANA;5.5.1.-Estafas informáticas;2010;565
COMUNITAT VALENCIANA;5.6.-Daños;2023;4.296
COMUNITAT VALENCIANA;5.6.-Daños;2022;4.399
COMUNITAT VALENCIANA;5.6.-Daños;2021;3.952
COMUNITAT VALENCIANA;5.6.-Daños;2020;3.415
COMUNITAT VALENCIANA;5.6.-Daños;2019;3.840
COMUNITAT VALENCIANA;5.6.-Daños;2018;3.532
COMUNITAT VALENCIANA;5.6.-Daños;2017;3.505
COMUNITAT VALENCIANA;5.6.-Daños;2016;3.442
COMUNITAT VALENCIANA;5.6.-Daños;2015;3.259
COMUNITAT VALENCIANA;5.6.-Daños;2014;3.496
COMUNITAT VALENCIANA;5.6.-Daños;2013;3.822
COMUNITAT VALENCIANA;5.6.-Daños;2012;3.715
COMUNITAT VALENCIANA;5.6.-Daños;2011;3.585
COMUNITAT VALENCIANA;5.6.-Daños;2010;3.794
COMUNITAT VALENCIANA;5.7.-Contra la propiedad intelectual/industrial;2023;210
COMUNITAT VALENCIANA;5.7.-Contra la propiedad intelectual/industrial;2022;184
COMUNITAT VALENCIANA;5.7.-Contra la propiedad intelectual/industrial;2021;179
COMUNITAT VALENCIANA;5.7.-Contra la propiedad intelectual/industrial;2020;130
COMUNITAT VALENCIANA;5.7.-Contra la propiedad intelectual/industrial;2019;157
COMUNITAT VALENCIANA;5.7.-Contra la propiedad intelectual/industrial;2018;265
COMUNITAT VALENCIANA;5.7.-Contra la propiedad intelectual/industrial;2017;210
COMUNITAT VALENCIANA;5.7.-Contra la propiedad intelectual/industrial;2016;225
COMUNITAT VALENCIANA;5.7.-Contra la propiedad intelectual/industrial;2015;236
COMUNITAT VALENCIANA;5.7.-Contra la propiedad intelectual/industrial;2014;224
COMUNITAT VALENCIANA;5.7.-Contra la propiedad intelectual/industrial;2013;285
COMUNITAT VALENCIANA;5.7.-Contra la propiedad intelectual/industrial;2012;288
COMUNITAT VALENCIANA;5.7.-Contra la propiedad intelectual/industrial;2011;253
COMUNITAT VALENCIANA;5.7.-Contra la propiedad intelectual/industrial;2010;476
COMUNITAT VALENCIANA;5.8.-Blanqueo de capitales;2023;77
COMUNITAT VALENCIANA;5.8.-Blanqueo de capitales;2022;58
COMUNITAT VALENCIANA;5.8.-Blanqueo de capitales;2021;73
COMUNITAT VALENCIANA;5.8.-Blanqueo de capitales;2020;74
COMUNITAT VALENCIANA;5.8.-Blanqueo de capitales;2019;50
COMUNITAT VALENCIANA;5.8.-Blanqueo de capitales;2018;53
COMUNITAT VALENCIANA;5.8.-Blanqueo de capitales;2017;46
COMUNITAT VALENCIANA;5.8.-Blanqueo de capitales;2016;41
COMUNITAT VALENCIANA;5.8.-Blanqueo de capitales;2015;21
COMUNITAT VALENCIANA;5.8.-Blanqueo de capitales;2014;21
COMUNITAT VALENCIANA;5.8.-Blanqueo de capitales;2013;51
COMUNITAT VALENCIANA;5.8.-Blanqueo de capitales;2012;20
COMUNITAT VALENCIANA;5.8.-Blanqueo de capitales;2011;7
COMUNITAT VALENCIANA;5.8.-Blanqueo de capitales;2010;11
COMUNITAT VALENCIANA;5.9.-Otros contra el patrimonio;2023;3.784
COMUNITAT VALENCIANA;5.9.-Otros contra el patrimonio;2022;3.958
COMUNITAT VALENCIANA;5.9.-Otros contra el patrimonio;2021;3.267
COMUNITAT VALENCIANA;5.9.-Otros contra el patrimonio;2020;3.215
COMUNITAT VALENCIANA;5.9.-Otros contra el patrimonio;2019;3.448
COMUNITAT VALENCIANA;5.9.-Otros contra el patrimonio;2018;3.110
COMUNITAT VALENCIANA;5.9.-Otros contra el patrimonio;2017;2.871
COMUNITAT VALENCIANA;5.9.-Otros contra el patrimonio;2016;2.827
COMUNITAT VALENCIANA;5.9.-Otros contra el patrimonio;2015;3.140
COMUNITAT VALENCIANA;5.9.-Otros contra el patrimonio;2014;3.142
COMUNITAT VALENCIANA;5.9.-Otros contra el patrimonio;2013;3.063
COMUNITAT VALENCIANA;5.9.-Otros contra el patrimonio;2012;2.698
COMUNITAT VALENCIANA;5.9.-Otros contra el patrimonio;2011;2.010
COMUNITAT VALENCIANA;5.9.-Otros contra el patrimonio;2010;1.812
COMUNITAT VALENCIANA;6. SEGURIDAD COLECTIVA;2023;9.410
COMUNITAT VALENCIANA;6. SEGURIDAD COLECTIVA;2022;8.800
COMUNITAT VALENCIANA;6. SEGURIDAD COLECTIVA;2021;7.677
COMUNITAT VALENCIANA;6. SEGURIDAD COLECTIVA;2020;6.422
COMUNITAT VALENCIANA;6. SEGURIDAD COLECTIVA;2019;7.577
COMUNITAT VALENCIANA;6. SEGURIDAD COLECTIVA;2018;7.558
COMUNITAT VALENCIANA;6. SEGURIDAD COLECTIVA;2017;7.014
COMUNITAT VALENCIANA;6. SEGURIDAD COLECTIVA;2016;7.146
COMUNITAT VALENCIANA;6. SEGURIDAD COLECTIVA;2015;7.152
COMUNITAT VALENCIANA;6. SEGURIDAD COLECTIVA;2014;8.012
COMUNITAT VALENCIANA;6. SEGURIDAD COLECTIVA;2013;8.581
COMUNITAT VALENCIANA;6. SEGURIDAD COLECTIVA;2012;8.305
COMUNITAT VALENCIANA;6. SEGURIDAD COLECTIVA;2011;8.132
COMUNITAT VALENCIANA;6. SEGURIDAD COLECTIVA;2010;7.757
COMUNITAT VALENCIANA;6.1.-Tráfico de drogas;2023;2.447
COMUNITAT VALENCIANA;6.1.-Tráfico de drogas;2022;1.940
COMUNITAT VALENCIANA;6.1.-Tráfico de drogas;2021;1.813
COMUNITAT VALENCIANA;6.1.-Tráfico de drogas;2020;1.793
COMUNITAT VALENCIANA;6.1.-Tráfico de drogas;2019;1.923
COMUNITAT VALENCIANA;6.1.-Tráfico de drogas;2018;1.700
COMUNITAT VALENCIANA;6.1.-Tráfico de drogas;2017;1.511
COMUNITAT VALENCIANA;6.1.-Tráfico de drogas;2016;1.588
COMUNITAT VALENCIANA;6.1.-Tráfico de drogas;2015;1.440
COMUNITAT VALENCIANA;6.1.-Tráfico de drogas;2014;1.587
COMUNITAT VALENCIANA;6.1.-Tráfico de drogas;2013;1.825
COMUNITAT VALENCIANA;6.1.-Tráfico de drogas;2012;1.432
COMUNITAT VALENCIANA;6.1.-Tráfico de drogas;2011;1.340
COMUNITAT VALENCIANA;6.1.-Tráfico de drogas;2010;1.375
COMUNITAT VALENCIANA;6.2.-Contra la seguridad vial;2023;6.715
COMUNITAT VALENCIANA;6.2.-Contra la seguridad vial;2022;6.651
COMUNITAT VALENCIANA;6.2.-Contra la seguridad vial;2021;5.690
COMUNITAT VALENCIANA;6.2.-Contra la seguridad vial;2020;4.479
COMUNITAT VALENCIANA;6.2.-Contra la seguridad vial;2019;5.494
COMUNITAT VALENCIANA;6.2.-Contra la seguridad vial;2018;5.647
COMUNITAT VALENCIANA;6.2.-Contra la seguridad vial;2017;5.302
COMUNITAT VALENCIANA;6.2.-Contra la seguridad vial;2016;5.341
COMUNITAT VALENCIANA;6.2.-Contra la seguridad vial;2015;5.488
COMUNITAT VALENCIANA;6.2.-Contra la seguridad vial;2014;6.209
COMUNITAT VALENCIANA;6.2.-Contra la seguridad vial;2013;6.510
COMUNITAT VALENCIANA;6.2.-Contra la seguridad vial;2012;6.439
COMUNITAT VALENCIANA;6.2.-Contra la seguridad vial;2011;6.347
COMUNITAT VALENCIANA;6.2.-Contra la seguridad vial;2010;5.992
COMUNITAT VALENCIANA;6.3.-Otros contra la seguridad colectiva;2023;248
COMUNITAT VALENCIANA;6.3.-Otros contra la seguridad colectiva;2022;209
COMUNITAT VALENCIANA;6.3.-Otros contra la seguridad colectiva;2021;174
COMUNITAT VALENCIANA;6.3.-Otros contra la seguridad colectiva;2020;150
COMUNITAT VALENCIANA;6.3.-Otros contra la seguridad colectiva;2019;160
COMUNITAT VALENCIANA;6.3.-Otros contra la seguridad colectiva;2018;211
COMUNITAT VALENCIANA;6.3.-Otros contra la seguridad colectiva;2017;201
COMUNITAT VALENCIANA;6.3.-Otros contra la seguridad colectiva;2016;217
COMUNITAT VALENCIANA;6.3.-Otros contra la seguridad colectiva;2015;224
COMUNITAT VALENCIANA;6.3.-Otros contra la seguridad colectiva;2014;216
COMUNITAT VALENCIANA;6.3.-Otros contra la seguridad colectiva;2013;246
COMUNITAT VALENCIANA;6.3.-Otros contra la seguridad colectiva;2012;434
COMUNITAT VALENCIANA;6.3.-Otros contra la seguridad colectiva;2011;445
COMUNITAT VALENCIANA;6.3.-Otros contra la seguridad colectiva;2010;390
COMUNITAT VALENCIANA;7. FALSEDADES;2023;2.648
COMUNITAT VALENCIANA;7. FALSEDADES;2022;2.338
COMUNITAT VALENCIANA;7. FALSEDADES;2021;2.016
COMUNITAT VALENCIANA;7. FALSEDADES;2020;1.719
COMUNITAT VALENCIANA;7. FALSEDADES;2019;2.137
COMUNITAT VALENCIANA;7. FALSEDADES;2018;2.241
COMUNITAT VALENCIANA;7. FALSEDADES;2017;1.855
COMUNITAT VALENCIANA;7. FALSEDADES;2016;1.731
COMUNITAT VALENCIANA;7. FALSEDADES;2015;1.364
COMUNITAT VALENCIANA;7. FALSEDADES;2014;1.503
COMUNITAT VALENCIANA;7. FALSEDADES;2013;1.365
COMUNITAT VALENCIANA;7. FALSEDADES;2012;1.341
COMUNITAT VALENCIANA;7. FALSEDADES;2011;1.425
COMUNITAT VALENCIANA;7. FALSEDADES;2010;1.490
COMUNITAT VALENCIANA;8. ADMÓN. PÚBLICA;2023;45
COMUNITAT VALENCIANA;8. ADMÓN. PÚBLICA;2022;35
COMUNITAT VALENCIANA;8. ADMÓN. PÚBLICA;2021;76
COMUNITAT VALENCIANA;8. ADMÓN. PÚBLICA;2020;35
COMUNITAT VALENCIANA;8. ADMÓN. PÚBLICA;2019;43
COMUNITAT VALENCIANA;8. ADMÓN. PÚBLICA;2018;101
COMUNITAT VALENCIANA;8. ADMÓN. PÚBLICA;2017;56
COMUNITAT VALENCIANA;8. ADMÓN. PÚBLICA;2016;37
COMUNITAT VALENCIANA;8. ADMÓN. PÚBLICA;2015;89
COMUNITAT VALENCIANA;8. ADMÓN. PÚBLICA;2014;29
COMUNITAT VALENCIANA;8. ADMÓN. PÚBLICA;2013;26
COMUNITAT VALENCIANA;8. ADMÓN. PÚBLICA;2012;48
COMUNITAT VALENCIANA;8. ADMÓN. PÚBLICA;2011;32
COMUNITAT VALENCIANA;8. ADMÓN. PÚBLICA;2010;52
COMUNITAT VALENCIANA;9. ADMÓN. JUSTICIA;2023;6.047
COMUNITAT VALENCIANA;9. ADMÓN. JUSTICIA;2022;5.617
COMUNITAT VALENCIANA;9. ADMÓN. JUSTICIA;2021;5.010
COMUNITAT VALENCIANA;9. ADMÓN. JUSTICIA;2020;4.832
COMUNITAT VALENCIANA;9. ADMÓN. JUSTICIA;2019;4.728
COMUNITAT VALENCIANA;9. ADMÓN. JUSTICIA;2018;4.415
COMUNITAT VALENCIANA;9. ADMÓN. JUSTICIA;2017;4.264
COMUNITAT VALENCIANA;9. ADMÓN. JUSTICIA;2016;4.065
COMUNITAT VALENCIANA;9. ADMÓN. JUSTICIA;2015;4.141
COMUNITAT VALENCIANA;9. ADMÓN. JUSTICIA;2014;4.032
COMUNITAT VALENCIANA;9. ADMÓN. JUSTICIA;2013;4.143
COMUNITAT VALENCIANA;9. ADMÓN. JUSTICIA;2012;4.123
COMUNITAT VALENCIANA;9. ADMÓN. JUSTICIA;2011;4.210
COMUNITAT VALENCIANA;9. ADMÓN. JUSTICIA;2010;4.173
COMUNITAT VALENCIANA;10. ORDEN PÚBLICO;2023;3.988
COMUNITAT VALENCIANA;10. ORDEN PÚBLICO;2022;3.681
COMUNITAT VALENCIANA;10. ORDEN PÚBLICO;2021;3.497
COMUNITAT VALENCIANA;10. ORDEN PÚBLICO;2020;4.123
COMUNITAT VALENCIANA;10. ORDEN PÚBLICO;2019;2.666
COMUNITAT VALENCIANA;10. ORDEN PÚBLICO;2018;2.553
COMUNITAT VALENCIANA;10. ORDEN PÚBLICO;2017;2.485
COMUNITAT VALENCIANA;10. ORDEN PÚBLICO;2016;2.400
COMUNITAT VALENCIANA;10. ORDEN PÚBLICO;2015;2.984
COMUNITAT VALENCIANA;10. ORDEN PÚBLICO;2014;4.041
COMUNITAT VALENCIANA;10. ORDEN PÚBLICO;2013;4.257
COMUNITAT VALENCIANA;10. ORDEN PÚBLICO;2012;4.361
COMUNITAT VALENCIANA;10. ORDEN PÚBLICO;2011;4.441
COMUNITAT VALENCIANA;10. ORDEN PÚBLICO;2010;4.237
COMUNITAT VALENCIANA;11. LEGISLACIÓN ESPECIAL;2023;36
COMUNITAT VALENCIANA;11. LEGISLACIÓN ESPECIAL;2022;23
COMUNITAT VALENCIANA;11. LEGISLACIÓN ESPECIAL;2021;25
COMUNITAT VALENCIANA;11. LEGISLACIÓN ESPECIAL;2020;18
COMUNITAT VALENCIANA;11. LEGISLACIÓN ESPECIAL;2019;8
COMUNITAT VALENCIANA;11. LEGISLACIÓN ESPECIAL;2018;13
COMUNITAT VALENCIANA;11. LEGISLACIÓN ESPECIAL;2017;5
COMUNITAT VALENCIANA;11. LEGISLACIÓN ESPECIAL;2016;6
COMUNITAT VALENCIANA;11. LEGISLACIÓN ESPECIAL;2015;15
COMUNITAT VALENCIANA;11. LEGISLACIÓN ESPECIAL;2014;3
COMUNITAT VALENCIANA;11. LEGISLACIÓN ESPECIAL;2013;6
COMUNITAT VALENCIANA;11. LEGISLACIÓN ESPECIAL;2012;3
COMUNITAT VALENCIANA;11. LEGISLACIÓN ESPECIAL;2011;6
COMUNITAT VALENCIANA;11. LEGISLACIÓN ESPECIAL;2010;14
COMUNITAT VALENCIANA;12. OTRAS INFRACCIONES PENALES;2023;876
COMUNITAT VALENCIANA;12. OTRAS INFRACCIONES PENALES;2022;855
COMUNITAT VALENCIANA;12. OTRAS INFRACCIONES PENALES;2021;763
COMUNITAT VALENCIANA;12. OTRAS INFRACCIONES PENALES;2020;861
COMUNITAT VALENCIANA;12. OTRAS INFRACCIONES PENALES;2019;838
COMUNITAT VALENCIANA;12. OTRAS INFRACCIONES PENALES;2018;805
COMUNITAT VALENCIANA;12. OTRAS INFRACCIONES PENALES;2017;868
COMUNITAT VALENCIANA;12. OTRAS INFRACCIONES PENALES;2016;1.051
COMUNITAT VALENCIANA;12. OTRAS INFRACCIONES PENALES;2015;821
COMUNITAT VALENCIANA;12. OTRAS INFRACCIONES PENALES;2014;556
COMUNITAT VALENCIANA;12. OTRAS INFRACCIONES PENALES;2013;695
COMUNITAT VALENCIANA;12. OTRAS INFRACCIONES PENALES;2012;401
COMUNITAT VALENCIANA;12. OTRAS INFRACCIONES PENALES;2011;481
COMUNITAT VALENCIANA;12. OTRAS INFRACCIONES PENALES;2010;554
COMUNITAT VALENCIANA;TOTAL INFRACCIONES PENALES;2023;112.452
COMUNITAT VALENCIANA;TOTAL INFRACCIONES PENALES;2022;101.666
COMUNITAT VALENCIANA;TOTAL INFRACCIONES PENALES;2021;88.513
COMUNITAT VALENCIANA;TOTAL INFRACCIONES PENALES;2020;78.476
COMUNITAT VALENCIANA;TOTAL INFRACCIONES PENALES;2019;87.584
COMUNITAT VALENCIANA;TOTAL INFRACCIONES PENALES;2018;85.262
COMUNITAT VALENCIANA;TOTAL INFRACCIONES PENALES;2017;82.546
COMUNITAT VALENCIANA;TOTAL INFRACCIONES PENALES;2016;81.327
COMUNITAT VALENCIANA;TOTAL INFRACCIONES PENALES;2015;82.239
COMUNITAT VALENCIANA;TOTAL INFRACCIONES PENALES;2014;89.638
COMUNITAT VALENCIANA;TOTAL INFRACCIONES PENALES;2013;93.331
COMUNITAT VALENCIANA;TOTAL INFRACCIONES PENALES;2012;89.137
COMUNITAT VALENCIANA;TOTAL INFRACCIONES PENALES;2011;86.038
COMUNITAT VALENCIANA;TOTAL INFRACCIONES PENALES;2010;86.682
EXTREMADURA;1. CONTRA LAS PERSONAS;2023;3.499
EXTREMADURA;1. CONTRA LAS PERSONAS;2022;3.070
EXTREMADURA;1. CONTRA LAS PERSONAS;2021;2.877
EXTREMADURA;1. CONTRA LAS PERSONAS;2020;2.555
EXTREMADURA;1. CONTRA LAS PERSONAS;2019;2.929
EXTREMADURA;1. CONTRA LAS PERSONAS;2018;2.845
EXTREMADURA;1. CONTRA LAS PERSONAS;2017;2.953
EXTREMADURA;1. CONTRA LAS PERSONAS;2016;2.909
EXTREMADURA;1. CONTRA LAS PERSONAS;2015;3.891
EXTREMADURA;1. CONTRA LAS PERSONAS;2014;4.912
EXTREMADURA;1. CONTRA LAS PERSONAS;2013;4.756
EXTREMADURA;1. CONTRA LAS PERSONAS;2012;4.607
EXTREMADURA;1. CONTRA LAS PERSONAS;2011;4.794
EXTREMADURA;1. CONTRA LAS PERSONAS;2010;5.279
EXTREMADURA;1.1.-Homicidios dolosos/asesinatos;2023;18
EXTREMADURA;1.1.-Homicidios dolosos/asesinatos;2022;10
EXTREMADURA;1.1.-Homicidios dolosos/asesinatos;2021;24
EXTREMADURA;1.1.-Homicidios dolosos/asesinatos;2020;21
EXTREMADURA;1.1.-Homicidios dolosos/asesinatos;2019;12
EXTREMADURA;1.1.-Homicidios dolosos/asesinatos;2018;17
EXTREMADURA;1.1.-Homicidios dolosos/asesinatos;2017;23
EXTREMADURA;1.1.-Homicidios dolosos/asesinatos;2016;17
EXTREMADURA;1.1.-Homicidios dolosos/asesinatos;2015;7
EXTREMADURA;1.1.-Homicidios dolosos/asesinatos;2014;14
EXTREMADURA;1.1.-Homicidios dolosos/asesinatos;2013;17
EXTREMADURA;1.1.-Homicidios dolosos/asesinatos;2012;19
EXTREMADURA;1.1.-Homicidios dolosos/asesinatos;2011;21
EXTREMADURA;1.1.-Homicidios dolosos/asesinatos;2010;14
EXTREMADURA;1.1.1.-Homicidios dolosos/asesinatos consumados;2023;4
EXTREMADURA;1.1.1.-Homicidios dolosos/asesinatos consumados;2022;3
EXTREMADURA;1.1.1.-Homicidios dolosos/asesinatos consumados;2021;3
EXTREMADURA;1.1.1.-Homicidios dolosos/asesinatos consumados;2020;9
EXTREMADURA;1.1.1.-Homicidios dolosos/asesinatos consumados;2019;5
EXTREMADURA;1.1.1.-Homicidios dolosos/asesinatos consumados;2018;4
EXTREMADURA;1.1.1.-Homicidios dolosos/asesinatos consumados;2017;8
EXTREMADURA;1.1.1.-Homicidios dolosos/asesinatos consumados;2016;7
EXTREMADURA;1.1.1.-Homicidios dolosos/asesinatos consumados;2015;1
EXTREMADURA;1.1.1.-Homicidios dolosos/asesinatos consumados;2014;6
EXTREMADURA;1.1.1.-Homicidios dolosos/asesinatos consumados;2013;7
EXTREMADURA;1.1.1.-Homicidios dolosos/asesinatos consumados;2012;11
EXTREMADURA;1.1.1.-Homicidios dolosos/asesinatos consumados;2011;7
EXTREMADURA;1.1.1.-Homicidios dolosos/asesinatos consumados;2010;2
EXTREMADURA;1.2.-Lesiones;2023;2.070
EXTREMADURA;1.2.-Lesiones;2022;1.738
EXTREMADURA;1.2.-Lesiones;2021;1.644
EXTREMADURA;1.2.-Lesiones;2020;1.399
EXTREMADURA;1.2.-Lesiones;2019;1.691
EXTREMADURA;1.2.-Lesiones;2018;1.696
EXTREMADURA;1.2.-Lesiones;2017;1.860
EXTREMADURA;1.2.-Lesiones;2016;1.842
EXTREMADURA;1.2.-Lesiones;2015;1.700
EXTREMADURA;1.2.-Lesiones;2014;1.749
EXTREMADURA;1.2.-Lesiones;2013;1.739
EXTREMADURA;1.2.-Lesiones;2012;1.780
EXTREMADURA;1.2.-Lesiones;2011;1.825
EXTREMADURA;1.2.-Lesiones;2010;2.104
EXTREMADURA;1.3.-Malos tratos ámbito familiar;2023;1.358
EXTREMADURA;1.3.-Malos tratos ámbito familiar;2022;1.272
EXTREMADURA;1.3.-Malos tratos ámbito familiar;2021;1.148
EXTREMADURA;1.3.-Malos tratos ámbito familiar;2020;1.084
EXTREMADURA;1.3.-Malos tratos ámbito familiar;2019;1.163
EXTREMADURA;1.3.-Malos tratos ámbito familiar;2018;1.060
EXTREMADURA;1.3.-Malos tratos ámbito familiar;2017;1.039
EXTREMADURA;1.3.-Malos tratos ámbito familiar;2016;1.020
EXTREMADURA;1.3.-Malos tratos ámbito familiar;2015;1.018
EXTREMADURA;1.3.-Malos tratos ámbito familiar;2014;984
EXTREMADURA;1.3.-Malos tratos ámbito familiar;2013;981
EXTREMADURA;1.3.-Malos tratos ámbito familiar;2012;957
EXTREMADURA;1.3.-Malos tratos ámbito familiar;2011;940
EXTREMADURA;1.3.-Malos tratos ámbito familiar;2010;919
EXTREMADURA;1.4.-Otros contra las personas;2023;53
EXTREMADURA;1.4.-Otros contra las personas;2022;50
EXTREMADURA;1.4.-Otros contra las personas;2021;61
EXTREMADURA;1.4.-Otros contra las personas;2020;51
EXTREMADURA;1.4.-Otros contra las personas;2019;63
EXTREMADURA;1.4.-Otros contra las personas;2018;72
EXTREMADURA;1.4.-Otros contra las personas;2017;31
EXTREMADURA;1.4.-Otros contra las personas;2016;30
EXTREMADURA;1.4.-Otros contra las personas;2015;1.166
EXTREMADURA;1.4.-Otros contra las personas;2014;2.165
EXTREMADURA;1.4.-Otros contra las personas;2013;2.019
EXTREMADURA;1.4.-Otros contra las personas;2012;1.851
EXTREMADURA;1.4.-Otros contra las personas;2011;2.008
EXTREMADURA;1.4.-Otros contra las personas;2010;2.242
EXTREMADURA;2. CONTRA LA LIBERTAD;2023;2.571
EXTREMADURA;2. CONTRA LA LIBERTAD;2022;2.183
EXTREMADURA;2. CONTRA LA LIBERTAD;2021;2.133
EXTREMADURA;2. CONTRA LA LIBERTAD;2020;1.997
EXTREMADURA;2. CONTRA LA LIBERTAD;2019;2.013
EXTREMADURA;2. CONTRA LA LIBERTAD;2018;1.829
EXTREMADURA;2. CONTRA LA LIBERTAD;2017;1.905
EXTREMADURA;2. CONTRA LA LIBERTAD;2016;1.778
EXTREMADURA;2. CONTRA LA LIBERTAD;2015;1.125
EXTREMADURA;2. CONTRA LA LIBERTAD;2014;636
EXTREMADURA;2. CONTRA LA LIBERTAD;2013;632
EXTREMADURA;2. CONTRA LA LIBERTAD;2012;569
EXTREMADURA;2. CONTRA LA LIBERTAD;2011;616
EXTREMADURA;2. CONTRA LA LIBERTAD;2010;517
EXTREMADURA;2.1.-Malos tratos habituales en el ámbito familiar;2023;314
EXTREMADURA;2.1.-Malos tratos habituales en el ámbito familiar;2022;273
EXTREMADURA;2.1.-Malos tratos habituales en el ámbito familiar;2021;313
EXTREMADURA;2.1.-Malos tratos habituales en el ámbito familiar;2020;267
EXTREMADURA;2.1.-Malos tratos habituales en el ámbito familiar;2019;266
EXTREMADURA;2.1.-Malos tratos habituales en el ámbito familiar;2018;210
EXTREMADURA;2.1.-Malos tratos habituales en el ámbito familiar;2017;208
EXTREMADURA;2.1.-Malos tratos habituales en el ámbito familiar;2016;251
EXTREMADURA;2.1.-Malos tratos habituales en el ámbito familiar;2015;268
EXTREMADURA;2.1.-Malos tratos habituales en el ámbito familiar;2014;305
EXTREMADURA;2.1.-Malos tratos habituales en el ámbito familiar;2013;322
EXTREMADURA;2.1.-Malos tratos habituales en el ámbito familiar;2012;260
EXTREMADURA;2.1.-Malos tratos habituales en el ámbito familiar;2011;264
EXTREMADURA;2.1.-Malos tratos habituales en el ámbito familiar;2010;206
EXTREMADURA;2.2.-Otros contra la libertad;2023;2.257
EXTREMADURA;2.2.-Otros contra la libertad;2022;1.910
EXTREMADURA;2.2.-Otros contra la libertad;2021;1.820
EXTREMADURA;2.2.-Otros contra la libertad;2020;1.730
EXTREMADURA;2.2.-Otros contra la libertad;2019;1.747
EXTREMADURA;2.2.-Otros contra la libertad;2018;1.619
EXTREMADURA;2.2.-Otros contra la libertad;2017;1.697
EXTREMADURA;2.2.-Otros contra la libertad;2016;1.527
EXTREMADURA;2.2.-Otros contra la libertad;2015;857
EXTREMADURA;2.2.-Otros contra la libertad;2014;331
EXTREMADURA;2.2.-Otros contra la libertad;2013;310
EXTREMADURA;2.2.-Otros contra la libertad;2012;309
EXTREMADURA;2.2.-Otros contra la libertad;2011;352
EXTREMADURA;2.2.-Otros contra la libertad;2010;311
EXTREMADURA;3. LIBERTAD SEXUAL;2023;261
EXTREMADURA;3. LIBERTAD SEXUAL;2022;247
EXTREMADURA;3. LIBERTAD SEXUAL;2021;192
EXTREMADURA;3. LIBERTAD SEXUAL;2020;154
EXTREMADURA;3. LIBERTAD SEXUAL;2019;179
EXTREMADURA;3. LIBERTAD SEXUAL;2018;175
EXTREMADURA;3. LIBERTAD SEXUAL;2017;129
EXTREMADURA;3. LIBERTAD SEXUAL;2016;140
EXTREMADURA;3. LIBERTAD SEXUAL;2015;126
EXTREMADURA;3. LIBERTAD SEXUAL;2014;120
EXTREMADURA;3. LIBERTAD SEXUAL;2013;128
EXTREMADURA;3. LIBERTAD SEXUAL;2012;118
EXTREMADURA;3. LIBERTAD SEXUAL;2011;145
EXTREMADURA;3. LIBERTAD SEXUAL;2010;130
EXTREMADURA;3.1.-Agresión sexual;2023;170
EXTREMADURA;3.1.-Agresión sexual;2022;171
EXTREMADURA;3.1.-Agresión sexual;2021;120
EXTREMADURA;3.1.-Agresión sexual;2020;101
EXTREMADURA;3.1.-Agresión sexual;2019;117
EXTREMADURA;3.1.-Agresión sexual;2018;115
EXTREMADURA;3.1.-Agresión sexual;2017;81
EXTREMADURA;3.1.-Agresión sexual;2016;83
EXTREMADURA;3.1.-Agresión sexual;2015;70
EXTREMADURA;3.1.-Agresión sexual;2014;62
EXTREMADURA;3.1.-Agresión sexual;2013;82
EXTREMADURA;3.1.-Agresión sexual;2012;80
EXTREMADURA;3.1.-Agresión sexual;2011;88
EXTREMADURA;3.1.-Agresión sexual;2010;66
EXTREMADURA;3.2.-Agresión sexual con penetración;2023;43
EXTREMADURA;3.2.-Agresión sexual con penetración;2022;47
EXTREMADURA;3.2.-Agresión sexual con penetración;2021;33
EXTREMADURA;3.2.-Agresión sexual con penetración;2020;24
EXTREMADURA;3.2.-Agresión sexual con penetración;2019;27
EXTREMADURA;3.2.-Agresión sexual con penetración;2018;31
EXTREMADURA;3.2.-Agresión sexual con penetración;2017;16
EXTREMADURA;3.2.-Agresión sexual con penetración;2016;20
EXTREMADURA;3.2.-Agresión sexual con penetración;2015;17
EXTREMADURA;3.2.-Agresión sexual con penetración;2014;13
EXTREMADURA;3.2.-Agresión sexual con penetración;2013;23
EXTREMADURA;3.2.-Agresión sexual con penetración;2012;18
EXTREMADURA;3.2.-Agresión sexual con penetración;2011;19
EXTREMADURA;3.2.-Agresión sexual con penetración;2010;26
EXTREMADURA;3.3.-Corrupción de menores o incapacitados;2023;7
EXTREMADURA;3.3.-Corrupción de menores o incapacitados;2022;5
EXTREMADURA;3.3.-Corrupción de menores o incapacitados;2021;7
EXTREMADURA;3.3.-Corrupción de menores o incapacitados;2020;4
EXTREMADURA;3.3.-Corrupción de menores o incapacitados;2019;8
EXTREMADURA;3.3.-Corrupción de menores o incapacitados;2018;3
EXTREMADURA;3.3.-Corrupción de menores o incapacitados;2017;2
EXTREMADURA;3.3.-Corrupción de menores o incapacitados;2016;11
EXTREMADURA;3.3.-Corrupción de menores o incapacitados;2015;7
EXTREMADURA;3.3.-Corrupción de menores o incapacitados;2014;9
EXTREMADURA;3.3.-Corrupción de menores o incapacitados;2013;3
EXTREMADURA;3.3.-Corrupción de menores o incapacitados;2012;4
EXTREMADURA;3.3.-Corrupción de menores o incapacitados;2011;3
EXTREMADURA;3.3.-Corrupción de menores o incapacitados;2010;10
EXTREMADURA;3.4.-Pornografía de menores;2023;8
EXTREMADURA;3.4.-Pornografía de menores;2022;5
EXTREMADURA;3.4.-Pornografía de menores;2021;9
EXTREMADURA;3.4.-Pornografía de menores;2020;2
EXTREMADURA;3.4.-Pornografía de menores;2019;7
EXTREMADURA;3.4.-Pornografía de menores;2018;8
EXTREMADURA;3.4.-Pornografía de menores;2017;9
EXTREMADURA;3.4.-Pornografía de menores;2016;7
EXTREMADURA;3.4.-Pornografía de menores;2015;11
EXTREMADURA;3.4.-Pornografía de menores;2014;7
EXTREMADURA;3.4.-Pornografía de menores;2013;6
EXTREMADURA;3.4.-Pornografía de menores;2012;3
EXTREMADURA;3.4.-Pornografía de menores;2011;9
EXTREMADURA;3.4.-Pornografía de menores;2010;13
EXTREMADURA;3.5.-Otros contra la libertad sexual;2023;33
EXTREMADURA;3.5.-Otros contra la libertad sexual;2022;19
EXTREMADURA;3.5.-Otros contra la libertad sexual;2021;23
EXTREMADURA;3.5.-Otros contra la libertad sexual;2020;23
EXTREMADURA;3.5.-Otros contra la libertad sexual;2019;20
EXTREMADURA;3.5.-Otros contra la libertad sexual;2018;18
EXTREMADURA;3.5.-Otros contra la libertad sexual;2017;21
EXTREMADURA;3.5.-Otros contra la libertad sexual;2016;19
EXTREMADURA;3.5.-Otros contra la libertad sexual;2015;21
EXTREMADURA;3.5.-Otros contra la libertad sexual;2014;29
EXTREMADURA;3.5.-Otros contra la libertad sexual;2013;14
EXTREMADURA;3.5.-Otros contra la libertad sexual;2012;13
EXTREMADURA;3.5.-Otros contra la libertad sexual;2011;26
EXTREMADURA;3.5.-Otros contra la libertad sexual;2010;15
EXTREMADURA;4. RELACIONES FAMILIARES;2023;209
EXTREMADURA;4. RELACIONES FAMILIARES;2022;213
EXTREMADURA;4. RELACIONES FAMILIARES;2021;193
EXTREMADURA;4. RELACIONES FAMILIARES;2020;181
EXTREMADURA;4. RELACIONES FAMILIARES;2019;211
EXTREMADURA;4. RELACIONES FAMILIARES;2018;194
EXTREMADURA;4. RELACIONES FAMILIARES;2017;196
EXTREMADURA;4. RELACIONES FAMILIARES;2016;195
EXTREMADURA;4. RELACIONES FAMILIARES;2015;203
EXTREMADURA;4. RELACIONES FAMILIARES;2014;229
EXTREMADURA;4. RELACIONES FAMILIARES;2013;237
EXTREMADURA;4. RELACIONES FAMILIARES;2012;224
EXTREMADURA;4. RELACIONES FAMILIARES;2011;141
EXTREMADURA;4. RELACIONES FAMILIARES;2010;160
EXTREMADURA;5. PATRIMONIO;2023;5.983
EXTREMADURA;5. PATRIMONIO;2022;5.334
EXTREMADURA;5. PATRIMONIO;2021;4.759
EXTREMADURA;5. PATRIMONIO;2020;3.864
EXTREMADURA;5. PATRIMONIO;2019;4.191
EXTREMADURA;5. PATRIMONIO;2018;3.995
EXTREMADURA;5. PATRIMONIO;2017;3.899
EXTREMADURA;5. PATRIMONIO;2016;4.089
EXTREMADURA;5. PATRIMONIO;2015;4.374
EXTREMADURA;5. PATRIMONIO;2014;4.691
EXTREMADURA;5. PATRIMONIO;2013;5.033
EXTREMADURA;5. PATRIMONIO;2012;4.240
EXTREMADURA;5. PATRIMONIO;2011;4.135
EXTREMADURA;5. PATRIMONIO;2010;4.629
EXTREMADURA;5.1.-Hurtos;2023;2.027
EXTREMADURA;5.1.-Hurtos;2022;1.806
EXTREMADURA;5.1.-Hurtos;2021;1.279
EXTREMADURA;5.1.-Hurtos;2020;1.110
EXTREMADURA;5.1.-Hurtos;2019;1.538
EXTREMADURA;5.1.-Hurtos;2018;1.512
EXTREMADURA;5.1.-Hurtos;2017;1.495
EXTREMADURA;5.1.-Hurtos;2016;1.633
EXTREMADURA;5.1.-Hurtos;2015;1.821
EXTREMADURA;5.1.-Hurtos;2014;2.086
EXTREMADURA;5.1.-Hurtos;2013;2.212
EXTREMADURA;5.1.-Hurtos;2012;1.621
EXTREMADURA;5.1.-Hurtos;2011;1.595
EXTREMADURA;5.1.-Hurtos;2010;1.688
EXTREMADURA;5.2.-Robos con fuerza en las cosas;2023;685
EXTREMADURA;5.2.-Robos con fuerza en las cosas;2022;615
EXTREMADURA;5.2.-Robos con fuerza en las cosas;2021;679
EXTREMADURA;5.2.-Robos con fuerza en las cosas;2020;655
EXTREMADURA;5.2.-Robos con fuerza en las cosas;2019;613
EXTREMADURA;5.2.-Robos con fuerza en las cosas;2018;638
EXTREMADURA;5.2.-Robos con fuerza en las cosas;2017;626
EXTREMADURA;5.2.-Robos con fuerza en las cosas;2016;721
EXTREMADURA;5.2.-Robos con fuerza en las cosas;2015;778
EXTREMADURA;5.2.-Robos con fuerza en las cosas;2014;902
EXTREMADURA;5.2.-Robos con fuerza en las cosas;2013;1.065
EXTREMADURA;5.2.-Robos con fuerza en las cosas;2012;982
EXTREMADURA;5.2.-Robos con fuerza en las cosas;2011;991
EXTREMADURA;5.2.-Robos con fuerza en las cosas;2010;1.287
EXTREMADURA;5.2.1.-Robos con fuerza en las cosas en el interior de vehículos;2023;111
EXTREMADURA;5.2.1.-Robos con fuerza en las cosas en el interior de vehículos;2022;101
EXTREMADURA;5.2.1.-Robos con fuerza en las cosas en el interior de vehículos;2021;148
EXTREMADURA;5.2.1.-Robos con fuerza en las cosas en el interior de vehículos;2020;116
EXTREMADURA;5.2.1.-Robos con fuerza en las cosas en el interior de vehículos;2019;105
EXTREMADURA;5.2.1.-Robos con fuerza en las cosas en el interior de vehículos;2018;101
EXTREMADURA;5.2.1.-Robos con fuerza en las cosas en el interior de vehículos;2017;105
EXTREMADURA;5.2.1.-Robos con fuerza en las cosas en el interior de vehículos;2016;171
EXTREMADURA;5.2.1.-Robos con fuerza en las cosas en el interior de vehículos;2015;181
EXTREMADURA;5.2.1.-Robos con fuerza en las cosas en el interior de vehículos;2014;130
EXTREMADURA;5.2.1.-Robos con fuerza en las cosas en el interior de vehículos;2013;177
EXTREMADURA;5.2.1.-Robos con fuerza en las cosas en el interior de vehículos;2012;212
EXTREMADURA;5.2.1.-Robos con fuerza en las cosas en el interior de vehículos;2011;237
EXTREMADURA;5.2.1.-Robos con fuerza en las cosas en el interior de vehículos;2010;342
EXTREMADURA;5.2.2.-Robos con fuerza en viviendas;2023;205
EXTREMADURA;5.2.2.-Robos con fuerza en viviendas;2022;159
EXTREMADURA;5.2.2.-Robos con fuerza en viviendas;2021;200
EXTREMADURA;5.2.2.-Robos con fuerza en viviendas;2020;235
EXTREMADURA;5.2.2.-Robos con fuerza en viviendas;2019;199
EXTREMADURA;5.2.2.-Robos con fuerza en viviendas;2018;176
EXTREMADURA;5.2.2.-Robos con fuerza en viviendas;2017;206
EXTREMADURA;5.2.2.-Robos con fuerza en viviendas;2016;210
EXTREMADURA;5.2.2.-Robos con fuerza en viviendas;2015;200
EXTREMADURA;5.2.2.-Robos con fuerza en viviendas;2014;310
EXTREMADURA;5.2.2.-Robos con fuerza en viviendas;2013;350
EXTREMADURA;5.2.2.-Robos con fuerza en viviendas;2012;251
EXTREMADURA;5.2.2.-Robos con fuerza en viviendas;2011;218
EXTREMADURA;5.2.2.-Robos con fuerza en viviendas;2010;295
EXTREMADURA;5.2.3.-Robos con fuerza en establecimientos;2023;177
EXTREMADURA;5.2.3.-Robos con fuerza en establecimientos;2022;157
EXTREMADURA;5.2.3.-Robos con fuerza en establecimientos;2021;129
EXTREMADURA;5.2.3.-Robos con fuerza en establecimientos;2020;130
EXTREMADURA;5.2.3.-Robos con fuerza en establecimientos;2019;145
EXTREMADURA;5.2.3.-Robos con fuerza en establecimientos;2018;189
EXTREMADURA;5.2.3.-Robos con fuerza en establecimientos;2017;149
EXTREMADURA;5.2.3.-Robos con fuerza en establecimientos;2016;177
EXTREMADURA;5.2.3.-Robos con fuerza en establecimientos;2015;200
EXTREMADURA;5.2.3.-Robos con fuerza en establecimientos;2014;215
EXTREMADURA;5.2.3.-Robos con fuerza en establecimientos;2013;242
EXTREMADURA;5.2.3.-Robos con fuerza en establecimientos;2012;233
EXTREMADURA;5.2.3.-Robos con fuerza en establecimientos;2011;208
EXTREMADURA;5.2.3.-Robos con fuerza en establecimientos;2010;244
EXTREMADURA;5.3.-Robos con violencia o intimidación;2023;205
EXTREMADURA;5.3.-Robos con violencia o intimidación;2022;179
EXTREMADURA;5.3.-Robos con violencia o intimidación;2021;138
EXTREMADURA;5.3.-Robos con violencia o intimidación;2020;137
EXTREMADURA;5.3.-Robos con violencia o intimidación;2019;177
EXTREMADURA;5.3.-Robos con violencia o intimidación;2018;139
EXTREMADURA;5.3.-Robos con violencia o intimidación;2017;150
EXTREMADURA;5.3.-Robos con violencia o intimidación;2016;150
EXTREMADURA;5.3.-Robos con violencia o intimidación;2015;158
EXTREMADURA;5.3.-Robos con violencia o intimidación;2014;143
EXTREMADURA;5.3.-Robos con violencia o intimidación;2013;204
EXTREMADURA;5.3.-Robos con violencia o intimidación;2012;182
EXTREMADURA;5.3.-Robos con violencia o intimidación;2011;164
EXTREMADURA;5.3.-Robos con violencia o intimidación;2010;192
EXTREMADURA;5.3.1.-Robos con violencia en vía pública;2023;83
EXTREMADURA;5.3.1.-Robos con violencia en vía pública;2022;84
EXTREMADURA;5.3.1.-Robos con violencia en vía pública;2021;72
EXTREMADURA;5.3.1.-Robos con violencia en vía pública;2020;60
EXTREMADURA;5.3.1.-Robos con violencia en vía pública;2019;83
EXTREMADURA;5.3.1.-Robos con violencia en vía pública;2018;61
EXTREMADURA;5.3.1.-Robos con violencia en vía pública;2017;64
EXTREMADURA;5.3.1.-Robos con violencia en vía pública;2016;75
EXTREMADURA;5.3.1.-Robos con violencia en vía pública;2015;83
EXTREMADURA;5.3.1.-Robos con violencia en vía pública;2014;75
EXTREMADURA;5.3.1.-Robos con violencia en vía pública;2013;98
EXTREMADURA;5.3.1.-Robos con violencia en vía pública;2012;105
EXTREMADURA;5.3.1.-Robos con violencia en vía pública;2011;83
EXTREMADURA;5.3.1.-Robos con violencia en vía pública;2010;110
EXTREMADURA;5.3.2.-Robos con violencia en viviendas;2023;36
EXTREMADURA;5.3.2.-Robos con violencia en viviendas;2022;36
EXTREMADURA;5.3.2.-Robos con violencia en viviendas;2021;20
EXTREMADURA;5.3.2.-Robos con violencia en viviendas;2020;22
EXTREMADURA;5.3.2.-Robos con violencia en viviendas;2019;22
EXTREMADURA;5.3.2.-Robos con violencia en viviendas;2018;18
EXTREMADURA;5.3.2.-Robos con violencia en viviendas;2017;18
EXTREMADURA;5.3.2.-Robos con violencia en viviendas;2016;20
EXTREMADURA;5.3.2.-Robos con violencia en viviendas;2015;21
EXTREMADURA;5.3.2.-Robos con violencia en viviendas;2014;14
EXTREMADURA;5.3.2.-Robos con violencia en viviendas;2013;28
EXTREMADURA;5.3.2.-Robos con violencia en viviendas;2012;16
EXTREMADURA;5.3.2.-Robos con violencia en viviendas;2011;17
EXTREMADURA;5.3.2.-Robos con violencia en viviendas;2010;16
EXTREMADURA;5.3.3.-Robos con violencia en establecimientos;2023;64
EXTREMADURA;5.3.3.-Robos con violencia en establecimientos;2022;41
EXTREMADURA;5.3.3.-Robos con violencia en establecimientos;2021;35
EXTREMADURA;5.3.3.-Robos con violencia en establecimientos;2020;41
EXTREMADURA;5.3.3.-Robos con violencia en establecimientos;2019;51
EXTREMADURA;5.3.3.-Robos con violencia en establecimientos;2018;46
EXTREMADURA;5.3.3.-Robos con violencia en establecimientos;2017;46
EXTREMADURA;5.3.3.-Robos con violencia en establecimientos;2016;39
EXTREMADURA;5.3.3.-Robos con violencia en establecimientos;2015;37
EXTREMADURA;5.3.3.-Robos con violencia en establecimientos;2014;40
EXTREMADURA;5.3.3.-Robos con violencia en establecimientos;2013;51
EXTREMADURA;5.3.3.-Robos con violencia en establecimientos;2012;43
EXTREMADURA;5.3.3.-Robos con violencia en establecimientos;2011;43
EXTREMADURA;5.3.3.-Robos con violencia en establecimientos;2010;52
EXTREMADURA;5.4.-Sustracción de vehículos;2023;84
EXTREMADURA;5.4.-Sustracción de vehículos;2022;61
EXTREMADURA;5.4.-Sustracción de vehículos;2021;57
EXTREMADURA;5.4.-Sustracción de vehículos;2020;61
EXTREMADURA;5.4.-Sustracción de vehículos;2019;60
EXTREMADURA;5.4.-Sustracción de vehículos;2018;65
EXTREMADURA;5.4.-Sustracción de vehículos;2017;87
EXTREMADURA;5.4.-Sustracción de vehículos;2016;101
EXTREMADURA;5.4.-Sustracción de vehículos;2015;91
EXTREMADURA;5.4.-Sustracción de vehículos;2014;93
EXTREMADURA;5.4.-Sustracción de vehículos;2013;131
EXTREMADURA;5.4.-Sustracción de vehículos;2012;109
EXTREMADURA;5.4.-Sustracción de vehículos;2011;128
EXTREMADURA;5.4.-Sustracción de vehículos;2010;157
EXTREMADURA;5.5.-Estafas;2023;1.833
EXTREMADURA;5.5.-Estafas;2022;1.665
EXTREMADURA;5.5.-Estafas;2021;1.622
EXTREMADURA;5.5.-Estafas;2020;979
EXTREMADURA;5.5.-Estafas;2019;776
EXTREMADURA;5.5.-Estafas;2018;684
EXTREMADURA;5.5.-Estafas;2017;681
EXTREMADURA;5.5.-Estafas;2016;667
EXTREMADURA;5.5.-Estafas;2015;616
EXTREMADURA;5.5.-Estafas;2014;557
EXTREMADURA;5.5.-Estafas;2013;547
EXTREMADURA;5.5.-Estafas;2012;538
EXTREMADURA;5.5.-Estafas;2011;471
EXTREMADURA;5.5.-Estafas;2010;453
EXTREMADURA;5.5.1.-Estafas informáticas;2023;1.395
EXTREMADURA;5.5.1.-Estafas informáticas;2022;1.268
EXTREMADURA;5.5.1.-Estafas informáticas;2021;1.259
EXTREMADURA;5.5.1.-Estafas informáticas;2020;613
EXTREMADURA;5.5.1.-Estafas informáticas;2019;345
EXTREMADURA;5.5.1.-Estafas informáticas;2018;281
EXTREMADURA;5.5.1.-Estafas informáticas;2017;287
EXTREMADURA;5.5.1.-Estafas informáticas;2016;268
EXTREMADURA;5.5.1.-Estafas informáticas;2015;239
EXTREMADURA;5.5.1.-Estafas informáticas;2014;187
EXTREMADURA;5.5.1.-Estafas informáticas;2013;175
EXTREMADURA;5.5.1.-Estafas informáticas;2012;193
EXTREMADURA;5.5.1.-Estafas informáticas;2011;131
EXTREMADURA;5.5.1.-Estafas informáticas;2010;131
EXTREMADURA;5.6.-Daños;2023;661
EXTREMADURA;5.6.-Daños;2022;590
EXTREMADURA;5.6.-Daños;2021;565
EXTREMADURA;5.6.-Daños;2020;527
EXTREMADURA;5.6.-Daños;2019;562
EXTREMADURA;5.6.-Daños;2018;486
EXTREMADURA;5.6.-Daños;2017;486
EXTREMADURA;5.6.-Daños;2016;465
EXTREMADURA;5.6.-Daños;2015;543
EXTREMADURA;5.6.-Daños;2014;481
EXTREMADURA;5.6.-Daños;2013;473
EXTREMADURA;5.6.-Daños;2012;497
EXTREMADURA;5.6.-Daños;2011;546
EXTREMADURA;5.6.-Daños;2010;622
EXTREMADURA;5.7.-Contra la propiedad intelectual/industrial;2023;19
EXTREMADURA;5.7.-Contra la propiedad intelectual/industrial;2022;11
EXTREMADURA;5.7.-Contra la propiedad intelectual/industrial;2021;10
EXTREMADURA;5.7.-Contra la propiedad intelectual/industrial;2020;19
EXTREMADURA;5.7.-Contra la propiedad intelectual/industrial;2019;40
EXTREMADURA;5.7.-Contra la propiedad intelectual/industrial;2018;59
EXTREMADURA;5.7.-Contra la propiedad intelectual/industrial;2017;19
EXTREMADURA;5.7.-Contra la propiedad intelectual/industrial;2016;36
EXTREMADURA;5.7.-Contra la propiedad intelectual/industrial;2015;31
EXTREMADURA;5.7.-Contra la propiedad intelectual/industrial;2014;36
EXTREMADURA;5.7.-Contra la propiedad intelectual/industrial;2013;51
EXTREMADURA;5.7.-Contra la propiedad intelectual/industrial;2012;34
EXTREMADURA;5.7.-Contra la propiedad intelectual/industrial;2011;42
EXTREMADURA;5.7.-Contra la propiedad intelectual/industrial;2010;53
EXTREMADURA;5.8.-Blanqueo de capitales;2023;7
EXTREMADURA;5.8.-Blanqueo de capitales;2022;4
EXTREMADURA;5.8.-Blanqueo de capitales;2021;6
EXTREMADURA;5.8.-Blanqueo de capitales;2020;5
EXTREMADURA;5.8.-Blanqueo de capitales;2019;2
EXTREMADURA;5.8.-Blanqueo de capitales;2018;1
EXTREMADURA;5.8.-Blanqueo de capitales;2017;2
EXTREMADURA;5.8.-Blanqueo de capitales;2016;3
EXTREMADURA;5.8.-Blanqueo de capitales;2015;3
EXTREMADURA;5.8.-Blanqueo de capitales;2014;1
EXTREMADURA;5.8.-Blanqueo de capitales;2013;0
EXTREMADURA;5.8.-Blanqueo de capitales;2012;0
EXTREMADURA;5.8.-Blanqueo de capitales;2011;0
EXTREMADURA;5.8.-Blanqueo de capitales;2010;1
EXTREMADURA;5.9.-Otros contra el patrimonio;2023;462
EXTREMADURA;5.9.-Otros contra el patrimonio;2022;403
EXTREMADURA;5.9.-Otros contra el patrimonio;2021;403
EXTREMADURA;5.9.-Otros contra el patrimonio;2020;371
EXTREMADURA;5.9.-Otros contra el patrimonio;2019;423
EXTREMADURA;5.9.-Otros contra el patrimonio;2018;411
EXTREMADURA;5.9.-Otros contra el patrimonio;2017;353
EXTREMADURA;5.9.-Otros contra el patrimonio;2016;313
EXTREMADURA;5.9.-Otros contra el patrimonio;2015;333
EXTREMADURA;5.9.-Otros contra el patrimonio;2014;392
EXTREMADURA;5.9.-Otros contra el patrimonio;2013;350
EXTREMADURA;5.9.-Otros contra el patrimonio;2012;277
EXTREMADURA;5.9.-Otros contra el patrimonio;2011;198
EXTREMADURA;5.9.-Otros contra el patrimonio;2010;176
EXTREMADURA;6. SEGURIDAD COLECTIVA;2023;1.218
EXTREMADURA;6. SEGURIDAD COLECTIVA;2022;1.197
EXTREMADURA;6. SEGURIDAD COLECTIVA;2021;1.193
EXTREMADURA;6. SEGURIDAD COLECTIVA;2020;994
EXTREMADURA;6. SEGURIDAD COLECTIVA;2019;1.192
EXTREMADURA;6. SEGURIDAD COLECTIVA;2018;1.074
EXTREMADURA;6. SEGURIDAD COLECTIVA;2017;935
EXTREMADURA;6. SEGURIDAD COLECTIVA;2016;872
EXTREMADURA;6. SEGURIDAD COLECTIVA;2015;927
EXTREMADURA;6. SEGURIDAD COLECTIVA;2014;1.045
EXTREMADURA;6. SEGURIDAD COLECTIVA;2013;1.209
EXTREMADURA;6. SEGURIDAD COLECTIVA;2012;1.450
EXTREMADURA;6. SEGURIDAD COLECTIVA;2011;1.597
EXTREMADURA;6. SEGURIDAD COLECTIVA;2010;1.473
EXTREMADURA;6.1.-Tráfico de drogas;2023;311
EXTREMADURA;6.1.-Tráfico de drogas;2022;261
EXTREMADURA;6.1.-Tráfico de drogas;2021;318
EXTREMADURA;6.1.-Tráfico de drogas;2020;293
EXTREMADURA;6.1.-Tráfico de drogas;2019;315
EXTREMADURA;6.1.-Tráfico de drogas;2018;232
EXTREMADURA;6.1.-Tráfico de drogas;2017;198
EXTREMADURA;6.1.-Tráfico de drogas;2016;193
EXTREMADURA;6.1.-Tráfico de drogas;2015;192
EXTREMADURA;6.1.-Tráfico de drogas;2014;257
EXTREMADURA;6.1.-Tráfico de drogas;2013;294
EXTREMADURA;6.1.-Tráfico de drogas;2012;280
EXTREMADURA;6.1.-Tráfico de drogas;2011;297
EXTREMADURA;6.1.-Tráfico de drogas;2010;250
EXTREMADURA;6.2.-Contra la seguridad vial;2023;866
EXTREMADURA;6.2.-Contra la seguridad vial;2022;852
EXTREMADURA;6.2.-Contra la seguridad vial;2021;831
EXTREMADURA;6.2.-Contra la seguridad vial;2020;665
EXTREMADURA;6.2.-Contra la seguridad vial;2019;813
EXTREMADURA;6.2.-Contra la seguridad vial;2018;786
EXTREMADURA;6.2.-Contra la seguridad vial;2017;670
EXTREMADURA;6.2.-Contra la seguridad vial;2016;644
EXTREMADURA;6.2.-Contra la seguridad vial;2015;689
EXTREMADURA;6.2.-Contra la seguridad vial;2014;742
EXTREMADURA;6.2.-Contra la seguridad vial;2013;890
EXTREMADURA;6.2.-Contra la seguridad vial;2012;1.146
EXTREMADURA;6.2.-Contra la seguridad vial;2011;1.275
EXTREMADURA;6.2.-Contra la seguridad vial;2010;1.190
EXTREMADURA;6.3.-Otros contra la seguridad colectiva;2023;41
EXTREMADURA;6.3.-Otros contra la seguridad colectiva;2022;84
EXTREMADURA;6.3.-Otros contra la seguridad colectiva;2021;44
EXTREMADURA;6.3.-Otros contra la seguridad colectiva;2020;36
EXTREMADURA;6.3.-Otros contra la seguridad colectiva;2019;64
EXTREMADURA;6.3.-Otros contra la seguridad colectiva;2018;56
EXTREMADURA;6.3.-Otros contra la seguridad colectiva;2017;67
EXTREMADURA;6.3.-Otros contra la seguridad colectiva;2016;35
EXTREMADURA;6.3.-Otros contra la seguridad colectiva;2015;46
EXTREMADURA;6.3.-Otros contra la seguridad colectiva;2014;46
EXTREMADURA;6.3.-Otros contra la seguridad colectiva;2013;25
EXTREMADURA;6.3.-Otros contra la seguridad colectiva;2012;24
EXTREMADURA;6.3.-Otros contra la seguridad colectiva;2011;25
EXTREMADURA;6.3.-Otros contra la seguridad colectiva;2010;33
EXTREMADURA;7. FALSEDADES;2023;396
EXTREMADURA;7. FALSEDADES;2022;226
EXTREMADURA;7. FALSEDADES;2021;213
EXTREMADURA;7. FALSEDADES;2020;199
EXTREMADURA;7. FALSEDADES;2019;184
EXTREMADURA;7. FALSEDADES;2018;208
EXTREMADURA;7. FALSEDADES;2017;189
EXTREMADURA;7. FALSEDADES;2016;170
EXTREMADURA;7. FALSEDADES;2015;158
EXTREMADURA;7. FALSEDADES;2014;128
EXTREMADURA;7. FALSEDADES;2013;153
EXTREMADURA;7. FALSEDADES;2012;148
EXTREMADURA;7. FALSEDADES;2011;157
EXTREMADURA;7. FALSEDADES;2010;146
EXTREMADURA;8. ADMÓN. PÚBLICA;2023;3
EXTREMADURA;8. ADMÓN. PÚBLICA;2022;3
EXTREMADURA;8. ADMÓN. PÚBLICA;2021;12
EXTREMADURA;8. ADMÓN. PÚBLICA;2020;1
EXTREMADURA;8. ADMÓN. PÚBLICA;2019;6
EXTREMADURA;8. ADMÓN. PÚBLICA;2018;7
EXTREMADURA;8. ADMÓN. PÚBLICA;2017;4
EXTREMADURA;8. ADMÓN. PÚBLICA;2016;8
EXTREMADURA;8. ADMÓN. PÚBLICA;2015;1
EXTREMADURA;8. ADMÓN. PÚBLICA;2014;2
EXTREMADURA;8. ADMÓN. PÚBLICA;2013;3
EXTREMADURA;8. ADMÓN. PÚBLICA;2012;4
EXTREMADURA;8. ADMÓN. PÚBLICA;2011;5
EXTREMADURA;8. ADMÓN. PÚBLICA;2010;1
EXTREMADURA;9. ADMÓN. JUSTICIA;2023;867
EXTREMADURA;9. ADMÓN. JUSTICIA;2022;793
EXTREMADURA;9. ADMÓN. JUSTICIA;2021;708
EXTREMADURA;9. ADMÓN. JUSTICIA;2020;660
EXTREMADURA;9. ADMÓN. JUSTICIA;2019;686
EXTREMADURA;9. ADMÓN. JUSTICIA;2018;612
EXTREMADURA;9. ADMÓN. JUSTICIA;2017;611
EXTREMADURA;9. ADMÓN. JUSTICIA;2016;594
EXTREMADURA;9. ADMÓN. JUSTICIA;2015;533
EXTREMADURA;9. ADMÓN. JUSTICIA;2014;528
EXTREMADURA;9. ADMÓN. JUSTICIA;2013;610
EXTREMADURA;9. ADMÓN. JUSTICIA;2012;508
EXTREMADURA;9. ADMÓN. JUSTICIA;2011;542
EXTREMADURA;9. ADMÓN. JUSTICIA;2010;525
EXTREMADURA;10. ORDEN PÚBLICO;2023;407
EXTREMADURA;10. ORDEN PÚBLICO;2022;323
EXTREMADURA;10. ORDEN PÚBLICO;2021;323
EXTREMADURA;10. ORDEN PÚBLICO;2020;467
EXTREMADURA;10. ORDEN PÚBLICO;2019;280
EXTREMADURA;10. ORDEN PÚBLICO;2018;239
EXTREMADURA;10. ORDEN PÚBLICO;2017;272
EXTREMADURA;10. ORDEN PÚBLICO;2016;282
EXTREMADURA;10. ORDEN PÚBLICO;2015;335
EXTREMADURA;10. ORDEN PÚBLICO;2014;434
EXTREMADURA;10. ORDEN PÚBLICO;2013;451
EXTREMADURA;10. ORDEN PÚBLICO;2012;555
EXTREMADURA;10. ORDEN PÚBLICO;2011;620
EXTREMADURA;10. ORDEN PÚBLICO;2010;562
EXTREMADURA;11. LEGISLACIÓN ESPECIAL;2023;10
EXTREMADURA;11. LEGISLACIÓN ESPECIAL;2022;9
EXTREMADURA;11. LEGISLACIÓN ESPECIAL;2021;8
EXTREMADURA;11. LEGISLACIÓN ESPECIAL;2020;7
EXTREMADURA;11. LEGISLACIÓN ESPECIAL;2019;4
EXTREMADURA;11. LEGISLACIÓN ESPECIAL;2018;16
EXTREMADURA;11. LEGISLACIÓN ESPECIAL;2017;16
EXTREMADURA;11. LEGISLACIÓN ESPECIAL;2016;0
EXTREMADURA;11. LEGISLACIÓN ESPECIAL;2015;0
EXTREMADURA;11. LEGISLACIÓN ESPECIAL;2014;2
EXTREMADURA;11. LEGISLACIÓN ESPECIAL;2013;3
EXTREMADURA;11. LEGISLACIÓN ESPECIAL;2012;1
EXTREMADURA;11. LEGISLACIÓN ESPECIAL;2011;2
EXTREMADURA;11. LEGISLACIÓN ESPECIAL;2010;0
EXTREMADURA;12. OTRAS INFRACCIONES PENALES;2023;226
EXTREMADURA;12. OTRAS INFRACCIONES PENALES;2022;225
EXTREMADURA;12. OTRAS INFRACCIONES PENALES;2021;179
EXTREMADURA;12. OTRAS INFRACCIONES PENALES;2020;210
EXTREMADURA;12. OTRAS INFRACCIONES PENALES;2019;201
EXTREMADURA;12. OTRAS INFRACCIONES PENALES;2018;219
EXTREMADURA;12. OTRAS INFRACCIONES PENALES;2017;236
EXTREMADURA;12. OTRAS INFRACCIONES PENALES;2016;183
EXTREMADURA;12. OTRAS INFRACCIONES PENALES;2015;142
EXTREMADURA;12. OTRAS INFRACCIONES PENALES;2014;150
EXTREMADURA;12. OTRAS INFRACCIONES PENALES;2013;149
EXTREMADURA;12. OTRAS INFRACCIONES PENALES;2012;117
EXTREMADURA;12. OTRAS INFRACCIONES PENALES;2011;128
EXTREMADURA;12. OTRAS INFRACCIONES PENALES;2010;144
EXTREMADURA;TOTAL INFRACCIONES PENALES;2023;15.650
EXTREMADURA;TOTAL INFRACCIONES PENALES;2022;13.823
EXTREMADURA;TOTAL INFRACCIONES PENALES;2021;12.790
EXTREMADURA;TOTAL INFRACCIONES PENALES;2020;11.289
EXTREMADURA;TOTAL INFRACCIONES PENALES;2019;12.076
EXTREMADURA;TOTAL INFRACCIONES PENALES;2018;11.413
EXTREMADURA;TOTAL INFRACCIONES PENALES;2017;11.345
EXTREMADURA;TOTAL INFRACCIONES PENALES;2016;11.220
EXTREMADURA;TOTAL INFRACCIONES PENALES;2015;11.815
EXTREMADURA;TOTAL INFRACCIONES PENALES;2014;12.877
EXTREMADURA;TOTAL INFRACCIONES PENALES;2013;13.364
EXTREMADURA;TOTAL INFRACCIONES PENALES;2012;12.541
EXTREMADURA;TOTAL INFRACCIONES PENALES;2011;12.882
EXTREMADURA;TOTAL INFRACCIONES PENALES;2010;13.566
GALICIA;1. CONTRA LAS PERSONAS;2023;9.152
GALICIA;1. CONTRA LAS PERSONAS;2022;8.449
GALICIA;1. CONTRA LAS PERSONAS;2021;7.268
GALICIA;1. CONTRA LAS PERSONAS;2020;6.807
GALICIA;1. CONTRA LAS PERSONAS;2019;7.376
GALICIA;1. CONTRA LAS PERSONAS;2018;7.330
GALICIA;1. CONTRA LAS PERSONAS;2017;7.236
GALICIA;1. CONTRA LAS PERSONAS;2016;7.165
GALICIA;1. CONTRA LAS PERSONAS;2015;10.241
GALICIA;1. CONTRA LAS PERSONAS;2014;12.585
GALICIA;1. CONTRA LAS PERSONAS;2013;12.866
GALICIA;1. CONTRA LAS PERSONAS;2012;13.269
GALICIA;1. CONTRA LAS PERSONAS;2011;13.361
GALICIA;1. CONTRA LAS PERSONAS;2010;13.248
GALICIA;1.1.-Homicidios dolosos/asesinatos;2023;69
GALICIA;1.1.-Homicidios dolosos/asesinatos;2022;52
GALICIA;1.1.-Homicidios dolosos/asesinatos;2021;47
GALICIA;1.1.-Homicidios dolosos/asesinatos;2020;44
GALICIA;1.1.-Homicidios dolosos/asesinatos;2019;41
GALICIA;1.1.-Homicidios dolosos/asesinatos;2018;32
GALICIA;1.1.-Homicidios dolosos/asesinatos;2017;40
GALICIA;1.1.-Homicidios dolosos/asesinatos;2016;30
GALICIA;1.1.-Homicidios dolosos/asesinatos;2015;55
GALICIA;1.1.-Homicidios dolosos/asesinatos;2014;55
GALICIA;1.1.-Homicidios dolosos/asesinatos;2013;46
GALICIA;1.1.-Homicidios dolosos/asesinatos;2012;40
GALICIA;1.1.-Homicidios dolosos/asesinatos;2011;51
GALICIA;1.1.-Homicidios dolosos/asesinatos;2010;49
GALICIA;1.1.1.-Homicidios dolosos/asesinatos consumados;2023;16
GALICIA;1.1.1.-Homicidios dolosos/asesinatos consumados;2022;8
GALICIA;1.1.1.-Homicidios dolosos/asesinatos consumados;2021;14
GALICIA;1.1.1.-Homicidios dolosos/asesinatos consumados;2020;11
GALICIA;1.1.1.-Homicidios dolosos/asesinatos consumados;2019;15
GALICIA;1.1.1.-Homicidios dolosos/asesinatos consumados;2018;7
GALICIA;1.1.1.-Homicidios dolosos/asesinatos consumados;2017;13
GALICIA;1.1.1.-Homicidios dolosos/asesinatos consumados;2016;11
GALICIA;1.1.1.-Homicidios dolosos/asesinatos consumados;2015;17
GALICIA;1.1.1.-Homicidios dolosos/asesinatos consumados;2014;18
GALICIA;1.1.1.-Homicidios dolosos/asesinatos consumados;2013;11
GALICIA;1.1.1.-Homicidios dolosos/asesinatos consumados;2012;14
GALICIA;1.1.1.-Homicidios dolosos/asesinatos consumados;2011;14
GALICIA;1.1.1.-Homicidios dolosos/asesinatos consumados;2010;16
GALICIA;1.2.-Lesiones;2023;4.958
GALICIA;1.2.-Lesiones;2022;4.724
GALICIA;1.2.-Lesiones;2021;4.057
GALICIA;1.2.-Lesiones;2020;3.599
GALICIA;1.2.-Lesiones;2019;4.156
GALICIA;1.2.-Lesiones;2018;4.188
GALICIA;1.2.-Lesiones;2017;4.274
GALICIA;1.2.-Lesiones;2016;4.347
GALICIA;1.2.-Lesiones;2015;4.474
GALICIA;1.2.-Lesiones;2014;4.519
GALICIA;1.2.-Lesiones;2013;4.814
GALICIA;1.2.-Lesiones;2012;5.070
GALICIA;1.2.-Lesiones;2011;5.260
GALICIA;1.2.-Lesiones;2010;5.218
GALICIA;1.3.-Malos tratos ámbito familiar;2023;3.832
GALICIA;1.3.-Malos tratos ámbito familiar;2022;3.486
GALICIA;1.3.-Malos tratos ámbito familiar;2021;2.984
GALICIA;1.3.-Malos tratos ámbito familiar;2020;3.028
GALICIA;1.3.-Malos tratos ámbito familiar;2019;3.025
GALICIA;1.3.-Malos tratos ámbito familiar;2018;2.945
GALICIA;1.3.-Malos tratos ámbito familiar;2017;2.792
GALICIA;1.3.-Malos tratos ámbito familiar;2016;2.690
GALICIA;1.3.-Malos tratos ámbito familiar;2015;2.625
GALICIA;1.3.-Malos tratos ámbito familiar;2014;2.539
GALICIA;1.3.-Malos tratos ámbito familiar;2013;2.632
GALICIA;1.3.-Malos tratos ámbito familiar;2012;2.427
GALICIA;1.3.-Malos tratos ámbito familiar;2011;2.513
GALICIA;1.3.-Malos tratos ámbito familiar;2010;2.471
GALICIA;1.4.-Otros contra las personas;2023;293
GALICIA;1.4.-Otros contra las personas;2022;187
GALICIA;1.4.-Otros contra las personas;2021;180
GALICIA;1.4.-Otros contra las personas;2020;136
GALICIA;1.4.-Otros contra las personas;2019;154
GALICIA;1.4.-Otros contra las personas;2018;165
GALICIA;1.4.-Otros contra las personas;2017;130
GALICIA;1.4.-Otros contra las personas;2016;98
GALICIA;1.4.-Otros contra las personas;2015;3.087
GALICIA;1.4.-Otros contra las personas;2014;5.472
GALICIA;1.4.-Otros contra las personas;2013;5.374
GALICIA;1.4.-Otros contra las personas;2012;5.732
GALICIA;1.4.-Otros contra las personas;2011;5.537
GALICIA;1.4.-Otros contra las personas;2010;5.510
GALICIA;2. CONTRA LA LIBERTAD;2023;6.355
GALICIA;2. CONTRA LA LIBERTAD;2022;5.628
GALICIA;2. CONTRA LA LIBERTAD;2021;5.472
GALICIA;2. CONTRA LA LIBERTAD;2020;4.982
GALICIA;2. CONTRA LA LIBERTAD;2019;4.746
GALICIA;2. CONTRA LA LIBERTAD;2018;4.833
GALICIA;2. CONTRA LA LIBERTAD;2017;5.006
GALICIA;2. CONTRA LA LIBERTAD;2016;4.905
GALICIA;2. CONTRA LA LIBERTAD;2015;3.150
GALICIA;2. CONTRA LA LIBERTAD;2014;1.571
GALICIA;2. CONTRA LA LIBERTAD;2013;1.538
GALICIA;2. CONTRA LA LIBERTAD;2012;1.617
GALICIA;2. CONTRA LA LIBERTAD;2011;1.686
GALICIA;2. CONTRA LA LIBERTAD;2010;1.664
GALICIA;2.1.-Malos tratos habituales en el ámbito familiar;2023;859
GALICIA;2.1.-Malos tratos habituales en el ámbito familiar;2022;695
GALICIA;2.1.-Malos tratos habituales en el ámbito familiar;2021;608
GALICIA;2.1.-Malos tratos habituales en el ámbito familiar;2020;617
GALICIA;2.1.-Malos tratos habituales en el ámbito familiar;2019;698
GALICIA;2.1.-Malos tratos habituales en el ámbito familiar;2018;633
GALICIA;2.1.-Malos tratos habituales en el ámbito familiar;2017;638
GALICIA;2.1.-Malos tratos habituales en el ámbito familiar;2016;695
GALICIA;2.1.-Malos tratos habituales en el ámbito familiar;2015;631
GALICIA;2.1.-Malos tratos habituales en el ámbito familiar;2014;610
GALICIA;2.1.-Malos tratos habituales en el ámbito familiar;2013;629
GALICIA;2.1.-Malos tratos habituales en el ámbito familiar;2012;652
GALICIA;2.1.-Malos tratos habituales en el ámbito familiar;2011;780
GALICIA;2.1.-Malos tratos habituales en el ámbito familiar;2010;854
GALICIA;2.2.-Otros contra la libertad;2023;5.496
GALICIA;2.2.-Otros contra la libertad;2022;4.933
GALICIA;2.2.-Otros contra la libertad;2021;4.864
GALICIA;2.2.-Otros contra la libertad;2020;4.365
GALICIA;2.2.-Otros contra la libertad;2019;4.048
GALICIA;2.2.-Otros contra la libertad;2018;4.200
GALICIA;2.2.-Otros contra la libertad;2017;4.368
GALICIA;2.2.-Otros contra la libertad;2016;4.210
GALICIA;2.2.-Otros contra la libertad;2015;2.519
GALICIA;2.2.-Otros contra la libertad;2014;961
GALICIA;2.2.-Otros contra la libertad;2013;909
GALICIA;2.2.-Otros contra la libertad;2012;965
GALICIA;2.2.-Otros contra la libertad;2011;906
GALICIA;2.2.-Otros contra la libertad;2010;810
GALICIA;3. LIBERTAD SEXUAL;2023;799
GALICIA;3. LIBERTAD SEXUAL;2022;611
GALICIA;3. LIBERTAD SEXUAL;2021;615
GALICIA;3. LIBERTAD SEXUAL;2020;477
GALICIA;3. LIBERTAD SEXUAL;2019;538
GALICIA;3. LIBERTAD SEXUAL;2018;440
GALICIA;3. LIBERTAD SEXUAL;2017;354
GALICIA;3. LIBERTAD SEXUAL;2016;339
GALICIA;3. LIBERTAD SEXUAL;2015;361
GALICIA;3. LIBERTAD SEXUAL;2014;301
GALICIA;3. LIBERTAD SEXUAL;2013;268
GALICIA;3. LIBERTAD SEXUAL;2012;283
GALICIA;3. LIBERTAD SEXUAL;2011;314
GALICIA;3. LIBERTAD SEXUAL;2010;311
GALICIA;3.1.-Agresión sexual;2023;441
GALICIA;3.1.-Agresión sexual;2022;374
GALICIA;3.1.-Agresión sexual;2021;366
GALICIA;3.1.-Agresión sexual;2020;277
GALICIA;3.1.-Agresión sexual;2019;322
GALICIA;3.1.-Agresión sexual;2018;278
GALICIA;3.1.-Agresión sexual;2017;217
GALICIA;3.1.-Agresión sexual;2016;194
GALICIA;3.1.-Agresión sexual;2015;219
GALICIA;3.1.-Agresión sexual;2014;182
GALICIA;3.1.-Agresión sexual;2013;147
GALICIA;3.1.-Agresión sexual;2012;177
GALICIA;3.1.-Agresión sexual;2011;188
GALICIA;3.1.-Agresión sexual;2010;165
GALICIA;3.2.-Agresión sexual con penetración;2023;186
GALICIA;3.2.-Agresión sexual con penetración;2022;137
GALICIA;3.2.-Agresión sexual con penetración;2021;133
GALICIA;3.2.-Agresión sexual con penetración;2020;103
GALICIA;3.2.-Agresión sexual con penetración;2019;115
GALICIA;3.2.-Agresión sexual con penetración;2018;82
GALICIA;3.2.-Agresión sexual con penetración;2017;52
GALICIA;3.2.-Agresión sexual con penetración;2016;57
GALICIA;3.2.-Agresión sexual con penetración;2015;62
GALICIA;3.2.-Agresión sexual con penetración;2014;59
GALICIA;3.2.-Agresión sexual con penetración;2013;59
GALICIA;3.2.-Agresión sexual con penetración;2012;53
GALICIA;3.2.-Agresión sexual con penetración;2011;56
GALICIA;3.2.-Agresión sexual con penetración;2010;74
GALICIA;3.3.-Corrupción de menores o incapacitados;2023;8
GALICIA;3.3.-Corrupción de menores o incapacitados;2022;12
GALICIA;3.3.-Corrupción de menores o incapacitados;2021;6
GALICIA;3.3.-Corrupción de menores o incapacitados;2020;6
GALICIA;3.3.-Corrupción de menores o incapacitados;2019;6
GALICIA;3.3.-Corrupción de menores o incapacitados;2018;4
GALICIA;3.3.-Corrupción de menores o incapacitados;2017;13
GALICIA;3.3.-Corrupción de menores o incapacitados;2016;13
GALICIA;3.3.-Corrupción de menores o incapacitados;2015;9
GALICIA;3.3.-Corrupción de menores o incapacitados;2014;21
GALICIA;3.3.-Corrupción de menores o incapacitados;2013;15
GALICIA;3.3.-Corrupción de menores o incapacitados;2012;11
GALICIA;3.3.-Corrupción de menores o incapacitados;2011;5
GALICIA;3.3.-Corrupción de menores o incapacitados;2010;7
GALICIA;3.4.-Pornografía de menores;2023;38
GALICIA;3.4.-Pornografía de menores;2022;24
GALICIA;3.4.-Pornografía de menores;2021;36
GALICIA;3.4.-Pornografía de menores;2020;28
GALICIA;3.4.-Pornografía de menores;2019;32
GALICIA;3.4.-Pornografía de menores;2018;29
GALICIA;3.4.-Pornografía de menores;2017;20
GALICIA;3.4.-Pornografía de menores;2016;26
GALICIA;3.4.-Pornografía de menores;2015;32
GALICIA;3.4.-Pornografía de menores;2014;11
GALICIA;3.4.-Pornografía de menores;2013;14
GALICIA;3.4.-Pornografía de menores;2012;12
GALICIA;3.4.-Pornografía de menores;2011;14
GALICIA;3.4.-Pornografía de menores;2010;18
GALICIA;3.5.-Otros contra la libertad sexual;2023;126
GALICIA;3.5.-Otros contra la libertad sexual;2022;64
GALICIA;3.5.-Otros contra la libertad sexual;2021;74
GALICIA;3.5.-Otros contra la libertad sexual;2020;63
GALICIA;3.5.-Otros contra la libertad sexual;2019;63
GALICIA;3.5.-Otros contra la libertad sexual;2018;47
GALICIA;3.5.-Otros contra la libertad sexual;2017;52
GALICIA;3.5.-Otros contra la libertad sexual;2016;49
GALICIA;3.5.-Otros contra la libertad sexual;2015;39
GALICIA;3.5.-Otros contra la libertad sexual;2014;28
GALICIA;3.5.-Otros contra la libertad sexual;2013;33
GALICIA;3.5.-Otros contra la libertad sexual;2012;30
GALICIA;3.5.-Otros contra la libertad sexual;2011;51
GALICIA;3.5.-Otros contra la libertad sexual;2010;47
GALICIA;4. RELACIONES FAMILIARES;2023;201
GALICIA;4. RELACIONES FAMILIARES;2022;188
GALICIA;4. RELACIONES FAMILIARES;2021;159
GALICIA;4. RELACIONES FAMILIARES;2020;172
GALICIA;4. RELACIONES FAMILIARES;2019;163
GALICIA;4. RELACIONES FAMILIARES;2018;184
GALICIA;4. RELACIONES FAMILIARES;2017;210
GALICIA;4. RELACIONES FAMILIARES;2016;229
GALICIA;4. RELACIONES FAMILIARES;2015;269
GALICIA;4. RELACIONES FAMILIARES;2014;272
GALICIA;4. RELACIONES FAMILIARES;2013;213
GALICIA;4. RELACIONES FAMILIARES;2012;218
GALICIA;4. RELACIONES FAMILIARES;2011;155
GALICIA;4. RELACIONES FAMILIARES;2010;158
GALICIA;5. PATRIMONIO;2023;15.291
GALICIA;5. PATRIMONIO;2022;13.991
GALICIA;5. PATRIMONIO;2021;12.337
GALICIA;5. PATRIMONIO;2020;11.032
GALICIA;5. PATRIMONIO;2019;12.643
GALICIA;5. PATRIMONIO;2018;12.487
GALICIA;5. PATRIMONIO;2017;12.149
GALICIA;5. PATRIMONIO;2016;12.049
GALICIA;5. PATRIMONIO;2015;12.420
GALICIA;5. PATRIMONIO;2014;13.375
GALICIA;5. PATRIMONIO;2013;13.982
GALICIA;5. PATRIMONIO;2012;12.808
GALICIA;5. PATRIMONIO;2011;12.357
GALICIA;5. PATRIMONIO;2010;13.545
GALICIA;5.1.-Hurtos;2023;5.740
GALICIA;5.1.-Hurtos;2022;5.222
GALICIA;5.1.-Hurtos;2021;4.342
GALICIA;5.1.-Hurtos;2020;3.527
GALICIA;5.1.-Hurtos;2019;4.927
GALICIA;5.1.-Hurtos;2018;4.700
GALICIA;5.1.-Hurtos;2017;4.769
GALICIA;5.1.-Hurtos;2016;4.644
GALICIA;5.1.-Hurtos;2015;4.972
GALICIA;5.1.-Hurtos;2014;5.170
GALICIA;5.1.-Hurtos;2013;5.385
GALICIA;5.1.-Hurtos;2012;4.868
GALICIA;5.1.-Hurtos;2011;4.549
GALICIA;5.1.-Hurtos;2010;4.817
GALICIA;5.2.-Robos con fuerza en las cosas;2023;1.847
GALICIA;5.2.-Robos con fuerza en las cosas;2022;1.744
GALICIA;5.2.-Robos con fuerza en las cosas;2021;1.486
GALICIA;5.2.-Robos con fuerza en las cosas;2020;1.690
GALICIA;5.2.-Robos con fuerza en las cosas;2019;2.050
GALICIA;5.2.-Robos con fuerza en las cosas;2018;2.177
GALICIA;5.2.-Robos con fuerza en las cosas;2017;2.114
GALICIA;5.2.-Robos con fuerza en las cosas;2016;2.265
GALICIA;5.2.-Robos con fuerza en las cosas;2015;2.059
GALICIA;5.2.-Robos con fuerza en las cosas;2014;2.778
GALICIA;5.2.-Robos con fuerza en las cosas;2013;2.831
GALICIA;5.2.-Robos con fuerza en las cosas;2012;2.153
GALICIA;5.2.-Robos con fuerza en las cosas;2011;2.140
GALICIA;5.2.-Robos con fuerza en las cosas;2010;2.456
GALICIA;5.2.1.-Robos con fuerza en las cosas en el interior de vehículos;2023;457
GALICIA;5.2.1.-Robos con fuerza en las cosas en el interior de vehículos;2022;466
GALICIA;5.2.1.-Robos con fuerza en las cosas en el interior de vehículos;2021;378
GALICIA;5.2.1.-Robos con fuerza en las cosas en el interior de vehículos;2020;330
GALICIA;5.2.1.-Robos con fuerza en las cosas en el interior de vehículos;2019;452
GALICIA;5.2.1.-Robos con fuerza en las cosas en el interior de vehículos;2018;397
GALICIA;5.2.1.-Robos con fuerza en las cosas en el interior de vehículos;2017;465
GALICIA;5.2.1.-Robos con fuerza en las cosas en el interior de vehículos;2016;478
GALICIA;5.2.1.-Robos con fuerza en las cosas en el interior de vehículos;2015;339
GALICIA;5.2.1.-Robos con fuerza en las cosas en el interior de vehículos;2014;596
GALICIA;5.2.1.-Robos con fuerza en las cosas en el interior de vehículos;2013;477
GALICIA;5.2.1.-Robos con fuerza en las cosas en el interior de vehículos;2012;511
GALICIA;5.2.1.-Robos con fuerza en las cosas en el interior de vehículos;2011;542
GALICIA;5.2.1.-Robos con fuerza en las cosas en el interior de vehículos;2010;336
GALICIA;5.2.2.-Robos con fuerza en viviendas;2023;431
GALICIA;5.2.2.-Robos con fuerza en viviendas;2022;500
GALICIA;5.2.2.-Robos con fuerza en viviendas;2021;389
GALICIA;5.2.2.-Robos con fuerza en viviendas;2020;473
GALICIA;5.2.2.-Robos con fuerza en viviendas;2019;655
GALICIA;5.2.2.-Robos con fuerza en viviendas;2018;716
GALICIA;5.2.2.-Robos con fuerza en viviendas;2017;673
GALICIA;5.2.2.-Robos con fuerza en viviendas;2016;831
GALICIA;5.2.2.-Robos con fuerza en viviendas;2015;724
GALICIA;5.2.2.-Robos con fuerza en viviendas;2014;1.005
GALICIA;5.2.2.-Robos con fuerza en viviendas;2013;994
GALICIA;5.2.2.-Robos con fuerza en viviendas;2012;615
GALICIA;5.2.2.-Robos con fuerza en viviendas;2011;465
GALICIA;5.2.2.-Robos con fuerza en viviendas;2010;478
GALICIA;5.2.3.-Robos con fuerza en establecimientos;2023;629
GALICIA;5.2.3.-Robos con fuerza en establecimientos;2022;456
GALICIA;5.2.3.-Robos con fuerza en establecimientos;2021;424
GALICIA;5.2.3.-Robos con fuerza en establecimientos;2020;576
GALICIA;5.2.3.-Robos con fuerza en establecimientos;2019;554
GALICIA;5.2.3.-Robos con fuerza en establecimientos;2018;616
GALICIA;5.2.3.-Robos con fuerza en establecimientos;2017;610
GALICIA;5.2.3.-Robos con fuerza en establecimientos;2016;586
GALICIA;5.2.3.-Robos con fuerza en establecimientos;2015;572
GALICIA;5.2.3.-Robos con fuerza en establecimientos;2014;650
GALICIA;5.2.3.-Robos con fuerza en establecimientos;2013;704
GALICIA;5.2.3.-Robos con fuerza en establecimientos;2012;530
GALICIA;5.2.3.-Robos con fuerza en establecimientos;2011;564
GALICIA;5.2.3.-Robos con fuerza en establecimientos;2010;773
GALICIA;5.3.-Robos con violencia o intimidación;2023;606
GALICIA;5.3.-Robos con violencia o intimidación;2022;490
GALICIA;5.3.-Robos con violencia o intimidación;2021;508
GALICIA;5.3.-Robos con violencia o intimidación;2020;490
GALICIA;5.3.-Robos con violencia o intimidación;2019;501
GALICIA;5.3.-Robos con violencia o intimidación;2018;527
GALICIA;5.3.-Robos con violencia o intimidación;2017;525
GALICIA;5.3.-Robos con violencia o intimidación;2016;534
GALICIA;5.3.-Robos con violencia o intimidación;2015;517
GALICIA;5.3.-Robos con violencia o intimidación;2014;527
GALICIA;5.3.-Robos con violencia o intimidación;2013;658
GALICIA;5.3.-Robos con violencia o intimidación;2012;640
GALICIA;5.3.-Robos con violencia o intimidación;2011;586
GALICIA;5.3.-Robos con violencia o intimidación;2010;706
GALICIA;5.3.1.-Robos con violencia en vía pública;2023;258
GALICIA;5.3.1.-Robos con violencia en vía pública;2022;238
GALICIA;5.3.1.-Robos con violencia en vía pública;2021;242
GALICIA;5.3.1.-Robos con violencia en vía pública;2020;189
GALICIA;5.3.1.-Robos con violencia en vía pública;2019;210
GALICIA;5.3.1.-Robos con violencia en vía pública;2018;209
GALICIA;5.3.1.-Robos con violencia en vía pública;2017;255
GALICIA;5.3.1.-Robos con violencia en vía pública;2016;242
GALICIA;5.3.1.-Robos con violencia en vía pública;2015;247
GALICIA;5.3.1.-Robos con violencia en vía pública;2014;269
GALICIA;5.3.1.-Robos con violencia en vía pública;2013;284
GALICIA;5.3.1.-Robos con violencia en vía pública;2012;313
GALICIA;5.3.1.-Robos con violencia en vía pública;2011;283
GALICIA;5.3.1.-Robos con violencia en vía pública;2010;386
GALICIA;5.3.2.-Robos con violencia en viviendas;2023;62
GALICIA;5.3.2.-Robos con violencia en viviendas;2022;49
GALICIA;5.3.2.-Robos con violencia en viviendas;2021;56
GALICIA;5.3.2.-Robos con violencia en viviendas;2020;64
GALICIA;5.3.2.-Robos con violencia en viviendas;2019;57
GALICIA;5.3.2.-Robos con violencia en viviendas;2018;74
GALICIA;5.3.2.-Robos con violencia en viviendas;2017;61
GALICIA;5.3.2.-Robos con violencia en viviendas;2016;74
GALICIA;5.3.2.-Robos con violencia en viviendas;2015;60
GALICIA;5.3.2.-Robos con violencia en viviendas;2014;63
GALICIA;5.3.2.-Robos con violencia en viviendas;2013;76
GALICIA;5.3.2.-Robos con violencia en viviendas;2012;67
GALICIA;5.3.2.-Robos con violencia en viviendas;2011;49
GALICIA;5.3.2.-Robos con violencia en viviendas;2010;69
GALICIA;5.3.3.-Robos con violencia en establecimientos;2023;220
GALICIA;5.3.3.-Robos con violencia en establecimientos;2022;142
GALICIA;5.3.3.-Robos con violencia en establecimientos;2021;154
GALICIA;5.3.3.-Robos con violencia en establecimientos;2020;162
GALICIA;5.3.3.-Robos con violencia en establecimientos;2019;169
GALICIA;5.3.3.-Robos con violencia en establecimientos;2018;168
GALICIA;5.3.3.-Robos con violencia en establecimientos;2017;149
GALICIA;5.3.3.-Robos con violencia en establecimientos;2016;156
GALICIA;5.3.3.-Robos con violencia en establecimientos;2015;169
GALICIA;5.3.3.-Robos con violencia en establecimientos;2014;138
GALICIA;5.3.3.-Robos con violencia en establecimientos;2013;225
GALICIA;5.3.3.-Robos con violencia en establecimientos;2012;182
GALICIA;5.3.3.-Robos con violencia en establecimientos;2011;186
GALICIA;5.3.3.-Robos con violencia en establecimientos;2010;194
GALICIA;5.4.-Sustracción de vehículos;2023;310
GALICIA;5.4.-Sustracción de vehículos;2022;292
GALICIA;5.4.-Sustracción de vehículos;2021;208
GALICIA;5.4.-Sustracción de vehículos;2020;247
GALICIA;5.4.-Sustracción de vehículos;2019;285
GALICIA;5.4.-Sustracción de vehículos;2018;280
GALICIA;5.4.-Sustracción de vehículos;2017;308
GALICIA;5.4.-Sustracción de vehículos;2016;380
GALICIA;5.4.-Sustracción de vehículos;2015;309
GALICIA;5.4.-Sustracción de vehículos;2014;407
GALICIA;5.4.-Sustracción de vehículos;2013;432
GALICIA;5.4.-Sustracción de vehículos;2012;470
GALICIA;5.4.-Sustracción de vehículos;2011;467
GALICIA;5.4.-Sustracción de vehículos;2010;660
GALICIA;5.5.-Estafas;2023;3.634
GALICIA;5.5.-Estafas;2022;3.316
GALICIA;5.5.-Estafas;2021;3.062
GALICIA;5.5.-Estafas;2020;2.699
GALICIA;5.5.-Estafas;2019;2.292
GALICIA;5.5.-Estafas;2018;2.051
GALICIA;5.5.-Estafas;2017;1.884
GALICIA;5.5.-Estafas;2016;1.713
GALICIA;5.5.-Estafas;2015;1.778
GALICIA;5.5.-Estafas;2014;1.642
GALICIA;5.5.-Estafas;2013;1.602
GALICIA;5.5.-Estafas;2012;1.555
GALICIA;5.5.-Estafas;2011;1.354
GALICIA;5.5.-Estafas;2010;1.448
GALICIA;5.5.1.-Estafas informáticas;2023;2.338
GALICIA;5.5.1.-Estafas informáticas;2022;1.930
GALICIA;5.5.1.-Estafas informáticas;2021;1.887
GALICIA;5.5.1.-Estafas informáticas;2020;1.595
GALICIA;5.5.1.-Estafas informáticas;2019;1.053
GALICIA;5.5.1.-Estafas informáticas;2018;877
GALICIA;5.5.1.-Estafas informáticas;2017;763
GALICIA;5.5.1.-Estafas informáticas;2016;646
GALICIA;5.5.1.-Estafas informáticas;2015;622
GALICIA;5.5.1.-Estafas informáticas;2014;481
GALICIA;5.5.1.-Estafas informáticas;2013;497
GALICIA;5.5.1.-Estafas informáticas;2012;433
GALICIA;5.5.1.-Estafas informáticas;2011;350
GALICIA;5.5.1.-Estafas informáticas;2010;384
GALICIA;5.6.-Daños;2023;2.107
GALICIA;5.6.-Daños;2022;1.974
GALICIA;5.6.-Daños;2021;1.877
GALICIA;5.6.-Daños;2020;1.459
GALICIA;5.6.-Daños;2019;1.707
GALICIA;5.6.-Daños;2018;1.831
GALICIA;5.6.-Daños;2017;1.752
GALICIA;5.6.-Daños;2016;1.787
GALICIA;5.6.-Daños;2015;1.961
GALICIA;5.6.-Daños;2014;2.023
GALICIA;5.6.-Daños;2013;2.236
GALICIA;5.6.-Daños;2012;2.381
GALICIA;5.6.-Daños;2011;2.563
GALICIA;5.6.-Daños;2010;2.774
GALICIA;5.7.-Contra la propiedad intelectual/industrial;2023;35
GALICIA;5.7.-Contra la propiedad intelectual/industrial;2022;33
GALICIA;5.7.-Contra la propiedad intelectual/industrial;2021;22
GALICIA;5.7.-Contra la propiedad intelectual/industrial;2020;22
GALICIA;5.7.-Contra la propiedad intelectual/industrial;2019;76
GALICIA;5.7.-Contra la propiedad intelectual/industrial;2018;114
GALICIA;5.7.-Contra la propiedad intelectual/industrial;2017;51
GALICIA;5.7.-Contra la propiedad intelectual/industrial;2016;46
GALICIA;5.7.-Contra la propiedad intelectual/industrial;2015;73
GALICIA;5.7.-Contra la propiedad intelectual/industrial;2014;66
GALICIA;5.7.-Contra la propiedad intelectual/industrial;2013;108
GALICIA;5.7.-Contra la propiedad intelectual/industrial;2012;96
GALICIA;5.7.-Contra la propiedad intelectual/industrial;2011;98
GALICIA;5.7.-Contra la propiedad intelectual/industrial;2010;145
GALICIA;5.8.-Blanqueo de capitales;2023;11
GALICIA;5.8.-Blanqueo de capitales;2022;14
GALICIA;5.8.-Blanqueo de capitales;2021;4
GALICIA;5.8.-Blanqueo de capitales;2020;16
GALICIA;5.8.-Blanqueo de capitales;2019;7
GALICIA;5.8.-Blanqueo de capitales;2018;11
GALICIA;5.8.-Blanqueo de capitales;2017;11
GALICIA;5.8.-Blanqueo de capitales;2016;10
GALICIA;5.8.-Blanqueo de capitales;2015;6
GALICIA;5.8.-Blanqueo de capitales;2014;1
GALICIA;5.8.-Blanqueo de capitales;2013;2
GALICIA;5.8.-Blanqueo de capitales;2012;6
GALICIA;5.8.-Blanqueo de capitales;2011;0
GALICIA;5.8.-Blanqueo de capitales;2010;3
GALICIA;5.9.-Otros contra el patrimonio;2023;1.001
GALICIA;5.9.-Otros contra el patrimonio;2022;906
GALICIA;5.9.-Otros contra el patrimonio;2021;828
GALICIA;5.9.-Otros contra el patrimonio;2020;882
GALICIA;5.9.-Otros contra el patrimonio;2019;798
GALICIA;5.9.-Otros contra el patrimonio;2018;796
GALICIA;5.9.-Otros contra el patrimonio;2017;735
GALICIA;5.9.-Otros contra el patrimonio;2016;670
GALICIA;5.9.-Otros contra el patrimonio;2015;745
GALICIA;5.9.-Otros contra el patrimonio;2014;761
GALICIA;5.9.-Otros contra el patrimonio;2013;728
GALICIA;5.9.-Otros contra el patrimonio;2012;639
GALICIA;5.9.-Otros contra el patrimonio;2011;600
GALICIA;5.9.-Otros contra el patrimonio;2010;536
GALICIA;6. SEGURIDAD COLECTIVA;2023;4.598
GALICIA;6. SEGURIDAD COLECTIVA;2022;4.911
GALICIA;6. SEGURIDAD COLECTIVA;2021;4.235
GALICIA;6. SEGURIDAD COLECTIVA;2020;4.125
GALICIA;6. SEGURIDAD COLECTIVA;2019;4.776
GALICIA;6. SEGURIDAD COLECTIVA;2018;4.611
GALICIA;6. SEGURIDAD COLECTIVA;2017;4.196
GALICIA;6. SEGURIDAD COLECTIVA;2016;3.949
GALICIA;6. SEGURIDAD COLECTIVA;2015;4.311
GALICIA;6. SEGURIDAD COLECTIVA;2014;4.660
GALICIA;6. SEGURIDAD COLECTIVA;2013;5.069
GALICIA;6. SEGURIDAD COLECTIVA;2012;5.915
GALICIA;6. SEGURIDAD COLECTIVA;2011;6.687
GALICIA;6. SEGURIDAD COLECTIVA;2010;5.156
GALICIA;6.1.-Tráfico de drogas;2023;479
GALICIA;6.1.-Tráfico de drogas;2022;489
GALICIA;6.1.-Tráfico de drogas;2021;448
GALICIA;6.1.-Tráfico de drogas;2020;532
GALICIA;6.1.-Tráfico de drogas;2019;505
GALICIA;6.1.-Tráfico de drogas;2018;420
GALICIA;6.1.-Tráfico de drogas;2017;362
GALICIA;6.1.-Tráfico de drogas;2016;339
GALICIA;6.1.-Tráfico de drogas;2015;343
GALICIA;6.1.-Tráfico de drogas;2014;350
GALICIA;6.1.-Tráfico de drogas;2013;399
GALICIA;6.1.-Tráfico de drogas;2012;417
GALICIA;6.1.-Tráfico de drogas;2011;443
GALICIA;6.1.-Tráfico de drogas;2010;449
GALICIA;6.2.-Contra la seguridad vial;2023;3.998
GALICIA;6.2.-Contra la seguridad vial;2022;4.280
GALICIA;6.2.-Contra la seguridad vial;2021;3.679
GALICIA;6.2.-Contra la seguridad vial;2020;3.487
GALICIA;6.2.-Contra la seguridad vial;2019;4.169
GALICIA;6.2.-Contra la seguridad vial;2018;4.098
GALICIA;6.2.-Contra la seguridad vial;2017;3.704
GALICIA;6.2.-Contra la seguridad vial;2016;3.514
GALICIA;6.2.-Contra la seguridad vial;2015;3.862
GALICIA;6.2.-Contra la seguridad vial;2014;4.233
GALICIA;6.2.-Contra la seguridad vial;2013;4.488
GALICIA;6.2.-Contra la seguridad vial;2012;5.351
GALICIA;6.2.-Contra la seguridad vial;2011;6.122
GALICIA;6.2.-Contra la seguridad vial;2010;4.592
GALICIA;6.3.-Otros contra la seguridad colectiva;2023;121
GALICIA;6.3.-Otros contra la seguridad colectiva;2022;142
GALICIA;6.3.-Otros contra la seguridad colectiva;2021;108
GALICIA;6.3.-Otros contra la seguridad colectiva;2020;106
GALICIA;6.3.-Otros contra la seguridad colectiva;2019;102
GALICIA;6.3.-Otros contra la seguridad colectiva;2018;93
GALICIA;6.3.-Otros contra la seguridad colectiva;2017;130
GALICIA;6.3.-Otros contra la seguridad colectiva;2016;96
GALICIA;6.3.-Otros contra la seguridad colectiva;2015;106
GALICIA;6.3.-Otros contra la seguridad colectiva;2014;77
GALICIA;6.3.-Otros contra la seguridad colectiva;2013;182
GALICIA;6.3.-Otros contra la seguridad colectiva;2012;147
GALICIA;6.3.-Otros contra la seguridad colectiva;2011;122
GALICIA;6.3.-Otros contra la seguridad colectiva;2010;115
GALICIA;7. FALSEDADES;2023;503
GALICIA;7. FALSEDADES;2022;475
GALICIA;7. FALSEDADES;2021;809
GALICIA;7. FALSEDADES;2020;452
GALICIA;7. FALSEDADES;2019;422
GALICIA;7. FALSEDADES;2018;405
GALICIA;7. FALSEDADES;2017;408
GALICIA;7. FALSEDADES;2016;345
GALICIA;7. FALSEDADES;2015;319
GALICIA;7. FALSEDADES;2014;343
GALICIA;7. FALSEDADES;2013;381
GALICIA;7. FALSEDADES;2012;350
GALICIA;7. FALSEDADES;2011;309
GALICIA;7. FALSEDADES;2010;321
GALICIA;8. ADMÓN. PÚBLICA;2023;21
GALICIA;8. ADMÓN. PÚBLICA;2022;18
GALICIA;8. ADMÓN. PÚBLICA;2021;10
GALICIA;8. ADMÓN. PÚBLICA;2020;11
GALICIA;8. ADMÓN. PÚBLICA;2019;16
GALICIA;8. ADMÓN. PÚBLICA;2018;14
GALICIA;8. ADMÓN. PÚBLICA;2017;18
GALICIA;8. ADMÓN. PÚBLICA;2016;9
GALICIA;8. ADMÓN. PÚBLICA;2015;19
GALICIA;8. ADMÓN. PÚBLICA;2014;41
GALICIA;8. ADMÓN. PÚBLICA;2013;19
GALICIA;8. ADMÓN. PÚBLICA;2012;7
GALICIA;8. ADMÓN. PÚBLICA;2011;19
GALICIA;8. ADMÓN. PÚBLICA;2010;14
GALICIA;9. ADMÓN. JUSTICIA;2023;1.789
GALICIA;9. ADMÓN. JUSTICIA;2022;1.589
GALICIA;9. ADMÓN. JUSTICIA;2021;1.463
GALICIA;9. ADMÓN. JUSTICIA;2020;1.418
GALICIA;9. ADMÓN. JUSTICIA;2019;1.432
GALICIA;9. ADMÓN. JUSTICIA;2018;1.289
GALICIA;9. ADMÓN. JUSTICIA;2017;1.221
GALICIA;9. ADMÓN. JUSTICIA;2016;1.060
GALICIA;9. ADMÓN. JUSTICIA;2015;1.009
GALICIA;9. ADMÓN. JUSTICIA;2014;1.029
GALICIA;9. ADMÓN. JUSTICIA;2013;1.033
GALICIA;9. ADMÓN. JUSTICIA;2012;1.024
GALICIA;9. ADMÓN. JUSTICIA;2011;1.099
GALICIA;9. ADMÓN. JUSTICIA;2010;1.134
GALICIA;10. ORDEN PÚBLICO;2023;958
GALICIA;10. ORDEN PÚBLICO;2022;946
GALICIA;10. ORDEN PÚBLICO;2021;892
GALICIA;10. ORDEN PÚBLICO;2020;1.078
GALICIA;10. ORDEN PÚBLICO;2019;704
GALICIA;10. ORDEN PÚBLICO;2018;773
GALICIA;10. ORDEN PÚBLICO;2017;704
GALICIA;10. ORDEN PÚBLICO;2016;731
GALICIA;10. ORDEN PÚBLICO;2015;897
GALICIA;10. ORDEN PÚBLICO;2014;1.134
GALICIA;10. ORDEN PÚBLICO;2013;1.297
GALICIA;10. ORDEN PÚBLICO;2012;1.416
GALICIA;10. ORDEN PÚBLICO;2011;1.463
GALICIA;10. ORDEN PÚBLICO;2010;1.489
GALICIA;11. LEGISLACIÓN ESPECIAL;2023;4
GALICIA;11. LEGISLACIÓN ESPECIAL;2022;7
GALICIA;11. LEGISLACIÓN ESPECIAL;2021;2
GALICIA;11. LEGISLACIÓN ESPECIAL;2020;5
GALICIA;11. LEGISLACIÓN ESPECIAL;2019;3
GALICIA;11. LEGISLACIÓN ESPECIAL;2018;1
GALICIA;11. LEGISLACIÓN ESPECIAL;2017;2
GALICIA;11. LEGISLACIÓN ESPECIAL;2016;3
GALICIA;11. LEGISLACIÓN ESPECIAL;2015;8
GALICIA;11. LEGISLACIÓN ESPECIAL;2014;3
GALICIA;11. LEGISLACIÓN ESPECIAL;2013;6
GALICIA;11. LEGISLACIÓN ESPECIAL;2012;2
GALICIA;11. LEGISLACIÓN ESPECIAL;2011;9
GALICIA;11. LEGISLACIÓN ESPECIAL;2010;5
GALICIA;12. OTRAS INFRACCIONES PENALES;2023;520
GALICIA;12. OTRAS INFRACCIONES PENALES;2022;436
GALICIA;12. OTRAS INFRACCIONES PENALES;2021;409
GALICIA;12. OTRAS INFRACCIONES PENALES;2020;357
GALICIA;12. OTRAS INFRACCIONES PENALES;2019;401
GALICIA;12. OTRAS INFRACCIONES PENALES;2018;430
GALICIA;12. OTRAS INFRACCIONES PENALES;2017;484
GALICIA;12. OTRAS INFRACCIONES PENALES;2016;497
GALICIA;12. OTRAS INFRACCIONES PENALES;2015;309
GALICIA;12. OTRAS INFRACCIONES PENALES;2014;149
GALICIA;12. OTRAS INFRACCIONES PENALES;2013;188
GALICIA;12. OTRAS INFRACCIONES PENALES;2012;166
GALICIA;12. OTRAS INFRACCIONES PENALES;2011;129
GALICIA;12. OTRAS INFRACCIONES PENALES;2010;152
GALICIA;TOTAL INFRACCIONES PENALES;2023;40.191
GALICIA;TOTAL INFRACCIONES PENALES;2022;37.249
GALICIA;TOTAL INFRACCIONES PENALES;2021;33.671
GALICIA;TOTAL INFRACCIONES PENALES;2020;30.916
GALICIA;TOTAL INFRACCIONES PENALES;2019;33.220
GALICIA;TOTAL INFRACCIONES PENALES;2018;32.797
GALICIA;TOTAL INFRACCIONES PENALES;2017;31.988
GALICIA;TOTAL INFRACCIONES PENALES;2016;31.281
GALICIA;TOTAL INFRACCIONES PENALES;2015;33.313
GALICIA;TOTAL INFRACCIONES PENALES;2014;35.463
GALICIA;TOTAL INFRACCIONES PENALES;2013;36.860
GALICIA;TOTAL INFRACCIONES PENALES;2012;37.075
GALICIA;TOTAL INFRACCIONES PENALES;2011;37.588
GALICIA;TOTAL INFRACCIONES PENALES;2010;37.197
MADRID (COMUNIDAD DE);1. CONTRA LAS PERSONAS;2023;31.088
MADRID (COMUNIDAD DE);1. CONTRA LAS PERSONAS;2022;29.207
MADRID (COMUNIDAD DE);1. CONTRA LAS PERSONAS;2021;26.001
MADRID (COMUNIDAD DE);1. CONTRA LAS PERSONAS;2020;23.204
MADRID (COMUNIDAD DE);1. CONTRA LAS PERSONAS;2019;25.043
MADRID (COMUNIDAD DE);1. CONTRA LAS PERSONAS;2018;23.392
MADRID (COMUNIDAD DE);1. CONTRA LAS PERSONAS;2017;23.043
MADRID (COMUNIDAD DE);1. CONTRA LAS PERSONAS;2016;21.630
MADRID (COMUNIDAD DE);1. CONTRA LAS PERSONAS;2015;24.498
MADRID (COMUNIDAD DE);1. CONTRA LAS PERSONAS;2014;27.325
MADRID (COMUNIDAD DE);1. CONTRA LAS PERSONAS;2013;27.035
MADRID (COMUNIDAD DE);1. CONTRA LAS PERSONAS;2012;28.350
MADRID (COMUNIDAD DE);1. CONTRA LAS PERSONAS;2011;28.670
MADRID (COMUNIDAD DE);1. CONTRA LAS PERSONAS;2010;29.165
MADRID (COMUNIDAD DE);1.1.-Homicidios dolosos/asesinatos;2023;199
MADRID (COMUNIDAD DE);1.1.-Homicidios dolosos/asesinatos;2022;180
MADRID (COMUNIDAD DE);1.1.-Homicidios dolosos/asesinatos;2021;129
MADRID (COMUNIDAD DE);1.1.-Homicidios dolosos/asesinatos;2020;136
MADRID (COMUNIDAD DE);1.1.-Homicidios dolosos/asesinatos;2019;97
MADRID (COMUNIDAD DE);1.1.-Homicidios dolosos/asesinatos;2018;108
MADRID (COMUNIDAD DE);1.1.-Homicidios dolosos/asesinatos;2017;116
MADRID (COMUNIDAD DE);1.1.-Homicidios dolosos/asesinatos;2016;104
MADRID (COMUNIDAD DE);1.1.-Homicidios dolosos/asesinatos;2015;83
MADRID (COMUNIDAD DE);1.1.-Homicidios dolosos/asesinatos;2014;97
MADRID (COMUNIDAD DE);1.1.-Homicidios dolosos/asesinatos;2013;88
MADRID (COMUNIDAD DE);1.1.-Homicidios dolosos/asesinatos;2012;90
MADRID (COMUNIDAD DE);1.1.-Homicidios dolosos/asesinatos;2011;92
MADRID (COMUNIDAD DE);1.1.-Homicidios dolosos/asesinatos;2010;90
MADRID (COMUNIDAD DE);1.1.1.-Homicidios dolosos/asesinatos consumados;2023;33
MADRID (COMUNIDAD DE);1.1.1.-Homicidios dolosos/asesinatos consumados;2022;52
MADRID (COMUNIDAD DE);1.1.1.-Homicidios dolosos/asesinatos consumados;2021;36
MADRID (COMUNIDAD DE);1.1.1.-Homicidios dolosos/asesinatos consumados;2020;37
MADRID (COMUNIDAD DE);1.1.1.-Homicidios dolosos/asesinatos consumados;2019;24
MADRID (COMUNIDAD DE);1.1.1.-Homicidios dolosos/asesinatos consumados;2018;34
MADRID (COMUNIDAD DE);1.1.1.-Homicidios dolosos/asesinatos consumados;2017;34
MADRID (COMUNIDAD DE);1.1.1.-Homicidios dolosos/asesinatos consumados;2016;24
MADRID (COMUNIDAD DE);1.1.1.-Homicidios dolosos/asesinatos consumados;2015;27
MADRID (COMUNIDAD DE);1.1.1.-Homicidios dolosos/asesinatos consumados;2014;33
MADRID (COMUNIDAD DE);1.1.1.-Homicidios dolosos/asesinatos consumados;2013;34
MADRID (COMUNIDAD DE);1.1.1.-Homicidios dolosos/asesinatos consumados;2012;38
MADRID (COMUNIDAD DE);1.1.1.-Homicidios dolosos/asesinatos consumados;2011;46
MADRID (COMUNIDAD DE);1.1.1.-Homicidios dolosos/asesinatos consumados;2010;45
MADRID (COMUNIDAD DE);1.2.-Lesiones;2023;10.028
MADRID (COMUNIDAD DE);1.2.-Lesiones;2022;9.766
MADRID (COMUNIDAD DE);1.2.-Lesiones;2021;8.871
MADRID (COMUNIDAD DE);1.2.-Lesiones;2020;7.986
MADRID (COMUNIDAD DE);1.2.-Lesiones;2019;9.687
MADRID (COMUNIDAD DE);1.2.-Lesiones;2018;9.326
MADRID (COMUNIDAD DE);1.2.-Lesiones;2017;9.434
MADRID (COMUNIDAD DE);1.2.-Lesiones;2016;9.316
MADRID (COMUNIDAD DE);1.2.-Lesiones;2015;8.981
MADRID (COMUNIDAD DE);1.2.-Lesiones;2014;8.692
MADRID (COMUNIDAD DE);1.2.-Lesiones;2013;9.002
MADRID (COMUNIDAD DE);1.2.-Lesiones;2012;9.156
MADRID (COMUNIDAD DE);1.2.-Lesiones;2011;9.702
MADRID (COMUNIDAD DE);1.2.-Lesiones;2010;9.920
MADRID (COMUNIDAD DE);1.3.-Malos tratos ámbito familiar;2023;20.277
MADRID (COMUNIDAD DE);1.3.-Malos tratos ámbito familiar;2022;18.761
MADRID (COMUNIDAD DE);1.3.-Malos tratos ámbito familiar;2021;16.560
MADRID (COMUNIDAD DE);1.3.-Malos tratos ámbito familiar;2020;14.735
MADRID (COMUNIDAD DE);1.3.-Malos tratos ámbito familiar;2019;14.847
MADRID (COMUNIDAD DE);1.3.-Malos tratos ámbito familiar;2018;13.647
MADRID (COMUNIDAD DE);1.3.-Malos tratos ámbito familiar;2017;13.237
MADRID (COMUNIDAD DE);1.3.-Malos tratos ámbito familiar;2016;11.963
MADRID (COMUNIDAD DE);1.3.-Malos tratos ámbito familiar;2015;11.072
MADRID (COMUNIDAD DE);1.3.-Malos tratos ámbito familiar;2014;10.977
MADRID (COMUNIDAD DE);1.3.-Malos tratos ámbito familiar;2013;10.343
MADRID (COMUNIDAD DE);1.3.-Malos tratos ámbito familiar;2012;10.564
MADRID (COMUNIDAD DE);1.3.-Malos tratos ámbito familiar;2011;10.340
MADRID (COMUNIDAD DE);1.3.-Malos tratos ámbito familiar;2010;10.234
MADRID (COMUNIDAD DE);1.4.-Otros contra las personas;2023;584
MADRID (COMUNIDAD DE);1.4.-Otros contra las personas;2022;500
MADRID (COMUNIDAD DE);1.4.-Otros contra las personas;2021;441
MADRID (COMUNIDAD DE);1.4.-Otros contra las personas;2020;347
MADRID (COMUNIDAD DE);1.4.-Otros contra las personas;2019;412
MADRID (COMUNIDAD DE);1.4.-Otros contra las personas;2018;311
MADRID (COMUNIDAD DE);1.4.-Otros contra las personas;2017;256
MADRID (COMUNIDAD DE);1.4.-Otros contra las personas;2016;247
MADRID (COMUNIDAD DE);1.4.-Otros contra las personas;2015;4.362
MADRID (COMUNIDAD DE);1.4.-Otros contra las personas;2014;7.559
MADRID (COMUNIDAD DE);1.4.-Otros contra las personas;2013;7.602
MADRID (COMUNIDAD DE);1.4.-Otros contra las personas;2012;8.540
MADRID (COMUNIDAD DE);1.4.-Otros contra las personas;2011;8.536
MADRID (COMUNIDAD DE);1.4.-Otros contra las personas;2010;8.921
MADRID (COMUNIDAD DE);2. CONTRA LA LIBERTAD;2023;13.599
MADRID (COMUNIDAD DE);2. CONTRA LA LIBERTAD;2022;12.460
MADRID (COMUNIDAD DE);2. CONTRA LA LIBERTAD;2021;12.402
MADRID (COMUNIDAD DE);2. CONTRA LA LIBERTAD;2020;11.238
MADRID (COMUNIDAD DE);2. CONTRA LA LIBERTAD;2019;10.821
MADRID (COMUNIDAD DE);2. CONTRA LA LIBERTAD;2018;10.136
MADRID (COMUNIDAD DE);2. CONTRA LA LIBERTAD;2017;9.816
MADRID (COMUNIDAD DE);2. CONTRA LA LIBERTAD;2016;9.387
MADRID (COMUNIDAD DE);2. CONTRA LA LIBERTAD;2015;6.043
MADRID (COMUNIDAD DE);2. CONTRA LA LIBERTAD;2014;3.153
MADRID (COMUNIDAD DE);2. CONTRA LA LIBERTAD;2013;3.216
MADRID (COMUNIDAD DE);2. CONTRA LA LIBERTAD;2012;3.242
MADRID (COMUNIDAD DE);2. CONTRA LA LIBERTAD;2011;3.462
MADRID (COMUNIDAD DE);2. CONTRA LA LIBERTAD;2010;3.274
MADRID (COMUNIDAD DE);2.1.-Malos tratos habituales en el ámbito familiar;2023;1.383
MADRID (COMUNIDAD DE);2.1.-Malos tratos habituales en el ámbito familiar;2022;1.189
MADRID (COMUNIDAD DE);2.1.-Malos tratos habituales en el ámbito familiar;2021;1.280
MADRID (COMUNIDAD DE);2.1.-Malos tratos habituales en el ámbito familiar;2020;1.099
MADRID (COMUNIDAD DE);2.1.-Malos tratos habituales en el ámbito familiar;2019;1.216
MADRID (COMUNIDAD DE);2.1.-Malos tratos habituales en el ámbito familiar;2018;1.025
MADRID (COMUNIDAD DE);2.1.-Malos tratos habituales en el ámbito familiar;2017;1.086
MADRID (COMUNIDAD DE);2.1.-Malos tratos habituales en el ámbito familiar;2016;1.007
MADRID (COMUNIDAD DE);2.1.-Malos tratos habituales en el ámbito familiar;2015;1.104
MADRID (COMUNIDAD DE);2.1.-Malos tratos habituales en el ámbito familiar;2014;1.062
MADRID (COMUNIDAD DE);2.1.-Malos tratos habituales en el ámbito familiar;2013;1.100
MADRID (COMUNIDAD DE);2.1.-Malos tratos habituales en el ámbito familiar;2012;1.158
MADRID (COMUNIDAD DE);2.1.-Malos tratos habituales en el ámbito familiar;2011;1.314
MADRID (COMUNIDAD DE);2.1.-Malos tratos habituales en el ámbito familiar;2010;1.148
MADRID (COMUNIDAD DE);2.2.-Otros contra la libertad;2023;12.216
MADRID (COMUNIDAD DE);2.2.-Otros contra la libertad;2022;11.271
MADRID (COMUNIDAD DE);2.2.-Otros contra la libertad;2021;11.122
MADRID (COMUNIDAD DE);2.2.-Otros contra la libertad;2020;10.139
MADRID (COMUNIDAD DE);2.2.-Otros contra la libertad;2019;9.605
MADRID (COMUNIDAD DE);2.2.-Otros contra la libertad;2018;9.111
MADRID (COMUNIDAD DE);2.2.-Otros contra la libertad;2017;8.730
MADRID (COMUNIDAD DE);2.2.-Otros contra la libertad;2016;8.380
MADRID (COMUNIDAD DE);2.2.-Otros contra la libertad;2015;4.939
MADRID (COMUNIDAD DE);2.2.-Otros contra la libertad;2014;2.091
MADRID (COMUNIDAD DE);2.2.-Otros contra la libertad;2013;2.116
MADRID (COMUNIDAD DE);2.2.-Otros contra la libertad;2012;2.084
MADRID (COMUNIDAD DE);2.2.-Otros contra la libertad;2011;2.148
MADRID (COMUNIDAD DE);2.2.-Otros contra la libertad;2010;2.126
MADRID (COMUNIDAD DE);3. LIBERTAD SEXUAL;2023;2.495
MADRID (COMUNIDAD DE);3. LIBERTAD SEXUAL;2022;2.113
MADRID (COMUNIDAD DE);3. LIBERTAD SEXUAL;2021;1.918
MADRID (COMUNIDAD DE);3. LIBERTAD SEXUAL;2020;1.641
MADRID (COMUNIDAD DE);3. LIBERTAD SEXUAL;2019;1.714
MADRID (COMUNIDAD DE);3. LIBERTAD SEXUAL;2018;1.570
MADRID (COMUNIDAD DE);3. LIBERTAD SEXUAL;2017;1.318
MADRID (COMUNIDAD DE);3. LIBERTAD SEXUAL;2016;1.129
MADRID (COMUNIDAD DE);3. LIBERTAD SEXUAL;2015;1.014
MADRID (COMUNIDAD DE);3. LIBERTAD SEXUAL;2014;953
MADRID (COMUNIDAD DE);3. LIBERTAD SEXUAL;2013;946
MADRID (COMUNIDAD DE);3. LIBERTAD SEXUAL;2012;907
MADRID (COMUNIDAD DE);3. LIBERTAD SEXUAL;2011;961
MADRID (COMUNIDAD DE);3. LIBERTAD SEXUAL;2010;900
MADRID (COMUNIDAD DE);3.1.-Agresión sexual;2023;1.461
MADRID (COMUNIDAD DE);3.1.-Agresión sexual;2022;1.243
MADRID (COMUNIDAD DE);3.1.-Agresión sexual;2021;1.109
MADRID (COMUNIDAD DE);3.1.-Agresión sexual;2020;938
MADRID (COMUNIDAD DE);3.1.-Agresión sexual;2019;1.007
MADRID (COMUNIDAD DE);3.1.-Agresión sexual;2018;908
MADRID (COMUNIDAD DE);3.1.-Agresión sexual;2017;703
MADRID (COMUNIDAD DE);3.1.-Agresión sexual;2016;624
MADRID (COMUNIDAD DE);3.1.-Agresión sexual;2015;524
MADRID (COMUNIDAD DE);3.1.-Agresión sexual;2014;502
MADRID (COMUNIDAD DE);3.1.-Agresión sexual;2013;512
MADRID (COMUNIDAD DE);3.1.-Agresión sexual;2012;494
MADRID (COMUNIDAD DE);3.1.-Agresión sexual;2011;526
MADRID (COMUNIDAD DE);3.1.-Agresión sexual;2010;472
MADRID (COMUNIDAD DE);3.2.-Agresión sexual con penetración;2023;591
MADRID (COMUNIDAD DE);3.2.-Agresión sexual con penetración;2022;522
MADRID (COMUNIDAD DE);3.2.-Agresión sexual con penetración;2021;484
MADRID (COMUNIDAD DE);3.2.-Agresión sexual con penetración;2020;433
MADRID (COMUNIDAD DE);3.2.-Agresión sexual con penetración;2019;380
MADRID (COMUNIDAD DE);3.2.-Agresión sexual con penetración;2018;350
MADRID (COMUNIDAD DE);3.2.-Agresión sexual con penetración;2017;315
MADRID (COMUNIDAD DE);3.2.-Agresión sexual con penetración;2016;256
MADRID (COMUNIDAD DE);3.2.-Agresión sexual con penetración;2015;241
MADRID (COMUNIDAD DE);3.2.-Agresión sexual con penetración;2014;230
MADRID (COMUNIDAD DE);3.2.-Agresión sexual con penetración;2013;206
MADRID (COMUNIDAD DE);3.2.-Agresión sexual con penetración;2012;226
MADRID (COMUNIDAD DE);3.2.-Agresión sexual con penetración;2011;232
MADRID (COMUNIDAD DE);3.2.-Agresión sexual con penetración;2010;236
MADRID (COMUNIDAD DE);3.3.-Corrupción de menores o incapacitados;2023;35
MADRID (COMUNIDAD DE);3.3.-Corrupción de menores o incapacitados;2022;33
MADRID (COMUNIDAD DE);3.3.-Corrupción de menores o incapacitados;2021;31
MADRID (COMUNIDAD DE);3.3.-Corrupción de menores o incapacitados;2020;33
MADRID (COMUNIDAD DE);3.3.-Corrupción de menores o incapacitados;2019;50
MADRID (COMUNIDAD DE);3.3.-Corrupción de menores o incapacitados;2018;32
MADRID (COMUNIDAD DE);3.3.-Corrupción de menores o incapacitados;2017;50
MADRID (COMUNIDAD DE);3.3.-Corrupción de menores o incapacitados;2016;42
MADRID (COMUNIDAD DE);3.3.-Corrupción de menores o incapacitados;2015;45
MADRID (COMUNIDAD DE);3.3.-Corrupción de menores o incapacitados;2014;28
MADRID (COMUNIDAD DE);3.3.-Corrupción de menores o incapacitados;2013;28
MADRID (COMUNIDAD DE);3.3.-Corrupción de menores o incapacitados;2012;23
MADRID (COMUNIDAD DE);3.3.-Corrupción de menores o incapacitados;2011;11
MADRID (COMUNIDAD DE);3.3.-Corrupción de menores o incapacitados;2010;22
MADRID (COMUNIDAD DE);3.4.-Pornografía de menores;2023;113
MADRID (COMUNIDAD DE);3.4.-Pornografía de menores;2022;73
MADRID (COMUNIDAD DE);3.4.-Pornografía de menores;2021;76
MADRID (COMUNIDAD DE);3.4.-Pornografía de menores;2020;57
MADRID (COMUNIDAD DE);3.4.-Pornografía de menores;2019;79
MADRID (COMUNIDAD DE);3.4.-Pornografía de menores;2018;91
MADRID (COMUNIDAD DE);3.4.-Pornografía de menores;2017;67
MADRID (COMUNIDAD DE);3.4.-Pornografía de menores;2016;43
MADRID (COMUNIDAD DE);3.4.-Pornografía de menores;2015;63
MADRID (COMUNIDAD DE);3.4.-Pornografía de menores;2014;49
MADRID (COMUNIDAD DE);3.4.-Pornografía de menores;2013;41
MADRID (COMUNIDAD DE);3.4.-Pornografía de menores;2012;51
MADRID (COMUNIDAD DE);3.4.-Pornografía de menores;2011;51
MADRID (COMUNIDAD DE);3.4.-Pornografía de menores;2010;33
MADRID (COMUNIDAD DE);3.5.-Otros contra la libertad sexual;2023;295
MADRID (COMUNIDAD DE);3.5.-Otros contra la libertad sexual;2022;242
MADRID (COMUNIDAD DE);3.5.-Otros contra la libertad sexual;2021;218
MADRID (COMUNIDAD DE);3.5.-Otros contra la libertad sexual;2020;180
MADRID (COMUNIDAD DE);3.5.-Otros contra la libertad sexual;2019;198
MADRID (COMUNIDAD DE);3.5.-Otros contra la libertad sexual;2018;189
MADRID (COMUNIDAD DE);3.5.-Otros contra la libertad sexual;2017;183
MADRID (COMUNIDAD DE);3.5.-Otros contra la libertad sexual;2016;164
MADRID (COMUNIDAD DE);3.5.-Otros contra la libertad sexual;2015;141
MADRID (COMUNIDAD DE);3.5.-Otros contra la libertad sexual;2014;144
MADRID (COMUNIDAD DE);3.5.-Otros contra la libertad sexual;2013;159
MADRID (COMUNIDAD DE);3.5.-Otros contra la libertad sexual;2012;113
MADRID (COMUNIDAD DE);3.5.-Otros contra la libertad sexual;2011;141
MADRID (COMUNIDAD DE);3.5.-Otros contra la libertad sexual;2010;137
MADRID (COMUNIDAD DE);4. RELACIONES FAMILIARES;2023;669
MADRID (COMUNIDAD DE);4. RELACIONES FAMILIARES;2022;759
MADRID (COMUNIDAD DE);4. RELACIONES FAMILIARES;2021;809
MADRID (COMUNIDAD DE);4. RELACIONES FAMILIARES;2020;668
MADRID (COMUNIDAD DE);4. RELACIONES FAMILIARES;2019;718
MADRID (COMUNIDAD DE);4. RELACIONES FAMILIARES;2018;713
MADRID (COMUNIDAD DE);4. RELACIONES FAMILIARES;2017;672
MADRID (COMUNIDAD DE);4. RELACIONES FAMILIARES;2016;752
MADRID (COMUNIDAD DE);4. RELACIONES FAMILIARES;2015;888
MADRID (COMUNIDAD DE);4. RELACIONES FAMILIARES;2014;950
MADRID (COMUNIDAD DE);4. RELACIONES FAMILIARES;2013;917
MADRID (COMUNIDAD DE);4. RELACIONES FAMILIARES;2012;998
MADRID (COMUNIDAD DE);4. RELACIONES FAMILIARES;2011;859
MADRID (COMUNIDAD DE);4. RELACIONES FAMILIARES;2010;579
MADRID (COMUNIDAD DE);5. PATRIMONIO;2023;55.654
MADRID (COMUNIDAD DE);5. PATRIMONIO;2022;49.712
MADRID (COMUNIDAD DE);5. PATRIMONIO;2021;43.272
MADRID (COMUNIDAD DE);5. PATRIMONIO;2020;38.932
MADRID (COMUNIDAD DE);5. PATRIMONIO;2019;47.093
MADRID (COMUNIDAD DE);5. PATRIMONIO;2018;44.330
MADRID (COMUNIDAD DE);5. PATRIMONIO;2017;42.796
MADRID (COMUNIDAD DE);5. PATRIMONIO;2016;42.585
MADRID (COMUNIDAD DE);5. PATRIMONIO;2015;41.406
MADRID (COMUNIDAD DE);5. PATRIMONIO;2014;47.581
MADRID (COMUNIDAD DE);5. PATRIMONIO;2013;49.409
MADRID (COMUNIDAD DE);5. PATRIMONIO;2012;47.186
MADRID (COMUNIDAD DE);5. PATRIMONIO;2011;44.468
MADRID (COMUNIDAD DE);5. PATRIMONIO;2010;44.370
MADRID (COMUNIDAD DE);5.1.-Hurtos;2023;26.686
MADRID (COMUNIDAD DE);5.1.-Hurtos;2022;23.288
MADRID (COMUNIDAD DE);5.1.-Hurtos;2021;19.862
MADRID (COMUNIDAD DE);5.1.-Hurtos;2020;17.530
MADRID (COMUNIDAD DE);5.1.-Hurtos;2019;23.999
MADRID (COMUNIDAD DE);5.1.-Hurtos;2018;23.169
MADRID (COMUNIDAD DE);5.1.-Hurtos;2017;23.153
MADRID (COMUNIDAD DE);5.1.-Hurtos;2016;22.451
MADRID (COMUNIDAD DE);5.1.-Hurtos;2015;21.567
MADRID (COMUNIDAD DE);5.1.-Hurtos;2014;24.198
MADRID (COMUNIDAD DE);5.1.-Hurtos;2013;25.364
MADRID (COMUNIDAD DE);5.1.-Hurtos;2012;23.596
MADRID (COMUNIDAD DE);5.1.-Hurtos;2011;21.646
MADRID (COMUNIDAD DE);5.1.-Hurtos;2010;21.442
MADRID (COMUNIDAD DE);5.2.-Robos con fuerza en las cosas;2023;4.811
MADRID (COMUNIDAD DE);5.2.-Robos con fuerza en las cosas;2022;4.379
MADRID (COMUNIDAD DE);5.2.-Robos con fuerza en las cosas;2021;3.631
MADRID (COMUNIDAD DE);5.2.-Robos con fuerza en las cosas;2020;3.815
MADRID (COMUNIDAD DE);5.2.-Robos con fuerza en las cosas;2019;4.016
MADRID (COMUNIDAD DE);5.2.-Robos con fuerza en las cosas;2018;3.626
MADRID (COMUNIDAD DE);5.2.-Robos con fuerza en las cosas;2017;4.032
MADRID (COMUNIDAD DE);5.2.-Robos con fuerza en las cosas;2016;4.840
MADRID (COMUNIDAD DE);5.2.-Robos con fuerza en las cosas;2015;4.508
MADRID (COMUNIDAD DE);5.2.-Robos con fuerza en las cosas;2014;6.535
MADRID (COMUNIDAD DE);5.2.-Robos con fuerza en las cosas;2013;7.105
MADRID (COMUNIDAD DE);5.2.-Robos con fuerza en las cosas;2012;6.910
MADRID (COMUNIDAD DE);5.2.-Robos con fuerza en las cosas;2011;7.142
MADRID (COMUNIDAD DE);5.2.-Robos con fuerza en las cosas;2010;7.014
MADRID (COMUNIDAD DE);5.2.1.-Robos con fuerza en las cosas en el interior de vehículos;2023;1.522
MADRID (COMUNIDAD DE);5.2.1.-Robos con fuerza en las cosas en el interior de vehículos;2022;1.500
MADRID (COMUNIDAD DE);5.2.1.-Robos con fuerza en las cosas en el interior de vehículos;2021;1.088
MADRID (COMUNIDAD DE);5.2.1.-Robos con fuerza en las cosas en el interior de vehículos;2020;1.106
MADRID (COMUNIDAD DE);5.2.1.-Robos con fuerza en las cosas en el interior de vehículos;2019;1.247
MADRID (COMUNIDAD DE);5.2.1.-Robos con fuerza en las cosas en el interior de vehículos;2018;1.054
MADRID (COMUNIDAD DE);5.2.1.-Robos con fuerza en las cosas en el interior de vehículos;2017;1.295
MADRID (COMUNIDAD DE);5.2.1.-Robos con fuerza en las cosas en el interior de vehículos;2016;1.507
MADRID (COMUNIDAD DE);5.2.1.-Robos con fuerza en las cosas en el interior de vehículos;2015;1.281
MADRID (COMUNIDAD DE);5.2.1.-Robos con fuerza en las cosas en el interior de vehículos;2014;1.992
MADRID (COMUNIDAD DE);5.2.1.-Robos con fuerza en las cosas en el interior de vehículos;2013;2.571
MADRID (COMUNIDAD DE);5.2.1.-Robos con fuerza en las cosas en el interior de vehículos;2012;2.748
MADRID (COMUNIDAD DE);5.2.1.-Robos con fuerza en las cosas en el interior de vehículos;2011;2.782
MADRID (COMUNIDAD DE);5.2.1.-Robos con fuerza en las cosas en el interior de vehículos;2010;2.568
MADRID (COMUNIDAD DE);5.2.2.-Robos con fuerza en viviendas;2023;1.105
MADRID (COMUNIDAD DE);5.2.2.-Robos con fuerza en viviendas;2022;1.031
MADRID (COMUNIDAD DE);5.2.2.-Robos con fuerza en viviendas;2021;882
MADRID (COMUNIDAD DE);5.2.2.-Robos con fuerza en viviendas;2020;1.028
MADRID (COMUNIDAD DE);5.2.2.-Robos con fuerza en viviendas;2019;1.097
MADRID (COMUNIDAD DE);5.2.2.-Robos con fuerza en viviendas;2018;1.108
MADRID (COMUNIDAD DE);5.2.2.-Robos con fuerza en viviendas;2017;1.113
MADRID (COMUNIDAD DE);5.2.2.-Robos con fuerza en viviendas;2016;1.579
MADRID (COMUNIDAD DE);5.2.2.-Robos con fuerza en viviendas;2015;1.505
MADRID (COMUNIDAD DE);5.2.2.-Robos con fuerza en viviendas;2014;2.185
MADRID (COMUNIDAD DE);5.2.2.-Robos con fuerza en viviendas;2013;2.031
MADRID (COMUNIDAD DE);5.2.2.-Robos con fuerza en viviendas;2012;1.537
MADRID (COMUNIDAD DE);5.2.2.-Robos con fuerza en viviendas;2011;1.449
MADRID (COMUNIDAD DE);5.2.2.-Robos con fuerza en viviendas;2010;1.321
MADRID (COMUNIDAD DE);5.2.3.-Robos con fuerza en establecimientos;2023;1.324
MADRID (COMUNIDAD DE);5.2.3.-Robos con fuerza en establecimientos;2022;1.008
MADRID (COMUNIDAD DE);5.2.3.-Robos con fuerza en establecimientos;2021;949
MADRID (COMUNIDAD DE);5.2.3.-Robos con fuerza en establecimientos;2020;1.007
MADRID (COMUNIDAD DE);5.2.3.-Robos con fuerza en establecimientos;2019;967
MADRID (COMUNIDAD DE);5.2.3.-Robos con fuerza en establecimientos;2018;791
MADRID (COMUNIDAD DE);5.2.3.-Robos con fuerza en establecimientos;2017;917
MADRID (COMUNIDAD DE);5.2.3.-Robos con fuerza en establecimientos;2016;1.109
MADRID (COMUNIDAD DE);5.2.3.-Robos con fuerza en establecimientos;2015;869
MADRID (COMUNIDAD DE);5.2.3.-Robos con fuerza en establecimientos;2014;1.243
MADRID (COMUNIDAD DE);5.2.3.-Robos con fuerza en establecimientos;2013;1.307
MADRID (COMUNIDAD DE);5.2.3.-Robos con fuerza en establecimientos;2012;1.351
MADRID (COMUNIDAD DE);5.2.3.-Robos con fuerza en establecimientos;2011;1.505
MADRID (COMUNIDAD DE);5.2.3.-Robos con fuerza en establecimientos;2010;1.321
MADRID (COMUNIDAD DE);5.3.-Robos con violencia o intimidación;2023;4.269
MADRID (COMUNIDAD DE);5.3.-Robos con violencia o intimidación;2022;3.918
MADRID (COMUNIDAD DE);5.3.-Robos con violencia o intimidación;2021;3.554
MADRID (COMUNIDAD DE);5.3.-Robos con violencia o intimidación;2020;3.305
MADRID (COMUNIDAD DE);5.3.-Robos con violencia o intimidación;2019;3.360
MADRID (COMUNIDAD DE);5.3.-Robos con violencia o intimidación;2018;2.802
MADRID (COMUNIDAD DE);5.3.-Robos con violencia o intimidación;2017;2.899
MADRID (COMUNIDAD DE);5.3.-Robos con violencia o intimidación;2016;2.827
MADRID (COMUNIDAD DE);5.3.-Robos con violencia o intimidación;2015;2.545
MADRID (COMUNIDAD DE);5.3.-Robos con violencia o intimidación;2014;3.069
MADRID (COMUNIDAD DE);5.3.-Robos con violencia o intimidación;2013;3.697
MADRID (COMUNIDAD DE);5.3.-Robos con violencia o intimidación;2012;3.952
MADRID (COMUNIDAD DE);5.3.-Robos con violencia o intimidación;2011;3.581
MADRID (COMUNIDAD DE);5.3.-Robos con violencia o intimidación;2010;3.827
MADRID (COMUNIDAD DE);5.3.1.-Robos con violencia en vía pública;2023;2.526
MADRID (COMUNIDAD DE);5.3.1.-Robos con violencia en vía pública;2022;2.253
MADRID (COMUNIDAD DE);5.3.1.-Robos con violencia en vía pública;2021;2.122
MADRID (COMUNIDAD DE);5.3.1.-Robos con violencia en vía pública;2020;1.948
MADRID (COMUNIDAD DE);5.3.1.-Robos con violencia en vía pública;2019;2.071
MADRID (COMUNIDAD DE);5.3.1.-Robos con violencia en vía pública;2018;1.571
MADRID (COMUNIDAD DE);5.3.1.-Robos con violencia en vía pública;2017;1.648
MADRID (COMUNIDAD DE);5.3.1.-Robos con violencia en vía pública;2016;1.721
MADRID (COMUNIDAD DE);5.3.1.-Robos con violencia en vía pública;2015;1.478
MADRID (COMUNIDAD DE);5.3.1.-Robos con violencia en vía pública;2014;1.806
MADRID (COMUNIDAD DE);5.3.1.-Robos con violencia en vía pública;2013;2.229
MADRID (COMUNIDAD DE);5.3.1.-Robos con violencia en vía pública;2012;2.484
MADRID (COMUNIDAD DE);5.3.1.-Robos con violencia en vía pública;2011;2.153
MADRID (COMUNIDAD DE);5.3.1.-Robos con violencia en vía pública;2010;2.393
MADRID (COMUNIDAD DE);5.3.2.-Robos con violencia en viviendas;2023;214
MADRID (COMUNIDAD DE);5.3.2.-Robos con violencia en viviendas;2022;179
MADRID (COMUNIDAD DE);5.3.2.-Robos con violencia en viviendas;2021;204
MADRID (COMUNIDAD DE);5.3.2.-Robos con violencia en viviendas;2020;200
MADRID (COMUNIDAD DE);5.3.2.-Robos con violencia en viviendas;2019;184
MADRID (COMUNIDAD DE);5.3.2.-Robos con violencia en viviendas;2018;194
MADRID (COMUNIDAD DE);5.3.2.-Robos con violencia en viviendas;2017;230
MADRID (COMUNIDAD DE);5.3.2.-Robos con violencia en viviendas;2016;223
MADRID (COMUNIDAD DE);5.3.2.-Robos con violencia en viviendas;2015;277
MADRID (COMUNIDAD DE);5.3.2.-Robos con violencia en viviendas;2014;339
MADRID (COMUNIDAD DE);5.3.2.-Robos con violencia en viviendas;2013;406
MADRID (COMUNIDAD DE);5.3.2.-Robos con violencia en viviendas;2012;334
MADRID (COMUNIDAD DE);5.3.2.-Robos con violencia en viviendas;2011;311
MADRID (COMUNIDAD DE);5.3.2.-Robos con violencia en viviendas;2010;275
MADRID (COMUNIDAD DE);5.3.3.-Robos con violencia en establecimientos;2023;1.020
MADRID (COMUNIDAD DE);5.3.3.-Robos con violencia en establecimientos;2022;980
MADRID (COMUNIDAD DE);5.3.3.-Robos con violencia en establecimientos;2021;737
MADRID (COMUNIDAD DE);5.3.3.-Robos con violencia en establecimientos;2020;756
MADRID (COMUNIDAD DE);5.3.3.-Robos con violencia en establecimientos;2019;702
MADRID (COMUNIDAD DE);5.3.3.-Robos con violencia en establecimientos;2018;730
MADRID (COMUNIDAD DE);5.3.3.-Robos con violencia en establecimientos;2017;711
MADRID (COMUNIDAD DE);5.3.3.-Robos con violencia en establecimientos;2016;614
MADRID (COMUNIDAD DE);5.3.3.-Robos con violencia en establecimientos;2015;552
MADRID (COMUNIDAD DE);5.3.3.-Robos con violencia en establecimientos;2014;655
MADRID (COMUNIDAD DE);5.3.3.-Robos con violencia en establecimientos;2013;678
MADRID (COMUNIDAD DE);5.3.3.-Robos con violencia en establecimientos;2012;653
MADRID (COMUNIDAD DE);5.3.3.-Robos con violencia en establecimientos;2011;622
MADRID (COMUNIDAD DE);5.3.3.-Robos con violencia en establecimientos;2010;782
MADRID (COMUNIDAD DE);5.4.-Sustracción de vehículos;2023;1.929
MADRID (COMUNIDAD DE);5.4.-Sustracción de vehículos;2022;1.611
MADRID (COMUNIDAD DE);5.4.-Sustracción de vehículos;2021;1.364
MADRID (COMUNIDAD DE);5.4.-Sustracción de vehículos;2020;1.426
MADRID (COMUNIDAD DE);5.4.-Sustracción de vehículos;2019;1.500
MADRID (COMUNIDAD DE);5.4.-Sustracción de vehículos;2018;1.526
MADRID (COMUNIDAD DE);5.4.-Sustracción de vehículos;2017;1.540
MADRID (COMUNIDAD DE);5.4.-Sustracción de vehículos;2016;1.495
MADRID (COMUNIDAD DE);5.4.-Sustracción de vehículos;2015;1.479
MADRID (COMUNIDAD DE);5.4.-Sustracción de vehículos;2014;1.579
MADRID (COMUNIDAD DE);5.4.-Sustracción de vehículos;2013;1.895
MADRID (COMUNIDAD DE);5.4.-Sustracción de vehículos;2012;1.878
MADRID (COMUNIDAD DE);5.4.-Sustracción de vehículos;2011;2.147
MADRID (COMUNIDAD DE);5.4.-Sustracción de vehículos;2010;1.892
MADRID (COMUNIDAD DE);5.5.-Estafas;2023;10.272
MADRID (COMUNIDAD DE);5.5.-Estafas;2022;9.240
MADRID (COMUNIDAD DE);5.5.-Estafas;2021;7.786
MADRID (COMUNIDAD DE);5.5.-Estafas;2020;6.470
MADRID (COMUNIDAD DE);5.5.-Estafas;2019;7.349
MADRID (COMUNIDAD DE);5.5.-Estafas;2018;6.764
MADRID (COMUNIDAD DE);5.5.-Estafas;2017;5.154
MADRID (COMUNIDAD DE);5.5.-Estafas;2016;5.130
MADRID (COMUNIDAD DE);5.5.-Estafas;2015;5.142
MADRID (COMUNIDAD DE);5.5.-Estafas;2014;5.306
MADRID (COMUNIDAD DE);5.5.-Estafas;2013;4.775
MADRID (COMUNIDAD DE);5.5.-Estafas;2012;4.909
MADRID (COMUNIDAD DE);5.5.-Estafas;2011;4.574
MADRID (COMUNIDAD DE);5.5.-Estafas;2010;4.556
MADRID (COMUNIDAD DE);5.5.1.-Estafas informáticas;2023;5.966
MADRID (COMUNIDAD DE);5.5.1.-Estafas informáticas;2022;4.987
MADRID (COMUNIDAD DE);5.5.1.-Estafas informáticas;2021;3.952
MADRID (COMUNIDAD DE);5.5.1.-Estafas informáticas;2020;2.992
MADRID (COMUNIDAD DE);5.5.1.-Estafas informáticas;2019;2.432
MADRID (COMUNIDAD DE);5.5.1.-Estafas informáticas;2018;1.714
MADRID (COMUNIDAD DE);5.5.1.-Estafas informáticas;2017;1.201
MADRID (COMUNIDAD DE);5.5.1.-Estafas informáticas;2016;1.201
MADRID (COMUNIDAD DE);5.5.1.-Estafas informáticas;2015;1.052
MADRID (COMUNIDAD DE);5.5.1.-Estafas informáticas;2014;1.033
MADRID (COMUNIDAD DE);5.5.1.-Estafas informáticas;2013;785
MADRID (COMUNIDAD DE);5.5.1.-Estafas informáticas;2012;684
MADRID (COMUNIDAD DE);5.5.1.-Estafas informáticas;2011;545
MADRID (COMUNIDAD DE);5.5.1.-Estafas informáticas;2010;569
MADRID (COMUNIDAD DE);5.6.-Daños;2023;3.447
MADRID (COMUNIDAD DE);5.6.-Daños;2022;3.450
MADRID (COMUNIDAD DE);5.6.-Daños;2021;3.450
MADRID (COMUNIDAD DE);5.6.-Daños;2020;3.002
MADRID (COMUNIDAD DE);5.6.-Daños;2019;3.106
MADRID (COMUNIDAD DE);5.6.-Daños;2018;2.913
MADRID (COMUNIDAD DE);5.6.-Daños;2017;2.847
MADRID (COMUNIDAD DE);5.6.-Daños;2016;2.723
MADRID (COMUNIDAD DE);5.6.-Daños;2015;2.708
MADRID (COMUNIDAD DE);5.6.-Daños;2014;2.758
MADRID (COMUNIDAD DE);5.6.-Daños;2013;2.809
MADRID (COMUNIDAD DE);5.6.-Daños;2012;3.014
MADRID (COMUNIDAD DE);5.6.-Daños;2011;3.081
MADRID (COMUNIDAD DE);5.6.-Daños;2010;3.171
MADRID (COMUNIDAD DE);5.7.-Contra la propiedad intelectual/industrial;2023;105
MADRID (COMUNIDAD DE);5.7.-Contra la propiedad intelectual/industrial;2022;154
MADRID (COMUNIDAD DE);5.7.-Contra la propiedad intelectual/industrial;2021;70
MADRID (COMUNIDAD DE);5.7.-Contra la propiedad intelectual/industrial;2020;56
MADRID (COMUNIDAD DE);5.7.-Contra la propiedad intelectual/industrial;2019;181
MADRID (COMUNIDAD DE);5.7.-Contra la propiedad intelectual/industrial;2018;220
MADRID (COMUNIDAD DE);5.7.-Contra la propiedad intelectual/industrial;2017;218
MADRID (COMUNIDAD DE);5.7.-Contra la propiedad intelectual/industrial;2016;236
MADRID (COMUNIDAD DE);5.7.-Contra la propiedad intelectual/industrial;2015;254
MADRID (COMUNIDAD DE);5.7.-Contra la propiedad intelectual/industrial;2014;455
MADRID (COMUNIDAD DE);5.7.-Contra la propiedad intelectual/industrial;2013;666
MADRID (COMUNIDAD DE);5.7.-Contra la propiedad intelectual/industrial;2012;517
MADRID (COMUNIDAD DE);5.7.-Contra la propiedad intelectual/industrial;2011;418
MADRID (COMUNIDAD DE);5.7.-Contra la propiedad intelectual/industrial;2010;779
MADRID (COMUNIDAD DE);5.8.-Blanqueo de capitales;2023;82
MADRID (COMUNIDAD DE);5.8.-Blanqueo de capitales;2022;63
MADRID (COMUNIDAD DE);5.8.-Blanqueo de capitales;2021;36
MADRID (COMUNIDAD DE);5.8.-Blanqueo de capitales;2020;35
MADRID (COMUNIDAD DE);5.8.-Blanqueo de capitales;2019;32
MADRID (COMUNIDAD DE);5.8.-Blanqueo de capitales;2018;30
MADRID (COMUNIDAD DE);5.8.-Blanqueo de capitales;2017;36
MADRID (COMUNIDAD DE);5.8.-Blanqueo de capitales;2016;36
MADRID (COMUNIDAD DE);5.8.-Blanqueo de capitales;2015;66
MADRID (COMUNIDAD DE);5.8.-Blanqueo de capitales;2014;37
MADRID (COMUNIDAD DE);5.8.-Blanqueo de capitales;2013;34
MADRID (COMUNIDAD DE);5.8.-Blanqueo de capitales;2012;46
MADRID (COMUNIDAD DE);5.8.-Blanqueo de capitales;2011;25
MADRID (COMUNIDAD DE);5.8.-Blanqueo de capitales;2010;36
MADRID (COMUNIDAD DE);5.9.-Otros contra el patrimonio;2023;4.053
MADRID (COMUNIDAD DE);5.9.-Otros contra el patrimonio;2022;3.609
MADRID (COMUNIDAD DE);5.9.-Otros contra el patrimonio;2021;3.519
MADRID (COMUNIDAD DE);5.9.-Otros contra el patrimonio;2020;3.293
MADRID (COMUNIDAD DE);5.9.-Otros contra el patrimonio;2019;3.550
MADRID (COMUNIDAD DE);5.9.-Otros contra el patrimonio;2018;3.280
MADRID (COMUNIDAD DE);5.9.-Otros contra el patrimonio;2017;2.917
MADRID (COMUNIDAD DE);5.9.-Otros contra el patrimonio;2016;2.847
MADRID (COMUNIDAD DE);5.9.-Otros contra el patrimonio;2015;3.137
MADRID (COMUNIDAD DE);5.9.-Otros contra el patrimonio;2014;3.644
MADRID (COMUNIDAD DE);5.9.-Otros contra el patrimonio;2013;3.064
MADRID (COMUNIDAD DE);5.9.-Otros contra el patrimonio;2012;2.364
MADRID (COMUNIDAD DE);5.9.-Otros contra el patrimonio;2011;1.854
MADRID (COMUNIDAD DE);5.9.-Otros contra el patrimonio;2010;1.653
MADRID (COMUNIDAD DE);6. SEGURIDAD COLECTIVA;2023;8.745
MADRID (COMUNIDAD DE);6. SEGURIDAD COLECTIVA;2022;8.281
MADRID (COMUNIDAD DE);6. SEGURIDAD COLECTIVA;2021;6.947
MADRID (COMUNIDAD DE);6. SEGURIDAD COLECTIVA;2020;6.337
MADRID (COMUNIDAD DE);6. SEGURIDAD COLECTIVA;2019;7.279
MADRID (COMUNIDAD DE);6. SEGURIDAD COLECTIVA;2018;6.254
MADRID (COMUNIDAD DE);6. SEGURIDAD COLECTIVA;2017;5.570
MADRID (COMUNIDAD DE);6. SEGURIDAD COLECTIVA;2016;5.636
MADRID (COMUNIDAD DE);6. SEGURIDAD COLECTIVA;2015;5.814
MADRID (COMUNIDAD DE);6. SEGURIDAD COLECTIVA;2014;6.864
MADRID (COMUNIDAD DE);6. SEGURIDAD COLECTIVA;2013;7.631
MADRID (COMUNIDAD DE);6. SEGURIDAD COLECTIVA;2012;7.616
MADRID (COMUNIDAD DE);6. SEGURIDAD COLECTIVA;2011;8.164
MADRID (COMUNIDAD DE);6. SEGURIDAD COLECTIVA;2010;6.709
MADRID (COMUNIDAD DE);6.1.-Tráfico de drogas;2023;3.302
MADRID (COMUNIDAD DE);6.1.-Tráfico de drogas;2022;2.823
MADRID (COMUNIDAD DE);6.1.-Tráfico de drogas;2021;2.196
MADRID (COMUNIDAD DE);6.1.-Tráfico de drogas;2020;2.101
MADRID (COMUNIDAD DE);6.1.-Tráfico de drogas;2019;2.376
MADRID (COMUNIDAD DE);6.1.-Tráfico de drogas;2018;1.806
MADRID (COMUNIDAD DE);6.1.-Tráfico de drogas;2017;1.531
MADRID (COMUNIDAD DE);6.1.-Tráfico de drogas;2016;1.450
MADRID (COMUNIDAD DE);6.1.-Tráfico de drogas;2015;1.414
MADRID (COMUNIDAD DE);6.1.-Tráfico de drogas;2014;1.571
MADRID (COMUNIDAD DE);6.1.-Tráfico de drogas;2013;1.726
MADRID (COMUNIDAD DE);6.1.-Tráfico de drogas;2012;1.903
MADRID (COMUNIDAD DE);6.1.-Tráfico de drogas;2011;2.044
MADRID (COMUNIDAD DE);6.1.-Tráfico de drogas;2010;2.076
MADRID (COMUNIDAD DE);6.2.-Contra la seguridad vial;2023;5.283
MADRID (COMUNIDAD DE);6.2.-Contra la seguridad vial;2022;5.298
MADRID (COMUNIDAD DE);6.2.-Contra la seguridad vial;2021;4.612
MADRID (COMUNIDAD DE);6.2.-Contra la seguridad vial;2020;4.087
MADRID (COMUNIDAD DE);6.2.-Contra la seguridad vial;2019;4.709
MADRID (COMUNIDAD DE);6.2.-Contra la seguridad vial;2018;4.128
MADRID (COMUNIDAD DE);6.2.-Contra la seguridad vial;2017;3.809
MADRID (COMUNIDAD DE);6.2.-Contra la seguridad vial;2016;4.012
MADRID (COMUNIDAD DE);6.2.-Contra la seguridad vial;2015;4.193
MADRID (COMUNIDAD DE);6.2.-Contra la seguridad vial;2014;5.064
MADRID (COMUNIDAD DE);6.2.-Contra la seguridad vial;2013;5.692
MADRID (COMUNIDAD DE);6.2.-Contra la seguridad vial;2012;5.504
MADRID (COMUNIDAD DE);6.2.-Contra la seguridad vial;2011;5.911
MADRID (COMUNIDAD DE);6.2.-Contra la seguridad vial;2010;4.448
MADRID (COMUNIDAD DE);6.3.-Otros contra la seguridad colectiva;2023;160
MADRID (COMUNIDAD DE);6.3.-Otros contra la seguridad colectiva;2022;160
MADRID (COMUNIDAD DE);6.3.-Otros contra la seguridad colectiva;2021;139
MADRID (COMUNIDAD DE);6.3.-Otros contra la seguridad colectiva;2020;149
MADRID (COMUNIDAD DE);6.3.-Otros contra la seguridad colectiva;2019;194
MADRID (COMUNIDAD DE);6.3.-Otros contra la seguridad colectiva;2018;320
MADRID (COMUNIDAD DE);6.3.-Otros contra la seguridad colectiva;2017;230
MADRID (COMUNIDAD DE);6.3.-Otros contra la seguridad colectiva;2016;174
MADRID (COMUNIDAD DE);6.3.-Otros contra la seguridad colectiva;2015;207
MADRID (COMUNIDAD DE);6.3.-Otros contra la seguridad colectiva;2014;229
MADRID (COMUNIDAD DE);6.3.-Otros contra la seguridad colectiva;2013;213
MADRID (COMUNIDAD DE);6.3.-Otros contra la seguridad colectiva;2012;209
MADRID (COMUNIDAD DE);6.3.-Otros contra la seguridad colectiva;2011;209
MADRID (COMUNIDAD DE);6.3.-Otros contra la seguridad colectiva;2010;185
MADRID (COMUNIDAD DE);7. FALSEDADES;2023;2.967
MADRID (COMUNIDAD DE);7. FALSEDADES;2022;2.826
MADRID (COMUNIDAD DE);7. FALSEDADES;2021;2.193
MADRID (COMUNIDAD DE);7. FALSEDADES;2020;1.885
MADRID (COMUNIDAD DE);7. FALSEDADES;2019;2.183
MADRID (COMUNIDAD DE);7. FALSEDADES;2018;1.969
MADRID (COMUNIDAD DE);7. FALSEDADES;2017;1.889
MADRID (COMUNIDAD DE);7. FALSEDADES;2016;1.599
MADRID (COMUNIDAD DE);7. FALSEDADES;2015;1.855
MADRID (COMUNIDAD DE);7. FALSEDADES;2014;1.706
MADRID (COMUNIDAD DE);7. FALSEDADES;2013;1.459
MADRID (COMUNIDAD DE);7. FALSEDADES;2012;1.638
MADRID (COMUNIDAD DE);7. FALSEDADES;2011;1.712
MADRID (COMUNIDAD DE);7. FALSEDADES;2010;1.864
MADRID (COMUNIDAD DE);8. ADMÓN. PÚBLICA;2023;35
MADRID (COMUNIDAD DE);8. ADMÓN. PÚBLICA;2022;35
MADRID (COMUNIDAD DE);8. ADMÓN. PÚBLICA;2021;39
MADRID (COMUNIDAD DE);8. ADMÓN. PÚBLICA;2020;20
MADRID (COMUNIDAD DE);8. ADMÓN. PÚBLICA;2019;38
MADRID (COMUNIDAD DE);8. ADMÓN. PÚBLICA;2018;60
MADRID (COMUNIDAD DE);8. ADMÓN. PÚBLICA;2017;27
MADRID (COMUNIDAD DE);8. ADMÓN. PÚBLICA;2016;72
MADRID (COMUNIDAD DE);8. ADMÓN. PÚBLICA;2015;45
MADRID (COMUNIDAD DE);8. ADMÓN. PÚBLICA;2014;24
MADRID (COMUNIDAD DE);8. ADMÓN. PÚBLICA;2013;20
MADRID (COMUNIDAD DE);8. ADMÓN. PÚBLICA;2012;28
MADRID (COMUNIDAD DE);8. ADMÓN. PÚBLICA;2011;16
MADRID (COMUNIDAD DE);8. ADMÓN. PÚBLICA;2010;37
MADRID (COMUNIDAD DE);9. ADMÓN. JUSTICIA;2023;5.577
MADRID (COMUNIDAD DE);9. ADMÓN. JUSTICIA;2022;5.284
MADRID (COMUNIDAD DE);9. ADMÓN. JUSTICIA;2021;4.935
MADRID (COMUNIDAD DE);9. ADMÓN. JUSTICIA;2020;4.366
MADRID (COMUNIDAD DE);9. ADMÓN. JUSTICIA;2019;4.534
MADRID (COMUNIDAD DE);9. ADMÓN. JUSTICIA;2018;4.355
MADRID (COMUNIDAD DE);9. ADMÓN. JUSTICIA;2017;4.128
MADRID (COMUNIDAD DE);9. ADMÓN. JUSTICIA;2016;3.857
MADRID (COMUNIDAD DE);9. ADMÓN. JUSTICIA;2015;3.444
MADRID (COMUNIDAD DE);9. ADMÓN. JUSTICIA;2014;3.350
MADRID (COMUNIDAD DE);9. ADMÓN. JUSTICIA;2013;3.641
MADRID (COMUNIDAD DE);9. ADMÓN. JUSTICIA;2012;3.860
MADRID (COMUNIDAD DE);9. ADMÓN. JUSTICIA;2011;4.149
MADRID (COMUNIDAD DE);9. ADMÓN. JUSTICIA;2010;3.703
MADRID (COMUNIDAD DE);10. ORDEN PÚBLICO;2023;5.695
MADRID (COMUNIDAD DE);10. ORDEN PÚBLICO;2022;5.444
MADRID (COMUNIDAD DE);10. ORDEN PÚBLICO;2021;5.691
MADRID (COMUNIDAD DE);10. ORDEN PÚBLICO;2020;5.599
MADRID (COMUNIDAD DE);10. ORDEN PÚBLICO;2019;4.349
MADRID (COMUNIDAD DE);10. ORDEN PÚBLICO;2018;3.707
MADRID (COMUNIDAD DE);10. ORDEN PÚBLICO;2017;3.747
MADRID (COMUNIDAD DE);10. ORDEN PÚBLICO;2016;3.745
MADRID (COMUNIDAD DE);10. ORDEN PÚBLICO;2015;4.051
MADRID (COMUNIDAD DE);10. ORDEN PÚBLICO;2014;4.739
MADRID (COMUNIDAD DE);10. ORDEN PÚBLICO;2013;5.075
MADRID (COMUNIDAD DE);10. ORDEN PÚBLICO;2012;5.359
MADRID (COMUNIDAD DE);10. ORDEN PÚBLICO;2011;5.648
MADRID (COMUNIDAD DE);10. ORDEN PÚBLICO;2010;4.987
MADRID (COMUNIDAD DE);11. LEGISLACIÓN ESPECIAL;2023;25
MADRID (COMUNIDAD DE);11. LEGISLACIÓN ESPECIAL;2022;9
MADRID (COMUNIDAD DE);11. LEGISLACIÓN ESPECIAL;2021;18
MADRID (COMUNIDAD DE);11. LEGISLACIÓN ESPECIAL;2020;9
MADRID (COMUNIDAD DE);11. LEGISLACIÓN ESPECIAL;2019;19
MADRID (COMUNIDAD DE);11. LEGISLACIÓN ESPECIAL;2018;8
MADRID (COMUNIDAD DE);11. LEGISLACIÓN ESPECIAL;2017;14
MADRID (COMUNIDAD DE);11. LEGISLACIÓN ESPECIAL;2016;8
MADRID (COMUNIDAD DE);11. LEGISLACIÓN ESPECIAL;2015;16
MADRID (COMUNIDAD DE);11. LEGISLACIÓN ESPECIAL;2014;8
MADRID (COMUNIDAD DE);11. LEGISLACIÓN ESPECIAL;2013;9
MADRID (COMUNIDAD DE);11. LEGISLACIÓN ESPECIAL;2012;10
MADRID (COMUNIDAD DE);11. LEGISLACIÓN ESPECIAL;2011;12
MADRID (COMUNIDAD DE);11. LEGISLACIÓN ESPECIAL;2010;3
MADRID (COMUNIDAD DE);12. OTRAS INFRACCIONES PENALES;2023;761
MADRID (COMUNIDAD DE);12. OTRAS INFRACCIONES PENALES;2022;666
MADRID (COMUNIDAD DE);12. OTRAS INFRACCIONES PENALES;2021;550
MADRID (COMUNIDAD DE);12. OTRAS INFRACCIONES PENALES;2020;586
MADRID (COMUNIDAD DE);12. OTRAS INFRACCIONES PENALES;2019;670
MADRID (COMUNIDAD DE);12. OTRAS INFRACCIONES PENALES;2018;702
MADRID (COMUNIDAD DE);12. OTRAS INFRACCIONES PENALES;2017;611
MADRID (COMUNIDAD DE);12. OTRAS INFRACCIONES PENALES;2016;700
MADRID (COMUNIDAD DE);12. OTRAS INFRACCIONES PENALES;2015;613
MADRID (COMUNIDAD DE);12. OTRAS INFRACCIONES PENALES;2014;643
MADRID (COMUNIDAD DE);12. OTRAS INFRACCIONES PENALES;2013;601
MADRID (COMUNIDAD DE);12. OTRAS INFRACCIONES PENALES;2012;511
MADRID (COMUNIDAD DE);12. OTRAS INFRACCIONES PENALES;2011;514
MADRID (COMUNIDAD DE);12. OTRAS INFRACCIONES PENALES;2010;486
MADRID (COMUNIDAD DE);TOTAL INFRACCIONES PENALES;2023;127.310
MADRID (COMUNIDAD DE);TOTAL INFRACCIONES PENALES;2022;116.796
MADRID (COMUNIDAD DE);TOTAL INFRACCIONES PENALES;2021;104.775
MADRID (COMUNIDAD DE);TOTAL INFRACCIONES PENALES;2020;94.485
MADRID (COMUNIDAD DE);TOTAL INFRACCIONES PENALES;2019;104.461
MADRID (COMUNIDAD DE);TOTAL INFRACCIONES PENALES;2018;97.196
MADRID (COMUNIDAD DE);TOTAL INFRACCIONES PENALES;2017;93.631
MADRID (COMUNIDAD DE);TOTAL INFRACCIONES PENALES;2016;91.100
MADRID (COMUNIDAD DE);TOTAL INFRACCIONES PENALES;2015;89.687
MADRID (COMUNIDAD DE);TOTAL INFRACCIONES PENALES;2014;97.296
MADRID (COMUNIDAD DE);TOTAL INFRACCIONES PENALES;2013;99.959
MADRID (COMUNIDAD DE);TOTAL INFRACCIONES PENALES;2012;99.705
MADRID (COMUNIDAD DE);TOTAL INFRACCIONES PENALES;2011;98.635
MADRID (COMUNIDAD DE);TOTAL INFRACCIONES PENALES;2010;96.077
MURCIA (REGIÓN DE);1. CONTRA LAS PERSONAS;2023;7.748
MURCIA (REGIÓN DE);1. CONTRA LAS PERSONAS;2022;6.775
MURCIA (REGIÓN DE);1. CONTRA LAS PERSONAS;2021;5.995
MURCIA (REGIÓN DE);1. CONTRA LAS PERSONAS;2020;5.135
MURCIA (REGIÓN DE);1. CONTRA LAS PERSONAS;2019;5.659
MURCIA (REGIÓN DE);1. CONTRA LAS PERSONAS;2018;5.459
MURCIA (REGIÓN DE);1. CONTRA LAS PERSONAS;2017;5.385
MURCIA (REGIÓN DE);1. CONTRA LAS PERSONAS;2016;5.172
MURCIA (REGIÓN DE);1. CONTRA LAS PERSONAS;2015;6.711
MURCIA (REGIÓN DE);1. CONTRA LAS PERSONAS;2014;7.839
MURCIA (REGIÓN DE);1. CONTRA LAS PERSONAS;2013;7.682
MURCIA (REGIÓN DE);1. CONTRA LAS PERSONAS;2012;8.631
MURCIA (REGIÓN DE);1. CONTRA LAS PERSONAS;2011;8.844
MURCIA (REGIÓN DE);1. CONTRA LAS PERSONAS;2010;8.739
MURCIA (REGIÓN DE);1.1.-Homicidios dolosos/asesinatos;2023;78
MURCIA (REGIÓN DE);1.1.-Homicidios dolosos/asesinatos;2022;58
MURCIA (REGIÓN DE);1.1.-Homicidios dolosos/asesinatos;2021;54
MURCIA (REGIÓN DE);1.1.-Homicidios dolosos/asesinatos;2020;49
MURCIA (REGIÓN DE);1.1.-Homicidios dolosos/asesinatos;2019;38
MURCIA (REGIÓN DE);1.1.-Homicidios dolosos/asesinatos;2018;36
MURCIA (REGIÓN DE);1.1.-Homicidios dolosos/asesinatos;2017;44
MURCIA (REGIÓN DE);1.1.-Homicidios dolosos/asesinatos;2016;32
MURCIA (REGIÓN DE);1.1.-Homicidios dolosos/asesinatos;2015;35
MURCIA (REGIÓN DE);1.1.-Homicidios dolosos/asesinatos;2014;30
MURCIA (REGIÓN DE);1.1.-Homicidios dolosos/asesinatos;2013;25
MURCIA (REGIÓN DE);1.1.-Homicidios dolosos/asesinatos;2012;36
MURCIA (REGIÓN DE);1.1.-Homicidios dolosos/asesinatos;2011;33
MURCIA (REGIÓN DE);1.1.-Homicidios dolosos/asesinatos;2010;42
MURCIA (REGIÓN DE);1.1.1.-Homicidios dolosos/asesinatos consumados;2023;15
MURCIA (REGIÓN DE);1.1.1.-Homicidios dolosos/asesinatos consumados;2022;8
MURCIA (REGIÓN DE);1.1.1.-Homicidios dolosos/asesinatos consumados;2021;11
MURCIA (REGIÓN DE);1.1.1.-Homicidios dolosos/asesinatos consumados;2020;11
MURCIA (REGIÓN DE);1.1.1.-Homicidios dolosos/asesinatos consumados;2019;13
MURCIA (REGIÓN DE);1.1.1.-Homicidios dolosos/asesinatos consumados;2018;10
MURCIA (REGIÓN DE);1.1.1.-Homicidios dolosos/asesinatos consumados;2017;13
MURCIA (REGIÓN DE);1.1.1.-Homicidios dolosos/asesinatos consumados;2016;12
MURCIA (REGIÓN DE);1.1.1.-Homicidios dolosos/asesinatos consumados;2015;11
MURCIA (REGIÓN DE);1.1.1.-Homicidios dolosos/asesinatos consumados;2014;7
MURCIA (REGIÓN DE);1.1.1.-Homicidios dolosos/asesinatos consumados;2013;5
MURCIA (REGIÓN DE);1.1.1.-Homicidios dolosos/asesinatos consumados;2012;8
MURCIA (REGIÓN DE);1.1.1.-Homicidios dolosos/asesinatos consumados;2011;7
MURCIA (REGIÓN DE);1.1.1.-Homicidios dolosos/asesinatos consumados;2010;14
MURCIA (REGIÓN DE);1.2.-Lesiones;2023;3.517
MURCIA (REGIÓN DE);1.2.-Lesiones;2022;3.310
MURCIA (REGIÓN DE);1.2.-Lesiones;2021;2.813
MURCIA (REGIÓN DE);1.2.-Lesiones;2020;2.480
MURCIA (REGIÓN DE);1.2.-Lesiones;2019;2.847
MURCIA (REGIÓN DE);1.2.-Lesiones;2018;2.762
MURCIA (REGIÓN DE);1.2.-Lesiones;2017;2.735
MURCIA (REGIÓN DE);1.2.-Lesiones;2016;2.602
MURCIA (REGIÓN DE);1.2.-Lesiones;2015;2.668
MURCIA (REGIÓN DE);1.2.-Lesiones;2014;2.752
MURCIA (REGIÓN DE);1.2.-Lesiones;2013;2.775
MURCIA (REGIÓN DE);1.2.-Lesiones;2012;3.045
MURCIA (REGIÓN DE);1.2.-Lesiones;2011;3.119
MURCIA (REGIÓN DE);1.2.-Lesiones;2010;3.321
MURCIA (REGIÓN DE);1.3.-Malos tratos ámbito familiar;2023;4.008
MURCIA (REGIÓN DE);1.3.-Malos tratos ámbito familiar;2022;3.309
MURCIA (REGIÓN DE);1.3.-Malos tratos ámbito familiar;2021;3.056
MURCIA (REGIÓN DE);1.3.-Malos tratos ámbito familiar;2020;2.538
MURCIA (REGIÓN DE);1.3.-Malos tratos ámbito familiar;2019;2.709
MURCIA (REGIÓN DE);1.3.-Malos tratos ámbito familiar;2018;2.607
MURCIA (REGIÓN DE);1.3.-Malos tratos ámbito familiar;2017;2.571
MURCIA (REGIÓN DE);1.3.-Malos tratos ámbito familiar;2016;2.505
MURCIA (REGIÓN DE);1.3.-Malos tratos ámbito familiar;2015;2.499
MURCIA (REGIÓN DE);1.3.-Malos tratos ámbito familiar;2014;2.400
MURCIA (REGIÓN DE);1.3.-Malos tratos ámbito familiar;2013;2.317
MURCIA (REGIÓN DE);1.3.-Malos tratos ámbito familiar;2012;2.415
MURCIA (REGIÓN DE);1.3.-Malos tratos ámbito familiar;2011;2.470
MURCIA (REGIÓN DE);1.3.-Malos tratos ámbito familiar;2010;2.396
MURCIA (REGIÓN DE);1.4.-Otros contra las personas;2023;145
MURCIA (REGIÓN DE);1.4.-Otros contra las personas;2022;98
MURCIA (REGIÓN DE);1.4.-Otros contra las personas;2021;72
MURCIA (REGIÓN DE);1.4.-Otros contra las personas;2020;68
MURCIA (REGIÓN DE);1.4.-Otros contra las personas;2019;65
MURCIA (REGIÓN DE);1.4.-Otros contra las personas;2018;54
MURCIA (REGIÓN DE);1.4.-Otros contra las personas;2017;35
MURCIA (REGIÓN DE);1.4.-Otros contra las personas;2016;33
MURCIA (REGIÓN DE);1.4.-Otros contra las personas;2015;1.509
MURCIA (REGIÓN DE);1.4.-Otros contra las personas;2014;2.657
MURCIA (REGIÓN DE);1.4.-Otros contra las personas;2013;2.565
MURCIA (REGIÓN DE);1.4.-Otros contra las personas;2012;3.135
MURCIA (REGIÓN DE);1.4.-Otros contra las personas;2011;3.222
MURCIA (REGIÓN DE);1.4.-Otros contra las personas;2010;2.980
MURCIA (REGIÓN DE);2. CONTRA LA LIBERTAD;2023;4.422
MURCIA (REGIÓN DE);2. CONTRA LA LIBERTAD;2022;3.903
MURCIA (REGIÓN DE);2. CONTRA LA LIBERTAD;2021;3.568
MURCIA (REGIÓN DE);2. CONTRA LA LIBERTAD;2020;3.346
MURCIA (REGIÓN DE);2. CONTRA LA LIBERTAD;2019;3.240
MURCIA (REGIÓN DE);2. CONTRA LA LIBERTAD;2018;2.931
MURCIA (REGIÓN DE);2. CONTRA LA LIBERTAD;2017;2.792
MURCIA (REGIÓN DE);2. CONTRA LA LIBERTAD;2016;2.509
MURCIA (REGIÓN DE);2. CONTRA LA LIBERTAD;2015;1.808
MURCIA (REGIÓN DE);2. CONTRA LA LIBERTAD;2014;1.079
MURCIA (REGIÓN DE);2. CONTRA LA LIBERTAD;2013;1.027
MURCIA (REGIÓN DE);2. CONTRA LA LIBERTAD;2012;1.118
MURCIA (REGIÓN DE);2. CONTRA LA LIBERTAD;2011;1.195
MURCIA (REGIÓN DE);2. CONTRA LA LIBERTAD;2010;1.114
MURCIA (REGIÓN DE);2.1.-Malos tratos habituales en el ámbito familiar;2023;388
MURCIA (REGIÓN DE);2.1.-Malos tratos habituales en el ámbito familiar;2022;345
MURCIA (REGIÓN DE);2.1.-Malos tratos habituales en el ámbito familiar;2021;357
MURCIA (REGIÓN DE);2.1.-Malos tratos habituales en el ámbito familiar;2020;380
MURCIA (REGIÓN DE);2.1.-Malos tratos habituales en el ámbito familiar;2019;370
MURCIA (REGIÓN DE);2.1.-Malos tratos habituales en el ámbito familiar;2018;342
MURCIA (REGIÓN DE);2.1.-Malos tratos habituales en el ámbito familiar;2017;312
MURCIA (REGIÓN DE);2.1.-Malos tratos habituales en el ámbito familiar;2016;315
MURCIA (REGIÓN DE);2.1.-Malos tratos habituales en el ámbito familiar;2015;324
MURCIA (REGIÓN DE);2.1.-Malos tratos habituales en el ámbito familiar;2014;297
MURCIA (REGIÓN DE);2.1.-Malos tratos habituales en el ámbito familiar;2013;296
MURCIA (REGIÓN DE);2.1.-Malos tratos habituales en el ámbito familiar;2012;312
MURCIA (REGIÓN DE);2.1.-Malos tratos habituales en el ámbito familiar;2011;382
MURCIA (REGIÓN DE);2.1.-Malos tratos habituales en el ámbito familiar;2010;424
MURCIA (REGIÓN DE);2.2.-Otros contra la libertad;2023;4.034
MURCIA (REGIÓN DE);2.2.-Otros contra la libertad;2022;3.558
MURCIA (REGIÓN DE);2.2.-Otros contra la libertad;2021;3.211
MURCIA (REGIÓN DE);2.2.-Otros contra la libertad;2020;2.966
MURCIA (REGIÓN DE);2.2.-Otros contra la libertad;2019;2.870
MURCIA (REGIÓN DE);2.2.-Otros contra la libertad;2018;2.589
MURCIA (REGIÓN DE);2.2.-Otros contra la libertad;2017;2.480
MURCIA (REGIÓN DE);2.2.-Otros contra la libertad;2016;2.194
MURCIA (REGIÓN DE);2.2.-Otros contra la libertad;2015;1.484
MURCIA (REGIÓN DE);2.2.-Otros contra la libertad;2014;782
MURCIA (REGIÓN DE);2.2.-Otros contra la libertad;2013;731
MURCIA (REGIÓN DE);2.2.-Otros contra la libertad;2012;806
MURCIA (REGIÓN DE);2.2.-Otros contra la libertad;2011;813
MURCIA (REGIÓN DE);2.2.-Otros contra la libertad;2010;690
MURCIA (REGIÓN DE);3. LIBERTAD SEXUAL;2023;626
MURCIA (REGIÓN DE);3. LIBERTAD SEXUAL;2022;522
MURCIA (REGIÓN DE);3. LIBERTAD SEXUAL;2021;545
MURCIA (REGIÓN DE);3. LIBERTAD SEXUAL;2020;423
MURCIA (REGIÓN DE);3. LIBERTAD SEXUAL;2019;456
MURCIA (REGIÓN DE);3. LIBERTAD SEXUAL;2018;406
MURCIA (REGIÓN DE);3. LIBERTAD SEXUAL;2017;309
MURCIA (REGIÓN DE);3. LIBERTAD SEXUAL;2016;299
MURCIA (REGIÓN DE);3. LIBERTAD SEXUAL;2015;306
MURCIA (REGIÓN DE);3. LIBERTAD SEXUAL;2014;321
MURCIA (REGIÓN DE);3. LIBERTAD SEXUAL;2013;233
MURCIA (REGIÓN DE);3. LIBERTAD SEXUAL;2012;239
MURCIA (REGIÓN DE);3. LIBERTAD SEXUAL;2011;252
MURCIA (REGIÓN DE);3. LIBERTAD SEXUAL;2010;254
MURCIA (REGIÓN DE);3.1.-Agresión sexual;2023;417
MURCIA (REGIÓN DE);3.1.-Agresión sexual;2022;358
MURCIA (REGIÓN DE);3.1.-Agresión sexual;2021;359
MURCIA (REGIÓN DE);3.1.-Agresión sexual;2020;263
MURCIA (REGIÓN DE);3.1.-Agresión sexual;2019;293
MURCIA (REGIÓN DE);3.1.-Agresión sexual;2018;270
MURCIA (REGIÓN DE);3.1.-Agresión sexual;2017;189
MURCIA (REGIÓN DE);3.1.-Agresión sexual;2016;178
MURCIA (REGIÓN DE);3.1.-Agresión sexual;2015;169
MURCIA (REGIÓN DE);3.1.-Agresión sexual;2014;163
MURCIA (REGIÓN DE);3.1.-Agresión sexual;2013;124
MURCIA (REGIÓN DE);3.1.-Agresión sexual;2012;130
MURCIA (REGIÓN DE);3.1.-Agresión sexual;2011;153
MURCIA (REGIÓN DE);3.1.-Agresión sexual;2010;122
MURCIA (REGIÓN DE);3.2.-Agresión sexual con penetración;2023;107
MURCIA (REGIÓN DE);3.2.-Agresión sexual con penetración;2022;83
MURCIA (REGIÓN DE);3.2.-Agresión sexual con penetración;2021;100
MURCIA (REGIÓN DE);3.2.-Agresión sexual con penetración;2020;89
MURCIA (REGIÓN DE);3.2.-Agresión sexual con penetración;2019;68
MURCIA (REGIÓN DE);3.2.-Agresión sexual con penetración;2018;62
MURCIA (REGIÓN DE);3.2.-Agresión sexual con penetración;2017;48
MURCIA (REGIÓN DE);3.2.-Agresión sexual con penetración;2016;41
MURCIA (REGIÓN DE);3.2.-Agresión sexual con penetración;2015;44
MURCIA (REGIÓN DE);3.2.-Agresión sexual con penetración;2014;57
MURCIA (REGIÓN DE);3.2.-Agresión sexual con penetración;2013;50
MURCIA (REGIÓN DE);3.2.-Agresión sexual con penetración;2012;57
MURCIA (REGIÓN DE);3.2.-Agresión sexual con penetración;2011;48
MURCIA (REGIÓN DE);3.2.-Agresión sexual con penetración;2010;62
MURCIA (REGIÓN DE);3.3.-Corrupción de menores o incapacitados;2023;17
MURCIA (REGIÓN DE);3.3.-Corrupción de menores o incapacitados;2022;9
MURCIA (REGIÓN DE);3.3.-Corrupción de menores o incapacitados;2021;11
MURCIA (REGIÓN DE);3.3.-Corrupción de menores o incapacitados;2020;6
MURCIA (REGIÓN DE);3.3.-Corrupción de menores o incapacitados;2019;14
MURCIA (REGIÓN DE);3.3.-Corrupción de menores o incapacitados;2018;11
MURCIA (REGIÓN DE);3.3.-Corrupción de menores o incapacitados;2017;6
MURCIA (REGIÓN DE);3.3.-Corrupción de menores o incapacitados;2016;10
MURCIA (REGIÓN DE);3.3.-Corrupción de menores o incapacitados;2015;13
MURCIA (REGIÓN DE);3.3.-Corrupción de menores o incapacitados;2014;19
MURCIA (REGIÓN DE);3.3.-Corrupción de menores o incapacitados;2013;3
MURCIA (REGIÓN DE);3.3.-Corrupción de menores o incapacitados;2012;6
MURCIA (REGIÓN DE);3.3.-Corrupción de menores o incapacitados;2011;1
MURCIA (REGIÓN DE);3.3.-Corrupción de menores o incapacitados;2010;12
MURCIA (REGIÓN DE);3.4.-Pornografía de menores;2023;24
MURCIA (REGIÓN DE);3.4.-Pornografía de menores;2022;15
MURCIA (REGIÓN DE);3.4.-Pornografía de menores;2021;20
MURCIA (REGIÓN DE);3.4.-Pornografía de menores;2020;15
MURCIA (REGIÓN DE);3.4.-Pornografía de menores;2019;21
MURCIA (REGIÓN DE);3.4.-Pornografía de menores;2018;14
MURCIA (REGIÓN DE);3.4.-Pornografía de menores;2017;12
MURCIA (REGIÓN DE);3.4.-Pornografía de menores;2016;14
MURCIA (REGIÓN DE);3.4.-Pornografía de menores;2015;12
MURCIA (REGIÓN DE);3.4.-Pornografía de menores;2014;13
MURCIA (REGIÓN DE);3.4.-Pornografía de menores;2013;4
MURCIA (REGIÓN DE);3.4.-Pornografía de menores;2012;5
MURCIA (REGIÓN DE);3.4.-Pornografía de menores;2011;9
MURCIA (REGIÓN DE);3.4.-Pornografía de menores;2010;8
MURCIA (REGIÓN DE);3.5.-Otros contra la libertad sexual;2023;61
MURCIA (REGIÓN DE);3.5.-Otros contra la libertad sexual;2022;57
MURCIA (REGIÓN DE);3.5.-Otros contra la libertad sexual;2021;55
MURCIA (REGIÓN DE);3.5.-Otros contra la libertad sexual;2020;50
MURCIA (REGIÓN DE);3.5.-Otros contra la libertad sexual;2019;60
MURCIA (REGIÓN DE);3.5.-Otros contra la libertad sexual;2018;49
MURCIA (REGIÓN DE);3.5.-Otros contra la libertad sexual;2017;54
MURCIA (REGIÓN DE);3.5.-Otros contra la libertad sexual;2016;56
MURCIA (REGIÓN DE);3.5.-Otros contra la libertad sexual;2015;68
MURCIA (REGIÓN DE);3.5.-Otros contra la libertad sexual;2014;69
MURCIA (REGIÓN DE);3.5.-Otros contra la libertad sexual;2013;52
MURCIA (REGIÓN DE);3.5.-Otros contra la libertad sexual;2012;41
MURCIA (REGIÓN DE);3.5.-Otros contra la libertad sexual;2011;41
MURCIA (REGIÓN DE);3.5.-Otros contra la libertad sexual;2010;50
MURCIA (REGIÓN DE);4. RELACIONES FAMILIARES;2023;649
MURCIA (REGIÓN DE);4. RELACIONES FAMILIARES;2022;598
MURCIA (REGIÓN DE);4. RELACIONES FAMILIARES;2021;621
MURCIA (REGIÓN DE);4. RELACIONES FAMILIARES;2020;551
MURCIA (REGIÓN DE);4. RELACIONES FAMILIARES;2019;558
MURCIA (REGIÓN DE);4. RELACIONES FAMILIARES;2018;594
MURCIA (REGIÓN DE);4. RELACIONES FAMILIARES;2017;570
MURCIA (REGIÓN DE);4. RELACIONES FAMILIARES;2016;513
MURCIA (REGIÓN DE);4. RELACIONES FAMILIARES;2015;556
MURCIA (REGIÓN DE);4. RELACIONES FAMILIARES;2014;542
MURCIA (REGIÓN DE);4. RELACIONES FAMILIARES;2013;483
MURCIA (REGIÓN DE);4. RELACIONES FAMILIARES;2012;559
MURCIA (REGIÓN DE);4. RELACIONES FAMILIARES;2011;489
MURCIA (REGIÓN DE);4. RELACIONES FAMILIARES;2010;490
MURCIA (REGIÓN DE);5. PATRIMONIO;2023;11.473
MURCIA (REGIÓN DE);5. PATRIMONIO;2022;10.554
MURCIA (REGIÓN DE);5. PATRIMONIO;2021;8.778
MURCIA (REGIÓN DE);5. PATRIMONIO;2020;7.572
MURCIA (REGIÓN DE);5. PATRIMONIO;2019;8.466
MURCIA (REGIÓN DE);5. PATRIMONIO;2018;8.602
MURCIA (REGIÓN DE);5. PATRIMONIO;2017;8.521
MURCIA (REGIÓN DE);5. PATRIMONIO;2016;8.165
MURCIA (REGIÓN DE);5. PATRIMONIO;2015;8.929
MURCIA (REGIÓN DE);5. PATRIMONIO;2014;8.993
MURCIA (REGIÓN DE);5. PATRIMONIO;2013;9.740
MURCIA (REGIÓN DE);5. PATRIMONIO;2012;8.741
MURCIA (REGIÓN DE);5. PATRIMONIO;2011;8.146
MURCIA (REGIÓN DE);5. PATRIMONIO;2010;8.437
MURCIA (REGIÓN DE);5.1.-Hurtos;2023;3.603
MURCIA (REGIÓN DE);5.1.-Hurtos;2022;3.052
MURCIA (REGIÓN DE);5.1.-Hurtos;2021;2.431
MURCIA (REGIÓN DE);5.1.-Hurtos;2020;2.018
MURCIA (REGIÓN DE);5.1.-Hurtos;2019;2.841
MURCIA (REGIÓN DE);5.1.-Hurtos;2018;2.878
MURCIA (REGIÓN DE);5.1.-Hurtos;2017;3.075
MURCIA (REGIÓN DE);5.1.-Hurtos;2016;3.122
MURCIA (REGIÓN DE);5.1.-Hurtos;2015;3.507
MURCIA (REGIÓN DE);5.1.-Hurtos;2014;3.551
MURCIA (REGIÓN DE);5.1.-Hurtos;2013;3.699
MURCIA (REGIÓN DE);5.1.-Hurtos;2012;3.352
MURCIA (REGIÓN DE);5.1.-Hurtos;2011;2.999
MURCIA (REGIÓN DE);5.1.-Hurtos;2010;3.003
MURCIA (REGIÓN DE);5.2.-Robos con fuerza en las cosas;2023;1.875
MURCIA (REGIÓN DE);5.2.-Robos con fuerza en las cosas;2022;1.823
MURCIA (REGIÓN DE);5.2.-Robos con fuerza en las cosas;2021;1.530
MURCIA (REGIÓN DE);5.2.-Robos con fuerza en las cosas;2020;1.369
MURCIA (REGIÓN DE);5.2.-Robos con fuerza en las cosas;2019;1.559
MURCIA (REGIÓN DE);5.2.-Robos con fuerza en las cosas;2018;2.022
MURCIA (REGIÓN DE);5.2.-Robos con fuerza en las cosas;2017;2.199
MURCIA (REGIÓN DE);5.2.-Robos con fuerza en las cosas;2016;1.957
MURCIA (REGIÓN DE);5.2.-Robos con fuerza en las cosas;2015;2.115
MURCIA (REGIÓN DE);5.2.-Robos con fuerza en las cosas;2014;2.196
MURCIA (REGIÓN DE);5.2.-Robos con fuerza en las cosas;2013;2.639
MURCIA (REGIÓN DE);5.2.-Robos con fuerza en las cosas;2012;2.019
MURCIA (REGIÓN DE);5.2.-Robos con fuerza en las cosas;2011;1.997
MURCIA (REGIÓN DE);5.2.-Robos con fuerza en las cosas;2010;2.203
MURCIA (REGIÓN DE);5.2.1.-Robos con fuerza en las cosas en el interior de vehículos;2023;506
MURCIA (REGIÓN DE);5.2.1.-Robos con fuerza en las cosas en el interior de vehículos;2022;403
MURCIA (REGIÓN DE);5.2.1.-Robos con fuerza en las cosas en el interior de vehículos;2021;439
MURCIA (REGIÓN DE);5.2.1.-Robos con fuerza en las cosas en el interior de vehículos;2020;318
MURCIA (REGIÓN DE);5.2.1.-Robos con fuerza en las cosas en el interior de vehículos;2019;332
MURCIA (REGIÓN DE);5.2.1.-Robos con fuerza en las cosas en el interior de vehículos;2018;355
MURCIA (REGIÓN DE);5.2.1.-Robos con fuerza en las cosas en el interior de vehículos;2017;631
MURCIA (REGIÓN DE);5.2.1.-Robos con fuerza en las cosas en el interior de vehículos;2016;595
MURCIA (REGIÓN DE);5.2.1.-Robos con fuerza en las cosas en el interior de vehículos;2015;550
MURCIA (REGIÓN DE);5.2.1.-Robos con fuerza en las cosas en el interior de vehículos;2014;534
MURCIA (REGIÓN DE);5.2.1.-Robos con fuerza en las cosas en el interior de vehículos;2013;667
MURCIA (REGIÓN DE);5.2.1.-Robos con fuerza en las cosas en el interior de vehículos;2012;568
MURCIA (REGIÓN DE);5.2.1.-Robos con fuerza en las cosas en el interior de vehículos;2011;612
MURCIA (REGIÓN DE);5.2.1.-Robos con fuerza en las cosas en el interior de vehículos;2010;383
MURCIA (REGIÓN DE);5.2.2.-Robos con fuerza en viviendas;2023;590
MURCIA (REGIÓN DE);5.2.2.-Robos con fuerza en viviendas;2022;676
MURCIA (REGIÓN DE);5.2.2.-Robos con fuerza en viviendas;2021;564
MURCIA (REGIÓN DE);5.2.2.-Robos con fuerza en viviendas;2020;577
MURCIA (REGIÓN DE);5.2.2.-Robos con fuerza en viviendas;2019;655
MURCIA (REGIÓN DE);5.2.2.-Robos con fuerza en viviendas;2018;1.121
MURCIA (REGIÓN DE);5.2.2.-Robos con fuerza en viviendas;2017;933
MURCIA (REGIÓN DE);5.2.2.-Robos con fuerza en viviendas;2016;759
MURCIA (REGIÓN DE);5.2.2.-Robos con fuerza en viviendas;2015;862
MURCIA (REGIÓN DE);5.2.2.-Robos con fuerza en viviendas;2014;958
MURCIA (REGIÓN DE);5.2.2.-Robos con fuerza en viviendas;2013;1.045
MURCIA (REGIÓN DE);5.2.2.-Robos con fuerza en viviendas;2012;685
MURCIA (REGIÓN DE);5.2.2.-Robos con fuerza en viviendas;2011;509
MURCIA (REGIÓN DE);5.2.2.-Robos con fuerza en viviendas;2010;656
MURCIA (REGIÓN DE);5.2.3.-Robos con fuerza en establecimientos;2023;429
MURCIA (REGIÓN DE);5.2.3.-Robos con fuerza en establecimientos;2022;366
MURCIA (REGIÓN DE);5.2.3.-Robos con fuerza en establecimientos;2021;284
MURCIA (REGIÓN DE);5.2.3.-Robos con fuerza en establecimientos;2020;230
MURCIA (REGIÓN DE);5.2.3.-Robos con fuerza en establecimientos;2019;262
MURCIA (REGIÓN DE);5.2.3.-Robos con fuerza en establecimientos;2018;229
MURCIA (REGIÓN DE);5.2.3.-Robos con fuerza en establecimientos;2017;343
MURCIA (REGIÓN DE);5.2.3.-Robos con fuerza en establecimientos;2016;327
MURCIA (REGIÓN DE);5.2.3.-Robos con fuerza en establecimientos;2015;333
MURCIA (REGIÓN DE);5.2.3.-Robos con fuerza en establecimientos;2014;270
MURCIA (REGIÓN DE);5.2.3.-Robos con fuerza en establecimientos;2013;370
MURCIA (REGIÓN DE);5.2.3.-Robos con fuerza en establecimientos;2012;308
MURCIA (REGIÓN DE);5.2.3.-Robos con fuerza en establecimientos;2011;306
MURCIA (REGIÓN DE);5.2.3.-Robos con fuerza en establecimientos;2010;297
MURCIA (REGIÓN DE);5.3.-Robos con violencia o intimidación;2023;899
MURCIA (REGIÓN DE);5.3.-Robos con violencia o intimidación;2022;849
MURCIA (REGIÓN DE);5.3.-Robos con violencia o intimidación;2021;586
MURCIA (REGIÓN DE);5.3.-Robos con violencia o intimidación;2020;499
MURCIA (REGIÓN DE);5.3.-Robos con violencia o intimidación;2019;640
MURCIA (REGIÓN DE);5.3.-Robos con violencia o intimidación;2018;508
MURCIA (REGIÓN DE);5.3.-Robos con violencia o intimidación;2017;527
MURCIA (REGIÓN DE);5.3.-Robos con violencia o intimidación;2016;535
MURCIA (REGIÓN DE);5.3.-Robos con violencia o intimidación;2015;506
MURCIA (REGIÓN DE);5.3.-Robos con violencia o intimidación;2014;556
MURCIA (REGIÓN DE);5.3.-Robos con violencia o intimidación;2013;651
MURCIA (REGIÓN DE);5.3.-Robos con violencia o intimidación;2012;576
MURCIA (REGIÓN DE);5.3.-Robos con violencia o intimidación;2011;623
MURCIA (REGIÓN DE);5.3.-Robos con violencia o intimidación;2010;605
MURCIA (REGIÓN DE);5.3.1.-Robos con violencia en vía pública;2023;487
MURCIA (REGIÓN DE);5.3.1.-Robos con violencia en vía pública;2022;431
MURCIA (REGIÓN DE);5.3.1.-Robos con violencia en vía pública;2021;317
MURCIA (REGIÓN DE);5.3.1.-Robos con violencia en vía pública;2020;275
MURCIA (REGIÓN DE);5.3.1.-Robos con violencia en vía pública;2019;287
MURCIA (REGIÓN DE);5.3.1.-Robos con violencia en vía pública;2018;310
MURCIA (REGIÓN DE);5.3.1.-Robos con violencia en vía pública;2017;303
MURCIA (REGIÓN DE);5.3.1.-Robos con violencia en vía pública;2016;317
MURCIA (REGIÓN DE);5.3.1.-Robos con violencia en vía pública;2015;288
MURCIA (REGIÓN DE);5.3.1.-Robos con violencia en vía pública;2014;358
MURCIA (REGIÓN DE);5.3.1.-Robos con violencia en vía pública;2013;380
MURCIA (REGIÓN DE);5.3.1.-Robos con violencia en vía pública;2012;346
MURCIA (REGIÓN DE);5.3.1.-Robos con violencia en vía pública;2011;322
MURCIA (REGIÓN DE);5.3.1.-Robos con violencia en vía pública;2010;375
MURCIA (REGIÓN DE);5.3.2.-Robos con violencia en viviendas;2023;65
MURCIA (REGIÓN DE);5.3.2.-Robos con violencia en viviendas;2022;78
MURCIA (REGIÓN DE);5.3.2.-Robos con violencia en viviendas;2021;51
MURCIA (REGIÓN DE);5.3.2.-Robos con violencia en viviendas;2020;60
MURCIA (REGIÓN DE);5.3.2.-Robos con violencia en viviendas;2019;71
MURCIA (REGIÓN DE);5.3.2.-Robos con violencia en viviendas;2018;46
MURCIA (REGIÓN DE);5.3.2.-Robos con violencia en viviendas;2017;45
MURCIA (REGIÓN DE);5.3.2.-Robos con violencia en viviendas;2016;59
MURCIA (REGIÓN DE);5.3.2.-Robos con violencia en viviendas;2015;56
MURCIA (REGIÓN DE);5.3.2.-Robos con violencia en viviendas;2014;72
MURCIA (REGIÓN DE);5.3.2.-Robos con violencia en viviendas;2013;60
MURCIA (REGIÓN DE);5.3.2.-Robos con violencia en viviendas;2012;55
MURCIA (REGIÓN DE);5.3.2.-Robos con violencia en viviendas;2011;52
MURCIA (REGIÓN DE);5.3.2.-Robos con violencia en viviendas;2010;44
MURCIA (REGIÓN DE);5.3.3.-Robos con violencia en establecimientos;2023;245
MURCIA (REGIÓN DE);5.3.3.-Robos con violencia en establecimientos;2022;234
MURCIA (REGIÓN DE);5.3.3.-Robos con violencia en establecimientos;2021;140
MURCIA (REGIÓN DE);5.3.3.-Robos con violencia en establecimientos;2020;112
MURCIA (REGIÓN DE);5.3.3.-Robos con violencia en establecimientos;2019;191
MURCIA (REGIÓN DE);5.3.3.-Robos con violencia en establecimientos;2018;99
MURCIA (REGIÓN DE);5.3.3.-Robos con violencia en establecimientos;2017;128
MURCIA (REGIÓN DE);5.3.3.-Robos con violencia en establecimientos;2016;113
MURCIA (REGIÓN DE);5.3.3.-Robos con violencia en establecimientos;2015;107
MURCIA (REGIÓN DE);5.3.3.-Robos con violencia en establecimientos;2014;94
MURCIA (REGIÓN DE);5.3.3.-Robos con violencia en establecimientos;2013;132
MURCIA (REGIÓN DE);5.3.3.-Robos con violencia en establecimientos;2012;110
MURCIA (REGIÓN DE);5.3.3.-Robos con violencia en establecimientos;2011;135
MURCIA (REGIÓN DE);5.3.3.-Robos con violencia en establecimientos;2010;134
MURCIA (REGIÓN DE);5.4.-Sustracción de vehículos;2023;332
MURCIA (REGIÓN DE);5.4.-Sustracción de vehículos;2022;304
MURCIA (REGIÓN DE);5.4.-Sustracción de vehículos;2021;224
MURCIA (REGIÓN DE);5.4.-Sustracción de vehículos;2020;240
MURCIA (REGIÓN DE);5.4.-Sustracción de vehículos;2019;330
MURCIA (REGIÓN DE);5.4.-Sustracción de vehículos;2018;291
MURCIA (REGIÓN DE);5.4.-Sustracción de vehículos;2017;327
MURCIA (REGIÓN DE);5.4.-Sustracción de vehículos;2016;305
MURCIA (REGIÓN DE);5.4.-Sustracción de vehículos;2015;298
MURCIA (REGIÓN DE);5.4.-Sustracción de vehículos;2014;279
MURCIA (REGIÓN DE);5.4.-Sustracción de vehículos;2013;328
MURCIA (REGIÓN DE);5.4.-Sustracción de vehículos;2012;382
MURCIA (REGIÓN DE);5.4.-Sustracción de vehículos;2011;314
MURCIA (REGIÓN DE);5.4.-Sustracción de vehículos;2010;475
MURCIA (REGIÓN DE);5.5.-Estafas;2023;2.679
MURCIA (REGIÓN DE);5.5.-Estafas;2022;2.455
MURCIA (REGIÓN DE);5.5.-Estafas;2021;1.996
MURCIA (REGIÓN DE);5.5.-Estafas;2020;1.620
MURCIA (REGIÓN DE);5.5.-Estafas;2019;1.427
MURCIA (REGIÓN DE);5.5.-Estafas;2018;1.341
MURCIA (REGIÓN DE);5.5.-Estafas;2017;965
MURCIA (REGIÓN DE);5.5.-Estafas;2016;983
MURCIA (REGIÓN DE);5.5.-Estafas;2015;960
MURCIA (REGIÓN DE);5.5.-Estafas;2014;905
MURCIA (REGIÓN DE);5.5.-Estafas;2013;852
MURCIA (REGIÓN DE);5.5.-Estafas;2012;1.011
MURCIA (REGIÓN DE);5.5.-Estafas;2011;821
MURCIA (REGIÓN DE);5.5.-Estafas;2010;689
MURCIA (REGIÓN DE);5.5.1.-Estafas informáticas;2023;1.842
MURCIA (REGIÓN DE);5.5.1.-Estafas informáticas;2022;1.479
MURCIA (REGIÓN DE);5.5.1.-Estafas informáticas;2021;1.094
MURCIA (REGIÓN DE);5.5.1.-Estafas informáticas;2020;757
MURCIA (REGIÓN DE);5.5.1.-Estafas informáticas;2019;472
MURCIA (REGIÓN DE);5.5.1.-Estafas informáticas;2018;400
MURCIA (REGIÓN DE);5.5.1.-Estafas informáticas;2017;300
MURCIA (REGIÓN DE);5.5.1.-Estafas informáticas;2016;287
MURCIA (REGIÓN DE);5.5.1.-Estafas informáticas;2015;263
MURCIA (REGIÓN DE);5.5.1.-Estafas informáticas;2014;227
MURCIA (REGIÓN DE);5.5.1.-Estafas informáticas;2013;155
MURCIA (REGIÓN DE);5.5.1.-Estafas informáticas;2012;145
MURCIA (REGIÓN DE);5.5.1.-Estafas informáticas;2011;91
MURCIA (REGIÓN DE);5.5.1.-Estafas informáticas;2010;113
MURCIA (REGIÓN DE);5.6.-Daños;2023;1.029
MURCIA (REGIÓN DE);5.6.-Daños;2022;1.031
MURCIA (REGIÓN DE);5.6.-Daños;2021;957
MURCIA (REGIÓN DE);5.6.-Daños;2020;913
MURCIA (REGIÓN DE);5.6.-Daños;2019;809
MURCIA (REGIÓN DE);5.6.-Daños;2018;815
MURCIA (REGIÓN DE);5.6.-Daños;2017;856
MURCIA (REGIÓN DE);5.6.-Daños;2016;725
MURCIA (REGIÓN DE);5.6.-Daños;2015;782
MURCIA (REGIÓN DE);5.6.-Daños;2014;812
MURCIA (REGIÓN DE);5.6.-Daños;2013;895
MURCIA (REGIÓN DE);5.6.-Daños;2012;824
MURCIA (REGIÓN DE);5.6.-Daños;2011;880
MURCIA (REGIÓN DE);5.6.-Daños;2010;968
MURCIA (REGIÓN DE);5.7.-Contra la propiedad intelectual/industrial;2023;37
MURCIA (REGIÓN DE);5.7.-Contra la propiedad intelectual/industrial;2022;39
MURCIA (REGIÓN DE);5.7.-Contra la propiedad intelectual/industrial;2021;42
MURCIA (REGIÓN DE);5.7.-Contra la propiedad intelectual/industrial;2020;47
MURCIA (REGIÓN DE);5.7.-Contra la propiedad intelectual/industrial;2019;39
MURCIA (REGIÓN DE);5.7.-Contra la propiedad intelectual/industrial;2018;49
MURCIA (REGIÓN DE);5.7.-Contra la propiedad intelectual/industrial;2017;52
MURCIA (REGIÓN DE);5.7.-Contra la propiedad intelectual/industrial;2016;44
MURCIA (REGIÓN DE);5.7.-Contra la propiedad intelectual/industrial;2015;56
MURCIA (REGIÓN DE);5.7.-Contra la propiedad intelectual/industrial;2014;43
MURCIA (REGIÓN DE);5.7.-Contra la propiedad intelectual/industrial;2013;65
MURCIA (REGIÓN DE);5.7.-Contra la propiedad intelectual/industrial;2012;45
MURCIA (REGIÓN DE);5.7.-Contra la propiedad intelectual/industrial;2011;50
MURCIA (REGIÓN DE);5.7.-Contra la propiedad intelectual/industrial;2010;135
MURCIA (REGIÓN DE);5.8.-Blanqueo de capitales;2023;12
MURCIA (REGIÓN DE);5.8.-Blanqueo de capitales;2022;9
MURCIA (REGIÓN DE);5.8.-Blanqueo de capitales;2021;16
MURCIA (REGIÓN DE);5.8.-Blanqueo de capitales;2020;13
MURCIA (REGIÓN DE);5.8.-Blanqueo de capitales;2019;8
MURCIA (REGIÓN DE);5.8.-Blanqueo de capitales;2018;4
MURCIA (REGIÓN DE);5.8.-Blanqueo de capitales;2017;5
MURCIA (REGIÓN DE);5.8.-Blanqueo de capitales;2016;4
MURCIA (REGIÓN DE);5.8.-Blanqueo de capitales;2015;7
MURCIA (REGIÓN DE);5.8.-Blanqueo de capitales;2014;1
MURCIA (REGIÓN DE);5.8.-Blanqueo de capitales;2013;9
MURCIA (REGIÓN DE);5.8.-Blanqueo de capitales;2012;4
MURCIA (REGIÓN DE);5.8.-Blanqueo de capitales;2011;5
MURCIA (REGIÓN DE);5.8.-Blanqueo de capitales;2010;7
MURCIA (REGIÓN DE);5.9.-Otros contra el patrimonio;2023;1.007
MURCIA (REGIÓN DE);5.9.-Otros contra el patrimonio;2022;992
MURCIA (REGIÓN DE);5.9.-Otros contra el patrimonio;2021;996
MURCIA (REGIÓN DE);5.9.-Otros contra el patrimonio;2020;853
MURCIA (REGIÓN DE);5.9.-Otros contra el patrimonio;2019;813
MURCIA (REGIÓN DE);5.9.-Otros contra el patrimonio;2018;694
MURCIA (REGIÓN DE);5.9.-Otros contra el patrimonio;2017;515
MURCIA (REGIÓN DE);5.9.-Otros contra el patrimonio;2016;490
MURCIA (REGIÓN DE);5.9.-Otros contra el patrimonio;2015;698
MURCIA (REGIÓN DE);5.9.-Otros contra el patrimonio;2014;650
MURCIA (REGIÓN DE);5.9.-Otros contra el patrimonio;2013;602
MURCIA (REGIÓN DE);5.9.-Otros contra el patrimonio;2012;528
MURCIA (REGIÓN DE);5.9.-Otros contra el patrimonio;2011;457
MURCIA (REGIÓN DE);5.9.-Otros contra el patrimonio;2010;352
MURCIA (REGIÓN DE);6. SEGURIDAD COLECTIVA;2023;1.659
MURCIA (REGIÓN DE);6. SEGURIDAD COLECTIVA;2022;1.690
MURCIA (REGIÓN DE);6. SEGURIDAD COLECTIVA;2021;1.437
MURCIA (REGIÓN DE);6. SEGURIDAD COLECTIVA;2020;1.262
MURCIA (REGIÓN DE);6. SEGURIDAD COLECTIVA;2019;1.612
MURCIA (REGIÓN DE);6. SEGURIDAD COLECTIVA;2018;1.469
MURCIA (REGIÓN DE);6. SEGURIDAD COLECTIVA;2017;1.351
MURCIA (REGIÓN DE);6. SEGURIDAD COLECTIVA;2016;1.241
MURCIA (REGIÓN DE);6. SEGURIDAD COLECTIVA;2015;1.364
MURCIA (REGIÓN DE);6. SEGURIDAD COLECTIVA;2014;1.526
MURCIA (REGIÓN DE);6. SEGURIDAD COLECTIVA;2013;1.653
MURCIA (REGIÓN DE);6. SEGURIDAD COLECTIVA;2012;1.675
MURCIA (REGIÓN DE);6. SEGURIDAD COLECTIVA;2011;1.704
MURCIA (REGIÓN DE);6. SEGURIDAD COLECTIVA;2010;1.569
MURCIA (REGIÓN DE);6.1.-Tráfico de drogas;2023;569
MURCIA (REGIÓN DE);6.1.-Tráfico de drogas;2022;478
MURCIA (REGIÓN DE);6.1.-Tráfico de drogas;2021;473
MURCIA (REGIÓN DE);6.1.-Tráfico de drogas;2020;368
MURCIA (REGIÓN DE);6.1.-Tráfico de drogas;2019;341
MURCIA (REGIÓN DE);6.1.-Tráfico de drogas;2018;281
MURCIA (REGIÓN DE);6.1.-Tráfico de drogas;2017;281
MURCIA (REGIÓN DE);6.1.-Tráfico de drogas;2016;256
MURCIA (REGIÓN DE);6.1.-Tráfico de drogas;2015;223
MURCIA (REGIÓN DE);6.1.-Tráfico de drogas;2014;228
MURCIA (REGIÓN DE);6.1.-Tráfico de drogas;2013;308
MURCIA (REGIÓN DE);6.1.-Tráfico de drogas;2012;298
MURCIA (REGIÓN DE);6.1.-Tráfico de drogas;2011;297
MURCIA (REGIÓN DE);6.1.-Tráfico de drogas;2010;305
MURCIA (REGIÓN DE);6.2.-Contra la seguridad vial;2023;1.034
MURCIA (REGIÓN DE);6.2.-Contra la seguridad vial;2022;1.158
MURCIA (REGIÓN DE);6.2.-Contra la seguridad vial;2021;923
MURCIA (REGIÓN DE);6.2.-Contra la seguridad vial;2020;855
MURCIA (REGIÓN DE);6.2.-Contra la seguridad vial;2019;1.223
MURCIA (REGIÓN DE);6.2.-Contra la seguridad vial;2018;1.132
MURCIA (REGIÓN DE);6.2.-Contra la seguridad vial;2017;1.024
MURCIA (REGIÓN DE);6.2.-Contra la seguridad vial;2016;928
MURCIA (REGIÓN DE);6.2.-Contra la seguridad vial;2015;1.103
MURCIA (REGIÓN DE);6.2.-Contra la seguridad vial;2014;1.261
MURCIA (REGIÓN DE);6.2.-Contra la seguridad vial;2013;1.301
MURCIA (REGIÓN DE);6.2.-Contra la seguridad vial;2012;1.340
MURCIA (REGIÓN DE);6.2.-Contra la seguridad vial;2011;1.360
MURCIA (REGIÓN DE);6.2.-Contra la seguridad vial;2010;1.207
MURCIA (REGIÓN DE);6.3.-Otros contra la seguridad colectiva;2023;56
MURCIA (REGIÓN DE);6.3.-Otros contra la seguridad colectiva;2022;54
MURCIA (REGIÓN DE);6.3.-Otros contra la seguridad colectiva;2021;41
MURCIA (REGIÓN DE);6.3.-Otros contra la seguridad colectiva;2020;39
MURCIA (REGIÓN DE);6.3.-Otros contra la seguridad colectiva;2019;48
MURCIA (REGIÓN DE);6.3.-Otros contra la seguridad colectiva;2018;56
MURCIA (REGIÓN DE);6.3.-Otros contra la seguridad colectiva;2017;46
MURCIA (REGIÓN DE);6.3.-Otros contra la seguridad colectiva;2016;57
MURCIA (REGIÓN DE);6.3.-Otros contra la seguridad colectiva;2015;38
MURCIA (REGIÓN DE);6.3.-Otros contra la seguridad colectiva;2014;37
MURCIA (REGIÓN DE);6.3.-Otros contra la seguridad colectiva;2013;44
MURCIA (REGIÓN DE);6.3.-Otros contra la seguridad colectiva;2012;37
MURCIA (REGIÓN DE);6.3.-Otros contra la seguridad colectiva;2011;47
MURCIA (REGIÓN DE);6.3.-Otros contra la seguridad colectiva;2010;57
MURCIA (REGIÓN DE);7. FALSEDADES;2023;655
MURCIA (REGIÓN DE);7. FALSEDADES;2022;593
MURCIA (REGIÓN DE);7. FALSEDADES;2021;651
MURCIA (REGIÓN DE);7. FALSEDADES;2020;437
MURCIA (REGIÓN DE);7. FALSEDADES;2019;444
MURCIA (REGIÓN DE);7. FALSEDADES;2018;468
MURCIA (REGIÓN DE);7. FALSEDADES;2017;319
MURCIA (REGIÓN DE);7. FALSEDADES;2016;283
MURCIA (REGIÓN DE);7. FALSEDADES;2015;342
MURCIA (REGIÓN DE);7. FALSEDADES;2014;304
MURCIA (REGIÓN DE);7. FALSEDADES;2013;296
MURCIA (REGIÓN DE);7. FALSEDADES;2012;352
MURCIA (REGIÓN DE);7. FALSEDADES;2011;374
MURCIA (REGIÓN DE);7. FALSEDADES;2010;305
MURCIA (REGIÓN DE);8. ADMÓN. PÚBLICA;2023;15
MURCIA (REGIÓN DE);8. ADMÓN. PÚBLICA;2022;8
MURCIA (REGIÓN DE);8. ADMÓN. PÚBLICA;2021;26
MURCIA (REGIÓN DE);8. ADMÓN. PÚBLICA;2020;23
MURCIA (REGIÓN DE);8. ADMÓN. PÚBLICA;2019;14
MURCIA (REGIÓN DE);8. ADMÓN. PÚBLICA;2018;10
MURCIA (REGIÓN DE);8. ADMÓN. PÚBLICA;2017;22
MURCIA (REGIÓN DE);8. ADMÓN. PÚBLICA;2016;9
MURCIA (REGIÓN DE);8. ADMÓN. PÚBLICA;2015;3
MURCIA (REGIÓN DE);8. ADMÓN. PÚBLICA;2014;4
MURCIA (REGIÓN DE);8. ADMÓN. PÚBLICA;2013;8
MURCIA (REGIÓN DE);8. ADMÓN. PÚBLICA;2012;5
MURCIA (REGIÓN DE);8. ADMÓN. PÚBLICA;2011;3
MURCIA (REGIÓN DE);8. ADMÓN. PÚBLICA;2010;8
MURCIA (REGIÓN DE);9. ADMÓN. JUSTICIA;2023;1.789
MURCIA (REGIÓN DE);9. ADMÓN. JUSTICIA;2022;1.634
MURCIA (REGIÓN DE);9. ADMÓN. JUSTICIA;2021;1.257
MURCIA (REGIÓN DE);9. ADMÓN. JUSTICIA;2020;1.163
MURCIA (REGIÓN DE);9. ADMÓN. JUSTICIA;2019;1.057
MURCIA (REGIÓN DE);9. ADMÓN. JUSTICIA;2018;1.016
MURCIA (REGIÓN DE);9. ADMÓN. JUSTICIA;2017;874
MURCIA (REGIÓN DE);9. ADMÓN. JUSTICIA;2016;901
MURCIA (REGIÓN DE);9. ADMÓN. JUSTICIA;2015;808
MURCIA (REGIÓN DE);9. ADMÓN. JUSTICIA;2014;875
MURCIA (REGIÓN DE);9. ADMÓN. JUSTICIA;2013;797
MURCIA (REGIÓN DE);9. ADMÓN. JUSTICIA;2012;957
MURCIA (REGIÓN DE);9. ADMÓN. JUSTICIA;2011;914
MURCIA (REGIÓN DE);9. ADMÓN. JUSTICIA;2010;880
MURCIA (REGIÓN DE);10. ORDEN PÚBLICO;2023;1.024
MURCIA (REGIÓN DE);10. ORDEN PÚBLICO;2022;869
MURCIA (REGIÓN DE);10. ORDEN PÚBLICO;2021;806
MURCIA (REGIÓN DE);10. ORDEN PÚBLICO;2020;891
MURCIA (REGIÓN DE);10. ORDEN PÚBLICO;2019;553
MURCIA (REGIÓN DE);10. ORDEN PÚBLICO;2018;564
MURCIA (REGIÓN DE);10. ORDEN PÚBLICO;2017;545
MURCIA (REGIÓN DE);10. ORDEN PÚBLICO;2016;529
MURCIA (REGIÓN DE);10. ORDEN PÚBLICO;2015;483
MURCIA (REGIÓN DE);10. ORDEN PÚBLICO;2014;659
MURCIA (REGIÓN DE);10. ORDEN PÚBLICO;2013;656
MURCIA (REGIÓN DE);10. ORDEN PÚBLICO;2012;706
MURCIA (REGIÓN DE);10. ORDEN PÚBLICO;2011;861
MURCIA (REGIÓN DE);10. ORDEN PÚBLICO;2010;811
MURCIA (REGIÓN DE);11. LEGISLACIÓN ESPECIAL;2023;16
MURCIA (REGIÓN DE);11. LEGISLACIÓN ESPECIAL;2022;14
MURCIA (REGIÓN DE);11. LEGISLACIÓN ESPECIAL;2021;10
MURCIA (REGIÓN DE);11. LEGISLACIÓN ESPECIAL;2020;13
MURCIA (REGIÓN DE);11. LEGISLACIÓN ESPECIAL;2019;1
MURCIA (REGIÓN DE);11. LEGISLACIÓN ESPECIAL;2018;2
MURCIA (REGIÓN DE);11. LEGISLACIÓN ESPECIAL;2017;2
MURCIA (REGIÓN DE);11. LEGISLACIÓN ESPECIAL;2016;0
MURCIA (REGIÓN DE);11. LEGISLACIÓN ESPECIAL;2015;0
MURCIA (REGIÓN DE);11. LEGISLACIÓN ESPECIAL;2014;0
MURCIA (REGIÓN DE);11. LEGISLACIÓN ESPECIAL;2013;1
MURCIA (REGIÓN DE);11. LEGISLACIÓN ESPECIAL;2012;2
MURCIA (REGIÓN DE);11. LEGISLACIÓN ESPECIAL;2011;2
MURCIA (REGIÓN DE);11. LEGISLACIÓN ESPECIAL;2010;2
MURCIA (REGIÓN DE);12. OTRAS INFRACCIONES PENALES;2023;438
MURCIA (REGIÓN DE);12. OTRAS INFRACCIONES PENALES;2022;384
MURCIA (REGIÓN DE);12. OTRAS INFRACCIONES PENALES;2021;484
MURCIA (REGIÓN DE);12. OTRAS INFRACCIONES PENALES;2020;364
MURCIA (REGIÓN DE);12. OTRAS INFRACCIONES PENALES;2019;302
MURCIA (REGIÓN DE);12. OTRAS INFRACCIONES PENALES;2018;258
MURCIA (REGIÓN DE);12. OTRAS INFRACCIONES PENALES;2017;304
MURCIA (REGIÓN DE);12. OTRAS INFRACCIONES PENALES;2016;237
MURCIA (REGIÓN DE);12. OTRAS INFRACCIONES PENALES;2015;187
MURCIA (REGIÓN DE);12. OTRAS INFRACCIONES PENALES;2014;153
MURCIA (REGIÓN DE);12. OTRAS INFRACCIONES PENALES;2013;105
MURCIA (REGIÓN DE);12. OTRAS INFRACCIONES PENALES;2012;142
MURCIA (REGIÓN DE);12. OTRAS INFRACCIONES PENALES;2011;155
MURCIA (REGIÓN DE);12. OTRAS INFRACCIONES PENALES;2010;132
MURCIA (REGIÓN DE);TOTAL INFRACCIONES PENALES;2023;30.514
MURCIA (REGIÓN DE);TOTAL INFRACCIONES PENALES;2022;27.544
MURCIA (REGIÓN DE);TOTAL INFRACCIONES PENALES;2021;24.178
MURCIA (REGIÓN DE);TOTAL INFRACCIONES PENALES;2020;21.180
MURCIA (REGIÓN DE);TOTAL INFRACCIONES PENALES;2019;22.362
MURCIA (REGIÓN DE);TOTAL INFRACCIONES PENALES;2018;21.779
MURCIA (REGIÓN DE);TOTAL INFRACCIONES PENALES;2017;20.994
MURCIA (REGIÓN DE);TOTAL INFRACCIONES PENALES;2016;19.858
MURCIA (REGIÓN DE);TOTAL INFRACCIONES PENALES;2015;21.497
MURCIA (REGIÓN DE);TOTAL INFRACCIONES PENALES;2014;22.295
MURCIA (REGIÓN DE);TOTAL INFRACCIONES PENALES;2013;22.681
MURCIA (REGIÓN DE);TOTAL INFRACCIONES PENALES;2012;23.127
MURCIA (REGIÓN DE);TOTAL INFRACCIONES PENALES;2011;22.939
MURCIA (REGIÓN DE);TOTAL INFRACCIONES PENALES;2010;22.741
NAVARRA (COMUNIDAD FORAL DE);1. CONTRA LAS PERSONAS;2023;2.505
NAVARRA (COMUNIDAD FORAL DE);1. CONTRA LAS PERSONAS;2022;2.591
NAVARRA (COMUNIDAD FORAL DE);1. CONTRA LAS PERSONAS;2021;2.085
NAVARRA (COMUNIDAD FORAL DE);1. CONTRA LAS PERSONAS;2020;1.807
NAVARRA (COMUNIDAD FORAL DE);1. CONTRA LAS PERSONAS;2019;2.239
NAVARRA (COMUNIDAD FORAL DE);1. CONTRA LAS PERSONAS;2018;2.140
NAVARRA (COMUNIDAD FORAL DE);1. CONTRA LAS PERSONAS;2017;2.114
NAVARRA (COMUNIDAD FORAL DE);1. CONTRA LAS PERSONAS;2016;2.235
NAVARRA (COMUNIDAD FORAL DE);1. CONTRA LAS PERSONAS;2015;2.181
NAVARRA (COMUNIDAD FORAL DE);1. CONTRA LAS PERSONAS;2014;3.014
NAVARRA (COMUNIDAD FORAL DE);1. CONTRA LAS PERSONAS;2013;2.286
NAVARRA (COMUNIDAD FORAL DE);1. CONTRA LAS PERSONAS;2012;1.338
NAVARRA (COMUNIDAD FORAL DE);1. CONTRA LAS PERSONAS;2011;1.401
NAVARRA (COMUNIDAD FORAL DE);1. CONTRA LAS PERSONAS;2010;1.765
NAVARRA (COMUNIDAD FORAL DE);1.1.-Homicidios dolosos/asesinatos;2023;38
NAVARRA (COMUNIDAD FORAL DE);1.1.-Homicidios dolosos/asesinatos;2022;29
NAVARRA (COMUNIDAD FORAL DE);1.1.-Homicidios dolosos/asesinatos;2021;18
NAVARRA (COMUNIDAD FORAL DE);1.1.-Homicidios dolosos/asesinatos;2020;17
NAVARRA (COMUNIDAD FORAL DE);1.1.-Homicidios dolosos/asesinatos;2019;17
NAVARRA (COMUNIDAD FORAL DE);1.1.-Homicidios dolosos/asesinatos;2018;25
NAVARRA (COMUNIDAD FORAL DE);1.1.-Homicidios dolosos/asesinatos;2017;22
NAVARRA (COMUNIDAD FORAL DE);1.1.-Homicidios dolosos/asesinatos;2016;10
NAVARRA (COMUNIDAD FORAL DE);1.1.-Homicidios dolosos/asesinatos;2015;28
NAVARRA (COMUNIDAD FORAL DE);1.1.-Homicidios dolosos/asesinatos;2014;14
NAVARRA (COMUNIDAD FORAL DE);1.1.-Homicidios dolosos/asesinatos;2013;11
NAVARRA (COMUNIDAD FORAL DE);1.1.-Homicidios dolosos/asesinatos;2012;10
NAVARRA (COMUNIDAD FORAL DE);1.1.-Homicidios dolosos/asesinatos;2011;14
NAVARRA (COMUNIDAD FORAL DE);1.1.-Homicidios dolosos/asesinatos;2010;10
NAVARRA (COMUNIDAD FORAL DE);1.1.1.-Homicidios dolosos/asesinatos consumados;2023;8
NAVARRA (COMUNIDAD FORAL DE);1.1.1.-Homicidios dolosos/asesinatos consumados;2022;3
NAVARRA (COMUNIDAD FORAL DE);1.1.1.-Homicidios dolosos/asesinatos consumados;2021;1
NAVARRA (COMUNIDAD FORAL DE);1.1.1.-Homicidios dolosos/asesinatos consumados;2020;1
NAVARRA (COMUNIDAD FORAL DE);1.1.1.-Homicidios dolosos/asesinatos consumados;2019;6
NAVARRA (COMUNIDAD FORAL DE);1.1.1.-Homicidios dolosos/asesinatos consumados;2018;11
NAVARRA (COMUNIDAD FORAL DE);1.1.1.-Homicidios dolosos/asesinatos consumados;2017;7
NAVARRA (COMUNIDAD FORAL DE);1.1.1.-Homicidios dolosos/asesinatos consumados;2016;1
NAVARRA (COMUNIDAD FORAL DE);1.1.1.-Homicidios dolosos/asesinatos consumados;2015;10
NAVARRA (COMUNIDAD FORAL DE);1.1.1.-Homicidios dolosos/asesinatos consumados;2014;2
NAVARRA (COMUNIDAD FORAL DE);1.1.1.-Homicidios dolosos/asesinatos consumados;2013;3
NAVARRA (COMUNIDAD FORAL DE);1.1.1.-Homicidios dolosos/asesinatos consumados;2012;4
NAVARRA (COMUNIDAD FORAL DE);1.1.1.-Homicidios dolosos/asesinatos consumados;2011;5
NAVARRA (COMUNIDAD FORAL DE);1.1.1.-Homicidios dolosos/asesinatos consumados;2010;3
NAVARRA (COMUNIDAD FORAL DE);1.2.-Lesiones;2023;1.311
NAVARRA (COMUNIDAD FORAL DE);1.2.-Lesiones;2022;1.376
NAVARRA (COMUNIDAD FORAL DE);1.2.-Lesiones;2021;1.101
NAVARRA (COMUNIDAD FORAL DE);1.2.-Lesiones;2020;858
NAVARRA (COMUNIDAD FORAL DE);1.2.-Lesiones;2019;1.211
NAVARRA (COMUNIDAD FORAL DE);1.2.-Lesiones;2018;1.103
NAVARRA (COMUNIDAD FORAL DE);1.2.-Lesiones;2017;1.131
NAVARRA (COMUNIDAD FORAL DE);1.2.-Lesiones;2016;1.303
NAVARRA (COMUNIDAD FORAL DE);1.2.-Lesiones;2015;977
NAVARRA (COMUNIDAD FORAL DE);1.2.-Lesiones;2014;1.077
NAVARRA (COMUNIDAD FORAL DE);1.2.-Lesiones;2013;731
NAVARRA (COMUNIDAD FORAL DE);1.2.-Lesiones;2012;451
NAVARRA (COMUNIDAD FORAL DE);1.2.-Lesiones;2011;499
NAVARRA (COMUNIDAD FORAL DE);1.2.-Lesiones;2010;509
NAVARRA (COMUNIDAD FORAL DE);1.3.-Malos tratos ámbito familiar;2023;1.075
NAVARRA (COMUNIDAD FORAL DE);1.3.-Malos tratos ámbito familiar;2022;1.084
NAVARRA (COMUNIDAD FORAL DE);1.3.-Malos tratos ámbito familiar;2021;917
NAVARRA (COMUNIDAD FORAL DE);1.3.-Malos tratos ámbito familiar;2020;902
NAVARRA (COMUNIDAD FORAL DE);1.3.-Malos tratos ámbito familiar;2019;981
NAVARRA (COMUNIDAD FORAL DE);1.3.-Malos tratos ámbito familiar;2018;980
NAVARRA (COMUNIDAD FORAL DE);1.3.-Malos tratos ámbito familiar;2017;930
NAVARRA (COMUNIDAD FORAL DE);1.3.-Malos tratos ámbito familiar;2016;888
NAVARRA (COMUNIDAD FORAL DE);1.3.-Malos tratos ámbito familiar;2015;590
NAVARRA (COMUNIDAD FORAL DE);1.3.-Malos tratos ámbito familiar;2014;622
NAVARRA (COMUNIDAD FORAL DE);1.3.-Malos tratos ámbito familiar;2013;469
NAVARRA (COMUNIDAD FORAL DE);1.3.-Malos tratos ámbito familiar;2012;266
NAVARRA (COMUNIDAD FORAL DE);1.3.-Malos tratos ámbito familiar;2011;328
NAVARRA (COMUNIDAD FORAL DE);1.3.-Malos tratos ámbito familiar;2010;549
NAVARRA (COMUNIDAD FORAL DE);1.4.-Otros contra las personas;2023;81
NAVARRA (COMUNIDAD FORAL DE);1.4.-Otros contra las personas;2022;102
NAVARRA (COMUNIDAD FORAL DE);1.4.-Otros contra las personas;2021;49
NAVARRA (COMUNIDAD FORAL DE);1.4.-Otros contra las personas;2020;30
NAVARRA (COMUNIDAD FORAL DE);1.4.-Otros contra las personas;2019;30
NAVARRA (COMUNIDAD FORAL DE);1.4.-Otros contra las personas;2018;32
NAVARRA (COMUNIDAD FORAL DE);1.4.-Otros contra las personas;2017;31
NAVARRA (COMUNIDAD FORAL DE);1.4.-Otros contra las personas;2016;34
NAVARRA (COMUNIDAD FORAL DE);1.4.-Otros contra las personas;2015;586
NAVARRA (COMUNIDAD FORAL DE);1.4.-Otros contra las personas;2014;1.301
NAVARRA (COMUNIDAD FORAL DE);1.4.-Otros contra las personas;2013;1.075
NAVARRA (COMUNIDAD FORAL DE);1.4.-Otros contra las personas;2012;611
NAVARRA (COMUNIDAD FORAL DE);1.4.-Otros contra las personas;2011;560
NAVARRA (COMUNIDAD FORAL DE);1.4.-Otros contra las personas;2010;697
NAVARRA (COMUNIDAD FORAL DE);2. CONTRA LA LIBERTAD;2023;1.754
NAVARRA (COMUNIDAD FORAL DE);2. CONTRA LA LIBERTAD;2022;1.667
NAVARRA (COMUNIDAD FORAL DE);2. CONTRA LA LIBERTAD;2021;1.387
NAVARRA (COMUNIDAD FORAL DE);2. CONTRA LA LIBERTAD;2020;1.169
NAVARRA (COMUNIDAD FORAL DE);2. CONTRA LA LIBERTAD;2019;1.254
NAVARRA (COMUNIDAD FORAL DE);2. CONTRA LA LIBERTAD;2018;1.113
NAVARRA (COMUNIDAD FORAL DE);2. CONTRA LA LIBERTAD;2017;1.267
NAVARRA (COMUNIDAD FORAL DE);2. CONTRA LA LIBERTAD;2016;1.575
NAVARRA (COMUNIDAD FORAL DE);2. CONTRA LA LIBERTAD;2015;605
NAVARRA (COMUNIDAD FORAL DE);2. CONTRA LA LIBERTAD;2014;261
NAVARRA (COMUNIDAD FORAL DE);2. CONTRA LA LIBERTAD;2013;257
NAVARRA (COMUNIDAD FORAL DE);2. CONTRA LA LIBERTAD;2012;262
NAVARRA (COMUNIDAD FORAL DE);2. CONTRA LA LIBERTAD;2011;238
NAVARRA (COMUNIDAD FORAL DE);2. CONTRA LA LIBERTAD;2010;485
NAVARRA (COMUNIDAD FORAL DE);2.1.-Malos tratos habituales en el ámbito familiar;2023;297
NAVARRA (COMUNIDAD FORAL DE);2.1.-Malos tratos habituales en el ámbito familiar;2022;223
NAVARRA (COMUNIDAD FORAL DE);2.1.-Malos tratos habituales en el ámbito familiar;2021;132
NAVARRA (COMUNIDAD FORAL DE);2.1.-Malos tratos habituales en el ámbito familiar;2020;139
NAVARRA (COMUNIDAD FORAL DE);2.1.-Malos tratos habituales en el ámbito familiar;2019;141
NAVARRA (COMUNIDAD FORAL DE);2.1.-Malos tratos habituales en el ámbito familiar;2018;105
NAVARRA (COMUNIDAD FORAL DE);2.1.-Malos tratos habituales en el ámbito familiar;2017;128
NAVARRA (COMUNIDAD FORAL DE);2.1.-Malos tratos habituales en el ámbito familiar;2016;136
NAVARRA (COMUNIDAD FORAL DE);2.1.-Malos tratos habituales en el ámbito familiar;2015;82
NAVARRA (COMUNIDAD FORAL DE);2.1.-Malos tratos habituales en el ámbito familiar;2014;56
NAVARRA (COMUNIDAD FORAL DE);2.1.-Malos tratos habituales en el ámbito familiar;2013;83
NAVARRA (COMUNIDAD FORAL DE);2.1.-Malos tratos habituales en el ámbito familiar;2012;94
NAVARRA (COMUNIDAD FORAL DE);2.1.-Malos tratos habituales en el ámbito familiar;2011;73
NAVARRA (COMUNIDAD FORAL DE);2.1.-Malos tratos habituales en el ámbito familiar;2010;184
NAVARRA (COMUNIDAD FORAL DE);2.2.-Otros contra la libertad;2023;1.457
NAVARRA (COMUNIDAD FORAL DE);2.2.-Otros contra la libertad;2022;1.444
NAVARRA (COMUNIDAD FORAL DE);2.2.-Otros contra la libertad;2021;1.255
NAVARRA (COMUNIDAD FORAL DE);2.2.-Otros contra la libertad;2020;1.030
NAVARRA (COMUNIDAD FORAL DE);2.2.-Otros contra la libertad;2019;1.113
NAVARRA (COMUNIDAD FORAL DE);2.2.-Otros contra la libertad;2018;1.008
NAVARRA (COMUNIDAD FORAL DE);2.2.-Otros contra la libertad;2017;1.139
NAVARRA (COMUNIDAD FORAL DE);2.2.-Otros contra la libertad;2016;1.439
NAVARRA (COMUNIDAD FORAL DE);2.2.-Otros contra la libertad;2015;523
NAVARRA (COMUNIDAD FORAL DE);2.2.-Otros contra la libertad;2014;205
NAVARRA (COMUNIDAD FORAL DE);2.2.-Otros contra la libertad;2013;174
NAVARRA (COMUNIDAD FORAL DE);2.2.-Otros contra la libertad;2012;168
NAVARRA (COMUNIDAD FORAL DE);2.2.-Otros contra la libertad;2011;165
NAVARRA (COMUNIDAD FORAL DE);2.2.-Otros contra la libertad;2010;301
NAVARRA (COMUNIDAD FORAL DE);3. LIBERTAD SEXUAL;2023;349
NAVARRA (COMUNIDAD FORAL DE);3. LIBERTAD SEXUAL;2022;283
NAVARRA (COMUNIDAD FORAL DE);3. LIBERTAD SEXUAL;2021;208
NAVARRA (COMUNIDAD FORAL DE);3. LIBERTAD SEXUAL;2020;175
NAVARRA (COMUNIDAD FORAL DE);3. LIBERTAD SEXUAL;2019;166
NAVARRA (COMUNIDAD FORAL DE);3. LIBERTAD SEXUAL;2018;209
NAVARRA (COMUNIDAD FORAL DE);3. LIBERTAD SEXUAL;2017;180
NAVARRA (COMUNIDAD FORAL DE);3. LIBERTAD SEXUAL;2016;179
NAVARRA (COMUNIDAD FORAL DE);3. LIBERTAD SEXUAL;2015;84
NAVARRA (COMUNIDAD FORAL DE);3. LIBERTAD SEXUAL;2014;82
NAVARRA (COMUNIDAD FORAL DE);3. LIBERTAD SEXUAL;2013;64
NAVARRA (COMUNIDAD FORAL DE);3. LIBERTAD SEXUAL;2012;32
NAVARRA (COMUNIDAD FORAL DE);3. LIBERTAD SEXUAL;2011;51
NAVARRA (COMUNIDAD FORAL DE);3. LIBERTAD SEXUAL;2010;340
NAVARRA (COMUNIDAD FORAL DE);3.1.-Agresión sexual;2023;213
NAVARRA (COMUNIDAD FORAL DE);3.1.-Agresión sexual;2022;179
NAVARRA (COMUNIDAD FORAL DE);3.1.-Agresión sexual;2021;118
NAVARRA (COMUNIDAD FORAL DE);3.1.-Agresión sexual;2020;103
NAVARRA (COMUNIDAD FORAL DE);3.1.-Agresión sexual;2019;99
NAVARRA (COMUNIDAD FORAL DE);3.1.-Agresión sexual;2018;118
NAVARRA (COMUNIDAD FORAL DE);3.1.-Agresión sexual;2017;87
NAVARRA (COMUNIDAD FORAL DE);3.1.-Agresión sexual;2016;76
NAVARRA (COMUNIDAD FORAL DE);3.1.-Agresión sexual;2015;33
NAVARRA (COMUNIDAD FORAL DE);3.1.-Agresión sexual;2014;56
NAVARRA (COMUNIDAD FORAL DE);3.1.-Agresión sexual;2013;38
NAVARRA (COMUNIDAD FORAL DE);3.1.-Agresión sexual;2012;20
NAVARRA (COMUNIDAD FORAL DE);3.1.-Agresión sexual;2011;32
NAVARRA (COMUNIDAD FORAL DE);3.1.-Agresión sexual;2010;318
NAVARRA (COMUNIDAD FORAL DE);3.2.-Agresión sexual con penetración;2023;77
NAVARRA (COMUNIDAD FORAL DE);3.2.-Agresión sexual con penetración;2022;71
NAVARRA (COMUNIDAD FORAL DE);3.2.-Agresión sexual con penetración;2021;59
NAVARRA (COMUNIDAD FORAL DE);3.2.-Agresión sexual con penetración;2020;31
NAVARRA (COMUNIDAD FORAL DE);3.2.-Agresión sexual con penetración;2019;40
NAVARRA (COMUNIDAD FORAL DE);3.2.-Agresión sexual con penetración;2018;53
NAVARRA (COMUNIDAD FORAL DE);3.2.-Agresión sexual con penetración;2017;56
NAVARRA (COMUNIDAD FORAL DE);3.2.-Agresión sexual con penetración;2016;50
NAVARRA (COMUNIDAD FORAL DE);3.2.-Agresión sexual con penetración;2015;15
NAVARRA (COMUNIDAD FORAL DE);3.2.-Agresión sexual con penetración;2014;9
NAVARRA (COMUNIDAD FORAL DE);3.2.-Agresión sexual con penetración;2013;9
NAVARRA (COMUNIDAD FORAL DE);3.2.-Agresión sexual con penetración;2012;4
NAVARRA (COMUNIDAD FORAL DE);3.2.-Agresión sexual con penetración;2011;10
NAVARRA (COMUNIDAD FORAL DE);3.2.-Agresión sexual con penetración;2010;8
NAVARRA (COMUNIDAD FORAL DE);3.3.-Corrupción de menores o incapacitados;2023;11
NAVARRA (COMUNIDAD FORAL DE);3.3.-Corrupción de menores o incapacitados;2022;11
NAVARRA (COMUNIDAD FORAL DE);3.3.-Corrupción de menores o incapacitados;2021;11
NAVARRA (COMUNIDAD FORAL DE);3.3.-Corrupción de menores o incapacitados;2020;8
NAVARRA (COMUNIDAD FORAL DE);3.3.-Corrupción de menores o incapacitados;2019;4
NAVARRA (COMUNIDAD FORAL DE);3.3.-Corrupción de menores o incapacitados;2018;6
NAVARRA (COMUNIDAD FORAL DE);3.3.-Corrupción de menores o incapacitados;2017;18
NAVARRA (COMUNIDAD FORAL DE);3.3.-Corrupción de menores o incapacitados;2016;20
NAVARRA (COMUNIDAD FORAL DE);3.3.-Corrupción de menores o incapacitados;2015;11
NAVARRA (COMUNIDAD FORAL DE);3.3.-Corrupción de menores o incapacitados;2014;2
NAVARRA (COMUNIDAD FORAL DE);3.3.-Corrupción de menores o incapacitados;2013;7
NAVARRA (COMUNIDAD FORAL DE);3.3.-Corrupción de menores o incapacitados;2012;4
NAVARRA (COMUNIDAD FORAL DE);3.3.-Corrupción de menores o incapacitados;2011;3
NAVARRA (COMUNIDAD FORAL DE);3.3.-Corrupción de menores o incapacitados;2010;5
NAVARRA (COMUNIDAD FORAL DE);3.4.-Pornografía de menores;2023;15
NAVARRA (COMUNIDAD FORAL DE);3.4.-Pornografía de menores;2022;4
NAVARRA (COMUNIDAD FORAL DE);3.4.-Pornografía de menores;2021;4
NAVARRA (COMUNIDAD FORAL DE);3.4.-Pornografía de menores;2020;7
NAVARRA (COMUNIDAD FORAL DE);3.4.-Pornografía de menores;2019;6
NAVARRA (COMUNIDAD FORAL DE);3.4.-Pornografía de menores;2018;6
NAVARRA (COMUNIDAD FORAL DE);3.4.-Pornografía de menores;2017;5
NAVARRA (COMUNIDAD FORAL DE);3.4.-Pornografía de menores;2016;7
NAVARRA (COMUNIDAD FORAL DE);3.4.-Pornografía de menores;2015;7
NAVARRA (COMUNIDAD FORAL DE);3.4.-Pornografía de menores;2014;3
NAVARRA (COMUNIDAD FORAL DE);3.4.-Pornografía de menores;2013;1
NAVARRA (COMUNIDAD FORAL DE);3.4.-Pornografía de menores;2012;2
NAVARRA (COMUNIDAD FORAL DE);3.4.-Pornografía de menores;2011;2
NAVARRA (COMUNIDAD FORAL DE);3.4.-Pornografía de menores;2010;5
NAVARRA (COMUNIDAD FORAL DE);3.5.-Otros contra la libertad sexual;2023;33
NAVARRA (COMUNIDAD FORAL DE);3.5.-Otros contra la libertad sexual;2022;18
NAVARRA (COMUNIDAD FORAL DE);3.5.-Otros contra la libertad sexual;2021;16
NAVARRA (COMUNIDAD FORAL DE);3.5.-Otros contra la libertad sexual;2020;26
NAVARRA (COMUNIDAD FORAL DE);3.5.-Otros contra la libertad sexual;2019;17
NAVARRA (COMUNIDAD FORAL DE);3.5.-Otros contra la libertad sexual;2018;26
NAVARRA (COMUNIDAD FORAL DE);3.5.-Otros contra la libertad sexual;2017;14
NAVARRA (COMUNIDAD FORAL DE);3.5.-Otros contra la libertad sexual;2016;26
NAVARRA (COMUNIDAD FORAL DE);3.5.-Otros contra la libertad sexual;2015;18
NAVARRA (COMUNIDAD FORAL DE);3.5.-Otros contra la libertad sexual;2014;12
NAVARRA (COMUNIDAD FORAL DE);3.5.-Otros contra la libertad sexual;2013;9
NAVARRA (COMUNIDAD FORAL DE);3.5.-Otros contra la libertad sexual;2012;2
NAVARRA (COMUNIDAD FORAL DE);3.5.-Otros contra la libertad sexual;2011;4
NAVARRA (COMUNIDAD FORAL DE);3.5.-Otros contra la libertad sexual;2010;4
NAVARRA (COMUNIDAD FORAL DE);4. RELACIONES FAMILIARES;2023;76
NAVARRA (COMUNIDAD FORAL DE);4. RELACIONES FAMILIARES;2022;83
NAVARRA (COMUNIDAD FORAL DE);4. RELACIONES FAMILIARES;2021;89
NAVARRA (COMUNIDAD FORAL DE);4. RELACIONES FAMILIARES;2020;75
NAVARRA (COMUNIDAD FORAL DE);4. RELACIONES FAMILIARES;2019;65
NAVARRA (COMUNIDAD FORAL DE);4. RELACIONES FAMILIARES;2018;63
NAVARRA (COMUNIDAD FORAL DE);4. RELACIONES FAMILIARES;2017;84
NAVARRA (COMUNIDAD FORAL DE);4. RELACIONES FAMILIARES;2016;88
NAVARRA (COMUNIDAD FORAL DE);4. RELACIONES FAMILIARES;2015;84
NAVARRA (COMUNIDAD FORAL DE);4. RELACIONES FAMILIARES;2014;72
NAVARRA (COMUNIDAD FORAL DE);4. RELACIONES FAMILIARES;2013;66
NAVARRA (COMUNIDAD FORAL DE);4. RELACIONES FAMILIARES;2012;38
NAVARRA (COMUNIDAD FORAL DE);4. RELACIONES FAMILIARES;2011;53
NAVARRA (COMUNIDAD FORAL DE);4. RELACIONES FAMILIARES;2010;53
NAVARRA (COMUNIDAD FORAL DE);5. PATRIMONIO;2023;3.772
NAVARRA (COMUNIDAD FORAL DE);5. PATRIMONIO;2022;3.399
NAVARRA (COMUNIDAD FORAL DE);5. PATRIMONIO;2021;2.968
NAVARRA (COMUNIDAD FORAL DE);5. PATRIMONIO;2020;2.728
NAVARRA (COMUNIDAD FORAL DE);5. PATRIMONIO;2019;2.997
NAVARRA (COMUNIDAD FORAL DE);5. PATRIMONIO;2018;2.741
NAVARRA (COMUNIDAD FORAL DE);5. PATRIMONIO;2017;2.800
NAVARRA (COMUNIDAD FORAL DE);5. PATRIMONIO;2016;3.402
NAVARRA (COMUNIDAD FORAL DE);5. PATRIMONIO;2015;2.763
NAVARRA (COMUNIDAD FORAL DE);5. PATRIMONIO;2014;3.163
NAVARRA (COMUNIDAD FORAL DE);5. PATRIMONIO;2013;2.549
NAVARRA (COMUNIDAD FORAL DE);5. PATRIMONIO;2012;2.148
NAVARRA (COMUNIDAD FORAL DE);5. PATRIMONIO;2011;1.866
NAVARRA (COMUNIDAD FORAL DE);5. PATRIMONIO;2010;2.093
NAVARRA (COMUNIDAD FORAL DE);5.1.-Hurtos;2023;1.522
NAVARRA (COMUNIDAD FORAL DE);5.1.-Hurtos;2022;1.199
NAVARRA (COMUNIDAD FORAL DE);5.1.-Hurtos;2021;942
NAVARRA (COMUNIDAD FORAL DE);5.1.-Hurtos;2020;768
NAVARRA (COMUNIDAD FORAL DE);5.1.-Hurtos;2019;1.047
NAVARRA (COMUNIDAD FORAL DE);5.1.-Hurtos;2018;974
NAVARRA (COMUNIDAD FORAL DE);5.1.-Hurtos;2017;948
NAVARRA (COMUNIDAD FORAL DE);5.1.-Hurtos;2016;1.245
NAVARRA (COMUNIDAD FORAL DE);5.1.-Hurtos;2015;1.138
NAVARRA (COMUNIDAD FORAL DE);5.1.-Hurtos;2014;1.246
NAVARRA (COMUNIDAD FORAL DE);5.1.-Hurtos;2013;1.034
NAVARRA (COMUNIDAD FORAL DE);5.1.-Hurtos;2012;953
NAVARRA (COMUNIDAD FORAL DE);5.1.-Hurtos;2011;761
NAVARRA (COMUNIDAD FORAL DE);5.1.-Hurtos;2010;778
NAVARRA (COMUNIDAD FORAL DE);5.2.-Robos con fuerza en las cosas;2023;353
NAVARRA (COMUNIDAD FORAL DE);5.2.-Robos con fuerza en las cosas;2022;349
NAVARRA (COMUNIDAD FORAL DE);5.2.-Robos con fuerza en las cosas;2021;265
NAVARRA (COMUNIDAD FORAL DE);5.2.-Robos con fuerza en las cosas;2020;324
NAVARRA (COMUNIDAD FORAL DE);5.2.-Robos con fuerza en las cosas;2019;459
NAVARRA (COMUNIDAD FORAL DE);5.2.-Robos con fuerza en las cosas;2018;332
NAVARRA (COMUNIDAD FORAL DE);5.2.-Robos con fuerza en las cosas;2017;374
NAVARRA (COMUNIDAD FORAL DE);5.2.-Robos con fuerza en las cosas;2016;572
NAVARRA (COMUNIDAD FORAL DE);5.2.-Robos con fuerza en las cosas;2015;399
NAVARRA (COMUNIDAD FORAL DE);5.2.-Robos con fuerza en las cosas;2014;505
NAVARRA (COMUNIDAD FORAL DE);5.2.-Robos con fuerza en las cosas;2013;428
NAVARRA (COMUNIDAD FORAL DE);5.2.-Robos con fuerza en las cosas;2012;384
NAVARRA (COMUNIDAD FORAL DE);5.2.-Robos con fuerza en las cosas;2011;464
NAVARRA (COMUNIDAD FORAL DE);5.2.-Robos con fuerza en las cosas;2010;470
NAVARRA (COMUNIDAD FORAL DE);5.2.1.-Robos con fuerza en las cosas en el interior de vehículos;2023;48
NAVARRA (COMUNIDAD FORAL DE);5.2.1.-Robos con fuerza en las cosas en el interior de vehículos;2022;51
NAVARRA (COMUNIDAD FORAL DE);5.2.1.-Robos con fuerza en las cosas en el interior de vehículos;2021;48
NAVARRA (COMUNIDAD FORAL DE);5.2.1.-Robos con fuerza en las cosas en el interior de vehículos;2020;56
NAVARRA (COMUNIDAD FORAL DE);5.2.1.-Robos con fuerza en las cosas en el interior de vehículos;2019;67
NAVARRA (COMUNIDAD FORAL DE);5.2.1.-Robos con fuerza en las cosas en el interior de vehículos;2018;45
NAVARRA (COMUNIDAD FORAL DE);5.2.1.-Robos con fuerza en las cosas en el interior de vehículos;2017;57
NAVARRA (COMUNIDAD FORAL DE);5.2.1.-Robos con fuerza en las cosas en el interior de vehículos;2016;126
NAVARRA (COMUNIDAD FORAL DE);5.2.1.-Robos con fuerza en las cosas en el interior de vehículos;2015;96
NAVARRA (COMUNIDAD FORAL DE);5.2.1.-Robos con fuerza en las cosas en el interior de vehículos;2014;76
NAVARRA (COMUNIDAD FORAL DE);5.2.1.-Robos con fuerza en las cosas en el interior de vehículos;2013;78
NAVARRA (COMUNIDAD FORAL DE);5.2.1.-Robos con fuerza en las cosas en el interior de vehículos;2012;70
NAVARRA (COMUNIDAD FORAL DE);5.2.1.-Robos con fuerza en las cosas en el interior de vehículos;2011;110
NAVARRA (COMUNIDAD FORAL DE);5.2.1.-Robos con fuerza en las cosas en el interior de vehículos;2010;76
NAVARRA (COMUNIDAD FORAL DE);5.2.2.-Robos con fuerza en viviendas;2023;83
NAVARRA (COMUNIDAD FORAL DE);5.2.2.-Robos con fuerza en viviendas;2022;97
NAVARRA (COMUNIDAD FORAL DE);5.2.2.-Robos con fuerza en viviendas;2021;67
NAVARRA (COMUNIDAD FORAL DE);5.2.2.-Robos con fuerza en viviendas;2020;80
NAVARRA (COMUNIDAD FORAL DE);5.2.2.-Robos con fuerza en viviendas;2019;118
NAVARRA (COMUNIDAD FORAL DE);5.2.2.-Robos con fuerza en viviendas;2018;109
NAVARRA (COMUNIDAD FORAL DE);5.2.2.-Robos con fuerza en viviendas;2017;113
NAVARRA (COMUNIDAD FORAL DE);5.2.2.-Robos con fuerza en viviendas;2016;172
NAVARRA (COMUNIDAD FORAL DE);5.2.2.-Robos con fuerza en viviendas;2015;105
NAVARRA (COMUNIDAD FORAL DE);5.2.2.-Robos con fuerza en viviendas;2014;180
NAVARRA (COMUNIDAD FORAL DE);5.2.2.-Robos con fuerza en viviendas;2013;169
NAVARRA (COMUNIDAD FORAL DE);5.2.2.-Robos con fuerza en viviendas;2012;135
NAVARRA (COMUNIDAD FORAL DE);5.2.2.-Robos con fuerza en viviendas;2011;151
NAVARRA (COMUNIDAD FORAL DE);5.2.2.-Robos con fuerza en viviendas;2010;111
NAVARRA (COMUNIDAD FORAL DE);5.2.3.-Robos con fuerza en establecimientos;2023;100
NAVARRA (COMUNIDAD FORAL DE);5.2.3.-Robos con fuerza en establecimientos;2022;85
NAVARRA (COMUNIDAD FORAL DE);5.2.3.-Robos con fuerza en establecimientos;2021;66
NAVARRA (COMUNIDAD FORAL DE);5.2.3.-Robos con fuerza en establecimientos;2020;105
NAVARRA (COMUNIDAD FORAL DE);5.2.3.-Robos con fuerza en establecimientos;2019;131
NAVARRA (COMUNIDAD FORAL DE);5.2.3.-Robos con fuerza en establecimientos;2018;87
NAVARRA (COMUNIDAD FORAL DE);5.2.3.-Robos con fuerza en establecimientos;2017;82
NAVARRA (COMUNIDAD FORAL DE);5.2.3.-Robos con fuerza en establecimientos;2016;109
NAVARRA (COMUNIDAD FORAL DE);5.2.3.-Robos con fuerza en establecimientos;2015;82
NAVARRA (COMUNIDAD FORAL DE);5.2.3.-Robos con fuerza en establecimientos;2014;94
NAVARRA (COMUNIDAD FORAL DE);5.2.3.-Robos con fuerza en establecimientos;2013;81
NAVARRA (COMUNIDAD FORAL DE);5.2.3.-Robos con fuerza en establecimientos;2012;71
NAVARRA (COMUNIDAD FORAL DE);5.2.3.-Robos con fuerza en establecimientos;2011;106
NAVARRA (COMUNIDAD FORAL DE);5.2.3.-Robos con fuerza en establecimientos;2010;84
NAVARRA (COMUNIDAD FORAL DE);5.3.-Robos con violencia o intimidación;2023;183
NAVARRA (COMUNIDAD FORAL DE);5.3.-Robos con violencia o intimidación;2022;177
NAVARRA (COMUNIDAD FORAL DE);5.3.-Robos con violencia o intimidación;2021;136
NAVARRA (COMUNIDAD FORAL DE);5.3.-Robos con violencia o intimidación;2020;102
NAVARRA (COMUNIDAD FORAL DE);5.3.-Robos con violencia o intimidación;2019;98
NAVARRA (COMUNIDAD FORAL DE);5.3.-Robos con violencia o intimidación;2018;69
NAVARRA (COMUNIDAD FORAL DE);5.3.-Robos con violencia o intimidación;2017;128
NAVARRA (COMUNIDAD FORAL DE);5.3.-Robos con violencia o intimidación;2016;117
NAVARRA (COMUNIDAD FORAL DE);5.3.-Robos con violencia o intimidación;2015;127
NAVARRA (COMUNIDAD FORAL DE);5.3.-Robos con violencia o intimidación;2014;75
NAVARRA (COMUNIDAD FORAL DE);5.3.-Robos con violencia o intimidación;2013;83
NAVARRA (COMUNIDAD FORAL DE);5.3.-Robos con violencia o intimidación;2012;79
NAVARRA (COMUNIDAD FORAL DE);5.3.-Robos con violencia o intimidación;2011;55
NAVARRA (COMUNIDAD FORAL DE);5.3.-Robos con violencia o intimidación;2010;73
NAVARRA (COMUNIDAD FORAL DE);5.3.1.-Robos con violencia en vía pública;2023;124
NAVARRA (COMUNIDAD FORAL DE);5.3.1.-Robos con violencia en vía pública;2022;119
NAVARRA (COMUNIDAD FORAL DE);5.3.1.-Robos con violencia en vía pública;2021;86
NAVARRA (COMUNIDAD FORAL DE);5.3.1.-Robos con violencia en vía pública;2020;62
NAVARRA (COMUNIDAD FORAL DE);5.3.1.-Robos con violencia en vía pública;2019;51
NAVARRA (COMUNIDAD FORAL DE);5.3.1.-Robos con violencia en vía pública;2018;38
NAVARRA (COMUNIDAD FORAL DE);5.3.1.-Robos con violencia en vía pública;2017;87
NAVARRA (COMUNIDAD FORAL DE);5.3.1.-Robos con violencia en vía pública;2016;64
NAVARRA (COMUNIDAD FORAL DE);5.3.1.-Robos con violencia en vía pública;2015;58
NAVARRA (COMUNIDAD FORAL DE);5.3.1.-Robos con violencia en vía pública;2014;35
NAVARRA (COMUNIDAD FORAL DE);5.3.1.-Robos con violencia en vía pública;2013;28
NAVARRA (COMUNIDAD FORAL DE);5.3.1.-Robos con violencia en vía pública;2012;34
NAVARRA (COMUNIDAD FORAL DE);5.3.1.-Robos con violencia en vía pública;2011;26
NAVARRA (COMUNIDAD FORAL DE);5.3.1.-Robos con violencia en vía pública;2010;40
NAVARRA (COMUNIDAD FORAL DE);5.3.2.-Robos con violencia en viviendas;2023;12
NAVARRA (COMUNIDAD FORAL DE);5.3.2.-Robos con violencia en viviendas;2022;14
NAVARRA (COMUNIDAD FORAL DE);5.3.2.-Robos con violencia en viviendas;2021;9
NAVARRA (COMUNIDAD FORAL DE);5.3.2.-Robos con violencia en viviendas;2020;9
NAVARRA (COMUNIDAD FORAL DE);5.3.2.-Robos con violencia en viviendas;2019;13
NAVARRA (COMUNIDAD FORAL DE);5.3.2.-Robos con violencia en viviendas;2018;5
NAVARRA (COMUNIDAD FORAL DE);5.3.2.-Robos con violencia en viviendas;2017;9
NAVARRA (COMUNIDAD FORAL DE);5.3.2.-Robos con violencia en viviendas;2016;10
NAVARRA (COMUNIDAD FORAL DE);5.3.2.-Robos con violencia en viviendas;2015;7
NAVARRA (COMUNIDAD FORAL DE);5.3.2.-Robos con violencia en viviendas;2014;8
NAVARRA (COMUNIDAD FORAL DE);5.3.2.-Robos con violencia en viviendas;2013;11
NAVARRA (COMUNIDAD FORAL DE);5.3.2.-Robos con violencia en viviendas;2012;6
NAVARRA (COMUNIDAD FORAL DE);5.3.2.-Robos con violencia en viviendas;2011;2
NAVARRA (COMUNIDAD FORAL DE);5.3.2.-Robos con violencia en viviendas;2010;2
NAVARRA (COMUNIDAD FORAL DE);5.3.3.-Robos con violencia en establecimientos;2023;31
NAVARRA (COMUNIDAD FORAL DE);5.3.3.-Robos con violencia en establecimientos;2022;30
NAVARRA (COMUNIDAD FORAL DE);5.3.3.-Robos con violencia en establecimientos;2021;30
NAVARRA (COMUNIDAD FORAL DE);5.3.3.-Robos con violencia en establecimientos;2020;20
NAVARRA (COMUNIDAD FORAL DE);5.3.3.-Robos con violencia en establecimientos;2019;24
NAVARRA (COMUNIDAD FORAL DE);5.3.3.-Robos con violencia en establecimientos;2018;18
NAVARRA (COMUNIDAD FORAL DE);5.3.3.-Robos con violencia en establecimientos;2017;27
NAVARRA (COMUNIDAD FORAL DE);5.3.3.-Robos con violencia en establecimientos;2016;18
NAVARRA (COMUNIDAD FORAL DE);5.3.3.-Robos con violencia en establecimientos;2015;47
NAVARRA (COMUNIDAD FORAL DE);5.3.3.-Robos con violencia en establecimientos;2014;22
NAVARRA (COMUNIDAD FORAL DE);5.3.3.-Robos con violencia en establecimientos;2013;31
NAVARRA (COMUNIDAD FORAL DE);5.3.3.-Robos con violencia en establecimientos;2012;25
NAVARRA (COMUNIDAD FORAL DE);5.3.3.-Robos con violencia en establecimientos;2011;12
NAVARRA (COMUNIDAD FORAL DE);5.3.3.-Robos con violencia en establecimientos;2010;25
NAVARRA (COMUNIDAD FORAL DE);5.4.-Sustracción de vehículos;2023;58
NAVARRA (COMUNIDAD FORAL DE);5.4.-Sustracción de vehículos;2022;38
NAVARRA (COMUNIDAD FORAL DE);5.4.-Sustracción de vehículos;2021;43
NAVARRA (COMUNIDAD FORAL DE);5.4.-Sustracción de vehículos;2020;51
NAVARRA (COMUNIDAD FORAL DE);5.4.-Sustracción de vehículos;2019;77
NAVARRA (COMUNIDAD FORAL DE);5.4.-Sustracción de vehículos;2018;71
NAVARRA (COMUNIDAD FORAL DE);5.4.-Sustracción de vehículos;2017;73
NAVARRA (COMUNIDAD FORAL DE);5.4.-Sustracción de vehículos;2016;89
NAVARRA (COMUNIDAD FORAL DE);5.4.-Sustracción de vehículos;2015;68
NAVARRA (COMUNIDAD FORAL DE);5.4.-Sustracción de vehículos;2014;57
NAVARRA (COMUNIDAD FORAL DE);5.4.-Sustracción de vehículos;2013;75
NAVARRA (COMUNIDAD FORAL DE);5.4.-Sustracción de vehículos;2012;44
NAVARRA (COMUNIDAD FORAL DE);5.4.-Sustracción de vehículos;2011;47
NAVARRA (COMUNIDAD FORAL DE);5.4.-Sustracción de vehículos;2010;40
NAVARRA (COMUNIDAD FORAL DE);5.5.-Estafas;2023;834
NAVARRA (COMUNIDAD FORAL DE);5.5.-Estafas;2022;742
NAVARRA (COMUNIDAD FORAL DE);5.5.-Estafas;2021;837
NAVARRA (COMUNIDAD FORAL DE);5.5.-Estafas;2020;825
NAVARRA (COMUNIDAD FORAL DE);5.5.-Estafas;2019;625
NAVARRA (COMUNIDAD FORAL DE);5.5.-Estafas;2018;575
NAVARRA (COMUNIDAD FORAL DE);5.5.-Estafas;2017;547
NAVARRA (COMUNIDAD FORAL DE);5.5.-Estafas;2016;554
NAVARRA (COMUNIDAD FORAL DE);5.5.-Estafas;2015;412
NAVARRA (COMUNIDAD FORAL DE);5.5.-Estafas;2014;495
NAVARRA (COMUNIDAD FORAL DE);5.5.-Estafas;2013;378
NAVARRA (COMUNIDAD FORAL DE);5.5.-Estafas;2012;287
NAVARRA (COMUNIDAD FORAL DE);5.5.-Estafas;2011;234
NAVARRA (COMUNIDAD FORAL DE);5.5.-Estafas;2010;286
NAVARRA (COMUNIDAD FORAL DE);5.5.1.-Estafas informáticas;2023;573
NAVARRA (COMUNIDAD FORAL DE);5.5.1.-Estafas informáticas;2022;420
NAVARRA (COMUNIDAD FORAL DE);5.5.1.-Estafas informáticas;2021;452
NAVARRA (COMUNIDAD FORAL DE);5.5.1.-Estafas informáticas;2020;442
NAVARRA (COMUNIDAD FORAL DE);5.5.1.-Estafas informáticas;2019;238
NAVARRA (COMUNIDAD FORAL DE);5.5.1.-Estafas informáticas;2018;226
NAVARRA (COMUNIDAD FORAL DE);5.5.1.-Estafas informáticas;2017;222
NAVARRA (COMUNIDAD FORAL DE);5.5.1.-Estafas informáticas;2016;248
NAVARRA (COMUNIDAD FORAL DE);5.5.1.-Estafas informáticas;2015;161
NAVARRA (COMUNIDAD FORAL DE);5.5.1.-Estafas informáticas;2014;174
NAVARRA (COMUNIDAD FORAL DE);5.5.1.-Estafas informáticas;2013;157
NAVARRA (COMUNIDAD FORAL DE);5.5.1.-Estafas informáticas;2012;82
NAVARRA (COMUNIDAD FORAL DE);5.5.1.-Estafas informáticas;2011;66
NAVARRA (COMUNIDAD FORAL DE);5.5.1.-Estafas informáticas;2010;80
NAVARRA (COMUNIDAD FORAL DE);5.6.-Daños;2023;445
NAVARRA (COMUNIDAD FORAL DE);5.6.-Daños;2022;541
NAVARRA (COMUNIDAD FORAL DE);5.6.-Daños;2021;468
NAVARRA (COMUNIDAD FORAL DE);5.6.-Daños;2020;398
NAVARRA (COMUNIDAD FORAL DE);5.6.-Daños;2019;393
NAVARRA (COMUNIDAD FORAL DE);5.6.-Daños;2018;416
NAVARRA (COMUNIDAD FORAL DE);5.6.-Daños;2017;473
NAVARRA (COMUNIDAD FORAL DE);5.6.-Daños;2016;530
NAVARRA (COMUNIDAD FORAL DE);5.6.-Daños;2015;390
NAVARRA (COMUNIDAD FORAL DE);5.6.-Daños;2014;470
NAVARRA (COMUNIDAD FORAL DE);5.6.-Daños;2013;313
NAVARRA (COMUNIDAD FORAL DE);5.6.-Daños;2012;271
NAVARRA (COMUNIDAD FORAL DE);5.6.-Daños;2011;231
NAVARRA (COMUNIDAD FORAL DE);5.6.-Daños;2010;341
NAVARRA (COMUNIDAD FORAL DE);5.7.-Contra la propiedad intelectual/industrial;2023;40
NAVARRA (COMUNIDAD FORAL DE);5.7.-Contra la propiedad intelectual/industrial;2022;12
NAVARRA (COMUNIDAD FORAL DE);5.7.-Contra la propiedad intelectual/industrial;2021;8
NAVARRA (COMUNIDAD FORAL DE);5.7.-Contra la propiedad intelectual/industrial;2020;6
NAVARRA (COMUNIDAD FORAL DE);5.7.-Contra la propiedad intelectual/industrial;2019;20
NAVARRA (COMUNIDAD FORAL DE);5.7.-Contra la propiedad intelectual/industrial;2018;29
NAVARRA (COMUNIDAD FORAL DE);5.7.-Contra la propiedad intelectual/industrial;2017;10
NAVARRA (COMUNIDAD FORAL DE);5.7.-Contra la propiedad intelectual/industrial;2016;27
NAVARRA (COMUNIDAD FORAL DE);5.7.-Contra la propiedad intelectual/industrial;2015;29
NAVARRA (COMUNIDAD FORAL DE);5.7.-Contra la propiedad intelectual/industrial;2014;47
NAVARRA (COMUNIDAD FORAL DE);5.7.-Contra la propiedad intelectual/industrial;2013;66
NAVARRA (COMUNIDAD FORAL DE);5.7.-Contra la propiedad intelectual/industrial;2012;8
NAVARRA (COMUNIDAD FORAL DE);5.7.-Contra la propiedad intelectual/industrial;2011;3
NAVARRA (COMUNIDAD FORAL DE);5.7.-Contra la propiedad intelectual/industrial;2010;9
NAVARRA (COMUNIDAD FORAL DE);5.8.-Blanqueo de capitales;2023;22
NAVARRA (COMUNIDAD FORAL DE);5.8.-Blanqueo de capitales;2022;7
NAVARRA (COMUNIDAD FORAL DE);5.8.-Blanqueo de capitales;2021;8
NAVARRA (COMUNIDAD FORAL DE);5.8.-Blanqueo de capitales;2020;2
NAVARRA (COMUNIDAD FORAL DE);5.8.-Blanqueo de capitales;2019;2
NAVARRA (COMUNIDAD FORAL DE);5.8.-Blanqueo de capitales;2018;2
NAVARRA (COMUNIDAD FORAL DE);5.8.-Blanqueo de capitales;2017;2
NAVARRA (COMUNIDAD FORAL DE);5.8.-Blanqueo de capitales;2016;2
NAVARRA (COMUNIDAD FORAL DE);5.8.-Blanqueo de capitales;2015;2
NAVARRA (COMUNIDAD FORAL DE);5.8.-Blanqueo de capitales;2014;1
NAVARRA (COMUNIDAD FORAL DE);5.8.-Blanqueo de capitales;2013;0
NAVARRA (COMUNIDAD FORAL DE);5.8.-Blanqueo de capitales;2012;0
NAVARRA (COMUNIDAD FORAL DE);5.8.-Blanqueo de capitales;2011;0
NAVARRA (COMUNIDAD FORAL DE);5.8.-Blanqueo de capitales;2010;1
NAVARRA (COMUNIDAD FORAL DE);5.9.-Otros contra el patrimonio;2023;315
NAVARRA (COMUNIDAD FORAL DE);5.9.-Otros contra el patrimonio;2022;334
NAVARRA (COMUNIDAD FORAL DE);5.9.-Otros contra el patrimonio;2021;261
NAVARRA (COMUNIDAD FORAL DE);5.9.-Otros contra el patrimonio;2020;252
NAVARRA (COMUNIDAD FORAL DE);5.9.-Otros contra el patrimonio;2019;276
NAVARRA (COMUNIDAD FORAL DE);5.9.-Otros contra el patrimonio;2018;273
NAVARRA (COMUNIDAD FORAL DE);5.9.-Otros contra el patrimonio;2017;245
NAVARRA (COMUNIDAD FORAL DE);5.9.-Otros contra el patrimonio;2016;266
NAVARRA (COMUNIDAD FORAL DE);5.9.-Otros contra el patrimonio;2015;198
NAVARRA (COMUNIDAD FORAL DE);5.9.-Otros contra el patrimonio;2014;267
NAVARRA (COMUNIDAD FORAL DE);5.9.-Otros contra el patrimonio;2013;172
NAVARRA (COMUNIDAD FORAL DE);5.9.-Otros contra el patrimonio;2012;122
NAVARRA (COMUNIDAD FORAL DE);5.9.-Otros contra el patrimonio;2011;71
NAVARRA (COMUNIDAD FORAL DE);5.9.-Otros contra el patrimonio;2010;95
NAVARRA (COMUNIDAD FORAL DE);6. SEGURIDAD COLECTIVA;2023;1.512
NAVARRA (COMUNIDAD FORAL DE);6. SEGURIDAD COLECTIVA;2022;1.671
NAVARRA (COMUNIDAD FORAL DE);6. SEGURIDAD COLECTIVA;2021;1.304
NAVARRA (COMUNIDAD FORAL DE);6. SEGURIDAD COLECTIVA;2020;1.122
NAVARRA (COMUNIDAD FORAL DE);6. SEGURIDAD COLECTIVA;2019;1.513
NAVARRA (COMUNIDAD FORAL DE);6. SEGURIDAD COLECTIVA;2018;1.438
NAVARRA (COMUNIDAD FORAL DE);6. SEGURIDAD COLECTIVA;2017;842
NAVARRA (COMUNIDAD FORAL DE);6. SEGURIDAD COLECTIVA;2016;836
NAVARRA (COMUNIDAD FORAL DE);6. SEGURIDAD COLECTIVA;2015;652
NAVARRA (COMUNIDAD FORAL DE);6. SEGURIDAD COLECTIVA;2014;692
NAVARRA (COMUNIDAD FORAL DE);6. SEGURIDAD COLECTIVA;2013;607
NAVARRA (COMUNIDAD FORAL DE);6. SEGURIDAD COLECTIVA;2012;1.000
NAVARRA (COMUNIDAD FORAL DE);6. SEGURIDAD COLECTIVA;2011;1.168
NAVARRA (COMUNIDAD FORAL DE);6. SEGURIDAD COLECTIVA;2010;1.436
NAVARRA (COMUNIDAD FORAL DE);6.1.-Tráfico de drogas;2023;154
NAVARRA (COMUNIDAD FORAL DE);6.1.-Tráfico de drogas;2022;142
NAVARRA (COMUNIDAD FORAL DE);6.1.-Tráfico de drogas;2021;142
NAVARRA (COMUNIDAD FORAL DE);6.1.-Tráfico de drogas;2020;147
NAVARRA (COMUNIDAD FORAL DE);6.1.-Tráfico de drogas;2019;147
NAVARRA (COMUNIDAD FORAL DE);6.1.-Tráfico de drogas;2018;136
NAVARRA (COMUNIDAD FORAL DE);6.1.-Tráfico de drogas;2017;145
NAVARRA (COMUNIDAD FORAL DE);6.1.-Tráfico de drogas;2016;217
NAVARRA (COMUNIDAD FORAL DE);6.1.-Tráfico de drogas;2015;169
NAVARRA (COMUNIDAD FORAL DE);6.1.-Tráfico de drogas;2014;178
NAVARRA (COMUNIDAD FORAL DE);6.1.-Tráfico de drogas;2013;133
NAVARRA (COMUNIDAD FORAL DE);6.1.-Tráfico de drogas;2012;109
NAVARRA (COMUNIDAD FORAL DE);6.1.-Tráfico de drogas;2011;146
NAVARRA (COMUNIDAD FORAL DE);6.1.-Tráfico de drogas;2010;142
NAVARRA (COMUNIDAD FORAL DE);6.2.-Contra la seguridad vial;2023;1.324
NAVARRA (COMUNIDAD FORAL DE);6.2.-Contra la seguridad vial;2022;1.498
NAVARRA (COMUNIDAD FORAL DE);6.2.-Contra la seguridad vial;2021;1.143
NAVARRA (COMUNIDAD FORAL DE);6.2.-Contra la seguridad vial;2020;946
NAVARRA (COMUNIDAD FORAL DE);6.2.-Contra la seguridad vial;2019;1.326
NAVARRA (COMUNIDAD FORAL DE);6.2.-Contra la seguridad vial;2018;1.261
NAVARRA (COMUNIDAD FORAL DE);6.2.-Contra la seguridad vial;2017;656
NAVARRA (COMUNIDAD FORAL DE);6.2.-Contra la seguridad vial;2016;579
NAVARRA (COMUNIDAD FORAL DE);6.2.-Contra la seguridad vial;2015;458
NAVARRA (COMUNIDAD FORAL DE);6.2.-Contra la seguridad vial;2014;488
NAVARRA (COMUNIDAD FORAL DE);6.2.-Contra la seguridad vial;2013;462
NAVARRA (COMUNIDAD FORAL DE);6.2.-Contra la seguridad vial;2012;883
NAVARRA (COMUNIDAD FORAL DE);6.2.-Contra la seguridad vial;2011;1.010
NAVARRA (COMUNIDAD FORAL DE);6.2.-Contra la seguridad vial;2010;1.258
NAVARRA (COMUNIDAD FORAL DE);6.3.-Otros contra la seguridad colectiva;2023;34
NAVARRA (COMUNIDAD FORAL DE);6.3.-Otros contra la seguridad colectiva;2022;31
NAVARRA (COMUNIDAD FORAL DE);6.3.-Otros contra la seguridad colectiva;2021;19
NAVARRA (COMUNIDAD FORAL DE);6.3.-Otros contra la seguridad colectiva;2020;29
NAVARRA (COMUNIDAD FORAL DE);6.3.-Otros contra la seguridad colectiva;2019;40
NAVARRA (COMUNIDAD FORAL DE);6.3.-Otros contra la seguridad colectiva;2018;41
NAVARRA (COMUNIDAD FORAL DE);6.3.-Otros contra la seguridad colectiva;2017;41
NAVARRA (COMUNIDAD FORAL DE);6.3.-Otros contra la seguridad colectiva;2016;40
NAVARRA (COMUNIDAD FORAL DE);6.3.-Otros contra la seguridad colectiva;2015;25
NAVARRA (COMUNIDAD FORAL DE);6.3.-Otros contra la seguridad colectiva;2014;26
NAVARRA (COMUNIDAD FORAL DE);6.3.-Otros contra la seguridad colectiva;2013;12
NAVARRA (COMUNIDAD FORAL DE);6.3.-Otros contra la seguridad colectiva;2012;8
NAVARRA (COMUNIDAD FORAL DE);6.3.-Otros contra la seguridad colectiva;2011;12
NAVARRA (COMUNIDAD FORAL DE);6.3.-Otros contra la seguridad colectiva;2010;36
NAVARRA (COMUNIDAD FORAL DE);7. FALSEDADES;2023;207
NAVARRA (COMUNIDAD FORAL DE);7. FALSEDADES;2022;168
NAVARRA (COMUNIDAD FORAL DE);7. FALSEDADES;2021;256
NAVARRA (COMUNIDAD FORAL DE);7. FALSEDADES;2020;167
NAVARRA (COMUNIDAD FORAL DE);7. FALSEDADES;2019;161
NAVARRA (COMUNIDAD FORAL DE);7. FALSEDADES;2018;154
NAVARRA (COMUNIDAD FORAL DE);7. FALSEDADES;2017;140
NAVARRA (COMUNIDAD FORAL DE);7. FALSEDADES;2016;374
NAVARRA (COMUNIDAD FORAL DE);7. FALSEDADES;2015;94
NAVARRA (COMUNIDAD FORAL DE);7. FALSEDADES;2014;167
NAVARRA (COMUNIDAD FORAL DE);7. FALSEDADES;2013;116
NAVARRA (COMUNIDAD FORAL DE);7. FALSEDADES;2012;99
NAVARRA (COMUNIDAD FORAL DE);7. FALSEDADES;2011;104
NAVARRA (COMUNIDAD FORAL DE);7. FALSEDADES;2010;148
NAVARRA (COMUNIDAD FORAL DE);8. ADMÓN. PÚBLICA;2023;9
NAVARRA (COMUNIDAD FORAL DE);8. ADMÓN. PÚBLICA;2022;4
NAVARRA (COMUNIDAD FORAL DE);8. ADMÓN. PÚBLICA;2021;6
NAVARRA (COMUNIDAD FORAL DE);8. ADMÓN. PÚBLICA;2020;2
NAVARRA (COMUNIDAD FORAL DE);8. ADMÓN. PÚBLICA;2019;4
NAVARRA (COMUNIDAD FORAL DE);8. ADMÓN. PÚBLICA;2018;4
NAVARRA (COMUNIDAD FORAL DE);8. ADMÓN. PÚBLICA;2017;10
NAVARRA (COMUNIDAD FORAL DE);8. ADMÓN. PÚBLICA;2016;2
NAVARRA (COMUNIDAD FORAL DE);8. ADMÓN. PÚBLICA;2015;4
NAVARRA (COMUNIDAD FORAL DE);8. ADMÓN. PÚBLICA;2014;3
NAVARRA (COMUNIDAD FORAL DE);8. ADMÓN. PÚBLICA;2013;9
NAVARRA (COMUNIDAD FORAL DE);8. ADMÓN. PÚBLICA;2012;3
NAVARRA (COMUNIDAD FORAL DE);8. ADMÓN. PÚBLICA;2011;13
NAVARRA (COMUNIDAD FORAL DE);8. ADMÓN. PÚBLICA;2010;12
NAVARRA (COMUNIDAD FORAL DE);9. ADMÓN. JUSTICIA;2023;463
NAVARRA (COMUNIDAD FORAL DE);9. ADMÓN. JUSTICIA;2022;483
NAVARRA (COMUNIDAD FORAL DE);9. ADMÓN. JUSTICIA;2021;376
NAVARRA (COMUNIDAD FORAL DE);9. ADMÓN. JUSTICIA;2020;381
NAVARRA (COMUNIDAD FORAL DE);9. ADMÓN. JUSTICIA;2019;393
NAVARRA (COMUNIDAD FORAL DE);9. ADMÓN. JUSTICIA;2018;378
NAVARRA (COMUNIDAD FORAL DE);9. ADMÓN. JUSTICIA;2017;321
NAVARRA (COMUNIDAD FORAL DE);9. ADMÓN. JUSTICIA;2016;356
NAVARRA (COMUNIDAD FORAL DE);9. ADMÓN. JUSTICIA;2015;284
NAVARRA (COMUNIDAD FORAL DE);9. ADMÓN. JUSTICIA;2014;201
NAVARRA (COMUNIDAD FORAL DE);9. ADMÓN. JUSTICIA;2013;151
NAVARRA (COMUNIDAD FORAL DE);9. ADMÓN. JUSTICIA;2012;153
NAVARRA (COMUNIDAD FORAL DE);9. ADMÓN. JUSTICIA;2011;170
NAVARRA (COMUNIDAD FORAL DE);9. ADMÓN. JUSTICIA;2010;305
NAVARRA (COMUNIDAD FORAL DE);10. ORDEN PÚBLICO;2023;519
NAVARRA (COMUNIDAD FORAL DE);10. ORDEN PÚBLICO;2022;520
NAVARRA (COMUNIDAD FORAL DE);10. ORDEN PÚBLICO;2021;432
NAVARRA (COMUNIDAD FORAL DE);10. ORDEN PÚBLICO;2020;417
NAVARRA (COMUNIDAD FORAL DE);10. ORDEN PÚBLICO;2019;353
NAVARRA (COMUNIDAD FORAL DE);10. ORDEN PÚBLICO;2018;299
NAVARRA (COMUNIDAD FORAL DE);10. ORDEN PÚBLICO;2017;282
NAVARRA (COMUNIDAD FORAL DE);10. ORDEN PÚBLICO;2016;307
NAVARRA (COMUNIDAD FORAL DE);10. ORDEN PÚBLICO;2015;361
NAVARRA (COMUNIDAD FORAL DE);10. ORDEN PÚBLICO;2014;511
NAVARRA (COMUNIDAD FORAL DE);10. ORDEN PÚBLICO;2013;455
NAVARRA (COMUNIDAD FORAL DE);10. ORDEN PÚBLICO;2012;378
NAVARRA (COMUNIDAD FORAL DE);10. ORDEN PÚBLICO;2011;310
NAVARRA (COMUNIDAD FORAL DE);10. ORDEN PÚBLICO;2010;540
NAVARRA (COMUNIDAD FORAL DE);11. LEGISLACIÓN ESPECIAL;2023;0
NAVARRA (COMUNIDAD FORAL DE);11. LEGISLACIÓN ESPECIAL;2022;5
NAVARRA (COMUNIDAD FORAL DE);11. LEGISLACIÓN ESPECIAL;2021;0
NAVARRA (COMUNIDAD FORAL DE);11. LEGISLACIÓN ESPECIAL;2020;0
NAVARRA (COMUNIDAD FORAL DE);11. LEGISLACIÓN ESPECIAL;2019;0
NAVARRA (COMUNIDAD FORAL DE);11. LEGISLACIÓN ESPECIAL;2018;1
NAVARRA (COMUNIDAD FORAL DE);11. LEGISLACIÓN ESPECIAL;2017;0
NAVARRA (COMUNIDAD FORAL DE);11. LEGISLACIÓN ESPECIAL;2016;1
NAVARRA (COMUNIDAD FORAL DE);11. LEGISLACIÓN ESPECIAL;2015;2
NAVARRA (COMUNIDAD FORAL DE);11. LEGISLACIÓN ESPECIAL;2014;1
NAVARRA (COMUNIDAD FORAL DE);11. LEGISLACIÓN ESPECIAL;2013;1
NAVARRA (COMUNIDAD FORAL DE);11. LEGISLACIÓN ESPECIAL;2012;0
NAVARRA (COMUNIDAD FORAL DE);11. LEGISLACIÓN ESPECIAL;2011;6
NAVARRA (COMUNIDAD FORAL DE);11. LEGISLACIÓN ESPECIAL;2010;3
NAVARRA (COMUNIDAD FORAL DE);12. OTRAS INFRACCIONES PENALES;2023;98
NAVARRA (COMUNIDAD FORAL DE);12. OTRAS INFRACCIONES PENALES;2022;102
NAVARRA (COMUNIDAD FORAL DE);12. OTRAS INFRACCIONES PENALES;2021;107
NAVARRA (COMUNIDAD FORAL DE);12. OTRAS INFRACCIONES PENALES;2020;86
NAVARRA (COMUNIDAD FORAL DE);12. OTRAS INFRACCIONES PENALES;2019;87
NAVARRA (COMUNIDAD FORAL DE);12. OTRAS INFRACCIONES PENALES;2018;102
NAVARRA (COMUNIDAD FORAL DE);12. OTRAS INFRACCIONES PENALES;2017;106
NAVARRA (COMUNIDAD FORAL DE);12. OTRAS INFRACCIONES PENALES;2016;176
NAVARRA (COMUNIDAD FORAL DE);12. OTRAS INFRACCIONES PENALES;2015;106
NAVARRA (COMUNIDAD FORAL DE);12. OTRAS INFRACCIONES PENALES;2014;54
NAVARRA (COMUNIDAD FORAL DE);12. OTRAS INFRACCIONES PENALES;2013;63
NAVARRA (COMUNIDAD FORAL DE);12. OTRAS INFRACCIONES PENALES;2012;41
NAVARRA (COMUNIDAD FORAL DE);12. OTRAS INFRACCIONES PENALES;2011;46
NAVARRA (COMUNIDAD FORAL DE);12. OTRAS INFRACCIONES PENALES;2010;183
NAVARRA (COMUNIDAD FORAL DE);TOTAL INFRACCIONES PENALES;2023;11.264
NAVARRA (COMUNIDAD FORAL DE);TOTAL INFRACCIONES PENALES;2022;10.976
NAVARRA (COMUNIDAD FORAL DE);TOTAL INFRACCIONES PENALES;2021;9.218
NAVARRA (COMUNIDAD FORAL DE);TOTAL INFRACCIONES PENALES;2020;8.129
NAVARRA (COMUNIDAD FORAL DE);TOTAL INFRACCIONES PENALES;2019;9.232
NAVARRA (COMUNIDAD FORAL DE);TOTAL INFRACCIONES PENALES;2018;8.642
NAVARRA (COMUNIDAD FORAL DE);TOTAL INFRACCIONES PENALES;2017;8.146
NAVARRA (COMUNIDAD FORAL DE);TOTAL INFRACCIONES PENALES;2016;9.531
NAVARRA (COMUNIDAD FORAL DE);TOTAL INFRACCIONES PENALES;2015;7.220
NAVARRA (COMUNIDAD FORAL DE);TOTAL INFRACCIONES PENALES;2014;8.221
NAVARRA (COMUNIDAD FORAL DE);TOTAL INFRACCIONES PENALES;2013;6.624
NAVARRA (COMUNIDAD FORAL DE);TOTAL INFRACCIONES PENALES;2012;5.492
NAVARRA (COMUNIDAD FORAL DE);TOTAL INFRACCIONES PENALES;2011;5.426
NAVARRA (COMUNIDAD FORAL DE);TOTAL INFRACCIONES PENALES;2010;7.363
PAÍS VASCO;1. CONTRA LAS PERSONAS;2023;37
PAÍS VASCO;1. CONTRA LAS PERSONAS;2022;33
PAÍS VASCO;1. CONTRA LAS PERSONAS;2021;21
PAÍS VASCO;1. CONTRA LAS PERSONAS;2020;21
PAÍS VASCO;1. CONTRA LAS PERSONAS;2019;29
PAÍS VASCO;1. CONTRA LAS PERSONAS;2018;21
PAÍS VASCO;1. CONTRA LAS PERSONAS;2017;32
PAÍS VASCO;1. CONTRA LAS PERSONAS;2016;27
PAÍS VASCO;1. CONTRA LAS PERSONAS;2015;33
PAÍS VASCO;1. CONTRA LAS PERSONAS;2014;76
PAÍS VASCO;1. CONTRA LAS PERSONAS;2013;45
PAÍS VASCO;1. CONTRA LAS PERSONAS;2012;62
PAÍS VASCO;1. CONTRA LAS PERSONAS;2011;42
PAÍS VASCO;1. CONTRA LAS PERSONAS;2010;46
PAÍS VASCO;1.1.-Homicidios dolosos/asesinatos;2023;1
PAÍS VASCO;1.1.-Homicidios dolosos/asesinatos;2022;0
PAÍS VASCO;1.1.-Homicidios dolosos/asesinatos;2021;0
PAÍS VASCO;1.1.-Homicidios dolosos/asesinatos;2020;0
PAÍS VASCO;1.1.-Homicidios dolosos/asesinatos;2019;1
PAÍS VASCO;1.1.-Homicidios dolosos/asesinatos;2018;0
PAÍS VASCO;1.1.-Homicidios dolosos/asesinatos;2017;1
PAÍS VASCO;1.1.-Homicidios dolosos/asesinatos;2016;0
PAÍS VASCO;1.1.-Homicidios dolosos/asesinatos;2015;1
PAÍS VASCO;1.1.-Homicidios dolosos/asesinatos;2014;1
PAÍS VASCO;1.1.-Homicidios dolosos/asesinatos;2013;0
PAÍS VASCO;1.1.-Homicidios dolosos/asesinatos;2012;0
PAÍS VASCO;1.1.-Homicidios dolosos/asesinatos;2011;0
PAÍS VASCO;1.1.-Homicidios dolosos/asesinatos;2010;0
PAÍS VASCO;1.1.1.-Homicidios dolosos/asesinatos consumados;2023;1
PAÍS VASCO;1.1.1.-Homicidios dolosos/asesinatos consumados;2022;0
PAÍS VASCO;1.1.1.-Homicidios dolosos/asesinatos consumados;2021;0
PAÍS VASCO;1.1.1.-Homicidios dolosos/asesinatos consumados;2020;0
PAÍS VASCO;1.1.1.-Homicidios dolosos/asesinatos consumados;2019;0
PAÍS VASCO;1.1.1.-Homicidios dolosos/asesinatos consumados;2018;0
PAÍS VASCO;1.1.1.-Homicidios dolosos/asesinatos consumados;2017;1
PAÍS VASCO;1.1.1.-Homicidios dolosos/asesinatos consumados;2016;0
PAÍS VASCO;1.1.1.-Homicidios dolosos/asesinatos consumados;2015;0
PAÍS VASCO;1.1.1.-Homicidios dolosos/asesinatos consumados;2014;1
PAÍS VASCO;1.1.1.-Homicidios dolosos/asesinatos consumados;2013;0
PAÍS VASCO;1.1.1.-Homicidios dolosos/asesinatos consumados;2012;0
PAÍS VASCO;1.1.1.-Homicidios dolosos/asesinatos consumados;2011;0
PAÍS VASCO;1.1.1.-Homicidios dolosos/asesinatos consumados;2010;0
PAÍS VASCO;1.2.-Lesiones;2023;9
PAÍS VASCO;1.2.-Lesiones;2022;12
PAÍS VASCO;1.2.-Lesiones;2021;6
PAÍS VASCO;1.2.-Lesiones;2020;5
PAÍS VASCO;1.2.-Lesiones;2019;1
PAÍS VASCO;1.2.-Lesiones;2018;5
PAÍS VASCO;1.2.-Lesiones;2017;13
PAÍS VASCO;1.2.-Lesiones;2016;12
PAÍS VASCO;1.2.-Lesiones;2015;8
PAÍS VASCO;1.2.-Lesiones;2014;18
PAÍS VASCO;1.2.-Lesiones;2013;8
PAÍS VASCO;1.2.-Lesiones;2012;18
PAÍS VASCO;1.2.-Lesiones;2011;15
PAÍS VASCO;1.2.-Lesiones;2010;11
PAÍS VASCO;1.3.-Malos tratos ámbito familiar;2023;25
PAÍS VASCO;1.3.-Malos tratos ámbito familiar;2022;21
PAÍS VASCO;1.3.-Malos tratos ámbito familiar;2021;15
PAÍS VASCO;1.3.-Malos tratos ámbito familiar;2020;16
PAÍS VASCO;1.3.-Malos tratos ámbito familiar;2019;27
PAÍS VASCO;1.3.-Malos tratos ámbito familiar;2018;14
PAÍS VASCO;1.3.-Malos tratos ámbito familiar;2017;17
PAÍS VASCO;1.3.-Malos tratos ámbito familiar;2016;15
PAÍS VASCO;1.3.-Malos tratos ámbito familiar;2015;9
PAÍS VASCO;1.3.-Malos tratos ámbito familiar;2014;18
PAÍS VASCO;1.3.-Malos tratos ámbito familiar;2013;12
PAÍS VASCO;1.3.-Malos tratos ámbito familiar;2012;13
PAÍS VASCO;1.3.-Malos tratos ámbito familiar;2011;10
PAÍS VASCO;1.3.-Malos tratos ámbito familiar;2010;13
PAÍS VASCO;1.4.-Otros contra las personas;2023;2
PAÍS VASCO;1.4.-Otros contra las personas;2022;0
PAÍS VASCO;1.4.-Otros contra las personas;2021;0
PAÍS VASCO;1.4.-Otros contra las personas;2020;0
PAÍS VASCO;1.4.-Otros contra las personas;2019;0
PAÍS VASCO;1.4.-Otros contra las personas;2018;2
PAÍS VASCO;1.4.-Otros contra las personas;2017;1
PAÍS VASCO;1.4.-Otros contra las personas;2016;0
PAÍS VASCO;1.4.-Otros contra las personas;2015;15
PAÍS VASCO;1.4.-Otros contra las personas;2014;39
PAÍS VASCO;1.4.-Otros contra las personas;2013;25
PAÍS VASCO;1.4.-Otros contra las personas;2012;31
PAÍS VASCO;1.4.-Otros contra las personas;2011;17
PAÍS VASCO;1.4.-Otros contra las personas;2010;22
PAÍS VASCO;2. CONTRA LA LIBERTAD;2023;41
PAÍS VASCO;2. CONTRA LA LIBERTAD;2022;42
PAÍS VASCO;2. CONTRA LA LIBERTAD;2021;41
PAÍS VASCO;2. CONTRA LA LIBERTAD;2020;36
PAÍS VASCO;2. CONTRA LA LIBERTAD;2019;72
PAÍS VASCO;2. CONTRA LA LIBERTAD;2018;38
PAÍS VASCO;2. CONTRA LA LIBERTAD;2017;51
PAÍS VASCO;2. CONTRA LA LIBERTAD;2016;38
PAÍS VASCO;2. CONTRA LA LIBERTAD;2015;25
PAÍS VASCO;2. CONTRA LA LIBERTAD;2014;26
PAÍS VASCO;2. CONTRA LA LIBERTAD;2013;12
PAÍS VASCO;2. CONTRA LA LIBERTAD;2012;18
PAÍS VASCO;2. CONTRA LA LIBERTAD;2011;14
PAÍS VASCO;2. CONTRA LA LIBERTAD;2010;20
PAÍS VASCO;2.1.-Malos tratos habituales en el ámbito familiar;2023;3
PAÍS VASCO;2.1.-Malos tratos habituales en el ámbito familiar;2022;6
PAÍS VASCO;2.1.-Malos tratos habituales en el ámbito familiar;2021;9
PAÍS VASCO;2.1.-Malos tratos habituales en el ámbito familiar;2020;6
PAÍS VASCO;2.1.-Malos tratos habituales en el ámbito familiar;2019;4
PAÍS VASCO;2.1.-Malos tratos habituales en el ámbito familiar;2018;1
PAÍS VASCO;2.1.-Malos tratos habituales en el ámbito familiar;2017;5
PAÍS VASCO;2.1.-Malos tratos habituales en el ámbito familiar;2016;2
PAÍS VASCO;2.1.-Malos tratos habituales en el ámbito familiar;2015;2
PAÍS VASCO;2.1.-Malos tratos habituales en el ámbito familiar;2014;4
PAÍS VASCO;2.1.-Malos tratos habituales en el ámbito familiar;2013;2
PAÍS VASCO;2.1.-Malos tratos habituales en el ámbito familiar;2012;3
PAÍS VASCO;2.1.-Malos tratos habituales en el ámbito familiar;2011;4
PAÍS VASCO;2.1.-Malos tratos habituales en el ámbito familiar;2010;2
PAÍS VASCO;2.2.-Otros contra la libertad;2023;38
PAÍS VASCO;2.2.-Otros contra la libertad;2022;36
PAÍS VASCO;2.2.-Otros contra la libertad;2021;32
PAÍS VASCO;2.2.-Otros contra la libertad;2020;30
PAÍS VASCO;2.2.-Otros contra la libertad;2019;68
PAÍS VASCO;2.2.-Otros contra la libertad;2018;37
PAÍS VASCO;2.2.-Otros contra la libertad;2017;46
PAÍS VASCO;2.2.-Otros contra la libertad;2016;36
PAÍS VASCO;2.2.-Otros contra la libertad;2015;23
PAÍS VASCO;2.2.-Otros contra la libertad;2014;22
PAÍS VASCO;2.2.-Otros contra la libertad;2013;10
PAÍS VASCO;2.2.-Otros contra la libertad;2012;15
PAÍS VASCO;2.2.-Otros contra la libertad;2011;10
PAÍS VASCO;2.2.-Otros contra la libertad;2010;18
PAÍS VASCO;3. LIBERTAD SEXUAL;2023;55
PAÍS VASCO;3. LIBERTAD SEXUAL;2022;26
PAÍS VASCO;3. LIBERTAD SEXUAL;2021;27
PAÍS VASCO;3. LIBERTAD SEXUAL;2020;69
PAÍS VASCO;3. LIBERTAD SEXUAL;2019;46
PAÍS VASCO;3. LIBERTAD SEXUAL;2018;33
PAÍS VASCO;3. LIBERTAD SEXUAL;2017;44
PAÍS VASCO;3. LIBERTAD SEXUAL;2016;36
PAÍS VASCO;3. LIBERTAD SEXUAL;2015;29
PAÍS VASCO;3. LIBERTAD SEXUAL;2014;19
PAÍS VASCO;3. LIBERTAD SEXUAL;2013;10
PAÍS VASCO;3. LIBERTAD SEXUAL;2012;21
PAÍS VASCO;3. LIBERTAD SEXUAL;2011;31
PAÍS VASCO;3. LIBERTAD SEXUAL;2010;54
PAÍS VASCO;3.1.-Agresión sexual;2023;23
PAÍS VASCO;3.1.-Agresión sexual;2022;8
PAÍS VASCO;3.1.-Agresión sexual;2021;5
PAÍS VASCO;3.1.-Agresión sexual;2020;22
PAÍS VASCO;3.1.-Agresión sexual;2019;5
PAÍS VASCO;3.1.-Agresión sexual;2018;6
PAÍS VASCO;3.1.-Agresión sexual;2017;5
PAÍS VASCO;3.1.-Agresión sexual;2016;4
PAÍS VASCO;3.1.-Agresión sexual;2015;2
PAÍS VASCO;3.1.-Agresión sexual;2014;1
PAÍS VASCO;3.1.-Agresión sexual;2013;1
PAÍS VASCO;3.1.-Agresión sexual;2012;2
PAÍS VASCO;3.1.-Agresión sexual;2011;5
PAÍS VASCO;3.1.-Agresión sexual;2010;3
PAÍS VASCO;3.2.-Agresión sexual con penetración;2023;3
PAÍS VASCO;3.2.-Agresión sexual con penetración;2022;6
PAÍS VASCO;3.2.-Agresión sexual con penetración;2021;2
PAÍS VASCO;3.2.-Agresión sexual con penetración;2020;1
PAÍS VASCO;3.2.-Agresión sexual con penetración;2019;1
PAÍS VASCO;3.2.-Agresión sexual con penetración;2018;4
PAÍS VASCO;3.2.-Agresión sexual con penetración;2017;3
PAÍS VASCO;3.2.-Agresión sexual con penetración;2016;0
PAÍS VASCO;3.2.-Agresión sexual con penetración;2015;2
PAÍS VASCO;3.2.-Agresión sexual con penetración;2014;4
PAÍS VASCO;3.2.-Agresión sexual con penetración;2013;0
PAÍS VASCO;3.2.-Agresión sexual con penetración;2012;0
PAÍS VASCO;3.2.-Agresión sexual con penetración;2011;0
PAÍS VASCO;3.2.-Agresión sexual con penetración;2010;0
PAÍS VASCO;3.3.-Corrupción de menores o incapacitados;2023;1
PAÍS VASCO;3.3.-Corrupción de menores o incapacitados;2022;0
PAÍS VASCO;3.3.-Corrupción de menores o incapacitados;2021;2
PAÍS VASCO;3.3.-Corrupción de menores o incapacitados;2020;13
PAÍS VASCO;3.3.-Corrupción de menores o incapacitados;2019;1
PAÍS VASCO;3.3.-Corrupción de menores o incapacitados;2018;0
PAÍS VASCO;3.3.-Corrupción de menores o incapacitados;2017;3
PAÍS VASCO;3.3.-Corrupción de menores o incapacitados;2016;0
PAÍS VASCO;3.3.-Corrupción de menores o incapacitados;2015;3
PAÍS VASCO;3.3.-Corrupción de menores o incapacitados;2014;3
PAÍS VASCO;3.3.-Corrupción de menores o incapacitados;2013;2
PAÍS VASCO;3.3.-Corrupción de menores o incapacitados;2012;1
PAÍS VASCO;3.3.-Corrupción de menores o incapacitados;2011;1
PAÍS VASCO;3.3.-Corrupción de menores o incapacitados;2010;3
PAÍS VASCO;3.4.-Pornografía de menores;2023;23
PAÍS VASCO;3.4.-Pornografía de menores;2022;9
PAÍS VASCO;3.4.-Pornografía de menores;2021;18
PAÍS VASCO;3.4.-Pornografía de menores;2020;12
PAÍS VASCO;3.4.-Pornografía de menores;2019;22
PAÍS VASCO;3.4.-Pornografía de menores;2018;22
PAÍS VASCO;3.4.-Pornografía de menores;2017;24
PAÍS VASCO;3.4.-Pornografía de menores;2016;27
PAÍS VASCO;3.4.-Pornografía de menores;2015;16
PAÍS VASCO;3.4.-Pornografía de menores;2014;8
PAÍS VASCO;3.4.-Pornografía de menores;2013;5
PAÍS VASCO;3.4.-Pornografía de menores;2012;15
PAÍS VASCO;3.4.-Pornografía de menores;2011;18
PAÍS VASCO;3.4.-Pornografía de menores;2010;43
PAÍS VASCO;3.5.-Otros contra la libertad sexual;2023;5
PAÍS VASCO;3.5.-Otros contra la libertad sexual;2022;3
PAÍS VASCO;3.5.-Otros contra la libertad sexual;2021;0
PAÍS VASCO;3.5.-Otros contra la libertad sexual;2020;21
PAÍS VASCO;3.5.-Otros contra la libertad sexual;2019;17
PAÍS VASCO;3.5.-Otros contra la libertad sexual;2018;1
PAÍS VASCO;3.5.-Otros contra la libertad sexual;2017;9
PAÍS VASCO;3.5.-Otros contra la libertad sexual;2016;5
PAÍS VASCO;3.5.-Otros contra la libertad sexual;2015;6
PAÍS VASCO;3.5.-Otros contra la libertad sexual;2014;3
PAÍS VASCO;3.5.-Otros contra la libertad sexual;2013;2
PAÍS VASCO;3.5.-Otros contra la libertad sexual;2012;3
PAÍS VASCO;3.5.-Otros contra la libertad sexual;2011;7
PAÍS VASCO;3.5.-Otros contra la libertad sexual;2010;5
PAÍS VASCO;4. RELACIONES FAMILIARES;2023;8
PAÍS VASCO;4. RELACIONES FAMILIARES;2022;4
PAÍS VASCO;4. RELACIONES FAMILIARES;2021;3
PAÍS VASCO;4. RELACIONES FAMILIARES;2020;6
PAÍS VASCO;4. RELACIONES FAMILIARES;2019;12
PAÍS VASCO;4. RELACIONES FAMILIARES;2018;13
PAÍS VASCO;4. RELACIONES FAMILIARES;2017;10
PAÍS VASCO;4. RELACIONES FAMILIARES;2016;9
PAÍS VASCO;4. RELACIONES FAMILIARES;2015;9
PAÍS VASCO;4. RELACIONES FAMILIARES;2014;8
PAÍS VASCO;4. RELACIONES FAMILIARES;2013;6
PAÍS VASCO;4. RELACIONES FAMILIARES;2012;6
PAÍS VASCO;4. RELACIONES FAMILIARES;2011;4
PAÍS VASCO;4. RELACIONES FAMILIARES;2010;4
PAÍS VASCO;5. PATRIMONIO;2023;475
PAÍS VASCO;5. PATRIMONIO;2022;753
PAÍS VASCO;5. PATRIMONIO;2021;504
PAÍS VASCO;5. PATRIMONIO;2020;450
PAÍS VASCO;5. PATRIMONIO;2019;329
PAÍS VASCO;5. PATRIMONIO;2018;279
PAÍS VASCO;5. PATRIMONIO;2017;334
PAÍS VASCO;5. PATRIMONIO;2016;303
PAÍS VASCO;5. PATRIMONIO;2015;249
PAÍS VASCO;5. PATRIMONIO;2014;292
PAÍS VASCO;5. PATRIMONIO;2013;347
PAÍS VASCO;5. PATRIMONIO;2012;239
PAÍS VASCO;5. PATRIMONIO;2011;255
PAÍS VASCO;5. PATRIMONIO;2010;263
PAÍS VASCO;5.1.-Hurtos;2023;25
PAÍS VASCO;5.1.-Hurtos;2022;38
PAÍS VASCO;5.1.-Hurtos;2021;8
PAÍS VASCO;5.1.-Hurtos;2020;12
PAÍS VASCO;5.1.-Hurtos;2019;41
PAÍS VASCO;5.1.-Hurtos;2018;11
PAÍS VASCO;5.1.-Hurtos;2017;16
PAÍS VASCO;5.1.-Hurtos;2016;54
PAÍS VASCO;5.1.-Hurtos;2015;28
PAÍS VASCO;5.1.-Hurtos;2014;34
PAÍS VASCO;5.1.-Hurtos;2013;38
PAÍS VASCO;5.1.-Hurtos;2012;27
PAÍS VASCO;5.1.-Hurtos;2011;23
PAÍS VASCO;5.1.-Hurtos;2010;40
PAÍS VASCO;5.2.-Robos con fuerza en las cosas;2023;18
PAÍS VASCO;5.2.-Robos con fuerza en las cosas;2022;1
PAÍS VASCO;5.2.-Robos con fuerza en las cosas;2021;4
PAÍS VASCO;5.2.-Robos con fuerza en las cosas;2020;23
PAÍS VASCO;5.2.-Robos con fuerza en las cosas;2019;9
PAÍS VASCO;5.2.-Robos con fuerza en las cosas;2018;5
PAÍS VASCO;5.2.-Robos con fuerza en las cosas;2017;12
PAÍS VASCO;5.2.-Robos con fuerza en las cosas;2016;19
PAÍS VASCO;5.2.-Robos con fuerza en las cosas;2015;8
PAÍS VASCO;5.2.-Robos con fuerza en las cosas;2014;32
PAÍS VASCO;5.2.-Robos con fuerza en las cosas;2013;49
PAÍS VASCO;5.2.-Robos con fuerza en las cosas;2012;29
PAÍS VASCO;5.2.-Robos con fuerza en las cosas;2011;58
PAÍS VASCO;5.2.-Robos con fuerza en las cosas;2010;22
PAÍS VASCO;5.2.1.-Robos con fuerza en las cosas en el interior de vehículos;2023;2
PAÍS VASCO;5.2.1.-Robos con fuerza en las cosas en el interior de vehículos;2022;0
PAÍS VASCO;5.2.1.-Robos con fuerza en las cosas en el interior de vehículos;2021;2
PAÍS VASCO;5.2.1.-Robos con fuerza en las cosas en el interior de vehículos;2020;0
PAÍS VASCO;5.2.1.-Robos con fuerza en las cosas en el interior de vehículos;2019;1
PAÍS VASCO;5.2.1.-Robos con fuerza en las cosas en el interior de vehículos;2018;0
PAÍS VASCO;5.2.1.-Robos con fuerza en las cosas en el interior de vehículos;2017;2
PAÍS VASCO;5.2.1.-Robos con fuerza en las cosas en el interior de vehículos;2016;0
PAÍS VASCO;5.2.1.-Robos con fuerza en las cosas en el interior de vehículos;2015;1
PAÍS VASCO;5.2.1.-Robos con fuerza en las cosas en el interior de vehículos;2014;1
PAÍS VASCO;5.2.1.-Robos con fuerza en las cosas en el interior de vehículos;2013;4
PAÍS VASCO;5.2.1.-Robos con fuerza en las cosas en el interior de vehículos;2012;2
PAÍS VASCO;5.2.1.-Robos con fuerza en las cosas en el interior de vehículos;2011;7
PAÍS VASCO;5.2.1.-Robos con fuerza en las cosas en el interior de vehículos;2010;2
PAÍS VASCO;5.2.2.-Robos con fuerza en viviendas;2023;3
PAÍS VASCO;5.2.2.-Robos con fuerza en viviendas;2022;0
PAÍS VASCO;5.2.2.-Robos con fuerza en viviendas;2021;0
PAÍS VASCO;5.2.2.-Robos con fuerza en viviendas;2020;18
PAÍS VASCO;5.2.2.-Robos con fuerza en viviendas;2019;1
PAÍS VASCO;5.2.2.-Robos con fuerza en viviendas;2018;0
PAÍS VASCO;5.2.2.-Robos con fuerza en viviendas;2017;3
PAÍS VASCO;5.2.2.-Robos con fuerza en viviendas;2016;13
PAÍS VASCO;5.2.2.-Robos con fuerza en viviendas;2015;3
PAÍS VASCO;5.2.2.-Robos con fuerza en viviendas;2014;10
PAÍS VASCO;5.2.2.-Robos con fuerza en viviendas;2013;13
PAÍS VASCO;5.2.2.-Robos con fuerza en viviendas;2012;18
PAÍS VASCO;5.2.2.-Robos con fuerza en viviendas;2011;25
PAÍS VASCO;5.2.2.-Robos con fuerza en viviendas;2010;3
PAÍS VASCO;5.2.3.-Robos con fuerza en establecimientos;2023;6
PAÍS VASCO;5.2.3.-Robos con fuerza en establecimientos;2022;0
PAÍS VASCO;5.2.3.-Robos con fuerza en establecimientos;2021;1
PAÍS VASCO;5.2.3.-Robos con fuerza en establecimientos;2020;1
PAÍS VASCO;5.2.3.-Robos con fuerza en establecimientos;2019;3
PAÍS VASCO;5.2.3.-Robos con fuerza en establecimientos;2018;3
PAÍS VASCO;5.2.3.-Robos con fuerza en establecimientos;2017;2
PAÍS VASCO;5.2.3.-Robos con fuerza en establecimientos;2016;1
PAÍS VASCO;5.2.3.-Robos con fuerza en establecimientos;2015;2
PAÍS VASCO;5.2.3.-Robos con fuerza en establecimientos;2014;6
PAÍS VASCO;5.2.3.-Robos con fuerza en establecimientos;2013;15
PAÍS VASCO;5.2.3.-Robos con fuerza en establecimientos;2012;7
PAÍS VASCO;5.2.3.-Robos con fuerza en establecimientos;2011;17
PAÍS VASCO;5.2.3.-Robos con fuerza en establecimientos;2010;5
PAÍS VASCO;5.3.-Robos con violencia o intimidación;2023;6
PAÍS VASCO;5.3.-Robos con violencia o intimidación;2022;3
PAÍS VASCO;5.3.-Robos con violencia o intimidación;2021;1
PAÍS VASCO;5.3.-Robos con violencia o intimidación;2020;2
PAÍS VASCO;5.3.-Robos con violencia o intimidación;2019;5
PAÍS VASCO;5.3.-Robos con violencia o intimidación;2018;1
PAÍS VASCO;5.3.-Robos con violencia o intimidación;2017;3
PAÍS VASCO;5.3.-Robos con violencia o intimidación;2016;3
PAÍS VASCO;5.3.-Robos con violencia o intimidación;2015;0
PAÍS VASCO;5.3.-Robos con violencia o intimidación;2014;6
PAÍS VASCO;5.3.-Robos con violencia o intimidación;2013;6
PAÍS VASCO;5.3.-Robos con violencia o intimidación;2012;5
PAÍS VASCO;5.3.-Robos con violencia o intimidación;2011;3
PAÍS VASCO;5.3.-Robos con violencia o intimidación;2010;7
PAÍS VASCO;5.3.1.-Robos con violencia en vía pública;2023;3
PAÍS VASCO;5.3.1.-Robos con violencia en vía pública;2022;1
PAÍS VASCO;5.3.1.-Robos con violencia en vía pública;2021;1
PAÍS VASCO;5.3.1.-Robos con violencia en vía pública;2020;0
PAÍS VASCO;5.3.1.-Robos con violencia en vía pública;2019;1
PAÍS VASCO;5.3.1.-Robos con violencia en vía pública;2018;1
PAÍS VASCO;5.3.1.-Robos con violencia en vía pública;2017;1
PAÍS VASCO;5.3.1.-Robos con violencia en vía pública;2016;0
PAÍS VASCO;5.3.1.-Robos con violencia en vía pública;2015;0
PAÍS VASCO;5.3.1.-Robos con violencia en vía pública;2014;2
PAÍS VASCO;5.3.1.-Robos con violencia en vía pública;2013;2
PAÍS VASCO;5.3.1.-Robos con violencia en vía pública;2012;3
PAÍS VASCO;5.3.1.-Robos con violencia en vía pública;2011;2
PAÍS VASCO;5.3.1.-Robos con violencia en vía pública;2010;5
PAÍS VASCO;5.3.2.-Robos con violencia en viviendas;2023;0
PAÍS VASCO;5.3.2.-Robos con violencia en viviendas;2022;0
PAÍS VASCO;5.3.2.-Robos con violencia en viviendas;2021;0
PAÍS VASCO;5.3.2.-Robos con violencia en viviendas;2020;0
PAÍS VASCO;5.3.2.-Robos con violencia en viviendas;2019;0
PAÍS VASCO;5.3.2.-Robos con violencia en viviendas;2018;0
PAÍS VASCO;5.3.2.-Robos con violencia en viviendas;2017;0
PAÍS VASCO;5.3.2.-Robos con violencia en viviendas;2016;2
PAÍS VASCO;5.3.2.-Robos con violencia en viviendas;2015;0
PAÍS VASCO;5.3.2.-Robos con violencia en viviendas;2014;2
PAÍS VASCO;5.3.2.-Robos con violencia en viviendas;2013;0
PAÍS VASCO;5.3.2.-Robos con violencia en viviendas;2012;0
PAÍS VASCO;5.3.2.-Robos con violencia en viviendas;2011;0
PAÍS VASCO;5.3.2.-Robos con violencia en viviendas;2010;0
PAÍS VASCO;5.3.3.-Robos con violencia en establecimientos;2023;1
PAÍS VASCO;5.3.3.-Robos con violencia en establecimientos;2022;1
PAÍS VASCO;5.3.3.-Robos con violencia en establecimientos;2021;0
PAÍS VASCO;5.3.3.-Robos con violencia en establecimientos;2020;0
PAÍS VASCO;5.3.3.-Robos con violencia en establecimientos;2019;1
PAÍS VASCO;5.3.3.-Robos con violencia en establecimientos;2018;0
PAÍS VASCO;5.3.3.-Robos con violencia en establecimientos;2017;1
PAÍS VASCO;5.3.3.-Robos con violencia en establecimientos;2016;0
PAÍS VASCO;5.3.3.-Robos con violencia en establecimientos;2015;0
PAÍS VASCO;5.3.3.-Robos con violencia en establecimientos;2014;1
PAÍS VASCO;5.3.3.-Robos con violencia en establecimientos;2013;4
PAÍS VASCO;5.3.3.-Robos con violencia en establecimientos;2012;2
PAÍS VASCO;5.3.3.-Robos con violencia en establecimientos;2011;1
PAÍS VASCO;5.3.3.-Robos con violencia en establecimientos;2010;1
PAÍS VASCO;5.4.-Sustracción de vehículos;2023;62
PAÍS VASCO;5.4.-Sustracción de vehículos;2022;48
PAÍS VASCO;5.4.-Sustracción de vehículos;2021;45
PAÍS VASCO;5.4.-Sustracción de vehículos;2020;33
PAÍS VASCO;5.4.-Sustracción de vehículos;2019;38
PAÍS VASCO;5.4.-Sustracción de vehículos;2018;44
PAÍS VASCO;5.4.-Sustracción de vehículos;2017;37
PAÍS VASCO;5.4.-Sustracción de vehículos;2016;26
PAÍS VASCO;5.4.-Sustracción de vehículos;2015;18
PAÍS VASCO;5.4.-Sustracción de vehículos;2014;26
PAÍS VASCO;5.4.-Sustracción de vehículos;2013;36
PAÍS VASCO;5.4.-Sustracción de vehículos;2012;25
PAÍS VASCO;5.4.-Sustracción de vehículos;2011;27
PAÍS VASCO;5.4.-Sustracción de vehículos;2010;25
PAÍS VASCO;5.5.-Estafas;2023;277
PAÍS VASCO;5.5.-Estafas;2022;367
PAÍS VASCO;5.5.-Estafas;2021;394
PAÍS VASCO;5.5.-Estafas;2020;342
PAÍS VASCO;5.5.-Estafas;2019;200
PAÍS VASCO;5.5.-Estafas;2018;185
PAÍS VASCO;5.5.-Estafas;2017;213
PAÍS VASCO;5.5.-Estafas;2016;174
PAÍS VASCO;5.5.-Estafas;2015;153
PAÍS VASCO;5.5.-Estafas;2014;161
PAÍS VASCO;5.5.-Estafas;2013;188
PAÍS VASCO;5.5.-Estafas;2012;116
PAÍS VASCO;5.5.-Estafas;2011;117
PAÍS VASCO;5.5.-Estafas;2010;124
PAÍS VASCO;5.5.1.-Estafas informáticas;2023;235
PAÍS VASCO;5.5.1.-Estafas informáticas;2022;302
PAÍS VASCO;5.5.1.-Estafas informáticas;2021;322
PAÍS VASCO;5.5.1.-Estafas informáticas;2020;273
PAÍS VASCO;5.5.1.-Estafas informáticas;2019;133
PAÍS VASCO;5.5.1.-Estafas informáticas;2018;123
PAÍS VASCO;5.5.1.-Estafas informáticas;2017;132
PAÍS VASCO;5.5.1.-Estafas informáticas;2016;99
PAÍS VASCO;5.5.1.-Estafas informáticas;2015;84
PAÍS VASCO;5.5.1.-Estafas informáticas;2014;95
PAÍS VASCO;5.5.1.-Estafas informáticas;2013;114
PAÍS VASCO;5.5.1.-Estafas informáticas;2012;61
PAÍS VASCO;5.5.1.-Estafas informáticas;2011;58
PAÍS VASCO;5.5.1.-Estafas informáticas;2010;55
PAÍS VASCO;5.6.-Daños;2023;12
PAÍS VASCO;5.6.-Daños;2022;240
PAÍS VASCO;5.6.-Daños;2021;8
PAÍS VASCO;5.6.-Daños;2020;6
PAÍS VASCO;5.6.-Daños;2019;4
PAÍS VASCO;5.6.-Daños;2018;4
PAÍS VASCO;5.6.-Daños;2017;17
PAÍS VASCO;5.6.-Daños;2016;4
PAÍS VASCO;5.6.-Daños;2015;2
PAÍS VASCO;5.6.-Daños;2014;4
PAÍS VASCO;5.6.-Daños;2013;1
PAÍS VASCO;5.6.-Daños;2012;6
PAÍS VASCO;5.6.-Daños;2011;4
PAÍS VASCO;5.6.-Daños;2010;8
PAÍS VASCO;5.7.-Contra la propiedad intelectual/industrial;2023;33
PAÍS VASCO;5.7.-Contra la propiedad intelectual/industrial;2022;27
PAÍS VASCO;5.7.-Contra la propiedad intelectual/industrial;2021;7
PAÍS VASCO;5.7.-Contra la propiedad intelectual/industrial;2020;1
PAÍS VASCO;5.7.-Contra la propiedad intelectual/industrial;2019;4
PAÍS VASCO;5.7.-Contra la propiedad intelectual/industrial;2018;3
PAÍS VASCO;5.7.-Contra la propiedad intelectual/industrial;2017;0
PAÍS VASCO;5.7.-Contra la propiedad intelectual/industrial;2016;2
PAÍS VASCO;5.7.-Contra la propiedad intelectual/industrial;2015;15
PAÍS VASCO;5.7.-Contra la propiedad intelectual/industrial;2014;5
PAÍS VASCO;5.7.-Contra la propiedad intelectual/industrial;2013;4
PAÍS VASCO;5.7.-Contra la propiedad intelectual/industrial;2012;12
PAÍS VASCO;5.7.-Contra la propiedad intelectual/industrial;2011;6
PAÍS VASCO;5.7.-Contra la propiedad intelectual/industrial;2010;18
PAÍS VASCO;5.8.-Blanqueo de capitales;2023;11
PAÍS VASCO;5.8.-Blanqueo de capitales;2022;4
PAÍS VASCO;5.8.-Blanqueo de capitales;2021;4
PAÍS VASCO;5.8.-Blanqueo de capitales;2020;6
PAÍS VASCO;5.8.-Blanqueo de capitales;2019;2
PAÍS VASCO;5.8.-Blanqueo de capitales;2018;2
PAÍS VASCO;5.8.-Blanqueo de capitales;2017;7
PAÍS VASCO;5.8.-Blanqueo de capitales;2016;3
PAÍS VASCO;5.8.-Blanqueo de capitales;2015;5
PAÍS VASCO;5.8.-Blanqueo de capitales;2014;1
PAÍS VASCO;5.8.-Blanqueo de capitales;2013;1
PAÍS VASCO;5.8.-Blanqueo de capitales;2012;2
PAÍS VASCO;5.8.-Blanqueo de capitales;2011;2
PAÍS VASCO;5.8.-Blanqueo de capitales;2010;1
PAÍS VASCO;5.9.-Otros contra el patrimonio;2023;31
PAÍS VASCO;5.9.-Otros contra el patrimonio;2022;25
PAÍS VASCO;5.9.-Otros contra el patrimonio;2021;33
PAÍS VASCO;5.9.-Otros contra el patrimonio;2020;25
PAÍS VASCO;5.9.-Otros contra el patrimonio;2019;26
PAÍS VASCO;5.9.-Otros contra el patrimonio;2018;24
PAÍS VASCO;5.9.-Otros contra el patrimonio;2017;29
PAÍS VASCO;5.9.-Otros contra el patrimonio;2016;18
PAÍS VASCO;5.9.-Otros contra el patrimonio;2015;20
PAÍS VASCO;5.9.-Otros contra el patrimonio;2014;23
PAÍS VASCO;5.9.-Otros contra el patrimonio;2013;24
PAÍS VASCO;5.9.-Otros contra el patrimonio;2012;17
PAÍS VASCO;5.9.-Otros contra el patrimonio;2011;15
PAÍS VASCO;5.9.-Otros contra el patrimonio;2010;18
PAÍS VASCO;6. SEGURIDAD COLECTIVA;2023;69
PAÍS VASCO;6. SEGURIDAD COLECTIVA;2022;73
PAÍS VASCO;6. SEGURIDAD COLECTIVA;2021;71
PAÍS VASCO;6. SEGURIDAD COLECTIVA;2020;61
PAÍS VASCO;6. SEGURIDAD COLECTIVA;2019;53
PAÍS VASCO;6. SEGURIDAD COLECTIVA;2018;63
PAÍS VASCO;6. SEGURIDAD COLECTIVA;2017;56
PAÍS VASCO;6. SEGURIDAD COLECTIVA;2016;49
PAÍS VASCO;6. SEGURIDAD COLECTIVA;2015;48
PAÍS VASCO;6. SEGURIDAD COLECTIVA;2014;81
PAÍS VASCO;6. SEGURIDAD COLECTIVA;2013;95
PAÍS VASCO;6. SEGURIDAD COLECTIVA;2012;123
PAÍS VASCO;6. SEGURIDAD COLECTIVA;2011;84
PAÍS VASCO;6. SEGURIDAD COLECTIVA;2010;88
PAÍS VASCO;6.1.-Tráfico de drogas;2023;53
PAÍS VASCO;6.1.-Tráfico de drogas;2022;60
PAÍS VASCO;6.1.-Tráfico de drogas;2021;58
PAÍS VASCO;6.1.-Tráfico de drogas;2020;53
PAÍS VASCO;6.1.-Tráfico de drogas;2019;49
PAÍS VASCO;6.1.-Tráfico de drogas;2018;55
PAÍS VASCO;6.1.-Tráfico de drogas;2017;52
PAÍS VASCO;6.1.-Tráfico de drogas;2016;41
PAÍS VASCO;6.1.-Tráfico de drogas;2015;43
PAÍS VASCO;6.1.-Tráfico de drogas;2014;67
PAÍS VASCO;6.1.-Tráfico de drogas;2013;83
PAÍS VASCO;6.1.-Tráfico de drogas;2012;88
PAÍS VASCO;6.1.-Tráfico de drogas;2011;60
PAÍS VASCO;6.1.-Tráfico de drogas;2010;77
PAÍS VASCO;6.2.-Contra la seguridad vial;2023;8
PAÍS VASCO;6.2.-Contra la seguridad vial;2022;3
PAÍS VASCO;6.2.-Contra la seguridad vial;2021;7
PAÍS VASCO;6.2.-Contra la seguridad vial;2020;5
PAÍS VASCO;6.2.-Contra la seguridad vial;2019;3
PAÍS VASCO;6.2.-Contra la seguridad vial;2018;2
PAÍS VASCO;6.2.-Contra la seguridad vial;2017;2
PAÍS VASCO;6.2.-Contra la seguridad vial;2016;4
PAÍS VASCO;6.2.-Contra la seguridad vial;2015;3
PAÍS VASCO;6.2.-Contra la seguridad vial;2014;9
PAÍS VASCO;6.2.-Contra la seguridad vial;2013;8
PAÍS VASCO;6.2.-Contra la seguridad vial;2012;28
PAÍS VASCO;6.2.-Contra la seguridad vial;2011;19
PAÍS VASCO;6.2.-Contra la seguridad vial;2010;5
PAÍS VASCO;6.3.-Otros contra la seguridad colectiva;2023;8
PAÍS VASCO;6.3.-Otros contra la seguridad colectiva;2022;10
PAÍS VASCO;6.3.-Otros contra la seguridad colectiva;2021;6
PAÍS VASCO;6.3.-Otros contra la seguridad colectiva;2020;3
PAÍS VASCO;6.3.-Otros contra la seguridad colectiva;2019;1
PAÍS VASCO;6.3.-Otros contra la seguridad colectiva;2018;6
PAÍS VASCO;6.3.-Otros contra la seguridad colectiva;2017;2
PAÍS VASCO;6.3.-Otros contra la seguridad colectiva;2016;4
PAÍS VASCO;6.3.-Otros contra la seguridad colectiva;2015;2
PAÍS VASCO;6.3.-Otros contra la seguridad colectiva;2014;5
PAÍS VASCO;6.3.-Otros contra la seguridad colectiva;2013;4
PAÍS VASCO;6.3.-Otros contra la seguridad colectiva;2012;7
PAÍS VASCO;6.3.-Otros contra la seguridad colectiva;2011;5
PAÍS VASCO;6.3.-Otros contra la seguridad colectiva;2010;6
PAÍS VASCO;7. FALSEDADES;2023;115
PAÍS VASCO;7. FALSEDADES;2022;164
PAÍS VASCO;7. FALSEDADES;2021;162
PAÍS VASCO;7. FALSEDADES;2020;132
PAÍS VASCO;7. FALSEDADES;2019;189
PAÍS VASCO;7. FALSEDADES;2018;158
PAÍS VASCO;7. FALSEDADES;2017;105
PAÍS VASCO;7. FALSEDADES;2016;117
PAÍS VASCO;7. FALSEDADES;2015;189
PAÍS VASCO;7. FALSEDADES;2014;113
PAÍS VASCO;7. FALSEDADES;2013;165
PAÍS VASCO;7. FALSEDADES;2012;131
PAÍS VASCO;7. FALSEDADES;2011;88
PAÍS VASCO;7. FALSEDADES;2010;104
PAÍS VASCO;8. ADMÓN. PÚBLICA;2023;4
PAÍS VASCO;8. ADMÓN. PÚBLICA;2022;3
PAÍS VASCO;8. ADMÓN. PÚBLICA;2021;1
PAÍS VASCO;8. ADMÓN. PÚBLICA;2020;2
PAÍS VASCO;8. ADMÓN. PÚBLICA;2019;2
PAÍS VASCO;8. ADMÓN. PÚBLICA;2018;3
PAÍS VASCO;8. ADMÓN. PÚBLICA;2017;2
PAÍS VASCO;8. ADMÓN. PÚBLICA;2016;3
PAÍS VASCO;8. ADMÓN. PÚBLICA;2015;1
PAÍS VASCO;8. ADMÓN. PÚBLICA;2014;0
PAÍS VASCO;8. ADMÓN. PÚBLICA;2013;1
PAÍS VASCO;8. ADMÓN. PÚBLICA;2012;2
PAÍS VASCO;8. ADMÓN. PÚBLICA;2011;1
PAÍS VASCO;8. ADMÓN. PÚBLICA;2010;4
PAÍS VASCO;9. ADMÓN. JUSTICIA;2023;32
PAÍS VASCO;9. ADMÓN. JUSTICIA;2022;29
PAÍS VASCO;9. ADMÓN. JUSTICIA;2021;32
PAÍS VASCO;9. ADMÓN. JUSTICIA;2020;19
PAÍS VASCO;9. ADMÓN. JUSTICIA;2019;31
PAÍS VASCO;9. ADMÓN. JUSTICIA;2018;34
PAÍS VASCO;9. ADMÓN. JUSTICIA;2017;23
PAÍS VASCO;9. ADMÓN. JUSTICIA;2016;32
PAÍS VASCO;9. ADMÓN. JUSTICIA;2015;32
PAÍS VASCO;9. ADMÓN. JUSTICIA;2014;27
PAÍS VASCO;9. ADMÓN. JUSTICIA;2013;61
PAÍS VASCO;9. ADMÓN. JUSTICIA;2012;58
PAÍS VASCO;9. ADMÓN. JUSTICIA;2011;62
PAÍS VASCO;9. ADMÓN. JUSTICIA;2010;59
PAÍS VASCO;10. ORDEN PÚBLICO;2023;31
PAÍS VASCO;10. ORDEN PÚBLICO;2022;25
PAÍS VASCO;10. ORDEN PÚBLICO;2021;38
PAÍS VASCO;10. ORDEN PÚBLICO;2020;24
PAÍS VASCO;10. ORDEN PÚBLICO;2019;19
PAÍS VASCO;10. ORDEN PÚBLICO;2018;33
PAÍS VASCO;10. ORDEN PÚBLICO;2017;34
PAÍS VASCO;10. ORDEN PÚBLICO;2016;27
PAÍS VASCO;10. ORDEN PÚBLICO;2015;28
PAÍS VASCO;10. ORDEN PÚBLICO;2014;39
PAÍS VASCO;10. ORDEN PÚBLICO;2013;35
PAÍS VASCO;10. ORDEN PÚBLICO;2012;47
PAÍS VASCO;10. ORDEN PÚBLICO;2011;45
PAÍS VASCO;10. ORDEN PÚBLICO;2010;45
PAÍS VASCO;11. LEGISLACIÓN ESPECIAL;2023;7
PAÍS VASCO;11. LEGISLACIÓN ESPECIAL;2022;1
PAÍS VASCO;11. LEGISLACIÓN ESPECIAL;2021;2
PAÍS VASCO;11. LEGISLACIÓN ESPECIAL;2020;0
PAÍS VASCO;11. LEGISLACIÓN ESPECIAL;2019;1
PAÍS VASCO;11. LEGISLACIÓN ESPECIAL;2018;0
PAÍS VASCO;11. LEGISLACIÓN ESPECIAL;2017;1
PAÍS VASCO;11. LEGISLACIÓN ESPECIAL;2016;1
PAÍS VASCO;11. LEGISLACIÓN ESPECIAL;2015;1
PAÍS VASCO;11. LEGISLACIÓN ESPECIAL;2014;3
PAÍS VASCO;11. LEGISLACIÓN ESPECIAL;2013;4
PAÍS VASCO;11. LEGISLACIÓN ESPECIAL;2012;0
PAÍS VASCO;11. LEGISLACIÓN ESPECIAL;2011;1
PAÍS VASCO;11. LEGISLACIÓN ESPECIAL;2010;0
PAÍS VASCO;12. OTRAS INFRACCIONES PENALES;2023;44
PAÍS VASCO;12. OTRAS INFRACCIONES PENALES;2022;34
PAÍS VASCO;12. OTRAS INFRACCIONES PENALES;2021;39
PAÍS VASCO;12. OTRAS INFRACCIONES PENALES;2020;25
PAÍS VASCO;12. OTRAS INFRACCIONES PENALES;2019;42
PAÍS VASCO;12. OTRAS INFRACCIONES PENALES;2018;33
PAÍS VASCO;12. OTRAS INFRACCIONES PENALES;2017;23
PAÍS VASCO;12. OTRAS INFRACCIONES PENALES;2016;25
PAÍS VASCO;12. OTRAS INFRACCIONES PENALES;2015;27
PAÍS VASCO;12. OTRAS INFRACCIONES PENALES;2014;19
PAÍS VASCO;12. OTRAS INFRACCIONES PENALES;2013;16
PAÍS VASCO;12. OTRAS INFRACCIONES PENALES;2012;25
PAÍS VASCO;12. OTRAS INFRACCIONES PENALES;2011;29
PAÍS VASCO;12. OTRAS INFRACCIONES PENALES;2010;15
PAÍS VASCO;TOTAL INFRACCIONES PENALES;2023;918
PAÍS VASCO;TOTAL INFRACCIONES PENALES;2022;1.187
PAÍS VASCO;TOTAL INFRACCIONES PENALES;2021;941
PAÍS VASCO;TOTAL INFRACCIONES PENALES;2020;845
PAÍS VASCO;TOTAL INFRACCIONES PENALES;2019;825
PAÍS VASCO;TOTAL INFRACCIONES PENALES;2018;708
PAÍS VASCO;TOTAL INFRACCIONES PENALES;2017;715
PAÍS VASCO;TOTAL INFRACCIONES PENALES;2016;667
PAÍS VASCO;TOTAL INFRACCIONES PENALES;2015;671
PAÍS VASCO;TOTAL INFRACCIONES PENALES;2014;703
PAÍS VASCO;TOTAL INFRACCIONES PENALES;2013;797
PAÍS VASCO;TOTAL INFRACCIONES PENALES;2012;732
PAÍS VASCO;TOTAL INFRACCIONES PENALES;2011;656
PAÍS VASCO;TOTAL INFRACCIONES PENALES;2010;702
RIOJA (LA);1. CONTRA LAS PERSONAS;2023;1.381
RIOJA (LA);1. CONTRA LAS PERSONAS;2022;1.250
RIOJA (LA);1. CONTRA LAS PERSONAS;2021;1.064
RIOJA (LA);1. CONTRA LAS PERSONAS;2020;864
RIOJA (LA);1. CONTRA LAS PERSONAS;2019;949
RIOJA (LA);1. CONTRA LAS PERSONAS;2018;960
RIOJA (LA);1. CONTRA LAS PERSONAS;2017;905
RIOJA (LA);1. CONTRA LAS PERSONAS;2016;888
RIOJA (LA);1. CONTRA LAS PERSONAS;2015;1.082
RIOJA (LA);1. CONTRA LAS PERSONAS;2014;1.337
RIOJA (LA);1. CONTRA LAS PERSONAS;2013;1.336
RIOJA (LA);1. CONTRA LAS PERSONAS;2012;1.452
RIOJA (LA);1. CONTRA LAS PERSONAS;2011;1.449
RIOJA (LA);1. CONTRA LAS PERSONAS;2010;1.527
RIOJA (LA);1.1.-Homicidios dolosos/asesinatos;2023;15
RIOJA (LA);1.1.-Homicidios dolosos/asesinatos;2022;9
RIOJA (LA);1.1.-Homicidios dolosos/asesinatos;2021;9
RIOJA (LA);1.1.-Homicidios dolosos/asesinatos;2020;5
RIOJA (LA);1.1.-Homicidios dolosos/asesinatos;2019;6
RIOJA (LA);1.1.-Homicidios dolosos/asesinatos;2018;2
RIOJA (LA);1.1.-Homicidios dolosos/asesinatos;2017;6
RIOJA (LA);1.1.-Homicidios dolosos/asesinatos;2016;3
RIOJA (LA);1.1.-Homicidios dolosos/asesinatos;2015;6
RIOJA (LA);1.1.-Homicidios dolosos/asesinatos;2014;8
RIOJA (LA);1.1.-Homicidios dolosos/asesinatos;2013;7
RIOJA (LA);1.1.-Homicidios dolosos/asesinatos;2012;5
RIOJA (LA);1.1.-Homicidios dolosos/asesinatos;2011;7
RIOJA (LA);1.1.-Homicidios dolosos/asesinatos;2010;5
RIOJA (LA);1.1.1.-Homicidios dolosos/asesinatos consumados;2023;3
RIOJA (LA);1.1.1.-Homicidios dolosos/asesinatos consumados;2022;1
RIOJA (LA);1.1.1.-Homicidios dolosos/asesinatos consumados;2021;5
RIOJA (LA);1.1.1.-Homicidios dolosos/asesinatos consumados;2020;3
RIOJA (LA);1.1.1.-Homicidios dolosos/asesinatos consumados;2019;1
RIOJA (LA);1.1.1.-Homicidios dolosos/asesinatos consumados;2018;0
RIOJA (LA);1.1.1.-Homicidios dolosos/asesinatos consumados;2017;0
RIOJA (LA);1.1.1.-Homicidios dolosos/asesinatos consumados;2016;0
RIOJA (LA);1.1.1.-Homicidios dolosos/asesinatos consumados;2015;1
RIOJA (LA);1.1.1.-Homicidios dolosos/asesinatos consumados;2014;3
RIOJA (LA);1.1.1.-Homicidios dolosos/asesinatos consumados;2013;0
RIOJA (LA);1.1.1.-Homicidios dolosos/asesinatos consumados;2012;0
RIOJA (LA);1.1.1.-Homicidios dolosos/asesinatos consumados;2011;2
RIOJA (LA);1.1.1.-Homicidios dolosos/asesinatos consumados;2010;1
RIOJA (LA);1.2.-Lesiones;2023;637
RIOJA (LA);1.2.-Lesiones;2022;647
RIOJA (LA);1.2.-Lesiones;2021;556
RIOJA (LA);1.2.-Lesiones;2020;426
RIOJA (LA);1.2.-Lesiones;2019;482
RIOJA (LA);1.2.-Lesiones;2018;468
RIOJA (LA);1.2.-Lesiones;2017;451
RIOJA (LA);1.2.-Lesiones;2016;468
RIOJA (LA);1.2.-Lesiones;2015;477
RIOJA (LA);1.2.-Lesiones;2014;518
RIOJA (LA);1.2.-Lesiones;2013;574
RIOJA (LA);1.2.-Lesiones;2012;592
RIOJA (LA);1.2.-Lesiones;2011;676
RIOJA (LA);1.2.-Lesiones;2010;759
RIOJA (LA);1.3.-Malos tratos ámbito familiar;2023;688
RIOJA (LA);1.3.-Malos tratos ámbito familiar;2022;559
RIOJA (LA);1.3.-Malos tratos ámbito familiar;2021;483
RIOJA (LA);1.3.-Malos tratos ámbito familiar;2020;414
RIOJA (LA);1.3.-Malos tratos ámbito familiar;2019;449
RIOJA (LA);1.3.-Malos tratos ámbito familiar;2018;480
RIOJA (LA);1.3.-Malos tratos ámbito familiar;2017;437
RIOJA (LA);1.3.-Malos tratos ámbito familiar;2016;405
RIOJA (LA);1.3.-Malos tratos ámbito familiar;2015;414
RIOJA (LA);1.3.-Malos tratos ámbito familiar;2014;387
RIOJA (LA);1.3.-Malos tratos ámbito familiar;2013;370
RIOJA (LA);1.3.-Malos tratos ámbito familiar;2012;397
RIOJA (LA);1.3.-Malos tratos ámbito familiar;2011;355
RIOJA (LA);1.3.-Malos tratos ámbito familiar;2010;328
RIOJA (LA);1.4.-Otros contra las personas;2023;41
RIOJA (LA);1.4.-Otros contra las personas;2022;35
RIOJA (LA);1.4.-Otros contra las personas;2021;16
RIOJA (LA);1.4.-Otros contra las personas;2020;19
RIOJA (LA);1.4.-Otros contra las personas;2019;12
RIOJA (LA);1.4.-Otros contra las personas;2018;10
RIOJA (LA);1.4.-Otros contra las personas;2017;11
RIOJA (LA);1.4.-Otros contra las personas;2016;12
RIOJA (LA);1.4.-Otros contra las personas;2015;185
RIOJA (LA);1.4.-Otros contra las personas;2014;424
RIOJA (LA);1.4.-Otros contra las personas;2013;385
RIOJA (LA);1.4.-Otros contra las personas;2012;458
RIOJA (LA);1.4.-Otros contra las personas;2011;411
RIOJA (LA);1.4.-Otros contra las personas;2010;435
RIOJA (LA);2. CONTRA LA LIBERTAD;2023;645
RIOJA (LA);2. CONTRA LA LIBERTAD;2022;604
RIOJA (LA);2. CONTRA LA LIBERTAD;2021;577
RIOJA (LA);2. CONTRA LA LIBERTAD;2020;419
RIOJA (LA);2. CONTRA LA LIBERTAD;2019;421
RIOJA (LA);2. CONTRA LA LIBERTAD;2018;418
RIOJA (LA);2. CONTRA LA LIBERTAD;2017;378
RIOJA (LA);2. CONTRA LA LIBERTAD;2016;365
RIOJA (LA);2. CONTRA LA LIBERTAD;2015;280
RIOJA (LA);2. CONTRA LA LIBERTAD;2014;175
RIOJA (LA);2. CONTRA LA LIBERTAD;2013;148
RIOJA (LA);2. CONTRA LA LIBERTAD;2012;178
RIOJA (LA);2. CONTRA LA LIBERTAD;2011;138
RIOJA (LA);2. CONTRA LA LIBERTAD;2010;158
RIOJA (LA);2.1.-Malos tratos habituales en el ámbito familiar;2023;93
RIOJA (LA);2.1.-Malos tratos habituales en el ámbito familiar;2022;95
RIOJA (LA);2.1.-Malos tratos habituales en el ámbito familiar;2021;91
RIOJA (LA);2.1.-Malos tratos habituales en el ámbito familiar;2020;73
RIOJA (LA);2.1.-Malos tratos habituales en el ámbito familiar;2019;66
RIOJA (LA);2.1.-Malos tratos habituales en el ámbito familiar;2018;49
RIOJA (LA);2.1.-Malos tratos habituales en el ámbito familiar;2017;51
RIOJA (LA);2.1.-Malos tratos habituales en el ámbito familiar;2016;42
RIOJA (LA);2.1.-Malos tratos habituales en el ámbito familiar;2015;46
RIOJA (LA);2.1.-Malos tratos habituales en el ámbito familiar;2014;43
RIOJA (LA);2.1.-Malos tratos habituales en el ámbito familiar;2013;38
RIOJA (LA);2.1.-Malos tratos habituales en el ámbito familiar;2012;41
RIOJA (LA);2.1.-Malos tratos habituales en el ámbito familiar;2011;30
RIOJA (LA);2.1.-Malos tratos habituales en el ámbito familiar;2010;40
RIOJA (LA);2.2.-Otros contra la libertad;2023;552
RIOJA (LA);2.2.-Otros contra la libertad;2022;509
RIOJA (LA);2.2.-Otros contra la libertad;2021;486
RIOJA (LA);2.2.-Otros contra la libertad;2020;346
RIOJA (LA);2.2.-Otros contra la libertad;2019;355
RIOJA (LA);2.2.-Otros contra la libertad;2018;369
RIOJA (LA);2.2.-Otros contra la libertad;2017;327
RIOJA (LA);2.2.-Otros contra la libertad;2016;323
RIOJA (LA);2.2.-Otros contra la libertad;2015;234
RIOJA (LA);2.2.-Otros contra la libertad;2014;132
RIOJA (LA);2.2.-Otros contra la libertad;2013;110
RIOJA (LA);2.2.-Otros contra la libertad;2012;137
RIOJA (LA);2.2.-Otros contra la libertad;2011;108
RIOJA (LA);2.2.-Otros contra la libertad;2010;118
RIOJA (LA);3. LIBERTAD SEXUAL;2023;110
RIOJA (LA);3. LIBERTAD SEXUAL;2022;96
RIOJA (LA);3. LIBERTAD SEXUAL;2021;91
RIOJA (LA);3. LIBERTAD SEXUAL;2020;95
RIOJA (LA);3. LIBERTAD SEXUAL;2019;78
RIOJA (LA);3. LIBERTAD SEXUAL;2018;50
RIOJA (LA);3. LIBERTAD SEXUAL;2017;46
RIOJA (LA);3. LIBERTAD SEXUAL;2016;41
RIOJA (LA);3. LIBERTAD SEXUAL;2015;42
RIOJA (LA);3. LIBERTAD SEXUAL;2014;35
RIOJA (LA);3. LIBERTAD SEXUAL;2013;31
RIOJA (LA);3. LIBERTAD SEXUAL;2012;34
RIOJA (LA);3. LIBERTAD SEXUAL;2011;52
RIOJA (LA);3. LIBERTAD SEXUAL;2010;39
RIOJA (LA);3.1.-Agresión sexual;2023;73
RIOJA (LA);3.1.-Agresión sexual;2022;68
RIOJA (LA);3.1.-Agresión sexual;2021;63
RIOJA (LA);3.1.-Agresión sexual;2020;44
RIOJA (LA);3.1.-Agresión sexual;2019;56
RIOJA (LA);3.1.-Agresión sexual;2018;30
RIOJA (LA);3.1.-Agresión sexual;2017;32
RIOJA (LA);3.1.-Agresión sexual;2016;29
RIOJA (LA);3.1.-Agresión sexual;2015;23
RIOJA (LA);3.1.-Agresión sexual;2014;22
RIOJA (LA);3.1.-Agresión sexual;2013;19
RIOJA (LA);3.1.-Agresión sexual;2012;17
RIOJA (LA);3.1.-Agresión sexual;2011;37
RIOJA (LA);3.1.-Agresión sexual;2010;17
RIOJA (LA);3.2.-Agresión sexual con penetración;2023;17
RIOJA (LA);3.2.-Agresión sexual con penetración;2022;18
RIOJA (LA);3.2.-Agresión sexual con penetración;2021;12
RIOJA (LA);3.2.-Agresión sexual con penetración;2020;11
RIOJA (LA);3.2.-Agresión sexual con penetración;2019;14
RIOJA (LA);3.2.-Agresión sexual con penetración;2018;7
RIOJA (LA);3.2.-Agresión sexual con penetración;2017;6
RIOJA (LA);3.2.-Agresión sexual con penetración;2016;7
RIOJA (LA);3.2.-Agresión sexual con penetración;2015;9
RIOJA (LA);3.2.-Agresión sexual con penetración;2014;3
RIOJA (LA);3.2.-Agresión sexual con penetración;2013;4
RIOJA (LA);3.2.-Agresión sexual con penetración;2012;9
RIOJA (LA);3.2.-Agresión sexual con penetración;2011;9
RIOJA (LA);3.2.-Agresión sexual con penetración;2010;12
RIOJA (LA);3.3.-Corrupción de menores o incapacitados;2023;5
RIOJA (LA);3.3.-Corrupción de menores o incapacitados;2022;5
RIOJA (LA);3.3.-Corrupción de menores o incapacitados;2021;2
RIOJA (LA);3.3.-Corrupción de menores o incapacitados;2020;7
RIOJA (LA);3.3.-Corrupción de menores o incapacitados;2019;4
RIOJA (LA);3.3.-Corrupción de menores o incapacitados;2018;1
RIOJA (LA);3.3.-Corrupción de menores o incapacitados;2017;2
RIOJA (LA);3.3.-Corrupción de menores o incapacitados;2016;2
RIOJA (LA);3.3.-Corrupción de menores o incapacitados;2015;3
RIOJA (LA);3.3.-Corrupción de menores o incapacitados;2014;6
RIOJA (LA);3.3.-Corrupción de menores o incapacitados;2013;3
RIOJA (LA);3.3.-Corrupción de menores o incapacitados;2012;5
RIOJA (LA);3.3.-Corrupción de menores o incapacitados;2011;1
RIOJA (LA);3.3.-Corrupción de menores o incapacitados;2010;2
RIOJA (LA);3.4.-Pornografía de menores;2023;7
RIOJA (LA);3.4.-Pornografía de menores;2022;2
RIOJA (LA);3.4.-Pornografía de menores;2021;3
RIOJA (LA);3.4.-Pornografía de menores;2020;3
RIOJA (LA);3.4.-Pornografía de menores;2019;2
RIOJA (LA);3.4.-Pornografía de menores;2018;6
RIOJA (LA);3.4.-Pornografía de menores;2017;1
RIOJA (LA);3.4.-Pornografía de menores;2016;1
RIOJA (LA);3.4.-Pornografía de menores;2015;1
RIOJA (LA);3.4.-Pornografía de menores;2014;3
RIOJA (LA);3.4.-Pornografía de menores;2013;3
RIOJA (LA);3.4.-Pornografía de menores;2012;1
RIOJA (LA);3.4.-Pornografía de menores;2011;3
RIOJA (LA);3.4.-Pornografía de menores;2010;4
RIOJA (LA);3.5.-Otros contra la libertad sexual;2023;8
RIOJA (LA);3.5.-Otros contra la libertad sexual;2022;3
RIOJA (LA);3.5.-Otros contra la libertad sexual;2021;11
RIOJA (LA);3.5.-Otros contra la libertad sexual;2020;30
RIOJA (LA);3.5.-Otros contra la libertad sexual;2019;2
RIOJA (LA);3.5.-Otros contra la libertad sexual;2018;6
RIOJA (LA);3.5.-Otros contra la libertad sexual;2017;5
RIOJA (LA);3.5.-Otros contra la libertad sexual;2016;2
RIOJA (LA);3.5.-Otros contra la libertad sexual;2015;6
RIOJA (LA);3.5.-Otros contra la libertad sexual;2014;1
RIOJA (LA);3.5.-Otros contra la libertad sexual;2013;2
RIOJA (LA);3.5.-Otros contra la libertad sexual;2012;2
RIOJA (LA);3.5.-Otros contra la libertad sexual;2011;2
RIOJA (LA);3.5.-Otros contra la libertad sexual;2010;4
RIOJA (LA);4. RELACIONES FAMILIARES;2023;28
RIOJA (LA);4. RELACIONES FAMILIARES;2022;32
RIOJA (LA);4. RELACIONES FAMILIARES;2021;20
RIOJA (LA);4. RELACIONES FAMILIARES;2020;26
RIOJA (LA);4. RELACIONES FAMILIARES;2019;31
RIOJA (LA);4. RELACIONES FAMILIARES;2018;19
RIOJA (LA);4. RELACIONES FAMILIARES;2017;24
RIOJA (LA);4. RELACIONES FAMILIARES;2016;18
RIOJA (LA);4. RELACIONES FAMILIARES;2015;33
RIOJA (LA);4. RELACIONES FAMILIARES;2014;31
RIOJA (LA);4. RELACIONES FAMILIARES;2013;31
RIOJA (LA);4. RELACIONES FAMILIARES;2012;21
RIOJA (LA);4. RELACIONES FAMILIARES;2011;17
RIOJA (LA);4. RELACIONES FAMILIARES;2010;27
RIOJA (LA);5. PATRIMONIO;2023;2.095
RIOJA (LA);5. PATRIMONIO;2022;1.727
RIOJA (LA);5. PATRIMONIO;2021;1.321
RIOJA (LA);5. PATRIMONIO;2020;1.095
RIOJA (LA);5. PATRIMONIO;2019;1.461
RIOJA (LA);5. PATRIMONIO;2018;1.314
RIOJA (LA);5. PATRIMONIO;2017;1.205
RIOJA (LA);5. PATRIMONIO;2016;1.149
RIOJA (LA);5. PATRIMONIO;2015;1.334
RIOJA (LA);5. PATRIMONIO;2014;1.354
RIOJA (LA);5. PATRIMONIO;2013;1.452
RIOJA (LA);5. PATRIMONIO;2012;1.322
RIOJA (LA);5. PATRIMONIO;2011;1.354
RIOJA (LA);5. PATRIMONIO;2010;1.391
RIOJA (LA);5.1.-Hurtos;2023;857
RIOJA (LA);5.1.-Hurtos;2022;773
RIOJA (LA);5.1.-Hurtos;2021;487
RIOJA (LA);5.1.-Hurtos;2020;431
RIOJA (LA);5.1.-Hurtos;2019;642
RIOJA (LA);5.1.-Hurtos;2018;608
RIOJA (LA);5.1.-Hurtos;2017;600
RIOJA (LA);5.1.-Hurtos;2016;583
RIOJA (LA);5.1.-Hurtos;2015;609
RIOJA (LA);5.1.-Hurtos;2014;603
RIOJA (LA);5.1.-Hurtos;2013;671
RIOJA (LA);5.1.-Hurtos;2012;638
RIOJA (LA);5.1.-Hurtos;2011;651
RIOJA (LA);5.1.-Hurtos;2010;715
RIOJA (LA);5.2.-Robos con fuerza en las cosas;2023;291
RIOJA (LA);5.2.-Robos con fuerza en las cosas;2022;184
RIOJA (LA);5.2.-Robos con fuerza en las cosas;2021;150
RIOJA (LA);5.2.-Robos con fuerza en las cosas;2020;149
RIOJA (LA);5.2.-Robos con fuerza en las cosas;2019;200
RIOJA (LA);5.2.-Robos con fuerza en las cosas;2018;177
RIOJA (LA);5.2.-Robos con fuerza en las cosas;2017;203
RIOJA (LA);5.2.-Robos con fuerza en las cosas;2016;175
RIOJA (LA);5.2.-Robos con fuerza en las cosas;2015;262
RIOJA (LA);5.2.-Robos con fuerza en las cosas;2014;224
RIOJA (LA);5.2.-Robos con fuerza en las cosas;2013;299
RIOJA (LA);5.2.-Robos con fuerza en las cosas;2012;184
RIOJA (LA);5.2.-Robos con fuerza en las cosas;2011;219
RIOJA (LA);5.2.-Robos con fuerza en las cosas;2010;233
RIOJA (LA);5.2.1.-Robos con fuerza en las cosas en el interior de vehículos;2023;43
RIOJA (LA);5.2.1.-Robos con fuerza en las cosas en el interior de vehículos;2022;33
RIOJA (LA);5.2.1.-Robos con fuerza en las cosas en el interior de vehículos;2021;31
RIOJA (LA);5.2.1.-Robos con fuerza en las cosas en el interior de vehículos;2020;16
RIOJA (LA);5.2.1.-Robos con fuerza en las cosas en el interior de vehículos;2019;37
RIOJA (LA);5.2.1.-Robos con fuerza en las cosas en el interior de vehículos;2018;38
RIOJA (LA);5.2.1.-Robos con fuerza en las cosas en el interior de vehículos;2017;20
RIOJA (LA);5.2.1.-Robos con fuerza en las cosas en el interior de vehículos;2016;33
RIOJA (LA);5.2.1.-Robos con fuerza en las cosas en el interior de vehículos;2015;36
RIOJA (LA);5.2.1.-Robos con fuerza en las cosas en el interior de vehículos;2014;63
RIOJA (LA);5.2.1.-Robos con fuerza en las cosas en el interior de vehículos;2013;37
RIOJA (LA);5.2.1.-Robos con fuerza en las cosas en el interior de vehículos;2012;32
RIOJA (LA);5.2.1.-Robos con fuerza en las cosas en el interior de vehículos;2011;23
RIOJA (LA);5.2.1.-Robos con fuerza en las cosas en el interior de vehículos;2010;46
RIOJA (LA);5.2.2.-Robos con fuerza en viviendas;2023;93
RIOJA (LA);5.2.2.-Robos con fuerza en viviendas;2022;59
RIOJA (LA);5.2.2.-Robos con fuerza en viviendas;2021;57
RIOJA (LA);5.2.2.-Robos con fuerza en viviendas;2020;72
RIOJA (LA);5.2.2.-Robos con fuerza en viviendas;2019;51
RIOJA (LA);5.2.2.-Robos con fuerza en viviendas;2018;58
RIOJA (LA);5.2.2.-Robos con fuerza en viviendas;2017;97
RIOJA (LA);5.2.2.-Robos con fuerza en viviendas;2016;60
RIOJA (LA);5.2.2.-Robos con fuerza en viviendas;2015;132
RIOJA (LA);5.2.2.-Robos con fuerza en viviendas;2014;72
RIOJA (LA);5.2.2.-Robos con fuerza en viviendas;2013;119
RIOJA (LA);5.2.2.-Robos con fuerza en viviendas;2012;66
RIOJA (LA);5.2.2.-Robos con fuerza en viviendas;2011;32
RIOJA (LA);5.2.2.-Robos con fuerza en viviendas;2010;39
RIOJA (LA);5.2.3.-Robos con fuerza en establecimientos;2023;62
RIOJA (LA);5.2.3.-Robos con fuerza en establecimientos;2022;40
RIOJA (LA);5.2.3.-Robos con fuerza en establecimientos;2021;35
RIOJA (LA);5.2.3.-Robos con fuerza en establecimientos;2020;29
RIOJA (LA);5.2.3.-Robos con fuerza en establecimientos;2019;38
RIOJA (LA);5.2.3.-Robos con fuerza en establecimientos;2018;37
RIOJA (LA);5.2.3.-Robos con fuerza en establecimientos;2017;36
RIOJA (LA);5.2.3.-Robos con fuerza en establecimientos;2016;44
RIOJA (LA);5.2.3.-Robos con fuerza en establecimientos;2015;40
RIOJA (LA);5.2.3.-Robos con fuerza en establecimientos;2014;33
RIOJA (LA);5.2.3.-Robos con fuerza en establecimientos;2013;56
RIOJA (LA);5.2.3.-Robos con fuerza en establecimientos;2012;39
RIOJA (LA);5.2.3.-Robos con fuerza en establecimientos;2011;39
RIOJA (LA);5.2.3.-Robos con fuerza en establecimientos;2010;58
RIOJA (LA);5.3.-Robos con violencia o intimidación;2023;78
RIOJA (LA);5.3.-Robos con violencia o intimidación;2022;65
RIOJA (LA);5.3.-Robos con violencia o intimidación;2021;60
RIOJA (LA);5.3.-Robos con violencia o intimidación;2020;40
RIOJA (LA);5.3.-Robos con violencia o intimidación;2019;36
RIOJA (LA);5.3.-Robos con violencia o intimidación;2018;39
RIOJA (LA);5.3.-Robos con violencia o intimidación;2017;37
RIOJA (LA);5.3.-Robos con violencia o intimidación;2016;45
RIOJA (LA);5.3.-Robos con violencia o intimidación;2015;52
RIOJA (LA);5.3.-Robos con violencia o intimidación;2014;78
RIOJA (LA);5.3.-Robos con violencia o intimidación;2013;52
RIOJA (LA);5.3.-Robos con violencia o intimidación;2012;61
RIOJA (LA);5.3.-Robos con violencia o intimidación;2011;80
RIOJA (LA);5.3.-Robos con violencia o intimidación;2010;82
RIOJA (LA);5.3.1.-Robos con violencia en vía pública;2023;39
RIOJA (LA);5.3.1.-Robos con violencia en vía pública;2022;30
RIOJA (LA);5.3.1.-Robos con violencia en vía pública;2021;26
RIOJA (LA);5.3.1.-Robos con violencia en vía pública;2020;19
RIOJA (LA);5.3.1.-Robos con violencia en vía pública;2019;15
RIOJA (LA);5.3.1.-Robos con violencia en vía pública;2018;19
RIOJA (LA);5.3.1.-Robos con violencia en vía pública;2017;14
RIOJA (LA);5.3.1.-Robos con violencia en vía pública;2016;25
RIOJA (LA);5.3.1.-Robos con violencia en vía pública;2015;33
RIOJA (LA);5.3.1.-Robos con violencia en vía pública;2014;45
RIOJA (LA);5.3.1.-Robos con violencia en vía pública;2013;25
RIOJA (LA);5.3.1.-Robos con violencia en vía pública;2012;35
RIOJA (LA);5.3.1.-Robos con violencia en vía pública;2011;33
RIOJA (LA);5.3.1.-Robos con violencia en vía pública;2010;34
RIOJA (LA);5.3.2.-Robos con violencia en viviendas;2023;8
RIOJA (LA);5.3.2.-Robos con violencia en viviendas;2022;5
RIOJA (LA);5.3.2.-Robos con violencia en viviendas;2021;5
RIOJA (LA);5.3.2.-Robos con violencia en viviendas;2020;1
RIOJA (LA);5.3.2.-Robos con violencia en viviendas;2019;3
RIOJA (LA);5.3.2.-Robos con violencia en viviendas;2018;5
RIOJA (LA);5.3.2.-Robos con violencia en viviendas;2017;5
RIOJA (LA);5.3.2.-Robos con violencia en viviendas;2016;3
RIOJA (LA);5.3.2.-Robos con violencia en viviendas;2015;5
RIOJA (LA);5.3.2.-Robos con violencia en viviendas;2014;7
RIOJA (LA);5.3.2.-Robos con violencia en viviendas;2013;5
RIOJA (LA);5.3.2.-Robos con violencia en viviendas;2012;8
RIOJA (LA);5.3.2.-Robos con violencia en viviendas;2011;8
RIOJA (LA);5.3.2.-Robos con violencia en viviendas;2010;6
RIOJA (LA);5.3.3.-Robos con violencia en establecimientos;2023;20
RIOJA (LA);5.3.3.-Robos con violencia en establecimientos;2022;23
RIOJA (LA);5.3.3.-Robos con violencia en establecimientos;2021;21
RIOJA (LA);5.3.3.-Robos con violencia en establecimientos;2020;16
RIOJA (LA);5.3.3.-Robos con violencia en establecimientos;2019;16
RIOJA (LA);5.3.3.-Robos con violencia en establecimientos;2018;8
RIOJA (LA);5.3.3.-Robos con violencia en establecimientos;2017;14
RIOJA (LA);5.3.3.-Robos con violencia en establecimientos;2016;16
RIOJA (LA);5.3.3.-Robos con violencia en establecimientos;2015;8
RIOJA (LA);5.3.3.-Robos con violencia en establecimientos;2014;20
RIOJA (LA);5.3.3.-Robos con violencia en establecimientos;2013;19
RIOJA (LA);5.3.3.-Robos con violencia en establecimientos;2012;14
RIOJA (LA);5.3.3.-Robos con violencia en establecimientos;2011;28
RIOJA (LA);5.3.3.-Robos con violencia en establecimientos;2010;35
RIOJA (LA);5.4.-Sustracción de vehículos;2023;29
RIOJA (LA);5.4.-Sustracción de vehículos;2022;33
RIOJA (LA);5.4.-Sustracción de vehículos;2021;26
RIOJA (LA);5.4.-Sustracción de vehículos;2020;15
RIOJA (LA);5.4.-Sustracción de vehículos;2019;25
RIOJA (LA);5.4.-Sustracción de vehículos;2018;40
RIOJA (LA);5.4.-Sustracción de vehículos;2017;21
RIOJA (LA);5.4.-Sustracción de vehículos;2016;23
RIOJA (LA);5.4.-Sustracción de vehículos;2015;37
RIOJA (LA);5.4.-Sustracción de vehículos;2014;13
RIOJA (LA);5.4.-Sustracción de vehículos;2013;37
RIOJA (LA);5.4.-Sustracción de vehículos;2012;25
RIOJA (LA);5.4.-Sustracción de vehículos;2011;25
RIOJA (LA);5.4.-Sustracción de vehículos;2010;38
RIOJA (LA);5.5.-Estafas;2023;419
RIOJA (LA);5.5.-Estafas;2022;310
RIOJA (LA);5.5.-Estafas;2021;306
RIOJA (LA);5.5.-Estafas;2020;189
RIOJA (LA);5.5.-Estafas;2019;179
RIOJA (LA);5.5.-Estafas;2018;192
RIOJA (LA);5.5.-Estafas;2017;126
RIOJA (LA);5.5.-Estafas;2016;124
RIOJA (LA);5.5.-Estafas;2015;146
RIOJA (LA);5.5.-Estafas;2014;162
RIOJA (LA);5.5.-Estafas;2013;151
RIOJA (LA);5.5.-Estafas;2012;161
RIOJA (LA);5.5.-Estafas;2011;142
RIOJA (LA);5.5.-Estafas;2010;107
RIOJA (LA);5.5.1.-Estafas informáticas;2023;255
RIOJA (LA);5.5.1.-Estafas informáticas;2022;196
RIOJA (LA);5.5.1.-Estafas informáticas;2021;231
RIOJA (LA);5.5.1.-Estafas informáticas;2020;112
RIOJA (LA);5.5.1.-Estafas informáticas;2019;66
RIOJA (LA);5.5.1.-Estafas informáticas;2018;87
RIOJA (LA);5.5.1.-Estafas informáticas;2017;33
RIOJA (LA);5.5.1.-Estafas informáticas;2016;34
RIOJA (LA);5.5.1.-Estafas informáticas;2015;32
RIOJA (LA);5.5.1.-Estafas informáticas;2014;31
RIOJA (LA);5.5.1.-Estafas informáticas;2013;34
RIOJA (LA);5.5.1.-Estafas informáticas;2012;35
RIOJA (LA);5.5.1.-Estafas informáticas;2011;26
RIOJA (LA);5.5.1.-Estafas informáticas;2010;23
RIOJA (LA);5.6.-Daños;2023;235
RIOJA (LA);5.6.-Daños;2022;237
RIOJA (LA);5.6.-Daños;2021;180
RIOJA (LA);5.6.-Daños;2020;168
RIOJA (LA);5.6.-Daños;2019;175
RIOJA (LA);5.6.-Daños;2018;159
RIOJA (LA);5.6.-Daños;2017;144
RIOJA (LA);5.6.-Daños;2016;128
RIOJA (LA);5.6.-Daños;2015;150
RIOJA (LA);5.6.-Daños;2014;174
RIOJA (LA);5.6.-Daños;2013;136
RIOJA (LA);5.6.-Daños;2012;186
RIOJA (LA);5.6.-Daños;2011;161
RIOJA (LA);5.6.-Daños;2010;159
RIOJA (LA);5.7.-Contra la propiedad intelectual/industrial;2023;2
RIOJA (LA);5.7.-Contra la propiedad intelectual/industrial;2022;1
RIOJA (LA);5.7.-Contra la propiedad intelectual/industrial;2021;0
RIOJA (LA);5.7.-Contra la propiedad intelectual/industrial;2020;1
RIOJA (LA);5.7.-Contra la propiedad intelectual/industrial;2019;41
RIOJA (LA);5.7.-Contra la propiedad intelectual/industrial;2018;16
RIOJA (LA);5.7.-Contra la propiedad intelectual/industrial;2017;4
RIOJA (LA);5.7.-Contra la propiedad intelectual/industrial;2016;8
RIOJA (LA);5.7.-Contra la propiedad intelectual/industrial;2015;2
RIOJA (LA);5.7.-Contra la propiedad intelectual/industrial;2014;1
RIOJA (LA);5.7.-Contra la propiedad intelectual/industrial;2013;4
RIOJA (LA);5.7.-Contra la propiedad intelectual/industrial;2012;4
RIOJA (LA);5.7.-Contra la propiedad intelectual/industrial;2011;7
RIOJA (LA);5.7.-Contra la propiedad intelectual/industrial;2010;5
RIOJA (LA);5.8.-Blanqueo de capitales;2023;0
RIOJA (LA);5.8.-Blanqueo de capitales;2022;1
RIOJA (LA);5.8.-Blanqueo de capitales;2021;0
RIOJA (LA);5.8.-Blanqueo de capitales;2020;1
RIOJA (LA);5.8.-Blanqueo de capitales;2019;2
RIOJA (LA);5.8.-Blanqueo de capitales;2018;1
RIOJA (LA);5.8.-Blanqueo de capitales;2017;1
RIOJA (LA);5.8.-Blanqueo de capitales;2016;2
RIOJA (LA);5.8.-Blanqueo de capitales;2015;1
RIOJA (LA);5.8.-Blanqueo de capitales;2014;3
RIOJA (LA);5.8.-Blanqueo de capitales;2013;0
RIOJA (LA);5.8.-Blanqueo de capitales;2012;1
RIOJA (LA);5.8.-Blanqueo de capitales;2011;1
RIOJA (LA);5.8.-Blanqueo de capitales;2010;2
RIOJA (LA);5.9.-Otros contra el patrimonio;2023;184
RIOJA (LA);5.9.-Otros contra el patrimonio;2022;123
RIOJA (LA);5.9.-Otros contra el patrimonio;2021;112
RIOJA (LA);5.9.-Otros contra el patrimonio;2020;101
RIOJA (LA);5.9.-Otros contra el patrimonio;2019;161
RIOJA (LA);5.9.-Otros contra el patrimonio;2018;82
RIOJA (LA);5.9.-Otros contra el patrimonio;2017;69
RIOJA (LA);5.9.-Otros contra el patrimonio;2016;61
RIOJA (LA);5.9.-Otros contra el patrimonio;2015;75
RIOJA (LA);5.9.-Otros contra el patrimonio;2014;96
RIOJA (LA);5.9.-Otros contra el patrimonio;2013;102
RIOJA (LA);5.9.-Otros contra el patrimonio;2012;62
RIOJA (LA);5.9.-Otros contra el patrimonio;2011;68
RIOJA (LA);5.9.-Otros contra el patrimonio;2010;50
RIOJA (LA);6. SEGURIDAD COLECTIVA;2023;429
RIOJA (LA);6. SEGURIDAD COLECTIVA;2022;460
RIOJA (LA);6. SEGURIDAD COLECTIVA;2021;397
RIOJA (LA);6. SEGURIDAD COLECTIVA;2020;278
RIOJA (LA);6. SEGURIDAD COLECTIVA;2019;405
RIOJA (LA);6. SEGURIDAD COLECTIVA;2018;338
RIOJA (LA);6. SEGURIDAD COLECTIVA;2017;285
RIOJA (LA);6. SEGURIDAD COLECTIVA;2016;341
RIOJA (LA);6. SEGURIDAD COLECTIVA;2015;336
RIOJA (LA);6. SEGURIDAD COLECTIVA;2014;367
RIOJA (LA);6. SEGURIDAD COLECTIVA;2013;397
RIOJA (LA);6. SEGURIDAD COLECTIVA;2012;507
RIOJA (LA);6. SEGURIDAD COLECTIVA;2011;616
RIOJA (LA);6. SEGURIDAD COLECTIVA;2010;517
RIOJA (LA);6.1.-Tráfico de drogas;2023;90
RIOJA (LA);6.1.-Tráfico de drogas;2022;91
RIOJA (LA);6.1.-Tráfico de drogas;2021;74
RIOJA (LA);6.1.-Tráfico de drogas;2020;71
RIOJA (LA);6.1.-Tráfico de drogas;2019;100
RIOJA (LA);6.1.-Tráfico de drogas;2018;72
RIOJA (LA);6.1.-Tráfico de drogas;2017;80
RIOJA (LA);6.1.-Tráfico de drogas;2016;63
RIOJA (LA);6.1.-Tráfico de drogas;2015;61
RIOJA (LA);6.1.-Tráfico de drogas;2014;56
RIOJA (LA);6.1.-Tráfico de drogas;2013;70
RIOJA (LA);6.1.-Tráfico de drogas;2012;67
RIOJA (LA);6.1.-Tráfico de drogas;2011;61
RIOJA (LA);6.1.-Tráfico de drogas;2010;63
RIOJA (LA);6.2.-Contra la seguridad vial;2023;332
RIOJA (LA);6.2.-Contra la seguridad vial;2022;357
RIOJA (LA);6.2.-Contra la seguridad vial;2021;309
RIOJA (LA);6.2.-Contra la seguridad vial;2020;197
RIOJA (LA);6.2.-Contra la seguridad vial;2019;297
RIOJA (LA);6.2.-Contra la seguridad vial;2018;257
RIOJA (LA);6.2.-Contra la seguridad vial;2017;197
RIOJA (LA);6.2.-Contra la seguridad vial;2016;272
RIOJA (LA);6.2.-Contra la seguridad vial;2015;269
RIOJA (LA);6.2.-Contra la seguridad vial;2014;303
RIOJA (LA);6.2.-Contra la seguridad vial;2013;317
RIOJA (LA);6.2.-Contra la seguridad vial;2012;433
RIOJA (LA);6.2.-Contra la seguridad vial;2011;545
RIOJA (LA);6.2.-Contra la seguridad vial;2010;437
RIOJA (LA);6.3.-Otros contra la seguridad colectiva;2023;7
RIOJA (LA);6.3.-Otros contra la seguridad colectiva;2022;12
RIOJA (LA);6.3.-Otros contra la seguridad colectiva;2021;14
RIOJA (LA);6.3.-Otros contra la seguridad colectiva;2020;10
RIOJA (LA);6.3.-Otros contra la seguridad colectiva;2019;8
RIOJA (LA);6.3.-Otros contra la seguridad colectiva;2018;9
RIOJA (LA);6.3.-Otros contra la seguridad colectiva;2017;8
RIOJA (LA);6.3.-Otros contra la seguridad colectiva;2016;6
RIOJA (LA);6.3.-Otros contra la seguridad colectiva;2015;6
RIOJA (LA);6.3.-Otros contra la seguridad colectiva;2014;8
RIOJA (LA);6.3.-Otros contra la seguridad colectiva;2013;10
RIOJA (LA);6.3.-Otros contra la seguridad colectiva;2012;7
RIOJA (LA);6.3.-Otros contra la seguridad colectiva;2011;10
RIOJA (LA);6.3.-Otros contra la seguridad colectiva;2010;17
RIOJA (LA);7. FALSEDADES;2023;67
RIOJA (LA);7. FALSEDADES;2022;118
RIOJA (LA);7. FALSEDADES;2021;135
RIOJA (LA);7. FALSEDADES;2020;29
RIOJA (LA);7. FALSEDADES;2019;49
RIOJA (LA);7. FALSEDADES;2018;45
RIOJA (LA);7. FALSEDADES;2017;28
RIOJA (LA);7. FALSEDADES;2016;56
RIOJA (LA);7. FALSEDADES;2015;33
RIOJA (LA);7. FALSEDADES;2014;52
RIOJA (LA);7. FALSEDADES;2013;34
RIOJA (LA);7. FALSEDADES;2012;51
RIOJA (LA);7. FALSEDADES;2011;58
RIOJA (LA);7. FALSEDADES;2010;43
RIOJA (LA);8. ADMÓN. PÚBLICA;2023;4
RIOJA (LA);8. ADMÓN. PÚBLICA;2022;1
RIOJA (LA);8. ADMÓN. PÚBLICA;2021;4
RIOJA (LA);8. ADMÓN. PÚBLICA;2020;0
RIOJA (LA);8. ADMÓN. PÚBLICA;2019;5
RIOJA (LA);8. ADMÓN. PÚBLICA;2018;3
RIOJA (LA);8. ADMÓN. PÚBLICA;2017;3
RIOJA (LA);8. ADMÓN. PÚBLICA;2016;2
RIOJA (LA);8. ADMÓN. PÚBLICA;2015;1
RIOJA (LA);8. ADMÓN. PÚBLICA;2014;1
RIOJA (LA);8. ADMÓN. PÚBLICA;2013;0
RIOJA (LA);8. ADMÓN. PÚBLICA;2012;0
RIOJA (LA);8. ADMÓN. PÚBLICA;2011;0
RIOJA (LA);8. ADMÓN. PÚBLICA;2010;0
RIOJA (LA);9. ADMÓN. JUSTICIA;2023;288
RIOJA (LA);9. ADMÓN. JUSTICIA;2022;262
RIOJA (LA);9. ADMÓN. JUSTICIA;2021;226
RIOJA (LA);9. ADMÓN. JUSTICIA;2020;136
RIOJA (LA);9. ADMÓN. JUSTICIA;2019;227
RIOJA (LA);9. ADMÓN. JUSTICIA;2018;184
RIOJA (LA);9. ADMÓN. JUSTICIA;2017;137
RIOJA (LA);9. ADMÓN. JUSTICIA;2016;160
RIOJA (LA);9. ADMÓN. JUSTICIA;2015;129
RIOJA (LA);9. ADMÓN. JUSTICIA;2014;135
RIOJA (LA);9. ADMÓN. JUSTICIA;2013;114
RIOJA (LA);9. ADMÓN. JUSTICIA;2012;147
RIOJA (LA);9. ADMÓN. JUSTICIA;2011;134
RIOJA (LA);9. ADMÓN. JUSTICIA;2010;137
RIOJA (LA);10. ORDEN PÚBLICO;2023;147
RIOJA (LA);10. ORDEN PÚBLICO;2022;144
RIOJA (LA);10. ORDEN PÚBLICO;2021;176
RIOJA (LA);10. ORDEN PÚBLICO;2020;207
RIOJA (LA);10. ORDEN PÚBLICO;2019;116
RIOJA (LA);10. ORDEN PÚBLICO;2018;85
RIOJA (LA);10. ORDEN PÚBLICO;2017;119
RIOJA (LA);10. ORDEN PÚBLICO;2016;109
RIOJA (LA);10. ORDEN PÚBLICO;2015;120
RIOJA (LA);10. ORDEN PÚBLICO;2014;150
RIOJA (LA);10. ORDEN PÚBLICO;2013;194
RIOJA (LA);10. ORDEN PÚBLICO;2012;222
RIOJA (LA);10. ORDEN PÚBLICO;2011;255
RIOJA (LA);10. ORDEN PÚBLICO;2010;210
RIOJA (LA);11. LEGISLACIÓN ESPECIAL;2023;3
RIOJA (LA);11. LEGISLACIÓN ESPECIAL;2022;0
RIOJA (LA);11. LEGISLACIÓN ESPECIAL;2021;0
RIOJA (LA);11. LEGISLACIÓN ESPECIAL;2020;0
RIOJA (LA);11. LEGISLACIÓN ESPECIAL;2019;0
RIOJA (LA);11. LEGISLACIÓN ESPECIAL;2018;0
RIOJA (LA);11. LEGISLACIÓN ESPECIAL;2017;0
RIOJA (LA);11. LEGISLACIÓN ESPECIAL;2016;1
RIOJA (LA);11. LEGISLACIÓN ESPECIAL;2015;0
RIOJA (LA);11. LEGISLACIÓN ESPECIAL;2014;1
RIOJA (LA);11. LEGISLACIÓN ESPECIAL;2013;0
RIOJA (LA);11. LEGISLACIÓN ESPECIAL;2012;1
RIOJA (LA);11. LEGISLACIÓN ESPECIAL;2011;0
RIOJA (LA);11. LEGISLACIÓN ESPECIAL;2010;0
RIOJA (LA);12. OTRAS INFRACCIONES PENALES;2023;40
RIOJA (LA);12. OTRAS INFRACCIONES PENALES;2022;34
RIOJA (LA);12. OTRAS INFRACCIONES PENALES;2021;43
RIOJA (LA);12. OTRAS INFRACCIONES PENALES;2020;35
RIOJA (LA);12. OTRAS INFRACCIONES PENALES;2019;38
RIOJA (LA);12. OTRAS INFRACCIONES PENALES;2018;34
RIOJA (LA);12. OTRAS INFRACCIONES PENALES;2017;30
RIOJA (LA);12. OTRAS INFRACCIONES PENALES;2016;39
RIOJA (LA);12. OTRAS INFRACCIONES PENALES;2015;23
RIOJA (LA);12. OTRAS INFRACCIONES PENALES;2014;19
RIOJA (LA);12. OTRAS INFRACCIONES PENALES;2013;16
RIOJA (LA);12. OTRAS INFRACCIONES PENALES;2012;18
RIOJA (LA);12. OTRAS INFRACCIONES PENALES;2011;16
RIOJA (LA);12. OTRAS INFRACCIONES PENALES;2010;21
RIOJA (LA);TOTAL INFRACCIONES PENALES;2023;5.237
RIOJA (LA);TOTAL INFRACCIONES PENALES;2022;4.728
RIOJA (LA);TOTAL INFRACCIONES PENALES;2021;4.054
RIOJA (LA);TOTAL INFRACCIONES PENALES;2020;3.184
RIOJA (LA);TOTAL INFRACCIONES PENALES;2019;3.780
RIOJA (LA);TOTAL INFRACCIONES PENALES;2018;3.450
RIOJA (LA);TOTAL INFRACCIONES PENALES;2017;3.160
RIOJA (LA);TOTAL INFRACCIONES PENALES;2016;3.169
RIOJA (LA);TOTAL INFRACCIONES PENALES;2015;3.413
RIOJA (LA);TOTAL INFRACCIONES PENALES;2014;3.657
RIOJA (LA);TOTAL INFRACCIONES PENALES;2013;3.753
RIOJA (LA);TOTAL INFRACCIONES PENALES;2012;3.953
RIOJA (LA);TOTAL INFRACCIONES PENALES;2011;4.089
RIOJA (LA);TOTAL INFRACCIONES PENALES;2010;4.070
CIUDAD AUTÓNOMA DE CEUTA;1. CONTRA LAS PERSONAS;2023;609
CIUDAD AUTÓNOMA DE CEUTA;1. CONTRA LAS PERSONAS;2022;659
CIUDAD AUTÓNOMA DE CEUTA;1. CONTRA LAS PERSONAS;2021;748
CIUDAD AUTÓNOMA DE CEUTA;1. CONTRA LAS PERSONAS;2020;577
CIUDAD AUTÓNOMA DE CEUTA;1. CONTRA LAS PERSONAS;2019;622
CIUDAD AUTÓNOMA DE CEUTA;1. CONTRA LAS PERSONAS;2018;620
CIUDAD AUTÓNOMA DE CEUTA;1. CONTRA LAS PERSONAS;2017;647
CIUDAD AUTÓNOMA DE CEUTA;1. CONTRA LAS PERSONAS;2016;605
CIUDAD AUTÓNOMA DE CEUTA;1. CONTRA LAS PERSONAS;2015;638
CIUDAD AUTÓNOMA DE CEUTA;1. CONTRA LAS PERSONAS;2014;656
CIUDAD AUTÓNOMA DE CEUTA;1. CONTRA LAS PERSONAS;2013;631
CIUDAD AUTÓNOMA DE CEUTA;1. CONTRA LAS PERSONAS;2012;699
CIUDAD AUTÓNOMA DE CEUTA;1. CONTRA LAS PERSONAS;2011;692
CIUDAD AUTÓNOMA DE CEUTA;1. CONTRA LAS PERSONAS;2010;726
CIUDAD AUTÓNOMA DE CEUTA;1.1.-Homicidios dolosos/asesinatos;2023;12
CIUDAD AUTÓNOMA DE CEUTA;1.1.-Homicidios dolosos/asesinatos;2022;31
CIUDAD AUTÓNOMA DE CEUTA;1.1.-Homicidios dolosos/asesinatos;2021;10
CIUDAD AUTÓNOMA DE CEUTA;1.1.-Homicidios dolosos/asesinatos;2020;7
CIUDAD AUTÓNOMA DE CEUTA;1.1.-Homicidios dolosos/asesinatos;2019;16
CIUDAD AUTÓNOMA DE CEUTA;1.1.-Homicidios dolosos/asesinatos;2018;2
CIUDAD AUTÓNOMA DE CEUTA;1.1.-Homicidios dolosos/asesinatos;2017;7
CIUDAD AUTÓNOMA DE CEUTA;1.1.-Homicidios dolosos/asesinatos;2016;15
CIUDAD AUTÓNOMA DE CEUTA;1.1.-Homicidios dolosos/asesinatos;2015;8
CIUDAD AUTÓNOMA DE CEUTA;1.1.-Homicidios dolosos/asesinatos;2014;13
CIUDAD AUTÓNOMA DE CEUTA;1.1.-Homicidios dolosos/asesinatos;2013;11
CIUDAD AUTÓNOMA DE CEUTA;1.1.-Homicidios dolosos/asesinatos;2012;12
CIUDAD AUTÓNOMA DE CEUTA;1.1.-Homicidios dolosos/asesinatos;2011;8
CIUDAD AUTÓNOMA DE CEUTA;1.1.-Homicidios dolosos/asesinatos;2010;5
CIUDAD AUTÓNOMA DE CEUTA;1.1.1.-Homicidios dolosos/asesinatos consumados;2023;6
CIUDAD AUTÓNOMA DE CEUTA;1.1.1.-Homicidios dolosos/asesinatos consumados;2022;3
CIUDAD AUTÓNOMA DE CEUTA;1.1.1.-Homicidios dolosos/asesinatos consumados;2021;2
CIUDAD AUTÓNOMA DE CEUTA;1.1.1.-Homicidios dolosos/asesinatos consumados;2020;2
CIUDAD AUTÓNOMA DE CEUTA;1.1.1.-Homicidios dolosos/asesinatos consumados;2019;4
CIUDAD AUTÓNOMA DE CEUTA;1.1.1.-Homicidios dolosos/asesinatos consumados;2018;1
CIUDAD AUTÓNOMA DE CEUTA;1.1.1.-Homicidios dolosos/asesinatos consumados;2017;1
CIUDAD AUTÓNOMA DE CEUTA;1.1.1.-Homicidios dolosos/asesinatos consumados;2016;4
CIUDAD AUTÓNOMA DE CEUTA;1.1.1.-Homicidios dolosos/asesinatos consumados;2015;2
CIUDAD AUTÓNOMA DE CEUTA;1.1.1.-Homicidios dolosos/asesinatos consumados;2014;4
CIUDAD AUTÓNOMA DE CEUTA;1.1.1.-Homicidios dolosos/asesinatos consumados;2013;2
CIUDAD AUTÓNOMA DE CEUTA;1.1.1.-Homicidios dolosos/asesinatos consumados;2012;0
CIUDAD AUTÓNOMA DE CEUTA;1.1.1.-Homicidios dolosos/asesinatos consumados;2011;3
CIUDAD AUTÓNOMA DE CEUTA;1.1.1.-Homicidios dolosos/asesinatos consumados;2010;1
CIUDAD AUTÓNOMA DE CEUTA;1.2.-Lesiones;2023;311
CIUDAD AUTÓNOMA DE CEUTA;1.2.-Lesiones;2022;361
CIUDAD AUTÓNOMA DE CEUTA;1.2.-Lesiones;2021;419
CIUDAD AUTÓNOMA DE CEUTA;1.2.-Lesiones;2020;342
CIUDAD AUTÓNOMA DE CEUTA;1.2.-Lesiones;2019;354
CIUDAD AUTÓNOMA DE CEUTA;1.2.-Lesiones;2018;349
CIUDAD AUTÓNOMA DE CEUTA;1.2.-Lesiones;2017;368
CIUDAD AUTÓNOMA DE CEUTA;1.2.-Lesiones;2016;345
CIUDAD AUTÓNOMA DE CEUTA;1.2.-Lesiones;2015;357
CIUDAD AUTÓNOMA DE CEUTA;1.2.-Lesiones;2014;314
CIUDAD AUTÓNOMA DE CEUTA;1.2.-Lesiones;2013;326
CIUDAD AUTÓNOMA DE CEUTA;1.2.-Lesiones;2012;313
CIUDAD AUTÓNOMA DE CEUTA;1.2.-Lesiones;2011;353
CIUDAD AUTÓNOMA DE CEUTA;1.2.-Lesiones;2010;328
CIUDAD AUTÓNOMA DE CEUTA;1.3.-Malos tratos ámbito familiar;2023;284
CIUDAD AUTÓNOMA DE CEUTA;1.3.-Malos tratos ámbito familiar;2022;266
CIUDAD AUTÓNOMA DE CEUTA;1.3.-Malos tratos ámbito familiar;2021;315
CIUDAD AUTÓNOMA DE CEUTA;1.3.-Malos tratos ámbito familiar;2020;225
CIUDAD AUTÓNOMA DE CEUTA;1.3.-Malos tratos ámbito familiar;2019;250
CIUDAD AUTÓNOMA DE CEUTA;1.3.-Malos tratos ámbito familiar;2018;268
CIUDAD AUTÓNOMA DE CEUTA;1.3.-Malos tratos ámbito familiar;2017;263
CIUDAD AUTÓNOMA DE CEUTA;1.3.-Malos tratos ámbito familiar;2016;242
CIUDAD AUTÓNOMA DE CEUTA;1.3.-Malos tratos ámbito familiar;2015;185
CIUDAD AUTÓNOMA DE CEUTA;1.3.-Malos tratos ámbito familiar;2014;151
CIUDAD AUTÓNOMA DE CEUTA;1.3.-Malos tratos ámbito familiar;2013;110
CIUDAD AUTÓNOMA DE CEUTA;1.3.-Malos tratos ámbito familiar;2012;115
CIUDAD AUTÓNOMA DE CEUTA;1.3.-Malos tratos ámbito familiar;2011;54
CIUDAD AUTÓNOMA DE CEUTA;1.3.-Malos tratos ámbito familiar;2010;73
CIUDAD AUTÓNOMA DE CEUTA;1.4.-Otros contra las personas;2023;2
CIUDAD AUTÓNOMA DE CEUTA;1.4.-Otros contra las personas;2022;1
CIUDAD AUTÓNOMA DE CEUTA;1.4.-Otros contra las personas;2021;4
CIUDAD AUTÓNOMA DE CEUTA;1.4.-Otros contra las personas;2020;3
CIUDAD AUTÓNOMA DE CEUTA;1.4.-Otros contra las personas;2019;2
CIUDAD AUTÓNOMA DE CEUTA;1.4.-Otros contra las personas;2018;1
CIUDAD AUTÓNOMA DE CEUTA;1.4.-Otros contra las personas;2017;9
CIUDAD AUTÓNOMA DE CEUTA;1.4.-Otros contra las personas;2016;3
CIUDAD AUTÓNOMA DE CEUTA;1.4.-Otros contra las personas;2015;88
CIUDAD AUTÓNOMA DE CEUTA;1.4.-Otros contra las personas;2014;178
CIUDAD AUTÓNOMA DE CEUTA;1.4.-Otros contra las personas;2013;184
CIUDAD AUTÓNOMA DE CEUTA;1.4.-Otros contra las personas;2012;259
CIUDAD AUTÓNOMA DE CEUTA;1.4.-Otros contra las personas;2011;277
CIUDAD AUTÓNOMA DE CEUTA;1.4.-Otros contra las personas;2010;320
CIUDAD AUTÓNOMA DE CEUTA;2. CONTRA LA LIBERTAD;2023;266
CIUDAD AUTÓNOMA DE CEUTA;2. CONTRA LA LIBERTAD;2022;244
CIUDAD AUTÓNOMA DE CEUTA;2. CONTRA LA LIBERTAD;2021;296
CIUDAD AUTÓNOMA DE CEUTA;2. CONTRA LA LIBERTAD;2020;263
CIUDAD AUTÓNOMA DE CEUTA;2. CONTRA LA LIBERTAD;2019;214
CIUDAD AUTÓNOMA DE CEUTA;2. CONTRA LA LIBERTAD;2018;212
CIUDAD AUTÓNOMA DE CEUTA;2. CONTRA LA LIBERTAD;2017;220
CIUDAD AUTÓNOMA DE CEUTA;2. CONTRA LA LIBERTAD;2016;277
CIUDAD AUTÓNOMA DE CEUTA;2. CONTRA LA LIBERTAD;2015;157
CIUDAD AUTÓNOMA DE CEUTA;2. CONTRA LA LIBERTAD;2014;97
CIUDAD AUTÓNOMA DE CEUTA;2. CONTRA LA LIBERTAD;2013;130
CIUDAD AUTÓNOMA DE CEUTA;2. CONTRA LA LIBERTAD;2012;160
CIUDAD AUTÓNOMA DE CEUTA;2. CONTRA LA LIBERTAD;2011;194
CIUDAD AUTÓNOMA DE CEUTA;2. CONTRA LA LIBERTAD;2010;255
CIUDAD AUTÓNOMA DE CEUTA;2.1.-Malos tratos habituales en el ámbito familiar;2023;11
CIUDAD AUTÓNOMA DE CEUTA;2.1.-Malos tratos habituales en el ámbito familiar;2022;12
CIUDAD AUTÓNOMA DE CEUTA;2.1.-Malos tratos habituales en el ámbito familiar;2021;11
CIUDAD AUTÓNOMA DE CEUTA;2.1.-Malos tratos habituales en el ámbito familiar;2020;5
CIUDAD AUTÓNOMA DE CEUTA;2.1.-Malos tratos habituales en el ámbito familiar;2019;4
CIUDAD AUTÓNOMA DE CEUTA;2.1.-Malos tratos habituales en el ámbito familiar;2018;16
CIUDAD AUTÓNOMA DE CEUTA;2.1.-Malos tratos habituales en el ámbito familiar;2017;20
CIUDAD AUTÓNOMA DE CEUTA;2.1.-Malos tratos habituales en el ámbito familiar;2016;40
CIUDAD AUTÓNOMA DE CEUTA;2.1.-Malos tratos habituales en el ámbito familiar;2015;35
CIUDAD AUTÓNOMA DE CEUTA;2.1.-Malos tratos habituales en el ámbito familiar;2014;51
CIUDAD AUTÓNOMA DE CEUTA;2.1.-Malos tratos habituales en el ámbito familiar;2013;79
CIUDAD AUTÓNOMA DE CEUTA;2.1.-Malos tratos habituales en el ámbito familiar;2012;98
CIUDAD AUTÓNOMA DE CEUTA;2.1.-Malos tratos habituales en el ámbito familiar;2011;162
CIUDAD AUTÓNOMA DE CEUTA;2.1.-Malos tratos habituales en el ámbito familiar;2010;218
CIUDAD AUTÓNOMA DE CEUTA;2.2.-Otros contra la libertad;2023;255
CIUDAD AUTÓNOMA DE CEUTA;2.2.-Otros contra la libertad;2022;232
CIUDAD AUTÓNOMA DE CEUTA;2.2.-Otros contra la libertad;2021;285
CIUDAD AUTÓNOMA DE CEUTA;2.2.-Otros contra la libertad;2020;258
CIUDAD AUTÓNOMA DE CEUTA;2.2.-Otros contra la libertad;2019;210
CIUDAD AUTÓNOMA DE CEUTA;2.2.-Otros contra la libertad;2018;196
CIUDAD AUTÓNOMA DE CEUTA;2.2.-Otros contra la libertad;2017;200
CIUDAD AUTÓNOMA DE CEUTA;2.2.-Otros contra la libertad;2016;237
CIUDAD AUTÓNOMA DE CEUTA;2.2.-Otros contra la libertad;2015;122
CIUDAD AUTÓNOMA DE CEUTA;2.2.-Otros contra la libertad;2014;46
CIUDAD AUTÓNOMA DE CEUTA;2.2.-Otros contra la libertad;2013;51
CIUDAD AUTÓNOMA DE CEUTA;2.2.-Otros contra la libertad;2012;62
CIUDAD AUTÓNOMA DE CEUTA;2.2.-Otros contra la libertad;2011;32
CIUDAD AUTÓNOMA DE CEUTA;2.2.-Otros contra la libertad;2010;37
CIUDAD AUTÓNOMA DE CEUTA;3. LIBERTAD SEXUAL;2023;41
CIUDAD AUTÓNOMA DE CEUTA;3. LIBERTAD SEXUAL;2022;41
CIUDAD AUTÓNOMA DE CEUTA;3. LIBERTAD SEXUAL;2021;42
CIUDAD AUTÓNOMA DE CEUTA;3. LIBERTAD SEXUAL;2020;30
CIUDAD AUTÓNOMA DE CEUTA;3. LIBERTAD SEXUAL;2019;19
CIUDAD AUTÓNOMA DE CEUTA;3. LIBERTAD SEXUAL;2018;40
CIUDAD AUTÓNOMA DE CEUTA;3. LIBERTAD SEXUAL;2017;22
CIUDAD AUTÓNOMA DE CEUTA;3. LIBERTAD SEXUAL;2016;32
CIUDAD AUTÓNOMA DE CEUTA;3. LIBERTAD SEXUAL;2015;15
CIUDAD AUTÓNOMA DE CEUTA;3. LIBERTAD SEXUAL;2014;10
CIUDAD AUTÓNOMA DE CEUTA;3. LIBERTAD SEXUAL;2013;13
CIUDAD AUTÓNOMA DE CEUTA;3. LIBERTAD SEXUAL;2012;13
CIUDAD AUTÓNOMA DE CEUTA;3. LIBERTAD SEXUAL;2011;13
CIUDAD AUTÓNOMA DE CEUTA;3. LIBERTAD SEXUAL;2010;17
CIUDAD AUTÓNOMA DE CEUTA;3.1.-Agresión sexual;2023;29
CIUDAD AUTÓNOMA DE CEUTA;3.1.-Agresión sexual;2022;33
CIUDAD AUTÓNOMA DE CEUTA;3.1.-Agresión sexual;2021;27
CIUDAD AUTÓNOMA DE CEUTA;3.1.-Agresión sexual;2020;20
CIUDAD AUTÓNOMA DE CEUTA;3.1.-Agresión sexual;2019;13
CIUDAD AUTÓNOMA DE CEUTA;3.1.-Agresión sexual;2018;29
CIUDAD AUTÓNOMA DE CEUTA;3.1.-Agresión sexual;2017;12
CIUDAD AUTÓNOMA DE CEUTA;3.1.-Agresión sexual;2016;17
CIUDAD AUTÓNOMA DE CEUTA;3.1.-Agresión sexual;2015;9
CIUDAD AUTÓNOMA DE CEUTA;3.1.-Agresión sexual;2014;6
CIUDAD AUTÓNOMA DE CEUTA;3.1.-Agresión sexual;2013;8
CIUDAD AUTÓNOMA DE CEUTA;3.1.-Agresión sexual;2012;11
CIUDAD AUTÓNOMA DE CEUTA;3.1.-Agresión sexual;2011;10
CIUDAD AUTÓNOMA DE CEUTA;3.1.-Agresión sexual;2010;9
CIUDAD AUTÓNOMA DE CEUTA;3.2.-Agresión sexual con penetración;2023;8
CIUDAD AUTÓNOMA DE CEUTA;3.2.-Agresión sexual con penetración;2022;5
CIUDAD AUTÓNOMA DE CEUTA;3.2.-Agresión sexual con penetración;2021;4
CIUDAD AUTÓNOMA DE CEUTA;3.2.-Agresión sexual con penetración;2020;3
CIUDAD AUTÓNOMA DE CEUTA;3.2.-Agresión sexual con penetración;2019;2
CIUDAD AUTÓNOMA DE CEUTA;3.2.-Agresión sexual con penetración;2018;5
CIUDAD AUTÓNOMA DE CEUTA;3.2.-Agresión sexual con penetración;2017;5
CIUDAD AUTÓNOMA DE CEUTA;3.2.-Agresión sexual con penetración;2016;5
CIUDAD AUTÓNOMA DE CEUTA;3.2.-Agresión sexual con penetración;2015;3
CIUDAD AUTÓNOMA DE CEUTA;3.2.-Agresión sexual con penetración;2014;0
CIUDAD AUTÓNOMA DE CEUTA;3.2.-Agresión sexual con penetración;2013;1
CIUDAD AUTÓNOMA DE CEUTA;3.2.-Agresión sexual con penetración;2012;0
CIUDAD AUTÓNOMA DE CEUTA;3.2.-Agresión sexual con penetración;2011;1
CIUDAD AUTÓNOMA DE CEUTA;3.2.-Agresión sexual con penetración;2010;0
CIUDAD AUTÓNOMA DE CEUTA;3.3.-Corrupción de menores o incapacitados;2023;1
CIUDAD AUTÓNOMA DE CEUTA;3.3.-Corrupción de menores o incapacitados;2022;0
CIUDAD AUTÓNOMA DE CEUTA;3.3.-Corrupción de menores o incapacitados;2021;0
CIUDAD AUTÓNOMA DE CEUTA;3.3.-Corrupción de menores o incapacitados;2020;0
CIUDAD AUTÓNOMA DE CEUTA;3.3.-Corrupción de menores o incapacitados;2019;0
CIUDAD AUTÓNOMA DE CEUTA;3.3.-Corrupción de menores o incapacitados;2018;0
CIUDAD AUTÓNOMA DE CEUTA;3.3.-Corrupción de menores o incapacitados;2017;1
CIUDAD AUTÓNOMA DE CEUTA;3.3.-Corrupción de menores o incapacitados;2016;4
CIUDAD AUTÓNOMA DE CEUTA;3.3.-Corrupción de menores o incapacitados;2015;0
CIUDAD AUTÓNOMA DE CEUTA;3.3.-Corrupción de menores o incapacitados;2014;1
CIUDAD AUTÓNOMA DE CEUTA;3.3.-Corrupción de menores o incapacitados;2013;0
CIUDAD AUTÓNOMA DE CEUTA;3.3.-Corrupción de menores o incapacitados;2012;0
CIUDAD AUTÓNOMA DE CEUTA;3.3.-Corrupción de menores o incapacitados;2011;0
CIUDAD AUTÓNOMA DE CEUTA;3.3.-Corrupción de menores o incapacitados;2010;3
CIUDAD AUTÓNOMA DE CEUTA;3.4.-Pornografía de menores;2023;2
CIUDAD AUTÓNOMA DE CEUTA;3.4.-Pornografía de menores;2022;2
CIUDAD AUTÓNOMA DE CEUTA;3.4.-Pornografía de menores;2021;1
CIUDAD AUTÓNOMA DE CEUTA;3.4.-Pornografía de menores;2020;0
CIUDAD AUTÓNOMA DE CEUTA;3.4.-Pornografía de menores;2019;0
CIUDAD AUTÓNOMA DE CEUTA;3.4.-Pornografía de menores;2018;3
CIUDAD AUTÓNOMA DE CEUTA;3.4.-Pornografía de menores;2017;0
CIUDAD AUTÓNOMA DE CEUTA;3.4.-Pornografía de menores;2016;0
CIUDAD AUTÓNOMA DE CEUTA;3.4.-Pornografía de menores;2015;0
CIUDAD AUTÓNOMA DE CEUTA;3.4.-Pornografía de menores;2014;1
CIUDAD AUTÓNOMA DE CEUTA;3.4.-Pornografía de menores;2013;0
CIUDAD AUTÓNOMA DE CEUTA;3.4.-Pornografía de menores;2012;1
CIUDAD AUTÓNOMA DE CEUTA;3.4.-Pornografía de menores;2011;0
CIUDAD AUTÓNOMA DE CEUTA;3.4.-Pornografía de menores;2010;2
CIUDAD AUTÓNOMA DE CEUTA;3.5.-Otros contra la libertad sexual;2023;1
CIUDAD AUTÓNOMA DE CEUTA;3.5.-Otros contra la libertad sexual;2022;1
CIUDAD AUTÓNOMA DE CEUTA;3.5.-Otros contra la libertad sexual;2021;10
CIUDAD AUTÓNOMA DE CEUTA;3.5.-Otros contra la libertad sexual;2020;7
CIUDAD AUTÓNOMA DE CEUTA;3.5.-Otros contra la libertad sexual;2019;4
CIUDAD AUTÓNOMA DE CEUTA;3.5.-Otros contra la libertad sexual;2018;3
CIUDAD AUTÓNOMA DE CEUTA;3.5.-Otros contra la libertad sexual;2017;4
CIUDAD AUTÓNOMA DE CEUTA;3.5.-Otros contra la libertad sexual;2016;6
CIUDAD AUTÓNOMA DE CEUTA;3.5.-Otros contra la libertad sexual;2015;3
CIUDAD AUTÓNOMA DE CEUTA;3.5.-Otros contra la libertad sexual;2014;2
CIUDAD AUTÓNOMA DE CEUTA;3.5.-Otros contra la libertad sexual;2013;4
CIUDAD AUTÓNOMA DE CEUTA;3.5.-Otros contra la libertad sexual;2012;1
CIUDAD AUTÓNOMA DE CEUTA;3.5.-Otros contra la libertad sexual;2011;2
CIUDAD AUTÓNOMA DE CEUTA;3.5.-Otros contra la libertad sexual;2010;3
CIUDAD AUTÓNOMA DE CEUTA;4. RELACIONES FAMILIARES;2023;19
CIUDAD AUTÓNOMA DE CEUTA;4. RELACIONES FAMILIARES;2022;28
CIUDAD AUTÓNOMA DE CEUTA;4. RELACIONES FAMILIARES;2021;16
CIUDAD AUTÓNOMA DE CEUTA;4. RELACIONES FAMILIARES;2020;16
CIUDAD AUTÓNOMA DE CEUTA;4. RELACIONES FAMILIARES;2019;29
CIUDAD AUTÓNOMA DE CEUTA;4. RELACIONES FAMILIARES;2018;29
CIUDAD AUTÓNOMA DE CEUTA;4. RELACIONES FAMILIARES;2017;28
CIUDAD AUTÓNOMA DE CEUTA;4. RELACIONES FAMILIARES;2016;40
CIUDAD AUTÓNOMA DE CEUTA;4. RELACIONES FAMILIARES;2015;42
CIUDAD AUTÓNOMA DE CEUTA;4. RELACIONES FAMILIARES;2014;54
CIUDAD AUTÓNOMA DE CEUTA;4. RELACIONES FAMILIARES;2013;52
CIUDAD AUTÓNOMA DE CEUTA;4. RELACIONES FAMILIARES;2012;72
CIUDAD AUTÓNOMA DE CEUTA;4. RELACIONES FAMILIARES;2011;39
CIUDAD AUTÓNOMA DE CEUTA;4. RELACIONES FAMILIARES;2010;28
CIUDAD AUTÓNOMA DE CEUTA;5. PATRIMONIO;2023;554
CIUDAD AUTÓNOMA DE CEUTA;5. PATRIMONIO;2022;439
CIUDAD AUTÓNOMA DE CEUTA;5. PATRIMONIO;2021;499
CIUDAD AUTÓNOMA DE CEUTA;5. PATRIMONIO;2020;462
CIUDAD AUTÓNOMA DE CEUTA;5. PATRIMONIO;2019;596
CIUDAD AUTÓNOMA DE CEUTA;5. PATRIMONIO;2018;601
CIUDAD AUTÓNOMA DE CEUTA;5. PATRIMONIO;2017;599
CIUDAD AUTÓNOMA DE CEUTA;5. PATRIMONIO;2016;735
CIUDAD AUTÓNOMA DE CEUTA;5. PATRIMONIO;2015;725
CIUDAD AUTÓNOMA DE CEUTA;5. PATRIMONIO;2014;704
CIUDAD AUTÓNOMA DE CEUTA;5. PATRIMONIO;2013;773
CIUDAD AUTÓNOMA DE CEUTA;5. PATRIMONIO;2012;807
CIUDAD AUTÓNOMA DE CEUTA;5. PATRIMONIO;2011;711
CIUDAD AUTÓNOMA DE CEUTA;5. PATRIMONIO;2010;764
CIUDAD AUTÓNOMA DE CEUTA;5.1.-Hurtos;2023;221
CIUDAD AUTÓNOMA DE CEUTA;5.1.-Hurtos;2022;131
CIUDAD AUTÓNOMA DE CEUTA;5.1.-Hurtos;2021;139
CIUDAD AUTÓNOMA DE CEUTA;5.1.-Hurtos;2020;139
CIUDAD AUTÓNOMA DE CEUTA;5.1.-Hurtos;2019;240
CIUDAD AUTÓNOMA DE CEUTA;5.1.-Hurtos;2018;279
CIUDAD AUTÓNOMA DE CEUTA;5.1.-Hurtos;2017;230
CIUDAD AUTÓNOMA DE CEUTA;5.1.-Hurtos;2016;276
CIUDAD AUTÓNOMA DE CEUTA;5.1.-Hurtos;2015;259
CIUDAD AUTÓNOMA DE CEUTA;5.1.-Hurtos;2014;239
CIUDAD AUTÓNOMA DE CEUTA;5.1.-Hurtos;2013;263
CIUDAD AUTÓNOMA DE CEUTA;5.1.-Hurtos;2012;238
CIUDAD AUTÓNOMA DE CEUTA;5.1.-Hurtos;2011;247
CIUDAD AUTÓNOMA DE CEUTA;5.1.-Hurtos;2010;213
CIUDAD AUTÓNOMA DE CEUTA;5.2.-Robos con fuerza en las cosas;2023;63
CIUDAD AUTÓNOMA DE CEUTA;5.2.-Robos con fuerza en las cosas;2022;30
CIUDAD AUTÓNOMA DE CEUTA;5.2.-Robos con fuerza en las cosas;2021;43
CIUDAD AUTÓNOMA DE CEUTA;5.2.-Robos con fuerza en las cosas;2020;72
CIUDAD AUTÓNOMA DE CEUTA;5.2.-Robos con fuerza en las cosas;2019;62
CIUDAD AUTÓNOMA DE CEUTA;5.2.-Robos con fuerza en las cosas;2018;69
CIUDAD AUTÓNOMA DE CEUTA;5.2.-Robos con fuerza en las cosas;2017;80
CIUDAD AUTÓNOMA DE CEUTA;5.2.-Robos con fuerza en las cosas;2016;73
CIUDAD AUTÓNOMA DE CEUTA;5.2.-Robos con fuerza en las cosas;2015;115
CIUDAD AUTÓNOMA DE CEUTA;5.2.-Robos con fuerza en las cosas;2014;106
CIUDAD AUTÓNOMA DE CEUTA;5.2.-Robos con fuerza en las cosas;2013;150
CIUDAD AUTÓNOMA DE CEUTA;5.2.-Robos con fuerza en las cosas;2012;144
CIUDAD AUTÓNOMA DE CEUTA;5.2.-Robos con fuerza en las cosas;2011;120
CIUDAD AUTÓNOMA DE CEUTA;5.2.-Robos con fuerza en las cosas;2010;142
CIUDAD AUTÓNOMA DE CEUTA;5.2.1.-Robos con fuerza en las cosas en el interior de vehículos;2023;23
CIUDAD AUTÓNOMA DE CEUTA;5.2.1.-Robos con fuerza en las cosas en el interior de vehículos;2022;5
CIUDAD AUTÓNOMA DE CEUTA;5.2.1.-Robos con fuerza en las cosas en el interior de vehículos;2021;13
CIUDAD AUTÓNOMA DE CEUTA;5.2.1.-Robos con fuerza en las cosas en el interior de vehículos;2020;17
CIUDAD AUTÓNOMA DE CEUTA;5.2.1.-Robos con fuerza en las cosas en el interior de vehículos;2019;26
CIUDAD AUTÓNOMA DE CEUTA;5.2.1.-Robos con fuerza en las cosas en el interior de vehículos;2018;29
CIUDAD AUTÓNOMA DE CEUTA;5.2.1.-Robos con fuerza en las cosas en el interior de vehículos;2017;35
CIUDAD AUTÓNOMA DE CEUTA;5.2.1.-Robos con fuerza en las cosas en el interior de vehículos;2016;40
CIUDAD AUTÓNOMA DE CEUTA;5.2.1.-Robos con fuerza en las cosas en el interior de vehículos;2015;65
CIUDAD AUTÓNOMA DE CEUTA;5.2.1.-Robos con fuerza en las cosas en el interior de vehículos;2014;59
CIUDAD AUTÓNOMA DE CEUTA;5.2.1.-Robos con fuerza en las cosas en el interior de vehículos;2013;61
CIUDAD AUTÓNOMA DE CEUTA;5.2.1.-Robos con fuerza en las cosas en el interior de vehículos;2012;65
CIUDAD AUTÓNOMA DE CEUTA;5.2.1.-Robos con fuerza en las cosas en el interior de vehículos;2011;64
CIUDAD AUTÓNOMA DE CEUTA;5.2.1.-Robos con fuerza en las cosas en el interior de vehículos;2010;64
CIUDAD AUTÓNOMA DE CEUTA;5.2.2.-Robos con fuerza en viviendas;2023;16
CIUDAD AUTÓNOMA DE CEUTA;5.2.2.-Robos con fuerza en viviendas;2022;4
CIUDAD AUTÓNOMA DE CEUTA;5.2.2.-Robos con fuerza en viviendas;2021;11
CIUDAD AUTÓNOMA DE CEUTA;5.2.2.-Robos con fuerza en viviendas;2020;20
CIUDAD AUTÓNOMA DE CEUTA;5.2.2.-Robos con fuerza en viviendas;2019;17
CIUDAD AUTÓNOMA DE CEUTA;5.2.2.-Robos con fuerza en viviendas;2018;14
CIUDAD AUTÓNOMA DE CEUTA;5.2.2.-Robos con fuerza en viviendas;2017;19
CIUDAD AUTÓNOMA DE CEUTA;5.2.2.-Robos con fuerza en viviendas;2016;15
CIUDAD AUTÓNOMA DE CEUTA;5.2.2.-Robos con fuerza en viviendas;2015;20
CIUDAD AUTÓNOMA DE CEUTA;5.2.2.-Robos con fuerza en viviendas;2014;18
CIUDAD AUTÓNOMA DE CEUTA;5.2.2.-Robos con fuerza en viviendas;2013;23
CIUDAD AUTÓNOMA DE CEUTA;5.2.2.-Robos con fuerza en viviendas;2012;32
CIUDAD AUTÓNOMA DE CEUTA;5.2.2.-Robos con fuerza en viviendas;2011;16
CIUDAD AUTÓNOMA DE CEUTA;5.2.2.-Robos con fuerza en viviendas;2010;27
CIUDAD AUTÓNOMA DE CEUTA;5.2.3.-Robos con fuerza en establecimientos;2023;12
CIUDAD AUTÓNOMA DE CEUTA;5.2.3.-Robos con fuerza en establecimientos;2022;7
CIUDAD AUTÓNOMA DE CEUTA;5.2.3.-Robos con fuerza en establecimientos;2021;10
CIUDAD AUTÓNOMA DE CEUTA;5.2.3.-Robos con fuerza en establecimientos;2020;15
CIUDAD AUTÓNOMA DE CEUTA;5.2.3.-Robos con fuerza en establecimientos;2019;10
CIUDAD AUTÓNOMA DE CEUTA;5.2.3.-Robos con fuerza en establecimientos;2018;10
CIUDAD AUTÓNOMA DE CEUTA;5.2.3.-Robos con fuerza en establecimientos;2017;15
CIUDAD AUTÓNOMA DE CEUTA;5.2.3.-Robos con fuerza en establecimientos;2016;7
CIUDAD AUTÓNOMA DE CEUTA;5.2.3.-Robos con fuerza en establecimientos;2015;3
CIUDAD AUTÓNOMA DE CEUTA;5.2.3.-Robos con fuerza en establecimientos;2014;12
CIUDAD AUTÓNOMA DE CEUTA;5.2.3.-Robos con fuerza en establecimientos;2013;43
CIUDAD AUTÓNOMA DE CEUTA;5.2.3.-Robos con fuerza en establecimientos;2012;18
CIUDAD AUTÓNOMA DE CEUTA;5.2.3.-Robos con fuerza en establecimientos;2011;21
CIUDAD AUTÓNOMA DE CEUTA;5.2.3.-Robos con fuerza en establecimientos;2010;19
CIUDAD AUTÓNOMA DE CEUTA;5.3.-Robos con violencia o intimidación;2023;56
CIUDAD AUTÓNOMA DE CEUTA;5.3.-Robos con violencia o intimidación;2022;70
CIUDAD AUTÓNOMA DE CEUTA;5.3.-Robos con violencia o intimidación;2021;108
CIUDAD AUTÓNOMA DE CEUTA;5.3.-Robos con violencia o intimidación;2020;79
CIUDAD AUTÓNOMA DE CEUTA;5.3.-Robos con violencia o intimidación;2019;88
CIUDAD AUTÓNOMA DE CEUTA;5.3.-Robos con violencia o intimidación;2018;63
CIUDAD AUTÓNOMA DE CEUTA;5.3.-Robos con violencia o intimidación;2017;60
CIUDAD AUTÓNOMA DE CEUTA;5.3.-Robos con violencia o intimidación;2016;95
CIUDAD AUTÓNOMA DE CEUTA;5.3.-Robos con violencia o intimidación;2015;87
CIUDAD AUTÓNOMA DE CEUTA;5.3.-Robos con violencia o intimidación;2014;79
CIUDAD AUTÓNOMA DE CEUTA;5.3.-Robos con violencia o intimidación;2013;106
CIUDAD AUTÓNOMA DE CEUTA;5.3.-Robos con violencia o intimidación;2012;74
CIUDAD AUTÓNOMA DE CEUTA;5.3.-Robos con violencia o intimidación;2011;82
CIUDAD AUTÓNOMA DE CEUTA;5.3.-Robos con violencia o intimidación;2010;92
CIUDAD AUTÓNOMA DE CEUTA;5.3.1.-Robos con violencia en vía pública;2023;42
CIUDAD AUTÓNOMA DE CEUTA;5.3.1.-Robos con violencia en vía pública;2022;49
CIUDAD AUTÓNOMA DE CEUTA;5.3.1.-Robos con violencia en vía pública;2021;75
CIUDAD AUTÓNOMA DE CEUTA;5.3.1.-Robos con violencia en vía pública;2020;59
CIUDAD AUTÓNOMA DE CEUTA;5.3.1.-Robos con violencia en vía pública;2019;61
CIUDAD AUTÓNOMA DE CEUTA;5.3.1.-Robos con violencia en vía pública;2018;45
CIUDAD AUTÓNOMA DE CEUTA;5.3.1.-Robos con violencia en vía pública;2017;47
CIUDAD AUTÓNOMA DE CEUTA;5.3.1.-Robos con violencia en vía pública;2016;67
CIUDAD AUTÓNOMA DE CEUTA;5.3.1.-Robos con violencia en vía pública;2015;69
CIUDAD AUTÓNOMA DE CEUTA;5.3.1.-Robos con violencia en vía pública;2014;67
CIUDAD AUTÓNOMA DE CEUTA;5.3.1.-Robos con violencia en vía pública;2013;73
CIUDAD AUTÓNOMA DE CEUTA;5.3.1.-Robos con violencia en vía pública;2012;58
CIUDAD AUTÓNOMA DE CEUTA;5.3.1.-Robos con violencia en vía pública;2011;64
CIUDAD AUTÓNOMA DE CEUTA;5.3.1.-Robos con violencia en vía pública;2010;60
CIUDAD AUTÓNOMA DE CEUTA;5.3.2.-Robos con violencia en viviendas;2023;2
CIUDAD AUTÓNOMA DE CEUTA;5.3.2.-Robos con violencia en viviendas;2022;2
CIUDAD AUTÓNOMA DE CEUTA;5.3.2.-Robos con violencia en viviendas;2021;4
CIUDAD AUTÓNOMA DE CEUTA;5.3.2.-Robos con violencia en viviendas;2020;2
CIUDAD AUTÓNOMA DE CEUTA;5.3.2.-Robos con violencia en viviendas;2019;5
CIUDAD AUTÓNOMA DE CEUTA;5.3.2.-Robos con violencia en viviendas;2018;4
CIUDAD AUTÓNOMA DE CEUTA;5.3.2.-Robos con violencia en viviendas;2017;1
CIUDAD AUTÓNOMA DE CEUTA;5.3.2.-Robos con violencia en viviendas;2016;5
CIUDAD AUTÓNOMA DE CEUTA;5.3.2.-Robos con violencia en viviendas;2015;1
CIUDAD AUTÓNOMA DE CEUTA;5.3.2.-Robos con violencia en viviendas;2014;2
CIUDAD AUTÓNOMA DE CEUTA;5.3.2.-Robos con violencia en viviendas;2013;9
CIUDAD AUTÓNOMA DE CEUTA;5.3.2.-Robos con violencia en viviendas;2012;4
CIUDAD AUTÓNOMA DE CEUTA;5.3.2.-Robos con violencia en viviendas;2011;7
CIUDAD AUTÓNOMA DE CEUTA;5.3.2.-Robos con violencia en viviendas;2010;4
CIUDAD AUTÓNOMA DE CEUTA;5.3.3.-Robos con violencia en establecimientos;2023;10
CIUDAD AUTÓNOMA DE CEUTA;5.3.3.-Robos con violencia en establecimientos;2022;4
CIUDAD AUTÓNOMA DE CEUTA;5.3.3.-Robos con violencia en establecimientos;2021;8
CIUDAD AUTÓNOMA DE CEUTA;5.3.3.-Robos con violencia en establecimientos;2020;7
CIUDAD AUTÓNOMA DE CEUTA;5.3.3.-Robos con violencia en establecimientos;2019;10
CIUDAD AUTÓNOMA DE CEUTA;5.3.3.-Robos con violencia en establecimientos;2018;6
CIUDAD AUTÓNOMA DE CEUTA;5.3.3.-Robos con violencia en establecimientos;2017;4
CIUDAD AUTÓNOMA DE CEUTA;5.3.3.-Robos con violencia en establecimientos;2016;1
CIUDAD AUTÓNOMA DE CEUTA;5.3.3.-Robos con violencia en establecimientos;2015;7
CIUDAD AUTÓNOMA DE CEUTA;5.3.3.-Robos con violencia en establecimientos;2014;3
CIUDAD AUTÓNOMA DE CEUTA;5.3.3.-Robos con violencia en establecimientos;2013;11
CIUDAD AUTÓNOMA DE CEUTA;5.3.3.-Robos con violencia en establecimientos;2012;5
CIUDAD AUTÓNOMA DE CEUTA;5.3.3.-Robos con violencia en establecimientos;2011;2
CIUDAD AUTÓNOMA DE CEUTA;5.3.3.-Robos con violencia en establecimientos;2010;10
CIUDAD AUTÓNOMA DE CEUTA;5.4.-Sustracción de vehículos;2023;16
CIUDAD AUTÓNOMA DE CEUTA;5.4.-Sustracción de vehículos;2022;13
CIUDAD AUTÓNOMA DE CEUTA;5.4.-Sustracción de vehículos;2021;17
CIUDAD AUTÓNOMA DE CEUTA;5.4.-Sustracción de vehículos;2020;11
CIUDAD AUTÓNOMA DE CEUTA;5.4.-Sustracción de vehículos;2019;27
CIUDAD AUTÓNOMA DE CEUTA;5.4.-Sustracción de vehículos;2018;27
CIUDAD AUTÓNOMA DE CEUTA;5.4.-Sustracción de vehículos;2017;39
CIUDAD AUTÓNOMA DE CEUTA;5.4.-Sustracción de vehículos;2016;95
CIUDAD AUTÓNOMA DE CEUTA;5.4.-Sustracción de vehículos;2015;74
CIUDAD AUTÓNOMA DE CEUTA;5.4.-Sustracción de vehículos;2014;68
CIUDAD AUTÓNOMA DE CEUTA;5.4.-Sustracción de vehículos;2013;71
CIUDAD AUTÓNOMA DE CEUTA;5.4.-Sustracción de vehículos;2012;91
CIUDAD AUTÓNOMA DE CEUTA;5.4.-Sustracción de vehículos;2011;69
CIUDAD AUTÓNOMA DE CEUTA;5.4.-Sustracción de vehículos;2010;108
CIUDAD AUTÓNOMA DE CEUTA;5.5.-Estafas;2023;92
CIUDAD AUTÓNOMA DE CEUTA;5.5.-Estafas;2022;66
CIUDAD AUTÓNOMA DE CEUTA;5.5.-Estafas;2021;62
CIUDAD AUTÓNOMA DE CEUTA;5.5.-Estafas;2020;50
CIUDAD AUTÓNOMA DE CEUTA;5.5.-Estafas;2019;69
CIUDAD AUTÓNOMA DE CEUTA;5.5.-Estafas;2018;60
CIUDAD AUTÓNOMA DE CEUTA;5.5.-Estafas;2017;88
CIUDAD AUTÓNOMA DE CEUTA;5.5.-Estafas;2016;100
CIUDAD AUTÓNOMA DE CEUTA;5.5.-Estafas;2015;108
CIUDAD AUTÓNOMA DE CEUTA;5.5.-Estafas;2014;94
CIUDAD AUTÓNOMA DE CEUTA;5.5.-Estafas;2013;65
CIUDAD AUTÓNOMA DE CEUTA;5.5.-Estafas;2012;78
CIUDAD AUTÓNOMA DE CEUTA;5.5.-Estafas;2011;61
CIUDAD AUTÓNOMA DE CEUTA;5.5.-Estafas;2010;55
CIUDAD AUTÓNOMA DE CEUTA;5.5.1.-Estafas informáticas;2023;57
CIUDAD AUTÓNOMA DE CEUTA;5.5.1.-Estafas informáticas;2022;45
CIUDAD AUTÓNOMA DE CEUTA;5.5.1.-Estafas informáticas;2021;48
CIUDAD AUTÓNOMA DE CEUTA;5.5.1.-Estafas informáticas;2020;34
CIUDAD AUTÓNOMA DE CEUTA;5.5.1.-Estafas informáticas;2019;26
CIUDAD AUTÓNOMA DE CEUTA;5.5.1.-Estafas informáticas;2018;25
CIUDAD AUTÓNOMA DE CEUTA;5.5.1.-Estafas informáticas;2017;39
CIUDAD AUTÓNOMA DE CEUTA;5.5.1.-Estafas informáticas;2016;50
CIUDAD AUTÓNOMA DE CEUTA;5.5.1.-Estafas informáticas;2015;54
CIUDAD AUTÓNOMA DE CEUTA;5.5.1.-Estafas informáticas;2014;45
CIUDAD AUTÓNOMA DE CEUTA;5.5.1.-Estafas informáticas;2013;26
CIUDAD AUTÓNOMA DE CEUTA;5.5.1.-Estafas informáticas;2012;34
CIUDAD AUTÓNOMA DE CEUTA;5.5.1.-Estafas informáticas;2011;34
CIUDAD AUTÓNOMA DE CEUTA;5.5.1.-Estafas informáticas;2010;35
CIUDAD AUTÓNOMA DE CEUTA;5.6.-Daños;2023;57
CIUDAD AUTÓNOMA DE CEUTA;5.6.-Daños;2022;93
CIUDAD AUTÓNOMA DE CEUTA;5.6.-Daños;2021;88
CIUDAD AUTÓNOMA DE CEUTA;5.6.-Daños;2020;72
CIUDAD AUTÓNOMA DE CEUTA;5.6.-Daños;2019;62
CIUDAD AUTÓNOMA DE CEUTA;5.6.-Daños;2018;48
CIUDAD AUTÓNOMA DE CEUTA;5.6.-Daños;2017;58
CIUDAD AUTÓNOMA DE CEUTA;5.6.-Daños;2016;62
CIUDAD AUTÓNOMA DE CEUTA;5.6.-Daños;2015;54
CIUDAD AUTÓNOMA DE CEUTA;5.6.-Daños;2014;77
CIUDAD AUTÓNOMA DE CEUTA;5.6.-Daños;2013;85
CIUDAD AUTÓNOMA DE CEUTA;5.6.-Daños;2012;114
CIUDAD AUTÓNOMA DE CEUTA;5.6.-Daños;2011;71
CIUDAD AUTÓNOMA DE CEUTA;5.6.-Daños;2010;92
CIUDAD AUTÓNOMA DE CEUTA;5.7.-Contra la propiedad intelectual/industrial;2023;1
CIUDAD AUTÓNOMA DE CEUTA;5.7.-Contra la propiedad intelectual/industrial;2022;2
CIUDAD AUTÓNOMA DE CEUTA;5.7.-Contra la propiedad intelectual/industrial;2021;1
CIUDAD AUTÓNOMA DE CEUTA;5.7.-Contra la propiedad intelectual/industrial;2020;1
CIUDAD AUTÓNOMA DE CEUTA;5.7.-Contra la propiedad intelectual/industrial;2019;2
CIUDAD AUTÓNOMA DE CEUTA;5.7.-Contra la propiedad intelectual/industrial;2018;0
CIUDAD AUTÓNOMA DE CEUTA;5.7.-Contra la propiedad intelectual/industrial;2017;3
CIUDAD AUTÓNOMA DE CEUTA;5.7.-Contra la propiedad intelectual/industrial;2016;6
CIUDAD AUTÓNOMA DE CEUTA;5.7.-Contra la propiedad intelectual/industrial;2015;2
CIUDAD AUTÓNOMA DE CEUTA;5.7.-Contra la propiedad intelectual/industrial;2014;6
CIUDAD AUTÓNOMA DE CEUTA;5.7.-Contra la propiedad intelectual/industrial;2013;2
CIUDAD AUTÓNOMA DE CEUTA;5.7.-Contra la propiedad intelectual/industrial;2012;14
CIUDAD AUTÓNOMA DE CEUTA;5.7.-Contra la propiedad intelectual/industrial;2011;7
CIUDAD AUTÓNOMA DE CEUTA;5.7.-Contra la propiedad intelectual/industrial;2010;8
CIUDAD AUTÓNOMA DE CEUTA;5.8.-Blanqueo de capitales;2023;0
CIUDAD AUTÓNOMA DE CEUTA;5.8.-Blanqueo de capitales;2022;1
CIUDAD AUTÓNOMA DE CEUTA;5.8.-Blanqueo de capitales;2021;0
CIUDAD AUTÓNOMA DE CEUTA;5.8.-Blanqueo de capitales;2020;0
CIUDAD AUTÓNOMA DE CEUTA;5.8.-Blanqueo de capitales;2019;1
CIUDAD AUTÓNOMA DE CEUTA;5.8.-Blanqueo de capitales;2018;4
CIUDAD AUTÓNOMA DE CEUTA;5.8.-Blanqueo de capitales;2017;1
CIUDAD AUTÓNOMA DE CEUTA;5.8.-Blanqueo de capitales;2016;1
CIUDAD AUTÓNOMA DE CEUTA;5.8.-Blanqueo de capitales;2015;0
CIUDAD AUTÓNOMA DE CEUTA;5.8.-Blanqueo de capitales;2014;1
CIUDAD AUTÓNOMA DE CEUTA;5.8.-Blanqueo de capitales;2013;0
CIUDAD AUTÓNOMA DE CEUTA;5.8.-Blanqueo de capitales;2012;0
CIUDAD AUTÓNOMA DE CEUTA;5.8.-Blanqueo de capitales;2011;1
CIUDAD AUTÓNOMA DE CEUTA;5.8.-Blanqueo de capitales;2010;0
CIUDAD AUTÓNOMA DE CEUTA;5.9.-Otros contra el patrimonio;2023;48
CIUDAD AUTÓNOMA DE CEUTA;5.9.-Otros contra el patrimonio;2022;33
CIUDAD AUTÓNOMA DE CEUTA;5.9.-Otros contra el patrimonio;2021;41
CIUDAD AUTÓNOMA DE CEUTA;5.9.-Otros contra el patrimonio;2020;38
CIUDAD AUTÓNOMA DE CEUTA;5.9.-Otros contra el patrimonio;2019;45
CIUDAD AUTÓNOMA DE CEUTA;5.9.-Otros contra el patrimonio;2018;51
CIUDAD AUTÓNOMA DE CEUTA;5.9.-Otros contra el patrimonio;2017;40
CIUDAD AUTÓNOMA DE CEUTA;5.9.-Otros contra el patrimonio;2016;27
CIUDAD AUTÓNOMA DE CEUTA;5.9.-Otros contra el patrimonio;2015;26
CIUDAD AUTÓNOMA DE CEUTA;5.9.-Otros contra el patrimonio;2014;34
CIUDAD AUTÓNOMA DE CEUTA;5.9.-Otros contra el patrimonio;2013;31
CIUDAD AUTÓNOMA DE CEUTA;5.9.-Otros contra el patrimonio;2012;54
CIUDAD AUTÓNOMA DE CEUTA;5.9.-Otros contra el patrimonio;2011;53
CIUDAD AUTÓNOMA DE CEUTA;5.9.-Otros contra el patrimonio;2010;54
CIUDAD AUTÓNOMA DE CEUTA;6. SEGURIDAD COLECTIVA;2023;248
CIUDAD AUTÓNOMA DE CEUTA;6. SEGURIDAD COLECTIVA;2022;237
CIUDAD AUTÓNOMA DE CEUTA;6. SEGURIDAD COLECTIVA;2021;325
CIUDAD AUTÓNOMA DE CEUTA;6. SEGURIDAD COLECTIVA;2020;326
CIUDAD AUTÓNOMA DE CEUTA;6. SEGURIDAD COLECTIVA;2019;486
CIUDAD AUTÓNOMA DE CEUTA;6. SEGURIDAD COLECTIVA;2018;369
CIUDAD AUTÓNOMA DE CEUTA;6. SEGURIDAD COLECTIVA;2017;428
CIUDAD AUTÓNOMA DE CEUTA;6. SEGURIDAD COLECTIVA;2016;436
CIUDAD AUTÓNOMA DE CEUTA;6. SEGURIDAD COLECTIVA;2015;593
CIUDAD AUTÓNOMA DE CEUTA;6. SEGURIDAD COLECTIVA;2014;809
CIUDAD AUTÓNOMA DE CEUTA;6. SEGURIDAD COLECTIVA;2013;1.154
CIUDAD AUTÓNOMA DE CEUTA;6. SEGURIDAD COLECTIVA;2012;1.794
CIUDAD AUTÓNOMA DE CEUTA;6. SEGURIDAD COLECTIVA;2011;1.724
CIUDAD AUTÓNOMA DE CEUTA;6. SEGURIDAD COLECTIVA;2010;1.372
CIUDAD AUTÓNOMA DE CEUTA;6.1.-Tráfico de drogas;2023;86
CIUDAD AUTÓNOMA DE CEUTA;6.1.-Tráfico de drogas;2022;80
CIUDAD AUTÓNOMA DE CEUTA;6.1.-Tráfico de drogas;2021;141
CIUDAD AUTÓNOMA DE CEUTA;6.1.-Tráfico de drogas;2020;192
CIUDAD AUTÓNOMA DE CEUTA;6.1.-Tráfico de drogas;2019;284
CIUDAD AUTÓNOMA DE CEUTA;6.1.-Tráfico de drogas;2018;154
CIUDAD AUTÓNOMA DE CEUTA;6.1.-Tráfico de drogas;2017;220
CIUDAD AUTÓNOMA DE CEUTA;6.1.-Tráfico de drogas;2016;248
CIUDAD AUTÓNOMA DE CEUTA;6.1.-Tráfico de drogas;2015;384
CIUDAD AUTÓNOMA DE CEUTA;6.1.-Tráfico de drogas;2014;552
CIUDAD AUTÓNOMA DE CEUTA;6.1.-Tráfico de drogas;2013;889
CIUDAD AUTÓNOMA DE CEUTA;6.1.-Tráfico de drogas;2012;1.409
CIUDAD AUTÓNOMA DE CEUTA;6.1.-Tráfico de drogas;2011;1.400
CIUDAD AUTÓNOMA DE CEUTA;6.1.-Tráfico de drogas;2010;1.108
CIUDAD AUTÓNOMA DE CEUTA;6.2.-Contra la seguridad vial;2023;159
CIUDAD AUTÓNOMA DE CEUTA;6.2.-Contra la seguridad vial;2022;153
CIUDAD AUTÓNOMA DE CEUTA;6.2.-Contra la seguridad vial;2021;179
CIUDAD AUTÓNOMA DE CEUTA;6.2.-Contra la seguridad vial;2020;131
CIUDAD AUTÓNOMA DE CEUTA;6.2.-Contra la seguridad vial;2019;199
CIUDAD AUTÓNOMA DE CEUTA;6.2.-Contra la seguridad vial;2018;211
CIUDAD AUTÓNOMA DE CEUTA;6.2.-Contra la seguridad vial;2017;206
CIUDAD AUTÓNOMA DE CEUTA;6.2.-Contra la seguridad vial;2016;185
CIUDAD AUTÓNOMA DE CEUTA;6.2.-Contra la seguridad vial;2015;206
CIUDAD AUTÓNOMA DE CEUTA;6.2.-Contra la seguridad vial;2014;254
CIUDAD AUTÓNOMA DE CEUTA;6.2.-Contra la seguridad vial;2013;259
CIUDAD AUTÓNOMA DE CEUTA;6.2.-Contra la seguridad vial;2012;376
CIUDAD AUTÓNOMA DE CEUTA;6.2.-Contra la seguridad vial;2011;322
CIUDAD AUTÓNOMA DE CEUTA;6.2.-Contra la seguridad vial;2010;261
CIUDAD AUTÓNOMA DE CEUTA;6.3.-Otros contra la seguridad colectiva;2023;3
CIUDAD AUTÓNOMA DE CEUTA;6.3.-Otros contra la seguridad colectiva;2022;4
CIUDAD AUTÓNOMA DE CEUTA;6.3.-Otros contra la seguridad colectiva;2021;5
CIUDAD AUTÓNOMA DE CEUTA;6.3.-Otros contra la seguridad colectiva;2020;3
CIUDAD AUTÓNOMA DE CEUTA;6.3.-Otros contra la seguridad colectiva;2019;3
CIUDAD AUTÓNOMA DE CEUTA;6.3.-Otros contra la seguridad colectiva;2018;4
CIUDAD AUTÓNOMA DE CEUTA;6.3.-Otros contra la seguridad colectiva;2017;2
CIUDAD AUTÓNOMA DE CEUTA;6.3.-Otros contra la seguridad colectiva;2016;3
CIUDAD AUTÓNOMA DE CEUTA;6.3.-Otros contra la seguridad colectiva;2015;3
CIUDAD AUTÓNOMA DE CEUTA;6.3.-Otros contra la seguridad colectiva;2014;3
CIUDAD AUTÓNOMA DE CEUTA;6.3.-Otros contra la seguridad colectiva;2013;6
CIUDAD AUTÓNOMA DE CEUTA;6.3.-Otros contra la seguridad colectiva;2012;9
CIUDAD AUTÓNOMA DE CEUTA;6.3.-Otros contra la seguridad colectiva;2011;2
CIUDAD AUTÓNOMA DE CEUTA;6.3.-Otros contra la seguridad colectiva;2010;3
CIUDAD AUTÓNOMA DE CEUTA;7. FALSEDADES;2023;49
CIUDAD AUTÓNOMA DE CEUTA;7. FALSEDADES;2022;37
CIUDAD AUTÓNOMA DE CEUTA;7. FALSEDADES;2021;79
CIUDAD AUTÓNOMA DE CEUTA;7. FALSEDADES;2020;161
CIUDAD AUTÓNOMA DE CEUTA;7. FALSEDADES;2019;531
CIUDAD AUTÓNOMA DE CEUTA;7. FALSEDADES;2018;590
CIUDAD AUTÓNOMA DE CEUTA;7. FALSEDADES;2017;468
CIUDAD AUTÓNOMA DE CEUTA;7. FALSEDADES;2016;359
CIUDAD AUTÓNOMA DE CEUTA;7. FALSEDADES;2015;345
CIUDAD AUTÓNOMA DE CEUTA;7. FALSEDADES;2014;397
CIUDAD AUTÓNOMA DE CEUTA;7. FALSEDADES;2013;292
CIUDAD AUTÓNOMA DE CEUTA;7. FALSEDADES;2012;317
CIUDAD AUTÓNOMA DE CEUTA;7. FALSEDADES;2011;331
CIUDAD AUTÓNOMA DE CEUTA;7. FALSEDADES;2010;41
CIUDAD AUTÓNOMA DE CEUTA;8. ADMÓN. PÚBLICA;2023;1
CIUDAD AUTÓNOMA DE CEUTA;8. ADMÓN. PÚBLICA;2022;0
CIUDAD AUTÓNOMA DE CEUTA;8. ADMÓN. PÚBLICA;2021;0
CIUDAD AUTÓNOMA DE CEUTA;8. ADMÓN. PÚBLICA;2020;1
CIUDAD AUTÓNOMA DE CEUTA;8. ADMÓN. PÚBLICA;2019;8
CIUDAD AUTÓNOMA DE CEUTA;8. ADMÓN. PÚBLICA;2018;9
CIUDAD AUTÓNOMA DE CEUTA;8. ADMÓN. PÚBLICA;2017;11
CIUDAD AUTÓNOMA DE CEUTA;8. ADMÓN. PÚBLICA;2016;4
CIUDAD AUTÓNOMA DE CEUTA;8. ADMÓN. PÚBLICA;2015;4
CIUDAD AUTÓNOMA DE CEUTA;8. ADMÓN. PÚBLICA;2014;5
CIUDAD AUTÓNOMA DE CEUTA;8. ADMÓN. PÚBLICA;2013;4
CIUDAD AUTÓNOMA DE CEUTA;8. ADMÓN. PÚBLICA;2012;2
CIUDAD AUTÓNOMA DE CEUTA;8. ADMÓN. PÚBLICA;2011;4
CIUDAD AUTÓNOMA DE CEUTA;8. ADMÓN. PÚBLICA;2010;2
CIUDAD AUTÓNOMA DE CEUTA;9. ADMÓN. JUSTICIA;2023;97
CIUDAD AUTÓNOMA DE CEUTA;9. ADMÓN. JUSTICIA;2022;101
CIUDAD AUTÓNOMA DE CEUTA;9. ADMÓN. JUSTICIA;2021;99
CIUDAD AUTÓNOMA DE CEUTA;9. ADMÓN. JUSTICIA;2020;115
CIUDAD AUTÓNOMA DE CEUTA;9. ADMÓN. JUSTICIA;2019;148
CIUDAD AUTÓNOMA DE CEUTA;9. ADMÓN. JUSTICIA;2018;175
CIUDAD AUTÓNOMA DE CEUTA;9. ADMÓN. JUSTICIA;2017;184
CIUDAD AUTÓNOMA DE CEUTA;9. ADMÓN. JUSTICIA;2016;147
CIUDAD AUTÓNOMA DE CEUTA;9. ADMÓN. JUSTICIA;2015;130
CIUDAD AUTÓNOMA DE CEUTA;9. ADMÓN. JUSTICIA;2014;119
CIUDAD AUTÓNOMA DE CEUTA;9. ADMÓN. JUSTICIA;2013;128
CIUDAD AUTÓNOMA DE CEUTA;9. ADMÓN. JUSTICIA;2012;157
CIUDAD AUTÓNOMA DE CEUTA;9. ADMÓN. JUSTICIA;2011;84
CIUDAD AUTÓNOMA DE CEUTA;9. ADMÓN. JUSTICIA;2010;101
CIUDAD AUTÓNOMA DE CEUTA;10. ORDEN PÚBLICO;2023;108
CIUDAD AUTÓNOMA DE CEUTA;10. ORDEN PÚBLICO;2022;137
CIUDAD AUTÓNOMA DE CEUTA;10. ORDEN PÚBLICO;2021;152
CIUDAD AUTÓNOMA DE CEUTA;10. ORDEN PÚBLICO;2020;147
CIUDAD AUTÓNOMA DE CEUTA;10. ORDEN PÚBLICO;2019;157
CIUDAD AUTÓNOMA DE CEUTA;10. ORDEN PÚBLICO;2018;128
CIUDAD AUTÓNOMA DE CEUTA;10. ORDEN PÚBLICO;2017;146
CIUDAD AUTÓNOMA DE CEUTA;10. ORDEN PÚBLICO;2016;114
CIUDAD AUTÓNOMA DE CEUTA;10. ORDEN PÚBLICO;2015;113
CIUDAD AUTÓNOMA DE CEUTA;10. ORDEN PÚBLICO;2014;153
CIUDAD AUTÓNOMA DE CEUTA;10. ORDEN PÚBLICO;2013;153
CIUDAD AUTÓNOMA DE CEUTA;10. ORDEN PÚBLICO;2012;170
CIUDAD AUTÓNOMA DE CEUTA;10. ORDEN PÚBLICO;2011;137
CIUDAD AUTÓNOMA DE CEUTA;10. ORDEN PÚBLICO;2010;148
CIUDAD AUTÓNOMA DE CEUTA;11. LEGISLACIÓN ESPECIAL;2023;0
CIUDAD AUTÓNOMA DE CEUTA;11. LEGISLACIÓN ESPECIAL;2022;2
CIUDAD AUTÓNOMA DE CEUTA;11. LEGISLACIÓN ESPECIAL;2021;1
CIUDAD AUTÓNOMA DE CEUTA;11. LEGISLACIÓN ESPECIAL;2020;3
CIUDAD AUTÓNOMA DE CEUTA;11. LEGISLACIÓN ESPECIAL;2019;5
CIUDAD AUTÓNOMA DE CEUTA;11. LEGISLACIÓN ESPECIAL;2018;3
CIUDAD AUTÓNOMA DE CEUTA;11. LEGISLACIÓN ESPECIAL;2017;1
CIUDAD AUTÓNOMA DE CEUTA;11. LEGISLACIÓN ESPECIAL;2016;3
CIUDAD AUTÓNOMA DE CEUTA;11. LEGISLACIÓN ESPECIAL;2015;0
CIUDAD AUTÓNOMA DE CEUTA;11. LEGISLACIÓN ESPECIAL;2014;0
CIUDAD AUTÓNOMA DE CEUTA;11. LEGISLACIÓN ESPECIAL;2013;0
CIUDAD AUTÓNOMA DE CEUTA;11. LEGISLACIÓN ESPECIAL;2012;0
CIUDAD AUTÓNOMA DE CEUTA;11. LEGISLACIÓN ESPECIAL;2011;7
CIUDAD AUTÓNOMA DE CEUTA;11. LEGISLACIÓN ESPECIAL;2010;8
CIUDAD AUTÓNOMA DE CEUTA;12. OTRAS INFRACCIONES PENALES;2023;29
CIUDAD AUTÓNOMA DE CEUTA;12. OTRAS INFRACCIONES PENALES;2022;49
CIUDAD AUTÓNOMA DE CEUTA;12. OTRAS INFRACCIONES PENALES;2021;42
CIUDAD AUTÓNOMA DE CEUTA;12. OTRAS INFRACCIONES PENALES;2020;56
CIUDAD AUTÓNOMA DE CEUTA;12. OTRAS INFRACCIONES PENALES;2019;157
CIUDAD AUTÓNOMA DE CEUTA;12. OTRAS INFRACCIONES PENALES;2018;134
CIUDAD AUTÓNOMA DE CEUTA;12. OTRAS INFRACCIONES PENALES;2017;95
CIUDAD AUTÓNOMA DE CEUTA;12. OTRAS INFRACCIONES PENALES;2016;93
CIUDAD AUTÓNOMA DE CEUTA;12. OTRAS INFRACCIONES PENALES;2015;95
CIUDAD AUTÓNOMA DE CEUTA;12. OTRAS INFRACCIONES PENALES;2014;96
CIUDAD AUTÓNOMA DE CEUTA;12. OTRAS INFRACCIONES PENALES;2013;77
CIUDAD AUTÓNOMA DE CEUTA;12. OTRAS INFRACCIONES PENALES;2012;78
CIUDAD AUTÓNOMA DE CEUTA;12. OTRAS INFRACCIONES PENALES;2011;61
CIUDAD AUTÓNOMA DE CEUTA;12. OTRAS INFRACCIONES PENALES;2010;50
CIUDAD AUTÓNOMA DE CEUTA;TOTAL INFRACCIONES PENALES;2023;2.021
CIUDAD AUTÓNOMA DE CEUTA;TOTAL INFRACCIONES PENALES;2022;1.974
CIUDAD AUTÓNOMA DE CEUTA;TOTAL INFRACCIONES PENALES;2021;2.299
CIUDAD AUTÓNOMA DE CEUTA;TOTAL INFRACCIONES PENALES;2020;2.157
CIUDAD AUTÓNOMA DE CEUTA;TOTAL INFRACCIONES PENALES;2019;2.972
CIUDAD AUTÓNOMA DE CEUTA;TOTAL INFRACCIONES PENALES;2018;2.910
CIUDAD AUTÓNOMA DE CEUTA;TOTAL INFRACCIONES PENALES;2017;2.849
CIUDAD AUTÓNOMA DE CEUTA;TOTAL INFRACCIONES PENALES;2016;2.845
CIUDAD AUTÓNOMA DE CEUTA;TOTAL INFRACCIONES PENALES;2015;2.857
CIUDAD AUTÓNOMA DE CEUTA;TOTAL INFRACCIONES PENALES;2014;3.100
CIUDAD AUTÓNOMA DE CEUTA;TOTAL INFRACCIONES PENALES;2013;3.407
CIUDAD AUTÓNOMA DE CEUTA;TOTAL INFRACCIONES PENALES;2012;4.269
CIUDAD AUTÓNOMA DE CEUTA;TOTAL INFRACCIONES PENALES;2011;3.997
CIUDAD AUTÓNOMA DE CEUTA;TOTAL INFRACCIONES PENALES;2010;3.512
CIUDAD AUTÓNOMA DE MELILLA;1. CONTRA LAS PERSONAS;2023;839
CIUDAD AUTÓNOMA DE MELILLA;1. CONTRA LAS PERSONAS;2022;843
CIUDAD AUTÓNOMA DE MELILLA;1. CONTRA LAS PERSONAS;2021;799
CIUDAD AUTÓNOMA DE MELILLA;1. CONTRA LAS PERSONAS;2020;806
CIUDAD AUTÓNOMA DE MELILLA;1. CONTRA LAS PERSONAS;2019;855
CIUDAD AUTÓNOMA DE MELILLA;1. CONTRA LAS PERSONAS;2018;813
CIUDAD AUTÓNOMA DE MELILLA;1. CONTRA LAS PERSONAS;2017;822
CIUDAD AUTÓNOMA DE MELILLA;1. CONTRA LAS PERSONAS;2016;788
CIUDAD AUTÓNOMA DE MELILLA;1. CONTRA LAS PERSONAS;2015;889
CIUDAD AUTÓNOMA DE MELILLA;1. CONTRA LAS PERSONAS;2014;935
CIUDAD AUTÓNOMA DE MELILLA;1. CONTRA LAS PERSONAS;2013;806
CIUDAD AUTÓNOMA DE MELILLA;1. CONTRA LAS PERSONAS;2012;796
CIUDAD AUTÓNOMA DE MELILLA;1. CONTRA LAS PERSONAS;2011;869
CIUDAD AUTÓNOMA DE MELILLA;1. CONTRA LAS PERSONAS;2010;914
CIUDAD AUTÓNOMA DE MELILLA;1.1.-Homicidios dolosos/asesinatos;2023;3
CIUDAD AUTÓNOMA DE MELILLA;1.1.-Homicidios dolosos/asesinatos;2022;6
CIUDAD AUTÓNOMA DE MELILLA;1.1.-Homicidios dolosos/asesinatos;2021;4
CIUDAD AUTÓNOMA DE MELILLA;1.1.-Homicidios dolosos/asesinatos;2020;2
CIUDAD AUTÓNOMA DE MELILLA;1.1.-Homicidios dolosos/asesinatos;2019;9
CIUDAD AUTÓNOMA DE MELILLA;1.1.-Homicidios dolosos/asesinatos;2018;2
CIUDAD AUTÓNOMA DE MELILLA;1.1.-Homicidios dolosos/asesinatos;2017;8
CIUDAD AUTÓNOMA DE MELILLA;1.1.-Homicidios dolosos/asesinatos;2016;9
CIUDAD AUTÓNOMA DE MELILLA;1.1.-Homicidios dolosos/asesinatos;2015;3
CIUDAD AUTÓNOMA DE MELILLA;1.1.-Homicidios dolosos/asesinatos;2014;4
CIUDAD AUTÓNOMA DE MELILLA;1.1.-Homicidios dolosos/asesinatos;2013;6
CIUDAD AUTÓNOMA DE MELILLA;1.1.-Homicidios dolosos/asesinatos;2012;7
CIUDAD AUTÓNOMA DE MELILLA;1.1.-Homicidios dolosos/asesinatos;2011;7
CIUDAD AUTÓNOMA DE MELILLA;1.1.-Homicidios dolosos/asesinatos;2010;5
CIUDAD AUTÓNOMA DE MELILLA;1.1.1.-Homicidios dolosos/asesinatos consumados;2023;0
CIUDAD AUTÓNOMA DE MELILLA;1.1.1.-Homicidios dolosos/asesinatos consumados;2022;2
CIUDAD AUTÓNOMA DE MELILLA;1.1.1.-Homicidios dolosos/asesinatos consumados;2021;0
CIUDAD AUTÓNOMA DE MELILLA;1.1.1.-Homicidios dolosos/asesinatos consumados;2020;0
CIUDAD AUTÓNOMA DE MELILLA;1.1.1.-Homicidios dolosos/asesinatos consumados;2019;1
CIUDAD AUTÓNOMA DE MELILLA;1.1.1.-Homicidios dolosos/asesinatos consumados;2018;0
CIUDAD AUTÓNOMA DE MELILLA;1.1.1.-Homicidios dolosos/asesinatos consumados;2017;0
CIUDAD AUTÓNOMA DE MELILLA;1.1.1.-Homicidios dolosos/asesinatos consumados;2016;1
CIUDAD AUTÓNOMA DE MELILLA;1.1.1.-Homicidios dolosos/asesinatos consumados;2015;1
CIUDAD AUTÓNOMA DE MELILLA;1.1.1.-Homicidios dolosos/asesinatos consumados;2014;3
CIUDAD AUTÓNOMA DE MELILLA;1.1.1.-Homicidios dolosos/asesinatos consumados;2013;2
CIUDAD AUTÓNOMA DE MELILLA;1.1.1.-Homicidios dolosos/asesinatos consumados;2012;3
CIUDAD AUTÓNOMA DE MELILLA;1.1.1.-Homicidios dolosos/asesinatos consumados;2011;0
CIUDAD AUTÓNOMA DE MELILLA;1.1.1.-Homicidios dolosos/asesinatos consumados;2010;0
CIUDAD AUTÓNOMA DE MELILLA;1.2.-Lesiones;2023;424
CIUDAD AUTÓNOMA DE MELILLA;1.2.-Lesiones;2022;456
CIUDAD AUTÓNOMA DE MELILLA;1.2.-Lesiones;2021;451
CIUDAD AUTÓNOMA DE MELILLA;1.2.-Lesiones;2020;461
CIUDAD AUTÓNOMA DE MELILLA;1.2.-Lesiones;2019;518
CIUDAD AUTÓNOMA DE MELILLA;1.2.-Lesiones;2018;506
CIUDAD AUTÓNOMA DE MELILLA;1.2.-Lesiones;2017;504
CIUDAD AUTÓNOMA DE MELILLA;1.2.-Lesiones;2016;481
CIUDAD AUTÓNOMA DE MELILLA;1.2.-Lesiones;2015;414
CIUDAD AUTÓNOMA DE MELILLA;1.2.-Lesiones;2014;434
CIUDAD AUTÓNOMA DE MELILLA;1.2.-Lesiones;2013;415
CIUDAD AUTÓNOMA DE MELILLA;1.2.-Lesiones;2012;393
CIUDAD AUTÓNOMA DE MELILLA;1.2.-Lesiones;2011;422
CIUDAD AUTÓNOMA DE MELILLA;1.2.-Lesiones;2010;440
CIUDAD AUTÓNOMA DE MELILLA;1.3.-Malos tratos ámbito familiar;2023;399
CIUDAD AUTÓNOMA DE MELILLA;1.3.-Malos tratos ámbito familiar;2022;363
CIUDAD AUTÓNOMA DE MELILLA;1.3.-Malos tratos ámbito familiar;2021;323
CIUDAD AUTÓNOMA DE MELILLA;1.3.-Malos tratos ámbito familiar;2020;320
CIUDAD AUTÓNOMA DE MELILLA;1.3.-Malos tratos ámbito familiar;2019;319
CIUDAD AUTÓNOMA DE MELILLA;1.3.-Malos tratos ámbito familiar;2018;282
CIUDAD AUTÓNOMA DE MELILLA;1.3.-Malos tratos ámbito familiar;2017;304
CIUDAD AUTÓNOMA DE MELILLA;1.3.-Malos tratos ámbito familiar;2016;292
CIUDAD AUTÓNOMA DE MELILLA;1.3.-Malos tratos ámbito familiar;2015;348
CIUDAD AUTÓNOMA DE MELILLA;1.3.-Malos tratos ámbito familiar;2014;301
CIUDAD AUTÓNOMA DE MELILLA;1.3.-Malos tratos ámbito familiar;2013;226
CIUDAD AUTÓNOMA DE MELILLA;1.3.-Malos tratos ámbito familiar;2012;242
CIUDAD AUTÓNOMA DE MELILLA;1.3.-Malos tratos ámbito familiar;2011;259
CIUDAD AUTÓNOMA DE MELILLA;1.3.-Malos tratos ámbito familiar;2010;252
CIUDAD AUTÓNOMA DE MELILLA;1.4.-Otros contra las personas;2023;13
CIUDAD AUTÓNOMA DE MELILLA;1.4.-Otros contra las personas;2022;18
CIUDAD AUTÓNOMA DE MELILLA;1.4.-Otros contra las personas;2021;21
CIUDAD AUTÓNOMA DE MELILLA;1.4.-Otros contra las personas;2020;23
CIUDAD AUTÓNOMA DE MELILLA;1.4.-Otros contra las personas;2019;9
CIUDAD AUTÓNOMA DE MELILLA;1.4.-Otros contra las personas;2018;23
CIUDAD AUTÓNOMA DE MELILLA;1.4.-Otros contra las personas;2017;6
CIUDAD AUTÓNOMA DE MELILLA;1.4.-Otros contra las personas;2016;6
CIUDAD AUTÓNOMA DE MELILLA;1.4.-Otros contra las personas;2015;124
CIUDAD AUTÓNOMA DE MELILLA;1.4.-Otros contra las personas;2014;196
CIUDAD AUTÓNOMA DE MELILLA;1.4.-Otros contra las personas;2013;159
CIUDAD AUTÓNOMA DE MELILLA;1.4.-Otros contra las personas;2012;154
CIUDAD AUTÓNOMA DE MELILLA;1.4.-Otros contra las personas;2011;181
CIUDAD AUTÓNOMA DE MELILLA;1.4.-Otros contra las personas;2010;217
CIUDAD AUTÓNOMA DE MELILLA;2. CONTRA LA LIBERTAD;2023;384
CIUDAD AUTÓNOMA DE MELILLA;2. CONTRA LA LIBERTAD;2022;341
CIUDAD AUTÓNOMA DE MELILLA;2. CONTRA LA LIBERTAD;2021;346
CIUDAD AUTÓNOMA DE MELILLA;2. CONTRA LA LIBERTAD;2020;302
CIUDAD AUTÓNOMA DE MELILLA;2. CONTRA LA LIBERTAD;2019;253
CIUDAD AUTÓNOMA DE MELILLA;2. CONTRA LA LIBERTAD;2018;298
CIUDAD AUTÓNOMA DE MELILLA;2. CONTRA LA LIBERTAD;2017;323
CIUDAD AUTÓNOMA DE MELILLA;2. CONTRA LA LIBERTAD;2016;255
CIUDAD AUTÓNOMA DE MELILLA;2. CONTRA LA LIBERTAD;2015;153
CIUDAD AUTÓNOMA DE MELILLA;2. CONTRA LA LIBERTAD;2014;75
CIUDAD AUTÓNOMA DE MELILLA;2. CONTRA LA LIBERTAD;2013;90
CIUDAD AUTÓNOMA DE MELILLA;2. CONTRA LA LIBERTAD;2012;79
CIUDAD AUTÓNOMA DE MELILLA;2. CONTRA LA LIBERTAD;2011;93
CIUDAD AUTÓNOMA DE MELILLA;2. CONTRA LA LIBERTAD;2010;124
CIUDAD AUTÓNOMA DE MELILLA;2.1.-Malos tratos habituales en el ámbito familiar;2023;4
CIUDAD AUTÓNOMA DE MELILLA;2.1.-Malos tratos habituales en el ámbito familiar;2022;14
CIUDAD AUTÓNOMA DE MELILLA;2.1.-Malos tratos habituales en el ámbito familiar;2021;5
CIUDAD AUTÓNOMA DE MELILLA;2.1.-Malos tratos habituales en el ámbito familiar;2020;6
CIUDAD AUTÓNOMA DE MELILLA;2.1.-Malos tratos habituales en el ámbito familiar;2019;11
CIUDAD AUTÓNOMA DE MELILLA;2.1.-Malos tratos habituales en el ámbito familiar;2018;3
CIUDAD AUTÓNOMA DE MELILLA;2.1.-Malos tratos habituales en el ámbito familiar;2017;13
CIUDAD AUTÓNOMA DE MELILLA;2.1.-Malos tratos habituales en el ámbito familiar;2016;12
CIUDAD AUTÓNOMA DE MELILLA;2.1.-Malos tratos habituales en el ámbito familiar;2015;16
CIUDAD AUTÓNOMA DE MELILLA;2.1.-Malos tratos habituales en el ámbito familiar;2014;10
CIUDAD AUTÓNOMA DE MELILLA;2.1.-Malos tratos habituales en el ámbito familiar;2013;20
CIUDAD AUTÓNOMA DE MELILLA;2.1.-Malos tratos habituales en el ámbito familiar;2012;6
CIUDAD AUTÓNOMA DE MELILLA;2.1.-Malos tratos habituales en el ámbito familiar;2011;3
CIUDAD AUTÓNOMA DE MELILLA;2.1.-Malos tratos habituales en el ámbito familiar;2010;24
CIUDAD AUTÓNOMA DE MELILLA;2.2.-Otros contra la libertad;2023;380
CIUDAD AUTÓNOMA DE MELILLA;2.2.-Otros contra la libertad;2022;327
CIUDAD AUTÓNOMA DE MELILLA;2.2.-Otros contra la libertad;2021;341
CIUDAD AUTÓNOMA DE MELILLA;2.2.-Otros contra la libertad;2020;296
CIUDAD AUTÓNOMA DE MELILLA;2.2.-Otros contra la libertad;2019;242
CIUDAD AUTÓNOMA DE MELILLA;2.2.-Otros contra la libertad;2018;295
CIUDAD AUTÓNOMA DE MELILLA;2.2.-Otros contra la libertad;2017;310
CIUDAD AUTÓNOMA DE MELILLA;2.2.-Otros contra la libertad;2016;243
CIUDAD AUTÓNOMA DE MELILLA;2.2.-Otros contra la libertad;2015;137
CIUDAD AUTÓNOMA DE MELILLA;2.2.-Otros contra la libertad;2014;65
CIUDAD AUTÓNOMA DE MELILLA;2.2.-Otros contra la libertad;2013;70
CIUDAD AUTÓNOMA DE MELILLA;2.2.-Otros contra la libertad;2012;73
CIUDAD AUTÓNOMA DE MELILLA;2.2.-Otros contra la libertad;2011;90
CIUDAD AUTÓNOMA DE MELILLA;2.2.-Otros contra la libertad;2010;100
CIUDAD AUTÓNOMA DE MELILLA;3. LIBERTAD SEXUAL;2023;37
CIUDAD AUTÓNOMA DE MELILLA;3. LIBERTAD SEXUAL;2022;19
CIUDAD AUTÓNOMA DE MELILLA;3. LIBERTAD SEXUAL;2021;32
CIUDAD AUTÓNOMA DE MELILLA;3. LIBERTAD SEXUAL;2020;24
CIUDAD AUTÓNOMA DE MELILLA;3. LIBERTAD SEXUAL;2019;27
CIUDAD AUTÓNOMA DE MELILLA;3. LIBERTAD SEXUAL;2018;22
CIUDAD AUTÓNOMA DE MELILLA;3. LIBERTAD SEXUAL;2017;27
CIUDAD AUTÓNOMA DE MELILLA;3. LIBERTAD SEXUAL;2016;43
CIUDAD AUTÓNOMA DE MELILLA;3. LIBERTAD SEXUAL;2015;26
CIUDAD AUTÓNOMA DE MELILLA;3. LIBERTAD SEXUAL;2014;32
CIUDAD AUTÓNOMA DE MELILLA;3. LIBERTAD SEXUAL;2013;37
CIUDAD AUTÓNOMA DE MELILLA;3. LIBERTAD SEXUAL;2012;23
CIUDAD AUTÓNOMA DE MELILLA;3. LIBERTAD SEXUAL;2011;28
CIUDAD AUTÓNOMA DE MELILLA;3. LIBERTAD SEXUAL;2010;35
CIUDAD AUTÓNOMA DE MELILLA;3.1.-Agresión sexual;2023;30
CIUDAD AUTÓNOMA DE MELILLA;3.1.-Agresión sexual;2022;14
CIUDAD AUTÓNOMA DE MELILLA;3.1.-Agresión sexual;2021;23
CIUDAD AUTÓNOMA DE MELILLA;3.1.-Agresión sexual;2020;14
CIUDAD AUTÓNOMA DE MELILLA;3.1.-Agresión sexual;2019;19
CIUDAD AUTÓNOMA DE MELILLA;3.1.-Agresión sexual;2018;14
CIUDAD AUTÓNOMA DE MELILLA;3.1.-Agresión sexual;2017;15
CIUDAD AUTÓNOMA DE MELILLA;3.1.-Agresión sexual;2016;39
CIUDAD AUTÓNOMA DE MELILLA;3.1.-Agresión sexual;2015;19
CIUDAD AUTÓNOMA DE MELILLA;3.1.-Agresión sexual;2014;22
CIUDAD AUTÓNOMA DE MELILLA;3.1.-Agresión sexual;2013;25
CIUDAD AUTÓNOMA DE MELILLA;3.1.-Agresión sexual;2012;17
CIUDAD AUTÓNOMA DE MELILLA;3.1.-Agresión sexual;2011;20
CIUDAD AUTÓNOMA DE MELILLA;3.1.-Agresión sexual;2010;16
CIUDAD AUTÓNOMA DE MELILLA;3.2.-Agresión sexual con penetración;2023;3
CIUDAD AUTÓNOMA DE MELILLA;3.2.-Agresión sexual con penetración;2022;3
CIUDAD AUTÓNOMA DE MELILLA;3.2.-Agresión sexual con penetración;2021;5
CIUDAD AUTÓNOMA DE MELILLA;3.2.-Agresión sexual con penetración;2020;6
CIUDAD AUTÓNOMA DE MELILLA;3.2.-Agresión sexual con penetración;2019;3
CIUDAD AUTÓNOMA DE MELILLA;3.2.-Agresión sexual con penetración;2018;2
CIUDAD AUTÓNOMA DE MELILLA;3.2.-Agresión sexual con penetración;2017;4
CIUDAD AUTÓNOMA DE MELILLA;3.2.-Agresión sexual con penetración;2016;2
CIUDAD AUTÓNOMA DE MELILLA;3.2.-Agresión sexual con penetración;2015;2
CIUDAD AUTÓNOMA DE MELILLA;3.2.-Agresión sexual con penetración;2014;4
CIUDAD AUTÓNOMA DE MELILLA;3.2.-Agresión sexual con penetración;2013;6
CIUDAD AUTÓNOMA DE MELILLA;3.2.-Agresión sexual con penetración;2012;2
CIUDAD AUTÓNOMA DE MELILLA;3.2.-Agresión sexual con penetración;2011;3
CIUDAD AUTÓNOMA DE MELILLA;3.2.-Agresión sexual con penetración;2010;11
CIUDAD AUTÓNOMA DE MELILLA;3.3.-Corrupción de menores o incapacitados;2023;0
CIUDAD AUTÓNOMA DE MELILLA;3.3.-Corrupción de menores o incapacitados;2022;0
CIUDAD AUTÓNOMA DE MELILLA;3.3.-Corrupción de menores o incapacitados;2021;1
CIUDAD AUTÓNOMA DE MELILLA;3.3.-Corrupción de menores o incapacitados;2020;2
CIUDAD AUTÓNOMA DE MELILLA;3.3.-Corrupción de menores o incapacitados;2019;0
CIUDAD AUTÓNOMA DE MELILLA;3.3.-Corrupción de menores o incapacitados;2018;1
CIUDAD AUTÓNOMA DE MELILLA;3.3.-Corrupción de menores o incapacitados;2017;0
CIUDAD AUTÓNOMA DE MELILLA;3.3.-Corrupción de menores o incapacitados;2016;0
CIUDAD AUTÓNOMA DE MELILLA;3.3.-Corrupción de menores o incapacitados;2015;1
CIUDAD AUTÓNOMA DE MELILLA;3.3.-Corrupción de menores o incapacitados;2014;0
CIUDAD AUTÓNOMA DE MELILLA;3.3.-Corrupción de menores o incapacitados;2013;1
CIUDAD AUTÓNOMA DE MELILLA;3.3.-Corrupción de menores o incapacitados;2012;0
CIUDAD AUTÓNOMA DE MELILLA;3.3.-Corrupción de menores o incapacitados;2011;0
CIUDAD AUTÓNOMA DE MELILLA;3.3.-Corrupción de menores o incapacitados;2010;0
CIUDAD AUTÓNOMA DE MELILLA;3.4.-Pornografía de menores;2023;2
CIUDAD AUTÓNOMA DE MELILLA;3.4.-Pornografía de menores;2022;0
CIUDAD AUTÓNOMA DE MELILLA;3.4.-Pornografía de menores;2021;1
CIUDAD AUTÓNOMA DE MELILLA;3.4.-Pornografía de menores;2020;0
CIUDAD AUTÓNOMA DE MELILLA;3.4.-Pornografía de menores;2019;0
CIUDAD AUTÓNOMA DE MELILLA;3.4.-Pornografía de menores;2018;1
CIUDAD AUTÓNOMA DE MELILLA;3.4.-Pornografía de menores;2017;3
CIUDAD AUTÓNOMA DE MELILLA;3.4.-Pornografía de menores;2016;0
CIUDAD AUTÓNOMA DE MELILLA;3.4.-Pornografía de menores;2015;0
CIUDAD AUTÓNOMA DE MELILLA;3.4.-Pornografía de menores;2014;0
CIUDAD AUTÓNOMA DE MELILLA;3.4.-Pornografía de menores;2013;0
CIUDAD AUTÓNOMA DE MELILLA;3.4.-Pornografía de menores;2012;0
CIUDAD AUTÓNOMA DE MELILLA;3.4.-Pornografía de menores;2011;0
CIUDAD AUTÓNOMA DE MELILLA;3.4.-Pornografía de menores;2010;0
CIUDAD AUTÓNOMA DE MELILLA;3.5.-Otros contra la libertad sexual;2023;2
CIUDAD AUTÓNOMA DE MELILLA;3.5.-Otros contra la libertad sexual;2022;2
CIUDAD AUTÓNOMA DE MELILLA;3.5.-Otros contra la libertad sexual;2021;2
CIUDAD AUTÓNOMA DE MELILLA;3.5.-Otros contra la libertad sexual;2020;2
CIUDAD AUTÓNOMA DE MELILLA;3.5.-Otros contra la libertad sexual;2019;5
CIUDAD AUTÓNOMA DE MELILLA;3.5.-Otros contra la libertad sexual;2018;4
CIUDAD AUTÓNOMA DE MELILLA;3.5.-Otros contra la libertad sexual;2017;5
CIUDAD AUTÓNOMA DE MELILLA;3.5.-Otros contra la libertad sexual;2016;2
CIUDAD AUTÓNOMA DE MELILLA;3.5.-Otros contra la libertad sexual;2015;4
CIUDAD AUTÓNOMA DE MELILLA;3.5.-Otros contra la libertad sexual;2014;6
CIUDAD AUTÓNOMA DE MELILLA;3.5.-Otros contra la libertad sexual;2013;5
CIUDAD AUTÓNOMA DE MELILLA;3.5.-Otros contra la libertad sexual;2012;4
CIUDAD AUTÓNOMA DE MELILLA;3.5.-Otros contra la libertad sexual;2011;5
CIUDAD AUTÓNOMA DE MELILLA;3.5.-Otros contra la libertad sexual;2010;8
CIUDAD AUTÓNOMA DE MELILLA;4. RELACIONES FAMILIARES;2023;12
CIUDAD AUTÓNOMA DE MELILLA;4. RELACIONES FAMILIARES;2022;10
CIUDAD AUTÓNOMA DE MELILLA;4. RELACIONES FAMILIARES;2021;22
CIUDAD AUTÓNOMA DE MELILLA;4. RELACIONES FAMILIARES;2020;23
CIUDAD AUTÓNOMA DE MELILLA;4. RELACIONES FAMILIARES;2019;25
CIUDAD AUTÓNOMA DE MELILLA;4. RELACIONES FAMILIARES;2018;19
CIUDAD AUTÓNOMA DE MELILLA;4. RELACIONES FAMILIARES;2017;30
CIUDAD AUTÓNOMA DE MELILLA;4. RELACIONES FAMILIARES;2016;23
CIUDAD AUTÓNOMA DE MELILLA;4. RELACIONES FAMILIARES;2015;33
CIUDAD AUTÓNOMA DE MELILLA;4. RELACIONES FAMILIARES;2014;33
CIUDAD AUTÓNOMA DE MELILLA;4. RELACIONES FAMILIARES;2013;22
CIUDAD AUTÓNOMA DE MELILLA;4. RELACIONES FAMILIARES;2012;19
CIUDAD AUTÓNOMA DE MELILLA;4. RELACIONES FAMILIARES;2011;24
CIUDAD AUTÓNOMA DE MELILLA;4. RELACIONES FAMILIARES;2010;31
CIUDAD AUTÓNOMA DE MELILLA;5. PATRIMONIO;2023;827
CIUDAD AUTÓNOMA DE MELILLA;5. PATRIMONIO;2022;776
CIUDAD AUTÓNOMA DE MELILLA;5. PATRIMONIO;2021;698
CIUDAD AUTÓNOMA DE MELILLA;5. PATRIMONIO;2020;935
CIUDAD AUTÓNOMA DE MELILLA;5. PATRIMONIO;2019;1.171
CIUDAD AUTÓNOMA DE MELILLA;5. PATRIMONIO;2018;1.079
CIUDAD AUTÓNOMA DE MELILLA;5. PATRIMONIO;2017;974
CIUDAD AUTÓNOMA DE MELILLA;5. PATRIMONIO;2016;993
CIUDAD AUTÓNOMA DE MELILLA;5. PATRIMONIO;2015;872
CIUDAD AUTÓNOMA DE MELILLA;5. PATRIMONIO;2014;762
CIUDAD AUTÓNOMA DE MELILLA;5. PATRIMONIO;2013;897
CIUDAD AUTÓNOMA DE MELILLA;5. PATRIMONIO;2012;869
CIUDAD AUTÓNOMA DE MELILLA;5. PATRIMONIO;2011;898
CIUDAD AUTÓNOMA DE MELILLA;5. PATRIMONIO;2010;745
CIUDAD AUTÓNOMA DE MELILLA;5.1.-Hurtos;2023;311
CIUDAD AUTÓNOMA DE MELILLA;5.1.-Hurtos;2022;284
CIUDAD AUTÓNOMA DE MELILLA;5.1.-Hurtos;2021;236
CIUDAD AUTÓNOMA DE MELILLA;5.1.-Hurtos;2020;355
CIUDAD AUTÓNOMA DE MELILLA;5.1.-Hurtos;2019;482
CIUDAD AUTÓNOMA DE MELILLA;5.1.-Hurtos;2018;350
CIUDAD AUTÓNOMA DE MELILLA;5.1.-Hurtos;2017;321
CIUDAD AUTÓNOMA DE MELILLA;5.1.-Hurtos;2016;350
CIUDAD AUTÓNOMA DE MELILLA;5.1.-Hurtos;2015;283
CIUDAD AUTÓNOMA DE MELILLA;5.1.-Hurtos;2014;233
CIUDAD AUTÓNOMA DE MELILLA;5.1.-Hurtos;2013;308
CIUDAD AUTÓNOMA DE MELILLA;5.1.-Hurtos;2012;388
CIUDAD AUTÓNOMA DE MELILLA;5.1.-Hurtos;2011;299
CIUDAD AUTÓNOMA DE MELILLA;5.1.-Hurtos;2010;165
CIUDAD AUTÓNOMA DE MELILLA;5.2.-Robos con fuerza en las cosas;2023;93
CIUDAD AUTÓNOMA DE MELILLA;5.2.-Robos con fuerza en las cosas;2022;89
CIUDAD AUTÓNOMA DE MELILLA;5.2.-Robos con fuerza en las cosas;2021;65
CIUDAD AUTÓNOMA DE MELILLA;5.2.-Robos con fuerza en las cosas;2020;85
CIUDAD AUTÓNOMA DE MELILLA;5.2.-Robos con fuerza en las cosas;2019;151
CIUDAD AUTÓNOMA DE MELILLA;5.2.-Robos con fuerza en las cosas;2018;192
CIUDAD AUTÓNOMA DE MELILLA;5.2.-Robos con fuerza en las cosas;2017;173
CIUDAD AUTÓNOMA DE MELILLA;5.2.-Robos con fuerza en las cosas;2016;198
CIUDAD AUTÓNOMA DE MELILLA;5.2.-Robos con fuerza en las cosas;2015;216
CIUDAD AUTÓNOMA DE MELILLA;5.2.-Robos con fuerza en las cosas;2014;154
CIUDAD AUTÓNOMA DE MELILLA;5.2.-Robos con fuerza en las cosas;2013;203
CIUDAD AUTÓNOMA DE MELILLA;5.2.-Robos con fuerza en las cosas;2012;163
CIUDAD AUTÓNOMA DE MELILLA;5.2.-Robos con fuerza en las cosas;2011;236
CIUDAD AUTÓNOMA DE MELILLA;5.2.-Robos con fuerza en las cosas;2010;233
CIUDAD AUTÓNOMA DE MELILLA;5.2.1.-Robos con fuerza en las cosas en el interior de vehículos;2023;23
CIUDAD AUTÓNOMA DE MELILLA;5.2.1.-Robos con fuerza en las cosas en el interior de vehículos;2022;41
CIUDAD AUTÓNOMA DE MELILLA;5.2.1.-Robos con fuerza en las cosas en el interior de vehículos;2021;24
CIUDAD AUTÓNOMA DE MELILLA;5.2.1.-Robos con fuerza en las cosas en el interior de vehículos;2020;51
CIUDAD AUTÓNOMA DE MELILLA;5.2.1.-Robos con fuerza en las cosas en el interior de vehículos;2019;86
CIUDAD AUTÓNOMA DE MELILLA;5.2.1.-Robos con fuerza en las cosas en el interior de vehículos;2018;123
CIUDAD AUTÓNOMA DE MELILLA;5.2.1.-Robos con fuerza en las cosas en el interior de vehículos;2017;109
CIUDAD AUTÓNOMA DE MELILLA;5.2.1.-Robos con fuerza en las cosas en el interior de vehículos;2016;107
CIUDAD AUTÓNOMA DE MELILLA;5.2.1.-Robos con fuerza en las cosas en el interior de vehículos;2015;115
CIUDAD AUTÓNOMA DE MELILLA;5.2.1.-Robos con fuerza en las cosas en el interior de vehículos;2014;78
CIUDAD AUTÓNOMA DE MELILLA;5.2.1.-Robos con fuerza en las cosas en el interior de vehículos;2013;105
CIUDAD AUTÓNOMA DE MELILLA;5.2.1.-Robos con fuerza en las cosas en el interior de vehículos;2012;78
CIUDAD AUTÓNOMA DE MELILLA;5.2.1.-Robos con fuerza en las cosas en el interior de vehículos;2011;103
CIUDAD AUTÓNOMA DE MELILLA;5.2.1.-Robos con fuerza en las cosas en el interior de vehículos;2010;106
CIUDAD AUTÓNOMA DE MELILLA;5.2.2.-Robos con fuerza en viviendas;2023;28
CIUDAD AUTÓNOMA DE MELILLA;5.2.2.-Robos con fuerza en viviendas;2022;20
CIUDAD AUTÓNOMA DE MELILLA;5.2.2.-Robos con fuerza en viviendas;2021;23
CIUDAD AUTÓNOMA DE MELILLA;5.2.2.-Robos con fuerza en viviendas;2020;17
CIUDAD AUTÓNOMA DE MELILLA;5.2.2.-Robos con fuerza en viviendas;2019;25
CIUDAD AUTÓNOMA DE MELILLA;5.2.2.-Robos con fuerza en viviendas;2018;28
CIUDAD AUTÓNOMA DE MELILLA;5.2.2.-Robos con fuerza en viviendas;2017;29
CIUDAD AUTÓNOMA DE MELILLA;5.2.2.-Robos con fuerza en viviendas;2016;54
CIUDAD AUTÓNOMA DE MELILLA;5.2.2.-Robos con fuerza en viviendas;2015;27
CIUDAD AUTÓNOMA DE MELILLA;5.2.2.-Robos con fuerza en viviendas;2014;19
CIUDAD AUTÓNOMA DE MELILLA;5.2.2.-Robos con fuerza en viviendas;2013;32
CIUDAD AUTÓNOMA DE MELILLA;5.2.2.-Robos con fuerza en viviendas;2012;21
CIUDAD AUTÓNOMA DE MELILLA;5.2.2.-Robos con fuerza en viviendas;2011;43
CIUDAD AUTÓNOMA DE MELILLA;5.2.2.-Robos con fuerza en viviendas;2010;47
CIUDAD AUTÓNOMA DE MELILLA;5.2.3.-Robos con fuerza en establecimientos;2023;30
CIUDAD AUTÓNOMA DE MELILLA;5.2.3.-Robos con fuerza en establecimientos;2022;18
CIUDAD AUTÓNOMA DE MELILLA;5.2.3.-Robos con fuerza en establecimientos;2021;9
CIUDAD AUTÓNOMA DE MELILLA;5.2.3.-Robos con fuerza en establecimientos;2020;8
CIUDAD AUTÓNOMA DE MELILLA;5.2.3.-Robos con fuerza en establecimientos;2019;17
CIUDAD AUTÓNOMA DE MELILLA;5.2.3.-Robos con fuerza en establecimientos;2018;13
CIUDAD AUTÓNOMA DE MELILLA;5.2.3.-Robos con fuerza en establecimientos;2017;15
CIUDAD AUTÓNOMA DE MELILLA;5.2.3.-Robos con fuerza en establecimientos;2016;17
CIUDAD AUTÓNOMA DE MELILLA;5.2.3.-Robos con fuerza en establecimientos;2015;33
CIUDAD AUTÓNOMA DE MELILLA;5.2.3.-Robos con fuerza en establecimientos;2014;26
CIUDAD AUTÓNOMA DE MELILLA;5.2.3.-Robos con fuerza en establecimientos;2013;27
CIUDAD AUTÓNOMA DE MELILLA;5.2.3.-Robos con fuerza en establecimientos;2012;24
CIUDAD AUTÓNOMA DE MELILLA;5.2.3.-Robos con fuerza en establecimientos;2011;48
CIUDAD AUTÓNOMA DE MELILLA;5.2.3.-Robos con fuerza en establecimientos;2010;40
CIUDAD AUTÓNOMA DE MELILLA;5.3.-Robos con violencia o intimidación;2023;92
CIUDAD AUTÓNOMA DE MELILLA;5.3.-Robos con violencia o intimidación;2022;91
CIUDAD AUTÓNOMA DE MELILLA;5.3.-Robos con violencia o intimidación;2021;130
CIUDAD AUTÓNOMA DE MELILLA;5.3.-Robos con violencia o intimidación;2020;222
CIUDAD AUTÓNOMA DE MELILLA;5.3.-Robos con violencia o intimidación;2019;251
CIUDAD AUTÓNOMA DE MELILLA;5.3.-Robos con violencia o intimidación;2018;223
CIUDAD AUTÓNOMA DE MELILLA;5.3.-Robos con violencia o intimidación;2017;225
CIUDAD AUTÓNOMA DE MELILLA;5.3.-Robos con violencia o intimidación;2016;221
CIUDAD AUTÓNOMA DE MELILLA;5.3.-Robos con violencia o intimidación;2015;179
CIUDAD AUTÓNOMA DE MELILLA;5.3.-Robos con violencia o intimidación;2014;172
CIUDAD AUTÓNOMA DE MELILLA;5.3.-Robos con violencia o intimidación;2013;171
CIUDAD AUTÓNOMA DE MELILLA;5.3.-Robos con violencia o intimidación;2012;133
CIUDAD AUTÓNOMA DE MELILLA;5.3.-Robos con violencia o intimidación;2011;147
CIUDAD AUTÓNOMA DE MELILLA;5.3.-Robos con violencia o intimidación;2010;123
CIUDAD AUTÓNOMA DE MELILLA;5.3.1.-Robos con violencia en vía pública;2023;66
CIUDAD AUTÓNOMA DE MELILLA;5.3.1.-Robos con violencia en vía pública;2022;72
CIUDAD AUTÓNOMA DE MELILLA;5.3.1.-Robos con violencia en vía pública;2021;86
CIUDAD AUTÓNOMA DE MELILLA;5.3.1.-Robos con violencia en vía pública;2020;165
CIUDAD AUTÓNOMA DE MELILLA;5.3.1.-Robos con violencia en vía pública;2019;155
CIUDAD AUTÓNOMA DE MELILLA;5.3.1.-Robos con violencia en vía pública;2018;177
CIUDAD AUTÓNOMA DE MELILLA;5.3.1.-Robos con violencia en vía pública;2017;179
CIUDAD AUTÓNOMA DE MELILLA;5.3.1.-Robos con violencia en vía pública;2016;186
CIUDAD AUTÓNOMA DE MELILLA;5.3.1.-Robos con violencia en vía pública;2015;152
CIUDAD AUTÓNOMA DE MELILLA;5.3.1.-Robos con violencia en vía pública;2014;153
CIUDAD AUTÓNOMA DE MELILLA;5.3.1.-Robos con violencia en vía pública;2013;138
CIUDAD AUTÓNOMA DE MELILLA;5.3.1.-Robos con violencia en vía pública;2012;109
CIUDAD AUTÓNOMA DE MELILLA;5.3.1.-Robos con violencia en vía pública;2011;113
CIUDAD AUTÓNOMA DE MELILLA;5.3.1.-Robos con violencia en vía pública;2010;98
CIUDAD AUTÓNOMA DE MELILLA;5.3.2.-Robos con violencia en viviendas;2023;9
CIUDAD AUTÓNOMA DE MELILLA;5.3.2.-Robos con violencia en viviendas;2022;6
CIUDAD AUTÓNOMA DE MELILLA;5.3.2.-Robos con violencia en viviendas;2021;2
CIUDAD AUTÓNOMA DE MELILLA;5.3.2.-Robos con violencia en viviendas;2020;2
CIUDAD AUTÓNOMA DE MELILLA;5.3.2.-Robos con violencia en viviendas;2019;5
CIUDAD AUTÓNOMA DE MELILLA;5.3.2.-Robos con violencia en viviendas;2018;3
CIUDAD AUTÓNOMA DE MELILLA;5.3.2.-Robos con violencia en viviendas;2017;2
CIUDAD AUTÓNOMA DE MELILLA;5.3.2.-Robos con violencia en viviendas;2016;1
CIUDAD AUTÓNOMA DE MELILLA;5.3.2.-Robos con violencia en viviendas;2015;3
CIUDAD AUTÓNOMA DE MELILLA;5.3.2.-Robos con violencia en viviendas;2014;4
CIUDAD AUTÓNOMA DE MELILLA;5.3.2.-Robos con violencia en viviendas;2013;9
CIUDAD AUTÓNOMA DE MELILLA;5.3.2.-Robos con violencia en viviendas;2012;4
CIUDAD AUTÓNOMA DE MELILLA;5.3.2.-Robos con violencia en viviendas;2011;2
CIUDAD AUTÓNOMA DE MELILLA;5.3.2.-Robos con violencia en viviendas;2010;4
CIUDAD AUTÓNOMA DE MELILLA;5.3.3.-Robos con violencia en establecimientos;2023;10
CIUDAD AUTÓNOMA DE MELILLA;5.3.3.-Robos con violencia en establecimientos;2022;9
CIUDAD AUTÓNOMA DE MELILLA;5.3.3.-Robos con violencia en establecimientos;2021;13
CIUDAD AUTÓNOMA DE MELILLA;5.3.3.-Robos con violencia en establecimientos;2020;15
CIUDAD AUTÓNOMA DE MELILLA;5.3.3.-Robos con violencia en establecimientos;2019;7
CIUDAD AUTÓNOMA DE MELILLA;5.3.3.-Robos con violencia en establecimientos;2018;5
CIUDAD AUTÓNOMA DE MELILLA;5.3.3.-Robos con violencia en establecimientos;2017;11
CIUDAD AUTÓNOMA DE MELILLA;5.3.3.-Robos con violencia en establecimientos;2016;2
CIUDAD AUTÓNOMA DE MELILLA;5.3.3.-Robos con violencia en establecimientos;2015;4
CIUDAD AUTÓNOMA DE MELILLA;5.3.3.-Robos con violencia en establecimientos;2014;3
CIUDAD AUTÓNOMA DE MELILLA;5.3.3.-Robos con violencia en establecimientos;2013;11
CIUDAD AUTÓNOMA DE MELILLA;5.3.3.-Robos con violencia en establecimientos;2012;14
CIUDAD AUTÓNOMA DE MELILLA;5.3.3.-Robos con violencia en establecimientos;2011;14
CIUDAD AUTÓNOMA DE MELILLA;5.3.3.-Robos con violencia en establecimientos;2010;8
CIUDAD AUTÓNOMA DE MELILLA;5.4.-Sustracción de vehículos;2023;15
CIUDAD AUTÓNOMA DE MELILLA;5.4.-Sustracción de vehículos;2022;19
CIUDAD AUTÓNOMA DE MELILLA;5.4.-Sustracción de vehículos;2021;12
CIUDAD AUTÓNOMA DE MELILLA;5.4.-Sustracción de vehículos;2020;10
CIUDAD AUTÓNOMA DE MELILLA;5.4.-Sustracción de vehículos;2019;11
CIUDAD AUTÓNOMA DE MELILLA;5.4.-Sustracción de vehículos;2018;18
CIUDAD AUTÓNOMA DE MELILLA;5.4.-Sustracción de vehículos;2017;30
CIUDAD AUTÓNOMA DE MELILLA;5.4.-Sustracción de vehículos;2016;23
CIUDAD AUTÓNOMA DE MELILLA;5.4.-Sustracción de vehículos;2015;25
CIUDAD AUTÓNOMA DE MELILLA;5.4.-Sustracción de vehículos;2014;39
CIUDAD AUTÓNOMA DE MELILLA;5.4.-Sustracción de vehículos;2013;59
CIUDAD AUTÓNOMA DE MELILLA;5.4.-Sustracción de vehículos;2012;45
CIUDAD AUTÓNOMA DE MELILLA;5.4.-Sustracción de vehículos;2011;77
CIUDAD AUTÓNOMA DE MELILLA;5.4.-Sustracción de vehículos;2010;54
CIUDAD AUTÓNOMA DE MELILLA;5.5.-Estafas;2023;143
CIUDAD AUTÓNOMA DE MELILLA;5.5.-Estafas;2022;152
CIUDAD AUTÓNOMA DE MELILLA;5.5.-Estafas;2021;92
CIUDAD AUTÓNOMA DE MELILLA;5.5.-Estafas;2020;128
CIUDAD AUTÓNOMA DE MELILLA;5.5.-Estafas;2019;118
CIUDAD AUTÓNOMA DE MELILLA;5.5.-Estafas;2018;153
CIUDAD AUTÓNOMA DE MELILLA;5.5.-Estafas;2017;54
CIUDAD AUTÓNOMA DE MELILLA;5.5.-Estafas;2016;49
CIUDAD AUTÓNOMA DE MELILLA;5.5.-Estafas;2015;50
CIUDAD AUTÓNOMA DE MELILLA;5.5.-Estafas;2014;49
CIUDAD AUTÓNOMA DE MELILLA;5.5.-Estafas;2013;47
CIUDAD AUTÓNOMA DE MELILLA;5.5.-Estafas;2012;35
CIUDAD AUTÓNOMA DE MELILLA;5.5.-Estafas;2011;32
CIUDAD AUTÓNOMA DE MELILLA;5.5.-Estafas;2010;31
CIUDAD AUTÓNOMA DE MELILLA;5.5.1.-Estafas informáticas;2023;94
CIUDAD AUTÓNOMA DE MELILLA;5.5.1.-Estafas informáticas;2022;95
CIUDAD AUTÓNOMA DE MELILLA;5.5.1.-Estafas informáticas;2021;54
CIUDAD AUTÓNOMA DE MELILLA;5.5.1.-Estafas informáticas;2020;77
CIUDAD AUTÓNOMA DE MELILLA;5.5.1.-Estafas informáticas;2019;51
CIUDAD AUTÓNOMA DE MELILLA;5.5.1.-Estafas informáticas;2018;58
CIUDAD AUTÓNOMA DE MELILLA;5.5.1.-Estafas informáticas;2017;15
CIUDAD AUTÓNOMA DE MELILLA;5.5.1.-Estafas informáticas;2016;12
CIUDAD AUTÓNOMA DE MELILLA;5.5.1.-Estafas informáticas;2015;7
CIUDAD AUTÓNOMA DE MELILLA;5.5.1.-Estafas informáticas;2014;14
CIUDAD AUTÓNOMA DE MELILLA;5.5.1.-Estafas informáticas;2013;12
CIUDAD AUTÓNOMA DE MELILLA;5.5.1.-Estafas informáticas;2012;11
CIUDAD AUTÓNOMA DE MELILLA;5.5.1.-Estafas informáticas;2011;10
CIUDAD AUTÓNOMA DE MELILLA;5.5.1.-Estafas informáticas;2010;10
CIUDAD AUTÓNOMA DE MELILLA;5.6.-Daños;2023;125
CIUDAD AUTÓNOMA DE MELILLA;5.6.-Daños;2022;92
CIUDAD AUTÓNOMA DE MELILLA;5.6.-Daños;2021;123
CIUDAD AUTÓNOMA DE MELILLA;5.6.-Daños;2020;85
CIUDAD AUTÓNOMA DE MELILLA;5.6.-Daños;2019;93
CIUDAD AUTÓNOMA DE MELILLA;5.6.-Daños;2018;96
CIUDAD AUTÓNOMA DE MELILLA;5.6.-Daños;2017;106
CIUDAD AUTÓNOMA DE MELILLA;5.6.-Daños;2016;94
CIUDAD AUTÓNOMA DE MELILLA;5.6.-Daños;2015;94
CIUDAD AUTÓNOMA DE MELILLA;5.6.-Daños;2014;75
CIUDAD AUTÓNOMA DE MELILLA;5.6.-Daños;2013;80
CIUDAD AUTÓNOMA DE MELILLA;5.6.-Daños;2012;65
CIUDAD AUTÓNOMA DE MELILLA;5.6.-Daños;2011;54
CIUDAD AUTÓNOMA DE MELILLA;5.6.-Daños;2010;100
CIUDAD AUTÓNOMA DE MELILLA;5.7.-Contra la propiedad intelectual/industrial;2023;1
CIUDAD AUTÓNOMA DE MELILLA;5.7.-Contra la propiedad intelectual/industrial;2022;0
CIUDAD AUTÓNOMA DE MELILLA;5.7.-Contra la propiedad intelectual/industrial;2021;1
CIUDAD AUTÓNOMA DE MELILLA;5.7.-Contra la propiedad intelectual/industrial;2020;1
CIUDAD AUTÓNOMA DE MELILLA;5.7.-Contra la propiedad intelectual/industrial;2019;5
CIUDAD AUTÓNOMA DE MELILLA;5.7.-Contra la propiedad intelectual/industrial;2018;10
CIUDAD AUTÓNOMA DE MELILLA;5.7.-Contra la propiedad intelectual/industrial;2017;21
CIUDAD AUTÓNOMA DE MELILLA;5.7.-Contra la propiedad intelectual/industrial;2016;5
CIUDAD AUTÓNOMA DE MELILLA;5.7.-Contra la propiedad intelectual/industrial;2015;3
CIUDAD AUTÓNOMA DE MELILLA;5.7.-Contra la propiedad intelectual/industrial;2014;4
CIUDAD AUTÓNOMA DE MELILLA;5.7.-Contra la propiedad intelectual/industrial;2013;5
CIUDAD AUTÓNOMA DE MELILLA;5.7.-Contra la propiedad intelectual/industrial;2012;10
CIUDAD AUTÓNOMA DE MELILLA;5.7.-Contra la propiedad intelectual/industrial;2011;11
CIUDAD AUTÓNOMA DE MELILLA;5.7.-Contra la propiedad intelectual/industrial;2010;15
CIUDAD AUTÓNOMA DE MELILLA;5.8.-Blanqueo de capitales;2023;0
CIUDAD AUTÓNOMA DE MELILLA;5.8.-Blanqueo de capitales;2022;1
CIUDAD AUTÓNOMA DE MELILLA;5.8.-Blanqueo de capitales;2021;1
CIUDAD AUTÓNOMA DE MELILLA;5.8.-Blanqueo de capitales;2020;0
CIUDAD AUTÓNOMA DE MELILLA;5.8.-Blanqueo de capitales;2019;5
CIUDAD AUTÓNOMA DE MELILLA;5.8.-Blanqueo de capitales;2018;0
CIUDAD AUTÓNOMA DE MELILLA;5.8.-Blanqueo de capitales;2017;1
CIUDAD AUTÓNOMA DE MELILLA;5.8.-Blanqueo de capitales;2016;1
CIUDAD AUTÓNOMA DE MELILLA;5.8.-Blanqueo de capitales;2015;1
CIUDAD AUTÓNOMA DE MELILLA;5.8.-Blanqueo de capitales;2014;1
CIUDAD AUTÓNOMA DE MELILLA;5.8.-Blanqueo de capitales;2013;2
CIUDAD AUTÓNOMA DE MELILLA;5.8.-Blanqueo de capitales;2012;1
CIUDAD AUTÓNOMA DE MELILLA;5.8.-Blanqueo de capitales;2011;3
CIUDAD AUTÓNOMA DE MELILLA;5.8.-Blanqueo de capitales;2010;0
CIUDAD AUTÓNOMA DE MELILLA;5.9.-Otros contra el patrimonio;2023;47
CIUDAD AUTÓNOMA DE MELILLA;5.9.-Otros contra el patrimonio;2022;48
CIUDAD AUTÓNOMA DE MELILLA;5.9.-Otros contra el patrimonio;2021;38
CIUDAD AUTÓNOMA DE MELILLA;5.9.-Otros contra el patrimonio;2020;49
CIUDAD AUTÓNOMA DE MELILLA;5.9.-Otros contra el patrimonio;2019;55
CIUDAD AUTÓNOMA DE MELILLA;5.9.-Otros contra el patrimonio;2018;37
CIUDAD AUTÓNOMA DE MELILLA;5.9.-Otros contra el patrimonio;2017;43
CIUDAD AUTÓNOMA DE MELILLA;5.9.-Otros contra el patrimonio;2016;52
CIUDAD AUTÓNOMA DE MELILLA;5.9.-Otros contra el patrimonio;2015;21
CIUDAD AUTÓNOMA DE MELILLA;5.9.-Otros contra el patrimonio;2014;35
CIUDAD AUTÓNOMA DE MELILLA;5.9.-Otros contra el patrimonio;2013;22
CIUDAD AUTÓNOMA DE MELILLA;5.9.-Otros contra el patrimonio;2012;29
CIUDAD AUTÓNOMA DE MELILLA;5.9.-Otros contra el patrimonio;2011;39
CIUDAD AUTÓNOMA DE MELILLA;5.9.-Otros contra el patrimonio;2010;24
CIUDAD AUTÓNOMA DE MELILLA;6. SEGURIDAD COLECTIVA;2023;317
CIUDAD AUTÓNOMA DE MELILLA;6. SEGURIDAD COLECTIVA;2022;296
CIUDAD AUTÓNOMA DE MELILLA;6. SEGURIDAD COLECTIVA;2021;312
CIUDAD AUTÓNOMA DE MELILLA;6. SEGURIDAD COLECTIVA;2020;310
CIUDAD AUTÓNOMA DE MELILLA;6. SEGURIDAD COLECTIVA;2019;338
CIUDAD AUTÓNOMA DE MELILLA;6. SEGURIDAD COLECTIVA;2018;306
CIUDAD AUTÓNOMA DE MELILLA;6. SEGURIDAD COLECTIVA;2017;202
CIUDAD AUTÓNOMA DE MELILLA;6. SEGURIDAD COLECTIVA;2016;216
CIUDAD AUTÓNOMA DE MELILLA;6. SEGURIDAD COLECTIVA;2015;270
CIUDAD AUTÓNOMA DE MELILLA;6. SEGURIDAD COLECTIVA;2014;293
CIUDAD AUTÓNOMA DE MELILLA;6. SEGURIDAD COLECTIVA;2013;373
CIUDAD AUTÓNOMA DE MELILLA;6. SEGURIDAD COLECTIVA;2012;313
CIUDAD AUTÓNOMA DE MELILLA;6. SEGURIDAD COLECTIVA;2011;341
CIUDAD AUTÓNOMA DE MELILLA;6. SEGURIDAD COLECTIVA;2010;309
CIUDAD AUTÓNOMA DE MELILLA;6.1.-Tráfico de drogas;2023;59
CIUDAD AUTÓNOMA DE MELILLA;6.1.-Tráfico de drogas;2022;64
CIUDAD AUTÓNOMA DE MELILLA;6.1.-Tráfico de drogas;2021;151
CIUDAD AUTÓNOMA DE MELILLA;6.1.-Tráfico de drogas;2020;125
CIUDAD AUTÓNOMA DE MELILLA;6.1.-Tráfico de drogas;2019;70
CIUDAD AUTÓNOMA DE MELILLA;6.1.-Tráfico de drogas;2018;43
CIUDAD AUTÓNOMA DE MELILLA;6.1.-Tráfico de drogas;2017;60
CIUDAD AUTÓNOMA DE MELILLA;6.1.-Tráfico de drogas;2016;80
CIUDAD AUTÓNOMA DE MELILLA;6.1.-Tráfico de drogas;2015;110
CIUDAD AUTÓNOMA DE MELILLA;6.1.-Tráfico de drogas;2014;151
CIUDAD AUTÓNOMA DE MELILLA;6.1.-Tráfico de drogas;2013;203
CIUDAD AUTÓNOMA DE MELILLA;6.1.-Tráfico de drogas;2012;169
CIUDAD AUTÓNOMA DE MELILLA;6.1.-Tráfico de drogas;2011;194
CIUDAD AUTÓNOMA DE MELILLA;6.1.-Tráfico de drogas;2010;165
CIUDAD AUTÓNOMA DE MELILLA;6.2.-Contra la seguridad vial;2023;253
CIUDAD AUTÓNOMA DE MELILLA;6.2.-Contra la seguridad vial;2022;230
CIUDAD AUTÓNOMA DE MELILLA;6.2.-Contra la seguridad vial;2021;155
CIUDAD AUTÓNOMA DE MELILLA;6.2.-Contra la seguridad vial;2020;180
CIUDAD AUTÓNOMA DE MELILLA;6.2.-Contra la seguridad vial;2019;251
CIUDAD AUTÓNOMA DE MELILLA;6.2.-Contra la seguridad vial;2018;230
CIUDAD AUTÓNOMA DE MELILLA;6.2.-Contra la seguridad vial;2017;113
CIUDAD AUTÓNOMA DE MELILLA;6.2.-Contra la seguridad vial;2016;100
CIUDAD AUTÓNOMA DE MELILLA;6.2.-Contra la seguridad vial;2015;124
CIUDAD AUTÓNOMA DE MELILLA;6.2.-Contra la seguridad vial;2014;133
CIUDAD AUTÓNOMA DE MELILLA;6.2.-Contra la seguridad vial;2013;156
CIUDAD AUTÓNOMA DE MELILLA;6.2.-Contra la seguridad vial;2012;132
CIUDAD AUTÓNOMA DE MELILLA;6.2.-Contra la seguridad vial;2011;136
CIUDAD AUTÓNOMA DE MELILLA;6.2.-Contra la seguridad vial;2010;137
CIUDAD AUTÓNOMA DE MELILLA;6.3.-Otros contra la seguridad colectiva;2023;5
CIUDAD AUTÓNOMA DE MELILLA;6.3.-Otros contra la seguridad colectiva;2022;2
CIUDAD AUTÓNOMA DE MELILLA;6.3.-Otros contra la seguridad colectiva;2021;6
CIUDAD AUTÓNOMA DE MELILLA;6.3.-Otros contra la seguridad colectiva;2020;5
CIUDAD AUTÓNOMA DE MELILLA;6.3.-Otros contra la seguridad colectiva;2019;17
CIUDAD AUTÓNOMA DE MELILLA;6.3.-Otros contra la seguridad colectiva;2018;33
CIUDAD AUTÓNOMA DE MELILLA;6.3.-Otros contra la seguridad colectiva;2017;29
CIUDAD AUTÓNOMA DE MELILLA;6.3.-Otros contra la seguridad colectiva;2016;36
CIUDAD AUTÓNOMA DE MELILLA;6.3.-Otros contra la seguridad colectiva;2015;36
CIUDAD AUTÓNOMA DE MELILLA;6.3.-Otros contra la seguridad colectiva;2014;9
CIUDAD AUTÓNOMA DE MELILLA;6.3.-Otros contra la seguridad colectiva;2013;14
CIUDAD AUTÓNOMA DE MELILLA;6.3.-Otros contra la seguridad colectiva;2012;12
CIUDAD AUTÓNOMA DE MELILLA;6.3.-Otros contra la seguridad colectiva;2011;11
CIUDAD AUTÓNOMA DE MELILLA;6.3.-Otros contra la seguridad colectiva;2010;7
CIUDAD AUTÓNOMA DE MELILLA;7. FALSEDADES;2023;44
CIUDAD AUTÓNOMA DE MELILLA;7. FALSEDADES;2022;38
CIUDAD AUTÓNOMA DE MELILLA;7. FALSEDADES;2021;36
CIUDAD AUTÓNOMA DE MELILLA;7. FALSEDADES;2020;84
CIUDAD AUTÓNOMA DE MELILLA;7. FALSEDADES;2019;284
CIUDAD AUTÓNOMA DE MELILLA;7. FALSEDADES;2018;188
CIUDAD AUTÓNOMA DE MELILLA;7. FALSEDADES;2017;34
CIUDAD AUTÓNOMA DE MELILLA;7. FALSEDADES;2016;49
CIUDAD AUTÓNOMA DE MELILLA;7. FALSEDADES;2015;84
CIUDAD AUTÓNOMA DE MELILLA;7. FALSEDADES;2014;64
CIUDAD AUTÓNOMA DE MELILLA;7. FALSEDADES;2013;138
CIUDAD AUTÓNOMA DE MELILLA;7. FALSEDADES;2012;233
CIUDAD AUTÓNOMA DE MELILLA;7. FALSEDADES;2011;245
CIUDAD AUTÓNOMA DE MELILLA;7. FALSEDADES;2010;37
CIUDAD AUTÓNOMA DE MELILLA;8. ADMÓN. PÚBLICA;2023;4
CIUDAD AUTÓNOMA DE MELILLA;8. ADMÓN. PÚBLICA;2022;1
CIUDAD AUTÓNOMA DE MELILLA;8. ADMÓN. PÚBLICA;2021;0
CIUDAD AUTÓNOMA DE MELILLA;8. ADMÓN. PÚBLICA;2020;0
CIUDAD AUTÓNOMA DE MELILLA;8. ADMÓN. PÚBLICA;2019;1
CIUDAD AUTÓNOMA DE MELILLA;8. ADMÓN. PÚBLICA;2018;0
CIUDAD AUTÓNOMA DE MELILLA;8. ADMÓN. PÚBLICA;2017;2
CIUDAD AUTÓNOMA DE MELILLA;8. ADMÓN. PÚBLICA;2016;3
CIUDAD AUTÓNOMA DE MELILLA;8. ADMÓN. PÚBLICA;2015;12
CIUDAD AUTÓNOMA DE MELILLA;8. ADMÓN. PÚBLICA;2014;3
CIUDAD AUTÓNOMA DE MELILLA;8. ADMÓN. PÚBLICA;2013;6
CIUDAD AUTÓNOMA DE MELILLA;8. ADMÓN. PÚBLICA;2012;3
CIUDAD AUTÓNOMA DE MELILLA;8. ADMÓN. PÚBLICA;2011;2
CIUDAD AUTÓNOMA DE MELILLA;8. ADMÓN. PÚBLICA;2010;1
CIUDAD AUTÓNOMA DE MELILLA;9. ADMÓN. JUSTICIA;2023;134
CIUDAD AUTÓNOMA DE MELILLA;9. ADMÓN. JUSTICIA;2022;99
CIUDAD AUTÓNOMA DE MELILLA;9. ADMÓN. JUSTICIA;2021;78
CIUDAD AUTÓNOMA DE MELILLA;9. ADMÓN. JUSTICIA;2020;94
CIUDAD AUTÓNOMA DE MELILLA;9. ADMÓN. JUSTICIA;2019;95
CIUDAD AUTÓNOMA DE MELILLA;9. ADMÓN. JUSTICIA;2018;78
CIUDAD AUTÓNOMA DE MELILLA;9. ADMÓN. JUSTICIA;2017;65
CIUDAD AUTÓNOMA DE MELILLA;9. ADMÓN. JUSTICIA;2016;76
CIUDAD AUTÓNOMA DE MELILLA;9. ADMÓN. JUSTICIA;2015;77
CIUDAD AUTÓNOMA DE MELILLA;9. ADMÓN. JUSTICIA;2014;73
CIUDAD AUTÓNOMA DE MELILLA;9. ADMÓN. JUSTICIA;2013;40
CIUDAD AUTÓNOMA DE MELILLA;9. ADMÓN. JUSTICIA;2012;69
CIUDAD AUTÓNOMA DE MELILLA;9. ADMÓN. JUSTICIA;2011;65
CIUDAD AUTÓNOMA DE MELILLA;9. ADMÓN. JUSTICIA;2010;72
CIUDAD AUTÓNOMA DE MELILLA;10. ORDEN PÚBLICO;2023;100
CIUDAD AUTÓNOMA DE MELILLA;10. ORDEN PÚBLICO;2022;103
CIUDAD AUTÓNOMA DE MELILLA;10. ORDEN PÚBLICO;2021;129
CIUDAD AUTÓNOMA DE MELILLA;10. ORDEN PÚBLICO;2020;169
CIUDAD AUTÓNOMA DE MELILLA;10. ORDEN PÚBLICO;2019;134
CIUDAD AUTÓNOMA DE MELILLA;10. ORDEN PÚBLICO;2018;154
CIUDAD AUTÓNOMA DE MELILLA;10. ORDEN PÚBLICO;2017;157
CIUDAD AUTÓNOMA DE MELILLA;10. ORDEN PÚBLICO;2016;126
CIUDAD AUTÓNOMA DE MELILLA;10. ORDEN PÚBLICO;2015;126
CIUDAD AUTÓNOMA DE MELILLA;10. ORDEN PÚBLICO;2014;189
CIUDAD AUTÓNOMA DE MELILLA;10. ORDEN PÚBLICO;2013;125
CIUDAD AUTÓNOMA DE MELILLA;10. ORDEN PÚBLICO;2012;143
CIUDAD AUTÓNOMA DE MELILLA;10. ORDEN PÚBLICO;2011;175
CIUDAD AUTÓNOMA DE MELILLA;10. ORDEN PÚBLICO;2010;169
CIUDAD AUTÓNOMA DE MELILLA;11. LEGISLACIÓN ESPECIAL;2023;4
CIUDAD AUTÓNOMA DE MELILLA;11. LEGISLACIÓN ESPECIAL;2022;0
CIUDAD AUTÓNOMA DE MELILLA;11. LEGISLACIÓN ESPECIAL;2021;2
CIUDAD AUTÓNOMA DE MELILLA;11. LEGISLACIÓN ESPECIAL;2020;0
CIUDAD AUTÓNOMA DE MELILLA;11. LEGISLACIÓN ESPECIAL;2019;8
CIUDAD AUTÓNOMA DE MELILLA;11. LEGISLACIÓN ESPECIAL;2018;1
CIUDAD AUTÓNOMA DE MELILLA;11. LEGISLACIÓN ESPECIAL;2017;0
CIUDAD AUTÓNOMA DE MELILLA;11. LEGISLACIÓN ESPECIAL;2016;0
CIUDAD AUTÓNOMA DE MELILLA;11. LEGISLACIÓN ESPECIAL;2015;0
CIUDAD AUTÓNOMA DE MELILLA;11. LEGISLACIÓN ESPECIAL;2014;3
CIUDAD AUTÓNOMA DE MELILLA;11. LEGISLACIÓN ESPECIAL;2013;1
CIUDAD AUTÓNOMA DE MELILLA;11. LEGISLACIÓN ESPECIAL;2012;0
CIUDAD AUTÓNOMA DE MELILLA;11. LEGISLACIÓN ESPECIAL;2011;3
CIUDAD AUTÓNOMA DE MELILLA;11. LEGISLACIÓN ESPECIAL;2010;0
CIUDAD AUTÓNOMA DE MELILLA;12. OTRAS INFRACCIONES PENALES;2023;41
CIUDAD AUTÓNOMA DE MELILLA;12. OTRAS INFRACCIONES PENALES;2022;52
CIUDAD AUTÓNOMA DE MELILLA;12. OTRAS INFRACCIONES PENALES;2021;38
CIUDAD AUTÓNOMA DE MELILLA;12. OTRAS INFRACCIONES PENALES;2020;37
CIUDAD AUTÓNOMA DE MELILLA;12. OTRAS INFRACCIONES PENALES;2019;127
CIUDAD AUTÓNOMA DE MELILLA;12. OTRAS INFRACCIONES PENALES;2018;123
CIUDAD AUTÓNOMA DE MELILLA;12. OTRAS INFRACCIONES PENALES;2017;110
CIUDAD AUTÓNOMA DE MELILLA;12. OTRAS INFRACCIONES PENALES;2016;111
CIUDAD AUTÓNOMA DE MELILLA;12. OTRAS INFRACCIONES PENALES;2015;121
CIUDAD AUTÓNOMA DE MELILLA;12. OTRAS INFRACCIONES PENALES;2014;108
CIUDAD AUTÓNOMA DE MELILLA;12. OTRAS INFRACCIONES PENALES;2013;123
CIUDAD AUTÓNOMA DE MELILLA;12. OTRAS INFRACCIONES PENALES;2012;68
CIUDAD AUTÓNOMA DE MELILLA;12. OTRAS INFRACCIONES PENALES;2011;65
CIUDAD AUTÓNOMA DE MELILLA;12. OTRAS INFRACCIONES PENALES;2010;50
CIUDAD AUTÓNOMA DE MELILLA;TOTAL INFRACCIONES PENALES;2023;2.743
CIUDAD AUTÓNOMA DE MELILLA;TOTAL INFRACCIONES PENALES;2022;2.578
CIUDAD AUTÓNOMA DE MELILLA;TOTAL INFRACCIONES PENALES;2021;2.492
CIUDAD AUTÓNOMA DE MELILLA;TOTAL INFRACCIONES PENALES;2020;2.784
CIUDAD AUTÓNOMA DE MELILLA;TOTAL INFRACCIONES PENALES;2019;3.318
CIUDAD AUTÓNOMA DE MELILLA;TOTAL INFRACCIONES PENALES;2018;3.081
CIUDAD AUTÓNOMA DE MELILLA;TOTAL INFRACCIONES PENALES;2017;2.746
CIUDAD AUTÓNOMA DE MELILLA;TOTAL INFRACCIONES PENALES;2016;2.683
CIUDAD AUTÓNOMA DE MELILLA;TOTAL INFRACCIONES PENALES;2015;2.663
CIUDAD AUTÓNOMA DE MELILLA;TOTAL INFRACCIONES PENALES;2014;2.570
CIUDAD AUTÓNOMA DE MELILLA;TOTAL INFRACCIONES PENALES;2013;2.658
CIUDAD AUTÓNOMA DE MELILLA;TOTAL INFRACCIONES PENALES;2012;2.615
CIUDAD AUTÓNOMA DE MELILLA;TOTAL INFRACCIONES PENALES;2011;2.808
CIUDAD AUTÓNOMA DE MELILLA;TOTAL INFRACCIONES PENALES;2010;2.487
EN EL EXTRANJERO;1. CONTRA LAS PERSONAS;2023;165
EN EL EXTRANJERO;1. CONTRA LAS PERSONAS;2022;152
EN EL EXTRANJERO;1. CONTRA LAS PERSONAS;2021;96
EN EL EXTRANJERO;1. CONTRA LAS PERSONAS;2020;96
EN EL EXTRANJERO;1. CONTRA LAS PERSONAS;2019;156
EN EL EXTRANJERO;1. CONTRA LAS PERSONAS;2018;127
EN EL EXTRANJERO;1. CONTRA LAS PERSONAS;2017;119
EN EL EXTRANJERO;1. CONTRA LAS PERSONAS;2016;114
EN EL EXTRANJERO;1. CONTRA LAS PERSONAS;2015;162
EN EL EXTRANJERO;1. CONTRA LAS PERSONAS;2014;153
EN EL EXTRANJERO;1. CONTRA LAS PERSONAS;2013;122
EN EL EXTRANJERO;1. CONTRA LAS PERSONAS;2012;144
EN EL EXTRANJERO;1. CONTRA LAS PERSONAS;2011;113
EN EL EXTRANJERO;1. CONTRA LAS PERSONAS;2010;100
EN EL EXTRANJERO;1.1.-Homicidios dolosos/asesinatos;2023;1
EN EL EXTRANJERO;1.1.-Homicidios dolosos/asesinatos;2022;1
EN EL EXTRANJERO;1.1.-Homicidios dolosos/asesinatos;2021;0
EN EL EXTRANJERO;1.1.-Homicidios dolosos/asesinatos;2020;0
EN EL EXTRANJERO;1.1.-Homicidios dolosos/asesinatos;2019;2
EN EL EXTRANJERO;1.1.-Homicidios dolosos/asesinatos;2018;1
EN EL EXTRANJERO;1.1.-Homicidios dolosos/asesinatos;2017;1
EN EL EXTRANJERO;1.1.-Homicidios dolosos/asesinatos;2016;0
EN EL EXTRANJERO;1.1.-Homicidios dolosos/asesinatos;2015;1
EN EL EXTRANJERO;1.1.-Homicidios dolosos/asesinatos;2014;0
EN EL EXTRANJERO;1.1.-Homicidios dolosos/asesinatos;2013;1
EN EL EXTRANJERO;1.1.-Homicidios dolosos/asesinatos;2012;2
EN EL EXTRANJERO;1.1.-Homicidios dolosos/asesinatos;2011;1
EN EL EXTRANJERO;1.1.-Homicidios dolosos/asesinatos;2010;1
EN EL EXTRANJERO;1.1.1.-Homicidios dolosos/asesinatos consumados;2023;1
EN EL EXTRANJERO;1.1.1.-Homicidios dolosos/asesinatos consumados;2022;1
EN EL EXTRANJERO;1.1.1.-Homicidios dolosos/asesinatos consumados;2021;0
EN EL EXTRANJERO;1.1.1.-Homicidios dolosos/asesinatos consumados;2020;0
EN EL EXTRANJERO;1.1.1.-Homicidios dolosos/asesinatos consumados;2019;1
EN EL EXTRANJERO;1.1.1.-Homicidios dolosos/asesinatos consumados;2018;1
EN EL EXTRANJERO;1.1.1.-Homicidios dolosos/asesinatos consumados;2017;1
EN EL EXTRANJERO;1.1.1.-Homicidios dolosos/asesinatos consumados;2016;0
EN EL EXTRANJERO;1.1.1.-Homicidios dolosos/asesinatos consumados;2015;1
EN EL EXTRANJERO;1.1.1.-Homicidios dolosos/asesinatos consumados;2014;0
EN EL EXTRANJERO;1.1.1.-Homicidios dolosos/asesinatos consumados;2013;1
EN EL EXTRANJERO;1.1.1.-Homicidios dolosos/asesinatos consumados;2012;2
EN EL EXTRANJERO;1.1.1.-Homicidios dolosos/asesinatos consumados;2011;0
EN EL EXTRANJERO;1.1.1.-Homicidios dolosos/asesinatos consumados;2010;1
EN EL EXTRANJERO;1.2.-Lesiones;2023;7
EN EL EXTRANJERO;1.2.-Lesiones;2022;14
EN EL EXTRANJERO;1.2.-Lesiones;2021;7
EN EL EXTRANJERO;1.2.-Lesiones;2020;12
EN EL EXTRANJERO;1.2.-Lesiones;2019;16
EN EL EXTRANJERO;1.2.-Lesiones;2018;8
EN EL EXTRANJERO;1.2.-Lesiones;2017;12
EN EL EXTRANJERO;1.2.-Lesiones;2016;8
EN EL EXTRANJERO;1.2.-Lesiones;2015;10
EN EL EXTRANJERO;1.2.-Lesiones;2014;15
EN EL EXTRANJERO;1.2.-Lesiones;2013;14
EN EL EXTRANJERO;1.2.-Lesiones;2012;26
EN EL EXTRANJERO;1.2.-Lesiones;2011;5
EN EL EXTRANJERO;1.2.-Lesiones;2010;8
EN EL EXTRANJERO;1.3.-Malos tratos ámbito familiar;2023;156
EN EL EXTRANJERO;1.3.-Malos tratos ámbito familiar;2022;136
EN EL EXTRANJERO;1.3.-Malos tratos ámbito familiar;2021;88
EN EL EXTRANJERO;1.3.-Malos tratos ámbito familiar;2020;84
EN EL EXTRANJERO;1.3.-Malos tratos ámbito familiar;2019;138
EN EL EXTRANJERO;1.3.-Malos tratos ámbito familiar;2018;117
EN EL EXTRANJERO;1.3.-Malos tratos ámbito familiar;2017;106
EN EL EXTRANJERO;1.3.-Malos tratos ámbito familiar;2016;105
EN EL EXTRANJERO;1.3.-Malos tratos ámbito familiar;2015;106
EN EL EXTRANJERO;1.3.-Malos tratos ámbito familiar;2014;72
EN EL EXTRANJERO;1.3.-Malos tratos ámbito familiar;2013;57
EN EL EXTRANJERO;1.3.-Malos tratos ámbito familiar;2012;62
EN EL EXTRANJERO;1.3.-Malos tratos ámbito familiar;2011;67
EN EL EXTRANJERO;1.3.-Malos tratos ámbito familiar;2010;49
EN EL EXTRANJERO;1.4.-Otros contra las personas;2023;1
EN EL EXTRANJERO;1.4.-Otros contra las personas;2022;1
EN EL EXTRANJERO;1.4.-Otros contra las personas;2021;1
EN EL EXTRANJERO;1.4.-Otros contra las personas;2020;0
EN EL EXTRANJERO;1.4.-Otros contra las personas;2019;0
EN EL EXTRANJERO;1.4.-Otros contra las personas;2018;1
EN EL EXTRANJERO;1.4.-Otros contra las personas;2017;0
EN EL EXTRANJERO;1.4.-Otros contra las personas;2016;1
EN EL EXTRANJERO;1.4.-Otros contra las personas;2015;45
EN EL EXTRANJERO;1.4.-Otros contra las personas;2014;66
EN EL EXTRANJERO;1.4.-Otros contra las personas;2013;50
EN EL EXTRANJERO;1.4.-Otros contra las personas;2012;54
EN EL EXTRANJERO;1.4.-Otros contra las personas;2011;40
EN EL EXTRANJERO;1.4.-Otros contra las personas;2010;42
EN EL EXTRANJERO;2. CONTRA LA LIBERTAD;2023;74
EN EL EXTRANJERO;2. CONTRA LA LIBERTAD;2022;75
EN EL EXTRANJERO;2. CONTRA LA LIBERTAD;2021;80
EN EL EXTRANJERO;2. CONTRA LA LIBERTAD;2020;85
EN EL EXTRANJERO;2. CONTRA LA LIBERTAD;2019;94
EN EL EXTRANJERO;2. CONTRA LA LIBERTAD;2018;81
EN EL EXTRANJERO;2. CONTRA LA LIBERTAD;2017;88
EN EL EXTRANJERO;2. CONTRA LA LIBERTAD;2016;104
EN EL EXTRANJERO;2. CONTRA LA LIBERTAD;2015;53
EN EL EXTRANJERO;2. CONTRA LA LIBERTAD;2014;44
EN EL EXTRANJERO;2. CONTRA LA LIBERTAD;2013;38
EN EL EXTRANJERO;2. CONTRA LA LIBERTAD;2012;41
EN EL EXTRANJERO;2. CONTRA LA LIBERTAD;2011;45
EN EL EXTRANJERO;2. CONTRA LA LIBERTAD;2010;36
EN EL EXTRANJERO;2.1.-Malos tratos habituales en el ámbito familiar;2023;14
EN EL EXTRANJERO;2.1.-Malos tratos habituales en el ámbito familiar;2022;19
EN EL EXTRANJERO;2.1.-Malos tratos habituales en el ámbito familiar;2021;13
EN EL EXTRANJERO;2.1.-Malos tratos habituales en el ámbito familiar;2020;16
EN EL EXTRANJERO;2.1.-Malos tratos habituales en el ámbito familiar;2019;10
EN EL EXTRANJERO;2.1.-Malos tratos habituales en el ámbito familiar;2018;10
EN EL EXTRANJERO;2.1.-Malos tratos habituales en el ámbito familiar;2017;12
EN EL EXTRANJERO;2.1.-Malos tratos habituales en el ámbito familiar;2016;16
EN EL EXTRANJERO;2.1.-Malos tratos habituales en el ámbito familiar;2015;8
EN EL EXTRANJERO;2.1.-Malos tratos habituales en el ámbito familiar;2014;7
EN EL EXTRANJERO;2.1.-Malos tratos habituales en el ámbito familiar;2013;7
EN EL EXTRANJERO;2.1.-Malos tratos habituales en el ámbito familiar;2012;17
EN EL EXTRANJERO;2.1.-Malos tratos habituales en el ámbito familiar;2011;17
EN EL EXTRANJERO;2.1.-Malos tratos habituales en el ámbito familiar;2010;17
EN EL EXTRANJERO;2.2.-Otros contra la libertad;2023;60
EN EL EXTRANJERO;2.2.-Otros contra la libertad;2022;56
EN EL EXTRANJERO;2.2.-Otros contra la libertad;2021;67
EN EL EXTRANJERO;2.2.-Otros contra la libertad;2020;69
EN EL EXTRANJERO;2.2.-Otros contra la libertad;2019;84
EN EL EXTRANJERO;2.2.-Otros contra la libertad;2018;71
EN EL EXTRANJERO;2.2.-Otros contra la libertad;2017;76
EN EL EXTRANJERO;2.2.-Otros contra la libertad;2016;88
EN EL EXTRANJERO;2.2.-Otros contra la libertad;2015;45
EN EL EXTRANJERO;2.2.-Otros contra la libertad;2014;37
EN EL EXTRANJERO;2.2.-Otros contra la libertad;2013;31
EN EL EXTRANJERO;2.2.-Otros contra la libertad;2012;24
EN EL EXTRANJERO;2.2.-Otros contra la libertad;2011;28
EN EL EXTRANJERO;2.2.-Otros contra la libertad;2010;19
EN EL EXTRANJERO;3. LIBERTAD SEXUAL;2023;47
EN EL EXTRANJERO;3. LIBERTAD SEXUAL;2022;43
EN EL EXTRANJERO;3. LIBERTAD SEXUAL;2021;31
EN EL EXTRANJERO;3. LIBERTAD SEXUAL;2020;21
EN EL EXTRANJERO;3. LIBERTAD SEXUAL;2019;48
EN EL EXTRANJERO;3. LIBERTAD SEXUAL;2018;25
EN EL EXTRANJERO;3. LIBERTAD SEXUAL;2017;27
EN EL EXTRANJERO;3. LIBERTAD SEXUAL;2016;14
EN EL EXTRANJERO;3. LIBERTAD SEXUAL;2015;9
EN EL EXTRANJERO;3. LIBERTAD SEXUAL;2014;15
EN EL EXTRANJERO;3. LIBERTAD SEXUAL;2013;6
EN EL EXTRANJERO;3. LIBERTAD SEXUAL;2012;14
EN EL EXTRANJERO;3. LIBERTAD SEXUAL;2011;20
EN EL EXTRANJERO;3. LIBERTAD SEXUAL;2010;10
EN EL EXTRANJERO;3.1.-Agresión sexual;2023;24
EN EL EXTRANJERO;3.1.-Agresión sexual;2022;30
EN EL EXTRANJERO;3.1.-Agresión sexual;2021;22
EN EL EXTRANJERO;3.1.-Agresión sexual;2020;11
EN EL EXTRANJERO;3.1.-Agresión sexual;2019;19
EN EL EXTRANJERO;3.1.-Agresión sexual;2018;13
EN EL EXTRANJERO;3.1.-Agresión sexual;2017;14
EN EL EXTRANJERO;3.1.-Agresión sexual;2016;9
EN EL EXTRANJERO;3.1.-Agresión sexual;2015;5
EN EL EXTRANJERO;3.1.-Agresión sexual;2014;5
EN EL EXTRANJERO;3.1.-Agresión sexual;2013;2
EN EL EXTRANJERO;3.1.-Agresión sexual;2012;9
EN EL EXTRANJERO;3.1.-Agresión sexual;2011;6
EN EL EXTRANJERO;3.1.-Agresión sexual;2010;5
EN EL EXTRANJERO;3.2.-Agresión sexual con penetración;2023;21
EN EL EXTRANJERO;3.2.-Agresión sexual con penetración;2022;11
EN EL EXTRANJERO;3.2.-Agresión sexual con penetración;2021;8
EN EL EXTRANJERO;3.2.-Agresión sexual con penetración;2020;7
EN EL EXTRANJERO;3.2.-Agresión sexual con penetración;2019;18
EN EL EXTRANJERO;3.2.-Agresión sexual con penetración;2018;7
EN EL EXTRANJERO;3.2.-Agresión sexual con penetración;2017;11
EN EL EXTRANJERO;3.2.-Agresión sexual con penetración;2016;3
EN EL EXTRANJERO;3.2.-Agresión sexual con penetración;2015;2
EN EL EXTRANJERO;3.2.-Agresión sexual con penetración;2014;4
EN EL EXTRANJERO;3.2.-Agresión sexual con penetración;2013;3
EN EL EXTRANJERO;3.2.-Agresión sexual con penetración;2012;2
EN EL EXTRANJERO;3.2.-Agresión sexual con penetración;2011;8
EN EL EXTRANJERO;3.2.-Agresión sexual con penetración;2010;3
EN EL EXTRANJERO;3.3.-Corrupción de menores o incapacitados;2023;0
EN EL EXTRANJERO;3.3.-Corrupción de menores o incapacitados;2022;0
EN EL EXTRANJERO;3.3.-Corrupción de menores o incapacitados;2021;1
EN EL EXTRANJERO;3.3.-Corrupción de menores o incapacitados;2020;0
EN EL EXTRANJERO;3.3.-Corrupción de menores o incapacitados;2019;0
EN EL EXTRANJERO;3.3.-Corrupción de menores o incapacitados;2018;0
EN EL EXTRANJERO;3.3.-Corrupción de menores o incapacitados;2017;0
EN EL EXTRANJERO;3.3.-Corrupción de menores o incapacitados;2016;0
EN EL EXTRANJERO;3.3.-Corrupción de menores o incapacitados;2015;0
EN EL EXTRANJERO;3.3.-Corrupción de menores o incapacitados;2014;3
EN EL EXTRANJERO;3.3.-Corrupción de menores o incapacitados;2013;0
EN EL EXTRANJERO;3.3.-Corrupción de menores o incapacitados;2012;1
EN EL EXTRANJERO;3.3.-Corrupción de menores o incapacitados;2011;1
EN EL EXTRANJERO;3.3.-Corrupción de menores o incapacitados;2010;0
EN EL EXTRANJERO;3.4.-Pornografía de menores;2023;1
EN EL EXTRANJERO;3.4.-Pornografía de menores;2022;1
EN EL EXTRANJERO;3.4.-Pornografía de menores;2021;0
EN EL EXTRANJERO;3.4.-Pornografía de menores;2020;1
EN EL EXTRANJERO;3.4.-Pornografía de menores;2019;8
EN EL EXTRANJERO;3.4.-Pornografía de menores;2018;4
EN EL EXTRANJERO;3.4.-Pornografía de menores;2017;1
EN EL EXTRANJERO;3.4.-Pornografía de menores;2016;1
EN EL EXTRANJERO;3.4.-Pornografía de menores;2015;1
EN EL EXTRANJERO;3.4.-Pornografía de menores;2014;2
EN EL EXTRANJERO;3.4.-Pornografía de menores;2013;0
EN EL EXTRANJERO;3.4.-Pornografía de menores;2012;1
EN EL EXTRANJERO;3.4.-Pornografía de menores;2011;5
EN EL EXTRANJERO;3.4.-Pornografía de menores;2010;1
EN EL EXTRANJERO;3.5.-Otros contra la libertad sexual;2023;1
EN EL EXTRANJERO;3.5.-Otros contra la libertad sexual;2022;1
EN EL EXTRANJERO;3.5.-Otros contra la libertad sexual;2021;0
EN EL EXTRANJERO;3.5.-Otros contra la libertad sexual;2020;2
EN EL EXTRANJERO;3.5.-Otros contra la libertad sexual;2019;3
EN EL EXTRANJERO;3.5.-Otros contra la libertad sexual;2018;1
EN EL EXTRANJERO;3.5.-Otros contra la libertad sexual;2017;1
EN EL EXTRANJERO;3.5.-Otros contra la libertad sexual;2016;1
EN EL EXTRANJERO;3.5.-Otros contra la libertad sexual;2015;1
EN EL EXTRANJERO;3.5.-Otros contra la libertad sexual;2014;1
EN EL EXTRANJERO;3.5.-Otros contra la libertad sexual;2013;1
EN EL EXTRANJERO;3.5.-Otros contra la libertad sexual;2012;1
EN EL EXTRANJERO;3.5.-Otros contra la libertad sexual;2011;0
EN EL EXTRANJERO;3.5.-Otros contra la libertad sexual;2010;1
EN EL EXTRANJERO;4. RELACIONES FAMILIARES;2023;49
EN EL EXTRANJERO;4. RELACIONES FAMILIARES;2022;46
EN EL EXTRANJERO;4. RELACIONES FAMILIARES;2021;74
EN EL EXTRANJERO;4. RELACIONES FAMILIARES;2020;39
EN EL EXTRANJERO;4. RELACIONES FAMILIARES;2019;65
EN EL EXTRANJERO;4. RELACIONES FAMILIARES;2018;60
EN EL EXTRANJERO;4. RELACIONES FAMILIARES;2017;63
EN EL EXTRANJERO;4. RELACIONES FAMILIARES;2016;87
EN EL EXTRANJERO;4. RELACIONES FAMILIARES;2015;86
EN EL EXTRANJERO;4. RELACIONES FAMILIARES;2014;74
EN EL EXTRANJERO;4. RELACIONES FAMILIARES;2013;65
EN EL EXTRANJERO;4. RELACIONES FAMILIARES;2012;37
EN EL EXTRANJERO;4. RELACIONES FAMILIARES;2011;25
EN EL EXTRANJERO;4. RELACIONES FAMILIARES;2010;23
EN EL EXTRANJERO;5. PATRIMONIO;2023;645
EN EL EXTRANJERO;5. PATRIMONIO;2022;704
EN EL EXTRANJERO;5. PATRIMONIO;2021;393
EN EL EXTRANJERO;5. PATRIMONIO;2020;450
EN EL EXTRANJERO;5. PATRIMONIO;2019;607
EN EL EXTRANJERO;5. PATRIMONIO;2018;441
EN EL EXTRANJERO;5. PATRIMONIO;2017;599
EN EL EXTRANJERO;5. PATRIMONIO;2016;510
EN EL EXTRANJERO;5. PATRIMONIO;2015;545
EN EL EXTRANJERO;5. PATRIMONIO;2014;491
EN EL EXTRANJERO;5. PATRIMONIO;2013;617
EN EL EXTRANJERO;5. PATRIMONIO;2012;513
EN EL EXTRANJERO;5. PATRIMONIO;2011;554
EN EL EXTRANJERO;5. PATRIMONIO;2010;477
EN EL EXTRANJERO;5.1.-Hurtos;2023;13
EN EL EXTRANJERO;5.1.-Hurtos;2022;14
EN EL EXTRANJERO;5.1.-Hurtos;2021;8
EN EL EXTRANJERO;5.1.-Hurtos;2020;9
EN EL EXTRANJERO;5.1.-Hurtos;2019;11
EN EL EXTRANJERO;5.1.-Hurtos;2018;11
EN EL EXTRANJERO;5.1.-Hurtos;2017;19
EN EL EXTRANJERO;5.1.-Hurtos;2016;15
EN EL EXTRANJERO;5.1.-Hurtos;2015;10
EN EL EXTRANJERO;5.1.-Hurtos;2014;9
EN EL EXTRANJERO;5.1.-Hurtos;2013;17
EN EL EXTRANJERO;5.1.-Hurtos;2012;13
EN EL EXTRANJERO;5.1.-Hurtos;2011;18
EN EL EXTRANJERO;5.1.-Hurtos;2010;18
EN EL EXTRANJERO;5.2.-Robos con fuerza en las cosas;2023;2
EN EL EXTRANJERO;5.2.-Robos con fuerza en las cosas;2022;6
EN EL EXTRANJERO;5.2.-Robos con fuerza en las cosas;2021;4
EN EL EXTRANJERO;5.2.-Robos con fuerza en las cosas;2020;1
EN EL EXTRANJERO;5.2.-Robos con fuerza en las cosas;2019;2
EN EL EXTRANJERO;5.2.-Robos con fuerza en las cosas;2018;3
EN EL EXTRANJERO;5.2.-Robos con fuerza en las cosas;2017;9
EN EL EXTRANJERO;5.2.-Robos con fuerza en las cosas;2016;7
EN EL EXTRANJERO;5.2.-Robos con fuerza en las cosas;2015;5
EN EL EXTRANJERO;5.2.-Robos con fuerza en las cosas;2014;8
EN EL EXTRANJERO;5.2.-Robos con fuerza en las cosas;2013;5
EN EL EXTRANJERO;5.2.-Robos con fuerza en las cosas;2012;10
EN EL EXTRANJERO;5.2.-Robos con fuerza en las cosas;2011;7
EN EL EXTRANJERO;5.2.-Robos con fuerza en las cosas;2010;17
EN EL EXTRANJERO;5.2.1.-Robos con fuerza en las cosas en el interior de vehículos;2023;0
EN EL EXTRANJERO;5.2.1.-Robos con fuerza en las cosas en el interior de vehículos;2022;4
EN EL EXTRANJERO;5.2.1.-Robos con fuerza en las cosas en el interior de vehículos;2021;2
EN EL EXTRANJERO;5.2.1.-Robos con fuerza en las cosas en el interior de vehículos;2020;0
EN EL EXTRANJERO;5.2.1.-Robos con fuerza en las cosas en el interior de vehículos;2019;1
EN EL EXTRANJERO;5.2.1.-Robos con fuerza en las cosas en el interior de vehículos;2018;0
EN EL EXTRANJERO;5.2.1.-Robos con fuerza en las cosas en el interior de vehículos;2017;1
EN EL EXTRANJERO;5.2.1.-Robos con fuerza en las cosas en el interior de vehículos;2016;0
EN EL EXTRANJERO;5.2.1.-Robos con fuerza en las cosas en el interior de vehículos;2015;1
EN EL EXTRANJERO;5.2.1.-Robos con fuerza en las cosas en el interior de vehículos;2014;0
EN EL EXTRANJERO;5.2.1.-Robos con fuerza en las cosas en el interior de vehículos;2013;0
EN EL EXTRANJERO;5.2.1.-Robos con fuerza en las cosas en el interior de vehículos;2012;0
EN EL EXTRANJERO;5.2.1.-Robos con fuerza en las cosas en el interior de vehículos;2011;1
EN EL EXTRANJERO;5.2.1.-Robos con fuerza en las cosas en el interior de vehículos;2010;0
EN EL EXTRANJERO;5.2.2.-Robos con fuerza en viviendas;2023;0
EN EL EXTRANJERO;5.2.2.-Robos con fuerza en viviendas;2022;0
EN EL EXTRANJERO;5.2.2.-Robos con fuerza en viviendas;2021;0
EN EL EXTRANJERO;5.2.2.-Robos con fuerza en viviendas;2020;0
EN EL EXTRANJERO;5.2.2.-Robos con fuerza en viviendas;2019;1
EN EL EXTRANJERO;5.2.2.-Robos con fuerza en viviendas;2018;0
EN EL EXTRANJERO;5.2.2.-Robos con fuerza en viviendas;2017;1
EN EL EXTRANJERO;5.2.2.-Robos con fuerza en viviendas;2016;0
EN EL EXTRANJERO;5.2.2.-Robos con fuerza en viviendas;2015;0
EN EL EXTRANJERO;5.2.2.-Robos con fuerza en viviendas;2014;3
EN EL EXTRANJERO;5.2.2.-Robos con fuerza en viviendas;2013;2
EN EL EXTRANJERO;5.2.2.-Robos con fuerza en viviendas;2012;1
EN EL EXTRANJERO;5.2.2.-Robos con fuerza en viviendas;2011;0
EN EL EXTRANJERO;5.2.2.-Robos con fuerza en viviendas;2010;1
EN EL EXTRANJERO;5.2.3.-Robos con fuerza en establecimientos;2023;0
EN EL EXTRANJERO;5.2.3.-Robos con fuerza en establecimientos;2022;0
EN EL EXTRANJERO;5.2.3.-Robos con fuerza en establecimientos;2021;0
EN EL EXTRANJERO;5.2.3.-Robos con fuerza en establecimientos;2020;1
EN EL EXTRANJERO;5.2.3.-Robos con fuerza en establecimientos;2019;0
EN EL EXTRANJERO;5.2.3.-Robos con fuerza en establecimientos;2018;1
EN EL EXTRANJERO;5.2.3.-Robos con fuerza en establecimientos;2017;2
EN EL EXTRANJERO;5.2.3.-Robos con fuerza en establecimientos;2016;2
EN EL EXTRANJERO;5.2.3.-Robos con fuerza en establecimientos;2015;2
EN EL EXTRANJERO;5.2.3.-Robos con fuerza en establecimientos;2014;0
EN EL EXTRANJERO;5.2.3.-Robos con fuerza en establecimientos;2013;0
EN EL EXTRANJERO;5.2.3.-Robos con fuerza en establecimientos;2012;5
EN EL EXTRANJERO;5.2.3.-Robos con fuerza en establecimientos;2011;2
EN EL EXTRANJERO;5.2.3.-Robos con fuerza en establecimientos;2010;4
EN EL EXTRANJERO;5.3.-Robos con violencia o intimidación;2023;2
EN EL EXTRANJERO;5.3.-Robos con violencia o intimidación;2022;3
EN EL EXTRANJERO;5.3.-Robos con violencia o intimidación;2021;0
EN EL EXTRANJERO;5.3.-Robos con violencia o intimidación;2020;1
EN EL EXTRANJERO;5.3.-Robos con violencia o intimidación;2019;1
EN EL EXTRANJERO;5.3.-Robos con violencia o intimidación;2018;4
EN EL EXTRANJERO;5.3.-Robos con violencia o intimidación;2017;2
EN EL EXTRANJERO;5.3.-Robos con violencia o intimidación;2016;0
EN EL EXTRANJERO;5.3.-Robos con violencia o intimidación;2015;0
EN EL EXTRANJERO;5.3.-Robos con violencia o intimidación;2014;1
EN EL EXTRANJERO;5.3.-Robos con violencia o intimidación;2013;3
EN EL EXTRANJERO;5.3.-Robos con violencia o intimidación;2012;0
EN EL EXTRANJERO;5.3.-Robos con violencia o intimidación;2011;3
EN EL EXTRANJERO;5.3.-Robos con violencia o intimidación;2010;4
EN EL EXTRANJERO;5.3.1.-Robos con violencia en vía pública;2023;1
EN EL EXTRANJERO;5.3.1.-Robos con violencia en vía pública;2022;1
EN EL EXTRANJERO;5.3.1.-Robos con violencia en vía pública;2021;0
EN EL EXTRANJERO;5.3.1.-Robos con violencia en vía pública;2020;1
EN EL EXTRANJERO;5.3.1.-Robos con violencia en vía pública;2019;0
EN EL EXTRANJERO;5.3.1.-Robos con violencia en vía pública;2018;3
EN EL EXTRANJERO;5.3.1.-Robos con violencia en vía pública;2017;2
EN EL EXTRANJERO;5.3.1.-Robos con violencia en vía pública;2016;0
EN EL EXTRANJERO;5.3.1.-Robos con violencia en vía pública;2015;0
EN EL EXTRANJERO;5.3.1.-Robos con violencia en vía pública;2014;0
EN EL EXTRANJERO;5.3.1.-Robos con violencia en vía pública;2013;1
EN EL EXTRANJERO;5.3.1.-Robos con violencia en vía pública;2012;0
EN EL EXTRANJERO;5.3.1.-Robos con violencia en vía pública;2011;3
EN EL EXTRANJERO;5.3.1.-Robos con violencia en vía pública;2010;2
EN EL EXTRANJERO;5.3.2.-Robos con violencia en viviendas;2023;0
EN EL EXTRANJERO;5.3.2.-Robos con violencia en viviendas;2022;0
EN EL EXTRANJERO;5.3.2.-Robos con violencia en viviendas;2021;0
EN EL EXTRANJERO;5.3.2.-Robos con violencia en viviendas;2020;0
EN EL EXTRANJERO;5.3.2.-Robos con violencia en viviendas;2019;0
EN EL EXTRANJERO;5.3.2.-Robos con violencia en viviendas;2018;1
EN EL EXTRANJERO;5.3.2.-Robos con violencia en viviendas;2017;0
EN EL EXTRANJERO;5.3.2.-Robos con violencia en viviendas;2016;0
EN EL EXTRANJERO;5.3.2.-Robos con violencia en viviendas;2015;0
EN EL EXTRANJERO;5.3.2.-Robos con violencia en viviendas;2014;1
EN EL EXTRANJERO;5.3.2.-Robos con violencia en viviendas;2013;0
EN EL EXTRANJERO;5.3.2.-Robos con violencia en viviendas;2012;0
EN EL EXTRANJERO;5.3.2.-Robos con violencia en viviendas;2011;0
EN EL EXTRANJERO;5.3.2.-Robos con violencia en viviendas;2010;1
EN EL EXTRANJERO;5.3.3.-Robos con violencia en establecimientos;2023;1
EN EL EXTRANJERO;5.3.3.-Robos con violencia en establecimientos;2022;0
EN EL EXTRANJERO;5.3.3.-Robos con violencia en establecimientos;2021;0
EN EL EXTRANJERO;5.3.3.-Robos con violencia en establecimientos;2020;0
EN EL EXTRANJERO;5.3.3.-Robos con violencia en establecimientos;2019;0
EN EL EXTRANJERO;5.3.3.-Robos con violencia en establecimientos;2018;0
EN EL EXTRANJERO;5.3.3.-Robos con violencia en establecimientos;2017;0
EN EL EXTRANJERO;5.3.3.-Robos con violencia en establecimientos;2016;0
EN EL EXTRANJERO;5.3.3.-Robos con violencia en establecimientos;2015;0
EN EL EXTRANJERO;5.3.3.-Robos con violencia en establecimientos;2014;0
EN EL EXTRANJERO;5.3.3.-Robos con violencia en establecimientos;2013;0
EN EL EXTRANJERO;5.3.3.-Robos con violencia en establecimientos;2012;0
EN EL EXTRANJERO;5.3.3.-Robos con violencia en establecimientos;2011;0
EN EL EXTRANJERO;5.3.3.-Robos con violencia en establecimientos;2010;1
EN EL EXTRANJERO;5.4.-Sustracción de vehículos;2023;102
EN EL EXTRANJERO;5.4.-Sustracción de vehículos;2022;48
EN EL EXTRANJERO;5.4.-Sustracción de vehículos;2021;54
EN EL EXTRANJERO;5.4.-Sustracción de vehículos;2020;75
EN EL EXTRANJERO;5.4.-Sustracción de vehículos;2019;85
EN EL EXTRANJERO;5.4.-Sustracción de vehículos;2018;70
EN EL EXTRANJERO;5.4.-Sustracción de vehículos;2017;84
EN EL EXTRANJERO;5.4.-Sustracción de vehículos;2016;83
EN EL EXTRANJERO;5.4.-Sustracción de vehículos;2015;77
EN EL EXTRANJERO;5.4.-Sustracción de vehículos;2014;72
EN EL EXTRANJERO;5.4.-Sustracción de vehículos;2013;32
EN EL EXTRANJERO;5.4.-Sustracción de vehículos;2012;95
EN EL EXTRANJERO;5.4.-Sustracción de vehículos;2011;121
EN EL EXTRANJERO;5.4.-Sustracción de vehículos;2010;36
EN EL EXTRANJERO;5.5.-Estafas;2023;472
EN EL EXTRANJERO;5.5.-Estafas;2022;599
EN EL EXTRANJERO;5.5.-Estafas;2021;311
EN EL EXTRANJERO;5.5.-Estafas;2020;340
EN EL EXTRANJERO;5.5.-Estafas;2019;478
EN EL EXTRANJERO;5.5.-Estafas;2018;311
EN EL EXTRANJERO;5.5.-Estafas;2017;409
EN EL EXTRANJERO;5.5.-Estafas;2016;370
EN EL EXTRANJERO;5.5.-Estafas;2015;412
EN EL EXTRANJERO;5.5.-Estafas;2014;368
EN EL EXTRANJERO;5.5.-Estafas;2013;531
EN EL EXTRANJERO;5.5.-Estafas;2012;363
EN EL EXTRANJERO;5.5.-Estafas;2011;374
EN EL EXTRANJERO;5.5.-Estafas;2010;383
EN EL EXTRANJERO;5.5.1.-Estafas informáticas;2023;401
EN EL EXTRANJERO;5.5.1.-Estafas informáticas;2022;500
EN EL EXTRANJERO;5.5.1.-Estafas informáticas;2021;235
EN EL EXTRANJERO;5.5.1.-Estafas informáticas;2020;266
EN EL EXTRANJERO;5.5.1.-Estafas informáticas;2019;284
EN EL EXTRANJERO;5.5.1.-Estafas informáticas;2018;165
EN EL EXTRANJERO;5.5.1.-Estafas informáticas;2017;205
EN EL EXTRANJERO;5.5.1.-Estafas informáticas;2016;192
EN EL EXTRANJERO;5.5.1.-Estafas informáticas;2015;182
EN EL EXTRANJERO;5.5.1.-Estafas informáticas;2014;167
EN EL EXTRANJERO;5.5.1.-Estafas informáticas;2013;221
EN EL EXTRANJERO;5.5.1.-Estafas informáticas;2012;174
EN EL EXTRANJERO;5.5.1.-Estafas informáticas;2011;193
EN EL EXTRANJERO;5.5.1.-Estafas informáticas;2010;181
EN EL EXTRANJERO;5.6.-Daños;2023;0
EN EL EXTRANJERO;5.6.-Daños;2022;3
EN EL EXTRANJERO;5.6.-Daños;2021;2
EN EL EXTRANJERO;5.6.-Daños;2020;1
EN EL EXTRANJERO;5.6.-Daños;2019;1
EN EL EXTRANJERO;5.6.-Daños;2018;0
EN EL EXTRANJERO;5.6.-Daños;2017;4
EN EL EXTRANJERO;5.6.-Daños;2016;1
EN EL EXTRANJERO;5.6.-Daños;2015;2
EN EL EXTRANJERO;5.6.-Daños;2014;1
EN EL EXTRANJERO;5.6.-Daños;2013;3
EN EL EXTRANJERO;5.6.-Daños;2012;3
EN EL EXTRANJERO;5.6.-Daños;2011;1
EN EL EXTRANJERO;5.6.-Daños;2010;3
EN EL EXTRANJERO;5.7.-Contra la propiedad intelectual/industrial;2023;1
EN EL EXTRANJERO;5.7.-Contra la propiedad intelectual/industrial;2022;1
EN EL EXTRANJERO;5.7.-Contra la propiedad intelectual/industrial;2021;0
EN EL EXTRANJERO;5.7.-Contra la propiedad intelectual/industrial;2020;1
EN EL EXTRANJERO;5.7.-Contra la propiedad intelectual/industrial;2019;0
EN EL EXTRANJERO;5.7.-Contra la propiedad intelectual/industrial;2018;0
EN EL EXTRANJERO;5.7.-Contra la propiedad intelectual/industrial;2017;1
EN EL EXTRANJERO;5.7.-Contra la propiedad intelectual/industrial;2016;0
EN EL EXTRANJERO;5.7.-Contra la propiedad intelectual/industrial;2015;2
EN EL EXTRANJERO;5.7.-Contra la propiedad intelectual/industrial;2014;1
EN EL EXTRANJERO;5.7.-Contra la propiedad intelectual/industrial;2013;1
EN EL EXTRANJERO;5.7.-Contra la propiedad intelectual/industrial;2012;0
EN EL EXTRANJERO;5.7.-Contra la propiedad intelectual/industrial;2011;0
EN EL EXTRANJERO;5.7.-Contra la propiedad intelectual/industrial;2010;1
EN EL EXTRANJERO;5.8.-Blanqueo de capitales;2023;18
EN EL EXTRANJERO;5.8.-Blanqueo de capitales;2022;6
EN EL EXTRANJERO;5.8.-Blanqueo de capitales;2021;0
EN EL EXTRANJERO;5.8.-Blanqueo de capitales;2020;3
EN EL EXTRANJERO;5.8.-Blanqueo de capitales;2019;8
EN EL EXTRANJERO;5.8.-Blanqueo de capitales;2018;6
EN EL EXTRANJERO;5.8.-Blanqueo de capitales;2017;9
EN EL EXTRANJERO;5.8.-Blanqueo de capitales;2016;11
EN EL EXTRANJERO;5.8.-Blanqueo de capitales;2015;12
EN EL EXTRANJERO;5.8.-Blanqueo de capitales;2014;5
EN EL EXTRANJERO;5.8.-Blanqueo de capitales;2013;9
EN EL EXTRANJERO;5.8.-Blanqueo de capitales;2012;3
EN EL EXTRANJERO;5.8.-Blanqueo de capitales;2011;6
EN EL EXTRANJERO;5.8.-Blanqueo de capitales;2010;0
EN EL EXTRANJERO;5.9.-Otros contra el patrimonio;2023;35
EN EL EXTRANJERO;5.9.-Otros contra el patrimonio;2022;24
EN EL EXTRANJERO;5.9.-Otros contra el patrimonio;2021;14
EN EL EXTRANJERO;5.9.-Otros contra el patrimonio;2020;19
EN EL EXTRANJERO;5.9.-Otros contra el patrimonio;2019;21
EN EL EXTRANJERO;5.9.-Otros contra el patrimonio;2018;36
EN EL EXTRANJERO;5.9.-Otros contra el patrimonio;2017;62
EN EL EXTRANJERO;5.9.-Otros contra el patrimonio;2016;23
EN EL EXTRANJERO;5.9.-Otros contra el patrimonio;2015;25
EN EL EXTRANJERO;5.9.-Otros contra el patrimonio;2014;26
EN EL EXTRANJERO;5.9.-Otros contra el patrimonio;2013;16
EN EL EXTRANJERO;5.9.-Otros contra el patrimonio;2012;26
EN EL EXTRANJERO;5.9.-Otros contra el patrimonio;2011;24
EN EL EXTRANJERO;5.9.-Otros contra el patrimonio;2010;15
EN EL EXTRANJERO;6. SEGURIDAD COLECTIVA;2023;45
EN EL EXTRANJERO;6. SEGURIDAD COLECTIVA;2022;23
EN EL EXTRANJERO;6. SEGURIDAD COLECTIVA;2021;23
EN EL EXTRANJERO;6. SEGURIDAD COLECTIVA;2020;24
EN EL EXTRANJERO;6. SEGURIDAD COLECTIVA;2019;12
EN EL EXTRANJERO;6. SEGURIDAD COLECTIVA;2018;10
EN EL EXTRANJERO;6. SEGURIDAD COLECTIVA;2017;11
EN EL EXTRANJERO;6. SEGURIDAD COLECTIVA;2016;13
EN EL EXTRANJERO;6. SEGURIDAD COLECTIVA;2015;16
EN EL EXTRANJERO;6. SEGURIDAD COLECTIVA;2014;24
EN EL EXTRANJERO;6. SEGURIDAD COLECTIVA;2013;6
EN EL EXTRANJERO;6. SEGURIDAD COLECTIVA;2012;11
EN EL EXTRANJERO;6. SEGURIDAD COLECTIVA;2011;15
EN EL EXTRANJERO;6. SEGURIDAD COLECTIVA;2010;6
EN EL EXTRANJERO;6.1.-Tráfico de drogas;2023;41
EN EL EXTRANJERO;6.1.-Tráfico de drogas;2022;22
EN EL EXTRANJERO;6.1.-Tráfico de drogas;2021;23
EN EL EXTRANJERO;6.1.-Tráfico de drogas;2020;22
EN EL EXTRANJERO;6.1.-Tráfico de drogas;2019;12
EN EL EXTRANJERO;6.1.-Tráfico de drogas;2018;10
EN EL EXTRANJERO;6.1.-Tráfico de drogas;2017;10
EN EL EXTRANJERO;6.1.-Tráfico de drogas;2016;12
EN EL EXTRANJERO;6.1.-Tráfico de drogas;2015;16
EN EL EXTRANJERO;6.1.-Tráfico de drogas;2014;18
EN EL EXTRANJERO;6.1.-Tráfico de drogas;2013;5
EN EL EXTRANJERO;6.1.-Tráfico de drogas;2012;3
EN EL EXTRANJERO;6.1.-Tráfico de drogas;2011;14
EN EL EXTRANJERO;6.1.-Tráfico de drogas;2010;3
EN EL EXTRANJERO;6.2.-Contra la seguridad vial;2023;1
EN EL EXTRANJERO;6.2.-Contra la seguridad vial;2022;1
EN EL EXTRANJERO;6.2.-Contra la seguridad vial;2021;0
EN EL EXTRANJERO;6.2.-Contra la seguridad vial;2020;0
EN EL EXTRANJERO;6.2.-Contra la seguridad vial;2019;0
EN EL EXTRANJERO;6.2.-Contra la seguridad vial;2018;0
EN EL EXTRANJERO;6.2.-Contra la seguridad vial;2017;0
EN EL EXTRANJERO;6.2.-Contra la seguridad vial;2016;1
EN EL EXTRANJERO;6.2.-Contra la seguridad vial;2015;0
EN EL EXTRANJERO;6.2.-Contra la seguridad vial;2014;5
EN EL EXTRANJERO;6.2.-Contra la seguridad vial;2013;0
EN EL EXTRANJERO;6.2.-Contra la seguridad vial;2012;7
EN EL EXTRANJERO;6.2.-Contra la seguridad vial;2011;1
EN EL EXTRANJERO;6.2.-Contra la seguridad vial;2010;3
EN EL EXTRANJERO;6.3.-Otros contra la seguridad colectiva;2023;3
EN EL EXTRANJERO;6.3.-Otros contra la seguridad colectiva;2022;0
EN EL EXTRANJERO;6.3.-Otros contra la seguridad colectiva;2021;0
EN EL EXTRANJERO;6.3.-Otros contra la seguridad colectiva;2020;2
EN EL EXTRANJERO;6.3.-Otros contra la seguridad colectiva;2019;0
EN EL EXTRANJERO;6.3.-Otros contra la seguridad colectiva;2018;0
EN EL EXTRANJERO;6.3.-Otros contra la seguridad colectiva;2017;1
EN EL EXTRANJERO;6.3.-Otros contra la seguridad colectiva;2016;0
EN EL EXTRANJERO;6.3.-Otros contra la seguridad colectiva;2015;0
EN EL EXTRANJERO;6.3.-Otros contra la seguridad colectiva;2014;1
EN EL EXTRANJERO;6.3.-Otros contra la seguridad colectiva;2013;1
EN EL EXTRANJERO;6.3.-Otros contra la seguridad colectiva;2012;1
EN EL EXTRANJERO;6.3.-Otros contra la seguridad colectiva;2011;0
EN EL EXTRANJERO;6.3.-Otros contra la seguridad colectiva;2010;0
EN EL EXTRANJERO;7. FALSEDADES;2023;25
EN EL EXTRANJERO;7. FALSEDADES;2022;14
EN EL EXTRANJERO;7. FALSEDADES;2021;14
EN EL EXTRANJERO;7. FALSEDADES;2020;51
EN EL EXTRANJERO;7. FALSEDADES;2019;159
EN EL EXTRANJERO;7. FALSEDADES;2018;298
EN EL EXTRANJERO;7. FALSEDADES;2017;553
EN EL EXTRANJERO;7. FALSEDADES;2016;398
EN EL EXTRANJERO;7. FALSEDADES;2015;378
EN EL EXTRANJERO;7. FALSEDADES;2014;396
EN EL EXTRANJERO;7. FALSEDADES;2013;338
EN EL EXTRANJERO;7. FALSEDADES;2012;210
EN EL EXTRANJERO;7. FALSEDADES;2011;129
EN EL EXTRANJERO;7. FALSEDADES;2010;151
EN EL EXTRANJERO;8. ADMÓN. PÚBLICA;2023;0
EN EL EXTRANJERO;8. ADMÓN. PÚBLICA;2022;1
EN EL EXTRANJERO;8. ADMÓN. PÚBLICA;2021;0
EN EL EXTRANJERO;8. ADMÓN. PÚBLICA;2020;3
EN EL EXTRANJERO;8. ADMÓN. PÚBLICA;2019;0
EN EL EXTRANJERO;8. ADMÓN. PÚBLICA;2018;1
EN EL EXTRANJERO;8. ADMÓN. PÚBLICA;2017;1
EN EL EXTRANJERO;8. ADMÓN. PÚBLICA;2016;4
EN EL EXTRANJERO;8. ADMÓN. PÚBLICA;2015;1
EN EL EXTRANJERO;8. ADMÓN. PÚBLICA;2014;0
EN EL EXTRANJERO;8. ADMÓN. PÚBLICA;2013;0
EN EL EXTRANJERO;8. ADMÓN. PÚBLICA;2012;0
EN EL EXTRANJERO;8. ADMÓN. PÚBLICA;2011;0
EN EL EXTRANJERO;8. ADMÓN. PÚBLICA;2010;0
EN EL EXTRANJERO;9. ADMÓN. JUSTICIA;2023;25
EN EL EXTRANJERO;9. ADMÓN. JUSTICIA;2022;21
EN EL EXTRANJERO;9. ADMÓN. JUSTICIA;2021;17
EN EL EXTRANJERO;9. ADMÓN. JUSTICIA;2020;18
EN EL EXTRANJERO;9. ADMÓN. JUSTICIA;2019;31
EN EL EXTRANJERO;9. ADMÓN. JUSTICIA;2018;27
EN EL EXTRANJERO;9. ADMÓN. JUSTICIA;2017;27
EN EL EXTRANJERO;9. ADMÓN. JUSTICIA;2016;23
EN EL EXTRANJERO;9. ADMÓN. JUSTICIA;2015;18
EN EL EXTRANJERO;9. ADMÓN. JUSTICIA;2014;26
EN EL EXTRANJERO;9. ADMÓN. JUSTICIA;2013;15
EN EL EXTRANJERO;9. ADMÓN. JUSTICIA;2012;9
EN EL EXTRANJERO;9. ADMÓN. JUSTICIA;2011;6
EN EL EXTRANJERO;9. ADMÓN. JUSTICIA;2010;14
EN EL EXTRANJERO;10. ORDEN PÚBLICO;2023;27
EN EL EXTRANJERO;10. ORDEN PÚBLICO;2022;10
EN EL EXTRANJERO;10. ORDEN PÚBLICO;2021;7
EN EL EXTRANJERO;10. ORDEN PÚBLICO;2020;5
EN EL EXTRANJERO;10. ORDEN PÚBLICO;2019;4
EN EL EXTRANJERO;10. ORDEN PÚBLICO;2018;2
EN EL EXTRANJERO;10. ORDEN PÚBLICO;2017;3
EN EL EXTRANJERO;10. ORDEN PÚBLICO;2016;4
EN EL EXTRANJERO;10. ORDEN PÚBLICO;2015;4
EN EL EXTRANJERO;10. ORDEN PÚBLICO;2014;6
EN EL EXTRANJERO;10. ORDEN PÚBLICO;2013;3
EN EL EXTRANJERO;10. ORDEN PÚBLICO;2012;4
EN EL EXTRANJERO;10. ORDEN PÚBLICO;2011;3
EN EL EXTRANJERO;10. ORDEN PÚBLICO;2010;2
EN EL EXTRANJERO;11. LEGISLACIÓN ESPECIAL;2023;0
EN EL EXTRANJERO;11. LEGISLACIÓN ESPECIAL;2022;1
EN EL EXTRANJERO;11. LEGISLACIÓN ESPECIAL;2021;1
EN EL EXTRANJERO;11. LEGISLACIÓN ESPECIAL;2020;0
EN EL EXTRANJERO;11. LEGISLACIÓN ESPECIAL;2019;2
EN EL EXTRANJERO;11. LEGISLACIÓN ESPECIAL;2018;0
EN EL EXTRANJERO;11. LEGISLACIÓN ESPECIAL;2017;0
EN EL EXTRANJERO;11. LEGISLACIÓN ESPECIAL;2016;0
EN EL EXTRANJERO;11. LEGISLACIÓN ESPECIAL;2015;0
EN EL EXTRANJERO;11. LEGISLACIÓN ESPECIAL;2014;0
EN EL EXTRANJERO;11. LEGISLACIÓN ESPECIAL;2013;0
EN EL EXTRANJERO;11. LEGISLACIÓN ESPECIAL;2012;0
EN EL EXTRANJERO;11. LEGISLACIÓN ESPECIAL;2011;1
EN EL EXTRANJERO;11. LEGISLACIÓN ESPECIAL;2010;0
EN EL EXTRANJERO;12. OTRAS INFRACCIONES PENALES;2023;11
EN EL EXTRANJERO;12. OTRAS INFRACCIONES PENALES;2022;12
EN EL EXTRANJERO;12. OTRAS INFRACCIONES PENALES;2021;5
EN EL EXTRANJERO;12. OTRAS INFRACCIONES PENALES;2020;9
EN EL EXTRANJERO;12. OTRAS INFRACCIONES PENALES;2019;14
EN EL EXTRANJERO;12. OTRAS INFRACCIONES PENALES;2018;10
EN EL EXTRANJERO;12. OTRAS INFRACCIONES PENALES;2017;7
EN EL EXTRANJERO;12. OTRAS INFRACCIONES PENALES;2016;4
EN EL EXTRANJERO;12. OTRAS INFRACCIONES PENALES;2015;13
EN EL EXTRANJERO;12. OTRAS INFRACCIONES PENALES;2014;5
EN EL EXTRANJERO;12. OTRAS INFRACCIONES PENALES;2013;4
EN EL EXTRANJERO;12. OTRAS INFRACCIONES PENALES;2012;5
EN EL EXTRANJERO;12. OTRAS INFRACCIONES PENALES;2011;2
EN EL EXTRANJERO;12. OTRAS INFRACCIONES PENALES;2010;4
EN EL EXTRANJERO;TOTAL INFRACCIONES PENALES;2023;1.113
EN EL EXTRANJERO;TOTAL INFRACCIONES PENALES;2022;1.102
EN EL EXTRANJERO;TOTAL INFRACCIONES PENALES;2021;741
EN EL EXTRANJERO;TOTAL INFRACCIONES PENALES;2020;801
EN EL EXTRANJERO;TOTAL INFRACCIONES PENALES;2019;1.192
EN EL EXTRANJERO;TOTAL INFRACCIONES PENALES;2018;1.082
EN EL EXTRANJERO;TOTAL INFRACCIONES PENALES;2017;1.498
EN EL EXTRANJERO;TOTAL INFRACCIONES PENALES;2016;1.275
EN EL EXTRANJERO;TOTAL INFRACCIONES PENALES;2015;1.285
EN EL EXTRANJERO;TOTAL INFRACCIONES PENALES;2014;1.234
EN EL EXTRANJERO;TOTAL INFRACCIONES PENALES;2013;1.214
EN EL EXTRANJERO;TOTAL INFRACCIONES PENALES;2012;988
EN EL EXTRANJERO;TOTAL INFRACCIONES PENALES;2011;913
EN EL EXTRANJERO;TOTAL INFRACCIONES PENALES;2010;823
DESCONOCIDA;1. CONTRA LAS PERSONAS;2023;0
DESCONOCIDA;1. CONTRA LAS PERSONAS;2022;0
DESCONOCIDA;1. CONTRA LAS PERSONAS;2021;0
DESCONOCIDA;1. CONTRA LAS PERSONAS;2020;0
DESCONOCIDA;1. CONTRA LAS PERSONAS;2019;0
DESCONOCIDA;1. CONTRA LAS PERSONAS;2018;0
DESCONOCIDA;1. CONTRA LAS PERSONAS;2017;0
DESCONOCIDA;1. CONTRA LAS PERSONAS;2016;0
DESCONOCIDA;1. CONTRA LAS PERSONAS;2015;0
DESCONOCIDA;1. CONTRA LAS PERSONAS;2014;0
DESCONOCIDA;1. CONTRA LAS PERSONAS;2013;0
DESCONOCIDA;1. CONTRA LAS PERSONAS;2012;0
DESCONOCIDA;1. CONTRA LAS PERSONAS;2011;6
DESCONOCIDA;1. CONTRA LAS PERSONAS;2010;6
DESCONOCIDA;1.1.-Homicidios dolosos/asesinatos;2023;0
DESCONOCIDA;1.1.-Homicidios dolosos/asesinatos;2022;0
DESCONOCIDA;1.1.-Homicidios dolosos/asesinatos;2021;0
DESCONOCIDA;1.1.-Homicidios dolosos/asesinatos;2020;0
DESCONOCIDA;1.1.-Homicidios dolosos/asesinatos;2019;0
DESCONOCIDA;1.1.-Homicidios dolosos/asesinatos;2018;0
DESCONOCIDA;1.1.-Homicidios dolosos/asesinatos;2017;0
DESCONOCIDA;1.1.-Homicidios dolosos/asesinatos;2016;0
DESCONOCIDA;1.1.-Homicidios dolosos/asesinatos;2015;0
DESCONOCIDA;1.1.-Homicidios dolosos/asesinatos;2014;0
DESCONOCIDA;1.1.-Homicidios dolosos/asesinatos;2013;0
DESCONOCIDA;1.1.-Homicidios dolosos/asesinatos;2012;0
DESCONOCIDA;1.1.-Homicidios dolosos/asesinatos;2011;0
DESCONOCIDA;1.1.-Homicidios dolosos/asesinatos;2010;0
DESCONOCIDA;1.1.1.-Homicidios dolosos/asesinatos consumados;2023;0
DESCONOCIDA;1.1.1.-Homicidios dolosos/asesinatos consumados;2022;0
DESCONOCIDA;1.1.1.-Homicidios dolosos/asesinatos consumados;2021;0
DESCONOCIDA;1.1.1.-Homicidios dolosos/asesinatos consumados;2020;0
DESCONOCIDA;1.1.1.-Homicidios dolosos/asesinatos consumados;2019;0
DESCONOCIDA;1.1.1.-Homicidios dolosos/asesinatos consumados;2018;0
DESCONOCIDA;1.1.1.-Homicidios dolosos/asesinatos consumados;2017;0
DESCONOCIDA;1.1.1.-Homicidios dolosos/asesinatos consumados;2016;0
DESCONOCIDA;1.1.1.-Homicidios dolosos/asesinatos consumados;2015;0
DESCONOCIDA;1.1.1.-Homicidios dolosos/asesinatos consumados;2014;0
DESCONOCIDA;1.1.1.-Homicidios dolosos/asesinatos consumados;2013;0
DESCONOCIDA;1.1.1.-Homicidios dolosos/asesinatos consumados;2012;0
DESCONOCIDA;1.1.1.-Homicidios dolosos/asesinatos consumados;2011;0
DESCONOCIDA;1.1.1.-Homicidios dolosos/asesinatos consumados;2010;0
DESCONOCIDA;1.2.-Lesiones;2023;0
DESCONOCIDA;1.2.-Lesiones;2022;0
DESCONOCIDA;1.2.-Lesiones;2021;0
DESCONOCIDA;1.2.-Lesiones;2020;0
DESCONOCIDA;1.2.-Lesiones;2019;0
DESCONOCIDA;1.2.-Lesiones;2018;0
DESCONOCIDA;1.2.-Lesiones;2017;0
DESCONOCIDA;1.2.-Lesiones;2016;0
DESCONOCIDA;1.2.-Lesiones;2015;0
DESCONOCIDA;1.2.-Lesiones;2014;0
DESCONOCIDA;1.2.-Lesiones;2013;0
DESCONOCIDA;1.2.-Lesiones;2012;0
DESCONOCIDA;1.2.-Lesiones;2011;1
DESCONOCIDA;1.2.-Lesiones;2010;5
DESCONOCIDA;1.3.-Malos tratos ámbito familiar;2023;0
DESCONOCIDA;1.3.-Malos tratos ámbito familiar;2022;0
DESCONOCIDA;1.3.-Malos tratos ámbito familiar;2021;0
DESCONOCIDA;1.3.-Malos tratos ámbito familiar;2020;0
DESCONOCIDA;1.3.-Malos tratos ámbito familiar;2019;0
DESCONOCIDA;1.3.-Malos tratos ámbito familiar;2018;0
DESCONOCIDA;1.3.-Malos tratos ámbito familiar;2017;0
DESCONOCIDA;1.3.-Malos tratos ámbito familiar;2016;0
DESCONOCIDA;1.3.-Malos tratos ámbito familiar;2015;0
DESCONOCIDA;1.3.-Malos tratos ámbito familiar;2014;0
DESCONOCIDA;1.3.-Malos tratos ámbito familiar;2013;0
DESCONOCIDA;1.3.-Malos tratos ámbito familiar;2012;0
DESCONOCIDA;1.3.-Malos tratos ámbito familiar;2011;3
DESCONOCIDA;1.3.-Malos tratos ámbito familiar;2010;1
DESCONOCIDA;1.4.-Otros contra las personas;2023;0
DESCONOCIDA;1.4.-Otros contra las personas;2022;0
DESCONOCIDA;1.4.-Otros contra las personas;2021;0
DESCONOCIDA;1.4.-Otros contra las personas;2020;0
DESCONOCIDA;1.4.-Otros contra las personas;2019;0
DESCONOCIDA;1.4.-Otros contra las personas;2018;0
DESCONOCIDA;1.4.-Otros contra las personas;2017;0
DESCONOCIDA;1.4.-Otros contra las personas;2016;0
DESCONOCIDA;1.4.-Otros contra las personas;2015;0
DESCONOCIDA;1.4.-Otros contra las personas;2014;0
DESCONOCIDA;1.4.-Otros contra las personas;2013;0
DESCONOCIDA;1.4.-Otros contra las personas;2012;0
DESCONOCIDA;1.4.-Otros contra las personas;2011;2
DESCONOCIDA;1.4.-Otros contra las personas;2010;0
DESCONOCIDA;2. CONTRA LA LIBERTAD;2023;0
DESCONOCIDA;2. CONTRA LA LIBERTAD;2022;0
DESCONOCIDA;2. CONTRA LA LIBERTAD;2021;0
DESCONOCIDA;2. CONTRA LA LIBERTAD;2020;0
DESCONOCIDA;2. CONTRA LA LIBERTAD;2019;0
DESCONOCIDA;2. CONTRA LA LIBERTAD;2018;0
DESCONOCIDA;2. CONTRA LA LIBERTAD;2017;0
DESCONOCIDA;2. CONTRA LA LIBERTAD;2016;0
DESCONOCIDA;2. CONTRA LA LIBERTAD;2015;0
DESCONOCIDA;2. CONTRA LA LIBERTAD;2014;0
DESCONOCIDA;2. CONTRA LA LIBERTAD;2013;0
DESCONOCIDA;2. CONTRA LA LIBERTAD;2012;0
DESCONOCIDA;2. CONTRA LA LIBERTAD;2011;1
DESCONOCIDA;2. CONTRA LA LIBERTAD;2010;4
DESCONOCIDA;2.1.-Malos tratos habituales en el ámbito familiar;2023;0
DESCONOCIDA;2.1.-Malos tratos habituales en el ámbito familiar;2022;0
DESCONOCIDA;2.1.-Malos tratos habituales en el ámbito familiar;2021;0
DESCONOCIDA;2.1.-Malos tratos habituales en el ámbito familiar;2020;0
DESCONOCIDA;2.1.-Malos tratos habituales en el ámbito familiar;2019;0
DESCONOCIDA;2.1.-Malos tratos habituales en el ámbito familiar;2018;0
DESCONOCIDA;2.1.-Malos tratos habituales en el ámbito familiar;2017;0
DESCONOCIDA;2.1.-Malos tratos habituales en el ámbito familiar;2016;0
DESCONOCIDA;2.1.-Malos tratos habituales en el ámbito familiar;2015;0
DESCONOCIDA;2.1.-Malos tratos habituales en el ámbito familiar;2014;0
DESCONOCIDA;2.1.-Malos tratos habituales en el ámbito familiar;2013;0
DESCONOCIDA;2.1.-Malos tratos habituales en el ámbito familiar;2012;0
DESCONOCIDA;2.1.-Malos tratos habituales en el ámbito familiar;2011;1
DESCONOCIDA;2.1.-Malos tratos habituales en el ámbito familiar;2010;2
DESCONOCIDA;2.2.-Otros contra la libertad;2023;0
DESCONOCIDA;2.2.-Otros contra la libertad;2022;0
DESCONOCIDA;2.2.-Otros contra la libertad;2021;0
DESCONOCIDA;2.2.-Otros contra la libertad;2020;0
DESCONOCIDA;2.2.-Otros contra la libertad;2019;0
DESCONOCIDA;2.2.-Otros contra la libertad;2018;0
DESCONOCIDA;2.2.-Otros contra la libertad;2017;0
DESCONOCIDA;2.2.-Otros contra la libertad;2016;0
DESCONOCIDA;2.2.-Otros contra la libertad;2015;0
DESCONOCIDA;2.2.-Otros contra la libertad;2014;0
DESCONOCIDA;2.2.-Otros contra la libertad;2013;0
DESCONOCIDA;2.2.-Otros contra la libertad;2012;0
DESCONOCIDA;2.2.-Otros contra la libertad;2011;0
DESCONOCIDA;2.2.-Otros contra la libertad;2010;2
DESCONOCIDA;3. LIBERTAD SEXUAL;2023;0
DESCONOCIDA;3. LIBERTAD SEXUAL;2022;0
DESCONOCIDA;3. LIBERTAD SEXUAL;2021;0
DESCONOCIDA;3. LIBERTAD SEXUAL;2020;0
DESCONOCIDA;3. LIBERTAD SEXUAL;2019;0
DESCONOCIDA;3. LIBERTAD SEXUAL;2018;0
DESCONOCIDA;3. LIBERTAD SEXUAL;2017;0
DESCONOCIDA;3. LIBERTAD SEXUAL;2016;0
DESCONOCIDA;3. LIBERTAD SEXUAL;2015;0
DESCONOCIDA;3. LIBERTAD SEXUAL;2014;0
DESCONOCIDA;3. LIBERTAD SEXUAL;2013;1
DESCONOCIDA;3. LIBERTAD SEXUAL;2012;0
DESCONOCIDA;3. LIBERTAD SEXUAL;2011;1
DESCONOCIDA;3. LIBERTAD SEXUAL;2010;3
DESCONOCIDA;3.1.-Agresión sexual;2023;0
DESCONOCIDA;3.1.-Agresión sexual;2022;0
DESCONOCIDA;3.1.-Agresión sexual;2021;0
DESCONOCIDA;3.1.-Agresión sexual;2020;0
DESCONOCIDA;3.1.-Agresión sexual;2019;0
DESCONOCIDA;3.1.-Agresión sexual;2018;0
DESCONOCIDA;3.1.-Agresión sexual;2017;0
DESCONOCIDA;3.1.-Agresión sexual;2016;0
DESCONOCIDA;3.1.-Agresión sexual;2015;0
DESCONOCIDA;3.1.-Agresión sexual;2014;0
DESCONOCIDA;3.1.-Agresión sexual;2013;0
DESCONOCIDA;3.1.-Agresión sexual;2012;0
DESCONOCIDA;3.1.-Agresión sexual;2011;1
DESCONOCIDA;3.1.-Agresión sexual;2010;2
DESCONOCIDA;3.2.-Agresión sexual con penetración;2023;0
DESCONOCIDA;3.2.-Agresión sexual con penetración;2022;0
DESCONOCIDA;3.2.-Agresión sexual con penetración;2021;0
DESCONOCIDA;3.2.-Agresión sexual con penetración;2020;0
DESCONOCIDA;3.2.-Agresión sexual con penetración;2019;0
DESCONOCIDA;3.2.-Agresión sexual con penetración;2018;0
DESCONOCIDA;3.2.-Agresión sexual con penetración;2017;0
DESCONOCIDA;3.2.-Agresión sexual con penetración;2016;0
DESCONOCIDA;3.2.-Agresión sexual con penetración;2015;0
DESCONOCIDA;3.2.-Agresión sexual con penetración;2014;0
DESCONOCIDA;3.2.-Agresión sexual con penetración;2013;0
DESCONOCIDA;3.2.-Agresión sexual con penetración;2012;0
DESCONOCIDA;3.2.-Agresión sexual con penetración;2011;0
DESCONOCIDA;3.2.-Agresión sexual con penetración;2010;1
DESCONOCIDA;3.3.-Corrupción de menores o incapacitados;2023;0
DESCONOCIDA;3.3.-Corrupción de menores o incapacitados;2022;0
DESCONOCIDA;3.3.-Corrupción de menores o incapacitados;2021;0
DESCONOCIDA;3.3.-Corrupción de menores o incapacitados;2020;0
DESCONOCIDA;3.3.-Corrupción de menores o incapacitados;2019;0
DESCONOCIDA;3.3.-Corrupción de menores o incapacitados;2018;0
DESCONOCIDA;3.3.-Corrupción de menores o incapacitados;2017;0
DESCONOCIDA;3.3.-Corrupción de menores o incapacitados;2016;0
DESCONOCIDA;3.3.-Corrupción de menores o incapacitados;2015;0
DESCONOCIDA;3.3.-Corrupción de menores o incapacitados;2014;0
DESCONOCIDA;3.3.-Corrupción de menores o incapacitados;2013;0
DESCONOCIDA;3.3.-Corrupción de menores o incapacitados;2012;0
DESCONOCIDA;3.3.-Corrupción de menores o incapacitados;2011;0
DESCONOCIDA;3.3.-Corrupción de menores o incapacitados;2010;0
DESCONOCIDA;3.4.-Pornografía de menores;2023;0
DESCONOCIDA;3.4.-Pornografía de menores;2022;0
DESCONOCIDA;3.4.-Pornografía de menores;2021;0
DESCONOCIDA;3.4.-Pornografía de menores;2020;0
DESCONOCIDA;3.4.-Pornografía de menores;2019;0
DESCONOCIDA;3.4.-Pornografía de menores;2018;0
DESCONOCIDA;3.4.-Pornografía de menores;2017;0
DESCONOCIDA;3.4.-Pornografía de menores;2016;0
DESCONOCIDA;3.4.-Pornografía de menores;2015;0
DESCONOCIDA;3.4.-Pornografía de menores;2014;0
DESCONOCIDA;3.4.-Pornografía de menores;2013;1
DESCONOCIDA;3.4.-Pornografía de menores;2012;0
DESCONOCIDA;3.4.-Pornografía de menores;2011;0
DESCONOCIDA;3.4.-Pornografía de menores;2010;0
DESCONOCIDA;3.5.-Otros contra la libertad sexual;2023;0
DESCONOCIDA;3.5.-Otros contra la libertad sexual;2022;0
DESCONOCIDA;3.5.-Otros contra la libertad sexual;2021;0
DESCONOCIDA;3.5.-Otros contra la libertad sexual;2020;0
DESCONOCIDA;3.5.-Otros contra la libertad sexual;2019;0
DESCONOCIDA;3.5.-Otros contra la libertad sexual;2018;0
DESCONOCIDA;3.5.-Otros contra la libertad sexual;2017;0
DESCONOCIDA;3.5.-Otros contra la libertad sexual;2016;0
DESCONOCIDA;3.5.-Otros contra la libertad sexual;2015;0
DESCONOCIDA;3.5.-Otros contra la libertad sexual;2014;0
DESCONOCIDA;3.5.-Otros contra la libertad sexual;2013;0
DESCONOCIDA;3.5.-Otros contra la libertad sexual;2012;0
DESCONOCIDA;3.5.-Otros contra la libertad sexual;2011;0
DESCONOCIDA;3.5.-Otros contra la libertad sexual;2010;0
DESCONOCIDA;4. RELACIONES FAMILIARES;2023;0
DESCONOCIDA;4. RELACIONES FAMILIARES;2022;0
DESCONOCIDA;4. RELACIONES FAMILIARES;2021;0
DESCONOCIDA;4. RELACIONES FAMILIARES;2020;0
DESCONOCIDA;4. RELACIONES FAMILIARES;2019;0
DESCONOCIDA;4. RELACIONES FAMILIARES;2018;0
DESCONOCIDA;4. RELACIONES FAMILIARES;2017;0
DESCONOCIDA;4. RELACIONES FAMILIARES;2016;0
DESCONOCIDA;4. RELACIONES FAMILIARES;2015;0
DESCONOCIDA;4. RELACIONES FAMILIARES;2014;0
DESCONOCIDA;4. RELACIONES FAMILIARES;2013;0
DESCONOCIDA;4. RELACIONES FAMILIARES;2012;0
DESCONOCIDA;4. RELACIONES FAMILIARES;2011;0
DESCONOCIDA;4. RELACIONES FAMILIARES;2010;2
DESCONOCIDA;5. PATRIMONIO;2023;0
DESCONOCIDA;5. PATRIMONIO;2022;0
DESCONOCIDA;5. PATRIMONIO;2021;0
DESCONOCIDA;5. PATRIMONIO;2020;0
DESCONOCIDA;5. PATRIMONIO;2019;0
DESCONOCIDA;5. PATRIMONIO;2018;0
DESCONOCIDA;5. PATRIMONIO;2017;0
DESCONOCIDA;5. PATRIMONIO;2016;0
DESCONOCIDA;5. PATRIMONIO;2015;0
DESCONOCIDA;5. PATRIMONIO;2014;0
DESCONOCIDA;5. PATRIMONIO;2013;0
DESCONOCIDA;5. PATRIMONIO;2012;0
DESCONOCIDA;5. PATRIMONIO;2011;20
DESCONOCIDA;5. PATRIMONIO;2010;57
DESCONOCIDA;5.1.-Hurtos;2023;0
DESCONOCIDA;5.1.-Hurtos;2022;0
DESCONOCIDA;5.1.-Hurtos;2021;0
DESCONOCIDA;5.1.-Hurtos;2020;0
DESCONOCIDA;5.1.-Hurtos;2019;0
DESCONOCIDA;5.1.-Hurtos;2018;0
DESCONOCIDA;5.1.-Hurtos;2017;0
DESCONOCIDA;5.1.-Hurtos;2016;0
DESCONOCIDA;5.1.-Hurtos;2015;0
DESCONOCIDA;5.1.-Hurtos;2014;0
DESCONOCIDA;5.1.-Hurtos;2013;0
DESCONOCIDA;5.1.-Hurtos;2012;0
DESCONOCIDA;5.1.-Hurtos;2011;3
DESCONOCIDA;5.1.-Hurtos;2010;1
DESCONOCIDA;5.2.-Robos con fuerza en las cosas;2023;0
DESCONOCIDA;5.2.-Robos con fuerza en las cosas;2022;0
DESCONOCIDA;5.2.-Robos con fuerza en las cosas;2021;0
DESCONOCIDA;5.2.-Robos con fuerza en las cosas;2020;0
DESCONOCIDA;5.2.-Robos con fuerza en las cosas;2019;0
DESCONOCIDA;5.2.-Robos con fuerza en las cosas;2018;0
DESCONOCIDA;5.2.-Robos con fuerza en las cosas;2017;0
DESCONOCIDA;5.2.-Robos con fuerza en las cosas;2016;0
DESCONOCIDA;5.2.-Robos con fuerza en las cosas;2015;0
DESCONOCIDA;5.2.-Robos con fuerza en las cosas;2014;0
DESCONOCIDA;5.2.-Robos con fuerza en las cosas;2013;0
DESCONOCIDA;5.2.-Robos con fuerza en las cosas;2012;0
DESCONOCIDA;5.2.-Robos con fuerza en las cosas;2011;3
DESCONOCIDA;5.2.-Robos con fuerza en las cosas;2010;2
DESCONOCIDA;5.2.1.-Robos con fuerza en las cosas en el interior de vehículos;2023;0
DESCONOCIDA;5.2.1.-Robos con fuerza en las cosas en el interior de vehículos;2022;0
DESCONOCIDA;5.2.1.-Robos con fuerza en las cosas en el interior de vehículos;2021;0
DESCONOCIDA;5.2.1.-Robos con fuerza en las cosas en el interior de vehículos;2020;0
DESCONOCIDA;5.2.1.-Robos con fuerza en las cosas en el interior de vehículos;2019;0
DESCONOCIDA;5.2.1.-Robos con fuerza en las cosas en el interior de vehículos;2018;0
DESCONOCIDA;5.2.1.-Robos con fuerza en las cosas en el interior de vehículos;2017;0
DESCONOCIDA;5.2.1.-Robos con fuerza en las cosas en el interior de vehículos;2016;0
DESCONOCIDA;5.2.1.-Robos con fuerza en las cosas en el interior de vehículos;2015;0
DESCONOCIDA;5.2.1.-Robos con fuerza en las cosas en el interior de vehículos;2014;0
DESCONOCIDA;5.2.1.-Robos con fuerza en las cosas en el interior de vehículos;2013;0
DESCONOCIDA;5.2.1.-Robos con fuerza en las cosas en el interior de vehículos;2012;0
DESCONOCIDA;5.2.1.-Robos con fuerza en las cosas en el interior de vehículos;2011;0
DESCONOCIDA;5.2.1.-Robos con fuerza en las cosas en el interior de vehículos;2010;0
DESCONOCIDA;5.2.2.-Robos con fuerza en viviendas;2023;0
DESCONOCIDA;5.2.2.-Robos con fuerza en viviendas;2022;0
DESCONOCIDA;5.2.2.-Robos con fuerza en viviendas;2021;0
DESCONOCIDA;5.2.2.-Robos con fuerza en viviendas;2020;0
DESCONOCIDA;5.2.2.-Robos con fuerza en viviendas;2019;0
DESCONOCIDA;5.2.2.-Robos con fuerza en viviendas;2018;0
DESCONOCIDA;5.2.2.-Robos con fuerza en viviendas;2017;0
DESCONOCIDA;5.2.2.-Robos con fuerza en viviendas;2016;0
DESCONOCIDA;5.2.2.-Robos con fuerza en viviendas;2015;0
DESCONOCIDA;5.2.2.-Robos con fuerza en viviendas;2014;0
DESCONOCIDA;5.2.2.-Robos con fuerza en viviendas;2013;0
DESCONOCIDA;5.2.2.-Robos con fuerza en viviendas;2012;0
DESCONOCIDA;5.2.2.-Robos con fuerza en viviendas;2011;0
DESCONOCIDA;5.2.2.-Robos con fuerza en viviendas;2010;1
DESCONOCIDA;5.2.3.-Robos con fuerza en establecimientos;2023;0
DESCONOCIDA;5.2.3.-Robos con fuerza en establecimientos;2022;0
DESCONOCIDA;5.2.3.-Robos con fuerza en establecimientos;2021;0
DESCONOCIDA;5.2.3.-Robos con fuerza en establecimientos;2020;0
DESCONOCIDA;5.2.3.-Robos con fuerza en establecimientos;2019;0
DESCONOCIDA;5.2.3.-Robos con fuerza en establecimientos;2018;0
DESCONOCIDA;5.2.3.-Robos con fuerza en establecimientos;2017;0
DESCONOCIDA;5.2.3.-Robos con fuerza en establecimientos;2016;0
DESCONOCIDA;5.2.3.-Robos con fuerza en establecimientos;2015;0
DESCONOCIDA;5.2.3.-Robos con fuerza en establecimientos;2014;0
DESCONOCIDA;5.2.3.-Robos con fuerza en establecimientos;2013;0
DESCONOCIDA;5.2.3.-Robos con fuerza en establecimientos;2012;0
DESCONOCIDA;5.2.3.-Robos con fuerza en establecimientos;2011;2
DESCONOCIDA;5.2.3.-Robos con fuerza en establecimientos;2010;0
DESCONOCIDA;5.3.-Robos con violencia o intimidación;2023;0
DESCONOCIDA;5.3.-Robos con violencia o intimidación;2022;0
DESCONOCIDA;5.3.-Robos con violencia o intimidación;2021;0
DESCONOCIDA;5.3.-Robos con violencia o intimidación;2020;0
DESCONOCIDA;5.3.-Robos con violencia o intimidación;2019;0
DESCONOCIDA;5.3.-Robos con violencia o intimidación;2018;0
DESCONOCIDA;5.3.-Robos con violencia o intimidación;2017;0
DESCONOCIDA;5.3.-Robos con violencia o intimidación;2016;0
DESCONOCIDA;5.3.-Robos con violencia o intimidación;2015;0
DESCONOCIDA;5.3.-Robos con violencia o intimidación;2014;0
DESCONOCIDA;5.3.-Robos con violencia o intimidación;2013;0
DESCONOCIDA;5.3.-Robos con violencia o intimidación;2012;0
DESCONOCIDA;5.3.-Robos con violencia o intimidación;2011;0
DESCONOCIDA;5.3.-Robos con violencia o intimidación;2010;0
DESCONOCIDA;5.3.1.-Robos con violencia en vía pública;2023;0
DESCONOCIDA;5.3.1.-Robos con violencia en vía pública;2022;0
DESCONOCIDA;5.3.1.-Robos con violencia en vía pública;2021;0
DESCONOCIDA;5.3.1.-Robos con violencia en vía pública;2020;0
DESCONOCIDA;5.3.1.-Robos con violencia en vía pública;2019;0
DESCONOCIDA;5.3.1.-Robos con violencia en vía pública;2018;0
DESCONOCIDA;5.3.1.-Robos con violencia en vía pública;2017;0
DESCONOCIDA;5.3.1.-Robos con violencia en vía pública;2016;0
DESCONOCIDA;5.3.1.-Robos con violencia en vía pública;2015;0
DESCONOCIDA;5.3.1.-Robos con violencia en vía pública;2014;0
DESCONOCIDA;5.3.1.-Robos con violencia en vía pública;2013;0
DESCONOCIDA;5.3.1.-Robos con violencia en vía pública;2012;0
DESCONOCIDA;5.3.1.-Robos con violencia en vía pública;2011;0
DESCONOCIDA;5.3.1.-Robos con violencia en vía pública;2010;0
DESCONOCIDA;5.3.2.-Robos con violencia en viviendas;2023;0
DESCONOCIDA;5.3.2.-Robos con violencia en viviendas;2022;0
DESCONOCIDA;5.3.2.-Robos con violencia en viviendas;2021;0
DESCONOCIDA;5.3.2.-Robos con violencia en viviendas;2020;0
DESCONOCIDA;5.3.2.-Robos con violencia en viviendas;2019;0
DESCONOCIDA;5.3.2.-Robos con violencia en viviendas;2018;0
DESCONOCIDA;5.3.2.-Robos con violencia en viviendas;2017;0
DESCONOCIDA;5.3.2.-Robos con violencia en viviendas;2016;0
DESCONOCIDA;5.3.2.-Robos con violencia en viviendas;2015;0
DESCONOCIDA;5.3.2.-Robos con violencia en viviendas;2014;0
DESCONOCIDA;5.3.2.-Robos con violencia en viviendas;2013;0
DESCONOCIDA;5.3.2.-Robos con violencia en viviendas;2012;0
DESCONOCIDA;5.3.2.-Robos con violencia en viviendas;2011;0
DESCONOCIDA;5.3.2.-Robos con violencia en viviendas;2010;0
DESCONOCIDA;5.3.3.-Robos con violencia en establecimientos;2023;0
DESCONOCIDA;5.3.3.-Robos con violencia en establecimientos;2022;0
DESCONOCIDA;5.3.3.-Robos con violencia en establecimientos;2021;0
DESCONOCIDA;5.3.3.-Robos con violencia en establecimientos;2020;0
DESCONOCIDA;5.3.3.-Robos con violencia en establecimientos;2019;0
DESCONOCIDA;5.3.3.-Robos con violencia en establecimientos;2018;0
DESCONOCIDA;5.3.3.-Robos con violencia en establecimientos;2017;0
DESCONOCIDA;5.3.3.-Robos con violencia en establecimientos;2016;0
DESCONOCIDA;5.3.3.-Robos con violencia en establecimientos;2015;0
DESCONOCIDA;5.3.3.-Robos con violencia en establecimientos;2014;0
DESCONOCIDA;5.3.3.-Robos con violencia en establecimientos;2013;0
DESCONOCIDA;5.3.3.-Robos con violencia en establecimientos;2012;0
DESCONOCIDA;5.3.3.-Robos con violencia en establecimientos;2011;0
DESCONOCIDA;5.3.3.-Robos con violencia en establecimientos;2010;0
DESCONOCIDA;5.4.-Sustracción de vehículos;2023;0
DESCONOCIDA;5.4.-Sustracción de vehículos;2022;0
DESCONOCIDA;5.4.-Sustracción de vehículos;2021;0
DESCONOCIDA;5.4.-Sustracción de vehículos;2020;0
DESCONOCIDA;5.4.-Sustracción de vehículos;2019;0
DESCONOCIDA;5.4.-Sustracción de vehículos;2018;0
DESCONOCIDA;5.4.-Sustracción de vehículos;2017;0
DESCONOCIDA;5.4.-Sustracción de vehículos;2016;0
DESCONOCIDA;5.4.-Sustracción de vehículos;2015;0
DESCONOCIDA;5.4.-Sustracción de vehículos;2014;0
DESCONOCIDA;5.4.-Sustracción de vehículos;2013;0
DESCONOCIDA;5.4.-Sustracción de vehículos;2012;0
DESCONOCIDA;5.4.-Sustracción de vehículos;2011;4
DESCONOCIDA;5.4.-Sustracción de vehículos;2010;19
DESCONOCIDA;5.5.-Estafas;2023;0
DESCONOCIDA;5.5.-Estafas;2022;0
DESCONOCIDA;5.5.-Estafas;2021;0
DESCONOCIDA;5.5.-Estafas;2020;0
DESCONOCIDA;5.5.-Estafas;2019;0
DESCONOCIDA;5.5.-Estafas;2018;0
DESCONOCIDA;5.5.-Estafas;2017;0
DESCONOCIDA;5.5.-Estafas;2016;0
DESCONOCIDA;5.5.-Estafas;2015;0
DESCONOCIDA;5.5.-Estafas;2014;0
DESCONOCIDA;5.5.-Estafas;2013;0
DESCONOCIDA;5.5.-Estafas;2012;0
DESCONOCIDA;5.5.-Estafas;2011;4
DESCONOCIDA;5.5.-Estafas;2010;28
DESCONOCIDA;5.5.1.-Estafas informáticas;2023;0
DESCONOCIDA;5.5.1.-Estafas informáticas;2022;0
DESCONOCIDA;5.5.1.-Estafas informáticas;2021;0
DESCONOCIDA;5.5.1.-Estafas informáticas;2020;0
DESCONOCIDA;5.5.1.-Estafas informáticas;2019;0
DESCONOCIDA;5.5.1.-Estafas informáticas;2018;0
DESCONOCIDA;5.5.1.-Estafas informáticas;2017;0
DESCONOCIDA;5.5.1.-Estafas informáticas;2016;0
DESCONOCIDA;5.5.1.-Estafas informáticas;2015;0
DESCONOCIDA;5.5.1.-Estafas informáticas;2014;0
DESCONOCIDA;5.5.1.-Estafas informáticas;2013;0
DESCONOCIDA;5.5.1.-Estafas informáticas;2012;0
DESCONOCIDA;5.5.1.-Estafas informáticas;2011;1
DESCONOCIDA;5.5.1.-Estafas informáticas;2010;13
DESCONOCIDA;5.6.-Daños;2023;0
DESCONOCIDA;5.6.-Daños;2022;0
DESCONOCIDA;5.6.-Daños;2021;0
DESCONOCIDA;5.6.-Daños;2020;0
DESCONOCIDA;5.6.-Daños;2019;0
DESCONOCIDA;5.6.-Daños;2018;0
DESCONOCIDA;5.6.-Daños;2017;0
DESCONOCIDA;5.6.-Daños;2016;0
DESCONOCIDA;5.6.-Daños;2015;0
DESCONOCIDA;5.6.-Daños;2014;0
DESCONOCIDA;5.6.-Daños;2013;0
DESCONOCIDA;5.6.-Daños;2012;0
DESCONOCIDA;5.6.-Daños;2011;1
DESCONOCIDA;5.6.-Daños;2010;1
DESCONOCIDA;5.7.-Contra la propiedad intelectual/industrial;2023;0
DESCONOCIDA;5.7.-Contra la propiedad intelectual/industrial;2022;0
DESCONOCIDA;5.7.-Contra la propiedad intelectual/industrial;2021;0
DESCONOCIDA;5.7.-Contra la propiedad intelectual/industrial;2020;0
DESCONOCIDA;5.7.-Contra la propiedad intelectual/industrial;2019;0
DESCONOCIDA;5.7.-Contra la propiedad intelectual/industrial;2018;0
DESCONOCIDA;5.7.-Contra la propiedad intelectual/industrial;2017;0
DESCONOCIDA;5.7.-Contra la propiedad intelectual/industrial;2016;0
DESCONOCIDA;5.7.-Contra la propiedad intelectual/industrial;2015;0
DESCONOCIDA;5.7.-Contra la propiedad intelectual/industrial;2014;0
DESCONOCIDA;5.7.-Contra la propiedad intelectual/industrial;2013;0
DESCONOCIDA;5.7.-Contra la propiedad intelectual/industrial;2012;0
DESCONOCIDA;5.7.-Contra la propiedad intelectual/industrial;2011;0
DESCONOCIDA;5.7.-Contra la propiedad intelectual/industrial;2010;0
DESCONOCIDA;5.8.-Blanqueo de capitales;2023;0
DESCONOCIDA;5.8.-Blanqueo de capitales;2022;0
DESCONOCIDA;5.8.-Blanqueo de capitales;2021;0
DESCONOCIDA;5.8.-Blanqueo de capitales;2020;0
DESCONOCIDA;5.8.-Blanqueo de capitales;2019;0
DESCONOCIDA;5.8.-Blanqueo de capitales;2018;0
DESCONOCIDA;5.8.-Blanqueo de capitales;2017;0
DESCONOCIDA;5.8.-Blanqueo de capitales;2016;0
DESCONOCIDA;5.8.-Blanqueo de capitales;2015;0
DESCONOCIDA;5.8.-Blanqueo de capitales;2014;0
DESCONOCIDA;5.8.-Blanqueo de capitales;2013;0
DESCONOCIDA;5.8.-Blanqueo de capitales;2012;0
DESCONOCIDA;5.8.-Blanqueo de capitales;2011;0
DESCONOCIDA;5.8.-Blanqueo de capitales;2010;0
DESCONOCIDA;5.9.-Otros contra el patrimonio;2023;0
DESCONOCIDA;5.9.-Otros contra el patrimonio;2022;0
DESCONOCIDA;5.9.-Otros contra el patrimonio;2021;0
DESCONOCIDA;5.9.-Otros contra el patrimonio;2020;0
DESCONOCIDA;5.9.-Otros contra el patrimonio;2019;0
DESCONOCIDA;5.9.-Otros contra el patrimonio;2018;0
DESCONOCIDA;5.9.-Otros contra el patrimonio;2017;0
DESCONOCIDA;5.9.-Otros contra el patrimonio;2016;0
DESCONOCIDA;5.9.-Otros contra el patrimonio;2015;0
DESCONOCIDA;5.9.-Otros contra el patrimonio;2014;0
DESCONOCIDA;5.9.-Otros contra el patrimonio;2013;0
DESCONOCIDA;5.9.-Otros contra el patrimonio;2012;0
DESCONOCIDA;5.9.-Otros contra el patrimonio;2011;5
DESCONOCIDA;5.9.-Otros contra el patrimonio;2010;6
DESCONOCIDA;6. SEGURIDAD COLECTIVA;2023;0
DESCONOCIDA;6. SEGURIDAD COLECTIVA;2022;0
DESCONOCIDA;6. SEGURIDAD COLECTIVA;2021;0
DESCONOCIDA;6. SEGURIDAD COLECTIVA;2020;0
DESCONOCIDA;6. SEGURIDAD COLECTIVA;2019;0
DESCONOCIDA;6. SEGURIDAD COLECTIVA;2018;0
DESCONOCIDA;6. SEGURIDAD COLECTIVA;2017;0
DESCONOCIDA;6. SEGURIDAD COLECTIVA;2016;0
DESCONOCIDA;6. SEGURIDAD COLECTIVA;2015;0
DESCONOCIDA;6. SEGURIDAD COLECTIVA;2014;0
DESCONOCIDA;6. SEGURIDAD COLECTIVA;2013;0
DESCONOCIDA;6. SEGURIDAD COLECTIVA;2012;0
DESCONOCIDA;6. SEGURIDAD COLECTIVA;2011;7
DESCONOCIDA;6. SEGURIDAD COLECTIVA;2010;1
DESCONOCIDA;6.1.-Tráfico de drogas;2023;0
DESCONOCIDA;6.1.-Tráfico de drogas;2022;0
DESCONOCIDA;6.1.-Tráfico de drogas;2021;0
DESCONOCIDA;6.1.-Tráfico de drogas;2020;0
DESCONOCIDA;6.1.-Tráfico de drogas;2019;0
DESCONOCIDA;6.1.-Tráfico de drogas;2018;0
DESCONOCIDA;6.1.-Tráfico de drogas;2017;0
DESCONOCIDA;6.1.-Tráfico de drogas;2016;0
DESCONOCIDA;6.1.-Tráfico de drogas;2015;0
DESCONOCIDA;6.1.-Tráfico de drogas;2014;0
DESCONOCIDA;6.1.-Tráfico de drogas;2013;0
DESCONOCIDA;6.1.-Tráfico de drogas;2012;0
DESCONOCIDA;6.1.-Tráfico de drogas;2011;6
DESCONOCIDA;6.1.-Tráfico de drogas;2010;1
DESCONOCIDA;6.2.-Contra la seguridad vial;2023;0
DESCONOCIDA;6.2.-Contra la seguridad vial;2022;0
DESCONOCIDA;6.2.-Contra la seguridad vial;2021;0
DESCONOCIDA;6.2.-Contra la seguridad vial;2020;0
DESCONOCIDA;6.2.-Contra la seguridad vial;2019;0
DESCONOCIDA;6.2.-Contra la seguridad vial;2018;0
DESCONOCIDA;6.2.-Contra la seguridad vial;2017;0
DESCONOCIDA;6.2.-Contra la seguridad vial;2016;0
DESCONOCIDA;6.2.-Contra la seguridad vial;2015;0
DESCONOCIDA;6.2.-Contra la seguridad vial;2014;0
DESCONOCIDA;6.2.-Contra la seguridad vial;2013;0
DESCONOCIDA;6.2.-Contra la seguridad vial;2012;0
DESCONOCIDA;6.2.-Contra la seguridad vial;2011;1
DESCONOCIDA;6.2.-Contra la seguridad vial;2010;0
DESCONOCIDA;6.3.-Otros contra la seguridad colectiva;2023;0
DESCONOCIDA;6.3.-Otros contra la seguridad colectiva;2022;0
DESCONOCIDA;6.3.-Otros contra la seguridad colectiva;2021;0
DESCONOCIDA;6.3.-Otros contra la seguridad colectiva;2020;0
DESCONOCIDA;6.3.-Otros contra la seguridad colectiva;2019;0
DESCONOCIDA;6.3.-Otros contra la seguridad colectiva;2018;0
DESCONOCIDA;6.3.-Otros contra la seguridad colectiva;2017;0
DESCONOCIDA;6.3.-Otros contra la seguridad colectiva;2016;0
DESCONOCIDA;6.3.-Otros contra la seguridad colectiva;2015;0
DESCONOCIDA;6.3.-Otros contra la seguridad colectiva;2014;0
DESCONOCIDA;6.3.-Otros contra la seguridad colectiva;2013;0
DESCONOCIDA;6.3.-Otros contra la seguridad colectiva;2012;0
DESCONOCIDA;6.3.-Otros contra la seguridad colectiva;2011;0
DESCONOCIDA;6.3.-Otros contra la seguridad colectiva;2010;0
DESCONOCIDA;7. FALSEDADES;2023;0
DESCONOCIDA;7. FALSEDADES;2022;0
DESCONOCIDA;7. FALSEDADES;2021;0
DESCONOCIDA;7. FALSEDADES;2020;0
DESCONOCIDA;7. FALSEDADES;2019;0
DESCONOCIDA;7. FALSEDADES;2018;0
DESCONOCIDA;7. FALSEDADES;2017;0
DESCONOCIDA;7. FALSEDADES;2016;0
DESCONOCIDA;7. FALSEDADES;2015;0
DESCONOCIDA;7. FALSEDADES;2014;0
DESCONOCIDA;7. FALSEDADES;2013;0
DESCONOCIDA;7. FALSEDADES;2012;0
DESCONOCIDA;7. FALSEDADES;2011;1
DESCONOCIDA;7. FALSEDADES;2010;3
DESCONOCIDA;8. ADMÓN. PÚBLICA;2023;0
DESCONOCIDA;8. ADMÓN. PÚBLICA;2022;0
DESCONOCIDA;8. ADMÓN. PÚBLICA;2021;0
DESCONOCIDA;8. ADMÓN. PÚBLICA;2020;0
DESCONOCIDA;8. ADMÓN. PÚBLICA;2019;0
DESCONOCIDA;8. ADMÓN. PÚBLICA;2018;0
DESCONOCIDA;8. ADMÓN. PÚBLICA;2017;0
DESCONOCIDA;8. ADMÓN. PÚBLICA;2016;0
DESCONOCIDA;8. ADMÓN. PÚBLICA;2015;0
DESCONOCIDA;8. ADMÓN. PÚBLICA;2014;0
DESCONOCIDA;8. ADMÓN. PÚBLICA;2013;0
DESCONOCIDA;8. ADMÓN. PÚBLICA;2012;0
DESCONOCIDA;8. ADMÓN. PÚBLICA;2011;2
DESCONOCIDA;8. ADMÓN. PÚBLICA;2010;0
DESCONOCIDA;9. ADMÓN. JUSTICIA;2023;0
DESCONOCIDA;9. ADMÓN. JUSTICIA;2022;0
DESCONOCIDA;9. ADMÓN. JUSTICIA;2021;0
DESCONOCIDA;9. ADMÓN. JUSTICIA;2020;0
DESCONOCIDA;9. ADMÓN. JUSTICIA;2019;0
DESCONOCIDA;9. ADMÓN. JUSTICIA;2018;0
DESCONOCIDA;9. ADMÓN. JUSTICIA;2017;0
DESCONOCIDA;9. ADMÓN. JUSTICIA;2016;0
DESCONOCIDA;9. ADMÓN. JUSTICIA;2015;0
DESCONOCIDA;9. ADMÓN. JUSTICIA;2014;0
DESCONOCIDA;9. ADMÓN. JUSTICIA;2013;0
DESCONOCIDA;9. ADMÓN. JUSTICIA;2012;0
DESCONOCIDA;9. ADMÓN. JUSTICIA;2011;1
DESCONOCIDA;9. ADMÓN. JUSTICIA;2010;1
DESCONOCIDA;10. ORDEN PÚBLICO;2023;0
DESCONOCIDA;10. ORDEN PÚBLICO;2022;0
DESCONOCIDA;10. ORDEN PÚBLICO;2021;0
DESCONOCIDA;10. ORDEN PÚBLICO;2020;0
DESCONOCIDA;10. ORDEN PÚBLICO;2019;0
DESCONOCIDA;10. ORDEN PÚBLICO;2018;0
DESCONOCIDA;10. ORDEN PÚBLICO;2017;0
DESCONOCIDA;10. ORDEN PÚBLICO;2016;0
DESCONOCIDA;10. ORDEN PÚBLICO;2015;0
DESCONOCIDA;10. ORDEN PÚBLICO;2014;0
DESCONOCIDA;10. ORDEN PÚBLICO;2013;0
DESCONOCIDA;10. ORDEN PÚBLICO;2012;0
DESCONOCIDA;10. ORDEN PÚBLICO;2011;2
DESCONOCIDA;10. ORDEN PÚBLICO;2010;1
DESCONOCIDA;11. LEGISLACIÓN ESPECIAL;2023;0
DESCONOCIDA;11. LEGISLACIÓN ESPECIAL;2022;0
DESCONOCIDA;11. LEGISLACIÓN ESPECIAL;2021;0
DESCONOCIDA;11. LEGISLACIÓN ESPECIAL;2020;0
DESCONOCIDA;11. LEGISLACIÓN ESPECIAL;2019;0
DESCONOCIDA;11. LEGISLACIÓN ESPECIAL;2018;0
DESCONOCIDA;11. LEGISLACIÓN ESPECIAL;2017;0
DESCONOCIDA;11. LEGISLACIÓN ESPECIAL;2016;0
DESCONOCIDA;11. LEGISLACIÓN ESPECIAL;2015;0
DESCONOCIDA;11. LEGISLACIÓN ESPECIAL;2014;0
DESCONOCIDA;11. LEGISLACIÓN ESPECIAL;2013;0
DESCONOCIDA;11. LEGISLACIÓN ESPECIAL;2012;0
DESCONOCIDA;11. LEGISLACIÓN ESPECIAL;2011;0
DESCONOCIDA;11. LEGISLACIÓN ESPECIAL;2010;0
DESCONOCIDA;12. OTRAS INFRACCIONES PENALES;2023;0
DESCONOCIDA;12. OTRAS INFRACCIONES PENALES;2022;0
DESCONOCIDA;12. OTRAS INFRACCIONES PENALES;2021;0
DESCONOCIDA;12. OTRAS INFRACCIONES PENALES;2020;0
DESCONOCIDA;12. OTRAS INFRACCIONES PENALES;2019;0
DESCONOCIDA;12. OTRAS INFRACCIONES PENALES;2018;0
DESCONOCIDA;12. OTRAS INFRACCIONES PENALES;2017;0
DESCONOCIDA;12. OTRAS INFRACCIONES PENALES;2016;0
DESCONOCIDA;12. OTRAS INFRACCIONES PENALES;2015;0
DESCONOCIDA;12. OTRAS INFRACCIONES PENALES;2014;0
DESCONOCIDA;12. OTRAS INFRACCIONES PENALES;2013;0
DESCONOCIDA;12. OTRAS INFRACCIONES PENALES;2012;0
DESCONOCIDA;12. OTRAS INFRACCIONES PENALES;2011;5
DESCONOCIDA;12. OTRAS INFRACCIONES PENALES;2010;1
DESCONOCIDA;TOTAL INFRACCIONES PENALES;2023;0
DESCONOCIDA;TOTAL INFRACCIONES PENALES;2022;0
DESCONOCIDA;TOTAL INFRACCIONES PENALES;2021;0
DESCONOCIDA;TOTAL INFRACCIONES PENALES;2020;0
DESCONOCIDA;TOTAL INFRACCIONES PENALES;2019;0
DESCONOCIDA;TOTAL INFRACCIONES PENALES;2018;0
DESCONOCIDA;TOTAL INFRACCIONES PENALES;2017;0
DESCONOCIDA;TOTAL INFRACCIONES PENALES;2016;0
DESCONOCIDA;TOTAL INFRACCIONES PENALES;2015;0
DESCONOCIDA;TOTAL INFRACCIONES PENALES;2014;0
DESCONOCIDA;TOTAL INFRACCIONES PENALES;2013;1
DESCONOCIDA;TOTAL INFRACCIONES PENALES;2012;0
DESCONOCIDA;TOTAL INFRACCIONES PENALES;2011;46
DESCONOCIDA;TOTAL INFRACCIONES PENALES;2010;79
