ano,region,tipo,valor,region_raw,tipo_raw
2023,NA,1. contra las personas,195302,TOTAL NACIONAL,1. CONTRA LAS PERSONAS
2022,NA,1. contra las personas,181894,TOTAL NACIONAL,1. CONTRA LAS PERSONAS
2021,NA,1. contra las personas,159540,TOTAL NACIONAL,1. CONTRA LAS PERSONAS
2020,NA,1. contra las personas,141869,TOTAL NACIONAL,1. CONTRA LAS PERSONAS
2019,NA,1. contra las personas,159909,TOTAL NACIONAL,1. CONTRA LAS PERSONAS
2018,NA,1. contra las personas,153525,TOTAL NACIONAL,1. CONTRA LAS PERSONAS
2017,NA,1. contra las personas,150363,TOTAL NACIONAL,1. CONTRA LAS PERSONAS
2016,NA,1. contra las personas,145212,TOTAL NACIONAL,1. CONTRA LAS PERSONAS
2015,NA,1. contra las personas,189246,TOTAL NACIONAL,1. CONTRA LAS PERSONAS
2014,NA,1. contra las personas,233846,TOTAL NACIONAL,1. CONTRA LAS PERSONAS
2013,NA,1. contra las personas,230390,TOTAL NACIONAL,1. CONTRA LAS PERSONAS
2012,NA,1. contra las personas,237300,TOTAL NACIONAL,1. CONTRA LAS PERSONAS
2011,NA,1. contra las personas,244461,TOTAL NACIONAL,1. CONTRA LAS PERSONAS
2010,NA,1. contra las personas,244533,TOTAL NACIONAL,1. CONTRA LAS PERSONAS
2023,NA,1.1.-homicidios dolosos/asesinatos,1544,TOTAL NACIONAL,1.1.-Homicidios dolosos/asesinatos
2022,NA,1.1.-homicidios dolosos/asesinatos,1384,TOTAL NACIONAL,1.1.-Homicidios dolosos/asesinatos
2021,NA,1.1.-homicidios dolosos/asesinatos,1165,TOTAL NACIONAL,1.1.-Homicidios dolosos/asesinatos
2020,NA,1.1.-homicidios dolosos/asesinatos,1101,TOTAL NACIONAL,1.1.-Homicidios dolosos/asesinatos
2019,NA,1.1.-homicidios dolosos/asesinatos,1090,TOTAL NACIONAL,1.1.-Homicidios dolosos/asesinatos
2018,NA,1.1.-homicidios dolosos/asesinatos,1008,TOTAL NACIONAL,1.1.-Homicidios dolosos/asesinatos
2017,NA,1.1.-homicidios dolosos/asesinatos,1029,TOTAL NACIONAL,1.1.-Homicidios dolosos/asesinatos
2016,NA,1.1.-homicidios dolosos/asesinatos,1019,TOTAL NACIONAL,1.1.-Homicidios dolosos/asesinatos
2015,NA,1.1.-homicidios dolosos/asesinatos,893,TOTAL NACIONAL,1.1.-Homicidios dolosos/asesinatos
2014,NA,1.1.-homicidios dolosos/asesinatos,950,TOTAL NACIONAL,1.1.-Homicidios dolosos/asesinatos
2013,NA,1.1.-homicidios dolosos/asesinatos,889,TOTAL NACIONAL,1.1.-Homicidios dolosos/asesinatos
2012,NA,1.1.-homicidios dolosos/asesinatos,1031,TOTAL NACIONAL,1.1.-Homicidios dolosos/asesinatos
2011,NA,1.1.-homicidios dolosos/asesinatos,1107,TOTAL NACIONAL,1.1.-Homicidios dolosos/asesinatos
2010,NA,1.1.-homicidios dolosos/asesinatos,1103,TOTAL NACIONAL,1.1.-Homicidios dolosos/asesinatos
2023,NA,1.1.1.-homicidios dolosos/asesinatos consumados,315,TOTAL NACIONAL,1.1.1.-Homicidios dolosos/asesinatos consumados
2022,NA,1.1.1.-homicidios dolosos/asesinatos consumados,319,TOTAL NACIONAL,1.1.1.-Homicidios dolosos/asesinatos consumados
2021,NA,1.1.1.-homicidios dolosos/asesinatos consumados,261,TOTAL NACIONAL,1.1.1.-Homicidios dolosos/asesinatos consumados
2020,NA,1.1.1.-homicidios dolosos/asesinatos consumados,279,TOTAL NACIONAL,1.1.1.-Homicidios dolosos/asesinatos consumados
2019,NA,1.1.1.-homicidios dolosos/asesinatos consumados,254,TOTAL NACIONAL,1.1.1.-Homicidios dolosos/asesinatos consumados
2018,NA,1.1.1.-homicidios dolosos/asesinatos consumados,227,TOTAL NACIONAL,1.1.1.-Homicidios dolosos/asesinatos consumados
2017,NA,1.1.1.-homicidios dolosos/asesinatos consumados,236,TOTAL NACIONAL,1.1.1.-Homicidios dolosos/asesinatos consumados
2016,NA,1.1.1.-homicidios dolosos/asesinatos consumados,210,TOTAL NACIONAL,1.1.1.-Homicidios dolosos/asesinatos consumados
2015,NA,1.1.1.-homicidios dolosos/asesinatos consumados,244,TOTAL NACIONAL,1.1.1.-Homicidios dolosos/asesinatos consumados
2014,NA,1.1.1.-homicidios dolosos/asesinatos consumados,232,TOTAL NACIONAL,1.1.1.-Homicidios dolosos/asesinatos consumados
2013,NA,1.1.1.-homicidios dolosos/asesinatos consumados,228,TOTAL NACIONAL,1.1.1.-Homicidios dolosos/asesinatos consumados
2012,NA,1.1.1.-homicidios dolosos/asesinatos consumados,252,TOTAL NACIONAL,1.1.1.-Homicidios dolosos/asesinatos consumados
2011,NA,1.1.1.-homicidios dolosos/asesinatos consumados,271,TOTAL NACIONAL,1.1.1.-Homicidios dolosos/asesinatos consumados
2010,NA,1.1.1.-homicidios dolosos/asesinatos consumados,281,TOTAL NACIONAL,1.1.1.-Homicidios dolosos/asesinatos consumados
2023,NA,1.2.-lesiones,90444,TOTAL NACIONAL,1.2.-Lesiones
2022,NA,1.2.-lesiones,86577,TOTAL NACIONAL,1.2.-Lesiones
2021,NA,1.2.-lesiones,74813,TOTAL NACIONAL,1.2.-Lesiones
2020,NA,1.2.-lesiones,64416,TOTAL NACIONAL,1.2.-Lesiones
2019,NA,1.2.-lesiones,79537,TOTAL NACIONAL,1.2.-Lesiones
2018,NA,1.2.-lesiones,78214,TOTAL NACIONAL,1.2.-Lesiones
2017,NA,1.2.-lesiones,78624,TOTAL NACIONAL,1.2.-Lesiones
2016,NA,1.2.-lesiones,77292,TOTAL NACIONAL,1.2.-Lesiones
2015,NA,1.2.-lesiones,76483,TOTAL NACIONAL,1.2.-Lesiones
2014,NA,1.2.-lesiones,78117,TOTAL NACIONAL,1.2.-Lesiones
2013,NA,1.2.-lesiones,80397,TOTAL NACIONAL,1.2.-Lesiones
2012,NA,1.2.-lesiones,83307,TOTAL NACIONAL,1.2.-Lesiones
2011,NA,1.2.-lesiones,86806,TOTAL NACIONAL,1.2.-Lesiones
2010,NA,1.2.-lesiones,88238,TOTAL NACIONAL,1.2.-Lesiones
2023,NA,1.3.-malos tratos ambito familiar,98901,TOTAL NACIONAL,1.3.-Malos tratos ámbito familiar
2022,NA,1.3.-malos tratos ambito familiar,90267,TOTAL NACIONAL,1.3.-Malos tratos ámbito familiar
2021,NA,1.3.-malos tratos ambito familiar,80426,TOTAL NACIONAL,1.3.-Malos tratos ámbito familiar
2020,NA,1.3.-malos tratos ambito familiar,73699,TOTAL NACIONAL,1.3.-Malos tratos ámbito familiar
2019,NA,1.3.-malos tratos ambito familiar,76160,TOTAL NACIONAL,1.3.-Malos tratos ámbito familiar
2018,NA,1.3.-malos tratos ambito familiar,71414,TOTAL NACIONAL,1.3.-Malos tratos ámbito familiar
2017,NA,1.3.-malos tratos ambito familiar,68589,TOTAL NACIONAL,1.3.-Malos tratos ámbito familiar
2016,NA,1.3.-malos tratos ambito familiar,65493,TOTAL NACIONAL,1.3.-Malos tratos ámbito familiar
2015,NA,1.3.-malos tratos ambito familiar,63117,TOTAL NACIONAL,1.3.-Malos tratos ámbito familiar
2014,NA,1.3.-malos tratos ambito familiar,61442,TOTAL NACIONAL,1.3.-Malos tratos ámbito familiar
2013,NA,1.3.-malos tratos ambito familiar,58989,TOTAL NACIONAL,1.3.-Malos tratos ámbito familiar
2012,NA,1.3.-malos tratos ambito familiar,58903,TOTAL NACIONAL,1.3.-Malos tratos ámbito familiar
2011,NA,1.3.-malos tratos ambito familiar,61043,TOTAL NACIONAL,1.3.-Malos tratos ámbito familiar
2010,NA,1.3.-malos tratos ambito familiar,59593,TOTAL NACIONAL,1.3.-Malos tratos ámbito familiar
2023,NA,1.4.-otros contra las personas,4413,TOTAL NACIONAL,1.4.-Otros contra las personas
2022,NA,1.4.-otros contra las personas,3666,TOTAL NACIONAL,1.4.-Otros contra las personas
2021,NA,1.4.-otros contra las personas,3136,TOTAL NACIONAL,1.4.-Otros contra las personas
2020,NA,1.4.-otros contra las personas,2653,TOTAL NACIONAL,1.4.-Otros contra las personas
2019,NA,1.4.-otros contra las personas,3122,TOTAL NACIONAL,1.4.-Otros contra las personas
2018,NA,1.4.-otros contra las personas,2889,TOTAL NACIONAL,1.4.-Otros contra las personas
2017,NA,1.4.-otros contra las personas,2121,TOTAL NACIONAL,1.4.-Otros contra las personas
2016,NA,1.4.-otros contra las personas,1408,TOTAL NACIONAL,1.4.-Otros contra las personas
2015,NA,1.4.-otros contra las personas,48753,TOTAL NACIONAL,1.4.-Otros contra las personas
2014,NA,1.4.-otros contra las personas,93337,TOTAL NACIONAL,1.4.-Otros contra las personas
2013,NA,1.4.-otros contra las personas,90115,TOTAL NACIONAL,1.4.-Otros contra las personas
2012,NA,1.4.-otros contra las personas,94059,TOTAL NACIONAL,1.4.-Otros contra las personas
2011,NA,1.4.-otros contra las personas,95505,TOTAL NACIONAL,1.4.-Otros contra las personas
2010,NA,1.4.-otros contra las personas,95599,TOTAL NACIONAL,1.4.-Otros contra las personas
2023,NA,2. contra la libertad,120003,TOTAL NACIONAL,2. CONTRA LA LIBERTAD
2022,NA,2. contra la libertad,107702,TOTAL NACIONAL,2. CONTRA LA LIBERTAD
2021,NA,2. contra la libertad,104418,TOTAL NACIONAL,2. CONTRA LA LIBERTAD
2020,NA,2. contra la libertad,94335,TOTAL NACIONAL,2. CONTRA LA LIBERTAD
2019,NA,2. contra la libertad,96246,TOTAL NACIONAL,2. CONTRA LA LIBERTAD
2018,NA,2. contra la libertad,92985,TOTAL NACIONAL,2. CONTRA LA LIBERTAD
2017,NA,2. contra la libertad,93015,TOTAL NACIONAL,2. CONTRA LA LIBERTAD
2016,NA,2. contra la libertad,89305,TOTAL NACIONAL,2. CONTRA LA LIBERTAD
2015,NA,2. contra la libertad,60388,TOTAL NACIONAL,2. CONTRA LA LIBERTAD
2014,NA,2. contra la libertad,34292,TOTAL NACIONAL,2. CONTRA LA LIBERTAD
2013,NA,2. contra la libertad,35164,TOTAL NACIONAL,2. CONTRA LA LIBERTAD
2012,NA,2. contra la libertad,35858,TOTAL NACIONAL,2. CONTRA LA LIBERTAD
2011,NA,2. contra la libertad,36522,TOTAL NACIONAL,2. CONTRA LA LIBERTAD
2010,NA,2. contra la libertad,34862,TOTAL NACIONAL,2. CONTRA LA LIBERTAD
2023,NA,2.1.-malos tratos habituales en el ambito familiar,14705,TOTAL NACIONAL,2.1.-Malos tratos habituales en el ámbito familiar
2022,NA,2.1.-malos tratos habituales en el ambito familiar,13288,TOTAL NACIONAL,2.1.-Malos tratos habituales en el ámbito familiar
2021,NA,2.1.-malos tratos habituales en el ambito familiar,12617,TOTAL NACIONAL,2.1.-Malos tratos habituales en el ámbito familiar
2020,NA,2.1.-malos tratos habituales en el ambito familiar,11329,TOTAL NACIONAL,2.1.-Malos tratos habituales en el ámbito familiar
2019,NA,2.1.-malos tratos habituales en el ambito familiar,11860,TOTAL NACIONAL,2.1.-Malos tratos habituales en el ámbito familiar
2018,NA,2.1.-malos tratos habituales en el ambito familiar,11347,TOTAL NACIONAL,2.1.-Malos tratos habituales en el ámbito familiar
2017,NA,2.1.-malos tratos habituales en el ambito familiar,11379,TOTAL NACIONAL,2.1.-Malos tratos habituales en el ámbito familiar
2016,NA,2.1.-malos tratos habituales en el ambito familiar,11489,TOTAL NACIONAL,2.1.-Malos tratos habituales en el ámbito familiar
2015,NA,2.1.-malos tratos habituales en el ambito familiar,12230,TOTAL NACIONAL,2.1.-Malos tratos habituales en el ámbito familiar
2014,NA,2.1.-malos tratos habituales en el ambito familiar,12410,TOTAL NACIONAL,2.1.-Malos tratos habituales en el ámbito familiar
2013,NA,2.1.-malos tratos habituales en el ambito familiar,13344,TOTAL NACIONAL,2.1.-Malos tratos habituales en el ámbito familiar
2012,NA,2.1.-malos tratos habituales en el ambito familiar,14114,TOTAL NACIONAL,2.1.-Malos tratos habituales en el ámbito familiar
2011,NA,2.1.-malos tratos habituales en el ambito familiar,14324,TOTAL NACIONAL,2.1.-Malos tratos habituales en el ámbito familiar
2010,NA,2.1.-malos tratos habituales en el ambito familiar,14403,TOTAL NACIONAL,2.1.-Malos tratos habituales en el ámbito familiar
2023,NA,2.2.-otros contra la libertad,105298,TOTAL NACIONAL,2.2.-Otros contra la libertad
2022,NA,2.2.-otros contra la libertad,94414,TOTAL NACIONAL,2.2.-Otros contra la libertad
2021,NA,2.2.-otros contra la libertad,91801,TOTAL NACIONAL,2.2.-Otros contra la libertad
2020,NA,2.2.-otros contra la libertad,83006,TOTAL NACIONAL,2.2.-Otros contra la libertad
2019,NA,2.2.-otros contra la libertad,84386,TOTAL NACIONAL,2.2.-Otros contra la libertad
2018,NA,2.2.-otros contra la libertad,81638,TOTAL NACIONAL,2.2.-Otros contra la libertad
2017,NA,2.2.-otros contra la libertad,81636,TOTAL NACIONAL,2.2.-Otros contra la libertad
2016,NA,2.2.-otros contra la libertad,77816,TOTAL NACIONAL,2.2.-Otros contra la libertad
2015,NA,2.2.-otros contra la libertad,48158,TOTAL NACIONAL,2.2.-Otros contra la libertad
2014,NA,2.2.-otros contra la libertad,21882,TOTAL NACIONAL,2.2.-Otros contra la libertad
2013,NA,2.2.-otros contra la libertad,21820,TOTAL NACIONAL,2.2.-Otros contra la libertad
2012,NA,2.2.-otros contra la libertad,21744,TOTAL NACIONAL,2.2.-Otros contra la libertad
2011,NA,2.2.-otros contra la libertad,22198,TOTAL NACIONAL,2.2.-Otros contra la libertad
2010,NA,2.2.-otros contra la libertad,20459,TOTAL NACIONAL,2.2.-Otros contra la libertad
2023,NA,3. libertad sexual,17064,TOTAL NACIONAL,3. LIBERTAD SEXUAL
2022,NA,3. libertad sexual,14555,TOTAL NACIONAL,3. LIBERTAD SEXUAL
2021,NA,3. libertad sexual,13253,TOTAL NACIONAL,3. LIBERTAD SEXUAL
2020,NA,3. libertad sexual,10293,TOTAL NACIONAL,3. LIBERTAD SEXUAL
2019,NA,3. libertad sexual,11887,TOTAL NACIONAL,3. LIBERTAD SEXUAL
2018,NA,3. libertad sexual,10674,TOTAL NACIONAL,3. LIBERTAD SEXUAL
2017,NA,3. libertad sexual,8894,TOTAL NACIONAL,3. LIBERTAD SEXUAL
2016,NA,3. libertad sexual,8381,TOTAL NACIONAL,3. LIBERTAD SEXUAL
2015,NA,3. libertad sexual,7500,TOTAL NACIONAL,3. LIBERTAD SEXUAL
2014,NA,3. libertad sexual,7088,TOTAL NACIONAL,3. LIBERTAD SEXUAL
2013,NA,3. libertad sexual,6766,TOTAL NACIONAL,3. LIBERTAD SEXUAL
2012,NA,3. libertad sexual,6698,TOTAL NACIONAL,3. LIBERTAD SEXUAL
2011,NA,3. libertad sexual,7155,TOTAL NACIONAL,3. LIBERTAD SEXUAL
2010,NA,3. libertad sexual,7651,TOTAL NACIONAL,3. LIBERTAD SEXUAL
2023,NA,3.1.-agresion sexual,10096,TOTAL NACIONAL,3.1.-Agresión sexual
2022,NA,3.1.-agresion sexual,8980,TOTAL NACIONAL,3.1.-Agresión sexual
2021,NA,3.1.-agresion sexual,8052,TOTAL NACIONAL,3.1.-Agresión sexual
2020,NA,3.1.-agresion sexual,5964,TOTAL NACIONAL,3.1.-Agresión sexual
2019,NA,3.1.-agresion sexual,7022,TOTAL NACIONAL,3.1.-Agresión sexual
2018,NA,3.1.-agresion sexual,6224,TOTAL NACIONAL,3.1.-Agresión sexual
2017,NA,3.1.-agresion sexual,5040,TOTAL NACIONAL,3.1.-Agresión sexual
2016,NA,3.1.-agresion sexual,4806,TOTAL NACIONAL,3.1.-Agresión sexual
2015,NA,3.1.-agresion sexual,4026,TOTAL NACIONAL,3.1.-Agresión sexual
2014,NA,3.1.-agresion sexual,3806,TOTAL NACIONAL,3.1.-Agresión sexual
2013,NA,3.1.-agresion sexual,3605,TOTAL NACIONAL,3.1.-Agresión sexual
2012,NA,3.1.-agresion sexual,3763,TOTAL NACIONAL,3.1.-Agresión sexual
2011,NA,3.1.-agresion sexual,3946,TOTAL NACIONAL,3.1.-Agresión sexual
2010,NA,3.1.-agresion sexual,4004,TOTAL NACIONAL,3.1.-Agresión sexual
2023,NA,3.2.-agresion sexual con penetracion,4052,TOTAL NACIONAL,3.2.-Agresión sexual con penetración
2022,NA,3.2.-agresion sexual con penetracion,3410,TOTAL NACIONAL,3.2.-Agresión sexual con penetración
2021,NA,3.2.-agresion sexual con penetracion,3128,TOTAL NACIONAL,3.2.-Agresión sexual con penetración
2020,NA,3.2.-agresion sexual con penetracion,2364,TOTAL NACIONAL,3.2.-Agresión sexual con penetración
2019,NA,3.2.-agresion sexual con penetracion,2554,TOTAL NACIONAL,3.2.-Agresión sexual con penetración
2018,NA,3.2.-agresion sexual con penetracion,2318,TOTAL NACIONAL,3.2.-Agresión sexual con penetración
2017,NA,3.2.-agresion sexual con penetracion,1760,TOTAL NACIONAL,3.2.-Agresión sexual con penetración
2016,NA,3.2.-agresion sexual con penetracion,1514,TOTAL NACIONAL,3.2.-Agresión sexual con penetración
2015,NA,3.2.-agresion sexual con penetracion,1399,TOTAL NACIONAL,3.2.-Agresión sexual con penetración
2014,NA,3.2.-agresion sexual con penetracion,1325,TOTAL NACIONAL,3.2.-Agresión sexual con penetración
2013,NA,3.2.-agresion sexual con penetracion,1395,TOTAL NACIONAL,3.2.-Agresión sexual con penetración
2012,NA,3.2.-agresion sexual con penetracion,1326,TOTAL NACIONAL,3.2.-Agresión sexual con penetración
2011,NA,3.2.-agresion sexual con penetracion,1519,TOTAL NACIONAL,3.2.-Agresión sexual con penetración
2010,NA,3.2.-agresion sexual con penetracion,1670,TOTAL NACIONAL,3.2.-Agresión sexual con penetración
2023,NA,3.3.-corrupcion de menores o incapacitados,269,TOTAL NACIONAL,3.3.-Corrupción de menores o incapacitados
2022,NA,3.3.-corrupcion de menores o incapacitados,269,TOTAL NACIONAL,3.3.-Corrupción de menores o incapacitados
2021,NA,3.3.-corrupcion de menores o incapacitados,239,TOTAL NACIONAL,3.3.-Corrupción de menores o incapacitados
2020,NA,3.3.-corrupcion de menores o incapacitados,242,TOTAL NACIONAL,3.3.-Corrupción de menores o incapacitados
2019,NA,3.3.-corrupcion de menores o incapacitados,276,TOTAL NACIONAL,3.3.-Corrupción de menores o incapacitados
2018,NA,3.3.-corrupcion de menores o incapacitados,206,TOTAL NACIONAL,3.3.-Corrupción de menores o incapacitados
2017,NA,3.3.-corrupcion de menores o incapacitados,333,TOTAL NACIONAL,3.3.-Corrupción de menores o incapacitados
2016,NA,3.3.-corrupcion de menores o incapacitados,292,TOTAL NACIONAL,3.3.-Corrupción de menores o incapacitados
2015,NA,3.3.-corrupcion de menores o incapacitados,358,TOTAL NACIONAL,3.3.-Corrupción de menores o incapacitados
2014,NA,3.3.-corrupcion de menores o incapacitados,286,TOTAL NACIONAL,3.3.-Corrupción de menores o incapacitados
2013,NA,3.3.-corrupcion de menores o incapacitados,253,TOTAL NACIONAL,3.3.-Corrupción de menores o incapacitados
2012,NA,3.3.-corrupcion de menores o incapacitados,197,TOTAL NACIONAL,3.3.-Corrupción de menores o incapacitados
2011,NA,3.3.-corrupcion de menores o incapacitados,173,TOTAL NACIONAL,3.3.-Corrupción de menores o incapacitados
2010,NA,3.3.-corrupcion de menores o incapacitados,244,TOTAL NACIONAL,3.3.-Corrupción de menores o incapacitados
2023,NA,3.4.-pornografia de menores,670,TOTAL NACIONAL,3.4.-Pornografía de menores
2022,NA,3.4.-pornografia de menores,464,TOTAL NACIONAL,3.4.-Pornografía de menores
2021,NA,3.4.-pornografia de menores,502,TOTAL NACIONAL,3.4.-Pornografía de menores
2020,NA,3.4.-pornografia de menores,450,TOTAL NACIONAL,3.4.-Pornografía de menores
2019,NA,3.4.-pornografia de menores,620,TOTAL NACIONAL,3.4.-Pornografía de menores
2018,NA,3.4.-pornografia de menores,668,TOTAL NACIONAL,3.4.-Pornografía de menores
2017,NA,3.4.-pornografia de menores,518,TOTAL NACIONAL,3.4.-Pornografía de menores
2016,NA,3.4.-pornografia de menores,477,TOTAL NACIONAL,3.4.-Pornografía de menores
2015,NA,3.4.-pornografia de menores,540,TOTAL NACIONAL,3.4.-Pornografía de menores
2014,NA,3.4.-pornografia de menores,425,TOTAL NACIONAL,3.4.-Pornografía de menores
2013,NA,3.4.-pornografia de menores,305,TOTAL NACIONAL,3.4.-Pornografía de menores
2012,NA,3.4.-pornografia de menores,363,TOTAL NACIONAL,3.4.-Pornografía de menores
2011,NA,3.4.-pornografia de menores,348,TOTAL NACIONAL,3.4.-Pornografía de menores
2010,NA,3.4.-pornografia de menores,483,TOTAL NACIONAL,3.4.-Pornografía de menores
2023,NA,3.5.-otros contra la libertad sexual,1977,TOTAL NACIONAL,3.5.-Otros contra la libertad sexual
2022,NA,3.5.-otros contra la libertad sexual,1432,TOTAL NACIONAL,3.5.-Otros contra la libertad sexual
2021,NA,3.5.-otros contra la libertad sexual,1332,TOTAL NACIONAL,3.5.-Otros contra la libertad sexual
2020,NA,3.5.-otros contra la libertad sexual,1273,TOTAL NACIONAL,3.5.-Otros contra la libertad sexual
2019,NA,3.5.-otros contra la libertad sexual,1415,TOTAL NACIONAL,3.5.-Otros contra la libertad sexual
2018,NA,3.5.-otros contra la libertad sexual,1258,TOTAL NACIONAL,3.5.-Otros contra la libertad sexual
2017,NA,3.5.-otros contra la libertad sexual,1243,TOTAL NACIONAL,3.5.-Otros contra la libertad sexual
2016,NA,3.5.-otros contra la libertad sexual,1292,TOTAL NACIONAL,3.5.-Otros contra la libertad sexual
2015,NA,3.5.-otros contra la libertad sexual,1177,TOTAL NACIONAL,3.5.-Otros contra la libertad sexual
2014,NA,3.5.-otros contra la libertad sexual,1246,TOTAL NACIONAL,3.5.-Otros contra la libertad sexual
2013,NA,3.5.-otros contra la libertad sexual,1208,TOTAL NACIONAL,3.5.-Otros contra la libertad sexual
2012,NA,3.5.-otros contra la libertad sexual,1049,TOTAL NACIONAL,3.5.-Otros contra la libertad sexual
2011,NA,3.5.-otros contra la libertad sexual,1169,TOTAL NACIONAL,3.5.-Otros contra la libertad sexual
2010,NA,3.5.-otros contra la libertad sexual,1250,TOTAL NACIONAL,3.5.-Otros contra la libertad sexual
2023,NA,4. relaciones familiares,7043,TOTAL NACIONAL,4. RELACIONES FAMILIARES
2022,NA,4. relaciones familiares,7055,TOTAL NACIONAL,4. RELACIONES FAMILIARES
2021,NA,4. relaciones familiares,6970,TOTAL NACIONAL,4. RELACIONES FAMILIARES
2020,NA,4. relaciones familiares,6397,TOTAL NACIONAL,4. RELACIONES FAMILIARES
2019,NA,4. relaciones familiares,6846,TOTAL NACIONAL,4. RELACIONES FAMILIARES
2018,NA,4. relaciones familiares,7089,TOTAL NACIONAL,4. RELACIONES FAMILIARES
2017,NA,4. relaciones familiares,7401,TOTAL NACIONAL,4. RELACIONES FAMILIARES
2016,NA,4. relaciones familiares,7465,TOTAL NACIONAL,4. RELACIONES FAMILIARES
2015,NA,4. relaciones familiares,8794,TOTAL NACIONAL,4. RELACIONES FAMILIARES
2014,NA,4. relaciones familiares,9435,TOTAL NACIONAL,4. RELACIONES FAMILIARES
2013,NA,4. relaciones familiares,9143,TOTAL NACIONAL,4. RELACIONES FAMILIARES
2012,NA,4. relaciones familiares,9157,TOTAL NACIONAL,4. RELACIONES FAMILIARES
2011,NA,4. relaciones familiares,7977,TOTAL NACIONAL,4. RELACIONES FAMILIARES
2010,NA,4. relaciones familiares,7057,TOTAL NACIONAL,4. RELACIONES FAMILIARES
2023,NA,5. patrimonio,343285,TOTAL NACIONAL,5. PATRIMONIO
2022,NA,5. patrimonio,305922,TOTAL NACIONAL,5. PATRIMONIO
2021,NA,5. patrimonio,260085,TOTAL NACIONAL,5. PATRIMONIO
2020,NA,5. patrimonio,233211,TOTAL NACIONAL,5. PATRIMONIO
2019,NA,5. patrimonio,291270,TOTAL NACIONAL,5. PATRIMONIO
2018,NA,5. patrimonio,281008,TOTAL NACIONAL,5. PATRIMONIO
2017,NA,5. patrimonio,274547,TOTAL NACIONAL,5. PATRIMONIO
2016,NA,5. patrimonio,273027,TOTAL NACIONAL,5. PATRIMONIO
2015,NA,5. patrimonio,273069,TOTAL NACIONAL,5. PATRIMONIO
2014,NA,5. patrimonio,298162,TOTAL NACIONAL,5. PATRIMONIO
2013,NA,5. patrimonio,314507,TOTAL NACIONAL,5. PATRIMONIO
2012,NA,5. patrimonio,293922,TOTAL NACIONAL,5. PATRIMONIO
2011,NA,5. patrimonio,282680,TOTAL NACIONAL,5. PATRIMONIO
2010,NA,5. patrimonio,286627,TOTAL NACIONAL,5. PATRIMONIO
2023,NA,5.1.-hurtos,132759,TOTAL NACIONAL,5.1.-Hurtos
2022,NA,5.1.-hurtos,113226,TOTAL NACIONAL,5.1.-Hurtos
2021,NA,5.1.-hurtos,89799,TOTAL NACIONAL,5.1.-Hurtos
2020,NA,5.1.-hurtos,77262,TOTAL NACIONAL,5.1.-Hurtos
2019,NA,5.1.-hurtos,111318,TOTAL NACIONAL,5.1.-Hurtos
2018,NA,5.1.-hurtos,109908,TOTAL NACIONAL,5.1.-Hurtos
2017,NA,5.1.-hurtos,109895,TOTAL NACIONAL,5.1.-Hurtos
2016,NA,5.1.-hurtos,109627,TOTAL NACIONAL,5.1.-Hurtos
2015,NA,5.1.-hurtos,111625,TOTAL NACIONAL,5.1.-Hurtos
2014,NA,5.1.-hurtos,120763,TOTAL NACIONAL,5.1.-Hurtos
2013,NA,5.1.-hurtos,126519,TOTAL NACIONAL,5.1.-Hurtos
2012,NA,5.1.-hurtos,117459,TOTAL NACIONAL,5.1.-Hurtos
2011,NA,5.1.-hurtos,109396,TOTAL NACIONAL,5.1.-Hurtos
2010,NA,5.1.-hurtos,105448,TOTAL NACIONAL,5.1.-Hurtos
2023,NA,5.2.-robos con fuerza en las cosas,40050,TOTAL NACIONAL,5.2.-Robos con fuerza en las cosas
2022,NA,5.2.-robos con fuerza en las cosas,35668,TOTAL NACIONAL,5.2.-Robos con fuerza en las cosas
2021,NA,5.2.-robos con fuerza en las cosas,31201,TOTAL NACIONAL,5.2.-Robos con fuerza en las cosas
2020,NA,5.2.-robos con fuerza en las cosas,31282,TOTAL NACIONAL,5.2.-Robos con fuerza en las cosas
2019,NA,5.2.-robos con fuerza en las cosas,39704,TOTAL NACIONAL,5.2.-Robos con fuerza en las cosas
2018,NA,5.2.-robos con fuerza en las cosas,40365,TOTAL NACIONAL,5.2.-Robos con fuerza en las cosas
2017,NA,5.2.-robos con fuerza en las cosas,43532,TOTAL NACIONAL,5.2.-Robos con fuerza en las cosas
2016,NA,5.2.-robos con fuerza en las cosas,45511,TOTAL NACIONAL,5.2.-Robos con fuerza en las cosas
2015,NA,5.2.-robos con fuerza en las cosas,44417,TOTAL NACIONAL,5.2.-Robos con fuerza en las cosas
2014,NA,5.2.-robos con fuerza en las cosas,54622,TOTAL NACIONAL,5.2.-Robos con fuerza en las cosas
2013,NA,5.2.-robos con fuerza en las cosas,62150,TOTAL NACIONAL,5.2.-Robos con fuerza en las cosas
2012,NA,5.2.-robos con fuerza en las cosas,54572,TOTAL NACIONAL,5.2.-Robos con fuerza en las cosas
2011,NA,5.2.-robos con fuerza en las cosas,55755,TOTAL NACIONAL,5.2.-Robos con fuerza en las cosas
2010,NA,5.2.-robos con fuerza en las cosas,61805,TOTAL NACIONAL,5.2.-Robos con fuerza en las cosas
2023,NA,5.2.1.-robos con fuerza en las cosas en el interior de vehiculos,10438,TOTAL NACIONAL,5.2.1.-Robos con fuerza en las cosas en el interior de vehículos
2022,NA,5.2.1.-robos con fuerza en las cosas en el interior de vehiculos,9060,TOTAL NACIONAL,5.2.1.-Robos con fuerza en las cosas en el interior de vehículos
2021,NA,5.2.1.-robos con fuerza en las cosas en el interior de vehiculos,7742,TOTAL NACIONAL,5.2.1.-Robos con fuerza en las cosas en el interior de vehículos
2020,NA,5.2.1.-robos con fuerza en las cosas en el interior de vehiculos,6103,TOTAL NACIONAL,5.2.1.-Robos con fuerza en las cosas en el interior de vehículos
2019,NA,5.2.1.-robos con fuerza en las cosas en el interior de vehiculos,8567,TOTAL NACIONAL,5.2.1.-Robos con fuerza en las cosas en el interior de vehículos
2018,NA,5.2.1.-robos con fuerza en las cosas en el interior de vehiculos,8272,TOTAL NACIONAL,5.2.1.-Robos con fuerza en las cosas en el interior de vehículos
2017,NA,5.2.1.-robos con fuerza en las cosas en el interior de vehiculos,10239,TOTAL NACIONAL,5.2.1.-Robos con fuerza en las cosas en el interior de vehículos
2016,NA,5.2.1.-robos con fuerza en las cosas en el interior de vehiculos,10574,TOTAL NACIONAL,5.2.1.-Robos con fuerza en las cosas en el interior de vehículos
2015,NA,5.2.1.-robos con fuerza en las cosas en el interior de vehiculos,9754,TOTAL NACIONAL,5.2.1.-Robos con fuerza en las cosas en el interior de vehículos
2014,NA,5.2.1.-robos con fuerza en las cosas en el interior de vehiculos,11754,TOTAL NACIONAL,5.2.1.-Robos con fuerza en las cosas en el interior de vehículos
2013,NA,5.2.1.-robos con fuerza en las cosas en el interior de vehiculos,13496,TOTAL NACIONAL,5.2.1.-Robos con fuerza en las cosas en el interior de vehículos
2012,NA,5.2.1.-robos con fuerza en las cosas en el interior de vehiculos,13354,TOTAL NACIONAL,5.2.1.-Robos con fuerza en las cosas en el interior de vehículos
2011,NA,5.2.1.-robos con fuerza en las cosas en el interior de vehiculos,14786,TOTAL NACIONAL,5.2.1.-Robos con fuerza en las cosas en el interior de vehículos
2010,NA,5.2.1.-robos con fuerza en las cosas en el interior de vehiculos,14007,TOTAL NACIONAL,5.2.1.-Robos con fuerza en las cosas en el interior de vehículos
2023,NA,5.2.2.-robos con fuerza en viviendas,11762,TOTAL NACIONAL,5.2.2.-Robos con fuerza en viviendas
2022,NA,5.2.2.-robos con fuerza en viviendas,10927,TOTAL NACIONAL,5.2.2.-Robos con fuerza en viviendas
2021,NA,5.2.2.-robos con fuerza en viviendas,10004,TOTAL NACIONAL,5.2.2.-Robos con fuerza en viviendas
2020,NA,5.2.2.-robos con fuerza en viviendas,10753,TOTAL NACIONAL,5.2.2.-Robos con fuerza en viviendas
2019,NA,5.2.2.-robos con fuerza en viviendas,10775,TOTAL NACIONAL,5.2.2.-Robos con fuerza en viviendas
2018,NA,5.2.2.-robos con fuerza en viviendas,12028,TOTAL NACIONAL,5.2.2.-Robos con fuerza en viviendas
2017,NA,5.2.2.-robos con fuerza en viviendas,13030,TOTAL NACIONAL,5.2.2.-Robos con fuerza en viviendas
2016,NA,5.2.2.-robos con fuerza en viviendas,13715,TOTAL NACIONAL,5.2.2.-Robos con fuerza en viviendas
2015,NA,5.2.2.-robos con fuerza en viviendas,12995,TOTAL NACIONAL,5.2.2.-Robos con fuerza en viviendas
2014,NA,5.2.2.-robos con fuerza en viviendas,16754,TOTAL NACIONAL,5.2.2.-Robos con fuerza en viviendas
2013,NA,5.2.2.-robos con fuerza en viviendas,18416,TOTAL NACIONAL,5.2.2.-Robos con fuerza en viviendas
2012,NA,5.2.2.-robos con fuerza en viviendas,13643,TOTAL NACIONAL,5.2.2.-Robos con fuerza en viviendas
2011,NA,5.2.2.-robos con fuerza en viviendas,10737,TOTAL NACIONAL,5.2.2.-Robos con fuerza en viviendas
2010,NA,5.2.2.-robos con fuerza en viviendas,12948,TOTAL NACIONAL,5.2.2.-Robos con fuerza en viviendas
2023,NA,5.2.3.-robos con fuerza en establecimientos,9411,TOTAL NACIONAL,5.2.3.-Robos con fuerza en establecimientos
2022,NA,5.2.3.-robos con fuerza en establecimientos,8086,TOTAL NACIONAL,5.2.3.-Robos con fuerza en establecimientos
2021,NA,5.2.3.-robos con fuerza en establecimientos,7145,TOTAL NACIONAL,5.2.3.-Robos con fuerza en establecimientos
2020,NA,5.2.3.-robos con fuerza en establecimientos,7570,TOTAL NACIONAL,5.2.3.-Robos con fuerza en establecimientos
2019,NA,5.2.3.-robos con fuerza en establecimientos,7461,TOTAL NACIONAL,5.2.3.-Robos con fuerza en establecimientos
2018,NA,5.2.3.-robos con fuerza en establecimientos,7005,TOTAL NACIONAL,5.2.3.-Robos con fuerza en establecimientos
2017,NA,5.2.3.-robos con fuerza en establecimientos,7789,TOTAL NACIONAL,5.2.3.-Robos con fuerza en establecimientos
2016,NA,5.2.3.-robos con fuerza en establecimientos,7900,TOTAL NACIONAL,5.2.3.-Robos con fuerza en establecimientos
2015,NA,5.2.3.-robos con fuerza en establecimientos,7448,TOTAL NACIONAL,5.2.3.-Robos con fuerza en establecimientos
2014,NA,5.2.3.-robos con fuerza en establecimientos,8235,TOTAL NACIONAL,5.2.3.-Robos con fuerza en establecimientos
2013,NA,5.2.3.-robos con fuerza en establecimientos,9040,TOTAL NACIONAL,5.2.3.-Robos con fuerza en establecimientos
2012,NA,5.2.3.-robos con fuerza en establecimientos,8198,TOTAL NACIONAL,5.2.3.-Robos con fuerza en establecimientos
2011,NA,5.2.3.-robos con fuerza en establecimientos,8548,TOTAL NACIONAL,5.2.3.-Robos con fuerza en establecimientos
2010,NA,5.2.3.-robos con fuerza en establecimientos,9832,TOTAL NACIONAL,5.2.3.-Robos con fuerza en establecimientos
2023,NA,5.3.-robos con violencia o intimidacion,21381,TOTAL NACIONAL,5.3.-Robos con violencia o intimidación
2022,NA,5.3.-robos con violencia o intimidacion,19040,TOTAL NACIONAL,5.3.-Robos con violencia o intimidación
2021,NA,5.3.-robos con violencia o intimidacion,16037,TOTAL NACIONAL,5.3.-Robos con violencia o intimidación
2020,NA,5.3.-robos con violencia o intimidacion,14569,TOTAL NACIONAL,5.3.-Robos con violencia o intimidación
2019,NA,5.3.-robos con violencia o intimidacion,18196,TOTAL NACIONAL,5.3.-Robos con violencia o intimidación
2018,NA,5.3.-robos con violencia o intimidacion,16043,TOTAL NACIONAL,5.3.-Robos con violencia o intimidación
2017,NA,5.3.-robos con violencia o intimidacion,16049,TOTAL NACIONAL,5.3.-Robos con violencia o intimidación
2016,NA,5.3.-robos con violencia o intimidacion,16355,TOTAL NACIONAL,5.3.-Robos con violencia o intimidación
2015,NA,5.3.-robos con violencia o intimidacion,16028,TOTAL NACIONAL,5.3.-Robos con violencia o intimidación
2014,NA,5.3.-robos con violencia o intimidacion,18383,TOTAL NACIONAL,5.3.-Robos con violencia o intimidación
2013,NA,5.3.-robos con violencia o intimidacion,22064,TOTAL NACIONAL,5.3.-Robos con violencia o intimidación
2012,NA,5.3.-robos con violencia o intimidacion,21820,TOTAL NACIONAL,5.3.-Robos con violencia o intimidación
2011,NA,5.3.-robos con violencia o intimidacion,21146,TOTAL NACIONAL,5.3.-Robos con violencia o intimidación
2010,NA,5.3.-robos con violencia o intimidacion,21666,TOTAL NACIONAL,5.3.-Robos con violencia o intimidación
2023,NA,5.3.1.-robos con violencia en via publica,12405,TOTAL NACIONAL,5.3.1.-Robos con violencia en vía pública
2022,NA,5.3.1.-robos con violencia en via publica,10911,TOTAL NACIONAL,5.3.1.-Robos con violencia en vía pública
2021,NA,5.3.1.-robos con violencia en via publica,8999,TOTAL NACIONAL,5.3.1.-Robos con violencia en vía pública
2020,NA,5.3.1.-robos con violencia en via publica,7998,TOTAL NACIONAL,5.3.1.-Robos con violencia en vía pública
2019,NA,5.3.1.-robos con violencia en via publica,6927,TOTAL NACIONAL,5.3.1.-Robos con violencia en vía pública
2018,NA,5.3.1.-robos con violencia en via publica,5996,TOTAL NACIONAL,5.3.1.-Robos con violencia en vía pública
2017,NA,5.3.1.-robos con violencia en via publica,6463,TOTAL NACIONAL,5.3.1.-Robos con violencia en vía pública
2016,NA,5.3.1.-robos con violencia en via publica,6737,TOTAL NACIONAL,5.3.1.-Robos con violencia en vía pública
2015,NA,5.3.1.-robos con violencia en via publica,6414,TOTAL NACIONAL,5.3.1.-Robos con violencia en vía pública
2014,NA,5.3.1.-robos con violencia en via publica,7558,TOTAL NACIONAL,5.3.1.-Robos con violencia en vía pública
2013,NA,5.3.1.-robos con violencia en via publica,8937,TOTAL NACIONAL,5.3.1.-Robos con violencia en vía pública
2012,NA,5.3.1.-robos con violencia en via publica,9278,TOTAL NACIONAL,5.3.1.-Robos con violencia en vía pública
2011,NA,5.3.1.-robos con violencia en via publica,8516,TOTAL NACIONAL,5.3.1.-Robos con violencia en vía pública
2010,NA,5.3.1.-robos con violencia en via publica,9330,TOTAL NACIONAL,5.3.1.-Robos con violencia en vía pública
2023,NA,5.3.2.-robos con violencia en viviendas,1646,TOTAL NACIONAL,5.3.2.-Robos con violencia en viviendas
2022,NA,5.3.2.-robos con violencia en viviendas,1492,TOTAL NACIONAL,5.3.2.-Robos con violencia en viviendas
2021,NA,5.3.2.-robos con violencia en viviendas,1479,TOTAL NACIONAL,5.3.2.-Robos con violencia en viviendas
2020,NA,5.3.2.-robos con violencia en viviendas,1351,TOTAL NACIONAL,5.3.2.-Robos con violencia en viviendas
2019,NA,5.3.2.-robos con violencia en viviendas,1181,TOTAL NACIONAL,5.3.2.-Robos con violencia en viviendas
2018,NA,5.3.2.-robos con violencia en viviendas,1154,TOTAL NACIONAL,5.3.2.-Robos con violencia en viviendas
2017,NA,5.3.2.-robos con violencia en viviendas,1119,TOTAL NACIONAL,5.3.2.-Robos con violencia en viviendas
2016,NA,5.3.2.-robos con violencia en viviendas,1169,TOTAL NACIONAL,5.3.2.-Robos con violencia en viviendas
2015,NA,5.3.2.-robos con violencia en viviendas,1195,TOTAL NACIONAL,5.3.2.-Robos con violencia en viviendas
2014,NA,5.3.2.-robos con violencia en viviendas,1334,TOTAL NACIONAL,5.3.2.-Robos con violencia en viviendas
2013,NA,5.3.2.-robos con violencia en viviendas,1641,TOTAL NACIONAL,5.3.2.-Robos con violencia en viviendas
2012,NA,5.3.2.-robos con violencia en viviendas,1420,TOTAL NACIONAL,5.3.2.-Robos con violencia en viviendas
2011,NA,5.3.2.-robos con violencia en viviendas,1205,TOTAL NACIONAL,5.3.2.-Robos con violencia en viviendas
2010,NA,5.3.2.-robos con violencia en viviendas,1211,TOTAL NACIONAL,5.3.2.-Robos con violencia en viviendas
2023,NA,5.3.3.-robos con violencia en establecimientos,5101,TOTAL NACIONAL,5.3.3.-Robos con violencia en establecimientos
2022,NA,5.3.3.-robos con violencia en establecimientos,4508,TOTAL NACIONAL,5.3.3.-Robos con violencia en establecimientos
2021,NA,5.3.3.-robos con violencia en establecimientos,3644,TOTAL NACIONAL,5.3.3.-Robos con violencia en establecimientos
2020,NA,5.3.3.-robos con violencia en establecimientos,3558,TOTAL NACIONAL,5.3.3.-Robos con violencia en establecimientos
2019,NA,5.3.3.-robos con violencia en establecimientos,3129,TOTAL NACIONAL,5.3.3.-Robos con violencia en establecimientos
2018,NA,5.3.3.-robos con violencia en establecimientos,2954,TOTAL NACIONAL,5.3.3.-Robos con violencia en establecimientos
2017,NA,5.3.3.-robos con violencia en establecimientos,2901,TOTAL NACIONAL,5.3.3.-Robos con violencia en establecimientos
2016,NA,5.3.3.-robos con violencia en establecimientos,2625,TOTAL NACIONAL,5.3.3.-Robos con violencia en establecimientos
2015,NA,5.3.3.-robos con violencia en establecimientos,2500,TOTAL NACIONAL,5.3.3.-Robos con violencia en establecimientos
2014,NA,5.3.3.-robos con violencia en establecimientos,2791,TOTAL NACIONAL,5.3.3.-Robos con violencia en establecimientos
2013,NA,5.3.3.-robos con violencia en establecimientos,3245,TOTAL NACIONAL,5.3.3.-Robos con violencia en establecimientos
2012,NA,5.3.3.-robos con violencia en establecimientos,2965,TOTAL NACIONAL,5.3.3.-Robos con violencia en establecimientos
2011,NA,5.3.3.-robos con violencia en establecimientos,2898,TOTAL NACIONAL,5.3.3.-Robos con violencia en establecimientos
2010,NA,5.3.3.-robos con violencia en establecimientos,3474,TOTAL NACIONAL,5.3.3.-Robos con violencia en establecimientos
2023,NA,5.4.-sustraccion de vehiculos,10854,TOTAL NACIONAL,5.4.-Sustracción de vehículos
2022,NA,5.4.-sustraccion de vehiculos,9325,TOTAL NACIONAL,5.4.-Sustracción de vehículos
2021,NA,5.4.-sustraccion de vehiculos,7893,TOTAL NACIONAL,5.4.-Sustracción de vehículos
2020,NA,5.4.-sustraccion de vehiculos,8159,TOTAL NACIONAL,5.4.-Sustracción de vehículos
2019,NA,5.4.-sustraccion de vehiculos,10981,TOTAL NACIONAL,5.4.-Sustracción de vehículos
2018,NA,5.4.-sustraccion de vehiculos,10988,TOTAL NACIONAL,5.4.-Sustracción de vehículos
2017,NA,5.4.-sustraccion de vehiculos,11909,TOTAL NACIONAL,5.4.-Sustracción de vehículos
2016,NA,5.4.-sustraccion de vehiculos,11878,TOTAL NACIONAL,5.4.-Sustracción de vehículos
2015,NA,5.4.-sustraccion de vehiculos,11660,TOTAL NACIONAL,5.4.-Sustracción de vehículos
2014,NA,5.4.-sustraccion de vehiculos,11690,TOTAL NACIONAL,5.4.-Sustracción de vehículos
2013,NA,5.4.-sustraccion de vehiculos,13105,TOTAL NACIONAL,5.4.-Sustracción de vehículos
2012,NA,5.4.-sustraccion de vehiculos,13875,TOTAL NACIONAL,5.4.-Sustracción de vehículos
2011,NA,5.4.-sustraccion de vehiculos,15519,TOTAL NACIONAL,5.4.-Sustracción de vehículos
2010,NA,5.4.-sustraccion de vehiculos,17252,TOTAL NACIONAL,5.4.-Sustracción de vehículos
2023,NA,5.5.-estafas,71284,TOTAL NACIONAL,5.5.-Estafas
2022,NA,5.5.-estafas,63046,TOTAL NACIONAL,5.5.-Estafas
2021,NA,5.5.-estafas,53765,TOTAL NACIONAL,5.5.-Estafas
2020,NA,5.5.-estafas,46601,TOTAL NACIONAL,5.5.-Estafas
2019,NA,5.5.-estafas,49856,TOTAL NACIONAL,5.5.-Estafas
2018,NA,5.5.-estafas,46091,TOTAL NACIONAL,5.5.-Estafas
2017,NA,5.5.-estafas,39235,TOTAL NACIONAL,5.5.-Estafas
2016,NA,5.5.-estafas,37910,TOTAL NACIONAL,5.5.-Estafas
2015,NA,5.5.-estafas,36074,TOTAL NACIONAL,5.5.-Estafas
2014,NA,5.5.-estafas,35659,TOTAL NACIONAL,5.5.-Estafas
2013,NA,5.5.-estafas,34852,TOTAL NACIONAL,5.5.-Estafas
2012,NA,5.5.-estafas,34019,TOTAL NACIONAL,5.5.-Estafas
2011,NA,5.5.-estafas,30319,TOTAL NACIONAL,5.5.-Estafas
2010,NA,5.5.-estafas,28514,TOTAL NACIONAL,5.5.-Estafas
2023,NA,5.5.1.-estafas informaticas,47029,TOTAL NACIONAL,5.5.1.-Estafas informáticas
2022,NA,5.5.1.-estafas informaticas,37607,TOTAL NACIONAL,5.5.1.-Estafas informáticas
2021,NA,5.5.1.-estafas informaticas,32085,TOTAL NACIONAL,5.5.1.-Estafas informáticas
2020,NA,5.5.1.-estafas informaticas,25596,TOTAL NACIONAL,5.5.1.-Estafas informáticas
2019,NA,5.5.1.-estafas informaticas,18712,TOTAL NACIONAL,5.5.1.-Estafas informáticas
2018,NA,5.5.1.-estafas informaticas,15542,TOTAL NACIONAL,5.5.1.-Estafas informáticas
2017,NA,5.5.1.-estafas informaticas,12893,TOTAL NACIONAL,5.5.1.-Estafas informáticas
2016,NA,5.5.1.-estafas informaticas,11494,TOTAL NACIONAL,5.5.1.-Estafas informáticas
2015,NA,5.5.1.-estafas informaticas,10344,TOTAL NACIONAL,5.5.1.-Estafas informáticas
2014,NA,5.5.1.-estafas informaticas,7884,TOTAL NACIONAL,5.5.1.-Estafas informáticas
2013,NA,5.5.1.-estafas informaticas,7017,TOTAL NACIONAL,5.5.1.-Estafas informáticas
2012,NA,5.5.1.-estafas informaticas,5938,TOTAL NACIONAL,5.5.1.-Estafas informáticas
2011,NA,5.5.1.-estafas informaticas,4735,TOTAL NACIONAL,5.5.1.-Estafas informáticas
2010,NA,5.5.1.-estafas informaticas,4931,TOTAL NACIONAL,5.5.1.-Estafas informáticas
2023,NA,5.6.-danos,31896,TOTAL NACIONAL,5.6.-Daños
2022,NA,5.6.-danos,31558,TOTAL NACIONAL,5.6.-Daños
2021,NA,5.6.-danos,29943,TOTAL NACIONAL,5.6.-Daños
2020,NA,5.6.-danos,25708,TOTAL NACIONAL,5.6.-Daños
2019,NA,5.6.-danos,28309,TOTAL NACIONAL,5.6.-Daños
2018,NA,5.6.-danos,26845,TOTAL NACIONAL,5.6.-Daños
2017,NA,5.6.-danos,27284,TOTAL NACIONAL,5.6.-Daños
2016,NA,5.6.-danos,26196,TOTAL NACIONAL,5.6.-Daños
2015,NA,5.6.-danos,26091,TOTAL NACIONAL,5.6.-Daños
2014,NA,5.6.-danos,27775,TOTAL NACIONAL,5.6.-Daños
2013,NA,5.6.-danos,28849,TOTAL NACIONAL,5.6.-Daños
2012,NA,5.6.-danos,30207,TOTAL NACIONAL,5.6.-Daños
2011,NA,5.6.-danos,31461,TOTAL NACIONAL,5.6.-Daños
2010,NA,5.6.-danos,33303,TOTAL NACIONAL,5.6.-Daños
2023,NA,5.7.-contra la propiedad intelectual/industrial,1252,TOTAL NACIONAL,5.7.-Contra la propiedad intelectual/industrial
2022,NA,5.7.-contra la propiedad intelectual/industrial,1068,TOTAL NACIONAL,5.7.-Contra la propiedad intelectual/industrial
2021,NA,5.7.-contra la propiedad intelectual/industrial,1018,TOTAL NACIONAL,5.7.-Contra la propiedad intelectual/industrial
2020,NA,5.7.-contra la propiedad intelectual/industrial,792,TOTAL NACIONAL,5.7.-Contra la propiedad intelectual/industrial
2019,NA,5.7.-contra la propiedad intelectual/industrial,1573,TOTAL NACIONAL,5.7.-Contra la propiedad intelectual/industrial
2018,NA,5.7.-contra la propiedad intelectual/industrial,2020,TOTAL NACIONAL,5.7.-Contra la propiedad intelectual/industrial
2017,NA,5.7.-contra la propiedad intelectual/industrial,1447,TOTAL NACIONAL,5.7.-Contra la propiedad intelectual/industrial
2016,NA,5.7.-contra la propiedad intelectual/industrial,1713,TOTAL NACIONAL,5.7.-Contra la propiedad intelectual/industrial
2015,NA,5.7.-contra la propiedad intelectual/industrial,1865,TOTAL NACIONAL,5.7.-Contra la propiedad intelectual/industrial
2014,NA,5.7.-contra la propiedad intelectual/industrial,2456,TOTAL NACIONAL,5.7.-Contra la propiedad intelectual/industrial
2013,NA,5.7.-contra la propiedad intelectual/industrial,3145,TOTAL NACIONAL,5.7.-Contra la propiedad intelectual/industrial
2012,NA,5.7.-contra la propiedad intelectual/industrial,2696,TOTAL NACIONAL,5.7.-Contra la propiedad intelectual/industrial
2011,NA,5.7.-contra la propiedad intelectual/industrial,2363,TOTAL NACIONAL,5.7.-Contra la propiedad intelectual/industrial
2010,NA,5.7.-contra la propiedad intelectual/industrial,3421,TOTAL NACIONAL,5.7.-Contra la propiedad intelectual/industrial
2023,NA,5.8.-blanqueo de capitales,510,TOTAL NACIONAL,5.8.-Blanqueo de capitales
2022,NA,5.8.-blanqueo de capitales,367,TOTAL NACIONAL,5.8.-Blanqueo de capitales
2021,NA,5.8.-blanqueo de capitales,311,TOTAL NACIONAL,5.8.-Blanqueo de capitales
2020,NA,5.8.-blanqueo de capitales,287,TOTAL NACIONAL,5.8.-Blanqueo de capitales
2019,NA,5.8.-blanqueo de capitales,265,TOTAL NACIONAL,5.8.-Blanqueo de capitales
2018,NA,5.8.-blanqueo de capitales,257,TOTAL NACIONAL,5.8.-Blanqueo de capitales
2017,NA,5.8.-blanqueo de capitales,241,TOTAL NACIONAL,5.8.-Blanqueo de capitales
2016,NA,5.8.-blanqueo de capitales,244,TOTAL NACIONAL,5.8.-Blanqueo de capitales
2015,NA,5.8.-blanqueo de capitales,273,TOTAL NACIONAL,5.8.-Blanqueo de capitales
2014,NA,5.8.-blanqueo de capitales,216,TOTAL NACIONAL,5.8.-Blanqueo de capitales
2013,NA,5.8.-blanqueo de capitales,241,TOTAL NACIONAL,5.8.-Blanqueo de capitales
2012,NA,5.8.-blanqueo de capitales,182,TOTAL NACIONAL,5.8.-Blanqueo de capitales
2011,NA,5.8.-blanqueo de capitales,149,TOTAL NACIONAL,5.8.-Blanqueo de capitales
2010,NA,5.8.-blanqueo de capitales,162,TOTAL NACIONAL,5.8.-Blanqueo de capitales
2023,NA,5.9.-otros contra el patrimonio,33299,TOTAL NACIONAL,5.9.-Otros contra el patrimonio
2022,NA,5.9.-otros contra el patrimonio,32624,TOTAL NACIONAL,5.9.-Otros contra el patrimonio
2021,NA,5.9.-otros contra el patrimonio,30118,TOTAL NACIONAL,5.9.-Otros contra el patrimonio
2020,NA,5.9.-otros contra el patrimonio,28551,TOTAL NACIONAL,5.9.-Otros contra el patrimonio
2019,NA,5.9.-otros contra el patrimonio,31068,TOTAL NACIONAL,5.9.-Otros contra el patrimonio
2018,NA,5.9.-otros contra el patrimonio,28491,TOTAL NACIONAL,5.9.-Otros contra el patrimonio
2017,NA,5.9.-otros contra el patrimonio,24955,TOTAL NACIONAL,5.9.-Otros contra el patrimonio
2016,NA,5.9.-otros contra el patrimonio,23593,TOTAL NACIONAL,5.9.-Otros contra el patrimonio
2015,NA,5.9.-otros contra el patrimonio,25036,TOTAL NACIONAL,5.9.-Otros contra el patrimonio
2014,NA,5.9.-otros contra el patrimonio,26598,TOTAL NACIONAL,5.9.-Otros contra el patrimonio
2013,NA,5.9.-otros contra el patrimonio,23582,TOTAL NACIONAL,5.9.-Otros contra el patrimonio
2012,NA,5.9.-otros contra el patrimonio,19092,TOTAL NACIONAL,5.9.-Otros contra el patrimonio
2011,NA,5.9.-otros contra el patrimonio,16572,TOTAL NACIONAL,5.9.-Otros contra el patrimonio
2010,NA,5.9.-otros contra el patrimonio,15056,TOTAL NACIONAL,5.9.-Otros contra el patrimonio
2023,NA,6. seguridad colectiva,70346,TOTAL NACIONAL,6. SEGURIDAD COLECTIVA
2022,NA,6. seguridad colectiva,68559,TOTAL NACIONAL,6. SEGURIDAD COLECTIVA
2021,NA,6. seguridad colectiva,61529,TOTAL NACIONAL,6. SEGURIDAD COLECTIVA
2020,NA,6. seguridad colectiva,54163,TOTAL NACIONAL,6. SEGURIDAD COLECTIVA
2019,NA,6. seguridad colectiva,63291,TOTAL NACIONAL,6. SEGURIDAD COLECTIVA
2018,NA,6. seguridad colectiva,59223,TOTAL NACIONAL,6. SEGURIDAD COLECTIVA
2017,NA,6. seguridad colectiva,54620,TOTAL NACIONAL,6. SEGURIDAD COLECTIVA
2016,NA,6. seguridad colectiva,53781,TOTAL NACIONAL,6. SEGURIDAD COLECTIVA
2015,NA,6. seguridad colectiva,55506,TOTAL NACIONAL,6. SEGURIDAD COLECTIVA
2014,NA,6. seguridad colectiva,62185,TOTAL NACIONAL,6. SEGURIDAD COLECTIVA
2013,NA,6. seguridad colectiva,68223,TOTAL NACIONAL,6. SEGURIDAD COLECTIVA
2012,NA,6. seguridad colectiva,72382,TOTAL NACIONAL,6. SEGURIDAD COLECTIVA
2011,NA,6. seguridad colectiva,80297,TOTAL NACIONAL,6. SEGURIDAD COLECTIVA
2010,NA,6. seguridad colectiva,69842,TOTAL NACIONAL,6. SEGURIDAD COLECTIVA
2023,NA,6.1.-trafico de drogas,18947,TOTAL NACIONAL,6.1.-Tráfico de drogas
2022,NA,6.1.-trafico de drogas,16629,TOTAL NACIONAL,6.1.-Tráfico de drogas
2021,NA,6.1.-trafico de drogas,15631,TOTAL NACIONAL,6.1.-Tráfico de drogas
2020,NA,6.1.-trafico de drogas,14717,TOTAL NACIONAL,6.1.-Tráfico de drogas
2019,NA,6.1.-trafico de drogas,15191,TOTAL NACIONAL,6.1.-Tráfico de drogas
2018,NA,6.1.-trafico de drogas,13140,TOTAL NACIONAL,6.1.-Tráfico de drogas
2017,NA,6.1.-trafico de drogas,12126,TOTAL NACIONAL,6.1.-Tráfico de drogas
2016,NA,6.1.-trafico de drogas,11700,TOTAL NACIONAL,6.1.-Tráfico de drogas
2015,NA,6.1.-trafico de drogas,11390,TOTAL NACIONAL,6.1.-Tráfico de drogas
2014,NA,6.1.-trafico de drogas,12657,TOTAL NACIONAL,6.1.-Tráfico de drogas
2013,NA,6.1.-trafico de drogas,13844,TOTAL NACIONAL,6.1.-Tráfico de drogas
2012,NA,6.1.-trafico de drogas,13920,TOTAL NACIONAL,6.1.-Tráfico de drogas
2011,NA,6.1.-trafico de drogas,14583,TOTAL NACIONAL,6.1.-Tráfico de drogas
2010,NA,6.1.-trafico de drogas,13155,TOTAL NACIONAL,6.1.-Tráfico de drogas
2023,NA,6.2.-contra la seguridad vial,49678,TOTAL NACIONAL,6.2.-Contra la seguridad vial
2022,NA,6.2.-contra la seguridad vial,50252,TOTAL NACIONAL,6.2.-Contra la seguridad vial
2021,NA,6.2.-contra la seguridad vial,44553,TOTAL NACIONAL,6.2.-Contra la seguridad vial
2020,NA,6.2.-contra la seguridad vial,38210,TOTAL NACIONAL,6.2.-Contra la seguridad vial
2019,NA,6.2.-contra la seguridad vial,46622,TOTAL NACIONAL,6.2.-Contra la seguridad vial
2018,NA,6.2.-contra la seguridad vial,44382,TOTAL NACIONAL,6.2.-Contra la seguridad vial
2017,NA,6.2.-contra la seguridad vial,40882,TOTAL NACIONAL,6.2.-Contra la seguridad vial
2016,NA,6.2.-contra la seguridad vial,40694,TOTAL NACIONAL,6.2.-Contra la seguridad vial
2015,NA,6.2.-contra la seguridad vial,42718,TOTAL NACIONAL,6.2.-Contra la seguridad vial
2014,NA,6.2.-contra la seguridad vial,48027,TOTAL NACIONAL,6.2.-Contra la seguridad vial
2013,NA,6.2.-contra la seguridad vial,52869,TOTAL NACIONAL,6.2.-Contra la seguridad vial
2012,NA,6.2.-contra la seguridad vial,56652,TOTAL NACIONAL,6.2.-Contra la seguridad vial
2011,NA,6.2.-contra la seguridad vial,64012,TOTAL NACIONAL,6.2.-Contra la seguridad vial
2010,NA,6.2.-contra la seguridad vial,54703,TOTAL NACIONAL,6.2.-Contra la seguridad vial
2023,NA,6.3.-otros contra la seguridad colectiva,1721,TOTAL NACIONAL,6.3.-Otros contra la seguridad colectiva
2022,NA,6.3.-otros contra la seguridad colectiva,1678,TOTAL NACIONAL,6.3.-Otros contra la seguridad colectiva
2021,NA,6.3.-otros contra la seguridad colectiva,1345,TOTAL NACIONAL,6.3.-Otros contra la seguridad colectiva
2020,NA,6.3.-otros contra la seguridad colectiva,1236,TOTAL NACIONAL,6.3.-Otros contra la seguridad colectiva
2019,NA,6.3.-otros contra la seguridad colectiva,1478,TOTAL NACIONAL,6.3.-Otros contra la seguridad colectiva
2018,NA,6.3.-otros contra la seguridad colectiva,1701,TOTAL NACIONAL,6.3.-Otros contra la seguridad colectiva
2017,NA,6.3.-otros contra la seguridad colectiva,1612,TOTAL NACIONAL,6.3.-Otros contra la seguridad colectiva
2016,NA,6.3.-otros contra la seguridad colectiva,1387,TOTAL NACIONAL,6.3.-Otros contra la seguridad colectiva
2015,NA,6.3.-otros contra la seguridad colectiva,1398,TOTAL NACIONAL,6.3.-Otros contra la seguridad colectiva
2014,NA,6.3.-otros contra la seguridad colectiva,1501,TOTAL NACIONAL,6.3.-Otros contra la seguridad colectiva
2013,NA,6.3.-otros contra la seguridad colectiva,1510,TOTAL NACIONAL,6.3.-Otros contra la seguridad colectiva
2012,NA,6.3.-otros contra la seguridad colectiva,1810,TOTAL NACIONAL,6.3.-Otros contra la seguridad colectiva
2011,NA,6.3.-otros contra la seguridad colectiva,1702,TOTAL NACIONAL,6.3.-Otros contra la seguridad colectiva
2010,NA,6.3.-otros contra la seguridad colectiva,1984,TOTAL NACIONAL,6.3.-Otros contra la seguridad colectiva
2023,NA,7. falsedades,15783,TOTAL NACIONAL,7. FALSEDADES
2022,NA,7. falsedades,15190,TOTAL NACIONAL,7. FALSEDADES
2021,NA,7. falsedades,14417,TOTAL NACIONAL,7. FALSEDADES
2020,NA,7. falsedades,11492,TOTAL NACIONAL,7. FALSEDADES
2019,NA,7. falsedades,14629,TOTAL NACIONAL,7. FALSEDADES
2018,NA,7. falsedades,14042,TOTAL NACIONAL,7. FALSEDADES
2017,NA,7. falsedades,12764,TOTAL NACIONAL,7. FALSEDADES
2016,NA,7. falsedades,12378,TOTAL NACIONAL,7. FALSEDADES
2015,NA,7. falsedades,11438,TOTAL NACIONAL,7. FALSEDADES
2014,NA,7. falsedades,11383,TOTAL NACIONAL,7. FALSEDADES
2013,NA,7. falsedades,11173,TOTAL NACIONAL,7. FALSEDADES
2012,NA,7. falsedades,11745,TOTAL NACIONAL,7. FALSEDADES
2011,NA,7. falsedades,11860,TOTAL NACIONAL,7. FALSEDADES
2010,NA,7. falsedades,11343,TOTAL NACIONAL,7. FALSEDADES
2023,NA,8. admon. publica,353,TOTAL NACIONAL,8. ADMÓN. PÚBLICA
2022,NA,8. admon. publica,363,TOTAL NACIONAL,8. ADMÓN. PÚBLICA
2021,NA,8. admon. publica,407,TOTAL NACIONAL,8. ADMÓN. PÚBLICA
2020,NA,8. admon. publica,231,TOTAL NACIONAL,8. ADMÓN. PÚBLICA
2019,NA,8. admon. publica,327,TOTAL NACIONAL,8. ADMÓN. PÚBLICA
2018,NA,8. admon. publica,447,TOTAL NACIONAL,8. ADMÓN. PÚBLICA
2017,NA,8. admon. publica,532,TOTAL NACIONAL,8. ADMÓN. PÚBLICA
2016,NA,8. admon. publica,418,TOTAL NACIONAL,8. ADMÓN. PÚBLICA
2015,NA,8. admon. publica,384,TOTAL NACIONAL,8. ADMÓN. PÚBLICA
2014,NA,8. admon. publica,426,TOTAL NACIONAL,8. ADMÓN. PÚBLICA
2013,NA,8. admon. publica,310,TOTAL NACIONAL,8. ADMÓN. PÚBLICA
2012,NA,8. admon. publica,238,TOTAL NACIONAL,8. ADMÓN. PÚBLICA
2011,NA,8. admon. publica,268,TOTAL NACIONAL,8. ADMÓN. PÚBLICA
2010,NA,8. admon. publica,345,TOTAL NACIONAL,8. ADMÓN. PÚBLICA
2023,NA,9. admon. justicia,40110,TOTAL NACIONAL,9. ADMÓN. JUSTICIA
2022,NA,9. admon. justicia,35972,TOTAL NACIONAL,9. ADMÓN. JUSTICIA
2021,NA,9. admon. justicia,31841,TOTAL NACIONAL,9. ADMÓN. JUSTICIA
2020,NA,9. admon. justicia,29679,TOTAL NACIONAL,9. ADMÓN. JUSTICIA
2019,NA,9. admon. justicia,30472,TOTAL NACIONAL,9. ADMÓN. JUSTICIA
2018,NA,9. admon. justicia,28851,TOTAL NACIONAL,9. ADMÓN. JUSTICIA
2017,NA,9. admon. justicia,27356,TOTAL NACIONAL,9. ADMÓN. JUSTICIA
2016,NA,9. admon. justicia,26178,TOTAL NACIONAL,9. ADMÓN. JUSTICIA
2015,NA,9. admon. justicia,25917,TOTAL NACIONAL,9. ADMÓN. JUSTICIA
2014,NA,9. admon. justicia,26405,TOTAL NACIONAL,9. ADMÓN. JUSTICIA
2013,NA,9. admon. justicia,26383,TOTAL NACIONAL,9. ADMÓN. JUSTICIA
2012,NA,9. admon. justicia,26279,TOTAL NACIONAL,9. ADMÓN. JUSTICIA
2011,NA,9. admon. justicia,27459,TOTAL NACIONAL,9. ADMÓN. JUSTICIA
2010,NA,9. admon. justicia,26593,TOTAL NACIONAL,9. ADMÓN. JUSTICIA
2023,NA,10. orden publico,27986,TOTAL NACIONAL,10. ORDEN PÚBLICO
2022,NA,10. orden publico,26520,TOTAL NACIONAL,10. ORDEN PÚBLICO
2021,NA,10. orden publico,25517,TOTAL NACIONAL,10. ORDEN PÚBLICO
2020,NA,10. orden publico,28039,TOTAL NACIONAL,10. ORDEN PÚBLICO
2019,NA,10. orden publico,20350,TOTAL NACIONAL,10. ORDEN PÚBLICO
2018,NA,10. orden publico,18781,TOTAL NACIONAL,10. ORDEN PÚBLICO
2017,NA,10. orden publico,18235,TOTAL NACIONAL,10. ORDEN PÚBLICO
2016,NA,10. orden publico,17642,TOTAL NACIONAL,10. ORDEN PÚBLICO
2015,NA,10. orden publico,21118,TOTAL NACIONAL,10. ORDEN PÚBLICO
2014,NA,10. orden publico,26958,TOTAL NACIONAL,10. ORDEN PÚBLICO
2013,NA,10. orden publico,29157,TOTAL NACIONAL,10. ORDEN PÚBLICO
2012,NA,10. orden publico,30724,TOTAL NACIONAL,10. ORDEN PÚBLICO
2011,NA,10. orden publico,32851,TOTAL NACIONAL,10. ORDEN PÚBLICO
2010,NA,10. orden publico,31038,TOTAL NACIONAL,10. ORDEN PÚBLICO
2023,NA,11. legislacion especial,392,TOTAL NACIONAL,11. LEGISLACIÓN ESPECIAL
2022,NA,11. legislacion especial,287,TOTAL NACIONAL,11. LEGISLACIÓN ESPECIAL
2021,NA,11. legislacion especial,289,TOTAL NACIONAL,11. LEGISLACIÓN ESPECIAL
2020,NA,11. legislacion especial,270,TOTAL NACIONAL,11. LEGISLACIÓN ESPECIAL
2019,NA,11. legislacion especial,259,TOTAL NACIONAL,11. LEGISLACIÓN ESPECIAL
2018,NA,11. legislacion especial,193,TOTAL NACIONAL,11. LEGISLACIÓN ESPECIAL
2017,NA,11. legislacion especial,152,TOTAL NACIONAL,11. LEGISLACIÓN ESPECIAL
2016,NA,11. legislacion especial,131,TOTAL NACIONAL,11. LEGISLACIÓN ESPECIAL
2015,NA,11. legislacion especial,180,TOTAL NACIONAL,11. LEGISLACIÓN ESPECIAL
2014,NA,11. legislacion especial,188,TOTAL NACIONAL,11. LEGISLACIÓN ESPECIAL
2013,NA,11. legislacion especial,261,TOTAL NACIONAL,11. LEGISLACIÓN ESPECIAL
2012,NA,11. legislacion especial,257,TOTAL NACIONAL,11. LEGISLACIÓN ESPECIAL
2011,NA,11. legislacion especial,262,TOTAL NACIONAL,11. LEGISLACIÓN ESPECIAL
2010,NA,11. legislacion especial,212,TOTAL NACIONAL,11. LEGISLACIÓN ESPECIAL
2023,NA,12. otras infracciones penales,8178,TOTAL NACIONAL,12. OTRAS INFRACCIONES PENALES
2022,NA,12. otras infracciones penales,7283,TOTAL NACIONAL,12. OTRAS INFRACCIONES PENALES
2021,NA,12. otras infracciones penales,7117,TOTAL NACIONAL,12. OTRAS INFRACCIONES PENALES
2020,NA,12. otras infracciones penales,6686,TOTAL NACIONAL,12. OTRAS INFRACCIONES PENALES
2019,NA,12. otras infracciones penales,7058,TOTAL NACIONAL,12. OTRAS INFRACCIONES PENALES
2018,NA,12. otras infracciones penales,6776,TOTAL NACIONAL,12. OTRAS INFRACCIONES PENALES
2017,NA,12. otras infracciones penales,6942,TOTAL NACIONAL,12. OTRAS INFRACCIONES PENALES
2016,NA,12. otras infracciones penales,7435,TOTAL NACIONAL,12. OTRAS INFRACCIONES PENALES
2015,NA,12. otras infracciones penales,6247,TOTAL NACIONAL,12. OTRAS INFRACCIONES PENALES
2014,NA,12. otras infracciones penales,4989,TOTAL NACIONAL,12. OTRAS INFRACCIONES PENALES
2013,NA,12. otras infracciones penales,4891,TOTAL NACIONAL,12. OTRAS INFRACCIONES PENALES
2012,NA,12. otras infracciones penales,4369,TOTAL NACIONAL,12. OTRAS INFRACCIONES PENALES
2011,NA,12. otras infracciones penales,4383,TOTAL NACIONAL,12. OTRAS INFRACCIONES PENALES
2010,NA,12. otras infracciones penales,4892,TOTAL NACIONAL,12. OTRAS INFRACCIONES PENALES
2023,NA,total infracciones penales,845845,TOTAL NACIONAL,TOTAL INFRACCIONES PENALES
2022,NA,total infracciones penales,771302,TOTAL NACIONAL,TOTAL INFRACCIONES PENALES
2021,NA,total infracciones penales,685383,TOTAL NACIONAL,TOTAL INFRACCIONES PENALES
2020,NA,total infracciones penales,616665,TOTAL NACIONAL,TOTAL INFRACCIONES PENALES
2019,NA,total infracciones penales,702544,TOTAL NACIONAL,TOTAL INFRACCIONES PENALES
2018,NA,total infracciones penales,673594,TOTAL NACIONAL,TOTAL INFRACCIONES PENALES
2017,NA,total infracciones penales,654821,TOTAL NACIONAL,TOTAL INFRACCIONES PENALES
2016,NA,total infracciones penales,641353,TOTAL NACIONAL,TOTAL INFRACCIONES PENALES
2015,NA,total infracciones penales,659787,TOTAL NACIONAL,TOTAL INFRACCIONES PENALES
2014,NA,total infracciones penales,715357,TOTAL NACIONAL,TOTAL INFRACCIONES PENALES
2013,NA,total infracciones penales,736368,TOTAL NACIONAL,TOTAL INFRACCIONES PENALES
2012,NA,total infracciones penales,728929,TOTAL NACIONAL,TOTAL INFRACCIONES PENALES
2011,NA,total infracciones penales,736175,TOTAL NACIONAL,TOTAL INFRACCIONES PENALES
2010,NA,total infracciones penales,724995,TOTAL NACIONAL,TOTAL INFRACCIONES PENALES
2023,NA,1. contra las personas,165,EN EL EXTRANJERO,1. CONTRA LAS PERSONAS
2022,NA,1. contra las personas,152,EN EL EXTRANJERO,1. CONTRA LAS PERSONAS
2021,NA,1. contra las personas,96,EN EL EXTRANJERO,1. CONTRA LAS PERSONAS
2020,NA,1. contra las personas,96,EN EL EXTRANJERO,1. CONTRA LAS PERSONAS
2019,NA,1. contra las personas,156,EN EL EXTRANJERO,1. CONTRA LAS PERSONAS
2018,NA,1. contra las personas,127,EN EL EXTRANJERO,1. CONTRA LAS PERSONAS
2017,NA,1. contra las personas,119,EN EL EXTRANJERO,1. CONTRA LAS PERSONAS
2016,NA,1. contra las personas,114,EN EL EXTRANJERO,1. CONTRA LAS PERSONAS
2015,NA,1. contra las personas,162,EN EL EXTRANJERO,1. CONTRA LAS PERSONAS
2014,NA,1. contra las personas,153,EN EL EXTRANJERO,1. CONTRA LAS PERSONAS
2013,NA,1. contra las personas,122,EN EL EXTRANJERO,1. CONTRA LAS PERSONAS
2012,NA,1. contra las personas,144,EN EL EXTRANJERO,1. CONTRA LAS PERSONAS
2011,NA,1. contra las personas,113,EN EL EXTRANJERO,1. CONTRA LAS PERSONAS
2010,NA,1. contra las personas,100,EN EL EXTRANJERO,1. CONTRA LAS PERSONAS
2023,NA,1.1.-homicidios dolosos/asesinatos,1,EN EL EXTRANJERO,1.1.-Homicidios dolosos/asesinatos
2022,NA,1.1.-homicidios dolosos/asesinatos,1,EN EL EXTRANJERO,1.1.-Homicidios dolosos/asesinatos
2021,NA,1.1.-homicidios dolosos/asesinatos,0,EN EL EXTRANJERO,1.1.-Homicidios dolosos/asesinatos
2020,NA,1.1.-homicidios dolosos/asesinatos,0,EN EL EXTRANJERO,1.1.-Homicidios dolosos/asesinatos
2019,NA,1.1.-homicidios dolosos/asesinatos,2,EN EL EXTRANJERO,1.1.-Homicidios dolosos/asesinatos
2018,NA,1.1.-homicidios dolosos/asesinatos,1,EN EL EXTRANJERO,1.1.-Homicidios dolosos/asesinatos
2017,NA,1.1.-homicidios dolosos/asesinatos,1,EN EL EXTRANJERO,1.1.-Homicidios dolosos/asesinatos
2016,NA,1.1.-homicidios dolosos/asesinatos,0,EN EL EXTRANJERO,1.1.-Homicidios dolosos/asesinatos
2015,NA,1.1.-homicidios dolosos/asesinatos,1,EN EL EXTRANJERO,1.1.-Homicidios dolosos/asesinatos
2014,NA,1.1.-homicidios dolosos/asesinatos,0,EN EL EXTRANJERO,1.1.-Homicidios dolosos/asesinatos
2013,NA,1.1.-homicidios dolosos/asesinatos,1,EN EL EXTRANJERO,1.1.-Homicidios dolosos/asesinatos
2012,NA,1.1.-homicidios dolosos/asesinatos,2,EN EL EXTRANJERO,1.1.-Homicidios dolosos/asesinatos
2011,NA,1.1.-homicidios dolosos/asesinatos,1,EN EL EXTRANJERO,1.1.-Homicidios dolosos/asesinatos
2010,NA,1.1.-homicidios dolosos/asesinatos,1,EN EL EXTRANJERO,1.1.-Homicidios dolosos/asesinatos
2023,NA,1.1.1.-homicidios dolosos/asesinatos consumados,1,EN EL EXTRANJERO,1.1.1.-Homicidios dolosos/asesinatos consumados
2022,NA,1.1.1.-homicidios dolosos/asesinatos consumados,1,EN EL EXTRANJERO,1.1.1.-Homicidios dolosos/asesinatos consumados
2021,NA,1.1.1.-homicidios dolosos/asesinatos consumados,0,EN EL EXTRANJERO,1.1.1.-Homicidios dolosos/asesinatos consumados
2020,NA,1.1.1.-homicidios dolosos/asesinatos consumados,0,EN EL EXTRANJERO,1.1.1.-Homicidios dolosos/asesinatos consumados
2019,NA,1.1.1.-homicidios dolosos/asesinatos consumados,1,EN EL EXTRANJERO,1.1.1.-Homicidios dolosos/asesinatos consumados
2018,NA,1.1.1.-homicidios dolosos/asesinatos consumados,1,EN EL EXTRANJERO,1.1.1.-Homicidios dolosos/asesinatos consumados
2017,NA,1.1.1.-homicidios dolosos/asesinatos consumados,1,EN EL EXTRANJERO,1.1.1.-Homicidios dolosos/asesinatos consumados
2016,NA,1.1.1.-homicidios dolosos/asesinatos consumados,0,EN EL EXTRANJERO,1.1.1.-Homicidios dolosos/asesinatos consumados
2015,NA,1.1.1.-homicidios dolosos/asesinatos consumados,1,EN EL EXTRANJERO,1.1.1.-Homicidios dolosos/asesinatos consumados
2014,NA,1.1.1.-homicidios dolosos/asesinatos consumados,0,EN EL EXTRANJERO,1.1.1.-Homicidios dolosos/asesinatos consumados
2013,NA,1.1.1.-homicidios dolosos/asesinatos consumados,1,EN EL EXTRANJERO,1.1.1.-Homicidios dolosos/asesinatos consumados
2012,NA,1.1.1.-homicidios dolosos/asesinatos consumados,2,EN EL EXTRANJERO,1.1.1.-Homicidios dolosos/asesinatos consumados
2011,NA,1.1.1.-homicidios dolosos/asesinatos consumados,0,EN EL EXTRANJERO,1.1.1.-Homicidios dolosos/asesinatos consumados
2010,NA,1.1.1.-homicidios dolosos/asesinatos consumados,1,EN EL EXTRANJERO,1.1.1.-Homicidios dolosos/asesinatos consumados
2023,NA,1.2.-lesiones,7,EN EL EXTRANJERO,1.2.-Lesiones
2022,NA,1.2.-lesiones,14,EN EL EXTRANJERO,1.2.-Lesiones
2021,NA,1.2.-lesiones,7,EN EL EXTRANJERO,1.2.-Lesiones
2020,NA,1.2.-lesiones,12,EN EL EXTRANJERO,1.2.-Lesiones
2019,NA,1.2.-lesiones,16,EN EL EXTRANJERO,1.2.-Lesiones
2018,NA,1.2.-lesiones,8,EN EL EXTRANJERO,1.2.-Lesiones
2017,NA,1.2.-lesiones,12,EN EL EXTRANJERO,1.2.-Lesiones
2016,NA,1.2.-lesiones,8,EN EL EXTRANJERO,1.2.-Lesiones
2015,NA,1.2.-lesiones,10,EN EL EXTRANJERO,1.2.-Lesiones
2014,NA,1.2.-lesiones,15,EN EL EXTRANJERO,1.2.-Lesiones
2013,NA,1.2.-lesiones,14,EN EL EXTRANJERO,1.2.-Lesiones
2012,NA,1.2.-lesiones,26,EN EL EXTRANJERO,1.2.-Lesiones
2011,NA,1.2.-lesiones,5,EN EL EXTRANJERO,1.2.-Lesiones
2010,NA,1.2.-lesiones,8,EN EL EXTRANJERO,1.2.-Lesiones
2023,NA,1.3.-malos tratos ambito familiar,156,EN EL EXTRANJERO,1.3.-Malos tratos ámbito familiar
2022,NA,1.3.-malos tratos ambito familiar,136,EN EL EXTRANJERO,1.3.-Malos tratos ámbito familiar
2021,NA,1.3.-malos tratos ambito familiar,88,EN EL EXTRANJERO,1.3.-Malos tratos ámbito familiar
2020,NA,1.3.-malos tratos ambito familiar,84,EN EL EXTRANJERO,1.3.-Malos tratos ámbito familiar
2019,NA,1.3.-malos tratos ambito familiar,138,EN EL EXTRANJERO,1.3.-Malos tratos ámbito familiar
2018,NA,1.3.-malos tratos ambito familiar,117,EN EL EXTRANJERO,1.3.-Malos tratos ámbito familiar
2017,NA,1.3.-malos tratos ambito familiar,106,EN EL EXTRANJERO,1.3.-Malos tratos ámbito familiar
2016,NA,1.3.-malos tratos ambito familiar,105,EN EL EXTRANJERO,1.3.-Malos tratos ámbito familiar
2015,NA,1.3.-malos tratos ambito familiar,106,EN EL EXTRANJERO,1.3.-Malos tratos ámbito familiar
2014,NA,1.3.-malos tratos ambito familiar,72,EN EL EXTRANJERO,1.3.-Malos tratos ámbito familiar
2013,NA,1.3.-malos tratos ambito familiar,57,EN EL EXTRANJERO,1.3.-Malos tratos ámbito familiar
2012,NA,1.3.-malos tratos ambito familiar,62,EN EL EXTRANJERO,1.3.-Malos tratos ámbito familiar
2011,NA,1.3.-malos tratos ambito familiar,67,EN EL EXTRANJERO,1.3.-Malos tratos ámbito familiar
2010,NA,1.3.-malos tratos ambito familiar,49,EN EL EXTRANJERO,1.3.-Malos tratos ámbito familiar
2023,NA,1.4.-otros contra las personas,1,EN EL EXTRANJERO,1.4.-Otros contra las personas
2022,NA,1.4.-otros contra las personas,1,EN EL EXTRANJERO,1.4.-Otros contra las personas
2021,NA,1.4.-otros contra las personas,1,EN EL EXTRANJERO,1.4.-Otros contra las personas
2020,NA,1.4.-otros contra las personas,0,EN EL EXTRANJERO,1.4.-Otros contra las personas
2019,NA,1.4.-otros contra las personas,0,EN EL EXTRANJERO,1.4.-Otros contra las personas
2018,NA,1.4.-otros contra las personas,1,EN EL EXTRANJERO,1.4.-Otros contra las personas
2017,NA,1.4.-otros contra las personas,0,EN EL EXTRANJERO,1.4.-Otros contra las personas
2016,NA,1.4.-otros contra las personas,1,EN EL EXTRANJERO,1.4.-Otros contra las personas
2015,NA,1.4.-otros contra las personas,45,EN EL EXTRANJERO,1.4.-Otros contra las personas
2014,NA,1.4.-otros contra las personas,66,EN EL EXTRANJERO,1.4.-Otros contra las personas
2013,NA,1.4.-otros contra las personas,50,EN EL EXTRANJERO,1.4.-Otros contra las personas
2012,NA,1.4.-otros contra las personas,54,EN EL EXTRANJERO,1.4.-Otros contra las personas
2011,NA,1.4.-otros contra las personas,40,EN EL EXTRANJERO,1.4.-Otros contra las personas
2010,NA,1.4.-otros contra las personas,42,EN EL EXTRANJERO,1.4.-Otros contra las personas
2023,NA,2. contra la libertad,74,EN EL EXTRANJERO,2. CONTRA LA LIBERTAD
2022,NA,2. contra la libertad,75,EN EL EXTRANJERO,2. CONTRA LA LIBERTAD
2021,NA,2. contra la libertad,80,EN EL EXTRANJERO,2. CONTRA LA LIBERTAD
2020,NA,2. contra la libertad,85,EN EL EXTRANJERO,2. CONTRA LA LIBERTAD
2019,NA,2. contra la libertad,94,EN EL EXTRANJERO,2. CONTRA LA LIBERTAD
2018,NA,2. contra la libertad,81,EN EL EXTRANJERO,2. CONTRA LA LIBERTAD
2017,NA,2. contra la libertad,88,EN EL EXTRANJERO,2. CONTRA LA LIBERTAD
2016,NA,2. contra la libertad,104,EN EL EXTRANJERO,2. CONTRA LA LIBERTAD
2015,NA,2. contra la libertad,53,EN EL EXTRANJERO,2. CONTRA LA LIBERTAD
2014,NA,2. contra la libertad,44,EN EL EXTRANJERO,2. CONTRA LA LIBERTAD
2013,NA,2. contra la libertad,38,EN EL EXTRANJERO,2. CONTRA LA LIBERTAD
2012,NA,2. contra la libertad,41,EN EL EXTRANJERO,2. CONTRA LA LIBERTAD
2011,NA,2. contra la libertad,45,EN EL EXTRANJERO,2. CONTRA LA LIBERTAD
2010,NA,2. contra la libertad,36,EN EL EXTRANJERO,2. CONTRA LA LIBERTAD
2023,NA,2.1.-malos tratos habituales en el ambito familiar,14,EN EL EXTRANJERO,2.1.-Malos tratos habituales en el ámbito familiar
2022,NA,2.1.-malos tratos habituales en el ambito familiar,19,EN EL EXTRANJERO,2.1.-Malos tratos habituales en el ámbito familiar
2021,NA,2.1.-malos tratos habituales en el ambito familiar,13,EN EL EXTRANJERO,2.1.-Malos tratos habituales en el ámbito familiar
2020,NA,2.1.-malos tratos habituales en el ambito familiar,16,EN EL EXTRANJERO,2.1.-Malos tratos habituales en el ámbito familiar
2019,NA,2.1.-malos tratos habituales en el ambito familiar,10,EN EL EXTRANJERO,2.1.-Malos tratos habituales en el ámbito familiar
2018,NA,2.1.-malos tratos habituales en el ambito familiar,10,EN EL EXTRANJERO,2.1.-Malos tratos habituales en el ámbito familiar
2017,NA,2.1.-malos tratos habituales en el ambito familiar,12,EN EL EXTRANJERO,2.1.-Malos tratos habituales en el ámbito familiar
2016,NA,2.1.-malos tratos habituales en el ambito familiar,16,EN EL EXTRANJERO,2.1.-Malos tratos habituales en el ámbito familiar
2015,NA,2.1.-malos tratos habituales en el ambito familiar,8,EN EL EXTRANJERO,2.1.-Malos tratos habituales en el ámbito familiar
2014,NA,2.1.-malos tratos habituales en el ambito familiar,7,EN EL EXTRANJERO,2.1.-Malos tratos habituales en el ámbito familiar
2013,NA,2.1.-malos tratos habituales en el ambito familiar,7,EN EL EXTRANJERO,2.1.-Malos tratos habituales en el ámbito familiar
2012,NA,2.1.-malos tratos habituales en el ambito familiar,17,EN EL EXTRANJERO,2.1.-Malos tratos habituales en el ámbito familiar
2011,NA,2.1.-malos tratos habituales en el ambito familiar,17,EN EL EXTRANJERO,2.1.-Malos tratos habituales en el ámbito familiar
2010,NA,2.1.-malos tratos habituales en el ambito familiar,17,EN EL EXTRANJERO,2.1.-Malos tratos habituales en el ámbito familiar
2023,NA,2.2.-otros contra la libertad,60,EN EL EXTRANJERO,2.2.-Otros contra la libertad
2022,NA,2.2.-otros contra la libertad,56,EN EL EXTRANJERO,2.2.-Otros contra la libertad
2021,NA,2.2.-otros contra la libertad,67,EN EL EXTRANJERO,2.2.-Otros contra la libertad
2020,NA,2.2.-otros contra la libertad,69,EN EL EXTRANJERO,2.2.-Otros contra la libertad
2019,NA,2.2.-otros contra la libertad,84,EN EL EXTRANJERO,2.2.-Otros contra la libertad
2018,NA,2.2.-otros contra la libertad,71,EN EL EXTRANJERO,2.2.-Otros contra la libertad
2017,NA,2.2.-otros contra la libertad,76,EN EL EXTRANJERO,2.2.-Otros contra la libertad
2016,NA,2.2.-otros contra la libertad,88,EN EL EXTRANJERO,2.2.-Otros contra la libertad
2015,NA,2.2.-otros contra la libertad,45,EN EL EXTRANJERO,2.2.-Otros contra la libertad
2014,NA,2.2.-otros contra la libertad,37,EN EL EXTRANJERO,2.2.-Otros contra la libertad
2013,NA,2.2.-otros contra la libertad,31,EN EL EXTRANJERO,2.2.-Otros contra la libertad
2012,NA,2.2.-otros contra la libertad,24,EN EL EXTRANJERO,2.2.-Otros contra la libertad
2011,NA,2.2.-otros contra la libertad,28,EN EL EXTRANJERO,2.2.-Otros contra la libertad
2010,NA,2.2.-otros contra la libertad,19,EN EL EXTRANJERO,2.2.-Otros contra la libertad
2023,NA,3. libertad sexual,47,EN EL EXTRANJERO,3. LIBERTAD SEXUAL
2022,NA,3. libertad sexual,43,EN EL EXTRANJERO,3. LIBERTAD SEXUAL
2021,NA,3. libertad sexual,31,EN EL EXTRANJERO,3. LIBERTAD SEXUAL
2020,NA,3. libertad sexual,21,EN EL EXTRANJERO,3. LIBERTAD SEXUAL
2019,NA,3. libertad sexual,48,EN EL EXTRANJERO,3. LIBERTAD SEXUAL
2018,NA,3. libertad sexual,25,EN EL EXTRANJERO,3. LIBERTAD SEXUAL
2017,NA,3. libertad sexual,27,EN EL EXTRANJERO,3. LIBERTAD SEXUAL
2016,NA,3. libertad sexual,14,EN EL EXTRANJERO,3. LIBERTAD SEXUAL
2015,NA,3. libertad sexual,9,EN EL EXTRANJERO,3. LIBERTAD SEXUAL
2014,NA,3. libertad sexual,15,EN EL EXTRANJERO,3. LIBERTAD SEXUAL
2013,NA,3. libertad sexual,6,EN EL EXTRANJERO,3. LIBERTAD SEXUAL
2012,NA,3. libertad sexual,14,EN EL EXTRANJERO,3. LIBERTAD SEXUAL
2011,NA,3. libertad sexual,20,EN EL EXTRANJERO,3. LIBERTAD SEXUAL
2010,NA,3. libertad sexual,10,EN EL EXTRANJERO,3. LIBERTAD SEXUAL
2023,NA,3.1.-agresion sexual,24,EN EL EXTRANJERO,3.1.-Agresión sexual
2022,NA,3.1.-agresion sexual,30,EN EL EXTRANJERO,3.1.-Agresión sexual
2021,NA,3.1.-agresion sexual,22,EN EL EXTRANJERO,3.1.-Agresión sexual
2020,NA,3.1.-agresion sexual,11,EN EL EXTRANJERO,3.1.-Agresión sexual
2019,NA,3.1.-agresion sexual,19,EN EL EXTRANJERO,3.1.-Agresión sexual
2018,NA,3.1.-agresion sexual,13,EN EL EXTRANJERO,3.1.-Agresión sexual
2017,NA,3.1.-agresion sexual,14,EN EL EXTRANJERO,3.1.-Agresión sexual
2016,NA,3.1.-agresion sexual,9,EN EL EXTRANJERO,3.1.-Agresión sexual
2015,NA,3.1.-agresion sexual,5,EN EL EXTRANJERO,3.1.-Agresión sexual
2014,NA,3.1.-agresion sexual,5,EN EL EXTRANJERO,3.1.-Agresión sexual
2013,NA,3.1.-agresion sexual,2,EN EL EXTRANJERO,3.1.-Agresión sexual
2012,NA,3.1.-agresion sexual,9,EN EL EXTRANJERO,3.1.-Agresión sexual
2011,NA,3.1.-agresion sexual,6,EN EL EXTRANJERO,3.1.-Agresión sexual
2010,NA,3.1.-agresion sexual,5,EN EL EXTRANJERO,3.1.-Agresión sexual
2023,NA,3.2.-agresion sexual con penetracion,21,EN EL EXTRANJERO,3.2.-Agresión sexual con penetración
2022,NA,3.2.-agresion sexual con penetracion,11,EN EL EXTRANJERO,3.2.-Agresión sexual con penetración
2021,NA,3.2.-agresion sexual con penetracion,8,EN EL EXTRANJERO,3.2.-Agresión sexual con penetración
2020,NA,3.2.-agresion sexual con penetracion,7,EN EL EXTRANJERO,3.2.-Agresión sexual con penetración
2019,NA,3.2.-agresion sexual con penetracion,18,EN EL EXTRANJERO,3.2.-Agresión sexual con penetración
2018,NA,3.2.-agresion sexual con penetracion,7,EN EL EXTRANJERO,3.2.-Agresión sexual con penetración
2017,NA,3.2.-agresion sexual con penetracion,11,EN EL EXTRANJERO,3.2.-Agresión sexual con penetración
2016,NA,3.2.-agresion sexual con penetracion,3,EN EL EXTRANJERO,3.2.-Agresión sexual con penetración
2015,NA,3.2.-agresion sexual con penetracion,2,EN EL EXTRANJERO,3.2.-Agresión sexual con penetración
2014,NA,3.2.-agresion sexual con penetracion,4,EN EL EXTRANJERO,3.2.-Agresión sexual con penetración
2013,NA,3.2.-agresion sexual con penetracion,3,EN EL EXTRANJERO,3.2.-Agresión sexual con penetración
2012,NA,3.2.-agresion sexual con penetracion,2,EN EL EXTRANJERO,3.2.-Agresión sexual con penetración
2011,NA,3.2.-agresion sexual con penetracion,8,EN EL EXTRANJERO,3.2.-Agresión sexual con penetración
2010,NA,3.2.-agresion sexual con penetracion,3,EN EL EXTRANJERO,3.2.-Agresión sexual con penetración
2023,NA,3.3.-corrupcion de menores o incapacitados,0,EN EL EXTRANJERO,3.3.-Corrupción de menores o incapacitados
2022,NA,3.3.-corrupcion de menores o incapacitados,0,EN EL EXTRANJERO,3.3.-Corrupción de menores o incapacitados
2021,NA,3.3.-corrupcion de menores o incapacitados,1,EN EL EXTRANJERO,3.3.-Corrupción de menores o incapacitados
2020,NA,3.3.-corrupcion de menores o incapacitados,0,EN EL EXTRANJERO,3.3.-Corrupción de menores o incapacitados
2019,NA,3.3.-corrupcion de menores o incapacitados,0,EN EL EXTRANJERO,3.3.-Corrupción de menores o incapacitados
2018,NA,3.3.-corrupcion de menores o incapacitados,0,EN EL EXTRANJERO,3.3.-Corrupción de menores o incapacitados
2017,NA,3.3.-corrupcion de menores o incapacitados,0,EN EL EXTRANJERO,3.3.-Corrupción de menores o incapacitados
2016,NA,3.3.-corrupcion de menores o incapacitados,0,EN EL EXTRANJERO,3.3.-Corrupción de menores o incapacitados
2015,NA,3.3.-corrupcion de menores o incapacitados,0,EN EL EXTRANJERO,3.3.-Corrupción de menores o incapacitados
2014,NA,3.3.-corrupcion de menores o incapacitados,3,EN EL EXTRANJERO,3.3.-Corrupción de menores o incapacitados
2013,NA,3.3.-corrupcion de menores o incapacitados,0,EN EL EXTRANJERO,3.3.-Corrupción de menores o incapacitados
2012,NA,3.3.-corrupcion de menores o incapacitados,1,EN EL EXTRANJERO,3.3.-Corrupción de menores o incapacitados
2011,NA,3.3.-corrupcion de menores o incapacitados,1,EN EL EXTRANJERO,3.3.-Corrupción de menores o incapacitados
2010,NA,3.3.-corrupcion de menores o incapacitados,0,EN EL EXTRANJERO,3.3.-Corrupción de menores o incapacitados
2023,NA,3.4.-pornografia de menores,1,EN EL EXTRANJERO,3.4.-Pornografía de menores
2022,NA,3.4.-pornografia de menores,1,EN EL EXTRANJERO,3.4.-Pornografía de menores
2021,NA,3.4.-pornografia de menores,0,EN EL EXTRANJERO,3.4.-Pornografía de menores
2020,NA,3.4.-pornografia de menores,1,EN EL EXTRANJERO,3.4.-Pornografía de menores
2019,NA,3.4.-pornografia de menores,8,EN EL EXTRANJERO,3.4.-Pornografía de menores
2018,NA,3.4.-pornografia de menores,4,EN EL EXTRANJERO,3.4.-Pornografía de menores
2017,NA,3.4.-pornografia de menores,1,EN EL EXTRANJERO,3.4.-Pornografía de menores
2016,NA,3.4.-pornografia de menores,1,EN EL EXTRANJERO,3.4.-Pornografía de menores
2015,NA,3.4.-pornografia de menores,1,EN EL EXTRANJERO,3.4.-Pornografía de menores
2014,NA,3.4.-pornografia de menores,2,EN EL EXTRANJERO,3.4.-Pornografía de menores
2013,NA,3.4.-pornografia de menores,0,EN EL EXTRANJERO,3.4.-Pornografía de menores
2012,NA,3.4.-pornografia de menores,1,EN EL EXTRANJERO,3.4.-Pornografía de menores
2011,NA,3.4.-pornografia de menores,5,EN EL EXTRANJERO,3.4.-Pornografía de menores
2010,NA,3.4.-pornografia de menores,1,EN EL EXTRANJERO,3.4.-Pornografía de menores
2023,NA,3.5.-otros contra la libertad sexual,1,EN EL EXTRANJERO,3.5.-Otros contra la libertad sexual
2022,NA,3.5.-otros contra la libertad sexual,1,EN EL EXTRANJERO,3.5.-Otros contra la libertad sexual
2021,NA,3.5.-otros contra la libertad sexual,0,EN EL EXTRANJERO,3.5.-Otros contra la libertad sexual
2020,NA,3.5.-otros contra la libertad sexual,2,EN EL EXTRANJERO,3.5.-Otros contra la libertad sexual
2019,NA,3.5.-otros contra la libertad sexual,3,EN EL EXTRANJERO,3.5.-Otros contra la libertad sexual
2018,NA,3.5.-otros contra la libertad sexual,1,EN EL EXTRANJERO,3.5.-Otros contra la libertad sexual
2017,NA,3.5.-otros contra la libertad sexual,1,EN EL EXTRANJERO,3.5.-Otros contra la libertad sexual
2016,NA,3.5.-otros contra la libertad sexual,1,EN EL EXTRANJERO,3.5.-Otros contra la libertad sexual
2015,NA,3.5.-otros contra la libertad sexual,1,EN EL EXTRANJERO,3.5.-Otros contra la libertad sexual
2014,NA,3.5.-otros contra la libertad sexual,1,EN EL EXTRANJERO,3.5.-Otros contra la libertad sexual
2013,NA,3.5.-otros contra la libertad sexual,1,EN EL EXTRANJERO,3.5.-Otros contra la libertad sexual
2012,NA,3.5.-otros contra la libertad sexual,1,EN EL EXTRANJERO,3.5.-Otros contra la libertad sexual
2011,NA,3.5.-otros contra la libertad sexual,0,EN EL EXTRANJERO,3.5.-Otros contra la libertad sexual
2010,NA,3.5.-otros contra la libertad sexual,1,EN EL EXTRANJERO,3.5.-Otros contra la libertad sexual
2023,NA,4. relaciones familiares,49,EN EL EXTRANJERO,4. RELACIONES FAMILIARES
2022,NA,4. relaciones familiares,46,EN EL EXTRANJERO,4. RELACIONES FAMILIARES
2021,NA,4. relaciones familiares,74,EN EL EXTRANJERO,4. RELACIONES FAMILIARES
2020,NA,4. relaciones familiares,39,EN EL EXTRANJERO,4. RELACIONES FAMILIARES
2019,NA,4. relaciones familiares,65,EN EL EXTRANJERO,4. RELACIONES FAMILIARES
2018,NA,4. relaciones familiares,60,EN EL EXTRANJERO,4. RELACIONES FAMILIARES
2017,NA,4. relaciones familiares,63,EN EL EXTRANJERO,4. RELACIONES FAMILIARES
2016,NA,4. relaciones familiares,87,EN EL EXTRANJERO,4. RELACIONES FAMILIARES
2015,NA,4. relaciones familiares,86,EN EL EXTRANJERO,4. RELACIONES FAMILIARES
2014,NA,4. relaciones familiares,74,EN EL EXTRANJERO,4. RELACIONES FAMILIARES
2013,NA,4. relaciones familiares,65,EN EL EXTRANJERO,4. RELACIONES FAMILIARES
2012,NA,4. relaciones familiares,37,EN EL EXTRANJERO,4. RELACIONES FAMILIARES
2011,NA,4. relaciones familiares,25,EN EL EXTRANJERO,4. RELACIONES FAMILIARES
2010,NA,4. relaciones familiares,23,EN EL EXTRANJERO,4. RELACIONES FAMILIARES
2023,NA,5. patrimonio,645,EN EL EXTRANJERO,5. PATRIMONIO
2022,NA,5. patrimonio,704,EN EL EXTRANJERO,5. PATRIMONIO
2021,NA,5. patrimonio,393,EN EL EXTRANJERO,5. PATRIMONIO
2020,NA,5. patrimonio,450,EN EL EXTRANJERO,5. PATRIMONIO
2019,NA,5. patrimonio,607,EN EL EXTRANJERO,5. PATRIMONIO
2018,NA,5. patrimonio,441,EN EL EXTRANJERO,5. PATRIMONIO
2017,NA,5. patrimonio,599,EN EL EXTRANJERO,5. PATRIMONIO
2016,NA,5. patrimonio,510,EN EL EXTRANJERO,5. PATRIMONIO
2015,NA,5. patrimonio,545,EN EL EXTRANJERO,5. PATRIMONIO
2014,NA,5. patrimonio,491,EN EL EXTRANJERO,5. PATRIMONIO
2013,NA,5. patrimonio,617,EN EL EXTRANJERO,5. PATRIMONIO
2012,NA,5. patrimonio,513,EN EL EXTRANJERO,5. PATRIMONIO
2011,NA,5. patrimonio,554,EN EL EXTRANJERO,5. PATRIMONIO
2010,NA,5. patrimonio,477,EN EL EXTRANJERO,5. PATRIMONIO
2023,NA,5.1.-hurtos,13,EN EL EXTRANJERO,5.1.-Hurtos
2022,NA,5.1.-hurtos,14,EN EL EXTRANJERO,5.1.-Hurtos
2021,NA,5.1.-hurtos,8,EN EL EXTRANJERO,5.1.-Hurtos
2020,NA,5.1.-hurtos,9,EN EL EXTRANJERO,5.1.-Hurtos
2019,NA,5.1.-hurtos,11,EN EL EXTRANJERO,5.1.-Hurtos
2018,NA,5.1.-hurtos,11,EN EL EXTRANJERO,5.1.-Hurtos
2017,NA,5.1.-hurtos,19,EN EL EXTRANJERO,5.1.-Hurtos
2016,NA,5.1.-hurtos,15,EN EL EXTRANJERO,5.1.-Hurtos
2015,NA,5.1.-hurtos,10,EN EL EXTRANJERO,5.1.-Hurtos
2014,NA,5.1.-hurtos,9,EN EL EXTRANJERO,5.1.-Hurtos
2013,NA,5.1.-hurtos,17,EN EL EXTRANJERO,5.1.-Hurtos
2012,NA,5.1.-hurtos,13,EN EL EXTRANJERO,5.1.-Hurtos
2011,NA,5.1.-hurtos,18,EN EL EXTRANJERO,5.1.-Hurtos
2010,NA,5.1.-hurtos,18,EN EL EXTRANJERO,5.1.-Hurtos
2023,NA,5.2.-robos con fuerza en las cosas,2,EN EL EXTRANJERO,5.2.-Robos con fuerza en las cosas
2022,NA,5.2.-robos con fuerza en las cosas,6,EN EL EXTRANJERO,5.2.-Robos con fuerza en las cosas
2021,NA,5.2.-robos con fuerza en las cosas,4,EN EL EXTRANJERO,5.2.-Robos con fuerza en las cosas
2020,NA,5.2.-robos con fuerza en las cosas,1,EN EL EXTRANJERO,5.2.-Robos con fuerza en las cosas
2019,NA,5.2.-robos con fuerza en las cosas,2,EN EL EXTRANJERO,5.2.-Robos con fuerza en las cosas
2018,NA,5.2.-robos con fuerza en las cosas,3,EN EL EXTRANJERO,5.2.-Robos con fuerza en las cosas
2017,NA,5.2.-robos con fuerza en las cosas,9,EN EL EXTRANJERO,5.2.-Robos con fuerza en las cosas
2016,NA,5.2.-robos con fuerza en las cosas,7,EN EL EXTRANJERO,5.2.-Robos con fuerza en las cosas
2015,NA,5.2.-robos con fuerza en las cosas,5,EN EL EXTRANJERO,5.2.-Robos con fuerza en las cosas
2014,NA,5.2.-robos con fuerza en las cosas,8,EN EL EXTRANJERO,5.2.-Robos con fuerza en las cosas
2013,NA,5.2.-robos con fuerza en las cosas,5,EN EL EXTRANJERO,5.2.-Robos con fuerza en las cosas
2012,NA,5.2.-robos con fuerza en las cosas,10,EN EL EXTRANJERO,5.2.-Robos con fuerza en las cosas
2011,NA,5.2.-robos con fuerza en las cosas,7,EN EL EXTRANJERO,5.2.-Robos con fuerza en las cosas
2010,NA,5.2.-robos con fuerza en las cosas,17,EN EL EXTRANJERO,5.2.-Robos con fuerza en las cosas
2023,NA,5.2.1.-robos con fuerza en las cosas en el interior de vehiculos,0,EN EL EXTRANJERO,5.2.1.-Robos con fuerza en las cosas en el interior de vehículos
2022,NA,5.2.1.-robos con fuerza en las cosas en el interior de vehiculos,4,EN EL EXTRANJERO,5.2.1.-Robos con fuerza en las cosas en el interior de vehículos
2021,NA,5.2.1.-robos con fuerza en las cosas en el interior de vehiculos,2,EN EL EXTRANJERO,5.2.1.-Robos con fuerza en las cosas en el interior de vehículos
2020,NA,5.2.1.-robos con fuerza en las cosas en el interior de vehiculos,0,EN EL EXTRANJERO,5.2.1.-Robos con fuerza en las cosas en el interior de vehículos
2019,NA,5.2.1.-robos con fuerza en las cosas en el interior de vehiculos,1,EN EL EXTRANJERO,5.2.1.-Robos con fuerza en las cosas en el interior de vehículos
2018,NA,5.2.1.-robos con fuerza en las cosas en el interior de vehiculos,0,EN EL EXTRANJERO,5.2.1.-Robos con fuerza en las cosas en el interior de vehículos
2017,NA,5.2.1.-robos con fuerza en las cosas en el interior de vehiculos,1,EN EL EXTRANJERO,5.2.1.-Robos con fuerza en las cosas en el interior de vehículos
2016,NA,5.2.1.-robos con fuerza en las cosas en el interior de vehiculos,0,EN EL EXTRANJERO,5.2.1.-Robos con fuerza en las cosas en el interior de vehículos
2015,NA,5.2.1.-robos con fuerza en las cosas en el interior de vehiculos,1,EN EL EXTRANJERO,5.2.1.-Robos con fuerza en las cosas en el interior de vehículos
2014,NA,5.2.1.-robos con fuerza en las cosas en el interior de vehiculos,0,EN EL EXTRANJERO,5.2.1.-Robos con fuerza en las cosas en el interior de vehículos
2013,NA,5.2.1.-robos con fuerza en las cosas en el interior de vehiculos,0,EN EL EXTRANJERO,5.2.1.-Robos con fuerza en las cosas en el interior de vehículos
2012,NA,5.2.1.-robos con fuerza en las cosas en el interior de vehiculos,0,EN EL EXTRANJERO,5.2.1.-Robos con fuerza en las cosas en el interior de vehículos
2011,NA,5.2.1.-robos con fuerza en las cosas en el interior de vehiculos,1,EN EL EXTRANJERO,5.2.1.-Robos con fuerza en las cosas en el interior de vehículos
2010,NA,5.2.1.-robos con fuerza en las cosas en el interior de vehiculos,0,EN EL EXTRANJERO,5.2.1.-Robos con fuerza en las cosas en el interior de vehículos
2023,NA,5.2.2.-robos con fuerza en viviendas,0,EN EL EXTRANJERO,5.2.2.-Robos con fuerza en viviendas
2022,NA,5.2.2.-robos con fuerza en viviendas,0,EN EL EXTRANJERO,5.2.2.-Robos con fuerza en viviendas
2021,NA,5.2.2.-robos con fuerza en viviendas,0,EN EL EXTRANJERO,5.2.2.-Robos con fuerza en viviendas
2020,NA,5.2.2.-robos con fuerza en viviendas,0,EN EL EXTRANJERO,5.2.2.-Robos con fuerza en viviendas
2019,NA,5.2.2.-robos con fuerza en viviendas,1,EN EL EXTRANJERO,5.2.2.-Robos con fuerza en viviendas
2018,NA,5.2.2.-robos con fuerza en viviendas,0,EN EL EXTRANJERO,5.2.2.-Robos con fuerza en viviendas
2017,NA,5.2.2.-robos con fuerza en viviendas,1,EN EL EXTRANJERO,5.2.2.-Robos con fuerza en viviendas
2016,NA,5.2.2.-robos con fuerza en viviendas,0,EN EL EXTRANJERO,5.2.2.-Robos con fuerza en viviendas
2015,NA,5.2.2.-robos con fuerza en viviendas,0,EN EL EXTRANJERO,5.2.2.-Robos con fuerza en viviendas
2014,NA,5.2.2.-robos con fuerza en viviendas,3,EN EL EXTRANJERO,5.2.2.-Robos con fuerza en viviendas
2013,NA,5.2.2.-robos con fuerza en viviendas,2,EN EL EXTRANJERO,5.2.2.-Robos con fuerza en viviendas
2012,NA,5.2.2.-robos con fuerza en viviendas,1,EN EL EXTRANJERO,5.2.2.-Robos con fuerza en viviendas
2011,NA,5.2.2.-robos con fuerza en viviendas,0,EN EL EXTRANJERO,5.2.2.-Robos con fuerza en viviendas
2010,NA,5.2.2.-robos con fuerza en viviendas,1,EN EL EXTRANJERO,5.2.2.-Robos con fuerza en viviendas
2023,NA,5.2.3.-robos con fuerza en establecimientos,0,EN EL EXTRANJERO,5.2.3.-Robos con fuerza en establecimientos
2022,NA,5.2.3.-robos con fuerza en establecimientos,0,EN EL EXTRANJERO,5.2.3.-Robos con fuerza en establecimientos
2021,NA,5.2.3.-robos con fuerza en establecimientos,0,EN EL EXTRANJERO,5.2.3.-Robos con fuerza en establecimientos
2020,NA,5.2.3.-robos con fuerza en establecimientos,1,EN EL EXTRANJERO,5.2.3.-Robos con fuerza en establecimientos
2019,NA,5.2.3.-robos con fuerza en establecimientos,0,EN EL EXTRANJERO,5.2.3.-Robos con fuerza en establecimientos
2018,NA,5.2.3.-robos con fuerza en establecimientos,1,EN EL EXTRANJERO,5.2.3.-Robos con fuerza en establecimientos
2017,NA,5.2.3.-robos con fuerza en establecimientos,2,EN EL EXTRANJERO,5.2.3.-Robos con fuerza en establecimientos
2016,NA,5.2.3.-robos con fuerza en establecimientos,2,EN EL EXTRANJERO,5.2.3.-Robos con fuerza en establecimientos
2015,NA,5.2.3.-robos con fuerza en establecimientos,2,EN EL EXTRANJERO,5.2.3.-Robos con fuerza en establecimientos
2014,NA,5.2.3.-robos con fuerza en establecimientos,0,EN EL EXTRANJERO,5.2.3.-Robos con fuerza en establecimientos
2013,NA,5.2.3.-robos con fuerza en establecimientos,0,EN EL EXTRANJERO,5.2.3.-Robos con fuerza en establecimientos
2012,NA,5.2.3.-robos con fuerza en establecimientos,5,EN EL EXTRANJERO,5.2.3.-Robos con fuerza en establecimientos
2011,NA,5.2.3.-robos con fuerza en establecimientos,2,EN EL EXTRANJERO,5.2.3.-Robos con fuerza en establecimientos
2010,NA,5.2.3.-robos con fuerza en establecimientos,4,EN EL EXTRANJERO,5.2.3.-Robos con fuerza en establecimientos
2023,NA,5.3.-robos con violencia o intimidacion,2,EN EL EXTRANJERO,5.3.-Robos con violencia o intimidación
2022,NA,5.3.-robos con violencia o intimidacion,3,EN EL EXTRANJERO,5.3.-Robos con violencia o intimidación
2021,NA,5.3.-robos con violencia o intimidacion,0,EN EL EXTRANJERO,5.3.-Robos con violencia o intimidación
2020,NA,5.3.-robos con violencia o intimidacion,1,EN EL EXTRANJERO,5.3.-Robos con violencia o intimidación
2019,NA,5.3.-robos con violencia o intimidacion,1,EN EL EXTRANJERO,5.3.-Robos con violencia o intimidación
2018,NA,5.3.-robos con violencia o intimidacion,4,EN EL EXTRANJERO,5.3.-Robos con violencia o intimidación
2017,NA,5.3.-robos con violencia o intimidacion,2,EN EL EXTRANJERO,5.3.-Robos con violencia o intimidación
2016,NA,5.3.-robos con violencia o intimidacion,0,EN EL EXTRANJERO,5.3.-Robos con violencia o intimidación
2015,NA,5.3.-robos con violencia o intimidacion,0,EN EL EXTRANJERO,5.3.-Robos con violencia o intimidación
2014,NA,5.3.-robos con violencia o intimidacion,1,EN EL EXTRANJERO,5.3.-Robos con violencia o intimidación
2013,NA,5.3.-robos con violencia o intimidacion,3,EN EL EXTRANJERO,5.3.-Robos con violencia o intimidación
2012,NA,5.3.-robos con violencia o intimidacion,0,EN EL EXTRANJERO,5.3.-Robos con violencia o intimidación
2011,NA,5.3.-robos con violencia o intimidacion,3,EN EL EXTRANJERO,5.3.-Robos con violencia o intimidación
2010,NA,5.3.-robos con violencia o intimidacion,4,EN EL EXTRANJERO,5.3.-Robos con violencia o intimidación
2023,NA,5.3.1.-robos con violencia en via publica,1,EN EL EXTRANJERO,5.3.1.-Robos con violencia en vía pública
2022,NA,5.3.1.-robos con violencia en via publica,1,EN EL EXTRANJERO,5.3.1.-Robos con violencia en vía pública
2021,NA,5.3.1.-robos con violencia en via publica,0,EN EL EXTRANJERO,5.3.1.-Robos con violencia en vía pública
2020,NA,5.3.1.-robos con violencia en via publica,1,EN EL EXTRANJERO,5.3.1.-Robos con violencia en vía pública
2019,NA,5.3.1.-robos con violencia en via publica,0,EN EL EXTRANJERO,5.3.1.-Robos con violencia en vía pública
2018,NA,5.3.1.-robos con violencia en via publica,3,EN EL EXTRANJERO,5.3.1.-Robos con violencia en vía pública
2017,NA,5.3.1.-robos con violencia en via publica,2,EN EL EXTRANJERO,5.3.1.-Robos con violencia en vía pública
2016,NA,5.3.1.-robos con violencia en via publica,0,EN EL EXTRANJERO,5.3.1.-Robos con violencia en vía pública
2015,NA,5.3.1.-robos con violencia en via publica,0,EN EL EXTRANJERO,5.3.1.-Robos con violencia en vía pública
2014,NA,5.3.1.-robos con violencia en via publica,0,EN EL EXTRANJERO,5.3.1.-Robos con violencia en vía pública
2013,NA,5.3.1.-robos con violencia en via publica,1,EN EL EXTRANJERO,5.3.1.-Robos con violencia en vía pública
2012,NA,5.3.1.-robos con violencia en via publica,0,EN EL EXTRANJERO,5.3.1.-Robos con violencia en vía pública
2011,NA,5.3.1.-robos con violencia en via publica,3,EN EL EXTRANJERO,5.3.1.-Robos con violencia en vía pública
2010,NA,5.3.1.-robos con violencia en via publica,2,EN EL EXTRANJERO,5.3.1.-Robos con violencia en vía pública
2023,NA,5.3.2.-robos con violencia en viviendas,0,EN EL EXTRANJERO,5.3.2.-Robos con violencia en viviendas
2022,NA,5.3.2.-robos con violencia en viviendas,0,EN EL EXTRANJERO,5.3.2.-Robos con violencia en viviendas
2021,NA,5.3.2.-robos con violencia en viviendas,0,EN EL EXTRANJERO,5.3.2.-Robos con violencia en viviendas
2020,NA,5.3.2.-robos con violencia en viviendas,0,EN EL EXTRANJERO,5.3.2.-Robos con violencia en viviendas
2019,NA,5.3.2.-robos con violencia en viviendas,0,EN EL EXTRANJERO,5.3.2.-Robos con violencia en viviendas
2018,NA,5.3.2.-robos con violencia en viviendas,1,EN EL EXTRANJERO,5.3.2.-Robos con violencia en viviendas
2017,NA,5.3.2.-robos con violencia en viviendas,0,EN EL EXTRANJERO,5.3.2.-Robos con violencia en viviendas
2016,NA,5.3.2.-robos con violencia en viviendas,0,EN EL EXTRANJERO,5.3.2.-Robos con violencia en viviendas
2015,NA,5.3.2.-robos con violencia en viviendas,0,EN EL EXTRANJERO,5.3.2.-Robos con violencia en viviendas
2014,NA,5.3.2.-robos con violencia en viviendas,1,EN EL EXTRANJERO,5.3.2.-Robos con violencia en viviendas
2013,NA,5.3.2.-robos con violencia en viviendas,0,EN EL EXTRANJERO,5.3.2.-Robos con violencia en viviendas
2012,NA,5.3.2.-robos con violencia en viviendas,0,EN EL EXTRANJERO,5.3.2.-Robos con violencia en viviendas
2011,NA,5.3.2.-robos con violencia en viviendas,0,EN EL EXTRANJERO,5.3.2.-Robos con violencia en viviendas
2010,NA,5.3.2.-robos con violencia en viviendas,1,EN EL EXTRANJERO,5.3.2.-Robos con violencia en viviendas
2023,NA,5.3.3.-robos con violencia en establecimientos,1,EN EL EXTRANJERO,5.3.3.-Robos con violencia en establecimientos
2022,NA,5.3.3.-robos con violencia en establecimientos,0,EN EL EXTRANJERO,5.3.3.-Robos con violencia en establecimientos
2021,NA,5.3.3.-robos con violencia en establecimientos,0,EN EL EXTRANJERO,5.3.3.-Robos con violencia en establecimientos
2020,NA,5.3.3.-robos con violencia en establecimientos,0,EN EL EXTRANJERO,5.3.3.-Robos con violencia en establecimientos
2019,NA,5.3.3.-robos con violencia en establecimientos,0,EN EL EXTRANJERO,5.3.3.-Robos con violencia en establecimientos
2018,NA,5.3.3.-robos con violencia en establecimientos,0,EN EL EXTRANJERO,5.3.3.-Robos con violencia en establecimientos
2017,NA,5.3.3.-robos con violencia en establecimientos,0,EN EL EXTRANJERO,5.3.3.-Robos con violencia en establecimientos
2016,NA,5.3.3.-robos con violencia en establecimientos,0,EN EL EXTRANJERO,5.3.3.-Robos con violencia en establecimientos
2015,NA,5.3.3.-robos con violencia en establecimientos,0,EN EL EXTRANJERO,5.3.3.-Robos con violencia en establecimientos
2014,NA,5.3.3.-robos con violencia en establecimientos,0,EN EL EXTRANJERO,5.3.3.-Robos con violencia en establecimientos
2013,NA,5.3.3.-robos con violencia en establecimientos,0,EN EL EXTRANJERO,5.3.3.-Robos con violencia en establecimientos
2012,NA,5.3.3.-robos con violencia en establecimientos,0,EN EL EXTRANJERO,5.3.3.-Robos con violencia en establecimientos
2011,NA,5.3.3.-robos con violencia en establecimientos,0,EN EL EXTRANJERO,5.3.3.-Robos con violencia en establecimientos
2010,NA,5.3.3.-robos con violencia en establecimientos,1,EN EL EXTRANJERO,5.3.3.-Robos con violencia en establecimientos
2023,NA,5.4.-sustraccion de vehiculos,102,EN EL EXTRANJERO,5.4.-Sustracción de vehículos
2022,NA,5.4.-sustraccion de vehiculos,48,EN EL EXTRANJERO,5.4.-Sustracción de vehículos
2021,NA,5.4.-sustraccion de vehiculos,54,EN EL EXTRANJERO,5.4.-Sustracción de vehículos
2020,NA,5.4.-sustraccion de vehiculos,75,EN EL EXTRANJERO,5.4.-Sustracción de vehículos
2019,NA,5.4.-sustraccion de vehiculos,85,EN EL EXTRANJERO,5.4.-Sustracción de vehículos
2018,NA,5.4.-sustraccion de vehiculos,70,EN EL EXTRANJERO,5.4.-Sustracción de vehículos
2017,NA,5.4.-sustraccion de vehiculos,84,EN EL EXTRANJERO,5.4.-Sustracción de vehículos
2016,NA,5.4.-sustraccion de vehiculos,83,EN EL EXTRANJERO,5.4.-Sustracción de vehículos
2015,NA,5.4.-sustraccion de vehiculos,77,EN EL EXTRANJERO,5.4.-Sustracción de vehículos
2014,NA,5.4.-sustraccion de vehiculos,72,EN EL EXTRANJERO,5.4.-Sustracción de vehículos
2013,NA,5.4.-sustraccion de vehiculos,32,EN EL EXTRANJERO,5.4.-Sustracción de vehículos
2012,NA,5.4.-sustraccion de vehiculos,95,EN EL EXTRANJERO,5.4.-Sustracción de vehículos
2011,NA,5.4.-sustraccion de vehiculos,121,EN EL EXTRANJERO,5.4.-Sustracción de vehículos
2010,NA,5.4.-sustraccion de vehiculos,36,EN EL EXTRANJERO,5.4.-Sustracción de vehículos
2023,NA,5.5.-estafas,472,EN EL EXTRANJERO,5.5.-Estafas
2022,NA,5.5.-estafas,599,EN EL EXTRANJERO,5.5.-Estafas
2021,NA,5.5.-estafas,311,EN EL EXTRANJERO,5.5.-Estafas
2020,NA,5.5.-estafas,340,EN EL EXTRANJERO,5.5.-Estafas
2019,NA,5.5.-estafas,478,EN EL EXTRANJERO,5.5.-Estafas
2018,NA,5.5.-estafas,311,EN EL EXTRANJERO,5.5.-Estafas
2017,NA,5.5.-estafas,409,EN EL EXTRANJERO,5.5.-Estafas
2016,NA,5.5.-estafas,370,EN EL EXTRANJERO,5.5.-Estafas
2015,NA,5.5.-estafas,412,EN EL EXTRANJERO,5.5.-Estafas
2014,NA,5.5.-estafas,368,EN EL EXTRANJERO,5.5.-Estafas
2013,NA,5.5.-estafas,531,EN EL EXTRANJERO,5.5.-Estafas
2012,NA,5.5.-estafas,363,EN EL EXTRANJERO,5.5.-Estafas
2011,NA,5.5.-estafas,374,EN EL EXTRANJERO,5.5.-Estafas
2010,NA,5.5.-estafas,383,EN EL EXTRANJERO,5.5.-Estafas
2023,NA,5.5.1.-estafas informaticas,401,EN EL EXTRANJERO,5.5.1.-Estafas informáticas
2022,NA,5.5.1.-estafas informaticas,500,EN EL EXTRANJERO,5.5.1.-Estafas informáticas
2021,NA,5.5.1.-estafas informaticas,235,EN EL EXTRANJERO,5.5.1.-Estafas informáticas
2020,NA,5.5.1.-estafas informaticas,266,EN EL EXTRANJERO,5.5.1.-Estafas informáticas
2019,NA,5.5.1.-estafas informaticas,284,EN EL EXTRANJERO,5.5.1.-Estafas informáticas
2018,NA,5.5.1.-estafas informaticas,165,EN EL EXTRANJERO,5.5.1.-Estafas informáticas
2017,NA,5.5.1.-estafas informaticas,205,EN EL EXTRANJERO,5.5.1.-Estafas informáticas
2016,NA,5.5.1.-estafas informaticas,192,EN EL EXTRANJERO,5.5.1.-Estafas informáticas
2015,NA,5.5.1.-estafas informaticas,182,EN EL EXTRANJERO,5.5.1.-Estafas informáticas
2014,NA,5.5.1.-estafas informaticas,167,EN EL EXTRANJERO,5.5.1.-Estafas informáticas
2013,NA,5.5.1.-estafas informaticas,221,EN EL EXTRANJERO,5.5.1.-Estafas informáticas
2012,NA,5.5.1.-estafas informaticas,174,EN EL EXTRANJERO,5.5.1.-Estafas informáticas
2011,NA,5.5.1.-estafas informaticas,193,EN EL EXTRANJERO,5.5.1.-Estafas informáticas
2010,NA,5.5.1.-estafas informaticas,181,EN EL EXTRANJERO,5.5.1.-Estafas informáticas
2023,NA,5.6.-danos,0,EN EL EXTRANJERO,5.6.-Daños
2022,NA,5.6.-danos,3,EN EL EXTRANJERO,5.6.-Daños
2021,NA,5.6.-danos,2,EN EL EXTRANJERO,5.6.-Daños
2020,NA,5.6.-danos,1,EN EL EXTRANJERO,5.6.-Daños
2019,NA,5.6.-danos,1,EN EL EXTRANJERO,5.6.-Daños
2018,NA,5.6.-danos,0,EN EL EXTRANJERO,5.6.-Daños
2017,NA,5.6.-danos,4,EN EL EXTRANJERO,5.6.-Daños
2016,NA,5.6.-danos,1,EN EL EXTRANJERO,5.6.-Daños
2015,NA,5.6.-danos,2,EN EL EXTRANJERO,5.6.-Daños
2014,NA,5.6.-danos,1,EN EL EXTRANJERO,5.6.-Daños
2013,NA,5.6.-danos,3,EN EL EXTRANJERO,5.6.-Daños
2012,NA,5.6.-danos,3,EN EL EXTRANJERO,5.6.-Daños
2011,NA,5.6.-danos,1,EN EL EXTRANJERO,5.6.-Daños
2010,NA,5.6.-danos,3,EN EL EXTRANJERO,5.6.-Daños
2023,NA,5.7.-contra la propiedad intelectual/industrial,1,EN EL EXTRANJERO,5.7.-Contra la propiedad intelectual/industrial
2022,NA,5.7.-contra la propiedad intelectual/industrial,1,EN EL EXTRANJERO,5.7.-Contra la propiedad intelectual/industrial
2021,NA,5.7.-contra la propiedad intelectual/industrial,0,EN EL EXTRANJERO,5.7.-Contra la propiedad intelectual/industrial
2020,NA,5.7.-contra la propiedad intelectual/industrial,1,EN EL EXTRANJERO,5.7.-Contra la propiedad intelectual/industrial
2019,NA,5.7.-contra la propiedad intelectual/industrial,0,EN EL EXTRANJERO,5.7.-Contra la propiedad intelectual/industrial
2018,NA,5.7.-contra la propiedad intelectual/industrial,0,EN EL EXTRANJERO,5.7.-Contra la propiedad intelectual/industrial
2017,NA,5.7.-contra la propiedad intelectual/industrial,1,EN EL EXTRANJERO,5.7.-Contra la propiedad intelectual/industrial
2016,NA,5.7.-contra la propiedad intelectual/industrial,0,EN EL EXTRANJERO,5.7.-Contra la propiedad intelectual/industrial
2015,NA,5.7.-contra la propiedad intelectual/industrial,2,EN EL EXTRANJERO,5.7.-Contra la propiedad intelectual/industrial
2014,NA,5.7.-contra la propiedad intelectual/industrial,1,EN EL EXTRANJERO,5.7.-Contra la propiedad intelectual/industrial
2013,NA,5.7.-contra la propiedad intelectual/industrial,1,EN EL EXTRANJERO,5.7.-Contra la propiedad intelectual/industrial
2012,NA,5.7.-contra la propiedad intelectual/industrial,0,EN EL EXTRANJERO,5.7.-Contra la propiedad intelectual/industrial
2011,NA,5.7.-contra la propiedad intelectual/industrial,0,EN EL EXTRANJERO,5.7.-Contra la propiedad intelectual/industrial
2010,NA,5.7.-contra la propiedad intelectual/industrial,1,EN EL EXTRANJERO,5.7.-Contra la propiedad intelectual/industrial
2023,NA,5.8.-blanqueo de capitales,18,EN EL EXTRANJERO,5.8.-Blanqueo de capitales
2022,NA,5.8.-blanqueo de capitales,6,EN EL EXTRANJERO,5.8.-Blanqueo de capitales
2021,NA,5.8.-blanqueo de capitales,0,EN EL EXTRANJERO,5.8.-Blanqueo de capitales
2020,NA,5.8.-blanqueo de capitales,3,EN EL EXTRANJERO,5.8.-Blanqueo de capitales
2019,NA,5.8.-blanqueo de capitales,8,EN EL EXTRANJERO,5.8.-Blanqueo de capitales
2018,NA,5.8.-blanqueo de capitales,6,EN EL EXTRANJERO,5.8.-Blanqueo de capitales
2017,NA,5.8.-blanqueo de capitales,9,EN EL EXTRANJERO,5.8.-Blanqueo de capitales
2016,NA,5.8.-blanqueo de capitales,11,EN EL EXTRANJERO,5.8.-Blanqueo de capitales
2015,NA,5.8.-blanqueo de capitales,12,EN EL EXTRANJERO,5.8.-Blanqueo de capitales
2014,NA,5.8.-blanqueo de capitales,5,EN EL EXTRANJERO,5.8.-Blanqueo de capitales
2013,NA,5.8.-blanqueo de capitales,9,EN EL EXTRANJERO,5.8.-Blanqueo de capitales
2012,NA,5.8.-blanqueo de capitales,3,EN EL EXTRANJERO,5.8.-Blanqueo de capitales
2011,NA,5.8.-blanqueo de capitales,6,EN EL EXTRANJERO,5.8.-Blanqueo de capitales
2010,NA,5.8.-blanqueo de capitales,0,EN EL EXTRANJERO,5.8.-Blanqueo de capitales
2023,NA,5.9.-otros contra el patrimonio,35,EN EL EXTRANJERO,5.9.-Otros contra el patrimonio
2022,NA,5.9.-otros contra el patrimonio,24,EN EL EXTRANJERO,5.9.-Otros contra el patrimonio
2021,NA,5.9.-otros contra el patrimonio,14,EN EL EXTRANJERO,5.9.-Otros contra el patrimonio
2020,NA,5.9.-otros contra el patrimonio,19,EN EL EXTRANJERO,5.9.-Otros contra el patrimonio
2019,NA,5.9.-otros contra el patrimonio,21,EN EL EXTRANJERO,5.9.-Otros contra el patrimonio
2018,NA,5.9.-otros contra el patrimonio,36,EN EL EXTRANJERO,5.9.-Otros contra el patrimonio
2017,NA,5.9.-otros contra el patrimonio,62,EN EL EXTRANJERO,5.9.-Otros contra el patrimonio
2016,NA,5.9.-otros contra el patrimonio,23,EN EL EXTRANJERO,5.9.-Otros contra el patrimonio
2015,NA,5.9.-otros contra el patrimonio,25,EN EL EXTRANJERO,5.9.-Otros contra el patrimonio
2014,NA,5.9.-otros contra el patrimonio,26,EN EL EXTRANJERO,5.9.-Otros contra el patrimonio
2013,NA,5.9.-otros contra el patrimonio,16,EN EL EXTRANJERO,5.9.-Otros contra el patrimonio
2012,NA,5.9.-otros contra el patrimonio,26,EN EL EXTRANJERO,5.9.-Otros contra el patrimonio
2011,NA,5.9.-otros contra el patrimonio,24,EN EL EXTRANJERO,5.9.-Otros contra el patrimonio
2010,NA,5.9.-otros contra el patrimonio,15,EN EL EXTRANJERO,5.9.-Otros contra el patrimonio
2023,NA,6. seguridad colectiva,45,EN EL EXTRANJERO,6. SEGURIDAD COLECTIVA
2022,NA,6. seguridad colectiva,23,EN EL EXTRANJERO,6. SEGURIDAD COLECTIVA
2021,NA,6. seguridad colectiva,23,EN EL EXTRANJERO,6. SEGURIDAD COLECTIVA
2020,NA,6. seguridad colectiva,24,EN EL EXTRANJERO,6. SEGURIDAD COLECTIVA
2019,NA,6. seguridad colectiva,12,EN EL EXTRANJERO,6. SEGURIDAD COLECTIVA
2018,NA,6. seguridad colectiva,10,EN EL EXTRANJERO,6. SEGURIDAD COLECTIVA
2017,NA,6. seguridad colectiva,11,EN EL EXTRANJERO,6. SEGURIDAD COLECTIVA
2016,NA,6. seguridad colectiva,13,EN EL EXTRANJERO,6. SEGURIDAD COLECTIVA
2015,NA,6. seguridad colectiva,16,EN EL EXTRANJERO,6. SEGURIDAD COLECTIVA
2014,NA,6. seguridad colectiva,24,EN EL EXTRANJERO,6. SEGURIDAD COLECTIVA
2013,NA,6. seguridad colectiva,6,EN EL EXTRANJERO,6. SEGURIDAD COLECTIVA
2012,NA,6. seguridad colectiva,11,EN EL EXTRANJERO,6. SEGURIDAD COLECTIVA
2011,NA,6. seguridad colectiva,15,EN EL EXTRANJERO,6. SEGURIDAD COLECTIVA
2010,NA,6. seguridad colectiva,6,EN EL EXTRANJERO,6. SEGURIDAD COLECTIVA
2023,NA,6.1.-trafico de drogas,41,EN EL EXTRANJERO,6.1.-Tráfico de drogas
2022,NA,6.1.-trafico de drogas,22,EN EL EXTRANJERO,6.1.-Tráfico de drogas
2021,NA,6.1.-trafico de drogas,23,EN EL EXTRANJERO,6.1.-Tráfico de drogas
2020,NA,6.1.-trafico de drogas,22,EN EL EXTRANJERO,6.1.-Tráfico de drogas
2019,NA,6.1.-trafico de drogas,12,EN EL EXTRANJERO,6.1.-Tráfico de drogas
2018,NA,6.1.-trafico de drogas,10,EN EL EXTRANJERO,6.1.-Tráfico de drogas
2017,NA,6.1.-trafico de drogas,10,EN EL EXTRANJERO,6.1.-Tráfico de drogas
2016,NA,6.1.-trafico de drogas,12,EN EL EXTRANJERO,6.1.-Tráfico de drogas
2015,NA,6.1.-trafico de drogas,16,EN EL EXTRANJERO,6.1.-Tráfico de drogas
2014,NA,6.1.-trafico de drogas,18,EN EL EXTRANJERO,6.1.-Tráfico de drogas
2013,NA,6.1.-trafico de drogas,5,EN EL EXTRANJERO,6.1.-Tráfico de drogas
2012,NA,6.1.-trafico de drogas,3,EN EL EXTRANJERO,6.1.-Tráfico de drogas
2011,NA,6.1.-trafico de drogas,14,EN EL EXTRANJERO,6.1.-Tráfico de drogas
2010,NA,6.1.-trafico de drogas,3,EN EL EXTRANJERO,6.1.-Tráfico de drogas
2023,NA,6.2.-contra la seguridad vial,1,EN EL EXTRANJERO,6.2.-Contra la seguridad vial
2022,NA,6.2.-contra la seguridad vial,1,EN EL EXTRANJERO,6.2.-Contra la seguridad vial
2021,NA,6.2.-contra la seguridad vial,0,EN EL EXTRANJERO,6.2.-Contra la seguridad vial
2020,NA,6.2.-contra la seguridad vial,0,EN EL EXTRANJERO,6.2.-Contra la seguridad vial
2019,NA,6.2.-contra la seguridad vial,0,EN EL EXTRANJERO,6.2.-Contra la seguridad vial
2018,NA,6.2.-contra la seguridad vial,0,EN EL EXTRANJERO,6.2.-Contra la seguridad vial
2017,NA,6.2.-contra la seguridad vial,0,EN EL EXTRANJERO,6.2.-Contra la seguridad vial
2016,NA,6.2.-contra la seguridad vial,1,EN EL EXTRANJERO,6.2.-Contra la seguridad vial
2015,NA,6.2.-contra la seguridad vial,0,EN EL EXTRANJERO,6.2.-Contra la seguridad vial
2014,NA,6.2.-contra la seguridad vial,5,EN EL EXTRANJERO,6.2.-Contra la seguridad vial
2013,NA,6.2.-contra la seguridad vial,0,EN EL EXTRANJERO,6.2.-Contra la seguridad vial
2012,NA,6.2.-contra la seguridad vial,7,EN EL EXTRANJERO,6.2.-Contra la seguridad vial
2011,NA,6.2.-contra la seguridad vial,1,EN EL EXTRANJERO,6.2.-Contra la seguridad vial
2010,NA,6.2.-contra la seguridad vial,3,EN EL EXTRANJERO,6.2.-Contra la seguridad vial
2023,NA,6.3.-otros contra la seguridad colectiva,3,EN EL EXTRANJERO,6.3.-Otros contra la seguridad colectiva
2022,NA,6.3.-otros contra la seguridad colectiva,0,EN EL EXTRANJERO,6.3.-Otros contra la seguridad colectiva
2021,NA,6.3.-otros contra la seguridad colectiva,0,EN EL EXTRANJERO,6.3.-Otros contra la seguridad colectiva
2020,NA,6.3.-otros contra la seguridad colectiva,2,EN EL EXTRANJERO,6.3.-Otros contra la seguridad colectiva
2019,NA,6.3.-otros contra la seguridad colectiva,0,EN EL EXTRANJERO,6.3.-Otros contra la seguridad colectiva
2018,NA,6.3.-otros contra la seguridad colectiva,0,EN EL EXTRANJERO,6.3.-Otros contra la seguridad colectiva
2017,NA,6.3.-otros contra la seguridad colectiva,1,EN EL EXTRANJERO,6.3.-Otros contra la seguridad colectiva
2016,NA,6.3.-otros contra la seguridad colectiva,0,EN EL EXTRANJERO,6.3.-Otros contra la seguridad colectiva
2015,NA,6.3.-otros contra la seguridad colectiva,0,EN EL EXTRANJERO,6.3.-Otros contra la seguridad colectiva
2014,NA,6.3.-otros contra la seguridad colectiva,1,EN EL EXTRANJERO,6.3.-Otros contra la seguridad colectiva
2013,NA,6.3.-otros contra la seguridad colectiva,1,EN EL EXTRANJERO,6.3.-Otros contra la seguridad colectiva
2012,NA,6.3.-otros contra la seguridad colectiva,1,EN EL EXTRANJERO,6.3.-Otros contra la seguridad colectiva
2011,NA,6.3.-otros contra la seguridad colectiva,0,EN EL EXTRANJERO,6.3.-Otros contra la seguridad colectiva
2010,NA,6.3.-otros contra la seguridad colectiva,0,EN EL EXTRANJERO,6.3.-Otros contra la seguridad colectiva
2023,NA,7. falsedades,25,EN EL EXTRANJERO,7. FALSEDADES
2022,NA,7. falsedades,14,EN EL EXTRANJERO,7. FALSEDADES
2021,NA,7. falsedades,14,EN EL EXTRANJERO,7. FALSEDADES
2020,NA,7. falsedades,51,EN EL EXTRANJERO,7. FALSEDADES
2019,NA,7. falsedades,159,EN EL EXTRANJERO,7. FALSEDADES
2018,NA,7. falsedades,298,EN EL EXTRANJERO,7. FALSEDADES
2017,NA,7. falsedades,553,EN EL EXTRANJERO,7. FALSEDADES
2016,NA,7. falsedades,398,EN EL EXTRANJERO,7. FALSEDADES
2015,NA,7. falsedades,378,EN EL EXTRANJERO,7. FALSEDADES
2014,NA,7. falsedades,396,EN EL EXTRANJERO,7. FALSEDADES
2013,NA,7. falsedades,338,EN EL EXTRANJERO,7. FALSEDADES
2012,NA,7. falsedades,210,EN EL EXTRANJERO,7. FALSEDADES
2011,NA,7. falsedades,129,EN EL EXTRANJERO,7. FALSEDADES
2010,NA,7. falsedades,151,EN EL EXTRANJERO,7. FALSEDADES
2023,NA,8. admon. publica,0,EN EL EXTRANJERO,8. ADMÓN. PÚBLICA
2022,NA,8. admon. publica,1,EN EL EXTRANJERO,8. ADMÓN. PÚBLICA
2021,NA,8. admon. publica,0,EN EL EXTRANJERO,8. ADMÓN. PÚBLICA
2020,NA,8. admon. publica,3,EN EL EXTRANJERO,8. ADMÓN. PÚBLICA
2019,NA,8. admon. publica,0,EN EL EXTRANJERO,8. ADMÓN. PÚBLICA
2018,NA,8. admon. publica,1,EN EL EXTRANJERO,8. ADMÓN. PÚBLICA
2017,NA,8. admon. publica,1,EN EL EXTRANJERO,8. ADMÓN. PÚBLICA
2016,NA,8. admon. publica,4,EN EL EXTRANJERO,8. ADMÓN. PÚBLICA
2015,NA,8. admon. publica,1,EN EL EXTRANJERO,8. ADMÓN. PÚBLICA
2014,NA,8. admon. publica,0,EN EL EXTRANJERO,8. ADMÓN. PÚBLICA
2013,NA,8. admon. publica,0,EN EL EXTRANJERO,8. ADMÓN. PÚBLICA
2012,NA,8. admon. publica,0,EN EL EXTRANJERO,8. ADMÓN. PÚBLICA
2011,NA,8. admon. publica,0,EN EL EXTRANJERO,8. ADMÓN. PÚBLICA
2010,NA,8. admon. publica,0,EN EL EXTRANJERO,8. ADMÓN. PÚBLICA
2023,NA,9. admon. justicia,25,EN EL EXTRANJERO,9. ADMÓN. JUSTICIA
2022,NA,9. admon. justicia,21,EN EL EXTRANJERO,9. ADMÓN. JUSTICIA
2021,NA,9. admon. justicia,17,EN EL EXTRANJERO,9. ADMÓN. JUSTICIA
2020,NA,9. admon. justicia,18,EN EL EXTRANJERO,9. ADMÓN. JUSTICIA
2019,NA,9. admon. justicia,31,EN EL EXTRANJERO,9. ADMÓN. JUSTICIA
2018,NA,9. admon. justicia,27,EN EL EXTRANJERO,9. ADMÓN. JUSTICIA
2017,NA,9. admon. justicia,27,EN EL EXTRANJERO,9. ADMÓN. JUSTICIA
2016,NA,9. admon. justicia,23,EN EL EXTRANJERO,9. ADMÓN. JUSTICIA
2015,NA,9. admon. justicia,18,EN EL EXTRANJERO,9. ADMÓN. JUSTICIA
2014,NA,9. admon. justicia,26,EN EL EXTRANJERO,9. ADMÓN. JUSTICIA
2013,NA,9. admon. justicia,15,EN EL EXTRANJERO,9. ADMÓN. JUSTICIA
2012,NA,9. admon. justicia,9,EN EL EXTRANJERO,9. ADMÓN. JUSTICIA
2011,NA,9. admon. justicia,6,EN EL EXTRANJERO,9. ADMÓN. JUSTICIA
2010,NA,9. admon. justicia,14,EN EL EXTRANJERO,9. ADMÓN. JUSTICIA
2023,NA,10. orden publico,27,EN EL EXTRANJERO,10. ORDEN PÚBLICO
2022,NA,10. orden publico,10,EN EL EXTRANJERO,10. ORDEN PÚBLICO
2021,NA,10. orden publico,7,EN EL EXTRANJERO,10. ORDEN PÚBLICO
2020,NA,10. orden publico,5,EN EL EXTRANJERO,10. ORDEN PÚBLICO
2019,NA,10. orden publico,4,EN EL EXTRANJERO,10. ORDEN PÚBLICO
2018,NA,10. orden publico,2,EN EL EXTRANJERO,10. ORDEN PÚBLICO
2017,NA,10. orden publico,3,EN EL EXTRANJERO,10. ORDEN PÚBLICO
2016,NA,10. orden publico,4,EN EL EXTRANJERO,10. ORDEN PÚBLICO
2015,NA,10. orden publico,4,EN EL EXTRANJERO,10. ORDEN PÚBLICO
2014,NA,10. orden publico,6,EN EL EXTRANJERO,10. ORDEN PÚBLICO
2013,NA,10. orden publico,3,EN EL EXTRANJERO,10. ORDEN PÚBLICO
2012,NA,10. orden publico,4,EN EL EXTRANJERO,10. ORDEN PÚBLICO
2011,NA,10. orden publico,3,EN EL EXTRANJERO,10. ORDEN PÚBLICO
2010,NA,10. orden publico,2,EN EL EXTRANJERO,10. ORDEN PÚBLICO
2023,NA,11. legislacion especial,0,EN EL EXTRANJERO,11. LEGISLACIÓN ESPECIAL
2022,NA,11. legislacion especial,1,EN EL EXTRANJERO,11. LEGISLACIÓN ESPECIAL
2021,NA,11. legislacion especial,1,EN EL EXTRANJERO,11. LEGISLACIÓN ESPECIAL
2020,NA,11. legislacion especial,0,EN EL EXTRANJERO,11. LEGISLACIÓN ESPECIAL
2019,NA,11. legislacion especial,2,EN EL EXTRANJERO,11. LEGISLACIÓN ESPECIAL
2018,NA,11. legislacion especial,0,EN EL EXTRANJERO,11. LEGISLACIÓN ESPECIAL
2017,NA,11. legislacion especial,0,EN EL EXTRANJERO,11. LEGISLACIÓN ESPECIAL
2016,NA,11. legislacion especial,0,EN EL EXTRANJERO,11. LEGISLACIÓN ESPECIAL
2015,NA,11. legislacion especial,0,EN EL EXTRANJERO,11. LEGISLACIÓN ESPECIAL
2014,NA,11. legislacion especial,0,EN EL EXTRANJERO,11. LEGISLACIÓN ESPECIAL
2013,NA,11. legislacion especial,0,EN EL EXTRANJERO,11. LEGISLACIÓN ESPECIAL
2012,NA,11. legislacion especial,0,EN EL EXTRANJERO,11. LEGISLACIÓN ESPECIAL
2011,NA,11. legislacion especial,1,EN EL EXTRANJERO,11. LEGISLACIÓN ESPECIAL
2010,NA,11. legislacion especial,0,EN EL EXTRANJERO,11. LEGISLACIÓN ESPECIAL
2023,NA,12. otras infracciones penales,11,EN EL EXTRANJERO,12. OTRAS INFRACCIONES PENALES
2022,NA,12. otras infracciones penales,12,EN EL EXTRANJERO,12. OTRAS INFRACCIONES PENALES
2021,NA,12. otras infracciones penales,5,EN EL EXTRANJERO,12. OTRAS INFRACCIONES PENALES
2020,NA,12. otras infracciones penales,9,EN EL EXTRANJERO,12. OTRAS INFRACCIONES PENALES
2019,NA,12. otras infracciones penales,14,EN EL EXTRANJERO,12. OTRAS INFRACCIONES PENALES
2018,NA,12. otras infracciones penales,10,EN EL EXTRANJERO,12. OTRAS INFRACCIONES PENALES
2017,NA,12. otras infracciones penales,7,EN EL EXTRANJERO,12. OTRAS INFRACCIONES PENALES
2016,NA,12. otras infracciones penales,4,EN EL EXTRANJERO,12. OTRAS INFRACCIONES PENALES
2015,NA,12. otras infracciones penales,13,EN EL EXTRANJERO,12. OTRAS INFRACCIONES PENALES
2014,NA,12. otras infracciones penales,5,EN EL EXTRANJERO,12. OTRAS INFRACCIONES PENALES
2013,NA,12. otras infracciones penales,4,EN EL EXTRANJERO,12. OTRAS INFRACCIONES PENALES
2012,NA,12. otras infracciones penales,5,EN EL EXTRANJERO,12. OTRAS INFRACCIONES PENALES
2011,NA,12. otras infracciones penales,2,EN EL EXTRANJERO,12. OTRAS INFRACCIONES PENALES
2010,NA,12. otras infracciones penales,4,EN EL EXTRANJERO,12. OTRAS INFRACCIONES PENALES
2023,NA,total infracciones penales,1113,EN EL EXTRANJERO,TOTAL INFRACCIONES PENALES
2022,NA,total infracciones penales,1102,EN EL EXTRANJERO,TOTAL INFRACCIONES PENALES
2021,NA,total infracciones penales,741,EN EL EXTRANJERO,TOTAL INFRACCIONES PENALES
2020,NA,total infracciones penales,801,EN EL EXTRANJERO,TOTAL INFRACCIONES PENALES
2019,NA,total infracciones penales,1192,EN EL EXTRANJERO,TOTAL INFRACCIONES PENALES
2018,NA,total infracciones penales,1082,EN EL EXTRANJERO,TOTAL INFRACCIONES PENALES
2017,NA,total infracciones penales,1498,EN EL EXTRANJERO,TOTAL INFRACCIONES PENALES
2016,NA,total infracciones penales,1275,EN EL EXTRANJERO,TOTAL INFRACCIONES PENALES
2015,NA,total infracciones penales,1285,EN EL EXTRANJERO,TOTAL INFRACCIONES PENALES
2014,NA,total infracciones penales,1234,EN EL EXTRANJERO,TOTAL INFRACCIONES PENALES
2013,NA,total infracciones penales,1214,EN EL EXTRANJERO,TOTAL INFRACCIONES PENALES
2012,NA,total infracciones penales,988,EN EL EXTRANJERO,TOTAL INFRACCIONES PENALES
2011,NA,total infracciones penales,913,EN EL EXTRANJERO,TOTAL INFRACCIONES PENALES
2010,NA,total infracciones penales,823,EN EL EXTRANJERO,TOTAL INFRACCIONES PENALES
2023,NA,1. contra las personas,0,DESCONOCIDA,1. CONTRA LAS PERSONAS
2022,NA,1. contra las personas,0,DESCONOCIDA,1. CONTRA LAS PERSONAS
2021,NA,1. contra las personas,0,DESCONOCIDA,1. CONTRA LAS PERSONAS
2020,NA,1. contra las personas,0,DESCONOCIDA,1. CONTRA LAS PERSONAS
2019,NA,1. contra las personas,0,DESCONOCIDA,1. CONTRA LAS PERSONAS
2018,NA,1. contra las personas,0,DESCONOCIDA,1. CONTRA LAS PERSONAS
2017,NA,1. contra las personas,0,DESCONOCIDA,1. CONTRA LAS PERSONAS
2016,NA,1. contra las personas,0,DESCONOCIDA,1. CONTRA LAS PERSONAS
2015,NA,1. contra las personas,0,DESCONOCIDA,1. CONTRA LAS PERSONAS
2014,NA,1. contra las personas,0,DESCONOCIDA,1. CONTRA LAS PERSONAS
2013,NA,1. contra las personas,0,DESCONOCIDA,1. CONTRA LAS PERSONAS
2012,NA,1. contra las personas,0,DESCONOCIDA,1. CONTRA LAS PERSONAS
2011,NA,1. contra las personas,6,DESCONOCIDA,1. CONTRA LAS PERSONAS
2010,NA,1. contra las personas,6,DESCONOCIDA,1. CONTRA LAS PERSONAS
2023,NA,1.1.-homicidios dolosos/asesinatos,0,DESCONOCIDA,1.1.-Homicidios dolosos/asesinatos
2022,NA,1.1.-homicidios dolosos/asesinatos,0,DESCONOCIDA,1.1.-Homicidios dolosos/asesinatos
2021,NA,1.1.-homicidios dolosos/asesinatos,0,DESCONOCIDA,1.1.-Homicidios dolosos/asesinatos
2020,NA,1.1.-homicidios dolosos/asesinatos,0,DESCONOCIDA,1.1.-Homicidios dolosos/asesinatos
2019,NA,1.1.-homicidios dolosos/asesinatos,0,DESCONOCIDA,1.1.-Homicidios dolosos/asesinatos
2018,NA,1.1.-homicidios dolosos/asesinatos,0,DESCONOCIDA,1.1.-Homicidios dolosos/asesinatos
2017,NA,1.1.-homicidios dolosos/asesinatos,0,DESCONOCIDA,1.1.-Homicidios dolosos/asesinatos
2016,NA,1.1.-homicidios dolosos/asesinatos,0,DESCONOCIDA,1.1.-Homicidios dolosos/asesinatos
2015,NA,1.1.-homicidios dolosos/asesinatos,0,DESCONOCIDA,1.1.-Homicidios dolosos/asesinatos
2014,NA,1.1.-homicidios dolosos/asesinatos,0,DESCONOCIDA,1.1.-Homicidios dolosos/asesinatos
2013,NA,1.1.-homicidios dolosos/asesinatos,0,DESCONOCIDA,1.1.-Homicidios dolosos/asesinatos
2012,NA,1.1.-homicidios dolosos/asesinatos,0,DESCONOCIDA,1.1.-Homicidios dolosos/asesinatos
2011,NA,1.1.-homicidios dolosos/asesinatos,0,DESCONOCIDA,1.1.-Homicidios dolosos/asesinatos
2010,NA,1.1.-homicidios dolosos/asesinatos,0,DESCONOCIDA,1.1.-Homicidios dolosos/asesinatos
2023,NA,1.1.1.-homicidios dolosos/asesinatos consumados,0,DESCONOCIDA,1.1.1.-Homicidios dolosos/asesinatos consumados
2022,NA,1.1.1.-homicidios dolosos/asesinatos consumados,0,DESCONOCIDA,1.1.1.-Homicidios dolosos/asesinatos consumados
2021,NA,1.1.1.-homicidios dolosos/asesinatos consumados,0,DESCONOCIDA,1.1.1.-Homicidios dolosos/asesinatos consumados
2020,NA,1.1.1.-homicidios dolosos/asesinatos consumados,0,DESCONOCIDA,1.1.1.-Homicidios dolosos/asesinatos consumados
2019,NA,1.1.1.-homicidios dolosos/asesinatos consumados,0,DESCONOCIDA,1.1.1.-Homicidios dolosos/asesinatos consumados
2018,NA,1.1.1.-homicidios dolosos/asesinatos consumados,0,DESCONOCIDA,1.1.1.-Homicidios dolosos/asesinatos consumados
2017,NA,1.1.1.-homicidios dolosos/asesinatos consumados,0,DESCONOCIDA,1.1.1.-Homicidios dolosos/asesinatos consumados
2016,NA,1.1.1.-homicidios dolosos/asesinatos consumados,0,DESCONOCIDA,1.1.1.-Homicidios dolosos/asesinatos consumados
2015,NA,1.1.1.-homicidios dolosos/asesinatos consumados,0,DESCONOCIDA,1.1.1.-Homicidios dolosos/asesinatos consumados
2014,NA,1.1.1.-homicidios dolosos/asesinatos consumados,0,DESCONOCIDA,1.1.1.-Homicidios dolosos/asesinatos consumados
2013,NA,1.1.1.-homicidios dolosos/asesinatos consumados,0,DESCONOCIDA,1.1.1.-Homicidios dolosos/asesinatos consumados
2012,NA,1.1.1.-homicidios dolosos/asesinatos consumados,0,DESCONOCIDA,1.1.1.-Homicidios dolosos/asesinatos consumados
2011,NA,1.1.1.-homicidios dolosos/asesinatos consumados,0,DESCONOCIDA,1.1.1.-Homicidios dolosos/asesinatos consumados
2010,NA,1.1.1.-homicidios dolosos/asesinatos consumados,0,DESCONOCIDA,1.1.1.-Homicidios dolosos/asesinatos consumados
2023,NA,1.2.-lesiones,0,DESCONOCIDA,1.2.-Lesiones
2022,NA,1.2.-lesiones,0,DESCONOCIDA,1.2.-Lesiones
2021,NA,1.2.-lesiones,0,DESCONOCIDA,1.2.-Lesiones
2020,NA,1.2.-lesiones,0,DESCONOCIDA,1.2.-Lesiones
2019,NA,1.2.-lesiones,0,DESCONOCIDA,1.2.-Lesiones
2018,NA,1.2.-lesiones,0,DESCONOCIDA,1.2.-Lesiones
2017,NA,1.2.-lesiones,0,DESCONOCIDA,1.2.-Lesiones
2016,NA,1.2.-lesiones,0,DESCONOCIDA,1.2.-Lesiones
2015,NA,1.2.-lesiones,0,DESCONOCIDA,1.2.-Lesiones
2014,NA,1.2.-lesiones,0,DESCONOCIDA,1.2.-Lesiones
2013,NA,1.2.-lesiones,0,DESCONOCIDA,1.2.-Lesiones
2012,NA,1.2.-lesiones,0,DESCONOCIDA,1.2.-Lesiones
2011,NA,1.2.-lesiones,1,DESCONOCIDA,1.2.-Lesiones
2010,NA,1.2.-lesiones,5,DESCONOCIDA,1.2.-Lesiones
2023,NA,1.3.-malos tratos ambito familiar,0,DESCONOCIDA,1.3.-Malos tratos ámbito familiar
2022,NA,1.3.-malos tratos ambito familiar,0,DESCONOCIDA,1.3.-Malos tratos ámbito familiar
2021,NA,1.3.-malos tratos ambito familiar,0,DESCONOCIDA,1.3.-Malos tratos ámbito familiar
2020,NA,1.3.-malos tratos ambito familiar,0,DESCONOCIDA,1.3.-Malos tratos ámbito familiar
2019,NA,1.3.-malos tratos ambito familiar,0,DESCONOCIDA,1.3.-Malos tratos ámbito familiar
2018,NA,1.3.-malos tratos ambito familiar,0,DESCONOCIDA,1.3.-Malos tratos ámbito familiar
2017,NA,1.3.-malos tratos ambito familiar,0,DESCONOCIDA,1.3.-Malos tratos ámbito familiar
2016,NA,1.3.-malos tratos ambito familiar,0,DESCONOCIDA,1.3.-Malos tratos ámbito familiar
2015,NA,1.3.-malos tratos ambito familiar,0,DESCONOCIDA,1.3.-Malos tratos ámbito familiar
2014,NA,1.3.-malos tratos ambito familiar,0,DESCONOCIDA,1.3.-Malos tratos ámbito familiar
2013,NA,1.3.-malos tratos ambito familiar,0,DESCONOCIDA,1.3.-Malos tratos ámbito familiar
2012,NA,1.3.-malos tratos ambito familiar,0,DESCONOCIDA,1.3.-Malos tratos ámbito familiar
2011,NA,1.3.-malos tratos ambito familiar,3,DESCONOCIDA,1.3.-Malos tratos ámbito familiar
2010,NA,1.3.-malos tratos ambito familiar,1,DESCONOCIDA,1.3.-Malos tratos ámbito familiar
2023,NA,1.4.-otros contra las personas,0,DESCONOCIDA,1.4.-Otros contra las personas
2022,NA,1.4.-otros contra las personas,0,DESCONOCIDA,1.4.-Otros contra las personas
2021,NA,1.4.-otros contra las personas,0,DESCONOCIDA,1.4.-Otros contra las personas
2020,NA,1.4.-otros contra las personas,0,DESCONOCIDA,1.4.-Otros contra las personas
2019,NA,1.4.-otros contra las personas,0,DESCONOCIDA,1.4.-Otros contra las personas
2018,NA,1.4.-otros contra las personas,0,DESCONOCIDA,1.4.-Otros contra las personas
2017,NA,1.4.-otros contra las personas,0,DESCONOCIDA,1.4.-Otros contra las personas
2016,NA,1.4.-otros contra las personas,0,DESCONOCIDA,1.4.-Otros contra las personas
2015,NA,1.4.-otros contra las personas,0,DESCONOCIDA,1.4.-Otros contra las personas
2014,NA,1.4.-otros contra las personas,0,DESCONOCIDA,1.4.-Otros contra las personas
2013,NA,1.4.-otros contra las personas,0,DESCONOCIDA,1.4.-Otros contra las personas
2012,NA,1.4.-otros contra las personas,0,DESCONOCIDA,1.4.-Otros contra las personas
2011,NA,1.4.-otros contra las personas,2,DESCONOCIDA,1.4.-Otros contra las personas
2010,NA,1.4.-otros contra las personas,0,DESCONOCIDA,1.4.-Otros contra las personas
2023,NA,2. contra la libertad,0,DESCONOCIDA,2. CONTRA LA LIBERTAD
2022,NA,2. contra la libertad,0,DESCONOCIDA,2. CONTRA LA LIBERTAD
2021,NA,2. contra la libertad,0,DESCONOCIDA,2. CONTRA LA LIBERTAD
2020,NA,2. contra la libertad,0,DESCONOCIDA,2. CONTRA LA LIBERTAD
2019,NA,2. contra la libertad,0,DESCONOCIDA,2. CONTRA LA LIBERTAD
2018,NA,2. contra la libertad,0,DESCONOCIDA,2. CONTRA LA LIBERTAD
2017,NA,2. contra la libertad,0,DESCONOCIDA,2. CONTRA LA LIBERTAD
2016,NA,2. contra la libertad,0,DESCONOCIDA,2. CONTRA LA LIBERTAD
2015,NA,2. contra la libertad,0,DESCONOCIDA,2. CONTRA LA LIBERTAD
2014,NA,2. contra la libertad,0,DESCONOCIDA,2. CONTRA LA LIBERTAD
2013,NA,2. contra la libertad,0,DESCONOCIDA,2. CONTRA LA LIBERTAD
2012,NA,2. contra la libertad,0,DESCONOCIDA,2. CONTRA LA LIBERTAD
2011,NA,2. contra la libertad,1,DESCONOCIDA,2. CONTRA LA LIBERTAD
2010,NA,2. contra la libertad,4,DESCONOCIDA,2. CONTRA LA LIBERTAD
2023,NA,2.1.-malos tratos habituales en el ambito familiar,0,DESCONOCIDA,2.1.-Malos tratos habituales en el ámbito familiar
2022,NA,2.1.-malos tratos habituales en el ambito familiar,0,DESCONOCIDA,2.1.-Malos tratos habituales en el ámbito familiar
2021,NA,2.1.-malos tratos habituales en el ambito familiar,0,DESCONOCIDA,2.1.-Malos tratos habituales en el ámbito familiar
2020,NA,2.1.-malos tratos habituales en el ambito familiar,0,DESCONOCIDA,2.1.-Malos tratos habituales en el ámbito familiar
2019,NA,2.1.-malos tratos habituales en el ambito familiar,0,DESCONOCIDA,2.1.-Malos tratos habituales en el ámbito familiar
2018,NA,2.1.-malos tratos habituales en el ambito familiar,0,DESCONOCIDA,2.1.-Malos tratos habituales en el ámbito familiar
2017,NA,2.1.-malos tratos habituales en el ambito familiar,0,DESCONOCIDA,2.1.-Malos tratos habituales en el ámbito familiar
2016,NA,2.1.-malos tratos habituales en el ambito familiar,0,DESCONOCIDA,2.1.-Malos tratos habituales en el ámbito familiar
2015,NA,2.1.-malos tratos habituales en el ambito familiar,0,DESCONOCIDA,2.1.-Malos tratos habituales en el ámbito familiar
2014,NA,2.1.-malos tratos habituales en el ambito familiar,0,DESCONOCIDA,2.1.-Malos tratos habituales en el ámbito familiar
2013,NA,2.1.-malos tratos habituales en el ambito familiar,0,DESCONOCIDA,2.1.-Malos tratos habituales en el ámbito familiar
2012,NA,2.1.-malos tratos habituales en el ambito familiar,0,DESCONOCIDA,2.1.-Malos tratos habituales en el ámbito familiar
2011,NA,2.1.-malos tratos habituales en el ambito familiar,1,DESCONOCIDA,2.1.-Malos tratos habituales en el ámbito familiar
2010,NA,2.1.-malos tratos habituales en el ambito familiar,2,DESCONOCIDA,2.1.-Malos tratos habituales en el ámbito familiar
2023,NA,2.2.-otros contra la libertad,0,DESCONOCIDA,2.2.-Otros contra la libertad
2022,NA,2.2.-otros contra la libertad,0,DESCONOCIDA,2.2.-Otros contra la libertad
2021,NA,2.2.-otros contra la libertad,0,DESCONOCIDA,2.2.-Otros contra la libertad
2020,NA,2.2.-otros contra la libertad,0,DESCONOCIDA,2.2.-Otros contra la libertad
2019,NA,2.2.-otros contra la libertad,0,DESCONOCIDA,2.2.-Otros contra la libertad
2018,NA,2.2.-otros contra la libertad,0,DESCONOCIDA,2.2.-Otros contra la libertad
2017,NA,2.2.-otros contra la libertad,0,DESCONOCIDA,2.2.-Otros contra la libertad
2016,NA,2.2.-otros contra la libertad,0,DESCONOCIDA,2.2.-Otros contra la libertad
2015,NA,2.2.-otros contra la libertad,0,DESCONOCIDA,2.2.-Otros contra la libertad
2014,NA,2.2.-otros contra la libertad,0,DESCONOCIDA,2.2.-Otros contra la libertad
2013,NA,2.2.-otros contra la libertad,0,DESCONOCIDA,2.2.-Otros contra la libertad
2012,NA,2.2.-otros contra la libertad,0,DESCONOCIDA,2.2.-Otros contra la libertad
2011,NA,2.2.-otros contra la libertad,0,DESCONOCIDA,2.2.-Otros contra la libertad
2010,NA,2.2.-otros contra la libertad,2,DESCONOCIDA,2.2.-Otros contra la libertad
2023,NA,3. libertad sexual,0,DESCONOCIDA,3. LIBERTAD SEXUAL
2022,NA,3. libertad sexual,0,DESCONOCIDA,3. LIBERTAD SEXUAL
2021,NA,3. libertad sexual,0,DESCONOCIDA,3. LIBERTAD SEXUAL
2020,NA,3. libertad sexual,0,DESCONOCIDA,3. LIBERTAD SEXUAL
2019,NA,3. libertad sexual,0,DESCONOCIDA,3. LIBERTAD SEXUAL
2018,NA,3. libertad sexual,0,DESCONOCIDA,3. LIBERTAD SEXUAL
2017,NA,3. libertad sexual,0,DESCONOCIDA,3. LIBERTAD SEXUAL
2016,NA,3. libertad sexual,0,DESCONOCIDA,3. LIBERTAD SEXUAL
2015,NA,3. libertad sexual,0,DESCONOCIDA,3. LIBERTAD SEXUAL
2014,NA,3. libertad sexual,0,DESCONOCIDA,3. LIBERTAD SEXUAL
2013,NA,3. libertad sexual,1,DESCONOCIDA,3. LIBERTAD SEXUAL
2012,NA,3. libertad sexual,0,DESCONOCIDA,3. LIBERTAD SEXUAL
2011,NA,3. libertad sexual,1,DESCONOCIDA,3. LIBERTAD SEXUAL
2010,NA,3. libertad sexual,3,DESCONOCIDA,3. LIBERTAD SEXUAL
2023,NA,3.1.-agresion sexual,0,DESCONOCIDA,3.1.-Agresión sexual
2022,NA,3.1.-agresion sexual,0,DESCONOCIDA,3.1.-Agresión sexual
2021,NA,3.1.-agresion sexual,0,DESCONOCIDA,3.1.-Agresión sexual
2020,NA,3.1.-agresion sexual,0,DESCONOCIDA,3.1.-Agresión sexual
2019,NA,3.1.-agresion sexual,0,DESCONOCIDA,3.1.-Agresión sexual
2018,NA,3.1.-agresion sexual,0,DESCONOCIDA,3.1.-Agresión sexual
2017,NA,3.1.-agresion sexual,0,DESCONOCIDA,3.1.-Agresión sexual
2016,NA,3.1.-agresion sexual,0,DESCONOCIDA,3.1.-Agresión sexual
2015,NA,3.1.-agresion sexual,0,DESCONOCIDA,3.1.-Agresión sexual
2014,NA,3.1.-agresion sexual,0,DESCONOCIDA,3.1.-Agresión sexual
2013,NA,3.1.-agresion sexual,0,DESCONOCIDA,3.1.-Agresión sexual
2012,NA,3.1.-agresion sexual,0,DESCONOCIDA,3.1.-Agresión sexual
2011,NA,3.1.-agresion sexual,1,DESCONOCIDA,3.1.-Agresión sexual
2010,NA,3.1.-agresion sexual,2,DESCONOCIDA,3.1.-Agresión sexual
2023,NA,3.2.-agresion sexual con penetracion,0,DESCONOCIDA,3.2.-Agresión sexual con penetración
2022,NA,3.2.-agresion sexual con penetracion,0,DESCONOCIDA,3.2.-Agresión sexual con penetración
2021,NA,3.2.-agresion sexual con penetracion,0,DESCONOCIDA,3.2.-Agresión sexual con penetración
2020,NA,3.2.-agresion sexual con penetracion,0,DESCONOCIDA,3.2.-Agresión sexual con penetración
2019,NA,3.2.-agresion sexual con penetracion,0,DESCONOCIDA,3.2.-Agresión sexual con penetración
2018,NA,3.2.-agresion sexual con penetracion,0,DESCONOCIDA,3.2.-Agresión sexual con penetración
2017,NA,3.2.-agresion sexual con penetracion,0,DESCONOCIDA,3.2.-Agresión sexual con penetración
2016,NA,3.2.-agresion sexual con penetracion,0,DESCONOCIDA,3.2.-Agresión sexual con penetración
2015,NA,3.2.-agresion sexual con penetracion,0,DESCONOCIDA,3.2.-Agresión sexual con penetración
2014,NA,3.2.-agresion sexual con penetracion,0,DESCONOCIDA,3.2.-Agresión sexual con penetración
2013,NA,3.2.-agresion sexual con penetracion,0,DESCONOCIDA,3.2.-Agresión sexual con penetración
2012,NA,3.2.-agresion sexual con penetracion,0,DESCONOCIDA,3.2.-Agresión sexual con penetración
2011,NA,3.2.-agresion sexual con penetracion,0,DESCONOCIDA,3.2.-Agresión sexual con penetración
2010,NA,3.2.-agresion sexual con penetracion,1,DESCONOCIDA,3.2.-Agresión sexual con penetración
2023,NA,3.3.-corrupcion de menores o incapacitados,0,DESCONOCIDA,3.3.-Corrupción de menores o incapacitados
2022,NA,3.3.-corrupcion de menores o incapacitados,0,DESCONOCIDA,3.3.-Corrupción de menores o incapacitados
2021,NA,3.3.-corrupcion de menores o incapacitados,0,DESCONOCIDA,3.3.-Corrupción de menores o incapacitados
2020,NA,3.3.-corrupcion de menores o incapacitados,0,DESCONOCIDA,3.3.-Corrupción de menores o incapacitados
2019,NA,3.3.-corrupcion de menores o incapacitados,0,DESCONOCIDA,3.3.-Corrupción de menores o incapacitados
2018,NA,3.3.-corrupcion de menores o incapacitados,0,DESCONOCIDA,3.3.-Corrupción de menores o incapacitados
2017,NA,3.3.-corrupcion de menores o incapacitados,0,DESCONOCIDA,3.3.-Corrupción de menores o incapacitados
2016,NA,3.3.-corrupcion de menores o incapacitados,0,DESCONOCIDA,3.3.-Corrupción de menores o incapacitados
2015,NA,3.3.-corrupcion de menores o incapacitados,0,DESCONOCIDA,3.3.-Corrupción de menores o incapacitados
2014,NA,3.3.-corrupcion de menores o incapacitados,0,DESCONOCIDA,3.3.-Corrupción de menores o incapacitados
2013,NA,3.3.-corrupcion de menores o incapacitados,0,DESCONOCIDA,3.3.-Corrupción de menores o incapacitados
2012,NA,3.3.-corrupcion de menores o incapacitados,0,DESCONOCIDA,3.3.-Corrupción de menores o incapacitados
2011,NA,3.3.-corrupcion de menores o incapacitados,0,DESCONOCIDA,3.3.-Corrupción de menores o incapacitados
2010,NA,3.3.-corrupcion de menores o incapacitados,0,DESCONOCIDA,3.3.-Corrupción de menores o incapacitados
2023,NA,3.4.-pornografia de menores,0,DESCONOCIDA,3.4.-Pornografía de menores
2022,NA,3.4.-pornografia de menores,0,DESCONOCIDA,3.4.-Pornografía de menores
2021,NA,3.4.-pornografia de menores,0,DESCONOCIDA,3.4.-Pornografía de menores
2020,NA,3.4.-pornografia de menores,0,DESCONOCIDA,3.4.-Pornografía de menores
2019,NA,3.4.-pornografia de menores,0,DESCONOCIDA,3.4.-Pornografía de menores
2018,NA,3.4.-pornografia de menores,0,DESCONOCIDA,3.4.-Pornografía de menores
2017,NA,3.4.-pornografia de menores,0,DESCONOCIDA,3.4.-Pornografía de menores
2016,NA,3.4.-pornografia de menores,0,DESCONOCIDA,3.4.-Pornografía de menores
2015,NA,3.4.-pornografia de menores,0,DESCONOCIDA,3.4.-Pornografía de menores
2014,NA,3.4.-pornografia de menores,0,DESCONOCIDA,3.4.-Pornografía de menores
2013,NA,3.4.-pornografia de menores,1,DESCONOCIDA,3.4.-Pornografía de menores
2012,NA,3.4.-pornografia de menores,0,DESCONOCIDA,3.4.-Pornografía de menores
2011,NA,3.4.-pornografia de menores,0,DESCONOCIDA,3.4.-Pornografía de menores
2010,NA,3.4.-pornografia de menores,0,DESCONOCIDA,3.4.-Pornografía de menores
2023,NA,3.5.-otros contra la libertad sexual,0,DESCONOCIDA,3.5.-Otros contra la libertad sexual
2022,NA,3.5.-otros contra la libertad sexual,0,DESCONOCIDA,3.5.-Otros contra la libertad sexual
2021,NA,3.5.-otros contra la libertad sexual,0,DESCONOCIDA,3.5.-Otros contra la libertad sexual
2020,NA,3.5.-otros contra la libertad sexual,0,DESCONOCIDA,3.5.-Otros contra la libertad sexual
2019,NA,3.5.-otros contra la libertad sexual,0,DESCONOCIDA,3.5.-Otros contra la libertad sexual
2018,NA,3.5.-otros contra la libertad sexual,0,DESCONOCIDA,3.5.-Otros contra la libertad sexual
2017,NA,3.5.-otros contra la libertad sexual,0,DESCONOCIDA,3.5.-Otros contra la libertad sexual
2016,NA,3.5.-otros contra la libertad sexual,0,DESCONOCIDA,3.5.-Otros contra la libertad sexual
2015,NA,3.5.-otros contra la libertad sexual,0,DESCONOCIDA,3.5.-Otros contra la libertad sexual
2014,NA,3.5.-otros contra la libertad sexual,0,DESCONOCIDA,3.5.-Otros contra la libertad sexual
2013,NA,3.5.-otros contra la libertad sexual,0,DESCONOCIDA,3.5.-Otros contra la libertad sexual
2012,NA,3.5.-otros contra la libertad sexual,0,DESCONOCIDA,3.5.-Otros contra la libertad sexual
2011,NA,3.5.-otros contra la libertad sexual,0,DESCONOCIDA,3.5.-Otros contra la libertad sexual
2010,NA,3.5.-otros contra la libertad sexual,0,DESCONOCIDA,3.5.-Otros contra la libertad sexual
2023,NA,4. relaciones familiares,0,DESCONOCIDA,4. RELACIONES FAMILIARES
2022,NA,4. relaciones familiares,0,DESCONOCIDA,4. RELACIONES FAMILIARES
2021,NA,4. relaciones familiares,0,DESCONOCIDA,4. RELACIONES FAMILIARES
2020,NA,4. relaciones familiares,0,DESCONOCIDA,4. RELACIONES FAMILIARES
2019,NA,4. relaciones familiares,0,DESCONOCIDA,4. RELACIONES FAMILIARES
2018,NA,4. relaciones familiares,0,DESCONOCIDA,4. RELACIONES FAMILIARES
2017,NA,4. relaciones familiares,0,DESCONOCIDA,4. RELACIONES FAMILIARES
2016,NA,4. relaciones familiares,0,DESCONOCIDA,4. RELACIONES FAMILIARES
2015,NA,4. relaciones familiares,0,DESCONOCIDA,4. RELACIONES FAMILIARES
2014,NA,4. relaciones familiares,0,DESCONOCIDA,4. RELACIONES FAMILIARES
2013,NA,4. relaciones familiares,0,DESCONOCIDA,4. RELACIONES FAMILIARES
2012,NA,4. relaciones familiares,0,DESCONOCIDA,4. RELACIONES FAMILIARES
2011,NA,4. relaciones familiares,0,DESCONOCIDA,4. RELACIONES FAMILIARES
2010,NA,4. relaciones familiares,2,DESCONOCIDA,4. RELACIONES FAMILIARES
2023,NA,5. patrimonio,0,DESCONOCIDA,5. PATRIMONIO
2022,NA,5. patrimonio,0,DESCONOCIDA,5. PATRIMONIO
2021,NA,5. patrimonio,0,DESCONOCIDA,5. PATRIMONIO
2020,NA,5. patrimonio,0,DESCONOCIDA,5. PATRIMONIO
2019,NA,5. patrimonio,0,DESCONOCIDA,5. PATRIMONIO
2018,NA,5. patrimonio,0,DESCONOCIDA,5. PATRIMONIO
2017,NA,5. patrimonio,0,DESCONOCIDA,5. PATRIMONIO
2016,NA,5. patrimonio,0,DESCONOCIDA,5. PATRIMONIO
2015,NA,5. patrimonio,0,DESCONOCIDA,5. PATRIMONIO
2014,NA,5. patrimonio,0,DESCONOCIDA,5. PATRIMONIO
2013,NA,5. patrimonio,0,DESCONOCIDA,5. PATRIMONIO
2012,NA,5. patrimonio,0,DESCONOCIDA,5. PATRIMONIO
2011,NA,5. patrimonio,20,DESCONOCIDA,5. PATRIMONIO
2010,NA,5. patrimonio,57,DESCONOCIDA,5. PATRIMONIO
2023,NA,5.1.-hurtos,0,DESCONOCIDA,5.1.-Hurtos
2022,NA,5.1.-hurtos,0,DESCONOCIDA,5.1.-Hurtos
2021,NA,5.1.-hurtos,0,DESCONOCIDA,5.1.-Hurtos
2020,NA,5.1.-hurtos,0,DESCONOCIDA,5.1.-Hurtos
2019,NA,5.1.-hurtos,0,DESCONOCIDA,5.1.-Hurtos
2018,NA,5.1.-hurtos,0,DESCONOCIDA,5.1.-Hurtos
2017,NA,5.1.-hurtos,0,DESCONOCIDA,5.1.-Hurtos
2016,NA,5.1.-hurtos,0,DESCONOCIDA,5.1.-Hurtos
2015,NA,5.1.-hurtos,0,DESCONOCIDA,5.1.-Hurtos
2014,NA,5.1.-hurtos,0,DESCONOCIDA,5.1.-Hurtos
2013,NA,5.1.-hurtos,0,DESCONOCIDA,5.1.-Hurtos
2012,NA,5.1.-hurtos,0,DESCONOCIDA,5.1.-Hurtos
2011,NA,5.1.-hurtos,3,DESCONOCIDA,5.1.-Hurtos
2010,NA,5.1.-hurtos,1,DESCONOCIDA,5.1.-Hurtos
2023,NA,5.2.-robos con fuerza en las cosas,0,DESCONOCIDA,5.2.-Robos con fuerza en las cosas
2022,NA,5.2.-robos con fuerza en las cosas,0,DESCONOCIDA,5.2.-Robos con fuerza en las cosas
2021,NA,5.2.-robos con fuerza en las cosas,0,DESCONOCIDA,5.2.-Robos con fuerza en las cosas
2020,NA,5.2.-robos con fuerza en las cosas,0,DESCONOCIDA,5.2.-Robos con fuerza en las cosas
2019,NA,5.2.-robos con fuerza en las cosas,0,DESCONOCIDA,5.2.-Robos con fuerza en las cosas
2018,NA,5.2.-robos con fuerza en las cosas,0,DESCONOCIDA,5.2.-Robos con fuerza en las cosas
2017,NA,5.2.-robos con fuerza en las cosas,0,DESCONOCIDA,5.2.-Robos con fuerza en las cosas
2016,NA,5.2.-robos con fuerza en las cosas,0,DESCONOCIDA,5.2.-Robos con fuerza en las cosas
2015,NA,5.2.-robos con fuerza en las cosas,0,DESCONOCIDA,5.2.-Robos con fuerza en las cosas
2014,NA,5.2.-robos con fuerza en las cosas,0,DESCONOCIDA,5.2.-Robos con fuerza en las cosas
2013,NA,5.2.-robos con fuerza en las cosas,0,DESCONOCIDA,5.2.-Robos con fuerza en las cosas
2012,NA,5.2.-robos con fuerza en las cosas,0,DESCONOCIDA,5.2.-Robos con fuerza en las cosas
2011,NA,5.2.-robos con fuerza en las cosas,3,DESCONOCIDA,5.2.-Robos con fuerza en las cosas
2010,NA,5.2.-robos con fuerza en las cosas,2,DESCONOCIDA,5.2.-Robos con fuerza en las cosas
2023,NA,5.2.1.-robos con fuerza en las cosas en el interior de vehiculos,0,DESCONOCIDA,5.2.1.-Robos con fuerza en las cosas en el interior de vehículos
2022,NA,5.2.1.-robos con fuerza en las cosas en el interior de vehiculos,0,DESCONOCIDA,5.2.1.-Robos con fuerza en las cosas en el interior de vehículos
2021,NA,5.2.1.-robos con fuerza en las cosas en el interior de vehiculos,0,DESCONOCIDA,5.2.1.-Robos con fuerza en las cosas en el interior de vehículos
2020,NA,5.2.1.-robos con fuerza en las cosas en el interior de vehiculos,0,DESCONOCIDA,5.2.1.-Robos con fuerza en las cosas en el interior de vehículos
2019,NA,5.2.1.-robos con fuerza en las cosas en el interior de vehiculos,0,DESCONOCIDA,5.2.1.-Robos con fuerza en las cosas en el interior de vehículos
2018,NA,5.2.1.-robos con fuerza en las cosas en el interior de vehiculos,0,DESCONOCIDA,5.2.1.-Robos con fuerza en las cosas en el interior de vehículos
2017,NA,5.2.1.-robos con fuerza en las cosas en el interior de vehiculos,0,DESCONOCIDA,5.2.1.-Robos con fuerza en las cosas en el interior de vehículos
2016,NA,5.2.1.-robos con fuerza en las cosas en el interior de vehiculos,0,DESCONOCIDA,5.2.1.-Robos con fuerza en las cosas en el interior de vehículos
2015,NA,5.2.1.-robos con fuerza en las cosas en el interior de vehiculos,0,DESCONOCIDA,5.2.1.-Robos con fuerza en las cosas en el interior de vehículos
2014,NA,5.2.1.-robos con fuerza en las cosas en el interior de vehiculos,0,DESCONOCIDA,5.2.1.-Robos con fuerza en las cosas en el interior de vehículos
2013,NA,5.2.1.-robos con fuerza en las cosas en el interior de vehiculos,0,DESCONOCIDA,5.2.1.-Robos con fuerza en las cosas en el interior de vehículos
2012,NA,5.2.1.-robos con fuerza en las cosas en el interior de vehiculos,0,DESCONOCIDA,5.2.1.-Robos con fuerza en las cosas en el interior de vehículos
2011,NA,5.2.1.-robos con fuerza en las cosas en el interior de vehiculos,0,DESCONOCIDA,5.2.1.-Robos con fuerza en las cosas en el interior de vehículos
2010,NA,5.2.1.-robos con fuerza en las cosas en el interior de vehiculos,0,DESCONOCIDA,5.2.1.-Robos con fuerza en las cosas en el interior de vehículos
2023,NA,5.2.2.-robos con fuerza en viviendas,0,DESCONOCIDA,5.2.2.-Robos con fuerza en viviendas
2022,NA,5.2.2.-robos con fuerza en viviendas,0,DESCONOCIDA,5.2.2.-Robos con fuerza en viviendas
2021,NA,5.2.2.-robos con fuerza en viviendas,0,DESCONOCIDA,5.2.2.-Robos con fuerza en viviendas
2020,NA,5.2.2.-robos con fuerza en viviendas,0,DESCONOCIDA,5.2.2.-Robos con fuerza en viviendas
2019,NA,5.2.2.-robos con fuerza en viviendas,0,DESCONOCIDA,5.2.2.-Robos con fuerza en viviendas
2018,NA,5.2.2.-robos con fuerza en viviendas,0,DESCONOCIDA,5.2.2.-Robos con fuerza en viviendas
2017,NA,5.2.2.-robos con fuerza en viviendas,0,DESCONOCIDA,5.2.2.-Robos con fuerza en viviendas
2016,NA,5.2.2.-robos con fuerza en viviendas,0,DESCONOCIDA,5.2.2.-Robos con fuerza en viviendas
2015,NA,5.2.2.-robos con fuerza en viviendas,0,DESCONOCIDA,5.2.2.-Robos con fuerza en viviendas
2014,NA,5.2.2.-robos con fuerza en viviendas,0,DESCONOCIDA,5.2.2.-Robos con fuerza en viviendas
2013,NA,5.2.2.-robos con fuerza en viviendas,0,DESCONOCIDA,5.2.2.-Robos con fuerza en viviendas
2012,NA,5.2.2.-robos con fuerza en viviendas,0,DESCONOCIDA,5.2.2.-Robos con fuerza en viviendas
2011,NA,5.2.2.-robos con fuerza en viviendas,0,DESCONOCIDA,5.2.2.-Robos con fuerza en viviendas
2010,NA,5.2.2.-robos con fuerza en viviendas,1,DESCONOCIDA,5.2.2.-Robos con fuerza en viviendas
2023,NA,5.2.3.-robos con fuerza en establecimientos,0,DESCONOCIDA,5.2.3.-Robos con fuerza en establecimientos
2022,NA,5.2.3.-robos con fuerza en establecimientos,0,DESCONOCIDA,5.2.3.-Robos con fuerza en establecimientos
2021,NA,5.2.3.-robos con fuerza en establecimientos,0,DESCONOCIDA,5.2.3.-Robos con fuerza en establecimientos
2020,NA,5.2.3.-robos con fuerza en establecimientos,0,DESCONOCIDA,5.2.3.-Robos con fuerza en establecimientos
2019,NA,5.2.3.-robos con fuerza en establecimientos,0,DESCONOCIDA,5.2.3.-Robos con fuerza en establecimientos
2018,NA,5.2.3.-robos con fuerza en establecimientos,0,DESCONOCIDA,5.2.3.-Robos con fuerza en establecimientos
2017,NA,5.2.3.-robos con fuerza en establecimientos,0,DESCONOCIDA,5.2.3.-Robos con fuerza en establecimientos
2016,NA,5.2.3.-robos con fuerza en establecimientos,0,DESCONOCIDA,5.2.3.-Robos con fuerza en establecimientos
2015,NA,5.2.3.-robos con fuerza en establecimientos,0,DESCONOCIDA,5.2.3.-Robos con fuerza en establecimientos
2014,NA,5.2.3.-robos con fuerza en establecimientos,0,DESCONOCIDA,5.2.3.-Robos con fuerza en establecimientos
2013,NA,5.2.3.-robos con fuerza en establecimientos,0,DESCONOCIDA,5.2.3.-Robos con fuerza en establecimientos
2012,NA,5.2.3.-robos con fuerza en establecimientos,0,DESCONOCIDA,5.2.3.-Robos con fuerza en establecimientos
2011,NA,5.2.3.-robos con fuerza en establecimientos,2,DESCONOCIDA,5.2.3.-Robos con fuerza en establecimientos
2010,NA,5.2.3.-robos con fuerza en establecimientos,0,DESCONOCIDA,5.2.3.-Robos con fuerza en establecimientos
2023,NA,5.3.-robos con violencia o intimidacion,0,DESCONOCIDA,5.3.-Robos con violencia o intimidación
2022,NA,5.3.-robos con violencia o intimidacion,0,DESCONOCIDA,5.3.-Robos con violencia o intimidación
2021,NA,5.3.-robos con violencia o intimidacion,0,DESCONOCIDA,5.3.-Robos con violencia o intimidación
2020,NA,5.3.-robos con violencia o intimidacion,0,DESCONOCIDA,5.3.-Robos con violencia o intimidación
2019,NA,5.3.-robos con violencia o intimidacion,0,DESCONOCIDA,5.3.-Robos con violencia o intimidación
2018,NA,5.3.-robos con violencia o intimidacion,0,DESCONOCIDA,5.3.-Robos con violencia o intimidación
2017,NA,5.3.-robos con violencia o intimidacion,0,DESCONOCIDA,5.3.-Robos con violencia o intimidación
2016,NA,5.3.-robos con violencia o intimidacion,0,DESCONOCIDA,5.3.-Robos con violencia o intimidación
2015,NA,5.3.-robos con violencia o intimidacion,0,DESCONOCIDA,5.3.-Robos con violencia o intimidación
2014,NA,5.3.-robos con violencia o intimidacion,0,DESCONOCIDA,5.3.-Robos con violencia o intimidación
2013,NA,5.3.-robos con violencia o intimidacion,0,DESCONOCIDA,5.3.-Robos con violencia o intimidación
2012,NA,5.3.-robos con violencia o intimidacion,0,DESCONOCIDA,5.3.-Robos con violencia o intimidación
2011,NA,5.3.-robos con violencia o intimidacion,0,DESCONOCIDA,5.3.-Robos con violencia o intimidación
2010,NA,5.3.-robos con violencia o intimidacion,0,DESCONOCIDA,5.3.-Robos con violencia o intimidación
2023,NA,5.3.1.-robos con violencia en via publica,0,DESCONOCIDA,5.3.1.-Robos con violencia en vía pública
2022,NA,5.3.1.-robos con violencia en via publica,0,DESCONOCIDA,5.3.1.-Robos con violencia en vía pública
2021,NA,5.3.1.-robos con violencia en via publica,0,DESCONOCIDA,5.3.1.-Robos con violencia en vía pública
2020,NA,5.3.1.-robos con violencia en via publica,0,DESCONOCIDA,5.3.1.-Robos con violencia en vía pública
2019,NA,5.3.1.-robos con violencia en via publica,0,DESCONOCIDA,5.3.1.-Robos con violencia en vía pública
2018,NA,5.3.1.-robos con violencia en via publica,0,DESCONOCIDA,5.3.1.-Robos con violencia en vía pública
2017,NA,5.3.1.-robos con violencia en via publica,0,DESCONOCIDA,5.3.1.-Robos con violencia en vía pública
2016,NA,5.3.1.-robos con violencia en via publica,0,DESCONOCIDA,5.3.1.-Robos con violencia en vía pública
2015,NA,5.3.1.-robos con violencia en via publica,0,DESCONOCIDA,5.3.1.-Robos con violencia en vía pública
2014,NA,5.3.1.-robos con violencia en via publica,0,DESCONOCIDA,5.3.1.-Robos con violencia en vía pública
2013,NA,5.3.1.-robos con violencia en via publica,0,DESCONOCIDA,5.3.1.-Robos con violencia en vía pública
2012,NA,5.3.1.-robos con violencia en via publica,0,DESCONOCIDA,5.3.1.-Robos con violencia en vía pública
2011,NA,5.3.1.-robos con violencia en via publica,0,DESCONOCIDA,5.3.1.-Robos con violencia en vía pública
2010,NA,5.3.1.-robos con violencia en via publica,0,DESCONOCIDA,5.3.1.-Robos con violencia en vía pública
2023,NA,5.3.2.-robos con violencia en viviendas,0,DESCONOCIDA,5.3.2.-Robos con violencia en viviendas
2022,NA,5.3.2.-robos con violencia en viviendas,0,DESCONOCIDA,5.3.2.-Robos con violencia en viviendas
2021,NA,5.3.2.-robos con violencia en viviendas,0,DESCONOCIDA,5.3.2.-Robos con violencia en viviendas
2020,NA,5.3.2.-robos con violencia en viviendas,0,DESCONOCIDA,5.3.2.-Robos con violencia en viviendas
2019,NA,5.3.2.-robos con violencia en viviendas,0,DESCONOCIDA,5.3.2.-Robos con violencia en viviendas
2018,NA,5.3.2.-robos con violencia en viviendas,0,DESCONOCIDA,5.3.2.-Robos con violencia en viviendas
2017,NA,5.3.2.-robos con violencia en viviendas,0,DESCONOCIDA,5.3.2.-Robos con violencia en viviendas
2016,NA,5.3.2.-robos con violencia en viviendas,0,DESCONOCIDA,5.3.2.-Robos con violencia en viviendas
2015,NA,5.3.2.-robos con violencia en viviendas,0,DESCONOCIDA,5.3.2.-Robos con violencia en viviendas
2014,NA,5.3.2.-robos con violencia en viviendas,0,DESCONOCIDA,5.3.2.-Robos con violencia en viviendas
2013,NA,5.3.2.-robos con violencia en viviendas,0,DESCONOCIDA,5.3.2.-Robos con violencia en viviendas
2012,NA,5.3.2.-robos con violencia en viviendas,0,DESCONOCIDA,5.3.2.-Robos con violencia en viviendas
2011,NA,5.3.2.-robos con violencia en viviendas,0,DESCONOCIDA,5.3.2.-Robos con violencia en viviendas
2010,NA,5.3.2.-robos con violencia en viviendas,0,DESCONOCIDA,5.3.2.-Robos con violencia en viviendas
2023,NA,5.3.3.-robos con violencia en establecimientos,0,DESCONOCIDA,5.3.3.-Robos con violencia en establecimientos
2022,NA,5.3.3.-robos con violencia en establecimientos,0,DESCONOCIDA,5.3.3.-Robos con violencia en establecimientos
2021,NA,5.3.3.-robos con violencia en establecimientos,0,DESCONOCIDA,5.3.3.-Robos con violencia en establecimientos
2020,NA,5.3.3.-robos con violencia en establecimientos,0,DESCONOCIDA,5.3.3.-Robos con violencia en establecimientos
2019,NA,5.3.3.-robos con violencia en establecimientos,0,DESCONOCIDA,5.3.3.-Robos con violencia en establecimientos
2018,NA,5.3.3.-robos con violencia en establecimientos,0,DESCONOCIDA,5.3.3.-Robos con violencia en establecimientos
2017,NA,5.3.3.-robos con violencia en establecimientos,0,DESCONOCIDA,5.3.3.-Robos con violencia en establecimientos
2016,NA,5.3.3.-robos con violencia en establecimientos,0,DESCONOCIDA,5.3.3.-Robos con violencia en establecimientos
2015,NA,5.3.3.-robos con violencia en establecimientos,0,DESCONOCIDA,5.3.3.-Robos con violencia en establecimientos
2014,NA,5.3.3.-robos con violencia en establecimientos,0,DESCONOCIDA,5.3.3.-Robos con violencia en establecimientos
2013,NA,5.3.3.-robos con violencia en establecimientos,0,DESCONOCIDA,5.3.3.-Robos con violencia en establecimientos
2012,NA,5.3.3.-robos con violencia en establecimientos,0,DESCONOCIDA,5.3.3.-Robos con violencia en establecimientos
2011,NA,5.3.3.-robos con violencia en establecimientos,0,DESCONOCIDA,5.3.3.-Robos con violencia en establecimientos
2010,NA,5.3.3.-robos con violencia en establecimientos,0,DESCONOCIDA,5.3.3.-Robos con violencia en establecimientos
2023,NA,5.4.-sustraccion de vehiculos,0,DESCONOCIDA,5.4.-Sustracción de vehículos
2022,NA,5.4.-sustraccion de vehiculos,0,DESCONOCIDA,5.4.-Sustracción de vehículos
2021,NA,5.4.-sustraccion de vehiculos,0,DESCONOCIDA,5.4.-Sustracción de vehículos
2020,NA,5.4.-sustraccion de vehiculos,0,DESCONOCIDA,5.4.-Sustracción de vehículos
2019,NA,5.4.-sustraccion de vehiculos,0,DESCONOCIDA,5.4.-Sustracción de vehículos
2018,NA,5.4.-sustraccion de vehiculos,0,DESCONOCIDA,5.4.-Sustracción de vehículos
2017,NA,5.4.-sustraccion de vehiculos,0,DESCONOCIDA,5.4.-Sustracción de vehículos
2016,NA,5.4.-sustraccion de vehiculos,0,DESCONOCIDA,5.4.-Sustracción de vehículos
2015,NA,5.4.-sustraccion de vehiculos,0,DESCONOCIDA,5.4.-Sustracción de vehículos
2014,NA,5.4.-sustraccion de vehiculos,0,DESCONOCIDA,5.4.-Sustracción de vehículos
2013,NA,5.4.-sustraccion de vehiculos,0,DESCONOCIDA,5.4.-Sustracción de vehículos
2012,NA,5.4.-sustraccion de vehiculos,0,DESCONOCIDA,5.4.-Sustracción de vehículos
2011,NA,5.4.-sustraccion de vehiculos,4,DESCONOCIDA,5.4.-Sustracción de vehículos
2010,NA,5.4.-sustraccion de vehiculos,19,DESCONOCIDA,5.4.-Sustracción de vehículos
2023,NA,5.5.-estafas,0,DESCONOCIDA,5.5.-Estafas
2022,NA,5.5.-estafas,0,DESCONOCIDA,5.5.-Estafas
2021,NA,5.5.-estafas,0,DESCONOCIDA,5.5.-Estafas
2020,NA,5.5.-estafas,0,DESCONOCIDA,5.5.-Estafas
2019,NA,5.5.-estafas,0,DESCONOCIDA,5.5.-Estafas
2018,NA,5.5.-estafas,0,DESCONOCIDA,5.5.-Estafas
2017,NA,5.5.-estafas,0,DESCONOCIDA,5.5.-Estafas
2016,NA,5.5.-estafas,0,DESCONOCIDA,5.5.-Estafas
2015,NA,5.5.-estafas,0,DESCONOCIDA,5.5.-Estafas
2014,NA,5.5.-estafas,0,DESCONOCIDA,5.5.-Estafas
2013,NA,5.5.-estafas,0,DESCONOCIDA,5.5.-Estafas
2012,NA,5.5.-estafas,0,DESCONOCIDA,5.5.-Estafas
2011,NA,5.5.-estafas,4,DESCONOCIDA,5.5.-Estafas
2010,NA,5.5.-estafas,28,DESCONOCIDA,5.5.-Estafas
2023,NA,5.5.1.-estafas informaticas,0,DESCONOCIDA,5.5.1.-Estafas informáticas
2022,NA,5.5.1.-estafas informaticas,0,DESCONOCIDA,5.5.1.-Estafas informáticas
2021,NA,5.5.1.-estafas informaticas,0,DESCONOCIDA,5.5.1.-Estafas informáticas
2020,NA,5.5.1.-estafas informaticas,0,DESCONOCIDA,5.5.1.-Estafas informáticas
2019,NA,5.5.1.-estafas informaticas,0,DESCONOCIDA,5.5.1.-Estafas informáticas
2018,NA,5.5.1.-estafas informaticas,0,DESCONOCIDA,5.5.1.-Estafas informáticas
2017,NA,5.5.1.-estafas informaticas,0,DESCONOCIDA,5.5.1.-Estafas informáticas
2016,NA,5.5.1.-estafas informaticas,0,DESCONOCIDA,5.5.1.-Estafas informáticas
2015,NA,5.5.1.-estafas informaticas,0,DESCONOCIDA,5.5.1.-Estafas informáticas
2014,NA,5.5.1.-estafas informaticas,0,DESCONOCIDA,5.5.1.-Estafas informáticas
2013,NA,5.5.1.-estafas informaticas,0,DESCONOCIDA,5.5.1.-Estafas informáticas
2012,NA,5.5.1.-estafas informaticas,0,DESCONOCIDA,5.5.1.-Estafas informáticas
2011,NA,5.5.1.-estafas informaticas,1,DESCONOCIDA,5.5.1.-Estafas informáticas
2010,NA,5.5.1.-estafas informaticas,13,DESCONOCIDA,5.5.1.-Estafas informáticas
2023,NA,5.6.-danos,0,DESCONOCIDA,5.6.-Daños
2022,NA,5.6.-danos,0,DESCONOCIDA,5.6.-Daños
2021,NA,5.6.-danos,0,DESCONOCIDA,5.6.-Daños
2020,NA,5.6.-danos,0,DESCONOCIDA,5.6.-Daños
2019,NA,5.6.-danos,0,DESCONOCIDA,5.6.-Daños
2018,NA,5.6.-danos,0,DESCONOCIDA,5.6.-Daños
2017,NA,5.6.-danos,0,DESCONOCIDA,5.6.-Daños
2016,NA,5.6.-danos,0,DESCONOCIDA,5.6.-Daños
2015,NA,5.6.-danos,0,DESCONOCIDA,5.6.-Daños
2014,NA,5.6.-danos,0,DESCONOCIDA,5.6.-Daños
2013,NA,5.6.-danos,0,DESCONOCIDA,5.6.-Daños
2012,NA,5.6.-danos,0,DESCONOCIDA,5.6.-Daños
2011,NA,5.6.-danos,1,DESCONOCIDA,5.6.-Daños
2010,NA,5.6.-danos,1,DESCONOCIDA,5.6.-Daños
2023,NA,5.7.-contra la propiedad intelectual/industrial,0,DESCONOCIDA,5.7.-Contra la propiedad intelectual/industrial
2022,NA,5.7.-contra la propiedad intelectual/industrial,0,DESCONOCIDA,5.7.-Contra la propiedad intelectual/industrial
2021,NA,5.7.-contra la propiedad intelectual/industrial,0,DESCONOCIDA,5.7.-Contra la propiedad intelectual/industrial
2020,NA,5.7.-contra la propiedad intelectual/industrial,0,DESCONOCIDA,5.7.-Contra la propiedad intelectual/industrial
2019,NA,5.7.-contra la propiedad intelectual/industrial,0,DESCONOCIDA,5.7.-Contra la propiedad intelectual/industrial
2018,NA,5.7.-contra la propiedad intelectual/industrial,0,DESCONOCIDA,5.7.-Contra la propiedad intelectual/industrial
2017,NA,5.7.-contra la propiedad intelectual/industrial,0,DESCONOCIDA,5.7.-Contra la propiedad intelectual/industrial
2016,NA,5.7.-contra la propiedad intelectual/industrial,0,DESCONOCIDA,5.7.-Contra la propiedad intelectual/industrial
2015,NA,5.7.-contra la propiedad intelectual/industrial,0,DESCONOCIDA,5.7.-Contra la propiedad intelectual/industrial
2014,NA,5.7.-contra la propiedad intelectual/industrial,0,DESCONOCIDA,5.7.-Contra la propiedad intelectual/industrial
2013,NA,5.7.-contra la propiedad intelectual/industrial,0,DESCONOCIDA,5.7.-Contra la propiedad intelectual/industrial
2012,NA,5.7.-contra la propiedad intelectual/industrial,0,DESCONOCIDA,5.7.-Contra la propiedad intelectual/industrial
2011,NA,5.7.-contra la propiedad intelectual/industrial,0,DESCONOCIDA,5.7.-Contra la propiedad intelectual/industrial
2010,NA,5.7.-contra la propiedad intelectual/industrial,0,DESCONOCIDA,5.7.-Contra la propiedad intelectual/industrial
2023,NA,5.8.-blanqueo de capitales,0,DESCONOCIDA,5.8.-Blanqueo de capitales
2022,NA,5.8.-blanqueo de capitales,0,DESCONOCIDA,5.8.-Blanqueo de capitales
2021,NA,5.8.-blanqueo de capitales,0,DESCONOCIDA,5.8.-Blanqueo de capitales
2020,NA,5.8.-blanqueo de capitales,0,DESCONOCIDA,5.8.-Blanqueo de capitales
2019,NA,5.8.-blanqueo de capitales,0,DESCONOCIDA,5.8.-Blanqueo de capitales
2018,NA,5.8.-blanqueo de capitales,0,DESCONOCIDA,5.8.-Blanqueo de capitales
2017,NA,5.8.-blanqueo de capitales,0,DESCONOCIDA,5.8.-Blanqueo de capitales
2016,NA,5.8.-blanqueo de capitales,0,DESCONOCIDA,5.8.-Blanqueo de capitales
2015,NA,5.8.-blanqueo de capitales,0,DESCONOCIDA,5.8.-Blanqueo de capitales
2014,NA,5.8.-blanqueo de capitales,0,DESCONOCIDA,5.8.-Blanqueo de capitales
2013,NA,5.8.-blanqueo de capitales,0,DESCONOCIDA,5.8.-Blanqueo de capitales
2012,NA,5.8.-blanqueo de capitales,0,DESCONOCIDA,5.8.-Blanqueo de capitales
2011,NA,5.8.-blanqueo de capitales,0,DESCONOCIDA,5.8.-Blanqueo de capitales
2010,NA,5.8.-blanqueo de capitales,0,DESCONOCIDA,5.8.-Blanqueo de capitales
2023,NA,5.9.-otros contra el patrimonio,0,DESCONOCIDA,5.9.-Otros contra el patrimonio
2022,NA,5.9.-otros contra el patrimonio,0,DESCONOCIDA,5.9.-Otros contra el patrimonio
2021,NA,5.9.-otros contra el patrimonio,0,DESCONOCIDA,5.9.-Otros contra el patrimonio
2020,NA,5.9.-otros contra el patrimonio,0,DESCONOCIDA,5.9.-Otros contra el patrimonio
2019,NA,5.9.-otros contra el patrimonio,0,DESCONOCIDA,5.9.-Otros contra el patrimonio
2018,NA,5.9.-otros contra el patrimonio,0,DESCONOCIDA,5.9.-Otros contra el patrimonio
2017,NA,5.9.-otros contra el patrimonio,0,DESCONOCIDA,5.9.-Otros contra el patrimonio
2016,NA,5.9.-otros contra el patrimonio,0,DESCONOCIDA,5.9.-Otros contra el patrimonio
2015,NA,5.9.-otros contra el patrimonio,0,DESCONOCIDA,5.9.-Otros contra el patrimonio
2014,NA,5.9.-otros contra el patrimonio,0,DESCONOCIDA,5.9.-Otros contra el patrimonio
2013,NA,5.9.-otros contra el patrimonio,0,DESCONOCIDA,5.9.-Otros contra el patrimonio
2012,NA,5.9.-otros contra el patrimonio,0,DESCONOCIDA,5.9.-Otros contra el patrimonio
2011,NA,5.9.-otros contra el patrimonio,5,DESCONOCIDA,5.9.-Otros contra el patrimonio
2010,NA,5.9.-otros contra el patrimonio,6,DESCONOCIDA,5.9.-Otros contra el patrimonio
2023,NA,6. seguridad colectiva,0,DESCONOCIDA,6. SEGURIDAD COLECTIVA
2022,NA,6. seguridad colectiva,0,DESCONOCIDA,6. SEGURIDAD COLECTIVA
2021,NA,6. seguridad colectiva,0,DESCONOCIDA,6. SEGURIDAD COLECTIVA
2020,NA,6. seguridad colectiva,0,DESCONOCIDA,6. SEGURIDAD COLECTIVA
2019,NA,6. seguridad colectiva,0,DESCONOCIDA,6. SEGURIDAD COLECTIVA
2018,NA,6. seguridad colectiva,0,DESCONOCIDA,6. SEGURIDAD COLECTIVA
2017,NA,6. seguridad colectiva,0,DESCONOCIDA,6. SEGURIDAD COLECTIVA
2016,NA,6. seguridad colectiva,0,DESCONOCIDA,6. SEGURIDAD COLECTIVA
2015,NA,6. seguridad colectiva,0,DESCONOCIDA,6. SEGURIDAD COLECTIVA
2014,NA,6. seguridad colectiva,0,DESCONOCIDA,6. SEGURIDAD COLECTIVA
2013,NA,6. seguridad colectiva,0,DESCONOCIDA,6. SEGURIDAD COLECTIVA
2012,NA,6. seguridad colectiva,0,DESCONOCIDA,6. SEGURIDAD COLECTIVA
2011,NA,6. seguridad colectiva,7,DESCONOCIDA,6. SEGURIDAD COLECTIVA
2010,NA,6. seguridad colectiva,1,DESCONOCIDA,6. SEGURIDAD COLECTIVA
2023,NA,6.1.-trafico de drogas,0,DESCONOCIDA,6.1.-Tráfico de drogas
2022,NA,6.1.-trafico de drogas,0,DESCONOCIDA,6.1.-Tráfico de drogas
2021,NA,6.1.-trafico de drogas,0,DESCONOCIDA,6.1.-Tráfico de drogas
2020,NA,6.1.-trafico de drogas,0,DESCONOCIDA,6.1.-Tráfico de drogas
2019,NA,6.1.-trafico de drogas,0,DESCONOCIDA,6.1.-Tráfico de drogas
2018,NA,6.1.-trafico de drogas,0,DESCONOCIDA,6.1.-Tráfico de drogas
2017,NA,6.1.-trafico de drogas,0,DESCONOCIDA,6.1.-Tráfico de drogas
2016,NA,6.1.-trafico de drogas,0,DESCONOCIDA,6.1.-Tráfico de drogas
2015,NA,6.1.-trafico de drogas,0,DESCONOCIDA,6.1.-Tráfico de drogas
2014,NA,6.1.-trafico de drogas,0,DESCONOCIDA,6.1.-Tráfico de drogas
2013,NA,6.1.-trafico de drogas,0,DESCONOCIDA,6.1.-Tráfico de drogas
2012,NA,6.1.-trafico de drogas,0,DESCONOCIDA,6.1.-Tráfico de drogas
2011,NA,6.1.-trafico de drogas,6,DESCONOCIDA,6.1.-Tráfico de drogas
2010,NA,6.1.-trafico de drogas,1,DESCONOCIDA,6.1.-Tráfico de drogas
2023,NA,6.2.-contra la seguridad vial,0,DESCONOCIDA,6.2.-Contra la seguridad vial
2022,NA,6.2.-contra la seguridad vial,0,DESCONOCIDA,6.2.-Contra la seguridad vial
2021,NA,6.2.-contra la seguridad vial,0,DESCONOCIDA,6.2.-Contra la seguridad vial
2020,NA,6.2.-contra la seguridad vial,0,DESCONOCIDA,6.2.-Contra la seguridad vial
2019,NA,6.2.-contra la seguridad vial,0,DESCONOCIDA,6.2.-Contra la seguridad vial
2018,NA,6.2.-contra la seguridad vial,0,DESCONOCIDA,6.2.-Contra la seguridad vial
2017,NA,6.2.-contra la seguridad vial,0,DESCONOCIDA,6.2.-Contra la seguridad vial
2016,NA,6.2.-contra la seguridad vial,0,DESCONOCIDA,6.2.-Contra la seguridad vial
2015,NA,6.2.-contra la seguridad vial,0,DESCONOCIDA,6.2.-Contra la seguridad vial
2014,NA,6.2.-contra la seguridad vial,0,DESCONOCIDA,6.2.-Contra la seguridad vial
2013,NA,6.2.-contra la seguridad vial,0,DESCONOCIDA,6.2.-Contra la seguridad vial
2012,NA,6.2.-contra la seguridad vial,0,DESCONOCIDA,6.2.-Contra la seguridad vial
2011,NA,6.2.-contra la seguridad vial,1,DESCONOCIDA,6.2.-Contra la seguridad vial
2010,NA,6.2.-contra la seguridad vial,0,DESCONOCIDA,6.2.-Contra la seguridad vial
2023,NA,6.3.-otros contra la seguridad colectiva,0,DESCONOCIDA,6.3.-Otros contra la seguridad colectiva
2022,NA,6.3.-otros contra la seguridad colectiva,0,DESCONOCIDA,6.3.-Otros contra la seguridad colectiva
2021,NA,6.3.-otros contra la seguridad colectiva,0,DESCONOCIDA,6.3.-Otros contra la seguridad colectiva
2020,NA,6.3.-otros contra la seguridad colectiva,0,DESCONOCIDA,6.3.-Otros contra la seguridad colectiva
2019,NA,6.3.-otros contra la seguridad colectiva,0,DESCONOCIDA,6.3.-Otros contra la seguridad colectiva
2018,NA,6.3.-otros contra la seguridad colectiva,0,DESCONOCIDA,6.3.-Otros contra la seguridad colectiva
2017,NA,6.3.-otros contra la seguridad colectiva,0,DESCONOCIDA,6.3.-Otros contra la seguridad colectiva
2016,NA,6.3.-otros contra la seguridad colectiva,0,DESCONOCIDA,6.3.-Otros contra la seguridad colectiva
2015,NA,6.3.-otros contra la seguridad colectiva,0,DESCONOCIDA,6.3.-Otros contra la seguridad colectiva
2014,NA,6.3.-otros contra la seguridad colectiva,0,DESCONOCIDA,6.3.-Otros contra la seguridad colectiva
2013,NA,6.3.-otros contra la seguridad colectiva,0,DESCONOCIDA,6.3.-Otros contra la seguridad colectiva
2012,NA,6.3.-otros contra la seguridad colectiva,0,DESCONOCIDA,6.3.-Otros contra la seguridad colectiva
2011,NA,6.3.-otros contra la seguridad colectiva,0,DESCONOCIDA,6.3.-Otros contra la seguridad colectiva
2010,NA,6.3.-otros contra la seguridad colectiva,0,DESCONOCIDA,6.3.-Otros contra la seguridad colectiva
2023,NA,7. falsedades,0,DESCONOCIDA,7. FALSEDADES
2022,NA,7. falsedades,0,DESCONOCIDA,7. FALSEDADES
2021,NA,7. falsedades,0,DESCONOCIDA,7. FALSEDADES
2020,NA,7. falsedades,0,DESCONOCIDA,7. FALSEDADES
2019,NA,7. falsedades,0,DESCONOCIDA,7. FALSEDADES
2018,NA,7. falsedades,0,DESCONOCIDA,7. FALSEDADES
2017,NA,7. falsedades,0,DESCONOCIDA,7. FALSEDADES
2016,NA,7. falsedades,0,DESCONOCIDA,7. FALSEDADES
2015,NA,7. falsedades,0,DESCONOCIDA,7. FALSEDADES
2014,NA,7. falsedades,0,DESCONOCIDA,7. FALSEDADES
2013,NA,7. falsedades,0,DESCONOCIDA,7. FALSEDADES
2012,NA,7. falsedades,0,DESCONOCIDA,7. FALSEDADES
2011,NA,7. falsedades,1,DESCONOCIDA,7. FALSEDADES
2010,NA,7. falsedades,3,DESCONOCIDA,7. FALSEDADES
2023,NA,8. admon. publica,0,DESCONOCIDA,8. ADMÓN. PÚBLICA
2022,NA,8. admon. publica,0,DESCONOCIDA,8. ADMÓN. PÚBLICA
2021,NA,8. admon. publica,0,DESCONOCIDA,8. ADMÓN. PÚBLICA
2020,NA,8. admon. publica,0,DESCONOCIDA,8. ADMÓN. PÚBLICA
2019,NA,8. admon. publica,0,DESCONOCIDA,8. ADMÓN. PÚBLICA
2018,NA,8. admon. publica,0,DESCONOCIDA,8. ADMÓN. PÚBLICA
2017,NA,8. admon. publica,0,DESCONOCIDA,8. ADMÓN. PÚBLICA
2016,NA,8. admon. publica,0,DESCONOCIDA,8. ADMÓN. PÚBLICA
2015,NA,8. admon. publica,0,DESCONOCIDA,8. ADMÓN. PÚBLICA
2014,NA,8. admon. publica,0,DESCONOCIDA,8. ADMÓN. PÚBLICA
2013,NA,8. admon. publica,0,DESCONOCIDA,8. ADMÓN. PÚBLICA
2012,NA,8. admon. publica,0,DESCONOCIDA,8. ADMÓN. PÚBLICA
2011,NA,8. admon. publica,2,DESCONOCIDA,8. ADMÓN. PÚBLICA
2010,NA,8. admon. publica,0,DESCONOCIDA,8. ADMÓN. PÚBLICA
2023,NA,9. admon. justicia,0,DESCONOCIDA,9. ADMÓN. JUSTICIA
2022,NA,9. admon. justicia,0,DESCONOCIDA,9. ADMÓN. JUSTICIA
2021,NA,9. admon. justicia,0,DESCONOCIDA,9. ADMÓN. JUSTICIA
2020,NA,9. admon. justicia,0,DESCONOCIDA,9. ADMÓN. JUSTICIA
2019,NA,9. admon. justicia,0,DESCONOCIDA,9. ADMÓN. JUSTICIA
2018,NA,9. admon. justicia,0,DESCONOCIDA,9. ADMÓN. JUSTICIA
2017,NA,9. admon. justicia,0,DESCONOCIDA,9. ADMÓN. JUSTICIA
2016,NA,9. admon. justicia,0,DESCONOCIDA,9. ADMÓN. JUSTICIA
2015,NA,9. admon. justicia,0,DESCONOCIDA,9. ADMÓN. JUSTICIA
2014,NA,9. admon. justicia,0,DESCONOCIDA,9. ADMÓN. JUSTICIA
2013,NA,9. admon. justicia,0,DESCONOCIDA,9. ADMÓN. JUSTICIA
2012,NA,9. admon. justicia,0,DESCONOCIDA,9. ADMÓN. JUSTICIA
2011,NA,9. admon. justicia,1,DESCONOCIDA,9. ADMÓN. JUSTICIA
2010,NA,9. admon. justicia,1,DESCONOCIDA,9. ADMÓN. JUSTICIA
2023,NA,10. orden publico,0,DESCONOCIDA,10. ORDEN PÚBLICO
2022,NA,10. orden publico,0,DESCONOCIDA,10. ORDEN PÚBLICO
2021,NA,10. orden publico,0,DESCONOCIDA,10. ORDEN PÚBLICO
2020,NA,10. orden publico,0,DESCONOCIDA,10. ORDEN PÚBLICO
2019,NA,10. orden publico,0,DESCONOCIDA,10. ORDEN PÚBLICO
2018,NA,10. orden publico,0,DESCONOCIDA,10. ORDEN PÚBLICO
2017,NA,10. orden publico,0,DESCONOCIDA,10. ORDEN PÚBLICO
2016,NA,10. orden publico,0,DESCONOCIDA,10. ORDEN PÚBLICO
2015,NA,10. orden publico,0,DESCONOCIDA,10. ORDEN PÚBLICO
2014,NA,10. orden publico,0,DESCONOCIDA,10. ORDEN PÚBLICO
2013,NA,10. orden publico,0,DESCONOCIDA,10. ORDEN PÚBLICO
2012,NA,10. orden publico,0,DESCONOCIDA,10. ORDEN PÚBLICO
2011,NA,10. orden publico,2,DESCONOCIDA,10. ORDEN PÚBLICO
2010,NA,10. orden publico,1,DESCONOCIDA,10. ORDEN PÚBLICO
2023,NA,11. legislacion especial,0,DESCONOCIDA,11. LEGISLACIÓN ESPECIAL
2022,NA,11. legislacion especial,0,DESCONOCIDA,11. LEGISLACIÓN ESPECIAL
2021,NA,11. legislacion especial,0,DESCONOCIDA,11. LEGISLACIÓN ESPECIAL
2020,NA,11. legislacion especial,0,DESCONOCIDA,11. LEGISLACIÓN ESPECIAL
2019,NA,11. legislacion especial,0,DESCONOCIDA,11. LEGISLACIÓN ESPECIAL
2018,NA,11. legislacion especial,0,DESCONOCIDA,11. LEGISLACIÓN ESPECIAL
2017,NA,11. legislacion especial,0,DESCONOCIDA,11. LEGISLACIÓN ESPECIAL
2016,NA,11. legislacion especial,0,DESCONOCIDA,11. LEGISLACIÓN ESPECIAL
2015,NA,11. legislacion especial,0,DESCONOCIDA,11. LEGISLACIÓN ESPECIAL
2014,NA,11. legislacion especial,0,DESCONOCIDA,11. LEGISLACIÓN ESPECIAL
2013,NA,11. legislacion especial,0,DESCONOCIDA,11. LEGISLACIÓN ESPECIAL
2012,NA,11. legislacion especial,0,DESCONOCIDA,11. LEGISLACIÓN ESPECIAL
2011,NA,11. legislacion especial,0,DESCONOCIDA,11. LEGISLACIÓN ESPECIAL
2010,NA,11. legislacion especial,0,DESCONOCIDA,11. LEGISLACIÓN ESPECIAL
2023,NA,12. otras infracciones penales,0,DESCONOCIDA,12. OTRAS INFRACCIONES PENALES
2022,NA,12. otras infracciones penales,0,DESCONOCIDA,12. OTRAS INFRACCIONES PENALES
2021,NA,12. otras infracciones penales,0,DESCONOCIDA,12. OTRAS INFRACCIONES PENALES
2020,NA,12. otras infracciones penales,0,DESCONOCIDA,12. OTRAS INFRACCIONES PENALES
2019,NA,12. otras infracciones penales,0,DESCONOCIDA,12. OTRAS INFRACCIONES PENALES
2018,NA,12. otras infracciones penales,0,DESCONOCIDA,12. OTRAS INFRACCIONES PENALES
2017,NA,12. otras infracciones penales,0,DESCONOCIDA,12. OTRAS INFRACCIONES PENALES
2016,NA,12. otras infracciones penales,0,DESCONOCIDA,12. OTRAS INFRACCIONES PENALES
2015,NA,12. otras infracciones penales,0,DESCONOCIDA,12. OTRAS INFRACCIONES PENALES
2014,NA,12. otras infracciones penales,0,DESCONOCIDA,12. OTRAS INFRACCIONES PENALES
2013,NA,12. otras infracciones penales,0,DESCONOCIDA,12. OTRAS INFRACCIONES PENALES
2012,NA,12. otras infracciones penales,0,DESCONOCIDA,12. OTRAS INFRACCIONES PENALES
2011,NA,12. otras infracciones penales,5,DESCONOCIDA,12. OTRAS INFRACCIONES PENALES
2010,NA,12. otras infracciones penales,1,DESCONOCIDA,12. OTRAS INFRACCIONES PENALES
2023,NA,total infracciones penales,0,DESCONOCIDA,TOTAL INFRACCIONES PENALES
2022,NA,total infracciones penales,0,DESCONOCIDA,TOTAL INFRACCIONES PENALES
2021,NA,total infracciones penales,0,DESCONOCIDA,TOTAL INFRACCIONES PENALES
2020,NA,total infracciones penales,0,DESCONOCIDA,TOTAL INFRACCIONES PENALES
2019,NA,total infracciones penales,0,DESCONOCIDA,TOTAL INFRACCIONES PENALES
2018,NA,total infracciones penales,0,DESCONOCIDA,TOTAL INFRACCIONES PENALES
2017,NA,total infracciones penales,0,DESCONOCIDA,TOTAL INFRACCIONES PENALES
2016,NA,total infracciones penales,0,DESCONOCIDA,TOTAL INFRACCIONES PENALES
2015,NA,total infracciones penales,0,DESCONOCIDA,TOTAL INFRACCIONES PENALES
2014,NA,total infracciones penales,0,DESCONOCIDA,TOTAL INFRACCIONES PENALES
2013,NA,total infracciones penales,1,DESCONOCIDA,TOTAL INFRACCIONES PENALES
2012,NA,total infracciones penales,0,DESCONOCIDA,TOTAL INFRACCIONES PENALES
2011,NA,total infracciones penales,46,DESCONOCIDA,TOTAL INFRACCIONES PENALES
2010,NA,total infracciones penales,79,DESCONOCIDA,TOTAL INFRACCIONES PENALES
